ISO-10303-21;
HEADER;
FILE_DESCRIPTION(('FreeCAD Model'),'2;1');
FILE_NAME('Open CASCADE Shape Model','2024-04-27T10:34:33',('Author'),(
    ''),'Open CASCADE STEP processor 7.7','FreeCAD','Unknown');
FILE_SCHEMA(('AUTOMOTIVE_DESIGN { 1 0 10303 214 1 1 1 1 }'));
ENDSEC;
DATA;
#1 = APPLICATION_PROTOCOL_DEFINITION('international standard',
  'automotive_design',2000,#2);
#2 = APPLICATION_CONTEXT(
  'core data for automotive mechanical design processes');
#3 = SHAPE_DEFINITION_REPRESENTATION(#4,#10);
#4 = PRODUCT_DEFINITION_SHAPE('','',#5);
#5 = PRODUCT_DEFINITION('design','',#6,#9);
#6 = PRODUCT_DEFINITION_FORMATION('','',#7);
#7 = PRODUCT('_6_well_plate_reservoirs_final_cnc_v003',
  '_6_well_plate_reservoirs_final_cnc_v003','',(#8));
#8 = PRODUCT_CONTEXT('',#2,'mechanical');
#9 = PRODUCT_DEFINITION_CONTEXT('part definition',#2,'design');
#10 = SHAPE_REPRESENTATION('',(#11,#15,#49,#83,#117,#151,#185,#219,#253,
    #287,#321,#355,#389,#423,#457,#491,#525,#559,#593,#627,#661,#695,
    #729,#763,#797,#831,#865,#899,#933,#967,#1001,#1035,#1069,#1103,
    #1137,#1171,#1205,#1239,#1273,#1307,#1341,#1375,#1409,#1443,#1477,
    #1511,#1545,#1579,#1613,#1647,#1681,#1715,#1749,#1783,#1817,#1851,
    #1885,#1919,#1953,#1987,#2021,#2055,#2089,#2123,#2157,#2191,#2225,
    #2259,#2293,#2327,#2361,#2395,#2429,#2463,#2497,#2531,#2565,#2599,
    #2633,#2667,#2701,#2735,#2769,#2803,#2837,#2871,#2905,#2939,#2973,
    #3007,#3041,#3075,#3109,#3143,#3177,#3211,#3245,#3279,#3313,#3347,
    #3381,#3415,#3449,#3483,#3517,#3551,#3585,#3619,#3653,#3687,#3721,
    #3755,#3789,#3823,#3857,#3891,#3925,#3959,#3993,#4027,#4061,#4095,
    #4129,#4163,#4197,#4231,#4265,#4299,#4333,#4367,#4401,#4435,#4469,
    #4503,#4537,#4571,#4605,#4639,#4673,#4707,#4741,#4775,#4809,#4843,
    #4877,#4911,#4945,#4979,#5013,#5047,#5081,#5115,#5149,#5183,#5217,
    #5251,#5285,#5319,#5353,#5387,#5421,#5455,#5489,#5523,#5557,#5591,
    #5625,#5659,#5693,#5727,#5761,#5795,#5829,#5863,#5897,#5931,#5965,
    #5999,#6033,#6067,#6101,#6135,#6169,#6203,#6237,#6271,#6305,#6339,
    #6373,#6407,#6441,#6475,#6509,#6543,#6577,#6611,#6645,#6679,#6713,
    #6747,#6781,#6815,#6849,#6883,#6917),#6951);
#11 = AXIS2_PLACEMENT_3D('',#12,#13,#14);
#12 = CARTESIAN_POINT('',(0.,0.,0.));
#13 = DIRECTION('',(0.,0.,1.));
#14 = DIRECTION('',(1.,0.,-0.));
#15 = SHELL_BASED_SURFACE_MODEL('',(#16));
#16 = OPEN_SHELL('',(#17));
#17 = ADVANCED_FACE('',(#18),#44,.T.);
#18 = FACE_BOUND('',#19,.T.);
#19 = EDGE_LOOP('',(#20,#30,#38));
#20 = ORIENTED_EDGE('',*,*,#21,.T.);
#21 = EDGE_CURVE('',#22,#24,#26,.T.);
#22 = VERTEX_POINT('',#23);
#23 = CARTESIAN_POINT('',(63.75,42.674999237061,8.5));
#24 = VERTEX_POINT('',#25);
#25 = CARTESIAN_POINT('',(63.75,-42.67499923706,8.5));
#26 = LINE('',#27,#28);
#27 = CARTESIAN_POINT('',(63.75,42.674999237061,8.5));
#28 = VECTOR('',#29,1.);
#29 = DIRECTION('',(0.,-1.,0.));
#30 = ORIENTED_EDGE('',*,*,#31,.T.);
#31 = EDGE_CURVE('',#24,#32,#34,.T.);
#32 = VERTEX_POINT('',#33);
#33 = CARTESIAN_POINT('',(63.75,42.674999237061,2.));
#34 = LINE('',#35,#36);
#35 = CARTESIAN_POINT('',(63.75,-42.67499923706,8.5));
#36 = VECTOR('',#37,1.);
#37 = DIRECTION('',(0.,0.997112609383,-7.59371069345E-02));
#38 = ORIENTED_EDGE('',*,*,#39,.T.);
#39 = EDGE_CURVE('',#32,#22,#40,.T.);
#40 = LINE('',#41,#42);
#41 = CARTESIAN_POINT('',(63.75,42.674999237061,2.));
#42 = VECTOR('',#43,1.);
#43 = DIRECTION('',(0.,0.,1.));
#44 = PLANE('',#45);
#45 = AXIS2_PLACEMENT_3D('',#46,#47,#48);
#46 = CARTESIAN_POINT('',(63.75,1.563211897422,6.813211897422));
#47 = DIRECTION('',(1.,0.,0.));
#48 = DIRECTION('',(-0.,0.,1.));
#49 = SHELL_BASED_SURFACE_MODEL('',(#50));
#50 = OPEN_SHELL('',(#51));
#51 = ADVANCED_FACE('',(#52),#78,.T.);
#52 = FACE_BOUND('',#53,.T.);
#53 = EDGE_LOOP('',(#54,#64,#72));
#54 = ORIENTED_EDGE('',*,*,#55,.T.);
#55 = EDGE_CURVE('',#56,#58,#60,.T.);
#56 = VERTEX_POINT('',#57);
#57 = CARTESIAN_POINT('',(63.75,-42.67499923706,2.));
#58 = VERTEX_POINT('',#59);
#59 = CARTESIAN_POINT('',(63.75,42.674999237061,2.));
#60 = LINE('',#61,#62);
#61 = CARTESIAN_POINT('',(63.75,-42.67499923706,2.));
#62 = VECTOR('',#63,1.);
#63 = DIRECTION('',(0.,1.,0.));
#64 = ORIENTED_EDGE('',*,*,#65,.F.);
#65 = EDGE_CURVE('',#66,#58,#68,.T.);
#66 = VERTEX_POINT('',#67);
#67 = CARTESIAN_POINT('',(63.75,-42.67499923706,8.5));
#68 = LINE('',#69,#70);
#69 = CARTESIAN_POINT('',(63.75,-42.67499923706,8.5));
#70 = VECTOR('',#71,1.);
#71 = DIRECTION('',(0.,0.997112609383,-7.59371069345E-02));
#72 = ORIENTED_EDGE('',*,*,#73,.T.);
#73 = EDGE_CURVE('',#66,#56,#74,.T.);
#74 = LINE('',#75,#76);
#75 = CARTESIAN_POINT('',(63.75,-42.67499923706,8.5));
#76 = VECTOR('',#77,1.);
#77 = DIRECTION('',(0.,0.,-1.));
#78 = PLANE('',#79);
#79 = AXIS2_PLACEMENT_3D('',#80,#81,#82);
#80 = CARTESIAN_POINT('',(63.75,-1.563211897422,3.686788102578));
#81 = DIRECTION('',(1.,0.,0.));
#82 = DIRECTION('',(-0.,0.,1.));
#83 = SHELL_BASED_SURFACE_MODEL('',(#84));
#84 = OPEN_SHELL('',(#85));
#85 = ADVANCED_FACE('',(#86),#112,.T.);
#86 = FACE_BOUND('',#87,.T.);
#87 = EDGE_LOOP('',(#88,#98,#106));
#88 = ORIENTED_EDGE('',*,*,#89,.F.);
#89 = EDGE_CURVE('',#90,#92,#94,.T.);
#90 = VERTEX_POINT('',#91);
#91 = CARTESIAN_POINT('',(63.75,42.674999237061,8.5));
#92 = VERTEX_POINT('',#93);
#93 = CARTESIAN_POINT('',(63.75,-42.67499923706,8.5));
#94 = LINE('',#95,#96);
#95 = CARTESIAN_POINT('',(63.75,42.674999237061,8.5));
#96 = VECTOR('',#97,1.);
#97 = DIRECTION('',(0.,-1.,0.));
#98 = ORIENTED_EDGE('',*,*,#99,.T.);
#99 = EDGE_CURVE('',#90,#100,#102,.T.);
#100 = VERTEX_POINT('',#101);
#101 = CARTESIAN_POINT('',(62.075000762939,41.,8.5));
#102 = LINE('',#103,#104);
#103 = CARTESIAN_POINT('',(63.75,42.674999237061,8.5));
#104 = VECTOR('',#105,1.);
#105 = DIRECTION('',(-0.707106781187,-0.707106781187,0.));
#106 = ORIENTED_EDGE('',*,*,#107,.T.);
#107 = EDGE_CURVE('',#100,#92,#108,.T.);
#108 = LINE('',#109,#110);
#109 = CARTESIAN_POINT('',(62.075000762939,41.,8.5));
#110 = VECTOR('',#111,1.);
#111 = DIRECTION('',(2.001390801078E-02,-0.999799701683,0.));
#112 = PLANE('',#113);
#113 = AXIS2_PLACEMENT_3D('',#114,#115,#116);
#114 = CARTESIAN_POINT('',(63.329514292199,0.16926102045,8.5));
#115 = DIRECTION('',(0.,0.,1.));
#116 = DIRECTION('',(1.,0.,-0.));
#117 = SHELL_BASED_SURFACE_MODEL('',(#118));
#118 = OPEN_SHELL('',(#119));
#119 = ADVANCED_FACE('',(#120),#146,.T.);
#120 = FACE_BOUND('',#121,.T.);
#121 = EDGE_LOOP('',(#122,#132,#140));
#122 = ORIENTED_EDGE('',*,*,#123,.F.);
#123 = EDGE_CURVE('',#124,#126,#128,.T.);
#124 = VERTEX_POINT('',#125);
#125 = CARTESIAN_POINT('',(63.75,42.674999237061,8.5));
#126 = VERTEX_POINT('',#127);
#127 = CARTESIAN_POINT('',(62.075000762939,41.,8.5));
#128 = LINE('',#129,#130);
#129 = CARTESIAN_POINT('',(63.75,42.674999237061,8.5));
#130 = VECTOR('',#131,1.);
#131 = DIRECTION('',(-0.707106781187,-0.707106781187,0.));
#132 = ORIENTED_EDGE('',*,*,#133,.T.);
#133 = EDGE_CURVE('',#124,#134,#136,.T.);
#134 = VERTEX_POINT('',#135);
#135 = CARTESIAN_POINT('',(-54.57500076293,41.,8.5));
#136 = LINE('',#137,#138);
#137 = CARTESIAN_POINT('',(63.75,42.674999237061,8.5));
#138 = VECTOR('',#139,1.);
#139 = DIRECTION('',(-0.999899820021,-1.415450179484E-02,0.));
#140 = ORIENTED_EDGE('',*,*,#141,.T.);
#141 = EDGE_CURVE('',#134,#126,#142,.T.);
#142 = LINE('',#143,#144);
#143 = CARTESIAN_POINT('',(-54.57500076293,41.,8.5));
#144 = VECTOR('',#145,1.);
#145 = DIRECTION('',(1.,0.,0.));
#146 = PLANE('',#147);
#147 = AXIS2_PLACEMENT_3D('',#148,#149,#150);
#148 = CARTESIAN_POINT('',(4.757987722852,41.425904924854,8.5));
#149 = DIRECTION('',(0.,0.,1.));
#150 = DIRECTION('',(1.,0.,-0.));
#151 = SHELL_BASED_SURFACE_MODEL('',(#152));
#152 = OPEN_SHELL('',(#153));
#153 = ADVANCED_FACE('',(#154),#180,.T.);
#154 = FACE_BOUND('',#155,.T.);
#155 = EDGE_LOOP('',(#156,#166,#174));
#156 = ORIENTED_EDGE('',*,*,#157,.T.);
#157 = EDGE_CURVE('',#158,#160,#162,.T.);
#158 = VERTEX_POINT('',#159);
#159 = CARTESIAN_POINT('',(63.75,42.674999237061,8.5));
#160 = VERTEX_POINT('',#161);
#161 = CARTESIAN_POINT('',(-63.75,42.674999237061,8.5));
#162 = LINE('',#163,#164);
#163 = CARTESIAN_POINT('',(63.75,42.674999237061,8.5));
#164 = VECTOR('',#165,1.);
#165 = DIRECTION('',(-1.,0.,0.));
#166 = ORIENTED_EDGE('',*,*,#167,.T.);
#167 = EDGE_CURVE('',#160,#168,#170,.T.);
#168 = VERTEX_POINT('',#169);
#169 = CARTESIAN_POINT('',(-54.57500076293,41.,8.5));
#170 = LINE('',#171,#172);
#171 = CARTESIAN_POINT('',(-63.75,42.674999237061,8.5));
#172 = VECTOR('',#173,1.);
#173 = DIRECTION('',(0.983741003752,-0.179592977414,0.));
#174 = ORIENTED_EDGE('',*,*,#175,.F.);
#175 = EDGE_CURVE('',#158,#168,#176,.T.);
#176 = LINE('',#177,#178);
#177 = CARTESIAN_POINT('',(63.75,42.674999237061,8.5));
#178 = VECTOR('',#179,1.);
#179 = DIRECTION('',(-0.999899820021,-1.415450179484E-02,0.));
#180 = PLANE('',#181);
#181 = AXIS2_PLACEMENT_3D('',#182,#183,#184);
#182 = CARTESIAN_POINT('',(-3.494670957804E-02,42.25598111255,8.5));
#183 = DIRECTION('',(0.,0.,1.));
#184 = DIRECTION('',(1.,0.,-0.));
#185 = SHELL_BASED_SURFACE_MODEL('',(#186));
#186 = OPEN_SHELL('',(#187));
#187 = ADVANCED_FACE('',(#188),#214,.T.);
#188 = FACE_BOUND('',#189,.T.);
#189 = EDGE_LOOP('',(#190,#200,#208));
#190 = ORIENTED_EDGE('',*,*,#191,.T.);
#191 = EDGE_CURVE('',#192,#194,#196,.T.);
#192 = VERTEX_POINT('',#193);
#193 = CARTESIAN_POINT('',(-62.07500076293,41.,8.5));
#194 = VERTEX_POINT('',#195);
#195 = CARTESIAN_POINT('',(-63.75,42.674999237061,8.5));
#196 = LINE('',#197,#198);
#197 = CARTESIAN_POINT('',(-62.07500076293,41.,8.5));
#198 = VECTOR('',#199,1.);
#199 = DIRECTION('',(-0.707106781187,0.707106781187,0.));
#200 = ORIENTED_EDGE('',*,*,#201,.T.);
#201 = EDGE_CURVE('',#194,#202,#204,.T.);
#202 = VERTEX_POINT('',#203);
#203 = CARTESIAN_POINT('',(-62.07500076293,33.5,8.5));
#204 = LINE('',#205,#206);
#205 = CARTESIAN_POINT('',(-63.75,42.674999237061,8.5));
#206 = VECTOR('',#207,1.);
#207 = DIRECTION('',(0.179592977414,-0.983741003752,0.));
#208 = ORIENTED_EDGE('',*,*,#209,.T.);
#209 = EDGE_CURVE('',#202,#192,#210,.T.);
#210 = LINE('',#211,#212);
#211 = CARTESIAN_POINT('',(-62.07500076293,33.5,8.5));
#212 = VECTOR('',#213,1.);
#213 = DIRECTION('',(0.,1.,0.));
#214 = PLANE('',#215);
#215 = AXIS2_PLACEMENT_3D('',#216,#217,#218);
#216 = CARTESIAN_POINT('',(-62.58527450801,38.223041013274,8.5));
#217 = DIRECTION('',(0.,0.,1.));
#218 = DIRECTION('',(1.,0.,-0.));
#219 = SHELL_BASED_SURFACE_MODEL('',(#220));
#220 = OPEN_SHELL('',(#221));
#221 = ADVANCED_FACE('',(#222),#248,.T.);
#222 = FACE_BOUND('',#223,.T.);
#223 = EDGE_LOOP('',(#224,#234,#242));
#224 = ORIENTED_EDGE('',*,*,#225,.T.);
#225 = EDGE_CURVE('',#226,#228,#230,.T.);
#226 = VERTEX_POINT('',#227);
#227 = CARTESIAN_POINT('',(-62.07500076293,-33.5,8.5));
#228 = VERTEX_POINT('',#229);
#229 = CARTESIAN_POINT('',(-62.07500076293,33.5,8.5));
#230 = LINE('',#231,#232);
#231 = CARTESIAN_POINT('',(-62.07500076293,-33.5,8.5));
#232 = VECTOR('',#233,1.);
#233 = DIRECTION('',(0.,1.,0.));
#234 = ORIENTED_EDGE('',*,*,#235,.F.);
#235 = EDGE_CURVE('',#236,#228,#238,.T.);
#236 = VERTEX_POINT('',#237);
#237 = CARTESIAN_POINT('',(-63.75,42.674999237061,8.5));
#238 = LINE('',#239,#240);
#239 = CARTESIAN_POINT('',(-63.75,42.674999237061,8.5));
#240 = VECTOR('',#241,1.);
#241 = DIRECTION('',(0.179592977414,-0.983741003752,0.));
#242 = ORIENTED_EDGE('',*,*,#243,.T.);
#243 = EDGE_CURVE('',#236,#226,#244,.T.);
#244 = LINE('',#245,#246);
#245 = CARTESIAN_POINT('',(-63.75,42.674999237061,8.5));
#246 = VECTOR('',#247,1.);
#247 = DIRECTION('',(2.198351771906E-02,-0.999758333273,0.));
#248 = PLANE('',#249);
#249 = AXIS2_PLACEMENT_3D('',#250,#251,#252);
#250 = CARTESIAN_POINT('',(-62.54459810844,4.620806720861,8.5));
#251 = DIRECTION('',(0.,0.,1.));
#252 = DIRECTION('',(1.,0.,-0.));
#253 = SHELL_BASED_SURFACE_MODEL('',(#254));
#254 = OPEN_SHELL('',(#255));
#255 = ADVANCED_FACE('',(#256),#282,.T.);
#256 = FACE_BOUND('',#257,.T.);
#257 = EDGE_LOOP('',(#258,#268,#276));
#258 = ORIENTED_EDGE('',*,*,#259,.T.);
#259 = EDGE_CURVE('',#260,#262,#264,.T.);
#260 = VERTEX_POINT('',#261);
#261 = CARTESIAN_POINT('',(-63.75,42.674999237061,8.5));
#262 = VERTEX_POINT('',#263);
#263 = CARTESIAN_POINT('',(-63.75,-42.67499923706,8.5));
#264 = LINE('',#265,#266);
#265 = CARTESIAN_POINT('',(-63.75,42.674999237061,8.5));
#266 = VECTOR('',#267,1.);
#267 = DIRECTION('',(0.,-1.,0.));
#268 = ORIENTED_EDGE('',*,*,#269,.T.);
#269 = EDGE_CURVE('',#262,#270,#272,.T.);
#270 = VERTEX_POINT('',#271);
#271 = CARTESIAN_POINT('',(-62.07500076293,-33.5,8.5));
#272 = LINE('',#273,#274);
#273 = CARTESIAN_POINT('',(-63.75,-42.67499923706,8.5));
#274 = VECTOR('',#275,1.);
#275 = DIRECTION('',(0.179592977414,0.983741003752,0.));
#276 = ORIENTED_EDGE('',*,*,#277,.F.);
#277 = EDGE_CURVE('',#260,#270,#278,.T.);
#278 = LINE('',#279,#280);
#279 = CARTESIAN_POINT('',(-63.75,42.674999237061,8.5));
#280 = VECTOR('',#281,1.);
#281 = DIRECTION('',(2.198351771906E-02,-0.999758333273,0.));
#282 = PLANE('',#283);
#283 = AXIS2_PLACEMENT_3D('',#284,#285,#286);
#284 = CARTESIAN_POINT('',(-63.33083343779,-3.330710233089E-02,8.5));
#285 = DIRECTION('',(0.,0.,1.));
#286 = DIRECTION('',(1.,0.,-0.));
#287 = SHELL_BASED_SURFACE_MODEL('',(#288));
#288 = OPEN_SHELL('',(#289));
#289 = ADVANCED_FACE('',(#290),#316,.T.);
#290 = FACE_BOUND('',#291,.T.);
#291 = EDGE_LOOP('',(#292,#302,#310));
#292 = ORIENTED_EDGE('',*,*,#293,.T.);
#293 = EDGE_CURVE('',#294,#296,#298,.T.);
#294 = VERTEX_POINT('',#295);
#295 = CARTESIAN_POINT('',(-62.07500076293,41.,8.5));
#296 = VERTEX_POINT('',#297);
#297 = CARTESIAN_POINT('',(-54.57500076293,41.,8.5));
#298 = LINE('',#299,#300);
#299 = CARTESIAN_POINT('',(-62.07500076293,41.,8.5));
#300 = VECTOR('',#301,1.);
#301 = DIRECTION('',(1.,0.,0.));
#302 = ORIENTED_EDGE('',*,*,#303,.F.);
#303 = EDGE_CURVE('',#304,#296,#306,.T.);
#304 = VERTEX_POINT('',#305);
#305 = CARTESIAN_POINT('',(-63.75,42.674999237061,8.5));
#306 = LINE('',#307,#308);
#307 = CARTESIAN_POINT('',(-63.75,42.674999237061,8.5));
#308 = VECTOR('',#309,1.);
#309 = DIRECTION('',(0.983741003752,-0.179592977414,0.));
#310 = ORIENTED_EDGE('',*,*,#311,.F.);
#311 = EDGE_CURVE('',#294,#304,#312,.T.);
#312 = LINE('',#313,#314);
#313 = CARTESIAN_POINT('',(-62.07500076293,41.,8.5));
#314 = VECTOR('',#315,1.);
#315 = DIRECTION('',(-0.707106781187,0.707106781187,0.));
#316 = PLANE('',#317);
#317 = AXIS2_PLACEMENT_3D('',#318,#319,#320);
#318 = CARTESIAN_POINT('',(-59.29804177621,41.510273745078,8.5));
#319 = DIRECTION('',(0.,0.,1.));
#320 = DIRECTION('',(1.,0.,-0.));
#321 = SHELL_BASED_SURFACE_MODEL('',(#322));
#322 = OPEN_SHELL('',(#323));
#323 = ADVANCED_FACE('',(#324),#350,.T.);
#324 = FACE_BOUND('',#325,.T.);
#325 = EDGE_LOOP('',(#326,#336,#344));
#326 = ORIENTED_EDGE('',*,*,#327,.T.);
#327 = EDGE_CURVE('',#328,#330,#332,.T.);
#328 = VERTEX_POINT('',#329);
#329 = CARTESIAN_POINT('',(62.075000762939,41.,8.5));
#330 = VERTEX_POINT('',#331);
#331 = CARTESIAN_POINT('',(62.075000762939,-41.,8.5));
#332 = LINE('',#333,#334);
#333 = CARTESIAN_POINT('',(62.075000762939,41.,8.5));
#334 = VECTOR('',#335,1.);
#335 = DIRECTION('',(0.,-1.,0.));
#336 = ORIENTED_EDGE('',*,*,#337,.T.);
#337 = EDGE_CURVE('',#330,#338,#340,.T.);
#338 = VERTEX_POINT('',#339);
#339 = CARTESIAN_POINT('',(63.75,-42.67499923706,8.5));
#340 = LINE('',#341,#342);
#341 = CARTESIAN_POINT('',(62.075000762939,-41.,8.5));
#342 = VECTOR('',#343,1.);
#343 = DIRECTION('',(0.707106781187,-0.707106781187,0.));
#344 = ORIENTED_EDGE('',*,*,#345,.F.);
#345 = EDGE_CURVE('',#328,#338,#346,.T.);
#346 = LINE('',#347,#348);
#347 = CARTESIAN_POINT('',(62.075000762939,41.,8.5));
#348 = VECTOR('',#349,1.);
#349 = DIRECTION('',(2.001390801078E-02,-0.999799701683,0.));
#350 = PLANE('',#351);
#351 = AXIS2_PLACEMENT_3D('',#352,#353,#354);
#352 = CARTESIAN_POINT('',(62.503868130319,-1.00676063898,8.5));
#353 = DIRECTION('',(0.,0.,1.));
#354 = DIRECTION('',(1.,0.,-0.));
#355 = SHELL_BASED_SURFACE_MODEL('',(#356));
#356 = OPEN_SHELL('',(#357));
#357 = ADVANCED_FACE('',(#358),#384,.T.);
#358 = FACE_BOUND('',#359,.T.);
#359 = EDGE_LOOP('',(#360,#370,#378));
#360 = ORIENTED_EDGE('',*,*,#361,.T.);
#361 = EDGE_CURVE('',#362,#364,#366,.T.);
#362 = VERTEX_POINT('',#363);
#363 = CARTESIAN_POINT('',(62.075000762939,-41.,8.5));
#364 = VERTEX_POINT('',#365);
#365 = CARTESIAN_POINT('',(-54.57500076293,-41.,8.5));
#366 = LINE('',#367,#368);
#367 = CARTESIAN_POINT('',(62.075000762939,-41.,8.5));
#368 = VECTOR('',#369,1.);
#369 = DIRECTION('',(-1.,0.,0.));
#370 = ORIENTED_EDGE('',*,*,#371,.T.);
#371 = EDGE_CURVE('',#364,#372,#374,.T.);
#372 = VERTEX_POINT('',#373);
#373 = CARTESIAN_POINT('',(63.75,-42.67499923706,8.5));
#374 = LINE('',#375,#376);
#375 = CARTESIAN_POINT('',(-54.57500076293,-41.,8.5));
#376 = VECTOR('',#377,1.);
#377 = DIRECTION('',(0.999899820021,-1.415450179484E-02,0.));
#378 = ORIENTED_EDGE('',*,*,#379,.F.);
#379 = EDGE_CURVE('',#362,#372,#380,.T.);
#380 = LINE('',#381,#382);
#381 = CARTESIAN_POINT('',(62.075000762939,-41.,8.5));
#382 = VECTOR('',#383,1.);
#383 = DIRECTION('',(0.707106781187,-0.707106781187,0.));
#384 = PLANE('',#385);
#385 = AXIS2_PLACEMENT_3D('',#386,#387,#388);
#386 = CARTESIAN_POINT('',(4.757987722852,-41.42590492485,8.5));
#387 = DIRECTION('',(0.,0.,1.));
#388 = DIRECTION('',(1.,0.,-0.));
#389 = SHELL_BASED_SURFACE_MODEL('',(#390));
#390 = OPEN_SHELL('',(#391));
#391 = ADVANCED_FACE('',(#392),#418,.T.);
#392 = FACE_BOUND('',#393,.T.);
#393 = EDGE_LOOP('',(#394,#404,#412));
#394 = ORIENTED_EDGE('',*,*,#395,.T.);
#395 = EDGE_CURVE('',#396,#398,#400,.T.);
#396 = VERTEX_POINT('',#397);
#397 = CARTESIAN_POINT('',(-62.07500076293,-41.,8.5));
#398 = VERTEX_POINT('',#399);
#399 = CARTESIAN_POINT('',(-63.75,-42.67499923706,8.5));
#400 = LINE('',#401,#402);
#401 = CARTESIAN_POINT('',(-62.07500076293,-41.,8.5));
#402 = VECTOR('',#403,1.);
#403 = DIRECTION('',(-0.707106781187,-0.707106781187,0.));
#404 = ORIENTED_EDGE('',*,*,#405,.T.);
#405 = EDGE_CURVE('',#398,#406,#408,.T.);
#406 = VERTEX_POINT('',#407);
#407 = CARTESIAN_POINT('',(-54.57500076293,-41.,8.5));
#408 = LINE('',#409,#410);
#409 = CARTESIAN_POINT('',(-63.75,-42.67499923706,8.5));
#410 = VECTOR('',#411,1.);
#411 = DIRECTION('',(0.983741003752,0.179592977414,0.));
#412 = ORIENTED_EDGE('',*,*,#413,.T.);
#413 = EDGE_CURVE('',#406,#396,#414,.T.);
#414 = LINE('',#415,#416);
#415 = CARTESIAN_POINT('',(-54.57500076293,-41.,8.5));
#416 = VECTOR('',#417,1.);
#417 = DIRECTION('',(-1.,0.,0.));
#418 = PLANE('',#419);
#419 = AXIS2_PLACEMENT_3D('',#420,#421,#422);
#420 = CARTESIAN_POINT('',(-59.29804177621,-41.51027374507,8.5));
#421 = DIRECTION('',(0.,0.,1.));
#422 = DIRECTION('',(1.,0.,-0.));
#423 = SHELL_BASED_SURFACE_MODEL('',(#424));
#424 = OPEN_SHELL('',(#425));
#425 = ADVANCED_FACE('',(#426),#452,.T.);
#426 = FACE_BOUND('',#427,.T.);
#427 = EDGE_LOOP('',(#428,#438,#446));
#428 = ORIENTED_EDGE('',*,*,#429,.F.);
#429 = EDGE_CURVE('',#430,#432,#434,.T.);
#430 = VERTEX_POINT('',#431);
#431 = CARTESIAN_POINT('',(-54.57500076293,-41.,8.5));
#432 = VERTEX_POINT('',#433);
#433 = CARTESIAN_POINT('',(63.75,-42.67499923706,8.5));
#434 = LINE('',#435,#436);
#435 = CARTESIAN_POINT('',(-54.57500076293,-41.,8.5));
#436 = VECTOR('',#437,1.);
#437 = DIRECTION('',(0.999899820021,-1.415450179484E-02,0.));
#438 = ORIENTED_EDGE('',*,*,#439,.F.);
#439 = EDGE_CURVE('',#440,#430,#442,.T.);
#440 = VERTEX_POINT('',#441);
#441 = CARTESIAN_POINT('',(-63.75,-42.67499923706,8.5));
#442 = LINE('',#443,#444);
#443 = CARTESIAN_POINT('',(-63.75,-42.67499923706,8.5));
#444 = VECTOR('',#445,1.);
#445 = DIRECTION('',(0.983741003752,0.179592977414,0.));
#446 = ORIENTED_EDGE('',*,*,#447,.T.);
#447 = EDGE_CURVE('',#440,#432,#448,.T.);
#448 = LINE('',#449,#450);
#449 = CARTESIAN_POINT('',(-63.75,-42.67499923706,8.5));
#450 = VECTOR('',#451,1.);
#451 = DIRECTION('',(1.,0.,0.));
#452 = PLANE('',#453);
#453 = AXIS2_PLACEMENT_3D('',#454,#455,#456);
#454 = CARTESIAN_POINT('',(-3.494670957804E-02,-42.25598111255,8.5));
#455 = DIRECTION('',(0.,0.,1.));
#456 = DIRECTION('',(1.,0.,-0.));
#457 = SHELL_BASED_SURFACE_MODEL('',(#458));
#458 = OPEN_SHELL('',(#459));
#459 = ADVANCED_FACE('',(#460),#486,.T.);
#460 = FACE_BOUND('',#461,.T.);
#461 = EDGE_LOOP('',(#462,#472,#480));
#462 = ORIENTED_EDGE('',*,*,#463,.T.);
#463 = EDGE_CURVE('',#464,#466,#468,.T.);
#464 = VERTEX_POINT('',#465);
#465 = CARTESIAN_POINT('',(-62.07500076293,-41.,8.5));
#466 = VERTEX_POINT('',#467);
#467 = CARTESIAN_POINT('',(-62.07500076293,-33.5,8.5));
#468 = LINE('',#469,#470);
#469 = CARTESIAN_POINT('',(-62.07500076293,-41.,8.5));
#470 = VECTOR('',#471,1.);
#471 = DIRECTION('',(0.,1.,0.));
#472 = ORIENTED_EDGE('',*,*,#473,.F.);
#473 = EDGE_CURVE('',#474,#466,#476,.T.);
#474 = VERTEX_POINT('',#475);
#475 = CARTESIAN_POINT('',(-63.75,-42.67499923706,8.5));
#476 = LINE('',#477,#478);
#477 = CARTESIAN_POINT('',(-63.75,-42.67499923706,8.5));
#478 = VECTOR('',#479,1.);
#479 = DIRECTION('',(0.179592977414,0.983741003752,0.));
#480 = ORIENTED_EDGE('',*,*,#481,.F.);
#481 = EDGE_CURVE('',#464,#474,#482,.T.);
#482 = LINE('',#483,#484);
#483 = CARTESIAN_POINT('',(-62.07500076293,-41.,8.5));
#484 = VECTOR('',#485,1.);
#485 = DIRECTION('',(-0.707106781187,-0.707106781187,0.));
#486 = PLANE('',#487);
#487 = AXIS2_PLACEMENT_3D('',#488,#489,#490);
#488 = CARTESIAN_POINT('',(-62.58527450801,-38.22304101327,8.5));
#489 = DIRECTION('',(0.,0.,1.));
#490 = DIRECTION('',(1.,0.,-0.));
#491 = SHELL_BASED_SURFACE_MODEL('',(#492));
#492 = OPEN_SHELL('',(#493));
#493 = ADVANCED_FACE('',(#494),#520,.T.);
#494 = FACE_BOUND('',#495,.T.);
#495 = EDGE_LOOP('',(#496,#506,#514));
#496 = ORIENTED_EDGE('',*,*,#497,.T.);
#497 = EDGE_CURVE('',#498,#500,#502,.T.);
#498 = VERTEX_POINT('',#499);
#499 = CARTESIAN_POINT('',(-63.75,42.674999237061,2.));
#500 = VERTEX_POINT('',#501);
#501 = CARTESIAN_POINT('',(-63.75,-42.67499923706,2.));
#502 = LINE('',#503,#504);
#503 = CARTESIAN_POINT('',(-63.75,42.674999237061,2.));
#504 = VECTOR('',#505,1.);
#505 = DIRECTION('',(0.,-1.,0.));
#506 = ORIENTED_EDGE('',*,*,#507,.T.);
#507 = EDGE_CURVE('',#500,#508,#510,.T.);
#508 = VERTEX_POINT('',#509);
#509 = CARTESIAN_POINT('',(-63.75,42.674999237061,8.5));
#510 = LINE('',#511,#512);
#511 = CARTESIAN_POINT('',(-63.75,-42.67499923706,2.));
#512 = VECTOR('',#513,1.);
#513 = DIRECTION('',(0.,0.997112609383,7.59371069345E-02));
#514 = ORIENTED_EDGE('',*,*,#515,.T.);
#515 = EDGE_CURVE('',#508,#498,#516,.T.);
#516 = LINE('',#517,#518);
#517 = CARTESIAN_POINT('',(-63.75,42.674999237061,8.5));
#518 = VECTOR('',#519,1.);
#519 = DIRECTION('',(0.,0.,-1.));
#520 = PLANE('',#521);
#521 = AXIS2_PLACEMENT_3D('',#522,#523,#524);
#522 = CARTESIAN_POINT('',(-63.75,1.563211897422,3.686788102578));
#523 = DIRECTION('',(-1.,-0.,-0.));
#524 = DIRECTION('',(0.,0.,-1.));
#525 = SHELL_BASED_SURFACE_MODEL('',(#526));
#526 = OPEN_SHELL('',(#527));
#527 = ADVANCED_FACE('',(#528),#554,.T.);
#528 = FACE_BOUND('',#529,.T.);
#529 = EDGE_LOOP('',(#530,#540,#548));
#530 = ORIENTED_EDGE('',*,*,#531,.F.);
#531 = EDGE_CURVE('',#532,#534,#536,.T.);
#532 = VERTEX_POINT('',#533);
#533 = CARTESIAN_POINT('',(-63.75,42.674999237061,8.5));
#534 = VERTEX_POINT('',#535);
#535 = CARTESIAN_POINT('',(-63.75,-42.67499923706,8.5));
#536 = LINE('',#537,#538);
#537 = CARTESIAN_POINT('',(-63.75,42.674999237061,8.5));
#538 = VECTOR('',#539,1.);
#539 = DIRECTION('',(0.,-1.,0.));
#540 = ORIENTED_EDGE('',*,*,#541,.F.);
#541 = EDGE_CURVE('',#542,#532,#544,.T.);
#542 = VERTEX_POINT('',#543);
#543 = CARTESIAN_POINT('',(-63.75,-42.67499923706,2.));
#544 = LINE('',#545,#546);
#545 = CARTESIAN_POINT('',(-63.75,-42.67499923706,2.));
#546 = VECTOR('',#547,1.);
#547 = DIRECTION('',(0.,0.997112609383,7.59371069345E-02));
#548 = ORIENTED_EDGE('',*,*,#549,.T.);
#549 = EDGE_CURVE('',#542,#534,#550,.T.);
#550 = LINE('',#551,#552);
#551 = CARTESIAN_POINT('',(-63.75,-42.67499923706,2.));
#552 = VECTOR('',#553,1.);
#553 = DIRECTION('',(0.,0.,1.));
#554 = PLANE('',#555);
#555 = AXIS2_PLACEMENT_3D('',#556,#557,#558);
#556 = CARTESIAN_POINT('',(-63.75,-1.563211897422,6.813211897422));
#557 = DIRECTION('',(-1.,-0.,-0.));
#558 = DIRECTION('',(0.,0.,-1.));
#559 = SHELL_BASED_SURFACE_MODEL('',(#560));
#560 = OPEN_SHELL('',(#561));
#561 = ADVANCED_FACE('',(#562),#588,.T.);
#562 = FACE_BOUND('',#563,.T.);
#563 = EDGE_LOOP('',(#564,#574,#582));
#564 = ORIENTED_EDGE('',*,*,#565,.F.);
#565 = EDGE_CURVE('',#566,#568,#570,.T.);
#566 = VERTEX_POINT('',#567);
#567 = CARTESIAN_POINT('',(63.75,42.674999237061,2.));
#568 = VERTEX_POINT('',#569);
#569 = CARTESIAN_POINT('',(63.75,42.674999237061,8.5));
#570 = LINE('',#571,#572);
#571 = CARTESIAN_POINT('',(63.75,42.674999237061,2.));
#572 = VECTOR('',#573,1.);
#573 = DIRECTION('',(0.,0.,1.));
#574 = ORIENTED_EDGE('',*,*,#575,.T.);
#575 = EDGE_CURVE('',#566,#576,#578,.T.);
#576 = VERTEX_POINT('',#577);
#577 = CARTESIAN_POINT('',(-63.75,42.674999237061,8.5));
#578 = LINE('',#579,#580);
#579 = CARTESIAN_POINT('',(63.75,42.674999237061,2.));
#580 = VECTOR('',#581,1.);
#581 = DIRECTION('',(-0.998703027385,0.,5.091427198434E-02));
#582 = ORIENTED_EDGE('',*,*,#583,.F.);
#583 = EDGE_CURVE('',#568,#576,#584,.T.);
#584 = LINE('',#585,#586);
#585 = CARTESIAN_POINT('',(63.75,42.674999237061,8.5));
#586 = VECTOR('',#587,1.);
#587 = DIRECTION('',(-1.,0.,0.));
#588 = PLANE('',#589);
#589 = AXIS2_PLACEMENT_3D('',#590,#591,#592);
#590 = CARTESIAN_POINT('',(1.583605310123,42.674999237061,6.833605310123
    ));
#591 = DIRECTION('',(0.,1.,0.));
#592 = DIRECTION('',(0.,-0.,1.));
#593 = SHELL_BASED_SURFACE_MODEL('',(#594));
#594 = OPEN_SHELL('',(#595));
#595 = ADVANCED_FACE('',(#596),#622,.T.);
#596 = FACE_BOUND('',#597,.T.);
#597 = EDGE_LOOP('',(#598,#608,#616));
#598 = ORIENTED_EDGE('',*,*,#599,.F.);
#599 = EDGE_CURVE('',#600,#602,#604,.T.);
#600 = VERTEX_POINT('',#601);
#601 = CARTESIAN_POINT('',(-63.75,42.674999237061,8.5));
#602 = VERTEX_POINT('',#603);
#603 = CARTESIAN_POINT('',(-63.75,42.674999237061,2.));
#604 = LINE('',#605,#606);
#605 = CARTESIAN_POINT('',(-63.75,42.674999237061,8.5));
#606 = VECTOR('',#607,1.);
#607 = DIRECTION('',(0.,0.,-1.));
#608 = ORIENTED_EDGE('',*,*,#609,.F.);
#609 = EDGE_CURVE('',#610,#600,#612,.T.);
#610 = VERTEX_POINT('',#611);
#611 = CARTESIAN_POINT('',(63.75,42.674999237061,2.));
#612 = LINE('',#613,#614);
#613 = CARTESIAN_POINT('',(63.75,42.674999237061,2.));
#614 = VECTOR('',#615,1.);
#615 = DIRECTION('',(-0.998703027385,0.,5.091427198434E-02));
#616 = ORIENTED_EDGE('',*,*,#617,.T.);
#617 = EDGE_CURVE('',#610,#602,#618,.T.);
#618 = LINE('',#619,#620);
#619 = CARTESIAN_POINT('',(63.75,42.674999237061,2.));
#620 = VECTOR('',#621,1.);
#621 = DIRECTION('',(-1.,0.,0.));
#622 = PLANE('',#623);
#623 = AXIS2_PLACEMENT_3D('',#624,#625,#626);
#624 = CARTESIAN_POINT('',(-1.583605310123,42.674999237061,
    3.666394689877));
#625 = DIRECTION('',(0.,1.,0.));
#626 = DIRECTION('',(0.,-0.,1.));
#627 = SHELL_BASED_SURFACE_MODEL('',(#628));
#628 = OPEN_SHELL('',(#629));
#629 = ADVANCED_FACE('',(#630),#656,.T.);
#630 = FACE_BOUND('',#631,.T.);
#631 = EDGE_LOOP('',(#632,#642,#650));
#632 = ORIENTED_EDGE('',*,*,#633,.F.);
#633 = EDGE_CURVE('',#634,#636,#638,.T.);
#634 = VERTEX_POINT('',#635);
#635 = CARTESIAN_POINT('',(-63.75,-42.67499923706,2.));
#636 = VERTEX_POINT('',#637);
#637 = CARTESIAN_POINT('',(-63.75,-42.67499923706,8.5));
#638 = LINE('',#639,#640);
#639 = CARTESIAN_POINT('',(-63.75,-42.67499923706,2.));
#640 = VECTOR('',#641,1.);
#641 = DIRECTION('',(0.,0.,1.));
#642 = ORIENTED_EDGE('',*,*,#643,.T.);
#643 = EDGE_CURVE('',#634,#644,#646,.T.);
#644 = VERTEX_POINT('',#645);
#645 = CARTESIAN_POINT('',(63.75,-42.67499923706,8.5));
#646 = LINE('',#647,#648);
#647 = CARTESIAN_POINT('',(-63.75,-42.67499923706,2.));
#648 = VECTOR('',#649,1.);
#649 = DIRECTION('',(0.998703027385,0.,5.091427198434E-02));
#650 = ORIENTED_EDGE('',*,*,#651,.F.);
#651 = EDGE_CURVE('',#636,#644,#652,.T.);
#652 = LINE('',#653,#654);
#653 = CARTESIAN_POINT('',(-63.75,-42.67499923706,8.5));
#654 = VECTOR('',#655,1.);
#655 = DIRECTION('',(1.,0.,0.));
#656 = PLANE('',#657);
#657 = AXIS2_PLACEMENT_3D('',#658,#659,#660);
#658 = CARTESIAN_POINT('',(-1.583605310123,-42.67499923706,
    6.833605310123));
#659 = DIRECTION('',(-0.,-1.,-0.));
#660 = DIRECTION('',(0.,0.,-1.));
#661 = SHELL_BASED_SURFACE_MODEL('',(#662));
#662 = OPEN_SHELL('',(#663));
#663 = ADVANCED_FACE('',(#664),#690,.T.);
#664 = FACE_BOUND('',#665,.T.);
#665 = EDGE_LOOP('',(#666,#676,#684));
#666 = ORIENTED_EDGE('',*,*,#667,.F.);
#667 = EDGE_CURVE('',#668,#670,#672,.T.);
#668 = VERTEX_POINT('',#669);
#669 = CARTESIAN_POINT('',(63.75,-42.67499923706,8.5));
#670 = VERTEX_POINT('',#671);
#671 = CARTESIAN_POINT('',(63.75,-42.67499923706,2.));
#672 = LINE('',#673,#674);
#673 = CARTESIAN_POINT('',(63.75,-42.67499923706,8.5));
#674 = VECTOR('',#675,1.);
#675 = DIRECTION('',(0.,0.,-1.));
#676 = ORIENTED_EDGE('',*,*,#677,.F.);
#677 = EDGE_CURVE('',#678,#668,#680,.T.);
#678 = VERTEX_POINT('',#679);
#679 = CARTESIAN_POINT('',(-63.75,-42.67499923706,2.));
#680 = LINE('',#681,#682);
#681 = CARTESIAN_POINT('',(-63.75,-42.67499923706,2.));
#682 = VECTOR('',#683,1.);
#683 = DIRECTION('',(0.998703027385,0.,5.091427198434E-02));
#684 = ORIENTED_EDGE('',*,*,#685,.T.);
#685 = EDGE_CURVE('',#678,#670,#686,.T.);
#686 = LINE('',#687,#688);
#687 = CARTESIAN_POINT('',(-63.75,-42.67499923706,2.));
#688 = VECTOR('',#689,1.);
#689 = DIRECTION('',(1.,0.,0.));
#690 = PLANE('',#691);
#691 = AXIS2_PLACEMENT_3D('',#692,#693,#694);
#692 = CARTESIAN_POINT('',(1.583605310123,-42.67499923706,3.666394689877
    ));
#693 = DIRECTION('',(-0.,-1.,-0.));
#694 = DIRECTION('',(0.,0.,-1.));
#695 = SHELL_BASED_SURFACE_MODEL('',(#696));
#696 = OPEN_SHELL('',(#697));
#697 = ADVANCED_FACE('',(#698),#724,.T.);
#698 = FACE_BOUND('',#699,.T.);
#699 = EDGE_LOOP('',(#700,#710,#718));
#700 = ORIENTED_EDGE('',*,*,#701,.T.);
#701 = EDGE_CURVE('',#702,#704,#706,.T.);
#702 = VERTEX_POINT('',#703);
#703 = CARTESIAN_POINT('',(62.075000762939,41.,17.));
#704 = VERTEX_POINT('',#705);
#705 = CARTESIAN_POINT('',(62.075000762939,-41.,17.));
#706 = LINE('',#707,#708);
#707 = CARTESIAN_POINT('',(62.075000762939,41.,17.));
#708 = VECTOR('',#709,1.);
#709 = DIRECTION('',(0.,-1.,0.));
#710 = ORIENTED_EDGE('',*,*,#711,.T.);
#711 = EDGE_CURVE('',#704,#712,#714,.T.);
#712 = VERTEX_POINT('',#713);
#713 = CARTESIAN_POINT('',(62.075000762939,41.,8.5));
#714 = LINE('',#715,#716);
#715 = CARTESIAN_POINT('',(62.075000762939,-41.,17.));
#716 = VECTOR('',#717,1.);
#717 = DIRECTION('',(0.,0.994670366198,-0.103106074545));
#718 = ORIENTED_EDGE('',*,*,#719,.T.);
#719 = EDGE_CURVE('',#712,#702,#720,.T.);
#720 = LINE('',#721,#722);
#721 = CARTESIAN_POINT('',(62.075000762939,41.,8.5));
#722 = VECTOR('',#723,1.);
#723 = DIRECTION('',(0.,0.,1.));
#724 = PLANE('',#725);
#725 = AXIS2_PLACEMENT_3D('',#726,#727,#728);
#726 = CARTESIAN_POINT('',(62.075000762939,2.015157084538,
    14.765157084538));
#727 = DIRECTION('',(1.,0.,0.));
#728 = DIRECTION('',(-0.,0.,1.));
#729 = SHELL_BASED_SURFACE_MODEL('',(#730));
#730 = OPEN_SHELL('',(#731));
#731 = ADVANCED_FACE('',(#732),#758,.T.);
#732 = FACE_BOUND('',#733,.T.);
#733 = EDGE_LOOP('',(#734,#744,#752));
#734 = ORIENTED_EDGE('',*,*,#735,.F.);
#735 = EDGE_CURVE('',#736,#738,#740,.T.);
#736 = VERTEX_POINT('',#737);
#737 = CARTESIAN_POINT('',(62.075000762939,41.,8.5));
#738 = VERTEX_POINT('',#739);
#739 = CARTESIAN_POINT('',(62.075000762939,-41.,8.5));
#740 = LINE('',#741,#742);
#741 = CARTESIAN_POINT('',(62.075000762939,41.,8.5));
#742 = VECTOR('',#743,1.);
#743 = DIRECTION('',(0.,-1.,0.));
#744 = ORIENTED_EDGE('',*,*,#745,.F.);
#745 = EDGE_CURVE('',#746,#736,#748,.T.);
#746 = VERTEX_POINT('',#747);
#747 = CARTESIAN_POINT('',(62.075000762939,-41.,17.));
#748 = LINE('',#749,#750);
#749 = CARTESIAN_POINT('',(62.075000762939,-41.,17.));
#750 = VECTOR('',#751,1.);
#751 = DIRECTION('',(0.,0.994670366198,-0.103106074545));
#752 = ORIENTED_EDGE('',*,*,#753,.T.);
#753 = EDGE_CURVE('',#746,#738,#754,.T.);
#754 = LINE('',#755,#756);
#755 = CARTESIAN_POINT('',(62.075000762939,-41.,17.));
#756 = VECTOR('',#757,1.);
#757 = DIRECTION('',(0.,0.,-1.));
#758 = PLANE('',#759);
#759 = AXIS2_PLACEMENT_3D('',#760,#761,#762);
#760 = CARTESIAN_POINT('',(62.075000762939,-2.015157084538,
    10.734842915462));
#761 = DIRECTION('',(1.,0.,0.));
#762 = DIRECTION('',(-0.,0.,1.));
#763 = SHELL_BASED_SURFACE_MODEL('',(#764));
#764 = OPEN_SHELL('',(#765));
#765 = ADVANCED_FACE('',(#766),#792,.T.);
#766 = FACE_BOUND('',#767,.T.);
#767 = EDGE_LOOP('',(#768,#778,#786));
#768 = ORIENTED_EDGE('',*,*,#769,.T.);
#769 = EDGE_CURVE('',#770,#772,#774,.T.);
#770 = VERTEX_POINT('',#771);
#771 = CARTESIAN_POINT('',(-49.5,-40.,17.));
#772 = VERTEX_POINT('',#773);
#773 = CARTESIAN_POINT('',(-49.5,-35.5,17.));
#774 = LINE('',#775,#776);
#775 = CARTESIAN_POINT('',(-49.5,-40.,17.));
#776 = VECTOR('',#777,1.);
#777 = DIRECTION('',(0.,1.,0.));
#778 = ORIENTED_EDGE('',*,*,#779,.T.);
#779 = EDGE_CURVE('',#772,#780,#782,.T.);
#780 = VERTEX_POINT('',#781);
#781 = CARTESIAN_POINT('',(-53.5,-35.5,17.));
#782 = LINE('',#783,#784);
#783 = CARTESIAN_POINT('',(-49.5,-35.5,17.));
#784 = VECTOR('',#785,1.);
#785 = DIRECTION('',(-1.,0.,0.));
#786 = ORIENTED_EDGE('',*,*,#787,.T.);
#787 = EDGE_CURVE('',#780,#770,#788,.T.);
#788 = LINE('',#789,#790);
#789 = CARTESIAN_POINT('',(-53.5,-35.5,17.));
#790 = VECTOR('',#791,1.);
#791 = DIRECTION('',(0.66436383883,-0.747409318684,0.));
#792 = PLANE('',#793);
#793 = AXIS2_PLACEMENT_3D('',#794,#795,#796);
#794 = CARTESIAN_POINT('',(-50.88019932234,-37.13019932234,17.));
#795 = DIRECTION('',(0.,0.,1.));
#796 = DIRECTION('',(1.,0.,-0.));
#797 = SHELL_BASED_SURFACE_MODEL('',(#798));
#798 = OPEN_SHELL('',(#799));
#799 = ADVANCED_FACE('',(#800),#826,.T.);
#800 = FACE_BOUND('',#801,.T.);
#801 = EDGE_LOOP('',(#802,#812,#820));
#802 = ORIENTED_EDGE('',*,*,#803,.F.);
#803 = EDGE_CURVE('',#804,#806,#808,.T.);
#804 = VERTEX_POINT('',#805);
#805 = CARTESIAN_POINT('',(62.075000762939,41.,17.));
#806 = VERTEX_POINT('',#807);
#807 = CARTESIAN_POINT('',(62.075000762939,-41.,17.));
#808 = LINE('',#809,#810);
#809 = CARTESIAN_POINT('',(62.075000762939,41.,17.));
#810 = VECTOR('',#811,1.);
#811 = DIRECTION('',(0.,-1.,0.));
#812 = ORIENTED_EDGE('',*,*,#813,.T.);
#813 = EDGE_CURVE('',#804,#814,#816,.T.);
#814 = VERTEX_POINT('',#815);
#815 = CARTESIAN_POINT('',(60.075000762939,33.5,17.));
#816 = LINE('',#817,#818);
#817 = CARTESIAN_POINT('',(62.075000762939,41.,17.));
#818 = VECTOR('',#819,1.);
#819 = DIRECTION('',(-0.25766265056,-0.966234939601,0.));
#820 = ORIENTED_EDGE('',*,*,#821,.T.);
#821 = EDGE_CURVE('',#814,#806,#822,.T.);
#822 = LINE('',#823,#824);
#823 = CARTESIAN_POINT('',(60.075000762939,33.5,17.));
#824 = VECTOR('',#825,1.);
#825 = DIRECTION('',(2.683596914165E-02,-0.999639850526,0.));
#826 = PLANE('',#827);
#827 = AXIS2_PLACEMENT_3D('',#828,#829,#830);
#828 = CARTESIAN_POINT('',(61.574121433596,5.881163640948E-02,17.));
#829 = DIRECTION('',(0.,0.,1.));
#830 = DIRECTION('',(1.,0.,-0.));
#831 = SHELL_BASED_SURFACE_MODEL('',(#832));
#832 = OPEN_SHELL('',(#833));
#833 = ADVANCED_FACE('',(#834),#860,.T.);
#834 = FACE_BOUND('',#835,.T.);
#835 = EDGE_LOOP('',(#836,#846,#854));
#836 = ORIENTED_EDGE('',*,*,#837,.F.);
#837 = EDGE_CURVE('',#838,#840,#842,.T.);
#838 = VERTEX_POINT('',#839);
#839 = CARTESIAN_POINT('',(62.075000762939,41.,17.));
#840 = VERTEX_POINT('',#841);
#841 = CARTESIAN_POINT('',(60.075000762939,33.5,17.));
#842 = LINE('',#843,#844);
#843 = CARTESIAN_POINT('',(62.075000762939,41.,17.));
#844 = VECTOR('',#845,1.);
#845 = DIRECTION('',(-0.25766265056,-0.966234939601,0.));
#846 = ORIENTED_EDGE('',*,*,#847,.T.);
#847 = EDGE_CURVE('',#838,#848,#850,.T.);
#848 = VERTEX_POINT('',#849);
#849 = CARTESIAN_POINT('',(53.5,35.5,17.));
#850 = LINE('',#851,#852);
#851 = CARTESIAN_POINT('',(62.075000762939,41.,17.));
#852 = VECTOR('',#853,1.);
#853 = DIRECTION('',(-0.841736188501,-0.539889052461,0.));
#854 = ORIENTED_EDGE('',*,*,#855,.T.);
#855 = EDGE_CURVE('',#848,#840,#856,.T.);
#856 = LINE('',#857,#858);
#857 = CARTESIAN_POINT('',(53.5,35.5,17.));
#858 = VECTOR('',#859,1.);
#859 = DIRECTION('',(0.9567179342,-0.291016828345,0.));
#860 = PLANE('',#861);
#861 = AXIS2_PLACEMENT_3D('',#862,#863,#864);
#862 = CARTESIAN_POINT('',(58.538670521859,36.899019599543,17.));
#863 = DIRECTION('',(0.,0.,1.));
#864 = DIRECTION('',(1.,0.,-0.));
#865 = SHELL_BASED_SURFACE_MODEL('',(#866));
#866 = OPEN_SHELL('',(#867));
#867 = ADVANCED_FACE('',(#868),#894,.T.);
#868 = FACE_BOUND('',#869,.T.);
#869 = EDGE_LOOP('',(#870,#880,#888));
#870 = ORIENTED_EDGE('',*,*,#871,.F.);
#871 = EDGE_CURVE('',#872,#874,#876,.T.);
#872 = VERTEX_POINT('',#873);
#873 = CARTESIAN_POINT('',(62.075000762939,41.,17.));
#874 = VERTEX_POINT('',#875);
#875 = CARTESIAN_POINT('',(53.5,35.5,17.));
#876 = LINE('',#877,#878);
#877 = CARTESIAN_POINT('',(62.075000762939,41.,17.));
#878 = VECTOR('',#879,1.);
#879 = DIRECTION('',(-0.841736188501,-0.539889052461,0.));
#880 = ORIENTED_EDGE('',*,*,#881,.T.);
#881 = EDGE_CURVE('',#872,#882,#884,.T.);
#882 = VERTEX_POINT('',#883);
#883 = CARTESIAN_POINT('',(49.5,40.,17.));
#884 = LINE('',#885,#886);
#885 = CARTESIAN_POINT('',(62.075000762939,41.,17.));
#886 = VECTOR('',#887,1.);
#887 = DIRECTION('',(-0.996852975751,-7.927259763587E-02,0.));
#888 = ORIENTED_EDGE('',*,*,#889,.T.);
#889 = EDGE_CURVE('',#882,#874,#890,.T.);
#890 = LINE('',#891,#892);
#891 = CARTESIAN_POINT('',(49.5,40.,17.));
#892 = VECTOR('',#893,1.);
#893 = DIRECTION('',(0.66436383883,-0.747409318684,0.));
#894 = PLANE('',#895);
#895 = AXIS2_PLACEMENT_3D('',#896,#897,#898);
#896 = CARTESIAN_POINT('',(55.59877413396,39.130299528301,17.));
#897 = DIRECTION('',(0.,0.,1.));
#898 = DIRECTION('',(1.,0.,-0.));
#899 = SHELL_BASED_SURFACE_MODEL('',(#900));
#900 = OPEN_SHELL('',(#901));
#901 = ADVANCED_FACE('',(#902),#928,.T.);
#902 = FACE_BOUND('',#903,.T.);
#903 = EDGE_LOOP('',(#904,#914,#922));
#904 = ORIENTED_EDGE('',*,*,#905,.T.);
#905 = EDGE_CURVE('',#906,#908,#910,.T.);
#906 = VERTEX_POINT('',#907);
#907 = CARTESIAN_POINT('',(62.075000762939,41.,17.));
#908 = VERTEX_POINT('',#909);
#909 = CARTESIAN_POINT('',(-54.57500076293,41.,17.));
#910 = LINE('',#911,#912);
#911 = CARTESIAN_POINT('',(62.075000762939,41.,17.));
#912 = VECTOR('',#913,1.);
#913 = DIRECTION('',(-1.,0.,0.));
#914 = ORIENTED_EDGE('',*,*,#915,.T.);
#915 = EDGE_CURVE('',#908,#916,#918,.T.);
#916 = VERTEX_POINT('',#917);
#917 = CARTESIAN_POINT('',(49.5,40.,17.));
#918 = LINE('',#919,#920);
#919 = CARTESIAN_POINT('',(-54.57500076293,41.,17.));
#920 = VECTOR('',#921,1.);
#921 = DIRECTION('',(0.999953841989,-9.60801186316E-03,0.));
#922 = ORIENTED_EDGE('',*,*,#923,.F.);
#923 = EDGE_CURVE('',#906,#916,#924,.T.);
#924 = LINE('',#925,#926);
#925 = CARTESIAN_POINT('',(62.075000762939,41.,17.));
#926 = VECTOR('',#927,1.);
#927 = DIRECTION('',(-0.996852975751,-7.927259763587E-02,0.));
#928 = PLANE('',#929);
#929 = AXIS2_PLACEMENT_3D('',#930,#931,#932);
#930 = CARTESIAN_POINT('',(3.758723662125,40.749952320624,17.));
#931 = DIRECTION('',(0.,0.,1.));
#932 = DIRECTION('',(1.,0.,-0.));
#933 = SHELL_BASED_SURFACE_MODEL('',(#934));
#934 = OPEN_SHELL('',(#935));
#935 = ADVANCED_FACE('',(#936),#962,.T.);
#936 = FACE_BOUND('',#937,.T.);
#937 = EDGE_LOOP('',(#938,#948,#956));
#938 = ORIENTED_EDGE('',*,*,#939,.T.);
#939 = EDGE_CURVE('',#940,#942,#944,.T.);
#940 = VERTEX_POINT('',#941);
#941 = CARTESIAN_POINT('',(-49.5,35.5,17.));
#942 = VERTEX_POINT('',#943);
#943 = CARTESIAN_POINT('',(-49.5,40.,17.));
#944 = LINE('',#945,#946);
#945 = CARTESIAN_POINT('',(-49.5,35.5,17.));
#946 = VECTOR('',#947,1.);
#947 = DIRECTION('',(0.,1.,0.));
#948 = ORIENTED_EDGE('',*,*,#949,.T.);
#949 = EDGE_CURVE('',#942,#950,#952,.T.);
#950 = VERTEX_POINT('',#951);
#951 = CARTESIAN_POINT('',(-53.5,35.5,17.));
#952 = LINE('',#953,#954);
#953 = CARTESIAN_POINT('',(-49.5,40.,17.));
#954 = VECTOR('',#955,1.);
#955 = DIRECTION('',(-0.66436383883,-0.747409318684,0.));
#956 = ORIENTED_EDGE('',*,*,#957,.T.);
#957 = EDGE_CURVE('',#950,#940,#958,.T.);
#958 = LINE('',#959,#960);
#959 = CARTESIAN_POINT('',(-53.5,35.5,17.));
#960 = VECTOR('',#961,1.);
#961 = DIRECTION('',(1.,0.,0.));
#962 = PLANE('',#963);
#963 = AXIS2_PLACEMENT_3D('',#964,#965,#966);
#964 = CARTESIAN_POINT('',(-50.88019932234,37.130199322349,17.));
#965 = DIRECTION('',(0.,0.,1.));
#966 = DIRECTION('',(1.,0.,-0.));
#967 = SHELL_BASED_SURFACE_MODEL('',(#968));
#968 = OPEN_SHELL('',(#969));
#969 = ADVANCED_FACE('',(#970),#996,.T.);
#970 = FACE_BOUND('',#971,.T.);
#971 = EDGE_LOOP('',(#972,#982,#990));
#972 = ORIENTED_EDGE('',*,*,#973,.T.);
#973 = EDGE_CURVE('',#974,#976,#978,.T.);
#974 = VERTEX_POINT('',#975);
#975 = CARTESIAN_POINT('',(-49.5,40.,17.));
#976 = VERTEX_POINT('',#977);
#977 = CARTESIAN_POINT('',(49.5,40.,17.));
#978 = LINE('',#979,#980);
#979 = CARTESIAN_POINT('',(-49.5,40.,17.));
#980 = VECTOR('',#981,1.);
#981 = DIRECTION('',(1.,0.,0.));
#982 = ORIENTED_EDGE('',*,*,#983,.F.);
#983 = EDGE_CURVE('',#984,#976,#986,.T.);
#984 = VERTEX_POINT('',#985);
#985 = CARTESIAN_POINT('',(-54.57500076293,41.,17.));
#986 = LINE('',#987,#988);
#987 = CARTESIAN_POINT('',(-54.57500076293,41.,17.));
#988 = VECTOR('',#989,1.);
#989 = DIRECTION('',(0.999953841989,-9.60801186316E-03,0.));
#990 = ORIENTED_EDGE('',*,*,#991,.T.);
#991 = EDGE_CURVE('',#984,#974,#992,.T.);
#992 = LINE('',#993,#994);
#993 = CARTESIAN_POINT('',(-54.57500076293,41.,17.));
#994 = VECTOR('',#995,1.);
#995 = DIRECTION('',(0.981134390664,-0.193326944466,0.));
#996 = PLANE('',#997);
#997 = AXIS2_PLACEMENT_3D('',#998,#999,#1000);
#998 = CARTESIAN_POINT('',(-2.560695342941,40.262307649416,17.));
#999 = DIRECTION('',(0.,0.,1.));
#1000 = DIRECTION('',(1.,0.,-0.));
#1001 = SHELL_BASED_SURFACE_MODEL('',(#1002));
#1002 = OPEN_SHELL('',(#1003));
#1003 = ADVANCED_FACE('',(#1004),#1030,.T.);
#1004 = FACE_BOUND('',#1005,.T.);
#1005 = EDGE_LOOP('',(#1006,#1016,#1024));
#1006 = ORIENTED_EDGE('',*,*,#1007,.F.);
#1007 = EDGE_CURVE('',#1008,#1010,#1012,.T.);
#1008 = VERTEX_POINT('',#1009);
#1009 = CARTESIAN_POINT('',(-54.57500076293,41.,17.));
#1010 = VERTEX_POINT('',#1011);
#1011 = CARTESIAN_POINT('',(-49.5,40.,17.));
#1012 = LINE('',#1013,#1014);
#1013 = CARTESIAN_POINT('',(-54.57500076293,41.,17.));
#1014 = VECTOR('',#1015,1.);
#1015 = DIRECTION('',(0.981134390664,-0.193326944466,0.));
#1016 = ORIENTED_EDGE('',*,*,#1017,.T.);
#1017 = EDGE_CURVE('',#1008,#1018,#1020,.T.);
#1018 = VERTEX_POINT('',#1019);
#1019 = CARTESIAN_POINT('',(-53.5,35.5,17.));
#1020 = LINE('',#1021,#1022);
#1021 = CARTESIAN_POINT('',(-54.57500076293,41.,17.));
#1022 = VECTOR('',#1023,1.);
#1023 = DIRECTION('',(0.191824926645,-0.981429160723,0.));
#1024 = ORIENTED_EDGE('',*,*,#1025,.F.);
#1025 = EDGE_CURVE('',#1010,#1018,#1026,.T.);
#1026 = LINE('',#1027,#1028);
#1027 = CARTESIAN_POINT('',(-49.5,40.,17.));
#1028 = VECTOR('',#1029,1.);
#1029 = DIRECTION('',(-0.66436383883,-0.747409318684,0.));
#1030 = PLANE('',#1031);
#1031 = AXIS2_PLACEMENT_3D('',#1032,#1033,#1034);
#1032 = CARTESIAN_POINT('',(-52.51209395089,38.763644318512,17.));
#1033 = DIRECTION('',(0.,0.,1.));
#1034 = DIRECTION('',(1.,0.,-0.));
#1035 = SHELL_BASED_SURFACE_MODEL('',(#1036));
#1036 = OPEN_SHELL('',(#1037));
#1037 = ADVANCED_FACE('',(#1038),#1064,.T.);
#1038 = FACE_BOUND('',#1039,.T.);
#1039 = EDGE_LOOP('',(#1040,#1050,#1058));
#1040 = ORIENTED_EDGE('',*,*,#1041,.T.);
#1041 = EDGE_CURVE('',#1042,#1044,#1046,.T.);
#1042 = VERTEX_POINT('',#1043);
#1043 = CARTESIAN_POINT('',(-54.57500076293,41.,17.));
#1044 = VERTEX_POINT('',#1045);
#1045 = CARTESIAN_POINT('',(-60.07500076293,33.5,17.));
#1046 = LINE('',#1047,#1048);
#1047 = CARTESIAN_POINT('',(-54.57500076293,41.,17.));
#1048 = VECTOR('',#1049,1.);
#1049 = DIRECTION('',(-0.591363663628,-0.806404995856,0.));
#1050 = ORIENTED_EDGE('',*,*,#1051,.T.);
#1051 = EDGE_CURVE('',#1044,#1052,#1054,.T.);
#1052 = VERTEX_POINT('',#1053);
#1053 = CARTESIAN_POINT('',(-53.5,35.5,17.));
#1054 = LINE('',#1055,#1056);
#1055 = CARTESIAN_POINT('',(-60.07500076293,33.5,17.));
#1056 = VECTOR('',#1057,1.);
#1057 = DIRECTION('',(0.9567179342,0.291016828345,0.));
#1058 = ORIENTED_EDGE('',*,*,#1059,.F.);
#1059 = EDGE_CURVE('',#1042,#1052,#1060,.T.);
#1060 = LINE('',#1061,#1062);
#1061 = CARTESIAN_POINT('',(-54.57500076293,41.,17.));
#1062 = VECTOR('',#1063,1.);
#1063 = DIRECTION('',(0.191824926645,-0.981429160723,0.));
#1064 = PLANE('',#1065);
#1065 = AXIS2_PLACEMENT_3D('',#1066,#1067,#1068);
#1066 = CARTESIAN_POINT('',(-56.30937550561,36.639487126135,17.));
#1067 = DIRECTION('',(0.,0.,1.));
#1068 = DIRECTION('',(1.,0.,-0.));
#1069 = SHELL_BASED_SURFACE_MODEL('',(#1070));
#1070 = OPEN_SHELL('',(#1071));
#1071 = ADVANCED_FACE('',(#1072),#1098,.T.);
#1072 = FACE_BOUND('',#1073,.T.);
#1073 = EDGE_LOOP('',(#1074,#1084,#1092));
#1074 = ORIENTED_EDGE('',*,*,#1075,.T.);
#1075 = EDGE_CURVE('',#1076,#1078,#1080,.T.);
#1076 = VERTEX_POINT('',#1077);
#1077 = CARTESIAN_POINT('',(-53.5,33.5,17.));
#1078 = VERTEX_POINT('',#1079);
#1079 = CARTESIAN_POINT('',(-53.5,35.5,17.));
#1080 = LINE('',#1081,#1082);
#1081 = CARTESIAN_POINT('',(-53.5,33.5,17.));
#1082 = VECTOR('',#1083,1.);
#1083 = DIRECTION('',(0.,1.,0.));
#1084 = ORIENTED_EDGE('',*,*,#1085,.F.);
#1085 = EDGE_CURVE('',#1086,#1078,#1088,.T.);
#1086 = VERTEX_POINT('',#1087);
#1087 = CARTESIAN_POINT('',(-60.07500076293,33.5,17.));
#1088 = LINE('',#1089,#1090);
#1089 = CARTESIAN_POINT('',(-60.07500076293,33.5,17.));
#1090 = VECTOR('',#1091,1.);
#1091 = DIRECTION('',(0.9567179342,0.291016828345,0.));
#1092 = ORIENTED_EDGE('',*,*,#1093,.T.);
#1093 = EDGE_CURVE('',#1086,#1076,#1094,.T.);
#1094 = LINE('',#1095,#1096);
#1095 = CARTESIAN_POINT('',(-60.07500076293,33.5,17.));
#1096 = VECTOR('',#1097,1.);
#1097 = DIRECTION('',(1.,0.,0.));
#1098 = PLANE('',#1099);
#1099 = AXIS2_PLACEMENT_3D('',#1100,#1101,#1102);
#1100 = CARTESIAN_POINT('',(-56.36186389172,34.074363510258,17.));
#1101 = DIRECTION('',(0.,0.,1.));
#1102 = DIRECTION('',(1.,0.,-0.));
#1103 = SHELL_BASED_SURFACE_MODEL('',(#1104));
#1104 = OPEN_SHELL('',(#1105));
#1105 = ADVANCED_FACE('',(#1106),#1132,.T.);
#1106 = FACE_BOUND('',#1107,.T.);
#1107 = EDGE_LOOP('',(#1108,#1118,#1126));
#1108 = ORIENTED_EDGE('',*,*,#1109,.T.);
#1109 = EDGE_CURVE('',#1110,#1112,#1114,.T.);
#1110 = VERTEX_POINT('',#1111);
#1111 = CARTESIAN_POINT('',(-60.07500076293,-33.5,17.));
#1112 = VERTEX_POINT('',#1113);
#1113 = CARTESIAN_POINT('',(-60.07500076293,33.5,17.));
#1114 = LINE('',#1115,#1116);
#1115 = CARTESIAN_POINT('',(-60.07500076293,-33.5,17.));
#1116 = VECTOR('',#1117,1.);
#1117 = DIRECTION('',(0.,1.,0.));
#1118 = ORIENTED_EDGE('',*,*,#1119,.T.);
#1119 = EDGE_CURVE('',#1112,#1120,#1122,.T.);
#1120 = VERTEX_POINT('',#1121);
#1121 = CARTESIAN_POINT('',(-62.07500076293,33.5,17.));
#1122 = LINE('',#1123,#1124);
#1123 = CARTESIAN_POINT('',(-60.07500076293,33.5,17.));
#1124 = VECTOR('',#1125,1.);
#1125 = DIRECTION('',(-1.,0.,0.));
#1126 = ORIENTED_EDGE('',*,*,#1127,.T.);
#1127 = EDGE_CURVE('',#1120,#1110,#1128,.T.);
#1128 = LINE('',#1129,#1130);
#1129 = CARTESIAN_POINT('',(-62.07500076293,33.5,17.));
#1130 = VECTOR('',#1131,1.);
#1131 = DIRECTION('',(2.983745564188E-02,-0.999554764003,0.));
#1132 = PLANE('',#1133);
#1133 = AXIS2_PLACEMENT_3D('',#1134,#1135,#1136);
#1134 = CARTESIAN_POINT('',(-60.5824617878,0.492538975131,17.));
#1135 = DIRECTION('',(0.,0.,1.));
#1136 = DIRECTION('',(1.,0.,-0.));
#1137 = SHELL_BASED_SURFACE_MODEL('',(#1138));
#1138 = OPEN_SHELL('',(#1139));
#1139 = ADVANCED_FACE('',(#1140),#1166,.T.);
#1140 = FACE_BOUND('',#1141,.T.);
#1141 = EDGE_LOOP('',(#1142,#1152,#1160));
#1142 = ORIENTED_EDGE('',*,*,#1143,.T.);
#1143 = EDGE_CURVE('',#1144,#1146,#1148,.T.);
#1144 = VERTEX_POINT('',#1145);
#1145 = CARTESIAN_POINT('',(-54.57500076293,41.,17.));
#1146 = VERTEX_POINT('',#1147);
#1147 = CARTESIAN_POINT('',(-62.07500076293,33.5,17.));
#1148 = LINE('',#1149,#1150);
#1149 = CARTESIAN_POINT('',(-54.57500076293,41.,17.));
#1150 = VECTOR('',#1151,1.);
#1151 = DIRECTION('',(-0.707106781187,-0.707106781187,0.));
#1152 = ORIENTED_EDGE('',*,*,#1153,.F.);
#1153 = EDGE_CURVE('',#1154,#1146,#1156,.T.);
#1154 = VERTEX_POINT('',#1155);
#1155 = CARTESIAN_POINT('',(-60.07500076293,33.5,17.));
#1156 = LINE('',#1157,#1158);
#1157 = CARTESIAN_POINT('',(-60.07500076293,33.5,17.));
#1158 = VECTOR('',#1159,1.);
#1159 = DIRECTION('',(-1.,0.,0.));
#1160 = ORIENTED_EDGE('',*,*,#1161,.F.);
#1161 = EDGE_CURVE('',#1144,#1154,#1162,.T.);
#1162 = LINE('',#1163,#1164);
#1163 = CARTESIAN_POINT('',(-54.57500076293,41.,17.));
#1164 = VECTOR('',#1165,1.);
#1165 = DIRECTION('',(-0.591363663628,-0.806404995856,0.));
#1166 = PLANE('',#1167);
#1167 = AXIS2_PLACEMENT_3D('',#1168,#1169,#1170);
#1168 = CARTESIAN_POINT('',(-58.15151678767,36.907645853037,17.));
#1169 = DIRECTION('',(0.,0.,1.));
#1170 = DIRECTION('',(1.,0.,-0.));
#1171 = SHELL_BASED_SURFACE_MODEL('',(#1172));
#1172 = OPEN_SHELL('',(#1173));
#1173 = ADVANCED_FACE('',(#1174),#1200,.T.);
#1174 = FACE_BOUND('',#1175,.T.);
#1175 = EDGE_LOOP('',(#1176,#1186,#1194));
#1176 = ORIENTED_EDGE('',*,*,#1177,.T.);
#1177 = EDGE_CURVE('',#1178,#1180,#1182,.T.);
#1178 = VERTEX_POINT('',#1179);
#1179 = CARTESIAN_POINT('',(60.075000762939,33.5,17.));
#1180 = VERTEX_POINT('',#1181);
#1181 = CARTESIAN_POINT('',(60.075000762939,-33.5,17.));
#1182 = LINE('',#1183,#1184);
#1183 = CARTESIAN_POINT('',(60.075000762939,33.5,17.));
#1184 = VECTOR('',#1185,1.);
#1185 = DIRECTION('',(0.,-1.,0.));
#1186 = ORIENTED_EDGE('',*,*,#1187,.T.);
#1187 = EDGE_CURVE('',#1180,#1188,#1190,.T.);
#1188 = VERTEX_POINT('',#1189);
#1189 = CARTESIAN_POINT('',(62.075000762939,-41.,17.));
#1190 = LINE('',#1191,#1192);
#1191 = CARTESIAN_POINT('',(60.075000762939,-33.5,17.));
#1192 = VECTOR('',#1193,1.);
#1193 = DIRECTION('',(0.25766265056,-0.966234939601,0.));
#1194 = ORIENTED_EDGE('',*,*,#1195,.F.);
#1195 = EDGE_CURVE('',#1178,#1188,#1196,.T.);
#1196 = LINE('',#1197,#1198);
#1197 = CARTESIAN_POINT('',(60.075000762939,33.5,17.));
#1198 = VECTOR('',#1199,1.);
#1199 = DIRECTION('',(2.683596914165E-02,-0.999639850526,0.));
#1200 = PLANE('',#1201);
#1201 = AXIS2_PLACEMENT_3D('',#1202,#1203,#1204);
#1202 = CARTESIAN_POINT('',(60.626206596955,-3.808811636409,17.));
#1203 = DIRECTION('',(0.,0.,1.));
#1204 = DIRECTION('',(1.,0.,-0.));
#1205 = SHELL_BASED_SURFACE_MODEL('',(#1206));
#1206 = OPEN_SHELL('',(#1207));
#1207 = ADVANCED_FACE('',(#1208),#1234,.T.);
#1208 = FACE_BOUND('',#1209,.T.);
#1209 = EDGE_LOOP('',(#1210,#1220,#1228));
#1210 = ORIENTED_EDGE('',*,*,#1211,.T.);
#1211 = EDGE_CURVE('',#1212,#1214,#1216,.T.);
#1212 = VERTEX_POINT('',#1213);
#1213 = CARTESIAN_POINT('',(53.5,-33.5,17.));
#1214 = VERTEX_POINT('',#1215);
#1215 = CARTESIAN_POINT('',(53.5,-35.5,17.));
#1216 = LINE('',#1217,#1218);
#1217 = CARTESIAN_POINT('',(53.5,-33.5,17.));
#1218 = VECTOR('',#1219,1.);
#1219 = DIRECTION('',(0.,-1.,0.));
#1220 = ORIENTED_EDGE('',*,*,#1221,.T.);
#1221 = EDGE_CURVE('',#1214,#1222,#1224,.T.);
#1222 = VERTEX_POINT('',#1223);
#1223 = CARTESIAN_POINT('',(60.075000762939,-33.5,17.));
#1224 = LINE('',#1225,#1226);
#1225 = CARTESIAN_POINT('',(53.5,-35.5,17.));
#1226 = VECTOR('',#1227,1.);
#1227 = DIRECTION('',(0.9567179342,0.291016828345,0.));
#1228 = ORIENTED_EDGE('',*,*,#1229,.T.);
#1229 = EDGE_CURVE('',#1222,#1212,#1230,.T.);
#1230 = LINE('',#1231,#1232);
#1231 = CARTESIAN_POINT('',(60.075000762939,-33.5,17.));
#1232 = VECTOR('',#1233,1.);
#1233 = DIRECTION('',(-1.,0.,0.));
#1234 = PLANE('',#1235);
#1235 = AXIS2_PLACEMENT_3D('',#1236,#1237,#1238);
#1236 = CARTESIAN_POINT('',(56.361863891728,-34.07436351025,17.));
#1237 = DIRECTION('',(0.,0.,1.));
#1238 = DIRECTION('',(1.,0.,-0.));
#1239 = SHELL_BASED_SURFACE_MODEL('',(#1240));
#1240 = OPEN_SHELL('',(#1241));
#1241 = ADVANCED_FACE('',(#1242),#1268,.T.);
#1242 = FACE_BOUND('',#1243,.T.);
#1243 = EDGE_LOOP('',(#1244,#1254,#1262));
#1244 = ORIENTED_EDGE('',*,*,#1245,.F.);
#1245 = EDGE_CURVE('',#1246,#1248,#1250,.T.);
#1246 = VERTEX_POINT('',#1247);
#1247 = CARTESIAN_POINT('',(60.075000762939,-33.5,17.));
#1248 = VERTEX_POINT('',#1249);
#1249 = CARTESIAN_POINT('',(62.075000762939,-41.,17.));
#1250 = LINE('',#1251,#1252);
#1251 = CARTESIAN_POINT('',(60.075000762939,-33.5,17.));
#1252 = VECTOR('',#1253,1.);
#1253 = DIRECTION('',(0.25766265056,-0.966234939601,0.));
#1254 = ORIENTED_EDGE('',*,*,#1255,.F.);
#1255 = EDGE_CURVE('',#1256,#1246,#1258,.T.);
#1256 = VERTEX_POINT('',#1257);
#1257 = CARTESIAN_POINT('',(53.5,-35.5,17.));
#1258 = LINE('',#1259,#1260);
#1259 = CARTESIAN_POINT('',(53.5,-35.5,17.));
#1260 = VECTOR('',#1261,1.);
#1261 = DIRECTION('',(0.9567179342,0.291016828345,0.));
#1262 = ORIENTED_EDGE('',*,*,#1263,.T.);
#1263 = EDGE_CURVE('',#1256,#1248,#1264,.T.);
#1264 = LINE('',#1265,#1266);
#1265 = CARTESIAN_POINT('',(53.5,-35.5,17.));
#1266 = VECTOR('',#1267,1.);
#1267 = DIRECTION('',(0.841736188501,-0.539889052461,0.));
#1268 = PLANE('',#1269);
#1269 = AXIS2_PLACEMENT_3D('',#1270,#1271,#1272);
#1270 = CARTESIAN_POINT('',(58.538670521859,-36.89901959954,17.));
#1271 = DIRECTION('',(0.,0.,1.));
#1272 = DIRECTION('',(1.,0.,-0.));
#1273 = SHELL_BASED_SURFACE_MODEL('',(#1274));
#1274 = OPEN_SHELL('',(#1275));
#1275 = ADVANCED_FACE('',(#1276),#1302,.T.);
#1276 = FACE_BOUND('',#1277,.T.);
#1277 = EDGE_LOOP('',(#1278,#1288,#1296));
#1278 = ORIENTED_EDGE('',*,*,#1279,.T.);
#1279 = EDGE_CURVE('',#1280,#1282,#1284,.T.);
#1280 = VERTEX_POINT('',#1281);
#1281 = CARTESIAN_POINT('',(49.5,-35.5,17.));
#1282 = VERTEX_POINT('',#1283);
#1283 = CARTESIAN_POINT('',(49.5,-40.,17.));
#1284 = LINE('',#1285,#1286);
#1285 = CARTESIAN_POINT('',(49.5,-35.5,17.));
#1286 = VECTOR('',#1287,1.);
#1287 = DIRECTION('',(0.,-1.,0.));
#1288 = ORIENTED_EDGE('',*,*,#1289,.T.);
#1289 = EDGE_CURVE('',#1282,#1290,#1292,.T.);
#1290 = VERTEX_POINT('',#1291);
#1291 = CARTESIAN_POINT('',(53.5,-35.5,17.));
#1292 = LINE('',#1293,#1294);
#1293 = CARTESIAN_POINT('',(49.5,-40.,17.));
#1294 = VECTOR('',#1295,1.);
#1295 = DIRECTION('',(0.66436383883,0.747409318684,0.));
#1296 = ORIENTED_EDGE('',*,*,#1297,.T.);
#1297 = EDGE_CURVE('',#1290,#1280,#1298,.T.);
#1298 = LINE('',#1299,#1300);
#1299 = CARTESIAN_POINT('',(53.5,-35.5,17.));
#1300 = VECTOR('',#1301,1.);
#1301 = DIRECTION('',(-1.,0.,0.));
#1302 = PLANE('',#1303);
#1303 = AXIS2_PLACEMENT_3D('',#1304,#1305,#1306);
#1304 = CARTESIAN_POINT('',(50.880199322349,-37.13019932234,17.));
#1305 = DIRECTION('',(0.,0.,1.));
#1306 = DIRECTION('',(1.,0.,-0.));
#1307 = SHELL_BASED_SURFACE_MODEL('',(#1308));
#1308 = OPEN_SHELL('',(#1309));
#1309 = ADVANCED_FACE('',(#1310),#1336,.T.);
#1310 = FACE_BOUND('',#1311,.T.);
#1311 = EDGE_LOOP('',(#1312,#1322,#1330));
#1312 = ORIENTED_EDGE('',*,*,#1313,.F.);
#1313 = EDGE_CURVE('',#1314,#1316,#1318,.T.);
#1314 = VERTEX_POINT('',#1315);
#1315 = CARTESIAN_POINT('',(53.5,-35.5,17.));
#1316 = VERTEX_POINT('',#1317);
#1317 = CARTESIAN_POINT('',(62.075000762939,-41.,17.));
#1318 = LINE('',#1319,#1320);
#1319 = CARTESIAN_POINT('',(53.5,-35.5,17.));
#1320 = VECTOR('',#1321,1.);
#1321 = DIRECTION('',(0.841736188501,-0.539889052461,0.));
#1322 = ORIENTED_EDGE('',*,*,#1323,.F.);
#1323 = EDGE_CURVE('',#1324,#1314,#1326,.T.);
#1324 = VERTEX_POINT('',#1325);
#1325 = CARTESIAN_POINT('',(49.5,-40.,17.));
#1326 = LINE('',#1327,#1328);
#1327 = CARTESIAN_POINT('',(49.5,-40.,17.));
#1328 = VECTOR('',#1329,1.);
#1329 = DIRECTION('',(0.66436383883,0.747409318684,0.));
#1330 = ORIENTED_EDGE('',*,*,#1331,.T.);
#1331 = EDGE_CURVE('',#1324,#1316,#1332,.T.);
#1332 = LINE('',#1333,#1334);
#1333 = CARTESIAN_POINT('',(49.5,-40.,17.));
#1334 = VECTOR('',#1335,1.);
#1335 = DIRECTION('',(0.996852975751,-7.927259763587E-02,0.));
#1336 = PLANE('',#1337);
#1337 = AXIS2_PLACEMENT_3D('',#1338,#1339,#1340);
#1338 = CARTESIAN_POINT('',(55.59877413396,-39.1302995283,17.));
#1339 = DIRECTION('',(0.,0.,1.));
#1340 = DIRECTION('',(1.,0.,-0.));
#1341 = SHELL_BASED_SURFACE_MODEL('',(#1342));
#1342 = OPEN_SHELL('',(#1343));
#1343 = ADVANCED_FACE('',(#1344),#1370,.T.);
#1344 = FACE_BOUND('',#1345,.T.);
#1345 = EDGE_LOOP('',(#1346,#1356,#1364));
#1346 = ORIENTED_EDGE('',*,*,#1347,.T.);
#1347 = EDGE_CURVE('',#1348,#1350,#1352,.T.);
#1348 = VERTEX_POINT('',#1349);
#1349 = CARTESIAN_POINT('',(-49.5,-40.,17.));
#1350 = VERTEX_POINT('',#1351);
#1351 = CARTESIAN_POINT('',(-54.57500076293,-41.,17.));
#1352 = LINE('',#1353,#1354);
#1353 = CARTESIAN_POINT('',(-49.5,-40.,17.));
#1354 = VECTOR('',#1355,1.);
#1355 = DIRECTION('',(-0.981134390664,-0.193326944466,0.));
#1356 = ORIENTED_EDGE('',*,*,#1357,.T.);
#1357 = EDGE_CURVE('',#1350,#1358,#1360,.T.);
#1358 = VERTEX_POINT('',#1359);
#1359 = CARTESIAN_POINT('',(49.5,-40.,17.));
#1360 = LINE('',#1361,#1362);
#1361 = CARTESIAN_POINT('',(-54.57500076293,-41.,17.));
#1362 = VECTOR('',#1363,1.);
#1363 = DIRECTION('',(0.999953841989,9.60801186316E-03,0.));
#1364 = ORIENTED_EDGE('',*,*,#1365,.T.);
#1365 = EDGE_CURVE('',#1358,#1348,#1366,.T.);
#1366 = LINE('',#1367,#1368);
#1367 = CARTESIAN_POINT('',(49.5,-40.,17.));
#1368 = VECTOR('',#1369,1.);
#1369 = DIRECTION('',(-1.,0.,0.));
#1370 = PLANE('',#1371);
#1371 = AXIS2_PLACEMENT_3D('',#1372,#1373,#1374);
#1372 = CARTESIAN_POINT('',(-2.560695342941,-40.26230764941,17.));
#1373 = DIRECTION('',(0.,0.,1.));
#1374 = DIRECTION('',(1.,0.,-0.));
#1375 = SHELL_BASED_SURFACE_MODEL('',(#1376));
#1376 = OPEN_SHELL('',(#1377));
#1377 = ADVANCED_FACE('',(#1378),#1404,.T.);
#1378 = FACE_BOUND('',#1379,.T.);
#1379 = EDGE_LOOP('',(#1380,#1390,#1398));
#1380 = ORIENTED_EDGE('',*,*,#1381,.F.);
#1381 = EDGE_CURVE('',#1382,#1384,#1386,.T.);
#1382 = VERTEX_POINT('',#1383);
#1383 = CARTESIAN_POINT('',(49.5,-40.,17.));
#1384 = VERTEX_POINT('',#1385);
#1385 = CARTESIAN_POINT('',(62.075000762939,-41.,17.));
#1386 = LINE('',#1387,#1388);
#1387 = CARTESIAN_POINT('',(49.5,-40.,17.));
#1388 = VECTOR('',#1389,1.);
#1389 = DIRECTION('',(0.996852975751,-7.927259763587E-02,0.));
#1390 = ORIENTED_EDGE('',*,*,#1391,.F.);
#1391 = EDGE_CURVE('',#1392,#1382,#1394,.T.);
#1392 = VERTEX_POINT('',#1393);
#1393 = CARTESIAN_POINT('',(-54.57500076293,-41.,17.));
#1394 = LINE('',#1395,#1396);
#1395 = CARTESIAN_POINT('',(-54.57500076293,-41.,17.));
#1396 = VECTOR('',#1397,1.);
#1397 = DIRECTION('',(0.999953841989,9.60801186316E-03,0.));
#1398 = ORIENTED_EDGE('',*,*,#1399,.T.);
#1399 = EDGE_CURVE('',#1392,#1384,#1400,.T.);
#1400 = LINE('',#1401,#1402);
#1401 = CARTESIAN_POINT('',(-54.57500076293,-41.,17.));
#1402 = VECTOR('',#1403,1.);
#1403 = DIRECTION('',(1.,0.,0.));
#1404 = PLANE('',#1405);
#1405 = AXIS2_PLACEMENT_3D('',#1406,#1407,#1408);
#1406 = CARTESIAN_POINT('',(3.758723662125,-40.74995232062,17.));
#1407 = DIRECTION('',(0.,0.,1.));
#1408 = DIRECTION('',(1.,0.,-0.));
#1409 = SHELL_BASED_SURFACE_MODEL('',(#1410));
#1410 = OPEN_SHELL('',(#1411));
#1411 = ADVANCED_FACE('',(#1412),#1438,.T.);
#1412 = FACE_BOUND('',#1413,.T.);
#1413 = EDGE_LOOP('',(#1414,#1424,#1432));
#1414 = ORIENTED_EDGE('',*,*,#1415,.T.);
#1415 = EDGE_CURVE('',#1416,#1418,#1420,.T.);
#1416 = VERTEX_POINT('',#1417);
#1417 = CARTESIAN_POINT('',(-53.5,-35.5,17.));
#1418 = VERTEX_POINT('',#1419);
#1419 = CARTESIAN_POINT('',(-54.57500076293,-41.,17.));
#1420 = LINE('',#1421,#1422);
#1421 = CARTESIAN_POINT('',(-53.5,-35.5,17.));
#1422 = VECTOR('',#1423,1.);
#1423 = DIRECTION('',(-0.191824926645,-0.981429160723,0.));
#1424 = ORIENTED_EDGE('',*,*,#1425,.F.);
#1425 = EDGE_CURVE('',#1426,#1418,#1428,.T.);
#1426 = VERTEX_POINT('',#1427);
#1427 = CARTESIAN_POINT('',(-49.5,-40.,17.));
#1428 = LINE('',#1429,#1430);
#1429 = CARTESIAN_POINT('',(-49.5,-40.,17.));
#1430 = VECTOR('',#1431,1.);
#1431 = DIRECTION('',(-0.981134390664,-0.193326944466,0.));
#1432 = ORIENTED_EDGE('',*,*,#1433,.F.);
#1433 = EDGE_CURVE('',#1416,#1426,#1434,.T.);
#1434 = LINE('',#1435,#1436);
#1435 = CARTESIAN_POINT('',(-53.5,-35.5,17.));
#1436 = VECTOR('',#1437,1.);
#1437 = DIRECTION('',(0.66436383883,-0.747409318684,0.));
#1438 = PLANE('',#1439);
#1439 = AXIS2_PLACEMENT_3D('',#1440,#1441,#1442);
#1440 = CARTESIAN_POINT('',(-52.51209395089,-38.76364431851,17.));
#1441 = DIRECTION('',(0.,0.,1.));
#1442 = DIRECTION('',(1.,0.,-0.));
#1443 = SHELL_BASED_SURFACE_MODEL('',(#1444));
#1444 = OPEN_SHELL('',(#1445));
#1445 = ADVANCED_FACE('',(#1446),#1472,.T.);
#1446 = FACE_BOUND('',#1447,.T.);
#1447 = EDGE_LOOP('',(#1448,#1458,#1466));
#1448 = ORIENTED_EDGE('',*,*,#1449,.T.);
#1449 = EDGE_CURVE('',#1450,#1452,#1454,.T.);
#1450 = VERTEX_POINT('',#1451);
#1451 = CARTESIAN_POINT('',(53.5,33.5,17.));
#1452 = VERTEX_POINT('',#1453);
#1453 = CARTESIAN_POINT('',(60.075000762939,33.5,17.));
#1454 = LINE('',#1455,#1456);
#1455 = CARTESIAN_POINT('',(53.5,33.5,17.));
#1456 = VECTOR('',#1457,1.);
#1457 = DIRECTION('',(1.,0.,0.));
#1458 = ORIENTED_EDGE('',*,*,#1459,.F.);
#1459 = EDGE_CURVE('',#1460,#1452,#1462,.T.);
#1460 = VERTEX_POINT('',#1461);
#1461 = CARTESIAN_POINT('',(53.5,35.5,17.));
#1462 = LINE('',#1463,#1464);
#1463 = CARTESIAN_POINT('',(53.5,35.5,17.));
#1464 = VECTOR('',#1465,1.);
#1465 = DIRECTION('',(0.9567179342,-0.291016828345,0.));
#1466 = ORIENTED_EDGE('',*,*,#1467,.T.);
#1467 = EDGE_CURVE('',#1460,#1450,#1468,.T.);
#1468 = LINE('',#1469,#1470);
#1469 = CARTESIAN_POINT('',(53.5,35.5,17.));
#1470 = VECTOR('',#1471,1.);
#1471 = DIRECTION('',(0.,-1.,0.));
#1472 = PLANE('',#1473);
#1473 = AXIS2_PLACEMENT_3D('',#1474,#1475,#1476);
#1474 = CARTESIAN_POINT('',(56.361863891728,34.074363510258,17.));
#1475 = DIRECTION('',(0.,0.,1.));
#1476 = DIRECTION('',(1.,0.,-0.));
#1477 = SHELL_BASED_SURFACE_MODEL('',(#1478));
#1478 = OPEN_SHELL('',(#1479));
#1479 = ADVANCED_FACE('',(#1480),#1506,.T.);
#1480 = FACE_BOUND('',#1481,.T.);
#1481 = EDGE_LOOP('',(#1482,#1492,#1500));
#1482 = ORIENTED_EDGE('',*,*,#1483,.T.);
#1483 = EDGE_CURVE('',#1484,#1486,#1488,.T.);
#1484 = VERTEX_POINT('',#1485);
#1485 = CARTESIAN_POINT('',(49.5,35.5,17.));
#1486 = VERTEX_POINT('',#1487);
#1487 = CARTESIAN_POINT('',(53.5,35.5,17.));
#1488 = LINE('',#1489,#1490);
#1489 = CARTESIAN_POINT('',(49.5,35.5,17.));
#1490 = VECTOR('',#1491,1.);
#1491 = DIRECTION('',(1.,0.,0.));
#1492 = ORIENTED_EDGE('',*,*,#1493,.F.);
#1493 = EDGE_CURVE('',#1494,#1486,#1496,.T.);
#1494 = VERTEX_POINT('',#1495);
#1495 = CARTESIAN_POINT('',(49.5,40.,17.));
#1496 = LINE('',#1497,#1498);
#1497 = CARTESIAN_POINT('',(49.5,40.,17.));
#1498 = VECTOR('',#1499,1.);
#1499 = DIRECTION('',(0.66436383883,-0.747409318684,0.));
#1500 = ORIENTED_EDGE('',*,*,#1501,.T.);
#1501 = EDGE_CURVE('',#1494,#1484,#1502,.T.);
#1502 = LINE('',#1503,#1504);
#1503 = CARTESIAN_POINT('',(49.5,40.,17.));
#1504 = VECTOR('',#1505,1.);
#1505 = DIRECTION('',(0.,-1.,0.));
#1506 = PLANE('',#1507);
#1507 = AXIS2_PLACEMENT_3D('',#1508,#1509,#1510);
#1508 = CARTESIAN_POINT('',(50.880199322349,37.130199322349,17.));
#1509 = DIRECTION('',(0.,0.,1.));
#1510 = DIRECTION('',(1.,0.,-0.));
#1511 = SHELL_BASED_SURFACE_MODEL('',(#1512));
#1512 = OPEN_SHELL('',(#1513));
#1513 = ADVANCED_FACE('',(#1514),#1540,.T.);
#1514 = FACE_BOUND('',#1515,.T.);
#1515 = EDGE_LOOP('',(#1516,#1526,#1534));
#1516 = ORIENTED_EDGE('',*,*,#1517,.T.);
#1517 = EDGE_CURVE('',#1518,#1520,#1522,.T.);
#1518 = VERTEX_POINT('',#1519);
#1519 = CARTESIAN_POINT('',(-53.5,-33.5,17.));
#1520 = VERTEX_POINT('',#1521);
#1521 = CARTESIAN_POINT('',(-60.07500076293,-33.5,17.));
#1522 = LINE('',#1523,#1524);
#1523 = CARTESIAN_POINT('',(-53.5,-33.5,17.));
#1524 = VECTOR('',#1525,1.);
#1525 = DIRECTION('',(-1.,0.,0.));
#1526 = ORIENTED_EDGE('',*,*,#1527,.T.);
#1527 = EDGE_CURVE('',#1520,#1528,#1530,.T.);
#1528 = VERTEX_POINT('',#1529);
#1529 = CARTESIAN_POINT('',(-53.5,-35.5,17.));
#1530 = LINE('',#1531,#1532);
#1531 = CARTESIAN_POINT('',(-60.07500076293,-33.5,17.));
#1532 = VECTOR('',#1533,1.);
#1533 = DIRECTION('',(0.9567179342,-0.291016828345,0.));
#1534 = ORIENTED_EDGE('',*,*,#1535,.T.);
#1535 = EDGE_CURVE('',#1528,#1518,#1536,.T.);
#1536 = LINE('',#1537,#1538);
#1537 = CARTESIAN_POINT('',(-53.5,-35.5,17.));
#1538 = VECTOR('',#1539,1.);
#1539 = DIRECTION('',(0.,1.,0.));
#1540 = PLANE('',#1541);
#1541 = AXIS2_PLACEMENT_3D('',#1542,#1543,#1544);
#1542 = CARTESIAN_POINT('',(-56.36186389172,-34.07436351025,17.));
#1543 = DIRECTION('',(0.,0.,1.));
#1544 = DIRECTION('',(1.,0.,-0.));
#1545 = SHELL_BASED_SURFACE_MODEL('',(#1546));
#1546 = OPEN_SHELL('',(#1547));
#1547 = ADVANCED_FACE('',(#1548),#1574,.T.);
#1548 = FACE_BOUND('',#1549,.T.);
#1549 = EDGE_LOOP('',(#1550,#1560,#1568));
#1550 = ORIENTED_EDGE('',*,*,#1551,.F.);
#1551 = EDGE_CURVE('',#1552,#1554,#1556,.T.);
#1552 = VERTEX_POINT('',#1553);
#1553 = CARTESIAN_POINT('',(-53.5,-35.5,17.));
#1554 = VERTEX_POINT('',#1555);
#1555 = CARTESIAN_POINT('',(-54.57500076293,-41.,17.));
#1556 = LINE('',#1557,#1558);
#1557 = CARTESIAN_POINT('',(-53.5,-35.5,17.));
#1558 = VECTOR('',#1559,1.);
#1559 = DIRECTION('',(-0.191824926645,-0.981429160723,0.));
#1560 = ORIENTED_EDGE('',*,*,#1561,.F.);
#1561 = EDGE_CURVE('',#1562,#1552,#1564,.T.);
#1562 = VERTEX_POINT('',#1563);
#1563 = CARTESIAN_POINT('',(-60.07500076293,-33.5,17.));
#1564 = LINE('',#1565,#1566);
#1565 = CARTESIAN_POINT('',(-60.07500076293,-33.5,17.));
#1566 = VECTOR('',#1567,1.);
#1567 = DIRECTION('',(0.9567179342,-0.291016828345,0.));
#1568 = ORIENTED_EDGE('',*,*,#1569,.T.);
#1569 = EDGE_CURVE('',#1562,#1554,#1570,.T.);
#1570 = LINE('',#1571,#1572);
#1571 = CARTESIAN_POINT('',(-60.07500076293,-33.5,17.));
#1572 = VECTOR('',#1573,1.);
#1573 = DIRECTION('',(0.591363663628,-0.806404995856,0.));
#1574 = PLANE('',#1575);
#1575 = AXIS2_PLACEMENT_3D('',#1576,#1577,#1578);
#1576 = CARTESIAN_POINT('',(-56.30937550561,-36.63948712613,17.));
#1577 = DIRECTION('',(0.,0.,1.));
#1578 = DIRECTION('',(1.,0.,-0.));
#1579 = SHELL_BASED_SURFACE_MODEL('',(#1580));
#1580 = OPEN_SHELL('',(#1581));
#1581 = ADVANCED_FACE('',(#1582),#1608,.T.);
#1582 = FACE_BOUND('',#1583,.T.);
#1583 = EDGE_LOOP('',(#1584,#1594,#1602));
#1584 = ORIENTED_EDGE('',*,*,#1585,.F.);
#1585 = EDGE_CURVE('',#1586,#1588,#1590,.T.);
#1586 = VERTEX_POINT('',#1587);
#1587 = CARTESIAN_POINT('',(-60.07500076293,-33.5,17.));
#1588 = VERTEX_POINT('',#1589);
#1589 = CARTESIAN_POINT('',(-54.57500076293,-41.,17.));
#1590 = LINE('',#1591,#1592);
#1591 = CARTESIAN_POINT('',(-60.07500076293,-33.5,17.));
#1592 = VECTOR('',#1593,1.);
#1593 = DIRECTION('',(0.591363663628,-0.806404995856,0.));
#1594 = ORIENTED_EDGE('',*,*,#1595,.T.);
#1595 = EDGE_CURVE('',#1586,#1596,#1598,.T.);
#1596 = VERTEX_POINT('',#1597);
#1597 = CARTESIAN_POINT('',(-62.07500076293,-33.5,17.));
#1598 = LINE('',#1599,#1600);
#1599 = CARTESIAN_POINT('',(-60.07500076293,-33.5,17.));
#1600 = VECTOR('',#1601,1.);
#1601 = DIRECTION('',(-1.,0.,0.));
#1602 = ORIENTED_EDGE('',*,*,#1603,.T.);
#1603 = EDGE_CURVE('',#1596,#1588,#1604,.T.);
#1604 = LINE('',#1605,#1606);
#1605 = CARTESIAN_POINT('',(-62.07500076293,-33.5,17.));
#1606 = VECTOR('',#1607,1.);
#1607 = DIRECTION('',(0.707106781187,-0.707106781187,0.));
#1608 = PLANE('',#1609);
#1609 = AXIS2_PLACEMENT_3D('',#1610,#1611,#1612);
#1610 = CARTESIAN_POINT('',(-58.15151678767,-36.90764585303,17.));
#1611 = DIRECTION('',(0.,0.,1.));
#1612 = DIRECTION('',(1.,0.,-0.));
#1613 = SHELL_BASED_SURFACE_MODEL('',(#1614));
#1614 = OPEN_SHELL('',(#1615));
#1615 = ADVANCED_FACE('',(#1616),#1642,.T.);
#1616 = FACE_BOUND('',#1617,.T.);
#1617 = EDGE_LOOP('',(#1618,#1628,#1636));
#1618 = ORIENTED_EDGE('',*,*,#1619,.T.);
#1619 = EDGE_CURVE('',#1620,#1622,#1624,.T.);
#1620 = VERTEX_POINT('',#1621);
#1621 = CARTESIAN_POINT('',(-62.07500076293,33.5,17.));
#1622 = VERTEX_POINT('',#1623);
#1623 = CARTESIAN_POINT('',(-62.07500076293,-33.5,17.));
#1624 = LINE('',#1625,#1626);
#1625 = CARTESIAN_POINT('',(-62.07500076293,33.5,17.));
#1626 = VECTOR('',#1627,1.);
#1627 = DIRECTION('',(0.,-1.,0.));
#1628 = ORIENTED_EDGE('',*,*,#1629,.F.);
#1629 = EDGE_CURVE('',#1630,#1622,#1632,.T.);
#1630 = VERTEX_POINT('',#1631);
#1631 = CARTESIAN_POINT('',(-60.07500076293,-33.5,17.));
#1632 = LINE('',#1633,#1634);
#1633 = CARTESIAN_POINT('',(-60.07500076293,-33.5,17.));
#1634 = VECTOR('',#1635,1.);
#1635 = DIRECTION('',(-1.,0.,0.));
#1636 = ORIENTED_EDGE('',*,*,#1637,.F.);
#1637 = EDGE_CURVE('',#1620,#1630,#1638,.T.);
#1638 = LINE('',#1639,#1640);
#1639 = CARTESIAN_POINT('',(-62.07500076293,33.5,17.));
#1640 = VECTOR('',#1641,1.);
#1641 = DIRECTION('',(2.983745564188E-02,-0.999554764003,0.));
#1642 = PLANE('',#1643);
#1643 = AXIS2_PLACEMENT_3D('',#1644,#1645,#1646);
#1644 = CARTESIAN_POINT('',(-61.56753973807,-0.492538975131,17.));
#1645 = DIRECTION('',(0.,0.,1.));
#1646 = DIRECTION('',(1.,0.,-0.));
#1647 = SHELL_BASED_SURFACE_MODEL('',(#1648));
#1648 = OPEN_SHELL('',(#1649));
#1649 = ADVANCED_FACE('',(#1650),#1676,.T.);
#1650 = FACE_BOUND('',#1651,.T.);
#1651 = EDGE_LOOP('',(#1652,#1662,#1670));
#1652 = ORIENTED_EDGE('',*,*,#1653,.F.);
#1653 = EDGE_CURVE('',#1654,#1656,#1658,.T.);
#1654 = VERTEX_POINT('',#1655);
#1655 = CARTESIAN_POINT('',(-62.07500076293,-33.5,8.5));
#1656 = VERTEX_POINT('',#1657);
#1657 = CARTESIAN_POINT('',(-62.07500076293,33.5,8.5));
#1658 = LINE('',#1659,#1660);
#1659 = CARTESIAN_POINT('',(-62.07500076293,-33.5,8.5));
#1660 = VECTOR('',#1661,1.);
#1661 = DIRECTION('',(0.,1.,0.));
#1662 = ORIENTED_EDGE('',*,*,#1663,.T.);
#1663 = EDGE_CURVE('',#1654,#1664,#1666,.T.);
#1664 = VERTEX_POINT('',#1665);
#1665 = CARTESIAN_POINT('',(-62.07500076293,33.5,17.));
#1666 = LINE('',#1667,#1668);
#1667 = CARTESIAN_POINT('',(-62.07500076293,-33.5,8.5));
#1668 = VECTOR('',#1669,1.);
#1669 = DIRECTION('',(0.,0.992048408016,0.125856887584));
#1670 = ORIENTED_EDGE('',*,*,#1671,.T.);
#1671 = EDGE_CURVE('',#1664,#1656,#1672,.T.);
#1672 = LINE('',#1673,#1674);
#1673 = CARTESIAN_POINT('',(-62.07500076293,33.5,17.));
#1674 = VECTOR('',#1675,1.);
#1675 = DIRECTION('',(0.,0.,-1.));
#1676 = PLANE('',#1677);
#1677 = AXIS2_PLACEMENT_3D('',#1678,#1679,#1680);
#1678 = CARTESIAN_POINT('',(-62.07500076293,1.990743279611,
    10.759256720389));
#1679 = DIRECTION('',(-1.,-0.,-0.));
#1680 = DIRECTION('',(0.,0.,-1.));
#1681 = SHELL_BASED_SURFACE_MODEL('',(#1682));
#1682 = OPEN_SHELL('',(#1683));
#1683 = ADVANCED_FACE('',(#1684),#1710,.T.);
#1684 = FACE_BOUND('',#1685,.T.);
#1685 = EDGE_LOOP('',(#1686,#1696,#1704));
#1686 = ORIENTED_EDGE('',*,*,#1687,.F.);
#1687 = EDGE_CURVE('',#1688,#1690,#1692,.T.);
#1688 = VERTEX_POINT('',#1689);
#1689 = CARTESIAN_POINT('',(-62.07500076293,33.5,17.));
#1690 = VERTEX_POINT('',#1691);
#1691 = CARTESIAN_POINT('',(-62.07500076293,-33.5,17.));
#1692 = LINE('',#1693,#1694);
#1693 = CARTESIAN_POINT('',(-62.07500076293,33.5,17.));
#1694 = VECTOR('',#1695,1.);
#1695 = DIRECTION('',(0.,-1.,0.));
#1696 = ORIENTED_EDGE('',*,*,#1697,.F.);
#1697 = EDGE_CURVE('',#1698,#1688,#1700,.T.);
#1698 = VERTEX_POINT('',#1699);
#1699 = CARTESIAN_POINT('',(-62.07500076293,-33.5,8.5));
#1700 = LINE('',#1701,#1702);
#1701 = CARTESIAN_POINT('',(-62.07500076293,-33.5,8.5));
#1702 = VECTOR('',#1703,1.);
#1703 = DIRECTION('',(0.,0.992048408016,0.125856887584));
#1704 = ORIENTED_EDGE('',*,*,#1705,.T.);
#1705 = EDGE_CURVE('',#1698,#1690,#1706,.T.);
#1706 = LINE('',#1707,#1708);
#1707 = CARTESIAN_POINT('',(-62.07500076293,-33.5,8.5));
#1708 = VECTOR('',#1709,1.);
#1709 = DIRECTION('',(0.,0.,1.));
#1710 = PLANE('',#1711);
#1711 = AXIS2_PLACEMENT_3D('',#1712,#1713,#1714);
#1712 = CARTESIAN_POINT('',(-62.07500076293,-1.990743279611,
    14.740743279611));
#1713 = DIRECTION('',(-1.,-0.,-0.));
#1714 = DIRECTION('',(0.,0.,-1.));
#1715 = SHELL_BASED_SURFACE_MODEL('',(#1716));
#1716 = OPEN_SHELL('',(#1717));
#1717 = ADVANCED_FACE('',(#1718),#1744,.T.);
#1718 = FACE_BOUND('',#1719,.T.);
#1719 = EDGE_LOOP('',(#1720,#1730,#1738));
#1720 = ORIENTED_EDGE('',*,*,#1721,.F.);
#1721 = EDGE_CURVE('',#1722,#1724,#1726,.T.);
#1722 = VERTEX_POINT('',#1723);
#1723 = CARTESIAN_POINT('',(62.075000762939,41.,8.5));
#1724 = VERTEX_POINT('',#1725);
#1725 = CARTESIAN_POINT('',(62.075000762939,41.,17.));
#1726 = LINE('',#1727,#1728);
#1727 = CARTESIAN_POINT('',(62.075000762939,41.,8.5));
#1728 = VECTOR('',#1729,1.);
#1729 = DIRECTION('',(0.,0.,1.));
#1730 = ORIENTED_EDGE('',*,*,#1731,.T.);
#1731 = EDGE_CURVE('',#1722,#1732,#1734,.T.);
#1732 = VERTEX_POINT('',#1733);
#1733 = CARTESIAN_POINT('',(-54.57500076293,41.,17.));
#1734 = LINE('',#1735,#1736);
#1735 = CARTESIAN_POINT('',(62.075000762939,41.,8.5));
#1736 = VECTOR('',#1737,1.);
#1737 = DIRECTION('',(-0.997355685666,0.,7.267486684324E-02));
#1738 = ORIENTED_EDGE('',*,*,#1739,.F.);
#1739 = EDGE_CURVE('',#1724,#1732,#1740,.T.);
#1740 = LINE('',#1741,#1742);
#1741 = CARTESIAN_POINT('',(62.075000762939,41.,17.));
#1742 = VECTOR('',#1743,1.);
#1743 = DIRECTION('',(-1.,0.,0.));
#1744 = PLANE('',#1745);
#1745 = AXIS2_PLACEMENT_3D('',#1746,#1747,#1748);
#1746 = CARTESIAN_POINT('',(5.797680725746,41.,14.797680725746));
#1747 = DIRECTION('',(0.,1.,0.));
#1748 = DIRECTION('',(0.,-0.,1.));
#1749 = SHELL_BASED_SURFACE_MODEL('',(#1750));
#1750 = OPEN_SHELL('',(#1751));
#1751 = ADVANCED_FACE('',(#1752),#1778,.T.);
#1752 = FACE_BOUND('',#1753,.T.);
#1753 = EDGE_LOOP('',(#1754,#1764,#1772));
#1754 = ORIENTED_EDGE('',*,*,#1755,.T.);
#1755 = EDGE_CURVE('',#1756,#1758,#1760,.T.);
#1756 = VERTEX_POINT('',#1757);
#1757 = CARTESIAN_POINT('',(-54.57500076293,41.,8.5));
#1758 = VERTEX_POINT('',#1759);
#1759 = CARTESIAN_POINT('',(-54.57500076293,41.,17.));
#1760 = LINE('',#1761,#1762);
#1761 = CARTESIAN_POINT('',(-54.57500076293,41.,8.5));
#1762 = VECTOR('',#1763,1.);
#1763 = DIRECTION('',(0.,0.,1.));
#1764 = ORIENTED_EDGE('',*,*,#1765,.F.);
#1765 = EDGE_CURVE('',#1766,#1758,#1768,.T.);
#1766 = VERTEX_POINT('',#1767);
#1767 = CARTESIAN_POINT('',(62.075000762939,41.,8.5));
#1768 = LINE('',#1769,#1770);
#1769 = CARTESIAN_POINT('',(62.075000762939,41.,8.5));
#1770 = VECTOR('',#1771,1.);
#1771 = DIRECTION('',(-0.997355685666,0.,7.267486684324E-02));
#1772 = ORIENTED_EDGE('',*,*,#1773,.F.);
#1773 = EDGE_CURVE('',#1756,#1766,#1774,.T.);
#1774 = LINE('',#1775,#1776);
#1775 = CARTESIAN_POINT('',(-54.57500076293,41.,8.5));
#1776 = VECTOR('',#1777,1.);
#1777 = DIRECTION('',(1.,0.,0.));
#1778 = PLANE('',#1779);
#1779 = AXIS2_PLACEMENT_3D('',#1780,#1781,#1782);
#1780 = CARTESIAN_POINT('',(1.702319274254,41.,10.702319274254));
#1781 = DIRECTION('',(0.,1.,0.));
#1782 = DIRECTION('',(0.,-0.,1.));
#1783 = SHELL_BASED_SURFACE_MODEL('',(#1784));
#1784 = OPEN_SHELL('',(#1785));
#1785 = ADVANCED_FACE('',(#1786),#1812,.T.);
#1786 = FACE_BOUND('',#1787,.T.);
#1787 = EDGE_LOOP('',(#1788,#1798,#1806));
#1788 = ORIENTED_EDGE('',*,*,#1789,.T.);
#1789 = EDGE_CURVE('',#1790,#1792,#1794,.T.);
#1790 = VERTEX_POINT('',#1791);
#1791 = CARTESIAN_POINT('',(-54.57500076293,-41.,17.));
#1792 = VERTEX_POINT('',#1793);
#1793 = CARTESIAN_POINT('',(-54.57500076293,-41.,8.5));
#1794 = LINE('',#1795,#1796);
#1795 = CARTESIAN_POINT('',(-54.57500076293,-41.,17.));
#1796 = VECTOR('',#1797,1.);
#1797 = DIRECTION('',(0.,0.,-1.));
#1798 = ORIENTED_EDGE('',*,*,#1799,.T.);
#1799 = EDGE_CURVE('',#1792,#1800,#1802,.T.);
#1800 = VERTEX_POINT('',#1801);
#1801 = CARTESIAN_POINT('',(62.075000762939,-41.,17.));
#1802 = LINE('',#1803,#1804);
#1803 = CARTESIAN_POINT('',(-54.57500076293,-41.,8.5));
#1804 = VECTOR('',#1805,1.);
#1805 = DIRECTION('',(0.997355685666,0.,7.267486684324E-02));
#1806 = ORIENTED_EDGE('',*,*,#1807,.F.);
#1807 = EDGE_CURVE('',#1790,#1800,#1808,.T.);
#1808 = LINE('',#1809,#1810);
#1809 = CARTESIAN_POINT('',(-54.57500076293,-41.,17.));
#1810 = VECTOR('',#1811,1.);
#1811 = DIRECTION('',(1.,0.,0.));
#1812 = PLANE('',#1813);
#1813 = AXIS2_PLACEMENT_3D('',#1814,#1815,#1816);
#1814 = CARTESIAN_POINT('',(1.702319274254,-41.,14.797680725746));
#1815 = DIRECTION('',(-0.,-1.,-0.));
#1816 = DIRECTION('',(0.,0.,-1.));
#1817 = SHELL_BASED_SURFACE_MODEL('',(#1818));
#1818 = OPEN_SHELL('',(#1819));
#1819 = ADVANCED_FACE('',(#1820),#1846,.T.);
#1820 = FACE_BOUND('',#1821,.T.);
#1821 = EDGE_LOOP('',(#1822,#1832,#1840));
#1822 = ORIENTED_EDGE('',*,*,#1823,.F.);
#1823 = EDGE_CURVE('',#1824,#1826,#1828,.T.);
#1824 = VERTEX_POINT('',#1825);
#1825 = CARTESIAN_POINT('',(62.075000762939,-41.,17.));
#1826 = VERTEX_POINT('',#1827);
#1827 = CARTESIAN_POINT('',(62.075000762939,-41.,8.5));
#1828 = LINE('',#1829,#1830);
#1829 = CARTESIAN_POINT('',(62.075000762939,-41.,17.));
#1830 = VECTOR('',#1831,1.);
#1831 = DIRECTION('',(0.,0.,-1.));
#1832 = ORIENTED_EDGE('',*,*,#1833,.F.);
#1833 = EDGE_CURVE('',#1834,#1824,#1836,.T.);
#1834 = VERTEX_POINT('',#1835);
#1835 = CARTESIAN_POINT('',(-54.57500076293,-41.,8.5));
#1836 = LINE('',#1837,#1838);
#1837 = CARTESIAN_POINT('',(-54.57500076293,-41.,8.5));
#1838 = VECTOR('',#1839,1.);
#1839 = DIRECTION('',(0.997355685666,0.,7.267486684324E-02));
#1840 = ORIENTED_EDGE('',*,*,#1841,.F.);
#1841 = EDGE_CURVE('',#1826,#1834,#1842,.T.);
#1842 = LINE('',#1843,#1844);
#1843 = CARTESIAN_POINT('',(62.075000762939,-41.,8.5));
#1844 = VECTOR('',#1845,1.);
#1845 = DIRECTION('',(-1.,0.,0.));
#1846 = PLANE('',#1847);
#1847 = AXIS2_PLACEMENT_3D('',#1848,#1849,#1850);
#1848 = CARTESIAN_POINT('',(5.797680725746,-41.,10.702319274254));
#1849 = DIRECTION('',(-0.,-1.,-0.));
#1850 = DIRECTION('',(0.,0.,-1.));
#1851 = SHELL_BASED_SURFACE_MODEL('',(#1852));
#1852 = OPEN_SHELL('',(#1853));
#1853 = ADVANCED_FACE('',(#1854),#1880,.T.);
#1854 = FACE_BOUND('',#1855,.T.);
#1855 = EDGE_LOOP('',(#1856,#1866,#1874));
#1856 = ORIENTED_EDGE('',*,*,#1857,.F.);
#1857 = EDGE_CURVE('',#1858,#1860,#1862,.T.);
#1858 = VERTEX_POINT('',#1859);
#1859 = CARTESIAN_POINT('',(63.75,-42.67499923706,2.));
#1860 = VERTEX_POINT('',#1861);
#1861 = CARTESIAN_POINT('',(63.75,42.674999237061,2.));
#1862 = LINE('',#1863,#1864);
#1863 = CARTESIAN_POINT('',(63.75,-42.67499923706,2.));
#1864 = VECTOR('',#1865,1.);
#1865 = DIRECTION('',(0.,1.,0.));
#1866 = ORIENTED_EDGE('',*,*,#1867,.T.);
#1867 = EDGE_CURVE('',#1858,#1868,#1870,.T.);
#1868 = VERTEX_POINT('',#1869);
#1869 = CARTESIAN_POINT('',(53.5,-35.5,2.));
#1870 = LINE('',#1871,#1872);
#1871 = CARTESIAN_POINT('',(63.75,-42.67499923706,2.));
#1872 = VECTOR('',#1873,1.);
#1873 = DIRECTION('',(-0.819231949166,0.573462303439,0.));
#1874 = ORIENTED_EDGE('',*,*,#1875,.T.);
#1875 = EDGE_CURVE('',#1868,#1860,#1876,.T.);
#1876 = LINE('',#1877,#1878);
#1877 = CARTESIAN_POINT('',(53.5,-35.5,2.));
#1878 = VECTOR('',#1879,1.);
#1879 = DIRECTION('',(0.130003377009,0.991513551075,0.));
#1880 = PLANE('',#1881);
#1881 = AXIS2_PLACEMENT_3D('',#1882,#1883,#1884);
#1882 = CARTESIAN_POINT('',(61.100406492667,-1.166903338852,2.));
#1883 = DIRECTION('',(-0.,-0.,-1.));
#1884 = DIRECTION('',(-1.,0.,0.));
#1885 = SHELL_BASED_SURFACE_MODEL('',(#1886));
#1886 = OPEN_SHELL('',(#1887));
#1887 = ADVANCED_FACE('',(#1888),#1914,.T.);
#1888 = FACE_BOUND('',#1889,.T.);
#1889 = EDGE_LOOP('',(#1890,#1900,#1908));
#1890 = ORIENTED_EDGE('',*,*,#1891,.F.);
#1891 = EDGE_CURVE('',#1892,#1894,#1896,.T.);
#1892 = VERTEX_POINT('',#1893);
#1893 = CARTESIAN_POINT('',(63.75,-42.67499923706,2.));
#1894 = VERTEX_POINT('',#1895);
#1895 = CARTESIAN_POINT('',(53.5,-35.5,2.));
#1896 = LINE('',#1897,#1898);
#1897 = CARTESIAN_POINT('',(63.75,-42.67499923706,2.));
#1898 = VECTOR('',#1899,1.);
#1899 = DIRECTION('',(-0.819231949166,0.573462303439,0.));
#1900 = ORIENTED_EDGE('',*,*,#1901,.T.);
#1901 = EDGE_CURVE('',#1892,#1902,#1904,.T.);
#1902 = VERTEX_POINT('',#1903);
#1903 = CARTESIAN_POINT('',(-53.5,-35.5,2.));
#1904 = LINE('',#1905,#1906);
#1905 = CARTESIAN_POINT('',(63.75,-42.67499923706,2.));
#1906 = VECTOR('',#1907,1.);
#1907 = DIRECTION('',(-0.998132887963,6.107976724622E-02,0.));
#1908 = ORIENTED_EDGE('',*,*,#1909,.T.);
#1909 = EDGE_CURVE('',#1902,#1894,#1910,.T.);
#1910 = LINE('',#1911,#1912);
#1911 = CARTESIAN_POINT('',(-53.5,-35.5,2.));
#1912 = VECTOR('',#1913,1.);
#1913 = DIRECTION('',(1.,0.,0.));
#1914 = PLANE('',#1915);
#1915 = AXIS2_PLACEMENT_3D('',#1916,#1917,#1918);
#1916 = CARTESIAN_POINT('',(5.635597667892,-37.46769726181,2.));
#1917 = DIRECTION('',(-0.,-0.,-1.));
#1918 = DIRECTION('',(-1.,0.,0.));
#1919 = SHELL_BASED_SURFACE_MODEL('',(#1920));
#1920 = OPEN_SHELL('',(#1921));
#1921 = ADVANCED_FACE('',(#1922),#1948,.T.);
#1922 = FACE_BOUND('',#1923,.T.);
#1923 = EDGE_LOOP('',(#1924,#1934,#1942));
#1924 = ORIENTED_EDGE('',*,*,#1925,.T.);
#1925 = EDGE_CURVE('',#1926,#1928,#1930,.T.);
#1926 = VERTEX_POINT('',#1927);
#1927 = CARTESIAN_POINT('',(-53.5,35.5,2.));
#1928 = VERTEX_POINT('',#1929);
#1929 = CARTESIAN_POINT('',(-53.5,-35.5,2.));
#1930 = LINE('',#1931,#1932);
#1931 = CARTESIAN_POINT('',(-53.5,35.5,2.));
#1932 = VECTOR('',#1933,1.);
#1933 = DIRECTION('',(0.,-1.,0.));
#1934 = ORIENTED_EDGE('',*,*,#1935,.T.);
#1935 = EDGE_CURVE('',#1928,#1936,#1938,.T.);
#1936 = VERTEX_POINT('',#1937);
#1937 = CARTESIAN_POINT('',(-63.75,-42.67499923706,2.));
#1938 = LINE('',#1939,#1940);
#1939 = CARTESIAN_POINT('',(-53.5,-35.5,2.));
#1940 = VECTOR('',#1941,1.);
#1941 = DIRECTION('',(-0.819231949166,-0.573462303439,0.));
#1942 = ORIENTED_EDGE('',*,*,#1943,.T.);
#1943 = EDGE_CURVE('',#1936,#1926,#1944,.T.);
#1944 = LINE('',#1945,#1946);
#1945 = CARTESIAN_POINT('',(-63.75,-42.67499923706,2.));
#1946 = VECTOR('',#1947,1.);
#1947 = DIRECTION('',(0.130003377009,0.991513551075,0.));
#1948 = PLANE('',#1949);
#1949 = AXIS2_PLACEMENT_3D('',#1950,#1951,#1952);
#1950 = CARTESIAN_POINT('',(-56.38378074908,-4.754402957383,2.));
#1951 = DIRECTION('',(-0.,-0.,-1.));
#1952 = DIRECTION('',(-1.,0.,0.));
#1953 = SHELL_BASED_SURFACE_MODEL('',(#1954));
#1954 = OPEN_SHELL('',(#1955));
#1955 = ADVANCED_FACE('',(#1956),#1982,.T.);
#1956 = FACE_BOUND('',#1957,.T.);
#1957 = EDGE_LOOP('',(#1958,#1968,#1976));
#1958 = ORIENTED_EDGE('',*,*,#1959,.F.);
#1959 = EDGE_CURVE('',#1960,#1962,#1964,.T.);
#1960 = VERTEX_POINT('',#1961);
#1961 = CARTESIAN_POINT('',(-63.75,-42.67499923706,2.));
#1962 = VERTEX_POINT('',#1963);
#1963 = CARTESIAN_POINT('',(63.75,-42.67499923706,2.));
#1964 = LINE('',#1965,#1966);
#1965 = CARTESIAN_POINT('',(-63.75,-42.67499923706,2.));
#1966 = VECTOR('',#1967,1.);
#1967 = DIRECTION('',(1.,0.,0.));
#1968 = ORIENTED_EDGE('',*,*,#1969,.F.);
#1969 = EDGE_CURVE('',#1970,#1960,#1972,.T.);
#1970 = VERTEX_POINT('',#1971);
#1971 = CARTESIAN_POINT('',(-53.5,-35.5,2.));
#1972 = LINE('',#1973,#1974);
#1973 = CARTESIAN_POINT('',(-53.5,-35.5,2.));
#1974 = VECTOR('',#1975,1.);
#1975 = DIRECTION('',(-0.819231949166,-0.573462303439,0.));
#1976 = ORIENTED_EDGE('',*,*,#1977,.F.);
#1977 = EDGE_CURVE('',#1962,#1970,#1978,.T.);
#1978 = LINE('',#1979,#1980);
#1979 = CARTESIAN_POINT('',(63.75,-42.67499923706,2.));
#1980 = VECTOR('',#1981,1.);
#1981 = DIRECTION('',(-0.998132887963,6.107976724622E-02,0.));
#1982 = PLANE('',#1983);
#1983 = AXIS2_PLACEMENT_3D('',#1984,#1985,#1986);
#1984 = CARTESIAN_POINT('',(-0.510597667892,-40.86396513265,2.));
#1985 = DIRECTION('',(-0.,-0.,-1.));
#1986 = DIRECTION('',(-1.,0.,0.));
#1987 = SHELL_BASED_SURFACE_MODEL('',(#1988));
#1988 = OPEN_SHELL('',(#1989));
#1989 = ADVANCED_FACE('',(#1990),#2016,.T.);
#1990 = FACE_BOUND('',#1991,.T.);
#1991 = EDGE_LOOP('',(#1992,#2002,#2010));
#1992 = ORIENTED_EDGE('',*,*,#1993,.T.);
#1993 = EDGE_CURVE('',#1994,#1996,#1998,.T.);
#1994 = VERTEX_POINT('',#1995);
#1995 = CARTESIAN_POINT('',(53.5,-35.5,2.));
#1996 = VERTEX_POINT('',#1997);
#1997 = CARTESIAN_POINT('',(53.5,35.5,2.));
#1998 = LINE('',#1999,#2000);
#1999 = CARTESIAN_POINT('',(53.5,-35.5,2.));
#2000 = VECTOR('',#2001,1.);
#2001 = DIRECTION('',(0.,1.,0.));
#2002 = ORIENTED_EDGE('',*,*,#2003,.T.);
#2003 = EDGE_CURVE('',#1996,#2004,#2006,.T.);
#2004 = VERTEX_POINT('',#2005);
#2005 = CARTESIAN_POINT('',(63.75,42.674999237061,2.));
#2006 = LINE('',#2007,#2008);
#2007 = CARTESIAN_POINT('',(53.5,35.5,2.));
#2008 = VECTOR('',#2009,1.);
#2009 = DIRECTION('',(0.819231949166,0.573462303439,0.));
#2010 = ORIENTED_EDGE('',*,*,#2011,.F.);
#2011 = EDGE_CURVE('',#1994,#2004,#2012,.T.);
#2012 = LINE('',#2013,#2014);
#2013 = CARTESIAN_POINT('',(53.5,-35.5,2.));
#2014 = VECTOR('',#2015,1.);
#2015 = DIRECTION('',(0.130003377009,0.991513551075,0.));
#2016 = PLANE('',#2017);
#2017 = AXIS2_PLACEMENT_3D('',#2018,#2019,#2020);
#2018 = CARTESIAN_POINT('',(56.38378074908,4.754402957383,2.));
#2019 = DIRECTION('',(-0.,-0.,-1.));
#2020 = DIRECTION('',(-1.,0.,0.));
#2021 = SHELL_BASED_SURFACE_MODEL('',(#2022));
#2022 = OPEN_SHELL('',(#2023));
#2023 = ADVANCED_FACE('',(#2024),#2050,.T.);
#2024 = FACE_BOUND('',#2025,.T.);
#2025 = EDGE_LOOP('',(#2026,#2036,#2044));
#2026 = ORIENTED_EDGE('',*,*,#2027,.T.);
#2027 = EDGE_CURVE('',#2028,#2030,#2032,.T.);
#2028 = VERTEX_POINT('',#2029);
#2029 = CARTESIAN_POINT('',(53.5,35.5,2.));
#2030 = VERTEX_POINT('',#2031);
#2031 = CARTESIAN_POINT('',(-53.5,35.5,2.));
#2032 = LINE('',#2033,#2034);
#2033 = CARTESIAN_POINT('',(53.5,35.5,2.));
#2034 = VECTOR('',#2035,1.);
#2035 = DIRECTION('',(-1.,0.,0.));
#2036 = ORIENTED_EDGE('',*,*,#2037,.T.);
#2037 = EDGE_CURVE('',#2030,#2038,#2040,.T.);
#2038 = VERTEX_POINT('',#2039);
#2039 = CARTESIAN_POINT('',(63.75,42.674999237061,2.));
#2040 = LINE('',#2041,#2042);
#2041 = CARTESIAN_POINT('',(-53.5,35.5,2.));
#2042 = VECTOR('',#2043,1.);
#2043 = DIRECTION('',(0.998132887963,6.107976724622E-02,0.));
#2044 = ORIENTED_EDGE('',*,*,#2045,.F.);
#2045 = EDGE_CURVE('',#2028,#2038,#2046,.T.);
#2046 = LINE('',#2047,#2048);
#2047 = CARTESIAN_POINT('',(53.5,35.5,2.));
#2048 = VECTOR('',#2049,1.);
#2049 = DIRECTION('',(0.819231949166,0.573462303439,0.));
#2050 = PLANE('',#2051);
#2051 = AXIS2_PLACEMENT_3D('',#2052,#2053,#2054);
#2052 = CARTESIAN_POINT('',(5.635597667892,37.467697261811,2.));
#2053 = DIRECTION('',(-0.,-0.,-1.));
#2054 = DIRECTION('',(-1.,0.,0.));
#2055 = SHELL_BASED_SURFACE_MODEL('',(#2056));
#2056 = OPEN_SHELL('',(#2057));
#2057 = ADVANCED_FACE('',(#2058),#2084,.T.);
#2058 = FACE_BOUND('',#2059,.T.);
#2059 = EDGE_LOOP('',(#2060,#2070,#2078));
#2060 = ORIENTED_EDGE('',*,*,#2061,.F.);
#2061 = EDGE_CURVE('',#2062,#2064,#2066,.T.);
#2062 = VERTEX_POINT('',#2063);
#2063 = CARTESIAN_POINT('',(-53.5,35.5,2.));
#2064 = VERTEX_POINT('',#2065);
#2065 = CARTESIAN_POINT('',(63.75,42.674999237061,2.));
#2066 = LINE('',#2067,#2068);
#2067 = CARTESIAN_POINT('',(-53.5,35.5,2.));
#2068 = VECTOR('',#2069,1.);
#2069 = DIRECTION('',(0.998132887963,6.107976724622E-02,0.));
#2070 = ORIENTED_EDGE('',*,*,#2071,.T.);
#2071 = EDGE_CURVE('',#2062,#2072,#2074,.T.);
#2072 = VERTEX_POINT('',#2073);
#2073 = CARTESIAN_POINT('',(-63.75,42.674999237061,2.));
#2074 = LINE('',#2075,#2076);
#2075 = CARTESIAN_POINT('',(-53.5,35.5,2.));
#2076 = VECTOR('',#2077,1.);
#2077 = DIRECTION('',(-0.819231949166,0.573462303439,0.));
#2078 = ORIENTED_EDGE('',*,*,#2079,.F.);
#2079 = EDGE_CURVE('',#2064,#2072,#2080,.T.);
#2080 = LINE('',#2081,#2082);
#2081 = CARTESIAN_POINT('',(63.75,42.674999237061,2.));
#2082 = VECTOR('',#2083,1.);
#2083 = DIRECTION('',(-1.,0.,0.));
#2084 = PLANE('',#2085);
#2085 = AXIS2_PLACEMENT_3D('',#2086,#2087,#2088);
#2086 = CARTESIAN_POINT('',(-0.510597667892,40.863965132652,2.));
#2087 = DIRECTION('',(-0.,-0.,-1.));
#2088 = DIRECTION('',(-1.,0.,0.));
#2089 = SHELL_BASED_SURFACE_MODEL('',(#2090));
#2090 = OPEN_SHELL('',(#2091));
#2091 = ADVANCED_FACE('',(#2092),#2118,.T.);
#2092 = FACE_BOUND('',#2093,.T.);
#2093 = EDGE_LOOP('',(#2094,#2104,#2112));
#2094 = ORIENTED_EDGE('',*,*,#2095,.F.);
#2095 = EDGE_CURVE('',#2096,#2098,#2100,.T.);
#2096 = VERTEX_POINT('',#2097);
#2097 = CARTESIAN_POINT('',(-63.75,42.674999237061,2.));
#2098 = VERTEX_POINT('',#2099);
#2099 = CARTESIAN_POINT('',(-63.75,-42.67499923706,2.));
#2100 = LINE('',#2101,#2102);
#2101 = CARTESIAN_POINT('',(-63.75,42.674999237061,2.));
#2102 = VECTOR('',#2103,1.);
#2103 = DIRECTION('',(0.,-1.,0.));
#2104 = ORIENTED_EDGE('',*,*,#2105,.F.);
#2105 = EDGE_CURVE('',#2106,#2096,#2108,.T.);
#2106 = VERTEX_POINT('',#2107);
#2107 = CARTESIAN_POINT('',(-53.5,35.5,2.));
#2108 = LINE('',#2109,#2110);
#2109 = CARTESIAN_POINT('',(-53.5,35.5,2.));
#2110 = VECTOR('',#2111,1.);
#2111 = DIRECTION('',(-0.819231949166,0.573462303439,0.));
#2112 = ORIENTED_EDGE('',*,*,#2113,.F.);
#2113 = EDGE_CURVE('',#2098,#2106,#2114,.T.);
#2114 = LINE('',#2115,#2116);
#2115 = CARTESIAN_POINT('',(-63.75,-42.67499923706,2.));
#2116 = VECTOR('',#2117,1.);
#2117 = DIRECTION('',(0.130003377009,0.991513551075,0.));
#2118 = PLANE('',#2119);
#2119 = AXIS2_PLACEMENT_3D('',#2120,#2121,#2122);
#2120 = CARTESIAN_POINT('',(-61.10040649266,1.166903338852,2.));
#2121 = DIRECTION('',(-0.,-0.,-1.));
#2122 = DIRECTION('',(-1.,0.,0.));
#2123 = SHELL_BASED_SURFACE_MODEL('',(#2124));
#2124 = OPEN_SHELL('',(#2125));
#2125 = ADVANCED_FACE('',(#2126),#2152,.T.);
#2126 = FACE_BOUND('',#2127,.T.);
#2127 = EDGE_LOOP('',(#2128,#2138,#2146));
#2128 = ORIENTED_EDGE('',*,*,#2129,.T.);
#2129 = EDGE_CURVE('',#2130,#2132,#2134,.T.);
#2130 = VERTEX_POINT('',#2131);
#2131 = CARTESIAN_POINT('',(-63.75,42.674999237061,1.239200355485E-05));
#2132 = VERTEX_POINT('',#2133);
#2133 = CARTESIAN_POINT('',(-63.75,42.674987792969,9.536743164062E-07));
#2134 = LINE('',#2135,#2136);
#2135 = CARTESIAN_POINT('',(-63.75,42.674999237061,1.239200355485E-05));
#2136 = VECTOR('',#2137,1.);
#2137 = DIRECTION('',(0.,-0.70728483188,-0.706928685648));
#2138 = ORIENTED_EDGE('',*,*,#2139,.T.);
#2139 = EDGE_CURVE('',#2132,#2140,#2142,.T.);
#2140 = VERTEX_POINT('',#2141);
#2141 = CARTESIAN_POINT('',(-63.75,42.674999237061,1.99999332428));
#2142 = LINE('',#2143,#2144);
#2143 = CARTESIAN_POINT('',(-63.75,42.674987792969,9.536743164062E-07));
#2144 = VECTOR('',#2145,1.);
#2145 = DIRECTION('',(0.,5.7220677263E-06,0.999999999984));
#2146 = ORIENTED_EDGE('',*,*,#2147,.T.);
#2147 = EDGE_CURVE('',#2140,#2130,#2148,.T.);
#2148 = LINE('',#2149,#2150);
#2149 = CARTESIAN_POINT('',(-63.75,42.674999237061,1.99999332428));
#2150 = VECTOR('',#2151,1.);
#2151 = DIRECTION('',(0.,0.,-1.));
#2152 = PLANE('',#2153);
#2153 = AXIS2_PLACEMENT_3D('',#2154,#2155,#2156);
#2154 = CARTESIAN_POINT('',(-63.75,42.674996376018,0.999995953489));
#2155 = DIRECTION('',(-1.,-0.,-0.));
#2156 = DIRECTION('',(0.,0.,-1.));
#2157 = SHELL_BASED_SURFACE_MODEL('',(#2158));
#2158 = OPEN_SHELL('',(#2159));
#2159 = ADVANCED_FACE('',(#2160),#2186,.T.);
#2160 = FACE_BOUND('',#2161,.T.);
#2161 = EDGE_LOOP('',(#2162,#2172,#2180));
#2162 = ORIENTED_EDGE('',*,*,#2163,.T.);
#2163 = EDGE_CURVE('',#2164,#2166,#2168,.T.);
#2164 = VERTEX_POINT('',#2165);
#2165 = CARTESIAN_POINT('',(-63.75,42.674987792969,9.536743164062E-07));
#2166 = VERTEX_POINT('',#2167);
#2167 = CARTESIAN_POINT('',(-63.75,-42.67498779296,9.536743164062E-07));
#2168 = LINE('',#2169,#2170);
#2169 = CARTESIAN_POINT('',(-63.75,42.674987792969,9.536743164062E-07));
#2170 = VECTOR('',#2171,1.);
#2171 = DIRECTION('',(0.,-1.,0.));
#2172 = ORIENTED_EDGE('',*,*,#2173,.T.);
#2173 = EDGE_CURVE('',#2166,#2174,#2176,.T.);
#2174 = VERTEX_POINT('',#2175);
#2175 = CARTESIAN_POINT('',(-63.75,42.674999237061,1.99999332428));
#2176 = LINE('',#2177,#2178);
#2177 = CARTESIAN_POINT('',(-63.75,-42.67498779296,9.536743164062E-07));
#2178 = VECTOR('',#2179,1.);
#2179 = DIRECTION('',(0.,0.999725564079,2.342640661625E-02));
#2180 = ORIENTED_EDGE('',*,*,#2181,.F.);
#2181 = EDGE_CURVE('',#2164,#2174,#2182,.T.);
#2182 = LINE('',#2183,#2184);
#2183 = CARTESIAN_POINT('',(-63.75,42.674987792969,9.536743164062E-07));
#2184 = VECTOR('',#2185,1.);
#2185 = DIRECTION('',(0.,5.7220677263E-06,0.999999999984));
#2186 = PLANE('',#2187);
#2187 = AXIS2_PLACEMENT_3D('',#2188,#2189,#2190);
#2188 = CARTESIAN_POINT('',(-63.75,0.494143570631,0.505856462893));
#2189 = DIRECTION('',(-1.,-0.,-0.));
#2190 = DIRECTION('',(0.,0.,-1.));
#2191 = SHELL_BASED_SURFACE_MODEL('',(#2192));
#2192 = OPEN_SHELL('',(#2193));
#2193 = ADVANCED_FACE('',(#2194),#2220,.T.);
#2194 = FACE_BOUND('',#2195,.T.);
#2195 = EDGE_LOOP('',(#2196,#2206,#2214));
#2196 = ORIENTED_EDGE('',*,*,#2197,.T.);
#2197 = EDGE_CURVE('',#2198,#2200,#2202,.T.);
#2198 = VERTEX_POINT('',#2199);
#2199 = CARTESIAN_POINT('',(-63.75,-42.67499923706,1.239200355485E-05));
#2200 = VERTEX_POINT('',#2201);
#2201 = CARTESIAN_POINT('',(-63.75,-42.67499923706,1.99999332428));
#2202 = LINE('',#2203,#2204);
#2203 = CARTESIAN_POINT('',(-63.75,-42.67499923706,1.239200355485E-05));
#2204 = VECTOR('',#2205,1.);
#2205 = DIRECTION('',(0.,0.,1.));
#2206 = ORIENTED_EDGE('',*,*,#2207,.T.);
#2207 = EDGE_CURVE('',#2200,#2208,#2210,.T.);
#2208 = VERTEX_POINT('',#2209);
#2209 = CARTESIAN_POINT('',(-63.75,-42.67498779296,9.536743164062E-07));
#2210 = LINE('',#2211,#2212);
#2211 = CARTESIAN_POINT('',(-63.75,-42.67499923706,1.99999332428));
#2212 = VECTOR('',#2213,1.);
#2213 = DIRECTION('',(0.,5.7220677263E-06,-0.999999999984));
#2214 = ORIENTED_EDGE('',*,*,#2215,.T.);
#2215 = EDGE_CURVE('',#2208,#2198,#2216,.T.);
#2216 = LINE('',#2217,#2218);
#2217 = CARTESIAN_POINT('',(-63.75,-42.67498779296,9.536743164062E-07));
#2218 = VECTOR('',#2219,1.);
#2219 = DIRECTION('',(0.,-0.70728483188,0.706928685648));
#2220 = PLANE('',#2221);
#2221 = AXIS2_PLACEMENT_3D('',#2222,#2223,#2224);
#2222 = CARTESIAN_POINT('',(-63.75,-42.67499637601,0.999995953489));
#2223 = DIRECTION('',(-1.,-0.,-0.));
#2224 = DIRECTION('',(0.,0.,-1.));
#2225 = SHELL_BASED_SURFACE_MODEL('',(#2226));
#2226 = OPEN_SHELL('',(#2227));
#2227 = ADVANCED_FACE('',(#2228),#2254,.T.);
#2228 = FACE_BOUND('',#2229,.T.);
#2229 = EDGE_LOOP('',(#2230,#2240,#2248));
#2230 = ORIENTED_EDGE('',*,*,#2231,.F.);
#2231 = EDGE_CURVE('',#2232,#2234,#2236,.T.);
#2232 = VERTEX_POINT('',#2233);
#2233 = CARTESIAN_POINT('',(-63.75,-42.67498779296,9.536743164062E-07));
#2234 = VERTEX_POINT('',#2235);
#2235 = CARTESIAN_POINT('',(-63.75,42.674999237061,1.99999332428));
#2236 = LINE('',#2237,#2238);
#2237 = CARTESIAN_POINT('',(-63.75,-42.67498779296,9.536743164062E-07));
#2238 = VECTOR('',#2239,1.);
#2239 = DIRECTION('',(0.,0.999725564079,2.342640661625E-02));
#2240 = ORIENTED_EDGE('',*,*,#2241,.F.);
#2241 = EDGE_CURVE('',#2242,#2232,#2244,.T.);
#2242 = VERTEX_POINT('',#2243);
#2243 = CARTESIAN_POINT('',(-63.75,-42.67499923706,1.99999332428));
#2244 = LINE('',#2245,#2246);
#2245 = CARTESIAN_POINT('',(-63.75,-42.67499923706,1.99999332428));
#2246 = VECTOR('',#2247,1.);
#2247 = DIRECTION('',(0.,5.7220677263E-06,-0.999999999984));
#2248 = ORIENTED_EDGE('',*,*,#2249,.T.);
#2249 = EDGE_CURVE('',#2242,#2234,#2250,.T.);
#2250 = LINE('',#2251,#2252);
#2251 = CARTESIAN_POINT('',(-63.75,-42.67499923706,1.99999332428));
#2252 = VECTOR('',#2253,1.);
#2253 = DIRECTION('',(0.,1.,0.));
#2254 = PLANE('',#2255);
#2255 = AXIS2_PLACEMENT_3D('',#2256,#2257,#2258);
#2256 = CARTESIAN_POINT('',(-63.75,-0.494137848586,1.494137882094));
#2257 = DIRECTION('',(-1.,-0.,-0.));
#2258 = DIRECTION('',(0.,0.,-1.));
#2259 = SHELL_BASED_SURFACE_MODEL('',(#2260));
#2260 = OPEN_SHELL('',(#2261));
#2261 = ADVANCED_FACE('',(#2262),#2288,.T.);
#2262 = FACE_BOUND('',#2263,.T.);
#2263 = EDGE_LOOP('',(#2264,#2274,#2282));
#2264 = ORIENTED_EDGE('',*,*,#2265,.T.);
#2265 = EDGE_CURVE('',#2266,#2268,#2270,.T.);
#2266 = VERTEX_POINT('',#2267);
#2267 = CARTESIAN_POINT('',(63.75,42.674999237061,1.239200355485E-05));
#2268 = VERTEX_POINT('',#2269);
#2269 = CARTESIAN_POINT('',(63.75,42.674999237061,1.99999332428));
#2270 = LINE('',#2271,#2272);
#2271 = CARTESIAN_POINT('',(63.75,42.674999237061,1.239200355485E-05));
#2272 = VECTOR('',#2273,1.);
#2273 = DIRECTION('',(0.,0.,1.));
#2274 = ORIENTED_EDGE('',*,*,#2275,.T.);
#2275 = EDGE_CURVE('',#2268,#2276,#2278,.T.);
#2276 = VERTEX_POINT('',#2277);
#2277 = CARTESIAN_POINT('',(63.75,42.674987792969,9.536743164062E-07));
#2278 = LINE('',#2279,#2280);
#2279 = CARTESIAN_POINT('',(63.75,42.674999237061,1.99999332428));
#2280 = VECTOR('',#2281,1.);
#2281 = DIRECTION('',(0.,-5.7220677263E-06,-0.999999999984));
#2282 = ORIENTED_EDGE('',*,*,#2283,.T.);
#2283 = EDGE_CURVE('',#2276,#2266,#2284,.T.);
#2284 = LINE('',#2285,#2286);
#2285 = CARTESIAN_POINT('',(63.75,42.674987792969,9.536743164062E-07));
#2286 = VECTOR('',#2287,1.);
#2287 = DIRECTION('',(0.,0.70728483188,0.706928685648));
#2288 = PLANE('',#2289);
#2289 = AXIS2_PLACEMENT_3D('',#2290,#2291,#2292);
#2290 = CARTESIAN_POINT('',(63.75,42.674996376018,0.999995953489));
#2291 = DIRECTION('',(1.,0.,0.));
#2292 = DIRECTION('',(-0.,0.,1.));
#2293 = SHELL_BASED_SURFACE_MODEL('',(#2294));
#2294 = OPEN_SHELL('',(#2295));
#2295 = ADVANCED_FACE('',(#2296),#2322,.T.);
#2296 = FACE_BOUND('',#2297,.T.);
#2297 = EDGE_LOOP('',(#2298,#2308,#2316));
#2298 = ORIENTED_EDGE('',*,*,#2299,.F.);
#2299 = EDGE_CURVE('',#2300,#2302,#2304,.T.);
#2300 = VERTEX_POINT('',#2301);
#2301 = CARTESIAN_POINT('',(63.75,42.674999237061,1.99999332428));
#2302 = VERTEX_POINT('',#2303);
#2303 = CARTESIAN_POINT('',(63.75,42.674987792969,9.536743164062E-07));
#2304 = LINE('',#2305,#2306);
#2305 = CARTESIAN_POINT('',(63.75,42.674999237061,1.99999332428));
#2306 = VECTOR('',#2307,1.);
#2307 = DIRECTION('',(0.,-5.7220677263E-06,-0.999999999984));
#2308 = ORIENTED_EDGE('',*,*,#2309,.T.);
#2309 = EDGE_CURVE('',#2300,#2310,#2312,.T.);
#2310 = VERTEX_POINT('',#2311);
#2311 = CARTESIAN_POINT('',(63.75,-42.67498779296,9.536743164062E-07));
#2312 = LINE('',#2313,#2314);
#2313 = CARTESIAN_POINT('',(63.75,42.674999237061,1.99999332428));
#2314 = VECTOR('',#2315,1.);
#2315 = DIRECTION('',(0.,-0.999725564079,-2.342640661625E-02));
#2316 = ORIENTED_EDGE('',*,*,#2317,.T.);
#2317 = EDGE_CURVE('',#2310,#2302,#2318,.T.);
#2318 = LINE('',#2319,#2320);
#2319 = CARTESIAN_POINT('',(63.75,-42.67498779296,9.536743164062E-07));
#2320 = VECTOR('',#2321,1.);
#2321 = DIRECTION('',(0.,1.,0.));
#2322 = PLANE('',#2323);
#2323 = AXIS2_PLACEMENT_3D('',#2324,#2325,#2326);
#2324 = CARTESIAN_POINT('',(63.75,0.494143570631,0.505856462893));
#2325 = DIRECTION('',(1.,0.,0.));
#2326 = DIRECTION('',(-0.,0.,1.));
#2327 = SHELL_BASED_SURFACE_MODEL('',(#2328));
#2328 = OPEN_SHELL('',(#2329));
#2329 = ADVANCED_FACE('',(#2330),#2356,.T.);
#2330 = FACE_BOUND('',#2331,.T.);
#2331 = EDGE_LOOP('',(#2332,#2342,#2350));
#2332 = ORIENTED_EDGE('',*,*,#2333,.T.);
#2333 = EDGE_CURVE('',#2334,#2336,#2338,.T.);
#2334 = VERTEX_POINT('',#2335);
#2335 = CARTESIAN_POINT('',(63.75,42.674999237061,1.99999332428));
#2336 = VERTEX_POINT('',#2337);
#2337 = CARTESIAN_POINT('',(63.75,-42.67499923706,1.99999332428));
#2338 = LINE('',#2339,#2340);
#2339 = CARTESIAN_POINT('',(63.75,42.674999237061,1.99999332428));
#2340 = VECTOR('',#2341,1.);
#2341 = DIRECTION('',(0.,-1.,0.));
#2342 = ORIENTED_EDGE('',*,*,#2343,.T.);
#2343 = EDGE_CURVE('',#2336,#2344,#2346,.T.);
#2344 = VERTEX_POINT('',#2345);
#2345 = CARTESIAN_POINT('',(63.75,-42.67498779296,9.536743164062E-07));
#2346 = LINE('',#2347,#2348);
#2347 = CARTESIAN_POINT('',(63.75,-42.67499923706,1.99999332428));
#2348 = VECTOR('',#2349,1.);
#2349 = DIRECTION('',(0.,5.7220677263E-06,-0.999999999984));
#2350 = ORIENTED_EDGE('',*,*,#2351,.F.);
#2351 = EDGE_CURVE('',#2334,#2344,#2352,.T.);
#2352 = LINE('',#2353,#2354);
#2353 = CARTESIAN_POINT('',(63.75,42.674999237061,1.99999332428));
#2354 = VECTOR('',#2355,1.);
#2355 = DIRECTION('',(0.,-0.999725564079,-2.342640661625E-02));
#2356 = PLANE('',#2357);
#2357 = AXIS2_PLACEMENT_3D('',#2358,#2359,#2360);
#2358 = CARTESIAN_POINT('',(63.75,-0.494137848586,1.494137882094));
#2359 = DIRECTION('',(1.,0.,0.));
#2360 = DIRECTION('',(-0.,0.,1.));
#2361 = SHELL_BASED_SURFACE_MODEL('',(#2362));
#2362 = OPEN_SHELL('',(#2363));
#2363 = ADVANCED_FACE('',(#2364),#2390,.T.);
#2364 = FACE_BOUND('',#2365,.T.);
#2365 = EDGE_LOOP('',(#2366,#2376,#2384));
#2366 = ORIENTED_EDGE('',*,*,#2367,.T.);
#2367 = EDGE_CURVE('',#2368,#2370,#2372,.T.);
#2368 = VERTEX_POINT('',#2369);
#2369 = CARTESIAN_POINT('',(63.75,-42.67499923706,1.239200355485E-05));
#2370 = VERTEX_POINT('',#2371);
#2371 = CARTESIAN_POINT('',(63.75,-42.67498779296,9.536743164062E-07));
#2372 = LINE('',#2373,#2374);
#2373 = CARTESIAN_POINT('',(63.75,-42.67499923706,1.239200355485E-05));
#2374 = VECTOR('',#2375,1.);
#2375 = DIRECTION('',(0.,0.70728483188,-0.706928685648));
#2376 = ORIENTED_EDGE('',*,*,#2377,.F.);
#2377 = EDGE_CURVE('',#2378,#2370,#2380,.T.);
#2378 = VERTEX_POINT('',#2379);
#2379 = CARTESIAN_POINT('',(63.75,-42.67499923706,1.99999332428));
#2380 = LINE('',#2381,#2382);
#2381 = CARTESIAN_POINT('',(63.75,-42.67499923706,1.99999332428));
#2382 = VECTOR('',#2383,1.);
#2383 = DIRECTION('',(0.,5.7220677263E-06,-0.999999999984));
#2384 = ORIENTED_EDGE('',*,*,#2385,.T.);
#2385 = EDGE_CURVE('',#2378,#2368,#2386,.T.);
#2386 = LINE('',#2387,#2388);
#2387 = CARTESIAN_POINT('',(63.75,-42.67499923706,1.99999332428));
#2388 = VECTOR('',#2389,1.);
#2389 = DIRECTION('',(0.,0.,-1.));
#2390 = PLANE('',#2391);
#2391 = AXIS2_PLACEMENT_3D('',#2392,#2393,#2394);
#2392 = CARTESIAN_POINT('',(63.75,-42.67499637601,0.999995953489));
#2393 = DIRECTION('',(1.,0.,0.));
#2394 = DIRECTION('',(-0.,0.,1.));
#2395 = SHELL_BASED_SURFACE_MODEL('',(#2396));
#2396 = OPEN_SHELL('',(#2397));
#2397 = ADVANCED_FACE('',(#2398),#2424,.T.);
#2398 = FACE_BOUND('',#2399,.T.);
#2399 = EDGE_LOOP('',(#2400,#2410,#2418));
#2400 = ORIENTED_EDGE('',*,*,#2401,.F.);
#2401 = EDGE_CURVE('',#2402,#2404,#2406,.T.);
#2402 = VERTEX_POINT('',#2403);
#2403 = CARTESIAN_POINT('',(63.75,42.674999237061,1.239200355485E-05));
#2404 = VERTEX_POINT('',#2405);
#2405 = CARTESIAN_POINT('',(63.75,42.674999237061,1.99999332428));
#2406 = LINE('',#2407,#2408);
#2407 = CARTESIAN_POINT('',(63.75,42.674999237061,1.239200355485E-05));
#2408 = VECTOR('',#2409,1.);
#2409 = DIRECTION('',(0.,0.,1.));
#2410 = ORIENTED_EDGE('',*,*,#2411,.T.);
#2411 = EDGE_CURVE('',#2402,#2412,#2414,.T.);
#2412 = VERTEX_POINT('',#2413);
#2413 = CARTESIAN_POINT('',(-63.75,42.674999237061,1.99999332428));
#2414 = LINE('',#2415,#2416);
#2415 = CARTESIAN_POINT('',(63.75,42.674999237061,1.239200355485E-05));
#2416 = VECTOR('',#2417,1.);
#2417 = DIRECTION('',(-0.999876995441,0.,1.568419549414E-02));
#2418 = ORIENTED_EDGE('',*,*,#2419,.T.);
#2419 = EDGE_CURVE('',#2412,#2404,#2420,.T.);
#2420 = LINE('',#2421,#2422);
#2421 = CARTESIAN_POINT('',(-63.75,42.674999237061,1.99999332428));
#2422 = VECTOR('',#2423,1.);
#2423 = DIRECTION('',(1.,0.,0.));
#2424 = PLANE('',#2425);
#2425 = AXIS2_PLACEMENT_3D('',#2426,#2427,#2428);
#2426 = CARTESIAN_POINT('',(0.496073980412,42.674999237061,
    1.496076838554));
#2427 = DIRECTION('',(0.,1.,0.));
#2428 = DIRECTION('',(0.,-0.,1.));
#2429 = SHELL_BASED_SURFACE_MODEL('',(#2430));
#2430 = OPEN_SHELL('',(#2431));
#2431 = ADVANCED_FACE('',(#2432),#2458,.T.);
#2432 = FACE_BOUND('',#2433,.T.);
#2433 = EDGE_LOOP('',(#2434,#2444,#2452));
#2434 = ORIENTED_EDGE('',*,*,#2435,.F.);
#2435 = EDGE_CURVE('',#2436,#2438,#2440,.T.);
#2436 = VERTEX_POINT('',#2437);
#2437 = CARTESIAN_POINT('',(-63.75,42.674999237061,1.99999332428));
#2438 = VERTEX_POINT('',#2439);
#2439 = CARTESIAN_POINT('',(-63.75,42.674999237061,1.239200355485E-05));
#2440 = LINE('',#2441,#2442);
#2441 = CARTESIAN_POINT('',(-63.75,42.674999237061,1.99999332428));
#2442 = VECTOR('',#2443,1.);
#2443 = DIRECTION('',(0.,0.,-1.));
#2444 = ORIENTED_EDGE('',*,*,#2445,.F.);
#2445 = EDGE_CURVE('',#2446,#2436,#2448,.T.);
#2446 = VERTEX_POINT('',#2447);
#2447 = CARTESIAN_POINT('',(63.75,42.674999237061,1.239200355485E-05));
#2448 = LINE('',#2449,#2450);
#2449 = CARTESIAN_POINT('',(63.75,42.674999237061,1.239200355485E-05));
#2450 = VECTOR('',#2451,1.);
#2451 = DIRECTION('',(-0.999876995441,0.,1.568419549414E-02));
#2452 = ORIENTED_EDGE('',*,*,#2453,.T.);
#2453 = EDGE_CURVE('',#2446,#2438,#2454,.T.);
#2454 = LINE('',#2455,#2456);
#2455 = CARTESIAN_POINT('',(63.75,42.674999237061,1.239200355485E-05));
#2456 = VECTOR('',#2457,1.);
#2457 = DIRECTION('',(-1.,0.,0.));
#2458 = PLANE('',#2459);
#2459 = AXIS2_PLACEMENT_3D('',#2460,#2461,#2462);
#2460 = CARTESIAN_POINT('',(-0.496073980412,42.674999237061,
    0.503928877729));
#2461 = DIRECTION('',(0.,1.,0.));
#2462 = DIRECTION('',(0.,-0.,1.));
#2463 = SHELL_BASED_SURFACE_MODEL('',(#2464));
#2464 = OPEN_SHELL('',(#2465));
#2465 = ADVANCED_FACE('',(#2466),#2492,.T.);
#2466 = FACE_BOUND('',#2467,.T.);
#2467 = EDGE_LOOP('',(#2468,#2478,#2486));
#2468 = ORIENTED_EDGE('',*,*,#2469,.F.);
#2469 = EDGE_CURVE('',#2470,#2472,#2474,.T.);
#2470 = VERTEX_POINT('',#2471);
#2471 = CARTESIAN_POINT('',(-63.75,-42.67499923706,1.239200355485E-05));
#2472 = VERTEX_POINT('',#2473);
#2473 = CARTESIAN_POINT('',(-63.75,-42.67499923706,1.99999332428));
#2474 = LINE('',#2475,#2476);
#2475 = CARTESIAN_POINT('',(-63.75,-42.67499923706,1.239200355485E-05));
#2476 = VECTOR('',#2477,1.);
#2477 = DIRECTION('',(0.,0.,1.));
#2478 = ORIENTED_EDGE('',*,*,#2479,.T.);
#2479 = EDGE_CURVE('',#2470,#2480,#2482,.T.);
#2480 = VERTEX_POINT('',#2481);
#2481 = CARTESIAN_POINT('',(63.75,-42.67499923706,1.99999332428));
#2482 = LINE('',#2483,#2484);
#2483 = CARTESIAN_POINT('',(-63.75,-42.67499923706,1.239200355485E-05));
#2484 = VECTOR('',#2485,1.);
#2485 = DIRECTION('',(0.999876995441,0.,1.568419549414E-02));
#2486 = ORIENTED_EDGE('',*,*,#2487,.T.);
#2487 = EDGE_CURVE('',#2480,#2472,#2488,.T.);
#2488 = LINE('',#2489,#2490);
#2489 = CARTESIAN_POINT('',(63.75,-42.67499923706,1.99999332428));
#2490 = VECTOR('',#2491,1.);
#2491 = DIRECTION('',(-1.,0.,0.));
#2492 = PLANE('',#2493);
#2493 = AXIS2_PLACEMENT_3D('',#2494,#2495,#2496);
#2494 = CARTESIAN_POINT('',(-0.496073980412,-42.67499923706,
    1.496076838554));
#2495 = DIRECTION('',(-0.,-1.,-0.));
#2496 = DIRECTION('',(0.,0.,-1.));
#2497 = SHELL_BASED_SURFACE_MODEL('',(#2498));
#2498 = OPEN_SHELL('',(#2499));
#2499 = ADVANCED_FACE('',(#2500),#2526,.T.);
#2500 = FACE_BOUND('',#2501,.T.);
#2501 = EDGE_LOOP('',(#2502,#2512,#2520));
#2502 = ORIENTED_EDGE('',*,*,#2503,.F.);
#2503 = EDGE_CURVE('',#2504,#2506,#2508,.T.);
#2504 = VERTEX_POINT('',#2505);
#2505 = CARTESIAN_POINT('',(63.75,-42.67499923706,1.99999332428));
#2506 = VERTEX_POINT('',#2507);
#2507 = CARTESIAN_POINT('',(63.75,-42.67499923706,1.239200355485E-05));
#2508 = LINE('',#2509,#2510);
#2509 = CARTESIAN_POINT('',(63.75,-42.67499923706,1.99999332428));
#2510 = VECTOR('',#2511,1.);
#2511 = DIRECTION('',(0.,0.,-1.));
#2512 = ORIENTED_EDGE('',*,*,#2513,.F.);
#2513 = EDGE_CURVE('',#2514,#2504,#2516,.T.);
#2514 = VERTEX_POINT('',#2515);
#2515 = CARTESIAN_POINT('',(-63.75,-42.67499923706,1.239200355485E-05));
#2516 = LINE('',#2517,#2518);
#2517 = CARTESIAN_POINT('',(-63.75,-42.67499923706,1.239200355485E-05));
#2518 = VECTOR('',#2519,1.);
#2519 = DIRECTION('',(0.999876995441,0.,1.568419549414E-02));
#2520 = ORIENTED_EDGE('',*,*,#2521,.T.);
#2521 = EDGE_CURVE('',#2514,#2506,#2522,.T.);
#2522 = LINE('',#2523,#2524);
#2523 = CARTESIAN_POINT('',(-63.75,-42.67499923706,1.239200355485E-05));
#2524 = VECTOR('',#2525,1.);
#2525 = DIRECTION('',(1.,0.,0.));
#2526 = PLANE('',#2527);
#2527 = AXIS2_PLACEMENT_3D('',#2528,#2529,#2530);
#2528 = CARTESIAN_POINT('',(0.496073980412,-42.67499923706,
    0.503928877729));
#2529 = DIRECTION('',(-0.,-1.,-0.));
#2530 = DIRECTION('',(0.,0.,-1.));
#2531 = SHELL_BASED_SURFACE_MODEL('',(#2532));
#2532 = OPEN_SHELL('',(#2533));
#2533 = ADVANCED_FACE('',(#2534),#2560,.T.);
#2534 = FACE_BOUND('',#2535,.T.);
#2535 = EDGE_LOOP('',(#2536,#2546,#2554));
#2536 = ORIENTED_EDGE('',*,*,#2537,.F.);
#2537 = EDGE_CURVE('',#2538,#2540,#2542,.T.);
#2538 = VERTEX_POINT('',#2539);
#2539 = CARTESIAN_POINT('',(63.75,-42.67498779296,9.536743164062E-07));
#2540 = VERTEX_POINT('',#2541);
#2541 = CARTESIAN_POINT('',(63.75,42.674987792969,9.536743164062E-07));
#2542 = LINE('',#2543,#2544);
#2543 = CARTESIAN_POINT('',(63.75,-42.67498779296,9.536743164062E-07));
#2544 = VECTOR('',#2545,1.);
#2545 = DIRECTION('',(0.,1.,0.));
#2546 = ORIENTED_EDGE('',*,*,#2547,.T.);
#2547 = EDGE_CURVE('',#2538,#2548,#2550,.T.);
#2548 = VERTEX_POINT('',#2549);
#2549 = CARTESIAN_POINT('',(62.75,-41.67498779296,9.536743164062E-07));
#2550 = LINE('',#2551,#2552);
#2551 = CARTESIAN_POINT('',(63.75,-42.67498779296,9.536743164062E-07));
#2552 = VECTOR('',#2553,1.);
#2553 = DIRECTION('',(-0.707106781187,0.707106781187,0.));
#2554 = ORIENTED_EDGE('',*,*,#2555,.T.);
#2555 = EDGE_CURVE('',#2548,#2540,#2556,.T.);
#2556 = LINE('',#2557,#2558);
#2557 = CARTESIAN_POINT('',(62.75,-41.67498779296,9.536743164062E-07));
#2558 = VECTOR('',#2559,1.);
#2559 = DIRECTION('',(1.185453493716E-02,0.999929732532,0.));
#2560 = PLANE('',#2561);
#2561 = AXIS2_PLACEMENT_3D('',#2562,#2563,#2564);
#2562 = CARTESIAN_POINT('',(63.499386189791,-0.102071521663,
    9.536743164062E-07));
#2563 = DIRECTION('',(-0.,-0.,-1.));
#2564 = DIRECTION('',(-1.,0.,0.));
#2565 = SHELL_BASED_SURFACE_MODEL('',(#2566));
#2566 = OPEN_SHELL('',(#2567));
#2567 = ADVANCED_FACE('',(#2568),#2594,.T.);
#2568 = FACE_BOUND('',#2569,.T.);
#2569 = EDGE_LOOP('',(#2570,#2580,#2588));
#2570 = ORIENTED_EDGE('',*,*,#2571,.F.);
#2571 = EDGE_CURVE('',#2572,#2574,#2576,.T.);
#2572 = VERTEX_POINT('',#2573);
#2573 = CARTESIAN_POINT('',(63.75,-42.67498779296,9.536743164062E-07));
#2574 = VERTEX_POINT('',#2575);
#2575 = CARTESIAN_POINT('',(62.75,-41.67498779296,9.536743164062E-07));
#2576 = LINE('',#2577,#2578);
#2577 = CARTESIAN_POINT('',(63.75,-42.67498779296,9.536743164062E-07));
#2578 = VECTOR('',#2579,1.);
#2579 = DIRECTION('',(-0.707106781187,0.707106781187,0.));
#2580 = ORIENTED_EDGE('',*,*,#2581,.T.);
#2581 = EDGE_CURVE('',#2572,#2582,#2584,.T.);
#2582 = VERTEX_POINT('',#2583);
#2583 = CARTESIAN_POINT('',(-62.75,-41.67498779296,9.536743164062E-07));
#2584 = LINE('',#2585,#2586);
#2585 = CARTESIAN_POINT('',(63.75,-42.67498779296,9.536743164062E-07));
#2586 = VECTOR('',#2587,1.);
#2587 = DIRECTION('',(-0.999968755858,7.904891350658E-03,0.));
#2588 = ORIENTED_EDGE('',*,*,#2589,.T.);
#2589 = EDGE_CURVE('',#2582,#2574,#2590,.T.);
#2590 = LINE('',#2591,#2592);
#2591 = CARTESIAN_POINT('',(-62.75,-41.67498779296,9.536743164062E-07));
#2592 = VECTOR('',#2593,1.);
#2593 = DIRECTION('',(1.,0.,0.));
#2594 = PLANE('',#2595);
#2595 = AXIS2_PLACEMENT_3D('',#2596,#2597,#2598);
#2596 = CARTESIAN_POINT('',(0.602565263738,-41.92737334222,
    9.536743164062E-07));
#2597 = DIRECTION('',(-0.,-0.,-1.));
#2598 = DIRECTION('',(-1.,0.,0.));
#2599 = SHELL_BASED_SURFACE_MODEL('',(#2600));
#2600 = OPEN_SHELL('',(#2601));
#2601 = ADVANCED_FACE('',(#2602),#2628,.T.);
#2602 = FACE_BOUND('',#2603,.T.);
#2603 = EDGE_LOOP('',(#2604,#2614,#2622));
#2604 = ORIENTED_EDGE('',*,*,#2605,.T.);
#2605 = EDGE_CURVE('',#2606,#2608,#2610,.T.);
#2606 = VERTEX_POINT('',#2607);
#2607 = CARTESIAN_POINT('',(-62.75,41.674987792969,9.536743164062E-07));
#2608 = VERTEX_POINT('',#2609);
#2609 = CARTESIAN_POINT('',(-62.75,-41.67498779296,9.536743164062E-07));
#2610 = LINE('',#2611,#2612);
#2611 = CARTESIAN_POINT('',(-62.75,41.674987792969,9.536743164062E-07));
#2612 = VECTOR('',#2613,1.);
#2613 = DIRECTION('',(0.,-1.,0.));
#2614 = ORIENTED_EDGE('',*,*,#2615,.T.);
#2615 = EDGE_CURVE('',#2608,#2616,#2618,.T.);
#2616 = VERTEX_POINT('',#2617);
#2617 = CARTESIAN_POINT('',(-63.75,-42.67498779296,9.536743164062E-07));
#2618 = LINE('',#2619,#2620);
#2619 = CARTESIAN_POINT('',(-62.75,-41.67498779296,9.536743164062E-07));
#2620 = VECTOR('',#2621,1.);
#2621 = DIRECTION('',(-0.707106781187,-0.707106781187,0.));
#2622 = ORIENTED_EDGE('',*,*,#2623,.T.);
#2623 = EDGE_CURVE('',#2616,#2606,#2624,.T.);
#2624 = LINE('',#2625,#2626);
#2625 = CARTESIAN_POINT('',(-63.75,-42.67498779296,9.536743164062E-07));
#2626 = VECTOR('',#2627,1.);
#2627 = DIRECTION('',(1.185453493716E-02,0.999929732532,0.));
#2628 = PLANE('',#2629);
#2629 = AXIS2_PLACEMENT_3D('',#2630,#2631,#2632);
#2630 = CARTESIAN_POINT('',(-63.00357754807,-0.602071521663,
    9.536743164062E-07));
#2631 = DIRECTION('',(-0.,-0.,-1.));
#2632 = DIRECTION('',(-1.,0.,0.));
#2633 = SHELL_BASED_SURFACE_MODEL('',(#2634));
#2634 = OPEN_SHELL('',(#2635));
#2635 = ADVANCED_FACE('',(#2636),#2662,.T.);
#2636 = FACE_BOUND('',#2637,.T.);
#2637 = EDGE_LOOP('',(#2638,#2648,#2656));
#2638 = ORIENTED_EDGE('',*,*,#2639,.T.);
#2639 = EDGE_CURVE('',#2640,#2642,#2644,.T.);
#2640 = VERTEX_POINT('',#2641);
#2641 = CARTESIAN_POINT('',(63.75,-42.67498779296,9.536743164062E-07));
#2642 = VERTEX_POINT('',#2643);
#2643 = CARTESIAN_POINT('',(-63.75,-42.67498779296,9.536743164062E-07));
#2644 = LINE('',#2645,#2646);
#2645 = CARTESIAN_POINT('',(63.75,-42.67498779296,9.536743164062E-07));
#2646 = VECTOR('',#2647,1.);
#2647 = DIRECTION('',(-1.,0.,0.));
#2648 = ORIENTED_EDGE('',*,*,#2649,.F.);
#2649 = EDGE_CURVE('',#2650,#2642,#2652,.T.);
#2650 = VERTEX_POINT('',#2651);
#2651 = CARTESIAN_POINT('',(-62.75,-41.67498779296,9.536743164062E-07));
#2652 = LINE('',#2653,#2654);
#2653 = CARTESIAN_POINT('',(-62.75,-41.67498779296,9.536743164062E-07));
#2654 = VECTOR('',#2655,1.);
#2655 = DIRECTION('',(-0.707106781187,-0.707106781187,0.));
#2656 = ORIENTED_EDGE('',*,*,#2657,.F.);
#2657 = EDGE_CURVE('',#2640,#2650,#2658,.T.);
#2658 = LINE('',#2659,#2660);
#2659 = CARTESIAN_POINT('',(63.75,-42.67498779296,9.536743164062E-07));
#2660 = VECTOR('',#2661,1.);
#2661 = DIRECTION('',(-0.999968755858,7.904891350658E-03,0.));
#2662 = PLANE('',#2663);
#2663 = AXIS2_PLACEMENT_3D('',#2664,#2665,#2666);
#2664 = CARTESIAN_POINT('',(-0.102565263738,-42.42457849742,
    9.536743164062E-07));
#2665 = DIRECTION('',(-0.,-0.,-1.));
#2666 = DIRECTION('',(-1.,0.,0.));
#2667 = SHELL_BASED_SURFACE_MODEL('',(#2668));
#2668 = OPEN_SHELL('',(#2669));
#2669 = ADVANCED_FACE('',(#2670),#2696,.T.);
#2670 = FACE_BOUND('',#2671,.T.);
#2671 = EDGE_LOOP('',(#2672,#2682,#2690));
#2672 = ORIENTED_EDGE('',*,*,#2673,.T.);
#2673 = EDGE_CURVE('',#2674,#2676,#2678,.T.);
#2674 = VERTEX_POINT('',#2675);
#2675 = CARTESIAN_POINT('',(62.75,-41.67498779296,9.536743164062E-07));
#2676 = VERTEX_POINT('',#2677);
#2677 = CARTESIAN_POINT('',(62.75,41.674987792969,9.536743164062E-07));
#2678 = LINE('',#2679,#2680);
#2679 = CARTESIAN_POINT('',(62.75,-41.67498779296,9.536743164062E-07));
#2680 = VECTOR('',#2681,1.);
#2681 = DIRECTION('',(0.,1.,0.));
#2682 = ORIENTED_EDGE('',*,*,#2683,.T.);
#2683 = EDGE_CURVE('',#2676,#2684,#2686,.T.);
#2684 = VERTEX_POINT('',#2685);
#2685 = CARTESIAN_POINT('',(63.75,42.674987792969,9.536743164062E-07));
#2686 = LINE('',#2687,#2688);
#2687 = CARTESIAN_POINT('',(62.75,41.674987792969,9.536743164062E-07));
#2688 = VECTOR('',#2689,1.);
#2689 = DIRECTION('',(0.707106781187,0.707106781187,0.));
#2690 = ORIENTED_EDGE('',*,*,#2691,.F.);
#2691 = EDGE_CURVE('',#2674,#2684,#2692,.T.);
#2692 = LINE('',#2693,#2694);
#2693 = CARTESIAN_POINT('',(62.75,-41.67498779296,9.536743164062E-07));
#2694 = VECTOR('',#2695,1.);
#2695 = DIRECTION('',(1.185453493716E-02,0.999929732532,0.));
#2696 = PLANE('',#2697);
#2697 = AXIS2_PLACEMENT_3D('',#2698,#2699,#2700);
#2698 = CARTESIAN_POINT('',(63.00357754807,0.602071521663,
    9.536743164062E-07));
#2699 = DIRECTION('',(-0.,-0.,-1.));
#2700 = DIRECTION('',(-1.,0.,0.));
#2701 = SHELL_BASED_SURFACE_MODEL('',(#2702));
#2702 = OPEN_SHELL('',(#2703));
#2703 = ADVANCED_FACE('',(#2704),#2730,.T.);
#2704 = FACE_BOUND('',#2705,.T.);
#2705 = EDGE_LOOP('',(#2706,#2716,#2724));
#2706 = ORIENTED_EDGE('',*,*,#2707,.T.);
#2707 = EDGE_CURVE('',#2708,#2710,#2712,.T.);
#2708 = VERTEX_POINT('',#2709);
#2709 = CARTESIAN_POINT('',(62.75,41.674987792969,9.536743164062E-07));
#2710 = VERTEX_POINT('',#2711);
#2711 = CARTESIAN_POINT('',(-62.75,41.674987792969,9.536743164062E-07));
#2712 = LINE('',#2713,#2714);
#2713 = CARTESIAN_POINT('',(62.75,41.674987792969,9.536743164062E-07));
#2714 = VECTOR('',#2715,1.);
#2715 = DIRECTION('',(-1.,0.,0.));
#2716 = ORIENTED_EDGE('',*,*,#2717,.T.);
#2717 = EDGE_CURVE('',#2710,#2718,#2720,.T.);
#2718 = VERTEX_POINT('',#2719);
#2719 = CARTESIAN_POINT('',(63.75,42.674987792969,9.536743164062E-07));
#2720 = LINE('',#2721,#2722);
#2721 = CARTESIAN_POINT('',(-62.75,41.674987792969,9.536743164062E-07));
#2722 = VECTOR('',#2723,1.);
#2723 = DIRECTION('',(0.999968755858,7.904891350658E-03,0.));
#2724 = ORIENTED_EDGE('',*,*,#2725,.F.);
#2725 = EDGE_CURVE('',#2708,#2718,#2726,.T.);
#2726 = LINE('',#2727,#2728);
#2727 = CARTESIAN_POINT('',(62.75,41.674987792969,9.536743164062E-07));
#2728 = VECTOR('',#2729,1.);
#2729 = DIRECTION('',(0.707106781187,0.707106781187,0.));
#2730 = PLANE('',#2731);
#2731 = AXIS2_PLACEMENT_3D('',#2732,#2733,#2734);
#2732 = CARTESIAN_POINT('',(0.602565263738,41.927373342224,
    9.536743164062E-07));
#2733 = DIRECTION('',(-0.,-0.,-1.));
#2734 = DIRECTION('',(-1.,0.,0.));
#2735 = SHELL_BASED_SURFACE_MODEL('',(#2736));
#2736 = OPEN_SHELL('',(#2737));
#2737 = ADVANCED_FACE('',(#2738),#2764,.T.);
#2738 = FACE_BOUND('',#2739,.T.);
#2739 = EDGE_LOOP('',(#2740,#2750,#2758));
#2740 = ORIENTED_EDGE('',*,*,#2741,.F.);
#2741 = EDGE_CURVE('',#2742,#2744,#2746,.T.);
#2742 = VERTEX_POINT('',#2743);
#2743 = CARTESIAN_POINT('',(-62.75,41.674987792969,9.536743164062E-07));
#2744 = VERTEX_POINT('',#2745);
#2745 = CARTESIAN_POINT('',(63.75,42.674987792969,9.536743164062E-07));
#2746 = LINE('',#2747,#2748);
#2747 = CARTESIAN_POINT('',(-62.75,41.674987792969,9.536743164062E-07));
#2748 = VECTOR('',#2749,1.);
#2749 = DIRECTION('',(0.999968755858,7.904891350658E-03,0.));
#2750 = ORIENTED_EDGE('',*,*,#2751,.T.);
#2751 = EDGE_CURVE('',#2742,#2752,#2754,.T.);
#2752 = VERTEX_POINT('',#2753);
#2753 = CARTESIAN_POINT('',(-63.75,42.674987792969,9.536743164062E-07));
#2754 = LINE('',#2755,#2756);
#2755 = CARTESIAN_POINT('',(-62.75,41.674987792969,9.536743164062E-07));
#2756 = VECTOR('',#2757,1.);
#2757 = DIRECTION('',(-0.707106781187,0.707106781187,0.));
#2758 = ORIENTED_EDGE('',*,*,#2759,.T.);
#2759 = EDGE_CURVE('',#2752,#2744,#2760,.T.);
#2760 = LINE('',#2761,#2762);
#2761 = CARTESIAN_POINT('',(-63.75,42.674987792969,9.536743164062E-07));
#2762 = VECTOR('',#2763,1.);
#2763 = DIRECTION('',(1.,0.,0.));
#2764 = PLANE('',#2765);
#2765 = AXIS2_PLACEMENT_3D('',#2766,#2767,#2768);
#2766 = CARTESIAN_POINT('',(-0.102565263738,42.424578497424,
    9.536743164062E-07));
#2767 = DIRECTION('',(-0.,-0.,-1.));
#2768 = DIRECTION('',(-1.,0.,0.));
#2769 = SHELL_BASED_SURFACE_MODEL('',(#2770));
#2770 = OPEN_SHELL('',(#2771));
#2771 = ADVANCED_FACE('',(#2772),#2798,.T.);
#2772 = FACE_BOUND('',#2773,.T.);
#2773 = EDGE_LOOP('',(#2774,#2784,#2792));
#2774 = ORIENTED_EDGE('',*,*,#2775,.F.);
#2775 = EDGE_CURVE('',#2776,#2778,#2780,.T.);
#2776 = VERTEX_POINT('',#2777);
#2777 = CARTESIAN_POINT('',(-63.75,42.674987792969,9.536743164062E-07));
#2778 = VERTEX_POINT('',#2779);
#2779 = CARTESIAN_POINT('',(-63.75,-42.67498779296,9.536743164062E-07));
#2780 = LINE('',#2781,#2782);
#2781 = CARTESIAN_POINT('',(-63.75,42.674987792969,9.536743164062E-07));
#2782 = VECTOR('',#2783,1.);
#2783 = DIRECTION('',(0.,-1.,0.));
#2784 = ORIENTED_EDGE('',*,*,#2785,.F.);
#2785 = EDGE_CURVE('',#2786,#2776,#2788,.T.);
#2786 = VERTEX_POINT('',#2787);
#2787 = CARTESIAN_POINT('',(-62.75,41.674987792969,9.536743164062E-07));
#2788 = LINE('',#2789,#2790);
#2789 = CARTESIAN_POINT('',(-62.75,41.674987792969,9.536743164062E-07));
#2790 = VECTOR('',#2791,1.);
#2791 = DIRECTION('',(-0.707106781187,0.707106781187,0.));
#2792 = ORIENTED_EDGE('',*,*,#2793,.F.);
#2793 = EDGE_CURVE('',#2778,#2786,#2794,.T.);
#2794 = LINE('',#2795,#2796);
#2795 = CARTESIAN_POINT('',(-63.75,-42.67498779296,9.536743164062E-07));
#2796 = VECTOR('',#2797,1.);
#2797 = DIRECTION('',(1.185453493716E-02,0.999929732532,0.));
#2798 = PLANE('',#2799);
#2799 = AXIS2_PLACEMENT_3D('',#2800,#2801,#2802);
#2800 = CARTESIAN_POINT('',(-63.49938618979,0.102071521663,
    9.536743164062E-07));
#2801 = DIRECTION('',(-0.,-0.,-1.));
#2802 = DIRECTION('',(-1.,0.,0.));
#2803 = SHELL_BASED_SURFACE_MODEL('',(#2804));
#2804 = OPEN_SHELL('',(#2805));
#2805 = ADVANCED_FACE('',(#2806),#2832,.T.);
#2806 = FACE_BOUND('',#2807,.T.);
#2807 = EDGE_LOOP('',(#2808,#2818,#2826));
#2808 = ORIENTED_EDGE('',*,*,#2809,.T.);
#2809 = EDGE_CURVE('',#2810,#2812,#2814,.T.);
#2810 = VERTEX_POINT('',#2811);
#2811 = CARTESIAN_POINT('',(60.75,39.674987792969,1.998993873596));
#2812 = VERTEX_POINT('',#2813);
#2813 = CARTESIAN_POINT('',(-60.75,39.674987792969,1.998993873596));
#2814 = LINE('',#2815,#2816);
#2815 = CARTESIAN_POINT('',(60.75,39.674987792969,1.998993873596));
#2816 = VECTOR('',#2817,1.);
#2817 = DIRECTION('',(-1.,0.,0.));
#2818 = ORIENTED_EDGE('',*,*,#2819,.T.);
#2819 = EDGE_CURVE('',#2812,#2820,#2822,.T.);
#2820 = VERTEX_POINT('',#2821);
#2821 = CARTESIAN_POINT('',(62.75,41.674987792969,9.536743164062E-07));
#2822 = LINE('',#2823,#2824);
#2823 = CARTESIAN_POINT('',(-60.75,39.674987792969,1.998993873596));
#2824 = VECTOR('',#2825,1.);
#2825 = DIRECTION('',(0.999737978654,1.619008872314E-02,
    -1.618193636523E-02));
#2826 = ORIENTED_EDGE('',*,*,#2827,.T.);
#2827 = EDGE_CURVE('',#2820,#2810,#2828,.T.);
#2828 = LINE('',#2829,#2830);
#2829 = CARTESIAN_POINT('',(62.75,41.674987792969,9.536743164062E-07));
#2830 = VECTOR('',#2831,1.);
#2831 = DIRECTION('',(-0.57744717551,-0.57744717551,0.577156407737));
#2832 = PLANE('',#2833);
#2833 = AXIS2_PLACEMENT_3D('',#2834,#2835,#2836);
#2834 = CARTESIAN_POINT('',(1.357788039347,40.186046101474,
    1.488192903412));
#2835 = DIRECTION('',(-0.,-0.706928685648,-0.70728483188));
#2836 = DIRECTION('',(0.,-0.70728483188,0.706928685648));
#2837 = SHELL_BASED_SURFACE_MODEL('',(#2838));
#2838 = OPEN_SHELL('',(#2839));
#2839 = ADVANCED_FACE('',(#2840),#2866,.T.);
#2840 = FACE_BOUND('',#2841,.T.);
#2841 = EDGE_LOOP('',(#2842,#2852,#2860));
#2842 = ORIENTED_EDGE('',*,*,#2843,.F.);
#2843 = EDGE_CURVE('',#2844,#2846,#2848,.T.);
#2844 = VERTEX_POINT('',#2845);
#2845 = CARTESIAN_POINT('',(62.75,41.674987792969,9.536743164062E-07));
#2846 = VERTEX_POINT('',#2847);
#2847 = CARTESIAN_POINT('',(-62.75,41.674987792969,9.536743164062E-07));
#2848 = LINE('',#2849,#2850);
#2849 = CARTESIAN_POINT('',(62.75,41.674987792969,9.536743164062E-07));
#2850 = VECTOR('',#2851,1.);
#2851 = DIRECTION('',(-1.,0.,0.));
#2852 = ORIENTED_EDGE('',*,*,#2853,.F.);
#2853 = EDGE_CURVE('',#2854,#2844,#2856,.T.);
#2854 = VERTEX_POINT('',#2855);
#2855 = CARTESIAN_POINT('',(-60.75,39.674987792969,1.998993873596));
#2856 = LINE('',#2857,#2858);
#2857 = CARTESIAN_POINT('',(-60.75,39.674987792969,1.998993873596));
#2858 = VECTOR('',#2859,1.);
#2859 = DIRECTION('',(0.999737978654,1.619008872314E-02,
    -1.618193636523E-02));
#2860 = ORIENTED_EDGE('',*,*,#2861,.T.);
#2861 = EDGE_CURVE('',#2854,#2846,#2862,.T.);
#2862 = LINE('',#2863,#2864);
#2863 = CARTESIAN_POINT('',(-60.75,39.674987792969,1.998993873596));
#2864 = VECTOR('',#2865,1.);
#2865 = DIRECTION('',(-0.57744717551,0.57744717551,-0.577156407737));
#2866 = PLANE('',#2867);
#2867 = AXIS2_PLACEMENT_3D('',#2868,#2869,#2870);
#2868 = CARTESIAN_POINT('',(-0.357788039347,41.172025589501,
    0.502709895534));
#2869 = DIRECTION('',(-0.,-0.706928685648,-0.70728483188));
#2870 = DIRECTION('',(0.,-0.70728483188,0.706928685648));
#2871 = SHELL_BASED_SURFACE_MODEL('',(#2872));
#2872 = OPEN_SHELL('',(#2873));
#2873 = ADVANCED_FACE('',(#2874),#2900,.T.);
#2874 = FACE_BOUND('',#2875,.T.);
#2875 = EDGE_LOOP('',(#2876,#2886,#2894));
#2876 = ORIENTED_EDGE('',*,*,#2877,.T.);
#2877 = EDGE_CURVE('',#2878,#2880,#2882,.T.);
#2878 = VERTEX_POINT('',#2879);
#2879 = CARTESIAN_POINT('',(-60.75,39.674987792969,1.99999332428));
#2880 = VERTEX_POINT('',#2881);
#2881 = CARTESIAN_POINT('',(-60.75,39.674987792969,1.998993873596));
#2882 = LINE('',#2883,#2884);
#2883 = CARTESIAN_POINT('',(-60.75,39.674987792969,1.99999332428));
#2884 = VECTOR('',#2885,1.);
#2885 = DIRECTION('',(0.,0.,-1.));
#2886 = ORIENTED_EDGE('',*,*,#2887,.T.);
#2887 = EDGE_CURVE('',#2880,#2888,#2890,.T.);
#2888 = VERTEX_POINT('',#2889);
#2889 = CARTESIAN_POINT('',(60.75,39.674987792969,1.99999332428));
#2890 = LINE('',#2891,#2892);
#2891 = CARTESIAN_POINT('',(-60.75,39.674987792969,1.998993873596));
#2892 = VECTOR('',#2893,1.);
#2893 = DIRECTION('',(0.999999999966,0.,8.225931551934E-06));
#2894 = ORIENTED_EDGE('',*,*,#2895,.T.);
#2895 = EDGE_CURVE('',#2888,#2878,#2896,.T.);
#2896 = LINE('',#2897,#2898);
#2897 = CARTESIAN_POINT('',(60.75,39.674987792969,1.99999332428));
#2898 = VECTOR('',#2899,1.);
#2899 = DIRECTION('',(-1.,0.,0.));
#2900 = PLANE('',#2901);
#2901 = AXIS2_PLACEMENT_3D('',#2902,#2903,#2904);
#2902 = CARTESIAN_POINT('',(-2.498616432218E-04,39.674987792969,
    1.999743460581));
#2903 = DIRECTION('',(-0.,-1.,-0.));
#2904 = DIRECTION('',(0.,0.,-1.));
#2905 = SHELL_BASED_SURFACE_MODEL('',(#2906));
#2906 = OPEN_SHELL('',(#2907));
#2907 = ADVANCED_FACE('',(#2908),#2934,.T.);
#2908 = FACE_BOUND('',#2909,.T.);
#2909 = EDGE_LOOP('',(#2910,#2920,#2928));
#2910 = ORIENTED_EDGE('',*,*,#2911,.T.);
#2911 = EDGE_CURVE('',#2912,#2914,#2916,.T.);
#2912 = VERTEX_POINT('',#2913);
#2913 = CARTESIAN_POINT('',(60.75,39.674987792969,1.998993873596));
#2914 = VERTEX_POINT('',#2915);
#2915 = CARTESIAN_POINT('',(60.75,39.674987792969,1.99999332428));
#2916 = LINE('',#2917,#2918);
#2917 = CARTESIAN_POINT('',(60.75,39.674987792969,1.998993873596));
#2918 = VECTOR('',#2919,1.);
#2919 = DIRECTION('',(0.,0.,1.));
#2920 = ORIENTED_EDGE('',*,*,#2921,.F.);
#2921 = EDGE_CURVE('',#2922,#2914,#2924,.T.);
#2922 = VERTEX_POINT('',#2923);
#2923 = CARTESIAN_POINT('',(-60.75,39.674987792969,1.998993873596));
#2924 = LINE('',#2925,#2926);
#2925 = CARTESIAN_POINT('',(-60.75,39.674987792969,1.998993873596));
#2926 = VECTOR('',#2927,1.);
#2927 = DIRECTION('',(0.999999999966,0.,8.225931551934E-06));
#2928 = ORIENTED_EDGE('',*,*,#2929,.F.);
#2929 = EDGE_CURVE('',#2912,#2922,#2930,.T.);
#2930 = LINE('',#2931,#2932);
#2931 = CARTESIAN_POINT('',(60.75,39.674987792969,1.998993873596));
#2932 = VECTOR('',#2933,1.);
#2933 = DIRECTION('',(-1.,0.,0.));
#2934 = PLANE('',#2935);
#2935 = AXIS2_PLACEMENT_3D('',#2936,#2937,#2938);
#2936 = CARTESIAN_POINT('',(2.498616432218E-04,39.674987792969,
    1.999243737295));
#2937 = DIRECTION('',(-0.,-1.,-0.));
#2938 = DIRECTION('',(0.,0.,-1.));
#2939 = SHELL_BASED_SURFACE_MODEL('',(#2940));
#2940 = OPEN_SHELL('',(#2941));
#2941 = ADVANCED_FACE('',(#2942),#2968,.T.);
#2942 = FACE_BOUND('',#2943,.T.);
#2943 = EDGE_LOOP('',(#2944,#2954,#2962));
#2944 = ORIENTED_EDGE('',*,*,#2945,.F.);
#2945 = EDGE_CURVE('',#2946,#2948,#2950,.T.);
#2946 = VERTEX_POINT('',#2947);
#2947 = CARTESIAN_POINT('',(63.75,42.674999237061,1.99999332428));
#2948 = VERTEX_POINT('',#2949);
#2949 = CARTESIAN_POINT('',(63.75,-42.67499923706,1.99999332428));
#2950 = LINE('',#2951,#2952);
#2951 = CARTESIAN_POINT('',(63.75,42.674999237061,1.99999332428));
#2952 = VECTOR('',#2953,1.);
#2953 = DIRECTION('',(0.,-1.,0.));
#2954 = ORIENTED_EDGE('',*,*,#2955,.T.);
#2955 = EDGE_CURVE('',#2946,#2956,#2958,.T.);
#2956 = VERTEX_POINT('',#2957);
#2957 = CARTESIAN_POINT('',(60.75,39.674987792969,1.99999332428));
#2958 = LINE('',#2959,#2960);
#2959 = CARTESIAN_POINT('',(63.75,42.674999237061,1.99999332428));
#2960 = VECTOR('',#2961,1.);
#2961 = DIRECTION('',(-0.707105432489,-0.707108129882,0.));
#2962 = ORIENTED_EDGE('',*,*,#2963,.T.);
#2963 = EDGE_CURVE('',#2956,#2948,#2964,.T.);
#2964 = LINE('',#2965,#2966);
#2965 = CARTESIAN_POINT('',(60.75,39.674987792969,1.99999332428));
#2966 = VECTOR('',#2967,1.);
#2967 = DIRECTION('',(3.64057285659E-02,-0.99933709174,0.));
#2968 = PLANE('',#2969);
#2969 = AXIS2_PLACEMENT_3D('',#2970,#2971,#2972);
#2970 = CARTESIAN_POINT('',(62.99434323535,0.297002659034,1.99999332428)
  );
#2971 = DIRECTION('',(0.,0.,1.));
#2972 = DIRECTION('',(1.,0.,-0.));
#2973 = SHELL_BASED_SURFACE_MODEL('',(#2974));
#2974 = OPEN_SHELL('',(#2975));
#2975 = ADVANCED_FACE('',(#2976),#3002,.T.);
#2976 = FACE_BOUND('',#2977,.T.);
#2977 = EDGE_LOOP('',(#2978,#2988,#2996));
#2978 = ORIENTED_EDGE('',*,*,#2979,.F.);
#2979 = EDGE_CURVE('',#2980,#2982,#2984,.T.);
#2980 = VERTEX_POINT('',#2981);
#2981 = CARTESIAN_POINT('',(63.75,42.674999237061,1.99999332428));
#2982 = VERTEX_POINT('',#2983);
#2983 = CARTESIAN_POINT('',(60.75,39.674987792969,1.99999332428));
#2984 = LINE('',#2985,#2986);
#2985 = CARTESIAN_POINT('',(63.75,42.674999237061,1.99999332428));
#2986 = VECTOR('',#2987,1.);
#2987 = DIRECTION('',(-0.707105432489,-0.707108129882,0.));
#2988 = ORIENTED_EDGE('',*,*,#2989,.T.);
#2989 = EDGE_CURVE('',#2980,#2990,#2992,.T.);
#2990 = VERTEX_POINT('',#2991);
#2991 = CARTESIAN_POINT('',(-60.75,39.674987792969,1.99999332428));
#2992 = LINE('',#2993,#2994);
#2993 = CARTESIAN_POINT('',(63.75,42.674999237061,1.99999332428));
#2994 = VECTOR('',#2995,1.);
#2995 = DIRECTION('',(-0.999709806254,-2.408948481554E-02,0.));
#2996 = ORIENTED_EDGE('',*,*,#2997,.F.);
#2997 = EDGE_CURVE('',#2982,#2990,#2998,.T.);
#2998 = LINE('',#2999,#3000);
#2999 = CARTESIAN_POINT('',(60.75,39.674987792969,1.99999332428));
#3000 = VECTOR('',#3001,1.);
#3001 = DIRECTION('',(-1.,0.,0.));
#3002 = PLANE('',#3003);
#3003 = AXIS2_PLACEMENT_3D('',#3004,#3005,#3006);
#3004 = CARTESIAN_POINT('',(1.801627292628,40.446802778587,1.99999332428
    ));
#3005 = DIRECTION('',(0.,0.,1.));
#3006 = DIRECTION('',(1.,0.,-0.));
#3007 = SHELL_BASED_SURFACE_MODEL('',(#3008));
#3008 = OPEN_SHELL('',(#3009));
#3009 = ADVANCED_FACE('',(#3010),#3036,.T.);
#3010 = FACE_BOUND('',#3011,.T.);
#3011 = EDGE_LOOP('',(#3012,#3022,#3030));
#3012 = ORIENTED_EDGE('',*,*,#3013,.T.);
#3013 = EDGE_CURVE('',#3014,#3016,#3018,.T.);
#3014 = VERTEX_POINT('',#3015);
#3015 = CARTESIAN_POINT('',(-60.75,-39.67498779296,1.99999332428));
#3016 = VERTEX_POINT('',#3017);
#3017 = CARTESIAN_POINT('',(-60.75,39.674987792969,1.99999332428));
#3018 = LINE('',#3019,#3020);
#3019 = CARTESIAN_POINT('',(-60.75,-39.67498779296,1.99999332428));
#3020 = VECTOR('',#3021,1.);
#3021 = DIRECTION('',(0.,1.,0.));
#3022 = ORIENTED_EDGE('',*,*,#3023,.T.);
#3023 = EDGE_CURVE('',#3016,#3024,#3026,.T.);
#3024 = VERTEX_POINT('',#3025);
#3025 = CARTESIAN_POINT('',(-63.75,42.674999237061,1.99999332428));
#3026 = LINE('',#3027,#3028);
#3027 = CARTESIAN_POINT('',(-60.75,39.674987792969,1.99999332428));
#3028 = VECTOR('',#3029,1.);
#3029 = DIRECTION('',(-0.707105432489,0.707108129882,0.));
#3030 = ORIENTED_EDGE('',*,*,#3031,.T.);
#3031 = EDGE_CURVE('',#3024,#3014,#3032,.T.);
#3032 = LINE('',#3033,#3034);
#3033 = CARTESIAN_POINT('',(-63.75,42.674999237061,1.99999332428));
#3034 = VECTOR('',#3035,1.);
#3035 = DIRECTION('',(3.64057285659E-02,-0.99933709174,0.));
#3036 = PLANE('',#3037);
#3037 = AXIS2_PLACEMENT_3D('',#3038,#3039,#3040);
#3038 = CARTESIAN_POINT('',(-61.53297021838,1.79700838108,1.99999332428)
  );
#3039 = DIRECTION('',(0.,0.,1.));
#3040 = DIRECTION('',(1.,0.,-0.));
#3041 = SHELL_BASED_SURFACE_MODEL('',(#3042));
#3042 = OPEN_SHELL('',(#3043));
#3043 = ADVANCED_FACE('',(#3044),#3070,.T.);
#3044 = FACE_BOUND('',#3045,.T.);
#3045 = EDGE_LOOP('',(#3046,#3056,#3064));
#3046 = ORIENTED_EDGE('',*,*,#3047,.F.);
#3047 = EDGE_CURVE('',#3048,#3050,#3052,.T.);
#3048 = VERTEX_POINT('',#3049);
#3049 = CARTESIAN_POINT('',(-63.75,42.674999237061,1.99999332428));
#3050 = VERTEX_POINT('',#3051);
#3051 = CARTESIAN_POINT('',(63.75,42.674999237061,1.99999332428));
#3052 = LINE('',#3053,#3054);
#3053 = CARTESIAN_POINT('',(-63.75,42.674999237061,1.99999332428));
#3054 = VECTOR('',#3055,1.);
#3055 = DIRECTION('',(1.,0.,0.));
#3056 = ORIENTED_EDGE('',*,*,#3057,.F.);
#3057 = EDGE_CURVE('',#3058,#3048,#3060,.T.);
#3058 = VERTEX_POINT('',#3059);
#3059 = CARTESIAN_POINT('',(-60.75,39.674987792969,1.99999332428));
#3060 = LINE('',#3061,#3062);
#3061 = CARTESIAN_POINT('',(-60.75,39.674987792969,1.99999332428));
#3062 = VECTOR('',#3063,1.);
#3063 = DIRECTION('',(-0.707105432489,0.707108129882,0.));
#3064 = ORIENTED_EDGE('',*,*,#3065,.F.);
#3065 = EDGE_CURVE('',#3050,#3058,#3066,.T.);
#3066 = LINE('',#3067,#3068);
#3067 = CARTESIAN_POINT('',(63.75,42.674999237061,1.99999332428));
#3068 = VECTOR('',#3069,1.);
#3069 = DIRECTION('',(-0.999709806254,-2.408948481554E-02,0.));
#3070 = PLANE('',#3071);
#3071 = AXIS2_PLACEMENT_3D('',#3072,#3073,#3074);
#3072 = CARTESIAN_POINT('',(-0.301627292628,41.921253986916,
    1.99999332428));
#3073 = DIRECTION('',(0.,0.,1.));
#3074 = DIRECTION('',(1.,0.,-0.));
#3075 = SHELL_BASED_SURFACE_MODEL('',(#3076));
#3076 = OPEN_SHELL('',(#3077));
#3077 = ADVANCED_FACE('',(#3078),#3104,.T.);
#3078 = FACE_BOUND('',#3079,.T.);
#3079 = EDGE_LOOP('',(#3080,#3090,#3098));
#3080 = ORIENTED_EDGE('',*,*,#3081,.T.);
#3081 = EDGE_CURVE('',#3082,#3084,#3086,.T.);
#3082 = VERTEX_POINT('',#3083);
#3083 = CARTESIAN_POINT('',(60.75,39.674987792969,1.99999332428));
#3084 = VERTEX_POINT('',#3085);
#3085 = CARTESIAN_POINT('',(60.75,-39.67498779296,1.99999332428));
#3086 = LINE('',#3087,#3088);
#3087 = CARTESIAN_POINT('',(60.75,39.674987792969,1.99999332428));
#3088 = VECTOR('',#3089,1.);
#3089 = DIRECTION('',(0.,-1.,0.));
#3090 = ORIENTED_EDGE('',*,*,#3091,.T.);
#3091 = EDGE_CURVE('',#3084,#3092,#3094,.T.);
#3092 = VERTEX_POINT('',#3093);
#3093 = CARTESIAN_POINT('',(63.75,-42.67499923706,1.99999332428));
#3094 = LINE('',#3095,#3096);
#3095 = CARTESIAN_POINT('',(60.75,-39.67498779296,1.99999332428));
#3096 = VECTOR('',#3097,1.);
#3097 = DIRECTION('',(0.707105432489,-0.707108129882,0.));
#3098 = ORIENTED_EDGE('',*,*,#3099,.F.);
#3099 = EDGE_CURVE('',#3082,#3092,#3100,.T.);
#3100 = LINE('',#3101,#3102);
#3101 = CARTESIAN_POINT('',(60.75,39.674987792969,1.99999332428));
#3102 = VECTOR('',#3103,1.);
#3103 = DIRECTION('',(3.64057285659E-02,-0.99933709174,0.));
#3104 = PLANE('',#3105);
#3105 = AXIS2_PLACEMENT_3D('',#3106,#3107,#3108);
#3106 = CARTESIAN_POINT('',(61.532970218389,-1.79700838108,1.99999332428
    ));
#3107 = DIRECTION('',(0.,0.,1.));
#3108 = DIRECTION('',(1.,0.,-0.));
#3109 = SHELL_BASED_SURFACE_MODEL('',(#3110));
#3110 = OPEN_SHELL('',(#3111));
#3111 = ADVANCED_FACE('',(#3112),#3138,.T.);
#3112 = FACE_BOUND('',#3113,.T.);
#3113 = EDGE_LOOP('',(#3114,#3124,#3132));
#3114 = ORIENTED_EDGE('',*,*,#3115,.T.);
#3115 = EDGE_CURVE('',#3116,#3118,#3120,.T.);
#3116 = VERTEX_POINT('',#3117);
#3117 = CARTESIAN_POINT('',(60.75,-39.67498779296,1.99999332428));
#3118 = VERTEX_POINT('',#3119);
#3119 = CARTESIAN_POINT('',(-60.75,-39.67498779296,1.99999332428));
#3120 = LINE('',#3121,#3122);
#3121 = CARTESIAN_POINT('',(60.75,-39.67498779296,1.99999332428));
#3122 = VECTOR('',#3123,1.);
#3123 = DIRECTION('',(-1.,0.,0.));
#3124 = ORIENTED_EDGE('',*,*,#3125,.T.);
#3125 = EDGE_CURVE('',#3118,#3126,#3128,.T.);
#3126 = VERTEX_POINT('',#3127);
#3127 = CARTESIAN_POINT('',(63.75,-42.67499923706,1.99999332428));
#3128 = LINE('',#3129,#3130);
#3129 = CARTESIAN_POINT('',(-60.75,-39.67498779296,1.99999332428));
#3130 = VECTOR('',#3131,1.);
#3131 = DIRECTION('',(0.999709806254,-2.408948481554E-02,0.));
#3132 = ORIENTED_EDGE('',*,*,#3133,.F.);
#3133 = EDGE_CURVE('',#3116,#3126,#3134,.T.);
#3134 = LINE('',#3135,#3136);
#3135 = CARTESIAN_POINT('',(60.75,-39.67498779296,1.99999332428));
#3136 = VECTOR('',#3137,1.);
#3137 = DIRECTION('',(0.707105432489,-0.707108129882,0.));
#3138 = PLANE('',#3139);
#3139 = AXIS2_PLACEMENT_3D('',#3140,#3141,#3142);
#3140 = CARTESIAN_POINT('',(1.801627292628,-40.44680277858,1.99999332428
    ));
#3141 = DIRECTION('',(0.,0.,1.));
#3142 = DIRECTION('',(1.,0.,-0.));
#3143 = SHELL_BASED_SURFACE_MODEL('',(#3144));
#3144 = OPEN_SHELL('',(#3145));
#3145 = ADVANCED_FACE('',(#3146),#3172,.T.);
#3146 = FACE_BOUND('',#3147,.T.);
#3147 = EDGE_LOOP('',(#3148,#3158,#3166));
#3148 = ORIENTED_EDGE('',*,*,#3149,.F.);
#3149 = EDGE_CURVE('',#3150,#3152,#3154,.T.);
#3150 = VERTEX_POINT('',#3151);
#3151 = CARTESIAN_POINT('',(-60.75,-39.67498779296,1.99999332428));
#3152 = VERTEX_POINT('',#3153);
#3153 = CARTESIAN_POINT('',(63.75,-42.67499923706,1.99999332428));
#3154 = LINE('',#3155,#3156);
#3155 = CARTESIAN_POINT('',(-60.75,-39.67498779296,1.99999332428));
#3156 = VECTOR('',#3157,1.);
#3157 = DIRECTION('',(0.999709806254,-2.408948481554E-02,0.));
#3158 = ORIENTED_EDGE('',*,*,#3159,.T.);
#3159 = EDGE_CURVE('',#3150,#3160,#3162,.T.);
#3160 = VERTEX_POINT('',#3161);
#3161 = CARTESIAN_POINT('',(-63.75,-42.67499923706,1.99999332428));
#3162 = LINE('',#3163,#3164);
#3163 = CARTESIAN_POINT('',(-60.75,-39.67498779296,1.99999332428));
#3164 = VECTOR('',#3165,1.);
#3165 = DIRECTION('',(-0.707105432489,-0.707108129882,0.));
#3166 = ORIENTED_EDGE('',*,*,#3167,.F.);
#3167 = EDGE_CURVE('',#3152,#3160,#3168,.T.);
#3168 = LINE('',#3169,#3170);
#3169 = CARTESIAN_POINT('',(63.75,-42.67499923706,1.99999332428));
#3170 = VECTOR('',#3171,1.);
#3171 = DIRECTION('',(-1.,0.,0.));
#3172 = PLANE('',#3173);
#3173 = AXIS2_PLACEMENT_3D('',#3174,#3175,#3176);
#3174 = CARTESIAN_POINT('',(-0.301627292628,-41.92125398691,
    1.99999332428));
#3175 = DIRECTION('',(0.,0.,1.));
#3176 = DIRECTION('',(1.,0.,-0.));
#3177 = SHELL_BASED_SURFACE_MODEL('',(#3178));
#3178 = OPEN_SHELL('',(#3179));
#3179 = ADVANCED_FACE('',(#3180),#3206,.T.);
#3180 = FACE_BOUND('',#3181,.T.);
#3181 = EDGE_LOOP('',(#3182,#3192,#3200));
#3182 = ORIENTED_EDGE('',*,*,#3183,.F.);
#3183 = EDGE_CURVE('',#3184,#3186,#3188,.T.);
#3184 = VERTEX_POINT('',#3185);
#3185 = CARTESIAN_POINT('',(-63.75,-42.67499923706,1.99999332428));
#3186 = VERTEX_POINT('',#3187);
#3187 = CARTESIAN_POINT('',(-63.75,42.674999237061,1.99999332428));
#3188 = LINE('',#3189,#3190);
#3189 = CARTESIAN_POINT('',(-63.75,-42.67499923706,1.99999332428));
#3190 = VECTOR('',#3191,1.);
#3191 = DIRECTION('',(0.,1.,0.));
#3192 = ORIENTED_EDGE('',*,*,#3193,.F.);
#3193 = EDGE_CURVE('',#3194,#3184,#3196,.T.);
#3194 = VERTEX_POINT('',#3195);
#3195 = CARTESIAN_POINT('',(-60.75,-39.67498779296,1.99999332428));
#3196 = LINE('',#3197,#3198);
#3197 = CARTESIAN_POINT('',(-60.75,-39.67498779296,1.99999332428));
#3198 = VECTOR('',#3199,1.);
#3199 = DIRECTION('',(-0.707105432489,-0.707108129882,0.));
#3200 = ORIENTED_EDGE('',*,*,#3201,.F.);
#3201 = EDGE_CURVE('',#3186,#3194,#3202,.T.);
#3202 = LINE('',#3203,#3204);
#3203 = CARTESIAN_POINT('',(-63.75,42.674999237061,1.99999332428));
#3204 = VECTOR('',#3205,1.);
#3205 = DIRECTION('',(3.64057285659E-02,-0.99933709174,0.));
#3206 = PLANE('',#3207);
#3207 = AXIS2_PLACEMENT_3D('',#3208,#3209,#3210);
#3208 = CARTESIAN_POINT('',(-62.99434323535,-0.297002659034,
    1.99999332428));
#3209 = DIRECTION('',(0.,0.,1.));
#3210 = DIRECTION('',(1.,0.,-0.));
#3211 = SHELL_BASED_SURFACE_MODEL('',(#3212));
#3212 = OPEN_SHELL('',(#3213));
#3213 = ADVANCED_FACE('',(#3214),#3240,.T.);
#3214 = FACE_BOUND('',#3215,.T.);
#3215 = EDGE_LOOP('',(#3216,#3226,#3234));
#3216 = ORIENTED_EDGE('',*,*,#3217,.F.);
#3217 = EDGE_CURVE('',#3218,#3220,#3222,.T.);
#3218 = VERTEX_POINT('',#3219);
#3219 = CARTESIAN_POINT('',(-63.75,42.674987792969,9.536743164062E-07));
#3220 = VERTEX_POINT('',#3221);
#3221 = CARTESIAN_POINT('',(63.75,42.674987792969,9.536743164062E-07));
#3222 = LINE('',#3223,#3224);
#3223 = CARTESIAN_POINT('',(-63.75,42.674987792969,9.536743164062E-07));
#3224 = VECTOR('',#3225,1.);
#3225 = DIRECTION('',(1.,0.,0.));
#3226 = ORIENTED_EDGE('',*,*,#3227,.T.);
#3227 = EDGE_CURVE('',#3218,#3228,#3230,.T.);
#3228 = VERTEX_POINT('',#3229);
#3229 = CARTESIAN_POINT('',(63.75,42.674999237061,1.239200355485E-05));
#3230 = LINE('',#3231,#3232);
#3231 = CARTESIAN_POINT('',(-63.75,42.674987792969,9.536743164062E-07));
#3232 = VECTOR('',#3233,1.);
#3233 = DIRECTION('',(1.,8.975758272059E-08,8.971238618388E-08));
#3234 = ORIENTED_EDGE('',*,*,#3235,.F.);
#3235 = EDGE_CURVE('',#3220,#3228,#3236,.T.);
#3236 = LINE('',#3237,#3238);
#3237 = CARTESIAN_POINT('',(63.75,42.674987792969,9.536743164062E-07));
#3238 = VECTOR('',#3239,1.);
#3239 = DIRECTION('',(0.,0.70728483188,0.706928685648));
#3240 = PLANE('',#3241);
#3241 = AXIS2_PLACEMENT_3D('',#3242,#3243,#3244);
#3242 = CARTESIAN_POINT('',(4.04507864261E-06,42.674990653992,
    3.813256807464E-06));
#3243 = DIRECTION('',(-0.,0.706928685648,-0.70728483188));
#3244 = DIRECTION('',(0.,-0.70728483188,-0.706928685648));
#3245 = SHELL_BASED_SURFACE_MODEL('',(#3246));
#3246 = OPEN_SHELL('',(#3247));
#3247 = ADVANCED_FACE('',(#3248),#3274,.T.);
#3248 = FACE_BOUND('',#3249,.T.);
#3249 = EDGE_LOOP('',(#3250,#3260,#3268));
#3250 = ORIENTED_EDGE('',*,*,#3251,.F.);
#3251 = EDGE_CURVE('',#3252,#3254,#3256,.T.);
#3252 = VERTEX_POINT('',#3253);
#3253 = CARTESIAN_POINT('',(63.75,42.674999237061,1.239200355485E-05));
#3254 = VERTEX_POINT('',#3255);
#3255 = CARTESIAN_POINT('',(-63.75,42.674999237061,1.239200355485E-05));
#3256 = LINE('',#3257,#3258);
#3257 = CARTESIAN_POINT('',(63.75,42.674999237061,1.239200355485E-05));
#3258 = VECTOR('',#3259,1.);
#3259 = DIRECTION('',(-1.,0.,0.));
#3260 = ORIENTED_EDGE('',*,*,#3261,.F.);
#3261 = EDGE_CURVE('',#3262,#3252,#3264,.T.);
#3262 = VERTEX_POINT('',#3263);
#3263 = CARTESIAN_POINT('',(-63.75,42.674987792969,9.536743164062E-07));
#3264 = LINE('',#3265,#3266);
#3265 = CARTESIAN_POINT('',(-63.75,42.674987792969,9.536743164062E-07));
#3266 = VECTOR('',#3267,1.);
#3267 = DIRECTION('',(1.,8.975758272059E-08,8.971238618388E-08));
#3268 = ORIENTED_EDGE('',*,*,#3269,.F.);
#3269 = EDGE_CURVE('',#3254,#3262,#3270,.T.);
#3270 = LINE('',#3271,#3272);
#3271 = CARTESIAN_POINT('',(-63.75,42.674999237061,1.239200355485E-05));
#3272 = VECTOR('',#3273,1.);
#3273 = DIRECTION('',(0.,-0.70728483188,-0.706928685648));
#3274 = PLANE('',#3275);
#3275 = AXIS2_PLACEMENT_3D('',#3276,#3277,#3278);
#3276 = CARTESIAN_POINT('',(-4.04507864261E-06,42.674996376037,
    9.532421063793E-06));
#3277 = DIRECTION('',(-0.,0.706928685648,-0.70728483188));
#3278 = DIRECTION('',(0.,-0.70728483188,-0.706928685648));
#3279 = SHELL_BASED_SURFACE_MODEL('',(#3280));
#3280 = OPEN_SHELL('',(#3281));
#3281 = ADVANCED_FACE('',(#3282),#3308,.T.);
#3282 = FACE_BOUND('',#3283,.T.);
#3283 = EDGE_LOOP('',(#3284,#3294,#3302));
#3284 = ORIENTED_EDGE('',*,*,#3285,.T.);
#3285 = EDGE_CURVE('',#3286,#3288,#3290,.T.);
#3286 = VERTEX_POINT('',#3287);
#3287 = CARTESIAN_POINT('',(62.75,-41.67498779296,9.536743164062E-07));
#3288 = VERTEX_POINT('',#3289);
#3289 = CARTESIAN_POINT('',(60.75,-39.67498779296,1.998993873596));
#3290 = LINE('',#3291,#3292);
#3291 = CARTESIAN_POINT('',(62.75,-41.67498779296,9.536743164062E-07));
#3292 = VECTOR('',#3293,1.);
#3293 = DIRECTION('',(-0.57744717551,0.57744717551,0.577156407737));
#3294 = ORIENTED_EDGE('',*,*,#3295,.T.);
#3295 = EDGE_CURVE('',#3288,#3296,#3298,.T.);
#3296 = VERTEX_POINT('',#3297);
#3297 = CARTESIAN_POINT('',(62.75,41.674987792969,9.536743164062E-07));
#3298 = LINE('',#3299,#3300);
#3299 = CARTESIAN_POINT('',(60.75,-39.67498779296,1.998993873596));
#3300 = VECTOR('',#3301,1.);
#3301 = DIRECTION('',(2.457029434109E-02,0.999396422393,
    -2.455792221411E-02));
#3302 = ORIENTED_EDGE('',*,*,#3303,.F.);
#3303 = EDGE_CURVE('',#3286,#3296,#3304,.T.);
#3304 = LINE('',#3305,#3306);
#3305 = CARTESIAN_POINT('',(62.75,-41.67498779296,9.536743164062E-07));
#3306 = VECTOR('',#3307,1.);
#3307 = DIRECTION('',(0.,1.,0.));
#3308 = PLANE('',#3309);
#3309 = AXIS2_PLACEMENT_3D('',#3310,#3311,#3312);
#3310 = CARTESIAN_POINT('',(62.245503752592,-0.353597399261,
    0.504243167022));
#3311 = DIRECTION('',(-0.706928685648,-0.,-0.70728483188));
#3312 = DIRECTION('',(-0.70728483188,0.,0.706928685648));
#3313 = SHELL_BASED_SURFACE_MODEL('',(#3314));
#3314 = OPEN_SHELL('',(#3315));
#3315 = ADVANCED_FACE('',(#3316),#3342,.T.);
#3316 = FACE_BOUND('',#3317,.T.);
#3317 = EDGE_LOOP('',(#3318,#3328,#3336));
#3318 = ORIENTED_EDGE('',*,*,#3319,.F.);
#3319 = EDGE_CURVE('',#3320,#3322,#3324,.T.);
#3320 = VERTEX_POINT('',#3321);
#3321 = CARTESIAN_POINT('',(62.75,41.674987792969,9.536743164062E-07));
#3322 = VERTEX_POINT('',#3323);
#3323 = CARTESIAN_POINT('',(60.75,39.674987792969,1.998993873596));
#3324 = LINE('',#3325,#3326);
#3325 = CARTESIAN_POINT('',(62.75,41.674987792969,9.536743164062E-07));
#3326 = VECTOR('',#3327,1.);
#3327 = DIRECTION('',(-0.57744717551,-0.57744717551,0.577156407737));
#3328 = ORIENTED_EDGE('',*,*,#3329,.F.);
#3329 = EDGE_CURVE('',#3330,#3320,#3332,.T.);
#3330 = VERTEX_POINT('',#3331);
#3331 = CARTESIAN_POINT('',(60.75,-39.67498779296,1.998993873596));
#3332 = LINE('',#3333,#3334);
#3333 = CARTESIAN_POINT('',(60.75,-39.67498779296,1.998993873596));
#3334 = VECTOR('',#3335,1.);
#3335 = DIRECTION('',(2.457029434109E-02,0.999396422393,
    -2.455792221411E-02));
#3336 = ORIENTED_EDGE('',*,*,#3337,.T.);
#3337 = EDGE_CURVE('',#3330,#3322,#3338,.T.);
#3338 = LINE('',#3339,#3340);
#3339 = CARTESIAN_POINT('',(60.75,-39.67498779296,1.998993873596));
#3340 = VECTOR('',#3341,1.);
#3341 = DIRECTION('',(0.,1.,0.));
#3342 = PLANE('',#3343);
#3343 = AXIS2_PLACEMENT_3D('',#3344,#3345,#3346);
#3344 = CARTESIAN_POINT('',(61.266785103217,1.353597399261,1.48246899237
    ));
#3345 = DIRECTION('',(-0.706928685648,-0.,-0.70728483188));
#3346 = DIRECTION('',(-0.70728483188,0.,0.706928685648));
#3347 = SHELL_BASED_SURFACE_MODEL('',(#3348));
#3348 = OPEN_SHELL('',(#3349));
#3349 = ADVANCED_FACE('',(#3350),#3376,.T.);
#3350 = FACE_BOUND('',#3351,.T.);
#3351 = EDGE_LOOP('',(#3352,#3362,#3370));
#3352 = ORIENTED_EDGE('',*,*,#3353,.F.);
#3353 = EDGE_CURVE('',#3354,#3356,#3358,.T.);
#3354 = VERTEX_POINT('',#3355);
#3355 = CARTESIAN_POINT('',(60.75,-39.67498779296,1.998993873596));
#3356 = VERTEX_POINT('',#3357);
#3357 = CARTESIAN_POINT('',(60.75,39.674987792969,1.998993873596));
#3358 = LINE('',#3359,#3360);
#3359 = CARTESIAN_POINT('',(60.75,-39.67498779296,1.998993873596));
#3360 = VECTOR('',#3361,1.);
#3361 = DIRECTION('',(0.,1.,0.));
#3362 = ORIENTED_EDGE('',*,*,#3363,.T.);
#3363 = EDGE_CURVE('',#3354,#3364,#3366,.T.);
#3364 = VERTEX_POINT('',#3365);
#3365 = CARTESIAN_POINT('',(60.75,39.674987792969,1.99999332428));
#3366 = LINE('',#3367,#3368);
#3367 = CARTESIAN_POINT('',(60.75,-39.67498779296,1.998993873596));
#3368 = VECTOR('',#3369,1.);
#3369 = DIRECTION('',(0.,0.999999999921,1.259547562724E-05));
#3370 = ORIENTED_EDGE('',*,*,#3371,.F.);
#3371 = EDGE_CURVE('',#3356,#3364,#3372,.T.);
#3372 = LINE('',#3373,#3374);
#3373 = CARTESIAN_POINT('',(60.75,39.674987792969,1.998993873596));
#3374 = VECTOR('',#3375,1.);
#3375 = DIRECTION('',(0.,0.,1.));
#3376 = PLANE('',#3377);
#3377 = AXIS2_PLACEMENT_3D('',#3378,#3379,#3380);
#3378 = CARTESIAN_POINT('',(60.75,2.498610973288E-04,1.999243737841));
#3379 = DIRECTION('',(-1.,-0.,-0.));
#3380 = DIRECTION('',(0.,0.,-1.));
#3381 = SHELL_BASED_SURFACE_MODEL('',(#3382));
#3382 = OPEN_SHELL('',(#3383));
#3383 = ADVANCED_FACE('',(#3384),#3410,.T.);
#3384 = FACE_BOUND('',#3385,.T.);
#3385 = EDGE_LOOP('',(#3386,#3396,#3404));
#3386 = ORIENTED_EDGE('',*,*,#3387,.F.);
#3387 = EDGE_CURVE('',#3388,#3390,#3392,.T.);
#3388 = VERTEX_POINT('',#3389);
#3389 = CARTESIAN_POINT('',(60.75,39.674987792969,1.99999332428));
#3390 = VERTEX_POINT('',#3391);
#3391 = CARTESIAN_POINT('',(60.75,-39.67498779296,1.99999332428));
#3392 = LINE('',#3393,#3394);
#3393 = CARTESIAN_POINT('',(60.75,39.674987792969,1.99999332428));
#3394 = VECTOR('',#3395,1.);
#3395 = DIRECTION('',(0.,-1.,0.));
#3396 = ORIENTED_EDGE('',*,*,#3397,.F.);
#3397 = EDGE_CURVE('',#3398,#3388,#3400,.T.);
#3398 = VERTEX_POINT('',#3399);
#3399 = CARTESIAN_POINT('',(60.75,-39.67498779296,1.998993873596));
#3400 = LINE('',#3401,#3402);
#3401 = CARTESIAN_POINT('',(60.75,-39.67498779296,1.998993873596));
#3402 = VECTOR('',#3403,1.);
#3403 = DIRECTION('',(0.,0.999999999921,1.259547562724E-05));
#3404 = ORIENTED_EDGE('',*,*,#3405,.T.);
#3405 = EDGE_CURVE('',#3398,#3390,#3406,.T.);
#3406 = LINE('',#3407,#3408);
#3407 = CARTESIAN_POINT('',(60.75,-39.67498779296,1.998993873596));
#3408 = VECTOR('',#3409,1.);
#3409 = DIRECTION('',(0.,0.,1.));
#3410 = PLANE('',#3411);
#3411 = AXIS2_PLACEMENT_3D('',#3412,#3413,#3414);
#3412 = CARTESIAN_POINT('',(60.75,-2.498610973288E-04,1.999743460035));
#3413 = DIRECTION('',(-1.,-0.,-0.));
#3414 = DIRECTION('',(0.,0.,-1.));
#3415 = SHELL_BASED_SURFACE_MODEL('',(#3416));
#3416 = OPEN_SHELL('',(#3417));
#3417 = ADVANCED_FACE('',(#3418),#3444,.T.);
#3418 = FACE_BOUND('',#3419,.T.);
#3419 = EDGE_LOOP('',(#3420,#3430,#3438));
#3420 = ORIENTED_EDGE('',*,*,#3421,.T.);
#3421 = EDGE_CURVE('',#3422,#3424,#3426,.T.);
#3422 = VERTEX_POINT('',#3423);
#3423 = CARTESIAN_POINT('',(-60.75,-39.67498779296,1.998993873596));
#3424 = VERTEX_POINT('',#3425);
#3425 = CARTESIAN_POINT('',(-62.75,-41.67498779296,9.536743164062E-07));
#3426 = LINE('',#3427,#3428);
#3427 = CARTESIAN_POINT('',(-60.75,-39.67498779296,1.998993873596));
#3428 = VECTOR('',#3429,1.);
#3429 = DIRECTION('',(-0.57744717551,-0.57744717551,-0.577156407737));
#3430 = ORIENTED_EDGE('',*,*,#3431,.T.);
#3431 = EDGE_CURVE('',#3424,#3432,#3434,.T.);
#3432 = VERTEX_POINT('',#3433);
#3433 = CARTESIAN_POINT('',(-60.75,39.674987792969,1.998993873596));
#3434 = LINE('',#3435,#3436);
#3435 = CARTESIAN_POINT('',(-62.75,-41.67498779296,9.536743164062E-07));
#3436 = VECTOR('',#3437,1.);
#3437 = DIRECTION('',(2.457029434109E-02,0.999396422393,
    2.455792221411E-02));
#3438 = ORIENTED_EDGE('',*,*,#3439,.T.);
#3439 = EDGE_CURVE('',#3432,#3422,#3440,.T.);
#3440 = LINE('',#3441,#3442);
#3441 = CARTESIAN_POINT('',(-60.75,39.674987792969,1.998993873596));
#3442 = VECTOR('',#3443,1.);
#3443 = DIRECTION('',(0.,-1.,0.));
#3444 = PLANE('',#3445);
#3445 = AXIS2_PLACEMENT_3D('',#3446,#3447,#3448);
#3446 = CARTESIAN_POINT('',(-61.26678510321,-1.353597399261,
    1.48246899237));
#3447 = DIRECTION('',(0.706928685648,-0.,-0.70728483188));
#3448 = DIRECTION('',(-0.70728483188,0.,-0.706928685648));
#3449 = SHELL_BASED_SURFACE_MODEL('',(#3450));
#3450 = OPEN_SHELL('',(#3451));
#3451 = ADVANCED_FACE('',(#3452),#3478,.T.);
#3452 = FACE_BOUND('',#3453,.T.);
#3453 = EDGE_LOOP('',(#3454,#3464,#3472));
#3454 = ORIENTED_EDGE('',*,*,#3455,.F.);
#3455 = EDGE_CURVE('',#3456,#3458,#3460,.T.);
#3456 = VERTEX_POINT('',#3457);
#3457 = CARTESIAN_POINT('',(-60.75,39.674987792969,1.998993873596));
#3458 = VERTEX_POINT('',#3459);
#3459 = CARTESIAN_POINT('',(-62.75,41.674987792969,9.536743164062E-07));
#3460 = LINE('',#3461,#3462);
#3461 = CARTESIAN_POINT('',(-60.75,39.674987792969,1.998993873596));
#3462 = VECTOR('',#3463,1.);
#3463 = DIRECTION('',(-0.57744717551,0.57744717551,-0.577156407737));
#3464 = ORIENTED_EDGE('',*,*,#3465,.F.);
#3465 = EDGE_CURVE('',#3466,#3456,#3468,.T.);
#3466 = VERTEX_POINT('',#3467);
#3467 = CARTESIAN_POINT('',(-62.75,-41.67498779296,9.536743164062E-07));
#3468 = LINE('',#3469,#3470);
#3469 = CARTESIAN_POINT('',(-62.75,-41.67498779296,9.536743164062E-07));
#3470 = VECTOR('',#3471,1.);
#3471 = DIRECTION('',(2.457029434109E-02,0.999396422393,
    2.455792221411E-02));
#3472 = ORIENTED_EDGE('',*,*,#3473,.F.);
#3473 = EDGE_CURVE('',#3458,#3466,#3474,.T.);
#3474 = LINE('',#3475,#3476);
#3475 = CARTESIAN_POINT('',(-62.75,41.674987792969,9.536743164062E-07));
#3476 = VECTOR('',#3477,1.);
#3477 = DIRECTION('',(0.,-1.,0.));
#3478 = PLANE('',#3479);
#3479 = AXIS2_PLACEMENT_3D('',#3480,#3481,#3482);
#3480 = CARTESIAN_POINT('',(-62.24550375259,0.353597399261,
    0.504243167022));
#3481 = DIRECTION('',(0.706928685648,-0.,-0.70728483188));
#3482 = DIRECTION('',(-0.70728483188,0.,-0.706928685648));
#3483 = SHELL_BASED_SURFACE_MODEL('',(#3484));
#3484 = OPEN_SHELL('',(#3485));
#3485 = ADVANCED_FACE('',(#3486),#3512,.T.);
#3486 = FACE_BOUND('',#3487,.T.);
#3487 = EDGE_LOOP('',(#3488,#3498,#3506));
#3488 = ORIENTED_EDGE('',*,*,#3489,.F.);
#3489 = EDGE_CURVE('',#3490,#3492,#3494,.T.);
#3490 = VERTEX_POINT('',#3491);
#3491 = CARTESIAN_POINT('',(-60.75,-39.67498779296,1.99999332428));
#3492 = VERTEX_POINT('',#3493);
#3493 = CARTESIAN_POINT('',(-60.75,39.674987792969,1.99999332428));
#3494 = LINE('',#3495,#3496);
#3495 = CARTESIAN_POINT('',(-60.75,-39.67498779296,1.99999332428));
#3496 = VECTOR('',#3497,1.);
#3497 = DIRECTION('',(0.,1.,0.));
#3498 = ORIENTED_EDGE('',*,*,#3499,.T.);
#3499 = EDGE_CURVE('',#3490,#3500,#3502,.T.);
#3500 = VERTEX_POINT('',#3501);
#3501 = CARTESIAN_POINT('',(-60.75,39.674987792969,1.998993873596));
#3502 = LINE('',#3503,#3504);
#3503 = CARTESIAN_POINT('',(-60.75,-39.67498779296,1.99999332428));
#3504 = VECTOR('',#3505,1.);
#3505 = DIRECTION('',(0.,0.999999999921,-1.259547562724E-05));
#3506 = ORIENTED_EDGE('',*,*,#3507,.F.);
#3507 = EDGE_CURVE('',#3492,#3500,#3508,.T.);
#3508 = LINE('',#3509,#3510);
#3509 = CARTESIAN_POINT('',(-60.75,39.674987792969,1.99999332428));
#3510 = VECTOR('',#3511,1.);
#3511 = DIRECTION('',(0.,0.,-1.));
#3512 = PLANE('',#3513);
#3513 = AXIS2_PLACEMENT_3D('',#3514,#3515,#3516);
#3514 = CARTESIAN_POINT('',(-60.75,2.498610973288E-04,1.999743460035));
#3515 = DIRECTION('',(1.,0.,0.));
#3516 = DIRECTION('',(-0.,0.,1.));
#3517 = SHELL_BASED_SURFACE_MODEL('',(#3518));
#3518 = OPEN_SHELL('',(#3519));
#3519 = ADVANCED_FACE('',(#3520),#3546,.T.);
#3520 = FACE_BOUND('',#3521,.T.);
#3521 = EDGE_LOOP('',(#3522,#3532,#3540));
#3522 = ORIENTED_EDGE('',*,*,#3523,.F.);
#3523 = EDGE_CURVE('',#3524,#3526,#3528,.T.);
#3524 = VERTEX_POINT('',#3525);
#3525 = CARTESIAN_POINT('',(-60.75,39.674987792969,1.998993873596));
#3526 = VERTEX_POINT('',#3527);
#3527 = CARTESIAN_POINT('',(-60.75,-39.67498779296,1.998993873596));
#3528 = LINE('',#3529,#3530);
#3529 = CARTESIAN_POINT('',(-60.75,39.674987792969,1.998993873596));
#3530 = VECTOR('',#3531,1.);
#3531 = DIRECTION('',(0.,-1.,0.));
#3532 = ORIENTED_EDGE('',*,*,#3533,.F.);
#3533 = EDGE_CURVE('',#3534,#3524,#3536,.T.);
#3534 = VERTEX_POINT('',#3535);
#3535 = CARTESIAN_POINT('',(-60.75,-39.67498779296,1.99999332428));
#3536 = LINE('',#3537,#3538);
#3537 = CARTESIAN_POINT('',(-60.75,-39.67498779296,1.99999332428));
#3538 = VECTOR('',#3539,1.);
#3539 = DIRECTION('',(0.,0.999999999921,-1.259547562724E-05));
#3540 = ORIENTED_EDGE('',*,*,#3541,.T.);
#3541 = EDGE_CURVE('',#3534,#3526,#3542,.T.);
#3542 = LINE('',#3543,#3544);
#3543 = CARTESIAN_POINT('',(-60.75,-39.67498779296,1.99999332428));
#3544 = VECTOR('',#3545,1.);
#3545 = DIRECTION('',(0.,0.,-1.));
#3546 = PLANE('',#3547);
#3547 = AXIS2_PLACEMENT_3D('',#3548,#3549,#3550);
#3548 = CARTESIAN_POINT('',(-60.75,-2.498610973288E-04,1.999243737841));
#3549 = DIRECTION('',(1.,0.,0.));
#3550 = DIRECTION('',(-0.,0.,1.));
#3551 = SHELL_BASED_SURFACE_MODEL('',(#3552));
#3552 = OPEN_SHELL('',(#3553));
#3553 = ADVANCED_FACE('',(#3554),#3580,.T.);
#3554 = FACE_BOUND('',#3555,.T.);
#3555 = EDGE_LOOP('',(#3556,#3566,#3574));
#3556 = ORIENTED_EDGE('',*,*,#3557,.F.);
#3557 = EDGE_CURVE('',#3558,#3560,#3562,.T.);
#3558 = VERTEX_POINT('',#3559);
#3559 = CARTESIAN_POINT('',(62.75,-41.67498779296,9.536743164062E-07));
#3560 = VERTEX_POINT('',#3561);
#3561 = CARTESIAN_POINT('',(60.75,-39.67498779296,1.998993873596));
#3562 = LINE('',#3563,#3564);
#3563 = CARTESIAN_POINT('',(62.75,-41.67498779296,9.536743164062E-07));
#3564 = VECTOR('',#3565,1.);
#3565 = DIRECTION('',(-0.57744717551,0.57744717551,0.577156407737));
#3566 = ORIENTED_EDGE('',*,*,#3567,.T.);
#3567 = EDGE_CURVE('',#3558,#3568,#3570,.T.);
#3568 = VERTEX_POINT('',#3569);
#3569 = CARTESIAN_POINT('',(-60.75,-39.67498779296,1.998993873596));
#3570 = LINE('',#3571,#3572);
#3571 = CARTESIAN_POINT('',(62.75,-41.67498779296,9.536743164062E-07));
#3572 = VECTOR('',#3573,1.);
#3573 = DIRECTION('',(-0.999737978654,1.619008872314E-02,
    1.618193636523E-02));
#3574 = ORIENTED_EDGE('',*,*,#3575,.T.);
#3575 = EDGE_CURVE('',#3568,#3560,#3576,.T.);
#3576 = LINE('',#3577,#3578);
#3577 = CARTESIAN_POINT('',(-60.75,-39.67498779296,1.998993873596));
#3578 = VECTOR('',#3579,1.);
#3579 = DIRECTION('',(1.,0.,0.));
#3580 = PLANE('',#3581);
#3581 = AXIS2_PLACEMENT_3D('',#3582,#3583,#3584);
#3582 = CARTESIAN_POINT('',(1.357788039347,-40.18604610147,
    1.488192903412));
#3583 = DIRECTION('',(-0.,0.706928685648,-0.70728483188));
#3584 = DIRECTION('',(0.,-0.70728483188,-0.706928685648));
#3585 = SHELL_BASED_SURFACE_MODEL('',(#3586));
#3586 = OPEN_SHELL('',(#3587));
#3587 = ADVANCED_FACE('',(#3588),#3614,.T.);
#3588 = FACE_BOUND('',#3589,.T.);
#3589 = EDGE_LOOP('',(#3590,#3600,#3608));
#3590 = ORIENTED_EDGE('',*,*,#3591,.F.);
#3591 = EDGE_CURVE('',#3592,#3594,#3596,.T.);
#3592 = VERTEX_POINT('',#3593);
#3593 = CARTESIAN_POINT('',(-60.75,-39.67498779296,1.998993873596));
#3594 = VERTEX_POINT('',#3595);
#3595 = CARTESIAN_POINT('',(-62.75,-41.67498779296,9.536743164062E-07));
#3596 = LINE('',#3597,#3598);
#3597 = CARTESIAN_POINT('',(-60.75,-39.67498779296,1.998993873596));
#3598 = VECTOR('',#3599,1.);
#3599 = DIRECTION('',(-0.57744717551,-0.57744717551,-0.577156407737));
#3600 = ORIENTED_EDGE('',*,*,#3601,.F.);
#3601 = EDGE_CURVE('',#3602,#3592,#3604,.T.);
#3602 = VERTEX_POINT('',#3603);
#3603 = CARTESIAN_POINT('',(62.75,-41.67498779296,9.536743164062E-07));
#3604 = LINE('',#3605,#3606);
#3605 = CARTESIAN_POINT('',(62.75,-41.67498779296,9.536743164062E-07));
#3606 = VECTOR('',#3607,1.);
#3607 = DIRECTION('',(-0.999737978654,1.619008872314E-02,
    1.618193636523E-02));
#3608 = ORIENTED_EDGE('',*,*,#3609,.F.);
#3609 = EDGE_CURVE('',#3594,#3602,#3610,.T.);
#3610 = LINE('',#3611,#3612);
#3611 = CARTESIAN_POINT('',(-62.75,-41.67498779296,9.536743164062E-07));
#3612 = VECTOR('',#3613,1.);
#3613 = DIRECTION('',(1.,0.,0.));
#3614 = PLANE('',#3615);
#3615 = AXIS2_PLACEMENT_3D('',#3616,#3617,#3618);
#3616 = CARTESIAN_POINT('',(-0.357788039347,-41.1720255895,
    0.502709895534));
#3617 = DIRECTION('',(-0.,0.706928685648,-0.70728483188));
#3618 = DIRECTION('',(0.,-0.70728483188,-0.706928685648));
#3619 = SHELL_BASED_SURFACE_MODEL('',(#3620));
#3620 = OPEN_SHELL('',(#3621));
#3621 = ADVANCED_FACE('',(#3622),#3648,.T.);
#3622 = FACE_BOUND('',#3623,.T.);
#3623 = EDGE_LOOP('',(#3624,#3634,#3642));
#3624 = ORIENTED_EDGE('',*,*,#3625,.F.);
#3625 = EDGE_CURVE('',#3626,#3628,#3630,.T.);
#3626 = VERTEX_POINT('',#3627);
#3627 = CARTESIAN_POINT('',(60.75,-39.67498779296,1.998993873596));
#3628 = VERTEX_POINT('',#3629);
#3629 = CARTESIAN_POINT('',(60.75,-39.67498779296,1.99999332428));
#3630 = LINE('',#3631,#3632);
#3631 = CARTESIAN_POINT('',(60.75,-39.67498779296,1.998993873596));
#3632 = VECTOR('',#3633,1.);
#3633 = DIRECTION('',(0.,0.,1.));
#3634 = ORIENTED_EDGE('',*,*,#3635,.T.);
#3635 = EDGE_CURVE('',#3626,#3636,#3638,.T.);
#3636 = VERTEX_POINT('',#3637);
#3637 = CARTESIAN_POINT('',(-60.75,-39.67498779296,1.99999332428));
#3638 = LINE('',#3639,#3640);
#3639 = CARTESIAN_POINT('',(60.75,-39.67498779296,1.998993873596));
#3640 = VECTOR('',#3641,1.);
#3641 = DIRECTION('',(-0.999999999966,0.,8.225931551934E-06));
#3642 = ORIENTED_EDGE('',*,*,#3643,.F.);
#3643 = EDGE_CURVE('',#3628,#3636,#3644,.T.);
#3644 = LINE('',#3645,#3646);
#3645 = CARTESIAN_POINT('',(60.75,-39.67498779296,1.99999332428));
#3646 = VECTOR('',#3647,1.);
#3647 = DIRECTION('',(-1.,0.,0.));
#3648 = PLANE('',#3649);
#3649 = AXIS2_PLACEMENT_3D('',#3650,#3651,#3652);
#3650 = CARTESIAN_POINT('',(2.498616432218E-04,-39.67498779296,
    1.999743460581));
#3651 = DIRECTION('',(0.,1.,0.));
#3652 = DIRECTION('',(0.,-0.,1.));
#3653 = SHELL_BASED_SURFACE_MODEL('',(#3654));
#3654 = OPEN_SHELL('',(#3655));
#3655 = ADVANCED_FACE('',(#3656),#3682,.T.);
#3656 = FACE_BOUND('',#3657,.T.);
#3657 = EDGE_LOOP('',(#3658,#3668,#3676));
#3658 = ORIENTED_EDGE('',*,*,#3659,.F.);
#3659 = EDGE_CURVE('',#3660,#3662,#3664,.T.);
#3660 = VERTEX_POINT('',#3661);
#3661 = CARTESIAN_POINT('',(-60.75,-39.67498779296,1.99999332428));
#3662 = VERTEX_POINT('',#3663);
#3663 = CARTESIAN_POINT('',(-60.75,-39.67498779296,1.998993873596));
#3664 = LINE('',#3665,#3666);
#3665 = CARTESIAN_POINT('',(-60.75,-39.67498779296,1.99999332428));
#3666 = VECTOR('',#3667,1.);
#3667 = DIRECTION('',(0.,0.,-1.));
#3668 = ORIENTED_EDGE('',*,*,#3669,.F.);
#3669 = EDGE_CURVE('',#3670,#3660,#3672,.T.);
#3670 = VERTEX_POINT('',#3671);
#3671 = CARTESIAN_POINT('',(60.75,-39.67498779296,1.998993873596));
#3672 = LINE('',#3673,#3674);
#3673 = CARTESIAN_POINT('',(60.75,-39.67498779296,1.998993873596));
#3674 = VECTOR('',#3675,1.);
#3675 = DIRECTION('',(-0.999999999966,0.,8.225931551934E-06));
#3676 = ORIENTED_EDGE('',*,*,#3677,.F.);
#3677 = EDGE_CURVE('',#3662,#3670,#3678,.T.);
#3678 = LINE('',#3679,#3680);
#3679 = CARTESIAN_POINT('',(-60.75,-39.67498779296,1.998993873596));
#3680 = VECTOR('',#3681,1.);
#3681 = DIRECTION('',(1.,0.,0.));
#3682 = PLANE('',#3683);
#3683 = AXIS2_PLACEMENT_3D('',#3684,#3685,#3686);
#3684 = CARTESIAN_POINT('',(-2.498616432218E-04,-39.67498779296,
    1.999243737295));
#3685 = DIRECTION('',(0.,1.,0.));
#3686 = DIRECTION('',(0.,-0.,1.));
#3687 = SHELL_BASED_SURFACE_MODEL('',(#3688));
#3688 = OPEN_SHELL('',(#3689));
#3689 = ADVANCED_FACE('',(#3690),#3716,.T.);
#3690 = FACE_BOUND('',#3691,.T.);
#3691 = EDGE_LOOP('',(#3692,#3702,#3710));
#3692 = ORIENTED_EDGE('',*,*,#3693,.F.);
#3693 = EDGE_CURVE('',#3694,#3696,#3698,.T.);
#3694 = VERTEX_POINT('',#3695);
#3695 = CARTESIAN_POINT('',(-63.75,-42.67499923706,1.239200355485E-05));
#3696 = VERTEX_POINT('',#3697);
#3697 = CARTESIAN_POINT('',(63.75,-42.67499923706,1.239200355485E-05));
#3698 = LINE('',#3699,#3700);
#3699 = CARTESIAN_POINT('',(-63.75,-42.67499923706,1.239200355485E-05));
#3700 = VECTOR('',#3701,1.);
#3701 = DIRECTION('',(1.,0.,0.));
#3702 = ORIENTED_EDGE('',*,*,#3703,.T.);
#3703 = EDGE_CURVE('',#3694,#3704,#3706,.T.);
#3704 = VERTEX_POINT('',#3705);
#3705 = CARTESIAN_POINT('',(63.75,-42.67498779296,9.536743164062E-07));
#3706 = LINE('',#3707,#3708);
#3707 = CARTESIAN_POINT('',(-63.75,-42.67499923706,1.239200355485E-05));
#3708 = VECTOR('',#3709,1.);
#3709 = DIRECTION('',(1.,8.975758272059E-08,-8.971238618388E-08));
#3710 = ORIENTED_EDGE('',*,*,#3711,.F.);
#3711 = EDGE_CURVE('',#3696,#3704,#3712,.T.);
#3712 = LINE('',#3713,#3714);
#3713 = CARTESIAN_POINT('',(63.75,-42.67499923706,1.239200355485E-05));
#3714 = VECTOR('',#3715,1.);
#3715 = DIRECTION('',(0.,0.70728483188,-0.706928685648));
#3716 = PLANE('',#3717);
#3717 = AXIS2_PLACEMENT_3D('',#3718,#3719,#3720);
#3718 = CARTESIAN_POINT('',(4.04507864261E-06,-42.67499637603,
    9.532421063793E-06));
#3719 = DIRECTION('',(-0.,-0.706928685648,-0.70728483188));
#3720 = DIRECTION('',(0.,-0.70728483188,0.706928685648));
#3721 = SHELL_BASED_SURFACE_MODEL('',(#3722));
#3722 = OPEN_SHELL('',(#3723));
#3723 = ADVANCED_FACE('',(#3724),#3750,.T.);
#3724 = FACE_BOUND('',#3725,.T.);
#3725 = EDGE_LOOP('',(#3726,#3736,#3744));
#3726 = ORIENTED_EDGE('',*,*,#3727,.F.);
#3727 = EDGE_CURVE('',#3728,#3730,#3732,.T.);
#3728 = VERTEX_POINT('',#3729);
#3729 = CARTESIAN_POINT('',(63.75,-42.67498779296,9.536743164062E-07));
#3730 = VERTEX_POINT('',#3731);
#3731 = CARTESIAN_POINT('',(-63.75,-42.67498779296,9.536743164062E-07));
#3732 = LINE('',#3733,#3734);
#3733 = CARTESIAN_POINT('',(63.75,-42.67498779296,9.536743164062E-07));
#3734 = VECTOR('',#3735,1.);
#3735 = DIRECTION('',(-1.,0.,0.));
#3736 = ORIENTED_EDGE('',*,*,#3737,.F.);
#3737 = EDGE_CURVE('',#3738,#3728,#3740,.T.);
#3738 = VERTEX_POINT('',#3739);
#3739 = CARTESIAN_POINT('',(-63.75,-42.67499923706,1.239200355485E-05));
#3740 = LINE('',#3741,#3742);
#3741 = CARTESIAN_POINT('',(-63.75,-42.67499923706,1.239200355485E-05));
#3742 = VECTOR('',#3743,1.);
#3743 = DIRECTION('',(1.,8.975758272059E-08,-8.971238618388E-08));
#3744 = ORIENTED_EDGE('',*,*,#3745,.F.);
#3745 = EDGE_CURVE('',#3730,#3738,#3746,.T.);
#3746 = LINE('',#3747,#3748);
#3747 = CARTESIAN_POINT('',(-63.75,-42.67498779296,9.536743164062E-07));
#3748 = VECTOR('',#3749,1.);
#3749 = DIRECTION('',(0.,-0.70728483188,0.706928685648));
#3750 = PLANE('',#3751);
#3751 = AXIS2_PLACEMENT_3D('',#3752,#3753,#3754);
#3752 = CARTESIAN_POINT('',(-4.04507864261E-06,-42.67499065399,
    3.813256807464E-06));
#3753 = DIRECTION('',(-0.,-0.706928685648,-0.70728483188));
#3754 = DIRECTION('',(0.,-0.70728483188,0.706928685648));
#3755 = SHELL_BASED_SURFACE_MODEL('',(#3756));
#3756 = OPEN_SHELL('',(#3757));
#3757 = ADVANCED_FACE('',(#3758),#3784,.T.);
#3758 = FACE_BOUND('',#3759,.T.);
#3759 = EDGE_LOOP('',(#3760,#3770,#3778));
#3760 = ORIENTED_EDGE('',*,*,#3761,.T.);
#3761 = EDGE_CURVE('',#3762,#3764,#3766,.T.);
#3762 = VERTEX_POINT('',#3763);
#3763 = CARTESIAN_POINT('',(-62.07500076293,33.5,8.5));
#3764 = VERTEX_POINT('',#3765);
#3765 = CARTESIAN_POINT('',(-54.57500076293,41.,8.5));
#3766 = LINE('',#3767,#3768);
#3767 = CARTESIAN_POINT('',(-62.07500076293,33.5,8.5));
#3768 = VECTOR('',#3769,1.);
#3769 = DIRECTION('',(0.707106781187,0.707106781187,0.));
#3770 = ORIENTED_EDGE('',*,*,#3771,.F.);
#3771 = EDGE_CURVE('',#3772,#3764,#3774,.T.);
#3772 = VERTEX_POINT('',#3773);
#3773 = CARTESIAN_POINT('',(-62.07500076293,41.,8.5));
#3774 = LINE('',#3775,#3776);
#3775 = CARTESIAN_POINT('',(-62.07500076293,41.,8.5));
#3776 = VECTOR('',#3777,1.);
#3777 = DIRECTION('',(1.,0.,0.));
#3778 = ORIENTED_EDGE('',*,*,#3779,.F.);
#3779 = EDGE_CURVE('',#3762,#3772,#3780,.T.);
#3780 = LINE('',#3781,#3782);
#3781 = CARTESIAN_POINT('',(-62.07500076293,33.5,8.5));
#3782 = VECTOR('',#3783,1.);
#3783 = DIRECTION('',(0.,1.,0.));
#3784 = PLANE('',#3785);
#3785 = AXIS2_PLACEMENT_3D('',#3786,#3787,#3788);
#3786 = CARTESIAN_POINT('',(-59.42335033349,38.34834957055,8.5));
#3787 = DIRECTION('',(0.,0.,1.));
#3788 = DIRECTION('',(1.,0.,-0.));
#3789 = SHELL_BASED_SURFACE_MODEL('',(#3790));
#3790 = OPEN_SHELL('',(#3791));
#3791 = ADVANCED_FACE('',(#3792),#3818,.T.);
#3792 = FACE_BOUND('',#3793,.T.);
#3793 = EDGE_LOOP('',(#3794,#3804,#3812));
#3794 = ORIENTED_EDGE('',*,*,#3795,.F.);
#3795 = EDGE_CURVE('',#3796,#3798,#3800,.T.);
#3796 = VERTEX_POINT('',#3797);
#3797 = CARTESIAN_POINT('',(-62.07500076293,33.5,8.5));
#3798 = VERTEX_POINT('',#3799);
#3799 = CARTESIAN_POINT('',(-54.57500076293,41.,8.5));
#3800 = LINE('',#3801,#3802);
#3801 = CARTESIAN_POINT('',(-62.07500076293,33.5,8.5));
#3802 = VECTOR('',#3803,1.);
#3803 = DIRECTION('',(0.707106781187,0.707106781187,0.));
#3804 = ORIENTED_EDGE('',*,*,#3805,.T.);
#3805 = EDGE_CURVE('',#3796,#3806,#3808,.T.);
#3806 = VERTEX_POINT('',#3807);
#3807 = CARTESIAN_POINT('',(-54.57500076293,41.,17.));
#3808 = LINE('',#3809,#3810);
#3809 = CARTESIAN_POINT('',(-62.07500076293,33.5,8.5));
#3810 = VECTOR('',#3811,1.);
#3811 = DIRECTION('',(0.551783919583,0.551783919583,0.625355108861));
#3812 = ORIENTED_EDGE('',*,*,#3813,.F.);
#3813 = EDGE_CURVE('',#3798,#3806,#3814,.T.);
#3814 = LINE('',#3815,#3816);
#3815 = CARTESIAN_POINT('',(-54.57500076293,41.,8.5));
#3816 = VECTOR('',#3817,1.);
#3817 = DIRECTION('',(0.,0.,1.));
#3818 = PLANE('',#3819);
#3819 = AXIS2_PLACEMENT_3D('',#3820,#3821,#3822);
#3820 = CARTESIAN_POINT('',(-57.35019670126,38.224804061679,
    11.371418875317));
#3821 = DIRECTION('',(-0.707106781187,0.707106781187,-0.));
#3822 = DIRECTION('',(-0.707106781187,-0.707106781187,0.));
#3823 = SHELL_BASED_SURFACE_MODEL('',(#3824));
#3824 = OPEN_SHELL('',(#3825));
#3825 = ADVANCED_FACE('',(#3826),#3852,.T.);
#3826 = FACE_BOUND('',#3827,.T.);
#3827 = EDGE_LOOP('',(#3828,#3838,#3846));
#3828 = ORIENTED_EDGE('',*,*,#3829,.F.);
#3829 = EDGE_CURVE('',#3830,#3832,#3834,.T.);
#3830 = VERTEX_POINT('',#3831);
#3831 = CARTESIAN_POINT('',(-54.57500076293,41.,17.));
#3832 = VERTEX_POINT('',#3833);
#3833 = CARTESIAN_POINT('',(-62.07500076293,33.5,17.));
#3834 = LINE('',#3835,#3836);
#3835 = CARTESIAN_POINT('',(-54.57500076293,41.,17.));
#3836 = VECTOR('',#3837,1.);
#3837 = DIRECTION('',(-0.707106781187,-0.707106781187,0.));
#3838 = ORIENTED_EDGE('',*,*,#3839,.F.);
#3839 = EDGE_CURVE('',#3840,#3830,#3842,.T.);
#3840 = VERTEX_POINT('',#3841);
#3841 = CARTESIAN_POINT('',(-62.07500076293,33.5,8.5));
#3842 = LINE('',#3843,#3844);
#3843 = CARTESIAN_POINT('',(-62.07500076293,33.5,8.5));
#3844 = VECTOR('',#3845,1.);
#3845 = DIRECTION('',(0.551783919583,0.551783919583,0.625355108861));
#3846 = ORIENTED_EDGE('',*,*,#3847,.F.);
#3847 = EDGE_CURVE('',#3832,#3840,#3848,.T.);
#3848 = LINE('',#3849,#3850);
#3849 = CARTESIAN_POINT('',(-62.07500076293,33.5,17.));
#3850 = VECTOR('',#3851,1.);
#3851 = DIRECTION('',(0.,0.,-1.));
#3852 = PLANE('',#3853);
#3853 = AXIS2_PLACEMENT_3D('',#3854,#3855,#3856);
#3854 = CARTESIAN_POINT('',(-59.29980482461,36.275195938321,
    14.128581124683));
#3855 = DIRECTION('',(-0.707106781187,0.707106781187,-0.));
#3856 = DIRECTION('',(-0.707106781187,-0.707106781187,0.));
#3857 = SHELL_BASED_SURFACE_MODEL('',(#3858));
#3858 = OPEN_SHELL('',(#3859));
#3859 = ADVANCED_FACE('',(#3860),#3886,.T.);
#3860 = FACE_BOUND('',#3861,.T.);
#3861 = EDGE_LOOP('',(#3862,#3872,#3880));
#3862 = ORIENTED_EDGE('',*,*,#3863,.F.);
#3863 = EDGE_CURVE('',#3864,#3866,#3868,.T.);
#3864 = VERTEX_POINT('',#3865);
#3865 = CARTESIAN_POINT('',(-54.57500076293,-41.,8.5));
#3866 = VERTEX_POINT('',#3867);
#3867 = CARTESIAN_POINT('',(-62.07500076293,-41.,8.5));
#3868 = LINE('',#3869,#3870);
#3869 = CARTESIAN_POINT('',(-54.57500076293,-41.,8.5));
#3870 = VECTOR('',#3871,1.);
#3871 = DIRECTION('',(-1.,0.,0.));
#3872 = ORIENTED_EDGE('',*,*,#3873,.T.);
#3873 = EDGE_CURVE('',#3864,#3874,#3876,.T.);
#3874 = VERTEX_POINT('',#3875);
#3875 = CARTESIAN_POINT('',(-62.07500076293,-33.5,8.5));
#3876 = LINE('',#3877,#3878);
#3877 = CARTESIAN_POINT('',(-54.57500076293,-41.,8.5));
#3878 = VECTOR('',#3879,1.);
#3879 = DIRECTION('',(-0.707106781187,0.707106781187,0.));
#3880 = ORIENTED_EDGE('',*,*,#3881,.F.);
#3881 = EDGE_CURVE('',#3866,#3874,#3882,.T.);
#3882 = LINE('',#3883,#3884);
#3883 = CARTESIAN_POINT('',(-62.07500076293,-41.,8.5));
#3884 = VECTOR('',#3885,1.);
#3885 = DIRECTION('',(0.,1.,0.));
#3886 = PLANE('',#3887);
#3887 = AXIS2_PLACEMENT_3D('',#3888,#3889,#3890);
#3888 = CARTESIAN_POINT('',(-59.42335033349,-38.34834957055,8.5));
#3889 = DIRECTION('',(0.,0.,1.));
#3890 = DIRECTION('',(1.,0.,-0.));
#3891 = SHELL_BASED_SURFACE_MODEL('',(#3892));
#3892 = OPEN_SHELL('',(#3893));
#3893 = ADVANCED_FACE('',(#3894),#3920,.T.);
#3894 = FACE_BOUND('',#3895,.T.);
#3895 = EDGE_LOOP('',(#3896,#3906,#3914));
#3896 = ORIENTED_EDGE('',*,*,#3897,.F.);
#3897 = EDGE_CURVE('',#3898,#3900,#3902,.T.);
#3898 = VERTEX_POINT('',#3899);
#3899 = CARTESIAN_POINT('',(-54.57500076293,-41.,8.5));
#3900 = VERTEX_POINT('',#3901);
#3901 = CARTESIAN_POINT('',(-62.07500076293,-33.5,8.5));
#3902 = LINE('',#3903,#3904);
#3903 = CARTESIAN_POINT('',(-54.57500076293,-41.,8.5));
#3904 = VECTOR('',#3905,1.);
#3905 = DIRECTION('',(-0.707106781187,0.707106781187,0.));
#3906 = ORIENTED_EDGE('',*,*,#3907,.T.);
#3907 = EDGE_CURVE('',#3898,#3908,#3910,.T.);
#3908 = VERTEX_POINT('',#3909);
#3909 = CARTESIAN_POINT('',(-62.07500076293,-33.5,17.));
#3910 = LINE('',#3911,#3912);
#3911 = CARTESIAN_POINT('',(-54.57500076293,-41.,8.5));
#3912 = VECTOR('',#3913,1.);
#3913 = DIRECTION('',(-0.551783919583,0.551783919583,0.625355108861));
#3914 = ORIENTED_EDGE('',*,*,#3915,.F.);
#3915 = EDGE_CURVE('',#3900,#3908,#3916,.T.);
#3916 = LINE('',#3917,#3918);
#3917 = CARTESIAN_POINT('',(-62.07500076293,-33.5,8.5));
#3918 = VECTOR('',#3919,1.);
#3919 = DIRECTION('',(0.,0.,1.));
#3920 = PLANE('',#3921);
#3921 = AXIS2_PLACEMENT_3D('',#3922,#3923,#3924);
#3922 = CARTESIAN_POINT('',(-59.29980482461,-36.27519593832,
    11.371418875317));
#3923 = DIRECTION('',(-0.707106781187,-0.707106781187,-0.));
#3924 = DIRECTION('',(-0.707106781187,0.707106781187,0.));
#3925 = SHELL_BASED_SURFACE_MODEL('',(#3926));
#3926 = OPEN_SHELL('',(#3927));
#3927 = ADVANCED_FACE('',(#3928),#3954,.T.);
#3928 = FACE_BOUND('',#3929,.T.);
#3929 = EDGE_LOOP('',(#3930,#3940,#3948));
#3930 = ORIENTED_EDGE('',*,*,#3931,.F.);
#3931 = EDGE_CURVE('',#3932,#3934,#3936,.T.);
#3932 = VERTEX_POINT('',#3933);
#3933 = CARTESIAN_POINT('',(-62.07500076293,-33.5,17.));
#3934 = VERTEX_POINT('',#3935);
#3935 = CARTESIAN_POINT('',(-54.57500076293,-41.,17.));
#3936 = LINE('',#3937,#3938);
#3937 = CARTESIAN_POINT('',(-62.07500076293,-33.5,17.));
#3938 = VECTOR('',#3939,1.);
#3939 = DIRECTION('',(0.707106781187,-0.707106781187,0.));
#3940 = ORIENTED_EDGE('',*,*,#3941,.F.);
#3941 = EDGE_CURVE('',#3942,#3932,#3944,.T.);
#3942 = VERTEX_POINT('',#3943);
#3943 = CARTESIAN_POINT('',(-54.57500076293,-41.,8.5));
#3944 = LINE('',#3945,#3946);
#3945 = CARTESIAN_POINT('',(-54.57500076293,-41.,8.5));
#3946 = VECTOR('',#3947,1.);
#3947 = DIRECTION('',(-0.551783919583,0.551783919583,0.625355108861));
#3948 = ORIENTED_EDGE('',*,*,#3949,.F.);
#3949 = EDGE_CURVE('',#3934,#3942,#3950,.T.);
#3950 = LINE('',#3951,#3952);
#3951 = CARTESIAN_POINT('',(-54.57500076293,-41.,17.));
#3952 = VECTOR('',#3953,1.);
#3953 = DIRECTION('',(0.,0.,-1.));
#3954 = PLANE('',#3955);
#3955 = AXIS2_PLACEMENT_3D('',#3956,#3957,#3958);
#3956 = CARTESIAN_POINT('',(-57.35019670126,-38.22480406167,
    14.128581124683));
#3957 = DIRECTION('',(-0.707106781187,-0.707106781187,-0.));
#3958 = DIRECTION('',(-0.707106781187,0.707106781187,0.));
#3959 = SHELL_BASED_SURFACE_MODEL('',(#3960));
#3960 = OPEN_SHELL('',(#3961));
#3961 = ADVANCED_FACE('',(#3962),#3988,.T.);
#3962 = FACE_BOUND('',#3963,.T.);
#3963 = EDGE_LOOP('',(#3964,#3974,#3982));
#3964 = ORIENTED_EDGE('',*,*,#3965,.T.);
#3965 = EDGE_CURVE('',#3966,#3968,#3970,.T.);
#3966 = VERTEX_POINT('',#3967);
#3967 = CARTESIAN_POINT('',(53.5,35.5,17.));
#3968 = VERTEX_POINT('',#3969);
#3969 = CARTESIAN_POINT('',(53.5,35.5,2.));
#3970 = LINE('',#3971,#3972);
#3971 = CARTESIAN_POINT('',(53.5,35.5,17.));
#3972 = VECTOR('',#3973,1.);
#3973 = DIRECTION('',(0.,0.,-1.));
#3974 = ORIENTED_EDGE('',*,*,#3975,.T.);
#3975 = EDGE_CURVE('',#3968,#3976,#3978,.T.);
#3976 = VERTEX_POINT('',#3977);
#3977 = CARTESIAN_POINT('',(53.5,33.5,14.));
#3978 = LINE('',#3979,#3980);
#3979 = CARTESIAN_POINT('',(53.5,35.5,2.));
#3980 = VECTOR('',#3981,1.);
#3981 = DIRECTION('',(0.,-0.164398987305,0.986393923832));
#3982 = ORIENTED_EDGE('',*,*,#3983,.T.);
#3983 = EDGE_CURVE('',#3976,#3966,#3984,.T.);
#3984 = LINE('',#3985,#3986);
#3985 = CARTESIAN_POINT('',(53.5,33.5,14.));
#3986 = VECTOR('',#3987,1.);
#3987 = DIRECTION('',(0.,0.554700196225,0.832050294338));
#3988 = PLANE('',#3989);
#3989 = AXIS2_PLACEMENT_3D('',#3990,#3991,#3992);
#3990 = CARTESIAN_POINT('',(53.5,34.987470761054,9.610006553717));
#3991 = DIRECTION('',(-1.,-0.,-0.));
#3992 = DIRECTION('',(0.,0.,-1.));
#3993 = SHELL_BASED_SURFACE_MODEL('',(#3994));
#3994 = OPEN_SHELL('',(#3995));
#3995 = ADVANCED_FACE('',(#3996),#4022,.T.);
#3996 = FACE_BOUND('',#3997,.T.);
#3997 = EDGE_LOOP('',(#3998,#4008,#4016));
#3998 = ORIENTED_EDGE('',*,*,#3999,.F.);
#3999 = EDGE_CURVE('',#4000,#4002,#4004,.T.);
#4000 = VERTEX_POINT('',#4001);
#4001 = CARTESIAN_POINT('',(53.5,35.5,2.));
#4002 = VERTEX_POINT('',#4003);
#4003 = CARTESIAN_POINT('',(53.5,33.5,14.));
#4004 = LINE('',#4005,#4006);
#4005 = CARTESIAN_POINT('',(53.5,35.5,2.));
#4006 = VECTOR('',#4007,1.);
#4007 = DIRECTION('',(0.,-0.164398987305,0.986393923832));
#4008 = ORIENTED_EDGE('',*,*,#4009,.T.);
#4009 = EDGE_CURVE('',#4000,#4010,#4012,.T.);
#4010 = VERTEX_POINT('',#4011);
#4011 = CARTESIAN_POINT('',(53.5,-33.5,14.));
#4012 = LINE('',#4013,#4014);
#4013 = CARTESIAN_POINT('',(53.5,35.5,2.));
#4014 = VECTOR('',#4015,1.);
#4015 = DIRECTION('',(0.,-0.98521175482,0.171341174751));
#4016 = ORIENTED_EDGE('',*,*,#4017,.T.);
#4017 = EDGE_CURVE('',#4010,#4002,#4018,.T.);
#4018 = LINE('',#4019,#4020);
#4019 = CARTESIAN_POINT('',(53.5,-33.5,14.));
#4020 = VECTOR('',#4021,1.);
#4021 = DIRECTION('',(0.,1.,0.));
#4022 = PLANE('',#4023);
#4023 = AXIS2_PLACEMENT_3D('',#4024,#4025,#4026);
#4024 = CARTESIAN_POINT('',(53.5,3.282454970256,10.694347756737));
#4025 = DIRECTION('',(-1.,-0.,-0.));
#4026 = DIRECTION('',(0.,0.,-1.));
#4027 = SHELL_BASED_SURFACE_MODEL('',(#4028));
#4028 = OPEN_SHELL('',(#4029));
#4029 = ADVANCED_FACE('',(#4030),#4056,.T.);
#4030 = FACE_BOUND('',#4031,.T.);
#4031 = EDGE_LOOP('',(#4032,#4042,#4050));
#4032 = ORIENTED_EDGE('',*,*,#4033,.F.);
#4033 = EDGE_CURVE('',#4034,#4036,#4038,.T.);
#4034 = VERTEX_POINT('',#4035);
#4035 = CARTESIAN_POINT('',(53.5,-35.5,2.));
#4036 = VERTEX_POINT('',#4037);
#4037 = CARTESIAN_POINT('',(53.5,35.5,2.));
#4038 = LINE('',#4039,#4040);
#4039 = CARTESIAN_POINT('',(53.5,-35.5,2.));
#4040 = VECTOR('',#4041,1.);
#4041 = DIRECTION('',(0.,1.,0.));
#4042 = ORIENTED_EDGE('',*,*,#4043,.T.);
#4043 = EDGE_CURVE('',#4034,#4044,#4046,.T.);
#4044 = VERTEX_POINT('',#4045);
#4045 = CARTESIAN_POINT('',(53.5,-33.5,14.));
#4046 = LINE('',#4047,#4048);
#4047 = CARTESIAN_POINT('',(53.5,-35.5,2.));
#4048 = VECTOR('',#4049,1.);
#4049 = DIRECTION('',(0.,0.164398987305,0.986393923832));
#4050 = ORIENTED_EDGE('',*,*,#4051,.F.);
#4051 = EDGE_CURVE('',#4036,#4044,#4052,.T.);
#4052 = LINE('',#4053,#4054);
#4053 = CARTESIAN_POINT('',(53.5,35.5,2.));
#4054 = VECTOR('',#4055,1.);
#4055 = DIRECTION('',(0.,-0.98521175482,0.171341174751));
#4056 = PLANE('',#4057);
#4057 = AXIS2_PLACEMENT_3D('',#4058,#4059,#4060);
#4058 = CARTESIAN_POINT('',(53.5,-2.282454970256,5.219343478299));
#4059 = DIRECTION('',(-1.,-0.,-0.));
#4060 = DIRECTION('',(0.,0.,-1.));
#4061 = SHELL_BASED_SURFACE_MODEL('',(#4062));
#4062 = OPEN_SHELL('',(#4063));
#4063 = ADVANCED_FACE('',(#4064),#4090,.T.);
#4064 = FACE_BOUND('',#4065,.T.);
#4065 = EDGE_LOOP('',(#4066,#4076,#4084));
#4066 = ORIENTED_EDGE('',*,*,#4067,.T.);
#4067 = EDGE_CURVE('',#4068,#4070,#4072,.T.);
#4068 = VERTEX_POINT('',#4069);
#4069 = CARTESIAN_POINT('',(53.5,-35.5,2.));
#4070 = VERTEX_POINT('',#4071);
#4071 = CARTESIAN_POINT('',(53.5,-35.5,17.));
#4072 = LINE('',#4073,#4074);
#4073 = CARTESIAN_POINT('',(53.5,-35.5,2.));
#4074 = VECTOR('',#4075,1.);
#4075 = DIRECTION('',(0.,0.,1.));
#4076 = ORIENTED_EDGE('',*,*,#4077,.T.);
#4077 = EDGE_CURVE('',#4070,#4078,#4080,.T.);
#4078 = VERTEX_POINT('',#4079);
#4079 = CARTESIAN_POINT('',(53.5,-33.5,14.));
#4080 = LINE('',#4081,#4082);
#4081 = CARTESIAN_POINT('',(53.5,-35.5,17.));
#4082 = VECTOR('',#4083,1.);
#4083 = DIRECTION('',(0.,0.554700196225,-0.832050294338));
#4084 = ORIENTED_EDGE('',*,*,#4085,.F.);
#4085 = EDGE_CURVE('',#4068,#4078,#4086,.T.);
#4086 = LINE('',#4087,#4088);
#4087 = CARTESIAN_POINT('',(53.5,-35.5,2.));
#4088 = VECTOR('',#4089,1.);
#4089 = DIRECTION('',(0.,0.164398987305,0.986393923832));
#4090 = PLANE('',#4091);
#4091 = AXIS2_PLACEMENT_3D('',#4092,#4093,#4094);
#4092 = CARTESIAN_POINT('',(53.5,-34.98747076105,9.610006553717));
#4093 = DIRECTION('',(-1.,-0.,-0.));
#4094 = DIRECTION('',(0.,0.,-1.));
#4095 = SHELL_BASED_SURFACE_MODEL('',(#4096));
#4096 = OPEN_SHELL('',(#4097));
#4097 = ADVANCED_FACE('',(#4098),#4124,.T.);
#4098 = FACE_BOUND('',#4099,.T.);
#4099 = EDGE_LOOP('',(#4100,#4110,#4118));
#4100 = ORIENTED_EDGE('',*,*,#4101,.T.);
#4101 = EDGE_CURVE('',#4102,#4104,#4106,.T.);
#4102 = VERTEX_POINT('',#4103);
#4103 = CARTESIAN_POINT('',(53.5,-33.5,17.));
#4104 = VERTEX_POINT('',#4105);
#4105 = CARTESIAN_POINT('',(53.5,-33.5,14.));
#4106 = LINE('',#4107,#4108);
#4107 = CARTESIAN_POINT('',(53.5,-33.5,17.));
#4108 = VECTOR('',#4109,1.);
#4109 = DIRECTION('',(0.,0.,-1.));
#4110 = ORIENTED_EDGE('',*,*,#4111,.F.);
#4111 = EDGE_CURVE('',#4112,#4104,#4114,.T.);
#4112 = VERTEX_POINT('',#4113);
#4113 = CARTESIAN_POINT('',(53.5,-35.5,17.));
#4114 = LINE('',#4115,#4116);
#4115 = CARTESIAN_POINT('',(53.5,-35.5,17.));
#4116 = VECTOR('',#4117,1.);
#4117 = DIRECTION('',(0.,0.554700196225,-0.832050294338));
#4118 = ORIENTED_EDGE('',*,*,#4119,.F.);
#4119 = EDGE_CURVE('',#4102,#4112,#4120,.T.);
#4120 = LINE('',#4121,#4122);
#4121 = CARTESIAN_POINT('',(53.5,-33.5,17.));
#4122 = VECTOR('',#4123,1.);
#4123 = DIRECTION('',(0.,-1.,0.));
#4124 = PLANE('',#4125);
#4125 = AXIS2_PLACEMENT_3D('',#4126,#4127,#4128);
#4126 = CARTESIAN_POINT('',(53.5,-34.15138781886,15.848612181134));
#4127 = DIRECTION('',(-1.,-0.,-0.));
#4128 = DIRECTION('',(0.,0.,-1.));
#4129 = SHELL_BASED_SURFACE_MODEL('',(#4130));
#4130 = OPEN_SHELL('',(#4131));
#4131 = ADVANCED_FACE('',(#4132),#4158,.T.);
#4132 = FACE_BOUND('',#4133,.T.);
#4133 = EDGE_LOOP('',(#4134,#4144,#4152));
#4134 = ORIENTED_EDGE('',*,*,#4135,.F.);
#4135 = EDGE_CURVE('',#4136,#4138,#4140,.T.);
#4136 = VERTEX_POINT('',#4137);
#4137 = CARTESIAN_POINT('',(53.5,35.5,17.));
#4138 = VERTEX_POINT('',#4139);
#4139 = CARTESIAN_POINT('',(53.5,33.5,17.));
#4140 = LINE('',#4141,#4142);
#4141 = CARTESIAN_POINT('',(53.5,35.5,17.));
#4142 = VECTOR('',#4143,1.);
#4143 = DIRECTION('',(0.,-1.,0.));
#4144 = ORIENTED_EDGE('',*,*,#4145,.F.);
#4145 = EDGE_CURVE('',#4146,#4136,#4148,.T.);
#4146 = VERTEX_POINT('',#4147);
#4147 = CARTESIAN_POINT('',(53.5,33.5,14.));
#4148 = LINE('',#4149,#4150);
#4149 = CARTESIAN_POINT('',(53.5,33.5,14.));
#4150 = VECTOR('',#4151,1.);
#4151 = DIRECTION('',(0.,0.554700196225,0.832050294338));
#4152 = ORIENTED_EDGE('',*,*,#4153,.T.);
#4153 = EDGE_CURVE('',#4146,#4138,#4154,.T.);
#4154 = LINE('',#4155,#4156);
#4155 = CARTESIAN_POINT('',(53.5,33.5,14.));
#4156 = VECTOR('',#4157,1.);
#4157 = DIRECTION('',(0.,0.,1.));
#4158 = PLANE('',#4159);
#4159 = AXIS2_PLACEMENT_3D('',#4160,#4161,#4162);
#4160 = CARTESIAN_POINT('',(53.5,34.151387818866,15.848612181134));
#4161 = DIRECTION('',(-1.,-0.,-0.));
#4162 = DIRECTION('',(0.,0.,-1.));
#4163 = SHELL_BASED_SURFACE_MODEL('',(#4164));
#4164 = OPEN_SHELL('',(#4165));
#4165 = ADVANCED_FACE('',(#4166),#4192,.T.);
#4166 = FACE_BOUND('',#4167,.T.);
#4167 = EDGE_LOOP('',(#4168,#4178,#4186));
#4168 = ORIENTED_EDGE('',*,*,#4169,.T.);
#4169 = EDGE_CURVE('',#4170,#4172,#4174,.T.);
#4170 = VERTEX_POINT('',#4171);
#4171 = CARTESIAN_POINT('',(-53.5,-33.5,14.));
#4172 = VERTEX_POINT('',#4173);
#4173 = CARTESIAN_POINT('',(-53.5,-33.5,17.));
#4174 = LINE('',#4175,#4176);
#4175 = CARTESIAN_POINT('',(-53.5,-33.5,14.));
#4176 = VECTOR('',#4177,1.);
#4177 = DIRECTION('',(0.,0.,1.));
#4178 = ORIENTED_EDGE('',*,*,#4179,.F.);
#4179 = EDGE_CURVE('',#4180,#4172,#4182,.T.);
#4180 = VERTEX_POINT('',#4181);
#4181 = CARTESIAN_POINT('',(-53.5,-35.5,17.));
#4182 = LINE('',#4183,#4184);
#4183 = CARTESIAN_POINT('',(-53.5,-35.5,17.));
#4184 = VECTOR('',#4185,1.);
#4185 = DIRECTION('',(0.,1.,0.));
#4186 = ORIENTED_EDGE('',*,*,#4187,.T.);
#4187 = EDGE_CURVE('',#4180,#4170,#4188,.T.);
#4188 = LINE('',#4189,#4190);
#4189 = CARTESIAN_POINT('',(-53.5,-35.5,17.));
#4190 = VECTOR('',#4191,1.);
#4191 = DIRECTION('',(0.,0.554700196225,-0.832050294338));
#4192 = PLANE('',#4193);
#4193 = AXIS2_PLACEMENT_3D('',#4194,#4195,#4196);
#4194 = CARTESIAN_POINT('',(-53.5,-34.15138781886,15.848612181134));
#4195 = DIRECTION('',(1.,0.,0.));
#4196 = DIRECTION('',(-0.,0.,1.));
#4197 = SHELL_BASED_SURFACE_MODEL('',(#4198));
#4198 = OPEN_SHELL('',(#4199));
#4199 = ADVANCED_FACE('',(#4200),#4226,.T.);
#4200 = FACE_BOUND('',#4201,.T.);
#4201 = EDGE_LOOP('',(#4202,#4212,#4220));
#4202 = ORIENTED_EDGE('',*,*,#4203,.T.);
#4203 = EDGE_CURVE('',#4204,#4206,#4208,.T.);
#4204 = VERTEX_POINT('',#4205);
#4205 = CARTESIAN_POINT('',(-53.5,33.5,17.));
#4206 = VERTEX_POINT('',#4207);
#4207 = CARTESIAN_POINT('',(-53.5,33.5,14.));
#4208 = LINE('',#4209,#4210);
#4209 = CARTESIAN_POINT('',(-53.5,33.5,17.));
#4210 = VECTOR('',#4211,1.);
#4211 = DIRECTION('',(0.,0.,-1.));
#4212 = ORIENTED_EDGE('',*,*,#4213,.T.);
#4213 = EDGE_CURVE('',#4206,#4214,#4216,.T.);
#4214 = VERTEX_POINT('',#4215);
#4215 = CARTESIAN_POINT('',(-53.5,35.5,17.));
#4216 = LINE('',#4217,#4218);
#4217 = CARTESIAN_POINT('',(-53.5,33.5,14.));
#4218 = VECTOR('',#4219,1.);
#4219 = DIRECTION('',(0.,0.554700196225,0.832050294338));
#4220 = ORIENTED_EDGE('',*,*,#4221,.F.);
#4221 = EDGE_CURVE('',#4204,#4214,#4222,.T.);
#4222 = LINE('',#4223,#4224);
#4223 = CARTESIAN_POINT('',(-53.5,33.5,17.));
#4224 = VECTOR('',#4225,1.);
#4225 = DIRECTION('',(0.,1.,0.));
#4226 = PLANE('',#4227);
#4227 = AXIS2_PLACEMENT_3D('',#4228,#4229,#4230);
#4228 = CARTESIAN_POINT('',(-53.5,34.151387818866,15.848612181134));
#4229 = DIRECTION('',(1.,0.,0.));
#4230 = DIRECTION('',(-0.,0.,1.));
#4231 = SHELL_BASED_SURFACE_MODEL('',(#4232));
#4232 = OPEN_SHELL('',(#4233));
#4233 = ADVANCED_FACE('',(#4234),#4260,.T.);
#4234 = FACE_BOUND('',#4235,.T.);
#4235 = EDGE_LOOP('',(#4236,#4246,#4254));
#4236 = ORIENTED_EDGE('',*,*,#4237,.T.);
#4237 = EDGE_CURVE('',#4238,#4240,#4242,.T.);
#4238 = VERTEX_POINT('',#4239);
#4239 = CARTESIAN_POINT('',(-53.5,35.5,2.));
#4240 = VERTEX_POINT('',#4241);
#4241 = CARTESIAN_POINT('',(-53.5,35.5,17.));
#4242 = LINE('',#4243,#4244);
#4243 = CARTESIAN_POINT('',(-53.5,35.5,2.));
#4244 = VECTOR('',#4245,1.);
#4245 = DIRECTION('',(0.,0.,1.));
#4246 = ORIENTED_EDGE('',*,*,#4247,.F.);
#4247 = EDGE_CURVE('',#4248,#4240,#4250,.T.);
#4248 = VERTEX_POINT('',#4249);
#4249 = CARTESIAN_POINT('',(-53.5,33.5,14.));
#4250 = LINE('',#4251,#4252);
#4251 = CARTESIAN_POINT('',(-53.5,33.5,14.));
#4252 = VECTOR('',#4253,1.);
#4253 = DIRECTION('',(0.,0.554700196225,0.832050294338));
#4254 = ORIENTED_EDGE('',*,*,#4255,.T.);
#4255 = EDGE_CURVE('',#4248,#4238,#4256,.T.);
#4256 = LINE('',#4257,#4258);
#4257 = CARTESIAN_POINT('',(-53.5,33.5,14.));
#4258 = VECTOR('',#4259,1.);
#4259 = DIRECTION('',(0.,0.164398987305,-0.986393923832));
#4260 = PLANE('',#4261);
#4261 = AXIS2_PLACEMENT_3D('',#4262,#4263,#4264);
#4262 = CARTESIAN_POINT('',(-53.5,34.987470761054,9.610006553717));
#4263 = DIRECTION('',(1.,0.,0.));
#4264 = DIRECTION('',(-0.,0.,1.));
#4265 = SHELL_BASED_SURFACE_MODEL('',(#4266));
#4266 = OPEN_SHELL('',(#4267));
#4267 = ADVANCED_FACE('',(#4268),#4294,.T.);
#4268 = FACE_BOUND('',#4269,.T.);
#4269 = EDGE_LOOP('',(#4270,#4280,#4288));
#4270 = ORIENTED_EDGE('',*,*,#4271,.T.);
#4271 = EDGE_CURVE('',#4272,#4274,#4276,.T.);
#4272 = VERTEX_POINT('',#4273);
#4273 = CARTESIAN_POINT('',(-53.5,33.5,14.));
#4274 = VERTEX_POINT('',#4275);
#4275 = CARTESIAN_POINT('',(-53.5,-33.5,14.));
#4276 = LINE('',#4277,#4278);
#4277 = CARTESIAN_POINT('',(-53.5,33.5,14.));
#4278 = VECTOR('',#4279,1.);
#4279 = DIRECTION('',(0.,-1.,0.));
#4280 = ORIENTED_EDGE('',*,*,#4281,.T.);
#4281 = EDGE_CURVE('',#4274,#4282,#4284,.T.);
#4282 = VERTEX_POINT('',#4283);
#4283 = CARTESIAN_POINT('',(-53.5,35.5,2.));
#4284 = LINE('',#4285,#4286);
#4285 = CARTESIAN_POINT('',(-53.5,-33.5,14.));
#4286 = VECTOR('',#4287,1.);
#4287 = DIRECTION('',(0.,0.98521175482,-0.171341174751));
#4288 = ORIENTED_EDGE('',*,*,#4289,.F.);
#4289 = EDGE_CURVE('',#4272,#4282,#4290,.T.);
#4290 = LINE('',#4291,#4292);
#4291 = CARTESIAN_POINT('',(-53.5,33.5,14.));
#4292 = VECTOR('',#4293,1.);
#4293 = DIRECTION('',(0.,0.164398987305,-0.986393923832));
#4294 = PLANE('',#4295);
#4295 = AXIS2_PLACEMENT_3D('',#4296,#4297,#4298);
#4296 = CARTESIAN_POINT('',(-53.5,3.282454970256,10.694347756737));
#4297 = DIRECTION('',(1.,0.,0.));
#4298 = DIRECTION('',(-0.,0.,1.));
#4299 = SHELL_BASED_SURFACE_MODEL('',(#4300));
#4300 = OPEN_SHELL('',(#4301));
#4301 = ADVANCED_FACE('',(#4302),#4328,.T.);
#4302 = FACE_BOUND('',#4303,.T.);
#4303 = EDGE_LOOP('',(#4304,#4314,#4322));
#4304 = ORIENTED_EDGE('',*,*,#4305,.F.);
#4305 = EDGE_CURVE('',#4306,#4308,#4310,.T.);
#4306 = VERTEX_POINT('',#4307);
#4307 = CARTESIAN_POINT('',(-53.5,-33.5,14.));
#4308 = VERTEX_POINT('',#4309);
#4309 = CARTESIAN_POINT('',(-53.5,35.5,2.));
#4310 = LINE('',#4311,#4312);
#4311 = CARTESIAN_POINT('',(-53.5,-33.5,14.));
#4312 = VECTOR('',#4313,1.);
#4313 = DIRECTION('',(0.,0.98521175482,-0.171341174751));
#4314 = ORIENTED_EDGE('',*,*,#4315,.T.);
#4315 = EDGE_CURVE('',#4306,#4316,#4318,.T.);
#4316 = VERTEX_POINT('',#4317);
#4317 = CARTESIAN_POINT('',(-53.5,-35.5,2.));
#4318 = LINE('',#4319,#4320);
#4319 = CARTESIAN_POINT('',(-53.5,-33.5,14.));
#4320 = VECTOR('',#4321,1.);
#4321 = DIRECTION('',(0.,-0.164398987305,-0.986393923832));
#4322 = ORIENTED_EDGE('',*,*,#4323,.F.);
#4323 = EDGE_CURVE('',#4308,#4316,#4324,.T.);
#4324 = LINE('',#4325,#4326);
#4325 = CARTESIAN_POINT('',(-53.5,35.5,2.));
#4326 = VECTOR('',#4327,1.);
#4327 = DIRECTION('',(0.,-1.,0.));
#4328 = PLANE('',#4329);
#4329 = AXIS2_PLACEMENT_3D('',#4330,#4331,#4332);
#4330 = CARTESIAN_POINT('',(-53.5,-2.282454970256,5.219343478299));
#4331 = DIRECTION('',(1.,0.,0.));
#4332 = DIRECTION('',(-0.,0.,1.));
#4333 = SHELL_BASED_SURFACE_MODEL('',(#4334));
#4334 = OPEN_SHELL('',(#4335));
#4335 = ADVANCED_FACE('',(#4336),#4362,.T.);
#4336 = FACE_BOUND('',#4337,.T.);
#4337 = EDGE_LOOP('',(#4338,#4348,#4356));
#4338 = ORIENTED_EDGE('',*,*,#4339,.T.);
#4339 = EDGE_CURVE('',#4340,#4342,#4344,.T.);
#4340 = VERTEX_POINT('',#4341);
#4341 = CARTESIAN_POINT('',(-53.5,-35.5,17.));
#4342 = VERTEX_POINT('',#4343);
#4343 = CARTESIAN_POINT('',(-53.5,-35.5,2.));
#4344 = LINE('',#4345,#4346);
#4345 = CARTESIAN_POINT('',(-53.5,-35.5,17.));
#4346 = VECTOR('',#4347,1.);
#4347 = DIRECTION('',(0.,0.,-1.));
#4348 = ORIENTED_EDGE('',*,*,#4349,.F.);
#4349 = EDGE_CURVE('',#4350,#4342,#4352,.T.);
#4350 = VERTEX_POINT('',#4351);
#4351 = CARTESIAN_POINT('',(-53.5,-33.5,14.));
#4352 = LINE('',#4353,#4354);
#4353 = CARTESIAN_POINT('',(-53.5,-33.5,14.));
#4354 = VECTOR('',#4355,1.);
#4355 = DIRECTION('',(0.,-0.164398987305,-0.986393923832));
#4356 = ORIENTED_EDGE('',*,*,#4357,.F.);
#4357 = EDGE_CURVE('',#4340,#4350,#4358,.T.);
#4358 = LINE('',#4359,#4360);
#4359 = CARTESIAN_POINT('',(-53.5,-35.5,17.));
#4360 = VECTOR('',#4361,1.);
#4361 = DIRECTION('',(0.,0.554700196225,-0.832050294338));
#4362 = PLANE('',#4363);
#4363 = AXIS2_PLACEMENT_3D('',#4364,#4365,#4366);
#4364 = CARTESIAN_POINT('',(-53.5,-34.98747076105,9.610006553717));
#4365 = DIRECTION('',(1.,0.,0.));
#4366 = DIRECTION('',(-0.,0.,1.));
#4367 = SHELL_BASED_SURFACE_MODEL('',(#4368));
#4368 = OPEN_SHELL('',(#4369));
#4369 = ADVANCED_FACE('',(#4370),#4396,.T.);
#4370 = FACE_BOUND('',#4371,.T.);
#4371 = EDGE_LOOP('',(#4372,#4382,#4390));
#4372 = ORIENTED_EDGE('',*,*,#4373,.F.);
#4373 = EDGE_CURVE('',#4374,#4376,#4378,.T.);
#4374 = VERTEX_POINT('',#4375);
#4375 = CARTESIAN_POINT('',(-53.5,35.5,17.));
#4376 = VERTEX_POINT('',#4377);
#4377 = CARTESIAN_POINT('',(-49.5,35.5,17.));
#4378 = LINE('',#4379,#4380);
#4379 = CARTESIAN_POINT('',(-53.5,35.5,17.));
#4380 = VECTOR('',#4381,1.);
#4381 = DIRECTION('',(1.,0.,0.));
#4382 = ORIENTED_EDGE('',*,*,#4383,.T.);
#4383 = EDGE_CURVE('',#4374,#4384,#4386,.T.);
#4384 = VERTEX_POINT('',#4385);
#4385 = CARTESIAN_POINT('',(-49.5,35.5,14.));
#4386 = LINE('',#4387,#4388);
#4387 = CARTESIAN_POINT('',(-53.5,35.5,17.));
#4388 = VECTOR('',#4389,1.);
#4389 = DIRECTION('',(0.8,0.,-0.6));
#4390 = ORIENTED_EDGE('',*,*,#4391,.T.);
#4391 = EDGE_CURVE('',#4384,#4376,#4392,.T.);
#4392 = LINE('',#4393,#4394);
#4393 = CARTESIAN_POINT('',(-49.5,35.5,14.));
#4394 = VECTOR('',#4395,1.);
#4395 = DIRECTION('',(0.,0.,1.));
#4396 = PLANE('',#4397);
#4397 = AXIS2_PLACEMENT_3D('',#4398,#4399,#4400);
#4398 = CARTESIAN_POINT('',(-51.,35.5,16.));
#4399 = DIRECTION('',(-0.,-1.,-0.));
#4400 = DIRECTION('',(0.,0.,-1.));
#4401 = SHELL_BASED_SURFACE_MODEL('',(#4402));
#4402 = OPEN_SHELL('',(#4403));
#4403 = ADVANCED_FACE('',(#4404),#4430,.T.);
#4404 = FACE_BOUND('',#4405,.T.);
#4405 = EDGE_LOOP('',(#4406,#4416,#4424));
#4406 = ORIENTED_EDGE('',*,*,#4407,.T.);
#4407 = EDGE_CURVE('',#4408,#4410,#4412,.T.);
#4408 = VERTEX_POINT('',#4409);
#4409 = CARTESIAN_POINT('',(49.5,35.5,14.));
#4410 = VERTEX_POINT('',#4411);
#4411 = CARTESIAN_POINT('',(-49.5,35.5,14.));
#4412 = LINE('',#4413,#4414);
#4413 = CARTESIAN_POINT('',(49.5,35.5,14.));
#4414 = VECTOR('',#4415,1.);
#4415 = DIRECTION('',(-1.,0.,0.));
#4416 = ORIENTED_EDGE('',*,*,#4417,.T.);
#4417 = EDGE_CURVE('',#4410,#4418,#4420,.T.);
#4418 = VERTEX_POINT('',#4419);
#4419 = CARTESIAN_POINT('',(-53.5,35.5,2.));
#4420 = LINE('',#4421,#4422);
#4421 = CARTESIAN_POINT('',(-49.5,35.5,14.));
#4422 = VECTOR('',#4423,1.);
#4423 = DIRECTION('',(-0.316227766017,0.,-0.948683298051));
#4424 = ORIENTED_EDGE('',*,*,#4425,.T.);
#4425 = EDGE_CURVE('',#4418,#4408,#4426,.T.);
#4426 = LINE('',#4427,#4428);
#4427 = CARTESIAN_POINT('',(-53.5,35.5,2.));
#4428 = VECTOR('',#4429,1.);
#4429 = DIRECTION('',(0.993281625903,0.,0.115722131173));
#4430 = PLANE('',#4431);
#4431 = AXIS2_PLACEMENT_3D('',#4432,#4433,#4434);
#4432 = CARTESIAN_POINT('',(-3.988109399644,35.5,10.758354446702));
#4433 = DIRECTION('',(-0.,-1.,-0.));
#4434 = DIRECTION('',(0.,0.,-1.));
#4435 = SHELL_BASED_SURFACE_MODEL('',(#4436));
#4436 = OPEN_SHELL('',(#4437));
#4437 = ADVANCED_FACE('',(#4438),#4464,.T.);
#4438 = FACE_BOUND('',#4439,.T.);
#4439 = EDGE_LOOP('',(#4440,#4450,#4458));
#4440 = ORIENTED_EDGE('',*,*,#4441,.F.);
#4441 = EDGE_CURVE('',#4442,#4444,#4446,.T.);
#4442 = VERTEX_POINT('',#4443);
#4443 = CARTESIAN_POINT('',(-53.5,35.5,2.));
#4444 = VERTEX_POINT('',#4445);
#4445 = CARTESIAN_POINT('',(-53.5,35.5,17.));
#4446 = LINE('',#4447,#4448);
#4447 = CARTESIAN_POINT('',(-53.5,35.5,2.));
#4448 = VECTOR('',#4449,1.);
#4449 = DIRECTION('',(0.,0.,1.));
#4450 = ORIENTED_EDGE('',*,*,#4451,.F.);
#4451 = EDGE_CURVE('',#4452,#4442,#4454,.T.);
#4452 = VERTEX_POINT('',#4453);
#4453 = CARTESIAN_POINT('',(-49.5,35.5,14.));
#4454 = LINE('',#4455,#4456);
#4455 = CARTESIAN_POINT('',(-49.5,35.5,14.));
#4456 = VECTOR('',#4457,1.);
#4457 = DIRECTION('',(-0.316227766017,0.,-0.948683298051));
#4458 = ORIENTED_EDGE('',*,*,#4459,.F.);
#4459 = EDGE_CURVE('',#4444,#4452,#4460,.T.);
#4460 = LINE('',#4461,#4462);
#4461 = CARTESIAN_POINT('',(-53.5,35.5,17.));
#4462 = VECTOR('',#4463,1.);
#4463 = DIRECTION('',(0.8,0.,-0.6));
#4464 = PLANE('',#4465);
#4465 = AXIS2_PLACEMENT_3D('',#4466,#4467,#4468);
#4466 = CARTESIAN_POINT('',(-52.41886116991,35.5,9.837722339832));
#4467 = DIRECTION('',(-0.,-1.,-0.));
#4468 = DIRECTION('',(0.,0.,-1.));
#4469 = SHELL_BASED_SURFACE_MODEL('',(#4470));
#4470 = OPEN_SHELL('',(#4471));
#4471 = ADVANCED_FACE('',(#4472),#4498,.T.);
#4472 = FACE_BOUND('',#4473,.T.);
#4473 = EDGE_LOOP('',(#4474,#4484,#4492));
#4474 = ORIENTED_EDGE('',*,*,#4475,.T.);
#4475 = EDGE_CURVE('',#4476,#4478,#4480,.T.);
#4476 = VERTEX_POINT('',#4477);
#4477 = CARTESIAN_POINT('',(49.5,35.5,17.));
#4478 = VERTEX_POINT('',#4479);
#4479 = CARTESIAN_POINT('',(49.5,35.5,14.));
#4480 = LINE('',#4481,#4482);
#4481 = CARTESIAN_POINT('',(49.5,35.5,17.));
#4482 = VECTOR('',#4483,1.);
#4483 = DIRECTION('',(0.,0.,-1.));
#4484 = ORIENTED_EDGE('',*,*,#4485,.T.);
#4485 = EDGE_CURVE('',#4478,#4486,#4488,.T.);
#4486 = VERTEX_POINT('',#4487);
#4487 = CARTESIAN_POINT('',(53.5,35.5,17.));
#4488 = LINE('',#4489,#4490);
#4489 = CARTESIAN_POINT('',(49.5,35.5,14.));
#4490 = VECTOR('',#4491,1.);
#4491 = DIRECTION('',(0.8,0.,0.6));
#4492 = ORIENTED_EDGE('',*,*,#4493,.F.);
#4493 = EDGE_CURVE('',#4476,#4486,#4494,.T.);
#4494 = LINE('',#4495,#4496);
#4495 = CARTESIAN_POINT('',(49.5,35.5,17.));
#4496 = VECTOR('',#4497,1.);
#4497 = DIRECTION('',(1.,0.,0.));
#4498 = PLANE('',#4499);
#4499 = AXIS2_PLACEMENT_3D('',#4500,#4501,#4502);
#4500 = CARTESIAN_POINT('',(51.,35.5,16.));
#4501 = DIRECTION('',(-0.,-1.,-0.));
#4502 = DIRECTION('',(0.,0.,-1.));
#4503 = SHELL_BASED_SURFACE_MODEL('',(#4504));
#4504 = OPEN_SHELL('',(#4505));
#4505 = ADVANCED_FACE('',(#4506),#4532,.T.);
#4506 = FACE_BOUND('',#4507,.T.);
#4507 = EDGE_LOOP('',(#4508,#4518,#4526));
#4508 = ORIENTED_EDGE('',*,*,#4509,.F.);
#4509 = EDGE_CURVE('',#4510,#4512,#4514,.T.);
#4510 = VERTEX_POINT('',#4511);
#4511 = CARTESIAN_POINT('',(49.5,35.5,14.));
#4512 = VERTEX_POINT('',#4513);
#4513 = CARTESIAN_POINT('',(53.5,35.5,17.));
#4514 = LINE('',#4515,#4516);
#4515 = CARTESIAN_POINT('',(49.5,35.5,14.));
#4516 = VECTOR('',#4517,1.);
#4517 = DIRECTION('',(0.8,0.,0.6));
#4518 = ORIENTED_EDGE('',*,*,#4519,.T.);
#4519 = EDGE_CURVE('',#4510,#4520,#4522,.T.);
#4520 = VERTEX_POINT('',#4521);
#4521 = CARTESIAN_POINT('',(53.5,35.5,2.));
#4522 = LINE('',#4523,#4524);
#4523 = CARTESIAN_POINT('',(49.5,35.5,14.));
#4524 = VECTOR('',#4525,1.);
#4525 = DIRECTION('',(0.316227766017,0.,-0.948683298051));
#4526 = ORIENTED_EDGE('',*,*,#4527,.F.);
#4527 = EDGE_CURVE('',#4512,#4520,#4528,.T.);
#4528 = LINE('',#4529,#4530);
#4529 = CARTESIAN_POINT('',(53.5,35.5,17.));
#4530 = VECTOR('',#4531,1.);
#4531 = DIRECTION('',(0.,0.,-1.));
#4532 = PLANE('',#4533);
#4533 = AXIS2_PLACEMENT_3D('',#4534,#4535,#4536);
#4534 = CARTESIAN_POINT('',(52.418861169916,35.5,9.837722339832));
#4535 = DIRECTION('',(-0.,-1.,-0.));
#4536 = DIRECTION('',(0.,0.,-1.));
#4537 = SHELL_BASED_SURFACE_MODEL('',(#4538));
#4538 = OPEN_SHELL('',(#4539));
#4539 = ADVANCED_FACE('',(#4540),#4566,.T.);
#4540 = FACE_BOUND('',#4541,.T.);
#4541 = EDGE_LOOP('',(#4542,#4552,#4560));
#4542 = ORIENTED_EDGE('',*,*,#4543,.F.);
#4543 = EDGE_CURVE('',#4544,#4546,#4548,.T.);
#4544 = VERTEX_POINT('',#4545);
#4545 = CARTESIAN_POINT('',(53.5,35.5,2.));
#4546 = VERTEX_POINT('',#4547);
#4547 = CARTESIAN_POINT('',(-53.5,35.5,2.));
#4548 = LINE('',#4549,#4550);
#4549 = CARTESIAN_POINT('',(53.5,35.5,2.));
#4550 = VECTOR('',#4551,1.);
#4551 = DIRECTION('',(-1.,0.,0.));
#4552 = ORIENTED_EDGE('',*,*,#4553,.F.);
#4553 = EDGE_CURVE('',#4554,#4544,#4556,.T.);
#4554 = VERTEX_POINT('',#4555);
#4555 = CARTESIAN_POINT('',(49.5,35.5,14.));
#4556 = LINE('',#4557,#4558);
#4557 = CARTESIAN_POINT('',(49.5,35.5,14.));
#4558 = VECTOR('',#4559,1.);
#4559 = DIRECTION('',(0.316227766017,0.,-0.948683298051));
#4560 = ORIENTED_EDGE('',*,*,#4561,.F.);
#4561 = EDGE_CURVE('',#4546,#4554,#4562,.T.);
#4562 = LINE('',#4563,#4564);
#4563 = CARTESIAN_POINT('',(-53.5,35.5,2.));
#4564 = VECTOR('',#4565,1.);
#4565 = DIRECTION('',(0.993281625903,0.,0.115722131173));
#4566 = PLANE('',#4567);
#4567 = AXIS2_PLACEMENT_3D('',#4568,#4569,#4570);
#4568 = CARTESIAN_POINT('',(1.988109399644,35.5,5.125533379614));
#4569 = DIRECTION('',(-0.,-1.,-0.));
#4570 = DIRECTION('',(0.,0.,-1.));
#4571 = SHELL_BASED_SURFACE_MODEL('',(#4572));
#4572 = OPEN_SHELL('',(#4573));
#4573 = ADVANCED_FACE('',(#4574),#4600,.T.);
#4574 = FACE_BOUND('',#4575,.T.);
#4575 = EDGE_LOOP('',(#4576,#4586,#4594));
#4576 = ORIENTED_EDGE('',*,*,#4577,.F.);
#4577 = EDGE_CURVE('',#4578,#4580,#4582,.T.);
#4578 = VERTEX_POINT('',#4579);
#4579 = CARTESIAN_POINT('',(53.5,-35.5,17.));
#4580 = VERTEX_POINT('',#4581);
#4581 = CARTESIAN_POINT('',(49.5,-35.5,17.));
#4582 = LINE('',#4583,#4584);
#4583 = CARTESIAN_POINT('',(53.5,-35.5,17.));
#4584 = VECTOR('',#4585,1.);
#4585 = DIRECTION('',(-1.,0.,0.));
#4586 = ORIENTED_EDGE('',*,*,#4587,.T.);
#4587 = EDGE_CURVE('',#4578,#4588,#4590,.T.);
#4588 = VERTEX_POINT('',#4589);
#4589 = CARTESIAN_POINT('',(49.5,-35.5,14.));
#4590 = LINE('',#4591,#4592);
#4591 = CARTESIAN_POINT('',(53.5,-35.5,17.));
#4592 = VECTOR('',#4593,1.);
#4593 = DIRECTION('',(-0.8,0.,-0.6));
#4594 = ORIENTED_EDGE('',*,*,#4595,.T.);
#4595 = EDGE_CURVE('',#4588,#4580,#4596,.T.);
#4596 = LINE('',#4597,#4598);
#4597 = CARTESIAN_POINT('',(49.5,-35.5,14.));
#4598 = VECTOR('',#4599,1.);
#4599 = DIRECTION('',(0.,0.,1.));
#4600 = PLANE('',#4601);
#4601 = AXIS2_PLACEMENT_3D('',#4602,#4603,#4604);
#4602 = CARTESIAN_POINT('',(51.,-35.5,16.));
#4603 = DIRECTION('',(0.,1.,0.));
#4604 = DIRECTION('',(0.,-0.,1.));
#4605 = SHELL_BASED_SURFACE_MODEL('',(#4606));
#4606 = OPEN_SHELL('',(#4607));
#4607 = ADVANCED_FACE('',(#4608),#4634,.T.);
#4608 = FACE_BOUND('',#4609,.T.);
#4609 = EDGE_LOOP('',(#4610,#4620,#4628));
#4610 = ORIENTED_EDGE('',*,*,#4611,.T.);
#4611 = EDGE_CURVE('',#4612,#4614,#4616,.T.);
#4612 = VERTEX_POINT('',#4613);
#4613 = CARTESIAN_POINT('',(-49.5,-35.5,14.));
#4614 = VERTEX_POINT('',#4615);
#4615 = CARTESIAN_POINT('',(49.5,-35.5,14.));
#4616 = LINE('',#4617,#4618);
#4617 = CARTESIAN_POINT('',(-49.5,-35.5,14.));
#4618 = VECTOR('',#4619,1.);
#4619 = DIRECTION('',(1.,0.,0.));
#4620 = ORIENTED_EDGE('',*,*,#4621,.T.);
#4621 = EDGE_CURVE('',#4614,#4622,#4624,.T.);
#4622 = VERTEX_POINT('',#4623);
#4623 = CARTESIAN_POINT('',(53.5,-35.5,2.));
#4624 = LINE('',#4625,#4626);
#4625 = CARTESIAN_POINT('',(49.5,-35.5,14.));
#4626 = VECTOR('',#4627,1.);
#4627 = DIRECTION('',(0.316227766017,0.,-0.948683298051));
#4628 = ORIENTED_EDGE('',*,*,#4629,.T.);
#4629 = EDGE_CURVE('',#4622,#4612,#4630,.T.);
#4630 = LINE('',#4631,#4632);
#4631 = CARTESIAN_POINT('',(53.5,-35.5,2.));
#4632 = VECTOR('',#4633,1.);
#4633 = DIRECTION('',(-0.993281625903,0.,0.115722131173));
#4634 = PLANE('',#4635);
#4635 = AXIS2_PLACEMENT_3D('',#4636,#4637,#4638);
#4636 = CARTESIAN_POINT('',(3.988109399644,-35.5,10.758354446702));
#4637 = DIRECTION('',(0.,1.,0.));
#4638 = DIRECTION('',(0.,-0.,1.));
#4639 = SHELL_BASED_SURFACE_MODEL('',(#4640));
#4640 = OPEN_SHELL('',(#4641));
#4641 = ADVANCED_FACE('',(#4642),#4668,.T.);
#4642 = FACE_BOUND('',#4643,.T.);
#4643 = EDGE_LOOP('',(#4644,#4654,#4662));
#4644 = ORIENTED_EDGE('',*,*,#4645,.F.);
#4645 = EDGE_CURVE('',#4646,#4648,#4650,.T.);
#4646 = VERTEX_POINT('',#4647);
#4647 = CARTESIAN_POINT('',(53.5,-35.5,2.));
#4648 = VERTEX_POINT('',#4649);
#4649 = CARTESIAN_POINT('',(53.5,-35.5,17.));
#4650 = LINE('',#4651,#4652);
#4651 = CARTESIAN_POINT('',(53.5,-35.5,2.));
#4652 = VECTOR('',#4653,1.);
#4653 = DIRECTION('',(0.,0.,1.));
#4654 = ORIENTED_EDGE('',*,*,#4655,.F.);
#4655 = EDGE_CURVE('',#4656,#4646,#4658,.T.);
#4656 = VERTEX_POINT('',#4657);
#4657 = CARTESIAN_POINT('',(49.5,-35.5,14.));
#4658 = LINE('',#4659,#4660);
#4659 = CARTESIAN_POINT('',(49.5,-35.5,14.));
#4660 = VECTOR('',#4661,1.);
#4661 = DIRECTION('',(0.316227766017,0.,-0.948683298051));
#4662 = ORIENTED_EDGE('',*,*,#4663,.F.);
#4663 = EDGE_CURVE('',#4648,#4656,#4664,.T.);
#4664 = LINE('',#4665,#4666);
#4665 = CARTESIAN_POINT('',(53.5,-35.5,17.));
#4666 = VECTOR('',#4667,1.);
#4667 = DIRECTION('',(-0.8,0.,-0.6));
#4668 = PLANE('',#4669);
#4669 = AXIS2_PLACEMENT_3D('',#4670,#4671,#4672);
#4670 = CARTESIAN_POINT('',(52.418861169916,-35.5,9.837722339832));
#4671 = DIRECTION('',(0.,1.,0.));
#4672 = DIRECTION('',(0.,-0.,1.));
#4673 = SHELL_BASED_SURFACE_MODEL('',(#4674));
#4674 = OPEN_SHELL('',(#4675));
#4675 = ADVANCED_FACE('',(#4676),#4702,.T.);
#4676 = FACE_BOUND('',#4677,.T.);
#4677 = EDGE_LOOP('',(#4678,#4688,#4696));
#4678 = ORIENTED_EDGE('',*,*,#4679,.T.);
#4679 = EDGE_CURVE('',#4680,#4682,#4684,.T.);
#4680 = VERTEX_POINT('',#4681);
#4681 = CARTESIAN_POINT('',(-49.5,-35.5,17.));
#4682 = VERTEX_POINT('',#4683);
#4683 = CARTESIAN_POINT('',(-49.5,-35.5,14.));
#4684 = LINE('',#4685,#4686);
#4685 = CARTESIAN_POINT('',(-49.5,-35.5,17.));
#4686 = VECTOR('',#4687,1.);
#4687 = DIRECTION('',(0.,0.,-1.));
#4688 = ORIENTED_EDGE('',*,*,#4689,.T.);
#4689 = EDGE_CURVE('',#4682,#4690,#4692,.T.);
#4690 = VERTEX_POINT('',#4691);
#4691 = CARTESIAN_POINT('',(-53.5,-35.5,17.));
#4692 = LINE('',#4693,#4694);
#4693 = CARTESIAN_POINT('',(-49.5,-35.5,14.));
#4694 = VECTOR('',#4695,1.);
#4695 = DIRECTION('',(-0.8,0.,0.6));
#4696 = ORIENTED_EDGE('',*,*,#4697,.F.);
#4697 = EDGE_CURVE('',#4680,#4690,#4698,.T.);
#4698 = LINE('',#4699,#4700);
#4699 = CARTESIAN_POINT('',(-49.5,-35.5,17.));
#4700 = VECTOR('',#4701,1.);
#4701 = DIRECTION('',(-1.,0.,0.));
#4702 = PLANE('',#4703);
#4703 = AXIS2_PLACEMENT_3D('',#4704,#4705,#4706);
#4704 = CARTESIAN_POINT('',(-51.,-35.5,16.));
#4705 = DIRECTION('',(0.,1.,0.));
#4706 = DIRECTION('',(0.,-0.,1.));
#4707 = SHELL_BASED_SURFACE_MODEL('',(#4708));
#4708 = OPEN_SHELL('',(#4709));
#4709 = ADVANCED_FACE('',(#4710),#4736,.T.);
#4710 = FACE_BOUND('',#4711,.T.);
#4711 = EDGE_LOOP('',(#4712,#4722,#4730));
#4712 = ORIENTED_EDGE('',*,*,#4713,.F.);
#4713 = EDGE_CURVE('',#4714,#4716,#4718,.T.);
#4714 = VERTEX_POINT('',#4715);
#4715 = CARTESIAN_POINT('',(-49.5,-35.5,14.));
#4716 = VERTEX_POINT('',#4717);
#4717 = CARTESIAN_POINT('',(-53.5,-35.5,17.));
#4718 = LINE('',#4719,#4720);
#4719 = CARTESIAN_POINT('',(-49.5,-35.5,14.));
#4720 = VECTOR('',#4721,1.);
#4721 = DIRECTION('',(-0.8,0.,0.6));
#4722 = ORIENTED_EDGE('',*,*,#4723,.T.);
#4723 = EDGE_CURVE('',#4714,#4724,#4726,.T.);
#4724 = VERTEX_POINT('',#4725);
#4725 = CARTESIAN_POINT('',(-53.5,-35.5,2.));
#4726 = LINE('',#4727,#4728);
#4727 = CARTESIAN_POINT('',(-49.5,-35.5,14.));
#4728 = VECTOR('',#4729,1.);
#4729 = DIRECTION('',(-0.316227766017,0.,-0.948683298051));
#4730 = ORIENTED_EDGE('',*,*,#4731,.F.);
#4731 = EDGE_CURVE('',#4716,#4724,#4732,.T.);
#4732 = LINE('',#4733,#4734);
#4733 = CARTESIAN_POINT('',(-53.5,-35.5,17.));
#4734 = VECTOR('',#4735,1.);
#4735 = DIRECTION('',(0.,0.,-1.));
#4736 = PLANE('',#4737);
#4737 = AXIS2_PLACEMENT_3D('',#4738,#4739,#4740);
#4738 = CARTESIAN_POINT('',(-52.41886116991,-35.5,9.837722339832));
#4739 = DIRECTION('',(0.,1.,0.));
#4740 = DIRECTION('',(0.,-0.,1.));
#4741 = SHELL_BASED_SURFACE_MODEL('',(#4742));
#4742 = OPEN_SHELL('',(#4743));
#4743 = ADVANCED_FACE('',(#4744),#4770,.T.);
#4744 = FACE_BOUND('',#4745,.T.);
#4745 = EDGE_LOOP('',(#4746,#4756,#4764));
#4746 = ORIENTED_EDGE('',*,*,#4747,.F.);
#4747 = EDGE_CURVE('',#4748,#4750,#4752,.T.);
#4748 = VERTEX_POINT('',#4749);
#4749 = CARTESIAN_POINT('',(-53.5,-35.5,2.));
#4750 = VERTEX_POINT('',#4751);
#4751 = CARTESIAN_POINT('',(53.5,-35.5,2.));
#4752 = LINE('',#4753,#4754);
#4753 = CARTESIAN_POINT('',(-53.5,-35.5,2.));
#4754 = VECTOR('',#4755,1.);
#4755 = DIRECTION('',(1.,0.,0.));
#4756 = ORIENTED_EDGE('',*,*,#4757,.F.);
#4757 = EDGE_CURVE('',#4758,#4748,#4760,.T.);
#4758 = VERTEX_POINT('',#4759);
#4759 = CARTESIAN_POINT('',(-49.5,-35.5,14.));
#4760 = LINE('',#4761,#4762);
#4761 = CARTESIAN_POINT('',(-49.5,-35.5,14.));
#4762 = VECTOR('',#4763,1.);
#4763 = DIRECTION('',(-0.316227766017,0.,-0.948683298051));
#4764 = ORIENTED_EDGE('',*,*,#4765,.F.);
#4765 = EDGE_CURVE('',#4750,#4758,#4766,.T.);
#4766 = LINE('',#4767,#4768);
#4767 = CARTESIAN_POINT('',(53.5,-35.5,2.));
#4768 = VECTOR('',#4769,1.);
#4769 = DIRECTION('',(-0.993281625903,0.,0.115722131173));
#4770 = PLANE('',#4771);
#4771 = AXIS2_PLACEMENT_3D('',#4772,#4773,#4774);
#4772 = CARTESIAN_POINT('',(-1.988109399644,-35.5,5.125533379614));
#4773 = DIRECTION('',(0.,1.,0.));
#4774 = DIRECTION('',(0.,-0.,1.));
#4775 = SHELL_BASED_SURFACE_MODEL('',(#4776));
#4776 = OPEN_SHELL('',(#4777));
#4777 = ADVANCED_FACE('',(#4778),#4804,.T.);
#4778 = FACE_BOUND('',#4779,.T.);
#4779 = EDGE_LOOP('',(#4780,#4790,#4798));
#4780 = ORIENTED_EDGE('',*,*,#4781,.T.);
#4781 = EDGE_CURVE('',#4782,#4784,#4786,.T.);
#4782 = VERTEX_POINT('',#4783);
#4783 = CARTESIAN_POINT('',(49.5,-36.5,14.));
#4784 = VERTEX_POINT('',#4785);
#4785 = CARTESIAN_POINT('',(49.5,-36.5,5.));
#4786 = LINE('',#4787,#4788);
#4787 = CARTESIAN_POINT('',(49.5,-36.5,14.));
#4788 = VECTOR('',#4789,1.);
#4789 = DIRECTION('',(0.,0.,-1.));
#4790 = ORIENTED_EDGE('',*,*,#4791,.T.);
#4791 = EDGE_CURVE('',#4784,#4792,#4794,.T.);
#4792 = VERTEX_POINT('',#4793);
#4793 = CARTESIAN_POINT('',(49.5,-40.,5.));
#4794 = LINE('',#4795,#4796);
#4795 = CARTESIAN_POINT('',(49.5,-36.5,5.));
#4796 = VECTOR('',#4797,1.);
#4797 = DIRECTION('',(0.,-1.,0.));
#4798 = ORIENTED_EDGE('',*,*,#4799,.T.);
#4799 = EDGE_CURVE('',#4792,#4782,#4800,.T.);
#4800 = LINE('',#4801,#4802);
#4801 = CARTESIAN_POINT('',(49.5,-40.,5.));
#4802 = VECTOR('',#4803,1.);
#4803 = DIRECTION('',(0.,0.362446261155,0.932004671541));
#4804 = PLANE('',#4805);
#4805 = AXIS2_PLACEMENT_3D('',#4806,#4807,#4808);
#4806 = CARTESIAN_POINT('',(49.5,-37.53915098947,8.789150989478));
#4807 = DIRECTION('',(-1.,-0.,-0.));
#4808 = DIRECTION('',(0.,0.,-1.));
#4809 = SHELL_BASED_SURFACE_MODEL('',(#4810));
#4810 = OPEN_SHELL('',(#4811));
#4811 = ADVANCED_FACE('',(#4812),#4838,.T.);
#4812 = FACE_BOUND('',#4813,.T.);
#4813 = EDGE_LOOP('',(#4814,#4824,#4832));
#4814 = ORIENTED_EDGE('',*,*,#4815,.T.);
#4815 = EDGE_CURVE('',#4816,#4818,#4820,.T.);
#4816 = VERTEX_POINT('',#4817);
#4817 = CARTESIAN_POINT('',(49.5,-35.5,14.));
#4818 = VERTEX_POINT('',#4819);
#4819 = CARTESIAN_POINT('',(49.5,-36.5,14.));
#4820 = LINE('',#4821,#4822);
#4821 = CARTESIAN_POINT('',(49.5,-35.5,14.));
#4822 = VECTOR('',#4823,1.);
#4823 = DIRECTION('',(0.,-1.,0.));
#4824 = ORIENTED_EDGE('',*,*,#4825,.T.);
#4825 = EDGE_CURVE('',#4818,#4826,#4828,.T.);
#4826 = VERTEX_POINT('',#4827);
#4827 = CARTESIAN_POINT('',(49.5,-35.5,17.));
#4828 = LINE('',#4829,#4830);
#4829 = CARTESIAN_POINT('',(49.5,-36.5,14.));
#4830 = VECTOR('',#4831,1.);
#4831 = DIRECTION('',(0.,0.316227766017,0.948683298051));
#4832 = ORIENTED_EDGE('',*,*,#4833,.F.);
#4833 = EDGE_CURVE('',#4816,#4826,#4834,.T.);
#4834 = LINE('',#4835,#4836);
#4835 = CARTESIAN_POINT('',(49.5,-35.5,14.));
#4836 = VECTOR('',#4837,1.);
#4837 = DIRECTION('',(0.,0.,1.));
#4838 = PLANE('',#4839);
#4839 = AXIS2_PLACEMENT_3D('',#4840,#4841,#4842);
#4840 = CARTESIAN_POINT('',(49.5,-35.79056941504,15.290569415042));
#4841 = DIRECTION('',(-1.,-0.,-0.));
#4842 = DIRECTION('',(0.,0.,-1.));
#4843 = SHELL_BASED_SURFACE_MODEL('',(#4844));
#4844 = OPEN_SHELL('',(#4845));
#4845 = ADVANCED_FACE('',(#4846),#4872,.T.);
#4846 = FACE_BOUND('',#4847,.T.);
#4847 = EDGE_LOOP('',(#4848,#4858,#4866));
#4848 = ORIENTED_EDGE('',*,*,#4849,.T.);
#4849 = EDGE_CURVE('',#4850,#4852,#4854,.T.);
#4850 = VERTEX_POINT('',#4851);
#4851 = CARTESIAN_POINT('',(49.5,-40.,5.));
#4852 = VERTEX_POINT('',#4853);
#4853 = CARTESIAN_POINT('',(49.5,-40.,17.));
#4854 = LINE('',#4855,#4856);
#4855 = CARTESIAN_POINT('',(49.5,-40.,5.));
#4856 = VECTOR('',#4857,1.);
#4857 = DIRECTION('',(0.,0.,1.));
#4858 = ORIENTED_EDGE('',*,*,#4859,.T.);
#4859 = EDGE_CURVE('',#4852,#4860,#4862,.T.);
#4860 = VERTEX_POINT('',#4861);
#4861 = CARTESIAN_POINT('',(49.5,-36.5,14.));
#4862 = LINE('',#4863,#4864);
#4863 = CARTESIAN_POINT('',(49.5,-40.,17.));
#4864 = VECTOR('',#4865,1.);
#4865 = DIRECTION('',(0.,0.759256602365,-0.650791373456));
#4866 = ORIENTED_EDGE('',*,*,#4867,.F.);
#4867 = EDGE_CURVE('',#4850,#4860,#4868,.T.);
#4868 = LINE('',#4869,#4870);
#4869 = CARTESIAN_POINT('',(49.5,-40.,5.));
#4870 = VECTOR('',#4871,1.);
#4871 = DIRECTION('',(0.,0.362446261155,0.932004671541));
#4872 = PLANE('',#4873);
#4873 = AXIS2_PLACEMENT_3D('',#4874,#4875,#4876);
#4874 = CARTESIAN_POINT('',(49.5,-39.04950122738,11.238292067683));
#4875 = DIRECTION('',(-1.,-0.,-0.));
#4876 = DIRECTION('',(0.,0.,-1.));
#4877 = SHELL_BASED_SURFACE_MODEL('',(#4878));
#4878 = OPEN_SHELL('',(#4879));
#4879 = ADVANCED_FACE('',(#4880),#4906,.T.);
#4880 = FACE_BOUND('',#4881,.T.);
#4881 = EDGE_LOOP('',(#4882,#4892,#4900));
#4882 = ORIENTED_EDGE('',*,*,#4883,.F.);
#4883 = EDGE_CURVE('',#4884,#4886,#4888,.T.);
#4884 = VERTEX_POINT('',#4885);
#4885 = CARTESIAN_POINT('',(49.5,-36.5,14.));
#4886 = VERTEX_POINT('',#4887);
#4887 = CARTESIAN_POINT('',(49.5,-35.5,17.));
#4888 = LINE('',#4889,#4890);
#4889 = CARTESIAN_POINT('',(49.5,-36.5,14.));
#4890 = VECTOR('',#4891,1.);
#4891 = DIRECTION('',(0.,0.316227766017,0.948683298051));
#4892 = ORIENTED_EDGE('',*,*,#4893,.F.);
#4893 = EDGE_CURVE('',#4894,#4884,#4896,.T.);
#4894 = VERTEX_POINT('',#4895);
#4895 = CARTESIAN_POINT('',(49.5,-40.,17.));
#4896 = LINE('',#4897,#4898);
#4897 = CARTESIAN_POINT('',(49.5,-40.,17.));
#4898 = VECTOR('',#4899,1.);
#4899 = DIRECTION('',(0.,0.759256602365,-0.650791373456));
#4900 = ORIENTED_EDGE('',*,*,#4901,.F.);
#4901 = EDGE_CURVE('',#4886,#4894,#4902,.T.);
#4902 = LINE('',#4903,#4904);
#4903 = CARTESIAN_POINT('',(49.5,-35.5,17.));
#4904 = VECTOR('',#4905,1.);
#4905 = DIRECTION('',(0.,-1.,0.));
#4906 = PLANE('',#4907);
#4907 = AXIS2_PLACEMENT_3D('',#4908,#4909,#4910);
#4908 = CARTESIAN_POINT('',(49.5,-37.48687364212,16.05003035851));
#4909 = DIRECTION('',(-1.,-0.,-0.));
#4910 = DIRECTION('',(0.,0.,-1.));
#4911 = SHELL_BASED_SURFACE_MODEL('',(#4912));
#4912 = OPEN_SHELL('',(#4913));
#4913 = ADVANCED_FACE('',(#4914),#4940,.T.);
#4914 = FACE_BOUND('',#4915,.T.);
#4915 = EDGE_LOOP('',(#4916,#4926,#4934));
#4916 = ORIENTED_EDGE('',*,*,#4917,.T.);
#4917 = EDGE_CURVE('',#4918,#4920,#4922,.T.);
#4918 = VERTEX_POINT('',#4919);
#4919 = CARTESIAN_POINT('',(49.5,36.5,5.));
#4920 = VERTEX_POINT('',#4921);
#4921 = CARTESIAN_POINT('',(49.5,36.5,14.));
#4922 = LINE('',#4923,#4924);
#4923 = CARTESIAN_POINT('',(49.5,36.5,5.));
#4924 = VECTOR('',#4925,1.);
#4925 = DIRECTION('',(0.,0.,1.));
#4926 = ORIENTED_EDGE('',*,*,#4927,.T.);
#4927 = EDGE_CURVE('',#4920,#4928,#4930,.T.);
#4928 = VERTEX_POINT('',#4929);
#4929 = CARTESIAN_POINT('',(49.5,40.,5.));
#4930 = LINE('',#4931,#4932);
#4931 = CARTESIAN_POINT('',(49.5,36.5,14.));
#4932 = VECTOR('',#4933,1.);
#4933 = DIRECTION('',(0.,0.362446261155,-0.932004671541));
#4934 = ORIENTED_EDGE('',*,*,#4935,.T.);
#4935 = EDGE_CURVE('',#4928,#4918,#4936,.T.);
#4936 = LINE('',#4937,#4938);
#4937 = CARTESIAN_POINT('',(49.5,40.,5.));
#4938 = VECTOR('',#4939,1.);
#4939 = DIRECTION('',(0.,-1.,0.));
#4940 = PLANE('',#4941);
#4941 = AXIS2_PLACEMENT_3D('',#4942,#4943,#4944);
#4942 = CARTESIAN_POINT('',(49.5,37.539150989479,8.789150989478));
#4943 = DIRECTION('',(-1.,-0.,-0.));
#4944 = DIRECTION('',(0.,0.,-1.));
#4945 = SHELL_BASED_SURFACE_MODEL('',(#4946));
#4946 = OPEN_SHELL('',(#4947));
#4947 = ADVANCED_FACE('',(#4948),#4974,.T.);
#4948 = FACE_BOUND('',#4949,.T.);
#4949 = EDGE_LOOP('',(#4950,#4960,#4968));
#4950 = ORIENTED_EDGE('',*,*,#4951,.T.);
#4951 = EDGE_CURVE('',#4952,#4954,#4956,.T.);
#4952 = VERTEX_POINT('',#4953);
#4953 = CARTESIAN_POINT('',(49.5,40.,17.));
#4954 = VERTEX_POINT('',#4955);
#4955 = CARTESIAN_POINT('',(49.5,40.,5.));
#4956 = LINE('',#4957,#4958);
#4957 = CARTESIAN_POINT('',(49.5,40.,17.));
#4958 = VECTOR('',#4959,1.);
#4959 = DIRECTION('',(0.,0.,-1.));
#4960 = ORIENTED_EDGE('',*,*,#4961,.F.);
#4961 = EDGE_CURVE('',#4962,#4954,#4964,.T.);
#4962 = VERTEX_POINT('',#4963);
#4963 = CARTESIAN_POINT('',(49.5,36.5,14.));
#4964 = LINE('',#4965,#4966);
#4965 = CARTESIAN_POINT('',(49.5,36.5,14.));
#4966 = VECTOR('',#4967,1.);
#4967 = DIRECTION('',(0.,0.362446261155,-0.932004671541));
#4968 = ORIENTED_EDGE('',*,*,#4969,.T.);
#4969 = EDGE_CURVE('',#4962,#4952,#4970,.T.);
#4970 = LINE('',#4971,#4972);
#4971 = CARTESIAN_POINT('',(49.5,36.5,14.));
#4972 = VECTOR('',#4973,1.);
#4973 = DIRECTION('',(0.,0.759256602365,0.650791373456));
#4974 = PLANE('',#4975);
#4975 = AXIS2_PLACEMENT_3D('',#4976,#4977,#4978);
#4976 = CARTESIAN_POINT('',(49.5,39.049501227381,11.238292067683));
#4977 = DIRECTION('',(-1.,-0.,-0.));
#4978 = DIRECTION('',(0.,0.,-1.));
#4979 = SHELL_BASED_SURFACE_MODEL('',(#4980));
#4980 = OPEN_SHELL('',(#4981));
#4981 = ADVANCED_FACE('',(#4982),#5008,.T.);
#4982 = FACE_BOUND('',#4983,.T.);
#4983 = EDGE_LOOP('',(#4984,#4994,#5002));
#4984 = ORIENTED_EDGE('',*,*,#4985,.F.);
#4985 = EDGE_CURVE('',#4986,#4988,#4990,.T.);
#4986 = VERTEX_POINT('',#4987);
#4987 = CARTESIAN_POINT('',(49.5,35.5,17.));
#4988 = VERTEX_POINT('',#4989);
#4989 = CARTESIAN_POINT('',(49.5,35.5,14.));
#4990 = LINE('',#4991,#4992);
#4991 = CARTESIAN_POINT('',(49.5,35.5,17.));
#4992 = VECTOR('',#4993,1.);
#4993 = DIRECTION('',(0.,0.,-1.));
#4994 = ORIENTED_EDGE('',*,*,#4995,.T.);
#4995 = EDGE_CURVE('',#4986,#4996,#4998,.T.);
#4996 = VERTEX_POINT('',#4997);
#4997 = CARTESIAN_POINT('',(49.5,36.5,14.));
#4998 = LINE('',#4999,#5000);
#4999 = CARTESIAN_POINT('',(49.5,35.5,17.));
#5000 = VECTOR('',#5001,1.);
#5001 = DIRECTION('',(0.,0.316227766017,-0.948683298051));
#5002 = ORIENTED_EDGE('',*,*,#5003,.T.);
#5003 = EDGE_CURVE('',#4996,#4988,#5004,.T.);
#5004 = LINE('',#5005,#5006);
#5005 = CARTESIAN_POINT('',(49.5,36.5,14.));
#5006 = VECTOR('',#5007,1.);
#5007 = DIRECTION('',(0.,-1.,0.));
#5008 = PLANE('',#5009);
#5009 = AXIS2_PLACEMENT_3D('',#5010,#5011,#5012);
#5010 = CARTESIAN_POINT('',(49.5,35.790569415042,15.290569415042));
#5011 = DIRECTION('',(-1.,-0.,-0.));
#5012 = DIRECTION('',(0.,0.,-1.));
#5013 = SHELL_BASED_SURFACE_MODEL('',(#5014));
#5014 = OPEN_SHELL('',(#5015));
#5015 = ADVANCED_FACE('',(#5016),#5042,.T.);
#5016 = FACE_BOUND('',#5017,.T.);
#5017 = EDGE_LOOP('',(#5018,#5028,#5036));
#5018 = ORIENTED_EDGE('',*,*,#5019,.F.);
#5019 = EDGE_CURVE('',#5020,#5022,#5024,.T.);
#5020 = VERTEX_POINT('',#5021);
#5021 = CARTESIAN_POINT('',(49.5,36.5,14.));
#5022 = VERTEX_POINT('',#5023);
#5023 = CARTESIAN_POINT('',(49.5,40.,17.));
#5024 = LINE('',#5025,#5026);
#5025 = CARTESIAN_POINT('',(49.5,36.5,14.));
#5026 = VECTOR('',#5027,1.);
#5027 = DIRECTION('',(0.,0.759256602365,0.650791373456));
#5028 = ORIENTED_EDGE('',*,*,#5029,.F.);
#5029 = EDGE_CURVE('',#5030,#5020,#5032,.T.);
#5030 = VERTEX_POINT('',#5031);
#5031 = CARTESIAN_POINT('',(49.5,35.5,17.));
#5032 = LINE('',#5033,#5034);
#5033 = CARTESIAN_POINT('',(49.5,35.5,17.));
#5034 = VECTOR('',#5035,1.);
#5035 = DIRECTION('',(0.,0.316227766017,-0.948683298051));
#5036 = ORIENTED_EDGE('',*,*,#5037,.F.);
#5037 = EDGE_CURVE('',#5022,#5030,#5038,.T.);
#5038 = LINE('',#5039,#5040);
#5039 = CARTESIAN_POINT('',(49.5,40.,17.));
#5040 = VECTOR('',#5041,1.);
#5041 = DIRECTION('',(0.,-1.,0.));
#5042 = PLANE('',#5043);
#5043 = AXIS2_PLACEMENT_3D('',#5044,#5045,#5046);
#5044 = CARTESIAN_POINT('',(49.5,37.48687364212,16.05003035851));
#5045 = DIRECTION('',(-1.,-0.,-0.));
#5046 = DIRECTION('',(0.,0.,-1.));
#5047 = SHELL_BASED_SURFACE_MODEL('',(#5048));
#5048 = OPEN_SHELL('',(#5049));
#5049 = ADVANCED_FACE('',(#5050),#5076,.T.);
#5050 = FACE_BOUND('',#5051,.T.);
#5051 = EDGE_LOOP('',(#5052,#5062,#5070));
#5052 = ORIENTED_EDGE('',*,*,#5053,.T.);
#5053 = EDGE_CURVE('',#5054,#5056,#5058,.T.);
#5054 = VERTEX_POINT('',#5055);
#5055 = CARTESIAN_POINT('',(49.5,-36.5,5.));
#5056 = VERTEX_POINT('',#5057);
#5057 = CARTESIAN_POINT('',(-49.5,-36.5,5.));
#5058 = LINE('',#5059,#5060);
#5059 = CARTESIAN_POINT('',(49.5,-36.5,5.));
#5060 = VECTOR('',#5061,1.);
#5061 = DIRECTION('',(-1.,0.,0.));
#5062 = ORIENTED_EDGE('',*,*,#5063,.T.);
#5063 = EDGE_CURVE('',#5056,#5064,#5066,.T.);
#5064 = VERTEX_POINT('',#5065);
#5065 = CARTESIAN_POINT('',(49.5,-40.,5.));
#5066 = LINE('',#5067,#5068);
#5067 = CARTESIAN_POINT('',(-49.5,-36.5,5.));
#5068 = VECTOR('',#5069,1.);
#5069 = DIRECTION('',(0.999375648977,-3.533146233759E-02,0.));
#5070 = ORIENTED_EDGE('',*,*,#5071,.F.);
#5071 = EDGE_CURVE('',#5054,#5064,#5072,.T.);
#5072 = LINE('',#5073,#5074);
#5073 = CARTESIAN_POINT('',(49.5,-36.5,5.));
#5074 = VECTOR('',#5075,1.);
#5075 = DIRECTION('',(0.,-1.,0.));
#5076 = PLANE('',#5077);
#5077 = AXIS2_PLACEMENT_3D('',#5078,#5079,#5080);
#5078 = CARTESIAN_POINT('',(0.859537658263,-37.39046234173,5.));
#5079 = DIRECTION('',(0.,0.,1.));
#5080 = DIRECTION('',(1.,0.,-0.));
#5081 = SHELL_BASED_SURFACE_MODEL('',(#5082));
#5082 = OPEN_SHELL('',(#5083));
#5083 = ADVANCED_FACE('',(#5084),#5110,.T.);
#5084 = FACE_BOUND('',#5085,.T.);
#5085 = EDGE_LOOP('',(#5086,#5096,#5104));
#5086 = ORIENTED_EDGE('',*,*,#5087,.T.);
#5087 = EDGE_CURVE('',#5088,#5090,#5092,.T.);
#5088 = VERTEX_POINT('',#5089);
#5089 = CARTESIAN_POINT('',(-49.5,-40.,5.));
#5090 = VERTEX_POINT('',#5091);
#5091 = CARTESIAN_POINT('',(49.5,-40.,5.));
#5092 = LINE('',#5093,#5094);
#5093 = CARTESIAN_POINT('',(-49.5,-40.,5.));
#5094 = VECTOR('',#5095,1.);
#5095 = DIRECTION('',(1.,0.,0.));
#5096 = ORIENTED_EDGE('',*,*,#5097,.F.);
#5097 = EDGE_CURVE('',#5098,#5090,#5100,.T.);
#5098 = VERTEX_POINT('',#5099);
#5099 = CARTESIAN_POINT('',(-49.5,-36.5,5.));
#5100 = LINE('',#5101,#5102);
#5101 = CARTESIAN_POINT('',(-49.5,-36.5,5.));
#5102 = VECTOR('',#5103,1.);
#5103 = DIRECTION('',(0.999375648977,-3.533146233759E-02,0.));
#5104 = ORIENTED_EDGE('',*,*,#5105,.T.);
#5105 = EDGE_CURVE('',#5098,#5088,#5106,.T.);
#5106 = LINE('',#5107,#5108);
#5107 = CARTESIAN_POINT('',(-49.5,-36.5,5.));
#5108 = VECTOR('',#5109,1.);
#5109 = DIRECTION('',(0.,-1.,0.));
#5110 = PLANE('',#5111);
#5111 = AXIS2_PLACEMENT_3D('',#5112,#5113,#5114);
#5112 = CARTESIAN_POINT('',(-0.859537658263,-39.10953765826,5.));
#5113 = DIRECTION('',(0.,0.,1.));
#5114 = DIRECTION('',(1.,0.,-0.));
#5115 = SHELL_BASED_SURFACE_MODEL('',(#5116));
#5116 = OPEN_SHELL('',(#5117));
#5117 = ADVANCED_FACE('',(#5118),#5144,.T.);
#5118 = FACE_BOUND('',#5119,.T.);
#5119 = EDGE_LOOP('',(#5120,#5130,#5138));
#5120 = ORIENTED_EDGE('',*,*,#5121,.F.);
#5121 = EDGE_CURVE('',#5122,#5124,#5126,.T.);
#5122 = VERTEX_POINT('',#5123);
#5123 = CARTESIAN_POINT('',(-49.5,-35.5,17.));
#5124 = VERTEX_POINT('',#5125);
#5125 = CARTESIAN_POINT('',(-49.5,-35.5,14.));
#5126 = LINE('',#5127,#5128);
#5127 = CARTESIAN_POINT('',(-49.5,-35.5,17.));
#5128 = VECTOR('',#5129,1.);
#5129 = DIRECTION('',(0.,0.,-1.));
#5130 = ORIENTED_EDGE('',*,*,#5131,.T.);
#5131 = EDGE_CURVE('',#5122,#5132,#5134,.T.);
#5132 = VERTEX_POINT('',#5133);
#5133 = CARTESIAN_POINT('',(-49.5,-36.5,14.));
#5134 = LINE('',#5135,#5136);
#5135 = CARTESIAN_POINT('',(-49.5,-35.5,17.));
#5136 = VECTOR('',#5137,1.);
#5137 = DIRECTION('',(0.,-0.316227766017,-0.948683298051));
#5138 = ORIENTED_EDGE('',*,*,#5139,.T.);
#5139 = EDGE_CURVE('',#5132,#5124,#5140,.T.);
#5140 = LINE('',#5141,#5142);
#5141 = CARTESIAN_POINT('',(-49.5,-36.5,14.));
#5142 = VECTOR('',#5143,1.);
#5143 = DIRECTION('',(0.,1.,0.));
#5144 = PLANE('',#5145);
#5145 = AXIS2_PLACEMENT_3D('',#5146,#5147,#5148);
#5146 = CARTESIAN_POINT('',(-49.5,-35.79056941504,15.290569415042));
#5147 = DIRECTION('',(1.,0.,0.));
#5148 = DIRECTION('',(-0.,0.,1.));
#5149 = SHELL_BASED_SURFACE_MODEL('',(#5150));
#5150 = OPEN_SHELL('',(#5151));
#5151 = ADVANCED_FACE('',(#5152),#5178,.T.);
#5152 = FACE_BOUND('',#5153,.T.);
#5153 = EDGE_LOOP('',(#5154,#5164,#5172));
#5154 = ORIENTED_EDGE('',*,*,#5155,.F.);
#5155 = EDGE_CURVE('',#5156,#5158,#5160,.T.);
#5156 = VERTEX_POINT('',#5157);
#5157 = CARTESIAN_POINT('',(-49.5,-40.,17.));
#5158 = VERTEX_POINT('',#5159);
#5159 = CARTESIAN_POINT('',(-49.5,-35.5,17.));
#5160 = LINE('',#5161,#5162);
#5161 = CARTESIAN_POINT('',(-49.5,-40.,17.));
#5162 = VECTOR('',#5163,1.);
#5163 = DIRECTION('',(0.,1.,0.));
#5164 = ORIENTED_EDGE('',*,*,#5165,.T.);
#5165 = EDGE_CURVE('',#5156,#5166,#5168,.T.);
#5166 = VERTEX_POINT('',#5167);
#5167 = CARTESIAN_POINT('',(-49.5,-36.5,14.));
#5168 = LINE('',#5169,#5170);
#5169 = CARTESIAN_POINT('',(-49.5,-40.,17.));
#5170 = VECTOR('',#5171,1.);
#5171 = DIRECTION('',(0.,0.759256602365,-0.650791373456));
#5172 = ORIENTED_EDGE('',*,*,#5173,.F.);
#5173 = EDGE_CURVE('',#5158,#5166,#5174,.T.);
#5174 = LINE('',#5175,#5176);
#5175 = CARTESIAN_POINT('',(-49.5,-35.5,17.));
#5176 = VECTOR('',#5177,1.);
#5177 = DIRECTION('',(0.,-0.316227766017,-0.948683298051));
#5178 = PLANE('',#5179);
#5179 = AXIS2_PLACEMENT_3D('',#5180,#5181,#5182);
#5180 = CARTESIAN_POINT('',(-49.5,-37.48687364212,16.05003035851));
#5181 = DIRECTION('',(1.,0.,0.));
#5182 = DIRECTION('',(-0.,0.,1.));
#5183 = SHELL_BASED_SURFACE_MODEL('',(#5184));
#5184 = OPEN_SHELL('',(#5185));
#5185 = ADVANCED_FACE('',(#5186),#5212,.T.);
#5186 = FACE_BOUND('',#5187,.T.);
#5187 = EDGE_LOOP('',(#5188,#5198,#5206));
#5188 = ORIENTED_EDGE('',*,*,#5189,.T.);
#5189 = EDGE_CURVE('',#5190,#5192,#5194,.T.);
#5190 = VERTEX_POINT('',#5191);
#5191 = CARTESIAN_POINT('',(-49.5,-40.,17.));
#5192 = VERTEX_POINT('',#5193);
#5193 = CARTESIAN_POINT('',(-49.5,-40.,5.));
#5194 = LINE('',#5195,#5196);
#5195 = CARTESIAN_POINT('',(-49.5,-40.,17.));
#5196 = VECTOR('',#5197,1.);
#5197 = DIRECTION('',(0.,0.,-1.));
#5198 = ORIENTED_EDGE('',*,*,#5199,.T.);
#5199 = EDGE_CURVE('',#5192,#5200,#5202,.T.);
#5200 = VERTEX_POINT('',#5201);
#5201 = CARTESIAN_POINT('',(-49.5,-36.5,14.));
#5202 = LINE('',#5203,#5204);
#5203 = CARTESIAN_POINT('',(-49.5,-40.,5.));
#5204 = VECTOR('',#5205,1.);
#5205 = DIRECTION('',(0.,0.362446261155,0.932004671541));
#5206 = ORIENTED_EDGE('',*,*,#5207,.F.);
#5207 = EDGE_CURVE('',#5190,#5200,#5208,.T.);
#5208 = LINE('',#5209,#5210);
#5209 = CARTESIAN_POINT('',(-49.5,-40.,17.));
#5210 = VECTOR('',#5211,1.);
#5211 = DIRECTION('',(0.,0.759256602365,-0.650791373456));
#5212 = PLANE('',#5213);
#5213 = AXIS2_PLACEMENT_3D('',#5214,#5215,#5216);
#5214 = CARTESIAN_POINT('',(-49.5,-39.04950122738,11.238292067683));
#5215 = DIRECTION('',(1.,0.,0.));
#5216 = DIRECTION('',(-0.,0.,1.));
#5217 = SHELL_BASED_SURFACE_MODEL('',(#5218));
#5218 = OPEN_SHELL('',(#5219));
#5219 = ADVANCED_FACE('',(#5220),#5246,.T.);
#5220 = FACE_BOUND('',#5221,.T.);
#5221 = EDGE_LOOP('',(#5222,#5232,#5240));
#5222 = ORIENTED_EDGE('',*,*,#5223,.T.);
#5223 = EDGE_CURVE('',#5224,#5226,#5228,.T.);
#5224 = VERTEX_POINT('',#5225);
#5225 = CARTESIAN_POINT('',(-49.5,-36.5,5.));
#5226 = VERTEX_POINT('',#5227);
#5227 = CARTESIAN_POINT('',(-49.5,-36.5,14.));
#5228 = LINE('',#5229,#5230);
#5229 = CARTESIAN_POINT('',(-49.5,-36.5,5.));
#5230 = VECTOR('',#5231,1.);
#5231 = DIRECTION('',(0.,0.,1.));
#5232 = ORIENTED_EDGE('',*,*,#5233,.F.);
#5233 = EDGE_CURVE('',#5234,#5226,#5236,.T.);
#5234 = VERTEX_POINT('',#5235);
#5235 = CARTESIAN_POINT('',(-49.5,-40.,5.));
#5236 = LINE('',#5237,#5238);
#5237 = CARTESIAN_POINT('',(-49.5,-40.,5.));
#5238 = VECTOR('',#5239,1.);
#5239 = DIRECTION('',(0.,0.362446261155,0.932004671541));
#5240 = ORIENTED_EDGE('',*,*,#5241,.F.);
#5241 = EDGE_CURVE('',#5224,#5234,#5242,.T.);
#5242 = LINE('',#5243,#5244);
#5243 = CARTESIAN_POINT('',(-49.5,-36.5,5.));
#5244 = VECTOR('',#5245,1.);
#5245 = DIRECTION('',(0.,-1.,0.));
#5246 = PLANE('',#5247);
#5247 = AXIS2_PLACEMENT_3D('',#5248,#5249,#5250);
#5248 = CARTESIAN_POINT('',(-49.5,-37.53915098947,8.789150989478));
#5249 = DIRECTION('',(1.,0.,0.));
#5250 = DIRECTION('',(-0.,0.,1.));
#5251 = SHELL_BASED_SURFACE_MODEL('',(#5252));
#5252 = OPEN_SHELL('',(#5253));
#5253 = ADVANCED_FACE('',(#5254),#5280,.T.);
#5254 = FACE_BOUND('',#5255,.T.);
#5255 = EDGE_LOOP('',(#5256,#5266,#5274));
#5256 = ORIENTED_EDGE('',*,*,#5257,.T.);
#5257 = EDGE_CURVE('',#5258,#5260,#5262,.T.);
#5258 = VERTEX_POINT('',#5259);
#5259 = CARTESIAN_POINT('',(-49.5,40.,5.));
#5260 = VERTEX_POINT('',#5261);
#5261 = CARTESIAN_POINT('',(-49.5,40.,17.));
#5262 = LINE('',#5263,#5264);
#5263 = CARTESIAN_POINT('',(-49.5,40.,5.));
#5264 = VECTOR('',#5265,1.);
#5265 = DIRECTION('',(0.,0.,1.));
#5266 = ORIENTED_EDGE('',*,*,#5267,.T.);
#5267 = EDGE_CURVE('',#5260,#5268,#5270,.T.);
#5268 = VERTEX_POINT('',#5269);
#5269 = CARTESIAN_POINT('',(-49.5,36.5,14.));
#5270 = LINE('',#5271,#5272);
#5271 = CARTESIAN_POINT('',(-49.5,40.,17.));
#5272 = VECTOR('',#5273,1.);
#5273 = DIRECTION('',(0.,-0.759256602365,-0.650791373456));
#5274 = ORIENTED_EDGE('',*,*,#5275,.T.);
#5275 = EDGE_CURVE('',#5268,#5258,#5276,.T.);
#5276 = LINE('',#5277,#5278);
#5277 = CARTESIAN_POINT('',(-49.5,36.5,14.));
#5278 = VECTOR('',#5279,1.);
#5279 = DIRECTION('',(0.,0.362446261155,-0.932004671541));
#5280 = PLANE('',#5281);
#5281 = AXIS2_PLACEMENT_3D('',#5282,#5283,#5284);
#5282 = CARTESIAN_POINT('',(-49.5,39.049501227381,11.238292067683));
#5283 = DIRECTION('',(1.,0.,0.));
#5284 = DIRECTION('',(-0.,0.,1.));
#5285 = SHELL_BASED_SURFACE_MODEL('',(#5286));
#5286 = OPEN_SHELL('',(#5287));
#5287 = ADVANCED_FACE('',(#5288),#5314,.T.);
#5288 = FACE_BOUND('',#5289,.T.);
#5289 = EDGE_LOOP('',(#5290,#5300,#5308));
#5290 = ORIENTED_EDGE('',*,*,#5291,.F.);
#5291 = EDGE_CURVE('',#5292,#5294,#5296,.T.);
#5292 = VERTEX_POINT('',#5293);
#5293 = CARTESIAN_POINT('',(-49.5,35.5,17.));
#5294 = VERTEX_POINT('',#5295);
#5295 = CARTESIAN_POINT('',(-49.5,40.,17.));
#5296 = LINE('',#5297,#5298);
#5297 = CARTESIAN_POINT('',(-49.5,35.5,17.));
#5298 = VECTOR('',#5299,1.);
#5299 = DIRECTION('',(0.,1.,0.));
#5300 = ORIENTED_EDGE('',*,*,#5301,.T.);
#5301 = EDGE_CURVE('',#5292,#5302,#5304,.T.);
#5302 = VERTEX_POINT('',#5303);
#5303 = CARTESIAN_POINT('',(-49.5,36.5,14.));
#5304 = LINE('',#5305,#5306);
#5305 = CARTESIAN_POINT('',(-49.5,35.5,17.));
#5306 = VECTOR('',#5307,1.);
#5307 = DIRECTION('',(0.,0.316227766017,-0.948683298051));
#5308 = ORIENTED_EDGE('',*,*,#5309,.F.);
#5309 = EDGE_CURVE('',#5294,#5302,#5310,.T.);
#5310 = LINE('',#5311,#5312);
#5311 = CARTESIAN_POINT('',(-49.5,40.,17.));
#5312 = VECTOR('',#5313,1.);
#5313 = DIRECTION('',(0.,-0.759256602365,-0.650791373456));
#5314 = PLANE('',#5315);
#5315 = AXIS2_PLACEMENT_3D('',#5316,#5317,#5318);
#5316 = CARTESIAN_POINT('',(-49.5,37.48687364212,16.05003035851));
#5317 = DIRECTION('',(1.,0.,0.));
#5318 = DIRECTION('',(-0.,0.,1.));
#5319 = SHELL_BASED_SURFACE_MODEL('',(#5320));
#5320 = OPEN_SHELL('',(#5321));
#5321 = ADVANCED_FACE('',(#5322),#5348,.T.);
#5322 = FACE_BOUND('',#5323,.T.);
#5323 = EDGE_LOOP('',(#5324,#5334,#5342));
#5324 = ORIENTED_EDGE('',*,*,#5325,.T.);
#5325 = EDGE_CURVE('',#5326,#5328,#5330,.T.);
#5326 = VERTEX_POINT('',#5327);
#5327 = CARTESIAN_POINT('',(-49.5,35.5,14.));
#5328 = VERTEX_POINT('',#5329);
#5329 = CARTESIAN_POINT('',(-49.5,36.5,14.));
#5330 = LINE('',#5331,#5332);
#5331 = CARTESIAN_POINT('',(-49.5,35.5,14.));
#5332 = VECTOR('',#5333,1.);
#5333 = DIRECTION('',(0.,1.,0.));
#5334 = ORIENTED_EDGE('',*,*,#5335,.F.);
#5335 = EDGE_CURVE('',#5336,#5328,#5338,.T.);
#5336 = VERTEX_POINT('',#5337);
#5337 = CARTESIAN_POINT('',(-49.5,35.5,17.));
#5338 = LINE('',#5339,#5340);
#5339 = CARTESIAN_POINT('',(-49.5,35.5,17.));
#5340 = VECTOR('',#5341,1.);
#5341 = DIRECTION('',(0.,0.316227766017,-0.948683298051));
#5342 = ORIENTED_EDGE('',*,*,#5343,.F.);
#5343 = EDGE_CURVE('',#5326,#5336,#5344,.T.);
#5344 = LINE('',#5345,#5346);
#5345 = CARTESIAN_POINT('',(-49.5,35.5,14.));
#5346 = VECTOR('',#5347,1.);
#5347 = DIRECTION('',(0.,0.,1.));
#5348 = PLANE('',#5349);
#5349 = AXIS2_PLACEMENT_3D('',#5350,#5351,#5352);
#5350 = CARTESIAN_POINT('',(-49.5,35.790569415042,15.290569415042));
#5351 = DIRECTION('',(1.,0.,0.));
#5352 = DIRECTION('',(-0.,0.,1.));
#5353 = SHELL_BASED_SURFACE_MODEL('',(#5354));
#5354 = OPEN_SHELL('',(#5355));
#5355 = ADVANCED_FACE('',(#5356),#5382,.T.);
#5356 = FACE_BOUND('',#5357,.T.);
#5357 = EDGE_LOOP('',(#5358,#5368,#5376));
#5358 = ORIENTED_EDGE('',*,*,#5359,.T.);
#5359 = EDGE_CURVE('',#5360,#5362,#5364,.T.);
#5360 = VERTEX_POINT('',#5361);
#5361 = CARTESIAN_POINT('',(-49.5,36.5,5.));
#5362 = VERTEX_POINT('',#5363);
#5363 = CARTESIAN_POINT('',(-49.5,40.,5.));
#5364 = LINE('',#5365,#5366);
#5365 = CARTESIAN_POINT('',(-49.5,36.5,5.));
#5366 = VECTOR('',#5367,1.);
#5367 = DIRECTION('',(0.,1.,0.));
#5368 = ORIENTED_EDGE('',*,*,#5369,.F.);
#5369 = EDGE_CURVE('',#5370,#5362,#5372,.T.);
#5370 = VERTEX_POINT('',#5371);
#5371 = CARTESIAN_POINT('',(-49.5,36.5,14.));
#5372 = LINE('',#5373,#5374);
#5373 = CARTESIAN_POINT('',(-49.5,36.5,14.));
#5374 = VECTOR('',#5375,1.);
#5375 = DIRECTION('',(0.,0.362446261155,-0.932004671541));
#5376 = ORIENTED_EDGE('',*,*,#5377,.T.);
#5377 = EDGE_CURVE('',#5370,#5360,#5378,.T.);
#5378 = LINE('',#5379,#5380);
#5379 = CARTESIAN_POINT('',(-49.5,36.5,14.));
#5380 = VECTOR('',#5381,1.);
#5381 = DIRECTION('',(0.,0.,-1.));
#5382 = PLANE('',#5383);
#5383 = AXIS2_PLACEMENT_3D('',#5384,#5385,#5386);
#5384 = CARTESIAN_POINT('',(-49.5,37.539150989479,8.789150989478));
#5385 = DIRECTION('',(1.,0.,0.));
#5386 = DIRECTION('',(-0.,0.,1.));
#5387 = SHELL_BASED_SURFACE_MODEL('',(#5388));
#5388 = OPEN_SHELL('',(#5389));
#5389 = ADVANCED_FACE('',(#5390),#5416,.T.);
#5390 = FACE_BOUND('',#5391,.T.);
#5391 = EDGE_LOOP('',(#5392,#5402,#5410));
#5392 = ORIENTED_EDGE('',*,*,#5393,.F.);
#5393 = EDGE_CURVE('',#5394,#5396,#5398,.T.);
#5394 = VERTEX_POINT('',#5395);
#5395 = CARTESIAN_POINT('',(-49.5,-36.5,5.));
#5396 = VERTEX_POINT('',#5397);
#5397 = CARTESIAN_POINT('',(-49.5,-36.5,14.));
#5398 = LINE('',#5399,#5400);
#5399 = CARTESIAN_POINT('',(-49.5,-36.5,5.));
#5400 = VECTOR('',#5401,1.);
#5401 = DIRECTION('',(0.,0.,1.));
#5402 = ORIENTED_EDGE('',*,*,#5403,.T.);
#5403 = EDGE_CURVE('',#5394,#5404,#5406,.T.);
#5404 = VERTEX_POINT('',#5405);
#5405 = CARTESIAN_POINT('',(49.5,-36.5,14.));
#5406 = LINE('',#5407,#5408);
#5407 = CARTESIAN_POINT('',(-49.5,-36.5,5.));
#5408 = VECTOR('',#5409,1.);
#5409 = DIRECTION('',(0.995893206468,0.,9.053574604252E-02));
#5410 = ORIENTED_EDGE('',*,*,#5411,.T.);
#5411 = EDGE_CURVE('',#5404,#5396,#5412,.T.);
#5412 = LINE('',#5413,#5414);
#5413 = CARTESIAN_POINT('',(49.5,-36.5,14.));
#5414 = VECTOR('',#5415,1.);
#5415 = DIRECTION('',(-1.,0.,0.));
#5416 = PLANE('',#5417);
#5417 = AXIS2_PLACEMENT_3D('',#5418,#5419,#5420);
#5418 = CARTESIAN_POINT('',(-2.147937711329,-36.5,11.647937711329));
#5419 = DIRECTION('',(-0.,-1.,-0.));
#5420 = DIRECTION('',(0.,0.,-1.));
#5421 = SHELL_BASED_SURFACE_MODEL('',(#5422));
#5422 = OPEN_SHELL('',(#5423));
#5423 = ADVANCED_FACE('',(#5424),#5450,.T.);
#5424 = FACE_BOUND('',#5425,.T.);
#5425 = EDGE_LOOP('',(#5426,#5436,#5444));
#5426 = ORIENTED_EDGE('',*,*,#5427,.F.);
#5427 = EDGE_CURVE('',#5428,#5430,#5432,.T.);
#5428 = VERTEX_POINT('',#5429);
#5429 = CARTESIAN_POINT('',(49.5,-36.5,14.));
#5430 = VERTEX_POINT('',#5431);
#5431 = CARTESIAN_POINT('',(49.5,-36.5,5.));
#5432 = LINE('',#5433,#5434);
#5433 = CARTESIAN_POINT('',(49.5,-36.5,14.));
#5434 = VECTOR('',#5435,1.);
#5435 = DIRECTION('',(0.,0.,-1.));
#5436 = ORIENTED_EDGE('',*,*,#5437,.F.);
#5437 = EDGE_CURVE('',#5438,#5428,#5440,.T.);
#5438 = VERTEX_POINT('',#5439);
#5439 = CARTESIAN_POINT('',(-49.5,-36.5,5.));
#5440 = LINE('',#5441,#5442);
#5441 = CARTESIAN_POINT('',(-49.5,-36.5,5.));
#5442 = VECTOR('',#5443,1.);
#5443 = DIRECTION('',(0.995893206468,0.,9.053574604252E-02));
#5444 = ORIENTED_EDGE('',*,*,#5445,.F.);
#5445 = EDGE_CURVE('',#5430,#5438,#5446,.T.);
#5446 = LINE('',#5447,#5448);
#5447 = CARTESIAN_POINT('',(49.5,-36.5,5.));
#5448 = VECTOR('',#5449,1.);
#5449 = DIRECTION('',(-1.,0.,0.));
#5450 = PLANE('',#5451);
#5451 = AXIS2_PLACEMENT_3D('',#5452,#5453,#5454);
#5452 = CARTESIAN_POINT('',(2.147937711329,-36.5,7.352062288671));
#5453 = DIRECTION('',(-0.,-1.,-0.));
#5454 = DIRECTION('',(0.,0.,-1.));
#5455 = SHELL_BASED_SURFACE_MODEL('',(#5456));
#5456 = OPEN_SHELL('',(#5457));
#5457 = ADVANCED_FACE('',(#5458),#5484,.T.);
#5458 = FACE_BOUND('',#5459,.T.);
#5459 = EDGE_LOOP('',(#5460,#5470,#5478));
#5460 = ORIENTED_EDGE('',*,*,#5461,.F.);
#5461 = EDGE_CURVE('',#5462,#5464,#5466,.T.);
#5462 = VERTEX_POINT('',#5463);
#5463 = CARTESIAN_POINT('',(49.5,-40.,5.));
#5464 = VERTEX_POINT('',#5465);
#5465 = CARTESIAN_POINT('',(49.5,-40.,17.));
#5466 = LINE('',#5467,#5468);
#5467 = CARTESIAN_POINT('',(49.5,-40.,5.));
#5468 = VECTOR('',#5469,1.);
#5469 = DIRECTION('',(0.,0.,1.));
#5470 = ORIENTED_EDGE('',*,*,#5471,.T.);
#5471 = EDGE_CURVE('',#5462,#5472,#5474,.T.);
#5472 = VERTEX_POINT('',#5473);
#5473 = CARTESIAN_POINT('',(-49.5,-40.,17.));
#5474 = LINE('',#5475,#5476);
#5475 = CARTESIAN_POINT('',(49.5,-40.,5.));
#5476 = VECTOR('',#5477,1.);
#5477 = DIRECTION('',(-0.992733782034,0.,0.120331367519));
#5478 = ORIENTED_EDGE('',*,*,#5479,.F.);
#5479 = EDGE_CURVE('',#5464,#5472,#5480,.T.);
#5480 = LINE('',#5481,#5482);
#5481 = CARTESIAN_POINT('',(49.5,-40.,17.));
#5482 = VECTOR('',#5483,1.);
#5483 = DIRECTION('',(-1.,0.,0.));
#5484 = PLANE('',#5485);
#5485 = AXIS2_PLACEMENT_3D('',#5486,#5487,#5488);
#5486 = CARTESIAN_POINT('',(2.818844792108,-40.,13.818844792108));
#5487 = DIRECTION('',(0.,1.,0.));
#5488 = DIRECTION('',(0.,-0.,1.));
#5489 = SHELL_BASED_SURFACE_MODEL('',(#5490));
#5490 = OPEN_SHELL('',(#5491));
#5491 = ADVANCED_FACE('',(#5492),#5518,.T.);
#5492 = FACE_BOUND('',#5493,.T.);
#5493 = EDGE_LOOP('',(#5494,#5504,#5512));
#5494 = ORIENTED_EDGE('',*,*,#5495,.F.);
#5495 = EDGE_CURVE('',#5496,#5498,#5500,.T.);
#5496 = VERTEX_POINT('',#5497);
#5497 = CARTESIAN_POINT('',(-49.5,-40.,17.));
#5498 = VERTEX_POINT('',#5499);
#5499 = CARTESIAN_POINT('',(-49.5,-40.,5.));
#5500 = LINE('',#5501,#5502);
#5501 = CARTESIAN_POINT('',(-49.5,-40.,17.));
#5502 = VECTOR('',#5503,1.);
#5503 = DIRECTION('',(0.,0.,-1.));
#5504 = ORIENTED_EDGE('',*,*,#5505,.F.);
#5505 = EDGE_CURVE('',#5506,#5496,#5508,.T.);
#5506 = VERTEX_POINT('',#5507);
#5507 = CARTESIAN_POINT('',(49.5,-40.,5.));
#5508 = LINE('',#5509,#5510);
#5509 = CARTESIAN_POINT('',(49.5,-40.,5.));
#5510 = VECTOR('',#5511,1.);
#5511 = DIRECTION('',(-0.992733782034,0.,0.120331367519));
#5512 = ORIENTED_EDGE('',*,*,#5513,.F.);
#5513 = EDGE_CURVE('',#5498,#5506,#5514,.T.);
#5514 = LINE('',#5515,#5516);
#5515 = CARTESIAN_POINT('',(-49.5,-40.,5.));
#5516 = VECTOR('',#5517,1.);
#5517 = DIRECTION('',(1.,0.,0.));
#5518 = PLANE('',#5519);
#5519 = AXIS2_PLACEMENT_3D('',#5520,#5521,#5522);
#5520 = CARTESIAN_POINT('',(-2.818844792108,-40.,8.181155207892));
#5521 = DIRECTION('',(0.,1.,0.));
#5522 = DIRECTION('',(0.,-0.,1.));
#5523 = SHELL_BASED_SURFACE_MODEL('',(#5524));
#5524 = OPEN_SHELL('',(#5525));
#5525 = ADVANCED_FACE('',(#5526),#5552,.T.);
#5526 = FACE_BOUND('',#5527,.T.);
#5527 = EDGE_LOOP('',(#5528,#5538,#5546));
#5528 = ORIENTED_EDGE('',*,*,#5529,.T.);
#5529 = EDGE_CURVE('',#5530,#5532,#5534,.T.);
#5530 = VERTEX_POINT('',#5531);
#5531 = CARTESIAN_POINT('',(49.5,40.,5.));
#5532 = VERTEX_POINT('',#5533);
#5533 = CARTESIAN_POINT('',(-49.5,40.,5.));
#5534 = LINE('',#5535,#5536);
#5535 = CARTESIAN_POINT('',(49.5,40.,5.));
#5536 = VECTOR('',#5537,1.);
#5537 = DIRECTION('',(-1.,0.,0.));
#5538 = ORIENTED_EDGE('',*,*,#5539,.T.);
#5539 = EDGE_CURVE('',#5532,#5540,#5542,.T.);
#5540 = VERTEX_POINT('',#5541);
#5541 = CARTESIAN_POINT('',(49.5,36.5,5.));
#5542 = LINE('',#5543,#5544);
#5543 = CARTESIAN_POINT('',(-49.5,40.,5.));
#5544 = VECTOR('',#5545,1.);
#5545 = DIRECTION('',(0.999375648977,-3.533146233759E-02,0.));
#5546 = ORIENTED_EDGE('',*,*,#5547,.F.);
#5547 = EDGE_CURVE('',#5530,#5540,#5548,.T.);
#5548 = LINE('',#5549,#5550);
#5549 = CARTESIAN_POINT('',(49.5,40.,5.));
#5550 = VECTOR('',#5551,1.);
#5551 = DIRECTION('',(0.,-1.,0.));
#5552 = PLANE('',#5553);
#5553 = AXIS2_PLACEMENT_3D('',#5554,#5555,#5556);
#5554 = CARTESIAN_POINT('',(0.859537658263,39.109537658263,5.));
#5555 = DIRECTION('',(0.,0.,1.));
#5556 = DIRECTION('',(1.,0.,-0.));
#5557 = SHELL_BASED_SURFACE_MODEL('',(#5558));
#5558 = OPEN_SHELL('',(#5559));
#5559 = ADVANCED_FACE('',(#5560),#5586,.T.);
#5560 = FACE_BOUND('',#5561,.T.);
#5561 = EDGE_LOOP('',(#5562,#5572,#5580));
#5562 = ORIENTED_EDGE('',*,*,#5563,.T.);
#5563 = EDGE_CURVE('',#5564,#5566,#5568,.T.);
#5564 = VERTEX_POINT('',#5565);
#5565 = CARTESIAN_POINT('',(-49.5,36.5,5.));
#5566 = VERTEX_POINT('',#5567);
#5567 = CARTESIAN_POINT('',(49.5,36.5,5.));
#5568 = LINE('',#5569,#5570);
#5569 = CARTESIAN_POINT('',(-49.5,36.5,5.));
#5570 = VECTOR('',#5571,1.);
#5571 = DIRECTION('',(1.,0.,0.));
#5572 = ORIENTED_EDGE('',*,*,#5573,.F.);
#5573 = EDGE_CURVE('',#5574,#5566,#5576,.T.);
#5574 = VERTEX_POINT('',#5575);
#5575 = CARTESIAN_POINT('',(-49.5,40.,5.));
#5576 = LINE('',#5577,#5578);
#5577 = CARTESIAN_POINT('',(-49.5,40.,5.));
#5578 = VECTOR('',#5579,1.);
#5579 = DIRECTION('',(0.999375648977,-3.533146233759E-02,0.));
#5580 = ORIENTED_EDGE('',*,*,#5581,.F.);
#5581 = EDGE_CURVE('',#5564,#5574,#5582,.T.);
#5582 = LINE('',#5583,#5584);
#5583 = CARTESIAN_POINT('',(-49.5,36.5,5.));
#5584 = VECTOR('',#5585,1.);
#5585 = DIRECTION('',(0.,1.,0.));
#5586 = PLANE('',#5587);
#5587 = AXIS2_PLACEMENT_3D('',#5588,#5589,#5590);
#5588 = CARTESIAN_POINT('',(-0.859537658263,37.390462341737,5.));
#5589 = DIRECTION('',(0.,0.,1.));
#5590 = DIRECTION('',(1.,0.,-0.));
#5591 = SHELL_BASED_SURFACE_MODEL('',(#5592));
#5592 = OPEN_SHELL('',(#5593));
#5593 = ADVANCED_FACE('',(#5594),#5620,.T.);
#5594 = FACE_BOUND('',#5595,.T.);
#5595 = EDGE_LOOP('',(#5596,#5606,#5614));
#5596 = ORIENTED_EDGE('',*,*,#5597,.F.);
#5597 = EDGE_CURVE('',#5598,#5600,#5602,.T.);
#5598 = VERTEX_POINT('',#5599);
#5599 = CARTESIAN_POINT('',(-49.5,40.,5.));
#5600 = VERTEX_POINT('',#5601);
#5601 = CARTESIAN_POINT('',(-49.5,40.,17.));
#5602 = LINE('',#5603,#5604);
#5603 = CARTESIAN_POINT('',(-49.5,40.,5.));
#5604 = VECTOR('',#5605,1.);
#5605 = DIRECTION('',(0.,0.,1.));
#5606 = ORIENTED_EDGE('',*,*,#5607,.T.);
#5607 = EDGE_CURVE('',#5598,#5608,#5610,.T.);
#5608 = VERTEX_POINT('',#5609);
#5609 = CARTESIAN_POINT('',(49.5,40.,17.));
#5610 = LINE('',#5611,#5612);
#5611 = CARTESIAN_POINT('',(-49.5,40.,5.));
#5612 = VECTOR('',#5613,1.);
#5613 = DIRECTION('',(0.992733782034,0.,0.120331367519));
#5614 = ORIENTED_EDGE('',*,*,#5615,.F.);
#5615 = EDGE_CURVE('',#5600,#5608,#5616,.T.);
#5616 = LINE('',#5617,#5618);
#5617 = CARTESIAN_POINT('',(-49.5,40.,17.));
#5618 = VECTOR('',#5619,1.);
#5619 = DIRECTION('',(1.,0.,0.));
#5620 = PLANE('',#5621);
#5621 = AXIS2_PLACEMENT_3D('',#5622,#5623,#5624);
#5622 = CARTESIAN_POINT('',(-2.818844792108,40.,13.818844792108));
#5623 = DIRECTION('',(-0.,-1.,-0.));
#5624 = DIRECTION('',(0.,0.,-1.));
#5625 = SHELL_BASED_SURFACE_MODEL('',(#5626));
#5626 = OPEN_SHELL('',(#5627));
#5627 = ADVANCED_FACE('',(#5628),#5654,.T.);
#5628 = FACE_BOUND('',#5629,.T.);
#5629 = EDGE_LOOP('',(#5630,#5640,#5648));
#5630 = ORIENTED_EDGE('',*,*,#5631,.F.);
#5631 = EDGE_CURVE('',#5632,#5634,#5636,.T.);
#5632 = VERTEX_POINT('',#5633);
#5633 = CARTESIAN_POINT('',(49.5,40.,17.));
#5634 = VERTEX_POINT('',#5635);
#5635 = CARTESIAN_POINT('',(49.5,40.,5.));
#5636 = LINE('',#5637,#5638);
#5637 = CARTESIAN_POINT('',(49.5,40.,17.));
#5638 = VECTOR('',#5639,1.);
#5639 = DIRECTION('',(0.,0.,-1.));
#5640 = ORIENTED_EDGE('',*,*,#5641,.F.);
#5641 = EDGE_CURVE('',#5642,#5632,#5644,.T.);
#5642 = VERTEX_POINT('',#5643);
#5643 = CARTESIAN_POINT('',(-49.5,40.,5.));
#5644 = LINE('',#5645,#5646);
#5645 = CARTESIAN_POINT('',(-49.5,40.,5.));
#5646 = VECTOR('',#5647,1.);
#5647 = DIRECTION('',(0.992733782034,0.,0.120331367519));
#5648 = ORIENTED_EDGE('',*,*,#5649,.F.);
#5649 = EDGE_CURVE('',#5634,#5642,#5650,.T.);
#5650 = LINE('',#5651,#5652);
#5651 = CARTESIAN_POINT('',(49.5,40.,5.));
#5652 = VECTOR('',#5653,1.);
#5653 = DIRECTION('',(-1.,0.,0.));
#5654 = PLANE('',#5655);
#5655 = AXIS2_PLACEMENT_3D('',#5656,#5657,#5658);
#5656 = CARTESIAN_POINT('',(2.818844792108,40.,8.181155207892));
#5657 = DIRECTION('',(-0.,-1.,-0.));
#5658 = DIRECTION('',(0.,0.,-1.));
#5659 = SHELL_BASED_SURFACE_MODEL('',(#5660));
#5660 = OPEN_SHELL('',(#5661));
#5661 = ADVANCED_FACE('',(#5662),#5688,.T.);
#5662 = FACE_BOUND('',#5663,.T.);
#5663 = EDGE_LOOP('',(#5664,#5674,#5682));
#5664 = ORIENTED_EDGE('',*,*,#5665,.F.);
#5665 = EDGE_CURVE('',#5666,#5668,#5670,.T.);
#5666 = VERTEX_POINT('',#5667);
#5667 = CARTESIAN_POINT('',(49.5,36.5,5.));
#5668 = VERTEX_POINT('',#5669);
#5669 = CARTESIAN_POINT('',(49.5,36.5,14.));
#5670 = LINE('',#5671,#5672);
#5671 = CARTESIAN_POINT('',(49.5,36.5,5.));
#5672 = VECTOR('',#5673,1.);
#5673 = DIRECTION('',(0.,0.,1.));
#5674 = ORIENTED_EDGE('',*,*,#5675,.T.);
#5675 = EDGE_CURVE('',#5666,#5676,#5678,.T.);
#5676 = VERTEX_POINT('',#5677);
#5677 = CARTESIAN_POINT('',(-49.5,36.5,14.));
#5678 = LINE('',#5679,#5680);
#5679 = CARTESIAN_POINT('',(49.5,36.5,5.));
#5680 = VECTOR('',#5681,1.);
#5681 = DIRECTION('',(-0.995893206468,0.,9.053574604252E-02));
#5682 = ORIENTED_EDGE('',*,*,#5683,.T.);
#5683 = EDGE_CURVE('',#5676,#5668,#5684,.T.);
#5684 = LINE('',#5685,#5686);
#5685 = CARTESIAN_POINT('',(-49.5,36.5,14.));
#5686 = VECTOR('',#5687,1.);
#5687 = DIRECTION('',(1.,0.,0.));
#5688 = PLANE('',#5689);
#5689 = AXIS2_PLACEMENT_3D('',#5690,#5691,#5692);
#5690 = CARTESIAN_POINT('',(2.147937711329,36.5,11.647937711329));
#5691 = DIRECTION('',(0.,1.,0.));
#5692 = DIRECTION('',(0.,-0.,1.));
#5693 = SHELL_BASED_SURFACE_MODEL('',(#5694));
#5694 = OPEN_SHELL('',(#5695));
#5695 = ADVANCED_FACE('',(#5696),#5722,.T.);
#5696 = FACE_BOUND('',#5697,.T.);
#5697 = EDGE_LOOP('',(#5698,#5708,#5716));
#5698 = ORIENTED_EDGE('',*,*,#5699,.F.);
#5699 = EDGE_CURVE('',#5700,#5702,#5704,.T.);
#5700 = VERTEX_POINT('',#5701);
#5701 = CARTESIAN_POINT('',(-49.5,36.5,14.));
#5702 = VERTEX_POINT('',#5703);
#5703 = CARTESIAN_POINT('',(-49.5,36.5,5.));
#5704 = LINE('',#5705,#5706);
#5705 = CARTESIAN_POINT('',(-49.5,36.5,14.));
#5706 = VECTOR('',#5707,1.);
#5707 = DIRECTION('',(0.,0.,-1.));
#5708 = ORIENTED_EDGE('',*,*,#5709,.F.);
#5709 = EDGE_CURVE('',#5710,#5700,#5712,.T.);
#5710 = VERTEX_POINT('',#5711);
#5711 = CARTESIAN_POINT('',(49.5,36.5,5.));
#5712 = LINE('',#5713,#5714);
#5713 = CARTESIAN_POINT('',(49.5,36.5,5.));
#5714 = VECTOR('',#5715,1.);
#5715 = DIRECTION('',(-0.995893206468,0.,9.053574604252E-02));
#5716 = ORIENTED_EDGE('',*,*,#5717,.F.);
#5717 = EDGE_CURVE('',#5702,#5710,#5718,.T.);
#5718 = LINE('',#5719,#5720);
#5719 = CARTESIAN_POINT('',(-49.5,36.5,5.));
#5720 = VECTOR('',#5721,1.);
#5721 = DIRECTION('',(1.,0.,0.));
#5722 = PLANE('',#5723);
#5723 = AXIS2_PLACEMENT_3D('',#5724,#5725,#5726);
#5724 = CARTESIAN_POINT('',(-2.147937711329,36.5,7.352062288671));
#5725 = DIRECTION('',(0.,1.,0.));
#5726 = DIRECTION('',(0.,-0.,1.));
#5727 = SHELL_BASED_SURFACE_MODEL('',(#5728));
#5728 = OPEN_SHELL('',(#5729));
#5729 = ADVANCED_FACE('',(#5730),#5756,.T.);
#5730 = FACE_BOUND('',#5731,.T.);
#5731 = EDGE_LOOP('',(#5732,#5742,#5750));
#5732 = ORIENTED_EDGE('',*,*,#5733,.T.);
#5733 = EDGE_CURVE('',#5734,#5736,#5738,.T.);
#5734 = VERTEX_POINT('',#5735);
#5735 = CARTESIAN_POINT('',(-55.5,33.5,5.));
#5736 = VERTEX_POINT('',#5737);
#5737 = CARTESIAN_POINT('',(-55.5,-33.5,5.));
#5738 = LINE('',#5739,#5740);
#5739 = CARTESIAN_POINT('',(-55.5,33.5,5.));
#5740 = VECTOR('',#5741,1.);
#5741 = DIRECTION('',(0.,-1.,0.));
#5742 = ORIENTED_EDGE('',*,*,#5743,.T.);
#5743 = EDGE_CURVE('',#5736,#5744,#5746,.T.);
#5744 = VERTEX_POINT('',#5745);
#5745 = CARTESIAN_POINT('',(-55.5,33.5,14.));
#5746 = LINE('',#5747,#5748);
#5747 = CARTESIAN_POINT('',(-55.5,-33.5,5.));
#5748 = VECTOR('',#5749,1.);
#5749 = DIRECTION('',(0.,0.991098234869,0.133132598714));
#5750 = ORIENTED_EDGE('',*,*,#5751,.T.);
#5751 = EDGE_CURVE('',#5744,#5734,#5752,.T.);
#5752 = LINE('',#5753,#5754);
#5753 = CARTESIAN_POINT('',(-55.5,33.5,14.));
#5754 = VECTOR('',#5755,1.);
#5755 = DIRECTION('',(0.,0.,-1.));
#5756 = PLANE('',#5757);
#5757 = AXIS2_PLACEMENT_3D('',#5758,#5759,#5760);
#5758 = CARTESIAN_POINT('',(-55.5,2.099556218844,7.400443781156));
#5759 = DIRECTION('',(-1.,-0.,-0.));
#5760 = DIRECTION('',(0.,0.,-1.));
#5761 = SHELL_BASED_SURFACE_MODEL('',(#5762));
#5762 = OPEN_SHELL('',(#5763));
#5763 = ADVANCED_FACE('',(#5764),#5790,.T.);
#5764 = FACE_BOUND('',#5765,.T.);
#5765 = EDGE_LOOP('',(#5766,#5776,#5784));
#5766 = ORIENTED_EDGE('',*,*,#5767,.T.);
#5767 = EDGE_CURVE('',#5768,#5770,#5772,.T.);
#5768 = VERTEX_POINT('',#5769);
#5769 = CARTESIAN_POINT('',(-55.5,-33.5,14.));
#5770 = VERTEX_POINT('',#5771);
#5771 = CARTESIAN_POINT('',(-55.5,33.5,14.));
#5772 = LINE('',#5773,#5774);
#5773 = CARTESIAN_POINT('',(-55.5,-33.5,14.));
#5774 = VECTOR('',#5775,1.);
#5775 = DIRECTION('',(0.,1.,0.));
#5776 = ORIENTED_EDGE('',*,*,#5777,.F.);
#5777 = EDGE_CURVE('',#5778,#5770,#5780,.T.);
#5778 = VERTEX_POINT('',#5779);
#5779 = CARTESIAN_POINT('',(-55.5,-33.5,5.));
#5780 = LINE('',#5781,#5782);
#5781 = CARTESIAN_POINT('',(-55.5,-33.5,5.));
#5782 = VECTOR('',#5783,1.);
#5783 = DIRECTION('',(0.,0.991098234869,0.133132598714));
#5784 = ORIENTED_EDGE('',*,*,#5785,.T.);
#5785 = EDGE_CURVE('',#5778,#5768,#5786,.T.);
#5786 = LINE('',#5787,#5788);
#5787 = CARTESIAN_POINT('',(-55.5,-33.5,5.));
#5788 = VECTOR('',#5789,1.);
#5789 = DIRECTION('',(0.,0.,1.));
#5790 = PLANE('',#5791);
#5791 = AXIS2_PLACEMENT_3D('',#5792,#5793,#5794);
#5792 = CARTESIAN_POINT('',(-55.5,-2.099556218844,11.599556218844));
#5793 = DIRECTION('',(-1.,-0.,-0.));
#5794 = DIRECTION('',(0.,0.,-1.));
#5795 = SHELL_BASED_SURFACE_MODEL('',(#5796));
#5796 = OPEN_SHELL('',(#5797));
#5797 = ADVANCED_FACE('',(#5798),#5824,.T.);
#5798 = FACE_BOUND('',#5799,.T.);
#5799 = EDGE_LOOP('',(#5800,#5810,#5818));
#5800 = ORIENTED_EDGE('',*,*,#5801,.T.);
#5801 = EDGE_CURVE('',#5802,#5804,#5806,.T.);
#5802 = VERTEX_POINT('',#5803);
#5803 = CARTESIAN_POINT('',(-55.5,33.5,5.));
#5804 = VERTEX_POINT('',#5805);
#5805 = CARTESIAN_POINT('',(-60.07500076293,33.5,5.));
#5806 = LINE('',#5807,#5808);
#5807 = CARTESIAN_POINT('',(-55.5,33.5,5.));
#5808 = VECTOR('',#5809,1.);
#5809 = DIRECTION('',(-1.,0.,0.));
#5810 = ORIENTED_EDGE('',*,*,#5811,.T.);
#5811 = EDGE_CURVE('',#5804,#5812,#5814,.T.);
#5812 = VERTEX_POINT('',#5813);
#5813 = CARTESIAN_POINT('',(-55.5,-33.5,5.));
#5814 = LINE('',#5815,#5816);
#5815 = CARTESIAN_POINT('',(-60.07500076293,33.5,5.));
#5816 = VECTOR('',#5817,1.);
#5817 = DIRECTION('',(6.812495679292E-02,-0.997676796494,0.));
#5818 = ORIENTED_EDGE('',*,*,#5819,.F.);
#5819 = EDGE_CURVE('',#5802,#5812,#5820,.T.);
#5820 = LINE('',#5821,#5822);
#5821 = CARTESIAN_POINT('',(-55.5,33.5,5.));
#5822 = VECTOR('',#5823,1.);
#5823 = DIRECTION('',(0.,-1.,0.));
#5824 = PLANE('',#5825);
#5825 = AXIS2_PLACEMENT_3D('',#5826,#5827,#5828);
#5826 = CARTESIAN_POINT('',(-56.68275446433,1.104745917139,5.));
#5827 = DIRECTION('',(0.,0.,1.));
#5828 = DIRECTION('',(1.,0.,-0.));
#5829 = SHELL_BASED_SURFACE_MODEL('',(#5830));
#5830 = OPEN_SHELL('',(#5831));
#5831 = ADVANCED_FACE('',(#5832),#5858,.T.);
#5832 = FACE_BOUND('',#5833,.T.);
#5833 = EDGE_LOOP('',(#5834,#5844,#5852));
#5834 = ORIENTED_EDGE('',*,*,#5835,.T.);
#5835 = EDGE_CURVE('',#5836,#5838,#5840,.T.);
#5836 = VERTEX_POINT('',#5837);
#5837 = CARTESIAN_POINT('',(-60.07500076293,-33.5,5.));
#5838 = VERTEX_POINT('',#5839);
#5839 = CARTESIAN_POINT('',(-55.5,-33.5,5.));
#5840 = LINE('',#5841,#5842);
#5841 = CARTESIAN_POINT('',(-60.07500076293,-33.5,5.));
#5842 = VECTOR('',#5843,1.);
#5843 = DIRECTION('',(1.,0.,0.));
#5844 = ORIENTED_EDGE('',*,*,#5845,.F.);
#5845 = EDGE_CURVE('',#5846,#5838,#5848,.T.);
#5846 = VERTEX_POINT('',#5847);
#5847 = CARTESIAN_POINT('',(-60.07500076293,33.5,5.));
#5848 = LINE('',#5849,#5850);
#5849 = CARTESIAN_POINT('',(-60.07500076293,33.5,5.));
#5850 = VECTOR('',#5851,1.);
#5851 = DIRECTION('',(6.812495679292E-02,-0.997676796494,0.));
#5852 = ORIENTED_EDGE('',*,*,#5853,.T.);
#5853 = EDGE_CURVE('',#5846,#5836,#5854,.T.);
#5854 = LINE('',#5855,#5856);
#5855 = CARTESIAN_POINT('',(-60.07500076293,33.5,5.));
#5856 = VECTOR('',#5857,1.);
#5857 = DIRECTION('',(0.,-1.,0.));
#5858 = PLANE('',#5859);
#5859 = AXIS2_PLACEMENT_3D('',#5860,#5861,#5862);
#5860 = CARTESIAN_POINT('',(-58.8922462986,-1.104745917139,5.));
#5861 = DIRECTION('',(0.,0.,1.));
#5862 = DIRECTION('',(1.,0.,-0.));
#5863 = SHELL_BASED_SURFACE_MODEL('',(#5864));
#5864 = OPEN_SHELL('',(#5865));
#5865 = ADVANCED_FACE('',(#5866),#5892,.T.);
#5866 = FACE_BOUND('',#5867,.T.);
#5867 = EDGE_LOOP('',(#5868,#5878,#5886));
#5868 = ORIENTED_EDGE('',*,*,#5869,.F.);
#5869 = EDGE_CURVE('',#5870,#5872,#5874,.T.);
#5870 = VERTEX_POINT('',#5871);
#5871 = CARTESIAN_POINT('',(-60.07500076293,-33.5,17.));
#5872 = VERTEX_POINT('',#5873);
#5873 = CARTESIAN_POINT('',(-60.07500076293,33.5,17.));
#5874 = LINE('',#5875,#5876);
#5875 = CARTESIAN_POINT('',(-60.07500076293,-33.5,17.));
#5876 = VECTOR('',#5877,1.);
#5877 = DIRECTION('',(0.,1.,0.));
#5878 = ORIENTED_EDGE('',*,*,#5879,.T.);
#5879 = EDGE_CURVE('',#5870,#5880,#5882,.T.);
#5880 = VERTEX_POINT('',#5881);
#5881 = CARTESIAN_POINT('',(-60.07500076293,33.5,5.));
#5882 = LINE('',#5883,#5884);
#5883 = CARTESIAN_POINT('',(-60.07500076293,-33.5,17.));
#5884 = VECTOR('',#5885,1.);
#5885 = DIRECTION('',(0.,0.984336643247,-0.176299100283));
#5886 = ORIENTED_EDGE('',*,*,#5887,.T.);
#5887 = EDGE_CURVE('',#5880,#5872,#5888,.T.);
#5888 = LINE('',#5889,#5890);
#5889 = CARTESIAN_POINT('',(-60.07500076293,33.5,5.));
#5890 = VECTOR('',#5891,1.);
#5891 = DIRECTION('',(0.,0.,1.));
#5892 = PLANE('',#5893);
#5893 = AXIS2_PLACEMENT_3D('',#5894,#5895,#5896);
#5894 = CARTESIAN_POINT('',(-60.07500076293,2.733463924758,
    13.733463924758));
#5895 = DIRECTION('',(1.,0.,0.));
#5896 = DIRECTION('',(-0.,0.,1.));
#5897 = SHELL_BASED_SURFACE_MODEL('',(#5898));
#5898 = OPEN_SHELL('',(#5899));
#5899 = ADVANCED_FACE('',(#5900),#5926,.T.);
#5900 = FACE_BOUND('',#5901,.T.);
#5901 = EDGE_LOOP('',(#5902,#5912,#5920));
#5902 = ORIENTED_EDGE('',*,*,#5903,.F.);
#5903 = EDGE_CURVE('',#5904,#5906,#5908,.T.);
#5904 = VERTEX_POINT('',#5905);
#5905 = CARTESIAN_POINT('',(-60.07500076293,33.5,5.));
#5906 = VERTEX_POINT('',#5907);
#5907 = CARTESIAN_POINT('',(-60.07500076293,-33.5,5.));
#5908 = LINE('',#5909,#5910);
#5909 = CARTESIAN_POINT('',(-60.07500076293,33.5,5.));
#5910 = VECTOR('',#5911,1.);
#5911 = DIRECTION('',(0.,-1.,0.));
#5912 = ORIENTED_EDGE('',*,*,#5913,.F.);
#5913 = EDGE_CURVE('',#5914,#5904,#5916,.T.);
#5914 = VERTEX_POINT('',#5915);
#5915 = CARTESIAN_POINT('',(-60.07500076293,-33.5,17.));
#5916 = LINE('',#5917,#5918);
#5917 = CARTESIAN_POINT('',(-60.07500076293,-33.5,17.));
#5918 = VECTOR('',#5919,1.);
#5919 = DIRECTION('',(0.,0.984336643247,-0.176299100283));
#5920 = ORIENTED_EDGE('',*,*,#5921,.T.);
#5921 = EDGE_CURVE('',#5914,#5906,#5922,.T.);
#5922 = LINE('',#5923,#5924);
#5923 = CARTESIAN_POINT('',(-60.07500076293,-33.5,17.));
#5924 = VECTOR('',#5925,1.);
#5925 = DIRECTION('',(0.,0.,-1.));
#5926 = PLANE('',#5927);
#5927 = AXIS2_PLACEMENT_3D('',#5928,#5929,#5930);
#5928 = CARTESIAN_POINT('',(-60.07500076293,-2.733463924758,
    8.266536075242));
#5929 = DIRECTION('',(1.,0.,0.));
#5930 = DIRECTION('',(-0.,0.,1.));
#5931 = SHELL_BASED_SURFACE_MODEL('',(#5932));
#5932 = OPEN_SHELL('',(#5933));
#5933 = ADVANCED_FACE('',(#5934),#5960,.T.);
#5934 = FACE_BOUND('',#5935,.T.);
#5935 = EDGE_LOOP('',(#5936,#5946,#5954));
#5936 = ORIENTED_EDGE('',*,*,#5937,.F.);
#5937 = EDGE_CURVE('',#5938,#5940,#5942,.T.);
#5938 = VERTEX_POINT('',#5939);
#5939 = CARTESIAN_POINT('',(-60.07500076293,33.5,17.));
#5940 = VERTEX_POINT('',#5941);
#5941 = CARTESIAN_POINT('',(-53.5,33.5,17.));
#5942 = LINE('',#5943,#5944);
#5943 = CARTESIAN_POINT('',(-60.07500076293,33.5,17.));
#5944 = VECTOR('',#5945,1.);
#5945 = DIRECTION('',(1.,0.,0.));
#5946 = ORIENTED_EDGE('',*,*,#5947,.T.);
#5947 = EDGE_CURVE('',#5938,#5948,#5950,.T.);
#5948 = VERTEX_POINT('',#5949);
#5949 = CARTESIAN_POINT('',(-55.5,33.5,14.));
#5950 = LINE('',#5951,#5952);
#5951 = CARTESIAN_POINT('',(-60.07500076293,33.5,17.));
#5952 = VECTOR('',#5953,1.);
#5953 = DIRECTION('',(0.836244409319,0.,-0.548356898272));
#5954 = ORIENTED_EDGE('',*,*,#5955,.T.);
#5955 = EDGE_CURVE('',#5948,#5940,#5956,.T.);
#5956 = LINE('',#5957,#5958);
#5957 = CARTESIAN_POINT('',(-55.5,33.5,14.));
#5958 = VECTOR('',#5959,1.);
#5959 = DIRECTION('',(0.554700196225,0.,0.832050294338));
#5960 = PLANE('',#5961);
#5961 = AXIS2_PLACEMENT_3D('',#5962,#5963,#5964);
#5962 = CARTESIAN_POINT('',(-56.61008474823,33.5,16.130133723898));
#5963 = DIRECTION('',(-0.,-1.,-0.));
#5964 = DIRECTION('',(0.,0.,-1.));
#5965 = SHELL_BASED_SURFACE_MODEL('',(#5966));
#5966 = OPEN_SHELL('',(#5967));
#5967 = ADVANCED_FACE('',(#5968),#5994,.T.);
#5968 = FACE_BOUND('',#5969,.T.);
#5969 = EDGE_LOOP('',(#5970,#5980,#5988));
#5970 = ORIENTED_EDGE('',*,*,#5971,.F.);
#5971 = EDGE_CURVE('',#5972,#5974,#5976,.T.);
#5972 = VERTEX_POINT('',#5973);
#5973 = CARTESIAN_POINT('',(-60.07500076293,33.5,5.));
#5974 = VERTEX_POINT('',#5975);
#5975 = CARTESIAN_POINT('',(-60.07500076293,33.5,17.));
#5976 = LINE('',#5977,#5978);
#5977 = CARTESIAN_POINT('',(-60.07500076293,33.5,5.));
#5978 = VECTOR('',#5979,1.);
#5979 = DIRECTION('',(0.,0.,1.));
#5980 = ORIENTED_EDGE('',*,*,#5981,.T.);
#5981 = EDGE_CURVE('',#5972,#5982,#5984,.T.);
#5982 = VERTEX_POINT('',#5983);
#5983 = CARTESIAN_POINT('',(-55.5,33.5,14.));
#5984 = LINE('',#5985,#5986);
#5985 = CARTESIAN_POINT('',(-60.07500076293,33.5,5.));
#5986 = VECTOR('',#5987,1.);
#5987 = DIRECTION('',(0.453146690349,0.,0.891435963503));
#5988 = ORIENTED_EDGE('',*,*,#5989,.F.);
#5989 = EDGE_CURVE('',#5974,#5982,#5990,.T.);
#5990 = LINE('',#5991,#5992);
#5991 = CARTESIAN_POINT('',(-60.07500076293,33.5,17.));
#5992 = VECTOR('',#5993,1.);
#5993 = DIRECTION('',(0.836244409319,0.,-0.548356898272));
#5994 = PLANE('',#5995);
#5995 = AXIS2_PLACEMENT_3D('',#5996,#5997,#5998);
#5996 = CARTESIAN_POINT('',(-58.78325780067,33.5,11.343704844965));
#5997 = DIRECTION('',(-0.,-1.,-0.));
#5998 = DIRECTION('',(0.,0.,-1.));
#5999 = SHELL_BASED_SURFACE_MODEL('',(#6000));
#6000 = OPEN_SHELL('',(#6001));
#6001 = ADVANCED_FACE('',(#6002),#6028,.T.);
#6002 = FACE_BOUND('',#6003,.T.);
#6003 = EDGE_LOOP('',(#6004,#6014,#6022));
#6004 = ORIENTED_EDGE('',*,*,#6005,.F.);
#6005 = EDGE_CURVE('',#6006,#6008,#6010,.T.);
#6006 = VERTEX_POINT('',#6007);
#6007 = CARTESIAN_POINT('',(-55.5,33.5,14.));
#6008 = VERTEX_POINT('',#6009);
#6009 = CARTESIAN_POINT('',(-55.5,33.5,5.));
#6010 = LINE('',#6011,#6012);
#6011 = CARTESIAN_POINT('',(-55.5,33.5,14.));
#6012 = VECTOR('',#6013,1.);
#6013 = DIRECTION('',(0.,0.,-1.));
#6014 = ORIENTED_EDGE('',*,*,#6015,.F.);
#6015 = EDGE_CURVE('',#6016,#6006,#6018,.T.);
#6016 = VERTEX_POINT('',#6017);
#6017 = CARTESIAN_POINT('',(-60.07500076293,33.5,5.));
#6018 = LINE('',#6019,#6020);
#6019 = CARTESIAN_POINT('',(-60.07500076293,33.5,5.));
#6020 = VECTOR('',#6021,1.);
#6021 = DIRECTION('',(0.453146690349,0.,0.891435963503));
#6022 = ORIENTED_EDGE('',*,*,#6023,.F.);
#6023 = EDGE_CURVE('',#6008,#6016,#6024,.T.);
#6024 = LINE('',#6025,#6026);
#6025 = CARTESIAN_POINT('',(-55.5,33.5,5.));
#6026 = VECTOR('',#6027,1.);
#6027 = DIRECTION('',(-1.,0.,0.));
#6028 = PLANE('',#6029);
#6029 = AXIS2_PLACEMENT_3D('',#6030,#6031,#6032);
#6030 = CARTESIAN_POINT('',(-56.91776772213,33.5,8.630267340663));
#6031 = DIRECTION('',(-0.,-1.,-0.));
#6032 = DIRECTION('',(0.,0.,-1.));
#6033 = SHELL_BASED_SURFACE_MODEL('',(#6034));
#6034 = OPEN_SHELL('',(#6035));
#6035 = ADVANCED_FACE('',(#6036),#6062,.T.);
#6036 = FACE_BOUND('',#6037,.T.);
#6037 = EDGE_LOOP('',(#6038,#6048,#6056));
#6038 = ORIENTED_EDGE('',*,*,#6039,.F.);
#6039 = EDGE_CURVE('',#6040,#6042,#6044,.T.);
#6040 = VERTEX_POINT('',#6041);
#6041 = CARTESIAN_POINT('',(-53.5,33.5,17.));
#6042 = VERTEX_POINT('',#6043);
#6043 = CARTESIAN_POINT('',(-53.5,33.5,14.));
#6044 = LINE('',#6045,#6046);
#6045 = CARTESIAN_POINT('',(-53.5,33.5,17.));
#6046 = VECTOR('',#6047,1.);
#6047 = DIRECTION('',(0.,0.,-1.));
#6048 = ORIENTED_EDGE('',*,*,#6049,.F.);
#6049 = EDGE_CURVE('',#6050,#6040,#6052,.T.);
#6050 = VERTEX_POINT('',#6051);
#6051 = CARTESIAN_POINT('',(-55.5,33.5,14.));
#6052 = LINE('',#6053,#6054);
#6053 = CARTESIAN_POINT('',(-55.5,33.5,14.));
#6054 = VECTOR('',#6055,1.);
#6055 = DIRECTION('',(0.554700196225,0.,0.832050294338));
#6056 = ORIENTED_EDGE('',*,*,#6057,.T.);
#6057 = EDGE_CURVE('',#6050,#6042,#6058,.T.);
#6058 = LINE('',#6059,#6060);
#6059 = CARTESIAN_POINT('',(-55.5,33.5,14.));
#6060 = VECTOR('',#6061,1.);
#6061 = DIRECTION('',(1.,0.,0.));
#6062 = PLANE('',#6063);
#6063 = AXIS2_PLACEMENT_3D('',#6064,#6065,#6066);
#6064 = CARTESIAN_POINT('',(-54.15138781886,33.5,15.151387818866));
#6065 = DIRECTION('',(-0.,-1.,-0.));
#6066 = DIRECTION('',(0.,0.,-1.));
#6067 = SHELL_BASED_SURFACE_MODEL('',(#6068));
#6068 = OPEN_SHELL('',(#6069));
#6069 = ADVANCED_FACE('',(#6070),#6096,.T.);
#6070 = FACE_BOUND('',#6071,.T.);
#6071 = EDGE_LOOP('',(#6072,#6082,#6090));
#6072 = ORIENTED_EDGE('',*,*,#6073,.T.);
#6073 = EDGE_CURVE('',#6074,#6076,#6078,.T.);
#6074 = VERTEX_POINT('',#6075);
#6075 = CARTESIAN_POINT('',(53.5,33.5,14.));
#6076 = VERTEX_POINT('',#6077);
#6077 = CARTESIAN_POINT('',(55.5,33.5,14.));
#6078 = LINE('',#6079,#6080);
#6079 = CARTESIAN_POINT('',(53.5,33.5,14.));
#6080 = VECTOR('',#6081,1.);
#6081 = DIRECTION('',(1.,0.,0.));
#6082 = ORIENTED_EDGE('',*,*,#6083,.T.);
#6083 = EDGE_CURVE('',#6076,#6084,#6086,.T.);
#6084 = VERTEX_POINT('',#6085);
#6085 = CARTESIAN_POINT('',(53.5,33.5,17.));
#6086 = LINE('',#6087,#6088);
#6087 = CARTESIAN_POINT('',(55.5,33.5,14.));
#6088 = VECTOR('',#6089,1.);
#6089 = DIRECTION('',(-0.554700196225,0.,0.832050294338));
#6090 = ORIENTED_EDGE('',*,*,#6091,.F.);
#6091 = EDGE_CURVE('',#6074,#6084,#6092,.T.);
#6092 = LINE('',#6093,#6094);
#6093 = CARTESIAN_POINT('',(53.5,33.5,14.));
#6094 = VECTOR('',#6095,1.);
#6095 = DIRECTION('',(0.,0.,1.));
#6096 = PLANE('',#6097);
#6097 = AXIS2_PLACEMENT_3D('',#6098,#6099,#6100);
#6098 = CARTESIAN_POINT('',(54.151387818866,33.5,15.151387818866));
#6099 = DIRECTION('',(-0.,-1.,-0.));
#6100 = DIRECTION('',(0.,0.,-1.));
#6101 = SHELL_BASED_SURFACE_MODEL('',(#6102));
#6102 = OPEN_SHELL('',(#6103));
#6103 = ADVANCED_FACE('',(#6104),#6130,.T.);
#6104 = FACE_BOUND('',#6105,.T.);
#6105 = EDGE_LOOP('',(#6106,#6116,#6124));
#6106 = ORIENTED_EDGE('',*,*,#6107,.F.);
#6107 = EDGE_CURVE('',#6108,#6110,#6112,.T.);
#6108 = VERTEX_POINT('',#6109);
#6109 = CARTESIAN_POINT('',(53.5,33.5,17.));
#6110 = VERTEX_POINT('',#6111);
#6111 = CARTESIAN_POINT('',(60.075000762939,33.5,17.));
#6112 = LINE('',#6113,#6114);
#6113 = CARTESIAN_POINT('',(53.5,33.5,17.));
#6114 = VECTOR('',#6115,1.);
#6115 = DIRECTION('',(1.,0.,0.));
#6116 = ORIENTED_EDGE('',*,*,#6117,.F.);
#6117 = EDGE_CURVE('',#6118,#6108,#6120,.T.);
#6118 = VERTEX_POINT('',#6119);
#6119 = CARTESIAN_POINT('',(55.5,33.5,14.));
#6120 = LINE('',#6121,#6122);
#6121 = CARTESIAN_POINT('',(55.5,33.5,14.));
#6122 = VECTOR('',#6123,1.);
#6123 = DIRECTION('',(-0.554700196225,0.,0.832050294338));
#6124 = ORIENTED_EDGE('',*,*,#6125,.T.);
#6125 = EDGE_CURVE('',#6118,#6110,#6126,.T.);
#6126 = LINE('',#6127,#6128);
#6127 = CARTESIAN_POINT('',(55.5,33.5,14.));
#6128 = VECTOR('',#6129,1.);
#6129 = DIRECTION('',(0.836244409319,0.,0.548356898272));
#6130 = PLANE('',#6131);
#6131 = AXIS2_PLACEMENT_3D('',#6132,#6133,#6134);
#6132 = CARTESIAN_POINT('',(56.610084748233,33.5,16.130133723898));
#6133 = DIRECTION('',(-0.,-1.,-0.));
#6134 = DIRECTION('',(0.,0.,-1.));
#6135 = SHELL_BASED_SURFACE_MODEL('',(#6136));
#6136 = OPEN_SHELL('',(#6137));
#6137 = ADVANCED_FACE('',(#6138),#6164,.T.);
#6138 = FACE_BOUND('',#6139,.T.);
#6139 = EDGE_LOOP('',(#6140,#6150,#6158));
#6140 = ORIENTED_EDGE('',*,*,#6141,.T.);
#6141 = EDGE_CURVE('',#6142,#6144,#6146,.T.);
#6142 = VERTEX_POINT('',#6143);
#6143 = CARTESIAN_POINT('',(55.5,33.5,5.));
#6144 = VERTEX_POINT('',#6145);
#6145 = CARTESIAN_POINT('',(60.075000762939,33.5,5.));
#6146 = LINE('',#6147,#6148);
#6147 = CARTESIAN_POINT('',(55.5,33.5,5.));
#6148 = VECTOR('',#6149,1.);
#6149 = DIRECTION('',(1.,0.,0.));
#6150 = ORIENTED_EDGE('',*,*,#6151,.T.);
#6151 = EDGE_CURVE('',#6144,#6152,#6154,.T.);
#6152 = VERTEX_POINT('',#6153);
#6153 = CARTESIAN_POINT('',(55.5,33.5,14.));
#6154 = LINE('',#6155,#6156);
#6155 = CARTESIAN_POINT('',(60.075000762939,33.5,5.));
#6156 = VECTOR('',#6157,1.);
#6157 = DIRECTION('',(-0.453146690349,0.,0.891435963503));
#6158 = ORIENTED_EDGE('',*,*,#6159,.T.);
#6159 = EDGE_CURVE('',#6152,#6142,#6160,.T.);
#6160 = LINE('',#6161,#6162);
#6161 = CARTESIAN_POINT('',(55.5,33.5,14.));
#6162 = VECTOR('',#6163,1.);
#6163 = DIRECTION('',(0.,0.,-1.));
#6164 = PLANE('',#6165);
#6165 = AXIS2_PLACEMENT_3D('',#6166,#6167,#6168);
#6166 = CARTESIAN_POINT('',(56.917767722133,33.5,8.630267340663));
#6167 = DIRECTION('',(-0.,-1.,-0.));
#6168 = DIRECTION('',(0.,0.,-1.));
#6169 = SHELL_BASED_SURFACE_MODEL('',(#6170));
#6170 = OPEN_SHELL('',(#6171));
#6171 = ADVANCED_FACE('',(#6172),#6198,.T.);
#6172 = FACE_BOUND('',#6173,.T.);
#6173 = EDGE_LOOP('',(#6174,#6184,#6192));
#6174 = ORIENTED_EDGE('',*,*,#6175,.F.);
#6175 = EDGE_CURVE('',#6176,#6178,#6180,.T.);
#6176 = VERTEX_POINT('',#6177);
#6177 = CARTESIAN_POINT('',(55.5,33.5,14.));
#6178 = VERTEX_POINT('',#6179);
#6179 = CARTESIAN_POINT('',(60.075000762939,33.5,17.));
#6180 = LINE('',#6181,#6182);
#6181 = CARTESIAN_POINT('',(55.5,33.5,14.));
#6182 = VECTOR('',#6183,1.);
#6183 = DIRECTION('',(0.836244409319,0.,0.548356898272));
#6184 = ORIENTED_EDGE('',*,*,#6185,.F.);
#6185 = EDGE_CURVE('',#6186,#6176,#6188,.T.);
#6186 = VERTEX_POINT('',#6187);
#6187 = CARTESIAN_POINT('',(60.075000762939,33.5,5.));
#6188 = LINE('',#6189,#6190);
#6189 = CARTESIAN_POINT('',(60.075000762939,33.5,5.));
#6190 = VECTOR('',#6191,1.);
#6191 = DIRECTION('',(-0.453146690349,0.,0.891435963503));
#6192 = ORIENTED_EDGE('',*,*,#6193,.T.);
#6193 = EDGE_CURVE('',#6186,#6178,#6194,.T.);
#6194 = LINE('',#6195,#6196);
#6195 = CARTESIAN_POINT('',(60.075000762939,33.5,5.));
#6196 = VECTOR('',#6197,1.);
#6197 = DIRECTION('',(0.,0.,1.));
#6198 = PLANE('',#6199);
#6199 = AXIS2_PLACEMENT_3D('',#6200,#6201,#6202);
#6200 = CARTESIAN_POINT('',(58.783257800678,33.5,11.343704844965));
#6201 = DIRECTION('',(-0.,-1.,-0.));
#6202 = DIRECTION('',(0.,0.,-1.));
#6203 = SHELL_BASED_SURFACE_MODEL('',(#6204));
#6204 = OPEN_SHELL('',(#6205));
#6205 = ADVANCED_FACE('',(#6206),#6232,.T.);
#6206 = FACE_BOUND('',#6207,.T.);
#6207 = EDGE_LOOP('',(#6208,#6218,#6226));
#6208 = ORIENTED_EDGE('',*,*,#6209,.T.);
#6209 = EDGE_CURVE('',#6210,#6212,#6214,.T.);
#6210 = VERTEX_POINT('',#6211);
#6211 = CARTESIAN_POINT('',(-53.5,-33.5,14.));
#6212 = VERTEX_POINT('',#6213);
#6213 = CARTESIAN_POINT('',(-55.5,-33.5,14.));
#6214 = LINE('',#6215,#6216);
#6215 = CARTESIAN_POINT('',(-53.5,-33.5,14.));
#6216 = VECTOR('',#6217,1.);
#6217 = DIRECTION('',(-1.,0.,0.));
#6218 = ORIENTED_EDGE('',*,*,#6219,.T.);
#6219 = EDGE_CURVE('',#6212,#6220,#6222,.T.);
#6220 = VERTEX_POINT('',#6221);
#6221 = CARTESIAN_POINT('',(-53.5,-33.5,17.));
#6222 = LINE('',#6223,#6224);
#6223 = CARTESIAN_POINT('',(-55.5,-33.5,14.));
#6224 = VECTOR('',#6225,1.);
#6225 = DIRECTION('',(0.554700196225,0.,0.832050294338));
#6226 = ORIENTED_EDGE('',*,*,#6227,.F.);
#6227 = EDGE_CURVE('',#6210,#6220,#6228,.T.);
#6228 = LINE('',#6229,#6230);
#6229 = CARTESIAN_POINT('',(-53.5,-33.5,14.));
#6230 = VECTOR('',#6231,1.);
#6231 = DIRECTION('',(0.,0.,1.));
#6232 = PLANE('',#6233);
#6233 = AXIS2_PLACEMENT_3D('',#6234,#6235,#6236);
#6234 = CARTESIAN_POINT('',(-54.15138781886,-33.5,15.151387818866));
#6235 = DIRECTION('',(0.,1.,0.));
#6236 = DIRECTION('',(0.,-0.,1.));
#6237 = SHELL_BASED_SURFACE_MODEL('',(#6238));
#6238 = OPEN_SHELL('',(#6239));
#6239 = ADVANCED_FACE('',(#6240),#6266,.T.);
#6240 = FACE_BOUND('',#6241,.T.);
#6241 = EDGE_LOOP('',(#6242,#6252,#6260));
#6242 = ORIENTED_EDGE('',*,*,#6243,.F.);
#6243 = EDGE_CURVE('',#6244,#6246,#6248,.T.);
#6244 = VERTEX_POINT('',#6245);
#6245 = CARTESIAN_POINT('',(-53.5,-33.5,17.));
#6246 = VERTEX_POINT('',#6247);
#6247 = CARTESIAN_POINT('',(-60.07500076293,-33.5,17.));
#6248 = LINE('',#6249,#6250);
#6249 = CARTESIAN_POINT('',(-53.5,-33.5,17.));
#6250 = VECTOR('',#6251,1.);
#6251 = DIRECTION('',(-1.,0.,0.));
#6252 = ORIENTED_EDGE('',*,*,#6253,.F.);
#6253 = EDGE_CURVE('',#6254,#6244,#6256,.T.);
#6254 = VERTEX_POINT('',#6255);
#6255 = CARTESIAN_POINT('',(-55.5,-33.5,14.));
#6256 = LINE('',#6257,#6258);
#6257 = CARTESIAN_POINT('',(-55.5,-33.5,14.));
#6258 = VECTOR('',#6259,1.);
#6259 = DIRECTION('',(0.554700196225,0.,0.832050294338));
#6260 = ORIENTED_EDGE('',*,*,#6261,.T.);
#6261 = EDGE_CURVE('',#6254,#6246,#6262,.T.);
#6262 = LINE('',#6263,#6264);
#6263 = CARTESIAN_POINT('',(-55.5,-33.5,14.));
#6264 = VECTOR('',#6265,1.);
#6265 = DIRECTION('',(-0.836244409319,0.,0.548356898272));
#6266 = PLANE('',#6267);
#6267 = AXIS2_PLACEMENT_3D('',#6268,#6269,#6270);
#6268 = CARTESIAN_POINT('',(-56.61008474823,-33.5,16.130133723898));
#6269 = DIRECTION('',(0.,1.,0.));
#6270 = DIRECTION('',(0.,-0.,1.));
#6271 = SHELL_BASED_SURFACE_MODEL('',(#6272));
#6272 = OPEN_SHELL('',(#6273));
#6273 = ADVANCED_FACE('',(#6274),#6300,.T.);
#6274 = FACE_BOUND('',#6275,.T.);
#6275 = EDGE_LOOP('',(#6276,#6286,#6294));
#6276 = ORIENTED_EDGE('',*,*,#6277,.F.);
#6277 = EDGE_CURVE('',#6278,#6280,#6282,.T.);
#6278 = VERTEX_POINT('',#6279);
#6279 = CARTESIAN_POINT('',(-60.07500076293,-33.5,5.));
#6280 = VERTEX_POINT('',#6281);
#6281 = CARTESIAN_POINT('',(-55.5,-33.5,5.));
#6282 = LINE('',#6283,#6284);
#6283 = CARTESIAN_POINT('',(-60.07500076293,-33.5,5.));
#6284 = VECTOR('',#6285,1.);
#6285 = DIRECTION('',(1.,0.,0.));
#6286 = ORIENTED_EDGE('',*,*,#6287,.T.);
#6287 = EDGE_CURVE('',#6278,#6288,#6290,.T.);
#6288 = VERTEX_POINT('',#6289);
#6289 = CARTESIAN_POINT('',(-55.5,-33.5,14.));
#6290 = LINE('',#6291,#6292);
#6291 = CARTESIAN_POINT('',(-60.07500076293,-33.5,5.));
#6292 = VECTOR('',#6293,1.);
#6293 = DIRECTION('',(0.453146690349,0.,0.891435963503));
#6294 = ORIENTED_EDGE('',*,*,#6295,.F.);
#6295 = EDGE_CURVE('',#6280,#6288,#6296,.T.);
#6296 = LINE('',#6297,#6298);
#6297 = CARTESIAN_POINT('',(-55.5,-33.5,5.));
#6298 = VECTOR('',#6299,1.);
#6299 = DIRECTION('',(0.,0.,1.));
#6300 = PLANE('',#6301);
#6301 = AXIS2_PLACEMENT_3D('',#6302,#6303,#6304);
#6302 = CARTESIAN_POINT('',(-56.91776772213,-33.5,8.630267340663));
#6303 = DIRECTION('',(0.,1.,0.));
#6304 = DIRECTION('',(0.,-0.,1.));
#6305 = SHELL_BASED_SURFACE_MODEL('',(#6306));
#6306 = OPEN_SHELL('',(#6307));
#6307 = ADVANCED_FACE('',(#6308),#6334,.T.);
#6308 = FACE_BOUND('',#6309,.T.);
#6309 = EDGE_LOOP('',(#6310,#6320,#6328));
#6310 = ORIENTED_EDGE('',*,*,#6311,.F.);
#6311 = EDGE_CURVE('',#6312,#6314,#6316,.T.);
#6312 = VERTEX_POINT('',#6313);
#6313 = CARTESIAN_POINT('',(-55.5,-33.5,14.));
#6314 = VERTEX_POINT('',#6315);
#6315 = CARTESIAN_POINT('',(-60.07500076293,-33.5,17.));
#6316 = LINE('',#6317,#6318);
#6317 = CARTESIAN_POINT('',(-55.5,-33.5,14.));
#6318 = VECTOR('',#6319,1.);
#6319 = DIRECTION('',(-0.836244409319,0.,0.548356898272));
#6320 = ORIENTED_EDGE('',*,*,#6321,.F.);
#6321 = EDGE_CURVE('',#6322,#6312,#6324,.T.);
#6322 = VERTEX_POINT('',#6323);
#6323 = CARTESIAN_POINT('',(-60.07500076293,-33.5,5.));
#6324 = LINE('',#6325,#6326);
#6325 = CARTESIAN_POINT('',(-60.07500076293,-33.5,5.));
#6326 = VECTOR('',#6327,1.);
#6327 = DIRECTION('',(0.453146690349,0.,0.891435963503));
#6328 = ORIENTED_EDGE('',*,*,#6329,.F.);
#6329 = EDGE_CURVE('',#6314,#6322,#6330,.T.);
#6330 = LINE('',#6331,#6332);
#6331 = CARTESIAN_POINT('',(-60.07500076293,-33.5,17.));
#6332 = VECTOR('',#6333,1.);
#6333 = DIRECTION('',(0.,0.,-1.));
#6334 = PLANE('',#6335);
#6335 = AXIS2_PLACEMENT_3D('',#6336,#6337,#6338);
#6336 = CARTESIAN_POINT('',(-58.78325780067,-33.5,11.343704844965));
#6337 = DIRECTION('',(0.,1.,0.));
#6338 = DIRECTION('',(0.,-0.,1.));
#6339 = SHELL_BASED_SURFACE_MODEL('',(#6340));
#6340 = OPEN_SHELL('',(#6341));
#6341 = ADVANCED_FACE('',(#6342),#6368,.T.);
#6342 = FACE_BOUND('',#6343,.T.);
#6343 = EDGE_LOOP('',(#6344,#6354,#6362));
#6344 = ORIENTED_EDGE('',*,*,#6345,.F.);
#6345 = EDGE_CURVE('',#6346,#6348,#6350,.T.);
#6346 = VERTEX_POINT('',#6347);
#6347 = CARTESIAN_POINT('',(60.075000762939,-33.5,17.));
#6348 = VERTEX_POINT('',#6349);
#6349 = CARTESIAN_POINT('',(53.5,-33.5,17.));
#6350 = LINE('',#6351,#6352);
#6351 = CARTESIAN_POINT('',(60.075000762939,-33.5,17.));
#6352 = VECTOR('',#6353,1.);
#6353 = DIRECTION('',(-1.,0.,0.));
#6354 = ORIENTED_EDGE('',*,*,#6355,.T.);
#6355 = EDGE_CURVE('',#6346,#6356,#6358,.T.);
#6356 = VERTEX_POINT('',#6357);
#6357 = CARTESIAN_POINT('',(55.5,-33.5,14.));
#6358 = LINE('',#6359,#6360);
#6359 = CARTESIAN_POINT('',(60.075000762939,-33.5,17.));
#6360 = VECTOR('',#6361,1.);
#6361 = DIRECTION('',(-0.836244409319,0.,-0.548356898272));
#6362 = ORIENTED_EDGE('',*,*,#6363,.T.);
#6363 = EDGE_CURVE('',#6356,#6348,#6364,.T.);
#6364 = LINE('',#6365,#6366);
#6365 = CARTESIAN_POINT('',(55.5,-33.5,14.));
#6366 = VECTOR('',#6367,1.);
#6367 = DIRECTION('',(-0.554700196225,0.,0.832050294338));
#6368 = PLANE('',#6369);
#6369 = AXIS2_PLACEMENT_3D('',#6370,#6371,#6372);
#6370 = CARTESIAN_POINT('',(56.610084748233,-33.5,16.130133723898));
#6371 = DIRECTION('',(0.,1.,0.));
#6372 = DIRECTION('',(0.,-0.,1.));
#6373 = SHELL_BASED_SURFACE_MODEL('',(#6374));
#6374 = OPEN_SHELL('',(#6375));
#6375 = ADVANCED_FACE('',(#6376),#6402,.T.);
#6376 = FACE_BOUND('',#6377,.T.);
#6377 = EDGE_LOOP('',(#6378,#6388,#6396));
#6378 = ORIENTED_EDGE('',*,*,#6379,.T.);
#6379 = EDGE_CURVE('',#6380,#6382,#6384,.T.);
#6380 = VERTEX_POINT('',#6381);
#6381 = CARTESIAN_POINT('',(60.075000762939,-33.5,17.));
#6382 = VERTEX_POINT('',#6383);
#6383 = CARTESIAN_POINT('',(60.075000762939,-33.5,5.));
#6384 = LINE('',#6385,#6386);
#6385 = CARTESIAN_POINT('',(60.075000762939,-33.5,17.));
#6386 = VECTOR('',#6387,1.);
#6387 = DIRECTION('',(0.,0.,-1.));
#6388 = ORIENTED_EDGE('',*,*,#6389,.T.);
#6389 = EDGE_CURVE('',#6382,#6390,#6392,.T.);
#6390 = VERTEX_POINT('',#6391);
#6391 = CARTESIAN_POINT('',(55.5,-33.5,14.));
#6392 = LINE('',#6393,#6394);
#6393 = CARTESIAN_POINT('',(60.075000762939,-33.5,5.));
#6394 = VECTOR('',#6395,1.);
#6395 = DIRECTION('',(-0.453146690349,0.,0.891435963503));
#6396 = ORIENTED_EDGE('',*,*,#6397,.F.);
#6397 = EDGE_CURVE('',#6380,#6390,#6398,.T.);
#6398 = LINE('',#6399,#6400);
#6399 = CARTESIAN_POINT('',(60.075000762939,-33.5,17.));
#6400 = VECTOR('',#6401,1.);
#6401 = DIRECTION('',(-0.836244409319,0.,-0.548356898272));
#6402 = PLANE('',#6403);
#6403 = AXIS2_PLACEMENT_3D('',#6404,#6405,#6406);
#6404 = CARTESIAN_POINT('',(58.783257800678,-33.5,11.343704844965));
#6405 = DIRECTION('',(0.,1.,0.));
#6406 = DIRECTION('',(0.,-0.,1.));
#6407 = SHELL_BASED_SURFACE_MODEL('',(#6408));
#6408 = OPEN_SHELL('',(#6409));
#6409 = ADVANCED_FACE('',(#6410),#6436,.T.);
#6410 = FACE_BOUND('',#6411,.T.);
#6411 = EDGE_LOOP('',(#6412,#6422,#6430));
#6412 = ORIENTED_EDGE('',*,*,#6413,.T.);
#6413 = EDGE_CURVE('',#6414,#6416,#6418,.T.);
#6414 = VERTEX_POINT('',#6415);
#6415 = CARTESIAN_POINT('',(55.5,-33.5,5.));
#6416 = VERTEX_POINT('',#6417);
#6417 = CARTESIAN_POINT('',(55.5,-33.5,14.));
#6418 = LINE('',#6419,#6420);
#6419 = CARTESIAN_POINT('',(55.5,-33.5,5.));
#6420 = VECTOR('',#6421,1.);
#6421 = DIRECTION('',(0.,0.,1.));
#6422 = ORIENTED_EDGE('',*,*,#6423,.F.);
#6423 = EDGE_CURVE('',#6424,#6416,#6426,.T.);
#6424 = VERTEX_POINT('',#6425);
#6425 = CARTESIAN_POINT('',(60.075000762939,-33.5,5.));
#6426 = LINE('',#6427,#6428);
#6427 = CARTESIAN_POINT('',(60.075000762939,-33.5,5.));
#6428 = VECTOR('',#6429,1.);
#6429 = DIRECTION('',(-0.453146690349,0.,0.891435963503));
#6430 = ORIENTED_EDGE('',*,*,#6431,.T.);
#6431 = EDGE_CURVE('',#6424,#6414,#6432,.T.);
#6432 = LINE('',#6433,#6434);
#6433 = CARTESIAN_POINT('',(60.075000762939,-33.5,5.));
#6434 = VECTOR('',#6435,1.);
#6435 = DIRECTION('',(-1.,0.,0.));
#6436 = PLANE('',#6437);
#6437 = AXIS2_PLACEMENT_3D('',#6438,#6439,#6440);
#6438 = CARTESIAN_POINT('',(56.917767722133,-33.5,8.630267340663));
#6439 = DIRECTION('',(0.,1.,0.));
#6440 = DIRECTION('',(0.,-0.,1.));
#6441 = SHELL_BASED_SURFACE_MODEL('',(#6442));
#6442 = OPEN_SHELL('',(#6443));
#6443 = ADVANCED_FACE('',(#6444),#6470,.T.);
#6444 = FACE_BOUND('',#6445,.T.);
#6445 = EDGE_LOOP('',(#6446,#6456,#6464));
#6446 = ORIENTED_EDGE('',*,*,#6447,.F.);
#6447 = EDGE_CURVE('',#6448,#6450,#6452,.T.);
#6448 = VERTEX_POINT('',#6449);
#6449 = CARTESIAN_POINT('',(53.5,-33.5,17.));
#6450 = VERTEX_POINT('',#6451);
#6451 = CARTESIAN_POINT('',(53.5,-33.5,14.));
#6452 = LINE('',#6453,#6454);
#6453 = CARTESIAN_POINT('',(53.5,-33.5,17.));
#6454 = VECTOR('',#6455,1.);
#6455 = DIRECTION('',(0.,0.,-1.));
#6456 = ORIENTED_EDGE('',*,*,#6457,.F.);
#6457 = EDGE_CURVE('',#6458,#6448,#6460,.T.);
#6458 = VERTEX_POINT('',#6459);
#6459 = CARTESIAN_POINT('',(55.5,-33.5,14.));
#6460 = LINE('',#6461,#6462);
#6461 = CARTESIAN_POINT('',(55.5,-33.5,14.));
#6462 = VECTOR('',#6463,1.);
#6463 = DIRECTION('',(-0.554700196225,0.,0.832050294338));
#6464 = ORIENTED_EDGE('',*,*,#6465,.T.);
#6465 = EDGE_CURVE('',#6458,#6450,#6466,.T.);
#6466 = LINE('',#6467,#6468);
#6467 = CARTESIAN_POINT('',(55.5,-33.5,14.));
#6468 = VECTOR('',#6469,1.);
#6469 = DIRECTION('',(-1.,0.,0.));
#6470 = PLANE('',#6471);
#6471 = AXIS2_PLACEMENT_3D('',#6472,#6473,#6474);
#6472 = CARTESIAN_POINT('',(54.151387818866,-33.5,15.151387818866));
#6473 = DIRECTION('',(0.,1.,0.));
#6474 = DIRECTION('',(0.,-0.,1.));
#6475 = SHELL_BASED_SURFACE_MODEL('',(#6476));
#6476 = OPEN_SHELL('',(#6477));
#6477 = ADVANCED_FACE('',(#6478),#6504,.T.);
#6478 = FACE_BOUND('',#6479,.T.);
#6479 = EDGE_LOOP('',(#6480,#6490,#6498));
#6480 = ORIENTED_EDGE('',*,*,#6481,.T.);
#6481 = EDGE_CURVE('',#6482,#6484,#6486,.T.);
#6482 = VERTEX_POINT('',#6483);
#6483 = CARTESIAN_POINT('',(60.075000762939,33.5,5.));
#6484 = VERTEX_POINT('',#6485);
#6485 = CARTESIAN_POINT('',(60.075000762939,-33.5,5.));
#6486 = LINE('',#6487,#6488);
#6487 = CARTESIAN_POINT('',(60.075000762939,33.5,5.));
#6488 = VECTOR('',#6489,1.);
#6489 = DIRECTION('',(0.,-1.,0.));
#6490 = ORIENTED_EDGE('',*,*,#6491,.T.);
#6491 = EDGE_CURVE('',#6484,#6492,#6494,.T.);
#6492 = VERTEX_POINT('',#6493);
#6493 = CARTESIAN_POINT('',(60.075000762939,33.5,17.));
#6494 = LINE('',#6495,#6496);
#6495 = CARTESIAN_POINT('',(60.075000762939,-33.5,5.));
#6496 = VECTOR('',#6497,1.);
#6497 = DIRECTION('',(0.,0.984336643247,0.176299100283));
#6498 = ORIENTED_EDGE('',*,*,#6499,.F.);
#6499 = EDGE_CURVE('',#6482,#6492,#6500,.T.);
#6500 = LINE('',#6501,#6502);
#6501 = CARTESIAN_POINT('',(60.075000762939,33.5,5.));
#6502 = VECTOR('',#6503,1.);
#6503 = DIRECTION('',(0.,0.,1.));
#6504 = PLANE('',#6505);
#6505 = AXIS2_PLACEMENT_3D('',#6506,#6507,#6508);
#6506 = CARTESIAN_POINT('',(60.075000762939,2.733463924758,
    8.266536075242));
#6507 = DIRECTION('',(-1.,-0.,-0.));
#6508 = DIRECTION('',(0.,0.,-1.));
#6509 = SHELL_BASED_SURFACE_MODEL('',(#6510));
#6510 = OPEN_SHELL('',(#6511));
#6511 = ADVANCED_FACE('',(#6512),#6538,.T.);
#6512 = FACE_BOUND('',#6513,.T.);
#6513 = EDGE_LOOP('',(#6514,#6524,#6532));
#6514 = ORIENTED_EDGE('',*,*,#6515,.F.);
#6515 = EDGE_CURVE('',#6516,#6518,#6520,.T.);
#6516 = VERTEX_POINT('',#6517);
#6517 = CARTESIAN_POINT('',(60.075000762939,33.5,17.));
#6518 = VERTEX_POINT('',#6519);
#6519 = CARTESIAN_POINT('',(60.075000762939,-33.5,17.));
#6520 = LINE('',#6521,#6522);
#6521 = CARTESIAN_POINT('',(60.075000762939,33.5,17.));
#6522 = VECTOR('',#6523,1.);
#6523 = DIRECTION('',(0.,-1.,0.));
#6524 = ORIENTED_EDGE('',*,*,#6525,.F.);
#6525 = EDGE_CURVE('',#6526,#6516,#6528,.T.);
#6526 = VERTEX_POINT('',#6527);
#6527 = CARTESIAN_POINT('',(60.075000762939,-33.5,5.));
#6528 = LINE('',#6529,#6530);
#6529 = CARTESIAN_POINT('',(60.075000762939,-33.5,5.));
#6530 = VECTOR('',#6531,1.);
#6531 = DIRECTION('',(0.,0.984336643247,0.176299100283));
#6532 = ORIENTED_EDGE('',*,*,#6533,.F.);
#6533 = EDGE_CURVE('',#6518,#6526,#6534,.T.);
#6534 = LINE('',#6535,#6536);
#6535 = CARTESIAN_POINT('',(60.075000762939,-33.5,17.));
#6536 = VECTOR('',#6537,1.);
#6537 = DIRECTION('',(0.,0.,-1.));
#6538 = PLANE('',#6539);
#6539 = AXIS2_PLACEMENT_3D('',#6540,#6541,#6542);
#6540 = CARTESIAN_POINT('',(60.075000762939,-2.733463924758,
    13.733463924758));
#6541 = DIRECTION('',(-1.,-0.,-0.));
#6542 = DIRECTION('',(0.,0.,-1.));
#6543 = SHELL_BASED_SURFACE_MODEL('',(#6544));
#6544 = OPEN_SHELL('',(#6545));
#6545 = ADVANCED_FACE('',(#6546),#6572,.T.);
#6546 = FACE_BOUND('',#6547,.T.);
#6547 = EDGE_LOOP('',(#6548,#6558,#6566));
#6548 = ORIENTED_EDGE('',*,*,#6549,.F.);
#6549 = EDGE_CURVE('',#6550,#6552,#6554,.T.);
#6550 = VERTEX_POINT('',#6551);
#6551 = CARTESIAN_POINT('',(55.5,33.5,5.));
#6552 = VERTEX_POINT('',#6553);
#6553 = CARTESIAN_POINT('',(60.075000762939,33.5,5.));
#6554 = LINE('',#6555,#6556);
#6555 = CARTESIAN_POINT('',(55.5,33.5,5.));
#6556 = VECTOR('',#6557,1.);
#6557 = DIRECTION('',(1.,0.,0.));
#6558 = ORIENTED_EDGE('',*,*,#6559,.T.);
#6559 = EDGE_CURVE('',#6550,#6560,#6562,.T.);
#6560 = VERTEX_POINT('',#6561);
#6561 = CARTESIAN_POINT('',(60.075000762939,-33.5,5.));
#6562 = LINE('',#6563,#6564);
#6563 = CARTESIAN_POINT('',(55.5,33.5,5.));
#6564 = VECTOR('',#6565,1.);
#6565 = DIRECTION('',(6.812495679292E-02,-0.997676796494,0.));
#6566 = ORIENTED_EDGE('',*,*,#6567,.F.);
#6567 = EDGE_CURVE('',#6552,#6560,#6568,.T.);
#6568 = LINE('',#6569,#6570);
#6569 = CARTESIAN_POINT('',(60.075000762939,33.5,5.));
#6570 = VECTOR('',#6571,1.);
#6571 = DIRECTION('',(0.,-1.,0.));
#6572 = PLANE('',#6573);
#6573 = AXIS2_PLACEMENT_3D('',#6574,#6575,#6576);
#6574 = CARTESIAN_POINT('',(58.892246298609,1.104745917139,5.));
#6575 = DIRECTION('',(0.,0.,1.));
#6576 = DIRECTION('',(1.,0.,-0.));
#6577 = SHELL_BASED_SURFACE_MODEL('',(#6578));
#6578 = OPEN_SHELL('',(#6579));
#6579 = ADVANCED_FACE('',(#6580),#6606,.T.);
#6580 = FACE_BOUND('',#6581,.T.);
#6581 = EDGE_LOOP('',(#6582,#6592,#6600));
#6582 = ORIENTED_EDGE('',*,*,#6583,.F.);
#6583 = EDGE_CURVE('',#6584,#6586,#6588,.T.);
#6584 = VERTEX_POINT('',#6585);
#6585 = CARTESIAN_POINT('',(60.075000762939,-33.5,5.));
#6586 = VERTEX_POINT('',#6587);
#6587 = CARTESIAN_POINT('',(55.5,-33.5,5.));
#6588 = LINE('',#6589,#6590);
#6589 = CARTESIAN_POINT('',(60.075000762939,-33.5,5.));
#6590 = VECTOR('',#6591,1.);
#6591 = DIRECTION('',(-1.,0.,0.));
#6592 = ORIENTED_EDGE('',*,*,#6593,.F.);
#6593 = EDGE_CURVE('',#6594,#6584,#6596,.T.);
#6594 = VERTEX_POINT('',#6595);
#6595 = CARTESIAN_POINT('',(55.5,33.5,5.));
#6596 = LINE('',#6597,#6598);
#6597 = CARTESIAN_POINT('',(55.5,33.5,5.));
#6598 = VECTOR('',#6599,1.);
#6599 = DIRECTION('',(6.812495679292E-02,-0.997676796494,0.));
#6600 = ORIENTED_EDGE('',*,*,#6601,.T.);
#6601 = EDGE_CURVE('',#6594,#6586,#6602,.T.);
#6602 = LINE('',#6603,#6604);
#6603 = CARTESIAN_POINT('',(55.5,33.5,5.));
#6604 = VECTOR('',#6605,1.);
#6605 = DIRECTION('',(0.,-1.,0.));
#6606 = PLANE('',#6607);
#6607 = AXIS2_PLACEMENT_3D('',#6608,#6609,#6610);
#6608 = CARTESIAN_POINT('',(56.68275446433,-1.104745917139,5.));
#6609 = DIRECTION('',(0.,0.,1.));
#6610 = DIRECTION('',(1.,0.,-0.));
#6611 = SHELL_BASED_SURFACE_MODEL('',(#6612));
#6612 = OPEN_SHELL('',(#6613));
#6613 = ADVANCED_FACE('',(#6614),#6640,.T.);
#6614 = FACE_BOUND('',#6615,.T.);
#6615 = EDGE_LOOP('',(#6616,#6626,#6634));
#6616 = ORIENTED_EDGE('',*,*,#6617,.T.);
#6617 = EDGE_CURVE('',#6618,#6620,#6622,.T.);
#6618 = VERTEX_POINT('',#6619);
#6619 = CARTESIAN_POINT('',(55.5,33.5,14.));
#6620 = VERTEX_POINT('',#6621);
#6621 = CARTESIAN_POINT('',(55.5,-33.5,14.));
#6622 = LINE('',#6623,#6624);
#6623 = CARTESIAN_POINT('',(55.5,33.5,14.));
#6624 = VECTOR('',#6625,1.);
#6625 = DIRECTION('',(0.,-1.,0.));
#6626 = ORIENTED_EDGE('',*,*,#6627,.T.);
#6627 = EDGE_CURVE('',#6620,#6628,#6630,.T.);
#6628 = VERTEX_POINT('',#6629);
#6629 = CARTESIAN_POINT('',(55.5,33.5,5.));
#6630 = LINE('',#6631,#6632);
#6631 = CARTESIAN_POINT('',(55.5,-33.5,14.));
#6632 = VECTOR('',#6633,1.);
#6633 = DIRECTION('',(0.,0.991098234869,-0.133132598714));
#6634 = ORIENTED_EDGE('',*,*,#6635,.F.);
#6635 = EDGE_CURVE('',#6618,#6628,#6636,.T.);
#6636 = LINE('',#6637,#6638);
#6637 = CARTESIAN_POINT('',(55.5,33.5,14.));
#6638 = VECTOR('',#6639,1.);
#6639 = DIRECTION('',(0.,0.,-1.));
#6640 = PLANE('',#6641);
#6641 = AXIS2_PLACEMENT_3D('',#6642,#6643,#6644);
#6642 = CARTESIAN_POINT('',(55.5,2.099556218844,11.599556218844));
#6643 = DIRECTION('',(1.,0.,0.));
#6644 = DIRECTION('',(-0.,0.,1.));
#6645 = SHELL_BASED_SURFACE_MODEL('',(#6646));
#6646 = OPEN_SHELL('',(#6647));
#6647 = ADVANCED_FACE('',(#6648),#6674,.T.);
#6648 = FACE_BOUND('',#6649,.T.);
#6649 = EDGE_LOOP('',(#6650,#6660,#6668));
#6650 = ORIENTED_EDGE('',*,*,#6651,.F.);
#6651 = EDGE_CURVE('',#6652,#6654,#6656,.T.);
#6652 = VERTEX_POINT('',#6653);
#6653 = CARTESIAN_POINT('',(55.5,33.5,5.));
#6654 = VERTEX_POINT('',#6655);
#6655 = CARTESIAN_POINT('',(55.5,-33.5,5.));
#6656 = LINE('',#6657,#6658);
#6657 = CARTESIAN_POINT('',(55.5,33.5,5.));
#6658 = VECTOR('',#6659,1.);
#6659 = DIRECTION('',(0.,-1.,0.));
#6660 = ORIENTED_EDGE('',*,*,#6661,.F.);
#6661 = EDGE_CURVE('',#6662,#6652,#6664,.T.);
#6662 = VERTEX_POINT('',#6663);
#6663 = CARTESIAN_POINT('',(55.5,-33.5,14.));
#6664 = LINE('',#6665,#6666);
#6665 = CARTESIAN_POINT('',(55.5,-33.5,14.));
#6666 = VECTOR('',#6667,1.);
#6667 = DIRECTION('',(0.,0.991098234869,-0.133132598714));
#6668 = ORIENTED_EDGE('',*,*,#6669,.F.);
#6669 = EDGE_CURVE('',#6654,#6662,#6670,.T.);
#6670 = LINE('',#6671,#6672);
#6671 = CARTESIAN_POINT('',(55.5,-33.5,5.));
#6672 = VECTOR('',#6673,1.);
#6673 = DIRECTION('',(0.,0.,1.));
#6674 = PLANE('',#6675);
#6675 = AXIS2_PLACEMENT_3D('',#6676,#6677,#6678);
#6676 = CARTESIAN_POINT('',(55.5,-2.099556218844,7.400443781156));
#6677 = DIRECTION('',(1.,0.,0.));
#6678 = DIRECTION('',(-0.,0.,1.));
#6679 = SHELL_BASED_SURFACE_MODEL('',(#6680));
#6680 = OPEN_SHELL('',(#6681));
#6681 = ADVANCED_FACE('',(#6682),#6708,.T.);
#6682 = FACE_BOUND('',#6683,.T.);
#6683 = EDGE_LOOP('',(#6684,#6694,#6702));
#6684 = ORIENTED_EDGE('',*,*,#6685,.F.);
#6685 = EDGE_CURVE('',#6686,#6688,#6690,.T.);
#6686 = VERTEX_POINT('',#6687);
#6687 = CARTESIAN_POINT('',(-55.5,33.5,14.));
#6688 = VERTEX_POINT('',#6689);
#6689 = CARTESIAN_POINT('',(-53.5,33.5,14.));
#6690 = LINE('',#6691,#6692);
#6691 = CARTESIAN_POINT('',(-55.5,33.5,14.));
#6692 = VECTOR('',#6693,1.);
#6693 = DIRECTION('',(1.,0.,0.));
#6694 = ORIENTED_EDGE('',*,*,#6695,.T.);
#6695 = EDGE_CURVE('',#6686,#6696,#6698,.T.);
#6696 = VERTEX_POINT('',#6697);
#6697 = CARTESIAN_POINT('',(-53.5,-33.5,14.));
#6698 = LINE('',#6699,#6700);
#6699 = CARTESIAN_POINT('',(-55.5,33.5,14.));
#6700 = VECTOR('',#6701,1.);
#6701 = DIRECTION('',(2.983745564188E-02,-0.999554764003,0.));
#6702 = ORIENTED_EDGE('',*,*,#6703,.F.);
#6703 = EDGE_CURVE('',#6688,#6696,#6704,.T.);
#6704 = LINE('',#6705,#6706);
#6705 = CARTESIAN_POINT('',(-53.5,33.5,14.));
#6706 = VECTOR('',#6707,1.);
#6707 = DIRECTION('',(0.,-1.,0.));
#6708 = PLANE('',#6709);
#6709 = AXIS2_PLACEMENT_3D('',#6710,#6711,#6712);
#6710 = CARTESIAN_POINT('',(-54.00746102486,0.492538975131,14.));
#6711 = DIRECTION('',(0.,0.,1.));
#6712 = DIRECTION('',(1.,0.,-0.));
#6713 = SHELL_BASED_SURFACE_MODEL('',(#6714));
#6714 = OPEN_SHELL('',(#6715));
#6715 = ADVANCED_FACE('',(#6716),#6742,.T.);
#6716 = FACE_BOUND('',#6717,.T.);
#6717 = EDGE_LOOP('',(#6718,#6728,#6736));
#6718 = ORIENTED_EDGE('',*,*,#6719,.F.);
#6719 = EDGE_CURVE('',#6720,#6722,#6724,.T.);
#6720 = VERTEX_POINT('',#6721);
#6721 = CARTESIAN_POINT('',(-53.5,-33.5,14.));
#6722 = VERTEX_POINT('',#6723);
#6723 = CARTESIAN_POINT('',(-55.5,-33.5,14.));
#6724 = LINE('',#6725,#6726);
#6725 = CARTESIAN_POINT('',(-53.5,-33.5,14.));
#6726 = VECTOR('',#6727,1.);
#6727 = DIRECTION('',(-1.,0.,0.));
#6728 = ORIENTED_EDGE('',*,*,#6729,.F.);
#6729 = EDGE_CURVE('',#6730,#6720,#6732,.T.);
#6730 = VERTEX_POINT('',#6731);
#6731 = CARTESIAN_POINT('',(-55.5,33.5,14.));
#6732 = LINE('',#6733,#6734);
#6733 = CARTESIAN_POINT('',(-55.5,33.5,14.));
#6734 = VECTOR('',#6735,1.);
#6735 = DIRECTION('',(2.983745564188E-02,-0.999554764003,0.));
#6736 = ORIENTED_EDGE('',*,*,#6737,.F.);
#6737 = EDGE_CURVE('',#6722,#6730,#6738,.T.);
#6738 = LINE('',#6739,#6740);
#6739 = CARTESIAN_POINT('',(-55.5,-33.5,14.));
#6740 = VECTOR('',#6741,1.);
#6741 = DIRECTION('',(0.,1.,0.));
#6742 = PLANE('',#6743);
#6743 = AXIS2_PLACEMENT_3D('',#6744,#6745,#6746);
#6744 = CARTESIAN_POINT('',(-54.99253897513,-0.492538975131,14.));
#6745 = DIRECTION('',(0.,0.,1.));
#6746 = DIRECTION('',(1.,0.,-0.));
#6747 = SHELL_BASED_SURFACE_MODEL('',(#6748));
#6748 = OPEN_SHELL('',(#6749));
#6749 = ADVANCED_FACE('',(#6750),#6776,.T.);
#6750 = FACE_BOUND('',#6751,.T.);
#6751 = EDGE_LOOP('',(#6752,#6762,#6770));
#6752 = ORIENTED_EDGE('',*,*,#6753,.F.);
#6753 = EDGE_CURVE('',#6754,#6756,#6758,.T.);
#6754 = VERTEX_POINT('',#6755);
#6755 = CARTESIAN_POINT('',(-49.5,-35.5,14.));
#6756 = VERTEX_POINT('',#6757);
#6757 = CARTESIAN_POINT('',(49.5,-35.5,14.));
#6758 = LINE('',#6759,#6760);
#6759 = CARTESIAN_POINT('',(-49.5,-35.5,14.));
#6760 = VECTOR('',#6761,1.);
#6761 = DIRECTION('',(1.,0.,0.));
#6762 = ORIENTED_EDGE('',*,*,#6763,.T.);
#6763 = EDGE_CURVE('',#6754,#6764,#6766,.T.);
#6764 = VERTEX_POINT('',#6765);
#6765 = CARTESIAN_POINT('',(49.5,-36.5,14.));
#6766 = LINE('',#6767,#6768);
#6767 = CARTESIAN_POINT('',(-49.5,-35.5,14.));
#6768 = VECTOR('',#6769,1.);
#6769 = DIRECTION('',(0.999948988701,-1.010049483536E-02,0.));
#6770 = ORIENTED_EDGE('',*,*,#6771,.F.);
#6771 = EDGE_CURVE('',#6756,#6764,#6772,.T.);
#6772 = LINE('',#6773,#6774);
#6773 = CARTESIAN_POINT('',(49.5,-35.5,14.));
#6774 = VECTOR('',#6775,1.);
#6775 = DIRECTION('',(0.,-1.,0.));
#6776 = PLANE('',#6777);
#6777 = AXIS2_PLACEMENT_3D('',#6778,#6779,#6780);
#6778 = CARTESIAN_POINT('',(0.248737405942,-35.75126259405,14.));
#6779 = DIRECTION('',(0.,0.,1.));
#6780 = DIRECTION('',(1.,0.,-0.));
#6781 = SHELL_BASED_SURFACE_MODEL('',(#6782));
#6782 = OPEN_SHELL('',(#6783));
#6783 = ADVANCED_FACE('',(#6784),#6810,.T.);
#6784 = FACE_BOUND('',#6785,.T.);
#6785 = EDGE_LOOP('',(#6786,#6796,#6804));
#6786 = ORIENTED_EDGE('',*,*,#6787,.F.);
#6787 = EDGE_CURVE('',#6788,#6790,#6792,.T.);
#6788 = VERTEX_POINT('',#6789);
#6789 = CARTESIAN_POINT('',(49.5,-36.5,14.));
#6790 = VERTEX_POINT('',#6791);
#6791 = CARTESIAN_POINT('',(-49.5,-36.5,14.));
#6792 = LINE('',#6793,#6794);
#6793 = CARTESIAN_POINT('',(49.5,-36.5,14.));
#6794 = VECTOR('',#6795,1.);
#6795 = DIRECTION('',(-1.,0.,0.));
#6796 = ORIENTED_EDGE('',*,*,#6797,.F.);
#6797 = EDGE_CURVE('',#6798,#6788,#6800,.T.);
#6798 = VERTEX_POINT('',#6799);
#6799 = CARTESIAN_POINT('',(-49.5,-35.5,14.));
#6800 = LINE('',#6801,#6802);
#6801 = CARTESIAN_POINT('',(-49.5,-35.5,14.));
#6802 = VECTOR('',#6803,1.);
#6803 = DIRECTION('',(0.999948988701,-1.010049483536E-02,0.));
#6804 = ORIENTED_EDGE('',*,*,#6805,.F.);
#6805 = EDGE_CURVE('',#6790,#6798,#6806,.T.);
#6806 = LINE('',#6807,#6808);
#6807 = CARTESIAN_POINT('',(-49.5,-36.5,14.));
#6808 = VECTOR('',#6809,1.);
#6809 = DIRECTION('',(0.,1.,0.));
#6810 = PLANE('',#6811);
#6811 = AXIS2_PLACEMENT_3D('',#6812,#6813,#6814);
#6812 = CARTESIAN_POINT('',(-0.248737405942,-36.24873740594,14.));
#6813 = DIRECTION('',(0.,0.,1.));
#6814 = DIRECTION('',(1.,0.,-0.));
#6815 = SHELL_BASED_SURFACE_MODEL('',(#6816));
#6816 = OPEN_SHELL('',(#6817));
#6817 = ADVANCED_FACE('',(#6818),#6844,.T.);
#6818 = FACE_BOUND('',#6819,.T.);
#6819 = EDGE_LOOP('',(#6820,#6830,#6838));
#6820 = ORIENTED_EDGE('',*,*,#6821,.F.);
#6821 = EDGE_CURVE('',#6822,#6824,#6826,.T.);
#6822 = VERTEX_POINT('',#6823);
#6823 = CARTESIAN_POINT('',(-49.5,36.5,14.));
#6824 = VERTEX_POINT('',#6825);
#6825 = CARTESIAN_POINT('',(49.5,36.5,14.));
#6826 = LINE('',#6827,#6828);
#6827 = CARTESIAN_POINT('',(-49.5,36.5,14.));
#6828 = VECTOR('',#6829,1.);
#6829 = DIRECTION('',(1.,0.,0.));
#6830 = ORIENTED_EDGE('',*,*,#6831,.T.);
#6831 = EDGE_CURVE('',#6822,#6832,#6834,.T.);
#6832 = VERTEX_POINT('',#6833);
#6833 = CARTESIAN_POINT('',(49.5,35.5,14.));
#6834 = LINE('',#6835,#6836);
#6835 = CARTESIAN_POINT('',(-49.5,36.5,14.));
#6836 = VECTOR('',#6837,1.);
#6837 = DIRECTION('',(0.999948988701,-1.010049483536E-02,0.));
#6838 = ORIENTED_EDGE('',*,*,#6839,.F.);
#6839 = EDGE_CURVE('',#6824,#6832,#6840,.T.);
#6840 = LINE('',#6841,#6842);
#6841 = CARTESIAN_POINT('',(49.5,36.5,14.));
#6842 = VECTOR('',#6843,1.);
#6843 = DIRECTION('',(0.,-1.,0.));
#6844 = PLANE('',#6845);
#6845 = AXIS2_PLACEMENT_3D('',#6846,#6847,#6848);
#6846 = CARTESIAN_POINT('',(0.248737405942,36.248737405942,14.));
#6847 = DIRECTION('',(0.,0.,1.));
#6848 = DIRECTION('',(1.,0.,-0.));
#6849 = SHELL_BASED_SURFACE_MODEL('',(#6850));
#6850 = OPEN_SHELL('',(#6851));
#6851 = ADVANCED_FACE('',(#6852),#6878,.T.);
#6852 = FACE_BOUND('',#6853,.T.);
#6853 = EDGE_LOOP('',(#6854,#6864,#6872));
#6854 = ORIENTED_EDGE('',*,*,#6855,.F.);
#6855 = EDGE_CURVE('',#6856,#6858,#6860,.T.);
#6856 = VERTEX_POINT('',#6857);
#6857 = CARTESIAN_POINT('',(49.5,35.5,14.));
#6858 = VERTEX_POINT('',#6859);
#6859 = CARTESIAN_POINT('',(-49.5,35.5,14.));
#6860 = LINE('',#6861,#6862);
#6861 = CARTESIAN_POINT('',(49.5,35.5,14.));
#6862 = VECTOR('',#6863,1.);
#6863 = DIRECTION('',(-1.,0.,0.));
#6864 = ORIENTED_EDGE('',*,*,#6865,.F.);
#6865 = EDGE_CURVE('',#6866,#6856,#6868,.T.);
#6866 = VERTEX_POINT('',#6867);
#6867 = CARTESIAN_POINT('',(-49.5,36.5,14.));
#6868 = LINE('',#6869,#6870);
#6869 = CARTESIAN_POINT('',(-49.5,36.5,14.));
#6870 = VECTOR('',#6871,1.);
#6871 = DIRECTION('',(0.999948988701,-1.010049483536E-02,0.));
#6872 = ORIENTED_EDGE('',*,*,#6873,.F.);
#6873 = EDGE_CURVE('',#6858,#6866,#6874,.T.);
#6874 = LINE('',#6875,#6876);
#6875 = CARTESIAN_POINT('',(-49.5,35.5,14.));
#6876 = VECTOR('',#6877,1.);
#6877 = DIRECTION('',(0.,1.,0.));
#6878 = PLANE('',#6879);
#6879 = AXIS2_PLACEMENT_3D('',#6880,#6881,#6882);
#6880 = CARTESIAN_POINT('',(-0.248737405942,35.751262594058,14.));
#6881 = DIRECTION('',(0.,0.,1.));
#6882 = DIRECTION('',(1.,0.,-0.));
#6883 = SHELL_BASED_SURFACE_MODEL('',(#6884));
#6884 = OPEN_SHELL('',(#6885));
#6885 = ADVANCED_FACE('',(#6886),#6912,.T.);
#6886 = FACE_BOUND('',#6887,.T.);
#6887 = EDGE_LOOP('',(#6888,#6898,#6906));
#6888 = ORIENTED_EDGE('',*,*,#6889,.F.);
#6889 = EDGE_CURVE('',#6890,#6892,#6894,.T.);
#6890 = VERTEX_POINT('',#6891);
#6891 = CARTESIAN_POINT('',(53.5,33.5,14.));
#6892 = VERTEX_POINT('',#6893);
#6893 = CARTESIAN_POINT('',(55.5,33.5,14.));
#6894 = LINE('',#6895,#6896);
#6895 = CARTESIAN_POINT('',(53.5,33.5,14.));
#6896 = VECTOR('',#6897,1.);
#6897 = DIRECTION('',(1.,0.,0.));
#6898 = ORIENTED_EDGE('',*,*,#6899,.T.);
#6899 = EDGE_CURVE('',#6890,#6900,#6902,.T.);
#6900 = VERTEX_POINT('',#6901);
#6901 = CARTESIAN_POINT('',(55.5,-33.5,14.));
#6902 = LINE('',#6903,#6904);
#6903 = CARTESIAN_POINT('',(53.5,33.5,14.));
#6904 = VECTOR('',#6905,1.);
#6905 = DIRECTION('',(2.983745564188E-02,-0.999554764003,0.));
#6906 = ORIENTED_EDGE('',*,*,#6907,.F.);
#6907 = EDGE_CURVE('',#6892,#6900,#6908,.T.);
#6908 = LINE('',#6909,#6910);
#6909 = CARTESIAN_POINT('',(55.5,33.5,14.));
#6910 = VECTOR('',#6911,1.);
#6911 = DIRECTION('',(0.,-1.,0.));
#6912 = PLANE('',#6913);
#6913 = AXIS2_PLACEMENT_3D('',#6914,#6915,#6916);
#6914 = CARTESIAN_POINT('',(54.992538975131,0.492538975131,14.));
#6915 = DIRECTION('',(0.,0.,1.));
#6916 = DIRECTION('',(1.,0.,-0.));
#6917 = SHELL_BASED_SURFACE_MODEL('',(#6918));
#6918 = OPEN_SHELL('',(#6919));
#6919 = ADVANCED_FACE('',(#6920),#6946,.T.);
#6920 = FACE_BOUND('',#6921,.T.);
#6921 = EDGE_LOOP('',(#6922,#6932,#6940));
#6922 = ORIENTED_EDGE('',*,*,#6923,.F.);
#6923 = EDGE_CURVE('',#6924,#6926,#6928,.T.);
#6924 = VERTEX_POINT('',#6925);
#6925 = CARTESIAN_POINT('',(55.5,-33.5,14.));
#6926 = VERTEX_POINT('',#6927);
#6927 = CARTESIAN_POINT('',(53.5,-33.5,14.));
#6928 = LINE('',#6929,#6930);
#6929 = CARTESIAN_POINT('',(55.5,-33.5,14.));
#6930 = VECTOR('',#6931,1.);
#6931 = DIRECTION('',(-1.,0.,0.));
#6932 = ORIENTED_EDGE('',*,*,#6933,.F.);
#6933 = EDGE_CURVE('',#6934,#6924,#6936,.T.);
#6934 = VERTEX_POINT('',#6935);
#6935 = CARTESIAN_POINT('',(53.5,33.5,14.));
#6936 = LINE('',#6937,#6938);
#6937 = CARTESIAN_POINT('',(53.5,33.5,14.));
#6938 = VECTOR('',#6939,1.);
#6939 = DIRECTION('',(2.983745564188E-02,-0.999554764003,0.));
#6940 = ORIENTED_EDGE('',*,*,#6941,.F.);
#6941 = EDGE_CURVE('',#6926,#6934,#6942,.T.);
#6942 = LINE('',#6943,#6944);
#6943 = CARTESIAN_POINT('',(53.5,-33.5,14.));
#6944 = VECTOR('',#6945,1.);
#6945 = DIRECTION('',(0.,1.,0.));
#6946 = PLANE('',#6947);
#6947 = AXIS2_PLACEMENT_3D('',#6948,#6949,#6950);
#6948 = CARTESIAN_POINT('',(54.007461024869,-0.492538975131,14.));
#6949 = DIRECTION('',(0.,0.,1.));
#6950 = DIRECTION('',(1.,0.,-0.));
#6951 = ( GEOMETRIC_REPRESENTATION_CONTEXT(3) 
GLOBAL_UNCERTAINTY_ASSIGNED_CONTEXT((#6955)) 
GLOBAL_UNIT_ASSIGNED_CONTEXT((#6952,#6953,#6954)) REPRESENTATION_CONTEXT
('Context #1','3D Context with UNIT and UNCERTAINTY') );
#6952 = ( LENGTH_UNIT() NAMED_UNIT(*) SI_UNIT(.MILLI.,.METRE.) );
#6953 = ( NAMED_UNIT(*) PLANE_ANGLE_UNIT() SI_UNIT($,.RADIAN.) );
#6954 = ( NAMED_UNIT(*) SI_UNIT($,.STERADIAN.) SOLID_ANGLE_UNIT() );
#6955 = UNCERTAINTY_MEASURE_WITH_UNIT(LENGTH_MEASURE(1.E-07),#6952,
  'distance_accuracy_value','confusion accuracy');
#6956 = PRODUCT_RELATED_PRODUCT_CATEGORY('part',$,(#7));
#6957 = MECHANICAL_DESIGN_GEOMETRIC_PRESENTATION_REPRESENTATION('',(
    #6958,#6969,#6978,#6987,#6996,#7005,#7014,#7023,#7032,#7041,#7050,
    #7059,#7068,#7077,#7086,#7095,#7104,#7113,#7122,#7131,#7140,#7149,
    #7158,#7167,#7176,#7185,#7194,#7203,#7212,#7221,#7230,#7239,#7248,
    #7257,#7266,#7275,#7284,#7293,#7302,#7311,#7320,#7329,#7338,#7347,
    #7356,#7365,#7374,#7383,#7392,#7401,#7410,#7419,#7428,#7437,#7446,
    #7455,#7464,#7473,#7482,#7491,#7500,#7509,#7518,#7527,#7536,#7545,
    #7554,#7563,#7572,#7581,#7590,#7599,#7608,#7617,#7626,#7635,#7644,
    #7653,#7662,#7671,#7680,#7689,#7698,#7707,#7716,#7725,#7734,#7743,
    #7752,#7761,#7770,#7779,#7788,#7797,#7806,#7815,#7824,#7833,#7842,
    #7851,#7860,#7869,#7878,#7887,#7896,#7905,#7914,#7923,#7932,#7941,
    #7950,#7959,#7968,#7977,#7986,#7995,#8004,#8013,#8022,#8031,#8040,
    #8049,#8058,#8067,#8076,#8085,#8094,#8103,#8112,#8121,#8130,#8139,
    #8148,#8157,#8166,#8175,#8184,#8193,#8202,#8211,#8220,#8229,#8238,
    #8247,#8256,#8265,#8274,#8283,#8292,#8301,#8310,#8319,#8328,#8337,
    #8346,#8355,#8364,#8373,#8382,#8391,#8400,#8409,#8418,#8427,#8436,
    #8445,#8454,#8463,#8472,#8481,#8490,#8499,#8508,#8517,#8526,#8535,
    #8544,#8553,#8562,#8571,#8580,#8589,#8598,#8607,#8616,#8625,#8634,
    #8643,#8652,#8661,#8670,#8679,#8688,#8697,#8706,#8715,#8724,#8733,
    #8742,#8751,#8760,#8769,#8778,#8787),#6951);
#6958 = STYLED_ITEM('color',(#6959),#17);
#6959 = PRESENTATION_STYLE_ASSIGNMENT((#6960,#6966));
#6960 = SURFACE_STYLE_USAGE(.BOTH.,#6961);
#6961 = SURFACE_SIDE_STYLE('',(#6962));
#6962 = SURFACE_STYLE_FILL_AREA(#6963);
#6963 = FILL_AREA_STYLE('',(#6964));
#6964 = FILL_AREA_STYLE_COLOUR('',#6965);
#6965 = COLOUR_RGB('',0.800000010877,0.800000010877,0.800000010877);
#6966 = CURVE_STYLE('',#6967,POSITIVE_LENGTH_MEASURE(0.1),#6968);
#6967 = DRAUGHTING_PRE_DEFINED_CURVE_FONT('continuous');
#6968 = COLOUR_RGB('',9.803921802644E-02,9.803921802644E-02,
  9.803921802644E-02);
#6969 = STYLED_ITEM('color',(#6970),#51);
#6970 = PRESENTATION_STYLE_ASSIGNMENT((#6971,#6976));
#6971 = SURFACE_STYLE_USAGE(.BOTH.,#6972);
#6972 = SURFACE_SIDE_STYLE('',(#6973));
#6973 = SURFACE_STYLE_FILL_AREA(#6974);
#6974 = FILL_AREA_STYLE('',(#6975));
#6975 = FILL_AREA_STYLE_COLOUR('',#6965);
#6976 = CURVE_STYLE('',#6977,POSITIVE_LENGTH_MEASURE(0.1),#6968);
#6977 = DRAUGHTING_PRE_DEFINED_CURVE_FONT('continuous');
#6978 = STYLED_ITEM('color',(#6979),#85);
#6979 = PRESENTATION_STYLE_ASSIGNMENT((#6980,#6985));
#6980 = SURFACE_STYLE_USAGE(.BOTH.,#6981);
#6981 = SURFACE_SIDE_STYLE('',(#6982));
#6982 = SURFACE_STYLE_FILL_AREA(#6983);
#6983 = FILL_AREA_STYLE('',(#6984));
#6984 = FILL_AREA_STYLE_COLOUR('',#6965);
#6985 = CURVE_STYLE('',#6986,POSITIVE_LENGTH_MEASURE(0.1),#6968);
#6986 = DRAUGHTING_PRE_DEFINED_CURVE_FONT('continuous');
#6987 = STYLED_ITEM('color',(#6988),#119);
#6988 = PRESENTATION_STYLE_ASSIGNMENT((#6989,#6994));
#6989 = SURFACE_STYLE_USAGE(.BOTH.,#6990);
#6990 = SURFACE_SIDE_STYLE('',(#6991));
#6991 = SURFACE_STYLE_FILL_AREA(#6992);
#6992 = FILL_AREA_STYLE('',(#6993));
#6993 = FILL_AREA_STYLE_COLOUR('',#6965);
#6994 = CURVE_STYLE('',#6995,POSITIVE_LENGTH_MEASURE(0.1),#6968);
#6995 = DRAUGHTING_PRE_DEFINED_CURVE_FONT('continuous');
#6996 = STYLED_ITEM('color',(#6997),#153);
#6997 = PRESENTATION_STYLE_ASSIGNMENT((#6998,#7003));
#6998 = SURFACE_STYLE_USAGE(.BOTH.,#6999);
#6999 = SURFACE_SIDE_STYLE('',(#7000));
#7000 = SURFACE_STYLE_FILL_AREA(#7001);
#7001 = FILL_AREA_STYLE('',(#7002));
#7002 = FILL_AREA_STYLE_COLOUR('',#6965);
#7003 = CURVE_STYLE('',#7004,POSITIVE_LENGTH_MEASURE(0.1),#6968);
#7004 = DRAUGHTING_PRE_DEFINED_CURVE_FONT('continuous');
#7005 = STYLED_ITEM('color',(#7006),#187);
#7006 = PRESENTATION_STYLE_ASSIGNMENT((#7007,#7012));
#7007 = SURFACE_STYLE_USAGE(.BOTH.,#7008);
#7008 = SURFACE_SIDE_STYLE('',(#7009));
#7009 = SURFACE_STYLE_FILL_AREA(#7010);
#7010 = FILL_AREA_STYLE('',(#7011));
#7011 = FILL_AREA_STYLE_COLOUR('',#6965);
#7012 = CURVE_STYLE('',#7013,POSITIVE_LENGTH_MEASURE(0.1),#6968);
#7013 = DRAUGHTING_PRE_DEFINED_CURVE_FONT('continuous');
#7014 = STYLED_ITEM('color',(#7015),#221);
#7015 = PRESENTATION_STYLE_ASSIGNMENT((#7016,#7021));
#7016 = SURFACE_STYLE_USAGE(.BOTH.,#7017);
#7017 = SURFACE_SIDE_STYLE('',(#7018));
#7018 = SURFACE_STYLE_FILL_AREA(#7019);
#7019 = FILL_AREA_STYLE('',(#7020));
#7020 = FILL_AREA_STYLE_COLOUR('',#6965);
#7021 = CURVE_STYLE('',#7022,POSITIVE_LENGTH_MEASURE(0.1),#6968);
#7022 = DRAUGHTING_PRE_DEFINED_CURVE_FONT('continuous');
#7023 = STYLED_ITEM('color',(#7024),#255);
#7024 = PRESENTATION_STYLE_ASSIGNMENT((#7025,#7030));
#7025 = SURFACE_STYLE_USAGE(.BOTH.,#7026);
#7026 = SURFACE_SIDE_STYLE('',(#7027));
#7027 = SURFACE_STYLE_FILL_AREA(#7028);
#7028 = FILL_AREA_STYLE('',(#7029));
#7029 = FILL_AREA_STYLE_COLOUR('',#6965);
#7030 = CURVE_STYLE('',#7031,POSITIVE_LENGTH_MEASURE(0.1),#6968);
#7031 = DRAUGHTING_PRE_DEFINED_CURVE_FONT('continuous');
#7032 = STYLED_ITEM('color',(#7033),#289);
#7033 = PRESENTATION_STYLE_ASSIGNMENT((#7034,#7039));
#7034 = SURFACE_STYLE_USAGE(.BOTH.,#7035);
#7035 = SURFACE_SIDE_STYLE('',(#7036));
#7036 = SURFACE_STYLE_FILL_AREA(#7037);
#7037 = FILL_AREA_STYLE('',(#7038));
#7038 = FILL_AREA_STYLE_COLOUR('',#6965);
#7039 = CURVE_STYLE('',#7040,POSITIVE_LENGTH_MEASURE(0.1),#6968);
#7040 = DRAUGHTING_PRE_DEFINED_CURVE_FONT('continuous');
#7041 = STYLED_ITEM('color',(#7042),#323);
#7042 = PRESENTATION_STYLE_ASSIGNMENT((#7043,#7048));
#7043 = SURFACE_STYLE_USAGE(.BOTH.,#7044);
#7044 = SURFACE_SIDE_STYLE('',(#7045));
#7045 = SURFACE_STYLE_FILL_AREA(#7046);
#7046 = FILL_AREA_STYLE('',(#7047));
#7047 = FILL_AREA_STYLE_COLOUR('',#6965);
#7048 = CURVE_STYLE('',#7049,POSITIVE_LENGTH_MEASURE(0.1),#6968);
#7049 = DRAUGHTING_PRE_DEFINED_CURVE_FONT('continuous');
#7050 = STYLED_ITEM('color',(#7051),#357);
#7051 = PRESENTATION_STYLE_ASSIGNMENT((#7052,#7057));
#7052 = SURFACE_STYLE_USAGE(.BOTH.,#7053);
#7053 = SURFACE_SIDE_STYLE('',(#7054));
#7054 = SURFACE_STYLE_FILL_AREA(#7055);
#7055 = FILL_AREA_STYLE('',(#7056));
#7056 = FILL_AREA_STYLE_COLOUR('',#6965);
#7057 = CURVE_STYLE('',#7058,POSITIVE_LENGTH_MEASURE(0.1),#6968);
#7058 = DRAUGHTING_PRE_DEFINED_CURVE_FONT('continuous');
#7059 = STYLED_ITEM('color',(#7060),#391);
#7060 = PRESENTATION_STYLE_ASSIGNMENT((#7061,#7066));
#7061 = SURFACE_STYLE_USAGE(.BOTH.,#7062);
#7062 = SURFACE_SIDE_STYLE('',(#7063));
#7063 = SURFACE_STYLE_FILL_AREA(#7064);
#7064 = FILL_AREA_STYLE('',(#7065));
#7065 = FILL_AREA_STYLE_COLOUR('',#6965);
#7066 = CURVE_STYLE('',#7067,POSITIVE_LENGTH_MEASURE(0.1),#6968);
#7067 = DRAUGHTING_PRE_DEFINED_CURVE_FONT('continuous');
#7068 = STYLED_ITEM('color',(#7069),#425);
#7069 = PRESENTATION_STYLE_ASSIGNMENT((#7070,#7075));
#7070 = SURFACE_STYLE_USAGE(.BOTH.,#7071);
#7071 = SURFACE_SIDE_STYLE('',(#7072));
#7072 = SURFACE_STYLE_FILL_AREA(#7073);
#7073 = FILL_AREA_STYLE('',(#7074));
#7074 = FILL_AREA_STYLE_COLOUR('',#6965);
#7075 = CURVE_STYLE('',#7076,POSITIVE_LENGTH_MEASURE(0.1),#6968);
#7076 = DRAUGHTING_PRE_DEFINED_CURVE_FONT('continuous');
#7077 = STYLED_ITEM('color',(#7078),#459);
#7078 = PRESENTATION_STYLE_ASSIGNMENT((#7079,#7084));
#7079 = SURFACE_STYLE_USAGE(.BOTH.,#7080);
#7080 = SURFACE_SIDE_STYLE('',(#7081));
#7081 = SURFACE_STYLE_FILL_AREA(#7082);
#7082 = FILL_AREA_STYLE('',(#7083));
#7083 = FILL_AREA_STYLE_COLOUR('',#6965);
#7084 = CURVE_STYLE('',#7085,POSITIVE_LENGTH_MEASURE(0.1),#6968);
#7085 = DRAUGHTING_PRE_DEFINED_CURVE_FONT('continuous');
#7086 = STYLED_ITEM('color',(#7087),#493);
#7087 = PRESENTATION_STYLE_ASSIGNMENT((#7088,#7093));
#7088 = SURFACE_STYLE_USAGE(.BOTH.,#7089);
#7089 = SURFACE_SIDE_STYLE('',(#7090));
#7090 = SURFACE_STYLE_FILL_AREA(#7091);
#7091 = FILL_AREA_STYLE('',(#7092));
#7092 = FILL_AREA_STYLE_COLOUR('',#6965);
#7093 = CURVE_STYLE('',#7094,POSITIVE_LENGTH_MEASURE(0.1),#6968);
#7094 = DRAUGHTING_PRE_DEFINED_CURVE_FONT('continuous');
#7095 = STYLED_ITEM('color',(#7096),#527);
#7096 = PRESENTATION_STYLE_ASSIGNMENT((#7097,#7102));
#7097 = SURFACE_STYLE_USAGE(.BOTH.,#7098);
#7098 = SURFACE_SIDE_STYLE('',(#7099));
#7099 = SURFACE_STYLE_FILL_AREA(#7100);
#7100 = FILL_AREA_STYLE('',(#7101));
#7101 = FILL_AREA_STYLE_COLOUR('',#6965);
#7102 = CURVE_STYLE('',#7103,POSITIVE_LENGTH_MEASURE(0.1),#6968);
#7103 = DRAUGHTING_PRE_DEFINED_CURVE_FONT('continuous');
#7104 = STYLED_ITEM('color',(#7105),#561);
#7105 = PRESENTATION_STYLE_ASSIGNMENT((#7106,#7111));
#7106 = SURFACE_STYLE_USAGE(.BOTH.,#7107);
#7107 = SURFACE_SIDE_STYLE('',(#7108));
#7108 = SURFACE_STYLE_FILL_AREA(#7109);
#7109 = FILL_AREA_STYLE('',(#7110));
#7110 = FILL_AREA_STYLE_COLOUR('',#6965);
#7111 = CURVE_STYLE('',#7112,POSITIVE_LENGTH_MEASURE(0.1),#6968);
#7112 = DRAUGHTING_PRE_DEFINED_CURVE_FONT('continuous');
#7113 = STYLED_ITEM('color',(#7114),#595);
#7114 = PRESENTATION_STYLE_ASSIGNMENT((#7115,#7120));
#7115 = SURFACE_STYLE_USAGE(.BOTH.,#7116);
#7116 = SURFACE_SIDE_STYLE('',(#7117));
#7117 = SURFACE_STYLE_FILL_AREA(#7118);
#7118 = FILL_AREA_STYLE('',(#7119));
#7119 = FILL_AREA_STYLE_COLOUR('',#6965);
#7120 = CURVE_STYLE('',#7121,POSITIVE_LENGTH_MEASURE(0.1),#6968);
#7121 = DRAUGHTING_PRE_DEFINED_CURVE_FONT('continuous');
#7122 = STYLED_ITEM('color',(#7123),#629);
#7123 = PRESENTATION_STYLE_ASSIGNMENT((#7124,#7129));
#7124 = SURFACE_STYLE_USAGE(.BOTH.,#7125);
#7125 = SURFACE_SIDE_STYLE('',(#7126));
#7126 = SURFACE_STYLE_FILL_AREA(#7127);
#7127 = FILL_AREA_STYLE('',(#7128));
#7128 = FILL_AREA_STYLE_COLOUR('',#6965);
#7129 = CURVE_STYLE('',#7130,POSITIVE_LENGTH_MEASURE(0.1),#6968);
#7130 = DRAUGHTING_PRE_DEFINED_CURVE_FONT('continuous');
#7131 = STYLED_ITEM('color',(#7132),#663);
#7132 = PRESENTATION_STYLE_ASSIGNMENT((#7133,#7138));
#7133 = SURFACE_STYLE_USAGE(.BOTH.,#7134);
#7134 = SURFACE_SIDE_STYLE('',(#7135));
#7135 = SURFACE_STYLE_FILL_AREA(#7136);
#7136 = FILL_AREA_STYLE('',(#7137));
#7137 = FILL_AREA_STYLE_COLOUR('',#6965);
#7138 = CURVE_STYLE('',#7139,POSITIVE_LENGTH_MEASURE(0.1),#6968);
#7139 = DRAUGHTING_PRE_DEFINED_CURVE_FONT('continuous');
#7140 = STYLED_ITEM('color',(#7141),#697);
#7141 = PRESENTATION_STYLE_ASSIGNMENT((#7142,#7147));
#7142 = SURFACE_STYLE_USAGE(.BOTH.,#7143);
#7143 = SURFACE_SIDE_STYLE('',(#7144));
#7144 = SURFACE_STYLE_FILL_AREA(#7145);
#7145 = FILL_AREA_STYLE('',(#7146));
#7146 = FILL_AREA_STYLE_COLOUR('',#6965);
#7147 = CURVE_STYLE('',#7148,POSITIVE_LENGTH_MEASURE(0.1),#6968);
#7148 = DRAUGHTING_PRE_DEFINED_CURVE_FONT('continuous');
#7149 = STYLED_ITEM('color',(#7150),#731);
#7150 = PRESENTATION_STYLE_ASSIGNMENT((#7151,#7156));
#7151 = SURFACE_STYLE_USAGE(.BOTH.,#7152);
#7152 = SURFACE_SIDE_STYLE('',(#7153));
#7153 = SURFACE_STYLE_FILL_AREA(#7154);
#7154 = FILL_AREA_STYLE('',(#7155));
#7155 = FILL_AREA_STYLE_COLOUR('',#6965);
#7156 = CURVE_STYLE('',#7157,POSITIVE_LENGTH_MEASURE(0.1),#6968);
#7157 = DRAUGHTING_PRE_DEFINED_CURVE_FONT('continuous');
#7158 = STYLED_ITEM('color',(#7159),#765);
#7159 = PRESENTATION_STYLE_ASSIGNMENT((#7160,#7165));
#7160 = SURFACE_STYLE_USAGE(.BOTH.,#7161);
#7161 = SURFACE_SIDE_STYLE('',(#7162));
#7162 = SURFACE_STYLE_FILL_AREA(#7163);
#7163 = FILL_AREA_STYLE('',(#7164));
#7164 = FILL_AREA_STYLE_COLOUR('',#6965);
#7165 = CURVE_STYLE('',#7166,POSITIVE_LENGTH_MEASURE(0.1),#6968);
#7166 = DRAUGHTING_PRE_DEFINED_CURVE_FONT('continuous');
#7167 = STYLED_ITEM('color',(#7168),#799);
#7168 = PRESENTATION_STYLE_ASSIGNMENT((#7169,#7174));
#7169 = SURFACE_STYLE_USAGE(.BOTH.,#7170);
#7170 = SURFACE_SIDE_STYLE('',(#7171));
#7171 = SURFACE_STYLE_FILL_AREA(#7172);
#7172 = FILL_AREA_STYLE('',(#7173));
#7173 = FILL_AREA_STYLE_COLOUR('',#6965);
#7174 = CURVE_STYLE('',#7175,POSITIVE_LENGTH_MEASURE(0.1),#6968);
#7175 = DRAUGHTING_PRE_DEFINED_CURVE_FONT('continuous');
#7176 = STYLED_ITEM('color',(#7177),#833);
#7177 = PRESENTATION_STYLE_ASSIGNMENT((#7178,#7183));
#7178 = SURFACE_STYLE_USAGE(.BOTH.,#7179);
#7179 = SURFACE_SIDE_STYLE('',(#7180));
#7180 = SURFACE_STYLE_FILL_AREA(#7181);
#7181 = FILL_AREA_STYLE('',(#7182));
#7182 = FILL_AREA_STYLE_COLOUR('',#6965);
#7183 = CURVE_STYLE('',#7184,POSITIVE_LENGTH_MEASURE(0.1),#6968);
#7184 = DRAUGHTING_PRE_DEFINED_CURVE_FONT('continuous');
#7185 = STYLED_ITEM('color',(#7186),#867);
#7186 = PRESENTATION_STYLE_ASSIGNMENT((#7187,#7192));
#7187 = SURFACE_STYLE_USAGE(.BOTH.,#7188);
#7188 = SURFACE_SIDE_STYLE('',(#7189));
#7189 = SURFACE_STYLE_FILL_AREA(#7190);
#7190 = FILL_AREA_STYLE('',(#7191));
#7191 = FILL_AREA_STYLE_COLOUR('',#6965);
#7192 = CURVE_STYLE('',#7193,POSITIVE_LENGTH_MEASURE(0.1),#6968);
#7193 = DRAUGHTING_PRE_DEFINED_CURVE_FONT('continuous');
#7194 = STYLED_ITEM('color',(#7195),#901);
#7195 = PRESENTATION_STYLE_ASSIGNMENT((#7196,#7201));
#7196 = SURFACE_STYLE_USAGE(.BOTH.,#7197);
#7197 = SURFACE_SIDE_STYLE('',(#7198));
#7198 = SURFACE_STYLE_FILL_AREA(#7199);
#7199 = FILL_AREA_STYLE('',(#7200));
#7200 = FILL_AREA_STYLE_COLOUR('',#6965);
#7201 = CURVE_STYLE('',#7202,POSITIVE_LENGTH_MEASURE(0.1),#6968);
#7202 = DRAUGHTING_PRE_DEFINED_CURVE_FONT('continuous');
#7203 = STYLED_ITEM('color',(#7204),#935);
#7204 = PRESENTATION_STYLE_ASSIGNMENT((#7205,#7210));
#7205 = SURFACE_STYLE_USAGE(.BOTH.,#7206);
#7206 = SURFACE_SIDE_STYLE('',(#7207));
#7207 = SURFACE_STYLE_FILL_AREA(#7208);
#7208 = FILL_AREA_STYLE('',(#7209));
#7209 = FILL_AREA_STYLE_COLOUR('',#6965);
#7210 = CURVE_STYLE('',#7211,POSITIVE_LENGTH_MEASURE(0.1),#6968);
#7211 = DRAUGHTING_PRE_DEFINED_CURVE_FONT('continuous');
#7212 = STYLED_ITEM('color',(#7213),#969);
#7213 = PRESENTATION_STYLE_ASSIGNMENT((#7214,#7219));
#7214 = SURFACE_STYLE_USAGE(.BOTH.,#7215);
#7215 = SURFACE_SIDE_STYLE('',(#7216));
#7216 = SURFACE_STYLE_FILL_AREA(#7217);
#7217 = FILL_AREA_STYLE('',(#7218));
#7218 = FILL_AREA_STYLE_COLOUR('',#6965);
#7219 = CURVE_STYLE('',#7220,POSITIVE_LENGTH_MEASURE(0.1),#6968);
#7220 = DRAUGHTING_PRE_DEFINED_CURVE_FONT('continuous');
#7221 = STYLED_ITEM('color',(#7222),#1003);
#7222 = PRESENTATION_STYLE_ASSIGNMENT((#7223,#7228));
#7223 = SURFACE_STYLE_USAGE(.BOTH.,#7224);
#7224 = SURFACE_SIDE_STYLE('',(#7225));
#7225 = SURFACE_STYLE_FILL_AREA(#7226);
#7226 = FILL_AREA_STYLE('',(#7227));
#7227 = FILL_AREA_STYLE_COLOUR('',#6965);
#7228 = CURVE_STYLE('',#7229,POSITIVE_LENGTH_MEASURE(0.1),#6968);
#7229 = DRAUGHTING_PRE_DEFINED_CURVE_FONT('continuous');
#7230 = STYLED_ITEM('color',(#7231),#1037);
#7231 = PRESENTATION_STYLE_ASSIGNMENT((#7232,#7237));
#7232 = SURFACE_STYLE_USAGE(.BOTH.,#7233);
#7233 = SURFACE_SIDE_STYLE('',(#7234));
#7234 = SURFACE_STYLE_FILL_AREA(#7235);
#7235 = FILL_AREA_STYLE('',(#7236));
#7236 = FILL_AREA_STYLE_COLOUR('',#6965);
#7237 = CURVE_STYLE('',#7238,POSITIVE_LENGTH_MEASURE(0.1),#6968);
#7238 = DRAUGHTING_PRE_DEFINED_CURVE_FONT('continuous');
#7239 = STYLED_ITEM('color',(#7240),#1071);
#7240 = PRESENTATION_STYLE_ASSIGNMENT((#7241,#7246));
#7241 = SURFACE_STYLE_USAGE(.BOTH.,#7242);
#7242 = SURFACE_SIDE_STYLE('',(#7243));
#7243 = SURFACE_STYLE_FILL_AREA(#7244);
#7244 = FILL_AREA_STYLE('',(#7245));
#7245 = FILL_AREA_STYLE_COLOUR('',#6965);
#7246 = CURVE_STYLE('',#7247,POSITIVE_LENGTH_MEASURE(0.1),#6968);
#7247 = DRAUGHTING_PRE_DEFINED_CURVE_FONT('continuous');
#7248 = STYLED_ITEM('color',(#7249),#1105);
#7249 = PRESENTATION_STYLE_ASSIGNMENT((#7250,#7255));
#7250 = SURFACE_STYLE_USAGE(.BOTH.,#7251);
#7251 = SURFACE_SIDE_STYLE('',(#7252));
#7252 = SURFACE_STYLE_FILL_AREA(#7253);
#7253 = FILL_AREA_STYLE('',(#7254));
#7254 = FILL_AREA_STYLE_COLOUR('',#6965);
#7255 = CURVE_STYLE('',#7256,POSITIVE_LENGTH_MEASURE(0.1),#6968);
#7256 = DRAUGHTING_PRE_DEFINED_CURVE_FONT('continuous');
#7257 = STYLED_ITEM('color',(#7258),#1139);
#7258 = PRESENTATION_STYLE_ASSIGNMENT((#7259,#7264));
#7259 = SURFACE_STYLE_USAGE(.BOTH.,#7260);
#7260 = SURFACE_SIDE_STYLE('',(#7261));
#7261 = SURFACE_STYLE_FILL_AREA(#7262);
#7262 = FILL_AREA_STYLE('',(#7263));
#7263 = FILL_AREA_STYLE_COLOUR('',#6965);
#7264 = CURVE_STYLE('',#7265,POSITIVE_LENGTH_MEASURE(0.1),#6968);
#7265 = DRAUGHTING_PRE_DEFINED_CURVE_FONT('continuous');
#7266 = STYLED_ITEM('color',(#7267),#1173);
#7267 = PRESENTATION_STYLE_ASSIGNMENT((#7268,#7273));
#7268 = SURFACE_STYLE_USAGE(.BOTH.,#7269);
#7269 = SURFACE_SIDE_STYLE('',(#7270));
#7270 = SURFACE_STYLE_FILL_AREA(#7271);
#7271 = FILL_AREA_STYLE('',(#7272));
#7272 = FILL_AREA_STYLE_COLOUR('',#6965);
#7273 = CURVE_STYLE('',#7274,POSITIVE_LENGTH_MEASURE(0.1),#6968);
#7274 = DRAUGHTING_PRE_DEFINED_CURVE_FONT('continuous');
#7275 = STYLED_ITEM('color',(#7276),#1207);
#7276 = PRESENTATION_STYLE_ASSIGNMENT((#7277,#7282));
#7277 = SURFACE_STYLE_USAGE(.BOTH.,#7278);
#7278 = SURFACE_SIDE_STYLE('',(#7279));
#7279 = SURFACE_STYLE_FILL_AREA(#7280);
#7280 = FILL_AREA_STYLE('',(#7281));
#7281 = FILL_AREA_STYLE_COLOUR('',#6965);
#7282 = CURVE_STYLE('',#7283,POSITIVE_LENGTH_MEASURE(0.1),#6968);
#7283 = DRAUGHTING_PRE_DEFINED_CURVE_FONT('continuous');
#7284 = STYLED_ITEM('color',(#7285),#1241);
#7285 = PRESENTATION_STYLE_ASSIGNMENT((#7286,#7291));
#7286 = SURFACE_STYLE_USAGE(.BOTH.,#7287);
#7287 = SURFACE_SIDE_STYLE('',(#7288));
#7288 = SURFACE_STYLE_FILL_AREA(#7289);
#7289 = FILL_AREA_STYLE('',(#7290));
#7290 = FILL_AREA_STYLE_COLOUR('',#6965);
#7291 = CURVE_STYLE('',#7292,POSITIVE_LENGTH_MEASURE(0.1),#6968);
#7292 = DRAUGHTING_PRE_DEFINED_CURVE_FONT('continuous');
#7293 = STYLED_ITEM('color',(#7294),#1275);
#7294 = PRESENTATION_STYLE_ASSIGNMENT((#7295,#7300));
#7295 = SURFACE_STYLE_USAGE(.BOTH.,#7296);
#7296 = SURFACE_SIDE_STYLE('',(#7297));
#7297 = SURFACE_STYLE_FILL_AREA(#7298);
#7298 = FILL_AREA_STYLE('',(#7299));
#7299 = FILL_AREA_STYLE_COLOUR('',#6965);
#7300 = CURVE_STYLE('',#7301,POSITIVE_LENGTH_MEASURE(0.1),#6968);
#7301 = DRAUGHTING_PRE_DEFINED_CURVE_FONT('continuous');
#7302 = STYLED_ITEM('color',(#7303),#1309);
#7303 = PRESENTATION_STYLE_ASSIGNMENT((#7304,#7309));
#7304 = SURFACE_STYLE_USAGE(.BOTH.,#7305);
#7305 = SURFACE_SIDE_STYLE('',(#7306));
#7306 = SURFACE_STYLE_FILL_AREA(#7307);
#7307 = FILL_AREA_STYLE('',(#7308));
#7308 = FILL_AREA_STYLE_COLOUR('',#6965);
#7309 = CURVE_STYLE('',#7310,POSITIVE_LENGTH_MEASURE(0.1),#6968);
#7310 = DRAUGHTING_PRE_DEFINED_CURVE_FONT('continuous');
#7311 = STYLED_ITEM('color',(#7312),#1343);
#7312 = PRESENTATION_STYLE_ASSIGNMENT((#7313,#7318));
#7313 = SURFACE_STYLE_USAGE(.BOTH.,#7314);
#7314 = SURFACE_SIDE_STYLE('',(#7315));
#7315 = SURFACE_STYLE_FILL_AREA(#7316);
#7316 = FILL_AREA_STYLE('',(#7317));
#7317 = FILL_AREA_STYLE_COLOUR('',#6965);
#7318 = CURVE_STYLE('',#7319,POSITIVE_LENGTH_MEASURE(0.1),#6968);
#7319 = DRAUGHTING_PRE_DEFINED_CURVE_FONT('continuous');
#7320 = STYLED_ITEM('color',(#7321),#1377);
#7321 = PRESENTATION_STYLE_ASSIGNMENT((#7322,#7327));
#7322 = SURFACE_STYLE_USAGE(.BOTH.,#7323);
#7323 = SURFACE_SIDE_STYLE('',(#7324));
#7324 = SURFACE_STYLE_FILL_AREA(#7325);
#7325 = FILL_AREA_STYLE('',(#7326));
#7326 = FILL_AREA_STYLE_COLOUR('',#6965);
#7327 = CURVE_STYLE('',#7328,POSITIVE_LENGTH_MEASURE(0.1),#6968);
#7328 = DRAUGHTING_PRE_DEFINED_CURVE_FONT('continuous');
#7329 = STYLED_ITEM('color',(#7330),#1411);
#7330 = PRESENTATION_STYLE_ASSIGNMENT((#7331,#7336));
#7331 = SURFACE_STYLE_USAGE(.BOTH.,#7332);
#7332 = SURFACE_SIDE_STYLE('',(#7333));
#7333 = SURFACE_STYLE_FILL_AREA(#7334);
#7334 = FILL_AREA_STYLE('',(#7335));
#7335 = FILL_AREA_STYLE_COLOUR('',#6965);
#7336 = CURVE_STYLE('',#7337,POSITIVE_LENGTH_MEASURE(0.1),#6968);
#7337 = DRAUGHTING_PRE_DEFINED_CURVE_FONT('continuous');
#7338 = STYLED_ITEM('color',(#7339),#1445);
#7339 = PRESENTATION_STYLE_ASSIGNMENT((#7340,#7345));
#7340 = SURFACE_STYLE_USAGE(.BOTH.,#7341);
#7341 = SURFACE_SIDE_STYLE('',(#7342));
#7342 = SURFACE_STYLE_FILL_AREA(#7343);
#7343 = FILL_AREA_STYLE('',(#7344));
#7344 = FILL_AREA_STYLE_COLOUR('',#6965);
#7345 = CURVE_STYLE('',#7346,POSITIVE_LENGTH_MEASURE(0.1),#6968);
#7346 = DRAUGHTING_PRE_DEFINED_CURVE_FONT('continuous');
#7347 = STYLED_ITEM('color',(#7348),#1479);
#7348 = PRESENTATION_STYLE_ASSIGNMENT((#7349,#7354));
#7349 = SURFACE_STYLE_USAGE(.BOTH.,#7350);
#7350 = SURFACE_SIDE_STYLE('',(#7351));
#7351 = SURFACE_STYLE_FILL_AREA(#7352);
#7352 = FILL_AREA_STYLE('',(#7353));
#7353 = FILL_AREA_STYLE_COLOUR('',#6965);
#7354 = CURVE_STYLE('',#7355,POSITIVE_LENGTH_MEASURE(0.1),#6968);
#7355 = DRAUGHTING_PRE_DEFINED_CURVE_FONT('continuous');
#7356 = STYLED_ITEM('color',(#7357),#1513);
#7357 = PRESENTATION_STYLE_ASSIGNMENT((#7358,#7363));
#7358 = SURFACE_STYLE_USAGE(.BOTH.,#7359);
#7359 = SURFACE_SIDE_STYLE('',(#7360));
#7360 = SURFACE_STYLE_FILL_AREA(#7361);
#7361 = FILL_AREA_STYLE('',(#7362));
#7362 = FILL_AREA_STYLE_COLOUR('',#6965);
#7363 = CURVE_STYLE('',#7364,POSITIVE_LENGTH_MEASURE(0.1),#6968);
#7364 = DRAUGHTING_PRE_DEFINED_CURVE_FONT('continuous');
#7365 = STYLED_ITEM('color',(#7366),#1547);
#7366 = PRESENTATION_STYLE_ASSIGNMENT((#7367,#7372));
#7367 = SURFACE_STYLE_USAGE(.BOTH.,#7368);
#7368 = SURFACE_SIDE_STYLE('',(#7369));
#7369 = SURFACE_STYLE_FILL_AREA(#7370);
#7370 = FILL_AREA_STYLE('',(#7371));
#7371 = FILL_AREA_STYLE_COLOUR('',#6965);
#7372 = CURVE_STYLE('',#7373,POSITIVE_LENGTH_MEASURE(0.1),#6968);
#7373 = DRAUGHTING_PRE_DEFINED_CURVE_FONT('continuous');
#7374 = STYLED_ITEM('color',(#7375),#1581);
#7375 = PRESENTATION_STYLE_ASSIGNMENT((#7376,#7381));
#7376 = SURFACE_STYLE_USAGE(.BOTH.,#7377);
#7377 = SURFACE_SIDE_STYLE('',(#7378));
#7378 = SURFACE_STYLE_FILL_AREA(#7379);
#7379 = FILL_AREA_STYLE('',(#7380));
#7380 = FILL_AREA_STYLE_COLOUR('',#6965);
#7381 = CURVE_STYLE('',#7382,POSITIVE_LENGTH_MEASURE(0.1),#6968);
#7382 = DRAUGHTING_PRE_DEFINED_CURVE_FONT('continuous');
#7383 = STYLED_ITEM('color',(#7384),#1615);
#7384 = PRESENTATION_STYLE_ASSIGNMENT((#7385,#7390));
#7385 = SURFACE_STYLE_USAGE(.BOTH.,#7386);
#7386 = SURFACE_SIDE_STYLE('',(#7387));
#7387 = SURFACE_STYLE_FILL_AREA(#7388);
#7388 = FILL_AREA_STYLE('',(#7389));
#7389 = FILL_AREA_STYLE_COLOUR('',#6965);
#7390 = CURVE_STYLE('',#7391,POSITIVE_LENGTH_MEASURE(0.1),#6968);
#7391 = DRAUGHTING_PRE_DEFINED_CURVE_FONT('continuous');
#7392 = STYLED_ITEM('color',(#7393),#1649);
#7393 = PRESENTATION_STYLE_ASSIGNMENT((#7394,#7399));
#7394 = SURFACE_STYLE_USAGE(.BOTH.,#7395);
#7395 = SURFACE_SIDE_STYLE('',(#7396));
#7396 = SURFACE_STYLE_FILL_AREA(#7397);
#7397 = FILL_AREA_STYLE('',(#7398));
#7398 = FILL_AREA_STYLE_COLOUR('',#6965);
#7399 = CURVE_STYLE('',#7400,POSITIVE_LENGTH_MEASURE(0.1),#6968);
#7400 = DRAUGHTING_PRE_DEFINED_CURVE_FONT('continuous');
#7401 = STYLED_ITEM('color',(#7402),#1683);
#7402 = PRESENTATION_STYLE_ASSIGNMENT((#7403,#7408));
#7403 = SURFACE_STYLE_USAGE(.BOTH.,#7404);
#7404 = SURFACE_SIDE_STYLE('',(#7405));
#7405 = SURFACE_STYLE_FILL_AREA(#7406);
#7406 = FILL_AREA_STYLE('',(#7407));
#7407 = FILL_AREA_STYLE_COLOUR('',#6965);
#7408 = CURVE_STYLE('',#7409,POSITIVE_LENGTH_MEASURE(0.1),#6968);
#7409 = DRAUGHTING_PRE_DEFINED_CURVE_FONT('continuous');
#7410 = STYLED_ITEM('color',(#7411),#1717);
#7411 = PRESENTATION_STYLE_ASSIGNMENT((#7412,#7417));
#7412 = SURFACE_STYLE_USAGE(.BOTH.,#7413);
#7413 = SURFACE_SIDE_STYLE('',(#7414));
#7414 = SURFACE_STYLE_FILL_AREA(#7415);
#7415 = FILL_AREA_STYLE('',(#7416));
#7416 = FILL_AREA_STYLE_COLOUR('',#6965);
#7417 = CURVE_STYLE('',#7418,POSITIVE_LENGTH_MEASURE(0.1),#6968);
#7418 = DRAUGHTING_PRE_DEFINED_CURVE_FONT('continuous');
#7419 = STYLED_ITEM('color',(#7420),#1751);
#7420 = PRESENTATION_STYLE_ASSIGNMENT((#7421,#7426));
#7421 = SURFACE_STYLE_USAGE(.BOTH.,#7422);
#7422 = SURFACE_SIDE_STYLE('',(#7423));
#7423 = SURFACE_STYLE_FILL_AREA(#7424);
#7424 = FILL_AREA_STYLE('',(#7425));
#7425 = FILL_AREA_STYLE_COLOUR('',#6965);
#7426 = CURVE_STYLE('',#7427,POSITIVE_LENGTH_MEASURE(0.1),#6968);
#7427 = DRAUGHTING_PRE_DEFINED_CURVE_FONT('continuous');
#7428 = STYLED_ITEM('color',(#7429),#1785);
#7429 = PRESENTATION_STYLE_ASSIGNMENT((#7430,#7435));
#7430 = SURFACE_STYLE_USAGE(.BOTH.,#7431);
#7431 = SURFACE_SIDE_STYLE('',(#7432));
#7432 = SURFACE_STYLE_FILL_AREA(#7433);
#7433 = FILL_AREA_STYLE('',(#7434));
#7434 = FILL_AREA_STYLE_COLOUR('',#6965);
#7435 = CURVE_STYLE('',#7436,POSITIVE_LENGTH_MEASURE(0.1),#6968);
#7436 = DRAUGHTING_PRE_DEFINED_CURVE_FONT('continuous');
#7437 = STYLED_ITEM('color',(#7438),#1819);
#7438 = PRESENTATION_STYLE_ASSIGNMENT((#7439,#7444));
#7439 = SURFACE_STYLE_USAGE(.BOTH.,#7440);
#7440 = SURFACE_SIDE_STYLE('',(#7441));
#7441 = SURFACE_STYLE_FILL_AREA(#7442);
#7442 = FILL_AREA_STYLE('',(#7443));
#7443 = FILL_AREA_STYLE_COLOUR('',#6965);
#7444 = CURVE_STYLE('',#7445,POSITIVE_LENGTH_MEASURE(0.1),#6968);
#7445 = DRAUGHTING_PRE_DEFINED_CURVE_FONT('continuous');
#7446 = STYLED_ITEM('color',(#7447),#1853);
#7447 = PRESENTATION_STYLE_ASSIGNMENT((#7448,#7453));
#7448 = SURFACE_STYLE_USAGE(.BOTH.,#7449);
#7449 = SURFACE_SIDE_STYLE('',(#7450));
#7450 = SURFACE_STYLE_FILL_AREA(#7451);
#7451 = FILL_AREA_STYLE('',(#7452));
#7452 = FILL_AREA_STYLE_COLOUR('',#6965);
#7453 = CURVE_STYLE('',#7454,POSITIVE_LENGTH_MEASURE(0.1),#6968);
#7454 = DRAUGHTING_PRE_DEFINED_CURVE_FONT('continuous');
#7455 = STYLED_ITEM('color',(#7456),#1887);
#7456 = PRESENTATION_STYLE_ASSIGNMENT((#7457,#7462));
#7457 = SURFACE_STYLE_USAGE(.BOTH.,#7458);
#7458 = SURFACE_SIDE_STYLE('',(#7459));
#7459 = SURFACE_STYLE_FILL_AREA(#7460);
#7460 = FILL_AREA_STYLE('',(#7461));
#7461 = FILL_AREA_STYLE_COLOUR('',#6965);
#7462 = CURVE_STYLE('',#7463,POSITIVE_LENGTH_MEASURE(0.1),#6968);
#7463 = DRAUGHTING_PRE_DEFINED_CURVE_FONT('continuous');
#7464 = STYLED_ITEM('color',(#7465),#1921);
#7465 = PRESENTATION_STYLE_ASSIGNMENT((#7466,#7471));
#7466 = SURFACE_STYLE_USAGE(.BOTH.,#7467);
#7467 = SURFACE_SIDE_STYLE('',(#7468));
#7468 = SURFACE_STYLE_FILL_AREA(#7469);
#7469 = FILL_AREA_STYLE('',(#7470));
#7470 = FILL_AREA_STYLE_COLOUR('',#6965);
#7471 = CURVE_STYLE('',#7472,POSITIVE_LENGTH_MEASURE(0.1),#6968);
#7472 = DRAUGHTING_PRE_DEFINED_CURVE_FONT('continuous');
#7473 = STYLED_ITEM('color',(#7474),#1955);
#7474 = PRESENTATION_STYLE_ASSIGNMENT((#7475,#7480));
#7475 = SURFACE_STYLE_USAGE(.BOTH.,#7476);
#7476 = SURFACE_SIDE_STYLE('',(#7477));
#7477 = SURFACE_STYLE_FILL_AREA(#7478);
#7478 = FILL_AREA_STYLE('',(#7479));
#7479 = FILL_AREA_STYLE_COLOUR('',#6965);
#7480 = CURVE_STYLE('',#7481,POSITIVE_LENGTH_MEASURE(0.1),#6968);
#7481 = DRAUGHTING_PRE_DEFINED_CURVE_FONT('continuous');
#7482 = STYLED_ITEM('color',(#7483),#1989);
#7483 = PRESENTATION_STYLE_ASSIGNMENT((#7484,#7489));
#7484 = SURFACE_STYLE_USAGE(.BOTH.,#7485);
#7485 = SURFACE_SIDE_STYLE('',(#7486));
#7486 = SURFACE_STYLE_FILL_AREA(#7487);
#7487 = FILL_AREA_STYLE('',(#7488));
#7488 = FILL_AREA_STYLE_COLOUR('',#6965);
#7489 = CURVE_STYLE('',#7490,POSITIVE_LENGTH_MEASURE(0.1),#6968);
#7490 = DRAUGHTING_PRE_DEFINED_CURVE_FONT('continuous');
#7491 = STYLED_ITEM('color',(#7492),#2023);
#7492 = PRESENTATION_STYLE_ASSIGNMENT((#7493,#7498));
#7493 = SURFACE_STYLE_USAGE(.BOTH.,#7494);
#7494 = SURFACE_SIDE_STYLE('',(#7495));
#7495 = SURFACE_STYLE_FILL_AREA(#7496);
#7496 = FILL_AREA_STYLE('',(#7497));
#7497 = FILL_AREA_STYLE_COLOUR('',#6965);
#7498 = CURVE_STYLE('',#7499,POSITIVE_LENGTH_MEASURE(0.1),#6968);
#7499 = DRAUGHTING_PRE_DEFINED_CURVE_FONT('continuous');
#7500 = STYLED_ITEM('color',(#7501),#2057);
#7501 = PRESENTATION_STYLE_ASSIGNMENT((#7502,#7507));
#7502 = SURFACE_STYLE_USAGE(.BOTH.,#7503);
#7503 = SURFACE_SIDE_STYLE('',(#7504));
#7504 = SURFACE_STYLE_FILL_AREA(#7505);
#7505 = FILL_AREA_STYLE('',(#7506));
#7506 = FILL_AREA_STYLE_COLOUR('',#6965);
#7507 = CURVE_STYLE('',#7508,POSITIVE_LENGTH_MEASURE(0.1),#6968);
#7508 = DRAUGHTING_PRE_DEFINED_CURVE_FONT('continuous');
#7509 = STYLED_ITEM('color',(#7510),#2091);
#7510 = PRESENTATION_STYLE_ASSIGNMENT((#7511,#7516));
#7511 = SURFACE_STYLE_USAGE(.BOTH.,#7512);
#7512 = SURFACE_SIDE_STYLE('',(#7513));
#7513 = SURFACE_STYLE_FILL_AREA(#7514);
#7514 = FILL_AREA_STYLE('',(#7515));
#7515 = FILL_AREA_STYLE_COLOUR('',#6965);
#7516 = CURVE_STYLE('',#7517,POSITIVE_LENGTH_MEASURE(0.1),#6968);
#7517 = DRAUGHTING_PRE_DEFINED_CURVE_FONT('continuous');
#7518 = STYLED_ITEM('color',(#7519),#2125);
#7519 = PRESENTATION_STYLE_ASSIGNMENT((#7520,#7525));
#7520 = SURFACE_STYLE_USAGE(.BOTH.,#7521);
#7521 = SURFACE_SIDE_STYLE('',(#7522));
#7522 = SURFACE_STYLE_FILL_AREA(#7523);
#7523 = FILL_AREA_STYLE('',(#7524));
#7524 = FILL_AREA_STYLE_COLOUR('',#6965);
#7525 = CURVE_STYLE('',#7526,POSITIVE_LENGTH_MEASURE(0.1),#6968);
#7526 = DRAUGHTING_PRE_DEFINED_CURVE_FONT('continuous');
#7527 = STYLED_ITEM('color',(#7528),#2159);
#7528 = PRESENTATION_STYLE_ASSIGNMENT((#7529,#7534));
#7529 = SURFACE_STYLE_USAGE(.BOTH.,#7530);
#7530 = SURFACE_SIDE_STYLE('',(#7531));
#7531 = SURFACE_STYLE_FILL_AREA(#7532);
#7532 = FILL_AREA_STYLE('',(#7533));
#7533 = FILL_AREA_STYLE_COLOUR('',#6965);
#7534 = CURVE_STYLE('',#7535,POSITIVE_LENGTH_MEASURE(0.1),#6968);
#7535 = DRAUGHTING_PRE_DEFINED_CURVE_FONT('continuous');
#7536 = STYLED_ITEM('color',(#7537),#2193);
#7537 = PRESENTATION_STYLE_ASSIGNMENT((#7538,#7543));
#7538 = SURFACE_STYLE_USAGE(.BOTH.,#7539);
#7539 = SURFACE_SIDE_STYLE('',(#7540));
#7540 = SURFACE_STYLE_FILL_AREA(#7541);
#7541 = FILL_AREA_STYLE('',(#7542));
#7542 = FILL_AREA_STYLE_COLOUR('',#6965);
#7543 = CURVE_STYLE('',#7544,POSITIVE_LENGTH_MEASURE(0.1),#6968);
#7544 = DRAUGHTING_PRE_DEFINED_CURVE_FONT('continuous');
#7545 = STYLED_ITEM('color',(#7546),#2227);
#7546 = PRESENTATION_STYLE_ASSIGNMENT((#7547,#7552));
#7547 = SURFACE_STYLE_USAGE(.BOTH.,#7548);
#7548 = SURFACE_SIDE_STYLE('',(#7549));
#7549 = SURFACE_STYLE_FILL_AREA(#7550);
#7550 = FILL_AREA_STYLE('',(#7551));
#7551 = FILL_AREA_STYLE_COLOUR('',#6965);
#7552 = CURVE_STYLE('',#7553,POSITIVE_LENGTH_MEASURE(0.1),#6968);
#7553 = DRAUGHTING_PRE_DEFINED_CURVE_FONT('continuous');
#7554 = STYLED_ITEM('color',(#7555),#2261);
#7555 = PRESENTATION_STYLE_ASSIGNMENT((#7556,#7561));
#7556 = SURFACE_STYLE_USAGE(.BOTH.,#7557);
#7557 = SURFACE_SIDE_STYLE('',(#7558));
#7558 = SURFACE_STYLE_FILL_AREA(#7559);
#7559 = FILL_AREA_STYLE('',(#7560));
#7560 = FILL_AREA_STYLE_COLOUR('',#6965);
#7561 = CURVE_STYLE('',#7562,POSITIVE_LENGTH_MEASURE(0.1),#6968);
#7562 = DRAUGHTING_PRE_DEFINED_CURVE_FONT('continuous');
#7563 = STYLED_ITEM('color',(#7564),#2295);
#7564 = PRESENTATION_STYLE_ASSIGNMENT((#7565,#7570));
#7565 = SURFACE_STYLE_USAGE(.BOTH.,#7566);
#7566 = SURFACE_SIDE_STYLE('',(#7567));
#7567 = SURFACE_STYLE_FILL_AREA(#7568);
#7568 = FILL_AREA_STYLE('',(#7569));
#7569 = FILL_AREA_STYLE_COLOUR('',#6965);
#7570 = CURVE_STYLE('',#7571,POSITIVE_LENGTH_MEASURE(0.1),#6968);
#7571 = DRAUGHTING_PRE_DEFINED_CURVE_FONT('continuous');
#7572 = STYLED_ITEM('color',(#7573),#2329);
#7573 = PRESENTATION_STYLE_ASSIGNMENT((#7574,#7579));
#7574 = SURFACE_STYLE_USAGE(.BOTH.,#7575);
#7575 = SURFACE_SIDE_STYLE('',(#7576));
#7576 = SURFACE_STYLE_FILL_AREA(#7577);
#7577 = FILL_AREA_STYLE('',(#7578));
#7578 = FILL_AREA_STYLE_COLOUR('',#6965);
#7579 = CURVE_STYLE('',#7580,POSITIVE_LENGTH_MEASURE(0.1),#6968);
#7580 = DRAUGHTING_PRE_DEFINED_CURVE_FONT('continuous');
#7581 = STYLED_ITEM('color',(#7582),#2363);
#7582 = PRESENTATION_STYLE_ASSIGNMENT((#7583,#7588));
#7583 = SURFACE_STYLE_USAGE(.BOTH.,#7584);
#7584 = SURFACE_SIDE_STYLE('',(#7585));
#7585 = SURFACE_STYLE_FILL_AREA(#7586);
#7586 = FILL_AREA_STYLE('',(#7587));
#7587 = FILL_AREA_STYLE_COLOUR('',#6965);
#7588 = CURVE_STYLE('',#7589,POSITIVE_LENGTH_MEASURE(0.1),#6968);
#7589 = DRAUGHTING_PRE_DEFINED_CURVE_FONT('continuous');
#7590 = STYLED_ITEM('color',(#7591),#2397);
#7591 = PRESENTATION_STYLE_ASSIGNMENT((#7592,#7597));
#7592 = SURFACE_STYLE_USAGE(.BOTH.,#7593);
#7593 = SURFACE_SIDE_STYLE('',(#7594));
#7594 = SURFACE_STYLE_FILL_AREA(#7595);
#7595 = FILL_AREA_STYLE('',(#7596));
#7596 = FILL_AREA_STYLE_COLOUR('',#6965);
#7597 = CURVE_STYLE('',#7598,POSITIVE_LENGTH_MEASURE(0.1),#6968);
#7598 = DRAUGHTING_PRE_DEFINED_CURVE_FONT('continuous');
#7599 = STYLED_ITEM('color',(#7600),#2431);
#7600 = PRESENTATION_STYLE_ASSIGNMENT((#7601,#7606));
#7601 = SURFACE_STYLE_USAGE(.BOTH.,#7602);
#7602 = SURFACE_SIDE_STYLE('',(#7603));
#7603 = SURFACE_STYLE_FILL_AREA(#7604);
#7604 = FILL_AREA_STYLE('',(#7605));
#7605 = FILL_AREA_STYLE_COLOUR('',#6965);
#7606 = CURVE_STYLE('',#7607,POSITIVE_LENGTH_MEASURE(0.1),#6968);
#7607 = DRAUGHTING_PRE_DEFINED_CURVE_FONT('continuous');
#7608 = STYLED_ITEM('color',(#7609),#2465);
#7609 = PRESENTATION_STYLE_ASSIGNMENT((#7610,#7615));
#7610 = SURFACE_STYLE_USAGE(.BOTH.,#7611);
#7611 = SURFACE_SIDE_STYLE('',(#7612));
#7612 = SURFACE_STYLE_FILL_AREA(#7613);
#7613 = FILL_AREA_STYLE('',(#7614));
#7614 = FILL_AREA_STYLE_COLOUR('',#6965);
#7615 = CURVE_STYLE('',#7616,POSITIVE_LENGTH_MEASURE(0.1),#6968);
#7616 = DRAUGHTING_PRE_DEFINED_CURVE_FONT('continuous');
#7617 = STYLED_ITEM('color',(#7618),#2499);
#7618 = PRESENTATION_STYLE_ASSIGNMENT((#7619,#7624));
#7619 = SURFACE_STYLE_USAGE(.BOTH.,#7620);
#7620 = SURFACE_SIDE_STYLE('',(#7621));
#7621 = SURFACE_STYLE_FILL_AREA(#7622);
#7622 = FILL_AREA_STYLE('',(#7623));
#7623 = FILL_AREA_STYLE_COLOUR('',#6965);
#7624 = CURVE_STYLE('',#7625,POSITIVE_LENGTH_MEASURE(0.1),#6968);
#7625 = DRAUGHTING_PRE_DEFINED_CURVE_FONT('continuous');
#7626 = STYLED_ITEM('color',(#7627),#2533);
#7627 = PRESENTATION_STYLE_ASSIGNMENT((#7628,#7633));
#7628 = SURFACE_STYLE_USAGE(.BOTH.,#7629);
#7629 = SURFACE_SIDE_STYLE('',(#7630));
#7630 = SURFACE_STYLE_FILL_AREA(#7631);
#7631 = FILL_AREA_STYLE('',(#7632));
#7632 = FILL_AREA_STYLE_COLOUR('',#6965);
#7633 = CURVE_STYLE('',#7634,POSITIVE_LENGTH_MEASURE(0.1),#6968);
#7634 = DRAUGHTING_PRE_DEFINED_CURVE_FONT('continuous');
#7635 = STYLED_ITEM('color',(#7636),#2567);
#7636 = PRESENTATION_STYLE_ASSIGNMENT((#7637,#7642));
#7637 = SURFACE_STYLE_USAGE(.BOTH.,#7638);
#7638 = SURFACE_SIDE_STYLE('',(#7639));
#7639 = SURFACE_STYLE_FILL_AREA(#7640);
#7640 = FILL_AREA_STYLE('',(#7641));
#7641 = FILL_AREA_STYLE_COLOUR('',#6965);
#7642 = CURVE_STYLE('',#7643,POSITIVE_LENGTH_MEASURE(0.1),#6968);
#7643 = DRAUGHTING_PRE_DEFINED_CURVE_FONT('continuous');
#7644 = STYLED_ITEM('color',(#7645),#2601);
#7645 = PRESENTATION_STYLE_ASSIGNMENT((#7646,#7651));
#7646 = SURFACE_STYLE_USAGE(.BOTH.,#7647);
#7647 = SURFACE_SIDE_STYLE('',(#7648));
#7648 = SURFACE_STYLE_FILL_AREA(#7649);
#7649 = FILL_AREA_STYLE('',(#7650));
#7650 = FILL_AREA_STYLE_COLOUR('',#6965);
#7651 = CURVE_STYLE('',#7652,POSITIVE_LENGTH_MEASURE(0.1),#6968);
#7652 = DRAUGHTING_PRE_DEFINED_CURVE_FONT('continuous');
#7653 = STYLED_ITEM('color',(#7654),#2635);
#7654 = PRESENTATION_STYLE_ASSIGNMENT((#7655,#7660));
#7655 = SURFACE_STYLE_USAGE(.BOTH.,#7656);
#7656 = SURFACE_SIDE_STYLE('',(#7657));
#7657 = SURFACE_STYLE_FILL_AREA(#7658);
#7658 = FILL_AREA_STYLE('',(#7659));
#7659 = FILL_AREA_STYLE_COLOUR('',#6965);
#7660 = CURVE_STYLE('',#7661,POSITIVE_LENGTH_MEASURE(0.1),#6968);
#7661 = DRAUGHTING_PRE_DEFINED_CURVE_FONT('continuous');
#7662 = STYLED_ITEM('color',(#7663),#2669);
#7663 = PRESENTATION_STYLE_ASSIGNMENT((#7664,#7669));
#7664 = SURFACE_STYLE_USAGE(.BOTH.,#7665);
#7665 = SURFACE_SIDE_STYLE('',(#7666));
#7666 = SURFACE_STYLE_FILL_AREA(#7667);
#7667 = FILL_AREA_STYLE('',(#7668));
#7668 = FILL_AREA_STYLE_COLOUR('',#6965);
#7669 = CURVE_STYLE('',#7670,POSITIVE_LENGTH_MEASURE(0.1),#6968);
#7670 = DRAUGHTING_PRE_DEFINED_CURVE_FONT('continuous');
#7671 = STYLED_ITEM('color',(#7672),#2703);
#7672 = PRESENTATION_STYLE_ASSIGNMENT((#7673,#7678));
#7673 = SURFACE_STYLE_USAGE(.BOTH.,#7674);
#7674 = SURFACE_SIDE_STYLE('',(#7675));
#7675 = SURFACE_STYLE_FILL_AREA(#7676);
#7676 = FILL_AREA_STYLE('',(#7677));
#7677 = FILL_AREA_STYLE_COLOUR('',#6965);
#7678 = CURVE_STYLE('',#7679,POSITIVE_LENGTH_MEASURE(0.1),#6968);
#7679 = DRAUGHTING_PRE_DEFINED_CURVE_FONT('continuous');
#7680 = STYLED_ITEM('color',(#7681),#2737);
#7681 = PRESENTATION_STYLE_ASSIGNMENT((#7682,#7687));
#7682 = SURFACE_STYLE_USAGE(.BOTH.,#7683);
#7683 = SURFACE_SIDE_STYLE('',(#7684));
#7684 = SURFACE_STYLE_FILL_AREA(#7685);
#7685 = FILL_AREA_STYLE('',(#7686));
#7686 = FILL_AREA_STYLE_COLOUR('',#6965);
#7687 = CURVE_STYLE('',#7688,POSITIVE_LENGTH_MEASURE(0.1),#6968);
#7688 = DRAUGHTING_PRE_DEFINED_CURVE_FONT('continuous');
#7689 = STYLED_ITEM('color',(#7690),#2771);
#7690 = PRESENTATION_STYLE_ASSIGNMENT((#7691,#7696));
#7691 = SURFACE_STYLE_USAGE(.BOTH.,#7692);
#7692 = SURFACE_SIDE_STYLE('',(#7693));
#7693 = SURFACE_STYLE_FILL_AREA(#7694);
#7694 = FILL_AREA_STYLE('',(#7695));
#7695 = FILL_AREA_STYLE_COLOUR('',#6965);
#7696 = CURVE_STYLE('',#7697,POSITIVE_LENGTH_MEASURE(0.1),#6968);
#7697 = DRAUGHTING_PRE_DEFINED_CURVE_FONT('continuous');
#7698 = STYLED_ITEM('color',(#7699),#2805);
#7699 = PRESENTATION_STYLE_ASSIGNMENT((#7700,#7705));
#7700 = SURFACE_STYLE_USAGE(.BOTH.,#7701);
#7701 = SURFACE_SIDE_STYLE('',(#7702));
#7702 = SURFACE_STYLE_FILL_AREA(#7703);
#7703 = FILL_AREA_STYLE('',(#7704));
#7704 = FILL_AREA_STYLE_COLOUR('',#6965);
#7705 = CURVE_STYLE('',#7706,POSITIVE_LENGTH_MEASURE(0.1),#6968);
#7706 = DRAUGHTING_PRE_DEFINED_CURVE_FONT('continuous');
#7707 = STYLED_ITEM('color',(#7708),#2839);
#7708 = PRESENTATION_STYLE_ASSIGNMENT((#7709,#7714));
#7709 = SURFACE_STYLE_USAGE(.BOTH.,#7710);
#7710 = SURFACE_SIDE_STYLE('',(#7711));
#7711 = SURFACE_STYLE_FILL_AREA(#7712);
#7712 = FILL_AREA_STYLE('',(#7713));
#7713 = FILL_AREA_STYLE_COLOUR('',#6965);
#7714 = CURVE_STYLE('',#7715,POSITIVE_LENGTH_MEASURE(0.1),#6968);
#7715 = DRAUGHTING_PRE_DEFINED_CURVE_FONT('continuous');
#7716 = STYLED_ITEM('color',(#7717),#2873);
#7717 = PRESENTATION_STYLE_ASSIGNMENT((#7718,#7723));
#7718 = SURFACE_STYLE_USAGE(.BOTH.,#7719);
#7719 = SURFACE_SIDE_STYLE('',(#7720));
#7720 = SURFACE_STYLE_FILL_AREA(#7721);
#7721 = FILL_AREA_STYLE('',(#7722));
#7722 = FILL_AREA_STYLE_COLOUR('',#6965);
#7723 = CURVE_STYLE('',#7724,POSITIVE_LENGTH_MEASURE(0.1),#6968);
#7724 = DRAUGHTING_PRE_DEFINED_CURVE_FONT('continuous');
#7725 = STYLED_ITEM('color',(#7726),#2907);
#7726 = PRESENTATION_STYLE_ASSIGNMENT((#7727,#7732));
#7727 = SURFACE_STYLE_USAGE(.BOTH.,#7728);
#7728 = SURFACE_SIDE_STYLE('',(#7729));
#7729 = SURFACE_STYLE_FILL_AREA(#7730);
#7730 = FILL_AREA_STYLE('',(#7731));
#7731 = FILL_AREA_STYLE_COLOUR('',#6965);
#7732 = CURVE_STYLE('',#7733,POSITIVE_LENGTH_MEASURE(0.1),#6968);
#7733 = DRAUGHTING_PRE_DEFINED_CURVE_FONT('continuous');
#7734 = STYLED_ITEM('color',(#7735),#2941);
#7735 = PRESENTATION_STYLE_ASSIGNMENT((#7736,#7741));
#7736 = SURFACE_STYLE_USAGE(.BOTH.,#7737);
#7737 = SURFACE_SIDE_STYLE('',(#7738));
#7738 = SURFACE_STYLE_FILL_AREA(#7739);
#7739 = FILL_AREA_STYLE('',(#7740));
#7740 = FILL_AREA_STYLE_COLOUR('',#6965);
#7741 = CURVE_STYLE('',#7742,POSITIVE_LENGTH_MEASURE(0.1),#6968);
#7742 = DRAUGHTING_PRE_DEFINED_CURVE_FONT('continuous');
#7743 = STYLED_ITEM('color',(#7744),#2975);
#7744 = PRESENTATION_STYLE_ASSIGNMENT((#7745,#7750));
#7745 = SURFACE_STYLE_USAGE(.BOTH.,#7746);
#7746 = SURFACE_SIDE_STYLE('',(#7747));
#7747 = SURFACE_STYLE_FILL_AREA(#7748);
#7748 = FILL_AREA_STYLE('',(#7749));
#7749 = FILL_AREA_STYLE_COLOUR('',#6965);
#7750 = CURVE_STYLE('',#7751,POSITIVE_LENGTH_MEASURE(0.1),#6968);
#7751 = DRAUGHTING_PRE_DEFINED_CURVE_FONT('continuous');
#7752 = STYLED_ITEM('color',(#7753),#3009);
#7753 = PRESENTATION_STYLE_ASSIGNMENT((#7754,#7759));
#7754 = SURFACE_STYLE_USAGE(.BOTH.,#7755);
#7755 = SURFACE_SIDE_STYLE('',(#7756));
#7756 = SURFACE_STYLE_FILL_AREA(#7757);
#7757 = FILL_AREA_STYLE('',(#7758));
#7758 = FILL_AREA_STYLE_COLOUR('',#6965);
#7759 = CURVE_STYLE('',#7760,POSITIVE_LENGTH_MEASURE(0.1),#6968);
#7760 = DRAUGHTING_PRE_DEFINED_CURVE_FONT('continuous');
#7761 = STYLED_ITEM('color',(#7762),#3043);
#7762 = PRESENTATION_STYLE_ASSIGNMENT((#7763,#7768));
#7763 = SURFACE_STYLE_USAGE(.BOTH.,#7764);
#7764 = SURFACE_SIDE_STYLE('',(#7765));
#7765 = SURFACE_STYLE_FILL_AREA(#7766);
#7766 = FILL_AREA_STYLE('',(#7767));
#7767 = FILL_AREA_STYLE_COLOUR('',#6965);
#7768 = CURVE_STYLE('',#7769,POSITIVE_LENGTH_MEASURE(0.1),#6968);
#7769 = DRAUGHTING_PRE_DEFINED_CURVE_FONT('continuous');
#7770 = STYLED_ITEM('color',(#7771),#3077);
#7771 = PRESENTATION_STYLE_ASSIGNMENT((#7772,#7777));
#7772 = SURFACE_STYLE_USAGE(.BOTH.,#7773);
#7773 = SURFACE_SIDE_STYLE('',(#7774));
#7774 = SURFACE_STYLE_FILL_AREA(#7775);
#7775 = FILL_AREA_STYLE('',(#7776));
#7776 = FILL_AREA_STYLE_COLOUR('',#6965);
#7777 = CURVE_STYLE('',#7778,POSITIVE_LENGTH_MEASURE(0.1),#6968);
#7778 = DRAUGHTING_PRE_DEFINED_CURVE_FONT('continuous');
#7779 = STYLED_ITEM('color',(#7780),#3111);
#7780 = PRESENTATION_STYLE_ASSIGNMENT((#7781,#7786));
#7781 = SURFACE_STYLE_USAGE(.BOTH.,#7782);
#7782 = SURFACE_SIDE_STYLE('',(#7783));
#7783 = SURFACE_STYLE_FILL_AREA(#7784);
#7784 = FILL_AREA_STYLE('',(#7785));
#7785 = FILL_AREA_STYLE_COLOUR('',#6965);
#7786 = CURVE_STYLE('',#7787,POSITIVE_LENGTH_MEASURE(0.1),#6968);
#7787 = DRAUGHTING_PRE_DEFINED_CURVE_FONT('continuous');
#7788 = STYLED_ITEM('color',(#7789),#3145);
#7789 = PRESENTATION_STYLE_ASSIGNMENT((#7790,#7795));
#7790 = SURFACE_STYLE_USAGE(.BOTH.,#7791);
#7791 = SURFACE_SIDE_STYLE('',(#7792));
#7792 = SURFACE_STYLE_FILL_AREA(#7793);
#7793 = FILL_AREA_STYLE('',(#7794));
#7794 = FILL_AREA_STYLE_COLOUR('',#6965);
#7795 = CURVE_STYLE('',#7796,POSITIVE_LENGTH_MEASURE(0.1),#6968);
#7796 = DRAUGHTING_PRE_DEFINED_CURVE_FONT('continuous');
#7797 = STYLED_ITEM('color',(#7798),#3179);
#7798 = PRESENTATION_STYLE_ASSIGNMENT((#7799,#7804));
#7799 = SURFACE_STYLE_USAGE(.BOTH.,#7800);
#7800 = SURFACE_SIDE_STYLE('',(#7801));
#7801 = SURFACE_STYLE_FILL_AREA(#7802);
#7802 = FILL_AREA_STYLE('',(#7803));
#7803 = FILL_AREA_STYLE_COLOUR('',#6965);
#7804 = CURVE_STYLE('',#7805,POSITIVE_LENGTH_MEASURE(0.1),#6968);
#7805 = DRAUGHTING_PRE_DEFINED_CURVE_FONT('continuous');
#7806 = STYLED_ITEM('color',(#7807),#3213);
#7807 = PRESENTATION_STYLE_ASSIGNMENT((#7808,#7813));
#7808 = SURFACE_STYLE_USAGE(.BOTH.,#7809);
#7809 = SURFACE_SIDE_STYLE('',(#7810));
#7810 = SURFACE_STYLE_FILL_AREA(#7811);
#7811 = FILL_AREA_STYLE('',(#7812));
#7812 = FILL_AREA_STYLE_COLOUR('',#6965);
#7813 = CURVE_STYLE('',#7814,POSITIVE_LENGTH_MEASURE(0.1),#6968);
#7814 = DRAUGHTING_PRE_DEFINED_CURVE_FONT('continuous');
#7815 = STYLED_ITEM('color',(#7816),#3247);
#7816 = PRESENTATION_STYLE_ASSIGNMENT((#7817,#7822));
#7817 = SURFACE_STYLE_USAGE(.BOTH.,#7818);
#7818 = SURFACE_SIDE_STYLE('',(#7819));
#7819 = SURFACE_STYLE_FILL_AREA(#7820);
#7820 = FILL_AREA_STYLE('',(#7821));
#7821 = FILL_AREA_STYLE_COLOUR('',#6965);
#7822 = CURVE_STYLE('',#7823,POSITIVE_LENGTH_MEASURE(0.1),#6968);
#7823 = DRAUGHTING_PRE_DEFINED_CURVE_FONT('continuous');
#7824 = STYLED_ITEM('color',(#7825),#3281);
#7825 = PRESENTATION_STYLE_ASSIGNMENT((#7826,#7831));
#7826 = SURFACE_STYLE_USAGE(.BOTH.,#7827);
#7827 = SURFACE_SIDE_STYLE('',(#7828));
#7828 = SURFACE_STYLE_FILL_AREA(#7829);
#7829 = FILL_AREA_STYLE('',(#7830));
#7830 = FILL_AREA_STYLE_COLOUR('',#6965);
#7831 = CURVE_STYLE('',#7832,POSITIVE_LENGTH_MEASURE(0.1),#6968);
#7832 = DRAUGHTING_PRE_DEFINED_CURVE_FONT('continuous');
#7833 = STYLED_ITEM('color',(#7834),#3315);
#7834 = PRESENTATION_STYLE_ASSIGNMENT((#7835,#7840));
#7835 = SURFACE_STYLE_USAGE(.BOTH.,#7836);
#7836 = SURFACE_SIDE_STYLE('',(#7837));
#7837 = SURFACE_STYLE_FILL_AREA(#7838);
#7838 = FILL_AREA_STYLE('',(#7839));
#7839 = FILL_AREA_STYLE_COLOUR('',#6965);
#7840 = CURVE_STYLE('',#7841,POSITIVE_LENGTH_MEASURE(0.1),#6968);
#7841 = DRAUGHTING_PRE_DEFINED_CURVE_FONT('continuous');
#7842 = STYLED_ITEM('color',(#7843),#3349);
#7843 = PRESENTATION_STYLE_ASSIGNMENT((#7844,#7849));
#7844 = SURFACE_STYLE_USAGE(.BOTH.,#7845);
#7845 = SURFACE_SIDE_STYLE('',(#7846));
#7846 = SURFACE_STYLE_FILL_AREA(#7847);
#7847 = FILL_AREA_STYLE('',(#7848));
#7848 = FILL_AREA_STYLE_COLOUR('',#6965);
#7849 = CURVE_STYLE('',#7850,POSITIVE_LENGTH_MEASURE(0.1),#6968);
#7850 = DRAUGHTING_PRE_DEFINED_CURVE_FONT('continuous');
#7851 = STYLED_ITEM('color',(#7852),#3383);
#7852 = PRESENTATION_STYLE_ASSIGNMENT((#7853,#7858));
#7853 = SURFACE_STYLE_USAGE(.BOTH.,#7854);
#7854 = SURFACE_SIDE_STYLE('',(#7855));
#7855 = SURFACE_STYLE_FILL_AREA(#7856);
#7856 = FILL_AREA_STYLE('',(#7857));
#7857 = FILL_AREA_STYLE_COLOUR('',#6965);
#7858 = CURVE_STYLE('',#7859,POSITIVE_LENGTH_MEASURE(0.1),#6968);
#7859 = DRAUGHTING_PRE_DEFINED_CURVE_FONT('continuous');
#7860 = STYLED_ITEM('color',(#7861),#3417);
#7861 = PRESENTATION_STYLE_ASSIGNMENT((#7862,#7867));
#7862 = SURFACE_STYLE_USAGE(.BOTH.,#7863);
#7863 = SURFACE_SIDE_STYLE('',(#7864));
#7864 = SURFACE_STYLE_FILL_AREA(#7865);
#7865 = FILL_AREA_STYLE('',(#7866));
#7866 = FILL_AREA_STYLE_COLOUR('',#6965);
#7867 = CURVE_STYLE('',#7868,POSITIVE_LENGTH_MEASURE(0.1),#6968);
#7868 = DRAUGHTING_PRE_DEFINED_CURVE_FONT('continuous');
#7869 = STYLED_ITEM('color',(#7870),#3451);
#7870 = PRESENTATION_STYLE_ASSIGNMENT((#7871,#7876));
#7871 = SURFACE_STYLE_USAGE(.BOTH.,#7872);
#7872 = SURFACE_SIDE_STYLE('',(#7873));
#7873 = SURFACE_STYLE_FILL_AREA(#7874);
#7874 = FILL_AREA_STYLE('',(#7875));
#7875 = FILL_AREA_STYLE_COLOUR('',#6965);
#7876 = CURVE_STYLE('',#7877,POSITIVE_LENGTH_MEASURE(0.1),#6968);
#7877 = DRAUGHTING_PRE_DEFINED_CURVE_FONT('continuous');
#7878 = STYLED_ITEM('color',(#7879),#3485);
#7879 = PRESENTATION_STYLE_ASSIGNMENT((#7880,#7885));
#7880 = SURFACE_STYLE_USAGE(.BOTH.,#7881);
#7881 = SURFACE_SIDE_STYLE('',(#7882));
#7882 = SURFACE_STYLE_FILL_AREA(#7883);
#7883 = FILL_AREA_STYLE('',(#7884));
#7884 = FILL_AREA_STYLE_COLOUR('',#6965);
#7885 = CURVE_STYLE('',#7886,POSITIVE_LENGTH_MEASURE(0.1),#6968);
#7886 = DRAUGHTING_PRE_DEFINED_CURVE_FONT('continuous');
#7887 = STYLED_ITEM('color',(#7888),#3519);
#7888 = PRESENTATION_STYLE_ASSIGNMENT((#7889,#7894));
#7889 = SURFACE_STYLE_USAGE(.BOTH.,#7890);
#7890 = SURFACE_SIDE_STYLE('',(#7891));
#7891 = SURFACE_STYLE_FILL_AREA(#7892);
#7892 = FILL_AREA_STYLE('',(#7893));
#7893 = FILL_AREA_STYLE_COLOUR('',#6965);
#7894 = CURVE_STYLE('',#7895,POSITIVE_LENGTH_MEASURE(0.1),#6968);
#7895 = DRAUGHTING_PRE_DEFINED_CURVE_FONT('continuous');
#7896 = STYLED_ITEM('color',(#7897),#3553);
#7897 = PRESENTATION_STYLE_ASSIGNMENT((#7898,#7903));
#7898 = SURFACE_STYLE_USAGE(.BOTH.,#7899);
#7899 = SURFACE_SIDE_STYLE('',(#7900));
#7900 = SURFACE_STYLE_FILL_AREA(#7901);
#7901 = FILL_AREA_STYLE('',(#7902));
#7902 = FILL_AREA_STYLE_COLOUR('',#6965);
#7903 = CURVE_STYLE('',#7904,POSITIVE_LENGTH_MEASURE(0.1),#6968);
#7904 = DRAUGHTING_PRE_DEFINED_CURVE_FONT('continuous');
#7905 = STYLED_ITEM('color',(#7906),#3587);
#7906 = PRESENTATION_STYLE_ASSIGNMENT((#7907,#7912));
#7907 = SURFACE_STYLE_USAGE(.BOTH.,#7908);
#7908 = SURFACE_SIDE_STYLE('',(#7909));
#7909 = SURFACE_STYLE_FILL_AREA(#7910);
#7910 = FILL_AREA_STYLE('',(#7911));
#7911 = FILL_AREA_STYLE_COLOUR('',#6965);
#7912 = CURVE_STYLE('',#7913,POSITIVE_LENGTH_MEASURE(0.1),#6968);
#7913 = DRAUGHTING_PRE_DEFINED_CURVE_FONT('continuous');
#7914 = STYLED_ITEM('color',(#7915),#3621);
#7915 = PRESENTATION_STYLE_ASSIGNMENT((#7916,#7921));
#7916 = SURFACE_STYLE_USAGE(.BOTH.,#7917);
#7917 = SURFACE_SIDE_STYLE('',(#7918));
#7918 = SURFACE_STYLE_FILL_AREA(#7919);
#7919 = FILL_AREA_STYLE('',(#7920));
#7920 = FILL_AREA_STYLE_COLOUR('',#6965);
#7921 = CURVE_STYLE('',#7922,POSITIVE_LENGTH_MEASURE(0.1),#6968);
#7922 = DRAUGHTING_PRE_DEFINED_CURVE_FONT('continuous');
#7923 = STYLED_ITEM('color',(#7924),#3655);
#7924 = PRESENTATION_STYLE_ASSIGNMENT((#7925,#7930));
#7925 = SURFACE_STYLE_USAGE(.BOTH.,#7926);
#7926 = SURFACE_SIDE_STYLE('',(#7927));
#7927 = SURFACE_STYLE_FILL_AREA(#7928);
#7928 = FILL_AREA_STYLE('',(#7929));
#7929 = FILL_AREA_STYLE_COLOUR('',#6965);
#7930 = CURVE_STYLE('',#7931,POSITIVE_LENGTH_MEASURE(0.1),#6968);
#7931 = DRAUGHTING_PRE_DEFINED_CURVE_FONT('continuous');
#7932 = STYLED_ITEM('color',(#7933),#3689);
#7933 = PRESENTATION_STYLE_ASSIGNMENT((#7934,#7939));
#7934 = SURFACE_STYLE_USAGE(.BOTH.,#7935);
#7935 = SURFACE_SIDE_STYLE('',(#7936));
#7936 = SURFACE_STYLE_FILL_AREA(#7937);
#7937 = FILL_AREA_STYLE('',(#7938));
#7938 = FILL_AREA_STYLE_COLOUR('',#6965);
#7939 = CURVE_STYLE('',#7940,POSITIVE_LENGTH_MEASURE(0.1),#6968);
#7940 = DRAUGHTING_PRE_DEFINED_CURVE_FONT('continuous');
#7941 = STYLED_ITEM('color',(#7942),#3723);
#7942 = PRESENTATION_STYLE_ASSIGNMENT((#7943,#7948));
#7943 = SURFACE_STYLE_USAGE(.BOTH.,#7944);
#7944 = SURFACE_SIDE_STYLE('',(#7945));
#7945 = SURFACE_STYLE_FILL_AREA(#7946);
#7946 = FILL_AREA_STYLE('',(#7947));
#7947 = FILL_AREA_STYLE_COLOUR('',#6965);
#7948 = CURVE_STYLE('',#7949,POSITIVE_LENGTH_MEASURE(0.1),#6968);
#7949 = DRAUGHTING_PRE_DEFINED_CURVE_FONT('continuous');
#7950 = STYLED_ITEM('color',(#7951),#3757);
#7951 = PRESENTATION_STYLE_ASSIGNMENT((#7952,#7957));
#7952 = SURFACE_STYLE_USAGE(.BOTH.,#7953);
#7953 = SURFACE_SIDE_STYLE('',(#7954));
#7954 = SURFACE_STYLE_FILL_AREA(#7955);
#7955 = FILL_AREA_STYLE('',(#7956));
#7956 = FILL_AREA_STYLE_COLOUR('',#6965);
#7957 = CURVE_STYLE('',#7958,POSITIVE_LENGTH_MEASURE(0.1),#6968);
#7958 = DRAUGHTING_PRE_DEFINED_CURVE_FONT('continuous');
#7959 = STYLED_ITEM('color',(#7960),#3791);
#7960 = PRESENTATION_STYLE_ASSIGNMENT((#7961,#7966));
#7961 = SURFACE_STYLE_USAGE(.BOTH.,#7962);
#7962 = SURFACE_SIDE_STYLE('',(#7963));
#7963 = SURFACE_STYLE_FILL_AREA(#7964);
#7964 = FILL_AREA_STYLE('',(#7965));
#7965 = FILL_AREA_STYLE_COLOUR('',#6965);
#7966 = CURVE_STYLE('',#7967,POSITIVE_LENGTH_MEASURE(0.1),#6968);
#7967 = DRAUGHTING_PRE_DEFINED_CURVE_FONT('continuous');
#7968 = STYLED_ITEM('color',(#7969),#3825);
#7969 = PRESENTATION_STYLE_ASSIGNMENT((#7970,#7975));
#7970 = SURFACE_STYLE_USAGE(.BOTH.,#7971);
#7971 = SURFACE_SIDE_STYLE('',(#7972));
#7972 = SURFACE_STYLE_FILL_AREA(#7973);
#7973 = FILL_AREA_STYLE('',(#7974));
#7974 = FILL_AREA_STYLE_COLOUR('',#6965);
#7975 = CURVE_STYLE('',#7976,POSITIVE_LENGTH_MEASURE(0.1),#6968);
#7976 = DRAUGHTING_PRE_DEFINED_CURVE_FONT('continuous');
#7977 = STYLED_ITEM('color',(#7978),#3859);
#7978 = PRESENTATION_STYLE_ASSIGNMENT((#7979,#7984));
#7979 = SURFACE_STYLE_USAGE(.BOTH.,#7980);
#7980 = SURFACE_SIDE_STYLE('',(#7981));
#7981 = SURFACE_STYLE_FILL_AREA(#7982);
#7982 = FILL_AREA_STYLE('',(#7983));
#7983 = FILL_AREA_STYLE_COLOUR('',#6965);
#7984 = CURVE_STYLE('',#7985,POSITIVE_LENGTH_MEASURE(0.1),#6968);
#7985 = DRAUGHTING_PRE_DEFINED_CURVE_FONT('continuous');
#7986 = STYLED_ITEM('color',(#7987),#3893);
#7987 = PRESENTATION_STYLE_ASSIGNMENT((#7988,#7993));
#7988 = SURFACE_STYLE_USAGE(.BOTH.,#7989);
#7989 = SURFACE_SIDE_STYLE('',(#7990));
#7990 = SURFACE_STYLE_FILL_AREA(#7991);
#7991 = FILL_AREA_STYLE('',(#7992));
#7992 = FILL_AREA_STYLE_COLOUR('',#6965);
#7993 = CURVE_STYLE('',#7994,POSITIVE_LENGTH_MEASURE(0.1),#6968);
#7994 = DRAUGHTING_PRE_DEFINED_CURVE_FONT('continuous');
#7995 = STYLED_ITEM('color',(#7996),#3927);
#7996 = PRESENTATION_STYLE_ASSIGNMENT((#7997,#8002));
#7997 = SURFACE_STYLE_USAGE(.BOTH.,#7998);
#7998 = SURFACE_SIDE_STYLE('',(#7999));
#7999 = SURFACE_STYLE_FILL_AREA(#8000);
#8000 = FILL_AREA_STYLE('',(#8001));
#8001 = FILL_AREA_STYLE_COLOUR('',#6965);
#8002 = CURVE_STYLE('',#8003,POSITIVE_LENGTH_MEASURE(0.1),#6968);
#8003 = DRAUGHTING_PRE_DEFINED_CURVE_FONT('continuous');
#8004 = STYLED_ITEM('color',(#8005),#3961);
#8005 = PRESENTATION_STYLE_ASSIGNMENT((#8006,#8011));
#8006 = SURFACE_STYLE_USAGE(.BOTH.,#8007);
#8007 = SURFACE_SIDE_STYLE('',(#8008));
#8008 = SURFACE_STYLE_FILL_AREA(#8009);
#8009 = FILL_AREA_STYLE('',(#8010));
#8010 = FILL_AREA_STYLE_COLOUR('',#6965);
#8011 = CURVE_STYLE('',#8012,POSITIVE_LENGTH_MEASURE(0.1),#6968);
#8012 = DRAUGHTING_PRE_DEFINED_CURVE_FONT('continuous');
#8013 = STYLED_ITEM('color',(#8014),#3995);
#8014 = PRESENTATION_STYLE_ASSIGNMENT((#8015,#8020));
#8015 = SURFACE_STYLE_USAGE(.BOTH.,#8016);
#8016 = SURFACE_SIDE_STYLE('',(#8017));
#8017 = SURFACE_STYLE_FILL_AREA(#8018);
#8018 = FILL_AREA_STYLE('',(#8019));
#8019 = FILL_AREA_STYLE_COLOUR('',#6965);
#8020 = CURVE_STYLE('',#8021,POSITIVE_LENGTH_MEASURE(0.1),#6968);
#8021 = DRAUGHTING_PRE_DEFINED_CURVE_FONT('continuous');
#8022 = STYLED_ITEM('color',(#8023),#4029);
#8023 = PRESENTATION_STYLE_ASSIGNMENT((#8024,#8029));
#8024 = SURFACE_STYLE_USAGE(.BOTH.,#8025);
#8025 = SURFACE_SIDE_STYLE('',(#8026));
#8026 = SURFACE_STYLE_FILL_AREA(#8027);
#8027 = FILL_AREA_STYLE('',(#8028));
#8028 = FILL_AREA_STYLE_COLOUR('',#6965);
#8029 = CURVE_STYLE('',#8030,POSITIVE_LENGTH_MEASURE(0.1),#6968);
#8030 = DRAUGHTING_PRE_DEFINED_CURVE_FONT('continuous');
#8031 = STYLED_ITEM('color',(#8032),#4063);
#8032 = PRESENTATION_STYLE_ASSIGNMENT((#8033,#8038));
#8033 = SURFACE_STYLE_USAGE(.BOTH.,#8034);
#8034 = SURFACE_SIDE_STYLE('',(#8035));
#8035 = SURFACE_STYLE_FILL_AREA(#8036);
#8036 = FILL_AREA_STYLE('',(#8037));
#8037 = FILL_AREA_STYLE_COLOUR('',#6965);
#8038 = CURVE_STYLE('',#8039,POSITIVE_LENGTH_MEASURE(0.1),#6968);
#8039 = DRAUGHTING_PRE_DEFINED_CURVE_FONT('continuous');
#8040 = STYLED_ITEM('color',(#8041),#4097);
#8041 = PRESENTATION_STYLE_ASSIGNMENT((#8042,#8047));
#8042 = SURFACE_STYLE_USAGE(.BOTH.,#8043);
#8043 = SURFACE_SIDE_STYLE('',(#8044));
#8044 = SURFACE_STYLE_FILL_AREA(#8045);
#8045 = FILL_AREA_STYLE('',(#8046));
#8046 = FILL_AREA_STYLE_COLOUR('',#6965);
#8047 = CURVE_STYLE('',#8048,POSITIVE_LENGTH_MEASURE(0.1),#6968);
#8048 = DRAUGHTING_PRE_DEFINED_CURVE_FONT('continuous');
#8049 = STYLED_ITEM('color',(#8050),#4131);
#8050 = PRESENTATION_STYLE_ASSIGNMENT((#8051,#8056));
#8051 = SURFACE_STYLE_USAGE(.BOTH.,#8052);
#8052 = SURFACE_SIDE_STYLE('',(#8053));
#8053 = SURFACE_STYLE_FILL_AREA(#8054);
#8054 = FILL_AREA_STYLE('',(#8055));
#8055 = FILL_AREA_STYLE_COLOUR('',#6965);
#8056 = CURVE_STYLE('',#8057,POSITIVE_LENGTH_MEASURE(0.1),#6968);
#8057 = DRAUGHTING_PRE_DEFINED_CURVE_FONT('continuous');
#8058 = STYLED_ITEM('color',(#8059),#4165);
#8059 = PRESENTATION_STYLE_ASSIGNMENT((#8060,#8065));
#8060 = SURFACE_STYLE_USAGE(.BOTH.,#8061);
#8061 = SURFACE_SIDE_STYLE('',(#8062));
#8062 = SURFACE_STYLE_FILL_AREA(#8063);
#8063 = FILL_AREA_STYLE('',(#8064));
#8064 = FILL_AREA_STYLE_COLOUR('',#6965);
#8065 = CURVE_STYLE('',#8066,POSITIVE_LENGTH_MEASURE(0.1),#6968);
#8066 = DRAUGHTING_PRE_DEFINED_CURVE_FONT('continuous');
#8067 = STYLED_ITEM('color',(#8068),#4199);
#8068 = PRESENTATION_STYLE_ASSIGNMENT((#8069,#8074));
#8069 = SURFACE_STYLE_USAGE(.BOTH.,#8070);
#8070 = SURFACE_SIDE_STYLE('',(#8071));
#8071 = SURFACE_STYLE_FILL_AREA(#8072);
#8072 = FILL_AREA_STYLE('',(#8073));
#8073 = FILL_AREA_STYLE_COLOUR('',#6965);
#8074 = CURVE_STYLE('',#8075,POSITIVE_LENGTH_MEASURE(0.1),#6968);
#8075 = DRAUGHTING_PRE_DEFINED_CURVE_FONT('continuous');
#8076 = STYLED_ITEM('color',(#8077),#4233);
#8077 = PRESENTATION_STYLE_ASSIGNMENT((#8078,#8083));
#8078 = SURFACE_STYLE_USAGE(.BOTH.,#8079);
#8079 = SURFACE_SIDE_STYLE('',(#8080));
#8080 = SURFACE_STYLE_FILL_AREA(#8081);
#8081 = FILL_AREA_STYLE('',(#8082));
#8082 = FILL_AREA_STYLE_COLOUR('',#6965);
#8083 = CURVE_STYLE('',#8084,POSITIVE_LENGTH_MEASURE(0.1),#6968);
#8084 = DRAUGHTING_PRE_DEFINED_CURVE_FONT('continuous');
#8085 = STYLED_ITEM('color',(#8086),#4267);
#8086 = PRESENTATION_STYLE_ASSIGNMENT((#8087,#8092));
#8087 = SURFACE_STYLE_USAGE(.BOTH.,#8088);
#8088 = SURFACE_SIDE_STYLE('',(#8089));
#8089 = SURFACE_STYLE_FILL_AREA(#8090);
#8090 = FILL_AREA_STYLE('',(#8091));
#8091 = FILL_AREA_STYLE_COLOUR('',#6965);
#8092 = CURVE_STYLE('',#8093,POSITIVE_LENGTH_MEASURE(0.1),#6968);
#8093 = DRAUGHTING_PRE_DEFINED_CURVE_FONT('continuous');
#8094 = STYLED_ITEM('color',(#8095),#4301);
#8095 = PRESENTATION_STYLE_ASSIGNMENT((#8096,#8101));
#8096 = SURFACE_STYLE_USAGE(.BOTH.,#8097);
#8097 = SURFACE_SIDE_STYLE('',(#8098));
#8098 = SURFACE_STYLE_FILL_AREA(#8099);
#8099 = FILL_AREA_STYLE('',(#8100));
#8100 = FILL_AREA_STYLE_COLOUR('',#6965);
#8101 = CURVE_STYLE('',#8102,POSITIVE_LENGTH_MEASURE(0.1),#6968);
#8102 = DRAUGHTING_PRE_DEFINED_CURVE_FONT('continuous');
#8103 = STYLED_ITEM('color',(#8104),#4335);
#8104 = PRESENTATION_STYLE_ASSIGNMENT((#8105,#8110));
#8105 = SURFACE_STYLE_USAGE(.BOTH.,#8106);
#8106 = SURFACE_SIDE_STYLE('',(#8107));
#8107 = SURFACE_STYLE_FILL_AREA(#8108);
#8108 = FILL_AREA_STYLE('',(#8109));
#8109 = FILL_AREA_STYLE_COLOUR('',#6965);
#8110 = CURVE_STYLE('',#8111,POSITIVE_LENGTH_MEASURE(0.1),#6968);
#8111 = DRAUGHTING_PRE_DEFINED_CURVE_FONT('continuous');
#8112 = STYLED_ITEM('color',(#8113),#4369);
#8113 = PRESENTATION_STYLE_ASSIGNMENT((#8114,#8119));
#8114 = SURFACE_STYLE_USAGE(.BOTH.,#8115);
#8115 = SURFACE_SIDE_STYLE('',(#8116));
#8116 = SURFACE_STYLE_FILL_AREA(#8117);
#8117 = FILL_AREA_STYLE('',(#8118));
#8118 = FILL_AREA_STYLE_COLOUR('',#6965);
#8119 = CURVE_STYLE('',#8120,POSITIVE_LENGTH_MEASURE(0.1),#6968);
#8120 = DRAUGHTING_PRE_DEFINED_CURVE_FONT('continuous');
#8121 = STYLED_ITEM('color',(#8122),#4403);
#8122 = PRESENTATION_STYLE_ASSIGNMENT((#8123,#8128));
#8123 = SURFACE_STYLE_USAGE(.BOTH.,#8124);
#8124 = SURFACE_SIDE_STYLE('',(#8125));
#8125 = SURFACE_STYLE_FILL_AREA(#8126);
#8126 = FILL_AREA_STYLE('',(#8127));
#8127 = FILL_AREA_STYLE_COLOUR('',#6965);
#8128 = CURVE_STYLE('',#8129,POSITIVE_LENGTH_MEASURE(0.1),#6968);
#8129 = DRAUGHTING_PRE_DEFINED_CURVE_FONT('continuous');
#8130 = STYLED_ITEM('color',(#8131),#4437);
#8131 = PRESENTATION_STYLE_ASSIGNMENT((#8132,#8137));
#8132 = SURFACE_STYLE_USAGE(.BOTH.,#8133);
#8133 = SURFACE_SIDE_STYLE('',(#8134));
#8134 = SURFACE_STYLE_FILL_AREA(#8135);
#8135 = FILL_AREA_STYLE('',(#8136));
#8136 = FILL_AREA_STYLE_COLOUR('',#6965);
#8137 = CURVE_STYLE('',#8138,POSITIVE_LENGTH_MEASURE(0.1),#6968);
#8138 = DRAUGHTING_PRE_DEFINED_CURVE_FONT('continuous');
#8139 = STYLED_ITEM('color',(#8140),#4471);
#8140 = PRESENTATION_STYLE_ASSIGNMENT((#8141,#8146));
#8141 = SURFACE_STYLE_USAGE(.BOTH.,#8142);
#8142 = SURFACE_SIDE_STYLE('',(#8143));
#8143 = SURFACE_STYLE_FILL_AREA(#8144);
#8144 = FILL_AREA_STYLE('',(#8145));
#8145 = FILL_AREA_STYLE_COLOUR('',#6965);
#8146 = CURVE_STYLE('',#8147,POSITIVE_LENGTH_MEASURE(0.1),#6968);
#8147 = DRAUGHTING_PRE_DEFINED_CURVE_FONT('continuous');
#8148 = STYLED_ITEM('color',(#8149),#4505);
#8149 = PRESENTATION_STYLE_ASSIGNMENT((#8150,#8155));
#8150 = SURFACE_STYLE_USAGE(.BOTH.,#8151);
#8151 = SURFACE_SIDE_STYLE('',(#8152));
#8152 = SURFACE_STYLE_FILL_AREA(#8153);
#8153 = FILL_AREA_STYLE('',(#8154));
#8154 = FILL_AREA_STYLE_COLOUR('',#6965);
#8155 = CURVE_STYLE('',#8156,POSITIVE_LENGTH_MEASURE(0.1),#6968);
#8156 = DRAUGHTING_PRE_DEFINED_CURVE_FONT('continuous');
#8157 = STYLED_ITEM('color',(#8158),#4539);
#8158 = PRESENTATION_STYLE_ASSIGNMENT((#8159,#8164));
#8159 = SURFACE_STYLE_USAGE(.BOTH.,#8160);
#8160 = SURFACE_SIDE_STYLE('',(#8161));
#8161 = SURFACE_STYLE_FILL_AREA(#8162);
#8162 = FILL_AREA_STYLE('',(#8163));
#8163 = FILL_AREA_STYLE_COLOUR('',#6965);
#8164 = CURVE_STYLE('',#8165,POSITIVE_LENGTH_MEASURE(0.1),#6968);
#8165 = DRAUGHTING_PRE_DEFINED_CURVE_FONT('continuous');
#8166 = STYLED_ITEM('color',(#8167),#4573);
#8167 = PRESENTATION_STYLE_ASSIGNMENT((#8168,#8173));
#8168 = SURFACE_STYLE_USAGE(.BOTH.,#8169);
#8169 = SURFACE_SIDE_STYLE('',(#8170));
#8170 = SURFACE_STYLE_FILL_AREA(#8171);
#8171 = FILL_AREA_STYLE('',(#8172));
#8172 = FILL_AREA_STYLE_COLOUR('',#6965);
#8173 = CURVE_STYLE('',#8174,POSITIVE_LENGTH_MEASURE(0.1),#6968);
#8174 = DRAUGHTING_PRE_DEFINED_CURVE_FONT('continuous');
#8175 = STYLED_ITEM('color',(#8176),#4607);
#8176 = PRESENTATION_STYLE_ASSIGNMENT((#8177,#8182));
#8177 = SURFACE_STYLE_USAGE(.BOTH.,#8178);
#8178 = SURFACE_SIDE_STYLE('',(#8179));
#8179 = SURFACE_STYLE_FILL_AREA(#8180);
#8180 = FILL_AREA_STYLE('',(#8181));
#8181 = FILL_AREA_STYLE_COLOUR('',#6965);
#8182 = CURVE_STYLE('',#8183,POSITIVE_LENGTH_MEASURE(0.1),#6968);
#8183 = DRAUGHTING_PRE_DEFINED_CURVE_FONT('continuous');
#8184 = STYLED_ITEM('color',(#8185),#4641);
#8185 = PRESENTATION_STYLE_ASSIGNMENT((#8186,#8191));
#8186 = SURFACE_STYLE_USAGE(.BOTH.,#8187);
#8187 = SURFACE_SIDE_STYLE('',(#8188));
#8188 = SURFACE_STYLE_FILL_AREA(#8189);
#8189 = FILL_AREA_STYLE('',(#8190));
#8190 = FILL_AREA_STYLE_COLOUR('',#6965);
#8191 = CURVE_STYLE('',#8192,POSITIVE_LENGTH_MEASURE(0.1),#6968);
#8192 = DRAUGHTING_PRE_DEFINED_CURVE_FONT('continuous');
#8193 = STYLED_ITEM('color',(#8194),#4675);
#8194 = PRESENTATION_STYLE_ASSIGNMENT((#8195,#8200));
#8195 = SURFACE_STYLE_USAGE(.BOTH.,#8196);
#8196 = SURFACE_SIDE_STYLE('',(#8197));
#8197 = SURFACE_STYLE_FILL_AREA(#8198);
#8198 = FILL_AREA_STYLE('',(#8199));
#8199 = FILL_AREA_STYLE_COLOUR('',#6965);
#8200 = CURVE_STYLE('',#8201,POSITIVE_LENGTH_MEASURE(0.1),#6968);
#8201 = DRAUGHTING_PRE_DEFINED_CURVE_FONT('continuous');
#8202 = STYLED_ITEM('color',(#8203),#4709);
#8203 = PRESENTATION_STYLE_ASSIGNMENT((#8204,#8209));
#8204 = SURFACE_STYLE_USAGE(.BOTH.,#8205);
#8205 = SURFACE_SIDE_STYLE('',(#8206));
#8206 = SURFACE_STYLE_FILL_AREA(#8207);
#8207 = FILL_AREA_STYLE('',(#8208));
#8208 = FILL_AREA_STYLE_COLOUR('',#6965);
#8209 = CURVE_STYLE('',#8210,POSITIVE_LENGTH_MEASURE(0.1),#6968);
#8210 = DRAUGHTING_PRE_DEFINED_CURVE_FONT('continuous');
#8211 = STYLED_ITEM('color',(#8212),#4743);
#8212 = PRESENTATION_STYLE_ASSIGNMENT((#8213,#8218));
#8213 = SURFACE_STYLE_USAGE(.BOTH.,#8214);
#8214 = SURFACE_SIDE_STYLE('',(#8215));
#8215 = SURFACE_STYLE_FILL_AREA(#8216);
#8216 = FILL_AREA_STYLE('',(#8217));
#8217 = FILL_AREA_STYLE_COLOUR('',#6965);
#8218 = CURVE_STYLE('',#8219,POSITIVE_LENGTH_MEASURE(0.1),#6968);
#8219 = DRAUGHTING_PRE_DEFINED_CURVE_FONT('continuous');
#8220 = STYLED_ITEM('color',(#8221),#4777);
#8221 = PRESENTATION_STYLE_ASSIGNMENT((#8222,#8227));
#8222 = SURFACE_STYLE_USAGE(.BOTH.,#8223);
#8223 = SURFACE_SIDE_STYLE('',(#8224));
#8224 = SURFACE_STYLE_FILL_AREA(#8225);
#8225 = FILL_AREA_STYLE('',(#8226));
#8226 = FILL_AREA_STYLE_COLOUR('',#6965);
#8227 = CURVE_STYLE('',#8228,POSITIVE_LENGTH_MEASURE(0.1),#6968);
#8228 = DRAUGHTING_PRE_DEFINED_CURVE_FONT('continuous');
#8229 = STYLED_ITEM('color',(#8230),#4811);
#8230 = PRESENTATION_STYLE_ASSIGNMENT((#8231,#8236));
#8231 = SURFACE_STYLE_USAGE(.BOTH.,#8232);
#8232 = SURFACE_SIDE_STYLE('',(#8233));
#8233 = SURFACE_STYLE_FILL_AREA(#8234);
#8234 = FILL_AREA_STYLE('',(#8235));
#8235 = FILL_AREA_STYLE_COLOUR('',#6965);
#8236 = CURVE_STYLE('',#8237,POSITIVE_LENGTH_MEASURE(0.1),#6968);
#8237 = DRAUGHTING_PRE_DEFINED_CURVE_FONT('continuous');
#8238 = STYLED_ITEM('color',(#8239),#4845);
#8239 = PRESENTATION_STYLE_ASSIGNMENT((#8240,#8245));
#8240 = SURFACE_STYLE_USAGE(.BOTH.,#8241);
#8241 = SURFACE_SIDE_STYLE('',(#8242));
#8242 = SURFACE_STYLE_FILL_AREA(#8243);
#8243 = FILL_AREA_STYLE('',(#8244));
#8244 = FILL_AREA_STYLE_COLOUR('',#6965);
#8245 = CURVE_STYLE('',#8246,POSITIVE_LENGTH_MEASURE(0.1),#6968);
#8246 = DRAUGHTING_PRE_DEFINED_CURVE_FONT('continuous');
#8247 = STYLED_ITEM('color',(#8248),#4879);
#8248 = PRESENTATION_STYLE_ASSIGNMENT((#8249,#8254));
#8249 = SURFACE_STYLE_USAGE(.BOTH.,#8250);
#8250 = SURFACE_SIDE_STYLE('',(#8251));
#8251 = SURFACE_STYLE_FILL_AREA(#8252);
#8252 = FILL_AREA_STYLE('',(#8253));
#8253 = FILL_AREA_STYLE_COLOUR('',#6965);
#8254 = CURVE_STYLE('',#8255,POSITIVE_LENGTH_MEASURE(0.1),#6968);
#8255 = DRAUGHTING_PRE_DEFINED_CURVE_FONT('continuous');
#8256 = STYLED_ITEM('color',(#8257),#4913);
#8257 = PRESENTATION_STYLE_ASSIGNMENT((#8258,#8263));
#8258 = SURFACE_STYLE_USAGE(.BOTH.,#8259);
#8259 = SURFACE_SIDE_STYLE('',(#8260));
#8260 = SURFACE_STYLE_FILL_AREA(#8261);
#8261 = FILL_AREA_STYLE('',(#8262));
#8262 = FILL_AREA_STYLE_COLOUR('',#6965);
#8263 = CURVE_STYLE('',#8264,POSITIVE_LENGTH_MEASURE(0.1),#6968);
#8264 = DRAUGHTING_PRE_DEFINED_CURVE_FONT('continuous');
#8265 = STYLED_ITEM('color',(#8266),#4947);
#8266 = PRESENTATION_STYLE_ASSIGNMENT((#8267,#8272));
#8267 = SURFACE_STYLE_USAGE(.BOTH.,#8268);
#8268 = SURFACE_SIDE_STYLE('',(#8269));
#8269 = SURFACE_STYLE_FILL_AREA(#8270);
#8270 = FILL_AREA_STYLE('',(#8271));
#8271 = FILL_AREA_STYLE_COLOUR('',#6965);
#8272 = CURVE_STYLE('',#8273,POSITIVE_LENGTH_MEASURE(0.1),#6968);
#8273 = DRAUGHTING_PRE_DEFINED_CURVE_FONT('continuous');
#8274 = STYLED_ITEM('color',(#8275),#4981);
#8275 = PRESENTATION_STYLE_ASSIGNMENT((#8276,#8281));
#8276 = SURFACE_STYLE_USAGE(.BOTH.,#8277);
#8277 = SURFACE_SIDE_STYLE('',(#8278));
#8278 = SURFACE_STYLE_FILL_AREA(#8279);
#8279 = FILL_AREA_STYLE('',(#8280));
#8280 = FILL_AREA_STYLE_COLOUR('',#6965);
#8281 = CURVE_STYLE('',#8282,POSITIVE_LENGTH_MEASURE(0.1),#6968);
#8282 = DRAUGHTING_PRE_DEFINED_CURVE_FONT('continuous');
#8283 = STYLED_ITEM('color',(#8284),#5015);
#8284 = PRESENTATION_STYLE_ASSIGNMENT((#8285,#8290));
#8285 = SURFACE_STYLE_USAGE(.BOTH.,#8286);
#8286 = SURFACE_SIDE_STYLE('',(#8287));
#8287 = SURFACE_STYLE_FILL_AREA(#8288);
#8288 = FILL_AREA_STYLE('',(#8289));
#8289 = FILL_AREA_STYLE_COLOUR('',#6965);
#8290 = CURVE_STYLE('',#8291,POSITIVE_LENGTH_MEASURE(0.1),#6968);
#8291 = DRAUGHTING_PRE_DEFINED_CURVE_FONT('continuous');
#8292 = STYLED_ITEM('color',(#8293),#5049);
#8293 = PRESENTATION_STYLE_ASSIGNMENT((#8294,#8299));
#8294 = SURFACE_STYLE_USAGE(.BOTH.,#8295);
#8295 = SURFACE_SIDE_STYLE('',(#8296));
#8296 = SURFACE_STYLE_FILL_AREA(#8297);
#8297 = FILL_AREA_STYLE('',(#8298));
#8298 = FILL_AREA_STYLE_COLOUR('',#6965);
#8299 = CURVE_STYLE('',#8300,POSITIVE_LENGTH_MEASURE(0.1),#6968);
#8300 = DRAUGHTING_PRE_DEFINED_CURVE_FONT('continuous');
#8301 = STYLED_ITEM('color',(#8302),#5083);
#8302 = PRESENTATION_STYLE_ASSIGNMENT((#8303,#8308));
#8303 = SURFACE_STYLE_USAGE(.BOTH.,#8304);
#8304 = SURFACE_SIDE_STYLE('',(#8305));
#8305 = SURFACE_STYLE_FILL_AREA(#8306);
#8306 = FILL_AREA_STYLE('',(#8307));
#8307 = FILL_AREA_STYLE_COLOUR('',#6965);
#8308 = CURVE_STYLE('',#8309,POSITIVE_LENGTH_MEASURE(0.1),#6968);
#8309 = DRAUGHTING_PRE_DEFINED_CURVE_FONT('continuous');
#8310 = STYLED_ITEM('color',(#8311),#5117);
#8311 = PRESENTATION_STYLE_ASSIGNMENT((#8312,#8317));
#8312 = SURFACE_STYLE_USAGE(.BOTH.,#8313);
#8313 = SURFACE_SIDE_STYLE('',(#8314));
#8314 = SURFACE_STYLE_FILL_AREA(#8315);
#8315 = FILL_AREA_STYLE('',(#8316));
#8316 = FILL_AREA_STYLE_COLOUR('',#6965);
#8317 = CURVE_STYLE('',#8318,POSITIVE_LENGTH_MEASURE(0.1),#6968);
#8318 = DRAUGHTING_PRE_DEFINED_CURVE_FONT('continuous');
#8319 = STYLED_ITEM('color',(#8320),#5151);
#8320 = PRESENTATION_STYLE_ASSIGNMENT((#8321,#8326));
#8321 = SURFACE_STYLE_USAGE(.BOTH.,#8322);
#8322 = SURFACE_SIDE_STYLE('',(#8323));
#8323 = SURFACE_STYLE_FILL_AREA(#8324);
#8324 = FILL_AREA_STYLE('',(#8325));
#8325 = FILL_AREA_STYLE_COLOUR('',#6965);
#8326 = CURVE_STYLE('',#8327,POSITIVE_LENGTH_MEASURE(0.1),#6968);
#8327 = DRAUGHTING_PRE_DEFINED_CURVE_FONT('continuous');
#8328 = STYLED_ITEM('color',(#8329),#5185);
#8329 = PRESENTATION_STYLE_ASSIGNMENT((#8330,#8335));
#8330 = SURFACE_STYLE_USAGE(.BOTH.,#8331);
#8331 = SURFACE_SIDE_STYLE('',(#8332));
#8332 = SURFACE_STYLE_FILL_AREA(#8333);
#8333 = FILL_AREA_STYLE('',(#8334));
#8334 = FILL_AREA_STYLE_COLOUR('',#6965);
#8335 = CURVE_STYLE('',#8336,POSITIVE_LENGTH_MEASURE(0.1),#6968);
#8336 = DRAUGHTING_PRE_DEFINED_CURVE_FONT('continuous');
#8337 = STYLED_ITEM('color',(#8338),#5219);
#8338 = PRESENTATION_STYLE_ASSIGNMENT((#8339,#8344));
#8339 = SURFACE_STYLE_USAGE(.BOTH.,#8340);
#8340 = SURFACE_SIDE_STYLE('',(#8341));
#8341 = SURFACE_STYLE_FILL_AREA(#8342);
#8342 = FILL_AREA_STYLE('',(#8343));
#8343 = FILL_AREA_STYLE_COLOUR('',#6965);
#8344 = CURVE_STYLE('',#8345,POSITIVE_LENGTH_MEASURE(0.1),#6968);
#8345 = DRAUGHTING_PRE_DEFINED_CURVE_FONT('continuous');
#8346 = STYLED_ITEM('color',(#8347),#5253);
#8347 = PRESENTATION_STYLE_ASSIGNMENT((#8348,#8353));
#8348 = SURFACE_STYLE_USAGE(.BOTH.,#8349);
#8349 = SURFACE_SIDE_STYLE('',(#8350));
#8350 = SURFACE_STYLE_FILL_AREA(#8351);
#8351 = FILL_AREA_STYLE('',(#8352));
#8352 = FILL_AREA_STYLE_COLOUR('',#6965);
#8353 = CURVE_STYLE('',#8354,POSITIVE_LENGTH_MEASURE(0.1),#6968);
#8354 = DRAUGHTING_PRE_DEFINED_CURVE_FONT('continuous');
#8355 = STYLED_ITEM('color',(#8356),#5287);
#8356 = PRESENTATION_STYLE_ASSIGNMENT((#8357,#8362));
#8357 = SURFACE_STYLE_USAGE(.BOTH.,#8358);
#8358 = SURFACE_SIDE_STYLE('',(#8359));
#8359 = SURFACE_STYLE_FILL_AREA(#8360);
#8360 = FILL_AREA_STYLE('',(#8361));
#8361 = FILL_AREA_STYLE_COLOUR('',#6965);
#8362 = CURVE_STYLE('',#8363,POSITIVE_LENGTH_MEASURE(0.1),#6968);
#8363 = DRAUGHTING_PRE_DEFINED_CURVE_FONT('continuous');
#8364 = STYLED_ITEM('color',(#8365),#5321);
#8365 = PRESENTATION_STYLE_ASSIGNMENT((#8366,#8371));
#8366 = SURFACE_STYLE_USAGE(.BOTH.,#8367);
#8367 = SURFACE_SIDE_STYLE('',(#8368));
#8368 = SURFACE_STYLE_FILL_AREA(#8369);
#8369 = FILL_AREA_STYLE('',(#8370));
#8370 = FILL_AREA_STYLE_COLOUR('',#6965);
#8371 = CURVE_STYLE('',#8372,POSITIVE_LENGTH_MEASURE(0.1),#6968);
#8372 = DRAUGHTING_PRE_DEFINED_CURVE_FONT('continuous');
#8373 = STYLED_ITEM('color',(#8374),#5355);
#8374 = PRESENTATION_STYLE_ASSIGNMENT((#8375,#8380));
#8375 = SURFACE_STYLE_USAGE(.BOTH.,#8376);
#8376 = SURFACE_SIDE_STYLE('',(#8377));
#8377 = SURFACE_STYLE_FILL_AREA(#8378);
#8378 = FILL_AREA_STYLE('',(#8379));
#8379 = FILL_AREA_STYLE_COLOUR('',#6965);
#8380 = CURVE_STYLE('',#8381,POSITIVE_LENGTH_MEASURE(0.1),#6968);
#8381 = DRAUGHTING_PRE_DEFINED_CURVE_FONT('continuous');
#8382 = STYLED_ITEM('color',(#8383),#5389);
#8383 = PRESENTATION_STYLE_ASSIGNMENT((#8384,#8389));
#8384 = SURFACE_STYLE_USAGE(.BOTH.,#8385);
#8385 = SURFACE_SIDE_STYLE('',(#8386));
#8386 = SURFACE_STYLE_FILL_AREA(#8387);
#8387 = FILL_AREA_STYLE('',(#8388));
#8388 = FILL_AREA_STYLE_COLOUR('',#6965);
#8389 = CURVE_STYLE('',#8390,POSITIVE_LENGTH_MEASURE(0.1),#6968);
#8390 = DRAUGHTING_PRE_DEFINED_CURVE_FONT('continuous');
#8391 = STYLED_ITEM('color',(#8392),#5423);
#8392 = PRESENTATION_STYLE_ASSIGNMENT((#8393,#8398));
#8393 = SURFACE_STYLE_USAGE(.BOTH.,#8394);
#8394 = SURFACE_SIDE_STYLE('',(#8395));
#8395 = SURFACE_STYLE_FILL_AREA(#8396);
#8396 = FILL_AREA_STYLE('',(#8397));
#8397 = FILL_AREA_STYLE_COLOUR('',#6965);
#8398 = CURVE_STYLE('',#8399,POSITIVE_LENGTH_MEASURE(0.1),#6968);
#8399 = DRAUGHTING_PRE_DEFINED_CURVE_FONT('continuous');
#8400 = STYLED_ITEM('color',(#8401),#5457);
#8401 = PRESENTATION_STYLE_ASSIGNMENT((#8402,#8407));
#8402 = SURFACE_STYLE_USAGE(.BOTH.,#8403);
#8403 = SURFACE_SIDE_STYLE('',(#8404));
#8404 = SURFACE_STYLE_FILL_AREA(#8405);
#8405 = FILL_AREA_STYLE('',(#8406));
#8406 = FILL_AREA_STYLE_COLOUR('',#6965);
#8407 = CURVE_STYLE('',#8408,POSITIVE_LENGTH_MEASURE(0.1),#6968);
#8408 = DRAUGHTING_PRE_DEFINED_CURVE_FONT('continuous');
#8409 = STYLED_ITEM('color',(#8410),#5491);
#8410 = PRESENTATION_STYLE_ASSIGNMENT((#8411,#8416));
#8411 = SURFACE_STYLE_USAGE(.BOTH.,#8412);
#8412 = SURFACE_SIDE_STYLE('',(#8413));
#8413 = SURFACE_STYLE_FILL_AREA(#8414);
#8414 = FILL_AREA_STYLE('',(#8415));
#8415 = FILL_AREA_STYLE_COLOUR('',#6965);
#8416 = CURVE_STYLE('',#8417,POSITIVE_LENGTH_MEASURE(0.1),#6968);
#8417 = DRAUGHTING_PRE_DEFINED_CURVE_FONT('continuous');
#8418 = STYLED_ITEM('color',(#8419),#5525);
#8419 = PRESENTATION_STYLE_ASSIGNMENT((#8420,#8425));
#8420 = SURFACE_STYLE_USAGE(.BOTH.,#8421);
#8421 = SURFACE_SIDE_STYLE('',(#8422));
#8422 = SURFACE_STYLE_FILL_AREA(#8423);
#8423 = FILL_AREA_STYLE('',(#8424));
#8424 = FILL_AREA_STYLE_COLOUR('',#6965);
#8425 = CURVE_STYLE('',#8426,POSITIVE_LENGTH_MEASURE(0.1),#6968);
#8426 = DRAUGHTING_PRE_DEFINED_CURVE_FONT('continuous');
#8427 = STYLED_ITEM('color',(#8428),#5559);
#8428 = PRESENTATION_STYLE_ASSIGNMENT((#8429,#8434));
#8429 = SURFACE_STYLE_USAGE(.BOTH.,#8430);
#8430 = SURFACE_SIDE_STYLE('',(#8431));
#8431 = SURFACE_STYLE_FILL_AREA(#8432);
#8432 = FILL_AREA_STYLE('',(#8433));
#8433 = FILL_AREA_STYLE_COLOUR('',#6965);
#8434 = CURVE_STYLE('',#8435,POSITIVE_LENGTH_MEASURE(0.1),#6968);
#8435 = DRAUGHTING_PRE_DEFINED_CURVE_FONT('continuous');
#8436 = STYLED_ITEM('color',(#8437),#5593);
#8437 = PRESENTATION_STYLE_ASSIGNMENT((#8438,#8443));
#8438 = SURFACE_STYLE_USAGE(.BOTH.,#8439);
#8439 = SURFACE_SIDE_STYLE('',(#8440));
#8440 = SURFACE_STYLE_FILL_AREA(#8441);
#8441 = FILL_AREA_STYLE('',(#8442));
#8442 = FILL_AREA_STYLE_COLOUR('',#6965);
#8443 = CURVE_STYLE('',#8444,POSITIVE_LENGTH_MEASURE(0.1),#6968);
#8444 = DRAUGHTING_PRE_DEFINED_CURVE_FONT('continuous');
#8445 = STYLED_ITEM('color',(#8446),#5627);
#8446 = PRESENTATION_STYLE_ASSIGNMENT((#8447,#8452));
#8447 = SURFACE_STYLE_USAGE(.BOTH.,#8448);
#8448 = SURFACE_SIDE_STYLE('',(#8449));
#8449 = SURFACE_STYLE_FILL_AREA(#8450);
#8450 = FILL_AREA_STYLE('',(#8451));
#8451 = FILL_AREA_STYLE_COLOUR('',#6965);
#8452 = CURVE_STYLE('',#8453,POSITIVE_LENGTH_MEASURE(0.1),#6968);
#8453 = DRAUGHTING_PRE_DEFINED_CURVE_FONT('continuous');
#8454 = STYLED_ITEM('color',(#8455),#5661);
#8455 = PRESENTATION_STYLE_ASSIGNMENT((#8456,#8461));
#8456 = SURFACE_STYLE_USAGE(.BOTH.,#8457);
#8457 = SURFACE_SIDE_STYLE('',(#8458));
#8458 = SURFACE_STYLE_FILL_AREA(#8459);
#8459 = FILL_AREA_STYLE('',(#8460));
#8460 = FILL_AREA_STYLE_COLOUR('',#6965);
#8461 = CURVE_STYLE('',#8462,POSITIVE_LENGTH_MEASURE(0.1),#6968);
#8462 = DRAUGHTING_PRE_DEFINED_CURVE_FONT('continuous');
#8463 = STYLED_ITEM('color',(#8464),#5695);
#8464 = PRESENTATION_STYLE_ASSIGNMENT((#8465,#8470));
#8465 = SURFACE_STYLE_USAGE(.BOTH.,#8466);
#8466 = SURFACE_SIDE_STYLE('',(#8467));
#8467 = SURFACE_STYLE_FILL_AREA(#8468);
#8468 = FILL_AREA_STYLE('',(#8469));
#8469 = FILL_AREA_STYLE_COLOUR('',#6965);
#8470 = CURVE_STYLE('',#8471,POSITIVE_LENGTH_MEASURE(0.1),#6968);
#8471 = DRAUGHTING_PRE_DEFINED_CURVE_FONT('continuous');
#8472 = STYLED_ITEM('color',(#8473),#5729);
#8473 = PRESENTATION_STYLE_ASSIGNMENT((#8474,#8479));
#8474 = SURFACE_STYLE_USAGE(.BOTH.,#8475);
#8475 = SURFACE_SIDE_STYLE('',(#8476));
#8476 = SURFACE_STYLE_FILL_AREA(#8477);
#8477 = FILL_AREA_STYLE('',(#8478));
#8478 = FILL_AREA_STYLE_COLOUR('',#6965);
#8479 = CURVE_STYLE('',#8480,POSITIVE_LENGTH_MEASURE(0.1),#6968);
#8480 = DRAUGHTING_PRE_DEFINED_CURVE_FONT('continuous');
#8481 = STYLED_ITEM('color',(#8482),#5763);
#8482 = PRESENTATION_STYLE_ASSIGNMENT((#8483,#8488));
#8483 = SURFACE_STYLE_USAGE(.BOTH.,#8484);
#8484 = SURFACE_SIDE_STYLE('',(#8485));
#8485 = SURFACE_STYLE_FILL_AREA(#8486);
#8486 = FILL_AREA_STYLE('',(#8487));
#8487 = FILL_AREA_STYLE_COLOUR('',#6965);
#8488 = CURVE_STYLE('',#8489,POSITIVE_LENGTH_MEASURE(0.1),#6968);
#8489 = DRAUGHTING_PRE_DEFINED_CURVE_FONT('continuous');
#8490 = STYLED_ITEM('color',(#8491),#5797);
#8491 = PRESENTATION_STYLE_ASSIGNMENT((#8492,#8497));
#8492 = SURFACE_STYLE_USAGE(.BOTH.,#8493);
#8493 = SURFACE_SIDE_STYLE('',(#8494));
#8494 = SURFACE_STYLE_FILL_AREA(#8495);
#8495 = FILL_AREA_STYLE('',(#8496));
#8496 = FILL_AREA_STYLE_COLOUR('',#6965);
#8497 = CURVE_STYLE('',#8498,POSITIVE_LENGTH_MEASURE(0.1),#6968);
#8498 = DRAUGHTING_PRE_DEFINED_CURVE_FONT('continuous');
#8499 = STYLED_ITEM('color',(#8500),#5831);
#8500 = PRESENTATION_STYLE_ASSIGNMENT((#8501,#8506));
#8501 = SURFACE_STYLE_USAGE(.BOTH.,#8502);
#8502 = SURFACE_SIDE_STYLE('',(#8503));
#8503 = SURFACE_STYLE_FILL_AREA(#8504);
#8504 = FILL_AREA_STYLE('',(#8505));
#8505 = FILL_AREA_STYLE_COLOUR('',#6965);
#8506 = CURVE_STYLE('',#8507,POSITIVE_LENGTH_MEASURE(0.1),#6968);
#8507 = DRAUGHTING_PRE_DEFINED_CURVE_FONT('continuous');
#8508 = STYLED_ITEM('color',(#8509),#5865);
#8509 = PRESENTATION_STYLE_ASSIGNMENT((#8510,#8515));
#8510 = SURFACE_STYLE_USAGE(.BOTH.,#8511);
#8511 = SURFACE_SIDE_STYLE('',(#8512));
#8512 = SURFACE_STYLE_FILL_AREA(#8513);
#8513 = FILL_AREA_STYLE('',(#8514));
#8514 = FILL_AREA_STYLE_COLOUR('',#6965);
#8515 = CURVE_STYLE('',#8516,POSITIVE_LENGTH_MEASURE(0.1),#6968);
#8516 = DRAUGHTING_PRE_DEFINED_CURVE_FONT('continuous');
#8517 = STYLED_ITEM('color',(#8518),#5899);
#8518 = PRESENTATION_STYLE_ASSIGNMENT((#8519,#8524));
#8519 = SURFACE_STYLE_USAGE(.BOTH.,#8520);
#8520 = SURFACE_SIDE_STYLE('',(#8521));
#8521 = SURFACE_STYLE_FILL_AREA(#8522);
#8522 = FILL_AREA_STYLE('',(#8523));
#8523 = FILL_AREA_STYLE_COLOUR('',#6965);
#8524 = CURVE_STYLE('',#8525,POSITIVE_LENGTH_MEASURE(0.1),#6968);
#8525 = DRAUGHTING_PRE_DEFINED_CURVE_FONT('continuous');
#8526 = STYLED_ITEM('color',(#8527),#5933);
#8527 = PRESENTATION_STYLE_ASSIGNMENT((#8528,#8533));
#8528 = SURFACE_STYLE_USAGE(.BOTH.,#8529);
#8529 = SURFACE_SIDE_STYLE('',(#8530));
#8530 = SURFACE_STYLE_FILL_AREA(#8531);
#8531 = FILL_AREA_STYLE('',(#8532));
#8532 = FILL_AREA_STYLE_COLOUR('',#6965);
#8533 = CURVE_STYLE('',#8534,POSITIVE_LENGTH_MEASURE(0.1),#6968);
#8534 = DRAUGHTING_PRE_DEFINED_CURVE_FONT('continuous');
#8535 = STYLED_ITEM('color',(#8536),#5967);
#8536 = PRESENTATION_STYLE_ASSIGNMENT((#8537,#8542));
#8537 = SURFACE_STYLE_USAGE(.BOTH.,#8538);
#8538 = SURFACE_SIDE_STYLE('',(#8539));
#8539 = SURFACE_STYLE_FILL_AREA(#8540);
#8540 = FILL_AREA_STYLE('',(#8541));
#8541 = FILL_AREA_STYLE_COLOUR('',#6965);
#8542 = CURVE_STYLE('',#8543,POSITIVE_LENGTH_MEASURE(0.1),#6968);
#8543 = DRAUGHTING_PRE_DEFINED_CURVE_FONT('continuous');
#8544 = STYLED_ITEM('color',(#8545),#6001);
#8545 = PRESENTATION_STYLE_ASSIGNMENT((#8546,#8551));
#8546 = SURFACE_STYLE_USAGE(.BOTH.,#8547);
#8547 = SURFACE_SIDE_STYLE('',(#8548));
#8548 = SURFACE_STYLE_FILL_AREA(#8549);
#8549 = FILL_AREA_STYLE('',(#8550));
#8550 = FILL_AREA_STYLE_COLOUR('',#6965);
#8551 = CURVE_STYLE('',#8552,POSITIVE_LENGTH_MEASURE(0.1),#6968);
#8552 = DRAUGHTING_PRE_DEFINED_CURVE_FONT('continuous');
#8553 = STYLED_ITEM('color',(#8554),#6035);
#8554 = PRESENTATION_STYLE_ASSIGNMENT((#8555,#8560));
#8555 = SURFACE_STYLE_USAGE(.BOTH.,#8556);
#8556 = SURFACE_SIDE_STYLE('',(#8557));
#8557 = SURFACE_STYLE_FILL_AREA(#8558);
#8558 = FILL_AREA_STYLE('',(#8559));
#8559 = FILL_AREA_STYLE_COLOUR('',#6965);
#8560 = CURVE_STYLE('',#8561,POSITIVE_LENGTH_MEASURE(0.1),#6968);
#8561 = DRAUGHTING_PRE_DEFINED_CURVE_FONT('continuous');
#8562 = STYLED_ITEM('color',(#8563),#6069);
#8563 = PRESENTATION_STYLE_ASSIGNMENT((#8564,#8569));
#8564 = SURFACE_STYLE_USAGE(.BOTH.,#8565);
#8565 = SURFACE_SIDE_STYLE('',(#8566));
#8566 = SURFACE_STYLE_FILL_AREA(#8567);
#8567 = FILL_AREA_STYLE('',(#8568));
#8568 = FILL_AREA_STYLE_COLOUR('',#6965);
#8569 = CURVE_STYLE('',#8570,POSITIVE_LENGTH_MEASURE(0.1),#6968);
#8570 = DRAUGHTING_PRE_DEFINED_CURVE_FONT('continuous');
#8571 = STYLED_ITEM('color',(#8572),#6103);
#8572 = PRESENTATION_STYLE_ASSIGNMENT((#8573,#8578));
#8573 = SURFACE_STYLE_USAGE(.BOTH.,#8574);
#8574 = SURFACE_SIDE_STYLE('',(#8575));
#8575 = SURFACE_STYLE_FILL_AREA(#8576);
#8576 = FILL_AREA_STYLE('',(#8577));
#8577 = FILL_AREA_STYLE_COLOUR('',#6965);
#8578 = CURVE_STYLE('',#8579,POSITIVE_LENGTH_MEASURE(0.1),#6968);
#8579 = DRAUGHTING_PRE_DEFINED_CURVE_FONT('continuous');
#8580 = STYLED_ITEM('color',(#8581),#6137);
#8581 = PRESENTATION_STYLE_ASSIGNMENT((#8582,#8587));
#8582 = SURFACE_STYLE_USAGE(.BOTH.,#8583);
#8583 = SURFACE_SIDE_STYLE('',(#8584));
#8584 = SURFACE_STYLE_FILL_AREA(#8585);
#8585 = FILL_AREA_STYLE('',(#8586));
#8586 = FILL_AREA_STYLE_COLOUR('',#6965);
#8587 = CURVE_STYLE('',#8588,POSITIVE_LENGTH_MEASURE(0.1),#6968);
#8588 = DRAUGHTING_PRE_DEFINED_CURVE_FONT('continuous');
#8589 = STYLED_ITEM('color',(#8590),#6171);
#8590 = PRESENTATION_STYLE_ASSIGNMENT((#8591,#8596));
#8591 = SURFACE_STYLE_USAGE(.BOTH.,#8592);
#8592 = SURFACE_SIDE_STYLE('',(#8593));
#8593 = SURFACE_STYLE_FILL_AREA(#8594);
#8594 = FILL_AREA_STYLE('',(#8595));
#8595 = FILL_AREA_STYLE_COLOUR('',#6965);
#8596 = CURVE_STYLE('',#8597,POSITIVE_LENGTH_MEASURE(0.1),#6968);
#8597 = DRAUGHTING_PRE_DEFINED_CURVE_FONT('continuous');
#8598 = STYLED_ITEM('color',(#8599),#6205);
#8599 = PRESENTATION_STYLE_ASSIGNMENT((#8600,#8605));
#8600 = SURFACE_STYLE_USAGE(.BOTH.,#8601);
#8601 = SURFACE_SIDE_STYLE('',(#8602));
#8602 = SURFACE_STYLE_FILL_AREA(#8603);
#8603 = FILL_AREA_STYLE('',(#8604));
#8604 = FILL_AREA_STYLE_COLOUR('',#6965);
#8605 = CURVE_STYLE('',#8606,POSITIVE_LENGTH_MEASURE(0.1),#6968);
#8606 = DRAUGHTING_PRE_DEFINED_CURVE_FONT('continuous');
#8607 = STYLED_ITEM('color',(#8608),#6239);
#8608 = PRESENTATION_STYLE_ASSIGNMENT((#8609,#8614));
#8609 = SURFACE_STYLE_USAGE(.BOTH.,#8610);
#8610 = SURFACE_SIDE_STYLE('',(#8611));
#8611 = SURFACE_STYLE_FILL_AREA(#8612);
#8612 = FILL_AREA_STYLE('',(#8613));
#8613 = FILL_AREA_STYLE_COLOUR('',#6965);
#8614 = CURVE_STYLE('',#8615,POSITIVE_LENGTH_MEASURE(0.1),#6968);
#8615 = DRAUGHTING_PRE_DEFINED_CURVE_FONT('continuous');
#8616 = STYLED_ITEM('color',(#8617),#6273);
#8617 = PRESENTATION_STYLE_ASSIGNMENT((#8618,#8623));
#8618 = SURFACE_STYLE_USAGE(.BOTH.,#8619);
#8619 = SURFACE_SIDE_STYLE('',(#8620));
#8620 = SURFACE_STYLE_FILL_AREA(#8621);
#8621 = FILL_AREA_STYLE('',(#8622));
#8622 = FILL_AREA_STYLE_COLOUR('',#6965);
#8623 = CURVE_STYLE('',#8624,POSITIVE_LENGTH_MEASURE(0.1),#6968);
#8624 = DRAUGHTING_PRE_DEFINED_CURVE_FONT('continuous');
#8625 = STYLED_ITEM('color',(#8626),#6307);
#8626 = PRESENTATION_STYLE_ASSIGNMENT((#8627,#8632));
#8627 = SURFACE_STYLE_USAGE(.BOTH.,#8628);
#8628 = SURFACE_SIDE_STYLE('',(#8629));
#8629 = SURFACE_STYLE_FILL_AREA(#8630);
#8630 = FILL_AREA_STYLE('',(#8631));
#8631 = FILL_AREA_STYLE_COLOUR('',#6965);
#8632 = CURVE_STYLE('',#8633,POSITIVE_LENGTH_MEASURE(0.1),#6968);
#8633 = DRAUGHTING_PRE_DEFINED_CURVE_FONT('continuous');
#8634 = STYLED_ITEM('color',(#8635),#6341);
#8635 = PRESENTATION_STYLE_ASSIGNMENT((#8636,#8641));
#8636 = SURFACE_STYLE_USAGE(.BOTH.,#8637);
#8637 = SURFACE_SIDE_STYLE('',(#8638));
#8638 = SURFACE_STYLE_FILL_AREA(#8639);
#8639 = FILL_AREA_STYLE('',(#8640));
#8640 = FILL_AREA_STYLE_COLOUR('',#6965);
#8641 = CURVE_STYLE('',#8642,POSITIVE_LENGTH_MEASURE(0.1),#6968);
#8642 = DRAUGHTING_PRE_DEFINED_CURVE_FONT('continuous');
#8643 = STYLED_ITEM('color',(#8644),#6375);
#8644 = PRESENTATION_STYLE_ASSIGNMENT((#8645,#8650));
#8645 = SURFACE_STYLE_USAGE(.BOTH.,#8646);
#8646 = SURFACE_SIDE_STYLE('',(#8647));
#8647 = SURFACE_STYLE_FILL_AREA(#8648);
#8648 = FILL_AREA_STYLE('',(#8649));
#8649 = FILL_AREA_STYLE_COLOUR('',#6965);
#8650 = CURVE_STYLE('',#8651,POSITIVE_LENGTH_MEASURE(0.1),#6968);
#8651 = DRAUGHTING_PRE_DEFINED_CURVE_FONT('continuous');
#8652 = STYLED_ITEM('color',(#8653),#6409);
#8653 = PRESENTATION_STYLE_ASSIGNMENT((#8654,#8659));
#8654 = SURFACE_STYLE_USAGE(.BOTH.,#8655);
#8655 = SURFACE_SIDE_STYLE('',(#8656));
#8656 = SURFACE_STYLE_FILL_AREA(#8657);
#8657 = FILL_AREA_STYLE('',(#8658));
#8658 = FILL_AREA_STYLE_COLOUR('',#6965);
#8659 = CURVE_STYLE('',#8660,POSITIVE_LENGTH_MEASURE(0.1),#6968);
#8660 = DRAUGHTING_PRE_DEFINED_CURVE_FONT('continuous');
#8661 = STYLED_ITEM('color',(#8662),#6443);
#8662 = PRESENTATION_STYLE_ASSIGNMENT((#8663,#8668));
#8663 = SURFACE_STYLE_USAGE(.BOTH.,#8664);
#8664 = SURFACE_SIDE_STYLE('',(#8665));
#8665 = SURFACE_STYLE_FILL_AREA(#8666);
#8666 = FILL_AREA_STYLE('',(#8667));
#8667 = FILL_AREA_STYLE_COLOUR('',#6965);
#8668 = CURVE_STYLE('',#8669,POSITIVE_LENGTH_MEASURE(0.1),#6968);
#8669 = DRAUGHTING_PRE_DEFINED_CURVE_FONT('continuous');
#8670 = STYLED_ITEM('color',(#8671),#6477);
#8671 = PRESENTATION_STYLE_ASSIGNMENT((#8672,#8677));
#8672 = SURFACE_STYLE_USAGE(.BOTH.,#8673);
#8673 = SURFACE_SIDE_STYLE('',(#8674));
#8674 = SURFACE_STYLE_FILL_AREA(#8675);
#8675 = FILL_AREA_STYLE('',(#8676));
#8676 = FILL_AREA_STYLE_COLOUR('',#6965);
#8677 = CURVE_STYLE('',#8678,POSITIVE_LENGTH_MEASURE(0.1),#6968);
#8678 = DRAUGHTING_PRE_DEFINED_CURVE_FONT('continuous');
#8679 = STYLED_ITEM('color',(#8680),#6511);
#8680 = PRESENTATION_STYLE_ASSIGNMENT((#8681,#8686));
#8681 = SURFACE_STYLE_USAGE(.BOTH.,#8682);
#8682 = SURFACE_SIDE_STYLE('',(#8683));
#8683 = SURFACE_STYLE_FILL_AREA(#8684);
#8684 = FILL_AREA_STYLE('',(#8685));
#8685 = FILL_AREA_STYLE_COLOUR('',#6965);
#8686 = CURVE_STYLE('',#8687,POSITIVE_LENGTH_MEASURE(0.1),#6968);
#8687 = DRAUGHTING_PRE_DEFINED_CURVE_FONT('continuous');
#8688 = STYLED_ITEM('color',(#8689),#6545);
#8689 = PRESENTATION_STYLE_ASSIGNMENT((#8690,#8695));
#8690 = SURFACE_STYLE_USAGE(.BOTH.,#8691);
#8691 = SURFACE_SIDE_STYLE('',(#8692));
#8692 = SURFACE_STYLE_FILL_AREA(#8693);
#8693 = FILL_AREA_STYLE('',(#8694));
#8694 = FILL_AREA_STYLE_COLOUR('',#6965);
#8695 = CURVE_STYLE('',#8696,POSITIVE_LENGTH_MEASURE(0.1),#6968);
#8696 = DRAUGHTING_PRE_DEFINED_CURVE_FONT('continuous');
#8697 = STYLED_ITEM('color',(#8698),#6579);
#8698 = PRESENTATION_STYLE_ASSIGNMENT((#8699,#8704));
#8699 = SURFACE_STYLE_USAGE(.BOTH.,#8700);
#8700 = SURFACE_SIDE_STYLE('',(#8701));
#8701 = SURFACE_STYLE_FILL_AREA(#8702);
#8702 = FILL_AREA_STYLE('',(#8703));
#8703 = FILL_AREA_STYLE_COLOUR('',#6965);
#8704 = CURVE_STYLE('',#8705,POSITIVE_LENGTH_MEASURE(0.1),#6968);
#8705 = DRAUGHTING_PRE_DEFINED_CURVE_FONT('continuous');
#8706 = STYLED_ITEM('color',(#8707),#6613);
#8707 = PRESENTATION_STYLE_ASSIGNMENT((#8708,#8713));
#8708 = SURFACE_STYLE_USAGE(.BOTH.,#8709);
#8709 = SURFACE_SIDE_STYLE('',(#8710));
#8710 = SURFACE_STYLE_FILL_AREA(#8711);
#8711 = FILL_AREA_STYLE('',(#8712));
#8712 = FILL_AREA_STYLE_COLOUR('',#6965);
#8713 = CURVE_STYLE('',#8714,POSITIVE_LENGTH_MEASURE(0.1),#6968);
#8714 = DRAUGHTING_PRE_DEFINED_CURVE_FONT('continuous');
#8715 = STYLED_ITEM('color',(#8716),#6647);
#8716 = PRESENTATION_STYLE_ASSIGNMENT((#8717,#8722));
#8717 = SURFACE_STYLE_USAGE(.BOTH.,#8718);
#8718 = SURFACE_SIDE_STYLE('',(#8719));
#8719 = SURFACE_STYLE_FILL_AREA(#8720);
#8720 = FILL_AREA_STYLE('',(#8721));
#8721 = FILL_AREA_STYLE_COLOUR('',#6965);
#8722 = CURVE_STYLE('',#8723,POSITIVE_LENGTH_MEASURE(0.1),#6968);
#8723 = DRAUGHTING_PRE_DEFINED_CURVE_FONT('continuous');
#8724 = STYLED_ITEM('color',(#8725),#6681);
#8725 = PRESENTATION_STYLE_ASSIGNMENT((#8726,#8731));
#8726 = SURFACE_STYLE_USAGE(.BOTH.,#8727);
#8727 = SURFACE_SIDE_STYLE('',(#8728));
#8728 = SURFACE_STYLE_FILL_AREA(#8729);
#8729 = FILL_AREA_STYLE('',(#8730));
#8730 = FILL_AREA_STYLE_COLOUR('',#6965);
#8731 = CURVE_STYLE('',#8732,POSITIVE_LENGTH_MEASURE(0.1),#6968);
#8732 = DRAUGHTING_PRE_DEFINED_CURVE_FONT('continuous');
#8733 = STYLED_ITEM('color',(#8734),#6715);
#8734 = PRESENTATION_STYLE_ASSIGNMENT((#8735,#8740));
#8735 = SURFACE_STYLE_USAGE(.BOTH.,#8736);
#8736 = SURFACE_SIDE_STYLE('',(#8737));
#8737 = SURFACE_STYLE_FILL_AREA(#8738);
#8738 = FILL_AREA_STYLE('',(#8739));
#8739 = FILL_AREA_STYLE_COLOUR('',#6965);
#8740 = CURVE_STYLE('',#8741,POSITIVE_LENGTH_MEASURE(0.1),#6968);
#8741 = DRAUGHTING_PRE_DEFINED_CURVE_FONT('continuous');
#8742 = STYLED_ITEM('color',(#8743),#6749);
#8743 = PRESENTATION_STYLE_ASSIGNMENT((#8744,#8749));
#8744 = SURFACE_STYLE_USAGE(.BOTH.,#8745);
#8745 = SURFACE_SIDE_STYLE('',(#8746));
#8746 = SURFACE_STYLE_FILL_AREA(#8747);
#8747 = FILL_AREA_STYLE('',(#8748));
#8748 = FILL_AREA_STYLE_COLOUR('',#6965);
#8749 = CURVE_STYLE('',#8750,POSITIVE_LENGTH_MEASURE(0.1),#6968);
#8750 = DRAUGHTING_PRE_DEFINED_CURVE_FONT('continuous');
#8751 = STYLED_ITEM('color',(#8752),#6783);
#8752 = PRESENTATION_STYLE_ASSIGNMENT((#8753,#8758));
#8753 = SURFACE_STYLE_USAGE(.BOTH.,#8754);
#8754 = SURFACE_SIDE_STYLE('',(#8755));
#8755 = SURFACE_STYLE_FILL_AREA(#8756);
#8756 = FILL_AREA_STYLE('',(#8757));
#8757 = FILL_AREA_STYLE_COLOUR('',#6965);
#8758 = CURVE_STYLE('',#8759,POSITIVE_LENGTH_MEASURE(0.1),#6968);
#8759 = DRAUGHTING_PRE_DEFINED_CURVE_FONT('continuous');
#8760 = STYLED_ITEM('color',(#8761),#6817);
#8761 = PRESENTATION_STYLE_ASSIGNMENT((#8762,#8767));
#8762 = SURFACE_STYLE_USAGE(.BOTH.,#8763);
#8763 = SURFACE_SIDE_STYLE('',(#8764));
#8764 = SURFACE_STYLE_FILL_AREA(#8765);
#8765 = FILL_AREA_STYLE('',(#8766));
#8766 = FILL_AREA_STYLE_COLOUR('',#6965);
#8767 = CURVE_STYLE('',#8768,POSITIVE_LENGTH_MEASURE(0.1),#6968);
#8768 = DRAUGHTING_PRE_DEFINED_CURVE_FONT('continuous');
#8769 = STYLED_ITEM('color',(#8770),#6851);
#8770 = PRESENTATION_STYLE_ASSIGNMENT((#8771,#8776));
#8771 = SURFACE_STYLE_USAGE(.BOTH.,#8772);
#8772 = SURFACE_SIDE_STYLE('',(#8773));
#8773 = SURFACE_STYLE_FILL_AREA(#8774);
#8774 = FILL_AREA_STYLE('',(#8775));
#8775 = FILL_AREA_STYLE_COLOUR('',#6965);
#8776 = CURVE_STYLE('',#8777,POSITIVE_LENGTH_MEASURE(0.1),#6968);
#8777 = DRAUGHTING_PRE_DEFINED_CURVE_FONT('continuous');
#8778 = STYLED_ITEM('color',(#8779),#6885);
#8779 = PRESENTATION_STYLE_ASSIGNMENT((#8780,#8785));
#8780 = SURFACE_STYLE_USAGE(.BOTH.,#8781);
#8781 = SURFACE_SIDE_STYLE('',(#8782));
#8782 = SURFACE_STYLE_FILL_AREA(#8783);
#8783 = FILL_AREA_STYLE('',(#8784));
#8784 = FILL_AREA_STYLE_COLOUR('',#6965);
#8785 = CURVE_STYLE('',#8786,POSITIVE_LENGTH_MEASURE(0.1),#6968);
#8786 = DRAUGHTING_PRE_DEFINED_CURVE_FONT('continuous');
#8787 = STYLED_ITEM('color',(#8788),#6919);
#8788 = PRESENTATION_STYLE_ASSIGNMENT((#8789,#8794));
#8789 = SURFACE_STYLE_USAGE(.BOTH.,#8790);
#8790 = SURFACE_SIDE_STYLE('',(#8791));
#8791 = SURFACE_STYLE_FILL_AREA(#8792);
#8792 = FILL_AREA_STYLE('',(#8793));
#8793 = FILL_AREA_STYLE_COLOUR('',#6965);
#8794 = CURVE_STYLE('',#8795,POSITIVE_LENGTH_MEASURE(0.1),#6968);
#8795 = DRAUGHTING_PRE_DEFINED_CURVE_FONT('continuous');
ENDSEC;
END-ISO-10303-21;
