solid OpenSCAD_Model
  facet normal 1 -0 0
    outer loop
      vertex -1 -1 10
      vertex -1 64 0
      vertex -1 64 10
    endloop
  endfacet
  facet normal 1 0 0
    outer loop
      vertex -1 64 0
      vertex -1 -1 10
      vertex -1 -1 0
    endloop
  endfacet
  facet normal 0 0 1
    outer loop
      vertex -8 -4.5 10
      vertex -1 -1 10
      vertex -8 67.5 10
    endloop
  endfacet
  facet normal 0 0 1
    outer loop
      vertex -1 -1 10
      vertex -8 -4.5 10
      vertex -4.5 -4.5 10
    endloop
  endfacet
  facet normal -0 0 1
    outer loop
      vertex 72.0076 -9.61811 10
      vertex 76.1774 -15.2406 10
      vertex 73.3357 -8.60756 10
    endloop
  endfacet
  facet normal 0 0 1
    outer loop
      vertex 76.1774 -15.2406 10
      vertex 72.0076 -9.61811 10
      vertex 74.6856 -16.3189 10
    endloop
  endfacet
  facet normal -0 0 1
    outer loop
      vertex 70.655 -10.5958 10
      vertex 74.6856 -16.3189 10
      vertex 72.0076 -9.61811 10
    endloop
  endfacet
  facet normal 0 0 1
    outer loop
      vertex 74.6856 -16.3189 10
      vertex 70.655 -10.5958 10
      vertex 73.1678 -17.3602 10
    endloop
  endfacet
  facet normal -0 0 1
    outer loop
      vertex 69.2788 -11.5399 10
      vertex 73.1678 -17.3602 10
      vertex 70.655 -10.5958 10
    endloop
  endfacet
  facet normal 0 0 1
    outer loop
      vertex 73.1678 -17.3602 10
      vertex 69.2788 -11.5399 10
      vertex 71.6248 -18.364 10
    endloop
  endfacet
  facet normal -0 0 1
    outer loop
      vertex 67.8798 -12.45 10
      vertex 71.6248 -18.364 10
      vertex 69.2788 -11.5399 10
    endloop
  endfacet
  facet normal 0 0 1
    outer loop
      vertex 71.6248 -18.364 10
      vertex 67.8798 -12.45 10
      vertex 70.0577 -19.3296 10
    endloop
  endfacet
  facet normal -0 0 1
    outer loop
      vertex 66.459 -13.3255 10
      vertex 70.0577 -19.3296 10
      vertex 67.8798 -12.45 10
    endloop
  endfacet
  facet normal 0 0 1
    outer loop
      vertex 70.0577 -19.3296 10
      vertex 66.459 -13.3255 10
      vertex 68.4674 -20.2565 10
    endloop
  endfacet
  facet normal -0 0 1
    outer loop
      vertex 65.0171 -14.1659 10
      vertex 68.4674 -20.2565 10
      vertex 66.459 -13.3255 10
    endloop
  endfacet
  facet normal 0 0 1
    outer loop
      vertex 68.4674 -20.2565 10
      vertex 65.0171 -14.1659 10
      vertex 66.8548 -21.1441 10
    endloop
  endfacet
  facet normal -0 0 1
    outer loop
      vertex 63.555 -14.9706 10
      vertex 66.8548 -21.1441 10
      vertex 65.0171 -14.1659 10
    endloop
  endfacet
  facet normal 0 0 1
    outer loop
      vertex 66.8548 -21.1441 10
      vertex 63.555 -14.9706 10
      vertex 65.2208 -21.9918 10
    endloop
  endfacet
  facet normal -0 0 1
    outer loop
      vertex 62.0736 -15.7393 10
      vertex 65.2208 -21.9918 10
      vertex 63.555 -14.9706 10
    endloop
  endfacet
  facet normal 0 0 1
    outer loop
      vertex 65.2208 -21.9918 10
      vertex 62.0736 -15.7393 10
      vertex 63.5666 -22.7992 10
    endloop
  endfacet
  facet normal -0 0 1
    outer loop
      vertex 60.5737 -16.4713 10
      vertex 63.5666 -22.7992 10
      vertex 62.0736 -15.7393 10
    endloop
  endfacet
  facet normal 0 0 1
    outer loop
      vertex 63.5666 -22.7992 10
      vertex 60.5737 -16.4713 10
      vertex 61.8931 -23.5657 10
    endloop
  endfacet
  facet normal -0 0 1
    outer loop
      vertex 59.0564 -17.1663 10
      vertex 61.8931 -23.5657 10
      vertex 60.5737 -16.4713 10
    endloop
  endfacet
  facet normal 0 0 1
    outer loop
      vertex 61.8931 -23.5657 10
      vertex 59.0564 -17.1663 10
      vertex 60.2013 -24.291 10
    endloop
  endfacet
  facet normal -0 0 1
    outer loop
      vertex 57.5225 -17.8238 10
      vertex 60.2013 -24.291 10
      vertex 59.0564 -17.1663 10
    endloop
  endfacet
  facet normal 0 0 1
    outer loop
      vertex 60.2013 -24.291 10
      vertex 57.5225 -17.8238 10
      vertex 58.4921 -24.9745 10
    endloop
  endfacet
  facet normal -0 0 1
    outer loop
      vertex 55.9729 -18.4435 10
      vertex 58.4921 -24.9745 10
      vertex 57.5225 -17.8238 10
    endloop
  endfacet
  facet normal 0 0 1
    outer loop
      vertex 58.4921 -24.9745 10
      vertex 55.9729 -18.4435 10
      vertex 56.7667 -25.6158 10
    endloop
  endfacet
  facet normal -0 0 1
    outer loop
      vertex 54.4085 -19.025 10
      vertex 56.7667 -25.6158 10
      vertex 55.9729 -18.4435 10
    endloop
  endfacet
  facet normal 0 0 1
    outer loop
      vertex 56.7667 -25.6158 10
      vertex 54.4085 -19.025 10
      vertex 55.0261 -26.2146 10
    endloop
  endfacet
  facet normal -0 0 1
    outer loop
      vertex 52.8304 -19.5679 10
      vertex 55.0261 -26.2146 10
      vertex 54.4085 -19.025 10
    endloop
  endfacet
  facet normal 0 0 1
    outer loop
      vertex 55.0261 -26.2146 10
      vertex 52.8304 -19.5679 10
      vertex 53.2714 -26.7705 10
    endloop
  endfacet
  facet normal -0 0 1
    outer loop
      vertex 51.2394 -20.0719 10
      vertex 53.2714 -26.7705 10
      vertex 52.8304 -19.5679 10
    endloop
  endfacet
  facet normal 0 0 1
    outer loop
      vertex 53.2714 -26.7705 10
      vertex 51.2394 -20.0719 10
      vertex 51.5035 -27.2832 10
    endloop
  endfacet
  facet normal -0 0 1
    outer loop
      vertex 49.6365 -20.5368 10
      vertex 51.5035 -27.2832 10
      vertex 51.2394 -20.0719 10
    endloop
  endfacet
  facet normal 0 0 1
    outer loop
      vertex 51.5035 -27.2832 10
      vertex 49.6365 -20.5368 10
      vertex 49.7235 -27.7523 10
    endloop
  endfacet
  facet normal -0 0 1
    outer loop
      vertex 48.0227 -20.9621 10
      vertex 49.7235 -27.7523 10
      vertex 49.6365 -20.5368 10
    endloop
  endfacet
  facet normal 0 0 1
    outer loop
      vertex 48.0227 -20.9621 10
      vertex 47.9326 -28.1777 10
      vertex 49.7235 -27.7523 10
    endloop
  endfacet
  facet normal -0 0 1
    outer loop
      vertex 46.3989 -21.3477 10
      vertex 47.9326 -28.1777 10
      vertex 48.0227 -20.9621 10
    endloop
  endfacet
  facet normal 0 0 1
    outer loop
      vertex 46.3989 -21.3477 10
      vertex 46.1318 -28.5589 10
      vertex 47.9326 -28.1777 10
    endloop
  endfacet
  facet normal -0 0 1
    outer loop
      vertex 44.7661 -21.6934 10
      vertex 46.1318 -28.5589 10
      vertex 46.3989 -21.3477 10
    endloop
  endfacet
  facet normal 0 0 1
    outer loop
      vertex 44.7661 -21.6934 10
      vertex 44.3221 -28.8958 10
      vertex 46.1318 -28.5589 10
    endloop
  endfacet
  facet normal -0 0 1
    outer loop
      vertex 43.1254 -21.9989 10
      vertex 44.3221 -28.8958 10
      vertex 44.7661 -21.6934 10
    endloop
  endfacet
  facet normal 0 0 1
    outer loop
      vertex 43.1254 -21.9989 10
      vertex 42.5048 -29.1882 10
      vertex 44.3221 -28.8958 10
    endloop
  endfacet
  facet normal -0 0 1
    outer loop
      vertex 41.4777 -22.264 10
      vertex 42.5048 -29.1882 10
      vertex 43.1254 -21.9989 10
    endloop
  endfacet
  facet normal 0 0 1
    outer loop
      vertex 41.4777 -22.264 10
      vertex 40.6808 -29.436 10
      vertex 42.5048 -29.1882 10
    endloop
  endfacet
  facet normal -0 0 1
    outer loop
      vertex 39.8239 -22.4886 10
      vertex 40.6808 -29.436 10
      vertex 41.4777 -22.264 10
    endloop
  endfacet
  facet normal 0 0 1
    outer loop
      vertex 39.8239 -22.4886 10
      vertex 38.8513 -29.6389 10
      vertex 40.6808 -29.436 10
    endloop
  endfacet
  facet normal -0 0 1
    outer loop
      vertex 38.1652 -22.6726 10
      vertex 38.8513 -29.6389 10
      vertex 39.8239 -22.4886 10
    endloop
  endfacet
  facet normal 0 0 1
    outer loop
      vertex 38.1652 -22.6726 10
      vertex 37.0173 -29.7968 10
      vertex 38.8513 -29.6389 10
    endloop
  endfacet
  facet normal -0 0 1
    outer loop
      vertex 36.5024 -22.8158 10
      vertex 37.0173 -29.7968 10
      vertex 38.1652 -22.6726 10
    endloop
  endfacet
  facet normal 0 0 1
    outer loop
      vertex 36.5024 -22.8158 10
      vertex 35.1801 -29.9097 10
      vertex 37.0173 -29.7968 10
    endloop
  endfacet
  facet normal -0 0 1
    outer loop
      vertex 34.8366 -22.9181 10
      vertex 35.1801 -29.9097 10
      vertex 36.5024 -22.8158 10
    endloop
  endfacet
  facet normal 0 0 1
    outer loop
      vertex 34.8366 -22.9181 10
      vertex 33.3406 -29.9774 10
      vertex 35.1801 -29.9097 10
    endloop
  endfacet
  facet normal -0 0 1
    outer loop
      vertex 33.1688 -22.9795 10
      vertex 33.3406 -29.9774 10
      vertex 34.8366 -22.9181 10
    endloop
  endfacet
  facet normal -0 0 1
    outer loop
      vertex 31.5 -23 10
      vertex 33.3406 -29.9774 10
      vertex 33.1688 -22.9795 10
    endloop
  endfacet
  facet normal 0 0 1
    outer loop
      vertex 31.5 -23 10
      vertex 31.5 -30 10
      vertex 33.3406 -29.9774 10
    endloop
  endfacet
  facet normal 0 0 1
    outer loop
      vertex 29.8312 -22.9795 10
      vertex 31.5 -30 10
      vertex 31.5 -23 10
    endloop
  endfacet
  facet normal 0 0 1
    outer loop
      vertex 29.8312 -22.9795 10
      vertex 29.6594 -29.9774 10
      vertex 31.5 -30 10
    endloop
  endfacet
  facet normal 0 0 1
    outer loop
      vertex 28.1634 -22.9181 10
      vertex 29.6594 -29.9774 10
      vertex 29.8312 -22.9795 10
    endloop
  endfacet
  facet normal 0 0 1
    outer loop
      vertex 28.1634 -22.9181 10
      vertex 27.8199 -29.9097 10
      vertex 29.6594 -29.9774 10
    endloop
  endfacet
  facet normal 0 0 1
    outer loop
      vertex 26.4976 -22.8158 10
      vertex 27.8199 -29.9097 10
      vertex 28.1634 -22.9181 10
    endloop
  endfacet
  facet normal 0 0 1
    outer loop
      vertex 26.4976 -22.8158 10
      vertex 25.9827 -29.7968 10
      vertex 27.8199 -29.9097 10
    endloop
  endfacet
  facet normal 0 0 1
    outer loop
      vertex 24.8348 -22.6726 10
      vertex 25.9827 -29.7968 10
      vertex 26.4976 -22.8158 10
    endloop
  endfacet
  facet normal 0 0 1
    outer loop
      vertex 24.8348 -22.6726 10
      vertex 24.1487 -29.6389 10
      vertex 25.9827 -29.7968 10
    endloop
  endfacet
  facet normal 0 0 1
    outer loop
      vertex 23.1761 -22.4886 10
      vertex 24.1487 -29.6389 10
      vertex 24.8348 -22.6726 10
    endloop
  endfacet
  facet normal 0 0 1
    outer loop
      vertex 23.1761 -22.4886 10
      vertex 22.3192 -29.436 10
      vertex 24.1487 -29.6389 10
    endloop
  endfacet
  facet normal 0 0 1
    outer loop
      vertex 21.5223 -22.264 10
      vertex 22.3192 -29.436 10
      vertex 23.1761 -22.4886 10
    endloop
  endfacet
  facet normal 0 0 1
    outer loop
      vertex 21.5223 -22.264 10
      vertex 20.4952 -29.1882 10
      vertex 22.3192 -29.436 10
    endloop
  endfacet
  facet normal 0 0 1
    outer loop
      vertex 19.8746 -21.9989 10
      vertex 20.4952 -29.1882 10
      vertex 21.5223 -22.264 10
    endloop
  endfacet
  facet normal 0 0 1
    outer loop
      vertex 19.8746 -21.9989 10
      vertex 18.6779 -28.8958 10
      vertex 20.4952 -29.1882 10
    endloop
  endfacet
  facet normal 0 0 1
    outer loop
      vertex 18.2339 -21.6934 10
      vertex 18.6779 -28.8958 10
      vertex 19.8746 -21.9989 10
    endloop
  endfacet
  facet normal 0 0 1
    outer loop
      vertex 18.2339 -21.6934 10
      vertex 16.8682 -28.5589 10
      vertex 18.6779 -28.8958 10
    endloop
  endfacet
  facet normal 0 0 1
    outer loop
      vertex 16.6011 -21.3477 10
      vertex 16.8682 -28.5589 10
      vertex 18.2339 -21.6934 10
    endloop
  endfacet
  facet normal 0 0 1
    outer loop
      vertex 16.6011 -21.3477 10
      vertex 15.0674 -28.1777 10
      vertex 16.8682 -28.5589 10
    endloop
  endfacet
  facet normal 0 0 1
    outer loop
      vertex 14.9773 -20.9621 10
      vertex 15.0674 -28.1777 10
      vertex 16.6011 -21.3477 10
    endloop
  endfacet
  facet normal 0 0 1
    outer loop
      vertex 13.2765 -27.7523 10
      vertex 14.9773 -20.9621 10
      vertex 13.3635 -20.5368 10
    endloop
  endfacet
  facet normal 0 0 1
    outer loop
      vertex 14.9773 -20.9621 10
      vertex 13.2765 -27.7523 10
      vertex 15.0674 -28.1777 10
    endloop
  endfacet
  facet normal 0 0 1
    outer loop
      vertex 11.4965 -27.2832 10
      vertex 13.3635 -20.5368 10
      vertex 11.7606 -20.0719 10
    endloop
  endfacet
  facet normal 0 0 1
    outer loop
      vertex 13.3635 -20.5368 10
      vertex 11.4965 -27.2832 10
      vertex 13.2765 -27.7523 10
    endloop
  endfacet
  facet normal 0 0 1
    outer loop
      vertex 9.72865 -26.7705 10
      vertex 11.7606 -20.0719 10
      vertex 10.1696 -19.5679 10
    endloop
  endfacet
  facet normal 0 0 1
    outer loop
      vertex 11.7606 -20.0719 10
      vertex 9.72865 -26.7705 10
      vertex 11.4965 -27.2832 10
    endloop
  endfacet
  facet normal 0 0 1
    outer loop
      vertex 7.97387 -26.2146 10
      vertex 10.1696 -19.5679 10
      vertex 8.59149 -19.025 10
    endloop
  endfacet
  facet normal 0 0 1
    outer loop
      vertex 10.1696 -19.5679 10
      vertex 7.97387 -26.2146 10
      vertex 9.72865 -26.7705 10
    endloop
  endfacet
  facet normal 0 0 1
    outer loop
      vertex 6.23326 -25.6158 10
      vertex 8.59149 -19.025 10
      vertex 7.02714 -18.4435 10
    endloop
  endfacet
  facet normal 0 0 1
    outer loop
      vertex 8.59149 -19.025 10
      vertex 6.23326 -25.6158 10
      vertex 7.97387 -26.2146 10
    endloop
  endfacet
  facet normal 0 0 1
    outer loop
      vertex 4.50787 -24.9745 10
      vertex 7.02714 -18.4435 10
      vertex 5.47753 -17.8238 10
    endloop
  endfacet
  facet normal 0 0 1
    outer loop
      vertex 7.02714 -18.4435 10
      vertex 4.50787 -24.9745 10
      vertex 6.23326 -25.6158 10
    endloop
  endfacet
  facet normal 0 0 1
    outer loop
      vertex 2.79874 -24.291 10
      vertex 5.47753 -17.8238 10
      vertex 3.94359 -17.1663 10
    endloop
  endfacet
  facet normal 0 0 1
    outer loop
      vertex 5.47753 -17.8238 10
      vertex 2.79874 -24.291 10
      vertex 4.50787 -24.9745 10
    endloop
  endfacet
  facet normal 0 0 1
    outer loop
      vertex 1.1069 -23.5657 10
      vertex 3.94359 -17.1663 10
      vertex 2.42625 -16.4713 10
    endloop
  endfacet
  facet normal 0 0 1
    outer loop
      vertex 3.94359 -17.1663 10
      vertex 1.1069 -23.5657 10
      vertex 2.79874 -24.291 10
    endloop
  endfacet
  facet normal 0 0 1
    outer loop
      vertex -0.566631 -22.7992 10
      vertex 2.42625 -16.4713 10
      vertex 0.92643 -15.7393 10
    endloop
  endfacet
  facet normal 0 0 1
    outer loop
      vertex -2.22085 -21.9918 10
      vertex 0.92643 -15.7393 10
      vertex -0.554977 -14.9706 10
    endloop
  endfacet
  facet normal 0 0 1
    outer loop
      vertex 2.42625 -16.4713 10
      vertex -0.566631 -22.7992 10
      vertex 1.1069 -23.5657 10
    endloop
  endfacet
  facet normal 0 0 1
    outer loop
      vertex -3.85475 -21.1441 10
      vertex -0.554977 -14.9706 10
      vertex -2.01708 -14.1659 10
    endloop
  endfacet
  facet normal 0 0 1
    outer loop
      vertex 0.92643 -15.7393 10
      vertex -2.22085 -21.9918 10
      vertex -0.566631 -22.7992 10
    endloop
  endfacet
  facet normal 0 0 1
    outer loop
      vertex -5.46736 -20.2565 10
      vertex -2.01708 -14.1659 10
      vertex -3.45899 -13.3255 10
    endloop
  endfacet
  facet normal 0 0 1
    outer loop
      vertex -0.554977 -14.9706 10
      vertex -3.85475 -21.1441 10
      vertex -2.22085 -21.9918 10
    endloop
  endfacet
  facet normal 0 0 1
    outer loop
      vertex -7.0577 -19.3296 10
      vertex -3.45899 -13.3255 10
      vertex -4.87984 -12.45 10
    endloop
  endfacet
  facet normal 0 0 1
    outer loop
      vertex -2.01708 -14.1659 10
      vertex -5.46736 -20.2565 10
      vertex -3.85475 -21.1441 10
    endloop
  endfacet
  facet normal 0 0 1
    outer loop
      vertex -8.62482 -18.364 10
      vertex -4.87984 -12.45 10
      vertex -6.27878 -11.5399 10
    endloop
  endfacet
  facet normal 0 0 1
    outer loop
      vertex -3.45899 -13.3255 10
      vertex -7.0577 -19.3296 10
      vertex -5.46736 -20.2565 10
    endloop
  endfacet
  facet normal 0 0 1
    outer loop
      vertex -10.1678 -17.3602 10
      vertex -6.27878 -11.5399 10
      vertex -7.65496 -10.5958 10
    endloop
  endfacet
  facet normal 0 0 1
    outer loop
      vertex -4.87984 -12.45 10
      vertex -8.62482 -18.364 10
      vertex -7.0577 -19.3296 10
    endloop
  endfacet
  facet normal 0 0 1
    outer loop
      vertex -11.6856 -16.3189 10
      vertex -7.65496 -10.5958 10
      vertex -9.00755 -9.61811 10
    endloop
  endfacet
  facet normal 0 0 1
    outer loop
      vertex -6.27878 -11.5399 10
      vertex -10.1678 -17.3602 10
      vertex -8.62482 -18.364 10
    endloop
  endfacet
  facet normal 0 0 1
    outer loop
      vertex -13.1774 -15.2406 10
      vertex -9.00755 -9.61811 10
      vertex -10.3357 -8.60756 10
    endloop
  endfacet
  facet normal 0 0 1
    outer loop
      vertex -14.6424 -14.126 10
      vertex -10.3357 -8.60756 10
      vertex -11.6387 -7.56471 10
    endloop
  endfacet
  facet normal 0 0 1
    outer loop
      vertex -7.65496 -10.5958 10
      vertex -11.6856 -16.3189 10
      vertex -10.1678 -17.3602 10
    endloop
  endfacet
  facet normal 0 0 1
    outer loop
      vertex -16.0795 -12.9758 10
      vertex -11.6387 -7.56471 10
      vertex -12.9158 -6.4902 10
    endloop
  endfacet
  facet normal 0 0 1
    outer loop
      vertex -9.00755 -9.61811 10
      vertex -13.1774 -15.2406 10
      vertex -11.6856 -16.3189 10
    endloop
  endfacet
  facet normal 0 0 1
    outer loop
      vertex -17.488 -11.7907 10
      vertex -12.9158 -6.4902 10
      vertex -14.166 -5.38468 10
    endloop
  endfacet
  facet normal 0 0 1
    outer loop
      vertex -10.3357 -8.60756 10
      vertex -14.6424 -14.126 10
      vertex -13.1774 -15.2406 10
    endloop
  endfacet
  facet normal 0 0 1
    outer loop
      vertex -18.8669 -10.5713 10
      vertex -14.166 -5.38468 10
      vertex -15.3888 -4.2488 10
    endloop
  endfacet
  facet normal 0 0 1
    outer loop
      vertex -11.6387 -7.56471 10
      vertex -16.0795 -12.9758 10
      vertex -14.6424 -14.126 10
    endloop
  endfacet
  facet normal 0 0 1
    outer loop
      vertex -20.2155 -9.31853 10
      vertex -15.3888 -4.2488 10
      vertex -16.5833 -3.08326 10
    endloop
  endfacet
  facet normal 0 0 1
    outer loop
      vertex -12.9158 -6.4902 10
      vertex -17.488 -11.7907 10
      vertex -16.0795 -12.9758 10
    endloop
  endfacet
  facet normal 0 0 1
    outer loop
      vertex -21.533 -8.03301 10
      vertex -16.5833 -3.08326 10
      vertex -17.7488 -1.88876 10
    endloop
  endfacet
  facet normal 0 0 1
    outer loop
      vertex -14.166 -5.38468 10
      vertex -18.8669 -10.5713 10
      vertex -17.488 -11.7907 10
    endloop
  endfacet
  facet normal 0 0 1
    outer loop
      vertex -22.8185 -6.71554 10
      vertex -17.7488 -1.88876 10
      vertex -18.8847 -0.666008 10
    endloop
  endfacet
  facet normal 0 0 1
    outer loop
      vertex -24.0713 -5.36692 10
      vertex -18.8847 -0.666008 10
      vertex -19.9902 0.584248 10
    endloop
  endfacet
  facet normal 0 0 1
    outer loop
      vertex -15.3888 -4.2488 10
      vertex -20.2155 -9.31853 10
      vertex -18.8669 -10.5713 10
    endloop
  endfacet
  facet normal 0 0 1
    outer loop
      vertex -25.2907 -3.98796 10
      vertex -19.9902 0.584248 10
      vertex -21.0647 1.86126 10
    endloop
  endfacet
  facet normal 0 0 1
    outer loop
      vertex -16.5833 -3.08326 10
      vertex -21.533 -8.03301 10
      vertex -20.2155 -9.31853 10
    endloop
  endfacet
  facet normal 0 0 1
    outer loop
      vertex -26.4758 -2.5795 10
      vertex -21.0647 1.86126 10
      vertex -22.1076 3.16425 10
    endloop
  endfacet
  facet normal 0 0 1
    outer loop
      vertex -17.7488 -1.88876 10
      vertex -22.8185 -6.71554 10
      vertex -21.533 -8.03301 10
    endloop
  endfacet
  facet normal 0 0 1
    outer loop
      vertex -27.626 -1.14237 10
      vertex -22.1076 3.16425 10
      vertex -23.1181 4.49245 10
    endloop
  endfacet
  facet normal 0 0 1
    outer loop
      vertex -18.8847 -0.666008 10
      vertex -24.0713 -5.36692 10
      vertex -22.8185 -6.71554 10
    endloop
  endfacet
  facet normal 0 0 1
    outer loop
      vertex -28.7406 0.322553 10
      vertex -23.1181 4.49245 10
      vertex -24.0958 5.84504 10
    endloop
  endfacet
  facet normal 0 0 1
    outer loop
      vertex -29.8189 1.81439 10
      vertex -24.0958 5.84504 10
      vertex -25.0399 7.22122 10
    endloop
  endfacet
  facet normal 0 0 1
    outer loop
      vertex -19.9902 0.584248 10
      vertex -25.2907 -3.98796 10
      vertex -24.0713 -5.36692 10
    endloop
  endfacet
  facet normal 0 0 1
    outer loop
      vertex -30.8602 3.33223 10
      vertex -25.0399 7.22122 10
      vertex -25.95 8.62016 10
    endloop
  endfacet
  facet normal 0 0 1
    outer loop
      vertex -21.0647 1.86126 10
      vertex -26.4758 -2.5795 10
      vertex -25.2907 -3.98796 10
    endloop
  endfacet
  facet normal 0 0 1
    outer loop
      vertex -31.864 4.87518 10
      vertex -25.95 8.62016 10
      vertex -26.8255 10.041 10
    endloop
  endfacet
  facet normal 0 0 1
    outer loop
      vertex -22.1076 3.16425 10
      vertex -27.626 -1.14237 10
      vertex -26.4758 -2.5795 10
    endloop
  endfacet
  facet normal 0 0 1
    outer loop
      vertex -32.8296 6.4423 10
      vertex -26.8255 10.041 10
      vertex -27.6659 11.4829 10
    endloop
  endfacet
  facet normal 0 0 1
    outer loop
      vertex -33.7565 8.03264 10
      vertex -27.6659 11.4829 10
      vertex -28.4706 12.945 10
    endloop
  endfacet
  facet normal 0 0 1
    outer loop
      vertex -23.1181 4.49245 10
      vertex -28.7406 0.322553 10
      vertex -27.626 -1.14237 10
    endloop
  endfacet
  facet normal 0 0 1
    outer loop
      vertex -34.6441 9.64525 10
      vertex -28.4706 12.945 10
      vertex -29.2393 14.4264 10
    endloop
  endfacet
  facet normal 0 0 1
    outer loop
      vertex -24.0958 5.84504 10
      vertex -29.8189 1.81439 10
      vertex -28.7406 0.322553 10
    endloop
  endfacet
  facet normal 0 0 1
    outer loop
      vertex -35.4918 11.2792 10
      vertex -29.2393 14.4264 10
      vertex -29.9713 15.9263 10
    endloop
  endfacet
  facet normal 0 0 1
    outer loop
      vertex -36.2992 12.9334 10
      vertex -29.9713 15.9263 10
      vertex -30.6663 17.4436 10
    endloop
  endfacet
  facet normal 0 0 1
    outer loop
      vertex -25.0399 7.22122 10
      vertex -30.8602 3.33223 10
      vertex -29.8189 1.81439 10
    endloop
  endfacet
  facet normal 0 0 1
    outer loop
      vertex -37.0657 14.6069 10
      vertex -30.6663 17.4436 10
      vertex -31.3238 18.9775 10
    endloop
  endfacet
  facet normal 0 0 1
    outer loop
      vertex -25.95 8.62016 10
      vertex -31.864 4.87518 10
      vertex -30.8602 3.33223 10
    endloop
  endfacet
  facet normal 0 0 1
    outer loop
      vertex -37.791 16.2987 10
      vertex -31.3238 18.9775 10
      vertex -31.9435 20.5271 10
    endloop
  endfacet
  facet normal 0 0 1
    outer loop
      vertex -38.4745 18.0079 10
      vertex -31.9435 20.5271 10
      vertex -32.525 22.0915 10
    endloop
  endfacet
  facet normal 0 0 1
    outer loop
      vertex -26.8255 10.041 10
      vertex -32.8296 6.4423 10
      vertex -31.864 4.87518 10
    endloop
  endfacet
  facet normal 0 0 1
    outer loop
      vertex -39.1158 19.7333 10
      vertex -32.525 22.0915 10
      vertex -33.0679 23.6696 10
    endloop
  endfacet
  facet normal 0 0 1
    outer loop
      vertex -39.7146 21.4739 10
      vertex -33.0679 23.6696 10
      vertex -33.5719 25.2606 10
    endloop
  endfacet
  facet normal 0 0 1
    outer loop
      vertex -27.6659 11.4829 10
      vertex -33.7565 8.03264 10
      vertex -32.8296 6.4423 10
    endloop
  endfacet
  facet normal 0 0 1
    outer loop
      vertex -40.2705 23.2286 10
      vertex -33.5719 25.2606 10
      vertex -34.0368 26.8635 10
    endloop
  endfacet
  facet normal 0 0 1
    outer loop
      vertex -40.7832 24.9965 10
      vertex -34.0368 26.8635 10
      vertex -34.4621 28.4773 10
    endloop
  endfacet
  facet normal 0 0 1
    outer loop
      vertex -28.4706 12.945 10
      vertex -34.6441 9.64525 10
      vertex -33.7565 8.03264 10
    endloop
  endfacet
  facet normal 0 0 1
    outer loop
      vertex -41.2523 26.7765 10
      vertex -34.4621 28.4773 10
      vertex -34.8477 30.1011 10
    endloop
  endfacet
  facet normal 0 0 1
    outer loop
      vertex -41.6777 28.5674 10
      vertex -34.8477 30.1011 10
      vertex -35.1934 31.7339 10
    endloop
  endfacet
  facet normal 0 0 1
    outer loop
      vertex -29.2393 14.4264 10
      vertex -35.4918 11.2792 10
      vertex -34.6441 9.64525 10
    endloop
  endfacet
  facet normal 0 0 1
    outer loop
      vertex -42.0589 30.3682 10
      vertex -35.1934 31.7339 10
      vertex -35.4989 33.3746 10
    endloop
  endfacet
  facet normal 0 0 1
    outer loop
      vertex -42.3958 32.1779 10
      vertex -35.4989 33.3746 10
      vertex -35.764 35.0223 10
    endloop
  endfacet
  facet normal 0 0 1
    outer loop
      vertex -42.6882 33.9952 10
      vertex -35.764 35.0223 10
      vertex -35.9886 36.6761 10
    endloop
  endfacet
  facet normal 0 0 1
    outer loop
      vertex -42.936 35.8192 10
      vertex -35.9886 36.6761 10
      vertex -36.1726 38.3348 10
    endloop
  endfacet
  facet normal 0 0 1
    outer loop
      vertex -29.9713 15.9263 10
      vertex -36.2992 12.9334 10
      vertex -35.4918 11.2792 10
    endloop
  endfacet
  facet normal 0 0 1
    outer loop
      vertex -43.1389 37.6487 10
      vertex -36.1726 38.3348 10
      vertex -36.3158 39.9976 10
    endloop
  endfacet
  facet normal 0 0 1
    outer loop
      vertex -43.2968 39.4827 10
      vertex -36.3158 39.9976 10
      vertex -36.4181 41.6634 10
    endloop
  endfacet
  facet normal 0 0 1
    outer loop
      vertex -43.4097 41.3199 10
      vertex -36.4181 41.6634 10
      vertex -36.4795 43.3312 10
    endloop
  endfacet
  facet normal 0 0 1
    outer loop
      vertex -43.4774 43.1594 10
      vertex -36.4795 43.3312 10
      vertex -36.5 45 10
    endloop
  endfacet
  facet normal -0 0 1
    outer loop
      vertex -42.0589 59.6318 10
      vertex -35.1934 58.2661 10
      vertex -41.6777 61.4326 10
    endloop
  endfacet
  facet normal 0 0 1
    outer loop
      vertex -30.6663 17.4436 10
      vertex -37.0657 14.6069 10
      vertex -36.2992 12.9334 10
    endloop
  endfacet
  facet normal 0 0 1
    outer loop
      vertex -35.1934 58.2661 10
      vertex -42.0589 59.6318 10
      vertex -35.4989 56.6254 10
    endloop
  endfacet
  facet normal 0 0 1
    outer loop
      vertex -31.3238 18.9775 10
      vertex -37.791 16.2987 10
      vertex -37.0657 14.6069 10
    endloop
  endfacet
  facet normal -0 0 1
    outer loop
      vertex -42.3958 57.8221 10
      vertex -35.4989 56.6254 10
      vertex -42.0589 59.6318 10
    endloop
  endfacet
  facet normal 0 0 1
    outer loop
      vertex -31.9435 20.5271 10
      vertex -38.4745 18.0079 10
      vertex -37.791 16.2987 10
    endloop
  endfacet
  facet normal 0 0 1
    outer loop
      vertex -35.4989 56.6254 10
      vertex -42.3958 57.8221 10
      vertex -35.764 54.9777 10
    endloop
  endfacet
  facet normal 0 0 1
    outer loop
      vertex -32.525 22.0915 10
      vertex -39.1158 19.7333 10
      vertex -38.4745 18.0079 10
    endloop
  endfacet
  facet normal -0 0 1
    outer loop
      vertex -42.6882 56.0048 10
      vertex -35.764 54.9777 10
      vertex -42.3958 57.8221 10
    endloop
  endfacet
  facet normal 0 0 1
    outer loop
      vertex -33.0679 23.6696 10
      vertex -39.7146 21.4739 10
      vertex -39.1158 19.7333 10
    endloop
  endfacet
  facet normal 0 0 1
    outer loop
      vertex -35.764 54.9777 10
      vertex -42.6882 56.0048 10
      vertex -35.9886 53.3239 10
    endloop
  endfacet
  facet normal 0 0 1
    outer loop
      vertex -33.5719 25.2606 10
      vertex -40.2705 23.2286 10
      vertex -39.7146 21.4739 10
    endloop
  endfacet
  facet normal -0 0 1
    outer loop
      vertex -42.936 54.1808 10
      vertex -35.9886 53.3239 10
      vertex -42.6882 56.0048 10
    endloop
  endfacet
  facet normal 0 0 1
    outer loop
      vertex -34.0368 26.8635 10
      vertex -40.7832 24.9965 10
      vertex -40.2705 23.2286 10
    endloop
  endfacet
  facet normal 0 0 1
    outer loop
      vertex -35.9886 53.3239 10
      vertex -42.936 54.1808 10
      vertex -36.1726 51.6652 10
    endloop
  endfacet
  facet normal 0 0 1
    outer loop
      vertex -34.4621 28.4773 10
      vertex -41.2523 26.7765 10
      vertex -40.7832 24.9965 10
    endloop
  endfacet
  facet normal -0 0 1
    outer loop
      vertex -43.1389 52.3513 10
      vertex -36.1726 51.6652 10
      vertex -42.936 54.1808 10
    endloop
  endfacet
  facet normal 0 0 1
    outer loop
      vertex -34.8477 30.1011 10
      vertex -41.6777 28.5674 10
      vertex -41.2523 26.7765 10
    endloop
  endfacet
  facet normal 0 0 1
    outer loop
      vertex -36.1726 51.6652 10
      vertex -43.1389 52.3513 10
      vertex -36.3158 50.0024 10
    endloop
  endfacet
  facet normal 0 0 1
    outer loop
      vertex -35.1934 31.7339 10
      vertex -42.0589 30.3682 10
      vertex -41.6777 28.5674 10
    endloop
  endfacet
  facet normal -0 0 1
    outer loop
      vertex -43.2968 50.5173 10
      vertex -36.3158 50.0024 10
      vertex -43.1389 52.3513 10
    endloop
  endfacet
  facet normal 0 0 1
    outer loop
      vertex -35.4989 33.3746 10
      vertex -42.3958 32.1779 10
      vertex -42.0589 30.3682 10
    endloop
  endfacet
  facet normal 0 0 1
    outer loop
      vertex -36.3158 50.0024 10
      vertex -43.2968 50.5173 10
      vertex -36.4181 48.3366 10
    endloop
  endfacet
  facet normal 0 0 1
    outer loop
      vertex -35.764 35.0223 10
      vertex -42.6882 33.9952 10
      vertex -42.3958 32.1779 10
    endloop
  endfacet
  facet normal -0 0 1
    outer loop
      vertex -43.4097 48.6801 10
      vertex -36.4181 48.3366 10
      vertex -43.2968 50.5173 10
    endloop
  endfacet
  facet normal 0 0 1
    outer loop
      vertex -35.9886 36.6761 10
      vertex -42.936 35.8192 10
      vertex -42.6882 33.9952 10
    endloop
  endfacet
  facet normal 0 0 1
    outer loop
      vertex -36.4181 48.3366 10
      vertex -43.4097 48.6801 10
      vertex -36.4795 46.6688 10
    endloop
  endfacet
  facet normal 0 0 1
    outer loop
      vertex -36.1726 38.3348 10
      vertex -43.1389 37.6487 10
      vertex -42.936 35.8192 10
    endloop
  endfacet
  facet normal -0 0 1
    outer loop
      vertex -43.4774 46.8406 10
      vertex -36.4795 46.6688 10
      vertex -43.4097 48.6801 10
    endloop
  endfacet
  facet normal 0 0 1
    outer loop
      vertex -36.3158 39.9976 10
      vertex -43.2968 39.4827 10
      vertex -43.1389 37.6487 10
    endloop
  endfacet
  facet normal 0 0 1
    outer loop
      vertex -36.4795 46.6688 10
      vertex -43.4774 46.8406 10
      vertex -36.5 45 10
    endloop
  endfacet
  facet normal 0 0 1
    outer loop
      vertex -36.4181 41.6634 10
      vertex -43.4097 41.3199 10
      vertex -43.2968 39.4827 10
    endloop
  endfacet
  facet normal 0 0 1
    outer loop
      vertex -43.5 45 10
      vertex -36.5 45 10
      vertex -43.4774 46.8406 10
    endloop
  endfacet
  facet normal 0 0 1
    outer loop
      vertex -36.4795 43.3312 10
      vertex -43.4774 43.1594 10
      vertex -43.4097 41.3199 10
    endloop
  endfacet
  facet normal 0 0 1
    outer loop
      vertex -36.5 45 10
      vertex -43.5 45 10
      vertex -43.4774 43.1594 10
    endloop
  endfacet
  facet normal -0 0 1
    outer loop
      vertex 90.6659 11.4829 10
      vertex 91 -0.650788 10
      vertex 91 12.0899 10
    endloop
  endfacet
  facet normal -0 0 1
    outer loop
      vertex 89.8255 10.041 10
      vertex 91 -0.650788 10
      vertex 90.6659 11.4829 10
    endloop
  endfacet
  facet normal 0 0 1
    outer loop
      vertex 94.3328 71 10
      vertex -1 64 10
      vertex 91 64 10
    endloop
  endfacet
  facet normal -0 0 1
    outer loop
      vertex -4.5 67.5 10
      vertex -1 64 10
      vertex -4.5 71 10
    endloop
  endfacet
  facet normal -0 0 1
    outer loop
      vertex -4.5 71 10
      vertex -1 64 10
      vertex 94.3328 71 10
    endloop
  endfacet
  facet normal 0 0 1
    outer loop
      vertex 102.116 70.2667 10
      vertex 95.525 67.9085 10
      vertex 95.6655 67.5 10
    endloop
  endfacet
  facet normal 0 0 1
    outer loop
      vertex 96.7565 81.9674 10
      vertex 94.9435 69.4729 10
      vertex 95.525 67.9085 10
    endloop
  endfacet
  facet normal 0 0 1
    outer loop
      vertex 89.8255 79.959 10
      vertex 95.8296 83.5577 10
      vertex 94.864 85.1248 10
    endloop
  endfacet
  facet normal 0 0 1
    outer loop
      vertex 96.7565 81.9674 10
      vertex 94.5 70.5819 10
      vertex 94.9435 69.4729 10
    endloop
  endfacet
  facet normal 0 0 1
    outer loop
      vertex 94.3328 71 10
      vertex 94.5 67.5 10
      vertex 94.5 70.5819 10
    endloop
  endfacet
  facet normal 0 0 1
    outer loop
      vertex 94.5 67.5 10
      vertex 91 12.0899 10
      vertex 94.5 -4.5 10
    endloop
  endfacet
  facet normal 0 0 1
    outer loop
      vertex 94.5 67.5 10
      vertex 94.3328 71 10
      vertex 91 64 10
    endloop
  endfacet
  facet normal 0 0 1
    outer loop
      vertex 96.7565 81.9674 10
      vertex 94.3328 71 10
      vertex 94.5 70.5819 10
    endloop
  endfacet
  facet normal 0 0 1
    outer loop
      vertex 96.7565 81.9674 10
      vertex 94.3238 71.0225 10
      vertex 94.3328 71 10
    endloop
  endfacet
  facet normal 0 0 1
    outer loop
      vertex 88.95 81.3798 10
      vertex 94.864 85.1248 10
      vertex 93.8602 86.6678 10
    endloop
  endfacet
  facet normal 0 0 1
    outer loop
      vertex 96.7565 81.9674 10
      vertex 93.6663 72.5564 10
      vertex 94.3238 71.0225 10
    endloop
  endfacet
  facet normal 0 0 1
    outer loop
      vertex 96.7565 81.9674 10
      vertex 92.9713 74.0737 10
      vertex 93.6663 72.5564 10
    endloop
  endfacet
  facet normal 0 0 1
    outer loop
      vertex 88.0399 82.7788 10
      vertex 93.8602 86.6678 10
      vertex 92.8189 88.1856 10
    endloop
  endfacet
  facet normal 0 0 1
    outer loop
      vertex 96.7565 81.9674 10
      vertex 92.2393 75.5736 10
      vertex 92.9713 74.0737 10
    endloop
  endfacet
  facet normal 0 0 1
    outer loop
      vertex 87.0958 84.155 10
      vertex 92.8189 88.1856 10
      vertex 91.7406 89.6774 10
    endloop
  endfacet
  facet normal 0 0 1
    outer loop
      vertex 96.7565 81.9674 10
      vertex 91.4706 77.055 10
      vertex 92.2393 75.5736 10
    endloop
  endfacet
  facet normal 0 0 1
    outer loop
      vertex 96.7565 81.9674 10
      vertex 90.6659 78.5171 10
      vertex 91.4706 77.055 10
    endloop
  endfacet
  facet normal 0 0 1
    outer loop
      vertex 86.1181 85.5076 10
      vertex 91.7406 89.6774 10
      vertex 90.626 91.1424 10
    endloop
  endfacet
  facet normal 0 0 1
    outer loop
      vertex 95.8296 83.5577 10
      vertex 89.8255 79.959 10
      vertex 90.6659 78.5171 10
    endloop
  endfacet
  facet normal 0 0 1
    outer loop
      vertex 85.1076 86.8357 10
      vertex 90.626 91.1424 10
      vertex 89.4758 92.5795 10
    endloop
  endfacet
  facet normal 0 0 1
    outer loop
      vertex 94.864 85.1248 10
      vertex 88.95 81.3798 10
      vertex 89.8255 79.959 10
    endloop
  endfacet
  facet normal 0 0 1
    outer loop
      vertex 84.0647 88.1387 10
      vertex 89.4758 92.5795 10
      vertex 88.2907 93.988 10
    endloop
  endfacet
  facet normal 0 0 1
    outer loop
      vertex 93.8602 86.6678 10
      vertex 88.0399 82.7788 10
      vertex 88.95 81.3798 10
    endloop
  endfacet
  facet normal 0 0 1
    outer loop
      vertex 92.8189 88.1856 10
      vertex 87.0958 84.155 10
      vertex 88.0399 82.7788 10
    endloop
  endfacet
  facet normal 0 0 1
    outer loop
      vertex 82.9902 89.4158 10
      vertex 88.2907 93.988 10
      vertex 87.0713 95.3669 10
    endloop
  endfacet
  facet normal 0 0 1
    outer loop
      vertex 91.7406 89.6774 10
      vertex 86.1181 85.5076 10
      vertex 87.0958 84.155 10
    endloop
  endfacet
  facet normal 0 0 1
    outer loop
      vertex 81.8847 90.666 10
      vertex 87.0713 95.3669 10
      vertex 85.8185 96.7155 10
    endloop
  endfacet
  facet normal 0 0 1
    outer loop
      vertex 90.626 91.1424 10
      vertex 85.1076 86.8357 10
      vertex 86.1181 85.5076 10
    endloop
  endfacet
  facet normal 0 0 1
    outer loop
      vertex 80.7488 91.8888 10
      vertex 85.8185 96.7155 10
      vertex 84.533 98.033 10
    endloop
  endfacet
  facet normal 0 0 1
    outer loop
      vertex 89.4758 92.5795 10
      vertex 84.0647 88.1387 10
      vertex 85.1076 86.8357 10
    endloop
  endfacet
  facet normal 0 0 1
    outer loop
      vertex 79.5833 93.0833 10
      vertex 84.533 98.033 10
      vertex 83.2155 99.3185 10
    endloop
  endfacet
  facet normal 0 0 1
    outer loop
      vertex 88.2907 93.988 10
      vertex 82.9902 89.4158 10
      vertex 84.0647 88.1387 10
    endloop
  endfacet
  facet normal 0 0 1
    outer loop
      vertex 87.0713 95.3669 10
      vertex 81.8847 90.666 10
      vertex 82.9902 89.4158 10
    endloop
  endfacet
  facet normal 0 0 1
    outer loop
      vertex 78.3888 94.2488 10
      vertex 83.2155 99.3185 10
      vertex 81.8669 100.571 10
    endloop
  endfacet
  facet normal 0 0 1
    outer loop
      vertex 85.8185 96.7155 10
      vertex 80.7488 91.8888 10
      vertex 81.8847 90.666 10
    endloop
  endfacet
  facet normal 0 0 1
    outer loop
      vertex 77.166 95.3847 10
      vertex 81.8669 100.571 10
      vertex 80.488 101.791 10
    endloop
  endfacet
  facet normal 0 0 1
    outer loop
      vertex 84.533 98.033 10
      vertex 79.5833 93.0833 10
      vertex 80.7488 91.8888 10
    endloop
  endfacet
  facet normal 0 0 1
    outer loop
      vertex 75.9158 96.4902 10
      vertex 80.488 101.791 10
      vertex 79.0795 102.976 10
    endloop
  endfacet
  facet normal 0 0 1
    outer loop
      vertex 83.2155 99.3185 10
      vertex 78.3888 94.2488 10
      vertex 79.5833 93.0833 10
    endloop
  endfacet
  facet normal 0 0 1
    outer loop
      vertex 74.6387 97.5647 10
      vertex 79.0795 102.976 10
      vertex 77.6424 104.126 10
    endloop
  endfacet
  facet normal 0 0 1
    outer loop
      vertex 81.8669 100.571 10
      vertex 77.166 95.3847 10
      vertex 78.3888 94.2488 10
    endloop
  endfacet
  facet normal 0 0 1
    outer loop
      vertex 73.3357 98.6076 10
      vertex 77.6424 104.126 10
      vertex 76.1774 105.241 10
    endloop
  endfacet
  facet normal 0 0 1
    outer loop
      vertex 80.488 101.791 10
      vertex 75.9158 96.4902 10
      vertex 77.166 95.3847 10
    endloop
  endfacet
  facet normal 0 0 1
    outer loop
      vertex 72.0076 99.6181 10
      vertex 76.1774 105.241 10
      vertex 74.6856 106.319 10
    endloop
  endfacet
  facet normal 0 0 1
    outer loop
      vertex 79.0795 102.976 10
      vertex 74.6387 97.5647 10
      vertex 75.9158 96.4902 10
    endloop
  endfacet
  facet normal 0 0 1
    outer loop
      vertex 77.6424 104.126 10
      vertex 73.3357 98.6076 10
      vertex 74.6387 97.5647 10
    endloop
  endfacet
  facet normal 0 0 1
    outer loop
      vertex 70.655 100.596 10
      vertex 74.6856 106.319 10
      vertex 73.1678 107.36 10
    endloop
  endfacet
  facet normal 0 0 1
    outer loop
      vertex 76.1774 105.241 10
      vertex 72.0076 99.6181 10
      vertex 73.3357 98.6076 10
    endloop
  endfacet
  facet normal 0 0 1
    outer loop
      vertex 69.2788 101.54 10
      vertex 73.1678 107.36 10
      vertex 71.6248 108.364 10
    endloop
  endfacet
  facet normal 0 0 1
    outer loop
      vertex 74.6856 106.319 10
      vertex 70.655 100.596 10
      vertex 72.0076 99.6181 10
    endloop
  endfacet
  facet normal 0 0 1
    outer loop
      vertex 67.8798 102.45 10
      vertex 71.6248 108.364 10
      vertex 70.0577 109.33 10
    endloop
  endfacet
  facet normal 0 0 1
    outer loop
      vertex 73.1678 107.36 10
      vertex 69.2788 101.54 10
      vertex 70.655 100.596 10
    endloop
  endfacet
  facet normal 0 0 1
    outer loop
      vertex 66.459 103.326 10
      vertex 70.0577 109.33 10
      vertex 68.4674 110.257 10
    endloop
  endfacet
  facet normal 0 0 1
    outer loop
      vertex 71.6248 108.364 10
      vertex 67.8798 102.45 10
      vertex 69.2788 101.54 10
    endloop
  endfacet
  facet normal 0 0 1
    outer loop
      vertex 65.0171 104.166 10
      vertex 68.4674 110.257 10
      vertex 66.8548 111.144 10
    endloop
  endfacet
  facet normal 0 0 1
    outer loop
      vertex 70.0577 109.33 10
      vertex 66.459 103.326 10
      vertex 67.8798 102.45 10
    endloop
  endfacet
  facet normal 0 0 1
    outer loop
      vertex 63.555 104.971 10
      vertex 66.8548 111.144 10
      vertex 65.2208 111.992 10
    endloop
  endfacet
  facet normal 0 0 1
    outer loop
      vertex 68.4674 110.257 10
      vertex 65.0171 104.166 10
      vertex 66.459 103.326 10
    endloop
  endfacet
  facet normal 0 0 1
    outer loop
      vertex 62.0736 105.739 10
      vertex 65.2208 111.992 10
      vertex 63.5666 112.799 10
    endloop
  endfacet
  facet normal 0 0 1
    outer loop
      vertex 66.8548 111.144 10
      vertex 63.555 104.971 10
      vertex 65.0171 104.166 10
    endloop
  endfacet
  facet normal 0 0 1
    outer loop
      vertex 65.2208 111.992 10
      vertex 62.0736 105.739 10
      vertex 63.555 104.971 10
    endloop
  endfacet
  facet normal 0 0 1
    outer loop
      vertex 60.5737 106.471 10
      vertex 63.5666 112.799 10
      vertex 61.8931 113.566 10
    endloop
  endfacet
  facet normal 0 0 1
    outer loop
      vertex 63.5666 112.799 10
      vertex 60.5737 106.471 10
      vertex 62.0736 105.739 10
    endloop
  endfacet
  facet normal 0 0 1
    outer loop
      vertex 59.0564 107.166 10
      vertex 61.8931 113.566 10
      vertex 60.2013 114.291 10
    endloop
  endfacet
  facet normal 0 0 1
    outer loop
      vertex 61.8931 113.566 10
      vertex 59.0564 107.166 10
      vertex 60.5737 106.471 10
    endloop
  endfacet
  facet normal 0 0 1
    outer loop
      vertex 57.5225 107.824 10
      vertex 60.2013 114.291 10
      vertex 58.4921 114.974 10
    endloop
  endfacet
  facet normal 0 0 1
    outer loop
      vertex 60.2013 114.291 10
      vertex 57.5225 107.824 10
      vertex 59.0564 107.166 10
    endloop
  endfacet
  facet normal 0 0 1
    outer loop
      vertex 55.9729 108.444 10
      vertex 58.4921 114.974 10
      vertex 56.7667 115.616 10
    endloop
  endfacet
  facet normal 0 0 1
    outer loop
      vertex 58.4921 114.974 10
      vertex 55.9729 108.444 10
      vertex 57.5225 107.824 10
    endloop
  endfacet
  facet normal 0 0 1
    outer loop
      vertex 54.4085 109.025 10
      vertex 56.7667 115.616 10
      vertex 55.0261 116.215 10
    endloop
  endfacet
  facet normal 0 0 1
    outer loop
      vertex 56.7667 115.616 10
      vertex 54.4085 109.025 10
      vertex 55.9729 108.444 10
    endloop
  endfacet
  facet normal 0 0 1
    outer loop
      vertex 52.8304 109.568 10
      vertex 55.0261 116.215 10
      vertex 53.2714 116.771 10
    endloop
  endfacet
  facet normal 0 0 1
    outer loop
      vertex 55.0261 116.215 10
      vertex 52.8304 109.568 10
      vertex 54.4085 109.025 10
    endloop
  endfacet
  facet normal 0 0 1
    outer loop
      vertex 51.2394 110.072 10
      vertex 53.2714 116.771 10
      vertex 51.5035 117.283 10
    endloop
  endfacet
  facet normal 0 0 1
    outer loop
      vertex 53.2714 116.771 10
      vertex 51.2394 110.072 10
      vertex 52.8304 109.568 10
    endloop
  endfacet
  facet normal 0 0 1
    outer loop
      vertex 49.6365 110.537 10
      vertex 51.5035 117.283 10
      vertex 49.7235 117.752 10
    endloop
  endfacet
  facet normal 0 0 1
    outer loop
      vertex 51.5035 117.283 10
      vertex 49.6365 110.537 10
      vertex 51.2394 110.072 10
    endloop
  endfacet
  facet normal 0 0 1
    outer loop
      vertex 49.7235 117.752 10
      vertex 48.0227 110.962 10
      vertex 49.6365 110.537 10
    endloop
  endfacet
  facet normal 0 0 1
    outer loop
      vertex 47.9326 118.178 10
      vertex 48.0227 110.962 10
      vertex 49.7235 117.752 10
    endloop
  endfacet
  facet normal 0 0 1
    outer loop
      vertex 47.9326 118.178 10
      vertex 46.3989 111.348 10
      vertex 48.0227 110.962 10
    endloop
  endfacet
  facet normal 0 0 1
    outer loop
      vertex 46.1318 118.559 10
      vertex 46.3989 111.348 10
      vertex 47.9326 118.178 10
    endloop
  endfacet
  facet normal 0 0 1
    outer loop
      vertex 46.1318 118.559 10
      vertex 44.7661 111.693 10
      vertex 46.3989 111.348 10
    endloop
  endfacet
  facet normal 0 0 1
    outer loop
      vertex 44.3221 118.896 10
      vertex 44.7661 111.693 10
      vertex 46.1318 118.559 10
    endloop
  endfacet
  facet normal 0 0 1
    outer loop
      vertex 44.3221 118.896 10
      vertex 43.1254 111.999 10
      vertex 44.7661 111.693 10
    endloop
  endfacet
  facet normal 0 0 1
    outer loop
      vertex 42.5048 119.188 10
      vertex 43.1254 111.999 10
      vertex 44.3221 118.896 10
    endloop
  endfacet
  facet normal 0 0 1
    outer loop
      vertex 42.5048 119.188 10
      vertex 41.4777 112.264 10
      vertex 43.1254 111.999 10
    endloop
  endfacet
  facet normal 0 0 1
    outer loop
      vertex 40.6808 119.436 10
      vertex 41.4777 112.264 10
      vertex 42.5048 119.188 10
    endloop
  endfacet
  facet normal 0 0 1
    outer loop
      vertex 40.6808 119.436 10
      vertex 39.8239 112.489 10
      vertex 41.4777 112.264 10
    endloop
  endfacet
  facet normal 0 0 1
    outer loop
      vertex 38.8513 119.639 10
      vertex 39.8239 112.489 10
      vertex 40.6808 119.436 10
    endloop
  endfacet
  facet normal 0 0 1
    outer loop
      vertex 38.8513 119.639 10
      vertex 38.1652 112.673 10
      vertex 39.8239 112.489 10
    endloop
  endfacet
  facet normal 0 0 1
    outer loop
      vertex 37.0173 119.797 10
      vertex 38.1652 112.673 10
      vertex 38.8513 119.639 10
    endloop
  endfacet
  facet normal 0 0 1
    outer loop
      vertex 37.0173 119.797 10
      vertex 36.5024 112.816 10
      vertex 38.1652 112.673 10
    endloop
  endfacet
  facet normal 0 0 1
    outer loop
      vertex 35.1801 119.91 10
      vertex 36.5024 112.816 10
      vertex 37.0173 119.797 10
    endloop
  endfacet
  facet normal 0 0 1
    outer loop
      vertex 35.1801 119.91 10
      vertex 34.8366 112.918 10
      vertex 36.5024 112.816 10
    endloop
  endfacet
  facet normal 0 0 1
    outer loop
      vertex 33.3406 119.977 10
      vertex 34.8366 112.918 10
      vertex 35.1801 119.91 10
    endloop
  endfacet
  facet normal 0 0 1
    outer loop
      vertex 33.3406 119.977 10
      vertex 33.1688 112.98 10
      vertex 34.8366 112.918 10
    endloop
  endfacet
  facet normal 0 0 1
    outer loop
      vertex 31.5 120 10
      vertex 33.1688 112.98 10
      vertex 33.3406 119.977 10
    endloop
  endfacet
  facet normal 0 0 1
    outer loop
      vertex 31.5 120 10
      vertex 31.5 113 10
      vertex 33.1688 112.98 10
    endloop
  endfacet
  facet normal 0 0 1
    outer loop
      vertex 31.5 120 10
      vertex 29.8312 112.98 10
      vertex 31.5 113 10
    endloop
  endfacet
  facet normal -0 0 1
    outer loop
      vertex 29.6594 119.977 10
      vertex 29.8312 112.98 10
      vertex 31.5 120 10
    endloop
  endfacet
  facet normal 0 0 1
    outer loop
      vertex 29.6594 119.977 10
      vertex 28.1634 112.918 10
      vertex 29.8312 112.98 10
    endloop
  endfacet
  facet normal -0 0 1
    outer loop
      vertex 27.8199 119.91 10
      vertex 28.1634 112.918 10
      vertex 29.6594 119.977 10
    endloop
  endfacet
  facet normal 0 0 1
    outer loop
      vertex 27.8199 119.91 10
      vertex 26.4976 112.816 10
      vertex 28.1634 112.918 10
    endloop
  endfacet
  facet normal -0 0 1
    outer loop
      vertex 25.9827 119.797 10
      vertex 26.4976 112.816 10
      vertex 27.8199 119.91 10
    endloop
  endfacet
  facet normal 0 0 1
    outer loop
      vertex 25.9827 119.797 10
      vertex 24.8348 112.673 10
      vertex 26.4976 112.816 10
    endloop
  endfacet
  facet normal -0 0 1
    outer loop
      vertex 24.1487 119.639 10
      vertex 24.8348 112.673 10
      vertex 25.9827 119.797 10
    endloop
  endfacet
  facet normal 0 0 1
    outer loop
      vertex 24.1487 119.639 10
      vertex 23.1761 112.489 10
      vertex 24.8348 112.673 10
    endloop
  endfacet
  facet normal -0 0 1
    outer loop
      vertex 22.3192 119.436 10
      vertex 23.1761 112.489 10
      vertex 24.1487 119.639 10
    endloop
  endfacet
  facet normal 0 0 1
    outer loop
      vertex 22.3192 119.436 10
      vertex 21.5223 112.264 10
      vertex 23.1761 112.489 10
    endloop
  endfacet
  facet normal -0 0 1
    outer loop
      vertex 20.4952 119.188 10
      vertex 21.5223 112.264 10
      vertex 22.3192 119.436 10
    endloop
  endfacet
  facet normal 0 0 1
    outer loop
      vertex 20.4952 119.188 10
      vertex 19.8746 111.999 10
      vertex 21.5223 112.264 10
    endloop
  endfacet
  facet normal -0 0 1
    outer loop
      vertex 18.6779 118.896 10
      vertex 19.8746 111.999 10
      vertex 20.4952 119.188 10
    endloop
  endfacet
  facet normal 0 0 1
    outer loop
      vertex 18.6779 118.896 10
      vertex 18.2339 111.693 10
      vertex 19.8746 111.999 10
    endloop
  endfacet
  facet normal -0 0 1
    outer loop
      vertex 16.8682 118.559 10
      vertex 18.2339 111.693 10
      vertex 18.6779 118.896 10
    endloop
  endfacet
  facet normal 0 0 1
    outer loop
      vertex 16.8682 118.559 10
      vertex 16.6011 111.348 10
      vertex 18.2339 111.693 10
    endloop
  endfacet
  facet normal -0 0 1
    outer loop
      vertex 15.0674 118.178 10
      vertex 16.6011 111.348 10
      vertex 16.8682 118.559 10
    endloop
  endfacet
  facet normal 0 0 1
    outer loop
      vertex 15.0674 118.178 10
      vertex 14.9773 110.962 10
      vertex 16.6011 111.348 10
    endloop
  endfacet
  facet normal -0 0 1
    outer loop
      vertex 13.2765 117.752 10
      vertex 14.9773 110.962 10
      vertex 15.0674 118.178 10
    endloop
  endfacet
  facet normal 0 0 1
    outer loop
      vertex 14.9773 110.962 10
      vertex 13.2765 117.752 10
      vertex 13.3635 110.537 10
    endloop
  endfacet
  facet normal -0 0 1
    outer loop
      vertex 11.4965 117.283 10
      vertex 13.3635 110.537 10
      vertex 13.2765 117.752 10
    endloop
  endfacet
  facet normal 0 0 1
    outer loop
      vertex 13.3635 110.537 10
      vertex 11.4965 117.283 10
      vertex 11.7606 110.072 10
    endloop
  endfacet
  facet normal -0 0 1
    outer loop
      vertex 9.72865 116.771 10
      vertex 11.7606 110.072 10
      vertex 11.4965 117.283 10
    endloop
  endfacet
  facet normal 0 0 1
    outer loop
      vertex 11.7606 110.072 10
      vertex 9.72865 116.771 10
      vertex 10.1696 109.568 10
    endloop
  endfacet
  facet normal -0 0 1
    outer loop
      vertex 7.97387 116.215 10
      vertex 10.1696 109.568 10
      vertex 9.72865 116.771 10
    endloop
  endfacet
  facet normal 0 0 1
    outer loop
      vertex 10.1696 109.568 10
      vertex 7.97387 116.215 10
      vertex 8.59149 109.025 10
    endloop
  endfacet
  facet normal -0 0 1
    outer loop
      vertex 6.23326 115.616 10
      vertex 8.59149 109.025 10
      vertex 7.97387 116.215 10
    endloop
  endfacet
  facet normal 0 0 1
    outer loop
      vertex 8.59149 109.025 10
      vertex 6.23326 115.616 10
      vertex 7.02714 108.444 10
    endloop
  endfacet
  facet normal -0 0 1
    outer loop
      vertex 4.50787 114.974 10
      vertex 7.02714 108.444 10
      vertex 6.23326 115.616 10
    endloop
  endfacet
  facet normal 0 0 1
    outer loop
      vertex 7.02714 108.444 10
      vertex 4.50787 114.974 10
      vertex 5.47753 107.824 10
    endloop
  endfacet
  facet normal -0 0 1
    outer loop
      vertex 2.79874 114.291 10
      vertex 5.47753 107.824 10
      vertex 4.50787 114.974 10
    endloop
  endfacet
  facet normal 0 0 1
    outer loop
      vertex 5.47753 107.824 10
      vertex 2.79874 114.291 10
      vertex 3.94359 107.166 10
    endloop
  endfacet
  facet normal -0 0 1
    outer loop
      vertex 1.1069 113.566 10
      vertex 3.94359 107.166 10
      vertex 2.79874 114.291 10
    endloop
  endfacet
  facet normal 0 0 1
    outer loop
      vertex 3.94359 107.166 10
      vertex 1.1069 113.566 10
      vertex 2.42625 106.471 10
    endloop
  endfacet
  facet normal -0 0 1
    outer loop
      vertex -0.566631 112.799 10
      vertex 2.42625 106.471 10
      vertex 1.1069 113.566 10
    endloop
  endfacet
  facet normal 0 0 1
    outer loop
      vertex 2.42625 106.471 10
      vertex -0.566631 112.799 10
      vertex 0.92643 105.739 10
    endloop
  endfacet
  facet normal -0 0 1
    outer loop
      vertex -2.22085 111.992 10
      vertex 0.92643 105.739 10
      vertex -0.566631 112.799 10
    endloop
  endfacet
  facet normal 0 0 1
    outer loop
      vertex 0.92643 105.739 10
      vertex -2.22085 111.992 10
      vertex -0.554977 104.971 10
    endloop
  endfacet
  facet normal -0 0 1
    outer loop
      vertex -3.85475 111.144 10
      vertex -0.554977 104.971 10
      vertex -2.22085 111.992 10
    endloop
  endfacet
  facet normal 0 0 1
    outer loop
      vertex -0.554977 104.971 10
      vertex -3.85475 111.144 10
      vertex -2.01708 104.166 10
    endloop
  endfacet
  facet normal -0 0 1
    outer loop
      vertex -5.46736 110.257 10
      vertex -2.01708 104.166 10
      vertex -3.85475 111.144 10
    endloop
  endfacet
  facet normal 0 0 1
    outer loop
      vertex -2.01708 104.166 10
      vertex -5.46736 110.257 10
      vertex -3.45899 103.326 10
    endloop
  endfacet
  facet normal -0 0 1
    outer loop
      vertex -7.0577 109.33 10
      vertex -3.45899 103.326 10
      vertex -5.46736 110.257 10
    endloop
  endfacet
  facet normal 0 0 1
    outer loop
      vertex -3.45899 103.326 10
      vertex -7.0577 109.33 10
      vertex -4.87984 102.45 10
    endloop
  endfacet
  facet normal -0 0 1
    outer loop
      vertex -8.62482 108.364 10
      vertex -4.87984 102.45 10
      vertex -7.0577 109.33 10
    endloop
  endfacet
  facet normal 0 0 1
    outer loop
      vertex -4.87984 102.45 10
      vertex -8.62482 108.364 10
      vertex -6.27878 101.54 10
    endloop
  endfacet
  facet normal -0 0 1
    outer loop
      vertex -10.1678 107.36 10
      vertex -6.27878 101.54 10
      vertex -8.62482 108.364 10
    endloop
  endfacet
  facet normal 0 0 1
    outer loop
      vertex -6.27878 101.54 10
      vertex -10.1678 107.36 10
      vertex -7.65496 100.596 10
    endloop
  endfacet
  facet normal -0 0 1
    outer loop
      vertex -11.6856 106.319 10
      vertex -7.65496 100.596 10
      vertex -10.1678 107.36 10
    endloop
  endfacet
  facet normal 0 0 1
    outer loop
      vertex -7.65496 100.596 10
      vertex -11.6856 106.319 10
      vertex -9.00755 99.6181 10
    endloop
  endfacet
  facet normal -0 0 1
    outer loop
      vertex -13.1774 105.241 10
      vertex -9.00755 99.6181 10
      vertex -11.6856 106.319 10
    endloop
  endfacet
  facet normal 0 0 1
    outer loop
      vertex -9.00755 99.6181 10
      vertex -13.1774 105.241 10
      vertex -10.3357 98.6076 10
    endloop
  endfacet
  facet normal -0 0 1
    outer loop
      vertex -14.6424 104.126 10
      vertex -10.3357 98.6076 10
      vertex -13.1774 105.241 10
    endloop
  endfacet
  facet normal 0 0 1
    outer loop
      vertex -10.3357 98.6076 10
      vertex -14.6424 104.126 10
      vertex -11.6387 97.5647 10
    endloop
  endfacet
  facet normal -0 0 1
    outer loop
      vertex -16.0795 102.976 10
      vertex -11.6387 97.5647 10
      vertex -14.6424 104.126 10
    endloop
  endfacet
  facet normal 0 0 1
    outer loop
      vertex -11.6387 97.5647 10
      vertex -16.0795 102.976 10
      vertex -12.9158 96.4902 10
    endloop
  endfacet
  facet normal -0 0 1
    outer loop
      vertex -17.488 101.791 10
      vertex -12.9158 96.4902 10
      vertex -16.0795 102.976 10
    endloop
  endfacet
  facet normal 0 0 1
    outer loop
      vertex -12.9158 96.4902 10
      vertex -17.488 101.791 10
      vertex -14.166 95.3847 10
    endloop
  endfacet
  facet normal -0 0 1
    outer loop
      vertex -18.8669 100.571 10
      vertex -14.166 95.3847 10
      vertex -17.488 101.791 10
    endloop
  endfacet
  facet normal 0 0 1
    outer loop
      vertex -14.166 95.3847 10
      vertex -18.8669 100.571 10
      vertex -15.3888 94.2488 10
    endloop
  endfacet
  facet normal -0 0 1
    outer loop
      vertex -20.2155 99.3185 10
      vertex -15.3888 94.2488 10
      vertex -18.8669 100.571 10
    endloop
  endfacet
  facet normal 0 0 1
    outer loop
      vertex -15.3888 94.2488 10
      vertex -20.2155 99.3185 10
      vertex -16.5833 93.0833 10
    endloop
  endfacet
  facet normal -0 0 1
    outer loop
      vertex -21.533 98.033 10
      vertex -16.5833 93.0833 10
      vertex -20.2155 99.3185 10
    endloop
  endfacet
  facet normal 0 0 1
    outer loop
      vertex -16.5833 93.0833 10
      vertex -21.533 98.033 10
      vertex -17.7488 91.8888 10
    endloop
  endfacet
  facet normal -0 0 1
    outer loop
      vertex -22.8185 96.7155 10
      vertex -17.7488 91.8888 10
      vertex -21.533 98.033 10
    endloop
  endfacet
  facet normal 0 0 1
    outer loop
      vertex -17.7488 91.8888 10
      vertex -22.8185 96.7155 10
      vertex -18.8847 90.666 10
    endloop
  endfacet
  facet normal -0 0 1
    outer loop
      vertex -24.0713 95.3669 10
      vertex -18.8847 90.666 10
      vertex -22.8185 96.7155 10
    endloop
  endfacet
  facet normal 0 0 1
    outer loop
      vertex -18.8847 90.666 10
      vertex -24.0713 95.3669 10
      vertex -19.9902 89.4158 10
    endloop
  endfacet
  facet normal -0 0 1
    outer loop
      vertex -25.2907 93.988 10
      vertex -19.9902 89.4158 10
      vertex -24.0713 95.3669 10
    endloop
  endfacet
  facet normal 0 0 1
    outer loop
      vertex -19.9902 89.4158 10
      vertex -25.2907 93.988 10
      vertex -21.0647 88.1387 10
    endloop
  endfacet
  facet normal -0 0 1
    outer loop
      vertex -26.4758 92.5795 10
      vertex -21.0647 88.1387 10
      vertex -25.2907 93.988 10
    endloop
  endfacet
  facet normal 0 0 1
    outer loop
      vertex -21.0647 88.1387 10
      vertex -26.4758 92.5795 10
      vertex -22.1076 86.8357 10
    endloop
  endfacet
  facet normal -0 0 1
    outer loop
      vertex -27.626 91.1424 10
      vertex -22.1076 86.8357 10
      vertex -26.4758 92.5795 10
    endloop
  endfacet
  facet normal 0 0 1
    outer loop
      vertex -22.1076 86.8357 10
      vertex -27.626 91.1424 10
      vertex -23.1181 85.5076 10
    endloop
  endfacet
  facet normal -0 0 1
    outer loop
      vertex -28.7406 89.6774 10
      vertex -23.1181 85.5076 10
      vertex -27.626 91.1424 10
    endloop
  endfacet
  facet normal 0 0 1
    outer loop
      vertex -23.1181 85.5076 10
      vertex -28.7406 89.6774 10
      vertex -24.0958 84.155 10
    endloop
  endfacet
  facet normal -0 0 1
    outer loop
      vertex -29.8189 88.1856 10
      vertex -24.0958 84.155 10
      vertex -28.7406 89.6774 10
    endloop
  endfacet
  facet normal 0 0 1
    outer loop
      vertex -24.0958 84.155 10
      vertex -29.8189 88.1856 10
      vertex -25.0399 82.7788 10
    endloop
  endfacet
  facet normal -0 0 1
    outer loop
      vertex -30.8602 86.6678 10
      vertex -25.0399 82.7788 10
      vertex -29.8189 88.1856 10
    endloop
  endfacet
  facet normal 0 0 1
    outer loop
      vertex -25.0399 82.7788 10
      vertex -30.8602 86.6678 10
      vertex -25.95 81.3798 10
    endloop
  endfacet
  facet normal -0 0 1
    outer loop
      vertex -31.864 85.1248 10
      vertex -25.95 81.3798 10
      vertex -30.8602 86.6678 10
    endloop
  endfacet
  facet normal 0 0 1
    outer loop
      vertex -25.95 81.3798 10
      vertex -31.864 85.1248 10
      vertex -26.8255 79.959 10
    endloop
  endfacet
  facet normal -0 0 1
    outer loop
      vertex -32.8296 83.5577 10
      vertex -26.8255 79.959 10
      vertex -31.864 85.1248 10
    endloop
  endfacet
  facet normal 0 0 1
    outer loop
      vertex -26.8255 79.959 10
      vertex -32.8296 83.5577 10
      vertex -27.6659 78.5171 10
    endloop
  endfacet
  facet normal -0 0 1
    outer loop
      vertex -33.7565 81.9674 10
      vertex -27.6659 78.5171 10
      vertex -32.8296 83.5577 10
    endloop
  endfacet
  facet normal 0 0 1
    outer loop
      vertex -27.6659 78.5171 10
      vertex -33.7565 81.9674 10
      vertex -28.4706 77.055 10
    endloop
  endfacet
  facet normal -0 0 1
    outer loop
      vertex -34.6441 80.3548 10
      vertex -28.4706 77.055 10
      vertex -33.7565 81.9674 10
    endloop
  endfacet
  facet normal 0 0 1
    outer loop
      vertex -28.4706 77.055 10
      vertex -34.6441 80.3548 10
      vertex -29.2393 75.5736 10
    endloop
  endfacet
  facet normal -0 0 1
    outer loop
      vertex -35.4918 78.7208 10
      vertex -29.2393 75.5736 10
      vertex -34.6441 80.3548 10
    endloop
  endfacet
  facet normal 0 0 1
    outer loop
      vertex -29.2393 75.5736 10
      vertex -35.4918 78.7208 10
      vertex -29.9713 74.0737 10
    endloop
  endfacet
  facet normal -0 0 1
    outer loop
      vertex -36.2992 77.0666 10
      vertex -29.9713 74.0737 10
      vertex -35.4918 78.7208 10
    endloop
  endfacet
  facet normal 0 0 1
    outer loop
      vertex -29.9713 74.0737 10
      vertex -36.2992 77.0666 10
      vertex -30.6663 72.5564 10
    endloop
  endfacet
  facet normal -0 0 1
    outer loop
      vertex -37.0657 75.3931 10
      vertex -30.6663 72.5564 10
      vertex -36.2992 77.0666 10
    endloop
  endfacet
  facet normal 0 0 1
    outer loop
      vertex -30.6663 72.5564 10
      vertex -37.0657 75.3931 10
      vertex -31.3238 71.0225 10
    endloop
  endfacet
  facet normal -0 0 1
    outer loop
      vertex -37.791 73.7013 10
      vertex -31.3238 71.0225 10
      vertex -37.0657 75.3931 10
    endloop
  endfacet
  facet normal 0 0 1
    outer loop
      vertex -31.3238 71.0225 10
      vertex -37.791 73.7013 10
      vertex -31.9435 69.4729 10
    endloop
  endfacet
  facet normal -0 0 1
    outer loop
      vertex -38.4745 71.9921 10
      vertex -31.9435 69.4729 10
      vertex -37.791 73.7013 10
    endloop
  endfacet
  facet normal 0 0 1
    outer loop
      vertex -31.9435 69.4729 10
      vertex -38.4745 71.9921 10
      vertex -32.525 67.9085 10
    endloop
  endfacet
  facet normal -0 0 1
    outer loop
      vertex -39.1158 70.2667 10
      vertex -32.525 67.9085 10
      vertex -38.4745 71.9921 10
    endloop
  endfacet
  facet normal 0 0 1
    outer loop
      vertex -32.525 67.9085 10
      vertex -39.1158 70.2667 10
      vertex -33.0679 66.3304 10
    endloop
  endfacet
  facet normal -0 0 1
    outer loop
      vertex -39.7146 68.5261 10
      vertex -33.0679 66.3304 10
      vertex -39.1158 70.2667 10
    endloop
  endfacet
  facet normal 0 0 1
    outer loop
      vertex -33.0679 66.3304 10
      vertex -39.7146 68.5261 10
      vertex -33.5719 64.7394 10
    endloop
  endfacet
  facet normal -0 0 1
    outer loop
      vertex -40.2705 66.7713 10
      vertex -33.5719 64.7394 10
      vertex -39.7146 68.5261 10
    endloop
  endfacet
  facet normal 0 0 1
    outer loop
      vertex -33.5719 64.7394 10
      vertex -40.2705 66.7713 10
      vertex -34.0368 63.1365 10
    endloop
  endfacet
  facet normal -0 0 1
    outer loop
      vertex -40.7832 65.0035 10
      vertex -34.0368 63.1365 10
      vertex -40.2705 66.7713 10
    endloop
  endfacet
  facet normal 0 0 1
    outer loop
      vertex -34.0368 63.1365 10
      vertex -40.7832 65.0035 10
      vertex -34.4621 61.5227 10
    endloop
  endfacet
  facet normal -0 0 1
    outer loop
      vertex -41.2523 63.2235 10
      vertex -34.4621 61.5227 10
      vertex -40.7832 65.0035 10
    endloop
  endfacet
  facet normal 0 0 1
    outer loop
      vertex -34.4621 61.5227 10
      vertex -41.2523 63.2235 10
      vertex -34.8477 59.8989 10
    endloop
  endfacet
  facet normal -0 0 1
    outer loop
      vertex -41.6777 61.4326 10
      vertex -34.8477 59.8989 10
      vertex -41.2523 63.2235 10
    endloop
  endfacet
  facet normal 0 0 1
    outer loop
      vertex -34.8477 59.8989 10
      vertex -41.6777 61.4326 10
      vertex -35.1934 58.2661 10
    endloop
  endfacet
  facet normal 0 0 1
    outer loop
      vertex 99.5 45 10
      vertex 106.5 45 10
      vertex 106.477 46.8406 10
    endloop
  endfacet
  facet normal 0 0 1
    outer loop
      vertex 99.4795 46.6688 10
      vertex 106.477 46.8406 10
      vertex 106.41 48.6801 10
    endloop
  endfacet
  facet normal 0 0 1
    outer loop
      vertex 106.5 45 10
      vertex 99.5 45 10
      vertex 106.477 43.1594 10
    endloop
  endfacet
  facet normal 0 0 1
    outer loop
      vertex 99.4181 48.3366 10
      vertex 106.41 48.6801 10
      vertex 106.297 50.5173 10
    endloop
  endfacet
  facet normal -0 0 1
    outer loop
      vertex 99.4795 43.3312 10
      vertex 106.477 43.1594 10
      vertex 99.5 45 10
    endloop
  endfacet
  facet normal 0 0 1
    outer loop
      vertex 99.3158 50.0024 10
      vertex 106.297 50.5173 10
      vertex 106.139 52.3513 10
    endloop
  endfacet
  facet normal 0 0 1
    outer loop
      vertex 106.477 43.1594 10
      vertex 99.4795 43.3312 10
      vertex 106.41 41.3199 10
    endloop
  endfacet
  facet normal 0 0 1
    outer loop
      vertex 99.1726 51.6652 10
      vertex 106.139 52.3513 10
      vertex 105.936 54.1808 10
    endloop
  endfacet
  facet normal -0 0 1
    outer loop
      vertex 99.4181 41.6634 10
      vertex 106.41 41.3199 10
      vertex 99.4795 43.3312 10
    endloop
  endfacet
  facet normal 0 0 1
    outer loop
      vertex 98.9886 53.3239 10
      vertex 105.936 54.1808 10
      vertex 105.688 56.0048 10
    endloop
  endfacet
  facet normal 0 0 1
    outer loop
      vertex 106.41 41.3199 10
      vertex 99.4181 41.6634 10
      vertex 106.297 39.4827 10
    endloop
  endfacet
  facet normal 0 0 1
    outer loop
      vertex 98.764 54.9777 10
      vertex 105.688 56.0048 10
      vertex 105.396 57.8221 10
    endloop
  endfacet
  facet normal -0 0 1
    outer loop
      vertex 99.3158 39.9976 10
      vertex 106.297 39.4827 10
      vertex 99.4181 41.6634 10
    endloop
  endfacet
  facet normal 0 0 1
    outer loop
      vertex 98.4989 56.6254 10
      vertex 105.396 57.8221 10
      vertex 105.059 59.6318 10
    endloop
  endfacet
  facet normal 0 0 1
    outer loop
      vertex 106.297 39.4827 10
      vertex 99.3158 39.9976 10
      vertex 106.139 37.6487 10
    endloop
  endfacet
  facet normal 0 0 1
    outer loop
      vertex 98 59.1797 10
      vertex 105.059 59.6318 10
      vertex 104.678 61.4326 10
    endloop
  endfacet
  facet normal -0 0 1
    outer loop
      vertex 99.1726 38.3348 10
      vertex 106.139 37.6487 10
      vertex 99.3158 39.9976 10
    endloop
  endfacet
  facet normal 0 0 1
    outer loop
      vertex 98 59.1797 10
      vertex 104.678 61.4326 10
      vertex 104.252 63.2235 10
    endloop
  endfacet
  facet normal 0 0 1
    outer loop
      vertex 106.139 37.6487 10
      vertex 99.1726 38.3348 10
      vertex 105.936 35.8192 10
    endloop
  endfacet
  facet normal 0 0 1
    outer loop
      vertex 98 59.1797 10
      vertex 104.252 63.2235 10
      vertex 103.783 65.0035 10
    endloop
  endfacet
  facet normal -0 0 1
    outer loop
      vertex 98.9886 36.6761 10
      vertex 105.936 35.8192 10
      vertex 99.1726 38.3348 10
    endloop
  endfacet
  facet normal 0 0 1
    outer loop
      vertex 95.6655 67.5 10
      vertex 103.783 65.0035 10
      vertex 103.271 66.7713 10
    endloop
  endfacet
  facet normal 0 0 1
    outer loop
      vertex 105.936 35.8192 10
      vertex 98.9886 36.6761 10
      vertex 105.688 33.9952 10
    endloop
  endfacet
  facet normal -0 0 1
    outer loop
      vertex 95.6655 67.5 10
      vertex 103.271 66.7713 10
      vertex 102.715 68.5261 10
    endloop
  endfacet
  facet normal -0 0 1
    outer loop
      vertex 98.764 35.0223 10
      vertex 105.688 33.9952 10
      vertex 98.9886 36.6761 10
    endloop
  endfacet
  facet normal 0 0 1
    outer loop
      vertex 95.6655 67.5 10
      vertex 102.715 68.5261 10
      vertex 102.116 70.2667 10
    endloop
  endfacet
  facet normal 0 0 1
    outer loop
      vertex 105.688 33.9952 10
      vertex 98.764 35.0223 10
      vertex 105.396 32.1779 10
    endloop
  endfacet
  facet normal 0 0 1
    outer loop
      vertex 95.525 67.9085 10
      vertex 102.116 70.2667 10
      vertex 101.474 71.9921 10
    endloop
  endfacet
  facet normal -0 0 1
    outer loop
      vertex 98.4989 33.3746 10
      vertex 105.396 32.1779 10
      vertex 98.764 35.0223 10
    endloop
  endfacet
  facet normal 0 0 1
    outer loop
      vertex 95.525 67.9085 10
      vertex 101.474 71.9921 10
      vertex 100.791 73.7013 10
    endloop
  endfacet
  facet normal 0 0 1
    outer loop
      vertex 105.396 32.1779 10
      vertex 98.4989 33.3746 10
      vertex 105.059 30.3682 10
    endloop
  endfacet
  facet normal 0 0 1
    outer loop
      vertex 95.525 67.9085 10
      vertex 100.791 73.7013 10
      vertex 100.066 75.3931 10
    endloop
  endfacet
  facet normal -0 0 1
    outer loop
      vertex 98.1934 31.7339 10
      vertex 105.059 30.3682 10
      vertex 98.4989 33.3746 10
    endloop
  endfacet
  facet normal -0 0 1
    outer loop
      vertex 98 30.8203 10
      vertex 105.059 30.3682 10
      vertex 98.1934 31.7339 10
    endloop
  endfacet
  facet normal 0 0 1
    outer loop
      vertex 106.477 46.8406 10
      vertex 99.4795 46.6688 10
      vertex 99.5 45 10
    endloop
  endfacet
  facet normal 0 0 1
    outer loop
      vertex 106.41 48.6801 10
      vertex 99.4181 48.3366 10
      vertex 99.4795 46.6688 10
    endloop
  endfacet
  facet normal 0 0 1
    outer loop
      vertex 106.297 50.5173 10
      vertex 99.3158 50.0024 10
      vertex 99.4181 48.3366 10
    endloop
  endfacet
  facet normal 0 0 1
    outer loop
      vertex 95.525 67.9085 10
      vertex 100.066 75.3931 10
      vertex 99.2992 77.0666 10
    endloop
  endfacet
  facet normal 0 0 1
    outer loop
      vertex 106.139 52.3513 10
      vertex 99.1726 51.6652 10
      vertex 99.3158 50.0024 10
    endloop
  endfacet
  facet normal 0 0 1
    outer loop
      vertex 105.936 54.1808 10
      vertex 98.9886 53.3239 10
      vertex 99.1726 51.6652 10
    endloop
  endfacet
  facet normal 0 0 1
    outer loop
      vertex 105.688 56.0048 10
      vertex 98.764 54.9777 10
      vertex 98.9886 53.3239 10
    endloop
  endfacet
  facet normal 0 0 1
    outer loop
      vertex 105.396 57.8221 10
      vertex 98.4989 56.6254 10
      vertex 98.764 54.9777 10
    endloop
  endfacet
  facet normal 0 0 1
    outer loop
      vertex 95.525 67.9085 10
      vertex 99.2992 77.0666 10
      vertex 98.4918 78.7208 10
    endloop
  endfacet
  facet normal 0 0 1
    outer loop
      vertex 105.059 59.6318 10
      vertex 98.1934 58.2661 10
      vertex 98.4989 56.6254 10
    endloop
  endfacet
  facet normal 0 0 1
    outer loop
      vertex 105.059 59.6318 10
      vertex 98 59.1797 10
      vertex 98.1934 58.2661 10
    endloop
  endfacet
  facet normal 0 0 1
    outer loop
      vertex 94.5 67.5 10
      vertex 98 30.8203 10
      vertex 98 59.1797 10
    endloop
  endfacet
  facet normal 0 0 1
    outer loop
      vertex 94.5 -4.5 10
      vertex 98 30.8203 10
      vertex 94.5 67.5 10
    endloop
  endfacet
  facet normal 0 0 1
    outer loop
      vertex 95.525 67.9085 10
      vertex 98.4918 78.7208 10
      vertex 97.6441 80.3548 10
    endloop
  endfacet
  facet normal 0 0 1
    outer loop
      vertex 103.783 65.0035 10
      vertex 95.6655 67.5 10
      vertex 98 59.1797 10
    endloop
  endfacet
  facet normal 0 0 1
    outer loop
      vertex 95.525 67.9085 10
      vertex 97.6441 80.3548 10
      vertex 96.7565 81.9674 10
    endloop
  endfacet
  facet normal 0 0 1
    outer loop
      vertex 90.6659 78.5171 10
      vertex 96.7565 81.9674 10
      vertex 95.8296 83.5577 10
    endloop
  endfacet
  facet normal -0 0 1
    outer loop
      vertex 94.5 67.5 10
      vertex 98 59.1797 10
      vertex 95.6655 67.5 10
    endloop
  endfacet
  facet normal 0 0 1
    outer loop
      vertex 98 30.8203 10
      vertex 94.5 -4.5 10
      vertex 98 10.3312 10
    endloop
  endfacet
  facet normal 0 0 1
    outer loop
      vertex 98 10.3312 10
      vertex 94.5 -4.5 10
      vertex 98 -4.5 10
    endloop
  endfacet
  facet normal 0 0 1
    outer loop
      vertex 105.059 30.3682 10
      vertex 98 30.8203 10
      vertex 104.678 28.5674 10
    endloop
  endfacet
  facet normal 0 0 1
    outer loop
      vertex 104.678 28.5674 10
      vertex 98 30.8203 10
      vertex 104.252 26.7765 10
    endloop
  endfacet
  facet normal 0 0 1
    outer loop
      vertex 104.252 26.7765 10
      vertex 98 30.8203 10
      vertex 103.783 24.9965 10
    endloop
  endfacet
  facet normal 0 0 1
    outer loop
      vertex 103.783 24.9965 10
      vertex 98 30.8203 10
      vertex 103.271 23.2286 10
    endloop
  endfacet
  facet normal 0 0 1
    outer loop
      vertex 103.271 23.2286 10
      vertex 98 30.8203 10
      vertex 102.715 21.4739 10
    endloop
  endfacet
  facet normal 0 0 1
    outer loop
      vertex 102.715 21.4739 10
      vertex 98 30.8203 10
      vertex 102.116 19.7333 10
    endloop
  endfacet
  facet normal 0 0 1
    outer loop
      vertex 102.116 19.7333 10
      vertex 98 30.8203 10
      vertex 101.474 18.0079 10
    endloop
  endfacet
  facet normal 0 0 1
    outer loop
      vertex 101.474 18.0079 10
      vertex 98 30.8203 10
      vertex 100.791 16.2987 10
    endloop
  endfacet
  facet normal 0 0 1
    outer loop
      vertex 100.791 16.2987 10
      vertex 98 30.8203 10
      vertex 100.066 14.6069 10
    endloop
  endfacet
  facet normal 0 0 1
    outer loop
      vertex 100.066 14.6069 10
      vertex 98 30.8203 10
      vertex 99.2992 12.9334 10
    endloop
  endfacet
  facet normal 0 0 1
    outer loop
      vertex 99.2992 12.9334 10
      vertex 98 30.8203 10
      vertex 98.4918 11.2792 10
    endloop
  endfacet
  facet normal 0 0 1
    outer loop
      vertex 98.4918 11.2792 10
      vertex 98 30.8203 10
      vertex 98 10.3312 10
    endloop
  endfacet
  facet normal 0 0 1
    outer loop
      vertex 94.5 67.5 10
      vertex 91 64 10
      vertex 91 12.0899 10
    endloop
  endfacet
  facet normal -0 0 1
    outer loop
      vertex 91 -0.650788 10
      vertex 94.5 -4.5 10
      vertex 91 12.0899 10
    endloop
  endfacet
  facet normal -0 0 1
    outer loop
      vertex 91 -1 10
      vertex 94.5 -4.5 10
      vertex 91 -0.650788 10
    endloop
  endfacet
  facet normal -0 0 1
    outer loop
      vertex 90.7343 -1 10
      vertex 94.5 -4.5 10
      vertex 91 -1 10
    endloop
  endfacet
  facet normal 0 0 1
    outer loop
      vertex 84.5652 -8 10
      vertex 94.5 -4.5 10
      vertex 90.7343 -1 10
    endloop
  endfacet
  facet normal -0 0 1
    outer loop
      vertex 88.95 8.62016 10
      vertex 91 -0.650788 10
      vertex 89.8255 10.041 10
    endloop
  endfacet
  facet normal -0 0 1
    outer loop
      vertex 88.0399 7.22122 10
      vertex 91 -0.650788 10
      vertex 88.95 8.62016 10
    endloop
  endfacet
  facet normal -0 0 1
    outer loop
      vertex 87.0958 5.84504 10
      vertex 91 -0.650788 10
      vertex 88.0399 7.22122 10
    endloop
  endfacet
  facet normal -0 0 1
    outer loop
      vertex 86.1181 4.49245 10
      vertex 91 -0.650788 10
      vertex 87.0958 5.84504 10
    endloop
  endfacet
  facet normal -0 0 1
    outer loop
      vertex 85.1076 3.16425 10
      vertex 91 -0.650788 10
      vertex 86.1181 4.49245 10
    endloop
  endfacet
  facet normal 0 0 1
    outer loop
      vertex 91 -0.650788 10
      vertex 85.1076 3.16425 10
      vertex 90.7343 -1 10
    endloop
  endfacet
  facet normal -0 0 1
    outer loop
      vertex 84.0647 1.86126 10
      vertex 90.7343 -1 10
      vertex 85.1076 3.16425 10
    endloop
  endfacet
  facet normal -0 0 1
    outer loop
      vertex 82.9902 0.584248 10
      vertex 90.7343 -1 10
      vertex 84.0647 1.86126 10
    endloop
  endfacet
  facet normal 0 0 1
    outer loop
      vertex 94.5 -4.5 10
      vertex 84.5652 -8 10
      vertex 94.5 -8 10
    endloop
  endfacet
  facet normal 0 0 1
    outer loop
      vertex 90.7343 -1 10
      vertex 82.9902 0.584248 10
      vertex 84.5652 -8 10
    endloop
  endfacet
  facet normal -0 0 1
    outer loop
      vertex 81.8847 -0.666008 10
      vertex 84.5652 -8 10
      vertex 82.9902 0.584248 10
    endloop
  endfacet
  facet normal -0 0 1
    outer loop
      vertex 81.5744 -1 10
      vertex 84.5652 -8 10
      vertex 81.8847 -0.666008 10
    endloop
  endfacet
  facet normal 0 0 1
    outer loop
      vertex 84.5652 -8 10
      vertex 81.5744 -1 10
      vertex 84.533 -8.03301 10
    endloop
  endfacet
  facet normal 0 0 1
    outer loop
      vertex 84.533 -8.03301 10
      vertex 81.5744 -1 10
      vertex 83.2155 -9.31853 10
    endloop
  endfacet
  facet normal -0 0 1
    outer loop
      vertex 74.0949 -8 10
      vertex 83.2155 -9.31853 10
      vertex 81.5744 -1 10
    endloop
  endfacet
  facet normal 0 0 1
    outer loop
      vertex 83.2155 -9.31853 10
      vertex 74.0949 -8 10
      vertex 81.8669 -10.5713 10
    endloop
  endfacet
  facet normal 0 0 1
    outer loop
      vertex 81.8669 -10.5713 10
      vertex 74.0949 -8 10
      vertex 80.488 -11.7907 10
    endloop
  endfacet
  facet normal 0 0 1
    outer loop
      vertex 80.488 -11.7907 10
      vertex 74.0949 -8 10
      vertex 79.0795 -12.9758 10
    endloop
  endfacet
  facet normal 0 0 1
    outer loop
      vertex 79.0795 -12.9758 10
      vertex 74.0949 -8 10
      vertex 77.6424 -14.126 10
    endloop
  endfacet
  facet normal -0 0 1
    outer loop
      vertex 73.3357 -8.60756 10
      vertex 77.6424 -14.126 10
      vertex 74.0949 -8 10
    endloop
  endfacet
  facet normal 0 0 1
    outer loop
      vertex 77.6424 -14.126 10
      vertex 73.3357 -8.60756 10
      vertex 76.1774 -15.2406 10
    endloop
  endfacet
  facet normal -0 0 1
    outer loop
      vertex -1 -1 10
      vertex 74.0949 -8 10
      vertex 81.5744 -1 10
    endloop
  endfacet
  facet normal -0 0 1
    outer loop
      vertex -8 67.5 10
      vertex -1 64 10
      vertex -4.5 67.5 10
    endloop
  endfacet
  facet normal 0 0 1
    outer loop
      vertex -1 64 10
      vertex -8 67.5 10
      vertex -1 -1 10
    endloop
  endfacet
  facet normal 0 0 1
    outer loop
      vertex -4.5 -8 10
      vertex -1 -1 10
      vertex -4.5 -4.5 10
    endloop
  endfacet
  facet normal 0 0 1
    outer loop
      vertex -1 -1 10
      vertex -4.5 -8 10
      vertex 74.0949 -8 10
    endloop
  endfacet
  facet normal 0 0 -1
    outer loop
      vertex -8 67.5 0
      vertex -1 64 0
      vertex -8 -4.5 0
    endloop
  endfacet
  facet normal 0 0 -1
    outer loop
      vertex -1 64 0
      vertex -8 67.5 0
      vertex -4.5 67.5 0
    endloop
  endfacet
  facet normal 0 0 -1
    outer loop
      vertex 77.6424 -14.126 0
      vertex 73.3357 -8.60756 0
      vertex 74.0949 -8 0
    endloop
  endfacet
  facet normal 0 0 -1
    outer loop
      vertex 70.655 -10.5958 0
      vertex 74.6856 -16.3189 0
      vertex 73.1678 -17.3602 0
    endloop
  endfacet
  facet normal 0 0 -1
    outer loop
      vertex 76.1774 -15.2406 0
      vertex 72.0076 -9.61811 0
      vertex 73.3357 -8.60756 0
    endloop
  endfacet
  facet normal 0 0 -1
    outer loop
      vertex 69.2788 -11.5399 0
      vertex 73.1678 -17.3602 0
      vertex 71.6248 -18.364 0
    endloop
  endfacet
  facet normal 0 0 -1
    outer loop
      vertex 74.6856 -16.3189 0
      vertex 70.655 -10.5958 0
      vertex 72.0076 -9.61811 0
    endloop
  endfacet
  facet normal 0 0 -1
    outer loop
      vertex 67.8798 -12.45 0
      vertex 71.6248 -18.364 0
      vertex 70.0577 -19.3296 0
    endloop
  endfacet
  facet normal 0 0 -1
    outer loop
      vertex 73.1678 -17.3602 0
      vertex 69.2788 -11.5399 0
      vertex 70.655 -10.5958 0
    endloop
  endfacet
  facet normal 0 0 -1
    outer loop
      vertex 66.459 -13.3255 0
      vertex 70.0577 -19.3296 0
      vertex 68.4674 -20.2565 0
    endloop
  endfacet
  facet normal 0 0 -1
    outer loop
      vertex 71.6248 -18.364 0
      vertex 67.8798 -12.45 0
      vertex 69.2788 -11.5399 0
    endloop
  endfacet
  facet normal 0 0 -1
    outer loop
      vertex 65.0171 -14.1659 0
      vertex 68.4674 -20.2565 0
      vertex 66.8548 -21.1441 0
    endloop
  endfacet
  facet normal 0 0 -1
    outer loop
      vertex 70.0577 -19.3296 0
      vertex 66.459 -13.3255 0
      vertex 67.8798 -12.45 0
    endloop
  endfacet
  facet normal 0 0 -1
    outer loop
      vertex 63.555 -14.9706 0
      vertex 66.8548 -21.1441 0
      vertex 65.2208 -21.9918 0
    endloop
  endfacet
  facet normal 0 0 -1
    outer loop
      vertex 68.4674 -20.2565 0
      vertex 65.0171 -14.1659 0
      vertex 66.459 -13.3255 0
    endloop
  endfacet
  facet normal 0 0 -1
    outer loop
      vertex 62.0736 -15.7393 0
      vertex 65.2208 -21.9918 0
      vertex 63.5666 -22.7992 0
    endloop
  endfacet
  facet normal 0 0 -1
    outer loop
      vertex 66.8548 -21.1441 0
      vertex 63.555 -14.9706 0
      vertex 65.0171 -14.1659 0
    endloop
  endfacet
  facet normal 0 0 -1
    outer loop
      vertex 65.2208 -21.9918 0
      vertex 62.0736 -15.7393 0
      vertex 63.555 -14.9706 0
    endloop
  endfacet
  facet normal 0 0 -1
    outer loop
      vertex 60.5737 -16.4713 0
      vertex 63.5666 -22.7992 0
      vertex 61.8931 -23.5657 0
    endloop
  endfacet
  facet normal 0 0 -1
    outer loop
      vertex 63.5666 -22.7992 0
      vertex 60.5737 -16.4713 0
      vertex 62.0736 -15.7393 0
    endloop
  endfacet
  facet normal 0 0 -1
    outer loop
      vertex 59.0564 -17.1663 0
      vertex 61.8931 -23.5657 0
      vertex 60.2013 -24.291 0
    endloop
  endfacet
  facet normal 0 0 -1
    outer loop
      vertex 61.8931 -23.5657 0
      vertex 59.0564 -17.1663 0
      vertex 60.5737 -16.4713 0
    endloop
  endfacet
  facet normal 0 0 -1
    outer loop
      vertex 57.5225 -17.8238 0
      vertex 60.2013 -24.291 0
      vertex 58.4921 -24.9745 0
    endloop
  endfacet
  facet normal 0 0 -1
    outer loop
      vertex 60.2013 -24.291 0
      vertex 57.5225 -17.8238 0
      vertex 59.0564 -17.1663 0
    endloop
  endfacet
  facet normal 0 0 -1
    outer loop
      vertex 55.9729 -18.4435 0
      vertex 58.4921 -24.9745 0
      vertex 56.7667 -25.6158 0
    endloop
  endfacet
  facet normal 0 0 -1
    outer loop
      vertex 58.4921 -24.9745 0
      vertex 55.9729 -18.4435 0
      vertex 57.5225 -17.8238 0
    endloop
  endfacet
  facet normal 0 0 -1
    outer loop
      vertex 54.4085 -19.025 0
      vertex 56.7667 -25.6158 0
      vertex 55.0261 -26.2146 0
    endloop
  endfacet
  facet normal 0 0 -1
    outer loop
      vertex 56.7667 -25.6158 0
      vertex 54.4085 -19.025 0
      vertex 55.9729 -18.4435 0
    endloop
  endfacet
  facet normal 0 0 -1
    outer loop
      vertex 52.8304 -19.5679 0
      vertex 55.0261 -26.2146 0
      vertex 53.2714 -26.7705 0
    endloop
  endfacet
  facet normal 0 0 -1
    outer loop
      vertex 55.0261 -26.2146 0
      vertex 52.8304 -19.5679 0
      vertex 54.4085 -19.025 0
    endloop
  endfacet
  facet normal 0 0 -1
    outer loop
      vertex 51.2394 -20.0719 0
      vertex 53.2714 -26.7705 0
      vertex 51.5035 -27.2832 0
    endloop
  endfacet
  facet normal 0 0 -1
    outer loop
      vertex 53.2714 -26.7705 0
      vertex 51.2394 -20.0719 0
      vertex 52.8304 -19.5679 0
    endloop
  endfacet
  facet normal 0 0 -1
    outer loop
      vertex 49.6365 -20.5368 0
      vertex 51.5035 -27.2832 0
      vertex 49.7235 -27.7523 0
    endloop
  endfacet
  facet normal 0 0 -1
    outer loop
      vertex 51.5035 -27.2832 0
      vertex 49.6365 -20.5368 0
      vertex 51.2394 -20.0719 0
    endloop
  endfacet
  facet normal 0 0 -1
    outer loop
      vertex 49.7235 -27.7523 0
      vertex 48.0227 -20.9621 0
      vertex 49.6365 -20.5368 0
    endloop
  endfacet
  facet normal 0 0 -1
    outer loop
      vertex 47.9326 -28.1777 0
      vertex 48.0227 -20.9621 0
      vertex 49.7235 -27.7523 0
    endloop
  endfacet
  facet normal 0 0 -1
    outer loop
      vertex 47.9326 -28.1777 0
      vertex 46.3989 -21.3477 0
      vertex 48.0227 -20.9621 0
    endloop
  endfacet
  facet normal 0 0 -1
    outer loop
      vertex 46.1318 -28.5589 0
      vertex 46.3989 -21.3477 0
      vertex 47.9326 -28.1777 0
    endloop
  endfacet
  facet normal 0 0 -1
    outer loop
      vertex 46.1318 -28.5589 0
      vertex 44.7661 -21.6934 0
      vertex 46.3989 -21.3477 0
    endloop
  endfacet
  facet normal 0 0 -1
    outer loop
      vertex 44.3221 -28.8958 0
      vertex 44.7661 -21.6934 0
      vertex 46.1318 -28.5589 0
    endloop
  endfacet
  facet normal 0 0 -1
    outer loop
      vertex 44.3221 -28.8958 0
      vertex 43.1254 -21.9989 0
      vertex 44.7661 -21.6934 0
    endloop
  endfacet
  facet normal 0 0 -1
    outer loop
      vertex 42.5048 -29.1882 0
      vertex 43.1254 -21.9989 0
      vertex 44.3221 -28.8958 0
    endloop
  endfacet
  facet normal 0 0 -1
    outer loop
      vertex 42.5048 -29.1882 0
      vertex 41.4777 -22.264 0
      vertex 43.1254 -21.9989 0
    endloop
  endfacet
  facet normal 0 0 -1
    outer loop
      vertex 40.6808 -29.436 0
      vertex 41.4777 -22.264 0
      vertex 42.5048 -29.1882 0
    endloop
  endfacet
  facet normal 0 0 -1
    outer loop
      vertex 40.6808 -29.436 0
      vertex 39.8239 -22.4886 0
      vertex 41.4777 -22.264 0
    endloop
  endfacet
  facet normal 0 0 -1
    outer loop
      vertex 38.8513 -29.6389 0
      vertex 39.8239 -22.4886 0
      vertex 40.6808 -29.436 0
    endloop
  endfacet
  facet normal 0 0 -1
    outer loop
      vertex 38.8513 -29.6389 0
      vertex 38.1652 -22.6726 0
      vertex 39.8239 -22.4886 0
    endloop
  endfacet
  facet normal 0 0 -1
    outer loop
      vertex 37.0173 -29.7968 0
      vertex 38.1652 -22.6726 0
      vertex 38.8513 -29.6389 0
    endloop
  endfacet
  facet normal 0 0 -1
    outer loop
      vertex 37.0173 -29.7968 0
      vertex 36.5024 -22.8158 0
      vertex 38.1652 -22.6726 0
    endloop
  endfacet
  facet normal 0 0 -1
    outer loop
      vertex 35.1801 -29.9097 0
      vertex 36.5024 -22.8158 0
      vertex 37.0173 -29.7968 0
    endloop
  endfacet
  facet normal 0 0 -1
    outer loop
      vertex 35.1801 -29.9097 0
      vertex 34.8366 -22.9181 0
      vertex 36.5024 -22.8158 0
    endloop
  endfacet
  facet normal 0 0 -1
    outer loop
      vertex 33.3406 -29.9774 0
      vertex 34.8366 -22.9181 0
      vertex 35.1801 -29.9097 0
    endloop
  endfacet
  facet normal 0 0 -1
    outer loop
      vertex 33.3406 -29.9774 0
      vertex 33.1688 -22.9795 0
      vertex 34.8366 -22.9181 0
    endloop
  endfacet
  facet normal 0 0 -1
    outer loop
      vertex 31.5 -30 0
      vertex 33.1688 -22.9795 0
      vertex 33.3406 -29.9774 0
    endloop
  endfacet
  facet normal 0 0 -1
    outer loop
      vertex 31.5 -30 0
      vertex 31.5 -23 0
      vertex 33.1688 -22.9795 0
    endloop
  endfacet
  facet normal 0 0 -1
    outer loop
      vertex 31.5 -30 0
      vertex 29.8312 -22.9795 0
      vertex 31.5 -23 0
    endloop
  endfacet
  facet normal 0 0 -1
    outer loop
      vertex 29.6594 -29.9774 0
      vertex 29.8312 -22.9795 0
      vertex 31.5 -30 0
    endloop
  endfacet
  facet normal 0 0 -1
    outer loop
      vertex 29.6594 -29.9774 0
      vertex 28.1634 -22.9181 0
      vertex 29.8312 -22.9795 0
    endloop
  endfacet
  facet normal 0 0 -1
    outer loop
      vertex 27.8199 -29.9097 0
      vertex 28.1634 -22.9181 0
      vertex 29.6594 -29.9774 0
    endloop
  endfacet
  facet normal 0 0 -1
    outer loop
      vertex 27.8199 -29.9097 0
      vertex 26.4976 -22.8158 0
      vertex 28.1634 -22.9181 0
    endloop
  endfacet
  facet normal 0 0 -1
    outer loop
      vertex 25.9827 -29.7968 0
      vertex 26.4976 -22.8158 0
      vertex 27.8199 -29.9097 0
    endloop
  endfacet
  facet normal 0 0 -1
    outer loop
      vertex 25.9827 -29.7968 0
      vertex 24.8348 -22.6726 0
      vertex 26.4976 -22.8158 0
    endloop
  endfacet
  facet normal 0 0 -1
    outer loop
      vertex 24.1487 -29.6389 0
      vertex 24.8348 -22.6726 0
      vertex 25.9827 -29.7968 0
    endloop
  endfacet
  facet normal 0 0 -1
    outer loop
      vertex 24.1487 -29.6389 0
      vertex 23.1761 -22.4886 0
      vertex 24.8348 -22.6726 0
    endloop
  endfacet
  facet normal 0 0 -1
    outer loop
      vertex 22.3192 -29.436 0
      vertex 23.1761 -22.4886 0
      vertex 24.1487 -29.6389 0
    endloop
  endfacet
  facet normal 0 0 -1
    outer loop
      vertex 22.3192 -29.436 0
      vertex 21.5223 -22.264 0
      vertex 23.1761 -22.4886 0
    endloop
  endfacet
  facet normal 0 0 -1
    outer loop
      vertex 20.4952 -29.1882 0
      vertex 21.5223 -22.264 0
      vertex 22.3192 -29.436 0
    endloop
  endfacet
  facet normal 0 0 -1
    outer loop
      vertex 20.4952 -29.1882 0
      vertex 19.8746 -21.9989 0
      vertex 21.5223 -22.264 0
    endloop
  endfacet
  facet normal 0 0 -1
    outer loop
      vertex 18.6779 -28.8958 0
      vertex 19.8746 -21.9989 0
      vertex 20.4952 -29.1882 0
    endloop
  endfacet
  facet normal 0 0 -1
    outer loop
      vertex 18.6779 -28.8958 0
      vertex 18.2339 -21.6934 0
      vertex 19.8746 -21.9989 0
    endloop
  endfacet
  facet normal 0 0 -1
    outer loop
      vertex 16.8682 -28.5589 0
      vertex 18.2339 -21.6934 0
      vertex 18.6779 -28.8958 0
    endloop
  endfacet
  facet normal 0 0 -1
    outer loop
      vertex 16.8682 -28.5589 0
      vertex 16.6011 -21.3477 0
      vertex 18.2339 -21.6934 0
    endloop
  endfacet
  facet normal 0 0 -1
    outer loop
      vertex 15.0674 -28.1777 0
      vertex 16.6011 -21.3477 0
      vertex 16.8682 -28.5589 0
    endloop
  endfacet
  facet normal 0 0 -1
    outer loop
      vertex 15.0674 -28.1777 0
      vertex 14.9773 -20.9621 0
      vertex 16.6011 -21.3477 0
    endloop
  endfacet
  facet normal 0 0 -1
    outer loop
      vertex 13.2765 -27.7523 0
      vertex 14.9773 -20.9621 0
      vertex 15.0674 -28.1777 0
    endloop
  endfacet
  facet normal -0 0 -1
    outer loop
      vertex 14.9773 -20.9621 0
      vertex 13.2765 -27.7523 0
      vertex 13.3635 -20.5368 0
    endloop
  endfacet
  facet normal 0 0 -1
    outer loop
      vertex 11.4965 -27.2832 0
      vertex 13.3635 -20.5368 0
      vertex 13.2765 -27.7523 0
    endloop
  endfacet
  facet normal -0 0 -1
    outer loop
      vertex 13.3635 -20.5368 0
      vertex 11.4965 -27.2832 0
      vertex 11.7606 -20.0719 0
    endloop
  endfacet
  facet normal 0 0 -1
    outer loop
      vertex 9.72865 -26.7705 0
      vertex 11.7606 -20.0719 0
      vertex 11.4965 -27.2832 0
    endloop
  endfacet
  facet normal -0 0 -1
    outer loop
      vertex 11.7606 -20.0719 0
      vertex 9.72865 -26.7705 0
      vertex 10.1696 -19.5679 0
    endloop
  endfacet
  facet normal 0 0 -1
    outer loop
      vertex 7.97387 -26.2146 0
      vertex 10.1696 -19.5679 0
      vertex 9.72865 -26.7705 0
    endloop
  endfacet
  facet normal -0 0 -1
    outer loop
      vertex 10.1696 -19.5679 0
      vertex 7.97387 -26.2146 0
      vertex 8.59149 -19.025 0
    endloop
  endfacet
  facet normal 0 0 -1
    outer loop
      vertex 6.23326 -25.6158 0
      vertex 8.59149 -19.025 0
      vertex 7.97387 -26.2146 0
    endloop
  endfacet
  facet normal -0 0 -1
    outer loop
      vertex 8.59149 -19.025 0
      vertex 6.23326 -25.6158 0
      vertex 7.02714 -18.4435 0
    endloop
  endfacet
  facet normal 0 0 -1
    outer loop
      vertex 4.50787 -24.9745 0
      vertex 7.02714 -18.4435 0
      vertex 6.23326 -25.6158 0
    endloop
  endfacet
  facet normal -0 0 -1
    outer loop
      vertex 7.02714 -18.4435 0
      vertex 4.50787 -24.9745 0
      vertex 5.47753 -17.8238 0
    endloop
  endfacet
  facet normal 0 0 -1
    outer loop
      vertex 2.79874 -24.291 0
      vertex 5.47753 -17.8238 0
      vertex 4.50787 -24.9745 0
    endloop
  endfacet
  facet normal -0 0 -1
    outer loop
      vertex 5.47753 -17.8238 0
      vertex 2.79874 -24.291 0
      vertex 3.94359 -17.1663 0
    endloop
  endfacet
  facet normal 0 0 -1
    outer loop
      vertex 1.1069 -23.5657 0
      vertex 3.94359 -17.1663 0
      vertex 2.79874 -24.291 0
    endloop
  endfacet
  facet normal -0 0 -1
    outer loop
      vertex 3.94359 -17.1663 0
      vertex 1.1069 -23.5657 0
      vertex 2.42625 -16.4713 0
    endloop
  endfacet
  facet normal 0 0 -1
    outer loop
      vertex -0.566631 -22.7992 0
      vertex 2.42625 -16.4713 0
      vertex 1.1069 -23.5657 0
    endloop
  endfacet
  facet normal -0 0 -1
    outer loop
      vertex 2.42625 -16.4713 0
      vertex -0.566631 -22.7992 0
      vertex 0.92643 -15.7393 0
    endloop
  endfacet
  facet normal 0 0 -1
    outer loop
      vertex -2.22085 -21.9918 0
      vertex 0.92643 -15.7393 0
      vertex -0.566631 -22.7992 0
    endloop
  endfacet
  facet normal -0 0 -1
    outer loop
      vertex 0.92643 -15.7393 0
      vertex -2.22085 -21.9918 0
      vertex -0.554977 -14.9706 0
    endloop
  endfacet
  facet normal 0 0 -1
    outer loop
      vertex -3.85475 -21.1441 0
      vertex -0.554977 -14.9706 0
      vertex -2.22085 -21.9918 0
    endloop
  endfacet
  facet normal -0 0 -1
    outer loop
      vertex -0.554977 -14.9706 0
      vertex -3.85475 -21.1441 0
      vertex -2.01708 -14.1659 0
    endloop
  endfacet
  facet normal 0 0 -1
    outer loop
      vertex -5.46736 -20.2565 0
      vertex -2.01708 -14.1659 0
      vertex -3.85475 -21.1441 0
    endloop
  endfacet
  facet normal -0 0 -1
    outer loop
      vertex -2.01708 -14.1659 0
      vertex -5.46736 -20.2565 0
      vertex -3.45899 -13.3255 0
    endloop
  endfacet
  facet normal 0 0 -1
    outer loop
      vertex -7.0577 -19.3296 0
      vertex -3.45899 -13.3255 0
      vertex -5.46736 -20.2565 0
    endloop
  endfacet
  facet normal -0 0 -1
    outer loop
      vertex -3.45899 -13.3255 0
      vertex -7.0577 -19.3296 0
      vertex -4.87984 -12.45 0
    endloop
  endfacet
  facet normal 0 0 -1
    outer loop
      vertex -8.62482 -18.364 0
      vertex -4.87984 -12.45 0
      vertex -7.0577 -19.3296 0
    endloop
  endfacet
  facet normal -0 0 -1
    outer loop
      vertex -4.87984 -12.45 0
      vertex -8.62482 -18.364 0
      vertex -6.27878 -11.5399 0
    endloop
  endfacet
  facet normal 0 0 -1
    outer loop
      vertex -10.1678 -17.3602 0
      vertex -6.27878 -11.5399 0
      vertex -8.62482 -18.364 0
    endloop
  endfacet
  facet normal -0 0 -1
    outer loop
      vertex -6.27878 -11.5399 0
      vertex -10.1678 -17.3602 0
      vertex -7.65496 -10.5958 0
    endloop
  endfacet
  facet normal 0 0 -1
    outer loop
      vertex -11.6856 -16.3189 0
      vertex -7.65496 -10.5958 0
      vertex -10.1678 -17.3602 0
    endloop
  endfacet
  facet normal -0 0 -1
    outer loop
      vertex -7.65496 -10.5958 0
      vertex -11.6856 -16.3189 0
      vertex -9.00755 -9.61811 0
    endloop
  endfacet
  facet normal 0 0 -1
    outer loop
      vertex -13.1774 -15.2406 0
      vertex -9.00755 -9.61811 0
      vertex -11.6856 -16.3189 0
    endloop
  endfacet
  facet normal -0 0 -1
    outer loop
      vertex -9.00755 -9.61811 0
      vertex -13.1774 -15.2406 0
      vertex -10.3357 -8.60756 0
    endloop
  endfacet
  facet normal 0 0 -1
    outer loop
      vertex -14.6424 -14.126 0
      vertex -10.3357 -8.60756 0
      vertex -13.1774 -15.2406 0
    endloop
  endfacet
  facet normal -0 0 -1
    outer loop
      vertex -10.3357 -8.60756 0
      vertex -14.6424 -14.126 0
      vertex -11.6387 -7.56471 0
    endloop
  endfacet
  facet normal 0 0 -1
    outer loop
      vertex -16.0795 -12.9758 0
      vertex -11.6387 -7.56471 0
      vertex -14.6424 -14.126 0
    endloop
  endfacet
  facet normal -0 0 -1
    outer loop
      vertex -11.6387 -7.56471 0
      vertex -16.0795 -12.9758 0
      vertex -12.9158 -6.4902 0
    endloop
  endfacet
  facet normal 0 0 -1
    outer loop
      vertex -17.488 -11.7907 0
      vertex -12.9158 -6.4902 0
      vertex -16.0795 -12.9758 0
    endloop
  endfacet
  facet normal -0 0 -1
    outer loop
      vertex -12.9158 -6.4902 0
      vertex -17.488 -11.7907 0
      vertex -14.166 -5.38468 0
    endloop
  endfacet
  facet normal 0 0 -1
    outer loop
      vertex -18.8669 -10.5713 0
      vertex -14.166 -5.38468 0
      vertex -17.488 -11.7907 0
    endloop
  endfacet
  facet normal -0 0 -1
    outer loop
      vertex -14.166 -5.38468 0
      vertex -18.8669 -10.5713 0
      vertex -15.3888 -4.2488 0
    endloop
  endfacet
  facet normal 0 0 -1
    outer loop
      vertex -20.2155 -9.31853 0
      vertex -15.3888 -4.2488 0
      vertex -18.8669 -10.5713 0
    endloop
  endfacet
  facet normal -0 0 -1
    outer loop
      vertex -15.3888 -4.2488 0
      vertex -20.2155 -9.31853 0
      vertex -16.5833 -3.08326 0
    endloop
  endfacet
  facet normal 0 0 -1
    outer loop
      vertex -21.533 -8.03301 0
      vertex -16.5833 -3.08326 0
      vertex -20.2155 -9.31853 0
    endloop
  endfacet
  facet normal -0 0 -1
    outer loop
      vertex -16.5833 -3.08326 0
      vertex -21.533 -8.03301 0
      vertex -17.7488 -1.88876 0
    endloop
  endfacet
  facet normal 0 0 -1
    outer loop
      vertex -22.8185 -6.71554 0
      vertex -17.7488 -1.88876 0
      vertex -21.533 -8.03301 0
    endloop
  endfacet
  facet normal -0 0 -1
    outer loop
      vertex -17.7488 -1.88876 0
      vertex -22.8185 -6.71554 0
      vertex -18.8847 -0.666008 0
    endloop
  endfacet
  facet normal 0 0 -1
    outer loop
      vertex -24.0713 -5.36692 0
      vertex -18.8847 -0.666008 0
      vertex -22.8185 -6.71554 0
    endloop
  endfacet
  facet normal -0 0 -1
    outer loop
      vertex -18.8847 -0.666008 0
      vertex -24.0713 -5.36692 0
      vertex -19.9902 0.584248 0
    endloop
  endfacet
  facet normal 0 0 -1
    outer loop
      vertex -25.2907 -3.98796 0
      vertex -19.9902 0.584248 0
      vertex -24.0713 -5.36692 0
    endloop
  endfacet
  facet normal -0 0 -1
    outer loop
      vertex -19.9902 0.584248 0
      vertex -25.2907 -3.98796 0
      vertex -21.0647 1.86126 0
    endloop
  endfacet
  facet normal 0 0 -1
    outer loop
      vertex -26.4758 -2.5795 0
      vertex -21.0647 1.86126 0
      vertex -25.2907 -3.98796 0
    endloop
  endfacet
  facet normal -0 0 -1
    outer loop
      vertex -21.0647 1.86126 0
      vertex -26.4758 -2.5795 0
      vertex -22.1076 3.16425 0
    endloop
  endfacet
  facet normal 0 0 -1
    outer loop
      vertex -27.626 -1.14237 0
      vertex -22.1076 3.16425 0
      vertex -26.4758 -2.5795 0
    endloop
  endfacet
  facet normal -0 0 -1
    outer loop
      vertex -22.1076 3.16425 0
      vertex -27.626 -1.14237 0
      vertex -23.1181 4.49245 0
    endloop
  endfacet
  facet normal 0 0 -1
    outer loop
      vertex -28.7406 0.322553 0
      vertex -23.1181 4.49245 0
      vertex -27.626 -1.14237 0
    endloop
  endfacet
  facet normal -0 0 -1
    outer loop
      vertex -23.1181 4.49245 0
      vertex -28.7406 0.322553 0
      vertex -24.0958 5.84504 0
    endloop
  endfacet
  facet normal 0 0 -1
    outer loop
      vertex -29.8189 1.81439 0
      vertex -24.0958 5.84504 0
      vertex -28.7406 0.322553 0
    endloop
  endfacet
  facet normal -0 0 -1
    outer loop
      vertex -24.0958 5.84504 0
      vertex -29.8189 1.81439 0
      vertex -25.0399 7.22122 0
    endloop
  endfacet
  facet normal 0 0 -1
    outer loop
      vertex -30.8602 3.33223 0
      vertex -25.0399 7.22122 0
      vertex -29.8189 1.81439 0
    endloop
  endfacet
  facet normal -0 0 -1
    outer loop
      vertex -25.0399 7.22122 0
      vertex -30.8602 3.33223 0
      vertex -25.95 8.62016 0
    endloop
  endfacet
  facet normal 0 0 -1
    outer loop
      vertex -31.864 4.87518 0
      vertex -25.95 8.62016 0
      vertex -30.8602 3.33223 0
    endloop
  endfacet
  facet normal -0 0 -1
    outer loop
      vertex -25.95 8.62016 0
      vertex -31.864 4.87518 0
      vertex -26.8255 10.041 0
    endloop
  endfacet
  facet normal 0 0 -1
    outer loop
      vertex -32.8296 6.4423 0
      vertex -26.8255 10.041 0
      vertex -31.864 4.87518 0
    endloop
  endfacet
  facet normal -0 0 -1
    outer loop
      vertex -26.8255 10.041 0
      vertex -32.8296 6.4423 0
      vertex -27.6659 11.4829 0
    endloop
  endfacet
  facet normal 0 0 -1
    outer loop
      vertex -33.7565 8.03264 0
      vertex -27.6659 11.4829 0
      vertex -32.8296 6.4423 0
    endloop
  endfacet
  facet normal -0 0 -1
    outer loop
      vertex -27.6659 11.4829 0
      vertex -33.7565 8.03264 0
      vertex -28.4706 12.945 0
    endloop
  endfacet
  facet normal 0 0 -1
    outer loop
      vertex -34.6441 9.64525 0
      vertex -28.4706 12.945 0
      vertex -33.7565 8.03264 0
    endloop
  endfacet
  facet normal -0 0 -1
    outer loop
      vertex -28.4706 12.945 0
      vertex -34.6441 9.64525 0
      vertex -29.2393 14.4264 0
    endloop
  endfacet
  facet normal 0 0 -1
    outer loop
      vertex -35.4918 11.2792 0
      vertex -29.2393 14.4264 0
      vertex -34.6441 9.64525 0
    endloop
  endfacet
  facet normal -0 0 -1
    outer loop
      vertex -29.2393 14.4264 0
      vertex -35.4918 11.2792 0
      vertex -29.9713 15.9263 0
    endloop
  endfacet
  facet normal 0 0 -1
    outer loop
      vertex -36.2992 12.9334 0
      vertex -29.9713 15.9263 0
      vertex -35.4918 11.2792 0
    endloop
  endfacet
  facet normal -0 0 -1
    outer loop
      vertex -29.9713 15.9263 0
      vertex -36.2992 12.9334 0
      vertex -30.6663 17.4436 0
    endloop
  endfacet
  facet normal 0 0 -1
    outer loop
      vertex -37.0657 14.6069 0
      vertex -30.6663 17.4436 0
      vertex -36.2992 12.9334 0
    endloop
  endfacet
  facet normal -0 0 -1
    outer loop
      vertex -30.6663 17.4436 0
      vertex -37.0657 14.6069 0
      vertex -31.3238 18.9775 0
    endloop
  endfacet
  facet normal 0 0 -1
    outer loop
      vertex -37.791 16.2987 0
      vertex -31.3238 18.9775 0
      vertex -37.0657 14.6069 0
    endloop
  endfacet
  facet normal -0 0 -1
    outer loop
      vertex -31.3238 18.9775 0
      vertex -37.791 16.2987 0
      vertex -31.9435 20.5271 0
    endloop
  endfacet
  facet normal 0 0 -1
    outer loop
      vertex -38.4745 18.0079 0
      vertex -31.9435 20.5271 0
      vertex -37.791 16.2987 0
    endloop
  endfacet
  facet normal -0 0 -1
    outer loop
      vertex -31.9435 20.5271 0
      vertex -38.4745 18.0079 0
      vertex -32.525 22.0915 0
    endloop
  endfacet
  facet normal 0 0 -1
    outer loop
      vertex -39.1158 19.7333 0
      vertex -32.525 22.0915 0
      vertex -38.4745 18.0079 0
    endloop
  endfacet
  facet normal -0 0 -1
    outer loop
      vertex -32.525 22.0915 0
      vertex -39.1158 19.7333 0
      vertex -33.0679 23.6696 0
    endloop
  endfacet
  facet normal 0 0 -1
    outer loop
      vertex -39.7146 21.4739 0
      vertex -33.0679 23.6696 0
      vertex -39.1158 19.7333 0
    endloop
  endfacet
  facet normal -0 0 -1
    outer loop
      vertex -33.0679 23.6696 0
      vertex -39.7146 21.4739 0
      vertex -33.5719 25.2606 0
    endloop
  endfacet
  facet normal 0 0 -1
    outer loop
      vertex -40.2705 23.2286 0
      vertex -33.5719 25.2606 0
      vertex -39.7146 21.4739 0
    endloop
  endfacet
  facet normal -0 0 -1
    outer loop
      vertex -33.5719 25.2606 0
      vertex -40.2705 23.2286 0
      vertex -34.0368 26.8635 0
    endloop
  endfacet
  facet normal 0 0 -1
    outer loop
      vertex -40.7832 24.9965 0
      vertex -34.0368 26.8635 0
      vertex -40.2705 23.2286 0
    endloop
  endfacet
  facet normal -0 0 -1
    outer loop
      vertex -34.0368 26.8635 0
      vertex -40.7832 24.9965 0
      vertex -34.4621 28.4773 0
    endloop
  endfacet
  facet normal 0 0 -1
    outer loop
      vertex -41.2523 26.7765 0
      vertex -34.4621 28.4773 0
      vertex -40.7832 24.9965 0
    endloop
  endfacet
  facet normal -0 0 -1
    outer loop
      vertex -34.4621 28.4773 0
      vertex -41.2523 26.7765 0
      vertex -34.8477 30.1011 0
    endloop
  endfacet
  facet normal 0 0 -1
    outer loop
      vertex -41.6777 28.5674 0
      vertex -34.8477 30.1011 0
      vertex -41.2523 26.7765 0
    endloop
  endfacet
  facet normal -0 0 -1
    outer loop
      vertex -34.8477 30.1011 0
      vertex -41.6777 28.5674 0
      vertex -35.1934 31.7339 0
    endloop
  endfacet
  facet normal 0 0 -1
    outer loop
      vertex 85.1076 3.16425 0
      vertex 91 -0.650788 0
      vertex 90.7343 -1 0
    endloop
  endfacet
  facet normal 0 0 -1
    outer loop
      vertex 91 -0.650788 0
      vertex 90.6659 11.4829 0
      vertex 91 12.0899 0
    endloop
  endfacet
  facet normal 0 0 -1
    outer loop
      vertex 84.5652 -8 0
      vertex 94.5 -4.5 0
      vertex 94.5 -8 0
    endloop
  endfacet
  facet normal 0 0 -1
    outer loop
      vertex 94.5 -4.5 0
      vertex 91 12.0899 0
      vertex 94.5 67.5 0
    endloop
  endfacet
  facet normal 0 0 -1
    outer loop
      vertex 91 64 0
      vertex 94.5 67.5 0
      vertex 91 12.0899 0
    endloop
  endfacet
  facet normal 0 0 -1
    outer loop
      vertex 94.5 -4.5 0
      vertex 91 -1 0
      vertex 91 -0.650788 0
    endloop
  endfacet
  facet normal 0 0 -1
    outer loop
      vertex 94.5 -4.5 0
      vertex 90.7343 -1 0
      vertex 91 -1 0
    endloop
  endfacet
  facet normal 0 0 -1
    outer loop
      vertex 91 -0.650788 0
      vertex 89.8255 10.041 0
      vertex 90.6659 11.4829 0
    endloop
  endfacet
  facet normal 0 0 -1
    outer loop
      vertex 91 -0.650788 0
      vertex 88.95 8.62016 0
      vertex 89.8255 10.041 0
    endloop
  endfacet
  facet normal 0 0 -1
    outer loop
      vertex 91 -0.650788 0
      vertex 88.0399 7.22122 0
      vertex 88.95 8.62016 0
    endloop
  endfacet
  facet normal 0 0 -1
    outer loop
      vertex 91 -0.650788 0
      vertex 87.0958 5.84504 0
      vertex 88.0399 7.22122 0
    endloop
  endfacet
  facet normal 0 0 -1
    outer loop
      vertex 91 -0.650788 0
      vertex 86.1181 4.49245 0
      vertex 87.0958 5.84504 0
    endloop
  endfacet
  facet normal -0 0 -1
    outer loop
      vertex 94.5 -4.5 0
      vertex 84.5652 -8 0
      vertex 90.7343 -1 0
    endloop
  endfacet
  facet normal 0 0 -1
    outer loop
      vertex 91 -0.650788 0
      vertex 85.1076 3.16425 0
      vertex 86.1181 4.49245 0
    endloop
  endfacet
  facet normal 0 0 -1
    outer loop
      vertex 82.9902 0.584248 0
      vertex 90.7343 -1 0
      vertex 84.5652 -8 0
    endloop
  endfacet
  facet normal 0 0 -1
    outer loop
      vertex 81.5744 -1 0
      vertex 84.5652 -8 0
      vertex 84.533 -8.03301 0
    endloop
  endfacet
  facet normal 0 0 -1
    outer loop
      vertex 90.7343 -1 0
      vertex 84.0647 1.86126 0
      vertex 85.1076 3.16425 0
    endloop
  endfacet
  facet normal 0 0 -1
    outer loop
      vertex 81.5744 -1 0
      vertex 84.533 -8.03301 0
      vertex 83.2155 -9.31853 0
    endloop
  endfacet
  facet normal 0 0 -1
    outer loop
      vertex 90.7343 -1 0
      vertex 82.9902 0.584248 0
      vertex 84.0647 1.86126 0
    endloop
  endfacet
  facet normal 0 0 -1
    outer loop
      vertex 84.5652 -8 0
      vertex 81.8847 -0.666008 0
      vertex 82.9902 0.584248 0
    endloop
  endfacet
  facet normal 0 0 -1
    outer loop
      vertex 74.0949 -8 0
      vertex 83.2155 -9.31853 0
      vertex 81.8669 -10.5713 0
    endloop
  endfacet
  facet normal 0 0 -1
    outer loop
      vertex 84.5652 -8 0
      vertex 81.5744 -1 0
      vertex 81.8847 -0.666008 0
    endloop
  endfacet
  facet normal 0 0 -1
    outer loop
      vertex 74.0949 -8 0
      vertex 81.8669 -10.5713 0
      vertex 80.488 -11.7907 0
    endloop
  endfacet
  facet normal 0 0 -1
    outer loop
      vertex 74.0949 -8 0
      vertex 80.488 -11.7907 0
      vertex 79.0795 -12.9758 0
    endloop
  endfacet
  facet normal 0 0 -1
    outer loop
      vertex 74.0949 -8 0
      vertex 79.0795 -12.9758 0
      vertex 77.6424 -14.126 0
    endloop
  endfacet
  facet normal 0 0 -1
    outer loop
      vertex 73.3357 -8.60756 0
      vertex 77.6424 -14.126 0
      vertex 76.1774 -15.2406 0
    endloop
  endfacet
  facet normal 0 0 -1
    outer loop
      vertex 72.0076 -9.61811 0
      vertex 76.1774 -15.2406 0
      vertex 74.6856 -16.3189 0
    endloop
  endfacet
  facet normal 0 0 -1
    outer loop
      vertex 83.2155 -9.31853 0
      vertex 74.0949 -8 0
      vertex 81.5744 -1 0
    endloop
  endfacet
  facet normal 0 0 -1
    outer loop
      vertex 74.0949 -8 0
      vertex -1 -1 0
      vertex 81.5744 -1 0
    endloop
  endfacet
  facet normal 0 0 -1
    outer loop
      vertex -4.5 -4.5 0
      vertex -1 -1 0
      vertex -4.5 -8 0
    endloop
  endfacet
  facet normal 0 0 -1
    outer loop
      vertex -4.5 -8 0
      vertex -1 -1 0
      vertex 74.0949 -8 0
    endloop
  endfacet
  facet normal 0 0 -1
    outer loop
      vertex 94.5 -4.5 0
      vertex 98 10.3312 0
      vertex 98 -4.5 0
    endloop
  endfacet
  facet normal -0 0 -1
    outer loop
      vertex 98 10.3312 0
      vertex 94.5 -4.5 0
      vertex 98 30.8203 0
    endloop
  endfacet
  facet normal 0 0 -1
    outer loop
      vertex 94.5 67.5 0
      vertex 98 30.8203 0
      vertex 94.5 -4.5 0
    endloop
  endfacet
  facet normal 0 0 -1
    outer loop
      vertex 98 59.1797 0
      vertex 95.6655 67.5 0
      vertex 97.6441 80.3548 0
    endloop
  endfacet
  facet normal 0 0 -1
    outer loop
      vertex 95.525 67.9085 0
      vertex 97.6441 80.3548 0
      vertex 95.6655 67.5 0
    endloop
  endfacet
  facet normal 0 0 -1
    outer loop
      vertex 94.9435 69.4729 0
      vertex 97.6441 80.3548 0
      vertex 95.525 67.9085 0
    endloop
  endfacet
  facet normal 0 0 -1
    outer loop
      vertex 98 30.8203 0
      vertex 94.5 67.5 0
      vertex 98 59.1797 0
    endloop
  endfacet
  facet normal 0 0 -1
    outer loop
      vertex 98 59.1797 0
      vertex 94.5 67.5 0
      vertex 95.6655 67.5 0
    endloop
  endfacet
  facet normal 0 0 -1
    outer loop
      vertex 99.5 45 0
      vertex 106.5 45 0
      vertex 106.477 43.1594 0
    endloop
  endfacet
  facet normal 0 0 -1
    outer loop
      vertex 99.4795 43.3312 0
      vertex 106.477 43.1594 0
      vertex 106.41 41.3199 0
    endloop
  endfacet
  facet normal 0 0 -1
    outer loop
      vertex 106.5 45 0
      vertex 99.5 45 0
      vertex 106.477 46.8406 0
    endloop
  endfacet
  facet normal 0 0 -1
    outer loop
      vertex 99.4181 41.6634 0
      vertex 106.41 41.3199 0
      vertex 106.297 39.4827 0
    endloop
  endfacet
  facet normal 0 0 -1
    outer loop
      vertex 99.4795 46.6688 0
      vertex 106.477 46.8406 0
      vertex 99.5 45 0
    endloop
  endfacet
  facet normal 0 0 -1
    outer loop
      vertex 99.3158 39.9976 0
      vertex 106.297 39.4827 0
      vertex 106.139 37.6487 0
    endloop
  endfacet
  facet normal -0 0 -1
    outer loop
      vertex 106.477 46.8406 0
      vertex 99.4795 46.6688 0
      vertex 106.41 48.6801 0
    endloop
  endfacet
  facet normal 0 0 -1
    outer loop
      vertex 99.1726 38.3348 0
      vertex 106.139 37.6487 0
      vertex 105.936 35.8192 0
    endloop
  endfacet
  facet normal 0 0 -1
    outer loop
      vertex 99.4181 48.3366 0
      vertex 106.41 48.6801 0
      vertex 99.4795 46.6688 0
    endloop
  endfacet
  facet normal 0 0 -1
    outer loop
      vertex 98.9886 36.6761 0
      vertex 105.936 35.8192 0
      vertex 105.688 33.9952 0
    endloop
  endfacet
  facet normal -0 0 -1
    outer loop
      vertex 106.41 48.6801 0
      vertex 99.4181 48.3366 0
      vertex 106.297 50.5173 0
    endloop
  endfacet
  facet normal 0 0 -1
    outer loop
      vertex 98.764 35.0223 0
      vertex 105.688 33.9952 0
      vertex 105.396 32.1779 0
    endloop
  endfacet
  facet normal 0 0 -1
    outer loop
      vertex 99.3158 50.0024 0
      vertex 106.297 50.5173 0
      vertex 99.4181 48.3366 0
    endloop
  endfacet
  facet normal 0 0 -1
    outer loop
      vertex 98.4989 33.3746 0
      vertex 105.396 32.1779 0
      vertex 105.059 30.3682 0
    endloop
  endfacet
  facet normal -0 0 -1
    outer loop
      vertex 106.297 50.5173 0
      vertex 99.3158 50.0024 0
      vertex 106.139 52.3513 0
    endloop
  endfacet
  facet normal 0 0 -1
    outer loop
      vertex 98 30.8203 0
      vertex 105.059 30.3682 0
      vertex 104.678 28.5674 0
    endloop
  endfacet
  facet normal 0 0 -1
    outer loop
      vertex 99.1726 51.6652 0
      vertex 106.139 52.3513 0
      vertex 99.3158 50.0024 0
    endloop
  endfacet
  facet normal 0 0 -1
    outer loop
      vertex 98 30.8203 0
      vertex 104.678 28.5674 0
      vertex 104.252 26.7765 0
    endloop
  endfacet
  facet normal -0 0 -1
    outer loop
      vertex 106.139 52.3513 0
      vertex 99.1726 51.6652 0
      vertex 105.936 54.1808 0
    endloop
  endfacet
  facet normal 0 0 -1
    outer loop
      vertex 98 30.8203 0
      vertex 104.252 26.7765 0
      vertex 103.783 24.9965 0
    endloop
  endfacet
  facet normal 0 0 -1
    outer loop
      vertex 98.9886 53.3239 0
      vertex 105.936 54.1808 0
      vertex 99.1726 51.6652 0
    endloop
  endfacet
  facet normal 0 0 -1
    outer loop
      vertex 98 30.8203 0
      vertex 103.783 24.9965 0
      vertex 103.271 23.2286 0
    endloop
  endfacet
  facet normal -0 0 -1
    outer loop
      vertex 105.936 54.1808 0
      vertex 98.9886 53.3239 0
      vertex 105.688 56.0048 0
    endloop
  endfacet
  facet normal 0 0 -1
    outer loop
      vertex 98 30.8203 0
      vertex 103.271 23.2286 0
      vertex 102.715 21.4739 0
    endloop
  endfacet
  facet normal 0 0 -1
    outer loop
      vertex 98.764 54.9777 0
      vertex 105.688 56.0048 0
      vertex 98.9886 53.3239 0
    endloop
  endfacet
  facet normal 0 0 -1
    outer loop
      vertex 98 30.8203 0
      vertex 102.715 21.4739 0
      vertex 102.116 19.7333 0
    endloop
  endfacet
  facet normal -0 0 -1
    outer loop
      vertex 105.688 56.0048 0
      vertex 98.764 54.9777 0
      vertex 105.396 57.8221 0
    endloop
  endfacet
  facet normal 0 0 -1
    outer loop
      vertex 98 30.8203 0
      vertex 102.116 19.7333 0
      vertex 101.474 18.0079 0
    endloop
  endfacet
  facet normal 0 0 -1
    outer loop
      vertex 98.4989 56.6254 0
      vertex 105.396 57.8221 0
      vertex 98.764 54.9777 0
    endloop
  endfacet
  facet normal 0 0 -1
    outer loop
      vertex 98 30.8203 0
      vertex 101.474 18.0079 0
      vertex 100.791 16.2987 0
    endloop
  endfacet
  facet normal -0 0 -1
    outer loop
      vertex 105.396 57.8221 0
      vertex 98.4989 56.6254 0
      vertex 105.059 59.6318 0
    endloop
  endfacet
  facet normal 0 0 -1
    outer loop
      vertex 98 30.8203 0
      vertex 100.791 16.2987 0
      vertex 100.066 14.6069 0
    endloop
  endfacet
  facet normal 0 0 -1
    outer loop
      vertex 98.1934 58.2661 0
      vertex 105.059 59.6318 0
      vertex 98.4989 56.6254 0
    endloop
  endfacet
  facet normal 0 0 -1
    outer loop
      vertex 98 59.1797 0
      vertex 105.059 59.6318 0
      vertex 98.1934 58.2661 0
    endloop
  endfacet
  facet normal 0 0 -1
    outer loop
      vertex 106.477 43.1594 0
      vertex 99.4795 43.3312 0
      vertex 99.5 45 0
    endloop
  endfacet
  facet normal 0 0 -1
    outer loop
      vertex 106.41 41.3199 0
      vertex 99.4181 41.6634 0
      vertex 99.4795 43.3312 0
    endloop
  endfacet
  facet normal 0 0 -1
    outer loop
      vertex 106.297 39.4827 0
      vertex 99.3158 39.9976 0
      vertex 99.4181 41.6634 0
    endloop
  endfacet
  facet normal 0 0 -1
    outer loop
      vertex 98 30.8203 0
      vertex 100.066 14.6069 0
      vertex 99.2992 12.9334 0
    endloop
  endfacet
  facet normal 0 0 -1
    outer loop
      vertex 106.139 37.6487 0
      vertex 99.1726 38.3348 0
      vertex 99.3158 39.9976 0
    endloop
  endfacet
  facet normal 0 0 -1
    outer loop
      vertex 105.936 35.8192 0
      vertex 98.9886 36.6761 0
      vertex 99.1726 38.3348 0
    endloop
  endfacet
  facet normal 0 0 -1
    outer loop
      vertex 105.688 33.9952 0
      vertex 98.764 35.0223 0
      vertex 98.9886 36.6761 0
    endloop
  endfacet
  facet normal 0 0 -1
    outer loop
      vertex 105.396 32.1779 0
      vertex 98.4989 33.3746 0
      vertex 98.764 35.0223 0
    endloop
  endfacet
  facet normal 0 0 -1
    outer loop
      vertex 98 30.8203 0
      vertex 99.2992 12.9334 0
      vertex 98.4918 11.2792 0
    endloop
  endfacet
  facet normal 0 0 -1
    outer loop
      vertex 105.059 30.3682 0
      vertex 98.1934 31.7339 0
      vertex 98.4989 33.3746 0
    endloop
  endfacet
  facet normal 0 0 -1
    outer loop
      vertex 98 30.8203 0
      vertex 98.4918 11.2792 0
      vertex 98 10.3312 0
    endloop
  endfacet
  facet normal 0 0 -1
    outer loop
      vertex 105.059 30.3682 0
      vertex 98 30.8203 0
      vertex 98.1934 31.7339 0
    endloop
  endfacet
  facet normal -0 0 -1
    outer loop
      vertex 105.059 59.6318 0
      vertex 98 59.1797 0
      vertex 104.678 61.4326 0
    endloop
  endfacet
  facet normal -0 0 -1
    outer loop
      vertex 104.678 61.4326 0
      vertex 98 59.1797 0
      vertex 104.252 63.2235 0
    endloop
  endfacet
  facet normal -0 0 -1
    outer loop
      vertex 104.252 63.2235 0
      vertex 98 59.1797 0
      vertex 103.783 65.0035 0
    endloop
  endfacet
  facet normal -0 0 -1
    outer loop
      vertex 103.783 65.0035 0
      vertex 98 59.1797 0
      vertex 103.271 66.7713 0
    endloop
  endfacet
  facet normal -0 0 -1
    outer loop
      vertex 103.271 66.7713 0
      vertex 98 59.1797 0
      vertex 102.715 68.5261 0
    endloop
  endfacet
  facet normal -0 0 -1
    outer loop
      vertex 102.715 68.5261 0
      vertex 98 59.1797 0
      vertex 102.116 70.2667 0
    endloop
  endfacet
  facet normal -0 0 -1
    outer loop
      vertex 102.116 70.2667 0
      vertex 98 59.1797 0
      vertex 101.474 71.9921 0
    endloop
  endfacet
  facet normal -0 0 -1
    outer loop
      vertex 101.474 71.9921 0
      vertex 98 59.1797 0
      vertex 100.791 73.7013 0
    endloop
  endfacet
  facet normal -0 0 -1
    outer loop
      vertex 100.791 73.7013 0
      vertex 98 59.1797 0
      vertex 100.066 75.3931 0
    endloop
  endfacet
  facet normal -0 0 -1
    outer loop
      vertex 100.066 75.3931 0
      vertex 98 59.1797 0
      vertex 99.2992 77.0666 0
    endloop
  endfacet
  facet normal -0 0 -1
    outer loop
      vertex 99.2992 77.0666 0
      vertex 98 59.1797 0
      vertex 98.4918 78.7208 0
    endloop
  endfacet
  facet normal -0 0 -1
    outer loop
      vertex 98.4918 78.7208 0
      vertex 98 59.1797 0
      vertex 97.6441 80.3548 0
    endloop
  endfacet
  facet normal 0 0 -1
    outer loop
      vertex 94.5 70.5819 0
      vertex 97.6441 80.3548 0
      vertex 94.9435 69.4729 0
    endloop
  endfacet
  facet normal 0 0 -1
    outer loop
      vertex 94.3328 71 0
      vertex 97.6441 80.3548 0
      vertex 94.5 70.5819 0
    endloop
  endfacet
  facet normal 0 0 -1
    outer loop
      vertex 94.3238 71.0225 0
      vertex 97.6441 80.3548 0
      vertex 94.3328 71 0
    endloop
  endfacet
  facet normal 0 0 -1
    outer loop
      vertex 93.6663 72.5564 0
      vertex 97.6441 80.3548 0
      vertex 94.3238 71.0225 0
    endloop
  endfacet
  facet normal 0 0 -1
    outer loop
      vertex 92.9713 74.0737 0
      vertex 97.6441 80.3548 0
      vertex 93.6663 72.5564 0
    endloop
  endfacet
  facet normal 0 0 -1
    outer loop
      vertex 92.2393 75.5736 0
      vertex 97.6441 80.3548 0
      vertex 92.9713 74.0737 0
    endloop
  endfacet
  facet normal 0 0 -1
    outer loop
      vertex 91.4706 77.055 0
      vertex 97.6441 80.3548 0
      vertex 92.2393 75.5736 0
    endloop
  endfacet
  facet normal -0 0 -1
    outer loop
      vertex 97.6441 80.3548 0
      vertex 91.4706 77.055 0
      vertex 96.7565 81.9674 0
    endloop
  endfacet
  facet normal 0 0 -1
    outer loop
      vertex 90.6659 78.5171 0
      vertex 96.7565 81.9674 0
      vertex 91.4706 77.055 0
    endloop
  endfacet
  facet normal -0 0 -1
    outer loop
      vertex 96.7565 81.9674 0
      vertex 90.6659 78.5171 0
      vertex 95.8296 83.5577 0
    endloop
  endfacet
  facet normal 0 0 -1
    outer loop
      vertex 89.8255 79.959 0
      vertex 95.8296 83.5577 0
      vertex 90.6659 78.5171 0
    endloop
  endfacet
  facet normal -0 0 -1
    outer loop
      vertex 95.8296 83.5577 0
      vertex 89.8255 79.959 0
      vertex 94.864 85.1248 0
    endloop
  endfacet
  facet normal 0 0 -1
    outer loop
      vertex 88.95 81.3798 0
      vertex 94.864 85.1248 0
      vertex 89.8255 79.959 0
    endloop
  endfacet
  facet normal -0 0 -1
    outer loop
      vertex 94.864 85.1248 0
      vertex 88.95 81.3798 0
      vertex 93.8602 86.6678 0
    endloop
  endfacet
  facet normal 0 0 -1
    outer loop
      vertex 88.0399 82.7788 0
      vertex 93.8602 86.6678 0
      vertex 88.95 81.3798 0
    endloop
  endfacet
  facet normal -0 0 -1
    outer loop
      vertex 93.8602 86.6678 0
      vertex 88.0399 82.7788 0
      vertex 92.8189 88.1856 0
    endloop
  endfacet
  facet normal 0 0 -1
    outer loop
      vertex 87.0958 84.155 0
      vertex 92.8189 88.1856 0
      vertex 88.0399 82.7788 0
    endloop
  endfacet
  facet normal -0 0 -1
    outer loop
      vertex 92.8189 88.1856 0
      vertex 87.0958 84.155 0
      vertex 91.7406 89.6774 0
    endloop
  endfacet
  facet normal 0 0 -1
    outer loop
      vertex 86.1181 85.5076 0
      vertex 91.7406 89.6774 0
      vertex 87.0958 84.155 0
    endloop
  endfacet
  facet normal -0 0 -1
    outer loop
      vertex 91.7406 89.6774 0
      vertex 86.1181 85.5076 0
      vertex 90.626 91.1424 0
    endloop
  endfacet
  facet normal 0 0 -1
    outer loop
      vertex 85.1076 86.8357 0
      vertex 90.626 91.1424 0
      vertex 86.1181 85.5076 0
    endloop
  endfacet
  facet normal -0 0 -1
    outer loop
      vertex 90.626 91.1424 0
      vertex 85.1076 86.8357 0
      vertex 89.4758 92.5795 0
    endloop
  endfacet
  facet normal 0 0 -1
    outer loop
      vertex 84.0647 88.1387 0
      vertex 89.4758 92.5795 0
      vertex 85.1076 86.8357 0
    endloop
  endfacet
  facet normal -0 0 -1
    outer loop
      vertex 89.4758 92.5795 0
      vertex 84.0647 88.1387 0
      vertex 88.2907 93.988 0
    endloop
  endfacet
  facet normal 0 0 -1
    outer loop
      vertex 82.9902 89.4158 0
      vertex 88.2907 93.988 0
      vertex 84.0647 88.1387 0
    endloop
  endfacet
  facet normal -0 0 -1
    outer loop
      vertex 88.2907 93.988 0
      vertex 82.9902 89.4158 0
      vertex 87.0713 95.3669 0
    endloop
  endfacet
  facet normal 0 0 -1
    outer loop
      vertex 81.8847 90.666 0
      vertex 87.0713 95.3669 0
      vertex 82.9902 89.4158 0
    endloop
  endfacet
  facet normal -0 0 -1
    outer loop
      vertex 87.0713 95.3669 0
      vertex 81.8847 90.666 0
      vertex 85.8185 96.7155 0
    endloop
  endfacet
  facet normal 0 0 -1
    outer loop
      vertex 80.7488 91.8888 0
      vertex 85.8185 96.7155 0
      vertex 81.8847 90.666 0
    endloop
  endfacet
  facet normal -0 0 -1
    outer loop
      vertex 85.8185 96.7155 0
      vertex 80.7488 91.8888 0
      vertex 84.533 98.033 0
    endloop
  endfacet
  facet normal 0 0 -1
    outer loop
      vertex 79.5833 93.0833 0
      vertex 84.533 98.033 0
      vertex 80.7488 91.8888 0
    endloop
  endfacet
  facet normal -0 0 -1
    outer loop
      vertex 84.533 98.033 0
      vertex 79.5833 93.0833 0
      vertex 83.2155 99.3185 0
    endloop
  endfacet
  facet normal 0 0 -1
    outer loop
      vertex 78.3888 94.2488 0
      vertex 83.2155 99.3185 0
      vertex 79.5833 93.0833 0
    endloop
  endfacet
  facet normal -0 0 -1
    outer loop
      vertex 83.2155 99.3185 0
      vertex 78.3888 94.2488 0
      vertex 81.8669 100.571 0
    endloop
  endfacet
  facet normal 0 0 -1
    outer loop
      vertex 77.166 95.3847 0
      vertex 81.8669 100.571 0
      vertex 78.3888 94.2488 0
    endloop
  endfacet
  facet normal -0 0 -1
    outer loop
      vertex 81.8669 100.571 0
      vertex 77.166 95.3847 0
      vertex 80.488 101.791 0
    endloop
  endfacet
  facet normal 0 0 -1
    outer loop
      vertex 75.9158 96.4902 0
      vertex 80.488 101.791 0
      vertex 77.166 95.3847 0
    endloop
  endfacet
  facet normal -0 0 -1
    outer loop
      vertex 80.488 101.791 0
      vertex 75.9158 96.4902 0
      vertex 79.0795 102.976 0
    endloop
  endfacet
  facet normal 0 0 -1
    outer loop
      vertex 74.6387 97.5647 0
      vertex 79.0795 102.976 0
      vertex 75.9158 96.4902 0
    endloop
  endfacet
  facet normal -0 0 -1
    outer loop
      vertex 79.0795 102.976 0
      vertex 74.6387 97.5647 0
      vertex 77.6424 104.126 0
    endloop
  endfacet
  facet normal 0 0 -1
    outer loop
      vertex 73.3357 98.6076 0
      vertex 77.6424 104.126 0
      vertex 74.6387 97.5647 0
    endloop
  endfacet
  facet normal -0 0 -1
    outer loop
      vertex 77.6424 104.126 0
      vertex 73.3357 98.6076 0
      vertex 76.1774 105.241 0
    endloop
  endfacet
  facet normal 0 0 -1
    outer loop
      vertex 72.0076 99.6181 0
      vertex 76.1774 105.241 0
      vertex 73.3357 98.6076 0
    endloop
  endfacet
  facet normal -0 0 -1
    outer loop
      vertex 76.1774 105.241 0
      vertex 72.0076 99.6181 0
      vertex 74.6856 106.319 0
    endloop
  endfacet
  facet normal 0 0 -1
    outer loop
      vertex 70.655 100.596 0
      vertex 74.6856 106.319 0
      vertex 72.0076 99.6181 0
    endloop
  endfacet
  facet normal -0 0 -1
    outer loop
      vertex 74.6856 106.319 0
      vertex 70.655 100.596 0
      vertex 73.1678 107.36 0
    endloop
  endfacet
  facet normal 0 0 -1
    outer loop
      vertex 69.2788 101.54 0
      vertex 73.1678 107.36 0
      vertex 70.655 100.596 0
    endloop
  endfacet
  facet normal -0 0 -1
    outer loop
      vertex 73.1678 107.36 0
      vertex 69.2788 101.54 0
      vertex 71.6248 108.364 0
    endloop
  endfacet
  facet normal 0 0 -1
    outer loop
      vertex 67.8798 102.45 0
      vertex 71.6248 108.364 0
      vertex 69.2788 101.54 0
    endloop
  endfacet
  facet normal -0 0 -1
    outer loop
      vertex 71.6248 108.364 0
      vertex 67.8798 102.45 0
      vertex 70.0577 109.33 0
    endloop
  endfacet
  facet normal 0 0 -1
    outer loop
      vertex 66.459 103.326 0
      vertex 70.0577 109.33 0
      vertex 67.8798 102.45 0
    endloop
  endfacet
  facet normal -0 0 -1
    outer loop
      vertex 70.0577 109.33 0
      vertex 66.459 103.326 0
      vertex 68.4674 110.257 0
    endloop
  endfacet
  facet normal 0 0 -1
    outer loop
      vertex 65.0171 104.166 0
      vertex 68.4674 110.257 0
      vertex 66.459 103.326 0
    endloop
  endfacet
  facet normal -0 0 -1
    outer loop
      vertex 68.4674 110.257 0
      vertex 65.0171 104.166 0
      vertex 66.8548 111.144 0
    endloop
  endfacet
  facet normal 0 0 -1
    outer loop
      vertex 63.555 104.971 0
      vertex 66.8548 111.144 0
      vertex 65.0171 104.166 0
    endloop
  endfacet
  facet normal -0 0 -1
    outer loop
      vertex 66.8548 111.144 0
      vertex 63.555 104.971 0
      vertex 65.2208 111.992 0
    endloop
  endfacet
  facet normal 0 0 -1
    outer loop
      vertex 62.0736 105.739 0
      vertex 65.2208 111.992 0
      vertex 63.555 104.971 0
    endloop
  endfacet
  facet normal -0 0 -1
    outer loop
      vertex 65.2208 111.992 0
      vertex 62.0736 105.739 0
      vertex 63.5666 112.799 0
    endloop
  endfacet
  facet normal 0 0 -1
    outer loop
      vertex 60.5737 106.471 0
      vertex 63.5666 112.799 0
      vertex 62.0736 105.739 0
    endloop
  endfacet
  facet normal -0 0 -1
    outer loop
      vertex 63.5666 112.799 0
      vertex 60.5737 106.471 0
      vertex 61.8931 113.566 0
    endloop
  endfacet
  facet normal 0 0 -1
    outer loop
      vertex 59.0564 107.166 0
      vertex 61.8931 113.566 0
      vertex 60.5737 106.471 0
    endloop
  endfacet
  facet normal -0 0 -1
    outer loop
      vertex 61.8931 113.566 0
      vertex 59.0564 107.166 0
      vertex 60.2013 114.291 0
    endloop
  endfacet
  facet normal 0 0 -1
    outer loop
      vertex 57.5225 107.824 0
      vertex 60.2013 114.291 0
      vertex 59.0564 107.166 0
    endloop
  endfacet
  facet normal -0 0 -1
    outer loop
      vertex 60.2013 114.291 0
      vertex 57.5225 107.824 0
      vertex 58.4921 114.974 0
    endloop
  endfacet
  facet normal 0 0 -1
    outer loop
      vertex 55.9729 108.444 0
      vertex 58.4921 114.974 0
      vertex 57.5225 107.824 0
    endloop
  endfacet
  facet normal -0 0 -1
    outer loop
      vertex 58.4921 114.974 0
      vertex 55.9729 108.444 0
      vertex 56.7667 115.616 0
    endloop
  endfacet
  facet normal 0 0 -1
    outer loop
      vertex 54.4085 109.025 0
      vertex 56.7667 115.616 0
      vertex 55.9729 108.444 0
    endloop
  endfacet
  facet normal -0 0 -1
    outer loop
      vertex 56.7667 115.616 0
      vertex 54.4085 109.025 0
      vertex 55.0261 116.215 0
    endloop
  endfacet
  facet normal 0 0 -1
    outer loop
      vertex 52.8304 109.568 0
      vertex 55.0261 116.215 0
      vertex 54.4085 109.025 0
    endloop
  endfacet
  facet normal -0 0 -1
    outer loop
      vertex 55.0261 116.215 0
      vertex 52.8304 109.568 0
      vertex 53.2714 116.771 0
    endloop
  endfacet
  facet normal 0 0 -1
    outer loop
      vertex 51.2394 110.072 0
      vertex 53.2714 116.771 0
      vertex 52.8304 109.568 0
    endloop
  endfacet
  facet normal -0 0 -1
    outer loop
      vertex 53.2714 116.771 0
      vertex 51.2394 110.072 0
      vertex 51.5035 117.283 0
    endloop
  endfacet
  facet normal 0 0 -1
    outer loop
      vertex 49.6365 110.537 0
      vertex 51.5035 117.283 0
      vertex 51.2394 110.072 0
    endloop
  endfacet
  facet normal -0 0 -1
    outer loop
      vertex 51.5035 117.283 0
      vertex 49.6365 110.537 0
      vertex 49.7235 117.752 0
    endloop
  endfacet
  facet normal 0 0 -1
    outer loop
      vertex 48.0227 110.962 0
      vertex 49.7235 117.752 0
      vertex 49.6365 110.537 0
    endloop
  endfacet
  facet normal 0 0 -1
    outer loop
      vertex 48.0227 110.962 0
      vertex 47.9326 118.178 0
      vertex 49.7235 117.752 0
    endloop
  endfacet
  facet normal 0 0 -1
    outer loop
      vertex 46.3989 111.348 0
      vertex 47.9326 118.178 0
      vertex 48.0227 110.962 0
    endloop
  endfacet
  facet normal 0 0 -1
    outer loop
      vertex 46.3989 111.348 0
      vertex 46.1318 118.559 0
      vertex 47.9326 118.178 0
    endloop
  endfacet
  facet normal 0 0 -1
    outer loop
      vertex 44.7661 111.693 0
      vertex 46.1318 118.559 0
      vertex 46.3989 111.348 0
    endloop
  endfacet
  facet normal 0 0 -1
    outer loop
      vertex 44.7661 111.693 0
      vertex 44.3221 118.896 0
      vertex 46.1318 118.559 0
    endloop
  endfacet
  facet normal 0 0 -1
    outer loop
      vertex 43.1254 111.999 0
      vertex 44.3221 118.896 0
      vertex 44.7661 111.693 0
    endloop
  endfacet
  facet normal 0 0 -1
    outer loop
      vertex 43.1254 111.999 0
      vertex 42.5048 119.188 0
      vertex 44.3221 118.896 0
    endloop
  endfacet
  facet normal 0 0 -1
    outer loop
      vertex 41.4777 112.264 0
      vertex 42.5048 119.188 0
      vertex 43.1254 111.999 0
    endloop
  endfacet
  facet normal 0 0 -1
    outer loop
      vertex 41.4777 112.264 0
      vertex 40.6808 119.436 0
      vertex 42.5048 119.188 0
    endloop
  endfacet
  facet normal 0 0 -1
    outer loop
      vertex 39.8239 112.489 0
      vertex 40.6808 119.436 0
      vertex 41.4777 112.264 0
    endloop
  endfacet
  facet normal 0 0 -1
    outer loop
      vertex 39.8239 112.489 0
      vertex 38.8513 119.639 0
      vertex 40.6808 119.436 0
    endloop
  endfacet
  facet normal 0 0 -1
    outer loop
      vertex 38.1652 112.673 0
      vertex 38.8513 119.639 0
      vertex 39.8239 112.489 0
    endloop
  endfacet
  facet normal 0 0 -1
    outer loop
      vertex 38.1652 112.673 0
      vertex 37.0173 119.797 0
      vertex 38.8513 119.639 0
    endloop
  endfacet
  facet normal 0 0 -1
    outer loop
      vertex 36.5024 112.816 0
      vertex 37.0173 119.797 0
      vertex 38.1652 112.673 0
    endloop
  endfacet
  facet normal 0 0 -1
    outer loop
      vertex 36.5024 112.816 0
      vertex 35.1801 119.91 0
      vertex 37.0173 119.797 0
    endloop
  endfacet
  facet normal 0 0 -1
    outer loop
      vertex 34.8366 112.918 0
      vertex 35.1801 119.91 0
      vertex 36.5024 112.816 0
    endloop
  endfacet
  facet normal 0 0 -1
    outer loop
      vertex 34.8366 112.918 0
      vertex 33.3406 119.977 0
      vertex 35.1801 119.91 0
    endloop
  endfacet
  facet normal 0 0 -1
    outer loop
      vertex 33.1688 112.98 0
      vertex 33.3406 119.977 0
      vertex 34.8366 112.918 0
    endloop
  endfacet
  facet normal 0 0 -1
    outer loop
      vertex 31.5 113 0
      vertex 33.3406 119.977 0
      vertex 33.1688 112.98 0
    endloop
  endfacet
  facet normal 0 0 -1
    outer loop
      vertex 31.5 113 0
      vertex 31.5 120 0
      vertex 33.3406 119.977 0
    endloop
  endfacet
  facet normal 0 0 -1
    outer loop
      vertex 29.8312 112.98 0
      vertex 31.5 120 0
      vertex 31.5 113 0
    endloop
  endfacet
  facet normal 0 0 -1
    outer loop
      vertex 29.8312 112.98 0
      vertex 29.6594 119.977 0
      vertex 31.5 120 0
    endloop
  endfacet
  facet normal 0 0 -1
    outer loop
      vertex 28.1634 112.918 0
      vertex 29.6594 119.977 0
      vertex 29.8312 112.98 0
    endloop
  endfacet
  facet normal 0 0 -1
    outer loop
      vertex 28.1634 112.918 0
      vertex 27.8199 119.91 0
      vertex 29.6594 119.977 0
    endloop
  endfacet
  facet normal 0 0 -1
    outer loop
      vertex 26.4976 112.816 0
      vertex 27.8199 119.91 0
      vertex 28.1634 112.918 0
    endloop
  endfacet
  facet normal 0 0 -1
    outer loop
      vertex 26.4976 112.816 0
      vertex 25.9827 119.797 0
      vertex 27.8199 119.91 0
    endloop
  endfacet
  facet normal 0 0 -1
    outer loop
      vertex 24.8348 112.673 0
      vertex 25.9827 119.797 0
      vertex 26.4976 112.816 0
    endloop
  endfacet
  facet normal 0 0 -1
    outer loop
      vertex 24.8348 112.673 0
      vertex 24.1487 119.639 0
      vertex 25.9827 119.797 0
    endloop
  endfacet
  facet normal 0 0 -1
    outer loop
      vertex 23.1761 112.489 0
      vertex 24.1487 119.639 0
      vertex 24.8348 112.673 0
    endloop
  endfacet
  facet normal 0 0 -1
    outer loop
      vertex 23.1761 112.489 0
      vertex 22.3192 119.436 0
      vertex 24.1487 119.639 0
    endloop
  endfacet
  facet normal 0 0 -1
    outer loop
      vertex 21.5223 112.264 0
      vertex 22.3192 119.436 0
      vertex 23.1761 112.489 0
    endloop
  endfacet
  facet normal 0 0 -1
    outer loop
      vertex 21.5223 112.264 0
      vertex 20.4952 119.188 0
      vertex 22.3192 119.436 0
    endloop
  endfacet
  facet normal 0 0 -1
    outer loop
      vertex 19.8746 111.999 0
      vertex 20.4952 119.188 0
      vertex 21.5223 112.264 0
    endloop
  endfacet
  facet normal 0 0 -1
    outer loop
      vertex 19.8746 111.999 0
      vertex 18.6779 118.896 0
      vertex 20.4952 119.188 0
    endloop
  endfacet
  facet normal 0 0 -1
    outer loop
      vertex 18.2339 111.693 0
      vertex 18.6779 118.896 0
      vertex 19.8746 111.999 0
    endloop
  endfacet
  facet normal 0 0 -1
    outer loop
      vertex 18.2339 111.693 0
      vertex 16.8682 118.559 0
      vertex 18.6779 118.896 0
    endloop
  endfacet
  facet normal 0 0 -1
    outer loop
      vertex 16.6011 111.348 0
      vertex 16.8682 118.559 0
      vertex 18.2339 111.693 0
    endloop
  endfacet
  facet normal 0 0 -1
    outer loop
      vertex 16.6011 111.348 0
      vertex 15.0674 118.178 0
      vertex 16.8682 118.559 0
    endloop
  endfacet
  facet normal 0 0 -1
    outer loop
      vertex 14.9773 110.962 0
      vertex 15.0674 118.178 0
      vertex 16.6011 111.348 0
    endloop
  endfacet
  facet normal 0 0 -1
    outer loop
      vertex 13.2765 117.752 0
      vertex 14.9773 110.962 0
      vertex 13.3635 110.537 0
    endloop
  endfacet
  facet normal 0 0 -1
    outer loop
      vertex 14.9773 110.962 0
      vertex 13.2765 117.752 0
      vertex 15.0674 118.178 0
    endloop
  endfacet
  facet normal 0 0 -1
    outer loop
      vertex 11.4965 117.283 0
      vertex 13.3635 110.537 0
      vertex 11.7606 110.072 0
    endloop
  endfacet
  facet normal 0 0 -1
    outer loop
      vertex 13.3635 110.537 0
      vertex 11.4965 117.283 0
      vertex 13.2765 117.752 0
    endloop
  endfacet
  facet normal 0 0 -1
    outer loop
      vertex 9.72865 116.771 0
      vertex 11.7606 110.072 0
      vertex 10.1696 109.568 0
    endloop
  endfacet
  facet normal 0 0 -1
    outer loop
      vertex 11.7606 110.072 0
      vertex 9.72865 116.771 0
      vertex 11.4965 117.283 0
    endloop
  endfacet
  facet normal 0 0 -1
    outer loop
      vertex 7.97387 116.215 0
      vertex 10.1696 109.568 0
      vertex 8.59149 109.025 0
    endloop
  endfacet
  facet normal 0 0 -1
    outer loop
      vertex 10.1696 109.568 0
      vertex 7.97387 116.215 0
      vertex 9.72865 116.771 0
    endloop
  endfacet
  facet normal 0 0 -1
    outer loop
      vertex 6.23326 115.616 0
      vertex 8.59149 109.025 0
      vertex 7.02714 108.444 0
    endloop
  endfacet
  facet normal 0 0 -1
    outer loop
      vertex 8.59149 109.025 0
      vertex 6.23326 115.616 0
      vertex 7.97387 116.215 0
    endloop
  endfacet
  facet normal 0 0 -1
    outer loop
      vertex 4.50787 114.974 0
      vertex 7.02714 108.444 0
      vertex 5.47753 107.824 0
    endloop
  endfacet
  facet normal 0 0 -1
    outer loop
      vertex 7.02714 108.444 0
      vertex 4.50787 114.974 0
      vertex 6.23326 115.616 0
    endloop
  endfacet
  facet normal 0 0 -1
    outer loop
      vertex 2.79874 114.291 0
      vertex 5.47753 107.824 0
      vertex 3.94359 107.166 0
    endloop
  endfacet
  facet normal 0 0 -1
    outer loop
      vertex 5.47753 107.824 0
      vertex 2.79874 114.291 0
      vertex 4.50787 114.974 0
    endloop
  endfacet
  facet normal 0 0 -1
    outer loop
      vertex 1.1069 113.566 0
      vertex 3.94359 107.166 0
      vertex 2.42625 106.471 0
    endloop
  endfacet
  facet normal 0 0 -1
    outer loop
      vertex 3.94359 107.166 0
      vertex 1.1069 113.566 0
      vertex 2.79874 114.291 0
    endloop
  endfacet
  facet normal 0 0 -1
    outer loop
      vertex -0.566631 112.799 0
      vertex 2.42625 106.471 0
      vertex 0.92643 105.739 0
    endloop
  endfacet
  facet normal 0 0 -1
    outer loop
      vertex -2.22085 111.992 0
      vertex 0.92643 105.739 0
      vertex -0.554977 104.971 0
    endloop
  endfacet
  facet normal 0 0 -1
    outer loop
      vertex 2.42625 106.471 0
      vertex -0.566631 112.799 0
      vertex 1.1069 113.566 0
    endloop
  endfacet
  facet normal 0 0 -1
    outer loop
      vertex -3.85475 111.144 0
      vertex -0.554977 104.971 0
      vertex -2.01708 104.166 0
    endloop
  endfacet
  facet normal 0 0 -1
    outer loop
      vertex 0.92643 105.739 0
      vertex -2.22085 111.992 0
      vertex -0.566631 112.799 0
    endloop
  endfacet
  facet normal 0 0 -1
    outer loop
      vertex -5.46736 110.257 0
      vertex -2.01708 104.166 0
      vertex -3.45899 103.326 0
    endloop
  endfacet
  facet normal 0 0 -1
    outer loop
      vertex -0.554977 104.971 0
      vertex -3.85475 111.144 0
      vertex -2.22085 111.992 0
    endloop
  endfacet
  facet normal 0 0 -1
    outer loop
      vertex -7.0577 109.33 0
      vertex -3.45899 103.326 0
      vertex -4.87984 102.45 0
    endloop
  endfacet
  facet normal 0 0 -1
    outer loop
      vertex -2.01708 104.166 0
      vertex -5.46736 110.257 0
      vertex -3.85475 111.144 0
    endloop
  endfacet
  facet normal 0 0 -1
    outer loop
      vertex -8.62482 108.364 0
      vertex -4.87984 102.45 0
      vertex -6.27878 101.54 0
    endloop
  endfacet
  facet normal 0 0 -1
    outer loop
      vertex -3.45899 103.326 0
      vertex -7.0577 109.33 0
      vertex -5.46736 110.257 0
    endloop
  endfacet
  facet normal 0 0 -1
    outer loop
      vertex -10.1678 107.36 0
      vertex -6.27878 101.54 0
      vertex -7.65496 100.596 0
    endloop
  endfacet
  facet normal 0 0 -1
    outer loop
      vertex -4.87984 102.45 0
      vertex -8.62482 108.364 0
      vertex -7.0577 109.33 0
    endloop
  endfacet
  facet normal 0 0 -1
    outer loop
      vertex -11.6856 106.319 0
      vertex -7.65496 100.596 0
      vertex -9.00755 99.6181 0
    endloop
  endfacet
  facet normal 0 0 -1
    outer loop
      vertex -6.27878 101.54 0
      vertex -10.1678 107.36 0
      vertex -8.62482 108.364 0
    endloop
  endfacet
  facet normal 0 0 -1
    outer loop
      vertex -13.1774 105.241 0
      vertex -9.00755 99.6181 0
      vertex -10.3357 98.6076 0
    endloop
  endfacet
  facet normal 0 0 -1
    outer loop
      vertex -14.6424 104.126 0
      vertex -10.3357 98.6076 0
      vertex -11.6387 97.5647 0
    endloop
  endfacet
  facet normal 0 0 -1
    outer loop
      vertex -7.65496 100.596 0
      vertex -11.6856 106.319 0
      vertex -10.1678 107.36 0
    endloop
  endfacet
  facet normal 0 0 -1
    outer loop
      vertex -16.0795 102.976 0
      vertex -11.6387 97.5647 0
      vertex -12.9158 96.4902 0
    endloop
  endfacet
  facet normal 0 0 -1
    outer loop
      vertex -9.00755 99.6181 0
      vertex -13.1774 105.241 0
      vertex -11.6856 106.319 0
    endloop
  endfacet
  facet normal 0 0 -1
    outer loop
      vertex -17.488 101.791 0
      vertex -12.9158 96.4902 0
      vertex -14.166 95.3847 0
    endloop
  endfacet
  facet normal 0 0 -1
    outer loop
      vertex -10.3357 98.6076 0
      vertex -14.6424 104.126 0
      vertex -13.1774 105.241 0
    endloop
  endfacet
  facet normal 0 0 -1
    outer loop
      vertex -18.8669 100.571 0
      vertex -14.166 95.3847 0
      vertex -15.3888 94.2488 0
    endloop
  endfacet
  facet normal 0 0 -1
    outer loop
      vertex -11.6387 97.5647 0
      vertex -16.0795 102.976 0
      vertex -14.6424 104.126 0
    endloop
  endfacet
  facet normal 0 0 -1
    outer loop
      vertex -20.2155 99.3185 0
      vertex -15.3888 94.2488 0
      vertex -16.5833 93.0833 0
    endloop
  endfacet
  facet normal 0 0 -1
    outer loop
      vertex -12.9158 96.4902 0
      vertex -17.488 101.791 0
      vertex -16.0795 102.976 0
    endloop
  endfacet
  facet normal 0 0 -1
    outer loop
      vertex -21.533 98.033 0
      vertex -16.5833 93.0833 0
      vertex -17.7488 91.8888 0
    endloop
  endfacet
  facet normal 0 0 -1
    outer loop
      vertex -14.166 95.3847 0
      vertex -18.8669 100.571 0
      vertex -17.488 101.791 0
    endloop
  endfacet
  facet normal 0 0 -1
    outer loop
      vertex -22.8185 96.7155 0
      vertex -17.7488 91.8888 0
      vertex -18.8847 90.666 0
    endloop
  endfacet
  facet normal 0 0 -1
    outer loop
      vertex -24.0713 95.3669 0
      vertex -18.8847 90.666 0
      vertex -19.9902 89.4158 0
    endloop
  endfacet
  facet normal 0 0 -1
    outer loop
      vertex -15.3888 94.2488 0
      vertex -20.2155 99.3185 0
      vertex -18.8669 100.571 0
    endloop
  endfacet
  facet normal 0 0 -1
    outer loop
      vertex -25.2907 93.988 0
      vertex -19.9902 89.4158 0
      vertex -21.0647 88.1387 0
    endloop
  endfacet
  facet normal 0 0 -1
    outer loop
      vertex -16.5833 93.0833 0
      vertex -21.533 98.033 0
      vertex -20.2155 99.3185 0
    endloop
  endfacet
  facet normal 0 0 -1
    outer loop
      vertex -26.4758 92.5795 0
      vertex -21.0647 88.1387 0
      vertex -22.1076 86.8357 0
    endloop
  endfacet
  facet normal 0 0 -1
    outer loop
      vertex -17.7488 91.8888 0
      vertex -22.8185 96.7155 0
      vertex -21.533 98.033 0
    endloop
  endfacet
  facet normal 0 0 -1
    outer loop
      vertex -27.626 91.1424 0
      vertex -22.1076 86.8357 0
      vertex -23.1181 85.5076 0
    endloop
  endfacet
  facet normal 0 0 -1
    outer loop
      vertex -18.8847 90.666 0
      vertex -24.0713 95.3669 0
      vertex -22.8185 96.7155 0
    endloop
  endfacet
  facet normal 0 0 -1
    outer loop
      vertex -28.7406 89.6774 0
      vertex -23.1181 85.5076 0
      vertex -24.0958 84.155 0
    endloop
  endfacet
  facet normal 0 0 -1
    outer loop
      vertex -29.8189 88.1856 0
      vertex -24.0958 84.155 0
      vertex -25.0399 82.7788 0
    endloop
  endfacet
  facet normal 0 0 -1
    outer loop
      vertex -19.9902 89.4158 0
      vertex -25.2907 93.988 0
      vertex -24.0713 95.3669 0
    endloop
  endfacet
  facet normal 0 0 -1
    outer loop
      vertex -30.8602 86.6678 0
      vertex -25.0399 82.7788 0
      vertex -25.95 81.3798 0
    endloop
  endfacet
  facet normal 0 0 -1
    outer loop
      vertex -21.0647 88.1387 0
      vertex -26.4758 92.5795 0
      vertex -25.2907 93.988 0
    endloop
  endfacet
  facet normal 0 0 -1
    outer loop
      vertex -31.864 85.1248 0
      vertex -25.95 81.3798 0
      vertex -26.8255 79.959 0
    endloop
  endfacet
  facet normal 0 0 -1
    outer loop
      vertex -22.1076 86.8357 0
      vertex -27.626 91.1424 0
      vertex -26.4758 92.5795 0
    endloop
  endfacet
  facet normal 0 0 -1
    outer loop
      vertex -32.8296 83.5577 0
      vertex -26.8255 79.959 0
      vertex -27.6659 78.5171 0
    endloop
  endfacet
  facet normal 0 0 -1
    outer loop
      vertex -33.7565 81.9674 0
      vertex -27.6659 78.5171 0
      vertex -28.4706 77.055 0
    endloop
  endfacet
  facet normal 0 0 -1
    outer loop
      vertex -23.1181 85.5076 0
      vertex -28.7406 89.6774 0
      vertex -27.626 91.1424 0
    endloop
  endfacet
  facet normal 0 0 -1
    outer loop
      vertex -34.6441 80.3548 0
      vertex -28.4706 77.055 0
      vertex -29.2393 75.5736 0
    endloop
  endfacet
  facet normal 0 0 -1
    outer loop
      vertex -24.0958 84.155 0
      vertex -29.8189 88.1856 0
      vertex -28.7406 89.6774 0
    endloop
  endfacet
  facet normal 0 0 -1
    outer loop
      vertex -35.4918 78.7208 0
      vertex -29.2393 75.5736 0
      vertex -29.9713 74.0737 0
    endloop
  endfacet
  facet normal 0 0 -1
    outer loop
      vertex -36.2992 77.0666 0
      vertex -29.9713 74.0737 0
      vertex -30.6663 72.5564 0
    endloop
  endfacet
  facet normal 0 0 -1
    outer loop
      vertex -25.0399 82.7788 0
      vertex -30.8602 86.6678 0
      vertex -29.8189 88.1856 0
    endloop
  endfacet
  facet normal 0 0 -1
    outer loop
      vertex -37.0657 75.3931 0
      vertex -30.6663 72.5564 0
      vertex -31.3238 71.0225 0
    endloop
  endfacet
  facet normal 0 0 -1
    outer loop
      vertex -25.95 81.3798 0
      vertex -31.864 85.1248 0
      vertex -30.8602 86.6678 0
    endloop
  endfacet
  facet normal 0 0 -1
    outer loop
      vertex -37.791 73.7013 0
      vertex -31.3238 71.0225 0
      vertex -31.9435 69.4729 0
    endloop
  endfacet
  facet normal 0 0 -1
    outer loop
      vertex -38.4745 71.9921 0
      vertex -31.9435 69.4729 0
      vertex -32.525 67.9085 0
    endloop
  endfacet
  facet normal 0 0 -1
    outer loop
      vertex -26.8255 79.959 0
      vertex -32.8296 83.5577 0
      vertex -31.864 85.1248 0
    endloop
  endfacet
  facet normal 0 0 -1
    outer loop
      vertex -39.1158 70.2667 0
      vertex -32.525 67.9085 0
      vertex -33.0679 66.3304 0
    endloop
  endfacet
  facet normal 0 0 -1
    outer loop
      vertex -39.7146 68.5261 0
      vertex -33.0679 66.3304 0
      vertex -33.5719 64.7394 0
    endloop
  endfacet
  facet normal 0 0 -1
    outer loop
      vertex -27.6659 78.5171 0
      vertex -33.7565 81.9674 0
      vertex -32.8296 83.5577 0
    endloop
  endfacet
  facet normal 0 0 -1
    outer loop
      vertex -40.2705 66.7713 0
      vertex -33.5719 64.7394 0
      vertex -34.0368 63.1365 0
    endloop
  endfacet
  facet normal 0 0 -1
    outer loop
      vertex -40.7832 65.0035 0
      vertex -34.0368 63.1365 0
      vertex -34.4621 61.5227 0
    endloop
  endfacet
  facet normal 0 0 -1
    outer loop
      vertex -28.4706 77.055 0
      vertex -34.6441 80.3548 0
      vertex -33.7565 81.9674 0
    endloop
  endfacet
  facet normal 0 0 -1
    outer loop
      vertex -41.2523 63.2235 0
      vertex -34.4621 61.5227 0
      vertex -34.8477 59.8989 0
    endloop
  endfacet
  facet normal 0 0 -1
    outer loop
      vertex -41.6777 61.4326 0
      vertex -34.8477 59.8989 0
      vertex -35.1934 58.2661 0
    endloop
  endfacet
  facet normal 0 0 -1
    outer loop
      vertex -29.2393 75.5736 0
      vertex -35.4918 78.7208 0
      vertex -34.6441 80.3548 0
    endloop
  endfacet
  facet normal 0 0 -1
    outer loop
      vertex -42.0589 59.6318 0
      vertex -35.1934 58.2661 0
      vertex -35.4989 56.6254 0
    endloop
  endfacet
  facet normal 0 0 -1
    outer loop
      vertex -42.3958 57.8221 0
      vertex -35.4989 56.6254 0
      vertex -35.764 54.9777 0
    endloop
  endfacet
  facet normal 0 0 -1
    outer loop
      vertex -42.6882 56.0048 0
      vertex -35.764 54.9777 0
      vertex -35.9886 53.3239 0
    endloop
  endfacet
  facet normal 0 0 -1
    outer loop
      vertex -42.936 54.1808 0
      vertex -35.9886 53.3239 0
      vertex -36.1726 51.6652 0
    endloop
  endfacet
  facet normal 0 0 -1
    outer loop
      vertex -29.9713 74.0737 0
      vertex -36.2992 77.0666 0
      vertex -35.4918 78.7208 0
    endloop
  endfacet
  facet normal 0 0 -1
    outer loop
      vertex -43.1389 52.3513 0
      vertex -36.1726 51.6652 0
      vertex -36.3158 50.0024 0
    endloop
  endfacet
  facet normal 0 0 -1
    outer loop
      vertex -43.2968 50.5173 0
      vertex -36.3158 50.0024 0
      vertex -36.4181 48.3366 0
    endloop
  endfacet
  facet normal 0 0 -1
    outer loop
      vertex -43.4097 48.6801 0
      vertex -36.4181 48.3366 0
      vertex -36.4795 46.6688 0
    endloop
  endfacet
  facet normal 0 0 -1
    outer loop
      vertex -43.4774 46.8406 0
      vertex -36.4795 46.6688 0
      vertex -36.5 45 0
    endloop
  endfacet
  facet normal 0 0 -1
    outer loop
      vertex -42.0589 30.3682 0
      vertex -35.1934 31.7339 0
      vertex -41.6777 28.5674 0
    endloop
  endfacet
  facet normal 0 0 -1
    outer loop
      vertex -30.6663 72.5564 0
      vertex -37.0657 75.3931 0
      vertex -36.2992 77.0666 0
    endloop
  endfacet
  facet normal -0 0 -1
    outer loop
      vertex -35.1934 31.7339 0
      vertex -42.0589 30.3682 0
      vertex -35.4989 33.3746 0
    endloop
  endfacet
  facet normal 0 0 -1
    outer loop
      vertex -31.3238 71.0225 0
      vertex -37.791 73.7013 0
      vertex -37.0657 75.3931 0
    endloop
  endfacet
  facet normal 0 0 -1
    outer loop
      vertex -42.3958 32.1779 0
      vertex -35.4989 33.3746 0
      vertex -42.0589 30.3682 0
    endloop
  endfacet
  facet normal 0 0 -1
    outer loop
      vertex -31.9435 69.4729 0
      vertex -38.4745 71.9921 0
      vertex -37.791 73.7013 0
    endloop
  endfacet
  facet normal -0 0 -1
    outer loop
      vertex -35.4989 33.3746 0
      vertex -42.3958 32.1779 0
      vertex -35.764 35.0223 0
    endloop
  endfacet
  facet normal 0 0 -1
    outer loop
      vertex -32.525 67.9085 0
      vertex -39.1158 70.2667 0
      vertex -38.4745 71.9921 0
    endloop
  endfacet
  facet normal 0 0 -1
    outer loop
      vertex -42.6882 33.9952 0
      vertex -35.764 35.0223 0
      vertex -42.3958 32.1779 0
    endloop
  endfacet
  facet normal 0 0 -1
    outer loop
      vertex -33.0679 66.3304 0
      vertex -39.7146 68.5261 0
      vertex -39.1158 70.2667 0
    endloop
  endfacet
  facet normal -0 0 -1
    outer loop
      vertex -35.764 35.0223 0
      vertex -42.6882 33.9952 0
      vertex -35.9886 36.6761 0
    endloop
  endfacet
  facet normal 0 0 -1
    outer loop
      vertex -33.5719 64.7394 0
      vertex -40.2705 66.7713 0
      vertex -39.7146 68.5261 0
    endloop
  endfacet
  facet normal 0 0 -1
    outer loop
      vertex -42.936 35.8192 0
      vertex -35.9886 36.6761 0
      vertex -42.6882 33.9952 0
    endloop
  endfacet
  facet normal 0 0 -1
    outer loop
      vertex -34.0368 63.1365 0
      vertex -40.7832 65.0035 0
      vertex -40.2705 66.7713 0
    endloop
  endfacet
  facet normal -0 0 -1
    outer loop
      vertex -35.9886 36.6761 0
      vertex -42.936 35.8192 0
      vertex -36.1726 38.3348 0
    endloop
  endfacet
  facet normal 0 0 -1
    outer loop
      vertex -34.4621 61.5227 0
      vertex -41.2523 63.2235 0
      vertex -40.7832 65.0035 0
    endloop
  endfacet
  facet normal 0 0 -1
    outer loop
      vertex -43.1389 37.6487 0
      vertex -36.1726 38.3348 0
      vertex -42.936 35.8192 0
    endloop
  endfacet
  facet normal 0 0 -1
    outer loop
      vertex -34.8477 59.8989 0
      vertex -41.6777 61.4326 0
      vertex -41.2523 63.2235 0
    endloop
  endfacet
  facet normal -0 0 -1
    outer loop
      vertex -36.1726 38.3348 0
      vertex -43.1389 37.6487 0
      vertex -36.3158 39.9976 0
    endloop
  endfacet
  facet normal 0 0 -1
    outer loop
      vertex -35.1934 58.2661 0
      vertex -42.0589 59.6318 0
      vertex -41.6777 61.4326 0
    endloop
  endfacet
  facet normal 0 0 -1
    outer loop
      vertex -43.2968 39.4827 0
      vertex -36.3158 39.9976 0
      vertex -43.1389 37.6487 0
    endloop
  endfacet
  facet normal 0 0 -1
    outer loop
      vertex -35.4989 56.6254 0
      vertex -42.3958 57.8221 0
      vertex -42.0589 59.6318 0
    endloop
  endfacet
  facet normal -0 0 -1
    outer loop
      vertex -36.3158 39.9976 0
      vertex -43.2968 39.4827 0
      vertex -36.4181 41.6634 0
    endloop
  endfacet
  facet normal 0 0 -1
    outer loop
      vertex -35.764 54.9777 0
      vertex -42.6882 56.0048 0
      vertex -42.3958 57.8221 0
    endloop
  endfacet
  facet normal 0 0 -1
    outer loop
      vertex -43.4097 41.3199 0
      vertex -36.4181 41.6634 0
      vertex -43.2968 39.4827 0
    endloop
  endfacet
  facet normal 0 0 -1
    outer loop
      vertex -35.9886 53.3239 0
      vertex -42.936 54.1808 0
      vertex -42.6882 56.0048 0
    endloop
  endfacet
  facet normal -0 0 -1
    outer loop
      vertex -36.4181 41.6634 0
      vertex -43.4097 41.3199 0
      vertex -36.4795 43.3312 0
    endloop
  endfacet
  facet normal 0 0 -1
    outer loop
      vertex -36.1726 51.6652 0
      vertex -43.1389 52.3513 0
      vertex -42.936 54.1808 0
    endloop
  endfacet
  facet normal 0 0 -1
    outer loop
      vertex -43.4774 43.1594 0
      vertex -36.4795 43.3312 0
      vertex -43.4097 41.3199 0
    endloop
  endfacet
  facet normal 0 0 -1
    outer loop
      vertex -36.3158 50.0024 0
      vertex -43.2968 50.5173 0
      vertex -43.1389 52.3513 0
    endloop
  endfacet
  facet normal -0 0 -1
    outer loop
      vertex -36.4795 43.3312 0
      vertex -43.4774 43.1594 0
      vertex -36.5 45 0
    endloop
  endfacet
  facet normal 0 0 -1
    outer loop
      vertex -36.4181 48.3366 0
      vertex -43.4097 48.6801 0
      vertex -43.2968 50.5173 0
    endloop
  endfacet
  facet normal 0 0 -1
    outer loop
      vertex -43.5 45 0
      vertex -36.5 45 0
      vertex -43.4774 43.1594 0
    endloop
  endfacet
  facet normal 0 0 -1
    outer loop
      vertex -36.4795 46.6688 0
      vertex -43.4774 46.8406 0
      vertex -43.4097 48.6801 0
    endloop
  endfacet
  facet normal 0 0 -1
    outer loop
      vertex -36.5 45 0
      vertex -43.5 45 0
      vertex -43.4774 46.8406 0
    endloop
  endfacet
  facet normal 0 0 -1
    outer loop
      vertex 94.5 -4.5 0
      vertex 91 -0.650788 0
      vertex 91 12.0899 0
    endloop
  endfacet
  facet normal 0 -0 -1
    outer loop
      vertex 94.3328 71 0
      vertex 94.5 67.5 0
      vertex 91 64 0
    endloop
  endfacet
  facet normal 0 0 -1
    outer loop
      vertex 94.5 67.5 0
      vertex 94.3328 71 0
      vertex 94.5 70.5819 0
    endloop
  endfacet
  facet normal 0 0 -1
    outer loop
      vertex -1 64 0
      vertex 94.3328 71 0
      vertex 91 64 0
    endloop
  endfacet
  facet normal 0 0 -1
    outer loop
      vertex -8 -4.5 0
      vertex -1 -1 0
      vertex -4.5 -4.5 0
    endloop
  endfacet
  facet normal -0 0 -1
    outer loop
      vertex -1 -1 0
      vertex -8 -4.5 0
      vertex -1 64 0
    endloop
  endfacet
  facet normal 0 0 -1
    outer loop
      vertex -4.5 71 0
      vertex -1 64 0
      vertex -4.5 67.5 0
    endloop
  endfacet
  facet normal 0 0 -1
    outer loop
      vertex -1 64 0
      vertex -4.5 71 0
      vertex 94.3328 71 0
    endloop
  endfacet
  facet normal -1 0 0
    outer loop
      vertex -8 -4.5 0
      vertex -8 67.5 10
      vertex -8 67.5 0
    endloop
  endfacet
  facet normal -1 -0 0
    outer loop
      vertex -8 67.5 10
      vertex -8 -4.5 0
      vertex -8 -4.5 10
    endloop
  endfacet
  facet normal 0 1 -0
    outer loop
      vertex -4.5 67.5 0
      vertex -8 67.5 10
      vertex -4.5 67.5 10
    endloop
  endfacet
  facet normal 0 1 0
    outer loop
      vertex -8 67.5 10
      vertex -4.5 67.5 0
      vertex -8 67.5 0
    endloop
  endfacet
  facet normal 0 -1 0
    outer loop
      vertex -8 -4.5 0
      vertex -4.5 -4.5 10
      vertex -8 -4.5 10
    endloop
  endfacet
  facet normal 0 -1 -0
    outer loop
      vertex -4.5 -4.5 10
      vertex -8 -4.5 0
      vertex -4.5 -4.5 0
    endloop
  endfacet
  facet normal 1 -0 0
    outer loop
      vertex 94.5 -8 10
      vertex 94.5 -4.5 0
      vertex 94.5 -4.5 10
    endloop
  endfacet
  facet normal 1 0 0
    outer loop
      vertex 94.5 -4.5 0
      vertex 94.5 -8 10
      vertex 94.5 -8 0
    endloop
  endfacet
  facet normal -1 0 0
    outer loop
      vertex -4.5 -8 0
      vertex -4.5 -4.5 10
      vertex -4.5 -4.5 0
    endloop
  endfacet
  facet normal -1 -0 0
    outer loop
      vertex -4.5 -4.5 10
      vertex -4.5 -8 0
      vertex -4.5 -8 10
    endloop
  endfacet
  facet normal 0 1 -0
    outer loop
      vertex 91 -1 0
      vertex 90.7343 -1 10
      vertex 91 -1 10
    endloop
  endfacet
  facet normal 0 1 0
    outer loop
      vertex 90.7343 -1 10
      vertex 91 -1 0
      vertex 90.7343 -1 0
    endloop
  endfacet
  facet normal 0 1 -0
    outer loop
      vertex 81.5744 -1 0
      vertex -1 -1 10
      vertex 81.5744 -1 10
    endloop
  endfacet
  facet normal 0 1 0
    outer loop
      vertex -1 -1 10
      vertex 81.5744 -1 0
      vertex -1 -1 0
    endloop
  endfacet
  facet normal 0 -1 0
    outer loop
      vertex -4.5 -8 0
      vertex 74.0949 -8 10
      vertex -4.5 -8 10
    endloop
  endfacet
  facet normal 0 -1 -0
    outer loop
      vertex 74.0949 -8 10
      vertex -4.5 -8 0
      vertex 74.0949 -8 0
    endloop
  endfacet
  facet normal 0 -1 0
    outer loop
      vertex 84.5652 -8 0
      vertex 94.5 -8 10
      vertex 84.5652 -8 10
    endloop
  endfacet
  facet normal 0 -1 -0
    outer loop
      vertex 94.5 -8 10
      vertex 84.5652 -8 0
      vertex 94.5 -8 0
    endloop
  endfacet
  facet normal 1 -0 0
    outer loop
      vertex 94.5 67.5 10
      vertex 94.5 70.5819 0
      vertex 94.5 70.5819 10
    endloop
  endfacet
  facet normal 1 0 0
    outer loop
      vertex 94.5 70.5819 0
      vertex 94.5 67.5 10
      vertex 94.5 67.5 0
    endloop
  endfacet
  facet normal -1 0 0
    outer loop
      vertex -4.5 67.5 0
      vertex -4.5 71 10
      vertex -4.5 71 0
    endloop
  endfacet
  facet normal -1 -0 0
    outer loop
      vertex -4.5 71 10
      vertex -4.5 67.5 0
      vertex -4.5 67.5 10
    endloop
  endfacet
  facet normal 0 1 -0
    outer loop
      vertex 94.3328 71 0
      vertex -4.5 71 10
      vertex 94.3328 71 10
    endloop
  endfacet
  facet normal 0 1 0
    outer loop
      vertex -4.5 71 10
      vertex 94.3328 71 0
      vertex -4.5 71 0
    endloop
  endfacet
  facet normal 0 -1 0
    outer loop
      vertex -1 64 0
      vertex 91 64 10
      vertex -1 64 10
    endloop
  endfacet
  facet normal 0 -1 -0
    outer loop
      vertex 91 64 10
      vertex -1 64 0
      vertex 91 64 0
    endloop
  endfacet
  facet normal 1 -0 0
    outer loop
      vertex 98 -4.5 10
      vertex 98 10.3312 0
      vertex 98 10.3312 10
    endloop
  endfacet
  facet normal 1 0 0
    outer loop
      vertex 98 10.3312 0
      vertex 98 -4.5 10
      vertex 98 -4.5 0
    endloop
  endfacet
  facet normal 1 -0 0
    outer loop
      vertex 98 30.8203 10
      vertex 98 59.1797 0
      vertex 98 59.1797 10
    endloop
  endfacet
  facet normal 1 0 0
    outer loop
      vertex 98 59.1797 0
      vertex 98 30.8203 10
      vertex 98 30.8203 0
    endloop
  endfacet
  facet normal -1 0 0
    outer loop
      vertex 91 -1 0
      vertex 91 -0.650788 10
      vertex 91 -0.650788 0
    endloop
  endfacet
  facet normal -1 -0 0
    outer loop
      vertex 91 -0.650788 10
      vertex 91 -1 0
      vertex 91 -1 10
    endloop
  endfacet
  facet normal -1 0 0
    outer loop
      vertex 91 12.0899 0
      vertex 91 64 10
      vertex 91 64 0
    endloop
  endfacet
  facet normal -1 -0 0
    outer loop
      vertex 91 64 10
      vertex 91 12.0899 0
      vertex 91 12.0899 10
    endloop
  endfacet
  facet normal 0 1 -0
    outer loop
      vertex 95.6655 67.5 0
      vertex 94.5 67.5 10
      vertex 95.6655 67.5 10
    endloop
  endfacet
  facet normal 0 1 0
    outer loop
      vertex 94.5 67.5 10
      vertex 95.6655 67.5 0
      vertex 94.5 67.5 0
    endloop
  endfacet
  facet normal 0 -1 0
    outer loop
      vertex 94.5 -4.5 0
      vertex 98 -4.5 10
      vertex 94.5 -4.5 10
    endloop
  endfacet
  facet normal 0 -1 -0
    outer loop
      vertex 98 -4.5 10
      vertex 94.5 -4.5 0
      vertex 98 -4.5 0
    endloop
  endfacet
  facet normal -0.966984 -0.254838 0
    outer loop
      vertex -40.7832 24.9965 0
      vertex -41.2523 26.7765 10
      vertex -41.2523 26.7765 0
    endloop
  endfacet
  facet normal -0.966984 -0.254838 0
    outer loop
      vertex -41.2523 26.7765 10
      vertex -40.7832 24.9965 0
      vertex -40.7832 24.9965 10
    endloop
  endfacet
  facet normal 0.999337 0.0363988 0
    outer loop
      vertex 106.477 46.8406 10
      vertex 106.41 48.6801 0
      vertex 106.41 48.6801 10
    endloop
  endfacet
  facet normal 0.999337 0.0363988 0
    outer loop
      vertex 106.41 48.6801 0
      vertex 106.477 46.8406 10
      vertex 106.477 46.8406 0
    endloop
  endfacet
  facet normal 0.999922 0.0124949 0
    outer loop
      vertex 106.5 45 10
      vertex 106.477 46.8406 0
      vertex 106.477 46.8406 10
    endloop
  endfacet
  facet normal 0.999922 0.0124949 0
    outer loop
      vertex 106.477 46.8406 0
      vertex 106.5 45 10
      vertex 106.5 45 0
    endloop
  endfacet
  facet normal 0.998114 0.0613906 0
    outer loop
      vertex 106.41 48.6801 10
      vertex 106.297 50.5173 0
      vertex 106.297 50.5173 10
    endloop
  endfacet
  facet normal 0.998114 0.0613906 0
    outer loop
      vertex 106.297 50.5173 0
      vertex 106.41 48.6801 10
      vertex 106.41 48.6801 0
    endloop
  endfacet
  facet normal 0.76518 0.643816 0
    outer loop
      vertex 89.4758 92.5795 10
      vertex 88.2907 93.988 0
      vertex 88.2907 93.988 10
    endloop
  endfacet
  facet normal 0.76518 0.643816 0
    outer loop
      vertex 88.2907 93.988 0
      vertex 89.4758 92.5795 10
      vertex 89.4758 92.5795 0
    endloop
  endfacet
  facet normal 0.953288 -0.302062 0
    outer loop
      vertex 102.715 21.4739 10
      vertex 103.271 23.2286 0
      vertex 103.271 23.2286 10
    endloop
  endfacet
  facet normal 0.953288 -0.302062 0
    outer loop
      vertex 103.271 23.2286 0
      vertex 102.715 21.4739 10
      vertex 102.715 21.4739 0
    endloop
  endfacet
  facet normal 0.990883 -0.134725 0
    outer loop
      vertex 105.688 33.9952 10
      vertex 105.936 35.8192 0
      vertex 105.936 35.8192 10
    endloop
  endfacet
  facet normal 0.990883 -0.134725 0
    outer loop
      vertex 105.936 35.8192 0
      vertex 105.688 33.9952 10
      vertex 105.688 33.9952 0
    endloop
  endfacet
  facet normal 0.898667 0.438631 0
    outer loop
      vertex 99.2992 77.0666 10
      vertex 98.4918 78.7208 0
      vertex 98.4918 78.7208 10
    endloop
  endfacet
  facet normal 0.898667 0.438631 0
    outer loop
      vertex 98.4918 78.7208 0
      vertex 99.2992 77.0666 10
      vertex 99.2992 77.0666 0
    endloop
  endfacet
  facet normal -0.945608 -0.325308 0
    outer loop
      vertex -39.1158 19.7333 0
      vertex -39.7146 21.4739 10
      vertex -39.7146 21.4739 0
    endloop
  endfacet
  facet normal -0.945608 -0.325308 0
    outer loop
      vertex -39.7146 21.4739 10
      vertex -39.1158 19.7333 0
      vertex -39.1158 19.7333 10
    endloop
  endfacet
  facet normal 0.134725 0.990883 -0
    outer loop
      vertex 42.5048 119.188 0
      vertex 40.6808 119.436 10
      vertex 42.5048 119.188 10
    endloop
  endfacet
  facet normal 0.134725 0.990883 0
    outer loop
      vertex 40.6808 119.436 10
      vertex 42.5048 119.188 0
      vertex 40.6808 119.436 0
    endloop
  endfacet
  facet normal -0.348397 -0.937347 0
    outer loop
      vertex 4.50787 -24.9745 0
      vertex 6.23326 -25.6158 10
      vertex 4.50787 -24.9745 10
    endloop
  endfacet
  facet normal -0.348397 -0.937347 -0
    outer loop
      vertex 6.23326 -25.6158 10
      vertex 4.50787 -24.9745 0
      vertex 6.23326 -25.6158 0
    endloop
  endfacet
  facet normal -0.780737 -0.624859 0
    outer loop
      vertex -26.4758 -2.5795 0
      vertex -27.626 -1.14237 10
      vertex -27.626 -1.14237 0
    endloop
  endfacet
  facet normal -0.780737 -0.624859 0
    outer loop
      vertex -27.626 -1.14237 10
      vertex -26.4758 -2.5795 0
      vertex -26.4758 -2.5795 10
    endloop
  endfacet
  facet normal -0.183019 -0.983109 0
    outer loop
      vertex 16.8682 -28.5589 0
      vertex 18.6779 -28.8958 10
      vertex 16.8682 -28.5589 10
    endloop
  endfacet
  facet normal -0.183019 -0.983109 -0
    outer loop
      vertex 18.6779 -28.8958 10
      vertex 16.8682 -28.5589 0
      vertex 18.6779 -28.8958 0
    endloop
  endfacet
  facet normal 0.960525 0.278193 0
    outer loop
      vertex 103.783 65.0035 10
      vertex 103.271 66.7713 0
      vertex 103.271 66.7713 10
    endloop
  endfacet
  facet normal 0.960525 0.278193 0
    outer loop
      vertex 103.271 66.7713 0
      vertex 103.783 65.0035 10
      vertex 103.783 65.0035 0
    endloop
  endfacet
  facet normal 0.158855 -0.987302 0
    outer loop
      vertex 42.5048 -29.1882 0
      vertex 44.3221 -28.8958 10
      vertex 42.5048 -29.1882 10
    endloop
  endfacet
  facet normal 0.158855 -0.987302 0
    outer loop
      vertex 44.3221 -28.8958 10
      vertex 42.5048 -29.1882 0
      vertex 44.3221 -28.8958 0
    endloop
  endfacet
  facet normal -0.838233 0.545313 0
    outer loop
      vertex -31.864 85.1248 0
      vertex -30.8602 86.6678 10
      vertex -30.8602 86.6678 0
    endloop
  endfacet
  facet normal -0.838233 0.545313 0
    outer loop
      vertex -30.8602 86.6678 10
      vertex -31.864 85.1248 0
      vertex -31.864 85.1248 10
    endloop
  endfacet
  facet normal 0.978343 0.206991 0
    outer loop
      vertex 105.059 59.6318 10
      vertex 104.678 61.4326 0
      vertex 104.678 61.4326 10
    endloop
  endfacet
  facet normal 0.978343 0.206991 0
    outer loop
      vertex 104.678 61.4326 0
      vertex 105.059 59.6318 10
      vertex 105.059 59.6318 0
    endloop
  endfacet
  facet normal 0.278529 -0.960428 0
    outer loop
      vertex 51.5035 -27.2832 0
      vertex 53.2714 -26.7705 10
      vertex 51.5035 -27.2832 10
    endloop
  endfacet
  facet normal 0.278529 -0.960428 0
    outer loop
      vertex 53.2714 -26.7705 10
      vertex 51.5035 -27.2832 0
      vertex 53.2714 -26.7705 0
    endloop
  endfacet
  facet normal 0.90911 0.416556 0
    outer loop
      vertex 100.066 75.3931 10
      vertex 99.2992 77.0666 0
      vertex 99.2992 77.0666 10
    endloop
  endfacet
  facet normal 0.90911 0.416556 0
    outer loop
      vertex 99.2992 77.0666 0
      vertex 100.066 75.3931 10
      vertex 100.066 75.3931 0
    endloop
  endfacet
  facet normal 0.966997 0.254787 0
    outer loop
      vertex 104.252 63.2235 10
      vertex 103.783 65.0035 0
      vertex 103.783 65.0035 10
    endloop
  endfacet
  facet normal 0.966997 0.254787 0
    outer loop
      vertex 103.783 65.0035 0
      vertex 104.252 63.2235 10
      vertex 104.252 63.2235 0
    endloop
  endfacet
  facet normal -0.715746 0.698361 0
    outer loop
      vertex -22.8185 96.7155 0
      vertex -21.533 98.033 10
      vertex -21.533 98.033 0
    endloop
  endfacet
  facet normal -0.715746 0.698361 0
    outer loop
      vertex -21.533 98.033 10
      vertex -22.8185 96.7155 0
      vertex -22.8185 96.7155 10
    endloop
  endfacet
  facet normal -0.945608 0.325308 0
    outer loop
      vertex -39.7146 68.5261 0
      vertex -39.1158 70.2667 10
      vertex -39.1158 70.2667 0
    endloop
  endfacet
  facet normal -0.945608 0.325308 0
    outer loop
      vertex -39.1158 70.2667 10
      vertex -39.7146 68.5261 0
      vertex -39.7146 68.5261 10
    endloop
  endfacet
  facet normal 0.393893 0.919156 -0
    outer loop
      vertex 61.8931 113.566 0
      vertex 60.2013 114.291 10
      vertex 61.8931 113.566 10
    endloop
  endfacet
  facet normal 0.393893 0.919156 0
    outer loop
      vertex 60.2013 114.291 10
      vertex 61.8931 113.566 0
      vertex 60.2013 114.291 0
    endloop
  endfacet
  facet normal -0.0367786 -0.999323 0
    outer loop
      vertex 27.8199 -29.9097 0
      vertex 29.6594 -29.9774 10
      vertex 27.8199 -29.9097 10
    endloop
  endfacet
  facet normal -0.0367786 -0.999323 -0
    outer loop
      vertex 29.6594 -29.9774 10
      vertex 27.8199 -29.9097 0
      vertex 29.6594 -29.9774 0
    endloop
  endfacet
  facet normal 0.0363988 0.999337 -0
    outer loop
      vertex 35.1801 119.91 0
      vertex 33.3406 119.977 10
      vertex 35.1801 119.91 10
    endloop
  endfacet
  facet normal 0.0363988 0.999337 0
    outer loop
      vertex 33.3406 119.977 10
      vertex 35.1801 119.91 0
      vertex 33.3406 119.977 0
    endloop
  endfacet
  facet normal -0.585701 0.810527 0
    outer loop
      vertex -11.6856 106.319 0
      vertex -13.1774 105.241 10
      vertex -11.6856 106.319 10
    endloop
  endfacet
  facet normal -0.585701 0.810527 0
    outer loop
      vertex -13.1774 105.241 10
      vertex -11.6856 106.319 0
      vertex -13.1774 105.241 0
    endloop
  endfacet
  facet normal 0.876062 0.482198 0
    outer loop
      vertex 97.6441 80.3548 10
      vertex 96.7565 81.9674 0
      vertex 96.7565 81.9674 10
    endloop
  endfacet
  facet normal 0.876062 0.482198 0
    outer loop
      vertex 96.7565 81.9674 0
      vertex 97.6441 80.3548 10
      vertex 97.6441 80.3548 0
    endloop
  endfacet
  facet normal 0.460634 0.88759 -0
    outer loop
      vertex 66.8548 111.144 0
      vertex 65.2208 111.992 10
      vertex 66.8548 111.144 10
    endloop
  endfacet
  facet normal 0.460634 0.88759 0
    outer loop
      vertex 65.2208 111.992 10
      vertex 66.8548 111.144 0
      vertex 65.2208 111.992 0
    endloop
  endfacet
  facet normal 0.565611 0.824672 -0
    outer loop
      vertex 74.6856 106.319 0
      vertex 73.1678 107.36 10
      vertex 74.6856 106.319 10
    endloop
  endfacet
  facet normal 0.565611 0.824672 0
    outer loop
      vertex 73.1678 107.36 10
      vertex 74.6856 106.319 0
      vertex 73.1678 107.36 0
    endloop
  endfacet
  facet normal 0.85136 0.524582 0
    outer loop
      vertex 95.8296 83.5577 10
      vertex 94.864 85.1248 0
      vertex 94.864 85.1248 10
    endloop
  endfacet
  facet normal 0.85136 0.524582 0
    outer loop
      vertex 94.864 85.1248 0
      vertex 95.8296 83.5577 10
      vertex 95.8296 83.5577 0
    endloop
  endfacet
  facet normal -0.698361 0.715746 0
    outer loop
      vertex -20.2155 99.3185 0
      vertex -21.533 98.033 10
      vertex -20.2155 99.3185 10
    endloop
  endfacet
  facet normal -0.698361 0.715746 0
    outer loop
      vertex -21.533 98.033 10
      vertex -20.2155 99.3185 0
      vertex -21.533 98.033 0
    endloop
  endfacet
  facet normal -0.960424 0.278543 0
    outer loop
      vertex -40.7832 65.0035 0
      vertex -40.2705 66.7713 10
      vertex -40.2705 66.7713 0
    endloop
  endfacet
  facet normal -0.960424 0.278543 0
    outer loop
      vertex -40.2705 66.7713 10
      vertex -40.7832 65.0035 0
      vertex -40.7832 65.0035 10
    endloop
  endfacet
  facet normal -0.393885 0.91916 0
    outer loop
      vertex 2.79874 114.291 0
      vertex 1.1069 113.566 10
      vertex 2.79874 114.291 10
    endloop
  endfacet
  facet normal -0.393885 0.91916 0
    outer loop
      vertex 1.1069 113.566 10
      vertex 2.79874 114.291 0
      vertex 1.1069 113.566 0
    endloop
  endfacet
  facet normal 0.183019 -0.983109 0
    outer loop
      vertex 44.3221 -28.8958 0
      vertex 46.1318 -28.5589 10
      vertex 44.3221 -28.8958 10
    endloop
  endfacet
  facet normal 0.183019 -0.983109 0
    outer loop
      vertex 46.1318 -28.5589 10
      vertex 44.3221 -28.8958 0
      vertex 46.1318 -28.5589 0
    endloop
  endfacet
  facet normal -0.983109 -0.183019 0
    outer loop
      vertex -42.0589 30.3682 0
      vertex -42.3958 32.1779 10
      vertex -42.3958 32.1779 0
    endloop
  endfacet
  facet normal -0.983109 -0.183019 0
    outer loop
      vertex -42.3958 32.1779 10
      vertex -42.0589 30.3682 0
      vertex -42.0589 30.3682 10
    endloop
  endfacet
  facet normal -0.524577 -0.851363 0
    outer loop
      vertex -8.62482 -18.364 0
      vertex -7.0577 -19.3296 10
      vertex -8.62482 -18.364 10
    endloop
  endfacet
  facet normal -0.524577 -0.851363 -0
    outer loop
      vertex -7.0577 -19.3296 10
      vertex -8.62482 -18.364 0
      vertex -7.0577 -19.3296 0
    endloop
  endfacet
  facet normal -0.92851 0.371306 0
    outer loop
      vertex -38.4745 71.9921 0
      vertex -37.791 73.7013 10
      vertex -37.791 73.7013 0
    endloop
  endfacet
  facet normal -0.92851 0.371306 0
    outer loop
      vertex -37.791 73.7013 10
      vertex -38.4745 71.9921 0
      vertex -38.4745 71.9921 10
    endloop
  endfacet
  facet normal -0.876063 -0.482196 0
    outer loop
      vertex -33.7565 8.03264 0
      vertex -34.6441 9.64525 10
      vertex -34.6441 9.64525 0
    endloop
  endfacet
  facet normal -0.876063 -0.482196 0
    outer loop
      vertex -34.6441 9.64525 10
      vertex -33.7565 8.03264 0
      vertex -33.7565 8.03264 10
    endloop
  endfacet
  facet normal -0.987302 -0.158855 0
    outer loop
      vertex -42.3958 32.1779 0
      vertex -42.6882 33.9952 10
      vertex -42.6882 33.9952 0
    endloop
  endfacet
  facet normal -0.987302 -0.158855 0
    outer loop
      vertex -42.6882 33.9952 10
      vertex -42.3958 32.1779 0
      vertex -42.3958 32.1779 10
    endloop
  endfacet
  facet normal 0.481948 0.8762 -0
    outer loop
      vertex 68.4674 110.257 0
      vertex 66.8548 111.144 10
      vertex 68.4674 110.257 10
    endloop
  endfacet
  facet normal 0.481948 0.8762 0
    outer loop
      vertex 66.8548 111.144 10
      vertex 68.4674 110.257 0
      vertex 66.8548 111.144 0
    endloop
  endfacet
  facet normal 0.99631 0.0858326 0
    outer loop
      vertex 106.297 50.5173 10
      vertex 106.139 52.3513 0
      vertex 106.139 52.3513 10
    endloop
  endfacet
  facet normal 0.99631 0.0858326 0
    outer loop
      vertex 106.139 52.3513 0
      vertex 106.297 50.5173 10
      vertex 106.297 50.5173 0
    endloop
  endfacet
  facet normal -0.887651 -0.460517 0
    outer loop
      vertex -34.6441 9.64525 0
      vertex -35.4918 11.2792 10
      vertex -35.4918 11.2792 0
    endloop
  endfacet
  facet normal -0.887651 -0.460517 0
    outer loop
      vertex -35.4918 11.2792 10
      vertex -34.6441 9.64525 0
      vertex -34.6441 9.64525 10
    endloop
  endfacet
  facet normal -0.158855 -0.987302 0
    outer loop
      vertex 18.6779 -28.8958 0
      vertex 20.4952 -29.1882 10
      vertex 18.6779 -28.8958 10
    endloop
  endfacet
  facet normal -0.158855 -0.987302 -0
    outer loop
      vertex 20.4952 -29.1882 10
      vertex 18.6779 -28.8958 0
      vertex 20.4952 -29.1882 0
    endloop
  endfacet
  facet normal -0.919097 -0.394031 0
    outer loop
      vertex -37.0657 14.6069 0
      vertex -37.791 16.2987 10
      vertex -37.791 16.2987 0
    endloop
  endfacet
  facet normal -0.919097 -0.394031 0
    outer loop
      vertex -37.791 16.2987 10
      vertex -37.0657 14.6069 0
      vertex -37.0657 14.6069 10
    endloop
  endfacet
  facet normal 0.231104 -0.972929 0
    outer loop
      vertex 47.9326 -28.1777 0
      vertex 49.7235 -27.7523 10
      vertex 47.9326 -28.1777 10
    endloop
  endfacet
  facet normal 0.231104 -0.972929 0
    outer loop
      vertex 49.7235 -27.7523 10
      vertex 47.9326 -28.1777 0
      vertex 49.7235 -27.7523 0
    endloop
  endfacet
  facet normal 0.134619 -0.990897 0
    outer loop
      vertex 40.6808 -29.436 0
      vertex 42.5048 -29.1882 10
      vertex 40.6808 -29.436 10
    endloop
  endfacet
  facet normal 0.134619 -0.990897 0
    outer loop
      vertex 42.5048 -29.1882 10
      vertex 40.6808 -29.436 0
      vertex 42.5048 -29.1882 0
    endloop
  endfacet
  facet normal -0.765171 -0.643827 0
    outer loop
      vertex -25.2907 -3.98796 0
      vertex -26.4758 -2.5795 10
      vertex -26.4758 -2.5795 0
    endloop
  endfacet
  facet normal -0.765171 -0.643827 0
    outer loop
      vertex -26.4758 -2.5795 10
      vertex -25.2907 -3.98796 0
      vertex -25.2907 -3.98796 10
    endloop
  endfacet
  facet normal -0.206991 0.978343 0
    outer loop
      vertex 16.8682 118.559 0
      vertex 15.0674 118.178 10
      vertex 16.8682 118.559 10
    endloop
  endfacet
  facet normal -0.206991 0.978343 0
    outer loop
      vertex 15.0674 118.178 10
      vertex 16.8682 118.559 0
      vertex 15.0674 118.178 0
    endloop
  endfacet
  facet normal -0.998117 -0.0613365 0
    outer loop
      vertex -43.2968 39.4827 0
      vertex -43.4097 41.3199 10
      vertex -43.4097 41.3199 0
    endloop
  endfacet
  facet normal -0.998117 -0.0613365 0
    outer loop
      vertex -43.4097 41.3199 10
      vertex -43.2968 39.4827 0
      vertex -43.2968 39.4827 10
    endloop
  endfacet
  facet normal 0.371306 -0.92851 0
    outer loop
      vertex 58.4921 -24.9745 0
      vertex 60.2013 -24.291 10
      vertex 58.4921 -24.9745 10
    endloop
  endfacet
  facet normal 0.371306 -0.92851 0
    outer loop
      vertex 60.2013 -24.291 10
      vertex 58.4921 -24.9745 0
      vertex 60.2013 -24.291 0
    endloop
  endfacet
  facet normal 0.52474 0.851263 -0
    outer loop
      vertex 71.6248 108.364 0
      vertex 70.0577 109.33 10
      vertex 71.6248 108.364 10
    endloop
  endfacet
  facet normal 0.52474 0.851263 0
    outer loop
      vertex 70.0577 109.33 10
      vertex 71.6248 108.364 0
      vertex 70.0577 109.33 0
    endloop
  endfacet
  facet normal 0.937224 -0.348729 0
    outer loop
      vertex 101.474 18.0079 10
      vertex 102.116 19.7333 0
      vertex 102.116 19.7333 10
    endloop
  endfacet
  facet normal 0.937224 -0.348729 0
    outer loop
      vertex 102.116 19.7333 0
      vertex 101.474 18.0079 10
      vertex 101.474 18.0079 0
    endloop
  endfacet
  facet normal 0.887657 0.460506 0
    outer loop
      vertex 98.4918 78.7208 10
      vertex 97.6441 80.3548 0
      vertex 97.6441 80.3548 10
    endloop
  endfacet
  facet normal 0.887657 0.460506 0
    outer loop
      vertex 97.6441 80.3548 0
      vertex 98.4918 78.7208 10
      vertex 98.4918 78.7208 0
    endloop
  endfacet
  facet normal 0.966997 -0.254787 0
    outer loop
      vertex 103.783 24.9965 10
      vertex 104.252 26.7765 0
      vertex 104.252 26.7765 10
    endloop
  endfacet
  facet normal 0.966997 -0.254787 0
    outer loop
      vertex 104.252 26.7765 0
      vertex 103.783 24.9965 10
      vertex 103.783 24.9965 0
    endloop
  endfacet
  facet normal 0.416645 0.909069 -0
    outer loop
      vertex 63.5666 112.799 0
      vertex 61.8931 113.566 10
      vertex 63.5666 112.799 10
    endloop
  endfacet
  facet normal 0.416645 0.909069 0
    outer loop
      vertex 61.8931 113.566 10
      vertex 63.5666 112.799 0
      vertex 61.8931 113.566 0
    endloop
  endfacet
  facet normal 0.438631 -0.898667 0
    outer loop
      vertex 63.5666 -22.7992 0
      vertex 65.2208 -21.9918 10
      vertex 63.5666 -22.7992 10
    endloop
  endfacet
  facet normal 0.438631 -0.898667 0
    outer loop
      vertex 65.2208 -21.9918 10
      vertex 63.5666 -22.7992 0
      vertex 65.2208 -21.9918 0
    endloop
  endfacet
  facet normal -0.993906 0.110229 0
    outer loop
      vertex -43.1389 52.3513 0
      vertex -42.936 54.1808 10
      vertex -42.936 54.1808 0
    endloop
  endfacet
  facet normal -0.993906 0.110229 0
    outer loop
      vertex -42.936 54.1808 10
      vertex -43.1389 52.3513 0
      vertex -43.1389 52.3513 10
    endloop
  endfacet
  facet normal 0.824596 0.565722 0
    outer loop
      vertex 93.8602 86.6678 10
      vertex 92.8189 88.1856 0
      vertex 92.8189 88.1856 10
    endloop
  endfacet
  facet normal 0.824596 0.565722 0
    outer loop
      vertex 92.8189 88.1856 0
      vertex 93.8602 86.6678 10
      vertex 93.8602 86.6678 0
    endloop
  endfacet
  facet normal 0.0367786 -0.999323 0
    outer loop
      vertex 33.3406 -29.9774 0
      vertex 35.1801 -29.9097 10
      vertex 33.3406 -29.9774 10
    endloop
  endfacet
  facet normal 0.0367786 -0.999323 0
    outer loop
      vertex 35.1801 -29.9097 10
      vertex 33.3406 -29.9774 0
      vertex 35.1801 -29.9097 0
    endloop
  endfacet
  facet normal -0.749103 0.662453 0
    outer loop
      vertex -25.2907 93.988 0
      vertex -24.0713 95.3669 10
      vertex -24.0713 95.3669 0
    endloop
  endfacet
  facet normal -0.749103 0.662453 0
    outer loop
      vertex -24.0713 95.3669 10
      vertex -25.2907 93.988 0
      vertex -25.2907 93.988 10
    endloop
  endfacet
  facet normal -0.643816 -0.76518 0
    outer loop
      vertex -17.488 -11.7907 0
      vertex -16.0795 -12.9758 10
      vertex -17.488 -11.7907 10
    endloop
  endfacet
  facet normal -0.643816 -0.76518 -0
    outer loop
      vertex -16.0795 -12.9758 10
      vertex -17.488 -11.7907 0
      vertex -16.0795 -12.9758 0
    endloop
  endfacet
  facet normal -0.81045 0.585808 0
    outer loop
      vertex -29.8189 88.1856 0
      vertex -28.7406 89.6774 10
      vertex -28.7406 89.6774 0
    endloop
  endfacet
  facet normal -0.81045 0.585808 0
    outer loop
      vertex -28.7406 89.6774 10
      vertex -29.8189 88.1856 0
      vertex -29.8189 88.1856 10
    endloop
  endfacet
  facet normal -0.987302 0.158855 0
    outer loop
      vertex -42.6882 56.0048 0
      vertex -42.3958 57.8221 10
      vertex -42.3958 57.8221 0
    endloop
  endfacet
  facet normal -0.987302 0.158855 0
    outer loop
      vertex -42.3958 57.8221 10
      vertex -42.6882 56.0048 0
      vertex -42.6882 56.0048 10
    endloop
  endfacet
  facet normal -0.565722 -0.824596 0
    outer loop
      vertex -11.6856 -16.3189 0
      vertex -10.1678 -17.3602 10
      vertex -11.6856 -16.3189 10
    endloop
  endfacet
  facet normal -0.565722 -0.824596 -0
    outer loop
      vertex -10.1678 -17.3602 10
      vertex -11.6856 -16.3189 0
      vertex -10.1678 -17.3602 0
    endloop
  endfacet
  facet normal 0.998114 -0.0613906 0
    outer loop
      vertex 106.297 39.4827 10
      vertex 106.41 41.3199 0
      vertex 106.41 41.3199 10
    endloop
  endfacet
  facet normal 0.998114 -0.0613906 0
    outer loop
      vertex 106.41 41.3199 0
      vertex 106.297 39.4827 10
      vertex 106.297 39.4827 0
    endloop
  endfacet
  facet normal -0.585808 -0.81045 0
    outer loop
      vertex -13.1774 -15.2406 0
      vertex -11.6856 -16.3189 10
      vertex -13.1774 -15.2406 10
    endloop
  endfacet
  facet normal -0.585808 -0.81045 -0
    outer loop
      vertex -11.6856 -16.3189 10
      vertex -13.1774 -15.2406 0
      vertex -11.6856 -16.3189 0
    endloop
  endfacet
  facet normal 0.972856 0.231412 0
    outer loop
      vertex 104.678 61.4326 10
      vertex 104.252 63.2235 0
      vertex 104.252 63.2235 10
    endloop
  endfacet
  facet normal 0.972856 0.231412 0
    outer loop
      vertex 104.252 63.2235 0
      vertex 104.678 61.4326 10
      vertex 104.678 61.4326 0
    endloop
  endfacet
  facet normal -0.158643 0.987336 0
    outer loop
      vertex 20.4952 119.188 0
      vertex 18.6779 118.896 10
      vertex 20.4952 119.188 10
    endloop
  endfacet
  facet normal -0.158643 0.987336 0
    outer loop
      vertex 18.6779 118.896 10
      vertex 20.4952 119.188 0
      vertex 18.6779 118.896 0
    endloop
  endfacet
  facet normal -0.0857786 -0.996314 0
    outer loop
      vertex 24.1487 -29.6389 0
      vertex 25.9827 -29.7968 10
      vertex 24.1487 -29.6389 10
    endloop
  endfacet
  facet normal -0.0857786 -0.996314 -0
    outer loop
      vertex 25.9827 -29.7968 10
      vertex 24.1487 -29.6389 0
      vertex 25.9827 -29.7968 0
    endloop
  endfacet
  facet normal -0.394023 -0.919101 0
    outer loop
      vertex 1.1069 -23.5657 0
      vertex 2.79874 -24.291 10
      vertex 1.1069 -23.5657 10
    endloop
  endfacet
  facet normal -0.394023 -0.919101 -0
    outer loop
      vertex 2.79874 -24.291 10
      vertex 1.1069 -23.5657 0
      vertex 2.79874 -24.291 0
    endloop
  endfacet
  facet normal -0.254787 0.966997 0
    outer loop
      vertex 13.2765 117.752 0
      vertex 11.4965 117.283 10
      vertex 13.2765 117.752 10
    endloop
  endfacet
  facet normal -0.254787 0.966997 0
    outer loop
      vertex 11.4965 117.283 10
      vertex 13.2765 117.752 0
      vertex 11.4965 117.283 0
    endloop
  endfacet
  facet normal -0.371085 0.928599 0
    outer loop
      vertex 4.50787 114.974 0
      vertex 2.79874 114.291 10
      vertex 4.50787 114.974 10
    endloop
  endfacet
  facet normal -0.371085 0.928599 0
    outer loop
      vertex 2.79874 114.291 10
      vertex 4.50787 114.974 0
      vertex 2.79874 114.291 0
    endloop
  endfacet
  facet normal -0.325403 0.945575 0
    outer loop
      vertex 7.97387 116.215 0
      vertex 6.23326 115.616 10
      vertex 7.97387 116.215 10
    endloop
  endfacet
  facet normal -0.325403 0.945575 0
    outer loop
      vertex 6.23326 115.616 10
      vertex 7.97387 116.215 0
      vertex 6.23326 115.616 0
    endloop
  endfacet
  facet normal 0.348395 -0.937348 0
    outer loop
      vertex 56.7667 -25.6158 0
      vertex 58.4921 -24.9745 10
      vertex 56.7667 -25.6158 10
    endloop
  endfacet
  facet normal 0.348395 -0.937348 0
    outer loop
      vertex 58.4921 -24.9745 10
      vertex 56.7667 -25.6158 0
      vertex 58.4921 -24.9745 0
    endloop
  endfacet
  facet normal 0.863962 0.503557 0
    outer loop
      vertex 96.7565 81.9674 10
      vertex 95.8296 83.5577 0
      vertex 95.8296 83.5577 10
    endloop
  endfacet
  facet normal 0.863962 0.503557 0
    outer loop
      vertex 95.8296 83.5577 0
      vertex 96.7565 81.9674 10
      vertex 96.7565 81.9674 0
    endloop
  endfacet
  facet normal 0.987336 0.158643 0
    outer loop
      vertex 105.688 56.0048 10
      vertex 105.396 57.8221 0
      vertex 105.396 57.8221 10
    endloop
  endfacet
  facet normal 0.987336 0.158643 0
    outer loop
      vertex 105.396 57.8221 0
      vertex 105.688 56.0048 10
      vertex 105.688 56.0048 0
    endloop
  endfacet
  facet normal -0.909172 -0.416421 0
    outer loop
      vertex -36.2992 12.9334 0
      vertex -37.0657 14.6069 10
      vertex -37.0657 14.6069 0
    endloop
  endfacet
  facet normal -0.909172 -0.416421 0
    outer loop
      vertex -37.0657 14.6069 10
      vertex -36.2992 12.9334 0
      vertex -36.2992 12.9334 10
    endloop
  endfacet
  facet normal -0.795848 0.605496 0
    outer loop
      vertex -28.7406 89.6774 0
      vertex -27.626 91.1424 10
      vertex -27.626 91.1424 0
    endloop
  endfacet
  facet normal -0.795848 0.605496 0
    outer loop
      vertex -27.626 91.1424 10
      vertex -28.7406 89.6774 0
      vertex -28.7406 89.6774 10
    endloop
  endfacet
  facet normal 0.624867 -0.780731 0
    outer loop
      vertex 77.6424 -14.126 0
      vertex 79.0795 -12.9758 10
      vertex 77.6424 -14.126 10
    endloop
  endfacet
  facet normal 0.624867 -0.780731 0
    outer loop
      vertex 79.0795 -12.9758 10
      vertex 77.6424 -14.126 0
      vertex 79.0795 -12.9758 0
    endloop
  endfacet
  facet normal 0.662453 -0.749103 0
    outer loop
      vertex 80.488 -11.7907 0
      vertex 81.8669 -10.5713 10
      vertex 80.488 -11.7907 10
    endloop
  endfacet
  facet normal 0.662453 -0.749103 0
    outer loop
      vertex 81.8669 -10.5713 10
      vertex 80.488 -11.7907 0
      vertex 81.8669 -10.5713 0
    endloop
  endfacet
  facet normal -0.371319 -0.928505 0
    outer loop
      vertex 2.79874 -24.291 0
      vertex 4.50787 -24.9745 10
      vertex 2.79874 -24.291 10
    endloop
  endfacet
  facet normal -0.371319 -0.928505 -0
    outer loop
      vertex 4.50787 -24.9745 10
      vertex 2.79874 -24.291 0
      vertex 4.50787 -24.9745 0
    endloop
  endfacet
  facet normal -0.438627 -0.898669 0
    outer loop
      vertex -2.22085 -21.9918 0
      vertex -0.566631 -22.7992 10
      vertex -2.22085 -21.9918 10
    endloop
  endfacet
  facet normal -0.438627 -0.898669 -0
    outer loop
      vertex -0.566631 -22.7992 10
      vertex -2.22085 -21.9918 0
      vertex -0.566631 -22.7992 0
    endloop
  endfacet
  facet normal 0.254838 -0.966984 0
    outer loop
      vertex 49.7235 -27.7523 0
      vertex 51.5035 -27.2832 10
      vertex 49.7235 -27.7523 10
    endloop
  endfacet
  facet normal 0.254838 -0.966984 0
    outer loop
      vertex 51.5035 -27.2832 10
      vertex 49.7235 -27.7523 0
      vertex 51.5035 -27.2832 0
    endloop
  endfacet
  facet normal 0.545313 -0.838233 0
    outer loop
      vertex 71.6248 -18.364 0
      vertex 73.1678 -17.3602 10
      vertex 71.6248 -18.364 10
    endloop
  endfacet
  facet normal 0.545313 -0.838233 0
    outer loop
      vertex 73.1678 -17.3602 10
      vertex 71.6248 -18.364 0
      vertex 73.1678 -17.3602 0
    endloop
  endfacet
  facet normal -0.481946 0.876201 0
    outer loop
      vertex -3.85475 111.144 0
      vertex -5.46736 110.257 10
      vertex -3.85475 111.144 10
    endloop
  endfacet
  facet normal -0.481946 0.876201 0
    outer loop
      vertex -5.46736 110.257 10
      vertex -3.85475 111.144 0
      vertex -5.46736 110.257 0
    endloop
  endfacet
  facet normal 0.953293 0.302046 0
    outer loop
      vertex 103.271 66.7713 10
      vertex 102.715 68.5261 0
      vertex 102.715 68.5261 10
    endloop
  endfacet
  facet normal 0.953293 0.302046 0
    outer loop
      vertex 102.715 68.5261 0
      vertex 103.271 66.7713 10
      vertex 103.271 66.7713 0
    endloop
  endfacet
  facet normal 0.183072 0.9831 -0
    outer loop
      vertex 46.1318 118.559 0
      vertex 44.3221 118.896 10
      vertex 46.1318 118.559 10
    endloop
  endfacet
  facet normal 0.183072 0.9831 0
    outer loop
      vertex 44.3221 118.896 10
      vertex 46.1318 118.559 0
      vertex 44.3221 118.896 0
    endloop
  endfacet
  facet normal 0.302062 0.953288 -0
    outer loop
      vertex 55.0261 116.215 0
      vertex 53.2714 116.771 10
      vertex 55.0261 116.215 10
    endloop
  endfacet
  facet normal 0.302062 0.953288 0
    outer loop
      vertex 53.2714 116.771 10
      vertex 55.0261 116.215 0
      vertex 53.2714 116.771 0
    endloop
  endfacet
  facet normal 0.278178 0.96053 -0
    outer loop
      vertex 53.2714 116.771 0
      vertex 51.5035 117.283 10
      vertex 53.2714 116.771 10
    endloop
  endfacet
  facet normal 0.278178 0.96053 0
    outer loop
      vertex 51.5035 117.283 10
      vertex 53.2714 116.771 0
      vertex 51.5035 117.283 0
    endloop
  endfacet
  facet normal -0.0613906 0.998114 0
    outer loop
      vertex 27.8199 119.91 0
      vertex 25.9827 119.797 10
      vertex 27.8199 119.91 10
    endloop
  endfacet
  facet normal -0.0613906 0.998114 0
    outer loop
      vertex 25.9827 119.797 10
      vertex 27.8199 119.91 0
      vertex 25.9827 119.797 0
    endloop
  endfacet
  facet normal 0.9939 -0.110282 0
    outer loop
      vertex 105.936 35.8192 10
      vertex 106.139 37.6487 0
      vertex 106.139 37.6487 10
    endloop
  endfacet
  facet normal 0.9939 -0.110282 0
    outer loop
      vertex 106.139 37.6487 0
      vertex 105.936 35.8192 10
      vertex 105.936 35.8192 0
    endloop
  endfacet
  facet normal -0.545394 0.83818 0
    outer loop
      vertex -8.62482 108.364 0
      vertex -10.1678 107.36 10
      vertex -8.62482 108.364 10
    endloop
  endfacet
  facet normal -0.545394 0.83818 0
    outer loop
      vertex -10.1678 107.36 10
      vertex -8.62482 108.364 0
      vertex -10.1678 107.36 0
    endloop
  endfacet
  facet normal 0.749103 0.662453 0
    outer loop
      vertex 88.2907 93.988 10
      vertex 87.0713 95.3669 0
      vertex 87.0713 95.3669 10
    endloop
  endfacet
  facet normal 0.749103 0.662453 0
    outer loop
      vertex 87.0713 95.3669 0
      vertex 88.2907 93.988 10
      vertex 88.2907 93.988 0
    endloop
  endfacet
  facet normal -0.524735 0.851266 0
    outer loop
      vertex -7.0577 109.33 0
      vertex -8.62482 108.364 10
      vertex -7.0577 109.33 10
    endloop
  endfacet
  facet normal -0.524735 0.851266 0
    outer loop
      vertex -8.62482 108.364 10
      vertex -7.0577 109.33 0
      vertex -8.62482 108.364 0
    endloop
  endfacet
  facet normal 0.231412 0.972856 -0
    outer loop
      vertex 49.7235 117.752 0
      vertex 47.9326 118.178 10
      vertex 49.7235 117.752 10
    endloop
  endfacet
  facet normal 0.231412 0.972856 0
    outer loop
      vertex 47.9326 118.178 10
      vertex 49.7235 117.752 0
      vertex 47.9326 118.178 0
    endloop
  endfacet
  facet normal 0.945575 -0.325405 0
    outer loop
      vertex 102.116 19.7333 10
      vertex 102.715 21.4739 0
      vertex 102.715 21.4739 10
    endloop
  endfacet
  facet normal 0.945575 -0.325405 0
    outer loop
      vertex 102.715 21.4739 0
      vertex 102.116 19.7333 10
      vertex 102.116 19.7333 0
    endloop
  endfacet
  facet normal 0.503557 -0.863962 0
    outer loop
      vertex 68.4674 -20.2565 0
      vertex 70.0577 -19.3296 10
      vertex 68.4674 -20.2565 10
    endloop
  endfacet
  facet normal 0.503557 -0.863962 0
    outer loop
      vertex 70.0577 -19.3296 10
      vertex 68.4674 -20.2565 0
      vertex 70.0577 -19.3296 0
    endloop
  endfacet
  facet normal 0.605496 -0.795848 0
    outer loop
      vertex 76.1774 -15.2406 0
      vertex 77.6424 -14.126 10
      vertex 76.1774 -15.2406 10
    endloop
  endfacet
  facet normal 0.605496 -0.795848 0
    outer loop
      vertex 77.6424 -14.126 10
      vertex 76.1774 -15.2406 0
      vertex 77.6424 -14.126 0
    endloop
  endfacet
  facet normal 0.643816 -0.76518 0
    outer loop
      vertex 79.0795 -12.9758 0
      vertex 80.488 -11.7907 10
      vertex 79.0795 -12.9758 10
    endloop
  endfacet
  facet normal 0.643816 -0.76518 0
    outer loop
      vertex 80.488 -11.7907 10
      vertex 79.0795 -12.9758 0
      vertex 80.488 -11.7907 0
    endloop
  endfacet
  facet normal -0.996314 -0.0857786 0
    outer loop
      vertex -43.1389 37.6487 0
      vertex -43.2968 39.4827 10
      vertex -43.2968 39.4827 0
    endloop
  endfacet
  facet normal -0.996314 -0.0857786 0
    outer loop
      vertex -43.2968 39.4827 10
      vertex -43.1389 37.6487 0
      vertex -43.1389 37.6487 10
    endloop
  endfacet
  facet normal -0.749118 -0.662437 0
    outer loop
      vertex -24.0713 -5.36692 0
      vertex -25.2907 -3.98796 10
      vertex -25.2907 -3.98796 0
    endloop
  endfacet
  facet normal -0.749118 -0.662437 0
    outer loop
      vertex -25.2907 -3.98796 10
      vertex -24.0713 -5.36692 0
      vertex -24.0713 -5.36692 10
    endloop
  endfacet
  facet normal 0.0122777 -0.999925 0
    outer loop
      vertex 31.5 -30 0
      vertex 33.3406 -29.9774 10
      vertex 31.5 -30 10
    endloop
  endfacet
  facet normal 0.0122777 -0.999925 0
    outer loop
      vertex 33.3406 -29.9774 10
      vertex 31.5 -30 0
      vertex 33.3406 -29.9774 0
    endloop
  endfacet
  facet normal 0.999337 -0.0363988 0
    outer loop
      vertex 106.41 41.3199 10
      vertex 106.477 43.1594 0
      vertex 106.477 43.1594 10
    endloop
  endfacet
  facet normal 0.999337 -0.0363988 0
    outer loop
      vertex 106.477 43.1594 0
      vertex 106.41 41.3199 10
      vertex 106.41 41.3199 0
    endloop
  endfacet
  facet normal -0.680597 -0.732658 0
    outer loop
      vertex -20.2155 -9.31853 0
      vertex -18.8669 -10.5713 10
      vertex -20.2155 -9.31853 10
    endloop
  endfacet
  facet normal -0.680597 -0.732658 -0
    outer loop
      vertex -18.8669 -10.5713 10
      vertex -20.2155 -9.31853 0
      vertex -18.8669 -10.5713 0
    endloop
  endfacet
  facet normal -0.348731 0.937223 0
    outer loop
      vertex 6.23326 115.616 0
      vertex 4.50787 114.974 10
      vertex 6.23326 115.616 10
    endloop
  endfacet
  facet normal -0.348731 0.937223 0
    outer loop
      vertex 4.50787 114.974 10
      vertex 6.23326 115.616 0
      vertex 4.50787 114.974 0
    endloop
  endfacet
  facet normal -0.715738 -0.698369 0
    outer loop
      vertex -21.533 -8.03301 0
      vertex -22.8185 -6.71554 10
      vertex -22.8185 -6.71554 0
    endloop
  endfacet
  facet normal -0.715738 -0.698369 0
    outer loop
      vertex -22.8185 -6.71554 10
      vertex -21.533 -8.03301 0
      vertex -21.533 -8.03301 10
    endloop
  endfacet
  facet normal -0.92851 -0.371306 0
    outer loop
      vertex -37.791 16.2987 0
      vertex -38.4745 18.0079 10
      vertex -38.4745 18.0079 0
    endloop
  endfacet
  facet normal -0.92851 -0.371306 0
    outer loop
      vertex -38.4745 18.0079 10
      vertex -37.791 16.2987 0
      vertex -37.791 16.2987 10
    endloop
  endfacet
  facet normal -0.73265 0.680605 0
    outer loop
      vertex -24.0713 95.3669 0
      vertex -22.8185 96.7155 10
      vertex -22.8185 96.7155 0
    endloop
  endfacet
  facet normal -0.73265 0.680605 0
    outer loop
      vertex -22.8185 96.7155 10
      vertex -24.0713 95.3669 0
      vertex -24.0713 95.3669 10
    endloop
  endfacet
  facet normal 0.715746 0.698361 0
    outer loop
      vertex 85.8185 96.7155 10
      vertex 84.533 98.033 0
      vertex 84.533 98.033 10
    endloop
  endfacet
  facet normal 0.715746 0.698361 0
    outer loop
      vertex 84.533 98.033 0
      vertex 85.8185 96.7155 10
      vertex 85.8185 96.7155 0
    endloop
  endfacet
  facet normal -0.302 -0.953308 0
    outer loop
      vertex 7.97387 -26.2146 0
      vertex 9.72865 -26.7705 10
      vertex 7.97387 -26.2146 10
    endloop
  endfacet
  facet normal -0.302 -0.953308 -0
    outer loop
      vertex 9.72865 -26.7705 10
      vertex 7.97387 -26.2146 0
      vertex 9.72865 -26.7705 0
    endloop
  endfacet
  facet normal -0.30205 0.953292 0
    outer loop
      vertex 9.72865 116.771 0
      vertex 7.97387 116.215 10
      vertex 9.72865 116.771 10
    endloop
  endfacet
  facet normal -0.30205 0.953292 0
    outer loop
      vertex 7.97387 116.215 10
      vertex 9.72865 116.771 0
      vertex 7.97387 116.215 0
    endloop
  endfacet
  facet normal 0.715835 -0.69827 0
    outer loop
      vertex 84.533 -8.03301 10
      vertex 84.5652 -8 0
      vertex 84.5652 -8 10
    endloop
  endfacet
  facet normal 0.715835 -0.69827 0
    outer loop
      vertex 84.5652 -8 0
      vertex 84.533 -8.03301 10
      vertex 84.533 -8.03301 0
    endloop
  endfacet
  facet normal -0.0858326 0.99631 0
    outer loop
      vertex 25.9827 119.797 0
      vertex 24.1487 119.639 10
      vertex 25.9827 119.797 10
    endloop
  endfacet
  facet normal -0.0858326 0.99631 0
    outer loop
      vertex 24.1487 119.639 10
      vertex 25.9827 119.797 0
      vertex 24.1487 119.639 0
    endloop
  endfacet
  facet normal -0.183072 0.9831 0
    outer loop
      vertex 18.6779 118.896 0
      vertex 16.8682 118.559 10
      vertex 18.6779 118.896 10
    endloop
  endfacet
  facet normal -0.183072 0.9831 0
    outer loop
      vertex 16.8682 118.559 10
      vertex 18.6779 118.896 0
      vertex 16.8682 118.559 0
    endloop
  endfacet
  facet normal -0.795833 -0.605517 0
    outer loop
      vertex -27.626 -1.14237 0
      vertex -28.7406 0.322553 10
      vertex -28.7406 0.322553 0
    endloop
  endfacet
  facet normal -0.795833 -0.605517 0
    outer loop
      vertex -28.7406 0.322553 10
      vertex -27.626 -1.14237 0
      vertex -27.626 -1.14237 10
    endloop
  endfacet
  facet normal 0.0857786 -0.996314 0
    outer loop
      vertex 37.0173 -29.7968 0
      vertex 38.8513 -29.6389 10
      vertex 37.0173 -29.7968 10
    endloop
  endfacet
  facet normal 0.0857786 -0.996314 0
    outer loop
      vertex 38.8513 -29.6389 10
      vertex 37.0173 -29.7968 0
      vertex 38.8513 -29.6389 0
    endloop
  endfacet
  facet normal 0.99631 -0.0858326 0
    outer loop
      vertex 106.139 37.6487 10
      vertex 106.297 39.4827 0
      vertex 106.297 39.4827 10
    endloop
  endfacet
  facet normal 0.99631 -0.0858326 0
    outer loop
      vertex 106.297 39.4827 0
      vertex 106.139 37.6487 10
      vertex 106.139 37.6487 0
    endloop
  endfacet
  facet normal 0.987336 -0.158643 0
    outer loop
      vertex 105.396 32.1779 10
      vertex 105.688 33.9952 0
      vertex 105.688 33.9952 10
    endloop
  endfacet
  facet normal 0.987336 -0.158643 0
    outer loop
      vertex 105.688 33.9952 0
      vertex 105.396 32.1779 10
      vertex 105.396 32.1779 0
    endloop
  endfacet
  facet normal 0.524582 -0.85136 0
    outer loop
      vertex 70.0577 -19.3296 0
      vertex 71.6248 -18.364 10
      vertex 70.0577 -19.3296 10
    endloop
  endfacet
  facet normal 0.524582 -0.85136 0
    outer loop
      vertex 71.6248 -18.364 10
      vertex 70.0577 -19.3296 0
      vertex 71.6248 -18.364 0
    endloop
  endfacet
  facet normal 0.0124949 0.999922 -0
    outer loop
      vertex 33.3406 119.977 0
      vertex 31.5 120 10
      vertex 33.3406 119.977 10
    endloop
  endfacet
  facet normal 0.0124949 0.999922 0
    outer loop
      vertex 31.5 120 10
      vertex 33.3406 119.977 0
      vertex 31.5 120 0
    endloop
  endfacet
  facet normal 0.110229 -0.993906 0
    outer loop
      vertex 38.8513 -29.6389 0
      vertex 40.6808 -29.436 10
      vertex 38.8513 -29.6389 10
    endloop
  endfacet
  facet normal 0.110229 -0.993906 0
    outer loop
      vertex 40.6808 -29.436 10
      vertex 38.8513 -29.6389 0
      vertex 40.6808 -29.436 0
    endloop
  endfacet
  facet normal 0.999922 -0.0124949 0
    outer loop
      vertex 106.477 43.1594 10
      vertex 106.5 45 0
      vertex 106.5 45 10
    endloop
  endfacet
  facet normal 0.999922 -0.0124949 0
    outer loop
      vertex 106.5 45 0
      vertex 106.477 43.1594 10
      vertex 106.477 43.1594 0
    endloop
  endfacet
  facet normal 0.662636 0.748942 -0
    outer loop
      vertex 81.8669 100.571 0
      vertex 80.488 101.791 10
      vertex 81.8669 100.571 10
    endloop
  endfacet
  facet normal 0.662636 0.748942 0
    outer loop
      vertex 80.488 101.791 10
      vertex 81.8669 100.571 0
      vertex 80.488 101.791 0
    endloop
  endfacet
  facet normal 0.838233 0.545313 0
    outer loop
      vertex 94.864 85.1248 10
      vertex 93.8602 86.6678 0
      vertex 93.8602 86.6678 10
    endloop
  endfacet
  facet normal 0.838233 0.545313 0
    outer loop
      vertex 93.8602 86.6678 0
      vertex 94.864 85.1248 10
      vertex 94.864 85.1248 0
    endloop
  endfacet
  facet normal 0.325308 -0.945608 0
    outer loop
      vertex 55.0261 -26.2146 0
      vertex 56.7667 -25.6158 10
      vertex 55.0261 -26.2146 10
    endloop
  endfacet
  facet normal 0.325308 -0.945608 0
    outer loop
      vertex 56.7667 -25.6158 10
      vertex 55.0261 -26.2146 0
      vertex 56.7667 -25.6158 0
    endloop
  endfacet
  facet normal 0.438456 0.898753 -0
    outer loop
      vertex 65.2208 111.992 0
      vertex 63.5666 112.799 10
      vertex 65.2208 111.992 10
    endloop
  endfacet
  facet normal 0.438456 0.898753 0
    outer loop
      vertex 63.5666 112.799 10
      vertex 65.2208 111.992 0
      vertex 63.5666 112.799 0
    endloop
  endfacet
  facet normal -0.876062 0.482198 0
    outer loop
      vertex -34.6441 80.3548 0
      vertex -33.7565 81.9674 10
      vertex -33.7565 81.9674 0
    endloop
  endfacet
  facet normal -0.876062 0.482198 0
    outer loop
      vertex -33.7565 81.9674 10
      vertex -34.6441 80.3548 0
      vertex -34.6441 80.3548 10
    endloop
  endfacet
  facet normal 0.302013 -0.953304 0
    outer loop
      vertex 53.2714 -26.7705 0
      vertex 55.0261 -26.2146 10
      vertex 53.2714 -26.7705 10
    endloop
  endfacet
  facet normal 0.302013 -0.953304 0
    outer loop
      vertex 55.0261 -26.2146 10
      vertex 53.2714 -26.7705 0
      vertex 55.0261 -26.2146 0
    endloop
  endfacet
  facet normal 0.919156 -0.393893 0
    outer loop
      vertex 100.066 14.6069 10
      vertex 100.791 16.2987 0
      vertex 100.791 16.2987 10
    endloop
  endfacet
  facet normal 0.919156 -0.393893 0
    outer loop
      vertex 100.791 16.2987 0
      vertex 100.066 14.6069 10
      vertex 100.066 14.6069 0
    endloop
  endfacet
  facet normal 0.624801 0.780784 -0
    outer loop
      vertex 79.0795 102.976 0
      vertex 77.6424 104.126 10
      vertex 79.0795 102.976 10
    endloop
  endfacet
  facet normal 0.624801 0.780784 0
    outer loop
      vertex 77.6424 104.126 10
      vertex 79.0795 102.976 0
      vertex 77.6424 104.126 0
    endloop
  endfacet
  facet normal -0.999323 0.0367786 0
    outer loop
      vertex -43.4774 46.8406 0
      vertex -43.4097 48.6801 10
      vertex -43.4097 48.6801 0
    endloop
  endfacet
  facet normal -0.999323 0.0367786 0
    outer loop
      vertex -43.4097 48.6801 10
      vertex -43.4774 46.8406 0
      vertex -43.4774 46.8406 10
    endloop
  endfacet
  facet normal 0.9939 0.110282 0
    outer loop
      vertex 106.139 52.3513 10
      vertex 105.936 54.1808 0
      vertex 105.936 54.1808 10
    endloop
  endfacet
  facet normal 0.9939 0.110282 0
    outer loop
      vertex 105.936 54.1808 0
      vertex 106.139 52.3513 10
      vertex 106.139 52.3513 0
    endloop
  endfacet
  facet normal -0.999925 0.0122777 0
    outer loop
      vertex -43.5 45 0
      vertex -43.4774 46.8406 10
      vertex -43.4774 46.8406 0
    endloop
  endfacet
  facet normal -0.999925 0.0122777 0
    outer loop
      vertex -43.4774 46.8406 10
      vertex -43.5 45 0
      vertex -43.5 45 10
    endloop
  endfacet
  facet normal 0.928604 0.371072 0
    outer loop
      vertex 101.474 71.9921 10
      vertex 100.791 73.7013 0
      vertex 100.791 73.7013 10
    endloop
  endfacet
  facet normal 0.928604 0.371072 0
    outer loop
      vertex 100.791 73.7013 0
      vertex 101.474 71.9921 10
      vertex 101.474 71.9921 0
    endloop
  endfacet
  facet normal 0.990883 0.134725 0
    outer loop
      vertex 105.936 54.1808 10
      vertex 105.688 56.0048 0
      vertex 105.688 56.0048 10
    endloop
  endfacet
  facet normal 0.990883 0.134725 0
    outer loop
      vertex 105.688 56.0048 0
      vertex 105.936 54.1808 10
      vertex 105.936 54.1808 0
    endloop
  endfacet
  facet normal 0.158643 0.987336 -0
    outer loop
      vertex 44.3221 118.896 0
      vertex 42.5048 119.188 10
      vertex 44.3221 118.896 10
    endloop
  endfacet
  facet normal 0.158643 0.987336 0
    outer loop
      vertex 42.5048 119.188 10
      vertex 44.3221 118.896 0
      vertex 42.5048 119.188 0
    endloop
  endfacet
  facet normal -0.898667 -0.438631 0
    outer loop
      vertex -35.4918 11.2792 0
      vertex -36.2992 12.9334 10
      vertex -36.2992 12.9334 0
    endloop
  endfacet
  facet normal -0.898667 -0.438631 0
    outer loop
      vertex -36.2992 12.9334 10
      vertex -35.4918 11.2792 0
      vertex -35.4918 11.2792 10
    endloop
  endfacet
  facet normal -0.966984 0.254838 0
    outer loop
      vertex -41.2523 63.2235 0
      vertex -40.7832 65.0035 10
      vertex -40.7832 65.0035 0
    endloop
  endfacet
  facet normal -0.966984 0.254838 0
    outer loop
      vertex -40.7832 65.0035 10
      vertex -41.2523 63.2235 0
      vertex -41.2523 63.2235 10
    endloop
  endfacet
  facet normal -0.998117 0.0613365 0
    outer loop
      vertex -43.4097 48.6801 0
      vertex -43.2968 50.5173 10
      vertex -43.2968 50.5173 0
    endloop
  endfacet
  facet normal -0.998117 0.0613365 0
    outer loop
      vertex -43.2968 50.5173 10
      vertex -43.4097 48.6801 0
      vertex -43.4097 48.6801 10
    endloop
  endfacet
  facet normal 0.206991 0.978343 -0
    outer loop
      vertex 47.9326 118.178 0
      vertex 46.1318 118.559 10
      vertex 47.9326 118.178 10
    endloop
  endfacet
  facet normal 0.206991 0.978343 0
    outer loop
      vertex 46.1318 118.559 10
      vertex 47.9326 118.178 0
      vertex 46.1318 118.559 0
    endloop
  endfacet
  facet normal -0.438452 0.898755 0
    outer loop
      vertex -0.566631 112.799 0
      vertex -2.22085 111.992 10
      vertex -0.566631 112.799 10
    endloop
  endfacet
  facet normal -0.438452 0.898755 0
    outer loop
      vertex -2.22085 111.992 10
      vertex -0.566631 112.799 0
      vertex -2.22085 111.992 0
    endloop
  endfacet
  facet normal -0.960428 -0.278529 0
    outer loop
      vertex -40.2705 23.2286 0
      vertex -40.7832 24.9965 10
      vertex -40.7832 24.9965 0
    endloop
  endfacet
  facet normal -0.960428 -0.278529 0
    outer loop
      vertex -40.7832 24.9965 10
      vertex -40.2705 23.2286 0
      vertex -40.2705 23.2286 10
    endloop
  endfacet
  facet normal -0.278536 -0.960426 0
    outer loop
      vertex 9.72865 -26.7705 0
      vertex 11.4965 -27.2832 10
      vertex 9.72865 -26.7705 10
    endloop
  endfacet
  facet normal -0.278536 -0.960426 -0
    outer loop
      vertex 11.4965 -27.2832 10
      vertex 9.72865 -26.7705 0
      vertex 11.4965 -27.2832 0
    endloop
  endfacet
  facet normal 0.643784 0.765207 -0
    outer loop
      vertex 80.488 101.791 0
      vertex 79.0795 102.976 10
      vertex 80.488 101.791 10
    endloop
  endfacet
  facet normal 0.643784 0.765207 0
    outer loop
      vertex 79.0795 102.976 10
      vertex 80.488 101.791 0
      vertex 79.0795 102.976 0
    endloop
  endfacet
  facet normal -0.999925 -0.0122777 0
    outer loop
      vertex -43.4774 43.1594 0
      vertex -43.5 45 10
      vertex -43.5 45 0
    endloop
  endfacet
  facet normal -0.999925 -0.0122777 0
    outer loop
      vertex -43.5 45 10
      vertex -43.4774 43.1594 0
      vertex -43.4774 43.1594 10
    endloop
  endfacet
  facet normal 0.207095 -0.978321 0
    outer loop
      vertex 46.1318 -28.5589 0
      vertex 47.9326 -28.1777 10
      vertex 46.1318 -28.5589 10
    endloop
  endfacet
  facet normal 0.207095 -0.978321 0
    outer loop
      vertex 47.9326 -28.1777 10
      vertex 46.1318 -28.5589 0
      vertex 47.9326 -28.1777 0
    endloop
  endfacet
  facet normal 0.680518 0.732732 -0
    outer loop
      vertex 83.2155 99.3185 0
      vertex 81.8669 100.571 10
      vertex 83.2155 99.3185 10
    endloop
  endfacet
  facet normal 0.680518 0.732732 0
    outer loop
      vertex 81.8669 100.571 10
      vertex 83.2155 99.3185 0
      vertex 81.8669 100.571 0
    endloop
  endfacet
  facet normal -0.85136 0.524582 0
    outer loop
      vertex -32.8296 83.5577 0
      vertex -31.864 85.1248 10
      vertex -31.864 85.1248 0
    endloop
  endfacet
  facet normal -0.85136 0.524582 0
    outer loop
      vertex -31.864 85.1248 10
      vertex -32.8296 83.5577 0
      vertex -32.8296 83.5577 10
    endloop
  endfacet
  facet normal 0.698361 0.715746 -0
    outer loop
      vertex 84.533 98.033 0
      vertex 83.2155 99.3185 10
      vertex 84.533 98.033 10
    endloop
  endfacet
  facet normal 0.698361 0.715746 0
    outer loop
      vertex 83.2155 99.3185 10
      vertex 84.533 98.033 0
      vertex 83.2155 99.3185 0
    endloop
  endfacet
  facet normal 0.585701 0.810527 -0
    outer loop
      vertex 76.1774 105.241 0
      vertex 74.6856 106.319 10
      vertex 76.1774 105.241 10
    endloop
  endfacet
  facet normal 0.585701 0.810527 0
    outer loop
      vertex 74.6856 106.319 10
      vertex 76.1774 105.241 0
      vertex 74.6856 106.319 0
    endloop
  endfacet
  facet normal -0.565611 0.824672 0
    outer loop
      vertex -10.1678 107.36 0
      vertex -11.6856 106.319 10
      vertex -10.1678 107.36 10
    endloop
  endfacet
  facet normal -0.565611 0.824672 0
    outer loop
      vertex -11.6856 106.319 10
      vertex -10.1678 107.36 0
      vertex -11.6856 106.319 0
    endloop
  endfacet
  facet normal -0.824603 -0.565711 0
    outer loop
      vertex -29.8189 1.81439 0
      vertex -30.8602 3.33223 10
      vertex -30.8602 3.33223 0
    endloop
  endfacet
  facet normal -0.824603 -0.565711 0
    outer loop
      vertex -30.8602 3.33223 10
      vertex -29.8189 1.81439 0
      vertex -29.8189 1.81439 10
    endloop
  endfacet
  facet normal 0.887661 -0.460498 0
    outer loop
      vertex 98 10.3312 10
      vertex 98.4918 11.2792 0
      vertex 98.4918 11.2792 10
    endloop
  endfacet
  facet normal 0.887661 -0.460498 0
    outer loop
      vertex 98.4918 11.2792 0
      vertex 98 10.3312 10
      vertex 98 10.3312 0
    endloop
  endfacet
  facet normal -0.0363988 0.999337 0
    outer loop
      vertex 29.6594 119.977 0
      vertex 27.8199 119.91 10
      vertex 29.6594 119.977 10
    endloop
  endfacet
  facet normal -0.0363988 0.999337 0
    outer loop
      vertex 27.8199 119.91 10
      vertex 29.6594 119.977 0
      vertex 27.8199 119.91 0
    endloop
  endfacet
  facet normal 0.0858326 0.99631 -0
    outer loop
      vertex 38.8513 119.639 0
      vertex 37.0173 119.797 10
      vertex 38.8513 119.639 10
    endloop
  endfacet
  facet normal 0.0858326 0.99631 0
    outer loop
      vertex 37.0173 119.797 10
      vertex 38.8513 119.639 0
      vertex 37.0173 119.797 0
    endloop
  endfacet
  facet normal 0.9831 0.183072 0
    outer loop
      vertex 105.396 57.8221 10
      vertex 105.059 59.6318 0
      vertex 105.059 59.6318 10
    endloop
  endfacet
  facet normal 0.9831 0.183072 0
    outer loop
      vertex 105.059 59.6318 0
      vertex 105.396 57.8221 10
      vertex 105.396 57.8221 0
    endloop
  endfacet
  facet normal 0.73265 0.680605 0
    outer loop
      vertex 87.0713 95.3669 10
      vertex 85.8185 96.7155 0
      vertex 85.8185 96.7155 10
    endloop
  endfacet
  facet normal 0.73265 0.680605 0
    outer loop
      vertex 85.8185 96.7155 0
      vertex 87.0713 95.3669 10
      vertex 87.0713 95.3669 0
    endloop
  endfacet
  facet normal 0.325405 0.945575 -0
    outer loop
      vertex 56.7667 115.616 0
      vertex 55.0261 116.215 10
      vertex 56.7667 115.616 10
    endloop
  endfacet
  facet normal 0.325405 0.945575 0
    outer loop
      vertex 55.0261 116.215 10
      vertex 56.7667 115.616 0
      vertex 55.0261 116.215 0
    endloop
  endfacet
  facet normal -0.919097 0.394031 0
    outer loop
      vertex -37.791 73.7013 0
      vertex -37.0657 75.3931 10
      vertex -37.0657 75.3931 0
    endloop
  endfacet
  facet normal -0.919097 0.394031 0
    outer loop
      vertex -37.0657 75.3931 10
      vertex -37.791 73.7013 0
      vertex -37.791 73.7013 10
    endloop
  endfacet
  facet normal -0.780731 0.624867 0
    outer loop
      vertex -27.626 91.1424 0
      vertex -26.4758 92.5795 10
      vertex -26.4758 92.5795 0
    endloop
  endfacet
  facet normal -0.780731 0.624867 0
    outer loop
      vertex -26.4758 92.5795 10
      vertex -27.626 91.1424 0
      vertex -27.626 91.1424 10
    endloop
  endfacet
  facet normal 0.945575 0.325405 0
    outer loop
      vertex 102.715 68.5261 10
      vertex 102.116 70.2667 0
      vertex 102.116 70.2667 10
    endloop
  endfacet
  facet normal 0.945575 0.325405 0
    outer loop
      vertex 102.116 70.2667 0
      vertex 102.715 68.5261 10
      vertex 102.715 68.5261 0
    endloop
  endfacet
  facet normal -0.460656 0.887579 0
    outer loop
      vertex -2.22085 111.992 0
      vertex -3.85475 111.144 10
      vertex -2.22085 111.992 10
    endloop
  endfacet
  facet normal -0.460656 0.887579 0
    outer loop
      vertex -3.85475 111.144 10
      vertex -2.22085 111.992 0
      vertex -3.85475 111.144 0
    endloop
  endfacet
  facet normal 0.9831 -0.183072 0
    outer loop
      vertex 105.059 30.3682 10
      vertex 105.396 32.1779 0
      vertex 105.396 32.1779 10
    endloop
  endfacet
  facet normal 0.9831 -0.183072 0
    outer loop
      vertex 105.396 32.1779 0
      vertex 105.059 30.3682 10
      vertex 105.059 30.3682 0
    endloop
  endfacet
  facet normal -0.680518 0.732732 0
    outer loop
      vertex -18.8669 100.571 0
      vertex -20.2155 99.3185 10
      vertex -18.8669 100.571 10
    endloop
  endfacet
  facet normal -0.680518 0.732732 0
    outer loop
      vertex -20.2155 99.3185 10
      vertex -18.8669 100.571 0
      vertex -20.2155 99.3185 0
    endloop
  endfacet
  facet normal -0.278185 0.960527 0
    outer loop
      vertex 11.4965 117.283 0
      vertex 9.72865 116.771 10
      vertex 11.4965 117.283 10
    endloop
  endfacet
  facet normal -0.278185 0.960527 0
    outer loop
      vertex 9.72865 116.771 10
      vertex 11.4965 117.283 0
      vertex 9.72865 116.771 0
    endloop
  endfacet
  facet normal -0.937348 -0.348395 0
    outer loop
      vertex -38.4745 18.0079 0
      vertex -39.1158 19.7333 10
      vertex -39.1158 19.7333 0
    endloop
  endfacet
  facet normal -0.937348 -0.348395 0
    outer loop
      vertex -39.1158 19.7333 10
      vertex -38.4745 18.0079 0
      vertex -38.4745 18.0079 10
    endloop
  endfacet
  facet normal -0.416414 -0.909175 0
    outer loop
      vertex -0.566631 -22.7992 0
      vertex 1.1069 -23.5657 10
      vertex -0.566631 -22.7992 10
    endloop
  endfacet
  facet normal -0.416414 -0.909175 -0
    outer loop
      vertex 1.1069 -23.5657 10
      vertex -0.566631 -22.7992 0
      vertex 1.1069 -23.5657 0
    endloop
  endfacet
  facet normal -0.0124949 0.999922 0
    outer loop
      vertex 31.5 120 0
      vertex 29.6594 119.977 10
      vertex 31.5 120 10
    endloop
  endfacet
  facet normal -0.0124949 0.999922 0
    outer loop
      vertex 29.6594 119.977 10
      vertex 31.5 120 0
      vertex 29.6594 119.977 0
    endloop
  endfacet
  facet normal 0.898667 -0.438631 0
    outer loop
      vertex 98.4918 11.2792 10
      vertex 99.2992 12.9334 0
      vertex 99.2992 12.9334 10
    endloop
  endfacet
  facet normal 0.898667 -0.438631 0
    outer loop
      vertex 99.2992 12.9334 0
      vertex 98.4918 11.2792 10
      vertex 98.4918 11.2792 0
    endloop
  endfacet
  facet normal 0.460506 -0.887657 0
    outer loop
      vertex 65.2208 -21.9918 0
      vertex 66.8548 -21.1441 10
      vertex 65.2208 -21.9918 10
    endloop
  endfacet
  facet normal 0.460506 -0.887657 0
    outer loop
      vertex 66.8548 -21.1441 10
      vertex 65.2208 -21.9918 0
      vertex 66.8548 -21.1441 0
    endloop
  endfacet
  facet normal 0.0613365 -0.998117 0
    outer loop
      vertex 35.1801 -29.9097 0
      vertex 37.0173 -29.7968 10
      vertex 35.1801 -29.9097 10
    endloop
  endfacet
  facet normal 0.0613365 -0.998117 0
    outer loop
      vertex 37.0173 -29.7968 10
      vertex 35.1801 -29.9097 0
      vertex 37.0173 -29.7968 0
    endloop
  endfacet
  facet normal -0.972929 -0.231104 0
    outer loop
      vertex -41.2523 26.7765 0
      vertex -41.6777 28.5674 10
      vertex -41.6777 28.5674 0
    endloop
  endfacet
  facet normal -0.972929 -0.231104 0
    outer loop
      vertex -41.6777 28.5674 10
      vertex -41.2523 26.7765 0
      vertex -41.2523 26.7765 10
    endloop
  endfacet
  facet normal 0.795834 -0.605515 0
    outer loop
      vertex 90.7343 -1 10
      vertex 91 -0.650788 0
      vertex 91 -0.650788 10
    endloop
  endfacet
  facet normal 0.795834 -0.605515 0
    outer loop
      vertex 91 -0.650788 0
      vertex 90.7343 -1 10
      vertex 90.7343 -1 0
    endloop
  endfacet
  facet normal -0.732655 -0.6806 0
    outer loop
      vertex -22.8185 -6.71554 0
      vertex -24.0713 -5.36692 10
      vertex -24.0713 -5.36692 0
    endloop
  endfacet
  facet normal -0.732655 -0.6806 0
    outer loop
      vertex -24.0713 -5.36692 10
      vertex -22.8185 -6.71554 0
      vertex -22.8185 -6.71554 10
    endloop
  endfacet
  facet normal -0.863968 -0.503547 0
    outer loop
      vertex -32.8296 6.4423 0
      vertex -33.7565 8.03264 10
      vertex -33.7565 8.03264 0
    endloop
  endfacet
  facet normal -0.863968 -0.503547 0
    outer loop
      vertex -33.7565 8.03264 10
      vertex -32.8296 6.4423 0
      vertex -32.8296 6.4423 10
    endloop
  endfacet
  facet normal -0.231104 -0.972929 0
    outer loop
      vertex 13.2765 -27.7523 0
      vertex 15.0674 -28.1777 10
      vertex 13.2765 -27.7523 10
    endloop
  endfacet
  facet normal -0.231104 -0.972929 -0
    outer loop
      vertex 15.0674 -28.1777 10
      vertex 13.2765 -27.7523 0
      vertex 15.0674 -28.1777 0
    endloop
  endfacet
  facet normal -0.999323 -0.0367786 0
    outer loop
      vertex -43.4097 41.3199 0
      vertex -43.4774 43.1594 10
      vertex -43.4774 43.1594 0
    endloop
  endfacet
  facet normal -0.999323 -0.0367786 0
    outer loop
      vertex -43.4774 43.1594 10
      vertex -43.4097 41.3199 0
      vertex -43.4097 41.3199 10
    endloop
  endfacet
  facet normal -0.953309 0.301997 0
    outer loop
      vertex -40.2705 66.7713 0
      vertex -39.7146 68.5261 10
      vertex -39.7146 68.5261 0
    endloop
  endfacet
  facet normal -0.953309 0.301997 0
    outer loop
      vertex -39.7146 68.5261 10
      vertex -40.2705 66.7713 0
      vertex -40.2705 66.7713 10
    endloop
  endfacet
  facet normal 0.978343 -0.206991 0
    outer loop
      vertex 104.678 28.5674 10
      vertex 105.059 30.3682 0
      vertex 105.059 30.3682 10
    endloop
  endfacet
  facet normal 0.978343 -0.206991 0
    outer loop
      vertex 105.059 30.3682 0
      vertex 104.678 28.5674 10
      vertex 104.678 28.5674 0
    endloop
  endfacet
  facet normal 0.919156 0.393893 0
    outer loop
      vertex 100.791 73.7013 10
      vertex 100.066 75.3931 0
      vertex 100.066 75.3931 10
    endloop
  endfacet
  facet normal 0.919156 0.393893 0
    outer loop
      vertex 100.066 75.3931 0
      vertex 100.791 73.7013 10
      vertex 100.791 73.7013 0
    endloop
  endfacet
  facet normal 0.96053 -0.278178 0
    outer loop
      vertex 103.271 23.2286 10
      vertex 103.783 24.9965 0
      vertex 103.783 24.9965 10
    endloop
  endfacet
  facet normal 0.96053 -0.278178 0
    outer loop
      vertex 103.783 24.9965 0
      vertex 103.271 23.2286 10
      vertex 103.271 23.2286 0
    endloop
  endfacet
  facet normal -0.110229 -0.993906 0
    outer loop
      vertex 22.3192 -29.436 0
      vertex 24.1487 -29.6389 10
      vertex 22.3192 -29.436 10
    endloop
  endfacet
  facet normal -0.110229 -0.993906 -0
    outer loop
      vertex 24.1487 -29.6389 10
      vertex 22.3192 -29.436 0
      vertex 24.1487 -29.6389 0
    endloop
  endfacet
  facet normal -0.810457 -0.585798 0
    outer loop
      vertex -28.7406 0.322553 0
      vertex -29.8189 1.81439 10
      vertex -29.8189 1.81439 0
    endloop
  endfacet
  facet normal -0.810457 -0.585798 0
    outer loop
      vertex -29.8189 1.81439 10
      vertex -28.7406 0.322553 0
      vertex -28.7406 0.322553 10
    endloop
  endfacet
  facet normal 0.416421 -0.909172 0
    outer loop
      vertex 61.8931 -23.5657 0
      vertex 63.5666 -22.7992 10
      vertex 61.8931 -23.5657 10
    endloop
  endfacet
  facet normal 0.416421 -0.909172 0
    outer loop
      vertex 63.5666 -22.7992 10
      vertex 61.8931 -23.5657 0
      vertex 63.5666 -22.7992 0
    endloop
  endfacet
  facet normal 0.394031 -0.919097 0
    outer loop
      vertex 60.2013 -24.291 0
      vertex 61.8931 -23.5657 10
      vertex 60.2013 -24.291 10
    endloop
  endfacet
  facet normal 0.394031 -0.919097 0
    outer loop
      vertex 61.8931 -23.5657 10
      vertex 60.2013 -24.291 0
      vertex 61.8931 -23.5657 0
    endloop
  endfacet
  facet normal -0.545318 -0.838229 0
    outer loop
      vertex -10.1678 -17.3602 0
      vertex -8.62482 -18.364 10
      vertex -10.1678 -17.3602 10
    endloop
  endfacet
  facet normal -0.545318 -0.838229 -0
    outer loop
      vertex -8.62482 -18.364 10
      vertex -10.1678 -17.3602 0
      vertex -8.62482 -18.364 0
    endloop
  endfacet
  facet normal 0.503597 0.863938 -0
    outer loop
      vertex 70.0577 109.33 0
      vertex 68.4674 110.257 10
      vertex 70.0577 109.33 10
    endloop
  endfacet
  facet normal 0.503597 0.863938 0
    outer loop
      vertex 68.4674 110.257 10
      vertex 70.0577 109.33 0
      vertex 68.4674 110.257 0
    endloop
  endfacet
  facet normal 0.680597 -0.732658 0
    outer loop
      vertex 81.8669 -10.5713 0
      vertex 83.2155 -9.31853 10
      vertex 81.8669 -10.5713 10
    endloop
  endfacet
  facet normal 0.680597 -0.732658 0
    outer loop
      vertex 83.2155 -9.31853 10
      vertex 81.8669 -10.5713 0
      vertex 83.2155 -9.31853 0
    endloop
  endfacet
  facet normal -0.662453 -0.749103 0
    outer loop
      vertex -18.8669 -10.5713 0
      vertex -17.488 -11.7907 10
      vertex -18.8669 -10.5713 10
    endloop
  endfacet
  facet normal -0.662453 -0.749103 -0
    outer loop
      vertex -17.488 -11.7907 10
      vertex -18.8669 -10.5713 0
      vertex -17.488 -11.7907 0
    endloop
  endfacet
  facet normal 0.972856 -0.231412 0
    outer loop
      vertex 104.252 26.7765 10
      vertex 104.678 28.5674 0
      vertex 104.678 28.5674 10
    endloop
  endfacet
  facet normal 0.972856 -0.231412 0
    outer loop
      vertex 104.678 28.5674 0
      vertex 104.252 26.7765 10
      vertex 104.252 26.7765 0
    endloop
  endfacet
  facet normal 0.348729 0.937224 -0
    outer loop
      vertex 58.4921 114.974 0
      vertex 56.7667 115.616 10
      vertex 58.4921 114.974 10
    endloop
  endfacet
  facet normal 0.348729 0.937224 0
    outer loop
      vertex 56.7667 115.616 10
      vertex 58.4921 114.974 0
      vertex 56.7667 115.616 0
    endloop
  endfacet
  facet normal -0.662636 0.748942 0
    outer loop
      vertex -17.488 101.791 0
      vertex -18.8669 100.571 10
      vertex -17.488 101.791 10
    endloop
  endfacet
  facet normal -0.662636 0.748942 0
    outer loop
      vertex -18.8669 100.571 10
      vertex -17.488 101.791 0
      vertex -18.8669 100.571 0
    endloop
  endfacet
  facet normal 0.371072 0.928604 -0
    outer loop
      vertex 60.2013 114.291 0
      vertex 58.4921 114.974 10
      vertex 60.2013 114.291 10
    endloop
  endfacet
  facet normal 0.371072 0.928604 0
    outer loop
      vertex 58.4921 114.974 10
      vertex 60.2013 114.291 0
      vertex 58.4921 114.974 0
    endloop
  endfacet
  facet normal -0.643784 0.765207 0
    outer loop
      vertex -16.0795 102.976 0
      vertex -17.488 101.791 10
      vertex -16.0795 102.976 10
    endloop
  endfacet
  facet normal -0.643784 0.765207 0
    outer loop
      vertex -17.488 101.791 10
      vertex -16.0795 102.976 0
      vertex -17.488 101.791 0
    endloop
  endfacet
  facet normal 0.0613906 0.998114 -0
    outer loop
      vertex 37.0173 119.797 0
      vertex 35.1801 119.91 10
      vertex 37.0173 119.797 10
    endloop
  endfacet
  facet normal 0.0613906 0.998114 0
    outer loop
      vertex 35.1801 119.91 10
      vertex 37.0173 119.797 0
      vertex 35.1801 119.91 0
    endloop
  endfacet
  facet normal -0.887657 0.460506 0
    outer loop
      vertex -35.4918 78.7208 0
      vertex -34.6441 80.3548 10
      vertex -34.6441 80.3548 0
    endloop
  endfacet
  facet normal -0.887657 0.460506 0
    outer loop
      vertex -34.6441 80.3548 10
      vertex -35.4918 78.7208 0
      vertex -35.4918 78.7208 10
    endloop
  endfacet
  facet normal -0.605496 -0.795848 0
    outer loop
      vertex -14.6424 -14.126 0
      vertex -13.1774 -15.2406 10
      vertex -14.6424 -14.126 10
    endloop
  endfacet
  facet normal -0.605496 -0.795848 -0
    outer loop
      vertex -13.1774 -15.2406 10
      vertex -14.6424 -14.126 0
      vertex -13.1774 -15.2406 0
    endloop
  endfacet
  facet normal -0.76518 0.643816 0
    outer loop
      vertex -26.4758 92.5795 0
      vertex -25.2907 93.988 10
      vertex -25.2907 93.988 0
    endloop
  endfacet
  facet normal -0.76518 0.643816 0
    outer loop
      vertex -25.2907 93.988 10
      vertex -26.4758 92.5795 0
      vertex -26.4758 92.5795 10
    endloop
  endfacet
  facet normal -0.110282 0.9939 0
    outer loop
      vertex 24.1487 119.639 0
      vertex 22.3192 119.436 10
      vertex 24.1487 119.639 10
    endloop
  endfacet
  facet normal -0.110282 0.9939 0
    outer loop
      vertex 22.3192 119.436 10
      vertex 24.1487 119.639 0
      vertex 22.3192 119.436 0
    endloop
  endfacet
  facet normal -0.937348 0.348395 0
    outer loop
      vertex -39.1158 70.2667 0
      vertex -38.4745 71.9921 10
      vertex -38.4745 71.9921 0
    endloop
  endfacet
  facet normal -0.937348 0.348395 0
    outer loop
      vertex -38.4745 71.9921 10
      vertex -39.1158 70.2667 0
      vertex -39.1158 70.2667 10
    endloop
  endfacet
  facet normal 0.110282 0.9939 -0
    outer loop
      vertex 40.6808 119.436 0
      vertex 38.8513 119.639 10
      vertex 40.6808 119.436 10
    endloop
  endfacet
  facet normal 0.110282 0.9939 0
    outer loop
      vertex 38.8513 119.639 10
      vertex 40.6808 119.436 0
      vertex 38.8513 119.639 0
    endloop
  endfacet
  facet normal -0.503588 0.863944 0
    outer loop
      vertex -5.46736 110.257 0
      vertex -7.0577 109.33 10
      vertex -5.46736 110.257 10
    endloop
  endfacet
  facet normal -0.503588 0.863944 0
    outer loop
      vertex -7.0577 109.33 10
      vertex -5.46736 110.257 0
      vertex -7.0577 109.33 0
    endloop
  endfacet
  facet normal 0.605634 0.795743 -0
    outer loop
      vertex 77.6424 104.126 0
      vertex 76.1774 105.241 10
      vertex 77.6424 104.126 10
    endloop
  endfacet
  facet normal 0.605634 0.795743 0
    outer loop
      vertex 76.1774 105.241 10
      vertex 77.6424 104.126 0
      vertex 76.1774 105.241 0
    endloop
  endfacet
  facet normal 0.565722 -0.824596 0
    outer loop
      vertex 73.1678 -17.3602 0
      vertex 74.6856 -16.3189 10
      vertex 73.1678 -17.3602 10
    endloop
  endfacet
  facet normal 0.565722 -0.824596 0
    outer loop
      vertex 74.6856 -16.3189 10
      vertex 73.1678 -17.3602 0
      vertex 74.6856 -16.3189 0
    endloop
  endfacet
  facet normal -0.0122777 -0.999925 0
    outer loop
      vertex 29.6594 -29.9774 0
      vertex 31.5 -30 10
      vertex 29.6594 -29.9774 10
    endloop
  endfacet
  facet normal -0.0122777 -0.999925 -0
    outer loop
      vertex 31.5 -30 10
      vertex 29.6594 -29.9774 0
      vertex 31.5 -30 0
    endloop
  endfacet
  facet normal -0.996314 0.0857786 0
    outer loop
      vertex -43.2968 50.5173 0
      vertex -43.1389 52.3513 10
      vertex -43.1389 52.3513 0
    endloop
  endfacet
  facet normal -0.996314 0.0857786 0
    outer loop
      vertex -43.1389 52.3513 10
      vertex -43.2968 50.5173 0
      vertex -43.2968 50.5173 10
    endloop
  endfacet
  facet normal 0.81045 0.585808 0
    outer loop
      vertex 92.8189 88.1856 10
      vertex 91.7406 89.6774 0
      vertex 91.7406 89.6774 10
    endloop
  endfacet
  facet normal 0.81045 0.585808 0
    outer loop
      vertex 91.7406 89.6774 0
      vertex 92.8189 88.1856 10
      vertex 92.8189 88.1856 0
    endloop
  endfacet
  facet normal -0.983109 0.183019 0
    outer loop
      vertex -42.3958 57.8221 0
      vertex -42.0589 59.6318 10
      vertex -42.0589 59.6318 0
    endloop
  endfacet
  facet normal -0.983109 0.183019 0
    outer loop
      vertex -42.0589 59.6318 10
      vertex -42.3958 57.8221 0
      vertex -42.3958 57.8221 10
    endloop
  endfacet
  facet normal -0.605634 0.795743 0
    outer loop
      vertex -13.1774 105.241 0
      vertex -14.6424 104.126 10
      vertex -13.1774 105.241 10
    endloop
  endfacet
  facet normal -0.605634 0.795743 0
    outer loop
      vertex -14.6424 104.126 10
      vertex -13.1774 105.241 0
      vertex -14.6424 104.126 0
    endloop
  endfacet
  facet normal -0.624801 0.780784 0
    outer loop
      vertex -14.6424 104.126 0
      vertex -16.0795 102.976 10
      vertex -14.6424 104.126 10
    endloop
  endfacet
  facet normal -0.624801 0.780784 0
    outer loop
      vertex -16.0795 102.976 10
      vertex -14.6424 104.126 0
      vertex -16.0795 102.976 0
    endloop
  endfacet
  facet normal -0.482196 -0.876063 0
    outer loop
      vertex -5.46736 -20.2565 0
      vertex -3.85475 -21.1441 10
      vertex -5.46736 -20.2565 10
    endloop
  endfacet
  facet normal -0.482196 -0.876063 -0
    outer loop
      vertex -3.85475 -21.1441 10
      vertex -5.46736 -20.2565 0
      vertex -3.85475 -21.1441 0
    endloop
  endfacet
  facet normal -0.503547 -0.863968 0
    outer loop
      vertex -7.0577 -19.3296 0
      vertex -5.46736 -20.2565 10
      vertex -7.0577 -19.3296 10
    endloop
  endfacet
  facet normal -0.503547 -0.863968 -0
    outer loop
      vertex -5.46736 -20.2565 10
      vertex -7.0577 -19.3296 0
      vertex -5.46736 -20.2565 0
    endloop
  endfacet
  facet normal 0.482198 -0.876062 0
    outer loop
      vertex 66.8548 -21.1441 0
      vertex 68.4674 -20.2565 10
      vertex 66.8548 -21.1441 10
    endloop
  endfacet
  facet normal 0.482198 -0.876062 0
    outer loop
      vertex 68.4674 -20.2565 10
      vertex 66.8548 -21.1441 0
      vertex 68.4674 -20.2565 0
    endloop
  endfacet
  facet normal -0.838224 -0.545325 0
    outer loop
      vertex -30.8602 3.33223 0
      vertex -31.864 4.87518 10
      vertex -31.864 4.87518 0
    endloop
  endfacet
  facet normal -0.838224 -0.545325 0
    outer loop
      vertex -31.864 4.87518 10
      vertex -30.8602 3.33223 0
      vertex -30.8602 3.33223 10
    endloop
  endfacet
  facet normal -0.851363 -0.524577 0
    outer loop
      vertex -31.864 4.87518 0
      vertex -32.8296 6.4423 10
      vertex -32.8296 6.4423 0
    endloop
  endfacet
  facet normal -0.851363 -0.524577 0
    outer loop
      vertex -32.8296 6.4423 10
      vertex -31.864 4.87518 0
      vertex -31.864 4.87518 10
    endloop
  endfacet
  facet normal -0.460528 -0.887645 0
    outer loop
      vertex -3.85475 -21.1441 0
      vertex -2.22085 -21.9918 10
      vertex -3.85475 -21.1441 10
    endloop
  endfacet
  facet normal -0.460528 -0.887645 -0
    outer loop
      vertex -2.22085 -21.9918 10
      vertex -3.85475 -21.1441 0
      vertex -2.22085 -21.9918 0
    endloop
  endfacet
  facet normal -0.134725 0.990883 0
    outer loop
      vertex 22.3192 119.436 0
      vertex 20.4952 119.188 10
      vertex 22.3192 119.436 10
    endloop
  endfacet
  facet normal -0.134725 0.990883 0
    outer loop
      vertex 20.4952 119.188 10
      vertex 22.3192 119.436 0
      vertex 20.4952 119.188 0
    endloop
  endfacet
  facet normal -0.909172 0.416421 0
    outer loop
      vertex -37.0657 75.3931 0
      vertex -36.2992 77.0666 10
      vertex -36.2992 77.0666 0
    endloop
  endfacet
  facet normal -0.909172 0.416421 0
    outer loop
      vertex -36.2992 77.0666 10
      vertex -37.0657 75.3931 0
      vertex -37.0657 75.3931 10
    endloop
  endfacet
  facet normal -0.824596 0.565722 0
    outer loop
      vertex -30.8602 86.6678 0
      vertex -29.8189 88.1856 10
      vertex -29.8189 88.1856 0
    endloop
  endfacet
  facet normal -0.824596 0.565722 0
    outer loop
      vertex -29.8189 88.1856 10
      vertex -30.8602 86.6678 0
      vertex -30.8602 86.6678 10
    endloop
  endfacet
  facet normal -0.0613365 -0.998117 0
    outer loop
      vertex 25.9827 -29.7968 0
      vertex 27.8199 -29.9097 10
      vertex 25.9827 -29.7968 10
    endloop
  endfacet
  facet normal -0.0613365 -0.998117 -0
    outer loop
      vertex 27.8199 -29.9097 10
      vertex 25.9827 -29.7968 0
      vertex 27.8199 -29.9097 0
    endloop
  endfacet
  facet normal -0.416639 0.909072 0
    outer loop
      vertex 1.1069 113.566 0
      vertex -0.566631 112.799 10
      vertex 1.1069 113.566 10
    endloop
  endfacet
  facet normal -0.416639 0.909072 0
    outer loop
      vertex -0.566631 112.799 10
      vertex 1.1069 113.566 0
      vertex -0.566631 112.799 0
    endloop
  endfacet
  facet normal -0.993906 -0.110229 0
    outer loop
      vertex -42.936 35.8192 0
      vertex -43.1389 37.6487 10
      vertex -43.1389 37.6487 0
    endloop
  endfacet
  facet normal -0.993906 -0.110229 0
    outer loop
      vertex -43.1389 37.6487 10
      vertex -42.936 35.8192 0
      vertex -42.936 35.8192 10
    endloop
  endfacet
  facet normal -0.863962 0.503557 0
    outer loop
      vertex -33.7565 81.9674 0
      vertex -32.8296 83.5577 10
      vertex -32.8296 83.5577 0
    endloop
  endfacet
  facet normal -0.863962 0.503557 0
    outer loop
      vertex -32.8296 83.5577 10
      vertex -33.7565 81.9674 0
      vertex -33.7565 81.9674 10
    endloop
  endfacet
  facet normal -0.953304 -0.302013 0
    outer loop
      vertex -39.7146 21.4739 0
      vertex -40.2705 23.2286 10
      vertex -40.2705 23.2286 0
    endloop
  endfacet
  facet normal -0.953304 -0.302013 0
    outer loop
      vertex -40.2705 23.2286 10
      vertex -39.7146 21.4739 0
      vertex -39.7146 21.4739 10
    endloop
  endfacet
  facet normal -0.990897 -0.134619 0
    outer loop
      vertex -42.6882 33.9952 0
      vertex -42.936 35.8192 10
      vertex -42.936 35.8192 0
    endloop
  endfacet
  facet normal -0.990897 -0.134619 0
    outer loop
      vertex -42.936 35.8192 10
      vertex -42.6882 33.9952 0
      vertex -42.6882 33.9952 10
    endloop
  endfacet
  facet normal 0.795848 0.605496 0
    outer loop
      vertex 91.7406 89.6774 10
      vertex 90.626 91.1424 0
      vertex 90.626 91.1424 10
    endloop
  endfacet
  facet normal 0.795848 0.605496 0
    outer loop
      vertex 90.626 91.1424 0
      vertex 91.7406 89.6774 10
      vertex 91.7406 89.6774 0
    endloop
  endfacet
  facet normal 0.780731 0.624867 0
    outer loop
      vertex 90.626 91.1424 10
      vertex 89.4758 92.5795 0
      vertex 89.4758 92.5795 10
    endloop
  endfacet
  facet normal 0.780731 0.624867 0
    outer loop
      vertex 89.4758 92.5795 0
      vertex 90.626 91.1424 10
      vertex 90.626 91.1424 0
    endloop
  endfacet
  facet normal 0.698367 -0.71574 0
    outer loop
      vertex 83.2155 -9.31853 0
      vertex 84.533 -8.03301 10
      vertex 83.2155 -9.31853 10
    endloop
  endfacet
  facet normal 0.698367 -0.71574 0
    outer loop
      vertex 84.533 -8.03301 10
      vertex 83.2155 -9.31853 0
      vertex 84.533 -8.03301 0
    endloop
  endfacet
  facet normal 0.928604 -0.371072 0
    outer loop
      vertex 100.791 16.2987 10
      vertex 101.474 18.0079 0
      vertex 101.474 18.0079 10
    endloop
  endfacet
  facet normal 0.928604 -0.371072 0
    outer loop
      vertex 101.474 18.0079 0
      vertex 100.791 16.2987 10
      vertex 100.791 16.2987 0
    endloop
  endfacet
  facet normal 0.937224 0.348729 0
    outer loop
      vertex 102.116 70.2667 10
      vertex 101.474 71.9921 0
      vertex 101.474 71.9921 10
    endloop
  endfacet
  facet normal 0.937224 0.348729 0
    outer loop
      vertex 101.474 71.9921 0
      vertex 102.116 70.2667 10
      vertex 102.116 70.2667 0
    endloop
  endfacet
  facet normal -0.624867 -0.780731 0
    outer loop
      vertex -16.0795 -12.9758 0
      vertex -14.6424 -14.126 10
      vertex -16.0795 -12.9758 10
    endloop
  endfacet
  facet normal -0.624867 -0.780731 -0
    outer loop
      vertex -14.6424 -14.126 10
      vertex -16.0795 -12.9758 0
      vertex -14.6424 -14.126 0
    endloop
  endfacet
  facet normal 0.545389 0.838183 -0
    outer loop
      vertex 73.1678 107.36 0
      vertex 71.6248 108.364 10
      vertex 73.1678 107.36 10
    endloop
  endfacet
  facet normal 0.545389 0.838183 0
    outer loop
      vertex 71.6248 108.364 10
      vertex 73.1678 107.36 0
      vertex 71.6248 108.364 0
    endloop
  endfacet
  facet normal -0.898667 0.438631 0
    outer loop
      vertex -36.2992 77.0666 0
      vertex -35.4918 78.7208 10
      vertex -35.4918 78.7208 0
    endloop
  endfacet
  facet normal -0.898667 0.438631 0
    outer loop
      vertex -35.4918 78.7208 10
      vertex -36.2992 77.0666 0
      vertex -36.2992 77.0666 10
    endloop
  endfacet
  facet normal -0.325306 -0.945609 0
    outer loop
      vertex 6.23326 -25.6158 0
      vertex 7.97387 -26.2146 10
      vertex 6.23326 -25.6158 10
    endloop
  endfacet
  facet normal -0.325306 -0.945609 -0
    outer loop
      vertex 7.97387 -26.2146 10
      vertex 6.23326 -25.6158 0
      vertex 7.97387 -26.2146 0
    endloop
  endfacet
  facet normal -0.990897 0.134619 0
    outer loop
      vertex -42.936 54.1808 0
      vertex -42.6882 56.0048 10
      vertex -42.6882 56.0048 0
    endloop
  endfacet
  facet normal -0.990897 0.134619 0
    outer loop
      vertex -42.6882 56.0048 10
      vertex -42.936 54.1808 0
      vertex -42.936 54.1808 10
    endloop
  endfacet
  facet normal -0.231412 0.972856 0
    outer loop
      vertex 15.0674 118.178 0
      vertex 13.2765 117.752 10
      vertex 15.0674 118.178 10
    endloop
  endfacet
  facet normal -0.231412 0.972856 0
    outer loop
      vertex 13.2765 117.752 10
      vertex 15.0674 118.178 0
      vertex 13.2765 117.752 0
    endloop
  endfacet
  facet normal -0.698367 -0.71574 0
    outer loop
      vertex -21.533 -8.03301 0
      vertex -20.2155 -9.31853 10
      vertex -21.533 -8.03301 10
    endloop
  endfacet
  facet normal -0.698367 -0.71574 -0
    outer loop
      vertex -20.2155 -9.31853 10
      vertex -21.533 -8.03301 0
      vertex -20.2155 -9.31853 0
    endloop
  endfacet
  facet normal 0.90911 -0.416556 0
    outer loop
      vertex 99.2992 12.9334 10
      vertex 100.066 14.6069 0
      vertex 100.066 14.6069 10
    endloop
  endfacet
  facet normal 0.90911 -0.416556 0
    outer loop
      vertex 100.066 14.6069 0
      vertex 99.2992 12.9334 10
      vertex 99.2992 12.9334 0
    endloop
  endfacet
  facet normal -0.254838 -0.966984 0
    outer loop
      vertex 11.4965 -27.2832 0
      vertex 13.2765 -27.7523 10
      vertex 11.4965 -27.2832 10
    endloop
  endfacet
  facet normal -0.254838 -0.966984 -0
    outer loop
      vertex 13.2765 -27.7523 10
      vertex 11.4965 -27.2832 0
      vertex 13.2765 -27.7523 0
    endloop
  endfacet
  facet normal -0.134619 -0.990897 0
    outer loop
      vertex 20.4952 -29.1882 0
      vertex 22.3192 -29.436 10
      vertex 20.4952 -29.1882 10
    endloop
  endfacet
  facet normal -0.134619 -0.990897 -0
    outer loop
      vertex 22.3192 -29.436 10
      vertex 20.4952 -29.1882 0
      vertex 22.3192 -29.436 0
    endloop
  endfacet
  facet normal -0.978321 -0.207095 0
    outer loop
      vertex -41.6777 28.5674 0
      vertex -42.0589 30.3682 10
      vertex -42.0589 30.3682 0
    endloop
  endfacet
  facet normal -0.978321 -0.207095 0
    outer loop
      vertex -42.0589 30.3682 10
      vertex -41.6777 28.5674 0
      vertex -41.6777 28.5674 10
    endloop
  endfacet
  facet normal 0.585808 -0.81045 0
    outer loop
      vertex 74.6856 -16.3189 0
      vertex 76.1774 -15.2406 10
      vertex 74.6856 -16.3189 10
    endloop
  endfacet
  facet normal 0.585808 -0.81045 0
    outer loop
      vertex 76.1774 -15.2406 10
      vertex 74.6856 -16.3189 0
      vertex 76.1774 -15.2406 0
    endloop
  endfacet
  facet normal 0.254787 0.966997 -0
    outer loop
      vertex 51.5035 117.283 0
      vertex 49.7235 117.752 10
      vertex 51.5035 117.283 10
    endloop
  endfacet
  facet normal 0.254787 0.966997 0
    outer loop
      vertex 49.7235 117.752 10
      vertex 51.5035 117.283 0
      vertex 49.7235 117.752 0
    endloop
  endfacet
  facet normal -0.978321 0.207095 0
    outer loop
      vertex -42.0589 59.6318 0
      vertex -41.6777 61.4326 10
      vertex -41.6777 61.4326 0
    endloop
  endfacet
  facet normal -0.978321 0.207095 0
    outer loop
      vertex -41.6777 61.4326 10
      vertex -42.0589 59.6318 0
      vertex -42.0589 59.6318 10
    endloop
  endfacet
  facet normal -0.972929 0.231104 0
    outer loop
      vertex -41.6777 61.4326 0
      vertex -41.2523 63.2235 10
      vertex -41.2523 63.2235 0
    endloop
  endfacet
  facet normal -0.972929 0.231104 0
    outer loop
      vertex -41.2523 63.2235 10
      vertex -41.6777 61.4326 0
      vertex -41.6777 61.4326 10
    endloop
  endfacet
  facet normal -0.207095 -0.978321 0
    outer loop
      vertex 15.0674 -28.1777 0
      vertex 16.8682 -28.5589 10
      vertex 15.0674 -28.1777 10
    endloop
  endfacet
  facet normal -0.207095 -0.978321 -0
    outer loop
      vertex 16.8682 -28.5589 10
      vertex 15.0674 -28.1777 0
      vertex 16.8682 -28.5589 0
    endloop
  endfacet
  facet normal -0.91912 -0.393977 0
    outer loop
      vertex 94.3238 71.0225 0
      vertex 93.6663 72.5564 10
      vertex 93.6663 72.5564 0
    endloop
  endfacet
  facet normal -0.91912 -0.393977 0
    outer loop
      vertex 93.6663 72.5564 10
      vertex 94.3238 71.0225 0
      vertex 94.3238 71.0225 10
    endloop
  endfacet
  facet normal -0.999323 -0.03679 0
    outer loop
      vertex 99.4795 46.6688 0
      vertex 99.4181 48.3366 10
      vertex 99.4181 48.3366 0
    endloop
  endfacet
  facet normal -0.999323 -0.03679 0
    outer loop
      vertex 99.4181 48.3366 10
      vertex 99.4795 46.6688 0
      vertex 99.4795 46.6688 10
    endloop
  endfacet
  facet normal 0.91912 -0.393977 0
    outer loop
      vertex -31.3238 71.0225 10
      vertex -30.6663 72.5564 0
      vertex -30.6663 72.5564 10
    endloop
  endfacet
  facet normal 0.91912 -0.393977 0
    outer loop
      vertex -30.6663 72.5564 0
      vertex -31.3238 71.0225 10
      vertex -31.3238 71.0225 0
    endloop
  endfacet
  facet normal -0.838238 -0.545304 0
    outer loop
      vertex 88.95 81.3798 0
      vertex 88.0399 82.7788 10
      vertex 88.0399 82.7788 0
    endloop
  endfacet
  facet normal -0.838238 -0.545304 0
    outer loop
      vertex 88.0399 82.7788 10
      vertex 88.95 81.3798 0
      vertex 88.95 81.3798 10
    endloop
  endfacet
  facet normal -0.207131 0.978313 0
    outer loop
      vertex 46.3989 -21.3477 0
      vertex 44.7661 -21.6934 10
      vertex 46.3989 -21.3477 10
    endloop
  endfacet
  facet normal -0.207131 0.978313 0
    outer loop
      vertex 44.7661 -21.6934 10
      vertex 46.3989 -21.3477 0
      vertex 44.7661 -21.6934 0
    endloop
  endfacet
  facet normal -0.23127 -0.97289 0
    outer loop
      vertex 46.3989 111.348 0
      vertex 48.0227 110.962 10
      vertex 46.3989 111.348 10
    endloop
  endfacet
  facet normal -0.23127 -0.97289 -0
    outer loop
      vertex 48.0227 110.962 10
      vertex 46.3989 111.348 0
      vertex 48.0227 110.962 0
    endloop
  endfacet
  facet normal 0.524589 0.851356 -0
    outer loop
      vertex -3.45899 -13.3255 0
      vertex -4.87984 -12.45 10
      vertex -3.45899 -13.3255 10
    endloop
  endfacet
  facet normal 0.524589 0.851356 0
    outer loop
      vertex -4.87984 -12.45 10
      vertex -3.45899 -13.3255 0
      vertex -4.87984 -12.45 0
    endloop
  endfacet
  facet normal -0.416442 -0.909162 0
    outer loop
      vertex 59.0564 107.166 0
      vertex 60.5737 106.471 10
      vertex 59.0564 107.166 10
    endloop
  endfacet
  facet normal -0.416442 -0.909162 -0
    outer loop
      vertex 60.5737 106.471 10
      vertex 59.0564 107.166 0
      vertex 60.5737 106.471 0
    endloop
  endfacet
  facet normal 0.348163 -0.937434 0
    outer loop
      vertex 7.02714 108.444 0
      vertex 8.59149 109.025 10
      vertex 7.02714 108.444 10
    endloop
  endfacet
  facet normal 0.348163 -0.937434 0
    outer loop
      vertex 8.59149 109.025 10
      vertex 7.02714 108.444 0
      vertex 8.59149 109.025 0
    endloop
  endfacet
  facet normal -0.732613 0.680645 0
    outer loop
      vertex 81.5744 -1 0
      vertex 81.8847 -0.666008 10
      vertex 81.8847 -0.666008 0
    endloop
  endfacet
  facet normal -0.732613 0.680645 0
    outer loop
      vertex 81.8847 -0.666008 10
      vertex 81.5744 -1 0
      vertex 81.5744 -1 10
    endloop
  endfacet
  facet normal 0.824608 0.565705 0
    outer loop
      vertex -24.0958 5.84504 10
      vertex -25.0399 7.22122 0
      vertex -25.0399 7.22122 10
    endloop
  endfacet
  facet normal 0.824608 0.565705 0
    outer loop
      vertex -25.0399 7.22122 0
      vertex -24.0958 5.84504 10
      vertex -24.0958 5.84504 0
    endloop
  endfacet
  facet normal -0.158848 0.987303 0
    outer loop
      vertex 43.1254 -21.9989 0
      vertex 41.4777 -22.264 10
      vertex 43.1254 -21.9989 10
    endloop
  endfacet
  facet normal -0.158848 0.987303 0
    outer loop
      vertex 41.4777 -22.264 10
      vertex 43.1254 -21.9989 0
      vertex 41.4777 -22.264 0
    endloop
  endfacet
  facet normal 0.371471 -0.928444 0
    outer loop
      vertex 5.47753 107.824 0
      vertex 7.02714 108.444 10
      vertex 5.47753 107.824 10
    endloop
  endfacet
  facet normal 0.371471 -0.928444 0
    outer loop
      vertex 7.02714 108.444 10
      vertex 5.47753 107.824 0
      vertex 7.02714 108.444 0
    endloop
  endfacet
  facet normal -0.680594 -0.732661 0
    outer loop
      vertex 77.166 95.3847 0
      vertex 78.3888 94.2488 10
      vertex 77.166 95.3847 10
    endloop
  endfacet
  facet normal -0.680594 -0.732661 -0
    outer loop
      vertex 78.3888 94.2488 10
      vertex 77.166 95.3847 0
      vertex 78.3888 94.2488 0
    endloop
  endfacet
  facet normal 0.983103 -0.183055 0
    outer loop
      vertex -35.4989 56.6254 10
      vertex -35.1934 58.2661 0
      vertex -35.1934 58.2661 10
    endloop
  endfacet
  facet normal 0.983103 -0.183055 0
    outer loop
      vertex -35.1934 58.2661 0
      vertex -35.4989 56.6254 10
      vertex -35.4989 56.6254 0
    endloop
  endfacet
  facet normal -0.863964 0.503554 0
    outer loop
      vertex 89.8255 10.041 0
      vertex 90.6659 11.4829 10
      vertex 90.6659 11.4829 0
    endloop
  endfacet
  facet normal -0.863964 0.503554 0
    outer loop
      vertex 90.6659 11.4829 10
      vertex 89.8255 10.041 0
      vertex 89.8255 10.041 10
    endloop
  endfacet
  facet normal 0.928506 -0.371318 0
    outer loop
      vertex -31.9435 69.4729 10
      vertex -31.3238 71.0225 0
      vertex -31.3238 71.0225 10
    endloop
  endfacet
  facet normal 0.928506 -0.371318 0
    outer loop
      vertex -31.3238 71.0225 0
      vertex -31.9435 69.4729 10
      vertex -31.9435 69.4729 0
    endloop
  endfacet
  facet normal 0.158848 0.987303 -0
    outer loop
      vertex 21.5223 -22.264 0
      vertex 19.8746 -21.9989 10
      vertex 21.5223 -22.264 10
    endloop
  endfacet
  facet normal 0.158848 0.987303 0
    outer loop
      vertex 19.8746 -21.9989 10
      vertex 21.5223 -22.264 0
      vertex 19.8746 -21.9989 0
    endloop
  endfacet
  facet normal 0.928506 0.371318 0
    outer loop
      vertex -31.3238 18.9775 10
      vertex -31.9435 20.5271 0
      vertex -31.9435 20.5271 10
    endloop
  endfacet
  facet normal 0.928506 0.371318 0
    outer loop
      vertex -31.9435 20.5271 0
      vertex -31.3238 18.9775 10
      vertex -31.3238 18.9775 0
    endloop
  endfacet
  facet normal -0.301992 -0.953311 0
    outer loop
      vertex 51.2394 110.072 0
      vertex 52.8304 109.568 10
      vertex 51.2394 110.072 10
    endloop
  endfacet
  facet normal -0.301992 -0.953311 -0
    outer loop
      vertex 52.8304 109.568 10
      vertex 51.2394 110.072 0
      vertex 52.8304 109.568 0
    endloop
  endfacet
  facet normal -0.110254 0.993903 0
    outer loop
      vertex 39.8239 -22.4886 0
      vertex 38.1652 -22.6726 10
      vertex 39.8239 -22.4886 10
    endloop
  endfacet
  facet normal -0.110254 0.993903 0
    outer loop
      vertex 38.1652 -22.6726 10
      vertex 39.8239 -22.4886 0
      vertex 38.1652 -22.6726 0
    endloop
  endfacet
  facet normal 0.810445 -0.585814 0
    outer loop
      vertex -24.0958 84.155 10
      vertex -23.1181 85.5076 0
      vertex -23.1181 85.5076 10
    endloop
  endfacet
  facet normal 0.810445 -0.585814 0
    outer loop
      vertex -23.1181 85.5076 0
      vertex -24.0958 84.155 10
      vertex -24.0958 84.155 0
    endloop
  endfacet
  facet normal 0.325361 -0.94559 0
    outer loop
      vertex 8.59149 109.025 0
      vertex 10.1696 109.568 10
      vertex 8.59149 109.025 10
    endloop
  endfacet
  facet normal 0.325361 -0.94559 0
    outer loop
      vertex 10.1696 109.568 10
      vertex 8.59149 109.025 0
      vertex 10.1696 109.568 0
    endloop
  endfacet
  facet normal 0.983103 0.183055 0
    outer loop
      vertex -35.1934 31.7339 10
      vertex -35.4989 33.3746 0
      vertex -35.4989 33.3746 10
    endloop
  endfacet
  facet normal 0.983103 0.183055 0
    outer loop
      vertex -35.4989 33.3746 0
      vertex -35.1934 31.7339 10
      vertex -35.1934 31.7339 0
    endloop
  endfacet
  facet normal 0.662431 0.749123 -0
    outer loop
      vertex -12.9158 -6.4902 0
      vertex -14.166 -5.38468 10
      vertex -12.9158 -6.4902 10
    endloop
  endfacet
  facet normal 0.662431 0.749123 0
    outer loop
      vertex -14.166 -5.38468 10
      vertex -12.9158 -6.4902 0
      vertex -14.166 -5.38468 0
    endloop
  endfacet
  facet normal -0.0858022 0.996312 0
    outer loop
      vertex 38.1652 -22.6726 0
      vertex 36.5024 -22.8158 10
      vertex 38.1652 -22.6726 10
    endloop
  endfacet
  facet normal -0.0858022 0.996312 0
    outer loop
      vertex 36.5024 -22.8158 10
      vertex 38.1652 -22.6726 0
      vertex 36.5024 -22.8158 0
    endloop
  endfacet
  facet normal -0.824611 -0.5657 0
    outer loop
      vertex 88.0399 82.7788 0
      vertex 87.0958 84.155 10
      vertex 87.0958 84.155 0
    endloop
  endfacet
  facet normal -0.824611 -0.5657 0
    outer loop
      vertex 87.0958 84.155 10
      vertex 88.0399 82.7788 0
      vertex 88.0399 82.7788 10
    endloop
  endfacet
  facet normal -0.76517 0.643828 0
    outer loop
      vertex 82.9902 0.584248 0
      vertex 84.0647 1.86126 10
      vertex 84.0647 1.86126 0
    endloop
  endfacet
  facet normal -0.76517 0.643828 0
    outer loop
      vertex 84.0647 1.86126 10
      vertex 82.9902 0.584248 0
      vertex 82.9902 0.584248 10
    endloop
  endfacet
  facet normal 0.643802 -0.765192 0
    outer loop
      vertex -12.9158 96.4902 0
      vertex -11.6387 97.5647 10
      vertex -12.9158 96.4902 10
    endloop
  endfacet
  facet normal 0.643802 -0.765192 0
    outer loop
      vertex -11.6387 97.5647 10
      vertex -12.9158 96.4902 0
      vertex -11.6387 97.5647 0
    endloop
  endfacet
  facet normal 0.953311 0.301992 0
    outer loop
      vertex -33.0679 23.6696 10
      vertex -33.5719 25.2606 0
      vertex -33.5719 25.2606 10
    endloop
  endfacet
  facet normal 0.953311 0.301992 0
    outer loop
      vertex -33.5719 25.2606 0
      vertex -33.0679 23.6696 10
      vertex -33.0679 23.6696 0
    endloop
  endfacet
  facet normal -0.482169 0.876078 0
    outer loop
      vertex 65.0171 -14.1659 0
      vertex 63.555 -14.9706 10
      vertex 65.0171 -14.1659 10
    endloop
  endfacet
  facet normal -0.482169 0.876078 0
    outer loop
      vertex 63.555 -14.9706 10
      vertex 65.0171 -14.1659 0
      vertex 63.555 -14.9706 0
    endloop
  endfacet
  facet normal 0.715742 0.698365 0
    outer loop
      vertex -16.5833 -3.08326 10
      vertex -17.7488 -1.88876 0
      vertex -17.7488 -1.88876 10
    endloop
  endfacet
  facet normal 0.715742 0.698365 0
    outer loop
      vertex -17.7488 -1.88876 0
      vertex -16.5833 -3.08326 10
      vertex -16.5833 -3.08326 0
    endloop
  endfacet
  facet normal -0.810443 0.585817 0
    outer loop
      vertex 86.1181 4.49245 0
      vertex 87.0958 5.84504 10
      vertex 87.0958 5.84504 0
    endloop
  endfacet
  facet normal -0.810443 0.585817 0
    outer loop
      vertex 87.0958 5.84504 10
      vertex 86.1181 4.49245 0
      vertex 86.1181 4.49245 10
    endloop
  endfacet
  facet normal -0.999925 -0.0122833 0
    outer loop
      vertex 99.5 45 0
      vertex 99.4795 46.6688 10
      vertex 99.4795 46.6688 0
    endloop
  endfacet
  facet normal -0.999925 -0.0122833 0
    outer loop
      vertex 99.4795 46.6688 10
      vertex 99.5 45 0
      vertex 99.5 45 10
    endloop
  endfacet
  facet normal 0.110254 0.993903 -0
    outer loop
      vertex 24.8348 -22.6726 0
      vertex 23.1761 -22.4886 10
      vertex 24.8348 -22.6726 10
    endloop
  endfacet
  facet normal 0.110254 0.993903 0
    outer loop
      vertex 23.1761 -22.4886 10
      vertex 24.8348 -22.6726 0
      vertex 23.1761 -22.4886 0
    endloop
  endfacet
  facet normal -0.990904 0.134573 0
    outer loop
      vertex 98.764 35.0223 0
      vertex 98.9886 36.6761 10
      vertex 98.9886 36.6761 0
    endloop
  endfacet
  facet normal -0.990904 0.134573 0
    outer loop
      vertex 98.9886 36.6761 10
      vertex 98.764 35.0223 0
      vertex 98.764 35.0223 10
    endloop
  endfacet
  facet normal 0.99812 0.0612965 0
    outer loop
      vertex -36.3158 39.9976 10
      vertex -36.4181 41.6634 0
      vertex -36.4181 41.6634 10
    endloop
  endfacet
  facet normal 0.99812 0.0612965 0
    outer loop
      vertex -36.4181 41.6634 0
      vertex -36.3158 39.9976 10
      vertex -36.3158 39.9976 0
    endloop
  endfacet
  facet normal -0.999925 0.0122833 0
    outer loop
      vertex 99.4795 43.3312 0
      vertex 99.5 45 10
      vertex 99.5 45 0
    endloop
  endfacet
  facet normal -0.999925 0.0122833 0
    outer loop
      vertex 99.5 45 10
      vertex 99.4795 43.3312 0
      vertex 99.4795 43.3312 10
    endloop
  endfacet
  facet normal 0.524806 -0.851222 0
    outer loop
      vertex -4.87984 102.45 0
      vertex -3.45899 103.326 10
      vertex -4.87984 102.45 10
    endloop
  endfacet
  facet normal 0.524806 -0.851222 0
    outer loop
      vertex -3.45899 103.326 10
      vertex -4.87984 102.45 0
      vertex -3.45899 103.326 0
    endloop
  endfacet
  facet normal -0.325309 0.945608 0
    outer loop
      vertex 54.4085 -19.025 0
      vertex 52.8304 -19.5679 10
      vertex 54.4085 -19.025 10
    endloop
  endfacet
  facet normal -0.325309 0.945608 0
    outer loop
      vertex 52.8304 -19.5679 10
      vertex 54.4085 -19.025 0
      vertex 52.8304 -19.5679 0
    endloop
  endfacet
  facet normal -0.662424 -0.749129 0
    outer loop
      vertex 75.9158 96.4902 0
      vertex 77.166 95.3847 10
      vertex 75.9158 96.4902 10
    endloop
  endfacet
  facet normal -0.662424 -0.749129 -0
    outer loop
      vertex 77.166 95.3847 10
      vertex 75.9158 96.4902 0
      vertex 77.166 95.3847 0
    endloop
  endfacet
  facet normal -0.371318 0.928506 0
    outer loop
      vertex 57.5225 -17.8238 0
      vertex 55.9729 -18.4435 10
      vertex 57.5225 -17.8238 10
    endloop
  endfacet
  facet normal -0.371318 0.928506 0
    outer loop
      vertex 55.9729 -18.4435 10
      vertex 57.5225 -17.8238 0
      vertex 55.9729 -18.4435 0
    endloop
  endfacet
  facet normal 0.96042 0.278557 0
    outer loop
      vertex -33.5719 25.2606 10
      vertex -34.0368 26.8635 0
      vertex -34.0368 26.8635 10
    endloop
  endfacet
  facet normal 0.96042 0.278557 0
    outer loop
      vertex -34.0368 26.8635 0
      vertex -33.5719 25.2606 10
      vertex -33.5719 25.2606 0
    endloop
  endfacet
  facet normal 0.999925 -0.0122833 0
    outer loop
      vertex -36.5 45 10
      vertex -36.4795 46.6688 0
      vertex -36.4795 46.6688 10
    endloop
  endfacet
  facet normal 0.999925 -0.0122833 0
    outer loop
      vertex -36.4795 46.6688 0
      vertex -36.5 45 10
      vertex -36.5 45 0
    endloop
  endfacet
  facet normal 0.662424 -0.749129 0
    outer loop
      vertex -14.166 95.3847 0
      vertex -12.9158 96.4902 10
      vertex -14.166 95.3847 10
    endloop
  endfacet
  facet normal 0.662424 -0.749129 0
    outer loop
      vertex -12.9158 96.4902 10
      vertex -14.166 95.3847 0
      vertex -12.9158 96.4902 0
    endloop
  endfacet
  facet normal 0.183344 -0.983049 0
    outer loop
      vertex 18.2339 111.693 0
      vertex 19.8746 111.999 10
      vertex 18.2339 111.693 10
    endloop
  endfacet
  facet normal 0.183344 -0.983049 0
    outer loop
      vertex 19.8746 111.999 10
      vertex 18.2339 111.693 0
      vertex 19.8746 111.999 0
    endloop
  endfacet
  facet normal 0.765192 -0.643802 0
    outer loop
      vertex -21.0647 88.1387 10
      vertex -19.9902 89.4158 0
      vertex -19.9902 89.4158 10
    endloop
  endfacet
  facet normal 0.765192 -0.643802 0
    outer loop
      vertex -19.9902 89.4158 0
      vertex -21.0647 88.1387 10
      vertex -21.0647 88.1387 0
    endloop
  endfacet
  facet normal 0.416433 -0.909166 0
    outer loop
      vertex 2.42625 106.471 0
      vertex 3.94359 107.166 10
      vertex 2.42625 106.471 10
    endloop
  endfacet
  facet normal 0.416433 -0.909166 0
    outer loop
      vertex 3.94359 107.166 10
      vertex 2.42625 106.471 0
      vertex 3.94359 107.166 0
    endloop
  endfacet
  facet normal -0.15879 -0.987312 0
    outer loop
      vertex 41.4777 112.264 0
      vertex 43.1254 111.999 10
      vertex 41.4777 112.264 10
    endloop
  endfacet
  facet normal -0.15879 -0.987312 -0
    outer loop
      vertex 43.1254 111.999 10
      vertex 41.4777 112.264 0
      vertex 43.1254 111.999 0
    endloop
  endfacet
  facet normal -0.39423 -0.919012 0
    outer loop
      vertex 57.5225 107.824 0
      vertex 59.0564 107.166 10
      vertex 57.5225 107.824 10
    endloop
  endfacet
  facet normal -0.39423 -0.919012 -0
    outer loop
      vertex 59.0564 107.166 10
      vertex 57.5225 107.824 0
      vertex 59.0564 107.166 0
    endloop
  endfacet
  facet normal 0.999323 -0.03679 0
    outer loop
      vertex -36.4795 46.6688 10
      vertex -36.4181 48.3366 0
      vertex -36.4181 48.3366 10
    endloop
  endfacet
  facet normal 0.999323 -0.03679 0
    outer loop
      vertex -36.4181 48.3366 0
      vertex -36.4795 46.6688 10
      vertex -36.4795 46.6688 0
    endloop
  endfacet
  facet normal -0.99812 -0.0612965 0
    outer loop
      vertex 99.4181 48.3366 0
      vertex 99.3158 50.0024 10
      vertex 99.3158 50.0024 0
    endloop
  endfacet
  facet normal -0.99812 -0.0612965 0
    outer loop
      vertex 99.3158 50.0024 10
      vertex 99.4181 48.3366 0
      vertex 99.4181 48.3366 10
    endloop
  endfacet
  facet normal 0.482169 0.876078 -0
    outer loop
      vertex -0.554977 -14.9706 0
      vertex -2.01708 -14.1659 10
      vertex -0.554977 -14.9706 10
    endloop
  endfacet
  facet normal 0.482169 0.876078 0
    outer loop
      vertex -2.01708 -14.1659 10
      vertex -0.554977 -14.9706 0
      vertex -2.01708 -14.1659 0
    endloop
  endfacet
  facet normal -0.909162 -0.416442 0
    outer loop
      vertex 93.6663 72.5564 0
      vertex 92.9713 74.0737 10
      vertex 92.9713 74.0737 0
    endloop
  endfacet
  facet normal -0.909162 -0.416442 0
    outer loop
      vertex 92.9713 74.0737 10
      vertex 93.6663 72.5564 0
      vertex 93.6663 72.5564 10
    endloop
  endfacet
  facet normal -0.999323 0.03679 0
    outer loop
      vertex 99.4181 41.6634 0
      vertex 99.4795 43.3312 10
      vertex 99.4795 43.3312 0
    endloop
  endfacet
  facet normal -0.999323 0.03679 0
    outer loop
      vertex 99.4795 43.3312 10
      vertex 99.4181 41.6634 0
      vertex 99.4181 41.6634 10
    endloop
  endfacet
  facet normal -0.824608 0.565705 0
    outer loop
      vertex 87.0958 5.84504 0
      vertex 88.0399 7.22122 10
      vertex 88.0399 7.22122 0
    endloop
  endfacet
  facet normal -0.824608 0.565705 0
    outer loop
      vertex 88.0399 7.22122 10
      vertex 87.0958 5.84504 0
      vertex 87.0958 5.84504 10
    endloop
  endfacet
  facet normal 0.987303 -0.158848 0
    outer loop
      vertex -35.764 54.9777 10
      vertex -35.4989 56.6254 0
      vertex -35.4989 56.6254 10
    endloop
  endfacet
  facet normal 0.987303 -0.158848 0
    outer loop
      vertex -35.4989 56.6254 0
      vertex -35.764 54.9777 10
      vertex -35.764 54.9777 0
    endloop
  endfacet
  facet normal -0.996312 -0.0858022 0
    outer loop
      vertex 99.3158 50.0024 0
      vertex 99.1726 51.6652 10
      vertex 99.1726 51.6652 0
    endloop
  endfacet
  facet normal -0.996312 -0.0858022 0
    outer loop
      vertex 99.1726 51.6652 10
      vertex 99.3158 50.0024 0
      vertex 99.3158 50.0024 10
    endloop
  endfacet
  facet normal 0.795832 -0.605518 0
    outer loop
      vertex -23.1181 85.5076 10
      vertex -22.1076 86.8357 0
      vertex -22.1076 86.8357 10
    endloop
  endfacet
  facet normal 0.795832 -0.605518 0
    outer loop
      vertex -22.1076 86.8357 0
      vertex -23.1181 85.5076 10
      vertex -23.1181 85.5076 0
    endloop
  endfacet
  facet normal -0.887616 -0.460585 0
    outer loop
      vertex 92.2393 75.5736 0
      vertex 91.4706 77.055 10
      vertex 91.4706 77.055 0
    endloop
  endfacet
  facet normal -0.887616 -0.460585 0
    outer loop
      vertex 91.4706 77.055 10
      vertex 92.2393 75.5736 0
      vertex 92.2393 75.5736 10
    endloop
  endfacet
  facet normal -0.993903 -0.110254 0
    outer loop
      vertex 99.1726 51.6652 0
      vertex 98.9886 53.3239 10
      vertex 98.9886 53.3239 0
    endloop
  endfacet
  facet normal -0.993903 -0.110254 0
    outer loop
      vertex 98.9886 53.3239 10
      vertex 99.1726 51.6652 0
      vertex 99.1726 51.6652 10
    endloop
  endfacet
  facet normal 0.624859 0.780737 -0
    outer loop
      vertex -10.3357 -8.60756 0
      vertex -11.6387 -7.56471 10
      vertex -10.3357 -8.60756 10
    endloop
  endfacet
  facet normal 0.624859 0.780737 0
    outer loop
      vertex -11.6387 -7.56471 10
      vertex -10.3357 -8.60756 0
      vertex -11.6387 -7.56471 0
    endloop
  endfacet
  facet normal 0.966984 -0.254838 0
    outer loop
      vertex -34.4621 61.5227 10
      vertex -34.0368 63.1365 0
      vertex -34.0368 63.1365 10
    endloop
  endfacet
  facet normal 0.966984 -0.254838 0
    outer loop
      vertex -34.0368 63.1365 0
      vertex -34.4621 61.5227 10
      vertex -34.4621 61.5227 0
    endloop
  endfacet
  facet normal 0.545321 0.838228 -0
    outer loop
      vertex -4.87984 -12.45 0
      vertex -6.27878 -11.5399 10
      vertex -4.87984 -12.45 10
    endloop
  endfacet
  facet normal 0.545321 0.838228 0
    outer loop
      vertex -6.27878 -11.5399 10
      vertex -4.87984 -12.45 0
      vertex -6.27878 -11.5399 0
    endloop
  endfacet
  facet normal 0.698377 0.71573 -0
    outer loop
      vertex -15.3888 -4.2488 0
      vertex -16.5833 -3.08326 10
      vertex -15.3888 -4.2488 10
    endloop
  endfacet
  facet normal 0.698377 0.71573 0
    outer loop
      vertex -16.5833 -3.08326 10
      vertex -15.3888 -4.2488 0
      vertex -16.5833 -3.08326 0
    endloop
  endfacet
  facet normal 0.15879 -0.987312 0
    outer loop
      vertex 19.8746 111.999 0
      vertex 21.5223 112.264 10
      vertex 19.8746 111.999 10
    endloop
  endfacet
  facet normal 0.15879 -0.987312 0
    outer loop
      vertex 21.5223 112.264 10
      vertex 19.8746 111.999 0
      vertex 21.5223 112.264 0
    endloop
  endfacet
  facet normal -0.898688 -0.438589 0
    outer loop
      vertex 92.9713 74.0737 0
      vertex 92.2393 75.5736 10
      vertex 92.2393 75.5736 0
    endloop
  endfacet
  facet normal -0.898688 -0.438589 0
    outer loop
      vertex 92.2393 75.5736 10
      vertex 92.9713 74.0737 0
      vertex 92.9713 74.0737 10
    endloop
  endfacet
  facet normal -0.643802 -0.765192 0
    outer loop
      vertex 74.6387 97.5647 0
      vertex 75.9158 96.4902 10
      vertex 74.6387 97.5647 10
    endloop
  endfacet
  facet normal -0.643802 -0.765192 -0
    outer loop
      vertex 75.9158 96.4902 10
      vertex 74.6387 97.5647 0
      vertex 75.9158 96.4902 0
    endloop
  endfacet
  facet normal 0.624878 -0.780723 0
    outer loop
      vertex -11.6387 97.5647 0
      vertex -10.3357 98.6076 10
      vertex -11.6387 97.5647 10
    endloop
  endfacet
  facet normal 0.624878 -0.780723 0
    outer loop
      vertex -10.3357 98.6076 10
      vertex -11.6387 97.5647 0
      vertex -10.3357 98.6076 0
    endloop
  endfacet
  facet normal 0.206729 -0.978398 0
    outer loop
      vertex 16.6011 111.348 0
      vertex 18.2339 111.693 10
      vertex 16.6011 111.348 10
    endloop
  endfacet
  facet normal 0.206729 -0.978398 0
    outer loop
      vertex 18.2339 111.693 10
      vertex 16.6011 111.348 0
      vertex 18.2339 111.693 0
    endloop
  endfacet
  facet normal -0.749129 -0.662424 0
    outer loop
      vertex 82.9902 89.4158 0
      vertex 81.8847 90.666 10
      vertex 81.8847 90.666 0
    endloop
  endfacet
  facet normal -0.749129 -0.662424 0
    outer loop
      vertex 81.8847 90.666 10
      vertex 82.9902 89.4158 0
      vertex 82.9902 89.4158 10
    endloop
  endfacet
  facet normal -0.278612 -0.960404 0
    outer loop
      vertex 49.6365 110.537 0
      vertex 51.2394 110.072 10
      vertex 49.6365 110.537 10
    endloop
  endfacet
  facet normal -0.278612 -0.960404 -0
    outer loop
      vertex 51.2394 110.072 10
      vertex 49.6365 110.537 0
      vertex 51.2394 110.072 0
    endloop
  endfacet
  facet normal -0.987303 0.158848 0
    outer loop
      vertex 98.4989 33.3746 0
      vertex 98.764 35.0223 10
      vertex 98.764 35.0223 0
    endloop
  endfacet
  facet normal -0.987303 0.158848 0
    outer loop
      vertex 98.764 35.0223 10
      vertex 98.4989 33.3746 0
      vertex 98.4989 33.3746 10
    endloop
  endfacet
  facet normal 0.460252 -0.887788 0
    outer loop
      vertex -0.554977 104.971 0
      vertex 0.92643 105.739 10
      vertex -0.554977 104.971 10
    endloop
  endfacet
  facet normal 0.460252 -0.887788 0
    outer loop
      vertex 0.92643 105.739 10
      vertex -0.554977 104.971 0
      vertex 0.92643 105.739 0
    endloop
  endfacet
  facet normal -0.983103 0.183055 0
    outer loop
      vertex 98.1934 31.7339 0
      vertex 98.4989 33.3746 10
      vertex 98.4989 33.3746 0
    endloop
  endfacet
  facet normal -0.983103 0.183055 0
    outer loop
      vertex 98.4989 33.3746 10
      vertex 98.1934 31.7339 0
      vertex 98.1934 31.7339 10
    endloop
  endfacet
  facet normal -0.134573 0.990904 0
    outer loop
      vertex 41.4777 -22.264 0
      vertex 39.8239 -22.4886 10
      vertex 41.4777 -22.264 10
    endloop
  endfacet
  facet normal -0.134573 0.990904 0
    outer loop
      vertex 39.8239 -22.4886 10
      vertex 41.4777 -22.264 0
      vertex 39.8239 -22.4886 0
    endloop
  endfacet
  facet normal -0.503375 -0.864068 0
    outer loop
      vertex 65.0171 104.166 0
      vertex 66.459 103.326 10
      vertex 65.0171 104.166 10
    endloop
  endfacet
  facet normal -0.503375 -0.864068 -0
    outer loop
      vertex 66.459 103.326 10
      vertex 65.0171 104.166 0
      vertex 66.459 103.326 0
    endloop
  endfacet
  facet normal -0.795854 0.605489 0
    outer loop
      vertex 85.1076 3.16425 0
      vertex 86.1181 4.49245 10
      vertex 86.1181 4.49245 0
    endloop
  endfacet
  facet normal -0.795854 0.605489 0
    outer loop
      vertex 86.1181 4.49245 10
      vertex 85.1076 3.16425 0
      vertex 85.1076 3.16425 10
    endloop
  endfacet
  facet normal 0.851348 -0.524602 0
    outer loop
      vertex -26.8255 79.959 10
      vertex -25.95 81.3798 0
      vertex -25.95 81.3798 10
    endloop
  endfacet
  facet normal 0.851348 -0.524602 0
    outer loop
      vertex -25.95 81.3798 0
      vertex -26.8255 79.959 10
      vertex -26.8255 79.959 0
    endloop
  endfacet
  facet normal 0.851354 0.524591 0
    outer loop
      vertex -25.95 8.62016 10
      vertex -26.8255 10.041 0
      vertex -26.8255 10.041 10
    endloop
  endfacet
  facet normal 0.851354 0.524591 0
    outer loop
      vertex -26.8255 10.041 0
      vertex -25.95 8.62016 10
      vertex -25.95 8.62016 0
    endloop
  endfacet
  facet normal 0.0122833 0.999925 -0
    outer loop
      vertex 31.5 -23 0
      vertex 29.8312 -22.9795 10
      vertex 31.5 -23 10
    endloop
  endfacet
  facet normal 0.0122833 0.999925 0
    outer loop
      vertex 29.8312 -22.9795 10
      vertex 31.5 -23 0
      vertex 29.8312 -22.9795 0
    endloop
  endfacet
  facet normal -0.25467 -0.967028 0
    outer loop
      vertex 48.0227 110.962 0
      vertex 49.6365 110.537 10
      vertex 48.0227 110.962 10
    endloop
  endfacet
  facet normal -0.25467 -0.967028 -0
    outer loop
      vertex 49.6365 110.537 10
      vertex 48.0227 110.962 0
      vertex 49.6365 110.537 0
    endloop
  endfacet
  facet normal -0.97832 0.207101 0
    outer loop
      vertex 98 30.8203 0
      vertex 98.1934 31.7339 10
      vertex 98.1934 31.7339 0
    endloop
  endfacet
  facet normal -0.97832 0.207101 0
    outer loop
      vertex 98.1934 31.7339 10
      vertex 98 30.8203 0
      vertex 98 30.8203 10
    endloop
  endfacet
  facet normal 0.301992 0.953311 -0
    outer loop
      vertex 11.7606 -20.0719 0
      vertex 10.1696 -19.5679 10
      vertex 11.7606 -20.0719 10
    endloop
  endfacet
  facet normal 0.301992 0.953311 0
    outer loop
      vertex 10.1696 -19.5679 10
      vertex 11.7606 -20.0719 0
      vertex 10.1696 -19.5679 0
    endloop
  endfacet
  facet normal -0.732661 -0.680594 0
    outer loop
      vertex 81.8847 90.666 0
      vertex 80.7488 91.8888 10
      vertex 80.7488 91.8888 0
    endloop
  endfacet
  facet normal -0.732661 -0.680594 0
    outer loop
      vertex 80.7488 91.8888 10
      vertex 81.8847 90.666 0
      vertex 81.8847 90.666 10
    endloop
  endfacet
  facet normal 0.545279 -0.838255 0
    outer loop
      vertex -6.27878 101.54 0
      vertex -4.87984 102.45 10
      vertex -6.27878 101.54 10
    endloop
  endfacet
  facet normal 0.545279 -0.838255 0
    outer loop
      vertex -4.87984 102.45 10
      vertex -6.27878 101.54 0
      vertex -4.87984 102.45 0
    endloop
  endfacet
  facet normal 0.909162 -0.416442 0
    outer loop
      vertex -30.6663 72.5564 10
      vertex -29.9713 74.0737 0
      vertex -29.9713 74.0737 10
    endloop
  endfacet
  facet normal 0.909162 -0.416442 0
    outer loop
      vertex -29.9713 74.0737 0
      vertex -30.6663 72.5564 10
      vertex -30.6663 72.5564 0
    endloop
  endfacet
  facet normal 0.643805 0.765189 -0
    outer loop
      vertex -11.6387 -7.56471 0
      vertex -12.9158 -6.4902 10
      vertex -11.6387 -7.56471 10
    endloop
  endfacet
  facet normal 0.643805 0.765189 0
    outer loop
      vertex -12.9158 -6.4902 10
      vertex -11.6387 -7.56471 0
      vertex -12.9158 -6.4902 0
    endloop
  endfacet
  facet normal -0.438589 0.898688 0
    outer loop
      vertex 62.0736 -15.7393 0
      vertex 60.5737 -16.4713 10
      vertex 62.0736 -15.7393 10
    endloop
  endfacet
  facet normal -0.438589 0.898688 0
    outer loop
      vertex 60.5737 -16.4713 10
      vertex 62.0736 -15.7393 0
      vertex 60.5737 -16.4713 0
    endloop
  endfacet
  facet normal -0.99812 0.0612965 0
    outer loop
      vertex 99.3158 39.9976 0
      vertex 99.4181 41.6634 10
      vertex 99.4181 41.6634 0
    endloop
  endfacet
  facet normal -0.99812 0.0612965 0
    outer loop
      vertex 99.4181 41.6634 10
      vertex 99.3158 39.9976 0
      vertex 99.3158 39.9976 10
    endloop
  endfacet
  facet normal 0.503373 -0.864069 0
    outer loop
      vertex -3.45899 103.326 0
      vertex -2.01708 104.166 10
      vertex -3.45899 103.326 10
    endloop
  endfacet
  facet normal 0.503373 -0.864069 0
    outer loop
      vertex -2.01708 104.166 10
      vertex -3.45899 103.326 0
      vertex -2.01708 104.166 0
    endloop
  endfacet
  facet normal 0.482307 -0.876002 0
    outer loop
      vertex -2.01708 104.166 0
      vertex -0.554977 104.971 10
      vertex -2.01708 104.166 10
    endloop
  endfacet
  facet normal 0.482307 -0.876002 0
    outer loop
      vertex -0.554977 104.971 10
      vertex -2.01708 104.166 0
      vertex -0.554977 104.971 0
    endloop
  endfacet
  facet normal 0.795854 0.605489 0
    outer loop
      vertex -22.1076 3.16425 10
      vertex -23.1181 4.49245 0
      vertex -23.1181 4.49245 10
    endloop
  endfacet
  facet normal 0.795854 0.605489 0
    outer loop
      vertex -23.1181 4.49245 0
      vertex -22.1076 3.16425 10
      vertex -22.1076 3.16425 0
    endloop
  endfacet
  facet normal 0.749129 -0.662424 0
    outer loop
      vertex -19.9902 89.4158 10
      vertex -18.8847 90.666 0
      vertex -18.8847 90.666 10
    endloop
  endfacet
  facet normal 0.749129 -0.662424 0
    outer loop
      vertex -18.8847 90.666 0
      vertex -19.9902 89.4158 10
      vertex -19.9902 89.4158 0
    endloop
  endfacet
  facet normal -0.990904 -0.134573 0
    outer loop
      vertex 98.9886 53.3239 0
      vertex 98.764 54.9777 10
      vertex 98.764 54.9777 0
    endloop
  endfacet
  facet normal -0.990904 -0.134573 0
    outer loop
      vertex 98.764 54.9777 10
      vertex 98.9886 53.3239 0
      vertex 98.9886 53.3239 10
    endloop
  endfacet
  facet normal -0.876078 -0.482169 0
    outer loop
      vertex 91.4706 77.055 0
      vertex 90.6659 78.5171 10
      vertex 90.6659 78.5171 0
    endloop
  endfacet
  facet normal -0.876078 -0.482169 0
    outer loop
      vertex 90.6659 78.5171 10
      vertex 91.4706 77.055 0
      vertex 91.4706 77.055 10
    endloop
  endfacet
  facet normal 0.887616 0.460585 0
    outer loop
      vertex -28.4706 12.945 10
      vertex -29.2393 14.4264 0
      vertex -29.2393 14.4264 10
    endloop
  endfacet
  facet normal 0.887616 0.460585 0
    outer loop
      vertex -29.2393 14.4264 0
      vertex -28.4706 12.945 10
      vertex -28.4706 12.945 0
    endloop
  endfacet
  facet normal 0.278612 -0.960404 0
    outer loop
      vertex 11.7606 110.072 0
      vertex 13.3635 110.537 10
      vertex 11.7606 110.072 10
    endloop
  endfacet
  facet normal 0.278612 -0.960404 0
    outer loop
      vertex 13.3635 110.537 10
      vertex 11.7606 110.072 0
      vertex 13.3635 110.537 0
    endloop
  endfacet
  facet normal -0.838228 0.545321 0
    outer loop
      vertex 88.0399 7.22122 0
      vertex 88.95 8.62016 10
      vertex 88.95 8.62016 0
    endloop
  endfacet
  facet normal -0.838228 0.545321 0
    outer loop
      vertex 88.95 8.62016 10
      vertex 88.0399 7.22122 0
      vertex 88.0399 7.22122 10
    endloop
  endfacet
  facet normal -0.278557 0.96042 0
    outer loop
      vertex 51.2394 -20.0719 0
      vertex 49.6365 -20.5368 10
      vertex 51.2394 -20.0719 10
    endloop
  endfacet
  facet normal -0.278557 0.96042 0
    outer loop
      vertex 49.6365 -20.5368 10
      vertex 51.2394 -20.0719 0
      vertex 49.6365 -20.5368 0
    endloop
  endfacet
  facet normal 0.110254 -0.993903 0
    outer loop
      vertex 23.1761 112.489 0
      vertex 24.8348 112.673 10
      vertex 23.1761 112.489 10
    endloop
  endfacet
  facet normal 0.110254 -0.993903 0
    outer loop
      vertex 24.8348 112.673 10
      vertex 23.1761 112.489 0
      vertex 24.8348 112.673 0
    endloop
  endfacet
  facet normal 0.780723 -0.624878 0
    outer loop
      vertex -22.1076 86.8357 10
      vertex -21.0647 88.1387 0
      vertex -21.0647 88.1387 10
    endloop
  endfacet
  facet normal 0.780723 -0.624878 0
    outer loop
      vertex -21.0647 88.1387 0
      vertex -22.1076 86.8357 10
      vertex -22.1076 86.8357 0
    endloop
  endfacet
  facet normal -0.715742 -0.698365 0
    outer loop
      vertex 80.7488 91.8888 0
      vertex 79.5833 93.0833 10
      vertex 79.5833 93.0833 0
    endloop
  endfacet
  facet normal -0.715742 -0.698365 0
    outer loop
      vertex 79.5833 93.0833 10
      vertex 80.7488 91.8888 0
      vertex 80.7488 91.8888 10
    endloop
  endfacet
  facet normal -0.438589 -0.898688 0
    outer loop
      vertex 60.5737 106.471 0
      vertex 62.0736 105.739 10
      vertex 60.5737 106.471 10
    endloop
  endfacet
  facet normal -0.438589 -0.898688 -0
    outer loop
      vertex 62.0736 105.739 10
      vertex 60.5737 106.471 0
      vertex 62.0736 105.739 0
    endloop
  endfacet
  facet normal -0.482307 -0.876002 0
    outer loop
      vertex 63.555 104.971 0
      vertex 65.0171 104.166 10
      vertex 63.555 104.971 10
    endloop
  endfacet
  facet normal -0.482307 -0.876002 -0
    outer loop
      vertex 65.0171 104.166 10
      vertex 63.555 104.971 0
      vertex 65.0171 104.166 0
    endloop
  endfacet
  facet normal -0.371473 -0.928444 0
    outer loop
      vertex 55.9729 108.444 0
      vertex 57.5225 107.824 10
      vertex 55.9729 108.444 10
    endloop
  endfacet
  facet normal -0.371473 -0.928444 -0
    outer loop
      vertex 57.5225 107.824 10
      vertex 55.9729 108.444 0
      vertex 57.5225 107.824 0
    endloop
  endfacet
  facet normal 0.999925 0.0122833 0
    outer loop
      vertex -36.4795 43.3312 10
      vertex -36.5 45 0
      vertex -36.5 45 10
    endloop
  endfacet
  facet normal 0.999925 0.0122833 0
    outer loop
      vertex -36.5 45 0
      vertex -36.4795 43.3312 10
      vertex -36.4795 43.3312 0
    endloop
  endfacet
  facet normal -0.0122833 0.999925 0
    outer loop
      vertex 33.1688 -22.9795 0
      vertex 31.5 -23 10
      vertex 33.1688 -22.9795 10
    endloop
  endfacet
  facet normal -0.0122833 0.999925 0
    outer loop
      vertex 31.5 -23 10
      vertex 33.1688 -22.9795 0
      vertex 31.5 -23 0
    endloop
  endfacet
  facet normal -0.03679 0.999323 0
    outer loop
      vertex 34.8366 -22.9181 0
      vertex 33.1688 -22.9795 10
      vertex 34.8366 -22.9181 10
    endloop
  endfacet
  facet normal -0.03679 0.999323 0
    outer loop
      vertex 33.1688 -22.9795 10
      vertex 34.8366 -22.9181 0
      vertex 33.1688 -22.9795 0
    endloop
  endfacet
  facet normal -0.5657 0.824611 0
    outer loop
      vertex 70.655 -10.5958 0
      vertex 69.2788 -11.5399 10
      vertex 70.655 -10.5958 10
    endloop
  endfacet
  facet normal -0.5657 0.824611 0
    outer loop
      vertex 69.2788 -11.5399 10
      vertex 70.655 -10.5958 0
      vertex 69.2788 -11.5399 0
    endloop
  endfacet
  facet normal 0.93734 0.348417 0
    outer loop
      vertex -31.9435 20.5271 10
      vertex -32.525 22.0915 0
      vertex -32.525 22.0915 10
    endloop
  endfacet
  facet normal 0.93734 0.348417 0
    outer loop
      vertex -32.525 22.0915 0
      vertex -31.9435 20.5271 10
      vertex -31.9435 20.5271 0
    endloop
  endfacet
  facet normal -0.62482 0.780768 0
    outer loop
      vertex 74.0949 -8 0
      vertex 73.3357 -8.60756 10
      vertex 74.0949 -8 10
    endloop
  endfacet
  facet normal -0.62482 0.780768 0
    outer loop
      vertex 73.3357 -8.60756 10
      vertex 74.0949 -8 0
      vertex 73.3357 -8.60756 0
    endloop
  endfacet
  facet normal -0.524819 -0.851214 0
    outer loop
      vertex 66.459 103.326 0
      vertex 67.8798 102.45 10
      vertex 66.459 103.326 10
    endloop
  endfacet
  facet normal -0.524819 -0.851214 -0
    outer loop
      vertex 67.8798 102.45 10
      vertex 66.459 103.326 0
      vertex 67.8798 102.45 0
    endloop
  endfacet
  facet normal 0.978313 0.207131 0
    outer loop
      vertex -34.8477 30.1011 10
      vertex -35.1934 31.7339 0
      vertex -35.1934 31.7339 10
    endloop
  endfacet
  facet normal 0.978313 0.207131 0
    outer loop
      vertex -35.1934 31.7339 0
      vertex -34.8477 30.1011 10
      vertex -34.8477 30.1011 0
    endloop
  endfacet
  facet normal 0.863964 -0.503554 0
    outer loop
      vertex -27.6659 78.5171 10
      vertex -26.8255 79.959 0
      vertex -26.8255 79.959 10
    endloop
  endfacet
  facet normal 0.863964 -0.503554 0
    outer loop
      vertex -26.8255 79.959 0
      vertex -27.6659 78.5171 10
      vertex -27.6659 78.5171 0
    endloop
  endfacet
  facet normal -0.503554 0.863964 0
    outer loop
      vertex 66.459 -13.3255 0
      vertex 65.0171 -14.1659 10
      vertex 66.459 -13.3255 10
    endloop
  endfacet
  facet normal -0.503554 0.863964 0
    outer loop
      vertex 65.0171 -14.1659 10
      vertex 66.459 -13.3255 0
      vertex 65.0171 -14.1659 0
    endloop
  endfacet
  facet normal -0.110254 -0.993903 0
    outer loop
      vertex 38.1652 112.673 0
      vertex 39.8239 112.489 10
      vertex 38.1652 112.673 10
    endloop
  endfacet
  facet normal -0.110254 -0.993903 -0
    outer loop
      vertex 39.8239 112.489 10
      vertex 38.1652 112.673 0
      vertex 39.8239 112.489 0
    endloop
  endfacet
  facet normal -0.993903 0.110254 0
    outer loop
      vertex 98.9886 36.6761 0
      vertex 99.1726 38.3348 10
      vertex 99.1726 38.3348 0
    endloop
  endfacet
  facet normal -0.993903 0.110254 0
    outer loop
      vertex 99.1726 38.3348 10
      vertex 98.9886 36.6761 0
      vertex 98.9886 36.6761 10
    endloop
  endfacet
  facet normal -0.0856832 -0.996322 0
    outer loop
      vertex 36.5024 112.816 0
      vertex 38.1652 112.673 10
      vertex 36.5024 112.816 10
    endloop
  endfacet
  facet normal -0.0856832 -0.996322 -0
    outer loop
      vertex 38.1652 112.673 10
      vertex 36.5024 112.816 0
      vertex 38.1652 112.673 0
    endloop
  endfacet
  facet normal -0.134808 -0.990872 0
    outer loop
      vertex 39.8239 112.489 0
      vertex 41.4777 112.264 10
      vertex 39.8239 112.489 10
    endloop
  endfacet
  facet normal -0.134808 -0.990872 -0
    outer loop
      vertex 41.4777 112.264 10
      vertex 39.8239 112.489 0
      vertex 41.4777 112.264 0
    endloop
  endfacet
  facet normal -0.460585 0.887616 0
    outer loop
      vertex 63.555 -14.9706 0
      vertex 62.0736 -15.7393 10
      vertex 63.555 -14.9706 10
    endloop
  endfacet
  facet normal -0.460585 0.887616 0
    outer loop
      vertex 62.0736 -15.7393 10
      vertex 63.555 -14.9706 0
      vertex 62.0736 -15.7393 0
    endloop
  endfacet
  facet normal -0.183344 -0.983049 0
    outer loop
      vertex 43.1254 111.999 0
      vertex 44.7661 111.693 10
      vertex 43.1254 111.999 10
    endloop
  endfacet
  facet normal -0.183344 -0.983049 -0
    outer loop
      vertex 44.7661 111.693 10
      vertex 43.1254 111.999 0
      vertex 44.7661 111.693 0
    endloop
  endfacet
  facet normal -0.325363 -0.945589 0
    outer loop
      vertex 52.8304 109.568 0
      vertex 54.4085 109.025 10
      vertex 52.8304 109.568 10
    endloop
  endfacet
  facet normal -0.325363 -0.945589 -0
    outer loop
      vertex 54.4085 109.025 10
      vertex 52.8304 109.568 0
      vertex 54.4085 109.025 0
    endloop
  endfacet
  facet normal -0.545304 0.838238 0
    outer loop
      vertex 69.2788 -11.5399 0
      vertex 67.8798 -12.45 10
      vertex 69.2788 -11.5399 10
    endloop
  endfacet
  facet normal -0.545304 0.838238 0
    outer loop
      vertex 67.8798 -12.45 10
      vertex 69.2788 -11.5399 0
      vertex 67.8798 -12.45 0
    endloop
  endfacet
  facet normal 0.698365 -0.715742 0
    outer loop
      vertex -16.5833 93.0833 0
      vertex -15.3888 94.2488 10
      vertex -16.5833 93.0833 10
    endloop
  endfacet
  facet normal 0.698365 -0.715742 0
    outer loop
      vertex -15.3888 94.2488 10
      vertex -16.5833 93.0833 0
      vertex -15.3888 94.2488 0
    endloop
  endfacet
  facet normal -0.698365 -0.715742 0
    outer loop
      vertex 78.3888 94.2488 0
      vertex 79.5833 93.0833 10
      vertex 78.3888 94.2488 10
    endloop
  endfacet
  facet normal -0.698365 -0.715742 -0
    outer loop
      vertex 79.5833 93.0833 10
      vertex 78.3888 94.2488 0
      vertex 79.5833 93.0833 0
    endloop
  endfacet
  facet normal -0.876064 0.482196 0
    outer loop
      vertex 90.6659 11.4829 0
      vertex 91 12.0899 10
      vertex 91 12.0899 0
    endloop
  endfacet
  facet normal -0.876064 0.482196 0
    outer loop
      vertex 91 12.0899 10
      vertex 90.6659 11.4829 0
      vertex 90.6659 11.4829 10
    endloop
  endfacet
  facet normal -0.565659 -0.824639 0
    outer loop
      vertex 69.2788 101.54 0
      vertex 70.655 100.596 10
      vertex 69.2788 101.54 10
    endloop
  endfacet
  facet normal -0.565659 -0.824639 -0
    outer loop
      vertex 70.655 100.596 10
      vertex 69.2788 101.54 0
      vertex 70.655 100.596 0
    endloop
  endfacet
  facet normal -0.987303 -0.158848 0
    outer loop
      vertex 98.764 54.9777 0
      vertex 98.4989 56.6254 10
      vertex 98.4989 56.6254 0
    endloop
  endfacet
  facet normal -0.987303 -0.158848 0
    outer loop
      vertex 98.4989 56.6254 10
      vertex 98.764 54.9777 0
      vertex 98.764 54.9777 10
    endloop
  endfacet
  facet normal -0.795832 -0.605518 0
    outer loop
      vertex 86.1181 85.5076 0
      vertex 85.1076 86.8357 10
      vertex 85.1076 86.8357 0
    endloop
  endfacet
  facet normal -0.795832 -0.605518 0
    outer loop
      vertex 85.1076 86.8357 10
      vertex 86.1181 85.5076 0
      vertex 86.1181 85.5076 10
    endloop
  endfacet
  facet normal -0.393977 0.91912 0
    outer loop
      vertex 59.0564 -17.1663 0
      vertex 57.5225 -17.8238 10
      vertex 59.0564 -17.1663 10
    endloop
  endfacet
  facet normal -0.393977 0.91912 0
    outer loop
      vertex 57.5225 -17.8238 10
      vertex 59.0564 -17.1663 0
      vertex 57.5225 -17.8238 0
    endloop
  endfacet
  facet normal -0.348153 -0.937438 0
    outer loop
      vertex 54.4085 109.025 0
      vertex 55.9729 108.444 10
      vertex 54.4085 109.025 10
    endloop
  endfacet
  facet normal -0.348153 -0.937438 -0
    outer loop
      vertex 55.9729 108.444 10
      vertex 54.4085 109.025 0
      vertex 55.9729 108.444 0
    endloop
  endfacet
  facet normal -0.545262 -0.838266 0
    outer loop
      vertex 67.8798 102.45 0
      vertex 69.2788 101.54 10
      vertex 67.8798 102.45 10
    endloop
  endfacet
  facet normal -0.545262 -0.838266 -0
    outer loop
      vertex 69.2788 101.54 10
      vertex 67.8798 102.45 0
      vertex 69.2788 101.54 0
    endloop
  endfacet
  facet normal 0.254838 0.966984 -0
    outer loop
      vertex 14.9773 -20.9621 0
      vertex 13.3635 -20.5368 10
      vertex 14.9773 -20.9621 10
    endloop
  endfacet
  facet normal 0.254838 0.966984 0
    outer loop
      vertex 13.3635 -20.5368 10
      vertex 14.9773 -20.9621 0
      vertex 13.3635 -20.5368 0
    endloop
  endfacet
  facet normal -0.928477 -0.371391 0
    outer loop
      vertex 94.3328 71 0
      vertex 94.3238 71.0225 10
      vertex 94.3238 71.0225 0
    endloop
  endfacet
  facet normal -0.928477 -0.371391 0
    outer loop
      vertex 94.3238 71.0225 10
      vertex 94.3328 71 0
      vertex 94.3328 71 10
    endloop
  endfacet
  facet normal -0.928506 -0.371318 0
    outer loop
      vertex 94.9435 69.4729 0
      vertex 94.5 70.5819 10
      vertex 94.5 70.5819 0
    endloop
  endfacet
  facet normal -0.928506 -0.371318 0
    outer loop
      vertex 94.5 70.5819 10
      vertex 94.9435 69.4729 0
      vertex 94.9435 69.4729 10
    endloop
  endfacet
  facet normal 0.371316 0.928506 -0
    outer loop
      vertex 7.02714 -18.4435 0
      vertex 5.47753 -17.8238 10
      vertex 7.02714 -18.4435 10
    endloop
  endfacet
  facet normal 0.371316 0.928506 0
    outer loop
      vertex 5.47753 -17.8238 10
      vertex 7.02714 -18.4435 0
      vertex 5.47753 -17.8238 0
    endloop
  endfacet
  facet normal 0.605503 -0.795843 0
    outer loop
      vertex -10.3357 98.6076 0
      vertex -9.00755 99.6181 10
      vertex -10.3357 98.6076 10
    endloop
  endfacet
  facet normal 0.605503 -0.795843 0
    outer loop
      vertex -9.00755 99.6181 10
      vertex -10.3357 98.6076 0
      vertex -9.00755 99.6181 0
    endloop
  endfacet
  facet normal -0.624878 -0.780723 0
    outer loop
      vertex 73.3357 98.6076 0
      vertex 74.6387 97.5647 10
      vertex 73.3357 98.6076 10
    endloop
  endfacet
  facet normal -0.624878 -0.780723 -0
    outer loop
      vertex 74.6387 97.5647 10
      vertex 73.3357 98.6076 0
      vertex 74.6387 97.5647 0
    endloop
  endfacet
  facet normal 0.0611174 -0.998131 0
    outer loop
      vertex 26.4976 112.816 0
      vertex 28.1634 112.918 10
      vertex 26.4976 112.816 10
    endloop
  endfacet
  facet normal 0.0611174 -0.998131 0
    outer loop
      vertex 28.1634 112.918 10
      vertex 26.4976 112.816 0
      vertex 28.1634 112.918 0
    endloop
  endfacet
  facet normal -0.97832 -0.207101 0
    outer loop
      vertex 98.1934 58.2661 0
      vertex 98 59.1797 10
      vertex 98 59.1797 0
    endloop
  endfacet
  facet normal -0.97832 -0.207101 0
    outer loop
      vertex 98 59.1797 10
      vertex 98.1934 58.2661 0
      vertex 98.1934 58.2661 10
    endloop
  endfacet
  facet normal 0.0371491 -0.99931 0
    outer loop
      vertex 28.1634 112.918 0
      vertex 29.8312 112.98 10
      vertex 28.1634 112.918 10
    endloop
  endfacet
  facet normal 0.0371491 -0.99931 0
    outer loop
      vertex 29.8312 112.98 10
      vertex 28.1634 112.918 0
      vertex 29.8312 112.98 0
    endloop
  endfacet
  facet normal 0.715742 -0.698365 0
    outer loop
      vertex -17.7488 91.8888 10
      vertex -16.5833 93.0833 0
      vertex -16.5833 93.0833 10
    endloop
  endfacet
  facet normal 0.715742 -0.698365 0
    outer loop
      vertex -16.5833 93.0833 0
      vertex -17.7488 91.8888 10
      vertex -17.7488 91.8888 0
    endloop
  endfacet
  facet normal -0.749144 0.662407 0
    outer loop
      vertex 81.8847 -0.666008 0
      vertex 82.9902 0.584248 10
      vertex 82.9902 0.584248 0
    endloop
  endfacet
  facet normal -0.749144 0.662407 0
    outer loop
      vertex 82.9902 0.584248 10
      vertex 81.8847 -0.666008 0
      vertex 81.8847 -0.666008 10
    endloop
  endfacet
  facet normal 0.810443 0.585817 0
    outer loop
      vertex -23.1181 4.49245 10
      vertex -24.0958 5.84504 0
      vertex -24.0958 5.84504 10
    endloop
  endfacet
  facet normal 0.810443 0.585817 0
    outer loop
      vertex -24.0958 5.84504 0
      vertex -23.1181 4.49245 10
      vertex -23.1181 4.49245 0
    endloop
  endfacet
  facet normal 0.680594 -0.732661 0
    outer loop
      vertex -15.3888 94.2488 0
      vertex -14.166 95.3847 10
      vertex -15.3888 94.2488 10
    endloop
  endfacet
  facet normal 0.680594 -0.732661 0
    outer loop
      vertex -14.166 95.3847 10
      vertex -15.3888 94.2488 0
      vertex -14.166 95.3847 0
    endloop
  endfacet
  facet normal 0.996312 0.0858022 0
    outer loop
      vertex -36.1726 38.3348 10
      vertex -36.3158 39.9976 0
      vertex -36.3158 39.9976 10
    endloop
  endfacet
  facet normal 0.996312 0.0858022 0
    outer loop
      vertex -36.3158 39.9976 0
      vertex -36.1726 38.3348 10
      vertex -36.1726 38.3348 0
    endloop
  endfacet
  facet normal -0.0611174 -0.998131 0
    outer loop
      vertex 34.8366 112.918 0
      vertex 36.5024 112.816 10
      vertex 34.8366 112.918 10
    endloop
  endfacet
  facet normal -0.0611174 -0.998131 -0
    outer loop
      vertex 36.5024 112.816 10
      vertex 34.8366 112.918 0
      vertex 36.5024 112.816 0
    endloop
  endfacet
  facet normal 0.348426 0.937336 -0
    outer loop
      vertex 8.59149 -19.025 0
      vertex 7.02714 -18.4435 10
      vertex 8.59149 -19.025 10
    endloop
  endfacet
  facet normal 0.348426 0.937336 0
    outer loop
      vertex 7.02714 -18.4435 10
      vertex 8.59149 -19.025 0
      vertex 7.02714 -18.4435 0
    endloop
  endfacet
  facet normal -0.765192 -0.643802 0
    outer loop
      vertex 84.0647 88.1387 0
      vertex 82.9902 89.4158 10
      vertex 82.9902 89.4158 0
    endloop
  endfacet
  facet normal -0.765192 -0.643802 0
    outer loop
      vertex 82.9902 89.4158 10
      vertex 84.0647 88.1387 0
      vertex 84.0647 88.1387 10
    endloop
  endfacet
  facet normal 0.0856832 -0.996322 0
    outer loop
      vertex 24.8348 112.673 0
      vertex 26.4976 112.816 10
      vertex 24.8348 112.673 10
    endloop
  endfacet
  facet normal 0.0856832 -0.996322 0
    outer loop
      vertex 26.4976 112.816 10
      vertex 24.8348 112.673 0
      vertex 26.4976 112.816 0
    endloop
  endfacet
  facet normal -0.524602 0.851348 0
    outer loop
      vertex 67.8798 -12.45 0
      vertex 66.459 -13.3255 10
      vertex 67.8798 -12.45 10
    endloop
  endfacet
  facet normal -0.524602 0.851348 0
    outer loop
      vertex 66.459 -13.3255 10
      vertex 67.8798 -12.45 0
      vertex 66.459 -13.3255 0
    endloop
  endfacet
  facet normal 0.0119838 -0.999928 0
    outer loop
      vertex 29.8312 112.98 0
      vertex 31.5 113 10
      vertex 29.8312 112.98 10
    endloop
  endfacet
  facet normal 0.0119838 -0.999928 0
    outer loop
      vertex 31.5 113 10
      vertex 29.8312 112.98 0
      vertex 31.5 113 0
    endloop
  endfacet
  facet normal -0.301992 0.953311 0
    outer loop
      vertex 52.8304 -19.5679 0
      vertex 51.2394 -20.0719 10
      vertex 52.8304 -19.5679 10
    endloop
  endfacet
  facet normal -0.301992 0.953311 0
    outer loop
      vertex 51.2394 -20.0719 10
      vertex 52.8304 -19.5679 0
      vertex 51.2394 -20.0719 0
    endloop
  endfacet
  facet normal -0.810445 -0.585814 0
    outer loop
      vertex 87.0958 84.155 0
      vertex 86.1181 85.5076 10
      vertex 86.1181 85.5076 0
    endloop
  endfacet
  facet normal -0.810445 -0.585814 0
    outer loop
      vertex 86.1181 85.5076 10
      vertex 87.0958 84.155 0
      vertex 87.0958 84.155 10
    endloop
  endfacet
  facet normal -0.78072 0.624881 0
    outer loop
      vertex 84.0647 1.86126 0
      vertex 85.1076 3.16425 10
      vertex 85.1076 3.16425 0
    endloop
  endfacet
  facet normal -0.78072 0.624881 0
    outer loop
      vertex 85.1076 3.16425 10
      vertex 84.0647 1.86126 0
      vertex 84.0647 1.86126 10
    endloop
  endfacet
  facet normal 0.231043 0.972944 -0
    outer loop
      vertex 16.6011 -21.3477 0
      vertex 14.9773 -20.9621 10
      vertex 16.6011 -21.3477 10
    endloop
  endfacet
  facet normal 0.231043 0.972944 0
    outer loop
      vertex 14.9773 -20.9621 10
      vertex 16.6011 -21.3477 0
      vertex 14.9773 -20.9621 0
    endloop
  endfacet
  facet normal 0.394222 -0.919015 0
    outer loop
      vertex 3.94359 107.166 0
      vertex 5.47753 107.824 10
      vertex 3.94359 107.166 10
    endloop
  endfacet
  facet normal 0.394222 -0.919015 0
    outer loop
      vertex 5.47753 107.824 10
      vertex 3.94359 107.166 0
      vertex 5.47753 107.824 0
    endloop
  endfacet
  facet normal -0.996312 0.0858022 0
    outer loop
      vertex 99.1726 38.3348 0
      vertex 99.3158 39.9976 10
      vertex 99.3158 39.9976 0
    endloop
  endfacet
  facet normal -0.996312 0.0858022 0
    outer loop
      vertex 99.3158 39.9976 10
      vertex 99.1726 38.3348 0
      vertex 99.1726 38.3348 10
    endloop
  endfacet
  facet normal -0.983103 -0.183055 0
    outer loop
      vertex 98.4989 56.6254 0
      vertex 98.1934 58.2661 10
      vertex 98.1934 58.2661 0
    endloop
  endfacet
  facet normal -0.983103 -0.183055 0
    outer loop
      vertex 98.1934 58.2661 10
      vertex 98.4989 56.6254 0
      vertex 98.4989 56.6254 10
    endloop
  endfacet
  facet normal -0.0119838 -0.999928 0
    outer loop
      vertex 31.5 113 0
      vertex 33.1688 112.98 10
      vertex 31.5 113 10
    endloop
  endfacet
  facet normal -0.0119838 -0.999928 -0
    outer loop
      vertex 33.1688 112.98 10
      vertex 31.5 113 0
      vertex 33.1688 112.98 0
    endloop
  endfacet
  facet normal 0.732648 0.680608 0
    outer loop
      vertex -17.7488 -1.88876 10
      vertex -18.8847 -0.666008 0
      vertex -18.8847 -0.666008 10
    endloop
  endfacet
  facet normal 0.732648 0.680608 0
    outer loop
      vertex -18.8847 -0.666008 0
      vertex -17.7488 -1.88876 10
      vertex -17.7488 -1.88876 0
    endloop
  endfacet
  facet normal -0.0612965 0.99812 0
    outer loop
      vertex 36.5024 -22.8158 0
      vertex 34.8366 -22.9181 10
      vertex 36.5024 -22.8158 10
    endloop
  endfacet
  facet normal -0.0612965 0.99812 0
    outer loop
      vertex 34.8366 -22.9181 10
      vertex 36.5024 -22.8158 0
      vertex 34.8366 -22.9181 0
    endloop
  endfacet
  facet normal 0.945608 -0.325309 0
    outer loop
      vertex -33.0679 66.3304 10
      vertex -32.525 67.9085 0
      vertex -32.525 67.9085 10
    endloop
  endfacet
  facet normal 0.945608 -0.325309 0
    outer loop
      vertex -32.525 67.9085 0
      vertex -33.0679 66.3304 10
      vertex -33.0679 66.3304 0
    endloop
  endfacet
  facet normal 0.993903 -0.110254 0
    outer loop
      vertex -36.1726 51.6652 10
      vertex -35.9886 53.3239 0
      vertex -35.9886 53.3239 10
    endloop
  endfacet
  facet normal 0.993903 -0.110254 0
    outer loop
      vertex -35.9886 53.3239 0
      vertex -36.1726 51.6652 10
      vertex -36.1726 51.6652 0
    endloop
  endfacet
  facet normal -0.254838 0.966984 0
    outer loop
      vertex 49.6365 -20.5368 0
      vertex 48.0227 -20.9621 10
      vertex 49.6365 -20.5368 10
    endloop
  endfacet
  facet normal -0.254838 0.966984 0
    outer loop
      vertex 48.0227 -20.9621 10
      vertex 49.6365 -20.5368 0
      vertex 48.0227 -20.9621 0
    endloop
  endfacet
  facet normal 0.966984 0.254838 0
    outer loop
      vertex -34.0368 26.8635 10
      vertex -34.4621 28.4773 0
      vertex -34.4621 28.4773 10
    endloop
  endfacet
  facet normal 0.966984 0.254838 0
    outer loop
      vertex -34.4621 28.4773 0
      vertex -34.0368 26.8635 10
      vertex -34.0368 26.8635 0
    endloop
  endfacet
  facet normal 0.898688 -0.438589 0
    outer loop
      vertex -29.9713 74.0737 10
      vertex -29.2393 75.5736 0
      vertex -29.2393 75.5736 10
    endloop
  endfacet
  facet normal 0.898688 -0.438589 0
    outer loop
      vertex -29.2393 75.5736 0
      vertex -29.9713 74.0737 10
      vertex -29.9713 74.0737 0
    endloop
  endfacet
  facet normal -0.231043 0.972944 0
    outer loop
      vertex 48.0227 -20.9621 0
      vertex 46.3989 -21.3477 10
      vertex 48.0227 -20.9621 10
    endloop
  endfacet
  facet normal -0.231043 0.972944 0
    outer loop
      vertex 46.3989 -21.3477 10
      vertex 48.0227 -20.9621 0
      vertex 46.3989 -21.3477 0
    endloop
  endfacet
  facet normal -0.605518 -0.795832 0
    outer loop
      vertex 72.0076 99.6181 0
      vertex 73.3357 98.6076 10
      vertex 72.0076 99.6181 10
    endloop
  endfacet
  facet normal -0.605518 -0.795832 -0
    outer loop
      vertex 73.3357 98.6076 10
      vertex 72.0076 99.6181 0
      vertex 73.3357 98.6076 0
    endloop
  endfacet
  facet normal 0.999323 0.03679 0
    outer loop
      vertex -36.4181 41.6634 10
      vertex -36.4795 43.3312 0
      vertex -36.4795 43.3312 10
    endloop
  endfacet
  facet normal 0.999323 0.03679 0
    outer loop
      vertex -36.4795 43.3312 0
      vertex -36.4181 41.6634 10
      vertex -36.4181 41.6634 0
    endloop
  endfacet
  facet normal 0.987303 0.158848 0
    outer loop
      vertex -35.4989 33.3746 10
      vertex -35.764 35.0223 0
      vertex -35.764 35.0223 10
    endloop
  endfacet
  facet normal 0.987303 0.158848 0
    outer loop
      vertex -35.764 35.0223 0
      vertex -35.4989 33.3746 10
      vertex -35.4989 33.3746 0
    endloop
  endfacet
  facet normal -0.460254 -0.887787 0
    outer loop
      vertex 62.0736 105.739 0
      vertex 63.555 104.971 10
      vertex 62.0736 105.739 10
    endloop
  endfacet
  facet normal -0.460254 -0.887787 -0
    outer loop
      vertex 63.555 104.971 10
      vertex 62.0736 105.739 0
      vertex 63.555 104.971 0
    endloop
  endfacet
  facet normal 0.585896 -0.810386 0
    outer loop
      vertex -9.00755 99.6181 0
      vertex -7.65496 100.596 10
      vertex -9.00755 99.6181 10
    endloop
  endfacet
  facet normal 0.585896 -0.810386 0
    outer loop
      vertex -7.65496 100.596 10
      vertex -9.00755 99.6181 0
      vertex -7.65496 100.596 0
    endloop
  endfacet
  facet normal 0.909162 0.416442 0
    outer loop
      vertex -29.9713 15.9263 10
      vertex -30.6663 17.4436 0
      vertex -30.6663 17.4436 10
    endloop
  endfacet
  facet normal 0.909162 0.416442 0
    outer loop
      vertex -30.6663 17.4436 0
      vertex -29.9713 15.9263 10
      vertex -29.9713 15.9263 0
    endloop
  endfacet
  facet normal -0.416442 0.909162 0
    outer loop
      vertex 60.5737 -16.4713 0
      vertex 59.0564 -17.1663 10
      vertex 60.5737 -16.4713 10
    endloop
  endfacet
  facet normal -0.416442 0.909162 0
    outer loop
      vertex 59.0564 -17.1663 10
      vertex 60.5737 -16.4713 0
      vertex 59.0564 -17.1663 0
    endloop
  endfacet
  facet normal -0.863964 -0.503554 0
    outer loop
      vertex 90.6659 78.5171 0
      vertex 89.8255 79.959 10
      vertex 89.8255 79.959 0
    endloop
  endfacet
  facet normal -0.863964 -0.503554 0
    outer loop
      vertex 89.8255 79.959 10
      vertex 90.6659 78.5171 0
      vertex 90.6659 78.5171 10
    endloop
  endfacet
  facet normal -0.851348 -0.524602 0
    outer loop
      vertex 89.8255 79.959 0
      vertex 88.95 81.3798 10
      vertex 88.95 81.3798 0
    endloop
  endfacet
  facet normal -0.851348 -0.524602 0
    outer loop
      vertex 88.95 81.3798 10
      vertex 89.8255 79.959 0
      vertex 89.8255 79.959 10
    endloop
  endfacet
  facet normal -0.851354 0.524591 0
    outer loop
      vertex 88.95 8.62016 0
      vertex 89.8255 10.041 10
      vertex 89.8255 10.041 0
    endloop
  endfacet
  facet normal -0.851354 0.524591 0
    outer loop
      vertex 89.8255 10.041 10
      vertex 88.95 8.62016 0
      vertex 88.95 8.62016 10
    endloop
  endfacet
  facet normal -0.58581 0.810448 0
    outer loop
      vertex 72.0076 -9.61811 0
      vertex 70.655 -10.5958 10
      vertex 72.0076 -9.61811 10
    endloop
  endfacet
  facet normal -0.58581 0.810448 0
    outer loop
      vertex 70.655 -10.5958 10
      vertex 72.0076 -9.61811 0
      vertex 70.655 -10.5958 0
    endloop
  endfacet
  facet normal -0.0371491 -0.99931 0
    outer loop
      vertex 33.1688 112.98 0
      vertex 34.8366 112.918 10
      vertex 33.1688 112.98 10
    endloop
  endfacet
  facet normal -0.0371491 -0.99931 -0
    outer loop
      vertex 34.8366 112.918 10
      vertex 33.1688 112.98 0
      vertex 34.8366 112.918 0
    endloop
  endfacet
  facet normal 0.996312 -0.0858022 0
    outer loop
      vertex -36.3158 50.0024 10
      vertex -36.1726 51.6652 0
      vertex -36.1726 51.6652 10
    endloop
  endfacet
  facet normal 0.996312 -0.0858022 0
    outer loop
      vertex -36.1726 51.6652 0
      vertex -36.3158 50.0024 10
      vertex -36.3158 50.0024 0
    endloop
  endfacet
  facet normal 0.99812 -0.0612965 0
    outer loop
      vertex -36.4181 48.3366 10
      vertex -36.3158 50.0024 0
      vertex -36.3158 50.0024 10
    endloop
  endfacet
  facet normal 0.99812 -0.0612965 0
    outer loop
      vertex -36.3158 50.0024 0
      vertex -36.4181 48.3366 10
      vertex -36.4181 48.3366 0
    endloop
  endfacet
  facet normal 0.565664 -0.824636 0
    outer loop
      vertex -7.65496 100.596 0
      vertex -6.27878 101.54 10
      vertex -7.65496 100.596 10
    endloop
  endfacet
  facet normal 0.565664 -0.824636 0
    outer loop
      vertex -6.27878 101.54 10
      vertex -7.65496 100.596 0
      vertex -6.27878 101.54 0
    endloop
  endfacet
  facet normal 0.565705 0.824608 -0
    outer loop
      vertex -6.27878 -11.5399 0
      vertex -7.65496 -10.5958 10
      vertex -6.27878 -11.5399 10
    endloop
  endfacet
  facet normal 0.565705 0.824608 0
    outer loop
      vertex -7.65496 -10.5958 10
      vertex -6.27878 -11.5399 0
      vertex -7.65496 -10.5958 0
    endloop
  endfacet
  facet normal 0.393968 0.919124 -0
    outer loop
      vertex 5.47753 -17.8238 0
      vertex 3.94359 -17.1663 10
      vertex 5.47753 -17.8238 10
    endloop
  endfacet
  facet normal 0.393968 0.919124 0
    outer loop
      vertex 3.94359 -17.1663 10
      vertex 5.47753 -17.8238 0
      vertex 3.94359 -17.1663 0
    endloop
  endfacet
  facet normal 0.76517 0.643828 0
    outer loop
      vertex -19.9902 0.584248 10
      vertex -21.0647 1.86126 0
      vertex -21.0647 1.86126 10
    endloop
  endfacet
  facet normal 0.76517 0.643828 0
    outer loop
      vertex -21.0647 1.86126 0
      vertex -19.9902 0.584248 10
      vertex -19.9902 0.584248 0
    endloop
  endfacet
  facet normal -0.945631 -0.325242 0
    outer loop
      vertex 95.6655 67.5 0
      vertex 95.525 67.9085 10
      vertex 95.525 67.9085 0
    endloop
  endfacet
  facet normal -0.945631 -0.325242 0
    outer loop
      vertex 95.525 67.9085 10
      vertex 95.6655 67.5 0
      vertex 95.6655 67.5 10
    endloop
  endfacet
  facet normal 0.898688 0.438589 0
    outer loop
      vertex -29.2393 14.4264 10
      vertex -29.9713 15.9263 0
      vertex -29.9713 15.9263 10
    endloop
  endfacet
  facet normal 0.898688 0.438589 0
    outer loop
      vertex -29.9713 15.9263 0
      vertex -29.2393 14.4264 10
      vertex -29.2393 14.4264 0
    endloop
  endfacet
  facet normal -0.585893 -0.810388 0
    outer loop
      vertex 70.655 100.596 0
      vertex 72.0076 99.6181 10
      vertex 70.655 100.596 10
    endloop
  endfacet
  facet normal -0.585893 -0.810388 -0
    outer loop
      vertex 72.0076 99.6181 10
      vertex 70.655 100.596 0
      vertex 72.0076 99.6181 0
    endloop
  endfacet
  facet normal 0.0858022 0.996312 -0
    outer loop
      vertex 26.4976 -22.8158 0
      vertex 24.8348 -22.6726 10
      vertex 26.4976 -22.8158 10
    endloop
  endfacet
  facet normal 0.0858022 0.996312 0
    outer loop
      vertex 24.8348 -22.6726 10
      vertex 26.4976 -22.8158 0
      vertex 24.8348 -22.6726 0
    endloop
  endfacet
  facet normal 0.93734 -0.348417 0
    outer loop
      vertex -32.525 67.9085 10
      vertex -31.9435 69.4729 0
      vertex -31.9435 69.4729 10
    endloop
  endfacet
  facet normal 0.93734 -0.348417 0
    outer loop
      vertex -31.9435 69.4729 0
      vertex -32.525 67.9085 10
      vertex -32.525 67.9085 0
    endloop
  endfacet
  facet normal 0.416433 0.909166 -0
    outer loop
      vertex 3.94359 -17.1663 0
      vertex 2.42625 -16.4713 10
      vertex 3.94359 -17.1663 10
    endloop
  endfacet
  facet normal 0.416433 0.909166 0
    outer loop
      vertex 2.42625 -16.4713 10
      vertex 3.94359 -17.1663 0
      vertex 2.42625 -16.4713 0
    endloop
  endfacet
  facet normal 0.25467 -0.967028 0
    outer loop
      vertex 13.3635 110.537 0
      vertex 14.9773 110.962 10
      vertex 13.3635 110.537 10
    endloop
  endfacet
  facet normal 0.25467 -0.967028 0
    outer loop
      vertex 14.9773 110.962 10
      vertex 13.3635 110.537 0
      vertex 14.9773 110.962 0
    endloop
  endfacet
  facet normal 0.945608 0.325309 0
    outer loop
      vertex -32.525 22.0915 10
      vertex -33.0679 23.6696 0
      vertex -33.0679 23.6696 10
    endloop
  endfacet
  facet normal 0.945608 0.325309 0
    outer loop
      vertex -33.0679 23.6696 0
      vertex -32.525 22.0915 10
      vertex -32.525 22.0915 0
    endloop
  endfacet
  facet normal 0.96042 -0.278557 0
    outer loop
      vertex -34.0368 63.1365 10
      vertex -33.5719 64.7394 0
      vertex -33.5719 64.7394 10
    endloop
  endfacet
  facet normal 0.96042 -0.278557 0
    outer loop
      vertex -33.5719 64.7394 0
      vertex -34.0368 63.1365 10
      vertex -34.0368 63.1365 0
    endloop
  endfacet
  facet normal 0.876078 -0.482169 0
    outer loop
      vertex -28.4706 77.055 10
      vertex -27.6659 78.5171 0
      vertex -27.6659 78.5171 10
    endloop
  endfacet
  facet normal 0.876078 -0.482169 0
    outer loop
      vertex -27.6659 78.5171 0
      vertex -28.4706 77.055 10
      vertex -28.4706 77.055 0
    endloop
  endfacet
  facet normal 0.680587 0.732667 -0
    outer loop
      vertex -14.166 -5.38468 0
      vertex -15.3888 -4.2488 10
      vertex -14.166 -5.38468 10
    endloop
  endfacet
  facet normal 0.680587 0.732667 0
    outer loop
      vertex -15.3888 -4.2488 10
      vertex -14.166 -5.38468 0
      vertex -15.3888 -4.2488 0
    endloop
  endfacet
  facet normal 0.183055 0.983103 -0
    outer loop
      vertex 19.8746 -21.9989 0
      vertex 18.2339 -21.6934 10
      vertex 19.8746 -21.9989 10
    endloop
  endfacet
  facet normal 0.183055 0.983103 0
    outer loop
      vertex 18.2339 -21.6934 10
      vertex 19.8746 -21.9989 0
      vertex 18.2339 -21.6934 0
    endloop
  endfacet
  facet normal 0.301992 -0.953311 0
    outer loop
      vertex 10.1696 109.568 0
      vertex 11.7606 110.072 10
      vertex 10.1696 109.568 10
    endloop
  endfacet
  facet normal 0.301992 -0.953311 0
    outer loop
      vertex 11.7606 110.072 10
      vertex 10.1696 109.568 0
      vertex 11.7606 110.072 0
    endloop
  endfacet
  facet normal -0.780723 -0.624878 0
    outer loop
      vertex 85.1076 86.8357 0
      vertex 84.0647 88.1387 10
      vertex 84.0647 88.1387 0
    endloop
  endfacet
  facet normal -0.780723 -0.624878 0
    outer loop
      vertex 84.0647 88.1387 10
      vertex 85.1076 86.8357 0
      vertex 85.1076 86.8357 10
    endloop
  endfacet
  facet normal 0.134808 -0.990872 0
    outer loop
      vertex 21.5223 112.264 0
      vertex 23.1761 112.489 10
      vertex 21.5223 112.264 10
    endloop
  endfacet
  facet normal 0.134808 -0.990872 0
    outer loop
      vertex 23.1761 112.489 10
      vertex 21.5223 112.264 0
      vertex 23.1761 112.489 0
    endloop
  endfacet
  facet normal 0.0612965 0.99812 -0
    outer loop
      vertex 28.1634 -22.9181 0
      vertex 26.4976 -22.8158 10
      vertex 28.1634 -22.9181 10
    endloop
  endfacet
  facet normal 0.0612965 0.99812 0
    outer loop
      vertex 26.4976 -22.8158 10
      vertex 28.1634 -22.9181 0
      vertex 26.4976 -22.8158 0
    endloop
  endfacet
  facet normal 0.749144 0.662407 0
    outer loop
      vertex -18.8847 -0.666008 10
      vertex -19.9902 0.584248 0
      vertex -19.9902 0.584248 10
    endloop
  endfacet
  facet normal 0.749144 0.662407 0
    outer loop
      vertex -19.9902 0.584248 0
      vertex -18.8847 -0.666008 10
      vertex -18.8847 -0.666008 0
    endloop
  endfacet
  facet normal 0.78072 0.624881 0
    outer loop
      vertex -21.0647 1.86126 10
      vertex -22.1076 3.16425 0
      vertex -22.1076 3.16425 10
    endloop
  endfacet
  facet normal 0.78072 0.624881 0
    outer loop
      vertex -22.1076 3.16425 0
      vertex -21.0647 1.86126 10
      vertex -21.0647 1.86126 0
    endloop
  endfacet
  facet normal 0.993903 0.110254 0
    outer loop
      vertex -35.9886 36.6761 10
      vertex -36.1726 38.3348 0
      vertex -36.1726 38.3348 10
    endloop
  endfacet
  facet normal 0.993903 0.110254 0
    outer loop
      vertex -36.1726 38.3348 0
      vertex -35.9886 36.6761 10
      vertex -35.9886 36.6761 0
    endloop
  endfacet
  facet normal -0.183055 0.983103 0
    outer loop
      vertex 44.7661 -21.6934 0
      vertex 43.1254 -21.9989 10
      vertex 44.7661 -21.6934 10
    endloop
  endfacet
  facet normal -0.183055 0.983103 0
    outer loop
      vertex 43.1254 -21.9989 10
      vertex 44.7661 -21.6934 0
      vertex 43.1254 -21.9989 0
    endloop
  endfacet
  facet normal 0.03679 0.999323 -0
    outer loop
      vertex 29.8312 -22.9795 0
      vertex 28.1634 -22.9181 10
      vertex 29.8312 -22.9795 10
    endloop
  endfacet
  facet normal 0.03679 0.999323 0
    outer loop
      vertex 28.1634 -22.9181 10
      vertex 29.8312 -22.9795 0
      vertex 28.1634 -22.9181 0
    endloop
  endfacet
  facet normal 0.732661 -0.680594 0
    outer loop
      vertex -18.8847 90.666 10
      vertex -17.7488 91.8888 0
      vertex -17.7488 91.8888 10
    endloop
  endfacet
  facet normal 0.732661 -0.680594 0
    outer loop
      vertex -17.7488 91.8888 0
      vertex -18.8847 90.666 10
      vertex -18.8847 90.666 0
    endloop
  endfacet
  facet normal -0.348417 0.93734 0
    outer loop
      vertex 55.9729 -18.4435 0
      vertex 54.4085 -19.025 10
      vertex 55.9729 -18.4435 10
    endloop
  endfacet
  facet normal -0.348417 0.93734 0
    outer loop
      vertex 54.4085 -19.025 10
      vertex 55.9729 -18.4435 0
      vertex 54.4085 -19.025 0
    endloop
  endfacet
  facet normal 0.838228 0.545321 0
    outer loop
      vertex -25.0399 7.22122 10
      vertex -25.95 8.62016 0
      vertex -25.95 8.62016 10
    endloop
  endfacet
  facet normal 0.838228 0.545321 0
    outer loop
      vertex -25.95 8.62016 0
      vertex -25.0399 7.22122 10
      vertex -25.0399 7.22122 0
    endloop
  endfacet
  facet normal 0.863964 0.503554 0
    outer loop
      vertex -26.8255 10.041 10
      vertex -27.6659 11.4829 0
      vertex -27.6659 11.4829 10
    endloop
  endfacet
  facet normal 0.863964 0.503554 0
    outer loop
      vertex -27.6659 11.4829 0
      vertex -26.8255 10.041 10
      vertex -26.8255 10.041 0
    endloop
  endfacet
  facet normal 0.876078 0.482169 0
    outer loop
      vertex -27.6659 11.4829 10
      vertex -28.4706 12.945 0
      vertex -28.4706 12.945 10
    endloop
  endfacet
  facet normal 0.876078 0.482169 0
    outer loop
      vertex -28.4706 12.945 0
      vertex -27.6659 11.4829 10
      vertex -27.6659 11.4829 0
    endloop
  endfacet
  facet normal 0.990904 0.134573 0
    outer loop
      vertex -35.764 35.0223 10
      vertex -35.9886 36.6761 0
      vertex -35.9886 36.6761 10
    endloop
  endfacet
  facet normal 0.990904 0.134573 0
    outer loop
      vertex -35.9886 36.6761 0
      vertex -35.764 35.0223 10
      vertex -35.764 35.0223 0
    endloop
  endfacet
  facet normal 0.972944 0.231043 0
    outer loop
      vertex -34.4621 28.4773 10
      vertex -34.8477 30.1011 0
      vertex -34.8477 30.1011 10
    endloop
  endfacet
  facet normal 0.972944 0.231043 0
    outer loop
      vertex -34.8477 30.1011 0
      vertex -34.4621 28.4773 10
      vertex -34.4621 28.4773 0
    endloop
  endfacet
  facet normal -0.93734 -0.348417 0
    outer loop
      vertex 95.525 67.9085 0
      vertex 94.9435 69.4729 10
      vertex 94.9435 69.4729 0
    endloop
  endfacet
  facet normal -0.93734 -0.348417 0
    outer loop
      vertex 94.9435 69.4729 10
      vertex 95.525 67.9085 0
      vertex 95.525 67.9085 10
    endloop
  endfacet
  facet normal 0.605522 0.795828 -0
    outer loop
      vertex -9.00755 -9.61811 0
      vertex -10.3357 -8.60756 10
      vertex -9.00755 -9.61811 10
    endloop
  endfacet
  facet normal 0.605522 0.795828 0
    outer loop
      vertex -10.3357 -8.60756 10
      vertex -9.00755 -9.61811 0
      vertex -10.3357 -8.60756 0
    endloop
  endfacet
  facet normal 0.972944 -0.231043 0
    outer loop
      vertex -34.8477 59.8989 10
      vertex -34.4621 61.5227 0
      vertex -34.4621 61.5227 10
    endloop
  endfacet
  facet normal 0.972944 -0.231043 0
    outer loop
      vertex -34.4621 61.5227 0
      vertex -34.8477 59.8989 10
      vertex -34.8477 59.8989 0
    endloop
  endfacet
  facet normal -0.206729 -0.978398 0
    outer loop
      vertex 44.7661 111.693 0
      vertex 46.3989 111.348 10
      vertex 44.7661 111.693 10
    endloop
  endfacet
  facet normal -0.206729 -0.978398 -0
    outer loop
      vertex 46.3989 111.348 10
      vertex 44.7661 111.693 0
      vertex 46.3989 111.348 0
    endloop
  endfacet
  facet normal 0.887616 -0.460585 0
    outer loop
      vertex -29.2393 75.5736 10
      vertex -28.4706 77.055 0
      vertex -28.4706 77.055 10
    endloop
  endfacet
  facet normal 0.887616 -0.460585 0
    outer loop
      vertex -28.4706 77.055 0
      vertex -29.2393 75.5736 10
      vertex -29.2393 75.5736 0
    endloop
  endfacet
  facet normal 0.824611 -0.5657 0
    outer loop
      vertex -25.0399 82.7788 10
      vertex -24.0958 84.155 0
      vertex -24.0958 84.155 10
    endloop
  endfacet
  facet normal 0.824611 -0.5657 0
    outer loop
      vertex -24.0958 84.155 0
      vertex -25.0399 82.7788 10
      vertex -25.0399 82.7788 0
    endloop
  endfacet
  facet normal 0.23127 -0.97289 0
    outer loop
      vertex 14.9773 110.962 0
      vertex 16.6011 111.348 10
      vertex 14.9773 110.962 10
    endloop
  endfacet
  facet normal 0.23127 -0.97289 0
    outer loop
      vertex 16.6011 111.348 10
      vertex 14.9773 110.962 0
      vertex 16.6011 111.348 0
    endloop
  endfacet
  facet normal 0.325307 0.945608 -0
    outer loop
      vertex 10.1696 -19.5679 0
      vertex 8.59149 -19.025 10
      vertex 10.1696 -19.5679 10
    endloop
  endfacet
  facet normal 0.325307 0.945608 0
    outer loop
      vertex 8.59149 -19.025 10
      vertex 10.1696 -19.5679 0
      vertex 8.59149 -19.025 0
    endloop
  endfacet
  facet normal 0.953311 -0.301992 0
    outer loop
      vertex -33.5719 64.7394 10
      vertex -33.0679 66.3304 0
      vertex -33.0679 66.3304 10
    endloop
  endfacet
  facet normal 0.953311 -0.301992 0
    outer loop
      vertex -33.0679 66.3304 0
      vertex -33.5719 64.7394 10
      vertex -33.5719 64.7394 0
    endloop
  endfacet
  facet normal 0.278557 0.96042 -0
    outer loop
      vertex 13.3635 -20.5368 0
      vertex 11.7606 -20.0719 10
      vertex 13.3635 -20.5368 10
    endloop
  endfacet
  facet normal 0.278557 0.96042 0
    outer loop
      vertex 11.7606 -20.0719 10
      vertex 13.3635 -20.5368 0
      vertex 11.7606 -20.0719 0
    endloop
  endfacet
  facet normal 0.990904 -0.134573 0
    outer loop
      vertex -35.9886 53.3239 10
      vertex -35.764 54.9777 0
      vertex -35.764 54.9777 10
    endloop
  endfacet
  facet normal 0.990904 -0.134573 0
    outer loop
      vertex -35.764 54.9777 0
      vertex -35.9886 53.3239 10
      vertex -35.9886 53.3239 0
    endloop
  endfacet
  facet normal 0.585813 0.810446 -0
    outer loop
      vertex -7.65496 -10.5958 0
      vertex -9.00755 -9.61811 10
      vertex -7.65496 -10.5958 10
    endloop
  endfacet
  facet normal 0.585813 0.810446 0
    outer loop
      vertex -9.00755 -9.61811 10
      vertex -7.65496 -10.5958 0
      vertex -9.00755 -9.61811 0
    endloop
  endfacet
  facet normal 0.438608 0.898679 -0
    outer loop
      vertex 2.42625 -16.4713 0
      vertex 0.92643 -15.7393 10
      vertex 2.42625 -16.4713 10
    endloop
  endfacet
  facet normal 0.438608 0.898679 0
    outer loop
      vertex 0.92643 -15.7393 10
      vertex 2.42625 -16.4713 0
      vertex 0.92643 -15.7393 0
    endloop
  endfacet
  facet normal 0.134573 0.990904 -0
    outer loop
      vertex 23.1761 -22.4886 0
      vertex 21.5223 -22.264 10
      vertex 23.1761 -22.4886 10
    endloop
  endfacet
  facet normal 0.134573 0.990904 0
    outer loop
      vertex 21.5223 -22.264 10
      vertex 23.1761 -22.4886 0
      vertex 21.5223 -22.264 0
    endloop
  endfacet
  facet normal 0.91912 0.393977 0
    outer loop
      vertex -30.6663 17.4436 10
      vertex -31.3238 18.9775 0
      vertex -31.3238 18.9775 10
    endloop
  endfacet
  facet normal 0.91912 0.393977 0
    outer loop
      vertex -31.3238 18.9775 0
      vertex -30.6663 17.4436 10
      vertex -30.6663 17.4436 0
    endloop
  endfacet
  facet normal -0.605537 0.795817 0
    outer loop
      vertex 73.3357 -8.60756 0
      vertex 72.0076 -9.61811 10
      vertex 73.3357 -8.60756 10
    endloop
  endfacet
  facet normal -0.605537 0.795817 0
    outer loop
      vertex 72.0076 -9.61811 10
      vertex 73.3357 -8.60756 0
      vertex 72.0076 -9.61811 0
    endloop
  endfacet
  facet normal 0.978313 -0.207131 0
    outer loop
      vertex -35.1934 58.2661 10
      vertex -34.8477 59.8989 0
      vertex -34.8477 59.8989 10
    endloop
  endfacet
  facet normal 0.978313 -0.207131 0
    outer loop
      vertex -34.8477 59.8989 0
      vertex -35.1934 58.2661 10
      vertex -35.1934 58.2661 0
    endloop
  endfacet
  facet normal 0.438608 -0.898679 0
    outer loop
      vertex 0.92643 105.739 0
      vertex 2.42625 106.471 10
      vertex 0.92643 105.739 10
    endloop
  endfacet
  facet normal 0.438608 -0.898679 0
    outer loop
      vertex 2.42625 106.471 10
      vertex 0.92643 105.739 0
      vertex 2.42625 106.471 0
    endloop
  endfacet
  facet normal 0.460583 0.887617 -0
    outer loop
      vertex 0.92643 -15.7393 0
      vertex -0.554977 -14.9706 10
      vertex 0.92643 -15.7393 10
    endloop
  endfacet
  facet normal 0.460583 0.887617 0
    outer loop
      vertex -0.554977 -14.9706 10
      vertex 0.92643 -15.7393 0
      vertex -0.554977 -14.9706 0
    endloop
  endfacet
  facet normal 0.207131 0.978313 -0
    outer loop
      vertex 18.2339 -21.6934 0
      vertex 16.6011 -21.3477 10
      vertex 18.2339 -21.6934 10
    endloop
  endfacet
  facet normal 0.207131 0.978313 0
    outer loop
      vertex 16.6011 -21.3477 10
      vertex 18.2339 -21.6934 0
      vertex 16.6011 -21.3477 0
    endloop
  endfacet
  facet normal 0.503552 0.863965 -0
    outer loop
      vertex -2.01708 -14.1659 0
      vertex -3.45899 -13.3255 10
      vertex -2.01708 -14.1659 10
    endloop
  endfacet
  facet normal 0.503552 0.863965 0
    outer loop
      vertex -3.45899 -13.3255 10
      vertex -2.01708 -14.1659 0
      vertex -3.45899 -13.3255 0
    endloop
  endfacet
  facet normal 0.838238 -0.545304 0
    outer loop
      vertex -25.95 81.3798 10
      vertex -25.0399 82.7788 0
      vertex -25.0399 82.7788 10
    endloop
  endfacet
  facet normal 0.838238 -0.545304 0
    outer loop
      vertex -25.0399 82.7788 0
      vertex -25.95 81.3798 10
      vertex -25.95 81.3798 0
    endloop
  endfacet
endsolid OpenSCAD_Model
