solid OpenSCAD_Model
  facet normal 1 -0 0
    outer loop
      vertex 1 58.7784 10
      vertex 1 67.5 0
      vertex 1 67.5 10
    endloop
  endfacet
  facet normal 1 0 0
    outer loop
      vertex 1 67.5 0
      vertex 1 58.7784 10
      vertex 1 58.7784 0
    endloop
  endfacet
  facet normal 1 -0 0
    outer loop
      vertex 1 13.5 10
      vertex 1 26 0
      vertex 1 26 10
    endloop
  endfacet
  facet normal 1 0 0
    outer loop
      vertex 1 26 0
      vertex 1 13.5 10
      vertex 1 13.5 0
    endloop
  endfacet
  facet normal 1 -0 0
    outer loop
      vertex 1 28 10
      vertex 1 53 0
      vertex 1 53 10
    endloop
  endfacet
  facet normal 1 0 0
    outer loop
      vertex 1 53 0
      vertex 1 28 10
      vertex 1 28 0
    endloop
  endfacet
  facet normal 1 -0 0
    outer loop
      vertex 1 55 10
      vertex 1 55.4796 0
      vertex 1 55.4796 10
    endloop
  endfacet
  facet normal 1 0 0
    outer loop
      vertex 1 55.4796 0
      vertex 1 55 10
      vertex 1 55 0
    endloop
  endfacet
  facet normal 0 0 1
    outer loop
      vertex 1 55 10
      vertex -1.65551 55.1674 10
      vertex -1 52.4772 10
    endloop
  endfacet
  facet normal -0 0 1
    outer loop
      vertex -2.33407 54.1244 10
      vertex -1 52.4772 10
      vertex -1.65551 55.1674 10
    endloop
  endfacet
  facet normal -0 0 1
    outer loop
      vertex -2.98684 53.065 10
      vertex -1 52.4772 10
      vertex -2.33407 54.1244 10
    endloop
  endfacet
  facet normal 0 0 1
    outer loop
      vertex -1 52.4772 10
      vertex -2.98684 53.065 10
      vertex -1.27138 52.0368 10
    endloop
  endfacet
  facet normal 0 0 1
    outer loop
      vertex -1.27138 52.0368 10
      vertex -2.98684 53.065 10
      vertex -1.87324 51.0041 10
    endloop
  endfacet
  facet normal -0 0 1
    outer loop
      vertex -3.61341 51.9899 10
      vertex -1.87324 51.0041 10
      vertex -2.98684 53.065 10
    endloop
  endfacet
  facet normal 0 0 1
    outer loop
      vertex -1.87324 51.0041 10
      vertex -3.61341 51.9899 10
      vertex -2.44956 49.957 10
    endloop
  endfacet
  facet normal -0 0 1
    outer loop
      vertex -4.21341 50.8998 10
      vertex -2.44956 49.957 10
      vertex -3.61341 51.9899 10
    endloop
  endfacet
  facet normal 0 0 1
    outer loop
      vertex -2.44956 49.957 10
      vertex -4.21341 50.8998 10
      vertex -3.00002 48.8961 10
    endloop
  endfacet
  facet normal -0 0 1
    outer loop
      vertex -4.78647 49.7953 10
      vertex -3.00002 48.8961 10
      vertex -4.21341 50.8998 10
    endloop
  endfacet
  facet normal 0 0 1
    outer loop
      vertex -3.00002 48.8961 10
      vertex -4.78647 49.7953 10
      vertex -3.52428 47.8219 10
    endloop
  endfacet
  facet normal -0 0 1
    outer loop
      vertex -5.33226 48.677 10
      vertex -3.52428 47.8219 10
      vertex -4.78647 49.7953 10
    endloop
  endfacet
  facet normal 0 0 1
    outer loop
      vertex -3.52428 47.8219 10
      vertex -5.33226 48.677 10
      vertex -4.02201 46.7353 10
    endloop
  endfacet
  facet normal -0 0 1
    outer loop
      vertex -5.85043 47.5457 10
      vertex -4.02201 46.7353 10
      vertex -5.33226 48.677 10
    endloop
  endfacet
  facet normal 0 0 1
    outer loop
      vertex -4.02201 46.7353 10
      vertex -5.85043 47.5457 10
      vertex -4.49293 45.6367 10
    endloop
  endfacet
  facet normal -0 0 1
    outer loop
      vertex -6.34069 46.4021 10
      vertex -4.49293 45.6367 10
      vertex -5.85043 47.5457 10
    endloop
  endfacet
  facet normal 0 0 1
    outer loop
      vertex -4.49293 45.6367 10
      vertex -6.34069 46.4021 10
      vertex -4.93675 44.5269 10
    endloop
  endfacet
  facet normal -0 0 1
    outer loop
      vertex -6.80273 45.2467 10
      vertex -4.93675 44.5269 10
      vertex -6.34069 46.4021 10
    endloop
  endfacet
  facet normal 0 0 1
    outer loop
      vertex -4.93675 44.5269 10
      vertex -6.80273 45.2467 10
      vertex -5.3532 43.4065 10
    endloop
  endfacet
  facet normal -0 0 1
    outer loop
      vertex -7.23628 44.0803 10
      vertex -5.3532 43.4065 10
      vertex -6.80273 45.2467 10
    endloop
  endfacet
  facet normal 0 0 1
    outer loop
      vertex -5.3532 43.4065 10
      vertex -7.23628 44.0803 10
      vertex -5.74202 42.2763 10
    endloop
  endfacet
  facet normal -0 0 1
    outer loop
      vertex -7.64108 42.9037 10
      vertex -5.74202 42.2763 10
      vertex -7.23628 44.0803 10
    endloop
  endfacet
  facet normal 0 0 1
    outer loop
      vertex -5.74202 42.2763 10
      vertex -7.64108 42.9037 10
      vertex -6.10299 41.1369 10
    endloop
  endfacet
  facet normal -0 0 1
    outer loop
      vertex -8.01687 41.7174 10
      vertex -6.10299 41.1369 10
      vertex -7.64108 42.9037 10
    endloop
  endfacet
  facet normal 0 0 1
    outer loop
      vertex -6.10299 41.1369 10
      vertex -8.01687 41.7174 10
      vertex -6.43589 39.9889 10
    endloop
  endfacet
  facet normal -0 0 1
    outer loop
      vertex -8.36345 40.5223 10
      vertex -6.43589 39.9889 10
      vertex -8.01687 41.7174 10
    endloop
  endfacet
  facet normal 0 0 1
    outer loop
      vertex -6.43589 39.9889 10
      vertex -8.36345 40.5223 10
      vertex -6.74052 38.8331 10
    endloop
  endfacet
  facet normal -0 0 1
    outer loop
      vertex -8.68058 39.3191 10
      vertex -6.74052 38.8331 10
      vertex -8.36345 40.5223 10
    endloop
  endfacet
  facet normal 0 0 1
    outer loop
      vertex -6.74052 38.8331 10
      vertex -8.68058 39.3191 10
      vertex -7.01669 37.6702 10
    endloop
  endfacet
  facet normal -0 0 1
    outer loop
      vertex -8.9681 38.1084 10
      vertex -7.01669 37.6702 10
      vertex -8.68058 39.3191 10
    endloop
  endfacet
  facet normal 0 0 1
    outer loop
      vertex -7.01669 37.6702 10
      vertex -8.9681 38.1084 10
      vertex -7.26424 36.5009 10
    endloop
  endfacet
  facet normal -0 0 1
    outer loop
      vertex -9.22581 36.8911 10
      vertex -7.26424 36.5009 10
      vertex -8.9681 38.1084 10
    endloop
  endfacet
  facet normal 0 0 1
    outer loop
      vertex -7.26424 36.5009 10
      vertex -9.22581 36.8911 10
      vertex -7.48302 35.3258 10
    endloop
  endfacet
  facet normal -0 0 1
    outer loop
      vertex -9.45358 35.6678 10
      vertex -7.48302 35.3258 10
      vertex -9.22581 36.8911 10
    endloop
  endfacet
  facet normal 0 0 1
    outer loop
      vertex -7.48302 35.3258 10
      vertex -9.45358 35.6678 10
      vertex -7.6729 34.1458 10
    endloop
  endfacet
  facet normal 0 0 1
    outer loop
      vertex -7.6729 34.1458 10
      vertex -9.65125 34.4392 10
      vertex -7.83375 32.9614 10
    endloop
  endfacet
  facet normal -0 0 1
    outer loop
      vertex -9.65125 34.4392 10
      vertex -7.6729 34.1458 10
      vertex -9.45358 35.6678 10
    endloop
  endfacet
  facet normal -0 0 1
    outer loop
      vertex -1 67.5 10
      vertex 1 58.7784 10
      vertex 1 67.5 10
    endloop
  endfacet
  facet normal 0 0 1
    outer loop
      vertex 1 58.7784 10
      vertex -1 56.1229 10
      vertex 1 55.4796 10
    endloop
  endfacet
  facet normal 0 0 1
    outer loop
      vertex 1 55.4796 10
      vertex -1 56.1229 10
      vertex 1 55 10
    endloop
  endfacet
  facet normal -0 0 1
    outer loop
      vertex -1.65551 55.1674 10
      vertex 1 55 10
      vertex -1 56.1229 10
    endloop
  endfacet
  facet normal 0 0 1
    outer loop
      vertex 1 53 10
      vertex -1 52.4772 10
      vertex 1 28 10
    endloop
  endfacet
  facet normal 0 0 1
    outer loop
      vertex -1 13.5 10
      vertex 1 28 10
      vertex -1 52.4772 10
    endloop
  endfacet
  facet normal 0 0 1
    outer loop
      vertex 1 58.7784 10
      vertex -1 67.5 10
      vertex -1 56.1229 10
    endloop
  endfacet
  facet normal 0 0 1
    outer loop
      vertex 1 55 10
      vertex -1 52.4772 10
      vertex 1 53 10
    endloop
  endfacet
  facet normal 0 0 1
    outer loop
      vertex 1 28 10
      vertex -1 13.5 10
      vertex 1 26 10
    endloop
  endfacet
  facet normal 0 0 1
    outer loop
      vertex 1 26 10
      vertex -1 13.5 10
      vertex 1 13.5 10
    endloop
  endfacet
  facet normal -0 0 1
    outer loop
      vertex 1 28 10
      vertex 26 26 10
      vertex 26 28 10
    endloop
  endfacet
  facet normal 0 0 1
    outer loop
      vertex 26 26 10
      vertex 1 28 10
      vertex 1 26 10
    endloop
  endfacet
  facet normal -0 0 1
    outer loop
      vertex 1 55 10
      vertex 26 53 10
      vertex 26 55 10
    endloop
  endfacet
  facet normal 0 0 1
    outer loop
      vertex 26 53 10
      vertex 1 55 10
      vertex 1 53 10
    endloop
  endfacet
  facet normal 0 0 1
    outer loop
      vertex 26 55 10
      vertex 28 55 10
      vertex 28 67.5 10
    endloop
  endfacet
  facet normal 0 0 1
    outer loop
      vertex 28 55 10
      vertex 26 55 10
      vertex 28 53 10
    endloop
  endfacet
  facet normal 0 0 1
    outer loop
      vertex 28 53 10
      vertex 26 53 10
      vertex 28 28 10
    endloop
  endfacet
  facet normal 0 0 1
    outer loop
      vertex 26 28 10
      vertex 28 28 10
      vertex 26 53 10
    endloop
  endfacet
  facet normal 0 0 1
    outer loop
      vertex 26 55 10
      vertex 28 67.5 10
      vertex 26 67.5 10
    endloop
  endfacet
  facet normal 0 0 1
    outer loop
      vertex 28 53 10
      vertex 26 55 10
      vertex 26 53 10
    endloop
  endfacet
  facet normal 0 0 1
    outer loop
      vertex 28 28 10
      vertex 26 28 10
      vertex 28 26 10
    endloop
  endfacet
  facet normal 0 0 1
    outer loop
      vertex 26 26 10
      vertex 28 26 10
      vertex 26 28 10
    endloop
  endfacet
  facet normal 0 0 1
    outer loop
      vertex 28 26 10
      vertex 26 26 10
      vertex 28 13.5 10
    endloop
  endfacet
  facet normal 0 0 1
    outer loop
      vertex 28 13.5 10
      vertex 26 26 10
      vertex 26 13.5 10
    endloop
  endfacet
  facet normal -0 0 1
    outer loop
      vertex 28 28 10
      vertex 53 26 10
      vertex 53 28 10
    endloop
  endfacet
  facet normal 0 0 1
    outer loop
      vertex 53 26 10
      vertex 28 28 10
      vertex 28 26 10
    endloop
  endfacet
  facet normal -0 0 1
    outer loop
      vertex 28 55 10
      vertex 53 53 10
      vertex 53 55 10
    endloop
  endfacet
  facet normal 0 0 1
    outer loop
      vertex 53 53 10
      vertex 28 55 10
      vertex 28 53 10
    endloop
  endfacet
  facet normal 0 0 1
    outer loop
      vertex 53 55 10
      vertex 55 55 10
      vertex 55 67.5 10
    endloop
  endfacet
  facet normal 0 0 1
    outer loop
      vertex 55 55 10
      vertex 53 55 10
      vertex 55 53 10
    endloop
  endfacet
  facet normal 0 0 1
    outer loop
      vertex 55 53 10
      vertex 53 53 10
      vertex 55 28 10
    endloop
  endfacet
  facet normal 0 0 1
    outer loop
      vertex 53 28 10
      vertex 55 28 10
      vertex 53 53 10
    endloop
  endfacet
  facet normal 0 0 1
    outer loop
      vertex 53 55 10
      vertex 55 67.5 10
      vertex 53 67.5 10
    endloop
  endfacet
  facet normal 0 0 1
    outer loop
      vertex 55 53 10
      vertex 53 55 10
      vertex 53 53 10
    endloop
  endfacet
  facet normal 0 0 1
    outer loop
      vertex 55 28 10
      vertex 53 28 10
      vertex 55 26 10
    endloop
  endfacet
  facet normal 0 0 1
    outer loop
      vertex 53 26 10
      vertex 55 26 10
      vertex 53 28 10
    endloop
  endfacet
  facet normal 0 0 1
    outer loop
      vertex 55 26 10
      vertex 53 26 10
      vertex 55 13.5 10
    endloop
  endfacet
  facet normal 0 0 1
    outer loop
      vertex 55 13.5 10
      vertex 53 26 10
      vertex 53 13.5 10
    endloop
  endfacet
  facet normal 0 0 1
    outer loop
      vertex 81.9516 56.1935 10
      vertex 80.3164 55.0419 10
      vertex 80.3451 55 10
    endloop
  endfacet
  facet normal 0 0 1
    outer loop
      vertex 78.8925 56.9618 10
      vertex 80.4692 58.1922 10
      vertex 79.6916 59.1637 10
    endloop
  endfacet
  facet normal 0 0 1
    outer loop
      vertex 81.2226 57.202 10
      vertex 79.6162 56.0106 10
      vertex 80.3164 55.0419 10
    endloop
  endfacet
  facet normal 0 0 1
    outer loop
      vertex 80.4692 58.1922 10
      vertex 78.8925 56.9618 10
      vertex 79.6162 56.0106 10
    endloop
  endfacet
  facet normal 0 0 1
    outer loop
      vertex 78.1456 57.895 10
      vertex 79.6916 59.1637 10
      vertex 78.8905 60.1159 10
    endloop
  endfacet
  facet normal 0 0 1
    outer loop
      vertex 79.6916 59.1637 10
      vertex 78.1456 57.895 10
      vertex 78.8925 56.9618 10
    endloop
  endfacet
  facet normal 0 0 1
    outer loop
      vertex 77.3761 58.8095 10
      vertex 78.8905 60.1159 10
      vertex 78.0662 61.048 10
    endloop
  endfacet
  facet normal 0 0 1
    outer loop
      vertex 78.8905 60.1159 10
      vertex 77.3761 58.8095 10
      vertex 78.1456 57.895 10
    endloop
  endfacet
  facet normal 0 0 1
    outer loop
      vertex 76.5843 59.7049 10
      vertex 78.0662 61.048 10
      vertex 77.2193 61.9597 10
    endloop
  endfacet
  facet normal 0 0 1
    outer loop
      vertex 78.0662 61.048 10
      vertex 76.5843 59.7049 10
      vertex 77.3761 58.8095 10
    endloop
  endfacet
  facet normal 0 0 1
    outer loop
      vertex 75.7708 60.5806 10
      vertex 77.2193 61.9597 10
      vertex 76.3503 62.8503 10
    endloop
  endfacet
  facet normal 0 0 1
    outer loop
      vertex 77.2193 61.9597 10
      vertex 75.7708 60.5806 10
      vertex 76.5843 59.7049 10
    endloop
  endfacet
  facet normal 0 0 1
    outer loop
      vertex 74.9361 61.4361 10
      vertex 76.3503 62.8503 10
      vertex 75.4597 63.7193 10
    endloop
  endfacet
  facet normal 0 0 1
    outer loop
      vertex 76.3503 62.8503 10
      vertex 74.9361 61.4361 10
      vertex 75.7708 60.5806 10
    endloop
  endfacet
  facet normal 0 0 1
    outer loop
      vertex 74.0806 62.2708 10
      vertex 75.4597 63.7193 10
      vertex 74.548 64.5662 10
    endloop
  endfacet
  facet normal 0 0 1
    outer loop
      vertex 75.4597 63.7193 10
      vertex 74.0806 62.2708 10
      vertex 74.9361 61.4361 10
    endloop
  endfacet
  facet normal 0 0 1
    outer loop
      vertex 73.2049 63.0843 10
      vertex 74.548 64.5662 10
      vertex 73.6159 65.3905 10
    endloop
  endfacet
  facet normal 0 0 1
    outer loop
      vertex 74.548 64.5662 10
      vertex 73.2049 63.0843 10
      vertex 74.0806 62.2708 10
    endloop
  endfacet
  facet normal 0 0 1
    outer loop
      vertex 72.3095 63.8761 10
      vertex 73.6159 65.3905 10
      vertex 72.6637 66.1916 10
    endloop
  endfacet
  facet normal 0 0 1
    outer loop
      vertex 73.6159 65.3905 10
      vertex 72.3095 63.8761 10
      vertex 73.2049 63.0843 10
    endloop
  endfacet
  facet normal 0 0 1
    outer loop
      vertex 71.395 64.6456 10
      vertex 72.6637 66.1916 10
      vertex 71.6922 66.9692 10
    endloop
  endfacet
  facet normal 0 0 1
    outer loop
      vertex 72.6637 66.1916 10
      vertex 71.395 64.6456 10
      vertex 72.3095 63.8761 10
    endloop
  endfacet
  facet normal 0 0 1
    outer loop
      vertex 70.4618 65.3925 10
      vertex 71.6922 66.9692 10
      vertex 70.702 67.7226 10
    endloop
  endfacet
  facet normal 0 0 1
    outer loop
      vertex 71.6922 66.9692 10
      vertex 70.4618 65.3925 10
      vertex 71.395 64.6456 10
    endloop
  endfacet
  facet normal 0 0 1
    outer loop
      vertex 69.5106 66.1162 10
      vertex 70.702 67.7226 10
      vertex 69.6935 68.4516 10
    endloop
  endfacet
  facet normal 0 0 1
    outer loop
      vertex 70.702 67.7226 10
      vertex 69.5106 66.1162 10
      vertex 70.4618 65.3925 10
    endloop
  endfacet
  facet normal 0 0 1
    outer loop
      vertex 68.5419 66.8164 10
      vertex 69.6935 68.4516 10
      vertex 68.6674 69.1555 10
    endloop
  endfacet
  facet normal 0 0 1
    outer loop
      vertex 69.6935 68.4516 10
      vertex 68.5419 66.8164 10
      vertex 69.5106 66.1162 10
    endloop
  endfacet
  facet normal 0 0 1
    outer loop
      vertex 67.5563 67.4926 10
      vertex 68.6674 69.1555 10
      vertex 67.6244 69.8341 10
    endloop
  endfacet
  facet normal 0 0 1
    outer loop
      vertex 68.6674 69.1555 10
      vertex 67.5563 67.4926 10
      vertex 68.5419 66.8164 10
    endloop
  endfacet
  facet normal 0 0 1
    outer loop
      vertex 66.5544 68.1444 10
      vertex 67.6244 69.8341 10
      vertex 66.565 70.4868 10
    endloop
  endfacet
  facet normal 0 0 1
    outer loop
      vertex 67.6244 69.8341 10
      vertex 66.5544 68.1444 10
      vertex 67.5563 67.4926 10
    endloop
  endfacet
  facet normal 0 0 1
    outer loop
      vertex 66.565 70.4868 10
      vertex 65.5368 68.7714 10
      vertex 66.5544 68.1444 10
    endloop
  endfacet
  facet normal 0 0 1
    outer loop
      vertex 65.4899 71.1134 10
      vertex 65.5368 68.7714 10
      vertex 66.565 70.4868 10
    endloop
  endfacet
  facet normal 0 0 1
    outer loop
      vertex 65.4899 71.1134 10
      vertex 64.5041 69.3732 10
      vertex 65.5368 68.7714 10
    endloop
  endfacet
  facet normal 0 0 1
    outer loop
      vertex 64.3998 71.7134 10
      vertex 64.5041 69.3732 10
      vertex 65.4899 71.1134 10
    endloop
  endfacet
  facet normal 0 0 1
    outer loop
      vertex 64.3998 71.7134 10
      vertex 63.457 69.9496 10
      vertex 64.5041 69.3732 10
    endloop
  endfacet
  facet normal 0 0 1
    outer loop
      vertex 63.2953 72.2865 10
      vertex 63.457 69.9496 10
      vertex 64.3998 71.7134 10
    endloop
  endfacet
  facet normal 0 0 1
    outer loop
      vertex 63.2953 72.2865 10
      vertex 62.3961 70.5 10
      vertex 63.457 69.9496 10
    endloop
  endfacet
  facet normal 0 0 1
    outer loop
      vertex 62.177 72.8323 10
      vertex 62.3961 70.5 10
      vertex 63.2953 72.2865 10
    endloop
  endfacet
  facet normal 0 0 1
    outer loop
      vertex 62.177 72.8323 10
      vertex 61.3219 71.0243 10
      vertex 62.3961 70.5 10
    endloop
  endfacet
  facet normal 0 0 1
    outer loop
      vertex 61.0457 73.3504 10
      vertex 61.3219 71.0243 10
      vertex 62.177 72.8323 10
    endloop
  endfacet
  facet normal 0 0 1
    outer loop
      vertex 61.0457 73.3504 10
      vertex 60.2353 71.522 10
      vertex 61.3219 71.0243 10
    endloop
  endfacet
  facet normal 0 0 1
    outer loop
      vertex 59.9021 73.8407 10
      vertex 60.2353 71.522 10
      vertex 61.0457 73.3504 10
    endloop
  endfacet
  facet normal 0 0 1
    outer loop
      vertex 59.9021 73.8407 10
      vertex 59.1367 71.9929 10
      vertex 60.2353 71.522 10
    endloop
  endfacet
  facet normal 0 0 1
    outer loop
      vertex 58.7467 74.3027 10
      vertex 59.1367 71.9929 10
      vertex 59.9021 73.8407 10
    endloop
  endfacet
  facet normal 0 0 1
    outer loop
      vertex 58.7467 74.3027 10
      vertex 58.0269 72.4368 10
      vertex 59.1367 71.9929 10
    endloop
  endfacet
  facet normal 0 0 1
    outer loop
      vertex 57.5803 74.7363 10
      vertex 58.0269 72.4368 10
      vertex 58.7467 74.3027 10
    endloop
  endfacet
  facet normal 0 0 1
    outer loop
      vertex 57.5803 74.7363 10
      vertex 56.9065 72.8532 10
      vertex 58.0269 72.4368 10
    endloop
  endfacet
  facet normal 0 0 1
    outer loop
      vertex 56.4037 75.1411 10
      vertex 56.9065 72.8532 10
      vertex 57.5803 74.7363 10
    endloop
  endfacet
  facet normal 0 0 1
    outer loop
      vertex 56.4037 75.1411 10
      vertex 55.7763 73.242 10
      vertex 56.9065 72.8532 10
    endloop
  endfacet
  facet normal 0 0 1
    outer loop
      vertex 55.2174 75.5169 10
      vertex 55.7763 73.242 10
      vertex 56.4037 75.1411 10
    endloop
  endfacet
  facet normal 0 0 1
    outer loop
      vertex 55.2174 75.5169 10
      vertex 54.6369 73.603 10
      vertex 55.7763 73.242 10
    endloop
  endfacet
  facet normal 0 0 1
    outer loop
      vertex 54.0223 75.8634 10
      vertex 54.6369 73.603 10
      vertex 55.2174 75.5169 10
    endloop
  endfacet
  facet normal 0 0 1
    outer loop
      vertex 54.0223 75.8634 10
      vertex 53.4889 73.9359 10
      vertex 54.6369 73.603 10
    endloop
  endfacet
  facet normal 0 0 1
    outer loop
      vertex 52.8191 76.1806 10
      vertex 53.4889 73.9359 10
      vertex 54.0223 75.8634 10
    endloop
  endfacet
  facet normal 0 0 1
    outer loop
      vertex 52.8191 76.1806 10
      vertex 52.3331 74.2405 10
      vertex 53.4889 73.9359 10
    endloop
  endfacet
  facet normal 0 0 1
    outer loop
      vertex 51.6084 76.4681 10
      vertex 52.3331 74.2405 10
      vertex 52.8191 76.1806 10
    endloop
  endfacet
  facet normal 0 0 1
    outer loop
      vertex 51.6084 76.4681 10
      vertex 51.1702 74.5167 10
      vertex 52.3331 74.2405 10
    endloop
  endfacet
  facet normal 0 0 1
    outer loop
      vertex 50.3911 76.7258 10
      vertex 51.1702 74.5167 10
      vertex 51.6084 76.4681 10
    endloop
  endfacet
  facet normal 0 0 1
    outer loop
      vertex 50.3911 76.7258 10
      vertex 50.0009 74.7642 10
      vertex 51.1702 74.5167 10
    endloop
  endfacet
  facet normal 0 0 1
    outer loop
      vertex 49.1678 76.9536 10
      vertex 50.0009 74.7642 10
      vertex 50.3911 76.7258 10
    endloop
  endfacet
  facet normal 0 0 1
    outer loop
      vertex 49.1678 76.9536 10
      vertex 48.8258 74.983 10
      vertex 50.0009 74.7642 10
    endloop
  endfacet
  facet normal 0 0 1
    outer loop
      vertex 47.9392 77.1512 10
      vertex 48.8258 74.983 10
      vertex 49.1678 76.9536 10
    endloop
  endfacet
  facet normal 0 0 1
    outer loop
      vertex 47.9392 77.1512 10
      vertex 47.6458 75.1729 10
      vertex 48.8258 74.983 10
    endloop
  endfacet
  facet normal 0 0 1
    outer loop
      vertex 46.7062 77.3187 10
      vertex 47.6458 75.1729 10
      vertex 47.9392 77.1512 10
    endloop
  endfacet
  facet normal 0 0 1
    outer loop
      vertex 46.7062 77.3187 10
      vertex 46.4614 75.3338 10
      vertex 47.6458 75.1729 10
    endloop
  endfacet
  facet normal 0 0 1
    outer loop
      vertex 45.4695 77.4559 10
      vertex 46.4614 75.3338 10
      vertex 46.7062 77.3187 10
    endloop
  endfacet
  facet normal 0 0 1
    outer loop
      vertex 45.4695 77.4559 10
      vertex 45.2734 75.4655 10
      vertex 46.4614 75.3338 10
    endloop
  endfacet
  facet normal 0 0 1
    outer loop
      vertex 44.2297 77.5626 10
      vertex 45.2734 75.4655 10
      vertex 45.4695 77.4559 10
    endloop
  endfacet
  facet normal 0 0 1
    outer loop
      vertex 44.2297 77.5626 10
      vertex 44.0826 75.568 10
      vertex 45.2734 75.4655 10
    endloop
  endfacet
  facet normal 0 0 1
    outer loop
      vertex 42.9877 77.6389 10
      vertex 44.0826 75.568 10
      vertex 44.2297 77.5626 10
    endloop
  endfacet
  facet normal 0 0 1
    outer loop
      vertex 42.9877 77.6389 10
      vertex 42.8896 75.6413 10
      vertex 44.0826 75.568 10
    endloop
  endfacet
  facet normal 0 0 1
    outer loop
      vertex 41.7442 77.6847 10
      vertex 42.8896 75.6413 10
      vertex 42.9877 77.6389 10
    endloop
  endfacet
  facet normal 0 0 1
    outer loop
      vertex 41.7442 77.6847 10
      vertex 41.6952 75.6853 10
      vertex 42.8896 75.6413 10
    endloop
  endfacet
  facet normal 0 0 1
    outer loop
      vertex 40.5 77.7 10
      vertex 41.6952 75.6853 10
      vertex 41.7442 77.6847 10
    endloop
  endfacet
  facet normal 0 0 1
    outer loop
      vertex 40.5 77.7 10
      vertex 40.5 75.7 10
      vertex 41.6952 75.6853 10
    endloop
  endfacet
  facet normal 0 0 1
    outer loop
      vertex 40.5 77.7 10
      vertex 39.3048 75.6853 10
      vertex 40.5 75.7 10
    endloop
  endfacet
  facet normal -0 0 1
    outer loop
      vertex 39.2558 77.6847 10
      vertex 39.3048 75.6853 10
      vertex 40.5 77.7 10
    endloop
  endfacet
  facet normal 0 0 1
    outer loop
      vertex 39.2558 77.6847 10
      vertex 38.1104 75.6413 10
      vertex 39.3048 75.6853 10
    endloop
  endfacet
  facet normal -0 0 1
    outer loop
      vertex 38.0123 77.6389 10
      vertex 38.1104 75.6413 10
      vertex 39.2558 77.6847 10
    endloop
  endfacet
  facet normal 0 0 1
    outer loop
      vertex 38.0123 77.6389 10
      vertex 36.9174 75.568 10
      vertex 38.1104 75.6413 10
    endloop
  endfacet
  facet normal -0 0 1
    outer loop
      vertex 36.7703 77.5626 10
      vertex 36.9174 75.568 10
      vertex 38.0123 77.6389 10
    endloop
  endfacet
  facet normal 0 0 1
    outer loop
      vertex 36.7703 77.5626 10
      vertex 35.7266 75.4655 10
      vertex 36.9174 75.568 10
    endloop
  endfacet
  facet normal -0 0 1
    outer loop
      vertex 35.5305 77.4559 10
      vertex 35.7266 75.4655 10
      vertex 36.7703 77.5626 10
    endloop
  endfacet
  facet normal 0 0 1
    outer loop
      vertex 35.5305 77.4559 10
      vertex 34.5386 75.3338 10
      vertex 35.7266 75.4655 10
    endloop
  endfacet
  facet normal -0 0 1
    outer loop
      vertex 34.2938 77.3187 10
      vertex 34.5386 75.3338 10
      vertex 35.5305 77.4559 10
    endloop
  endfacet
  facet normal 0 0 1
    outer loop
      vertex 34.2938 77.3187 10
      vertex 33.3542 75.1729 10
      vertex 34.5386 75.3338 10
    endloop
  endfacet
  facet normal -0 0 1
    outer loop
      vertex 33.0608 77.1512 10
      vertex 33.3542 75.1729 10
      vertex 34.2938 77.3187 10
    endloop
  endfacet
  facet normal 0 0 1
    outer loop
      vertex 33.0608 77.1512 10
      vertex 32.1742 74.983 10
      vertex 33.3542 75.1729 10
    endloop
  endfacet
  facet normal -0 0 1
    outer loop
      vertex 31.8322 76.9536 10
      vertex 32.1742 74.983 10
      vertex 33.0608 77.1512 10
    endloop
  endfacet
  facet normal 0 0 1
    outer loop
      vertex 31.8322 76.9536 10
      vertex 30.9991 74.7642 10
      vertex 32.1742 74.983 10
    endloop
  endfacet
  facet normal -0 0 1
    outer loop
      vertex 30.6089 76.7258 10
      vertex 30.9991 74.7642 10
      vertex 31.8322 76.9536 10
    endloop
  endfacet
  facet normal 0 0 1
    outer loop
      vertex 30.6089 76.7258 10
      vertex 29.8298 74.5167 10
      vertex 30.9991 74.7642 10
    endloop
  endfacet
  facet normal -0 0 1
    outer loop
      vertex 29.3916 76.4681 10
      vertex 29.8298 74.5167 10
      vertex 30.6089 76.7258 10
    endloop
  endfacet
  facet normal 0 0 1
    outer loop
      vertex 29.3916 76.4681 10
      vertex 28.6669 74.2405 10
      vertex 29.8298 74.5167 10
    endloop
  endfacet
  facet normal -0 0 1
    outer loop
      vertex 28.1809 76.1806 10
      vertex 28.6669 74.2405 10
      vertex 29.3916 76.4681 10
    endloop
  endfacet
  facet normal 0 0 1
    outer loop
      vertex 28.1809 76.1806 10
      vertex 27.5111 73.9359 10
      vertex 28.6669 74.2405 10
    endloop
  endfacet
  facet normal -0 0 1
    outer loop
      vertex 26.9777 75.8634 10
      vertex 27.5111 73.9359 10
      vertex 28.1809 76.1806 10
    endloop
  endfacet
  facet normal 0 0 1
    outer loop
      vertex 26.9777 75.8634 10
      vertex 26.3631 73.603 10
      vertex 27.5111 73.9359 10
    endloop
  endfacet
  facet normal -0 0 1
    outer loop
      vertex 25.7826 75.5169 10
      vertex 26.3631 73.603 10
      vertex 26.9777 75.8634 10
    endloop
  endfacet
  facet normal 0 0 1
    outer loop
      vertex 25.7826 75.5169 10
      vertex 25.2237 73.242 10
      vertex 26.3631 73.603 10
    endloop
  endfacet
  facet normal -0 0 1
    outer loop
      vertex 24.5963 75.1411 10
      vertex 25.2237 73.242 10
      vertex 25.7826 75.5169 10
    endloop
  endfacet
  facet normal 0 0 1
    outer loop
      vertex 24.5963 75.1411 10
      vertex 24.0935 72.8532 10
      vertex 25.2237 73.242 10
    endloop
  endfacet
  facet normal -0 0 1
    outer loop
      vertex 23.4197 74.7363 10
      vertex 24.0935 72.8532 10
      vertex 24.5963 75.1411 10
    endloop
  endfacet
  facet normal 0 0 1
    outer loop
      vertex 23.4197 74.7363 10
      vertex 22.9731 72.4368 10
      vertex 24.0935 72.8532 10
    endloop
  endfacet
  facet normal -0 0 1
    outer loop
      vertex 22.2533 74.3027 10
      vertex 22.9731 72.4368 10
      vertex 23.4197 74.7363 10
    endloop
  endfacet
  facet normal 0 0 1
    outer loop
      vertex 22.2533 74.3027 10
      vertex 21.8633 71.9929 10
      vertex 22.9731 72.4368 10
    endloop
  endfacet
  facet normal -0 0 1
    outer loop
      vertex 21.0979 73.8407 10
      vertex 21.8633 71.9929 10
      vertex 22.2533 74.3027 10
    endloop
  endfacet
  facet normal 0 0 1
    outer loop
      vertex 21.0979 73.8407 10
      vertex 20.7647 71.522 10
      vertex 21.8633 71.9929 10
    endloop
  endfacet
  facet normal -0 0 1
    outer loop
      vertex 19.9543 73.3504 10
      vertex 20.7647 71.522 10
      vertex 21.0979 73.8407 10
    endloop
  endfacet
  facet normal 0 0 1
    outer loop
      vertex 19.9543 73.3504 10
      vertex 19.6781 71.0243 10
      vertex 20.7647 71.522 10
    endloop
  endfacet
  facet normal -0 0 1
    outer loop
      vertex 18.823 72.8323 10
      vertex 19.6781 71.0243 10
      vertex 19.9543 73.3504 10
    endloop
  endfacet
  facet normal 0 0 1
    outer loop
      vertex 18.823 72.8323 10
      vertex 18.6039 70.5 10
      vertex 19.6781 71.0243 10
    endloop
  endfacet
  facet normal -0 0 1
    outer loop
      vertex 17.7047 72.2865 10
      vertex 18.6039 70.5 10
      vertex 18.823 72.8323 10
    endloop
  endfacet
  facet normal 0 0 1
    outer loop
      vertex 17.7047 72.2865 10
      vertex 17.543 69.9496 10
      vertex 18.6039 70.5 10
    endloop
  endfacet
  facet normal -0 0 1
    outer loop
      vertex 16.6002 71.7134 10
      vertex 17.543 69.9496 10
      vertex 17.7047 72.2865 10
    endloop
  endfacet
  facet normal 0 0 1
    outer loop
      vertex 16.6002 71.7134 10
      vertex 16.4959 69.3732 10
      vertex 17.543 69.9496 10
    endloop
  endfacet
  facet normal -0 0 1
    outer loop
      vertex 15.5101 71.1134 10
      vertex 16.4959 69.3732 10
      vertex 16.6002 71.7134 10
    endloop
  endfacet
  facet normal 0 0 1
    outer loop
      vertex 15.5101 71.1134 10
      vertex 15.4632 68.7714 10
      vertex 16.4959 69.3732 10
    endloop
  endfacet
  facet normal -0 0 1
    outer loop
      vertex 14.435 70.4868 10
      vertex 15.4632 68.7714 10
      vertex 15.5101 71.1134 10
    endloop
  endfacet
  facet normal 0 0 1
    outer loop
      vertex 15.4632 68.7714 10
      vertex 14.435 70.4868 10
      vertex 14.4456 68.1444 10
    endloop
  endfacet
  facet normal -0 0 1
    outer loop
      vertex 13.3756 69.8341 10
      vertex 14.4456 68.1444 10
      vertex 14.435 70.4868 10
    endloop
  endfacet
  facet normal 0 0 1
    outer loop
      vertex 14.4456 68.1444 10
      vertex 13.3756 69.8341 10
      vertex 13.4437 67.4926 10
    endloop
  endfacet
  facet normal -0 0 1
    outer loop
      vertex 12.3326 69.1555 10
      vertex 13.4437 67.4926 10
      vertex 13.3756 69.8341 10
    endloop
  endfacet
  facet normal 0 0 1
    outer loop
      vertex 13.4437 67.4926 10
      vertex 12.3326 69.1555 10
      vertex 12.4581 66.8164 10
    endloop
  endfacet
  facet normal -0 0 1
    outer loop
      vertex 11.3065 68.4516 10
      vertex 12.4581 66.8164 10
      vertex 12.3326 69.1555 10
    endloop
  endfacet
  facet normal 0 0 1
    outer loop
      vertex 12.4581 66.8164 10
      vertex 11.3065 68.4516 10
      vertex 11.4894 66.1162 10
    endloop
  endfacet
  facet normal -0 0 1
    outer loop
      vertex 10.298 67.7226 10
      vertex 11.4894 66.1162 10
      vertex 11.3065 68.4516 10
    endloop
  endfacet
  facet normal 0 0 1
    outer loop
      vertex 11.4894 66.1162 10
      vertex 10.298 67.7226 10
      vertex 10.5382 65.3925 10
    endloop
  endfacet
  facet normal -0 0 1
    outer loop
      vertex 9.30776 66.9692 10
      vertex 10.5382 65.3925 10
      vertex 10.298 67.7226 10
    endloop
  endfacet
  facet normal 0 0 1
    outer loop
      vertex 10.5382 65.3925 10
      vertex 9.30776 66.9692 10
      vertex 9.60505 64.6456 10
    endloop
  endfacet
  facet normal -0 0 1
    outer loop
      vertex 8.33626 66.1916 10
      vertex 9.60505 64.6456 10
      vertex 9.30776 66.9692 10
    endloop
  endfacet
  facet normal 0 0 1
    outer loop
      vertex 9.60505 64.6456 10
      vertex 8.33626 66.1916 10
      vertex 8.69048 63.8761 10
    endloop
  endfacet
  facet normal -0 0 1
    outer loop
      vertex 7.38414 65.3905 10
      vertex 8.69048 63.8761 10
      vertex 8.33626 66.1916 10
    endloop
  endfacet
  facet normal 0 0 1
    outer loop
      vertex 8.69048 63.8761 10
      vertex 7.38414 65.3905 10
      vertex 7.79508 63.0843 10
    endloop
  endfacet
  facet normal -0 0 1
    outer loop
      vertex 6.45196 64.5662 10
      vertex 7.79508 63.0843 10
      vertex 7.38414 65.3905 10
    endloop
  endfacet
  facet normal 0 0 1
    outer loop
      vertex 7.79508 63.0843 10
      vertex 6.45196 64.5662 10
      vertex 6.91938 62.2708 10
    endloop
  endfacet
  facet normal -0 0 1
    outer loop
      vertex 5.54029 63.7193 10
      vertex 6.91938 62.2708 10
      vertex 6.45196 64.5662 10
    endloop
  endfacet
  facet normal 0 0 1
    outer loop
      vertex 6.91938 62.2708 10
      vertex 5.54029 63.7193 10
      vertex 6.0639 61.4361 10
    endloop
  endfacet
  facet normal -0 0 1
    outer loop
      vertex 4.64969 62.8503 10
      vertex 6.0639 61.4361 10
      vertex 5.54029 63.7193 10
    endloop
  endfacet
  facet normal 0 0 1
    outer loop
      vertex 6.0639 61.4361 10
      vertex 4.64969 62.8503 10
      vertex 5.22917 60.5806 10
    endloop
  endfacet
  facet normal -0 0 1
    outer loop
      vertex 3.78067 61.9597 10
      vertex 5.22917 60.5806 10
      vertex 4.64969 62.8503 10
    endloop
  endfacet
  facet normal 0 0 1
    outer loop
      vertex 5.22917 60.5806 10
      vertex 3.78067 61.9597 10
      vertex 4.41568 59.7049 10
    endloop
  endfacet
  facet normal -0 0 1
    outer loop
      vertex 2.93378 61.048 10
      vertex 4.41568 59.7049 10
      vertex 3.78067 61.9597 10
    endloop
  endfacet
  facet normal 0 0 1
    outer loop
      vertex 4.41568 59.7049 10
      vertex 2.93378 61.048 10
      vertex 3.62393 58.8095 10
    endloop
  endfacet
  facet normal -0 0 1
    outer loop
      vertex 2.10951 60.1159 10
      vertex 3.62393 58.8095 10
      vertex 2.93378 61.048 10
    endloop
  endfacet
  facet normal 0 0 1
    outer loop
      vertex 3.62393 58.8095 10
      vertex 2.10951 60.1159 10
      vertex 2.85439 57.895 10
    endloop
  endfacet
  facet normal -0 0 1
    outer loop
      vertex 1.30837 59.1637 10
      vertex 2.85439 57.895 10
      vertex 2.10951 60.1159 10
    endloop
  endfacet
  facet normal -0 0 1
    outer loop
      vertex 1 58.7784 10
      vertex 2.85439 57.895 10
      vertex 1.30837 59.1637 10
    endloop
  endfacet
  facet normal 0 0 1
    outer loop
      vertex 2.85439 57.895 10
      vertex 1 58.7784 10
      vertex 2.10753 56.9618 10
    endloop
  endfacet
  facet normal 0 0 1
    outer loop
      vertex 2.10753 56.9618 10
      vertex 1 58.7784 10
      vertex 1.38379 56.0106 10
    endloop
  endfacet
  facet normal 0 0 1
    outer loop
      vertex 1.38379 56.0106 10
      vertex 1 58.7784 10
      vertex 1 55.4796 10
    endloop
  endfacet
  facet normal 0 0 1
    outer loop
      vertex 80.3451 -1 10
      vertex 81 -0.0448488 10
      vertex 81 1 10
    endloop
  endfacet
  facet normal 0 0 1
    outer loop
      vertex 81 -0.0448488 10
      vertex 80.3451 -1 10
      vertex 80.4692 -4.19224 10
    endloop
  endfacet
  facet normal 0 0 1
    outer loop
      vertex 81 1 10
      vertex 0.654902 -1 10
      vertex 80.3451 -1 10
    endloop
  endfacet
  facet normal -0 0 1
    outer loop
      vertex 0 1 10
      vertex 0.654902 -1 10
      vertex 81 1 10
    endloop
  endfacet
  facet normal -0 0 1
    outer loop
      vertex 0 -0.0448488 10
      vertex 0.654902 -1 10
      vertex 0 1 10
    endloop
  endfacet
  facet normal 0 0 1
    outer loop
      vertex -1.65551 -1.16741 10
      vertex 0.654902 -1 10
      vertex 0 -0.0448488 10
    endloop
  endfacet
  facet normal 0 0 1
    outer loop
      vertex 0.654902 -1 10
      vertex -0.222621 -3.20195 10
      vertex 0.530837 -4.19224 10
    endloop
  endfacet
  facet normal 0 0 1
    outer loop
      vertex -1.65551 -1.16741 10
      vertex 0 -0.0448488 10
      vertex -0.644368 0.945617 10
    endloop
  endfacet
  facet normal 0 0 1
    outer loop
      vertex 0.654902 -1 10
      vertex -0.95155 -2.19347 10
      vertex -0.222621 -3.20195 10
    endloop
  endfacet
  facet normal 0 0 1
    outer loop
      vertex -2.33407 -0.124379 10
      vertex -0.644368 0.945617 10
      vertex -1.27138 1.9632 10
    endloop
  endfacet
  facet normal 0 0 1
    outer loop
      vertex 0.654902 -1 10
      vertex -1.65551 -1.16741 10
      vertex -0.95155 -2.19347 10
    endloop
  endfacet
  facet normal 0 0 1
    outer loop
      vertex -2.98684 0.934991 10
      vertex -1.27138 1.9632 10
      vertex -1.87324 2.99586 10
    endloop
  endfacet
  facet normal 0 0 1
    outer loop
      vertex -0.644368 0.945617 10
      vertex -2.33407 -0.124379 10
      vertex -1.65551 -1.16741 10
    endloop
  endfacet
  facet normal 0 0 1
    outer loop
      vertex -3.61341 2.01006 10
      vertex -1.87324 2.99586 10
      vertex -2.44956 4.04298 10
    endloop
  endfacet
  facet normal 0 0 1
    outer loop
      vertex -1.27138 1.9632 10
      vertex -2.98684 0.934991 10
      vertex -2.33407 -0.124379 10
    endloop
  endfacet
  facet normal 0 0 1
    outer loop
      vertex -4.21341 3.10019 10
      vertex -2.44956 4.04298 10
      vertex -3.00002 5.10393 10
    endloop
  endfacet
  facet normal 0 0 1
    outer loop
      vertex -4.78647 4.20471 10
      vertex -3.00002 5.10393 10
      vertex -3.52428 6.17807 10
    endloop
  endfacet
  facet normal 0 0 1
    outer loop
      vertex -1.87324 2.99586 10
      vertex -3.61341 2.01006 10
      vertex -2.98684 0.934991 10
    endloop
  endfacet
  facet normal 0 0 1
    outer loop
      vertex -5.33226 5.32296 10
      vertex -3.52428 6.17807 10
      vertex -4.02201 7.26475 10
    endloop
  endfacet
  facet normal 0 0 1
    outer loop
      vertex -2.44956 4.04298 10
      vertex -4.21341 3.10019 10
      vertex -3.61341 2.01006 10
    endloop
  endfacet
  facet normal 0 0 1
    outer loop
      vertex -5.85043 6.45427 10
      vertex -4.02201 7.26475 10
      vertex -4.49293 8.36332 10
    endloop
  endfacet
  facet normal 0 0 1
    outer loop
      vertex -3.00002 5.10393 10
      vertex -4.78647 4.20471 10
      vertex -4.21341 3.10019 10
    endloop
  endfacet
  facet normal 0 0 1
    outer loop
      vertex -6.34069 7.59795 10
      vertex -4.49293 8.36332 10
      vertex -4.93675 9.47311 10
    endloop
  endfacet
  facet normal 0 0 1
    outer loop
      vertex -3.52428 6.17807 10
      vertex -5.33226 5.32296 10
      vertex -4.78647 4.20471 10
    endloop
  endfacet
  facet normal 0 0 1
    outer loop
      vertex -6.80273 8.75332 10
      vertex -4.93675 9.47311 10
      vertex -5.3532 10.5935 10
    endloop
  endfacet
  facet normal 0 0 1
    outer loop
      vertex -7.23628 9.91969 10
      vertex -5.3532 10.5935 10
      vertex -5.74202 11.7237 10
    endloop
  endfacet
  facet normal 0 0 1
    outer loop
      vertex -4.02201 7.26475 10
      vertex -5.85043 6.45427 10
      vertex -5.33226 5.32296 10
    endloop
  endfacet
  facet normal 0 0 1
    outer loop
      vertex -7.64108 11.0963 10
      vertex -5.74202 11.7237 10
      vertex -6.10299 12.8631 10
    endloop
  endfacet
  facet normal 0 0 1
    outer loop
      vertex -4.49293 8.36332 10
      vertex -6.34069 7.59795 10
      vertex -5.85043 6.45427 10
    endloop
  endfacet
  facet normal 0 0 1
    outer loop
      vertex -8.01687 12.2826 10
      vertex -6.10299 12.8631 10
      vertex -6.43589 14.0111 10
    endloop
  endfacet
  facet normal 0 0 1
    outer loop
      vertex -8.36345 13.4777 10
      vertex -6.43589 14.0111 10
      vertex -6.74052 15.1669 10
    endloop
  endfacet
  facet normal 0 0 1
    outer loop
      vertex -4.93675 9.47311 10
      vertex -6.80273 8.75332 10
      vertex -6.34069 7.59795 10
    endloop
  endfacet
  facet normal 0 0 1
    outer loop
      vertex -8.68058 14.6809 10
      vertex -6.74052 15.1669 10
      vertex -7.01669 16.3298 10
    endloop
  endfacet
  facet normal 0 0 1
    outer loop
      vertex -5.3532 10.5935 10
      vertex -7.23628 9.91969 10
      vertex -6.80273 8.75332 10
    endloop
  endfacet
  facet normal 0 0 1
    outer loop
      vertex -8.9681 15.8916 10
      vertex -7.01669 16.3298 10
      vertex -7.26424 17.4991 10
    endloop
  endfacet
  facet normal 0 0 1
    outer loop
      vertex -9.22581 17.1089 10
      vertex -7.26424 17.4991 10
      vertex -7.48302 18.6742 10
    endloop
  endfacet
  facet normal 0 0 1
    outer loop
      vertex -5.74202 11.7237 10
      vertex -7.64108 11.0963 10
      vertex -7.23628 9.91969 10
    endloop
  endfacet
  facet normal 0 0 1
    outer loop
      vertex -9.45358 18.3322 10
      vertex -7.48302 18.6742 10
      vertex -7.6729 19.8542 10
    endloop
  endfacet
  facet normal 0 0 1
    outer loop
      vertex -9.65125 19.5608 10
      vertex -7.6729 19.8542 10
      vertex -7.83375 21.0386 10
    endloop
  endfacet
  facet normal 0 0 1
    outer loop
      vertex -9.81871 20.7938 10
      vertex -7.83375 21.0386 10
      vertex -7.9655 22.2266 10
    endloop
  endfacet
  facet normal 0 0 1
    outer loop
      vertex -6.10299 12.8631 10
      vertex -8.01687 12.2826 10
      vertex -7.64108 11.0963 10
    endloop
  endfacet
  facet normal 0 0 1
    outer loop
      vertex -9.95586 22.0305 10
      vertex -7.9655 22.2266 10
      vertex -8.06804 23.4174 10
    endloop
  endfacet
  facet normal 0 0 1
    outer loop
      vertex -10.0626 23.2703 10
      vertex -8.06804 23.4174 10
      vertex -8.14134 24.6104 10
    endloop
  endfacet
  facet normal 0 0 1
    outer loop
      vertex -10.1389 24.5123 10
      vertex -8.14134 24.6104 10
      vertex -8.18533 25.8048 10
    endloop
  endfacet
  facet normal 0 0 1
    outer loop
      vertex -6.43589 14.0111 10
      vertex -8.36345 13.4777 10
      vertex -8.01687 12.2826 10
    endloop
  endfacet
  facet normal 0 0 1
    outer loop
      vertex -10.1847 25.7558 10
      vertex -8.18533 25.8048 10
      vertex -8.2 27 10
    endloop
  endfacet
  facet normal -0 0 1
    outer loop
      vertex -9.81871 33.2062 10
      vertex -7.83375 32.9614 10
      vertex -9.65125 34.4392 10
    endloop
  endfacet
  facet normal 0 0 1
    outer loop
      vertex -7.83375 32.9614 10
      vertex -9.81871 33.2062 10
      vertex -7.9655 31.7734 10
    endloop
  endfacet
  facet normal 0 0 1
    outer loop
      vertex -6.74052 15.1669 10
      vertex -8.68058 14.6809 10
      vertex -8.36345 13.4777 10
    endloop
  endfacet
  facet normal -0 0 1
    outer loop
      vertex -9.95586 31.9695 10
      vertex -7.9655 31.7734 10
      vertex -9.81871 33.2062 10
    endloop
  endfacet
  facet normal 0 0 1
    outer loop
      vertex -7.01669 16.3298 10
      vertex -8.9681 15.8916 10
      vertex -8.68058 14.6809 10
    endloop
  endfacet
  facet normal 0 0 1
    outer loop
      vertex -7.9655 31.7734 10
      vertex -9.95586 31.9695 10
      vertex -8.06804 30.5826 10
    endloop
  endfacet
  facet normal 0 0 1
    outer loop
      vertex -7.26424 17.4991 10
      vertex -9.22581 17.1089 10
      vertex -8.9681 15.8916 10
    endloop
  endfacet
  facet normal -0 0 1
    outer loop
      vertex -10.0626 30.7297 10
      vertex -8.06804 30.5826 10
      vertex -9.95586 31.9695 10
    endloop
  endfacet
  facet normal 0 0 1
    outer loop
      vertex -7.48302 18.6742 10
      vertex -9.45358 18.3322 10
      vertex -9.22581 17.1089 10
    endloop
  endfacet
  facet normal 0 0 1
    outer loop
      vertex -8.06804 30.5826 10
      vertex -10.0626 30.7297 10
      vertex -8.14134 29.3896 10
    endloop
  endfacet
  facet normal 0 0 1
    outer loop
      vertex -7.6729 19.8542 10
      vertex -9.65125 19.5608 10
      vertex -9.45358 18.3322 10
    endloop
  endfacet
  facet normal -0 0 1
    outer loop
      vertex -10.1389 29.4877 10
      vertex -8.14134 29.3896 10
      vertex -10.0626 30.7297 10
    endloop
  endfacet
  facet normal 0 0 1
    outer loop
      vertex -7.83375 21.0386 10
      vertex -9.81871 20.7938 10
      vertex -9.65125 19.5608 10
    endloop
  endfacet
  facet normal 0 0 1
    outer loop
      vertex -8.14134 29.3896 10
      vertex -10.1389 29.4877 10
      vertex -8.18533 28.1952 10
    endloop
  endfacet
  facet normal 0 0 1
    outer loop
      vertex -7.9655 22.2266 10
      vertex -9.95586 22.0305 10
      vertex -9.81871 20.7938 10
    endloop
  endfacet
  facet normal -0 0 1
    outer loop
      vertex -10.1847 28.2442 10
      vertex -8.18533 28.1952 10
      vertex -10.1389 29.4877 10
    endloop
  endfacet
  facet normal 0 0 1
    outer loop
      vertex -8.06804 23.4174 10
      vertex -10.0626 23.2703 10
      vertex -9.95586 22.0305 10
    endloop
  endfacet
  facet normal 0 0 1
    outer loop
      vertex -8.18533 28.1952 10
      vertex -10.1847 28.2442 10
      vertex -8.2 27 10
    endloop
  endfacet
  facet normal 0 0 1
    outer loop
      vertex -8.14134 24.6104 10
      vertex -10.1389 24.5123 10
      vertex -10.0626 23.2703 10
    endloop
  endfacet
  facet normal 0 0 1
    outer loop
      vertex -10.2 27 10
      vertex -8.2 27 10
      vertex -10.1847 28.2442 10
    endloop
  endfacet
  facet normal 0 0 1
    outer loop
      vertex -8.18533 25.8048 10
      vertex -10.1847 25.7558 10
      vertex -10.1389 24.5123 10
    endloop
  endfacet
  facet normal 0 0 1
    outer loop
      vertex -8.2 27 10
      vertex -10.2 27 10
      vertex -10.1847 25.7558 10
    endloop
  endfacet
  facet normal 0 0 1
    outer loop
      vertex 89.2 27 10
      vertex 91.2 27 10
      vertex 91.1847 28.2442 10
    endloop
  endfacet
  facet normal 0 0 1
    outer loop
      vertex 89.1853 28.1952 10
      vertex 91.1847 28.2442 10
      vertex 91.1389 29.4877 10
    endloop
  endfacet
  facet normal 0 0 1
    outer loop
      vertex 91.2 27 10
      vertex 89.2 27 10
      vertex 91.1847 25.7558 10
    endloop
  endfacet
  facet normal 0 0 1
    outer loop
      vertex 89.1413 29.3896 10
      vertex 91.1389 29.4877 10
      vertex 91.0626 30.7297 10
    endloop
  endfacet
  facet normal -0 0 1
    outer loop
      vertex 89.1853 25.8048 10
      vertex 91.1847 25.7558 10
      vertex 89.2 27 10
    endloop
  endfacet
  facet normal 0 0 1
    outer loop
      vertex 89.068 30.5826 10
      vertex 91.0626 30.7297 10
      vertex 90.9559 31.9695 10
    endloop
  endfacet
  facet normal 0 0 1
    outer loop
      vertex 91.1847 25.7558 10
      vertex 89.1853 25.8048 10
      vertex 91.1389 24.5123 10
    endloop
  endfacet
  facet normal 0 0 1
    outer loop
      vertex 88.9655 31.7734 10
      vertex 90.9559 31.9695 10
      vertex 90.8187 33.2062 10
    endloop
  endfacet
  facet normal -0 0 1
    outer loop
      vertex 89.1413 24.6104 10
      vertex 91.1389 24.5123 10
      vertex 89.1853 25.8048 10
    endloop
  endfacet
  facet normal 0 0 1
    outer loop
      vertex 88.8338 32.9614 10
      vertex 90.8187 33.2062 10
      vertex 90.6512 34.4392 10
    endloop
  endfacet
  facet normal 0 0 1
    outer loop
      vertex 91.1389 24.5123 10
      vertex 89.1413 24.6104 10
      vertex 91.0626 23.2703 10
    endloop
  endfacet
  facet normal 0 0 1
    outer loop
      vertex 88.6729 34.1458 10
      vertex 90.6512 34.4392 10
      vertex 90.4536 35.6678 10
    endloop
  endfacet
  facet normal -0 0 1
    outer loop
      vertex 89.068 23.4174 10
      vertex 91.0626 23.2703 10
      vertex 89.1413 24.6104 10
    endloop
  endfacet
  facet normal 0 0 1
    outer loop
      vertex 88.483 35.3258 10
      vertex 90.4536 35.6678 10
      vertex 90.2258 36.8911 10
    endloop
  endfacet
  facet normal 0 0 1
    outer loop
      vertex 91.0626 23.2703 10
      vertex 89.068 23.4174 10
      vertex 90.9559 22.0305 10
    endloop
  endfacet
  facet normal 0 0 1
    outer loop
      vertex 88.2642 36.5009 10
      vertex 90.2258 36.8911 10
      vertex 89.9681 38.1084 10
    endloop
  endfacet
  facet normal -0 0 1
    outer loop
      vertex 88.9655 22.2266 10
      vertex 90.9559 22.0305 10
      vertex 89.068 23.4174 10
    endloop
  endfacet
  facet normal 0 0 1
    outer loop
      vertex 88.0167 37.6702 10
      vertex 89.9681 38.1084 10
      vertex 89.6806 39.3191 10
    endloop
  endfacet
  facet normal 0 0 1
    outer loop
      vertex 90.9559 22.0305 10
      vertex 88.9655 22.2266 10
      vertex 90.8187 20.7938 10
    endloop
  endfacet
  facet normal 0 0 1
    outer loop
      vertex 87.7405 38.8331 10
      vertex 89.6806 39.3191 10
      vertex 89.3634 40.5223 10
    endloop
  endfacet
  facet normal -0 0 1
    outer loop
      vertex 88.8338 21.0386 10
      vertex 90.8187 20.7938 10
      vertex 88.9655 22.2266 10
    endloop
  endfacet
  facet normal 0 0 1
    outer loop
      vertex 90.8187 20.7938 10
      vertex 88.8338 21.0386 10
      vertex 90.6512 19.5608 10
    endloop
  endfacet
  facet normal 0 0 1
    outer loop
      vertex 91.1847 28.2442 10
      vertex 89.1853 28.1952 10
      vertex 89.2 27 10
    endloop
  endfacet
  facet normal 0 0 1
    outer loop
      vertex 91.1389 29.4877 10
      vertex 89.1413 29.3896 10
      vertex 89.1853 28.1952 10
    endloop
  endfacet
  facet normal 0 0 1
    outer loop
      vertex 91.0626 30.7297 10
      vertex 89.068 30.5826 10
      vertex 89.1413 29.3896 10
    endloop
  endfacet
  facet normal 0 0 1
    outer loop
      vertex 87.4359 39.9889 10
      vertex 89.3634 40.5223 10
      vertex 89.0169 41.7174 10
    endloop
  endfacet
  facet normal 0 0 1
    outer loop
      vertex 90.9559 31.9695 10
      vertex 88.9655 31.7734 10
      vertex 89.068 30.5826 10
    endloop
  endfacet
  facet normal 0 0 1
    outer loop
      vertex 90.8187 33.2062 10
      vertex 88.8338 32.9614 10
      vertex 88.9655 31.7734 10
    endloop
  endfacet
  facet normal 0 0 1
    outer loop
      vertex 90.6512 34.4392 10
      vertex 88.6729 34.1458 10
      vertex 88.8338 32.9614 10
    endloop
  endfacet
  facet normal 0 0 1
    outer loop
      vertex 87.103 41.1369 10
      vertex 89.0169 41.7174 10
      vertex 88.6411 42.9037 10
    endloop
  endfacet
  facet normal 0 0 1
    outer loop
      vertex 90.4536 35.6678 10
      vertex 88.483 35.3258 10
      vertex 88.6729 34.1458 10
    endloop
  endfacet
  facet normal 0 0 1
    outer loop
      vertex 90.2258 36.8911 10
      vertex 88.2642 36.5009 10
      vertex 88.483 35.3258 10
    endloop
  endfacet
  facet normal 0 0 1
    outer loop
      vertex 86.742 42.2763 10
      vertex 88.6411 42.9037 10
      vertex 88.2363 44.0803 10
    endloop
  endfacet
  facet normal 0 0 1
    outer loop
      vertex 89.9681 38.1084 10
      vertex 88.0167 37.6702 10
      vertex 88.2642 36.5009 10
    endloop
  endfacet
  facet normal 0 0 1
    outer loop
      vertex 86.3532 43.4065 10
      vertex 88.2363 44.0803 10
      vertex 87.8027 45.2467 10
    endloop
  endfacet
  facet normal 0 0 1
    outer loop
      vertex 89.6806 39.3191 10
      vertex 87.7405 38.8331 10
      vertex 88.0167 37.6702 10
    endloop
  endfacet
  facet normal 0 0 1
    outer loop
      vertex 89.3634 40.5223 10
      vertex 87.4359 39.9889 10
      vertex 87.7405 38.8331 10
    endloop
  endfacet
  facet normal 0 0 1
    outer loop
      vertex 85.9368 44.5269 10
      vertex 87.8027 45.2467 10
      vertex 87.3407 46.4021 10
    endloop
  endfacet
  facet normal 0 0 1
    outer loop
      vertex 89.0169 41.7174 10
      vertex 87.103 41.1369 10
      vertex 87.4359 39.9889 10
    endloop
  endfacet
  facet normal 0 0 1
    outer loop
      vertex 85.4929 45.6367 10
      vertex 87.3407 46.4021 10
      vertex 86.8504 47.5457 10
    endloop
  endfacet
  facet normal 0 0 1
    outer loop
      vertex 88.6411 42.9037 10
      vertex 86.742 42.2763 10
      vertex 87.103 41.1369 10
    endloop
  endfacet
  facet normal 0 0 1
    outer loop
      vertex 88.2363 44.0803 10
      vertex 86.3532 43.4065 10
      vertex 86.742 42.2763 10
    endloop
  endfacet
  facet normal 0 0 1
    outer loop
      vertex 85.022 46.7353 10
      vertex 86.8504 47.5457 10
      vertex 86.3323 48.677 10
    endloop
  endfacet
  facet normal 0 0 1
    outer loop
      vertex 87.8027 45.2467 10
      vertex 85.9368 44.5269 10
      vertex 86.3532 43.4065 10
    endloop
  endfacet
  facet normal 0 0 1
    outer loop
      vertex 84.5243 47.8219 10
      vertex 86.3323 48.677 10
      vertex 85.7865 49.7953 10
    endloop
  endfacet
  facet normal 0 0 1
    outer loop
      vertex 87.3407 46.4021 10
      vertex 85.4929 45.6367 10
      vertex 85.9368 44.5269 10
    endloop
  endfacet
  facet normal 0 0 1
    outer loop
      vertex 84 48.8961 10
      vertex 85.7865 49.7953 10
      vertex 85.2134 50.8998 10
    endloop
  endfacet
  facet normal 0 0 1
    outer loop
      vertex 86.8504 47.5457 10
      vertex 85.022 46.7353 10
      vertex 85.4929 45.6367 10
    endloop
  endfacet
  facet normal 0 0 1
    outer loop
      vertex 83.4496 49.957 10
      vertex 85.2134 50.8998 10
      vertex 84.6134 51.9899 10
    endloop
  endfacet
  facet normal 0 0 1
    outer loop
      vertex 86.3323 48.677 10
      vertex 84.5243 47.8219 10
      vertex 85.022 46.7353 10
    endloop
  endfacet
  facet normal 0 0 1
    outer loop
      vertex 85.7865 49.7953 10
      vertex 84 48.8961 10
      vertex 84.5243 47.8219 10
    endloop
  endfacet
  facet normal 0 0 1
    outer loop
      vertex 82.8732 51.0041 10
      vertex 84.6134 51.9899 10
      vertex 83.9868 53.065 10
    endloop
  endfacet
  facet normal 0 0 1
    outer loop
      vertex 85.2134 50.8998 10
      vertex 83.4496 49.957 10
      vertex 84 48.8961 10
    endloop
  endfacet
  facet normal 0 0 1
    outer loop
      vertex 82.2714 52.0368 10
      vertex 83.9868 53.065 10
      vertex 83.3341 54.1244 10
    endloop
  endfacet
  facet normal 0 0 1
    outer loop
      vertex 84.6134 51.9899 10
      vertex 82.8732 51.0041 10
      vertex 83.4496 49.957 10
    endloop
  endfacet
  facet normal 0 0 1
    outer loop
      vertex 81.6444 53.0544 10
      vertex 83.3341 54.1244 10
      vertex 82.6555 55.1674 10
    endloop
  endfacet
  facet normal 0 0 1
    outer loop
      vertex 83.9868 53.065 10
      vertex 82.2714 52.0368 10
      vertex 82.8732 51.0041 10
    endloop
  endfacet
  facet normal 0 0 1
    outer loop
      vertex 80.3451 55 10
      vertex 82.6555 55.1674 10
      vertex 81.9516 56.1935 10
    endloop
  endfacet
  facet normal 0 0 1
    outer loop
      vertex 83.3341 54.1244 10
      vertex 81.6444 53.0544 10
      vertex 82.2714 52.0368 10
    endloop
  endfacet
  facet normal 0 0 1
    outer loop
      vertex 80.3164 55.0419 10
      vertex 81.9516 56.1935 10
      vertex 81.2226 57.202 10
    endloop
  endfacet
  facet normal 0 0 1
    outer loop
      vertex 82.6555 55.1674 10
      vertex 81 54.0448 10
      vertex 81.6444 53.0544 10
    endloop
  endfacet
  facet normal 0 0 1
    outer loop
      vertex 79.6162 56.0106 10
      vertex 81.2226 57.202 10
      vertex 80.4692 58.1922 10
    endloop
  endfacet
  facet normal 0 0 1
    outer loop
      vertex 82.6555 55.1674 10
      vertex 80.3451 55 10
      vertex 81 54.0448 10
    endloop
  endfacet
  facet normal 0 0 1
    outer loop
      vertex 81 54.0448 10
      vertex 80.3451 55 10
      vertex 81 53 10
    endloop
  endfacet
  facet normal 0 0 1
    outer loop
      vertex 55 53 10
      vertex 80.3451 55 10
      vertex 55 55 10
    endloop
  endfacet
  facet normal 0 0 1
    outer loop
      vertex 80.3451 55 10
      vertex 55 53 10
      vertex 81 53 10
    endloop
  endfacet
  facet normal -0 0 1
    outer loop
      vertex 88.6729 19.8542 10
      vertex 90.6512 19.5608 10
      vertex 88.8338 21.0386 10
    endloop
  endfacet
  facet normal 0 0 1
    outer loop
      vertex 90.6512 19.5608 10
      vertex 88.6729 19.8542 10
      vertex 90.4536 18.3322 10
    endloop
  endfacet
  facet normal -0 0 1
    outer loop
      vertex 88.483 18.6742 10
      vertex 90.4536 18.3322 10
      vertex 88.6729 19.8542 10
    endloop
  endfacet
  facet normal 0 0 1
    outer loop
      vertex 90.4536 18.3322 10
      vertex 88.483 18.6742 10
      vertex 90.2258 17.1089 10
    endloop
  endfacet
  facet normal -0 0 1
    outer loop
      vertex 88.2642 17.4991 10
      vertex 90.2258 17.1089 10
      vertex 88.483 18.6742 10
    endloop
  endfacet
  facet normal 0 0 1
    outer loop
      vertex 90.2258 17.1089 10
      vertex 88.2642 17.4991 10
      vertex 89.9681 15.8916 10
    endloop
  endfacet
  facet normal -0 0 1
    outer loop
      vertex 88.0167 16.3298 10
      vertex 89.9681 15.8916 10
      vertex 88.2642 17.4991 10
    endloop
  endfacet
  facet normal 0 0 1
    outer loop
      vertex 89.9681 15.8916 10
      vertex 88.0167 16.3298 10
      vertex 89.6806 14.6809 10
    endloop
  endfacet
  facet normal -0 0 1
    outer loop
      vertex 87.7405 15.1669 10
      vertex 89.6806 14.6809 10
      vertex 88.0167 16.3298 10
    endloop
  endfacet
  facet normal 0 0 1
    outer loop
      vertex 89.6806 14.6809 10
      vertex 87.7405 15.1669 10
      vertex 89.3634 13.4777 10
    endloop
  endfacet
  facet normal -0 0 1
    outer loop
      vertex 87.4359 14.0111 10
      vertex 89.3634 13.4777 10
      vertex 87.7405 15.1669 10
    endloop
  endfacet
  facet normal 0 0 1
    outer loop
      vertex 89.3634 13.4777 10
      vertex 87.4359 14.0111 10
      vertex 89.0169 12.2826 10
    endloop
  endfacet
  facet normal -0 0 1
    outer loop
      vertex 87.103 12.8631 10
      vertex 89.0169 12.2826 10
      vertex 87.4359 14.0111 10
    endloop
  endfacet
  facet normal 0 0 1
    outer loop
      vertex 89.0169 12.2826 10
      vertex 87.103 12.8631 10
      vertex 88.6411 11.0963 10
    endloop
  endfacet
  facet normal -0 0 1
    outer loop
      vertex 86.742 11.7237 10
      vertex 88.6411 11.0963 10
      vertex 87.103 12.8631 10
    endloop
  endfacet
  facet normal 0 0 1
    outer loop
      vertex 88.6411 11.0963 10
      vertex 86.742 11.7237 10
      vertex 88.2363 9.91969 10
    endloop
  endfacet
  facet normal -0 0 1
    outer loop
      vertex 86.3532 10.5935 10
      vertex 88.2363 9.91969 10
      vertex 86.742 11.7237 10
    endloop
  endfacet
  facet normal 0 0 1
    outer loop
      vertex 88.2363 9.91969 10
      vertex 86.3532 10.5935 10
      vertex 87.8027 8.75332 10
    endloop
  endfacet
  facet normal -0 0 1
    outer loop
      vertex 85.9368 9.47311 10
      vertex 87.8027 8.75332 10
      vertex 86.3532 10.5935 10
    endloop
  endfacet
  facet normal 0 0 1
    outer loop
      vertex 87.8027 8.75332 10
      vertex 85.9368 9.47311 10
      vertex 87.3407 7.59795 10
    endloop
  endfacet
  facet normal -0 0 1
    outer loop
      vertex 85.4929 8.36332 10
      vertex 87.3407 7.59795 10
      vertex 85.9368 9.47311 10
    endloop
  endfacet
  facet normal 0 0 1
    outer loop
      vertex 87.3407 7.59795 10
      vertex 85.4929 8.36332 10
      vertex 86.8504 6.45427 10
    endloop
  endfacet
  facet normal -0 0 1
    outer loop
      vertex 85.022 7.26475 10
      vertex 86.8504 6.45427 10
      vertex 85.4929 8.36332 10
    endloop
  endfacet
  facet normal 0 0 1
    outer loop
      vertex 86.8504 6.45427 10
      vertex 85.022 7.26475 10
      vertex 86.3323 5.32296 10
    endloop
  endfacet
  facet normal -0 0 1
    outer loop
      vertex 84.5243 6.17807 10
      vertex 86.3323 5.32296 10
      vertex 85.022 7.26475 10
    endloop
  endfacet
  facet normal 0 0 1
    outer loop
      vertex 86.3323 5.32296 10
      vertex 84.5243 6.17807 10
      vertex 85.7865 4.20471 10
    endloop
  endfacet
  facet normal -0 0 1
    outer loop
      vertex 84 5.10393 10
      vertex 85.7865 4.20471 10
      vertex 84.5243 6.17807 10
    endloop
  endfacet
  facet normal 0 0 1
    outer loop
      vertex 85.7865 4.20471 10
      vertex 84 5.10393 10
      vertex 85.2134 3.10019 10
    endloop
  endfacet
  facet normal -0 0 1
    outer loop
      vertex 83.4496 4.04298 10
      vertex 85.2134 3.10019 10
      vertex 84 5.10393 10
    endloop
  endfacet
  facet normal 0 0 1
    outer loop
      vertex 85.2134 3.10019 10
      vertex 83.4496 4.04298 10
      vertex 84.6134 2.01006 10
    endloop
  endfacet
  facet normal -0 0 1
    outer loop
      vertex 82.8732 2.99586 10
      vertex 84.6134 2.01006 10
      vertex 83.4496 4.04298 10
    endloop
  endfacet
  facet normal 0 0 1
    outer loop
      vertex 84.6134 2.01006 10
      vertex 82.8732 2.99586 10
      vertex 83.9868 0.934991 10
    endloop
  endfacet
  facet normal -0 0 1
    outer loop
      vertex 82.2714 1.9632 10
      vertex 83.9868 0.934991 10
      vertex 82.8732 2.99586 10
    endloop
  endfacet
  facet normal 0 0 1
    outer loop
      vertex 83.9868 0.934991 10
      vertex 82.2714 1.9632 10
      vertex 83.3341 -0.124379 10
    endloop
  endfacet
  facet normal -0 0 1
    outer loop
      vertex 81.6444 0.945617 10
      vertex 83.3341 -0.124379 10
      vertex 82.2714 1.9632 10
    endloop
  endfacet
  facet normal 0 0 1
    outer loop
      vertex 83.3341 -0.124379 10
      vertex 81.6444 0.945617 10
      vertex 82.6555 -1.16741 10
    endloop
  endfacet
  facet normal -0 0 1
    outer loop
      vertex 81 -0.0448488 10
      vertex 82.6555 -1.16741 10
      vertex 81.6444 0.945617 10
    endloop
  endfacet
  facet normal 0 0 1
    outer loop
      vertex 82.6555 -1.16741 10
      vertex 81 -0.0448488 10
      vertex 81.9516 -2.19347 10
    endloop
  endfacet
  facet normal 0 0 1
    outer loop
      vertex 81.9516 -2.19347 10
      vertex 81 -0.0448488 10
      vertex 81.2226 -3.20195 10
    endloop
  endfacet
  facet normal 0 0 1
    outer loop
      vertex 81.2226 -3.20195 10
      vertex 81 -0.0448488 10
      vertex 80.4692 -4.19224 10
    endloop
  endfacet
  facet normal -0 0 1
    outer loop
      vertex 80.3164 -1.04186 10
      vertex 80.4692 -4.19224 10
      vertex 80.3451 -1 10
    endloop
  endfacet
  facet normal -0 0 1
    outer loop
      vertex 79.6162 -2.01056 10
      vertex 80.4692 -4.19224 10
      vertex 80.3164 -1.04186 10
    endloop
  endfacet
  facet normal -0 0 1
    outer loop
      vertex 78.8925 -2.96178 10
      vertex 80.4692 -4.19224 10
      vertex 79.6162 -2.01056 10
    endloop
  endfacet
  facet normal 0 0 1
    outer loop
      vertex 80.4692 -4.19224 10
      vertex 78.8925 -2.96178 10
      vertex 79.6916 -5.16374 10
    endloop
  endfacet
  facet normal -0 0 1
    outer loop
      vertex 78.1456 -3.89495 10
      vertex 79.6916 -5.16374 10
      vertex 78.8925 -2.96178 10
    endloop
  endfacet
  facet normal 0 0 1
    outer loop
      vertex 79.6916 -5.16374 10
      vertex 78.1456 -3.89495 10
      vertex 78.8905 -6.11586 10
    endloop
  endfacet
  facet normal -0 0 1
    outer loop
      vertex 77.3761 -4.80952 10
      vertex 78.8905 -6.11586 10
      vertex 78.1456 -3.89495 10
    endloop
  endfacet
  facet normal 0 0 1
    outer loop
      vertex 78.8905 -6.11586 10
      vertex 77.3761 -4.80952 10
      vertex 78.0662 -7.04804 10
    endloop
  endfacet
  facet normal -0 0 1
    outer loop
      vertex 76.5843 -5.70492 10
      vertex 78.0662 -7.04804 10
      vertex 77.3761 -4.80952 10
    endloop
  endfacet
  facet normal 0 0 1
    outer loop
      vertex 78.0662 -7.04804 10
      vertex 76.5843 -5.70492 10
      vertex 77.2193 -7.95971 10
    endloop
  endfacet
  facet normal -0 0 1
    outer loop
      vertex 75.7708 -6.58062 10
      vertex 77.2193 -7.95971 10
      vertex 76.5843 -5.70492 10
    endloop
  endfacet
  facet normal 0 0 1
    outer loop
      vertex 77.2193 -7.95971 10
      vertex 75.7708 -6.58062 10
      vertex 76.3503 -8.85031 10
    endloop
  endfacet
  facet normal -0 0 1
    outer loop
      vertex 74.9361 -7.4361 10
      vertex 76.3503 -8.85031 10
      vertex 75.7708 -6.58062 10
    endloop
  endfacet
  facet normal 0 0 1
    outer loop
      vertex 76.3503 -8.85031 10
      vertex 74.9361 -7.4361 10
      vertex 75.4597 -9.71933 10
    endloop
  endfacet
  facet normal -0 0 1
    outer loop
      vertex 74.0806 -8.27083 10
      vertex 75.4597 -9.71933 10
      vertex 74.9361 -7.4361 10
    endloop
  endfacet
  facet normal 0 0 1
    outer loop
      vertex 75.4597 -9.71933 10
      vertex 74.0806 -8.27083 10
      vertex 74.548 -10.5662 10
    endloop
  endfacet
  facet normal -0 0 1
    outer loop
      vertex 73.2049 -9.08432 10
      vertex 74.548 -10.5662 10
      vertex 74.0806 -8.27083 10
    endloop
  endfacet
  facet normal 0 0 1
    outer loop
      vertex 74.548 -10.5662 10
      vertex 73.2049 -9.08432 10
      vertex 73.6159 -11.3905 10
    endloop
  endfacet
  facet normal -0 0 1
    outer loop
      vertex 72.3095 -9.87607 10
      vertex 73.6159 -11.3905 10
      vertex 73.2049 -9.08432 10
    endloop
  endfacet
  facet normal 0 0 1
    outer loop
      vertex 73.6159 -11.3905 10
      vertex 72.3095 -9.87607 10
      vertex 72.6637 -12.1916 10
    endloop
  endfacet
  facet normal -0 0 1
    outer loop
      vertex 71.395 -10.6456 10
      vertex 72.6637 -12.1916 10
      vertex 72.3095 -9.87607 10
    endloop
  endfacet
  facet normal 0 0 1
    outer loop
      vertex 72.6637 -12.1916 10
      vertex 71.395 -10.6456 10
      vertex 71.6922 -12.9692 10
    endloop
  endfacet
  facet normal -0 0 1
    outer loop
      vertex 70.4618 -11.3925 10
      vertex 71.6922 -12.9692 10
      vertex 71.395 -10.6456 10
    endloop
  endfacet
  facet normal 0 0 1
    outer loop
      vertex 71.6922 -12.9692 10
      vertex 70.4618 -11.3925 10
      vertex 70.702 -13.7226 10
    endloop
  endfacet
  facet normal -0 0 1
    outer loop
      vertex 69.5106 -12.1162 10
      vertex 70.702 -13.7226 10
      vertex 70.4618 -11.3925 10
    endloop
  endfacet
  facet normal 0 0 1
    outer loop
      vertex 70.702 -13.7226 10
      vertex 69.5106 -12.1162 10
      vertex 69.6935 -14.4515 10
    endloop
  endfacet
  facet normal -0 0 1
    outer loop
      vertex 68.5419 -12.8164 10
      vertex 69.6935 -14.4515 10
      vertex 69.5106 -12.1162 10
    endloop
  endfacet
  facet normal 0 0 1
    outer loop
      vertex 69.6935 -14.4515 10
      vertex 68.5419 -12.8164 10
      vertex 68.6674 -15.1555 10
    endloop
  endfacet
  facet normal -0 0 1
    outer loop
      vertex 67.5563 -13.4926 10
      vertex 68.6674 -15.1555 10
      vertex 68.5419 -12.8164 10
    endloop
  endfacet
  facet normal 0 0 1
    outer loop
      vertex 68.6674 -15.1555 10
      vertex 67.5563 -13.4926 10
      vertex 67.6244 -15.8341 10
    endloop
  endfacet
  facet normal -0 0 1
    outer loop
      vertex 66.5544 -14.1444 10
      vertex 67.6244 -15.8341 10
      vertex 67.5563 -13.4926 10
    endloop
  endfacet
  facet normal 0 0 1
    outer loop
      vertex 67.6244 -15.8341 10
      vertex 66.5544 -14.1444 10
      vertex 66.565 -16.4868 10
    endloop
  endfacet
  facet normal -0 0 1
    outer loop
      vertex 65.5368 -14.7714 10
      vertex 66.565 -16.4868 10
      vertex 66.5544 -14.1444 10
    endloop
  endfacet
  facet normal 0 0 1
    outer loop
      vertex 65.5368 -14.7714 10
      vertex 65.4899 -17.1134 10
      vertex 66.565 -16.4868 10
    endloop
  endfacet
  facet normal -0 0 1
    outer loop
      vertex 64.5041 -15.3732 10
      vertex 65.4899 -17.1134 10
      vertex 65.5368 -14.7714 10
    endloop
  endfacet
  facet normal 0 0 1
    outer loop
      vertex 64.5041 -15.3732 10
      vertex 64.3998 -17.7134 10
      vertex 65.4899 -17.1134 10
    endloop
  endfacet
  facet normal -0 0 1
    outer loop
      vertex 63.457 -15.9496 10
      vertex 64.3998 -17.7134 10
      vertex 64.5041 -15.3732 10
    endloop
  endfacet
  facet normal 0 0 1
    outer loop
      vertex 63.457 -15.9496 10
      vertex 63.2953 -18.2865 10
      vertex 64.3998 -17.7134 10
    endloop
  endfacet
  facet normal -0 0 1
    outer loop
      vertex 62.3961 -16.5 10
      vertex 63.2953 -18.2865 10
      vertex 63.457 -15.9496 10
    endloop
  endfacet
  facet normal 0 0 1
    outer loop
      vertex 62.3961 -16.5 10
      vertex 62.177 -18.8323 10
      vertex 63.2953 -18.2865 10
    endloop
  endfacet
  facet normal -0 0 1
    outer loop
      vertex 61.3219 -17.0243 10
      vertex 62.177 -18.8323 10
      vertex 62.3961 -16.5 10
    endloop
  endfacet
  facet normal 0 0 1
    outer loop
      vertex 61.3219 -17.0243 10
      vertex 61.0457 -19.3504 10
      vertex 62.177 -18.8323 10
    endloop
  endfacet
  facet normal -0 0 1
    outer loop
      vertex 60.2353 -17.522 10
      vertex 61.0457 -19.3504 10
      vertex 61.3219 -17.0243 10
    endloop
  endfacet
  facet normal 0 0 1
    outer loop
      vertex 60.2353 -17.522 10
      vertex 59.9021 -19.8407 10
      vertex 61.0457 -19.3504 10
    endloop
  endfacet
  facet normal -0 0 1
    outer loop
      vertex 59.1367 -17.9929 10
      vertex 59.9021 -19.8407 10
      vertex 60.2353 -17.522 10
    endloop
  endfacet
  facet normal 0 0 1
    outer loop
      vertex 59.1367 -17.9929 10
      vertex 58.7467 -20.3027 10
      vertex 59.9021 -19.8407 10
    endloop
  endfacet
  facet normal -0 0 1
    outer loop
      vertex 58.0269 -18.4367 10
      vertex 58.7467 -20.3027 10
      vertex 59.1367 -17.9929 10
    endloop
  endfacet
  facet normal 0 0 1
    outer loop
      vertex 58.0269 -18.4367 10
      vertex 57.5803 -20.7363 10
      vertex 58.7467 -20.3027 10
    endloop
  endfacet
  facet normal -0 0 1
    outer loop
      vertex 56.9065 -18.8532 10
      vertex 57.5803 -20.7363 10
      vertex 58.0269 -18.4367 10
    endloop
  endfacet
  facet normal 0 0 1
    outer loop
      vertex 56.9065 -18.8532 10
      vertex 56.4037 -21.1411 10
      vertex 57.5803 -20.7363 10
    endloop
  endfacet
  facet normal -0 0 1
    outer loop
      vertex 55.7763 -19.242 10
      vertex 56.4037 -21.1411 10
      vertex 56.9065 -18.8532 10
    endloop
  endfacet
  facet normal 0 0 1
    outer loop
      vertex 55.7763 -19.242 10
      vertex 55.2174 -21.5169 10
      vertex 56.4037 -21.1411 10
    endloop
  endfacet
  facet normal -0 0 1
    outer loop
      vertex 54.6369 -19.603 10
      vertex 55.2174 -21.5169 10
      vertex 55.7763 -19.242 10
    endloop
  endfacet
  facet normal 0 0 1
    outer loop
      vertex 54.6369 -19.603 10
      vertex 54.0223 -21.8634 10
      vertex 55.2174 -21.5169 10
    endloop
  endfacet
  facet normal -0 0 1
    outer loop
      vertex 53.4889 -19.9359 10
      vertex 54.0223 -21.8634 10
      vertex 54.6369 -19.603 10
    endloop
  endfacet
  facet normal 0 0 1
    outer loop
      vertex 53.4889 -19.9359 10
      vertex 52.8191 -22.1806 10
      vertex 54.0223 -21.8634 10
    endloop
  endfacet
  facet normal -0 0 1
    outer loop
      vertex 52.3331 -20.2405 10
      vertex 52.8191 -22.1806 10
      vertex 53.4889 -19.9359 10
    endloop
  endfacet
  facet normal 0 0 1
    outer loop
      vertex 52.3331 -20.2405 10
      vertex 51.6084 -22.4681 10
      vertex 52.8191 -22.1806 10
    endloop
  endfacet
  facet normal -0 0 1
    outer loop
      vertex 51.1702 -20.5167 10
      vertex 51.6084 -22.4681 10
      vertex 52.3331 -20.2405 10
    endloop
  endfacet
  facet normal 0 0 1
    outer loop
      vertex 51.1702 -20.5167 10
      vertex 50.3911 -22.7258 10
      vertex 51.6084 -22.4681 10
    endloop
  endfacet
  facet normal -0 0 1
    outer loop
      vertex 50.0009 -20.7642 10
      vertex 50.3911 -22.7258 10
      vertex 51.1702 -20.5167 10
    endloop
  endfacet
  facet normal 0 0 1
    outer loop
      vertex 50.0009 -20.7642 10
      vertex 49.1678 -22.9536 10
      vertex 50.3911 -22.7258 10
    endloop
  endfacet
  facet normal -0 0 1
    outer loop
      vertex 48.8258 -20.983 10
      vertex 49.1678 -22.9536 10
      vertex 50.0009 -20.7642 10
    endloop
  endfacet
  facet normal 0 0 1
    outer loop
      vertex 48.8258 -20.983 10
      vertex 47.9392 -23.1512 10
      vertex 49.1678 -22.9536 10
    endloop
  endfacet
  facet normal -0 0 1
    outer loop
      vertex 47.6458 -21.1729 10
      vertex 47.9392 -23.1512 10
      vertex 48.8258 -20.983 10
    endloop
  endfacet
  facet normal 0 0 1
    outer loop
      vertex 47.6458 -21.1729 10
      vertex 46.7062 -23.3187 10
      vertex 47.9392 -23.1512 10
    endloop
  endfacet
  facet normal -0 0 1
    outer loop
      vertex 46.4614 -21.3338 10
      vertex 46.7062 -23.3187 10
      vertex 47.6458 -21.1729 10
    endloop
  endfacet
  facet normal 0 0 1
    outer loop
      vertex 46.4614 -21.3338 10
      vertex 45.4695 -23.4559 10
      vertex 46.7062 -23.3187 10
    endloop
  endfacet
  facet normal -0 0 1
    outer loop
      vertex 45.2734 -21.4655 10
      vertex 45.4695 -23.4559 10
      vertex 46.4614 -21.3338 10
    endloop
  endfacet
  facet normal 0 0 1
    outer loop
      vertex 45.2734 -21.4655 10
      vertex 44.2297 -23.5626 10
      vertex 45.4695 -23.4559 10
    endloop
  endfacet
  facet normal -0 0 1
    outer loop
      vertex 44.0826 -21.568 10
      vertex 44.2297 -23.5626 10
      vertex 45.2734 -21.4655 10
    endloop
  endfacet
  facet normal 0 0 1
    outer loop
      vertex 44.0826 -21.568 10
      vertex 42.9877 -23.6389 10
      vertex 44.2297 -23.5626 10
    endloop
  endfacet
  facet normal -0 0 1
    outer loop
      vertex 42.8896 -21.6413 10
      vertex 42.9877 -23.6389 10
      vertex 44.0826 -21.568 10
    endloop
  endfacet
  facet normal 0 0 1
    outer loop
      vertex 42.8896 -21.6413 10
      vertex 41.7442 -23.6847 10
      vertex 42.9877 -23.6389 10
    endloop
  endfacet
  facet normal -0 0 1
    outer loop
      vertex 41.6952 -21.6853 10
      vertex 41.7442 -23.6847 10
      vertex 42.8896 -21.6413 10
    endloop
  endfacet
  facet normal -0 0 1
    outer loop
      vertex 40.5 -21.7 10
      vertex 41.7442 -23.6847 10
      vertex 41.6952 -21.6853 10
    endloop
  endfacet
  facet normal 0 0 1
    outer loop
      vertex 40.5 -21.7 10
      vertex 40.5 -23.7 10
      vertex 41.7442 -23.6847 10
    endloop
  endfacet
  facet normal 0 0 1
    outer loop
      vertex 39.3048 -21.6853 10
      vertex 40.5 -23.7 10
      vertex 40.5 -21.7 10
    endloop
  endfacet
  facet normal 0 0 1
    outer loop
      vertex 39.3048 -21.6853 10
      vertex 39.2558 -23.6847 10
      vertex 40.5 -23.7 10
    endloop
  endfacet
  facet normal 0 0 1
    outer loop
      vertex 38.1104 -21.6413 10
      vertex 39.2558 -23.6847 10
      vertex 39.3048 -21.6853 10
    endloop
  endfacet
  facet normal 0 0 1
    outer loop
      vertex 38.1104 -21.6413 10
      vertex 38.0123 -23.6389 10
      vertex 39.2558 -23.6847 10
    endloop
  endfacet
  facet normal 0 0 1
    outer loop
      vertex 36.9174 -21.568 10
      vertex 38.0123 -23.6389 10
      vertex 38.1104 -21.6413 10
    endloop
  endfacet
  facet normal 0 0 1
    outer loop
      vertex 36.9174 -21.568 10
      vertex 36.7703 -23.5626 10
      vertex 38.0123 -23.6389 10
    endloop
  endfacet
  facet normal 0 0 1
    outer loop
      vertex 35.7266 -21.4655 10
      vertex 36.7703 -23.5626 10
      vertex 36.9174 -21.568 10
    endloop
  endfacet
  facet normal 0 0 1
    outer loop
      vertex 35.7266 -21.4655 10
      vertex 35.5305 -23.4559 10
      vertex 36.7703 -23.5626 10
    endloop
  endfacet
  facet normal 0 0 1
    outer loop
      vertex 34.5386 -21.3338 10
      vertex 35.5305 -23.4559 10
      vertex 35.7266 -21.4655 10
    endloop
  endfacet
  facet normal 0 0 1
    outer loop
      vertex 34.5386 -21.3338 10
      vertex 34.2938 -23.3187 10
      vertex 35.5305 -23.4559 10
    endloop
  endfacet
  facet normal 0 0 1
    outer loop
      vertex 33.3542 -21.1729 10
      vertex 34.2938 -23.3187 10
      vertex 34.5386 -21.3338 10
    endloop
  endfacet
  facet normal 0 0 1
    outer loop
      vertex 33.3542 -21.1729 10
      vertex 33.0608 -23.1512 10
      vertex 34.2938 -23.3187 10
    endloop
  endfacet
  facet normal 0 0 1
    outer loop
      vertex 32.1742 -20.983 10
      vertex 33.0608 -23.1512 10
      vertex 33.3542 -21.1729 10
    endloop
  endfacet
  facet normal 0 0 1
    outer loop
      vertex 32.1742 -20.983 10
      vertex 31.8322 -22.9536 10
      vertex 33.0608 -23.1512 10
    endloop
  endfacet
  facet normal 0 0 1
    outer loop
      vertex 30.9991 -20.7642 10
      vertex 31.8322 -22.9536 10
      vertex 32.1742 -20.983 10
    endloop
  endfacet
  facet normal 0 0 1
    outer loop
      vertex 30.9991 -20.7642 10
      vertex 30.6089 -22.7258 10
      vertex 31.8322 -22.9536 10
    endloop
  endfacet
  facet normal 0 0 1
    outer loop
      vertex 29.8298 -20.5167 10
      vertex 30.6089 -22.7258 10
      vertex 30.9991 -20.7642 10
    endloop
  endfacet
  facet normal 0 0 1
    outer loop
      vertex 29.8298 -20.5167 10
      vertex 29.3916 -22.4681 10
      vertex 30.6089 -22.7258 10
    endloop
  endfacet
  facet normal 0 0 1
    outer loop
      vertex 28.6669 -20.2405 10
      vertex 29.3916 -22.4681 10
      vertex 29.8298 -20.5167 10
    endloop
  endfacet
  facet normal 0 0 1
    outer loop
      vertex 28.6669 -20.2405 10
      vertex 28.1809 -22.1806 10
      vertex 29.3916 -22.4681 10
    endloop
  endfacet
  facet normal 0 0 1
    outer loop
      vertex 27.5111 -19.9359 10
      vertex 28.1809 -22.1806 10
      vertex 28.6669 -20.2405 10
    endloop
  endfacet
  facet normal 0 0 1
    outer loop
      vertex 27.5111 -19.9359 10
      vertex 26.9777 -21.8634 10
      vertex 28.1809 -22.1806 10
    endloop
  endfacet
  facet normal 0 0 1
    outer loop
      vertex 26.3631 -19.603 10
      vertex 26.9777 -21.8634 10
      vertex 27.5111 -19.9359 10
    endloop
  endfacet
  facet normal 0 0 1
    outer loop
      vertex 26.3631 -19.603 10
      vertex 25.7826 -21.5169 10
      vertex 26.9777 -21.8634 10
    endloop
  endfacet
  facet normal 0 0 1
    outer loop
      vertex 25.2237 -19.242 10
      vertex 25.7826 -21.5169 10
      vertex 26.3631 -19.603 10
    endloop
  endfacet
  facet normal 0 0 1
    outer loop
      vertex 25.2237 -19.242 10
      vertex 24.5963 -21.1411 10
      vertex 25.7826 -21.5169 10
    endloop
  endfacet
  facet normal 0 0 1
    outer loop
      vertex 24.0935 -18.8532 10
      vertex 24.5963 -21.1411 10
      vertex 25.2237 -19.242 10
    endloop
  endfacet
  facet normal 0 0 1
    outer loop
      vertex 24.0935 -18.8532 10
      vertex 23.4197 -20.7363 10
      vertex 24.5963 -21.1411 10
    endloop
  endfacet
  facet normal 0 0 1
    outer loop
      vertex 22.9731 -18.4367 10
      vertex 23.4197 -20.7363 10
      vertex 24.0935 -18.8532 10
    endloop
  endfacet
  facet normal 0 0 1
    outer loop
      vertex 22.9731 -18.4367 10
      vertex 22.2533 -20.3027 10
      vertex 23.4197 -20.7363 10
    endloop
  endfacet
  facet normal 0 0 1
    outer loop
      vertex 21.8633 -17.9929 10
      vertex 22.2533 -20.3027 10
      vertex 22.9731 -18.4367 10
    endloop
  endfacet
  facet normal 0 0 1
    outer loop
      vertex 21.8633 -17.9929 10
      vertex 21.0979 -19.8407 10
      vertex 22.2533 -20.3027 10
    endloop
  endfacet
  facet normal 0 0 1
    outer loop
      vertex 20.7647 -17.522 10
      vertex 21.0979 -19.8407 10
      vertex 21.8633 -17.9929 10
    endloop
  endfacet
  facet normal 0 0 1
    outer loop
      vertex 20.7647 -17.522 10
      vertex 19.9543 -19.3504 10
      vertex 21.0979 -19.8407 10
    endloop
  endfacet
  facet normal 0 0 1
    outer loop
      vertex 19.6781 -17.0243 10
      vertex 19.9543 -19.3504 10
      vertex 20.7647 -17.522 10
    endloop
  endfacet
  facet normal 0 0 1
    outer loop
      vertex 19.6781 -17.0243 10
      vertex 18.823 -18.8323 10
      vertex 19.9543 -19.3504 10
    endloop
  endfacet
  facet normal 0 0 1
    outer loop
      vertex 18.6039 -16.5 10
      vertex 18.823 -18.8323 10
      vertex 19.6781 -17.0243 10
    endloop
  endfacet
  facet normal 0 0 1
    outer loop
      vertex 18.6039 -16.5 10
      vertex 17.7047 -18.2865 10
      vertex 18.823 -18.8323 10
    endloop
  endfacet
  facet normal 0 0 1
    outer loop
      vertex 17.543 -15.9496 10
      vertex 17.7047 -18.2865 10
      vertex 18.6039 -16.5 10
    endloop
  endfacet
  facet normal 0 0 1
    outer loop
      vertex 17.543 -15.9496 10
      vertex 16.6002 -17.7134 10
      vertex 17.7047 -18.2865 10
    endloop
  endfacet
  facet normal 0 0 1
    outer loop
      vertex 16.4959 -15.3732 10
      vertex 16.6002 -17.7134 10
      vertex 17.543 -15.9496 10
    endloop
  endfacet
  facet normal 0 0 1
    outer loop
      vertex 16.4959 -15.3732 10
      vertex 15.5101 -17.1134 10
      vertex 16.6002 -17.7134 10
    endloop
  endfacet
  facet normal 0 0 1
    outer loop
      vertex 15.4632 -14.7714 10
      vertex 15.5101 -17.1134 10
      vertex 16.4959 -15.3732 10
    endloop
  endfacet
  facet normal 0 0 1
    outer loop
      vertex 14.435 -16.4868 10
      vertex 15.4632 -14.7714 10
      vertex 14.4456 -14.1444 10
    endloop
  endfacet
  facet normal 0 0 1
    outer loop
      vertex 15.4632 -14.7714 10
      vertex 14.435 -16.4868 10
      vertex 15.5101 -17.1134 10
    endloop
  endfacet
  facet normal 0 0 1
    outer loop
      vertex 13.3756 -15.8341 10
      vertex 14.4456 -14.1444 10
      vertex 13.4437 -13.4926 10
    endloop
  endfacet
  facet normal 0 0 1
    outer loop
      vertex 14.4456 -14.1444 10
      vertex 13.3756 -15.8341 10
      vertex 14.435 -16.4868 10
    endloop
  endfacet
  facet normal 0 0 1
    outer loop
      vertex 12.3326 -15.1555 10
      vertex 13.4437 -13.4926 10
      vertex 12.4581 -12.8164 10
    endloop
  endfacet
  facet normal 0 0 1
    outer loop
      vertex 13.4437 -13.4926 10
      vertex 12.3326 -15.1555 10
      vertex 13.3756 -15.8341 10
    endloop
  endfacet
  facet normal 0 0 1
    outer loop
      vertex 11.3065 -14.4515 10
      vertex 12.4581 -12.8164 10
      vertex 11.4894 -12.1162 10
    endloop
  endfacet
  facet normal 0 0 1
    outer loop
      vertex 12.4581 -12.8164 10
      vertex 11.3065 -14.4515 10
      vertex 12.3326 -15.1555 10
    endloop
  endfacet
  facet normal 0 0 1
    outer loop
      vertex 10.298 -13.7226 10
      vertex 11.4894 -12.1162 10
      vertex 10.5382 -11.3925 10
    endloop
  endfacet
  facet normal 0 0 1
    outer loop
      vertex 11.4894 -12.1162 10
      vertex 10.298 -13.7226 10
      vertex 11.3065 -14.4515 10
    endloop
  endfacet
  facet normal 0 0 1
    outer loop
      vertex 9.30776 -12.9692 10
      vertex 10.5382 -11.3925 10
      vertex 9.60505 -10.6456 10
    endloop
  endfacet
  facet normal 0 0 1
    outer loop
      vertex 10.5382 -11.3925 10
      vertex 9.30776 -12.9692 10
      vertex 10.298 -13.7226 10
    endloop
  endfacet
  facet normal 0 0 1
    outer loop
      vertex 8.33626 -12.1916 10
      vertex 9.60505 -10.6456 10
      vertex 8.69048 -9.87607 10
    endloop
  endfacet
  facet normal 0 0 1
    outer loop
      vertex 9.60505 -10.6456 10
      vertex 8.33626 -12.1916 10
      vertex 9.30776 -12.9692 10
    endloop
  endfacet
  facet normal 0 0 1
    outer loop
      vertex 7.38414 -11.3905 10
      vertex 8.69048 -9.87607 10
      vertex 7.79508 -9.08432 10
    endloop
  endfacet
  facet normal 0 0 1
    outer loop
      vertex 8.69048 -9.87607 10
      vertex 7.38414 -11.3905 10
      vertex 8.33626 -12.1916 10
    endloop
  endfacet
  facet normal 0 0 1
    outer loop
      vertex 6.45196 -10.5662 10
      vertex 7.79508 -9.08432 10
      vertex 6.91938 -8.27083 10
    endloop
  endfacet
  facet normal 0 0 1
    outer loop
      vertex 7.79508 -9.08432 10
      vertex 6.45196 -10.5662 10
      vertex 7.38414 -11.3905 10
    endloop
  endfacet
  facet normal 0 0 1
    outer loop
      vertex 5.54029 -9.71933 10
      vertex 6.91938 -8.27083 10
      vertex 6.0639 -7.4361 10
    endloop
  endfacet
  facet normal 0 0 1
    outer loop
      vertex 6.91938 -8.27083 10
      vertex 5.54029 -9.71933 10
      vertex 6.45196 -10.5662 10
    endloop
  endfacet
  facet normal 0 0 1
    outer loop
      vertex 4.64969 -8.85031 10
      vertex 6.0639 -7.4361 10
      vertex 5.22917 -6.58062 10
    endloop
  endfacet
  facet normal 0 0 1
    outer loop
      vertex 6.0639 -7.4361 10
      vertex 4.64969 -8.85031 10
      vertex 5.54029 -9.71933 10
    endloop
  endfacet
  facet normal 0 0 1
    outer loop
      vertex 3.78067 -7.95971 10
      vertex 5.22917 -6.58062 10
      vertex 4.41568 -5.70492 10
    endloop
  endfacet
  facet normal 0 0 1
    outer loop
      vertex 5.22917 -6.58062 10
      vertex 3.78067 -7.95971 10
      vertex 4.64969 -8.85031 10
    endloop
  endfacet
  facet normal 0 0 1
    outer loop
      vertex 2.93378 -7.04804 10
      vertex 4.41568 -5.70492 10
      vertex 3.62393 -4.80952 10
    endloop
  endfacet
  facet normal 0 0 1
    outer loop
      vertex 4.41568 -5.70492 10
      vertex 2.93378 -7.04804 10
      vertex 3.78067 -7.95971 10
    endloop
  endfacet
  facet normal 0 0 1
    outer loop
      vertex 2.10951 -6.11586 10
      vertex 3.62393 -4.80952 10
      vertex 2.85439 -3.89495 10
    endloop
  endfacet
  facet normal 0 0 1
    outer loop
      vertex 3.62393 -4.80952 10
      vertex 2.10951 -6.11586 10
      vertex 2.93378 -7.04804 10
    endloop
  endfacet
  facet normal 0 0 1
    outer loop
      vertex 1.30837 -5.16374 10
      vertex 2.85439 -3.89495 10
      vertex 2.10753 -2.96178 10
    endloop
  endfacet
  facet normal 0 0 1
    outer loop
      vertex 0.530837 -4.19224 10
      vertex 2.10753 -2.96178 10
      vertex 1.38379 -2.01056 10
    endloop
  endfacet
  facet normal 0 0 1
    outer loop
      vertex 2.85439 -3.89495 10
      vertex 1.30837 -5.16374 10
      vertex 2.10951 -6.11586 10
    endloop
  endfacet
  facet normal 0 0 1
    outer loop
      vertex 0.530837 -4.19224 10
      vertex 1.38379 -2.01056 10
      vertex 0.68362 -1.04186 10
    endloop
  endfacet
  facet normal 0 0 1
    outer loop
      vertex 0.530837 -4.19224 10
      vertex 0.68362 -1.04186 10
      vertex 0.654902 -1 10
    endloop
  endfacet
  facet normal 0 0 1
    outer loop
      vertex 2.10753 -2.96178 10
      vertex 0.530837 -4.19224 10
      vertex 1.30837 -5.16374 10
    endloop
  endfacet
  facet normal -0 0 1
    outer loop
      vertex 55 28 10
      vertex 81 26 10
      vertex 81 28 10
    endloop
  endfacet
  facet normal 0 0 1
    outer loop
      vertex 81 26 10
      vertex 55 28 10
      vertex 55 26 10
    endloop
  endfacet
  facet normal 0 0 -1
    outer loop
      vertex -2.98684 53.065 0
      vertex -1 52.4772 0
      vertex -1.27138 52.0368 0
    endloop
  endfacet
  facet normal 0 0 -1
    outer loop
      vertex -1 52.4772 0
      vertex -1.65551 55.1674 0
      vertex -1 56.1229 0
    endloop
  endfacet
  facet normal 0 0 -1
    outer loop
      vertex -2.98684 53.065 0
      vertex -1.27138 52.0368 0
      vertex -1.87324 51.0041 0
    endloop
  endfacet
  facet normal 0 0 -1
    outer loop
      vertex -1 52.4772 0
      vertex -2.33407 54.1244 0
      vertex -1.65551 55.1674 0
    endloop
  endfacet
  facet normal 0 0 -1
    outer loop
      vertex -3.61341 51.9899 0
      vertex -1.87324 51.0041 0
      vertex -2.44956 49.957 0
    endloop
  endfacet
  facet normal 0 0 -1
    outer loop
      vertex -1 52.4772 0
      vertex -2.98684 53.065 0
      vertex -2.33407 54.1244 0
    endloop
  endfacet
  facet normal 0 0 -1
    outer loop
      vertex -4.21341 50.8998 0
      vertex -2.44956 49.957 0
      vertex -3.00002 48.8961 0
    endloop
  endfacet
  facet normal 0 0 -1
    outer loop
      vertex -4.78647 49.7953 0
      vertex -3.00002 48.8961 0
      vertex -3.52428 47.8219 0
    endloop
  endfacet
  facet normal 0 0 -1
    outer loop
      vertex -1.87324 51.0041 0
      vertex -3.61341 51.9899 0
      vertex -2.98684 53.065 0
    endloop
  endfacet
  facet normal 0 0 -1
    outer loop
      vertex -5.33226 48.677 0
      vertex -3.52428 47.8219 0
      vertex -4.02201 46.7353 0
    endloop
  endfacet
  facet normal 0 0 -1
    outer loop
      vertex -2.44956 49.957 0
      vertex -4.21341 50.8998 0
      vertex -3.61341 51.9899 0
    endloop
  endfacet
  facet normal 0 0 -1
    outer loop
      vertex -5.85043 47.5457 0
      vertex -4.02201 46.7353 0
      vertex -4.49293 45.6367 0
    endloop
  endfacet
  facet normal 0 0 -1
    outer loop
      vertex -3.00002 48.8961 0
      vertex -4.78647 49.7953 0
      vertex -4.21341 50.8998 0
    endloop
  endfacet
  facet normal 0 0 -1
    outer loop
      vertex -6.34069 46.4021 0
      vertex -4.49293 45.6367 0
      vertex -4.93675 44.5269 0
    endloop
  endfacet
  facet normal 0 0 -1
    outer loop
      vertex -3.52428 47.8219 0
      vertex -5.33226 48.677 0
      vertex -4.78647 49.7953 0
    endloop
  endfacet
  facet normal 0 0 -1
    outer loop
      vertex -6.80273 45.2467 0
      vertex -4.93675 44.5269 0
      vertex -5.3532 43.4065 0
    endloop
  endfacet
  facet normal 0 0 -1
    outer loop
      vertex -7.23628 44.0803 0
      vertex -5.3532 43.4065 0
      vertex -5.74202 42.2763 0
    endloop
  endfacet
  facet normal 0 0 -1
    outer loop
      vertex -4.02201 46.7353 0
      vertex -5.85043 47.5457 0
      vertex -5.33226 48.677 0
    endloop
  endfacet
  facet normal 0 0 -1
    outer loop
      vertex -7.64108 42.9037 0
      vertex -5.74202 42.2763 0
      vertex -6.10299 41.1369 0
    endloop
  endfacet
  facet normal 0 0 -1
    outer loop
      vertex -4.49293 45.6367 0
      vertex -6.34069 46.4021 0
      vertex -5.85043 47.5457 0
    endloop
  endfacet
  facet normal 0 0 -1
    outer loop
      vertex -8.01687 41.7174 0
      vertex -6.10299 41.1369 0
      vertex -6.43589 39.9889 0
    endloop
  endfacet
  facet normal 0 0 -1
    outer loop
      vertex -8.36345 40.5223 0
      vertex -6.43589 39.9889 0
      vertex -6.74052 38.8331 0
    endloop
  endfacet
  facet normal 0 0 -1
    outer loop
      vertex -4.93675 44.5269 0
      vertex -6.80273 45.2467 0
      vertex -6.34069 46.4021 0
    endloop
  endfacet
  facet normal 0 0 -1
    outer loop
      vertex -8.68058 39.3191 0
      vertex -6.74052 38.8331 0
      vertex -7.01669 37.6702 0
    endloop
  endfacet
  facet normal 0 0 -1
    outer loop
      vertex -5.3532 43.4065 0
      vertex -7.23628 44.0803 0
      vertex -6.80273 45.2467 0
    endloop
  endfacet
  facet normal 0 0 -1
    outer loop
      vertex -8.9681 38.1084 0
      vertex -7.01669 37.6702 0
      vertex -7.26424 36.5009 0
    endloop
  endfacet
  facet normal 0 0 -1
    outer loop
      vertex -9.22581 36.8911 0
      vertex -7.26424 36.5009 0
      vertex -7.48302 35.3258 0
    endloop
  endfacet
  facet normal 0 0 -1
    outer loop
      vertex -5.74202 42.2763 0
      vertex -7.64108 42.9037 0
      vertex -7.23628 44.0803 0
    endloop
  endfacet
  facet normal 0 0 -1
    outer loop
      vertex -9.45358 35.6678 0
      vertex -7.48302 35.3258 0
      vertex -7.6729 34.1458 0
    endloop
  endfacet
  facet normal 0 0 -1
    outer loop
      vertex -9.65125 34.4392 0
      vertex -7.6729 34.1458 0
      vertex -7.83375 32.9614 0
    endloop
  endfacet
  facet normal 0 0 -1
    outer loop
      vertex -9.81871 33.2062 0
      vertex -7.83375 32.9614 0
      vertex -7.9655 31.7734 0
    endloop
  endfacet
  facet normal 0 0 -1
    outer loop
      vertex -6.10299 41.1369 0
      vertex -8.01687 41.7174 0
      vertex -7.64108 42.9037 0
    endloop
  endfacet
  facet normal 0 0 -1
    outer loop
      vertex -9.95586 31.9695 0
      vertex -7.9655 31.7734 0
      vertex -8.06804 30.5826 0
    endloop
  endfacet
  facet normal 0 0 -1
    outer loop
      vertex -10.0626 30.7297 0
      vertex -8.06804 30.5826 0
      vertex -8.14134 29.3896 0
    endloop
  endfacet
  facet normal 0 0 -1
    outer loop
      vertex -10.1389 29.4877 0
      vertex -8.14134 29.3896 0
      vertex -8.18533 28.1952 0
    endloop
  endfacet
  facet normal 0 0 -1
    outer loop
      vertex -6.43589 39.9889 0
      vertex -8.36345 40.5223 0
      vertex -8.01687 41.7174 0
    endloop
  endfacet
  facet normal 0 0 -1
    outer loop
      vertex -10.1847 28.2442 0
      vertex -8.18533 28.1952 0
      vertex -8.2 27 0
    endloop
  endfacet
  facet normal 0 0 -1
    outer loop
      vertex -9.81871 20.7938 0
      vertex -7.83375 21.0386 0
      vertex -9.65125 19.5608 0
    endloop
  endfacet
  facet normal -0 0 -1
    outer loop
      vertex -7.83375 21.0386 0
      vertex -9.81871 20.7938 0
      vertex -7.9655 22.2266 0
    endloop
  endfacet
  facet normal 0 0 -1
    outer loop
      vertex -6.74052 38.8331 0
      vertex -8.68058 39.3191 0
      vertex -8.36345 40.5223 0
    endloop
  endfacet
  facet normal 0 0 -1
    outer loop
      vertex -9.95586 22.0305 0
      vertex -7.9655 22.2266 0
      vertex -9.81871 20.7938 0
    endloop
  endfacet
  facet normal 0 0 -1
    outer loop
      vertex -7.01669 37.6702 0
      vertex -8.9681 38.1084 0
      vertex -8.68058 39.3191 0
    endloop
  endfacet
  facet normal -0 0 -1
    outer loop
      vertex -7.9655 22.2266 0
      vertex -9.95586 22.0305 0
      vertex -8.06804 23.4174 0
    endloop
  endfacet
  facet normal 0 0 -1
    outer loop
      vertex -7.26424 36.5009 0
      vertex -9.22581 36.8911 0
      vertex -8.9681 38.1084 0
    endloop
  endfacet
  facet normal 0 0 -1
    outer loop
      vertex -10.0626 23.2703 0
      vertex -8.06804 23.4174 0
      vertex -9.95586 22.0305 0
    endloop
  endfacet
  facet normal 0 0 -1
    outer loop
      vertex -7.48302 35.3258 0
      vertex -9.45358 35.6678 0
      vertex -9.22581 36.8911 0
    endloop
  endfacet
  facet normal -0 0 -1
    outer loop
      vertex -8.06804 23.4174 0
      vertex -10.0626 23.2703 0
      vertex -8.14134 24.6104 0
    endloop
  endfacet
  facet normal 0 0 -1
    outer loop
      vertex -7.6729 34.1458 0
      vertex -9.65125 34.4392 0
      vertex -9.45358 35.6678 0
    endloop
  endfacet
  facet normal 0 0 -1
    outer loop
      vertex -10.1389 24.5123 0
      vertex -8.14134 24.6104 0
      vertex -10.0626 23.2703 0
    endloop
  endfacet
  facet normal 0 0 -1
    outer loop
      vertex -7.83375 32.9614 0
      vertex -9.81871 33.2062 0
      vertex -9.65125 34.4392 0
    endloop
  endfacet
  facet normal -0 0 -1
    outer loop
      vertex -8.14134 24.6104 0
      vertex -10.1389 24.5123 0
      vertex -8.18533 25.8048 0
    endloop
  endfacet
  facet normal 0 0 -1
    outer loop
      vertex -7.9655 31.7734 0
      vertex -9.95586 31.9695 0
      vertex -9.81871 33.2062 0
    endloop
  endfacet
  facet normal 0 0 -1
    outer loop
      vertex -10.1847 25.7558 0
      vertex -8.18533 25.8048 0
      vertex -10.1389 24.5123 0
    endloop
  endfacet
  facet normal 0 0 -1
    outer loop
      vertex -8.06804 30.5826 0
      vertex -10.0626 30.7297 0
      vertex -9.95586 31.9695 0
    endloop
  endfacet
  facet normal -0 0 -1
    outer loop
      vertex -8.18533 25.8048 0
      vertex -10.1847 25.7558 0
      vertex -8.2 27 0
    endloop
  endfacet
  facet normal 0 0 -1
    outer loop
      vertex -8.14134 29.3896 0
      vertex -10.1389 29.4877 0
      vertex -10.0626 30.7297 0
    endloop
  endfacet
  facet normal 0 0 -1
    outer loop
      vertex -10.2 27 0
      vertex -8.2 27 0
      vertex -10.1847 25.7558 0
    endloop
  endfacet
  facet normal 0 0 -1
    outer loop
      vertex -8.18533 28.1952 0
      vertex -10.1847 28.2442 0
      vertex -10.1389 29.4877 0
    endloop
  endfacet
  facet normal 0 0 -1
    outer loop
      vertex -8.2 27 0
      vertex -10.2 27 0
      vertex -10.1847 28.2442 0
    endloop
  endfacet
  facet normal -0 0 -1
    outer loop
      vertex 0.68362 -1.04186 0
      vertex -0.95155 -2.19347 0
      vertex 0.654902 -1 0
    endloop
  endfacet
  facet normal 0 0 -1
    outer loop
      vertex -1.65551 -1.16741 0
      vertex 0.654902 -1 0
      vertex -0.95155 -2.19347 0
    endloop
  endfacet
  facet normal -0 0 -1
    outer loop
      vertex 0.654902 -1 0
      vertex -1.65551 -1.16741 0
      vertex 0 -0.0448488 0
    endloop
  endfacet
  facet normal -0 0 -1
    outer loop
      vertex 0 -0.0448488 0
      vertex -1.65551 -1.16741 0
      vertex -0.644368 0.945617 0
    endloop
  endfacet
  facet normal 0 0 -1
    outer loop
      vertex -2.33407 -0.124379 0
      vertex -0.644368 0.945617 0
      vertex -1.65551 -1.16741 0
    endloop
  endfacet
  facet normal -0 0 -1
    outer loop
      vertex -0.644368 0.945617 0
      vertex -2.33407 -0.124379 0
      vertex -1.27138 1.9632 0
    endloop
  endfacet
  facet normal 0 0 -1
    outer loop
      vertex -2.98684 0.934991 0
      vertex -1.27138 1.9632 0
      vertex -2.33407 -0.124379 0
    endloop
  endfacet
  facet normal -0 0 -1
    outer loop
      vertex -1.27138 1.9632 0
      vertex -2.98684 0.934991 0
      vertex -1.87324 2.99586 0
    endloop
  endfacet
  facet normal 0 0 -1
    outer loop
      vertex -3.61341 2.01006 0
      vertex -1.87324 2.99586 0
      vertex -2.98684 0.934991 0
    endloop
  endfacet
  facet normal -0 0 -1
    outer loop
      vertex -1.87324 2.99586 0
      vertex -3.61341 2.01006 0
      vertex -2.44956 4.04298 0
    endloop
  endfacet
  facet normal 0 0 -1
    outer loop
      vertex -4.21341 3.10019 0
      vertex -2.44956 4.04298 0
      vertex -3.61341 2.01006 0
    endloop
  endfacet
  facet normal -0 0 -1
    outer loop
      vertex -2.44956 4.04298 0
      vertex -4.21341 3.10019 0
      vertex -3.00002 5.10393 0
    endloop
  endfacet
  facet normal 0 0 -1
    outer loop
      vertex -4.78647 4.20471 0
      vertex -3.00002 5.10393 0
      vertex -4.21341 3.10019 0
    endloop
  endfacet
  facet normal -0 0 -1
    outer loop
      vertex -3.00002 5.10393 0
      vertex -4.78647 4.20471 0
      vertex -3.52428 6.17807 0
    endloop
  endfacet
  facet normal 0 0 -1
    outer loop
      vertex -5.33226 5.32296 0
      vertex -3.52428 6.17807 0
      vertex -4.78647 4.20471 0
    endloop
  endfacet
  facet normal -0 0 -1
    outer loop
      vertex -3.52428 6.17807 0
      vertex -5.33226 5.32296 0
      vertex -4.02201 7.26475 0
    endloop
  endfacet
  facet normal 0 0 -1
    outer loop
      vertex -5.85043 6.45427 0
      vertex -4.02201 7.26475 0
      vertex -5.33226 5.32296 0
    endloop
  endfacet
  facet normal -0 0 -1
    outer loop
      vertex -4.02201 7.26475 0
      vertex -5.85043 6.45427 0
      vertex -4.49293 8.36332 0
    endloop
  endfacet
  facet normal 0 0 -1
    outer loop
      vertex -6.34069 7.59795 0
      vertex -4.49293 8.36332 0
      vertex -5.85043 6.45427 0
    endloop
  endfacet
  facet normal -0 0 -1
    outer loop
      vertex -4.49293 8.36332 0
      vertex -6.34069 7.59795 0
      vertex -4.93675 9.47311 0
    endloop
  endfacet
  facet normal 0 0 -1
    outer loop
      vertex -6.80273 8.75332 0
      vertex -4.93675 9.47311 0
      vertex -6.34069 7.59795 0
    endloop
  endfacet
  facet normal -0 0 -1
    outer loop
      vertex -4.93675 9.47311 0
      vertex -6.80273 8.75332 0
      vertex -5.3532 10.5935 0
    endloop
  endfacet
  facet normal 0 0 -1
    outer loop
      vertex -7.23628 9.91969 0
      vertex -5.3532 10.5935 0
      vertex -6.80273 8.75332 0
    endloop
  endfacet
  facet normal -0 0 -1
    outer loop
      vertex -5.3532 10.5935 0
      vertex -7.23628 9.91969 0
      vertex -5.74202 11.7237 0
    endloop
  endfacet
  facet normal 0 0 -1
    outer loop
      vertex -7.64108 11.0963 0
      vertex -5.74202 11.7237 0
      vertex -7.23628 9.91969 0
    endloop
  endfacet
  facet normal -0 0 -1
    outer loop
      vertex -5.74202 11.7237 0
      vertex -7.64108 11.0963 0
      vertex -6.10299 12.8631 0
    endloop
  endfacet
  facet normal 0 0 -1
    outer loop
      vertex -8.01687 12.2826 0
      vertex -6.10299 12.8631 0
      vertex -7.64108 11.0963 0
    endloop
  endfacet
  facet normal -0 0 -1
    outer loop
      vertex -6.10299 12.8631 0
      vertex -8.01687 12.2826 0
      vertex -6.43589 14.0111 0
    endloop
  endfacet
  facet normal 0 0 -1
    outer loop
      vertex -8.36345 13.4777 0
      vertex -6.43589 14.0111 0
      vertex -8.01687 12.2826 0
    endloop
  endfacet
  facet normal -0 0 -1
    outer loop
      vertex -6.43589 14.0111 0
      vertex -8.36345 13.4777 0
      vertex -6.74052 15.1669 0
    endloop
  endfacet
  facet normal 0 0 -1
    outer loop
      vertex -8.68058 14.6809 0
      vertex -6.74052 15.1669 0
      vertex -8.36345 13.4777 0
    endloop
  endfacet
  facet normal -0 0 -1
    outer loop
      vertex -6.74052 15.1669 0
      vertex -8.68058 14.6809 0
      vertex -7.01669 16.3298 0
    endloop
  endfacet
  facet normal 0 0 -1
    outer loop
      vertex -8.9681 15.8916 0
      vertex -7.01669 16.3298 0
      vertex -8.68058 14.6809 0
    endloop
  endfacet
  facet normal -0 0 -1
    outer loop
      vertex -7.01669 16.3298 0
      vertex -8.9681 15.8916 0
      vertex -7.26424 17.4991 0
    endloop
  endfacet
  facet normal 0 0 -1
    outer loop
      vertex -9.22581 17.1089 0
      vertex -7.26424 17.4991 0
      vertex -8.9681 15.8916 0
    endloop
  endfacet
  facet normal -0 0 -1
    outer loop
      vertex -7.26424 17.4991 0
      vertex -9.22581 17.1089 0
      vertex -7.48302 18.6742 0
    endloop
  endfacet
  facet normal 0 0 -1
    outer loop
      vertex -9.45358 18.3322 0
      vertex -7.48302 18.6742 0
      vertex -9.22581 17.1089 0
    endloop
  endfacet
  facet normal -0 0 -1
    outer loop
      vertex -7.48302 18.6742 0
      vertex -9.45358 18.3322 0
      vertex -7.6729 19.8542 0
    endloop
  endfacet
  facet normal -0 0 -1
    outer loop
      vertex -7.6729 19.8542 0
      vertex -9.65125 19.5608 0
      vertex -7.83375 21.0386 0
    endloop
  endfacet
  facet normal 0 0 -1
    outer loop
      vertex -9.65125 19.5608 0
      vertex -7.6729 19.8542 0
      vertex -9.45358 18.3322 0
    endloop
  endfacet
  facet normal 0 0 -1
    outer loop
      vertex -1 13.5 0
      vertex 1 26 0
      vertex 1 13.5 0
    endloop
  endfacet
  facet normal -0 0 -1
    outer loop
      vertex 1 26 0
      vertex -1 13.5 0
      vertex 1 28 0
    endloop
  endfacet
  facet normal 0 0 -1
    outer loop
      vertex 1 28 0
      vertex -1 52.4772 0
      vertex 1 53 0
    endloop
  endfacet
  facet normal -0 0 -1
    outer loop
      vertex 1 53 0
      vertex -1 52.4772 0
      vertex 1 55 0
    endloop
  endfacet
  facet normal 0 0 -1
    outer loop
      vertex -1 56.1229 0
      vertex 1 55 0
      vertex -1 52.4772 0
    endloop
  endfacet
  facet normal 0 0 -1
    outer loop
      vertex 1 55 0
      vertex -1 56.1229 0
      vertex 1 55.4796 0
    endloop
  endfacet
  facet normal -0 0 -1
    outer loop
      vertex 1 28 0
      vertex -1 13.5 0
      vertex -1 52.4772 0
    endloop
  endfacet
  facet normal 0 0 -1
    outer loop
      vertex 1 55.4796 0
      vertex -1 56.1229 0
      vertex 1 58.7784 0
    endloop
  endfacet
  facet normal 0 0 -1
    outer loop
      vertex -1 67.5 0
      vertex 1 58.7784 0
      vertex -1 56.1229 0
    endloop
  endfacet
  facet normal 0 0 -1
    outer loop
      vertex 1 58.7784 0
      vertex -1 67.5 0
      vertex 1 67.5 0
    endloop
  endfacet
  facet normal 0 0 -1
    outer loop
      vertex 1 53 0
      vertex 26 55 0
      vertex 26 53 0
    endloop
  endfacet
  facet normal -0 0 -1
    outer loop
      vertex 26 55 0
      vertex 1 53 0
      vertex 1 55 0
    endloop
  endfacet
  facet normal 0 0 -1
    outer loop
      vertex 1 26 0
      vertex 26 28 0
      vertex 26 26 0
    endloop
  endfacet
  facet normal -0 0 -1
    outer loop
      vertex 26 28 0
      vertex 1 26 0
      vertex 1 28 0
    endloop
  endfacet
  facet normal 0 0 -1
    outer loop
      vertex 26 26 0
      vertex 28 26 0
      vertex 28 13.5 0
    endloop
  endfacet
  facet normal 0 0 -1
    outer loop
      vertex 28 26 0
      vertex 26 26 0
      vertex 28 28 0
    endloop
  endfacet
  facet normal 0 0 -1
    outer loop
      vertex 28 28 0
      vertex 26 28 0
      vertex 28 53 0
    endloop
  endfacet
  facet normal 0 0 -1
    outer loop
      vertex 26 53 0
      vertex 28 53 0
      vertex 26 28 0
    endloop
  endfacet
  facet normal 0 0 -1
    outer loop
      vertex 26 26 0
      vertex 28 13.5 0
      vertex 26 13.5 0
    endloop
  endfacet
  facet normal -0 0 -1
    outer loop
      vertex 28 28 0
      vertex 26 26 0
      vertex 26 28 0
    endloop
  endfacet
  facet normal 0 0 -1
    outer loop
      vertex 28 53 0
      vertex 26 53 0
      vertex 28 55 0
    endloop
  endfacet
  facet normal 0 0 -1
    outer loop
      vertex 26 55 0
      vertex 28 55 0
      vertex 26 53 0
    endloop
  endfacet
  facet normal 0 0 -1
    outer loop
      vertex 28 55 0
      vertex 26 55 0
      vertex 28 67.5 0
    endloop
  endfacet
  facet normal -0 0 -1
    outer loop
      vertex 28 67.5 0
      vertex 26 55 0
      vertex 26 67.5 0
    endloop
  endfacet
  facet normal 0 0 -1
    outer loop
      vertex 28 53 0
      vertex 53 55 0
      vertex 53 53 0
    endloop
  endfacet
  facet normal -0 0 -1
    outer loop
      vertex 53 55 0
      vertex 28 53 0
      vertex 28 55 0
    endloop
  endfacet
  facet normal 0 0 -1
    outer loop
      vertex 28 26 0
      vertex 53 28 0
      vertex 53 26 0
    endloop
  endfacet
  facet normal -0 0 -1
    outer loop
      vertex 53 28 0
      vertex 28 26 0
      vertex 28 28 0
    endloop
  endfacet
  facet normal 0 0 -1
    outer loop
      vertex 53 26 0
      vertex 55 26 0
      vertex 55 13.5 0
    endloop
  endfacet
  facet normal 0 0 -1
    outer loop
      vertex 55 26 0
      vertex 53 26 0
      vertex 55 28 0
    endloop
  endfacet
  facet normal 0 0 -1
    outer loop
      vertex 55 28 0
      vertex 53 28 0
      vertex 55 53 0
    endloop
  endfacet
  facet normal 0 0 -1
    outer loop
      vertex 53 53 0
      vertex 55 53 0
      vertex 53 28 0
    endloop
  endfacet
  facet normal 0 0 -1
    outer loop
      vertex 53 26 0
      vertex 55 13.5 0
      vertex 53 13.5 0
    endloop
  endfacet
  facet normal -0 0 -1
    outer loop
      vertex 55 28 0
      vertex 53 26 0
      vertex 53 28 0
    endloop
  endfacet
  facet normal 0 0 -1
    outer loop
      vertex 55 53 0
      vertex 53 53 0
      vertex 55 55 0
    endloop
  endfacet
  facet normal 0 0 -1
    outer loop
      vertex 53 55 0
      vertex 55 55 0
      vertex 53 53 0
    endloop
  endfacet
  facet normal 0 0 -1
    outer loop
      vertex 55 55 0
      vertex 53 55 0
      vertex 55 67.5 0
    endloop
  endfacet
  facet normal -0 0 -1
    outer loop
      vertex 55 67.5 0
      vertex 53 55 0
      vertex 53 67.5 0
    endloop
  endfacet
  facet normal 0 0 -1
    outer loop
      vertex 55 26 0
      vertex 81 28 0
      vertex 81 26 0
    endloop
  endfacet
  facet normal -0 0 -1
    outer loop
      vertex 81 28 0
      vertex 55 26 0
      vertex 55 28 0
    endloop
  endfacet
  facet normal 0 0 -1
    outer loop
      vertex 81.9516 -2.19347 0
      vertex 80.3164 -1.04186 0
      vertex 80.3451 -1 0
    endloop
  endfacet
  facet normal 0 0 -1
    outer loop
      vertex 78.8925 -2.96178 0
      vertex 80.4692 -4.19224 0
      vertex 79.6916 -5.16374 0
    endloop
  endfacet
  facet normal 0 0 -1
    outer loop
      vertex 81.2226 -3.20195 0
      vertex 79.6162 -2.01056 0
      vertex 80.3164 -1.04186 0
    endloop
  endfacet
  facet normal 0 0 -1
    outer loop
      vertex 80.4692 -4.19224 0
      vertex 78.8925 -2.96178 0
      vertex 79.6162 -2.01056 0
    endloop
  endfacet
  facet normal 0 0 -1
    outer loop
      vertex 78.1456 -3.89495 0
      vertex 79.6916 -5.16374 0
      vertex 78.8905 -6.11586 0
    endloop
  endfacet
  facet normal 0 0 -1
    outer loop
      vertex 79.6916 -5.16374 0
      vertex 78.1456 -3.89495 0
      vertex 78.8925 -2.96178 0
    endloop
  endfacet
  facet normal 0 0 -1
    outer loop
      vertex 77.3761 -4.80952 0
      vertex 78.8905 -6.11586 0
      vertex 78.0662 -7.04804 0
    endloop
  endfacet
  facet normal 0 0 -1
    outer loop
      vertex 78.8905 -6.11586 0
      vertex 77.3761 -4.80952 0
      vertex 78.1456 -3.89495 0
    endloop
  endfacet
  facet normal 0 0 -1
    outer loop
      vertex 76.5843 -5.70492 0
      vertex 78.0662 -7.04804 0
      vertex 77.2193 -7.95971 0
    endloop
  endfacet
  facet normal 0 0 -1
    outer loop
      vertex 78.0662 -7.04804 0
      vertex 76.5843 -5.70492 0
      vertex 77.3761 -4.80952 0
    endloop
  endfacet
  facet normal 0 0 -1
    outer loop
      vertex 75.7708 -6.58062 0
      vertex 77.2193 -7.95971 0
      vertex 76.3503 -8.85031 0
    endloop
  endfacet
  facet normal 0 0 -1
    outer loop
      vertex 77.2193 -7.95971 0
      vertex 75.7708 -6.58062 0
      vertex 76.5843 -5.70492 0
    endloop
  endfacet
  facet normal 0 0 -1
    outer loop
      vertex 74.9361 -7.4361 0
      vertex 76.3503 -8.85031 0
      vertex 75.4597 -9.71933 0
    endloop
  endfacet
  facet normal 0 0 -1
    outer loop
      vertex 76.3503 -8.85031 0
      vertex 74.9361 -7.4361 0
      vertex 75.7708 -6.58062 0
    endloop
  endfacet
  facet normal 0 0 -1
    outer loop
      vertex 74.0806 -8.27083 0
      vertex 75.4597 -9.71933 0
      vertex 74.548 -10.5662 0
    endloop
  endfacet
  facet normal 0 0 -1
    outer loop
      vertex 75.4597 -9.71933 0
      vertex 74.0806 -8.27083 0
      vertex 74.9361 -7.4361 0
    endloop
  endfacet
  facet normal 0 0 -1
    outer loop
      vertex 73.2049 -9.08432 0
      vertex 74.548 -10.5662 0
      vertex 73.6159 -11.3905 0
    endloop
  endfacet
  facet normal 0 0 -1
    outer loop
      vertex 74.548 -10.5662 0
      vertex 73.2049 -9.08432 0
      vertex 74.0806 -8.27083 0
    endloop
  endfacet
  facet normal 0 0 -1
    outer loop
      vertex 72.3095 -9.87607 0
      vertex 73.6159 -11.3905 0
      vertex 72.6637 -12.1916 0
    endloop
  endfacet
  facet normal 0 0 -1
    outer loop
      vertex 73.6159 -11.3905 0
      vertex 72.3095 -9.87607 0
      vertex 73.2049 -9.08432 0
    endloop
  endfacet
  facet normal 0 0 -1
    outer loop
      vertex 71.395 -10.6456 0
      vertex 72.6637 -12.1916 0
      vertex 71.6922 -12.9692 0
    endloop
  endfacet
  facet normal 0 0 -1
    outer loop
      vertex 72.6637 -12.1916 0
      vertex 71.395 -10.6456 0
      vertex 72.3095 -9.87607 0
    endloop
  endfacet
  facet normal 0 0 -1
    outer loop
      vertex 70.4618 -11.3925 0
      vertex 71.6922 -12.9692 0
      vertex 70.702 -13.7226 0
    endloop
  endfacet
  facet normal 0 0 -1
    outer loop
      vertex 71.6922 -12.9692 0
      vertex 70.4618 -11.3925 0
      vertex 71.395 -10.6456 0
    endloop
  endfacet
  facet normal 0 0 -1
    outer loop
      vertex 69.5106 -12.1162 0
      vertex 70.702 -13.7226 0
      vertex 69.6935 -14.4515 0
    endloop
  endfacet
  facet normal 0 0 -1
    outer loop
      vertex 70.702 -13.7226 0
      vertex 69.5106 -12.1162 0
      vertex 70.4618 -11.3925 0
    endloop
  endfacet
  facet normal 0 0 -1
    outer loop
      vertex 68.5419 -12.8164 0
      vertex 69.6935 -14.4515 0
      vertex 68.6674 -15.1555 0
    endloop
  endfacet
  facet normal 0 0 -1
    outer loop
      vertex 69.6935 -14.4515 0
      vertex 68.5419 -12.8164 0
      vertex 69.5106 -12.1162 0
    endloop
  endfacet
  facet normal 0 0 -1
    outer loop
      vertex 67.5563 -13.4926 0
      vertex 68.6674 -15.1555 0
      vertex 67.6244 -15.8341 0
    endloop
  endfacet
  facet normal 0 0 -1
    outer loop
      vertex 68.6674 -15.1555 0
      vertex 67.5563 -13.4926 0
      vertex 68.5419 -12.8164 0
    endloop
  endfacet
  facet normal 0 0 -1
    outer loop
      vertex 66.5544 -14.1444 0
      vertex 67.6244 -15.8341 0
      vertex 66.565 -16.4868 0
    endloop
  endfacet
  facet normal 0 0 -1
    outer loop
      vertex 67.6244 -15.8341 0
      vertex 66.5544 -14.1444 0
      vertex 67.5563 -13.4926 0
    endloop
  endfacet
  facet normal 0 0 -1
    outer loop
      vertex 66.565 -16.4868 0
      vertex 65.5368 -14.7714 0
      vertex 66.5544 -14.1444 0
    endloop
  endfacet
  facet normal 0 0 -1
    outer loop
      vertex 65.4899 -17.1134 0
      vertex 65.5368 -14.7714 0
      vertex 66.565 -16.4868 0
    endloop
  endfacet
  facet normal 0 0 -1
    outer loop
      vertex 65.4899 -17.1134 0
      vertex 64.5041 -15.3732 0
      vertex 65.5368 -14.7714 0
    endloop
  endfacet
  facet normal 0 0 -1
    outer loop
      vertex 64.3998 -17.7134 0
      vertex 64.5041 -15.3732 0
      vertex 65.4899 -17.1134 0
    endloop
  endfacet
  facet normal 0 0 -1
    outer loop
      vertex 64.3998 -17.7134 0
      vertex 63.457 -15.9496 0
      vertex 64.5041 -15.3732 0
    endloop
  endfacet
  facet normal 0 0 -1
    outer loop
      vertex 63.2953 -18.2865 0
      vertex 63.457 -15.9496 0
      vertex 64.3998 -17.7134 0
    endloop
  endfacet
  facet normal 0 0 -1
    outer loop
      vertex 63.2953 -18.2865 0
      vertex 62.3961 -16.5 0
      vertex 63.457 -15.9496 0
    endloop
  endfacet
  facet normal 0 0 -1
    outer loop
      vertex 62.177 -18.8323 0
      vertex 62.3961 -16.5 0
      vertex 63.2953 -18.2865 0
    endloop
  endfacet
  facet normal 0 0 -1
    outer loop
      vertex 62.177 -18.8323 0
      vertex 61.3219 -17.0243 0
      vertex 62.3961 -16.5 0
    endloop
  endfacet
  facet normal 0 0 -1
    outer loop
      vertex 61.0457 -19.3504 0
      vertex 61.3219 -17.0243 0
      vertex 62.177 -18.8323 0
    endloop
  endfacet
  facet normal 0 0 -1
    outer loop
      vertex 61.0457 -19.3504 0
      vertex 60.2353 -17.522 0
      vertex 61.3219 -17.0243 0
    endloop
  endfacet
  facet normal 0 0 -1
    outer loop
      vertex 59.9021 -19.8407 0
      vertex 60.2353 -17.522 0
      vertex 61.0457 -19.3504 0
    endloop
  endfacet
  facet normal 0 0 -1
    outer loop
      vertex 59.9021 -19.8407 0
      vertex 59.1367 -17.9929 0
      vertex 60.2353 -17.522 0
    endloop
  endfacet
  facet normal 0 0 -1
    outer loop
      vertex 58.7467 -20.3027 0
      vertex 59.1367 -17.9929 0
      vertex 59.9021 -19.8407 0
    endloop
  endfacet
  facet normal 0 0 -1
    outer loop
      vertex 58.7467 -20.3027 0
      vertex 58.0269 -18.4367 0
      vertex 59.1367 -17.9929 0
    endloop
  endfacet
  facet normal 0 0 -1
    outer loop
      vertex 57.5803 -20.7363 0
      vertex 58.0269 -18.4367 0
      vertex 58.7467 -20.3027 0
    endloop
  endfacet
  facet normal 0 0 -1
    outer loop
      vertex 57.5803 -20.7363 0
      vertex 56.9065 -18.8532 0
      vertex 58.0269 -18.4367 0
    endloop
  endfacet
  facet normal 0 0 -1
    outer loop
      vertex 56.4037 -21.1411 0
      vertex 56.9065 -18.8532 0
      vertex 57.5803 -20.7363 0
    endloop
  endfacet
  facet normal 0 0 -1
    outer loop
      vertex 56.4037 -21.1411 0
      vertex 55.7763 -19.242 0
      vertex 56.9065 -18.8532 0
    endloop
  endfacet
  facet normal 0 0 -1
    outer loop
      vertex 55.2174 -21.5169 0
      vertex 55.7763 -19.242 0
      vertex 56.4037 -21.1411 0
    endloop
  endfacet
  facet normal 0 0 -1
    outer loop
      vertex 55.2174 -21.5169 0
      vertex 54.6369 -19.603 0
      vertex 55.7763 -19.242 0
    endloop
  endfacet
  facet normal 0 0 -1
    outer loop
      vertex 54.0223 -21.8634 0
      vertex 54.6369 -19.603 0
      vertex 55.2174 -21.5169 0
    endloop
  endfacet
  facet normal 0 0 -1
    outer loop
      vertex 54.0223 -21.8634 0
      vertex 53.4889 -19.9359 0
      vertex 54.6369 -19.603 0
    endloop
  endfacet
  facet normal 0 0 -1
    outer loop
      vertex 52.8191 -22.1806 0
      vertex 53.4889 -19.9359 0
      vertex 54.0223 -21.8634 0
    endloop
  endfacet
  facet normal 0 0 -1
    outer loop
      vertex 52.8191 -22.1806 0
      vertex 52.3331 -20.2405 0
      vertex 53.4889 -19.9359 0
    endloop
  endfacet
  facet normal 0 0 -1
    outer loop
      vertex 51.6084 -22.4681 0
      vertex 52.3331 -20.2405 0
      vertex 52.8191 -22.1806 0
    endloop
  endfacet
  facet normal 0 0 -1
    outer loop
      vertex 51.6084 -22.4681 0
      vertex 51.1702 -20.5167 0
      vertex 52.3331 -20.2405 0
    endloop
  endfacet
  facet normal 0 0 -1
    outer loop
      vertex 50.3911 -22.7258 0
      vertex 51.1702 -20.5167 0
      vertex 51.6084 -22.4681 0
    endloop
  endfacet
  facet normal 0 0 -1
    outer loop
      vertex 50.3911 -22.7258 0
      vertex 50.0009 -20.7642 0
      vertex 51.1702 -20.5167 0
    endloop
  endfacet
  facet normal 0 0 -1
    outer loop
      vertex 49.1678 -22.9536 0
      vertex 50.0009 -20.7642 0
      vertex 50.3911 -22.7258 0
    endloop
  endfacet
  facet normal 0 0 -1
    outer loop
      vertex 49.1678 -22.9536 0
      vertex 48.8258 -20.983 0
      vertex 50.0009 -20.7642 0
    endloop
  endfacet
  facet normal 0 0 -1
    outer loop
      vertex 47.9392 -23.1512 0
      vertex 48.8258 -20.983 0
      vertex 49.1678 -22.9536 0
    endloop
  endfacet
  facet normal 0 0 -1
    outer loop
      vertex 47.9392 -23.1512 0
      vertex 47.6458 -21.1729 0
      vertex 48.8258 -20.983 0
    endloop
  endfacet
  facet normal 0 0 -1
    outer loop
      vertex 46.7062 -23.3187 0
      vertex 47.6458 -21.1729 0
      vertex 47.9392 -23.1512 0
    endloop
  endfacet
  facet normal 0 0 -1
    outer loop
      vertex 46.7062 -23.3187 0
      vertex 46.4614 -21.3338 0
      vertex 47.6458 -21.1729 0
    endloop
  endfacet
  facet normal 0 0 -1
    outer loop
      vertex 45.4695 -23.4559 0
      vertex 46.4614 -21.3338 0
      vertex 46.7062 -23.3187 0
    endloop
  endfacet
  facet normal 0 0 -1
    outer loop
      vertex 45.4695 -23.4559 0
      vertex 45.2734 -21.4655 0
      vertex 46.4614 -21.3338 0
    endloop
  endfacet
  facet normal 0 0 -1
    outer loop
      vertex 44.2297 -23.5626 0
      vertex 45.2734 -21.4655 0
      vertex 45.4695 -23.4559 0
    endloop
  endfacet
  facet normal 0 0 -1
    outer loop
      vertex 44.2297 -23.5626 0
      vertex 44.0826 -21.568 0
      vertex 45.2734 -21.4655 0
    endloop
  endfacet
  facet normal 0 0 -1
    outer loop
      vertex 42.9877 -23.6389 0
      vertex 44.0826 -21.568 0
      vertex 44.2297 -23.5626 0
    endloop
  endfacet
  facet normal 0 0 -1
    outer loop
      vertex 42.9877 -23.6389 0
      vertex 42.8896 -21.6413 0
      vertex 44.0826 -21.568 0
    endloop
  endfacet
  facet normal 0 0 -1
    outer loop
      vertex 41.7442 -23.6847 0
      vertex 42.8896 -21.6413 0
      vertex 42.9877 -23.6389 0
    endloop
  endfacet
  facet normal 0 0 -1
    outer loop
      vertex 41.7442 -23.6847 0
      vertex 41.6952 -21.6853 0
      vertex 42.8896 -21.6413 0
    endloop
  endfacet
  facet normal 0 0 -1
    outer loop
      vertex 40.5 -23.7 0
      vertex 41.6952 -21.6853 0
      vertex 41.7442 -23.6847 0
    endloop
  endfacet
  facet normal 0 0 -1
    outer loop
      vertex 40.5 -23.7 0
      vertex 40.5 -21.7 0
      vertex 41.6952 -21.6853 0
    endloop
  endfacet
  facet normal 0 0 -1
    outer loop
      vertex 40.5 -23.7 0
      vertex 39.3048 -21.6853 0
      vertex 40.5 -21.7 0
    endloop
  endfacet
  facet normal 0 0 -1
    outer loop
      vertex 39.2558 -23.6847 0
      vertex 39.3048 -21.6853 0
      vertex 40.5 -23.7 0
    endloop
  endfacet
  facet normal 0 0 -1
    outer loop
      vertex 39.2558 -23.6847 0
      vertex 38.1104 -21.6413 0
      vertex 39.3048 -21.6853 0
    endloop
  endfacet
  facet normal 0 0 -1
    outer loop
      vertex 38.0123 -23.6389 0
      vertex 38.1104 -21.6413 0
      vertex 39.2558 -23.6847 0
    endloop
  endfacet
  facet normal 0 0 -1
    outer loop
      vertex 38.0123 -23.6389 0
      vertex 36.9174 -21.568 0
      vertex 38.1104 -21.6413 0
    endloop
  endfacet
  facet normal 0 0 -1
    outer loop
      vertex 36.7703 -23.5626 0
      vertex 36.9174 -21.568 0
      vertex 38.0123 -23.6389 0
    endloop
  endfacet
  facet normal 0 0 -1
    outer loop
      vertex 36.7703 -23.5626 0
      vertex 35.7266 -21.4655 0
      vertex 36.9174 -21.568 0
    endloop
  endfacet
  facet normal 0 0 -1
    outer loop
      vertex 35.5305 -23.4559 0
      vertex 35.7266 -21.4655 0
      vertex 36.7703 -23.5626 0
    endloop
  endfacet
  facet normal 0 0 -1
    outer loop
      vertex 35.5305 -23.4559 0
      vertex 34.5386 -21.3338 0
      vertex 35.7266 -21.4655 0
    endloop
  endfacet
  facet normal 0 0 -1
    outer loop
      vertex 34.2938 -23.3187 0
      vertex 34.5386 -21.3338 0
      vertex 35.5305 -23.4559 0
    endloop
  endfacet
  facet normal 0 0 -1
    outer loop
      vertex 34.2938 -23.3187 0
      vertex 33.3542 -21.1729 0
      vertex 34.5386 -21.3338 0
    endloop
  endfacet
  facet normal 0 0 -1
    outer loop
      vertex 33.0608 -23.1512 0
      vertex 33.3542 -21.1729 0
      vertex 34.2938 -23.3187 0
    endloop
  endfacet
  facet normal 0 0 -1
    outer loop
      vertex 33.0608 -23.1512 0
      vertex 32.1742 -20.983 0
      vertex 33.3542 -21.1729 0
    endloop
  endfacet
  facet normal 0 0 -1
    outer loop
      vertex 31.8322 -22.9536 0
      vertex 32.1742 -20.983 0
      vertex 33.0608 -23.1512 0
    endloop
  endfacet
  facet normal 0 0 -1
    outer loop
      vertex 31.8322 -22.9536 0
      vertex 30.9991 -20.7642 0
      vertex 32.1742 -20.983 0
    endloop
  endfacet
  facet normal 0 0 -1
    outer loop
      vertex 30.6089 -22.7258 0
      vertex 30.9991 -20.7642 0
      vertex 31.8322 -22.9536 0
    endloop
  endfacet
  facet normal 0 0 -1
    outer loop
      vertex 30.6089 -22.7258 0
      vertex 29.8298 -20.5167 0
      vertex 30.9991 -20.7642 0
    endloop
  endfacet
  facet normal 0 0 -1
    outer loop
      vertex 29.3916 -22.4681 0
      vertex 29.8298 -20.5167 0
      vertex 30.6089 -22.7258 0
    endloop
  endfacet
  facet normal 0 0 -1
    outer loop
      vertex 29.3916 -22.4681 0
      vertex 28.6669 -20.2405 0
      vertex 29.8298 -20.5167 0
    endloop
  endfacet
  facet normal 0 0 -1
    outer loop
      vertex 28.1809 -22.1806 0
      vertex 28.6669 -20.2405 0
      vertex 29.3916 -22.4681 0
    endloop
  endfacet
  facet normal 0 0 -1
    outer loop
      vertex 28.1809 -22.1806 0
      vertex 27.5111 -19.9359 0
      vertex 28.6669 -20.2405 0
    endloop
  endfacet
  facet normal 0 0 -1
    outer loop
      vertex 26.9777 -21.8634 0
      vertex 27.5111 -19.9359 0
      vertex 28.1809 -22.1806 0
    endloop
  endfacet
  facet normal 0 0 -1
    outer loop
      vertex 26.9777 -21.8634 0
      vertex 26.3631 -19.603 0
      vertex 27.5111 -19.9359 0
    endloop
  endfacet
  facet normal 0 0 -1
    outer loop
      vertex 25.7826 -21.5169 0
      vertex 26.3631 -19.603 0
      vertex 26.9777 -21.8634 0
    endloop
  endfacet
  facet normal 0 0 -1
    outer loop
      vertex 25.7826 -21.5169 0
      vertex 25.2237 -19.242 0
      vertex 26.3631 -19.603 0
    endloop
  endfacet
  facet normal 0 0 -1
    outer loop
      vertex 24.5963 -21.1411 0
      vertex 25.2237 -19.242 0
      vertex 25.7826 -21.5169 0
    endloop
  endfacet
  facet normal 0 0 -1
    outer loop
      vertex 24.5963 -21.1411 0
      vertex 24.0935 -18.8532 0
      vertex 25.2237 -19.242 0
    endloop
  endfacet
  facet normal 0 0 -1
    outer loop
      vertex 23.4197 -20.7363 0
      vertex 24.0935 -18.8532 0
      vertex 24.5963 -21.1411 0
    endloop
  endfacet
  facet normal 0 0 -1
    outer loop
      vertex 23.4197 -20.7363 0
      vertex 22.9731 -18.4367 0
      vertex 24.0935 -18.8532 0
    endloop
  endfacet
  facet normal 0 0 -1
    outer loop
      vertex 22.2533 -20.3027 0
      vertex 22.9731 -18.4367 0
      vertex 23.4197 -20.7363 0
    endloop
  endfacet
  facet normal 0 0 -1
    outer loop
      vertex 22.2533 -20.3027 0
      vertex 21.8633 -17.9929 0
      vertex 22.9731 -18.4367 0
    endloop
  endfacet
  facet normal 0 0 -1
    outer loop
      vertex 21.0979 -19.8407 0
      vertex 21.8633 -17.9929 0
      vertex 22.2533 -20.3027 0
    endloop
  endfacet
  facet normal 0 0 -1
    outer loop
      vertex 21.0979 -19.8407 0
      vertex 20.7647 -17.522 0
      vertex 21.8633 -17.9929 0
    endloop
  endfacet
  facet normal 0 0 -1
    outer loop
      vertex 19.9543 -19.3504 0
      vertex 20.7647 -17.522 0
      vertex 21.0979 -19.8407 0
    endloop
  endfacet
  facet normal 0 0 -1
    outer loop
      vertex 19.9543 -19.3504 0
      vertex 19.6781 -17.0243 0
      vertex 20.7647 -17.522 0
    endloop
  endfacet
  facet normal 0 0 -1
    outer loop
      vertex 18.823 -18.8323 0
      vertex 19.6781 -17.0243 0
      vertex 19.9543 -19.3504 0
    endloop
  endfacet
  facet normal 0 0 -1
    outer loop
      vertex 18.823 -18.8323 0
      vertex 18.6039 -16.5 0
      vertex 19.6781 -17.0243 0
    endloop
  endfacet
  facet normal 0 0 -1
    outer loop
      vertex 17.7047 -18.2865 0
      vertex 18.6039 -16.5 0
      vertex 18.823 -18.8323 0
    endloop
  endfacet
  facet normal 0 0 -1
    outer loop
      vertex 17.7047 -18.2865 0
      vertex 17.543 -15.9496 0
      vertex 18.6039 -16.5 0
    endloop
  endfacet
  facet normal 0 0 -1
    outer loop
      vertex 16.6002 -17.7134 0
      vertex 17.543 -15.9496 0
      vertex 17.7047 -18.2865 0
    endloop
  endfacet
  facet normal 0 0 -1
    outer loop
      vertex 16.6002 -17.7134 0
      vertex 16.4959 -15.3732 0
      vertex 17.543 -15.9496 0
    endloop
  endfacet
  facet normal 0 0 -1
    outer loop
      vertex 15.5101 -17.1134 0
      vertex 16.4959 -15.3732 0
      vertex 16.6002 -17.7134 0
    endloop
  endfacet
  facet normal 0 0 -1
    outer loop
      vertex 15.5101 -17.1134 0
      vertex 15.4632 -14.7714 0
      vertex 16.4959 -15.3732 0
    endloop
  endfacet
  facet normal 0 0 -1
    outer loop
      vertex 14.435 -16.4868 0
      vertex 15.4632 -14.7714 0
      vertex 15.5101 -17.1134 0
    endloop
  endfacet
  facet normal -0 0 -1
    outer loop
      vertex 15.4632 -14.7714 0
      vertex 14.435 -16.4868 0
      vertex 14.4456 -14.1444 0
    endloop
  endfacet
  facet normal 0 0 -1
    outer loop
      vertex 13.3756 -15.8341 0
      vertex 14.4456 -14.1444 0
      vertex 14.435 -16.4868 0
    endloop
  endfacet
  facet normal -0 0 -1
    outer loop
      vertex 14.4456 -14.1444 0
      vertex 13.3756 -15.8341 0
      vertex 13.4437 -13.4926 0
    endloop
  endfacet
  facet normal 0 0 -1
    outer loop
      vertex 12.3326 -15.1555 0
      vertex 13.4437 -13.4926 0
      vertex 13.3756 -15.8341 0
    endloop
  endfacet
  facet normal -0 0 -1
    outer loop
      vertex 13.4437 -13.4926 0
      vertex 12.3326 -15.1555 0
      vertex 12.4581 -12.8164 0
    endloop
  endfacet
  facet normal 0 0 -1
    outer loop
      vertex 11.3065 -14.4515 0
      vertex 12.4581 -12.8164 0
      vertex 12.3326 -15.1555 0
    endloop
  endfacet
  facet normal -0 0 -1
    outer loop
      vertex 12.4581 -12.8164 0
      vertex 11.3065 -14.4515 0
      vertex 11.4894 -12.1162 0
    endloop
  endfacet
  facet normal 0 0 -1
    outer loop
      vertex 10.298 -13.7226 0
      vertex 11.4894 -12.1162 0
      vertex 11.3065 -14.4515 0
    endloop
  endfacet
  facet normal -0 0 -1
    outer loop
      vertex 11.4894 -12.1162 0
      vertex 10.298 -13.7226 0
      vertex 10.5382 -11.3925 0
    endloop
  endfacet
  facet normal 0 0 -1
    outer loop
      vertex 9.30776 -12.9692 0
      vertex 10.5382 -11.3925 0
      vertex 10.298 -13.7226 0
    endloop
  endfacet
  facet normal -0 0 -1
    outer loop
      vertex 10.5382 -11.3925 0
      vertex 9.30776 -12.9692 0
      vertex 9.60505 -10.6456 0
    endloop
  endfacet
  facet normal 0 0 -1
    outer loop
      vertex 8.33626 -12.1916 0
      vertex 9.60505 -10.6456 0
      vertex 9.30776 -12.9692 0
    endloop
  endfacet
  facet normal -0 0 -1
    outer loop
      vertex 9.60505 -10.6456 0
      vertex 8.33626 -12.1916 0
      vertex 8.69048 -9.87607 0
    endloop
  endfacet
  facet normal 0 0 -1
    outer loop
      vertex 7.38414 -11.3905 0
      vertex 8.69048 -9.87607 0
      vertex 8.33626 -12.1916 0
    endloop
  endfacet
  facet normal -0 0 -1
    outer loop
      vertex 8.69048 -9.87607 0
      vertex 7.38414 -11.3905 0
      vertex 7.79508 -9.08432 0
    endloop
  endfacet
  facet normal 0 0 -1
    outer loop
      vertex 6.45196 -10.5662 0
      vertex 7.79508 -9.08432 0
      vertex 7.38414 -11.3905 0
    endloop
  endfacet
  facet normal -0 0 -1
    outer loop
      vertex 7.79508 -9.08432 0
      vertex 6.45196 -10.5662 0
      vertex 6.91938 -8.27083 0
    endloop
  endfacet
  facet normal 0 0 -1
    outer loop
      vertex 5.54029 -9.71933 0
      vertex 6.91938 -8.27083 0
      vertex 6.45196 -10.5662 0
    endloop
  endfacet
  facet normal -0 0 -1
    outer loop
      vertex 6.91938 -8.27083 0
      vertex 5.54029 -9.71933 0
      vertex 6.0639 -7.4361 0
    endloop
  endfacet
  facet normal 0 0 -1
    outer loop
      vertex 4.64969 -8.85031 0
      vertex 6.0639 -7.4361 0
      vertex 5.54029 -9.71933 0
    endloop
  endfacet
  facet normal -0 0 -1
    outer loop
      vertex 6.0639 -7.4361 0
      vertex 4.64969 -8.85031 0
      vertex 5.22917 -6.58062 0
    endloop
  endfacet
  facet normal 0 0 -1
    outer loop
      vertex 3.78067 -7.95971 0
      vertex 5.22917 -6.58062 0
      vertex 4.64969 -8.85031 0
    endloop
  endfacet
  facet normal -0 0 -1
    outer loop
      vertex 5.22917 -6.58062 0
      vertex 3.78067 -7.95971 0
      vertex 4.41568 -5.70492 0
    endloop
  endfacet
  facet normal 0 0 -1
    outer loop
      vertex 2.93378 -7.04804 0
      vertex 4.41568 -5.70492 0
      vertex 3.78067 -7.95971 0
    endloop
  endfacet
  facet normal -0 0 -1
    outer loop
      vertex 4.41568 -5.70492 0
      vertex 2.93378 -7.04804 0
      vertex 3.62393 -4.80952 0
    endloop
  endfacet
  facet normal 0 0 -1
    outer loop
      vertex 2.10951 -6.11586 0
      vertex 3.62393 -4.80952 0
      vertex 2.93378 -7.04804 0
    endloop
  endfacet
  facet normal -0 0 -1
    outer loop
      vertex 3.62393 -4.80952 0
      vertex 2.10951 -6.11586 0
      vertex 2.85439 -3.89495 0
    endloop
  endfacet
  facet normal 0 0 -1
    outer loop
      vertex 1.30837 -5.16374 0
      vertex 2.85439 -3.89495 0
      vertex 2.10951 -6.11586 0
    endloop
  endfacet
  facet normal -0 0 -1
    outer loop
      vertex 2.85439 -3.89495 0
      vertex 1.30837 -5.16374 0
      vertex 2.10753 -2.96178 0
    endloop
  endfacet
  facet normal 0 0 -1
    outer loop
      vertex 0.530837 -4.19224 0
      vertex 2.10753 -2.96178 0
      vertex 1.30837 -5.16374 0
    endloop
  endfacet
  facet normal -0 0 -1
    outer loop
      vertex 2.10753 -2.96178 0
      vertex 0.530837 -4.19224 0
      vertex 1.38379 -2.01056 0
    endloop
  endfacet
  facet normal 0 0 -1
    outer loop
      vertex -0.222621 -3.20195 0
      vertex 1.38379 -2.01056 0
      vertex 0.530837 -4.19224 0
    endloop
  endfacet
  facet normal -0 0 -1
    outer loop
      vertex 1.38379 -2.01056 0
      vertex -0.222621 -3.20195 0
      vertex 0.68362 -1.04186 0
    endloop
  endfacet
  facet normal 0 0 -1
    outer loop
      vertex 80.3451 55 0
      vertex 81 54.0448 0
      vertex 81 53 0
    endloop
  endfacet
  facet normal 0 0 -1
    outer loop
      vertex 81 54.0448 0
      vertex 80.3451 55 0
      vertex 80.4692 58.1922 0
    endloop
  endfacet
  facet normal 0 0 -1
    outer loop
      vertex 55 53 0
      vertex 80.3451 55 0
      vertex 81 53 0
    endloop
  endfacet
  facet normal -0 0 -1
    outer loop
      vertex 80.3451 55 0
      vertex 55 53 0
      vertex 55 55 0
    endloop
  endfacet
  facet normal 0 0 -1
    outer loop
      vertex 89.2 27 0
      vertex 91.2 27 0
      vertex 91.1847 25.7558 0
    endloop
  endfacet
  facet normal 0 0 -1
    outer loop
      vertex 89.1853 25.8048 0
      vertex 91.1847 25.7558 0
      vertex 91.1389 24.5123 0
    endloop
  endfacet
  facet normal 0 0 -1
    outer loop
      vertex 91.2 27 0
      vertex 89.2 27 0
      vertex 91.1847 28.2442 0
    endloop
  endfacet
  facet normal 0 0 -1
    outer loop
      vertex 89.1413 24.6104 0
      vertex 91.1389 24.5123 0
      vertex 91.0626 23.2703 0
    endloop
  endfacet
  facet normal 0 0 -1
    outer loop
      vertex 89.1853 28.1952 0
      vertex 91.1847 28.2442 0
      vertex 89.2 27 0
    endloop
  endfacet
  facet normal 0 0 -1
    outer loop
      vertex 89.068 23.4174 0
      vertex 91.0626 23.2703 0
      vertex 90.9559 22.0305 0
    endloop
  endfacet
  facet normal -0 0 -1
    outer loop
      vertex 91.1847 28.2442 0
      vertex 89.1853 28.1952 0
      vertex 91.1389 29.4877 0
    endloop
  endfacet
  facet normal 0 0 -1
    outer loop
      vertex 88.9655 22.2266 0
      vertex 90.9559 22.0305 0
      vertex 90.8187 20.7938 0
    endloop
  endfacet
  facet normal 0 0 -1
    outer loop
      vertex 89.1413 29.3896 0
      vertex 91.1389 29.4877 0
      vertex 89.1853 28.1952 0
    endloop
  endfacet
  facet normal 0 0 -1
    outer loop
      vertex 88.8338 21.0386 0
      vertex 90.8187 20.7938 0
      vertex 90.6512 19.5608 0
    endloop
  endfacet
  facet normal -0 0 -1
    outer loop
      vertex 91.1389 29.4877 0
      vertex 89.1413 29.3896 0
      vertex 91.0626 30.7297 0
    endloop
  endfacet
  facet normal 0 0 -1
    outer loop
      vertex 88.6729 19.8542 0
      vertex 90.6512 19.5608 0
      vertex 90.4536 18.3322 0
    endloop
  endfacet
  facet normal 0 0 -1
    outer loop
      vertex 89.068 30.5826 0
      vertex 91.0626 30.7297 0
      vertex 89.1413 29.3896 0
    endloop
  endfacet
  facet normal 0 0 -1
    outer loop
      vertex 88.483 18.6742 0
      vertex 90.4536 18.3322 0
      vertex 90.2258 17.1089 0
    endloop
  endfacet
  facet normal -0 0 -1
    outer loop
      vertex 91.0626 30.7297 0
      vertex 89.068 30.5826 0
      vertex 90.9559 31.9695 0
    endloop
  endfacet
  facet normal 0 0 -1
    outer loop
      vertex 88.2642 17.4991 0
      vertex 90.2258 17.1089 0
      vertex 89.9681 15.8916 0
    endloop
  endfacet
  facet normal 0 0 -1
    outer loop
      vertex 88.9655 31.7734 0
      vertex 90.9559 31.9695 0
      vertex 89.068 30.5826 0
    endloop
  endfacet
  facet normal 0 0 -1
    outer loop
      vertex 88.0167 16.3298 0
      vertex 89.9681 15.8916 0
      vertex 89.6806 14.6809 0
    endloop
  endfacet
  facet normal -0 0 -1
    outer loop
      vertex 90.9559 31.9695 0
      vertex 88.9655 31.7734 0
      vertex 90.8187 33.2062 0
    endloop
  endfacet
  facet normal 0 0 -1
    outer loop
      vertex 87.7405 15.1669 0
      vertex 89.6806 14.6809 0
      vertex 89.3634 13.4777 0
    endloop
  endfacet
  facet normal 0 0 -1
    outer loop
      vertex 88.8338 32.9614 0
      vertex 90.8187 33.2062 0
      vertex 88.9655 31.7734 0
    endloop
  endfacet
  facet normal -0 0 -1
    outer loop
      vertex 90.8187 33.2062 0
      vertex 88.8338 32.9614 0
      vertex 90.6512 34.4392 0
    endloop
  endfacet
  facet normal 0 0 -1
    outer loop
      vertex 91.1847 25.7558 0
      vertex 89.1853 25.8048 0
      vertex 89.2 27 0
    endloop
  endfacet
  facet normal 0 0 -1
    outer loop
      vertex 91.1389 24.5123 0
      vertex 89.1413 24.6104 0
      vertex 89.1853 25.8048 0
    endloop
  endfacet
  facet normal 0 0 -1
    outer loop
      vertex 91.0626 23.2703 0
      vertex 89.068 23.4174 0
      vertex 89.1413 24.6104 0
    endloop
  endfacet
  facet normal 0 0 -1
    outer loop
      vertex 87.4359 14.0111 0
      vertex 89.3634 13.4777 0
      vertex 89.0169 12.2826 0
    endloop
  endfacet
  facet normal 0 0 -1
    outer loop
      vertex 90.9559 22.0305 0
      vertex 88.9655 22.2266 0
      vertex 89.068 23.4174 0
    endloop
  endfacet
  facet normal 0 0 -1
    outer loop
      vertex 90.8187 20.7938 0
      vertex 88.8338 21.0386 0
      vertex 88.9655 22.2266 0
    endloop
  endfacet
  facet normal 0 0 -1
    outer loop
      vertex 90.6512 19.5608 0
      vertex 88.6729 19.8542 0
      vertex 88.8338 21.0386 0
    endloop
  endfacet
  facet normal 0 0 -1
    outer loop
      vertex 87.103 12.8631 0
      vertex 89.0169 12.2826 0
      vertex 88.6411 11.0963 0
    endloop
  endfacet
  facet normal 0 0 -1
    outer loop
      vertex 90.4536 18.3322 0
      vertex 88.483 18.6742 0
      vertex 88.6729 19.8542 0
    endloop
  endfacet
  facet normal 0 0 -1
    outer loop
      vertex 90.2258 17.1089 0
      vertex 88.2642 17.4991 0
      vertex 88.483 18.6742 0
    endloop
  endfacet
  facet normal 0 0 -1
    outer loop
      vertex 86.742 11.7237 0
      vertex 88.6411 11.0963 0
      vertex 88.2363 9.91969 0
    endloop
  endfacet
  facet normal 0 0 -1
    outer loop
      vertex 89.9681 15.8916 0
      vertex 88.0167 16.3298 0
      vertex 88.2642 17.4991 0
    endloop
  endfacet
  facet normal 0 0 -1
    outer loop
      vertex 86.3532 10.5935 0
      vertex 88.2363 9.91969 0
      vertex 87.8027 8.75332 0
    endloop
  endfacet
  facet normal 0 0 -1
    outer loop
      vertex 89.6806 14.6809 0
      vertex 87.7405 15.1669 0
      vertex 88.0167 16.3298 0
    endloop
  endfacet
  facet normal 0 0 -1
    outer loop
      vertex 89.3634 13.4777 0
      vertex 87.4359 14.0111 0
      vertex 87.7405 15.1669 0
    endloop
  endfacet
  facet normal 0 0 -1
    outer loop
      vertex 85.9368 9.47311 0
      vertex 87.8027 8.75332 0
      vertex 87.3407 7.59795 0
    endloop
  endfacet
  facet normal 0 0 -1
    outer loop
      vertex 89.0169 12.2826 0
      vertex 87.103 12.8631 0
      vertex 87.4359 14.0111 0
    endloop
  endfacet
  facet normal 0 0 -1
    outer loop
      vertex 85.4929 8.36332 0
      vertex 87.3407 7.59795 0
      vertex 86.8504 6.45427 0
    endloop
  endfacet
  facet normal 0 0 -1
    outer loop
      vertex 88.6411 11.0963 0
      vertex 86.742 11.7237 0
      vertex 87.103 12.8631 0
    endloop
  endfacet
  facet normal 0 0 -1
    outer loop
      vertex 88.2363 9.91969 0
      vertex 86.3532 10.5935 0
      vertex 86.742 11.7237 0
    endloop
  endfacet
  facet normal 0 0 -1
    outer loop
      vertex 85.022 7.26475 0
      vertex 86.8504 6.45427 0
      vertex 86.3323 5.32296 0
    endloop
  endfacet
  facet normal 0 0 -1
    outer loop
      vertex 87.8027 8.75332 0
      vertex 85.9368 9.47311 0
      vertex 86.3532 10.5935 0
    endloop
  endfacet
  facet normal 0 0 -1
    outer loop
      vertex 84.5243 6.17807 0
      vertex 86.3323 5.32296 0
      vertex 85.7865 4.20471 0
    endloop
  endfacet
  facet normal 0 0 -1
    outer loop
      vertex 87.3407 7.59795 0
      vertex 85.4929 8.36332 0
      vertex 85.9368 9.47311 0
    endloop
  endfacet
  facet normal 0 0 -1
    outer loop
      vertex 84 5.10393 0
      vertex 85.7865 4.20471 0
      vertex 85.2134 3.10019 0
    endloop
  endfacet
  facet normal 0 0 -1
    outer loop
      vertex 86.8504 6.45427 0
      vertex 85.022 7.26475 0
      vertex 85.4929 8.36332 0
    endloop
  endfacet
  facet normal 0 0 -1
    outer loop
      vertex 83.4496 4.04298 0
      vertex 85.2134 3.10019 0
      vertex 84.6134 2.01006 0
    endloop
  endfacet
  facet normal 0 0 -1
    outer loop
      vertex 86.3323 5.32296 0
      vertex 84.5243 6.17807 0
      vertex 85.022 7.26475 0
    endloop
  endfacet
  facet normal 0 0 -1
    outer loop
      vertex 85.7865 4.20471 0
      vertex 84 5.10393 0
      vertex 84.5243 6.17807 0
    endloop
  endfacet
  facet normal 0 0 -1
    outer loop
      vertex 82.8732 2.99586 0
      vertex 84.6134 2.01006 0
      vertex 83.9868 0.934991 0
    endloop
  endfacet
  facet normal 0 0 -1
    outer loop
      vertex 85.2134 3.10019 0
      vertex 83.4496 4.04298 0
      vertex 84 5.10393 0
    endloop
  endfacet
  facet normal 0 0 -1
    outer loop
      vertex 82.2714 1.9632 0
      vertex 83.9868 0.934991 0
      vertex 83.3341 -0.124379 0
    endloop
  endfacet
  facet normal 0 0 -1
    outer loop
      vertex 84.6134 2.01006 0
      vertex 82.8732 2.99586 0
      vertex 83.4496 4.04298 0
    endloop
  endfacet
  facet normal 0 0 -1
    outer loop
      vertex 81.6444 0.945617 0
      vertex 83.3341 -0.124379 0
      vertex 82.6555 -1.16741 0
    endloop
  endfacet
  facet normal 0 0 -1
    outer loop
      vertex 83.9868 0.934991 0
      vertex 82.2714 1.9632 0
      vertex 82.8732 2.99586 0
    endloop
  endfacet
  facet normal 0 0 -1
    outer loop
      vertex 80.3451 -1 0
      vertex 82.6555 -1.16741 0
      vertex 81.9516 -2.19347 0
    endloop
  endfacet
  facet normal 0 0 -1
    outer loop
      vertex 83.3341 -0.124379 0
      vertex 81.6444 0.945617 0
      vertex 82.2714 1.9632 0
    endloop
  endfacet
  facet normal 0 0 -1
    outer loop
      vertex 80.3164 -1.04186 0
      vertex 81.9516 -2.19347 0
      vertex 81.2226 -3.20195 0
    endloop
  endfacet
  facet normal 0 0 -1
    outer loop
      vertex 82.6555 -1.16741 0
      vertex 81 -0.0448488 0
      vertex 81.6444 0.945617 0
    endloop
  endfacet
  facet normal 0 0 -1
    outer loop
      vertex 79.6162 -2.01056 0
      vertex 81.2226 -3.20195 0
      vertex 80.4692 -4.19224 0
    endloop
  endfacet
  facet normal 0 0 -1
    outer loop
      vertex 82.6555 -1.16741 0
      vertex 80.3451 -1 0
      vertex 81 -0.0448488 0
    endloop
  endfacet
  facet normal -0 0 -1
    outer loop
      vertex 81 -0.0448488 0
      vertex 80.3451 -1 0
      vertex 81 1 0
    endloop
  endfacet
  facet normal 0 0 -1
    outer loop
      vertex 0.654902 -1 0
      vertex 81 1 0
      vertex 80.3451 -1 0
    endloop
  endfacet
  facet normal 0 0 -1
    outer loop
      vertex -0.95155 -2.19347 0
      vertex 0.68362 -1.04186 0
      vertex -0.222621 -3.20195 0
    endloop
  endfacet
  facet normal 0 0 -1
    outer loop
      vertex 0 1 0
      vertex 0.654902 -1 0
      vertex 0 -0.0448488 0
    endloop
  endfacet
  facet normal 0 0 -1
    outer loop
      vertex 0.654902 -1 0
      vertex 0 1 0
      vertex 81 1 0
    endloop
  endfacet
  facet normal 0 0 -1
    outer loop
      vertex 88.6729 34.1458 0
      vertex 90.6512 34.4392 0
      vertex 88.8338 32.9614 0
    endloop
  endfacet
  facet normal -0 0 -1
    outer loop
      vertex 90.6512 34.4392 0
      vertex 88.6729 34.1458 0
      vertex 90.4536 35.6678 0
    endloop
  endfacet
  facet normal 0 0 -1
    outer loop
      vertex 88.483 35.3258 0
      vertex 90.4536 35.6678 0
      vertex 88.6729 34.1458 0
    endloop
  endfacet
  facet normal -0 0 -1
    outer loop
      vertex 90.4536 35.6678 0
      vertex 88.483 35.3258 0
      vertex 90.2258 36.8911 0
    endloop
  endfacet
  facet normal 0 0 -1
    outer loop
      vertex 88.2642 36.5009 0
      vertex 90.2258 36.8911 0
      vertex 88.483 35.3258 0
    endloop
  endfacet
  facet normal -0 0 -1
    outer loop
      vertex 90.2258 36.8911 0
      vertex 88.2642 36.5009 0
      vertex 89.9681 38.1084 0
    endloop
  endfacet
  facet normal 0 0 -1
    outer loop
      vertex 88.0167 37.6702 0
      vertex 89.9681 38.1084 0
      vertex 88.2642 36.5009 0
    endloop
  endfacet
  facet normal -0 0 -1
    outer loop
      vertex 89.9681 38.1084 0
      vertex 88.0167 37.6702 0
      vertex 89.6806 39.3191 0
    endloop
  endfacet
  facet normal 0 0 -1
    outer loop
      vertex 87.7405 38.8331 0
      vertex 89.6806 39.3191 0
      vertex 88.0167 37.6702 0
    endloop
  endfacet
  facet normal -0 0 -1
    outer loop
      vertex 89.6806 39.3191 0
      vertex 87.7405 38.8331 0
      vertex 89.3634 40.5223 0
    endloop
  endfacet
  facet normal 0 0 -1
    outer loop
      vertex 87.4359 39.9889 0
      vertex 89.3634 40.5223 0
      vertex 87.7405 38.8331 0
    endloop
  endfacet
  facet normal -0 0 -1
    outer loop
      vertex 89.3634 40.5223 0
      vertex 87.4359 39.9889 0
      vertex 89.0169 41.7174 0
    endloop
  endfacet
  facet normal 0 0 -1
    outer loop
      vertex 87.103 41.1369 0
      vertex 89.0169 41.7174 0
      vertex 87.4359 39.9889 0
    endloop
  endfacet
  facet normal -0 0 -1
    outer loop
      vertex 89.0169 41.7174 0
      vertex 87.103 41.1369 0
      vertex 88.6411 42.9037 0
    endloop
  endfacet
  facet normal 0 0 -1
    outer loop
      vertex 86.742 42.2763 0
      vertex 88.6411 42.9037 0
      vertex 87.103 41.1369 0
    endloop
  endfacet
  facet normal -0 0 -1
    outer loop
      vertex 88.6411 42.9037 0
      vertex 86.742 42.2763 0
      vertex 88.2363 44.0803 0
    endloop
  endfacet
  facet normal 0 0 -1
    outer loop
      vertex 86.3532 43.4065 0
      vertex 88.2363 44.0803 0
      vertex 86.742 42.2763 0
    endloop
  endfacet
  facet normal -0 0 -1
    outer loop
      vertex 88.2363 44.0803 0
      vertex 86.3532 43.4065 0
      vertex 87.8027 45.2467 0
    endloop
  endfacet
  facet normal 0 0 -1
    outer loop
      vertex 85.9368 44.5269 0
      vertex 87.8027 45.2467 0
      vertex 86.3532 43.4065 0
    endloop
  endfacet
  facet normal -0 0 -1
    outer loop
      vertex 87.8027 45.2467 0
      vertex 85.9368 44.5269 0
      vertex 87.3407 46.4021 0
    endloop
  endfacet
  facet normal 0 0 -1
    outer loop
      vertex 85.4929 45.6367 0
      vertex 87.3407 46.4021 0
      vertex 85.9368 44.5269 0
    endloop
  endfacet
  facet normal -0 0 -1
    outer loop
      vertex 87.3407 46.4021 0
      vertex 85.4929 45.6367 0
      vertex 86.8504 47.5457 0
    endloop
  endfacet
  facet normal 0 0 -1
    outer loop
      vertex 85.022 46.7353 0
      vertex 86.8504 47.5457 0
      vertex 85.4929 45.6367 0
    endloop
  endfacet
  facet normal -0 0 -1
    outer loop
      vertex 86.8504 47.5457 0
      vertex 85.022 46.7353 0
      vertex 86.3323 48.677 0
    endloop
  endfacet
  facet normal 0 0 -1
    outer loop
      vertex 84.5243 47.8219 0
      vertex 86.3323 48.677 0
      vertex 85.022 46.7353 0
    endloop
  endfacet
  facet normal -0 0 -1
    outer loop
      vertex 86.3323 48.677 0
      vertex 84.5243 47.8219 0
      vertex 85.7865 49.7953 0
    endloop
  endfacet
  facet normal 0 0 -1
    outer loop
      vertex 84 48.8961 0
      vertex 85.7865 49.7953 0
      vertex 84.5243 47.8219 0
    endloop
  endfacet
  facet normal -0 0 -1
    outer loop
      vertex 85.7865 49.7953 0
      vertex 84 48.8961 0
      vertex 85.2134 50.8998 0
    endloop
  endfacet
  facet normal 0 0 -1
    outer loop
      vertex 83.4496 49.957 0
      vertex 85.2134 50.8998 0
      vertex 84 48.8961 0
    endloop
  endfacet
  facet normal -0 0 -1
    outer loop
      vertex 85.2134 50.8998 0
      vertex 83.4496 49.957 0
      vertex 84.6134 51.9899 0
    endloop
  endfacet
  facet normal 0 0 -1
    outer loop
      vertex 82.8732 51.0041 0
      vertex 84.6134 51.9899 0
      vertex 83.4496 49.957 0
    endloop
  endfacet
  facet normal -0 0 -1
    outer loop
      vertex 84.6134 51.9899 0
      vertex 82.8732 51.0041 0
      vertex 83.9868 53.065 0
    endloop
  endfacet
  facet normal 0 0 -1
    outer loop
      vertex 82.2714 52.0368 0
      vertex 83.9868 53.065 0
      vertex 82.8732 51.0041 0
    endloop
  endfacet
  facet normal -0 0 -1
    outer loop
      vertex 83.9868 53.065 0
      vertex 82.2714 52.0368 0
      vertex 83.3341 54.1244 0
    endloop
  endfacet
  facet normal 0 0 -1
    outer loop
      vertex 81.6444 53.0544 0
      vertex 83.3341 54.1244 0
      vertex 82.2714 52.0368 0
    endloop
  endfacet
  facet normal -0 0 -1
    outer loop
      vertex 83.3341 54.1244 0
      vertex 81.6444 53.0544 0
      vertex 82.6555 55.1674 0
    endloop
  endfacet
  facet normal 0 0 -1
    outer loop
      vertex 81 54.0448 0
      vertex 82.6555 55.1674 0
      vertex 81.6444 53.0544 0
    endloop
  endfacet
  facet normal -0 0 -1
    outer loop
      vertex 82.6555 55.1674 0
      vertex 81 54.0448 0
      vertex 81.9516 56.1935 0
    endloop
  endfacet
  facet normal -0 0 -1
    outer loop
      vertex 81.9516 56.1935 0
      vertex 81 54.0448 0
      vertex 81.2226 57.202 0
    endloop
  endfacet
  facet normal -0 0 -1
    outer loop
      vertex 81.2226 57.202 0
      vertex 81 54.0448 0
      vertex 80.4692 58.1922 0
    endloop
  endfacet
  facet normal 0 0 -1
    outer loop
      vertex 80.3164 55.0419 0
      vertex 80.4692 58.1922 0
      vertex 80.3451 55 0
    endloop
  endfacet
  facet normal 0 0 -1
    outer loop
      vertex 79.6162 56.0106 0
      vertex 80.4692 58.1922 0
      vertex 80.3164 55.0419 0
    endloop
  endfacet
  facet normal 0 0 -1
    outer loop
      vertex 78.8925 56.9618 0
      vertex 80.4692 58.1922 0
      vertex 79.6162 56.0106 0
    endloop
  endfacet
  facet normal -0 0 -1
    outer loop
      vertex 80.4692 58.1922 0
      vertex 78.8925 56.9618 0
      vertex 79.6916 59.1637 0
    endloop
  endfacet
  facet normal 0 0 -1
    outer loop
      vertex 78.1456 57.895 0
      vertex 79.6916 59.1637 0
      vertex 78.8925 56.9618 0
    endloop
  endfacet
  facet normal -0 0 -1
    outer loop
      vertex 79.6916 59.1637 0
      vertex 78.1456 57.895 0
      vertex 78.8905 60.1159 0
    endloop
  endfacet
  facet normal 0 0 -1
    outer loop
      vertex 77.3761 58.8095 0
      vertex 78.8905 60.1159 0
      vertex 78.1456 57.895 0
    endloop
  endfacet
  facet normal -0 0 -1
    outer loop
      vertex 78.8905 60.1159 0
      vertex 77.3761 58.8095 0
      vertex 78.0662 61.048 0
    endloop
  endfacet
  facet normal 0 0 -1
    outer loop
      vertex 76.5843 59.7049 0
      vertex 78.0662 61.048 0
      vertex 77.3761 58.8095 0
    endloop
  endfacet
  facet normal -0 0 -1
    outer loop
      vertex 78.0662 61.048 0
      vertex 76.5843 59.7049 0
      vertex 77.2193 61.9597 0
    endloop
  endfacet
  facet normal 0 0 -1
    outer loop
      vertex 75.7708 60.5806 0
      vertex 77.2193 61.9597 0
      vertex 76.5843 59.7049 0
    endloop
  endfacet
  facet normal -0 0 -1
    outer loop
      vertex 77.2193 61.9597 0
      vertex 75.7708 60.5806 0
      vertex 76.3503 62.8503 0
    endloop
  endfacet
  facet normal 0 0 -1
    outer loop
      vertex 74.9361 61.4361 0
      vertex 76.3503 62.8503 0
      vertex 75.7708 60.5806 0
    endloop
  endfacet
  facet normal -0 0 -1
    outer loop
      vertex 76.3503 62.8503 0
      vertex 74.9361 61.4361 0
      vertex 75.4597 63.7193 0
    endloop
  endfacet
  facet normal 0 0 -1
    outer loop
      vertex 74.0806 62.2708 0
      vertex 75.4597 63.7193 0
      vertex 74.9361 61.4361 0
    endloop
  endfacet
  facet normal -0 0 -1
    outer loop
      vertex 75.4597 63.7193 0
      vertex 74.0806 62.2708 0
      vertex 74.548 64.5662 0
    endloop
  endfacet
  facet normal 0 0 -1
    outer loop
      vertex 73.2049 63.0843 0
      vertex 74.548 64.5662 0
      vertex 74.0806 62.2708 0
    endloop
  endfacet
  facet normal -0 0 -1
    outer loop
      vertex 74.548 64.5662 0
      vertex 73.2049 63.0843 0
      vertex 73.6159 65.3905 0
    endloop
  endfacet
  facet normal 0 0 -1
    outer loop
      vertex 72.3095 63.8761 0
      vertex 73.6159 65.3905 0
      vertex 73.2049 63.0843 0
    endloop
  endfacet
  facet normal -0 0 -1
    outer loop
      vertex 73.6159 65.3905 0
      vertex 72.3095 63.8761 0
      vertex 72.6637 66.1916 0
    endloop
  endfacet
  facet normal 0 0 -1
    outer loop
      vertex 71.395 64.6456 0
      vertex 72.6637 66.1916 0
      vertex 72.3095 63.8761 0
    endloop
  endfacet
  facet normal -0 0 -1
    outer loop
      vertex 72.6637 66.1916 0
      vertex 71.395 64.6456 0
      vertex 71.6922 66.9692 0
    endloop
  endfacet
  facet normal 0 0 -1
    outer loop
      vertex 70.4618 65.3925 0
      vertex 71.6922 66.9692 0
      vertex 71.395 64.6456 0
    endloop
  endfacet
  facet normal -0 0 -1
    outer loop
      vertex 71.6922 66.9692 0
      vertex 70.4618 65.3925 0
      vertex 70.702 67.7226 0
    endloop
  endfacet
  facet normal 0 0 -1
    outer loop
      vertex 69.5106 66.1162 0
      vertex 70.702 67.7226 0
      vertex 70.4618 65.3925 0
    endloop
  endfacet
  facet normal -0 0 -1
    outer loop
      vertex 70.702 67.7226 0
      vertex 69.5106 66.1162 0
      vertex 69.6935 68.4516 0
    endloop
  endfacet
  facet normal 0 0 -1
    outer loop
      vertex 68.5419 66.8164 0
      vertex 69.6935 68.4516 0
      vertex 69.5106 66.1162 0
    endloop
  endfacet
  facet normal -0 0 -1
    outer loop
      vertex 69.6935 68.4516 0
      vertex 68.5419 66.8164 0
      vertex 68.6674 69.1555 0
    endloop
  endfacet
  facet normal 0 0 -1
    outer loop
      vertex 67.5563 67.4926 0
      vertex 68.6674 69.1555 0
      vertex 68.5419 66.8164 0
    endloop
  endfacet
  facet normal -0 0 -1
    outer loop
      vertex 68.6674 69.1555 0
      vertex 67.5563 67.4926 0
      vertex 67.6244 69.8341 0
    endloop
  endfacet
  facet normal 0 0 -1
    outer loop
      vertex 66.5544 68.1444 0
      vertex 67.6244 69.8341 0
      vertex 67.5563 67.4926 0
    endloop
  endfacet
  facet normal -0 0 -1
    outer loop
      vertex 67.6244 69.8341 0
      vertex 66.5544 68.1444 0
      vertex 66.565 70.4868 0
    endloop
  endfacet
  facet normal 0 0 -1
    outer loop
      vertex 65.5368 68.7714 0
      vertex 66.565 70.4868 0
      vertex 66.5544 68.1444 0
    endloop
  endfacet
  facet normal 0 0 -1
    outer loop
      vertex 65.5368 68.7714 0
      vertex 65.4899 71.1134 0
      vertex 66.565 70.4868 0
    endloop
  endfacet
  facet normal 0 0 -1
    outer loop
      vertex 64.5041 69.3732 0
      vertex 65.4899 71.1134 0
      vertex 65.5368 68.7714 0
    endloop
  endfacet
  facet normal 0 0 -1
    outer loop
      vertex 64.5041 69.3732 0
      vertex 64.3998 71.7134 0
      vertex 65.4899 71.1134 0
    endloop
  endfacet
  facet normal 0 0 -1
    outer loop
      vertex 63.457 69.9496 0
      vertex 64.3998 71.7134 0
      vertex 64.5041 69.3732 0
    endloop
  endfacet
  facet normal 0 0 -1
    outer loop
      vertex 63.457 69.9496 0
      vertex 63.2953 72.2865 0
      vertex 64.3998 71.7134 0
    endloop
  endfacet
  facet normal 0 0 -1
    outer loop
      vertex 62.3961 70.5 0
      vertex 63.2953 72.2865 0
      vertex 63.457 69.9496 0
    endloop
  endfacet
  facet normal 0 0 -1
    outer loop
      vertex 62.3961 70.5 0
      vertex 62.177 72.8323 0
      vertex 63.2953 72.2865 0
    endloop
  endfacet
  facet normal 0 0 -1
    outer loop
      vertex 61.3219 71.0243 0
      vertex 62.177 72.8323 0
      vertex 62.3961 70.5 0
    endloop
  endfacet
  facet normal 0 0 -1
    outer loop
      vertex 61.3219 71.0243 0
      vertex 61.0457 73.3504 0
      vertex 62.177 72.8323 0
    endloop
  endfacet
  facet normal 0 0 -1
    outer loop
      vertex 60.2353 71.522 0
      vertex 61.0457 73.3504 0
      vertex 61.3219 71.0243 0
    endloop
  endfacet
  facet normal 0 0 -1
    outer loop
      vertex 60.2353 71.522 0
      vertex 59.9021 73.8407 0
      vertex 61.0457 73.3504 0
    endloop
  endfacet
  facet normal 0 0 -1
    outer loop
      vertex 59.1367 71.9929 0
      vertex 59.9021 73.8407 0
      vertex 60.2353 71.522 0
    endloop
  endfacet
  facet normal 0 0 -1
    outer loop
      vertex 59.1367 71.9929 0
      vertex 58.7467 74.3027 0
      vertex 59.9021 73.8407 0
    endloop
  endfacet
  facet normal 0 0 -1
    outer loop
      vertex 58.0269 72.4368 0
      vertex 58.7467 74.3027 0
      vertex 59.1367 71.9929 0
    endloop
  endfacet
  facet normal 0 0 -1
    outer loop
      vertex 58.0269 72.4368 0
      vertex 57.5803 74.7363 0
      vertex 58.7467 74.3027 0
    endloop
  endfacet
  facet normal 0 0 -1
    outer loop
      vertex 56.9065 72.8532 0
      vertex 57.5803 74.7363 0
      vertex 58.0269 72.4368 0
    endloop
  endfacet
  facet normal 0 0 -1
    outer loop
      vertex 56.9065 72.8532 0
      vertex 56.4037 75.1411 0
      vertex 57.5803 74.7363 0
    endloop
  endfacet
  facet normal 0 0 -1
    outer loop
      vertex 55.7763 73.242 0
      vertex 56.4037 75.1411 0
      vertex 56.9065 72.8532 0
    endloop
  endfacet
  facet normal 0 0 -1
    outer loop
      vertex 55.7763 73.242 0
      vertex 55.2174 75.5169 0
      vertex 56.4037 75.1411 0
    endloop
  endfacet
  facet normal 0 0 -1
    outer loop
      vertex 54.6369 73.603 0
      vertex 55.2174 75.5169 0
      vertex 55.7763 73.242 0
    endloop
  endfacet
  facet normal 0 0 -1
    outer loop
      vertex 54.6369 73.603 0
      vertex 54.0223 75.8634 0
      vertex 55.2174 75.5169 0
    endloop
  endfacet
  facet normal 0 0 -1
    outer loop
      vertex 53.4889 73.9359 0
      vertex 54.0223 75.8634 0
      vertex 54.6369 73.603 0
    endloop
  endfacet
  facet normal 0 0 -1
    outer loop
      vertex 53.4889 73.9359 0
      vertex 52.8191 76.1806 0
      vertex 54.0223 75.8634 0
    endloop
  endfacet
  facet normal 0 0 -1
    outer loop
      vertex 52.3331 74.2405 0
      vertex 52.8191 76.1806 0
      vertex 53.4889 73.9359 0
    endloop
  endfacet
  facet normal 0 0 -1
    outer loop
      vertex 52.3331 74.2405 0
      vertex 51.6084 76.4681 0
      vertex 52.8191 76.1806 0
    endloop
  endfacet
  facet normal 0 0 -1
    outer loop
      vertex 51.1702 74.5167 0
      vertex 51.6084 76.4681 0
      vertex 52.3331 74.2405 0
    endloop
  endfacet
  facet normal 0 0 -1
    outer loop
      vertex 51.1702 74.5167 0
      vertex 50.3911 76.7258 0
      vertex 51.6084 76.4681 0
    endloop
  endfacet
  facet normal 0 0 -1
    outer loop
      vertex 50.0009 74.7642 0
      vertex 50.3911 76.7258 0
      vertex 51.1702 74.5167 0
    endloop
  endfacet
  facet normal 0 0 -1
    outer loop
      vertex 50.0009 74.7642 0
      vertex 49.1678 76.9536 0
      vertex 50.3911 76.7258 0
    endloop
  endfacet
  facet normal 0 0 -1
    outer loop
      vertex 48.8258 74.983 0
      vertex 49.1678 76.9536 0
      vertex 50.0009 74.7642 0
    endloop
  endfacet
  facet normal 0 0 -1
    outer loop
      vertex 48.8258 74.983 0
      vertex 47.9392 77.1512 0
      vertex 49.1678 76.9536 0
    endloop
  endfacet
  facet normal 0 0 -1
    outer loop
      vertex 47.6458 75.1729 0
      vertex 47.9392 77.1512 0
      vertex 48.8258 74.983 0
    endloop
  endfacet
  facet normal 0 0 -1
    outer loop
      vertex 47.6458 75.1729 0
      vertex 46.7062 77.3187 0
      vertex 47.9392 77.1512 0
    endloop
  endfacet
  facet normal 0 0 -1
    outer loop
      vertex 46.4614 75.3338 0
      vertex 46.7062 77.3187 0
      vertex 47.6458 75.1729 0
    endloop
  endfacet
  facet normal 0 0 -1
    outer loop
      vertex 46.4614 75.3338 0
      vertex 45.4695 77.4559 0
      vertex 46.7062 77.3187 0
    endloop
  endfacet
  facet normal 0 0 -1
    outer loop
      vertex 45.2734 75.4655 0
      vertex 45.4695 77.4559 0
      vertex 46.4614 75.3338 0
    endloop
  endfacet
  facet normal 0 0 -1
    outer loop
      vertex 45.2734 75.4655 0
      vertex 44.2297 77.5626 0
      vertex 45.4695 77.4559 0
    endloop
  endfacet
  facet normal 0 0 -1
    outer loop
      vertex 44.0826 75.568 0
      vertex 44.2297 77.5626 0
      vertex 45.2734 75.4655 0
    endloop
  endfacet
  facet normal 0 0 -1
    outer loop
      vertex 44.0826 75.568 0
      vertex 42.9877 77.6389 0
      vertex 44.2297 77.5626 0
    endloop
  endfacet
  facet normal 0 0 -1
    outer loop
      vertex 42.8896 75.6413 0
      vertex 42.9877 77.6389 0
      vertex 44.0826 75.568 0
    endloop
  endfacet
  facet normal 0 0 -1
    outer loop
      vertex 42.8896 75.6413 0
      vertex 41.7442 77.6847 0
      vertex 42.9877 77.6389 0
    endloop
  endfacet
  facet normal 0 0 -1
    outer loop
      vertex 41.6952 75.6853 0
      vertex 41.7442 77.6847 0
      vertex 42.8896 75.6413 0
    endloop
  endfacet
  facet normal 0 0 -1
    outer loop
      vertex 40.5 75.7 0
      vertex 41.7442 77.6847 0
      vertex 41.6952 75.6853 0
    endloop
  endfacet
  facet normal 0 0 -1
    outer loop
      vertex 40.5 75.7 0
      vertex 40.5 77.7 0
      vertex 41.7442 77.6847 0
    endloop
  endfacet
  facet normal 0 0 -1
    outer loop
      vertex 39.3048 75.6853 0
      vertex 40.5 77.7 0
      vertex 40.5 75.7 0
    endloop
  endfacet
  facet normal 0 0 -1
    outer loop
      vertex 39.3048 75.6853 0
      vertex 39.2558 77.6847 0
      vertex 40.5 77.7 0
    endloop
  endfacet
  facet normal 0 0 -1
    outer loop
      vertex 38.1104 75.6413 0
      vertex 39.2558 77.6847 0
      vertex 39.3048 75.6853 0
    endloop
  endfacet
  facet normal 0 0 -1
    outer loop
      vertex 38.1104 75.6413 0
      vertex 38.0123 77.6389 0
      vertex 39.2558 77.6847 0
    endloop
  endfacet
  facet normal 0 0 -1
    outer loop
      vertex 36.9174 75.568 0
      vertex 38.0123 77.6389 0
      vertex 38.1104 75.6413 0
    endloop
  endfacet
  facet normal 0 0 -1
    outer loop
      vertex 36.9174 75.568 0
      vertex 36.7703 77.5626 0
      vertex 38.0123 77.6389 0
    endloop
  endfacet
  facet normal 0 0 -1
    outer loop
      vertex 35.7266 75.4655 0
      vertex 36.7703 77.5626 0
      vertex 36.9174 75.568 0
    endloop
  endfacet
  facet normal 0 0 -1
    outer loop
      vertex 35.7266 75.4655 0
      vertex 35.5305 77.4559 0
      vertex 36.7703 77.5626 0
    endloop
  endfacet
  facet normal 0 0 -1
    outer loop
      vertex 34.5386 75.3338 0
      vertex 35.5305 77.4559 0
      vertex 35.7266 75.4655 0
    endloop
  endfacet
  facet normal 0 0 -1
    outer loop
      vertex 34.5386 75.3338 0
      vertex 34.2938 77.3187 0
      vertex 35.5305 77.4559 0
    endloop
  endfacet
  facet normal 0 0 -1
    outer loop
      vertex 33.3542 75.1729 0
      vertex 34.2938 77.3187 0
      vertex 34.5386 75.3338 0
    endloop
  endfacet
  facet normal 0 0 -1
    outer loop
      vertex 33.3542 75.1729 0
      vertex 33.0608 77.1512 0
      vertex 34.2938 77.3187 0
    endloop
  endfacet
  facet normal 0 0 -1
    outer loop
      vertex 32.1742 74.983 0
      vertex 33.0608 77.1512 0
      vertex 33.3542 75.1729 0
    endloop
  endfacet
  facet normal 0 0 -1
    outer loop
      vertex 32.1742 74.983 0
      vertex 31.8322 76.9536 0
      vertex 33.0608 77.1512 0
    endloop
  endfacet
  facet normal 0 0 -1
    outer loop
      vertex 30.9991 74.7642 0
      vertex 31.8322 76.9536 0
      vertex 32.1742 74.983 0
    endloop
  endfacet
  facet normal 0 0 -1
    outer loop
      vertex 30.9991 74.7642 0
      vertex 30.6089 76.7258 0
      vertex 31.8322 76.9536 0
    endloop
  endfacet
  facet normal 0 0 -1
    outer loop
      vertex 29.8298 74.5167 0
      vertex 30.6089 76.7258 0
      vertex 30.9991 74.7642 0
    endloop
  endfacet
  facet normal 0 0 -1
    outer loop
      vertex 29.8298 74.5167 0
      vertex 29.3916 76.4681 0
      vertex 30.6089 76.7258 0
    endloop
  endfacet
  facet normal 0 0 -1
    outer loop
      vertex 28.6669 74.2405 0
      vertex 29.3916 76.4681 0
      vertex 29.8298 74.5167 0
    endloop
  endfacet
  facet normal 0 0 -1
    outer loop
      vertex 28.6669 74.2405 0
      vertex 28.1809 76.1806 0
      vertex 29.3916 76.4681 0
    endloop
  endfacet
  facet normal 0 0 -1
    outer loop
      vertex 27.5111 73.9359 0
      vertex 28.1809 76.1806 0
      vertex 28.6669 74.2405 0
    endloop
  endfacet
  facet normal 0 0 -1
    outer loop
      vertex 27.5111 73.9359 0
      vertex 26.9777 75.8634 0
      vertex 28.1809 76.1806 0
    endloop
  endfacet
  facet normal 0 0 -1
    outer loop
      vertex 26.3631 73.603 0
      vertex 26.9777 75.8634 0
      vertex 27.5111 73.9359 0
    endloop
  endfacet
  facet normal 0 0 -1
    outer loop
      vertex 26.3631 73.603 0
      vertex 25.7826 75.5169 0
      vertex 26.9777 75.8634 0
    endloop
  endfacet
  facet normal 0 0 -1
    outer loop
      vertex 25.2237 73.242 0
      vertex 25.7826 75.5169 0
      vertex 26.3631 73.603 0
    endloop
  endfacet
  facet normal 0 0 -1
    outer loop
      vertex 25.2237 73.242 0
      vertex 24.5963 75.1411 0
      vertex 25.7826 75.5169 0
    endloop
  endfacet
  facet normal 0 0 -1
    outer loop
      vertex 24.0935 72.8532 0
      vertex 24.5963 75.1411 0
      vertex 25.2237 73.242 0
    endloop
  endfacet
  facet normal 0 0 -1
    outer loop
      vertex 24.0935 72.8532 0
      vertex 23.4197 74.7363 0
      vertex 24.5963 75.1411 0
    endloop
  endfacet
  facet normal 0 0 -1
    outer loop
      vertex 22.9731 72.4368 0
      vertex 23.4197 74.7363 0
      vertex 24.0935 72.8532 0
    endloop
  endfacet
  facet normal 0 0 -1
    outer loop
      vertex 22.9731 72.4368 0
      vertex 22.2533 74.3027 0
      vertex 23.4197 74.7363 0
    endloop
  endfacet
  facet normal 0 0 -1
    outer loop
      vertex 21.8633 71.9929 0
      vertex 22.2533 74.3027 0
      vertex 22.9731 72.4368 0
    endloop
  endfacet
  facet normal 0 0 -1
    outer loop
      vertex 21.8633 71.9929 0
      vertex 21.0979 73.8407 0
      vertex 22.2533 74.3027 0
    endloop
  endfacet
  facet normal 0 0 -1
    outer loop
      vertex 20.7647 71.522 0
      vertex 21.0979 73.8407 0
      vertex 21.8633 71.9929 0
    endloop
  endfacet
  facet normal 0 0 -1
    outer loop
      vertex 20.7647 71.522 0
      vertex 19.9543 73.3504 0
      vertex 21.0979 73.8407 0
    endloop
  endfacet
  facet normal 0 0 -1
    outer loop
      vertex 19.6781 71.0243 0
      vertex 19.9543 73.3504 0
      vertex 20.7647 71.522 0
    endloop
  endfacet
  facet normal 0 0 -1
    outer loop
      vertex 19.6781 71.0243 0
      vertex 18.823 72.8323 0
      vertex 19.9543 73.3504 0
    endloop
  endfacet
  facet normal 0 0 -1
    outer loop
      vertex 18.6039 70.5 0
      vertex 18.823 72.8323 0
      vertex 19.6781 71.0243 0
    endloop
  endfacet
  facet normal 0 0 -1
    outer loop
      vertex 18.6039 70.5 0
      vertex 17.7047 72.2865 0
      vertex 18.823 72.8323 0
    endloop
  endfacet
  facet normal 0 0 -1
    outer loop
      vertex 17.543 69.9496 0
      vertex 17.7047 72.2865 0
      vertex 18.6039 70.5 0
    endloop
  endfacet
  facet normal 0 0 -1
    outer loop
      vertex 17.543 69.9496 0
      vertex 16.6002 71.7134 0
      vertex 17.7047 72.2865 0
    endloop
  endfacet
  facet normal 0 0 -1
    outer loop
      vertex 16.4959 69.3732 0
      vertex 16.6002 71.7134 0
      vertex 17.543 69.9496 0
    endloop
  endfacet
  facet normal 0 0 -1
    outer loop
      vertex 16.4959 69.3732 0
      vertex 15.5101 71.1134 0
      vertex 16.6002 71.7134 0
    endloop
  endfacet
  facet normal 0 0 -1
    outer loop
      vertex 15.4632 68.7714 0
      vertex 15.5101 71.1134 0
      vertex 16.4959 69.3732 0
    endloop
  endfacet
  facet normal 0 0 -1
    outer loop
      vertex 14.435 70.4868 0
      vertex 15.4632 68.7714 0
      vertex 14.4456 68.1444 0
    endloop
  endfacet
  facet normal 0 0 -1
    outer loop
      vertex 15.4632 68.7714 0
      vertex 14.435 70.4868 0
      vertex 15.5101 71.1134 0
    endloop
  endfacet
  facet normal 0 0 -1
    outer loop
      vertex 13.3756 69.8341 0
      vertex 14.4456 68.1444 0
      vertex 13.4437 67.4926 0
    endloop
  endfacet
  facet normal 0 0 -1
    outer loop
      vertex 14.4456 68.1444 0
      vertex 13.3756 69.8341 0
      vertex 14.435 70.4868 0
    endloop
  endfacet
  facet normal 0 0 -1
    outer loop
      vertex 12.3326 69.1555 0
      vertex 13.4437 67.4926 0
      vertex 12.4581 66.8164 0
    endloop
  endfacet
  facet normal 0 0 -1
    outer loop
      vertex 13.4437 67.4926 0
      vertex 12.3326 69.1555 0
      vertex 13.3756 69.8341 0
    endloop
  endfacet
  facet normal 0 0 -1
    outer loop
      vertex 11.3065 68.4516 0
      vertex 12.4581 66.8164 0
      vertex 11.4894 66.1162 0
    endloop
  endfacet
  facet normal 0 0 -1
    outer loop
      vertex 12.4581 66.8164 0
      vertex 11.3065 68.4516 0
      vertex 12.3326 69.1555 0
    endloop
  endfacet
  facet normal 0 0 -1
    outer loop
      vertex 10.298 67.7226 0
      vertex 11.4894 66.1162 0
      vertex 10.5382 65.3925 0
    endloop
  endfacet
  facet normal 0 0 -1
    outer loop
      vertex 11.4894 66.1162 0
      vertex 10.298 67.7226 0
      vertex 11.3065 68.4516 0
    endloop
  endfacet
  facet normal 0 0 -1
    outer loop
      vertex 9.30776 66.9692 0
      vertex 10.5382 65.3925 0
      vertex 9.60505 64.6456 0
    endloop
  endfacet
  facet normal 0 0 -1
    outer loop
      vertex 10.5382 65.3925 0
      vertex 9.30776 66.9692 0
      vertex 10.298 67.7226 0
    endloop
  endfacet
  facet normal 0 0 -1
    outer loop
      vertex 8.33626 66.1916 0
      vertex 9.60505 64.6456 0
      vertex 8.69048 63.8761 0
    endloop
  endfacet
  facet normal 0 0 -1
    outer loop
      vertex 9.60505 64.6456 0
      vertex 8.33626 66.1916 0
      vertex 9.30776 66.9692 0
    endloop
  endfacet
  facet normal 0 0 -1
    outer loop
      vertex 7.38414 65.3905 0
      vertex 8.69048 63.8761 0
      vertex 7.79508 63.0843 0
    endloop
  endfacet
  facet normal 0 0 -1
    outer loop
      vertex 8.69048 63.8761 0
      vertex 7.38414 65.3905 0
      vertex 8.33626 66.1916 0
    endloop
  endfacet
  facet normal 0 0 -1
    outer loop
      vertex 6.45196 64.5662 0
      vertex 7.79508 63.0843 0
      vertex 6.91938 62.2708 0
    endloop
  endfacet
  facet normal 0 0 -1
    outer loop
      vertex 7.79508 63.0843 0
      vertex 6.45196 64.5662 0
      vertex 7.38414 65.3905 0
    endloop
  endfacet
  facet normal 0 0 -1
    outer loop
      vertex 5.54029 63.7193 0
      vertex 6.91938 62.2708 0
      vertex 6.0639 61.4361 0
    endloop
  endfacet
  facet normal 0 0 -1
    outer loop
      vertex 6.91938 62.2708 0
      vertex 5.54029 63.7193 0
      vertex 6.45196 64.5662 0
    endloop
  endfacet
  facet normal 0 0 -1
    outer loop
      vertex 4.64969 62.8503 0
      vertex 6.0639 61.4361 0
      vertex 5.22917 60.5806 0
    endloop
  endfacet
  facet normal 0 0 -1
    outer loop
      vertex 6.0639 61.4361 0
      vertex 4.64969 62.8503 0
      vertex 5.54029 63.7193 0
    endloop
  endfacet
  facet normal 0 0 -1
    outer loop
      vertex 3.78067 61.9597 0
      vertex 5.22917 60.5806 0
      vertex 4.41568 59.7049 0
    endloop
  endfacet
  facet normal 0 0 -1
    outer loop
      vertex 5.22917 60.5806 0
      vertex 3.78067 61.9597 0
      vertex 4.64969 62.8503 0
    endloop
  endfacet
  facet normal 0 0 -1
    outer loop
      vertex 2.93378 61.048 0
      vertex 4.41568 59.7049 0
      vertex 3.62393 58.8095 0
    endloop
  endfacet
  facet normal 0 0 -1
    outer loop
      vertex 4.41568 59.7049 0
      vertex 2.93378 61.048 0
      vertex 3.78067 61.9597 0
    endloop
  endfacet
  facet normal 0 0 -1
    outer loop
      vertex 2.10951 60.1159 0
      vertex 3.62393 58.8095 0
      vertex 2.85439 57.895 0
    endloop
  endfacet
  facet normal 0 0 -1
    outer loop
      vertex 3.62393 58.8095 0
      vertex 2.10951 60.1159 0
      vertex 2.93378 61.048 0
    endloop
  endfacet
  facet normal 0 0 -1
    outer loop
      vertex 1 58.7784 0
      vertex 2.85439 57.895 0
      vertex 2.10753 56.9618 0
    endloop
  endfacet
  facet normal 0 0 -1
    outer loop
      vertex 1 58.7784 0
      vertex 2.10753 56.9618 0
      vertex 1.38379 56.0106 0
    endloop
  endfacet
  facet normal 0 0 -1
    outer loop
      vertex 2.85439 57.895 0
      vertex 1.30837 59.1637 0
      vertex 2.10951 60.1159 0
    endloop
  endfacet
  facet normal 0 0 -1
    outer loop
      vertex 1 58.7784 0
      vertex 1.38379 56.0106 0
      vertex 1 55.4796 0
    endloop
  endfacet
  facet normal 0 0 -1
    outer loop
      vertex 2.85439 57.895 0
      vertex 1 58.7784 0
      vertex 1.30837 59.1637 0
    endloop
  endfacet
  facet normal -1 0 0
    outer loop
      vertex -1 56.1229 0
      vertex -1 67.5 10
      vertex -1 67.5 0
    endloop
  endfacet
  facet normal -1 -0 0
    outer loop
      vertex -1 67.5 10
      vertex -1 56.1229 0
      vertex -1 56.1229 10
    endloop
  endfacet
  facet normal -1 0 0
    outer loop
      vertex -1 13.5 0
      vertex -1 52.4772 10
      vertex -1 52.4772 0
    endloop
  endfacet
  facet normal -1 -0 0
    outer loop
      vertex -1 52.4772 10
      vertex -1 13.5 0
      vertex -1 13.5 10
    endloop
  endfacet
  facet normal 0 1 -0
    outer loop
      vertex 1 67.5 0
      vertex -1 67.5 10
      vertex 1 67.5 10
    endloop
  endfacet
  facet normal 0 1 0
    outer loop
      vertex -1 67.5 10
      vertex 1 67.5 0
      vertex -1 67.5 0
    endloop
  endfacet
  facet normal 0 -1 0
    outer loop
      vertex -1 13.5 0
      vertex 1 13.5 10
      vertex -1 13.5 10
    endloop
  endfacet
  facet normal 0 -1 -0
    outer loop
      vertex 1 13.5 10
      vertex -1 13.5 0
      vertex 1 13.5 0
    endloop
  endfacet
  facet normal 1 -0 0
    outer loop
      vertex 81 -0.0448488 10
      vertex 81 1 0
      vertex 81 1 10
    endloop
  endfacet
  facet normal 1 0 0
    outer loop
      vertex 81 1 0
      vertex 81 -0.0448488 10
      vertex 81 -0.0448488 0
    endloop
  endfacet
  facet normal -1 0 0
    outer loop
      vertex 0 -0.0448488 0
      vertex 0 1 10
      vertex 0 1 0
    endloop
  endfacet
  facet normal -1 -0 0
    outer loop
      vertex 0 1 10
      vertex 0 -0.0448488 0
      vertex 0 -0.0448488 10
    endloop
  endfacet
  facet normal 0 1 -0
    outer loop
      vertex 81 1 0
      vertex 0 1 10
      vertex 81 1 10
    endloop
  endfacet
  facet normal 0 1 0
    outer loop
      vertex 0 1 10
      vertex 81 1 0
      vertex 0 1 0
    endloop
  endfacet
  facet normal 0 -1 0
    outer loop
      vertex 0.654902 -1 0
      vertex 80.3451 -1 10
      vertex 0.654902 -1 10
    endloop
  endfacet
  facet normal 0 -1 -0
    outer loop
      vertex 80.3451 -1 10
      vertex 0.654902 -1 0
      vertex 80.3451 -1 0
    endloop
  endfacet
  facet normal 1 -0 0
    outer loop
      vertex 81 26 10
      vertex 81 28 0
      vertex 81 28 10
    endloop
  endfacet
  facet normal 1 0 0
    outer loop
      vertex 81 28 0
      vertex 81 26 10
      vertex 81 26 0
    endloop
  endfacet
  facet normal 0 1 -0
    outer loop
      vertex 81 28 0
      vertex 55 28 10
      vertex 81 28 10
    endloop
  endfacet
  facet normal 0 1 0
    outer loop
      vertex 55 28 10
      vertex 81 28 0
      vertex 55 28 0
    endloop
  endfacet
  facet normal 0 1 -0
    outer loop
      vertex 26 28 0
      vertex 1 28 10
      vertex 26 28 10
    endloop
  endfacet
  facet normal 0 1 0
    outer loop
      vertex 1 28 10
      vertex 26 28 0
      vertex 1 28 0
    endloop
  endfacet
  facet normal 0 1 -0
    outer loop
      vertex 53 28 0
      vertex 28 28 10
      vertex 53 28 10
    endloop
  endfacet
  facet normal 0 1 0
    outer loop
      vertex 28 28 10
      vertex 53 28 0
      vertex 28 28 0
    endloop
  endfacet
  facet normal 0 -1 0
    outer loop
      vertex 55 26 0
      vertex 81 26 10
      vertex 55 26 10
    endloop
  endfacet
  facet normal 0 -1 -0
    outer loop
      vertex 81 26 10
      vertex 55 26 0
      vertex 81 26 0
    endloop
  endfacet
  facet normal 0 -1 0
    outer loop
      vertex 1 26 0
      vertex 26 26 10
      vertex 1 26 10
    endloop
  endfacet
  facet normal 0 -1 -0
    outer loop
      vertex 26 26 10
      vertex 1 26 0
      vertex 26 26 0
    endloop
  endfacet
  facet normal 0 -1 0
    outer loop
      vertex 28 26 0
      vertex 53 26 10
      vertex 28 26 10
    endloop
  endfacet
  facet normal 0 -1 -0
    outer loop
      vertex 53 26 10
      vertex 28 26 0
      vertex 53 26 0
    endloop
  endfacet
  facet normal 1 -0 0
    outer loop
      vertex 81 53 10
      vertex 81 54.0448 0
      vertex 81 54.0448 10
    endloop
  endfacet
  facet normal 1 0 0
    outer loop
      vertex 81 54.0448 0
      vertex 81 53 10
      vertex 81 53 0
    endloop
  endfacet
  facet normal 0 1 -0
    outer loop
      vertex 26 55 0
      vertex 1 55 10
      vertex 26 55 10
    endloop
  endfacet
  facet normal 0 1 0
    outer loop
      vertex 1 55 10
      vertex 26 55 0
      vertex 1 55 0
    endloop
  endfacet
  facet normal 0 1 -0
    outer loop
      vertex 53 55 0
      vertex 28 55 10
      vertex 53 55 10
    endloop
  endfacet
  facet normal 0 1 0
    outer loop
      vertex 28 55 10
      vertex 53 55 0
      vertex 28 55 0
    endloop
  endfacet
  facet normal 0 1 -0
    outer loop
      vertex 80.3451 55 0
      vertex 55 55 10
      vertex 80.3451 55 10
    endloop
  endfacet
  facet normal 0 1 0
    outer loop
      vertex 55 55 10
      vertex 80.3451 55 0
      vertex 55 55 0
    endloop
  endfacet
  facet normal 0 -1 0
    outer loop
      vertex 55 53 0
      vertex 81 53 10
      vertex 55 53 10
    endloop
  endfacet
  facet normal 0 -1 -0
    outer loop
      vertex 81 53 10
      vertex 55 53 0
      vertex 81 53 0
    endloop
  endfacet
  facet normal 0 -1 0
    outer loop
      vertex 1 53 0
      vertex 26 53 10
      vertex 1 53 10
    endloop
  endfacet
  facet normal 0 -1 -0
    outer loop
      vertex 26 53 10
      vertex 1 53 0
      vertex 26 53 0
    endloop
  endfacet
  facet normal 0 -1 0
    outer loop
      vertex 28 53 0
      vertex 53 53 10
      vertex 28 53 10
    endloop
  endfacet
  facet normal 0 -1 -0
    outer loop
      vertex 53 53 10
      vertex 28 53 0
      vertex 53 53 0
    endloop
  endfacet
  facet normal 1 -0 0
    outer loop
      vertex 81 80 10
      vertex 81 82 0
      vertex 81 82 10
    endloop
  endfacet
  facet normal 1 0 0
    outer loop
      vertex 81 82 0
      vertex 81 80 10
      vertex 81 80 0
    endloop
  endfacet
  facet normal -0 0 1
    outer loop
      vertex 0 82 10
      vertex 81 80 10
      vertex 81 82 10
    endloop
  endfacet
  facet normal 0 0 1
    outer loop
      vertex 81 80 10
      vertex 0 82 10
      vertex 0 80 10
    endloop
  endfacet
  facet normal 0 0 -1
    outer loop
      vertex 0 80 0
      vertex 81 82 0
      vertex 81 80 0
    endloop
  endfacet
  facet normal -0 0 -1
    outer loop
      vertex 81 82 0
      vertex 0 80 0
      vertex 0 82 0
    endloop
  endfacet
  facet normal -1 0 0
    outer loop
      vertex 0 80 0
      vertex 0 82 10
      vertex 0 82 0
    endloop
  endfacet
  facet normal -1 -0 0
    outer loop
      vertex 0 82 10
      vertex 0 80 0
      vertex 0 80 10
    endloop
  endfacet
  facet normal 0 1 -0
    outer loop
      vertex 81 82 0
      vertex 0 82 10
      vertex 81 82 10
    endloop
  endfacet
  facet normal 0 1 0
    outer loop
      vertex 0 82 10
      vertex 81 82 0
      vertex 0 82 0
    endloop
  endfacet
  facet normal 0 -1 0
    outer loop
      vertex 0 80 0
      vertex 81 80 10
      vertex 0 80 10
    endloop
  endfacet
  facet normal 0 -1 -0
    outer loop
      vertex 81 80 10
      vertex 0 80 0
      vertex 81 80 0
    endloop
  endfacet
  facet normal 1 -0 0
    outer loop
      vertex 28 55 10
      vertex 28 67.5 0
      vertex 28 67.5 10
    endloop
  endfacet
  facet normal 1 0 0
    outer loop
      vertex 28 67.5 0
      vertex 28 55 10
      vertex 28 55 0
    endloop
  endfacet
  facet normal 1 -0 0
    outer loop
      vertex 28 13.5 10
      vertex 28 26 0
      vertex 28 26 10
    endloop
  endfacet
  facet normal 1 0 0
    outer loop
      vertex 28 26 0
      vertex 28 13.5 10
      vertex 28 13.5 0
    endloop
  endfacet
  facet normal 1 -0 0
    outer loop
      vertex 28 28 10
      vertex 28 53 0
      vertex 28 53 10
    endloop
  endfacet
  facet normal 1 0 0
    outer loop
      vertex 28 53 0
      vertex 28 28 10
      vertex 28 28 0
    endloop
  endfacet
  facet normal -1 0 0
    outer loop
      vertex 26 55 0
      vertex 26 67.5 10
      vertex 26 67.5 0
    endloop
  endfacet
  facet normal -1 -0 0
    outer loop
      vertex 26 67.5 10
      vertex 26 55 0
      vertex 26 55 10
    endloop
  endfacet
  facet normal -1 0 0
    outer loop
      vertex 26 13.5 0
      vertex 26 26 10
      vertex 26 26 0
    endloop
  endfacet
  facet normal -1 -0 0
    outer loop
      vertex 26 26 10
      vertex 26 13.5 0
      vertex 26 13.5 10
    endloop
  endfacet
  facet normal -1 0 0
    outer loop
      vertex 26 28 0
      vertex 26 53 10
      vertex 26 53 0
    endloop
  endfacet
  facet normal -1 -0 0
    outer loop
      vertex 26 53 10
      vertex 26 28 0
      vertex 26 28 10
    endloop
  endfacet
  facet normal 0 1 -0
    outer loop
      vertex 28 67.5 0
      vertex 26 67.5 10
      vertex 28 67.5 10
    endloop
  endfacet
  facet normal 0 1 0
    outer loop
      vertex 26 67.5 10
      vertex 28 67.5 0
      vertex 26 67.5 0
    endloop
  endfacet
  facet normal 0 -1 0
    outer loop
      vertex 26 13.5 0
      vertex 28 13.5 10
      vertex 26 13.5 10
    endloop
  endfacet
  facet normal 0 -1 -0
    outer loop
      vertex 28 13.5 10
      vertex 26 13.5 0
      vertex 28 13.5 0
    endloop
  endfacet
  facet normal 1 -0 0
    outer loop
      vertex 55 55 10
      vertex 55 67.5 0
      vertex 55 67.5 10
    endloop
  endfacet
  facet normal 1 0 0
    outer loop
      vertex 55 67.5 0
      vertex 55 55 10
      vertex 55 55 0
    endloop
  endfacet
  facet normal 1 -0 0
    outer loop
      vertex 55 13.5 10
      vertex 55 26 0
      vertex 55 26 10
    endloop
  endfacet
  facet normal 1 0 0
    outer loop
      vertex 55 26 0
      vertex 55 13.5 10
      vertex 55 13.5 0
    endloop
  endfacet
  facet normal 1 -0 0
    outer loop
      vertex 55 28 10
      vertex 55 53 0
      vertex 55 53 10
    endloop
  endfacet
  facet normal 1 0 0
    outer loop
      vertex 55 53 0
      vertex 55 28 10
      vertex 55 28 0
    endloop
  endfacet
  facet normal -1 0 0
    outer loop
      vertex 53 55 0
      vertex 53 67.5 10
      vertex 53 67.5 0
    endloop
  endfacet
  facet normal -1 -0 0
    outer loop
      vertex 53 67.5 10
      vertex 53 55 0
      vertex 53 55 10
    endloop
  endfacet
  facet normal -1 0 0
    outer loop
      vertex 53 13.5 0
      vertex 53 26 10
      vertex 53 26 0
    endloop
  endfacet
  facet normal -1 -0 0
    outer loop
      vertex 53 26 10
      vertex 53 13.5 0
      vertex 53 13.5 10
    endloop
  endfacet
  facet normal -1 0 0
    outer loop
      vertex 53 28 0
      vertex 53 53 10
      vertex 53 53 0
    endloop
  endfacet
  facet normal -1 -0 0
    outer loop
      vertex 53 53 10
      vertex 53 28 0
      vertex 53 28 10
    endloop
  endfacet
  facet normal 0 1 -0
    outer loop
      vertex 55 67.5 0
      vertex 53 67.5 10
      vertex 55 67.5 10
    endloop
  endfacet
  facet normal 0 1 0
    outer loop
      vertex 53 67.5 10
      vertex 55 67.5 0
      vertex 53 67.5 0
    endloop
  endfacet
  facet normal 0 -1 0
    outer loop
      vertex 53 13.5 0
      vertex 55 13.5 10
      vertex 53 13.5 10
    endloop
  endfacet
  facet normal 0 -1 -0
    outer loop
      vertex 55 13.5 10
      vertex 53 13.5 0
      vertex 55 13.5 0
    endloop
  endfacet
  facet normal 0.765182 -0.643813 0
    outer loop
      vertex 78.8905 -6.11586 10
      vertex 79.6916 -5.16374 0
      vertex 79.6916 -5.16374 10
    endloop
  endfacet
  facet normal 0.765182 -0.643813 0
    outer loop
      vertex 79.6916 -5.16374 0
      vertex 78.8905 -6.11586 10
      vertex 78.8905 -6.11586 0
    endloop
  endfacet
  facet normal 0.993902 0.110264 0
    outer loop
      vertex 90.9559 31.9695 10
      vertex 90.8187 33.2062 0
      vertex 90.8187 33.2062 10
    endloop
  endfacet
  facet normal 0.993902 0.110264 0
    outer loop
      vertex 90.8187 33.2062 0
      vertex 90.9559 31.9695 10
      vertex 90.9559 31.9695 0
    endloop
  endfacet
  facet normal 0.503546 0.863968 -0
    outer loop
      vertex 66.565 70.4868 0
      vertex 65.4899 71.1134 10
      vertex 66.565 70.4868 10
    endloop
  endfacet
  facet normal 0.503546 0.863968 0
    outer loop
      vertex 65.4899 71.1134 10
      vertex 66.565 70.4868 0
      vertex 65.4899 71.1134 0
    endloop
  endfacet
  facet normal -0.18307 0.9831 0
    outer loop
      vertex 31.8322 76.9536 0
      vertex 30.6089 76.7258 10
      vertex 31.8322 76.9536 10
    endloop
  endfacet
  facet normal -0.18307 0.9831 0
    outer loop
      vertex 30.6089 76.7258 10
      vertex 31.8322 76.9536 0
      vertex 30.6089 76.7258 0
    endloop
  endfacet
  facet normal 0.134611 0.990899 -0
    outer loop
      vertex 47.9392 77.1512 0
      vertex 46.7062 77.3187 10
      vertex 47.9392 77.1512 10
    endloop
  endfacet
  facet normal 0.134611 0.990899 0
    outer loop
      vertex 46.7062 77.3187 10
      vertex 47.9392 77.1512 0
      vertex 46.7062 77.3187 0
    endloop
  endfacet
  facet normal 0.919101 -0.394022 0
    outer loop
      vertex 86.8504 6.45427 10
      vertex 87.3407 7.59795 0
      vertex 87.3407 7.59795 10
    endloop
  endfacet
  facet normal 0.919101 -0.394022 0
    outer loop
      vertex 87.3407 7.59795 0
      vertex 86.8504 6.45427 10
      vertex 86.8504 6.45427 0
    endloop
  endfacet
  facet normal 0.110264 0.993902 -0
    outer loop
      vertex 46.7062 77.3187 0
      vertex 45.4695 77.4559 10
      vertex 46.7062 77.3187 10
    endloop
  endfacet
  facet normal 0.110264 0.993902 0
    outer loop
      vertex 45.4695 77.4559 10
      vertex 46.7062 77.3187 0
      vertex 45.4695 77.4559 0
    endloop
  endfacet
  facet normal -0.6055 0.795846 0
    outer loop
      vertex 10.298 67.7226 0
      vertex 9.30776 66.9692 10
      vertex 10.298 67.7226 10
    endloop
  endfacet
  facet normal -0.6055 0.795846 0
    outer loop
      vertex 9.30776 66.9692 10
      vertex 10.298 67.7226 0
      vertex 9.30776 66.9692 0
    endloop
  endfacet
  facet normal -0.765167 -0.643832 0
    outer loop
      vertex 2.10951 -6.11586 0
      vertex 1.30837 -5.16374 10
      vertex 1.30837 -5.16374 0
    endloop
  endfacet
  facet normal -0.765167 -0.643832 0
    outer loop
      vertex 1.30837 -5.16374 10
      vertex 2.10951 -6.11586 0
      vertex 2.10951 -6.11586 10
    endloop
  endfacet
  facet normal 0.394045 -0.919091 0
    outer loop
      vertex 59.9021 -19.8407 0
      vertex 61.0457 -19.3504 10
      vertex 59.9021 -19.8407 10
    endloop
  endfacet
  facet normal 0.394045 -0.919091 0
    outer loop
      vertex 61.0457 -19.3504 10
      vertex 59.9021 -19.8407 0
      vertex 61.0457 -19.3504 0
    endloop
  endfacet
  facet normal 0.851385 0.524541 0
    outer loop
      vertex 83.9868 53.065 10
      vertex 83.3341 54.1244 0
      vertex 83.3341 54.1244 10
    endloop
  endfacet
  facet normal 0.851385 0.524541 0
    outer loop
      vertex 83.3341 54.1244 0
      vertex 83.9868 53.065 10
      vertex 83.9868 53.065 0
    endloop
  endfacet
  facet normal -0.207108 0.978318 0
    outer loop
      vertex 30.6089 76.7258 0
      vertex 29.3916 76.4681 10
      vertex 30.6089 76.7258 10
    endloop
  endfacet
  facet normal -0.207108 0.978318 0
    outer loop
      vertex 29.3916 76.4681 10
      vertex 30.6089 76.7258 0
      vertex 29.3916 76.4681 0
    endloop
  endfacet
  facet normal 0.838205 0.545356 0
    outer loop
      vertex 83.3341 54.1244 10
      vertex 82.6555 55.1674 0
      vertex 82.6555 55.1674 10
    endloop
  endfacet
  facet normal 0.838205 0.545356 0
    outer loop
      vertex 82.6555 55.1674 0
      vertex 83.3341 54.1244 10
      vertex 83.3341 54.1244 0
    endloop
  endfacet
  facet normal -0.0122961 0.999924 0
    outer loop
      vertex 40.5 77.7 0
      vertex 39.2558 77.6847 10
      vertex 40.5 77.7 10
    endloop
  endfacet
  facet normal -0.0122961 0.999924 0
    outer loop
      vertex 39.2558 77.6847 10
      vertex 40.5 77.7 0
      vertex 39.2558 77.6847 0
    endloop
  endfacet
  facet normal 0.90919 0.416381 0
    outer loop
      vertex 86.8504 47.5457 10
      vertex 86.3323 48.677 0
      vertex 86.3323 48.677 10
    endloop
  endfacet
  facet normal 0.90919 0.416381 0
    outer loop
      vertex 86.3323 48.677 0
      vertex 86.8504 47.5457 10
      vertex 86.8504 47.5457 0
    endloop
  endfacet
  facet normal 0.937326 -0.348453 0
    outer loop
      vertex 87.8027 8.75332 10
      vertex 88.2363 9.91969 0
      vertex 88.2363 9.91969 10
    endloop
  endfacet
  facet normal 0.937326 -0.348453 0
    outer loop
      vertex 88.2363 9.91969 0
      vertex 87.8027 8.75332 10
      vertex 87.8027 8.75332 0
    endloop
  endfacet
  facet normal -0.953313 -0.301985 0
    outer loop
      vertex -7.64108 11.0963 0
      vertex -8.01687 12.2826 10
      vertex -8.01687 12.2826 0
    endloop
  endfacet
  facet normal -0.953313 -0.301985 0
    outer loop
      vertex -8.01687 12.2826 10
      vertex -7.64108 11.0963 0
      vertex -7.64108 11.0963 10
    endloop
  endfacet
  facet normal -0.482193 -0.876065 0
    outer loop
      vertex 15.5101 -17.1134 0
      vertex 16.6002 -17.7134 10
      vertex 15.5101 -17.1134 10
    endloop
  endfacet
  facet normal -0.482193 -0.876065 -0
    outer loop
      vertex 16.6002 -17.7134 10
      vertex 15.5101 -17.1134 0
      vertex 16.6002 -17.7134 0
    endloop
  endfacet
  facet normal 0.394045 0.919091 -0
    outer loop
      vertex 61.0457 73.3504 0
      vertex 59.9021 73.8407 10
      vertex 61.0457 73.3504 10
    endloop
  endfacet
  facet normal 0.394045 0.919091 0
    outer loop
      vertex 59.9021 73.8407 10
      vertex 61.0457 73.3504 0
      vertex 59.9021 73.8407 0
    endloop
  endfacet
  facet normal 0.565686 0.824621 -0
    outer loop
      vertex 69.6935 68.4516 0
      vertex 68.6674 69.1555 10
      vertex 69.6935 68.4516 10
    endloop
  endfacet
  facet normal 0.565686 0.824621 0
    outer loop
      vertex 68.6674 69.1555 10
      vertex 69.6935 68.4516 0
      vertex 68.6674 69.1555 0
    endloop
  endfacet
  facet normal -0.851353 -0.524593 0
    outer loop
      vertex -2.33407 -0.124379 0
      vertex -2.98684 0.934991 10
      vertex -2.98684 0.934991 0
    endloop
  endfacet
  facet normal -0.851353 -0.524593 0
    outer loop
      vertex -2.98684 0.934991 10
      vertex -2.33407 -0.124379 0
      vertex -2.33407 -0.124379 10
    endloop
  endfacet
  facet normal -0.416381 -0.90919 0
    outer loop
      vertex 18.823 -18.8323 0
      vertex 19.9543 -19.3504 10
      vertex 18.823 -18.8323 10
    endloop
  endfacet
  facet normal -0.416381 -0.90919 -0
    outer loop
      vertex 19.9543 -19.3504 10
      vertex 18.823 -18.8323 0
      vertex 19.9543 -19.3504 0
    endloop
  endfacet
  facet normal -0.662429 -0.749124 0
    outer loop
      vertex 6.45196 -10.5662 0
      vertex 7.38414 -11.3905 10
      vertex 6.45196 -10.5662 10
    endloop
  endfacet
  facet normal -0.662429 -0.749124 -0
    outer loop
      vertex 7.38414 -11.3905 10
      vertex 6.45196 -10.5662 0
      vertex 7.38414 -11.3905 0
    endloop
  endfacet
  facet normal -0.231041 -0.972944 0
    outer loop
      vertex 28.1809 -22.1806 0
      vertex 29.3916 -22.4681 10
      vertex 28.1809 -22.1806 10
    endloop
  endfacet
  facet normal -0.231041 -0.972944 -0
    outer loop
      vertex 29.3916 -22.4681 10
      vertex 28.1809 -22.1806 0
      vertex 29.3916 -22.4681 0
    endloop
  endfacet
  facet normal 0.972944 0.231041 0
    outer loop
      vertex 89.9681 38.1084 10
      vertex 89.6806 39.3191 0
      vertex 89.6806 39.3191 10
    endloop
  endfacet
  facet normal 0.972944 0.231041 0
    outer loop
      vertex 89.6806 39.3191 0
      vertex 89.9681 38.1084 10
      vertex 89.9681 38.1084 0
    endloop
  endfacet
  facet normal 0.795834 0.605515 0
    outer loop
      vertex 81.2226 57.202 10
      vertex 80.4692 58.1922 0
      vertex 80.4692 58.1922 10
    endloop
  endfacet
  facet normal 0.795834 0.605515 0
    outer loop
      vertex 80.4692 58.1922 0
      vertex 81.2226 57.202 10
      vertex 81.2226 57.202 0
    endloop
  endfacet
  facet normal 0.715733 0.698374 0
    outer loop
      vertex 77.2193 61.9597 10
      vertex 76.3503 62.8503 0
      vertex 76.3503 62.8503 10
    endloop
  endfacet
  facet normal 0.715733 0.698374 0
    outer loop
      vertex 76.3503 62.8503 0
      vertex 77.2193 61.9597 10
      vertex 77.2193 61.9597 0
    endloop
  endfacet
  facet normal -0.999322 0.0368066 0
    outer loop
      vertex -10.1847 28.2442 0
      vertex -10.1389 29.4877 10
      vertex -10.1389 29.4877 0
    endloop
  endfacet
  facet normal -0.999322 0.0368066 0
    outer loop
      vertex -10.1389 29.4877 10
      vertex -10.1847 28.2442 0
      vertex -10.1847 28.2442 10
    endloop
  endfacet
  facet normal 0.996317 0.0857453 0
    outer loop
      vertex 91.0626 30.7297 10
      vertex 90.9559 31.9695 0
      vertex 90.9559 31.9695 10
    endloop
  endfacet
  facet normal 0.996317 0.0857453 0
    outer loop
      vertex 90.9559 31.9695 0
      vertex 91.0626 30.7297 10
      vertex 91.0626 30.7297 0
    endloop
  endfacet
  facet normal -0.887637 0.460543 0
    outer loop
      vertex -4.78647 49.7953 0
      vertex -4.21341 50.8998 10
      vertex -4.21341 50.8998 0
    endloop
  endfacet
  facet normal -0.887637 0.460543 0
    outer loop
      vertex -4.21341 50.8998 10
      vertex -4.78647 49.7953 0
      vertex -4.78647 49.7953 10
    endloop
  endfacet
  facet normal -0.999924 0.0122961 0
    outer loop
      vertex -10.2 27 0
      vertex -10.1847 28.2442 10
      vertex -10.1847 28.2442 0
    endloop
  endfacet
  facet normal -0.999924 0.0122961 0
    outer loop
      vertex -10.1847 28.2442 10
      vertex -10.2 27 0
      vertex -10.2 27 10
    endloop
  endfacet
  facet normal -0.254921 -0.966962 0
    outer loop
      vertex 26.9777 -21.8634 0
      vertex 28.1809 -22.1806 10
      vertex 26.9777 -21.8634 10
    endloop
  endfacet
  facet normal -0.254921 -0.966962 -0
    outer loop
      vertex 28.1809 -22.1806 10
      vertex 26.9777 -21.8634 0
      vertex 28.1809 -22.1806 0
    endloop
  endfacet
  facet normal -0.983104 0.183047 0
    outer loop
      vertex -9.45358 35.6678 0
      vertex -9.22581 36.8911 10
      vertex -9.22581 36.8911 0
    endloop
  endfacet
  facet normal -0.983104 0.183047 0
    outer loop
      vertex -9.22581 36.8911 10
      vertex -9.45358 35.6678 0
      vertex -9.45358 35.6678 10
    endloop
  endfacet
  facet normal -0.909169 0.416427 0
    outer loop
      vertex -5.85043 47.5457 0
      vertex -5.33226 48.677 10
      vertex -5.33226 48.677 0
    endloop
  endfacet
  facet normal -0.909169 0.416427 0
    outer loop
      vertex -5.33226 48.677 10
      vertex -5.85043 47.5457 0
      vertex -5.85043 47.5457 10
    endloop
  endfacet
  facet normal -0.928507 -0.371316 0
    outer loop
      vertex -6.34069 7.59795 0
      vertex -6.80273 8.75332 10
      vertex -6.80273 8.75332 0
    endloop
  endfacet
  facet normal -0.928507 -0.371316 0
    outer loop
      vertex -6.80273 8.75332 10
      vertex -6.34069 7.59795 0
      vertex -6.34069 7.59795 10
    endloop
  endfacet
  facet normal -0.325327 0.945602 0
    outer loop
      vertex 24.5963 75.1411 0
      vertex 23.4197 74.7363 10
      vertex 24.5963 75.1411 10
    endloop
  endfacet
  facet normal -0.325327 0.945602 0
    outer loop
      vertex 23.4197 74.7363 10
      vertex 24.5963 75.1411 0
      vertex 23.4197 74.7363 0
    endloop
  endfacet
  facet normal 0.999322 -0.0368066 0
    outer loop
      vertex 91.1389 24.5123 10
      vertex 91.1847 25.7558 0
      vertex 91.1847 25.7558 10
    endloop
  endfacet
  facet normal 0.999322 -0.0368066 0
    outer loop
      vertex 91.1847 25.7558 0
      vertex 91.1389 24.5123 10
      vertex 91.1389 24.5123 0
    endloop
  endfacet
  facet normal 0.605515 0.795834 -0
    outer loop
      vertex 71.6922 66.9692 0
      vertex 70.702 67.7226 10
      vertex 71.6922 66.9692 10
    endloop
  endfacet
  facet normal 0.605515 0.795834 0
    outer loop
      vertex 70.702 67.7226 10
      vertex 71.6922 66.9692 0
      vertex 70.702 67.7226 0
    endloop
  endfacet
  facet normal 0.482193 0.876065 -0
    outer loop
      vertex 65.4899 71.1134 0
      vertex 64.3998 71.7134 10
      vertex 65.4899 71.1134 10
    endloop
  endfacet
  facet normal 0.482193 0.876065 0
    outer loop
      vertex 64.3998 71.7134 10
      vertex 65.4899 71.1134 0
      vertex 64.3998 71.7134 0
    endloop
  endfacet
  facet normal -0.110264 0.993902 0
    outer loop
      vertex 35.5305 77.4559 0
      vertex 34.2938 77.3187 10
      vertex 35.5305 77.4559 10
    endloop
  endfacet
  facet normal -0.110264 0.993902 0
    outer loop
      vertex 34.2938 77.3187 10
      vertex 35.5305 77.4559 0
      vertex 34.2938 77.3187 0
    endloop
  endfacet
  facet normal 0.749124 -0.662429 0
    outer loop
      vertex 78.0662 -7.04804 10
      vertex 78.8905 -6.11586 0
      vertex 78.8905 -6.11586 10
    endloop
  endfacet
  facet normal 0.749124 -0.662429 0
    outer loop
      vertex 78.8905 -6.11586 0
      vertex 78.0662 -7.04804 10
      vertex 78.0662 -7.04804 0
    endloop
  endfacet
  facet normal 0.43861 0.898677 -0
    outer loop
      vertex 63.2953 72.2865 0
      vertex 62.177 72.8323 10
      vertex 63.2953 72.2865 10
    endloop
  endfacet
  facet normal 0.43861 0.898677 0
    outer loop
      vertex 62.177 72.8323 10
      vertex 63.2953 72.2865 0
      vertex 62.177 72.8323 0
    endloop
  endfacet
  facet normal 0.43861 -0.898677 0
    outer loop
      vertex 62.177 -18.8323 0
      vertex 63.2953 -18.2865 10
      vertex 62.177 -18.8323 10
    endloop
  endfacet
  facet normal 0.43861 -0.898677 0
    outer loop
      vertex 63.2953 -18.2865 10
      vertex 62.177 -18.8323 0
      vertex 63.2953 -18.2865 0
    endloop
  endfacet
  facet normal 0.966962 -0.254921 0
    outer loop
      vertex 89.3634 13.4777 10
      vertex 89.6806 14.6809 0
      vertex 89.6806 14.6809 10
    endloop
  endfacet
  facet normal 0.966962 -0.254921 0
    outer loop
      vertex 89.6806 14.6809 0
      vertex 89.3634 13.4777 10
      vertex 89.3634 13.4777 0
    endloop
  endfacet
  facet normal -0.158793 -0.987312 0
    outer loop
      vertex 31.8322 -22.9536 0
      vertex 33.0608 -23.1512 10
      vertex 31.8322 -22.9536 10
    endloop
  endfacet
  facet normal -0.158793 -0.987312 -0
    outer loop
      vertex 33.0608 -23.1512 10
      vertex 31.8322 -22.9536 0
      vertex 33.0608 -23.1512 0
    endloop
  endfacet
  facet normal 0.998118 -0.0613176 0
    outer loop
      vertex 91.0626 23.2703 10
      vertex 91.1389 24.5123 0
      vertex 91.1389 24.5123 10
    endloop
  endfacet
  facet normal 0.998118 -0.0613176 0
    outer loop
      vertex 91.1389 24.5123 0
      vertex 91.0626 23.2703 10
      vertex 91.0626 23.2703 0
    endloop
  endfacet
  facet normal -0.85136 0.524582 0
    outer loop
      vertex -2.98684 53.065 0
      vertex -2.33407 54.1244 10
      vertex -2.33407 54.1244 0
    endloop
  endfacet
  facet normal -0.85136 0.524582 0
    outer loop
      vertex -2.33407 54.1244 10
      vertex -2.98684 53.065 0
      vertex -2.98684 53.065 10
    endloop
  endfacet
  facet normal -0.278466 0.960446 0
    outer loop
      vertex 26.9777 75.8634 0
      vertex 25.7826 75.5169 10
      vertex 26.9777 75.8634 10
    endloop
  endfacet
  facet normal -0.278466 0.960446 0
    outer loop
      vertex 25.7826 75.5169 10
      vertex 26.9777 75.8634 0
      vertex 25.7826 75.5169 0
    endloop
  endfacet
  facet normal 0.0857453 0.996317 -0
    outer loop
      vertex 45.4695 77.4559 0
      vertex 44.2297 77.5626 10
      vertex 45.4695 77.4559 10
    endloop
  endfacet
  facet normal 0.0857453 0.996317 0
    outer loop
      vertex 44.2297 77.5626 10
      vertex 45.4695 77.4559 0
      vertex 44.2297 77.5626 0
    endloop
  endfacet
  facet normal 0.876065 0.482193 0
    outer loop
      vertex 85.2134 50.8998 10
      vertex 84.6134 51.9899 0
      vertex 84.6134 51.9899 10
    endloop
  endfacet
  facet normal 0.876065 0.482193 0
    outer loop
      vertex 84.6134 51.9899 0
      vertex 85.2134 50.8998 10
      vertex 85.2134 50.8998 0
    endloop
  endfacet
  facet normal 0.999924 0.0122961 0
    outer loop
      vertex 91.2 27 10
      vertex 91.1847 28.2442 0
      vertex 91.1847 28.2442 10
    endloop
  endfacet
  facet normal 0.999924 0.0122961 0
    outer loop
      vertex 91.1847 28.2442 0
      vertex 91.2 27 10
      vertex 91.2 27 0
    endloop
  endfacet
  facet normal 0.231041 -0.972944 0
    outer loop
      vertex 51.6084 -22.4681 0
      vertex 52.8191 -22.1806 10
      vertex 51.6084 -22.4681 10
    endloop
  endfacet
  facet normal 0.231041 -0.972944 0
    outer loop
      vertex 52.8191 -22.1806 10
      vertex 51.6084 -22.4681 0
      vertex 52.8191 -22.1806 0
    endloop
  endfacet
  facet normal -0.158793 0.987312 0
    outer loop
      vertex 33.0608 77.1512 0
      vertex 31.8322 76.9536 10
      vertex 33.0608 77.1512 10
    endloop
  endfacet
  facet normal -0.158793 0.987312 0
    outer loop
      vertex 31.8322 76.9536 10
      vertex 33.0608 77.1512 0
      vertex 31.8322 76.9536 0
    endloop
  endfacet
  facet normal 0.37128 -0.928521 0
    outer loop
      vertex 58.7467 -20.3027 0
      vertex 59.9021 -19.8407 10
      vertex 58.7467 -20.3027 10
    endloop
  endfacet
  facet normal 0.37128 -0.928521 0
    outer loop
      vertex 59.9021 -19.8407 10
      vertex 58.7467 -20.3027 0
      vertex 59.9021 -19.8407 0
    endloop
  endfacet
  facet normal 0.987312 -0.158793 0
    outer loop
      vertex 90.4536 18.3322 10
      vertex 90.6512 19.5608 0
      vertex 90.6512 19.5608 10
    endloop
  endfacet
  facet normal 0.987312 -0.158793 0
    outer loop
      vertex 90.6512 19.5608 0
      vertex 90.4536 18.3322 10
      vertex 90.4536 18.3322 0
    endloop
  endfacet
  facet normal -0.960429 -0.278525 0
    outer loop
      vertex -8.01687 12.2826 0
      vertex -8.36345 13.4777 10
      vertex -8.36345 13.4777 0
    endloop
  endfacet
  facet normal -0.960429 -0.278525 0
    outer loop
      vertex -8.36345 13.4777 10
      vertex -8.01687 12.2826 0
      vertex -8.01687 12.2826 10
    endloop
  endfacet
  facet normal 0.898677 0.43861 0
    outer loop
      vertex 86.3323 48.677 10
      vertex 85.7865 49.7953 0
      vertex 85.7865 49.7953 10
    endloop
  endfacet
  facet normal 0.898677 0.43861 0
    outer loop
      vertex 85.7865 49.7953 0
      vertex 86.3323 48.677 10
      vertex 86.3323 48.677 0
    endloop
  endfacet
  facet normal 0.999322 0.0368066 0
    outer loop
      vertex 91.1847 28.2442 10
      vertex 91.1389 29.4877 0
      vertex 91.1389 29.4877 10
    endloop
  endfacet
  facet normal 0.999322 0.0368066 0
    outer loop
      vertex 91.1389 29.4877 0
      vertex 91.1847 28.2442 10
      vertex 91.1847 28.2442 0
    endloop
  endfacet
  facet normal -0.680589 -0.732666 0
    outer loop
      vertex 5.54029 -9.71933 0
      vertex 6.45196 -10.5662 10
      vertex 5.54029 -9.71933 10
    endloop
  endfacet
  facet normal -0.680589 -0.732666 -0
    outer loop
      vertex 6.45196 -10.5662 10
      vertex 5.54029 -9.71933 0
      vertex 6.45196 -10.5662 0
    endloop
  endfacet
  facet normal 0.998118 0.0613176 0
    outer loop
      vertex 91.1389 29.4877 10
      vertex 91.0626 30.7297 0
      vertex 91.0626 30.7297 10
    endloop
  endfacet
  facet normal 0.998118 0.0613176 0
    outer loop
      vertex 91.0626 30.7297 0
      vertex 91.1389 29.4877 10
      vertex 91.1389 29.4877 0
    endloop
  endfacet
  facet normal 0.0368066 -0.999322 0
    outer loop
      vertex 41.7442 -23.6847 0
      vertex 42.9877 -23.6389 10
      vertex 41.7442 -23.6847 10
    endloop
  endfacet
  facet normal 0.0368066 -0.999322 0
    outer loop
      vertex 42.9877 -23.6389 10
      vertex 41.7442 -23.6847 0
      vertex 42.9877 -23.6389 0
    endloop
  endfacet
  facet normal 0.158793 -0.987312 0
    outer loop
      vertex 47.9392 -23.1512 0
      vertex 49.1678 -22.9536 10
      vertex 47.9392 -23.1512 10
    endloop
  endfacet
  facet normal 0.158793 -0.987312 0
    outer loop
      vertex 49.1678 -22.9536 10
      vertex 47.9392 -23.1512 0
      vertex 49.1678 -22.9536 0
    endloop
  endfacet
  facet normal -0.795838 -0.60551 0
    outer loop
      vertex 0.530837 -4.19224 0
      vertex -0.222621 -3.20195 10
      vertex -0.222621 -3.20195 0
    endloop
  endfacet
  facet normal -0.795838 -0.60551 0
    outer loop
      vertex -0.222621 -3.20195 10
      vertex 0.530837 -4.19224 0
      vertex 0.530837 -4.19224 10
    endloop
  endfacet
  facet normal 0.9831 0.18307 0
    outer loop
      vertex 90.4536 35.6678 10
      vertex 90.2258 36.8911 0
      vertex 90.2258 36.8911 10
    endloop
  endfacet
  facet normal 0.9831 0.18307 0
    outer loop
      vertex 90.2258 36.8911 0
      vertex 90.4536 35.6678 10
      vertex 90.4536 35.6678 0
    endloop
  endfacet
  facet normal -0.937342 0.348409 0
    outer loop
      vertex -7.23628 44.0803 0
      vertex -6.80273 45.2467 10
      vertex -6.80273 45.2467 0
    endloop
  endfacet
  facet normal -0.937342 0.348409 0
    outer loop
      vertex -6.80273 45.2467 10
      vertex -7.23628 44.0803 0
      vertex -7.23628 44.0803 10
    endloop
  endfacet
  facet normal 0.0122961 -0.999924 0
    outer loop
      vertex 40.5 -23.7 0
      vertex 41.7442 -23.6847 10
      vertex 40.5 -23.7 10
    endloop
  endfacet
  facet normal 0.0122961 -0.999924 0
    outer loop
      vertex 41.7442 -23.6847 10
      vertex 40.5 -23.7 0
      vertex 41.7442 -23.6847 0
    endloop
  endfacet
  facet normal 0.662461 0.749096 -0
    outer loop
      vertex 74.548 64.5662 0
      vertex 73.6159 65.3905 10
      vertex 74.548 64.5662 10
    endloop
  endfacet
  facet normal 0.662461 0.749096 0
    outer loop
      vertex 73.6159 65.3905 10
      vertex 74.548 64.5662 0
      vertex 73.6159 65.3905 0
    endloop
  endfacet
  facet normal 0.996317 -0.0857453 0
    outer loop
      vertex 90.9559 22.0305 10
      vertex 91.0626 23.2703 0
      vertex 91.0626 23.2703 10
    endloop
  endfacet
  facet normal 0.996317 -0.0857453 0
    outer loop
      vertex 91.0626 23.2703 0
      vertex 90.9559 22.0305 10
      vertex 90.9559 22.0305 0
    endloop
  endfacet
  facet normal 0.990899 0.134611 0
    outer loop
      vertex 90.8187 33.2062 10
      vertex 90.6512 34.4392 0
      vertex 90.6512 34.4392 10
    endloop
  endfacet
  facet normal 0.990899 0.134611 0
    outer loop
      vertex 90.6512 34.4392 0
      vertex 90.8187 33.2062 10
      vertex 90.8187 33.2062 0
    endloop
  endfacet
  facet normal 0.999924 -0.0122961 0
    outer loop
      vertex 91.1847 25.7558 10
      vertex 91.2 27 0
      vertex 91.2 27 10
    endloop
  endfacet
  facet normal 0.999924 -0.0122961 0
    outer loop
      vertex 91.2 27 0
      vertex 91.1847 25.7558 10
      vertex 91.1847 25.7558 0
    endloop
  endfacet
  facet normal 0.624891 -0.780712 0
    outer loop
      vertex 71.6922 -12.9692 0
      vertex 72.6637 -12.1916 10
      vertex 71.6922 -12.9692 10
    endloop
  endfacet
  facet normal 0.624891 -0.780712 0
    outer loop
      vertex 72.6637 -12.1916 10
      vertex 71.6922 -12.9692 0
      vertex 72.6637 -12.1916 0
    endloop
  endfacet
  facet normal 0.348445 0.937329 -0
    outer loop
      vertex 58.7467 74.3027 0
      vertex 57.5803 74.7363 10
      vertex 58.7467 74.3027 10
    endloop
  endfacet
  facet normal 0.348445 0.937329 0
    outer loop
      vertex 57.5803 74.7363 10
      vertex 58.7467 74.3027 0
      vertex 57.5803 74.7363 0
    endloop
  endfacet
  facet normal -0.978316 -0.207116 0
    outer loop
      vertex -8.9681 15.8916 0
      vertex -9.22581 17.1089 10
      vertex -9.22581 17.1089 0
    endloop
  endfacet
  facet normal -0.978316 -0.207116 0
    outer loop
      vertex -9.22581 17.1089 10
      vertex -8.9681 15.8916 0
      vertex -8.9681 15.8916 10
    endloop
  endfacet
  facet normal -0.624891 0.780712 0
    outer loop
      vertex 9.30776 66.9692 0
      vertex 8.33626 66.1916 10
      vertex 9.30776 66.9692 10
    endloop
  endfacet
  facet normal -0.624891 0.780712 0
    outer loop
      vertex 8.33626 66.1916 10
      vertex 9.30776 66.9692 0
      vertex 8.33626 66.1916 0
    endloop
  endfacet
  facet normal 0.978318 -0.207108 0
    outer loop
      vertex 89.9681 15.8916 10
      vertex 90.2258 17.1089 0
      vertex 90.2258 17.1089 10
    endloop
  endfacet
  facet normal 0.978318 -0.207108 0
    outer loop
      vertex 90.2258 17.1089 0
      vertex 89.9681 15.8916 10
      vertex 89.9681 15.8916 0
    endloop
  endfacet
  facet normal -0.998118 -0.0613176 0
    outer loop
      vertex -10.0626 23.2703 0
      vertex -10.1389 24.5123 10
      vertex -10.1389 24.5123 0
    endloop
  endfacet
  facet normal -0.998118 -0.0613176 0
    outer loop
      vertex -10.1389 24.5123 10
      vertex -10.0626 23.2703 0
      vertex -10.0626 23.2703 10
    endloop
  endfacet
  facet normal -0.43861 -0.898677 0
    outer loop
      vertex 17.7047 -18.2865 0
      vertex 18.823 -18.8323 10
      vertex 17.7047 -18.2865 10
    endloop
  endfacet
  facet normal -0.43861 -0.898677 -0
    outer loop
      vertex 18.823 -18.8323 10
      vertex 17.7047 -18.2865 0
      vertex 18.823 -18.8323 0
    endloop
  endfacet
  facet normal 0.945602 0.325327 0
    outer loop
      vertex 88.6411 42.9037 10
      vertex 88.2363 44.0803 0
      vertex 88.2363 44.0803 10
    endloop
  endfacet
  facet normal 0.945602 0.325327 0
    outer loop
      vertex 88.2363 44.0803 0
      vertex 88.6411 42.9037 10
      vertex 88.6411 42.9037 0
    endloop
  endfacet
  facet normal 0.945602 -0.325324 0
    outer loop
      vertex 88.2363 9.91969 10
      vertex 88.6411 11.0963 0
      vertex 88.6411 11.0963 10
    endloop
  endfacet
  facet normal 0.945602 -0.325324 0
    outer loop
      vertex 88.6411 11.0963 0
      vertex 88.2363 9.91969 10
      vertex 88.2363 9.91969 0
    endloop
  endfacet
  facet normal -0.960429 0.278525 0
    outer loop
      vertex -8.36345 40.5223 0
      vertex -8.01687 41.7174 10
      vertex -8.01687 41.7174 0
    endloop
  endfacet
  facet normal -0.960429 0.278525 0
    outer loop
      vertex -8.01687 41.7174 10
      vertex -8.36345 40.5223 0
      vertex -8.36345 40.5223 10
    endloop
  endfacet
  facet normal -0.503546 0.863968 0
    outer loop
      vertex 15.5101 71.1134 0
      vertex 14.435 70.4868 10
      vertex 15.5101 71.1134 10
    endloop
  endfacet
  facet normal -0.503546 0.863968 0
    outer loop
      vertex 14.435 70.4868 10
      vertex 15.5101 71.1134 0
      vertex 14.435 70.4868 0
    endloop
  endfacet
  facet normal -0.749108 0.662448 0
    outer loop
      vertex 2.10951 60.1159 0
      vertex 2.93378 61.048 10
      vertex 2.93378 61.048 0
    endloop
  endfacet
  facet normal -0.749108 0.662448 0
    outer loop
      vertex 2.93378 61.048 10
      vertex 2.10951 60.1159 0
      vertex 2.10951 60.1159 10
    endloop
  endfacet
  facet normal -0.348445 0.937329 0
    outer loop
      vertex 23.4197 74.7363 0
      vertex 22.2533 74.3027 10
      vertex 23.4197 74.7363 10
    endloop
  endfacet
  facet normal -0.348445 0.937329 0
    outer loop
      vertex 22.2533 74.3027 10
      vertex 23.4197 74.7363 0
      vertex 22.2533 74.3027 0
    endloop
  endfacet
  facet normal -0.394045 -0.919091 0
    outer loop
      vertex 19.9543 -19.3504 0
      vertex 21.0979 -19.8407 10
      vertex 19.9543 -19.3504 10
    endloop
  endfacet
  facet normal -0.394045 -0.919091 -0
    outer loop
      vertex 21.0979 -19.8407 10
      vertex 19.9543 -19.3504 0
      vertex 21.0979 -19.8407 0
    endloop
  endfacet
  facet normal 0.0613176 0.998118 -0
    outer loop
      vertex 44.2297 77.5626 0
      vertex 42.9877 77.6389 10
      vertex 44.2297 77.5626 10
    endloop
  endfacet
  facet normal 0.0613176 0.998118 0
    outer loop
      vertex 42.9877 77.6389 10
      vertex 44.2297 77.5626 0
      vertex 42.9877 77.6389 0
    endloop
  endfacet
  facet normal 0.698382 -0.715725 0
    outer loop
      vertex 75.4597 -9.71933 0
      vertex 76.3503 -8.85031 10
      vertex 75.4597 -9.71933 10
    endloop
  endfacet
  facet normal 0.698382 -0.715725 0
    outer loop
      vertex 76.3503 -8.85031 10
      vertex 75.4597 -9.71933 0
      vertex 76.3503 -8.85031 0
    endloop
  endfacet
  facet normal 0.810435 0.585828 0
    outer loop
      vertex 81.9516 56.1935 10
      vertex 81.2226 57.202 0
      vertex 81.2226 57.202 10
    endloop
  endfacet
  facet normal 0.810435 0.585828 0
    outer loop
      vertex 81.2226 57.202 0
      vertex 81.9516 56.1935 10
      vertex 81.9516 56.1935 0
    endloop
  endfacet
  facet normal 0.301993 0.95331 -0
    outer loop
      vertex 56.4037 75.1411 0
      vertex 55.2174 75.5169 10
      vertex 56.4037 75.1411 10
    endloop
  endfacet
  facet normal 0.301993 0.95331 0
    outer loop
      vertex 55.2174 75.5169 10
      vertex 56.4037 75.1411 0
      vertex 55.2174 75.5169 0
    endloop
  endfacet
  facet normal 0.643782 -0.765209 0
    outer loop
      vertex 72.6637 -12.1916 0
      vertex 73.6159 -11.3905 10
      vertex 72.6637 -12.1916 10
    endloop
  endfacet
  facet normal 0.643782 -0.765209 0
    outer loop
      vertex 73.6159 -11.3905 10
      vertex 72.6637 -12.1916 0
      vertex 73.6159 -11.3905 0
    endloop
  endfacet
  facet normal -0.715725 -0.698382 0
    outer loop
      vertex 4.64969 -8.85031 0
      vertex 3.78067 -7.95971 10
      vertex 3.78067 -7.95971 0
    endloop
  endfacet
  facet normal -0.715725 -0.698382 0
    outer loop
      vertex 3.78067 -7.95971 10
      vertex 4.64969 -8.85031 0
      vertex 4.64969 -8.85031 10
    endloop
  endfacet
  facet normal -0.643813 0.765182 0
    outer loop
      vertex 8.33626 66.1916 0
      vertex 7.38414 65.3905 10
      vertex 8.33626 66.1916 10
    endloop
  endfacet
  facet normal -0.643813 0.765182 0
    outer loop
      vertex 7.38414 65.3905 10
      vertex 8.33626 66.1916 0
      vertex 7.38414 65.3905 0
    endloop
  endfacet
  facet normal -0.0122961 -0.999924 0
    outer loop
      vertex 39.2558 -23.6847 0
      vertex 40.5 -23.7 10
      vertex 39.2558 -23.6847 10
    endloop
  endfacet
  facet normal -0.0122961 -0.999924 -0
    outer loop
      vertex 40.5 -23.7 10
      vertex 39.2558 -23.6847 0
      vertex 40.5 -23.7 0
    endloop
  endfacet
  facet normal -0.482193 0.876065 0
    outer loop
      vertex 16.6002 71.7134 0
      vertex 15.5101 71.1134 10
      vertex 16.6002 71.7134 10
    endloop
  endfacet
  facet normal -0.482193 0.876065 0
    outer loop
      vertex 15.5101 71.1134 10
      vertex 16.6002 71.7134 0
      vertex 15.5101 71.1134 0
    endloop
  endfacet
  facet normal 0.89867 -0.438626 0
    outer loop
      vertex 85.7865 4.20471 10
      vertex 86.3323 5.32296 0
      vertex 86.3323 5.32296 10
    endloop
  endfacet
  facet normal 0.89867 -0.438626 0
    outer loop
      vertex 86.3323 5.32296 0
      vertex 85.7865 4.20471 10
      vertex 85.7865 4.20471 0
    endloop
  endfacet
  facet normal -0.662429 0.749124 0
    outer loop
      vertex 7.38414 65.3905 0
      vertex 6.45196 64.5662 10
      vertex 7.38414 65.3905 10
    endloop
  endfacet
  facet normal -0.662429 0.749124 0
    outer loop
      vertex 6.45196 64.5662 10
      vertex 7.38414 65.3905 0
      vertex 6.45196 64.5662 0
    endloop
  endfacet
  facet normal 0.928518 -0.371288 0
    outer loop
      vertex 87.3407 7.59795 10
      vertex 87.8027 8.75332 0
      vertex 87.8027 8.75332 10
    endloop
  endfacet
  facet normal 0.928518 -0.371288 0
    outer loop
      vertex 87.8027 8.75332 0
      vertex 87.3407 7.59795 10
      vertex 87.3407 7.59795 0
    endloop
  endfacet
  facet normal 0.482193 -0.876065 0
    outer loop
      vertex 64.3998 -17.7134 0
      vertex 65.4899 -17.1134 10
      vertex 64.3998 -17.7134 10
    endloop
  endfacet
  facet normal 0.482193 -0.876065 0
    outer loop
      vertex 65.4899 -17.1134 10
      vertex 64.3998 -17.7134 0
      vertex 65.4899 -17.1134 0
    endloop
  endfacet
  facet normal 0.960446 0.278466 0
    outer loop
      vertex 89.3634 40.5223 10
      vertex 89.0169 41.7174 0
      vertex 89.0169 41.7174 10
    endloop
  endfacet
  facet normal 0.960446 0.278466 0
    outer loop
      vertex 89.0169 41.7174 0
      vertex 89.3634 40.5223 10
      vertex 89.3634 40.5223 0
    endloop
  endfacet
  facet normal -0.97294 0.231056 0
    outer loop
      vertex -8.9681 38.1084 0
      vertex -8.68058 39.3191 10
      vertex -8.68058 39.3191 0
    endloop
  endfacet
  facet normal -0.97294 0.231056 0
    outer loop
      vertex -8.68058 39.3191 10
      vertex -8.9681 38.1084 0
      vertex -8.9681 38.1084 10
    endloop
  endfacet
  facet normal 0.545356 0.838205 -0
    outer loop
      vertex 68.6674 69.1555 0
      vertex 67.6244 69.8341 10
      vertex 68.6674 69.1555 10
    endloop
  endfacet
  facet normal 0.545356 0.838205 0
    outer loop
      vertex 67.6244 69.8341 10
      vertex 68.6674 69.1555 0
      vertex 67.6244 69.8341 0
    endloop
  endfacet
  facet normal -0.565686 0.824621 0
    outer loop
      vertex 12.3326 69.1555 0
      vertex 11.3065 68.4516 10
      vertex 12.3326 69.1555 10
    endloop
  endfacet
  facet normal -0.565686 0.824621 0
    outer loop
      vertex 11.3065 68.4516 10
      vertex 12.3326 69.1555 0
      vertex 11.3065 68.4516 0
    endloop
  endfacet
  facet normal -0.93734 -0.348417 0
    outer loop
      vertex -6.80273 8.75332 0
      vertex -7.23628 9.91969 10
      vertex -7.23628 9.91969 0
    endloop
  endfacet
  facet normal -0.93734 -0.348417 0
    outer loop
      vertex -7.23628 9.91969 10
      vertex -6.80273 8.75332 0
      vertex -6.80273 8.75332 10
    endloop
  endfacet
  facet normal -0.987303 0.158848 0
    outer loop
      vertex -9.65125 34.4392 0
      vertex -9.45358 35.6678 10
      vertex -9.45358 35.6678 0
    endloop
  endfacet
  facet normal -0.987303 0.158848 0
    outer loop
      vertex -9.45358 35.6678 10
      vertex -9.65125 34.4392 0
      vertex -9.65125 34.4392 10
    endloop
  endfacet
  facet normal 0.887624 0.460568 0
    outer loop
      vertex 85.7865 49.7953 10
      vertex 85.2134 50.8998 0
      vertex 85.2134 50.8998 10
    endloop
  endfacet
  facet normal 0.887624 0.460568 0
    outer loop
      vertex 85.2134 50.8998 0
      vertex 85.7865 49.7953 10
      vertex 85.7865 49.7953 0
    endloop
  endfacet
  facet normal 0.863962 -0.503557 0
    outer loop
      vertex 83.9868 0.934991 10
      vertex 84.6134 2.01006 0
      vertex 84.6134 2.01006 10
    endloop
  endfacet
  facet normal 0.863962 -0.503557 0
    outer loop
      vertex 84.6134 2.01006 0
      vertex 83.9868 0.934991 10
      vertex 83.9868 0.934991 0
    endloop
  endfacet
  facet normal 0.254921 -0.966962 0
    outer loop
      vertex 52.8191 -22.1806 0
      vertex 54.0223 -21.8634 10
      vertex 52.8191 -22.1806 10
    endloop
  endfacet
  facet normal 0.254921 -0.966962 0
    outer loop
      vertex 54.0223 -21.8634 10
      vertex 52.8191 -22.1806 0
      vertex 54.0223 -21.8634 0
    endloop
  endfacet
  facet normal 0.325327 -0.945602 0
    outer loop
      vertex 56.4037 -21.1411 0
      vertex 57.5803 -20.7363 10
      vertex 56.4037 -21.1411 10
    endloop
  endfacet
  facet normal 0.325327 -0.945602 0
    outer loop
      vertex 57.5803 -20.7363 10
      vertex 56.4037 -21.1411 0
      vertex 57.5803 -20.7363 0
    endloop
  endfacet
  facet normal -0.732669 0.680585 0
    outer loop
      vertex 2.93378 61.048 0
      vertex 3.78067 61.9597 10
      vertex 3.78067 61.9597 0
    endloop
  endfacet
  facet normal -0.732669 0.680585 0
    outer loop
      vertex 3.78067 61.9597 10
      vertex 2.93378 61.048 0
      vertex 2.93378 61.048 10
    endloop
  endfacet
  facet normal 0.990899 -0.134611 0
    outer loop
      vertex 90.6512 19.5608 10
      vertex 90.8187 20.7938 0
      vertex 90.8187 20.7938 10
    endloop
  endfacet
  facet normal 0.990899 -0.134611 0
    outer loop
      vertex 90.8187 20.7938 0
      vertex 90.6512 19.5608 10
      vertex 90.6512 19.5608 0
    endloop
  endfacet
  facet normal 0.780712 -0.624891 0
    outer loop
      vertex 79.6916 -5.16374 10
      vertex 80.4692 -4.19224 0
      vertex 80.4692 -4.19224 10
    endloop
  endfacet
  facet normal 0.780712 -0.624891 0
    outer loop
      vertex 80.4692 -4.19224 0
      vertex 79.6916 -5.16374 10
      vertex 79.6916 -5.16374 0
    endloop
  endfacet
  facet normal 0.158793 0.987312 -0
    outer loop
      vertex 49.1678 76.9536 0
      vertex 47.9392 77.1512 10
      vertex 49.1678 76.9536 10
    endloop
  endfacet
  facet normal 0.158793 0.987312 0
    outer loop
      vertex 47.9392 77.1512 10
      vertex 49.1678 76.9536 0
      vertex 47.9392 77.1512 0
    endloop
  endfacet
  facet normal -0.37128 -0.928521 0
    outer loop
      vertex 21.0979 -19.8407 0
      vertex 22.2533 -20.3027 10
      vertex 21.0979 -19.8407 10
    endloop
  endfacet
  facet normal -0.37128 -0.928521 -0
    outer loop
      vertex 22.2533 -20.3027 10
      vertex 21.0979 -19.8407 0
      vertex 22.2533 -20.3027 0
    endloop
  endfacet
  facet normal -0.92851 0.371308 0
    outer loop
      vertex -6.80273 45.2467 0
      vertex -6.34069 46.4021 10
      vertex -6.34069 46.4021 0
    endloop
  endfacet
  facet normal -0.92851 0.371308 0
    outer loop
      vertex -6.34069 46.4021 10
      vertex -6.80273 45.2467 0
      vertex -6.80273 45.2467 10
    endloop
  endfacet
  facet normal 0.95331 -0.301993 0
    outer loop
      vertex 88.6411 11.0963 10
      vertex 89.0169 12.2826 0
      vertex 89.0169 12.2826 10
    endloop
  endfacet
  facet normal 0.95331 -0.301993 0
    outer loop
      vertex 89.0169 12.2826 0
      vertex 88.6411 11.0963 10
      vertex 88.6411 11.0963 0
    endloop
  endfacet
  facet normal 0.732654 -0.680602 0
    outer loop
      vertex 77.2193 -7.95971 10
      vertex 78.0662 -7.04804 0
      vertex 78.0662 -7.04804 10
    endloop
  endfacet
  facet normal 0.732654 -0.680602 0
    outer loop
      vertex 78.0662 -7.04804 0
      vertex 77.2193 -7.95971 10
      vertex 77.2193 -7.95971 0
    endloop
  endfacet
  facet normal -0.983104 -0.183047 0
    outer loop
      vertex -9.22581 17.1089 0
      vertex -9.45358 18.3322 10
      vertex -9.45358 18.3322 0
    endloop
  endfacet
  facet normal -0.983104 -0.183047 0
    outer loop
      vertex -9.45358 18.3322 10
      vertex -9.22581 17.1089 0
      vertex -9.22581 17.1089 10
    endloop
  endfacet
  facet normal 0.9831 -0.18307 0
    outer loop
      vertex 90.2258 17.1089 10
      vertex 90.4536 18.3322 0
      vertex 90.4536 18.3322 10
    endloop
  endfacet
  facet normal 0.9831 -0.18307 0
    outer loop
      vertex 90.4536 18.3322 0
      vertex 90.2258 17.1089 10
      vertex 90.2258 17.1089 0
    endloop
  endfacet
  facet normal -0.89868 0.438604 0
    outer loop
      vertex -5.33226 48.677 0
      vertex -4.78647 49.7953 10
      vertex -4.78647 49.7953 0
    endloop
  endfacet
  facet normal -0.89868 0.438604 0
    outer loop
      vertex -4.78647 49.7953 10
      vertex -5.33226 48.677 0
      vertex -5.33226 48.677 10
    endloop
  endfacet
  facet normal -0.810457 -0.585798 0
    outer loop
      vertex -0.222621 -3.20195 0
      vertex -0.95155 -2.19347 10
      vertex -0.95155 -2.19347 0
    endloop
  endfacet
  facet normal -0.810457 -0.585798 0
    outer loop
      vertex -0.95155 -2.19347 10
      vertex -0.222621 -3.20195 0
      vertex -0.222621 -3.20195 10
    endloop
  endfacet
  facet normal 0.863968 0.503546 0
    outer loop
      vertex 84.6134 51.9899 10
      vertex 83.9868 53.065 0
      vertex 83.9868 53.065 10
    endloop
  endfacet
  facet normal 0.863968 0.503546 0
    outer loop
      vertex 83.9868 53.065 0
      vertex 84.6134 51.9899 10
      vertex 84.6134 51.9899 0
    endloop
  endfacet
  facet normal -0.585828 0.810435 0
    outer loop
      vertex 11.3065 68.4516 0
      vertex 10.298 67.7226 10
      vertex 11.3065 68.4516 10
    endloop
  endfacet
  facet normal -0.585828 0.810435 0
    outer loop
      vertex 10.298 67.7226 10
      vertex 11.3065 68.4516 0
      vertex 10.298 67.7226 0
    endloop
  endfacet
  facet normal 0.824621 0.565686 0
    outer loop
      vertex 82.6555 55.1674 10
      vertex 81.9516 56.1935 0
      vertex 81.9516 56.1935 10
    endloop
  endfacet
  facet normal 0.824621 0.565686 0
    outer loop
      vertex 81.9516 56.1935 0
      vertex 82.6555 55.1674 10
      vertex 82.6555 55.1674 0
    endloop
  endfacet
  facet normal -0.863979 0.503528 0
    outer loop
      vertex -3.61341 51.9899 0
      vertex -2.98684 53.065 10
      vertex -2.98684 53.065 0
    endloop
  endfacet
  facet normal -0.863979 0.503528 0
    outer loop
      vertex -2.98684 53.065 10
      vertex -3.61341 51.9899 0
      vertex -3.61341 51.9899 10
    endloop
  endfacet
  facet normal -0.996314 0.0857772 0
    outer loop
      vertex -10.0626 30.7297 0
      vertex -9.95586 31.9695 10
      vertex -9.95586 31.9695 0
    endloop
  endfacet
  facet normal -0.996314 0.0857772 0
    outer loop
      vertex -9.95586 31.9695 10
      vertex -10.0626 30.7297 0
      vertex -10.0626 30.7297 10
    endloop
  endfacet
  facet normal 0.207108 0.978318 -0
    outer loop
      vertex 51.6084 76.4681 0
      vertex 50.3911 76.7258 10
      vertex 51.6084 76.4681 10
    endloop
  endfacet
  facet normal 0.207108 0.978318 0
    outer loop
      vertex 50.3911 76.7258 10
      vertex 51.6084 76.4681 0
      vertex 50.3911 76.7258 0
    endloop
  endfacet
  facet normal 0.585775 -0.810474 0
    outer loop
      vertex 69.6935 -14.4515 0
      vertex 70.702 -13.7226 10
      vertex 69.6935 -14.4515 10
    endloop
  endfacet
  facet normal 0.585775 -0.810474 0
    outer loop
      vertex 70.702 -13.7226 10
      vertex 69.6935 -14.4515 0
      vertex 70.702 -13.7226 0
    endloop
  endfacet
  facet normal -0.231041 0.972944 0
    outer loop
      vertex 29.3916 76.4681 0
      vertex 28.1809 76.1806 10
      vertex 29.3916 76.4681 10
    endloop
  endfacet
  facet normal -0.231041 0.972944 0
    outer loop
      vertex 28.1809 76.1806 10
      vertex 29.3916 76.4681 0
      vertex 28.1809 76.1806 0
    endloop
  endfacet
  facet normal 0.987312 0.158793 0
    outer loop
      vertex 90.6512 34.4392 10
      vertex 90.4536 35.6678 0
      vertex 90.4536 35.6678 10
    endloop
  endfacet
  facet normal 0.987312 0.158793 0
    outer loop
      vertex 90.4536 35.6678 0
      vertex 90.6512 34.4392 10
      vertex 90.6512 34.4392 0
    endloop
  endfacet
  facet normal 0.966962 0.254921 0
    outer loop
      vertex 89.6806 39.3191 10
      vertex 89.3634 40.5223 0
      vertex 89.3634 40.5223 10
    endloop
  endfacet
  facet normal 0.966962 0.254921 0
    outer loop
      vertex 89.3634 40.5223 0
      vertex 89.6806 39.3191 10
      vertex 89.6806 39.3191 0
    endloop
  endfacet
  facet normal -0.765193 0.643801 0
    outer loop
      vertex 1.30837 59.1637 0
      vertex 2.10951 60.1159 10
      vertex 2.10951 60.1159 0
    endloop
  endfacet
  facet normal -0.765193 0.643801 0
    outer loop
      vertex 2.10951 60.1159 10
      vertex 1.30837 59.1637 0
      vertex 1.30837 59.1637 10
    endloop
  endfacet
  facet normal -0.876065 0.482193 0
    outer loop
      vertex -4.21341 50.8998 0
      vertex -3.61341 51.9899 10
      vertex -3.61341 51.9899 0
    endloop
  endfacet
  facet normal -0.876065 0.482193 0
    outer loop
      vertex -3.61341 51.9899 10
      vertex -4.21341 50.8998 0
      vertex -4.21341 50.8998 10
    endloop
  endfacet
  facet normal 0.978318 0.207108 0
    outer loop
      vertex 90.2258 36.8911 10
      vertex 89.9681 38.1084 0
      vertex 89.9681 38.1084 10
    endloop
  endfacet
  facet normal 0.978318 0.207108 0
    outer loop
      vertex 89.9681 38.1084 0
      vertex 90.2258 36.8911 10
      vertex 90.2258 36.8911 0
    endloop
  endfacet
  facet normal 0.887628 -0.460562 0
    outer loop
      vertex 85.2134 3.10019 10
      vertex 85.7865 4.20471 0
      vertex 85.7865 4.20471 10
    endloop
  endfacet
  facet normal 0.887628 -0.460562 0
    outer loop
      vertex 85.7865 4.20471 0
      vertex 85.2134 3.10019 10
      vertex 85.2134 3.10019 0
    endloop
  endfacet
  facet normal -0.698374 0.715733 0
    outer loop
      vertex 5.54029 63.7193 0
      vertex 4.64969 62.8503 10
      vertex 5.54029 63.7193 10
    endloop
  endfacet
  facet normal -0.698374 0.715733 0
    outer loop
      vertex 4.64969 62.8503 10
      vertex 5.54029 63.7193 0
      vertex 4.64969 62.8503 0
    endloop
  endfacet
  facet normal 0.278466 0.960446 -0
    outer loop
      vertex 55.2174 75.5169 0
      vertex 54.0223 75.8634 10
      vertex 55.2174 75.5169 10
    endloop
  endfacet
  facet normal 0.278466 0.960446 0
    outer loop
      vertex 54.0223 75.8634 10
      vertex 55.2174 75.5169 0
      vertex 54.0223 75.8634 0
    endloop
  endfacet
  facet normal 0.624891 0.780712 -0
    outer loop
      vertex 72.6637 66.1916 0
      vertex 71.6922 66.9692 10
      vertex 72.6637 66.1916 10
    endloop
  endfacet
  facet normal 0.624891 0.780712 0
    outer loop
      vertex 71.6922 66.9692 10
      vertex 72.6637 66.1916 0
      vertex 71.6922 66.9692 0
    endloop
  endfacet
  facet normal 0.68059 0.732665 -0
    outer loop
      vertex 75.4597 63.7193 0
      vertex 74.548 64.5662 10
      vertex 75.4597 63.7193 10
    endloop
  endfacet
  facet normal 0.68059 0.732665 0
    outer loop
      vertex 74.548 64.5662 10
      vertex 75.4597 63.7193 0
      vertex 74.548 64.5662 0
    endloop
  endfacet
  facet normal 0.231041 0.972944 -0
    outer loop
      vertex 52.8191 76.1806 0
      vertex 51.6084 76.4681 10
      vertex 52.8191 76.1806 10
    endloop
  endfacet
  facet normal 0.231041 0.972944 0
    outer loop
      vertex 51.6084 76.4681 10
      vertex 52.8191 76.1806 0
      vertex 51.6084 76.4681 0
    endloop
  endfacet
  facet normal 0.643782 0.765209 -0
    outer loop
      vertex 73.6159 65.3905 0
      vertex 72.6637 66.1916 10
      vertex 73.6159 65.3905 10
    endloop
  endfacet
  facet normal 0.643782 0.765209 0
    outer loop
      vertex 72.6637 66.1916 10
      vertex 73.6159 65.3905 0
      vertex 72.6637 66.1916 0
    endloop
  endfacet
  facet normal 0.928521 0.37128 0
    outer loop
      vertex 87.8027 45.2467 10
      vertex 87.3407 46.4021 0
      vertex 87.3407 46.4021 10
    endloop
  endfacet
  facet normal 0.928521 0.37128 0
    outer loop
      vertex 87.3407 46.4021 0
      vertex 87.8027 45.2467 10
      vertex 87.8027 45.2467 0
    endloop
  endfacet
  facet normal -0.545356 -0.838205 0
    outer loop
      vertex 12.3326 -15.1555 0
      vertex 13.3756 -15.8341 10
      vertex 12.3326 -15.1555 10
    endloop
  endfacet
  facet normal -0.545356 -0.838205 -0
    outer loop
      vertex 13.3756 -15.8341 10
      vertex 12.3326 -15.1555 0
      vertex 13.3756 -15.8341 0
    endloop
  endfacet
  facet normal 0.278466 -0.960446 0
    outer loop
      vertex 54.0223 -21.8634 0
      vertex 55.2174 -21.5169 10
      vertex 54.0223 -21.8634 10
    endloop
  endfacet
  facet normal 0.278466 -0.960446 0
    outer loop
      vertex 55.2174 -21.5169 10
      vertex 54.0223 -21.8634 0
      vertex 55.2174 -21.5169 0
    endloop
  endfacet
  facet normal 0.0613176 -0.998118 0
    outer loop
      vertex 42.9877 -23.6389 0
      vertex 44.2297 -23.5626 10
      vertex 42.9877 -23.6389 10
    endloop
  endfacet
  facet normal 0.0613176 -0.998118 0
    outer loop
      vertex 44.2297 -23.5626 10
      vertex 42.9877 -23.6389 0
      vertex 44.2297 -23.5626 0
    endloop
  endfacet
  facet normal 0.110264 -0.993902 0
    outer loop
      vertex 45.4695 -23.4559 0
      vertex 46.7062 -23.3187 10
      vertex 45.4695 -23.4559 10
    endloop
  endfacet
  facet normal 0.110264 -0.993902 0
    outer loop
      vertex 46.7062 -23.3187 10
      vertex 45.4695 -23.4559 0
      vertex 46.7062 -23.3187 0
    endloop
  endfacet
  facet normal -0.966976 0.254868 0
    outer loop
      vertex -8.68058 39.3191 0
      vertex -8.36345 40.5223 10
      vertex -8.36345 40.5223 0
    endloop
  endfacet
  facet normal -0.966976 0.254868 0
    outer loop
      vertex -8.36345 40.5223 10
      vertex -8.68058 39.3191 0
      vertex -8.68058 39.3191 10
    endloop
  endfacet
  facet normal -0.0368066 0.999322 0
    outer loop
      vertex 39.2558 77.6847 0
      vertex 38.0123 77.6389 10
      vertex 39.2558 77.6847 10
    endloop
  endfacet
  facet normal -0.0368066 0.999322 0
    outer loop
      vertex 38.0123 77.6389 10
      vertex 39.2558 77.6847 0
      vertex 38.0123 77.6389 0
    endloop
  endfacet
  facet normal 0.605515 -0.795834 0
    outer loop
      vertex 70.702 -13.7226 0
      vertex 71.6922 -12.9692 10
      vertex 70.702 -13.7226 10
    endloop
  endfacet
  facet normal 0.605515 -0.795834 0
    outer loop
      vertex 71.6922 -12.9692 10
      vertex 70.702 -13.7226 0
      vertex 71.6922 -12.9692 0
    endloop
  endfacet
  facet normal -0.680602 0.732654 0
    outer loop
      vertex 6.45196 64.5662 0
      vertex 5.54029 63.7193 10
      vertex 6.45196 64.5662 10
    endloop
  endfacet
  facet normal -0.680602 0.732654 0
    outer loop
      vertex 5.54029 63.7193 10
      vertex 6.45196 64.5662 0
      vertex 5.54029 63.7193 0
    endloop
  endfacet
  facet normal 0.919091 0.394045 0
    outer loop
      vertex 87.3407 46.4021 10
      vertex 86.8504 47.5457 0
      vertex 86.8504 47.5457 10
    endloop
  endfacet
  facet normal 0.919091 0.394045 0
    outer loop
      vertex 86.8504 47.5457 0
      vertex 87.3407 46.4021 10
      vertex 87.3407 46.4021 0
    endloop
  endfacet
  facet normal -0.987303 -0.158848 0
    outer loop
      vertex -9.45358 18.3322 0
      vertex -9.65125 19.5608 10
      vertex -9.65125 19.5608 0
    endloop
  endfacet
  facet normal -0.987303 -0.158848 0
    outer loop
      vertex -9.65125 19.5608 10
      vertex -9.45358 18.3322 0
      vertex -9.45358 18.3322 10
    endloop
  endfacet
  facet normal -0.0857453 0.996317 0
    outer loop
      vertex 36.7703 77.5626 0
      vertex 35.5305 77.4559 10
      vertex 36.7703 77.5626 10
    endloop
  endfacet
  facet normal -0.0857453 0.996317 0
    outer loop
      vertex 35.5305 77.4559 10
      vertex 36.7703 77.5626 0
      vertex 35.5305 77.4559 0
    endloop
  endfacet
  facet normal -0.90917 -0.416424 0
    outer loop
      vertex -5.33226 5.32296 0
      vertex -5.85043 6.45427 10
      vertex -5.85043 6.45427 0
    endloop
  endfacet
  facet normal -0.90917 -0.416424 0
    outer loop
      vertex -5.85043 6.45427 10
      vertex -5.33226 5.32296 0
      vertex -5.33226 5.32296 10
    endloop
  endfacet
  facet normal -0.0613176 0.998118 0
    outer loop
      vertex 38.0123 77.6389 0
      vertex 36.7703 77.5626 10
      vertex 38.0123 77.6389 10
    endloop
  endfacet
  facet normal -0.0613176 0.998118 0
    outer loop
      vertex 36.7703 77.5626 10
      vertex 38.0123 77.6389 0
      vertex 36.7703 77.5626 0
    endloop
  endfacet
  facet normal 0.134611 -0.990899 0
    outer loop
      vertex 46.7062 -23.3187 0
      vertex 47.9392 -23.1512 10
      vertex 46.7062 -23.3187 10
    endloop
  endfacet
  facet normal 0.134611 -0.990899 0
    outer loop
      vertex 47.9392 -23.1512 10
      vertex 46.7062 -23.3187 0
      vertex 47.9392 -23.1512 0
    endloop
  endfacet
  facet normal 0.79586 -0.60548 0
    outer loop
      vertex 80.4692 -4.19224 10
      vertex 81.2226 -3.20195 0
      vertex 81.2226 -3.20195 10
    endloop
  endfacet
  facet normal 0.79586 -0.60548 0
    outer loop
      vertex 81.2226 -3.20195 0
      vertex 80.4692 -4.19224 10
      vertex 80.4692 -4.19224 0
    endloop
  endfacet
  facet normal -0.37128 0.928521 0
    outer loop
      vertex 22.2533 74.3027 0
      vertex 21.0979 73.8407 10
      vertex 22.2533 74.3027 10
    endloop
  endfacet
  facet normal -0.37128 0.928521 0
    outer loop
      vertex 21.0979 73.8407 10
      vertex 22.2533 74.3027 0
      vertex 21.0979 73.8407 0
    endloop
  endfacet
  facet normal -0.110264 -0.993902 0
    outer loop
      vertex 34.2938 -23.3187 0
      vertex 35.5305 -23.4559 10
      vertex 34.2938 -23.3187 10
    endloop
  endfacet
  facet normal -0.110264 -0.993902 -0
    outer loop
      vertex 35.5305 -23.4559 10
      vertex 34.2938 -23.3187 0
      vertex 35.5305 -23.4559 0
    endloop
  endfacet
  facet normal 0.325327 0.945602 -0
    outer loop
      vertex 57.5803 74.7363 0
      vertex 56.4037 75.1411 10
      vertex 57.5803 74.7363 10
    endloop
  endfacet
  facet normal 0.325327 0.945602 0
    outer loop
      vertex 56.4037 75.1411 10
      vertex 57.5803 74.7363 0
      vertex 56.4037 75.1411 0
    endloop
  endfacet
  facet normal 0.81043 -0.585836 0
    outer loop
      vertex 81.2226 -3.20195 10
      vertex 81.9516 -2.19347 0
      vertex 81.9516 -2.19347 10
    endloop
  endfacet
  facet normal 0.81043 -0.585836 0
    outer loop
      vertex 81.9516 -2.19347 0
      vertex 81.2226 -3.20195 10
      vertex 81.2226 -3.20195 0
    endloop
  endfacet
  facet normal -0.624891 -0.780712 0
    outer loop
      vertex 8.33626 -12.1916 0
      vertex 9.30776 -12.9692 10
      vertex 8.33626 -12.1916 10
    endloop
  endfacet
  facet normal -0.624891 -0.780712 -0
    outer loop
      vertex 9.30776 -12.9692 10
      vertex 8.33626 -12.1916 0
      vertex 9.30776 -12.9692 0
    endloop
  endfacet
  facet normal -0.524541 -0.851385 0
    outer loop
      vertex 13.3756 -15.8341 0
      vertex 14.435 -16.4868 10
      vertex 13.3756 -15.8341 10
    endloop
  endfacet
  facet normal -0.524541 -0.851385 -0
    outer loop
      vertex 14.435 -16.4868 10
      vertex 13.3756 -15.8341 0
      vertex 14.435 -16.4868 0
    endloop
  endfacet
  facet normal -0.824604 0.56571 0
    outer loop
      vertex -1.65551 55.1674 0
      vertex -1 56.1229 10
      vertex -1 56.1229 0
    endloop
  endfacet
  facet normal -0.824604 0.56571 0
    outer loop
      vertex -1 56.1229 10
      vertex -1.65551 55.1674 0
      vertex -1.65551 55.1674 10
    endloop
  endfacet
  facet normal -0.301993 -0.95331 0
    outer loop
      vertex 24.5963 -21.1411 0
      vertex 25.7826 -21.5169 10
      vertex 24.5963 -21.1411 10
    endloop
  endfacet
  facet normal -0.301993 -0.95331 -0
    outer loop
      vertex 25.7826 -21.5169 10
      vertex 24.5963 -21.1411 0
      vertex 25.7826 -21.5169 0
    endloop
  endfacet
  facet normal -0.416381 0.90919 0
    outer loop
      vertex 19.9543 73.3504 0
      vertex 18.823 72.8323 10
      vertex 19.9543 73.3504 10
    endloop
  endfacet
  facet normal -0.416381 0.90919 0
    outer loop
      vertex 18.823 72.8323 10
      vertex 19.9543 73.3504 0
      vertex 18.823 72.8323 0
    endloop
  endfacet
  facet normal -0.87607 -0.482183 0
    outer loop
      vertex -3.61341 2.01006 0
      vertex -4.21341 3.10019 10
      vertex -4.21341 3.10019 0
    endloop
  endfacet
  facet normal -0.87607 -0.482183 0
    outer loop
      vertex -4.21341 3.10019 10
      vertex -3.61341 2.01006 0
      vertex -3.61341 2.01006 10
    endloop
  endfacet
  facet normal 0.460568 0.887624 -0
    outer loop
      vertex 64.3998 71.7134 0
      vertex 63.2953 72.2865 10
      vertex 64.3998 71.7134 10
    endloop
  endfacet
  facet normal 0.460568 0.887624 0
    outer loop
      vertex 63.2953 72.2865 10
      vertex 64.3998 71.7134 0
      vertex 63.2953 72.2865 0
    endloop
  endfacet
  facet normal -0.732658 -0.680598 0
    outer loop
      vertex 3.78067 -7.95971 0
      vertex 2.93378 -7.04804 10
      vertex 2.93378 -7.04804 0
    endloop
  endfacet
  facet normal -0.732658 -0.680598 0
    outer loop
      vertex 2.93378 -7.04804 10
      vertex 3.78067 -7.95971 0
      vertex 3.78067 -7.95971 10
    endloop
  endfacet
  facet normal -0.996314 -0.0857772 0
    outer loop
      vertex -9.95586 22.0305 0
      vertex -10.0626 23.2703 10
      vertex -10.0626 23.2703 0
    endloop
  endfacet
  facet normal -0.996314 -0.0857772 0
    outer loop
      vertex -10.0626 23.2703 10
      vertex -9.95586 22.0305 0
      vertex -9.95586 22.0305 10
    endloop
  endfacet
  facet normal -0.999322 -0.0368066 0
    outer loop
      vertex -10.1389 24.5123 0
      vertex -10.1847 25.7558 10
      vertex -10.1847 25.7558 0
    endloop
  endfacet
  facet normal -0.999322 -0.0368066 0
    outer loop
      vertex -10.1847 25.7558 10
      vertex -10.1389 24.5123 0
      vertex -10.1389 24.5123 10
    endloop
  endfacet
  facet normal 0.565741 -0.824583 0
    outer loop
      vertex 68.6674 -15.1555 0
      vertex 69.6935 -14.4515 10
      vertex 68.6674 -15.1555 10
    endloop
  endfacet
  facet normal 0.565741 -0.824583 0
    outer loop
      vertex 69.6935 -14.4515 10
      vertex 68.6674 -15.1555 0
      vertex 69.6935 -14.4515 0
    endloop
  endfacet
  facet normal 0.732665 0.68059 0
    outer loop
      vertex 78.0662 61.048 10
      vertex 77.2193 61.9597 0
      vertex 77.2193 61.9597 10
    endloop
  endfacet
  facet normal 0.732665 0.68059 0
    outer loop
      vertex 77.2193 61.9597 0
      vertex 78.0662 61.048 10
      vertex 78.0662 61.048 0
    endloop
  endfacet
  facet normal 0.749096 0.662461 0
    outer loop
      vertex 78.8905 60.1159 10
      vertex 78.0662 61.048 0
      vertex 78.0662 61.048 10
    endloop
  endfacet
  facet normal 0.749096 0.662461 0
    outer loop
      vertex 78.0662 61.048 0
      vertex 78.8905 60.1159 10
      vertex 78.8905 60.1159 0
    endloop
  endfacet
  facet normal 0.301993 -0.95331 0
    outer loop
      vertex 55.2174 -21.5169 0
      vertex 56.4037 -21.1411 10
      vertex 55.2174 -21.5169 10
    endloop
  endfacet
  facet normal 0.301993 -0.95331 0
    outer loop
      vertex 56.4037 -21.1411 10
      vertex 55.2174 -21.5169 0
      vertex 56.4037 -21.1411 0
    endloop
  endfacet
  facet normal -0.966976 -0.254868 0
    outer loop
      vertex -8.36345 13.4777 0
      vertex -8.68058 14.6809 10
      vertex -8.68058 14.6809 0
    endloop
  endfacet
  facet normal -0.966976 -0.254868 0
    outer loop
      vertex -8.68058 14.6809 10
      vertex -8.36345 13.4777 0
      vertex -8.36345 13.4777 10
    endloop
  endfacet
  facet normal 0.348445 -0.937329 0
    outer loop
      vertex 57.5803 -20.7363 0
      vertex 58.7467 -20.3027 10
      vertex 57.5803 -20.7363 10
    endloop
  endfacet
  facet normal 0.348445 -0.937329 0
    outer loop
      vertex 58.7467 -20.3027 10
      vertex 57.5803 -20.7363 0
      vertex 58.7467 -20.3027 0
    endloop
  endfacet
  facet normal 0.87607 -0.482183 0
    outer loop
      vertex 84.6134 2.01006 10
      vertex 85.2134 3.10019 0
      vertex 85.2134 3.10019 10
    endloop
  endfacet
  facet normal 0.87607 -0.482183 0
    outer loop
      vertex 85.2134 3.10019 0
      vertex 84.6134 2.01006 10
      vertex 84.6134 2.01006 0
    endloop
  endfacet
  facet normal -0.6055 -0.795846 0
    outer loop
      vertex 9.30776 -12.9692 0
      vertex 10.298 -13.7226 10
      vertex 9.30776 -12.9692 10
    endloop
  endfacet
  facet normal -0.6055 -0.795846 -0
    outer loop
      vertex 10.298 -13.7226 10
      vertex 9.30776 -12.9692 0
      vertex 10.298 -13.7226 0
    endloop
  endfacet
  facet normal 0.95331 0.301993 0
    outer loop
      vertex 89.0169 41.7174 10
      vertex 88.6411 42.9037 0
      vertex 88.6411 42.9037 10
    endloop
  endfacet
  facet normal 0.95331 0.301993 0
    outer loop
      vertex 88.6411 42.9037 0
      vertex 89.0169 41.7174 10
      vertex 89.0169 41.7174 0
    endloop
  endfacet
  facet normal -0.999924 -0.0122961 0
    outer loop
      vertex -10.1847 25.7558 0
      vertex -10.2 27 10
      vertex -10.2 27 0
    endloop
  endfacet
  facet normal -0.999924 -0.0122961 0
    outer loop
      vertex -10.2 27 10
      vertex -10.1847 25.7558 0
      vertex -10.1847 25.7558 10
    endloop
  endfacet
  facet normal -0.348445 -0.937329 0
    outer loop
      vertex 22.2533 -20.3027 0
      vertex 23.4197 -20.7363 10
      vertex 22.2533 -20.3027 10
    endloop
  endfacet
  facet normal -0.348445 -0.937329 -0
    outer loop
      vertex 23.4197 -20.7363 10
      vertex 22.2533 -20.3027 0
      vertex 23.4197 -20.7363 0
    endloop
  endfacet
  facet normal 0.909192 -0.416378 0
    outer loop
      vertex 86.3323 5.32296 10
      vertex 86.8504 6.45427 0
      vertex 86.8504 6.45427 10
    endloop
  endfacet
  facet normal 0.909192 -0.416378 0
    outer loop
      vertex 86.8504 6.45427 0
      vertex 86.3323 5.32296 10
      vertex 86.3323 5.32296 0
    endloop
  endfacet
  facet normal 0.545356 -0.838205 0
    outer loop
      vertex 67.6244 -15.8341 0
      vertex 68.6674 -15.1555 10
      vertex 67.6244 -15.8341 10
    endloop
  endfacet
  facet normal 0.545356 -0.838205 0
    outer loop
      vertex 68.6674 -15.1555 10
      vertex 67.6244 -15.8341 0
      vertex 68.6674 -15.1555 0
    endloop
  endfacet
  facet normal 0.972944 -0.231041 0
    outer loop
      vertex 89.6806 14.6809 10
      vertex 89.9681 15.8916 0
      vertex 89.9681 15.8916 10
    endloop
  endfacet
  facet normal 0.972944 -0.231041 0
    outer loop
      vertex 89.9681 15.8916 0
      vertex 89.6806 14.6809 10
      vertex 89.6806 14.6809 0
    endloop
  endfacet
  facet normal 0.416381 -0.90919 0
    outer loop
      vertex 61.0457 -19.3504 0
      vertex 62.177 -18.8323 10
      vertex 61.0457 -19.3504 10
    endloop
  endfacet
  facet normal 0.416381 -0.90919 0
    outer loop
      vertex 62.177 -18.8323 10
      vertex 61.0457 -19.3504 0
      vertex 62.177 -18.8323 0
    endloop
  endfacet
  facet normal 0.460568 -0.887624 0
    outer loop
      vertex 63.2953 -18.2865 0
      vertex 64.3998 -17.7134 10
      vertex 63.2953 -18.2865 10
    endloop
  endfacet
  facet normal 0.460568 -0.887624 0
    outer loop
      vertex 64.3998 -17.7134 10
      vertex 63.2953 -18.2865 0
      vertex 64.3998 -17.7134 0
    endloop
  endfacet
  facet normal 0.851378 -0.524552 0
    outer loop
      vertex 83.3341 -0.124379 10
      vertex 83.9868 0.934991 0
      vertex 83.9868 0.934991 10
    endloop
  endfacet
  facet normal 0.851378 -0.524552 0
    outer loop
      vertex 83.9868 0.934991 0
      vertex 83.3341 -0.124379 10
      vertex 83.3341 -0.124379 0
    endloop
  endfacet
  facet normal 0.937329 0.348445 0
    outer loop
      vertex 88.2363 44.0803 10
      vertex 87.8027 45.2467 0
      vertex 87.8027 45.2467 10
    endloop
  endfacet
  facet normal 0.937329 0.348445 0
    outer loop
      vertex 87.8027 45.2467 0
      vertex 88.2363 44.0803 10
      vertex 88.2363 44.0803 0
    endloop
  endfacet
  facet normal 0.960446 -0.278466 0
    outer loop
      vertex 89.0169 12.2826 10
      vertex 89.3634 13.4777 0
      vertex 89.3634 13.4777 10
    endloop
  endfacet
  facet normal 0.960446 -0.278466 0
    outer loop
      vertex 89.3634 13.4777 0
      vertex 89.0169 12.2826 10
      vertex 89.0169 12.2826 0
    endloop
  endfacet
  facet normal -0.824588 -0.565734 0
    outer loop
      vertex -0.95155 -2.19347 0
      vertex -1.65551 -1.16741 10
      vertex -1.65551 -1.16741 0
    endloop
  endfacet
  facet normal -0.824588 -0.565734 0
    outer loop
      vertex -1.65551 -1.16741 10
      vertex -0.95155 -2.19347 0
      vertex -0.95155 -2.19347 10
    endloop
  endfacet
  facet normal -0.698382 -0.715725 0
    outer loop
      vertex 4.64969 -8.85031 0
      vertex 5.54029 -9.71933 10
      vertex 4.64969 -8.85031 10
    endloop
  endfacet
  facet normal -0.698382 -0.715725 -0
    outer loop
      vertex 5.54029 -9.71933 10
      vertex 4.64969 -8.85031 0
      vertex 5.54029 -9.71933 0
    endloop
  endfacet
  facet normal -0.278466 -0.960446 0
    outer loop
      vertex 25.7826 -21.5169 0
      vertex 26.9777 -21.8634 10
      vertex 25.7826 -21.5169 10
    endloop
  endfacet
  facet normal -0.278466 -0.960446 -0
    outer loop
      vertex 26.9777 -21.8634 10
      vertex 25.7826 -21.5169 0
      vertex 26.9777 -21.8634 0
    endloop
  endfacet
  facet normal 0.993902 -0.110264 0
    outer loop
      vertex 90.8187 20.7938 10
      vertex 90.9559 22.0305 0
      vertex 90.9559 22.0305 10
    endloop
  endfacet
  facet normal 0.993902 -0.110264 0
    outer loop
      vertex 90.9559 22.0305 0
      vertex 90.8187 20.7938 10
      vertex 90.8187 20.7938 0
    endloop
  endfacet
  facet normal 0.698374 0.715733 -0
    outer loop
      vertex 76.3503 62.8503 0
      vertex 75.4597 63.7193 10
      vertex 76.3503 62.8503 10
    endloop
  endfacet
  facet normal 0.698374 0.715733 0
    outer loop
      vertex 75.4597 63.7193 10
      vertex 76.3503 62.8503 0
      vertex 75.4597 63.7193 0
    endloop
  endfacet
  facet normal 0.0368066 0.999322 -0
    outer loop
      vertex 42.9877 77.6389 0
      vertex 41.7442 77.6847 10
      vertex 42.9877 77.6389 10
    endloop
  endfacet
  facet normal 0.0368066 0.999322 0
    outer loop
      vertex 41.7442 77.6847 10
      vertex 42.9877 77.6389 0
      vertex 41.7442 77.6847 0
    endloop
  endfacet
  facet normal -0.998118 0.0613176 0
    outer loop
      vertex -10.1389 29.4877 0
      vertex -10.0626 30.7297 10
      vertex -10.0626 30.7297 0
    endloop
  endfacet
  facet normal -0.998118 0.0613176 0
    outer loop
      vertex -10.0626 30.7297 10
      vertex -10.1389 29.4877 0
      vertex -10.1389 29.4877 10
    endloop
  endfacet
  facet normal -0.545356 0.838205 0
    outer loop
      vertex 13.3756 69.8341 0
      vertex 12.3326 69.1555 10
      vertex 13.3756 69.8341 10
    endloop
  endfacet
  facet normal -0.545356 0.838205 0
    outer loop
      vertex 12.3326 69.1555 10
      vertex 13.3756 69.8341 0
      vertex 12.3326 69.1555 0
    endloop
  endfacet
  facet normal -0.524541 0.851385 0
    outer loop
      vertex 14.435 70.4868 0
      vertex 13.3756 69.8341 10
      vertex 14.435 70.4868 10
    endloop
  endfacet
  facet normal -0.524541 0.851385 0
    outer loop
      vertex 13.3756 69.8341 10
      vertex 14.435 70.4868 0
      vertex 13.3756 69.8341 0
    endloop
  endfacet
  facet normal 0.18307 0.9831 -0
    outer loop
      vertex 50.3911 76.7258 0
      vertex 49.1678 76.9536 10
      vertex 50.3911 76.7258 10
    endloop
  endfacet
  facet normal 0.18307 0.9831 0
    outer loop
      vertex 49.1678 76.9536 10
      vertex 50.3911 76.7258 0
      vertex 49.1678 76.9536 0
    endloop
  endfacet
  facet normal 0.0122961 0.999924 -0
    outer loop
      vertex 41.7442 77.6847 0
      vertex 40.5 77.7 10
      vertex 41.7442 77.6847 10
    endloop
  endfacet
  facet normal 0.0122961 0.999924 0
    outer loop
      vertex 40.5 77.7 10
      vertex 41.7442 77.6847 0
      vertex 40.5 77.7 0
    endloop
  endfacet
  facet normal 0.416381 0.90919 -0
    outer loop
      vertex 62.177 72.8323 0
      vertex 61.0457 73.3504 10
      vertex 62.177 72.8323 10
    endloop
  endfacet
  facet normal 0.416381 0.90919 0
    outer loop
      vertex 61.0457 73.3504 10
      vertex 62.177 72.8323 0
      vertex 61.0457 73.3504 0
    endloop
  endfacet
  facet normal -0.898673 -0.43862 0
    outer loop
      vertex -4.78647 4.20471 0
      vertex -5.33226 5.32296 10
      vertex -5.33226 5.32296 0
    endloop
  endfacet
  facet normal -0.898673 -0.43862 0
    outer loop
      vertex -5.33226 5.32296 10
      vertex -4.78647 4.20471 0
      vertex -4.78647 4.20471 10
    endloop
  endfacet
  facet normal -0.919103 0.394018 0
    outer loop
      vertex -6.34069 46.4021 0
      vertex -5.85043 47.5457 10
      vertex -5.85043 47.5457 0
    endloop
  endfacet
  facet normal -0.919103 0.394018 0
    outer loop
      vertex -5.85043 47.5457 10
      vertex -6.34069 46.4021 0
      vertex -6.34069 46.4021 10
    endloop
  endfacet
  facet normal 0.585828 0.810435 -0
    outer loop
      vertex 70.702 67.7226 0
      vertex 69.6935 68.4516 10
      vertex 70.702 67.7226 10
    endloop
  endfacet
  facet normal 0.585828 0.810435 0
    outer loop
      vertex 69.6935 68.4516 10
      vertex 70.702 67.7226 0
      vertex 69.6935 68.4516 0
    endloop
  endfacet
  facet normal -0.0857453 -0.996317 0
    outer loop
      vertex 35.5305 -23.4559 0
      vertex 36.7703 -23.5626 10
      vertex 35.5305 -23.4559 10
    endloop
  endfacet
  facet normal -0.0857453 -0.996317 -0
    outer loop
      vertex 36.7703 -23.5626 10
      vertex 35.5305 -23.4559 0
      vertex 36.7703 -23.5626 0
    endloop
  endfacet
  facet normal -0.887641 -0.460536 0
    outer loop
      vertex -4.21341 3.10019 0
      vertex -4.78647 4.20471 10
      vertex -4.78647 4.20471 0
    endloop
  endfacet
  facet normal -0.887641 -0.460536 0
    outer loop
      vertex -4.78647 4.20471 10
      vertex -4.21341 3.10019 0
      vertex -4.21341 3.10019 10
    endloop
  endfacet
  facet normal -0.254921 0.966962 0
    outer loop
      vertex 28.1809 76.1806 0
      vertex 26.9777 75.8634 10
      vertex 28.1809 76.1806 10
    endloop
  endfacet
  facet normal -0.254921 0.966962 0
    outer loop
      vertex 26.9777 75.8634 10
      vertex 28.1809 76.1806 0
      vertex 26.9777 75.8634 0
    endloop
  endfacet
  facet normal -0.945602 -0.325324 0
    outer loop
      vertex -7.23628 9.91969 0
      vertex -7.64108 11.0963 10
      vertex -7.64108 11.0963 0
    endloop
  endfacet
  facet normal -0.945602 -0.325324 0
    outer loop
      vertex -7.64108 11.0963 10
      vertex -7.23628 9.91969 0
      vertex -7.23628 9.91969 10
    endloop
  endfacet
  facet normal 0.765209 0.643782 0
    outer loop
      vertex 79.6916 59.1637 10
      vertex 78.8905 60.1159 0
      vertex 78.8905 60.1159 10
    endloop
  endfacet
  facet normal 0.765209 0.643782 0
    outer loop
      vertex 78.8905 60.1159 0
      vertex 79.6916 59.1637 10
      vertex 79.6916 59.1637 0
    endloop
  endfacet
  facet normal -0.945602 0.325327 0
    outer loop
      vertex -7.64108 42.9037 0
      vertex -7.23628 44.0803 10
      vertex -7.23628 44.0803 0
    endloop
  endfacet
  facet normal -0.945602 0.325327 0
    outer loop
      vertex -7.23628 44.0803 10
      vertex -7.64108 42.9037 0
      vertex -7.64108 42.9037 10
    endloop
  endfacet
  facet normal 0.37128 0.928521 -0
    outer loop
      vertex 59.9021 73.8407 0
      vertex 58.7467 74.3027 10
      vertex 59.9021 73.8407 10
    endloop
  endfacet
  facet normal 0.37128 0.928521 0
    outer loop
      vertex 58.7467 74.3027 10
      vertex 59.9021 73.8407 0
      vertex 58.7467 74.3027 0
    endloop
  endfacet
  facet normal -0.953313 0.301985 0
    outer loop
      vertex -8.01687 41.7174 0
      vertex -7.64108 42.9037 10
      vertex -7.64108 42.9037 0
    endloop
  endfacet
  facet normal -0.953313 0.301985 0
    outer loop
      vertex -7.64108 42.9037 10
      vertex -8.01687 41.7174 0
      vertex -8.01687 41.7174 10
    endloop
  endfacet
  facet normal -0.325327 -0.945602 0
    outer loop
      vertex 23.4197 -20.7363 0
      vertex 24.5963 -21.1411 10
      vertex 23.4197 -20.7363 10
    endloop
  endfacet
  facet normal -0.325327 -0.945602 -0
    outer loop
      vertex 24.5963 -21.1411 10
      vertex 23.4197 -20.7363 0
      vertex 24.5963 -21.1411 0
    endloop
  endfacet
  facet normal -0.503546 -0.863968 0
    outer loop
      vertex 14.435 -16.4868 0
      vertex 15.5101 -17.1134 10
      vertex 14.435 -16.4868 10
    endloop
  endfacet
  facet normal -0.503546 -0.863968 -0
    outer loop
      vertex 15.5101 -17.1134 10
      vertex 14.435 -16.4868 0
      vertex 15.5101 -17.1134 0
    endloop
  endfacet
  facet normal -0.18307 -0.9831 0
    outer loop
      vertex 30.6089 -22.7258 0
      vertex 31.8322 -22.9536 10
      vertex 30.6089 -22.7258 10
    endloop
  endfacet
  facet normal -0.18307 -0.9831 -0
    outer loop
      vertex 31.8322 -22.9536 10
      vertex 30.6089 -22.7258 0
      vertex 31.8322 -22.9536 0
    endloop
  endfacet
  facet normal -0.301993 0.95331 0
    outer loop
      vertex 25.7826 75.5169 0
      vertex 24.5963 75.1411 10
      vertex 25.7826 75.5169 10
    endloop
  endfacet
  facet normal -0.301993 0.95331 0
    outer loop
      vertex 24.5963 75.1411 10
      vertex 25.7826 75.5169 0
      vertex 24.5963 75.1411 0
    endloop
  endfacet
  facet normal -0.460568 0.887624 0
    outer loop
      vertex 17.7047 72.2865 0
      vertex 16.6002 71.7134 10
      vertex 17.7047 72.2865 10
    endloop
  endfacet
  facet normal -0.460568 0.887624 0
    outer loop
      vertex 16.6002 71.7134 10
      vertex 17.7047 72.2865 0
      vertex 16.6002 71.7134 0
    endloop
  endfacet
  facet normal 0.715733 -0.698374 0
    outer loop
      vertex 76.3503 -8.85031 10
      vertex 77.2193 -7.95971 0
      vertex 77.2193 -7.95971 10
    endloop
  endfacet
  facet normal 0.715733 -0.698374 0
    outer loop
      vertex 77.2193 -7.95971 0
      vertex 76.3503 -8.85031 10
      vertex 76.3503 -8.85031 0
    endloop
  endfacet
  facet normal -0.134611 0.990899 0
    outer loop
      vertex 34.2938 77.3187 0
      vertex 33.0608 77.1512 10
      vertex 34.2938 77.3187 10
    endloop
  endfacet
  facet normal -0.134611 0.990899 0
    outer loop
      vertex 33.0608 77.1512 10
      vertex 34.2938 77.3187 0
      vertex 33.0608 77.1512 0
    endloop
  endfacet
  facet normal -0.0613176 -0.998118 0
    outer loop
      vertex 36.7703 -23.5626 0
      vertex 38.0123 -23.6389 10
      vertex 36.7703 -23.5626 10
    endloop
  endfacet
  facet normal -0.0613176 -0.998118 -0
    outer loop
      vertex 38.0123 -23.6389 10
      vertex 36.7703 -23.5626 0
      vertex 38.0123 -23.6389 0
    endloop
  endfacet
  facet normal -0.749136 -0.662416 0
    outer loop
      vertex 2.93378 -7.04804 0
      vertex 2.10951 -6.11586 10
      vertex 2.10951 -6.11586 0
    endloop
  endfacet
  facet normal -0.749136 -0.662416 0
    outer loop
      vertex 2.10951 -6.11586 10
      vertex 2.93378 -7.04804 0
      vertex 2.93378 -7.04804 10
    endloop
  endfacet
  facet normal -0.780738 -0.624858 0
    outer loop
      vertex 1.30837 -5.16374 0
      vertex 0.530837 -4.19224 10
      vertex 0.530837 -4.19224 0
    endloop
  endfacet
  facet normal -0.780738 -0.624858 0
    outer loop
      vertex 0.530837 -4.19224 10
      vertex 1.30837 -5.16374 0
      vertex 1.30837 -5.16374 10
    endloop
  endfacet
  facet normal -0.993907 -0.110224 0
    outer loop
      vertex -9.81871 20.7938 0
      vertex -9.95586 22.0305 10
      vertex -9.95586 22.0305 0
    endloop
  endfacet
  facet normal -0.993907 -0.110224 0
    outer loop
      vertex -9.95586 22.0305 10
      vertex -9.81871 20.7938 0
      vertex -9.81871 20.7938 10
    endloop
  endfacet
  facet normal -0.0368066 -0.999322 0
    outer loop
      vertex 38.0123 -23.6389 0
      vertex 39.2558 -23.6847 10
      vertex 38.0123 -23.6389 10
    endloop
  endfacet
  facet normal -0.0368066 -0.999322 -0
    outer loop
      vertex 39.2558 -23.6847 10
      vertex 38.0123 -23.6389 0
      vertex 39.2558 -23.6847 0
    endloop
  endfacet
  facet normal -0.993907 0.110224 0
    outer loop
      vertex -9.95586 31.9695 0
      vertex -9.81871 33.2062 10
      vertex -9.81871 33.2062 0
    endloop
  endfacet
  facet normal -0.993907 0.110224 0
    outer loop
      vertex -9.81871 33.2062 10
      vertex -9.95586 31.9695 0
      vertex -9.95586 31.9695 10
    endloop
  endfacet
  facet normal 0.662461 -0.749096 0
    outer loop
      vertex 73.6159 -11.3905 0
      vertex 74.548 -10.5662 10
      vertex 73.6159 -11.3905 10
    endloop
  endfacet
  facet normal 0.662461 -0.749096 0
    outer loop
      vertex 74.548 -10.5662 10
      vertex 73.6159 -11.3905 0
      vertex 74.548 -10.5662 0
    endloop
  endfacet
  facet normal 0.680577 -0.732677 0
    outer loop
      vertex 74.548 -10.5662 0
      vertex 75.4597 -9.71933 10
      vertex 74.548 -10.5662 10
    endloop
  endfacet
  facet normal 0.680577 -0.732677 0
    outer loop
      vertex 75.4597 -9.71933 10
      vertex 74.548 -10.5662 0
      vertex 75.4597 -9.71933 0
    endloop
  endfacet
  facet normal -0.838227 -0.545322 0
    outer loop
      vertex -1.65551 -1.16741 0
      vertex -2.33407 -0.124379 10
      vertex -2.33407 -0.124379 0
    endloop
  endfacet
  facet normal -0.838227 -0.545322 0
    outer loop
      vertex -2.33407 -0.124379 10
      vertex -1.65551 -1.16741 0
      vertex -1.65551 -1.16741 10
    endloop
  endfacet
  facet normal -0.863972 -0.503539 0
    outer loop
      vertex -2.98684 0.934991 0
      vertex -3.61341 2.01006 10
      vertex -3.61341 2.01006 0
    endloop
  endfacet
  facet normal -0.863972 -0.503539 0
    outer loop
      vertex -3.61341 2.01006 10
      vertex -2.98684 0.934991 0
      vertex -2.98684 0.934991 10
    endloop
  endfacet
  facet normal 0.18307 -0.9831 0
    outer loop
      vertex 49.1678 -22.9536 0
      vertex 50.3911 -22.7258 10
      vertex 49.1678 -22.9536 10
    endloop
  endfacet
  facet normal 0.18307 -0.9831 0
    outer loop
      vertex 50.3911 -22.7258 10
      vertex 49.1678 -22.9536 0
      vertex 50.3911 -22.7258 0
    endloop
  endfacet
  facet normal 0.207108 -0.978318 0
    outer loop
      vertex 50.3911 -22.7258 0
      vertex 51.6084 -22.4681 10
      vertex 50.3911 -22.7258 10
    endloop
  endfacet
  facet normal 0.207108 -0.978318 0
    outer loop
      vertex 51.6084 -22.4681 10
      vertex 50.3911 -22.7258 0
      vertex 51.6084 -22.4681 0
    endloop
  endfacet
  facet normal 0.524541 -0.851385 0
    outer loop
      vertex 66.565 -16.4868 0
      vertex 67.6244 -15.8341 10
      vertex 66.565 -16.4868 10
    endloop
  endfacet
  facet normal 0.524541 -0.851385 0
    outer loop
      vertex 67.6244 -15.8341 10
      vertex 66.565 -16.4868 0
      vertex 67.6244 -15.8341 0
    endloop
  endfacet
  facet normal 0.503546 -0.863968 0
    outer loop
      vertex 65.4899 -17.1134 0
      vertex 66.565 -16.4868 10
      vertex 65.4899 -17.1134 10
    endloop
  endfacet
  facet normal 0.503546 -0.863968 0
    outer loop
      vertex 66.565 -16.4868 10
      vertex 65.4899 -17.1134 0
      vertex 66.565 -16.4868 0
    endloop
  endfacet
  facet normal -0.990903 -0.13458 0
    outer loop
      vertex -9.65125 19.5608 0
      vertex -9.81871 20.7938 10
      vertex -9.81871 20.7938 0
    endloop
  endfacet
  facet normal -0.990903 -0.13458 0
    outer loop
      vertex -9.81871 20.7938 10
      vertex -9.65125 19.5608 0
      vertex -9.65125 19.5608 10
    endloop
  endfacet
  facet normal -0.97294 -0.231056 0
    outer loop
      vertex -8.68058 14.6809 0
      vertex -8.9681 15.8916 10
      vertex -8.9681 15.8916 0
    endloop
  endfacet
  facet normal -0.97294 -0.231056 0
    outer loop
      vertex -8.9681 15.8916 10
      vertex -8.68058 14.6809 0
      vertex -8.68058 14.6809 10
    endloop
  endfacet
  facet normal -0.585775 -0.810474 0
    outer loop
      vertex 10.298 -13.7226 0
      vertex 11.3065 -14.4515 10
      vertex 10.298 -13.7226 10
    endloop
  endfacet
  facet normal -0.585775 -0.810474 -0
    outer loop
      vertex 11.3065 -14.4515 10
      vertex 10.298 -13.7226 0
      vertex 11.3065 -14.4515 0
    endloop
  endfacet
  facet normal 0.838212 -0.545344 0
    outer loop
      vertex 82.6555 -1.16741 10
      vertex 83.3341 -0.124379 0
      vertex 83.3341 -0.124379 10
    endloop
  endfacet
  facet normal 0.838212 -0.545344 0
    outer loop
      vertex 83.3341 -0.124379 0
      vertex 82.6555 -1.16741 10
      vertex 82.6555 -1.16741 0
    endloop
  endfacet
  facet normal 0.82461 -0.565701 0
    outer loop
      vertex 81.9516 -2.19347 10
      vertex 82.6555 -1.16741 0
      vertex 82.6555 -1.16741 10
    endloop
  endfacet
  facet normal 0.82461 -0.565701 0
    outer loop
      vertex 82.6555 -1.16741 0
      vertex 81.9516 -2.19347 10
      vertex 81.9516 -2.19347 0
    endloop
  endfacet
  facet normal 0.254921 0.966962 -0
    outer loop
      vertex 54.0223 75.8634 0
      vertex 52.8191 76.1806 10
      vertex 54.0223 75.8634 10
    endloop
  endfacet
  facet normal 0.254921 0.966962 0
    outer loop
      vertex 52.8191 76.1806 10
      vertex 54.0223 75.8634 0
      vertex 52.8191 76.1806 0
    endloop
  endfacet
  facet normal -0.715725 0.698382 0
    outer loop
      vertex 3.78067 61.9597 0
      vertex 4.64969 62.8503 10
      vertex 4.64969 62.8503 0
    endloop
  endfacet
  facet normal -0.715725 0.698382 0
    outer loop
      vertex 4.64969 62.8503 10
      vertex 3.78067 61.9597 0
      vertex 3.78067 61.9597 10
    endloop
  endfacet
  facet normal 0.0857453 -0.996317 0
    outer loop
      vertex 44.2297 -23.5626 0
      vertex 45.4695 -23.4559 10
      vertex 44.2297 -23.5626 10
    endloop
  endfacet
  facet normal 0.0857453 -0.996317 0
    outer loop
      vertex 45.4695 -23.4559 10
      vertex 44.2297 -23.5626 0
      vertex 45.4695 -23.4559 0
    endloop
  endfacet
  facet normal 0.524541 0.851385 -0
    outer loop
      vertex 67.6244 69.8341 0
      vertex 66.565 70.4868 10
      vertex 67.6244 69.8341 10
    endloop
  endfacet
  facet normal 0.524541 0.851385 0
    outer loop
      vertex 66.565 70.4868 10
      vertex 67.6244 69.8341 0
      vertex 66.565 70.4868 0
    endloop
  endfacet
  facet normal -0.78074 0.624856 0
    outer loop
      vertex 1 58.7784 0
      vertex 1.30837 59.1637 10
      vertex 1.30837 59.1637 0
    endloop
  endfacet
  facet normal -0.78074 0.624856 0
    outer loop
      vertex 1.30837 59.1637 10
      vertex 1 58.7784 0
      vertex 1 58.7784 10
    endloop
  endfacet
  facet normal -0.643813 -0.765182 0
    outer loop
      vertex 7.38414 -11.3905 0
      vertex 8.33626 -12.1916 10
      vertex 7.38414 -11.3905 10
    endloop
  endfacet
  facet normal -0.643813 -0.765182 -0
    outer loop
      vertex 8.33626 -12.1916 10
      vertex 7.38414 -11.3905 0
      vertex 8.33626 -12.1916 0
    endloop
  endfacet
  facet normal -0.394045 0.919091 0
    outer loop
      vertex 21.0979 73.8407 0
      vertex 19.9543 73.3504 10
      vertex 21.0979 73.8407 10
    endloop
  endfacet
  facet normal -0.394045 0.919091 0
    outer loop
      vertex 19.9543 73.3504 10
      vertex 21.0979 73.8407 0
      vertex 19.9543 73.3504 0
    endloop
  endfacet
  facet normal -0.990903 0.13458 0
    outer loop
      vertex -9.81871 33.2062 0
      vertex -9.65125 34.4392 10
      vertex -9.65125 34.4392 0
    endloop
  endfacet
  facet normal -0.990903 0.13458 0
    outer loop
      vertex -9.65125 34.4392 10
      vertex -9.81871 33.2062 0
      vertex -9.81871 33.2062 10
    endloop
  endfacet
  facet normal -0.565741 -0.824583 0
    outer loop
      vertex 11.3065 -14.4515 0
      vertex 12.3326 -15.1555 10
      vertex 11.3065 -14.4515 10
    endloop
  endfacet
  facet normal -0.565741 -0.824583 -0
    outer loop
      vertex 12.3326 -15.1555 10
      vertex 11.3065 -14.4515 0
      vertex 12.3326 -15.1555 0
    endloop
  endfacet
  facet normal 0.780712 0.624891 0
    outer loop
      vertex 80.4692 58.1922 10
      vertex 79.6916 59.1637 0
      vertex 79.6916 59.1637 10
    endloop
  endfacet
  facet normal 0.780712 0.624891 0
    outer loop
      vertex 79.6916 59.1637 0
      vertex 80.4692 58.1922 10
      vertex 80.4692 58.1922 0
    endloop
  endfacet
  facet normal -0.134611 -0.990899 0
    outer loop
      vertex 33.0608 -23.1512 0
      vertex 34.2938 -23.3187 10
      vertex 33.0608 -23.1512 10
    endloop
  endfacet
  facet normal -0.134611 -0.990899 -0
    outer loop
      vertex 34.2938 -23.3187 10
      vertex 33.0608 -23.1512 0
      vertex 34.2938 -23.3187 0
    endloop
  endfacet
  facet normal -0.919113 -0.393995 0
    outer loop
      vertex -5.85043 6.45427 0
      vertex -6.34069 7.59795 10
      vertex -6.34069 7.59795 0
    endloop
  endfacet
  facet normal -0.919113 -0.393995 0
    outer loop
      vertex -6.34069 7.59795 10
      vertex -5.85043 6.45427 0
      vertex -5.85043 6.45427 10
    endloop
  endfacet
  facet normal -0.978316 0.207116 0
    outer loop
      vertex -9.22581 36.8911 0
      vertex -8.9681 38.1084 10
      vertex -8.9681 38.1084 0
    endloop
  endfacet
  facet normal -0.978316 0.207116 0
    outer loop
      vertex -8.9681 38.1084 10
      vertex -9.22581 36.8911 0
      vertex -9.22581 36.8911 10
    endloop
  endfacet
  facet normal -0.43861 0.898677 0
    outer loop
      vertex 18.823 72.8323 0
      vertex 17.7047 72.2865 10
      vertex 18.823 72.8323 10
    endloop
  endfacet
  facet normal -0.43861 0.898677 0
    outer loop
      vertex 17.7047 72.2865 10
      vertex 18.823 72.8323 0
      vertex 17.7047 72.2865 0
    endloop
  endfacet
  facet normal -0.460568 -0.887624 0
    outer loop
      vertex 16.6002 -17.7134 0
      vertex 17.7047 -18.2865 10
      vertex 16.6002 -17.7134 10
    endloop
  endfacet
  facet normal -0.460568 -0.887624 -0
    outer loop
      vertex 17.7047 -18.2865 10
      vertex 16.6002 -17.7134 0
      vertex 17.7047 -18.2865 0
    endloop
  endfacet
  facet normal -0.207108 -0.978318 0
    outer loop
      vertex 29.3916 -22.4681 0
      vertex 30.6089 -22.7258 10
      vertex 29.3916 -22.4681 10
    endloop
  endfacet
  facet normal -0.207108 -0.978318 -0
    outer loop
      vertex 30.6089 -22.7258 10
      vertex 29.3916 -22.4681 0
      vertex 30.6089 -22.7258 0
    endloop
  endfacet
  facet normal -0.83822 0.545333 0
    outer loop
      vertex -2.33407 54.1244 0
      vertex -1.65551 55.1674 10
      vertex -1.65551 55.1674 0
    endloop
  endfacet
  facet normal -0.83822 0.545333 0
    outer loop
      vertex -1.65551 55.1674 10
      vertex -2.33407 54.1244 0
      vertex -2.33407 54.1244 10
    endloop
  endfacet
  facet normal 0.0368136 -0.999322 0
    outer loop
      vertex 38.1104 75.6413 0
      vertex 39.3048 75.6853 10
      vertex 38.1104 75.6413 10
    endloop
  endfacet
  facet normal 0.0368136 -0.999322 0
    outer loop
      vertex 39.3048 75.6853 10
      vertex 38.1104 75.6413 0
      vertex 39.3048 75.6853 0
    endloop
  endfacet
  facet normal 0.88763 -0.460557 0
    outer loop
      vertex -3.00002 48.8961 10
      vertex -2.44956 49.957 0
      vertex -2.44956 49.957 10
    endloop
  endfacet
  facet normal 0.88763 -0.460557 0
    outer loop
      vertex -2.44956 49.957 0
      vertex -3.00002 48.8961 10
      vertex -3.00002 48.8961 0
    endloop
  endfacet
  facet normal -0.624868 0.78073 0
    outer loop
      vertex 71.395 -10.6456 0
      vertex 70.4618 -11.3925 10
      vertex 71.395 -10.6456 10
    endloop
  endfacet
  facet normal -0.624868 0.78073 0
    outer loop
      vertex 70.4618 -11.3925 10
      vertex 71.395 -10.6456 0
      vertex 70.4618 -11.3925 0
    endloop
  endfacet
  facet normal 0.605501 -0.795844 0
    outer loop
      vertex 10.5382 65.3925 0
      vertex 11.4894 66.1162 10
      vertex 10.5382 65.3925 10
    endloop
  endfacet
  facet normal 0.605501 -0.795844 0
    outer loop
      vertex 11.4894 66.1162 10
      vertex 10.5382 65.3925 0
      vertex 11.4894 66.1162 0
    endloop
  endfacet
  facet normal -0.0368136 0.999322 0
    outer loop
      vertex 42.8896 -21.6413 0
      vertex 41.6952 -21.6853 10
      vertex 42.8896 -21.6413 10
    endloop
  endfacet
  facet normal -0.0368136 0.999322 0
    outer loop
      vertex 41.6952 -21.6853 10
      vertex 42.8896 -21.6413 0
      vertex 41.6952 -21.6853 0
    endloop
  endfacet
  facet normal 0.110184 0.993911 -0
    outer loop
      vertex 35.7266 -21.4655 0
      vertex 34.5386 -21.3338 10
      vertex 35.7266 -21.4655 10
    endloop
  endfacet
  facet normal 0.110184 0.993911 0
    outer loop
      vertex 34.5386 -21.3338 10
      vertex 35.7266 -21.4655 0
      vertex 34.5386 -21.3338 0
    endloop
  endfacet
  facet normal 0.545321 -0.838228 0
    outer loop
      vertex 13.4437 67.4926 0
      vertex 14.4456 68.1444 10
      vertex 13.4437 67.4926 10
    endloop
  endfacet
  facet normal 0.545321 -0.838228 0
    outer loop
      vertex 14.4456 68.1444 10
      vertex 13.4437 67.4926 0
      vertex 14.4456 68.1444 0
    endloop
  endfacet
  facet normal -0.503491 -0.864 0
    outer loop
      vertex 64.5041 69.3732 0
      vertex 65.5368 68.7714 10
      vertex 64.5041 69.3732 10
    endloop
  endfacet
  facet normal -0.503491 -0.864 -0
    outer loop
      vertex 65.5368 68.7714 10
      vertex 64.5041 69.3732 0
      vertex 65.5368 68.7714 0
    endloop
  endfacet
  facet normal 0.110184 -0.993911 0
    outer loop
      vertex 34.5386 75.3338 0
      vertex 35.7266 75.4655 10
      vertex 34.5386 75.3338 10
    endloop
  endfacet
  facet normal 0.110184 -0.993911 0
    outer loop
      vertex 35.7266 75.4655 10
      vertex 34.5386 75.3338 0
      vertex 35.7266 75.4655 0
    endloop
  endfacet
  facet normal 0.348371 -0.937357 0
    outer loop
      vertex 22.9731 72.4368 0
      vertex 24.0935 72.8532 10
      vertex 22.9731 72.4368 10
    endloop
  endfacet
  facet normal 0.348371 -0.937357 0
    outer loop
      vertex 24.0935 72.8532 10
      vertex 22.9731 72.4368 0
      vertex 24.0935 72.8532 0
    endloop
  endfacet
  facet normal -0.0122983 -0.999924 0
    outer loop
      vertex 40.5 75.7 0
      vertex 41.6952 75.6853 10
      vertex 40.5 75.7 10
    endloop
  endfacet
  facet normal -0.0122983 -0.999924 -0
    outer loop
      vertex 41.6952 75.6853 10
      vertex 40.5 75.7 0
      vertex 41.6952 75.6853 0
    endloop
  endfacet
  facet normal -0.810448 0.585811 0
    outer loop
      vertex 79.6162 -2.01056 0
      vertex 80.3164 -1.04186 10
      vertex 80.3164 -1.04186 0
    endloop
  endfacet
  facet normal -0.810448 0.585811 0
    outer loop
      vertex 80.3164 -1.04186 10
      vertex 79.6162 -2.01056 0
      vertex 79.6162 -2.01056 10
    endloop
  endfacet
  facet normal -0.0613261 0.998118 0
    outer loop
      vertex 44.0826 -21.568 0
      vertex 42.8896 -21.6413 10
      vertex 44.0826 -21.568 10
    endloop
  endfacet
  facet normal -0.0613261 0.998118 0
    outer loop
      vertex 42.8896 -21.6413 10
      vertex 44.0826 -21.568 0
      vertex 42.8896 -21.6413 0
    endloop
  endfacet
  facet normal 0.86397 0.503543 0
    outer loop
      vertex -1.27138 1.9632 10
      vertex -1.87324 2.99586 0
      vertex -1.87324 2.99586 10
    endloop
  endfacet
  facet normal 0.86397 0.503543 0
    outer loop
      vertex -1.87324 2.99586 0
      vertex -1.27138 1.9632 10
      vertex -1.27138 1.9632 0
    endloop
  endfacet
  facet normal -0.207077 0.978325 0
    outer loop
      vertex 51.1702 -20.5167 0
      vertex 50.0009 -20.7642 10
      vertex 51.1702 -20.5167 10
    endloop
  endfacet
  facet normal -0.207077 0.978325 0
    outer loop
      vertex 50.0009 -20.7642 10
      vertex 51.1702 -20.5167 0
      vertex 50.0009 -20.7642 0
    endloop
  endfacet
  facet normal -0.88766 0.4605 0
    outer loop
      vertex 83.4496 4.04298 0
      vertex 84 5.10393 10
      vertex 84 5.10393 0
    endloop
  endfacet
  facet normal -0.88766 0.4605 0
    outer loop
      vertex 84 5.10393 10
      vertex 83.4496 4.04298 0
      vertex 83.4496 4.04298 10
    endloop
  endfacet
  facet normal -0.524573 -0.851365 0
    outer loop
      vertex 65.5368 68.7714 0
      vertex 66.5544 68.1444 10
      vertex 65.5368 68.7714 10
    endloop
  endfacet
  facet normal -0.524573 -0.851365 -0
    outer loop
      vertex 66.5544 68.1444 10
      vertex 65.5368 68.7714 0
      vertex 66.5544 68.1444 0
    endloop
  endfacet
  facet normal 0.624889 -0.780714 0
    outer loop
      vertex 9.60505 64.6456 0
      vertex 10.5382 65.3925 10
      vertex 9.60505 64.6456 10
    endloop
  endfacet
  facet normal 0.624889 -0.780714 0
    outer loop
      vertex 10.5382 65.3925 10
      vertex 9.60505 64.6456 0
      vertex 10.5382 65.3925 0
    endloop
  endfacet
  facet normal -0.996316 0.0857595 0
    outer loop
      vertex 88.9655 22.2266 0
      vertex 89.068 23.4174 10
      vertex 89.068 23.4174 0
    endloop
  endfacet
  facet normal -0.996316 0.0857595 0
    outer loop
      vertex 89.068 23.4174 10
      vertex 88.9655 22.2266 0
      vertex 88.9655 22.2266 10
    endloop
  endfacet
  facet normal 0.795834 0.605514 0
    outer loop
      vertex 2.10753 -2.96178 10
      vertex 1.38379 -2.01056 0
      vertex 1.38379 -2.01056 10
    endloop
  endfacet
  facet normal 0.795834 0.605514 0
    outer loop
      vertex 1.38379 -2.01056 0
      vertex 2.10753 -2.96178 10
      vertex 2.10753 -2.96178 0
    endloop
  endfacet
  facet normal -0.438626 0.89867 0
    outer loop
      vertex 62.3961 -16.5 0
      vertex 61.3219 -17.0243 10
      vertex 62.3961 -16.5 10
    endloop
  endfacet
  facet normal -0.438626 0.89867 0
    outer loop
      vertex 61.3219 -17.0243 10
      vertex 62.3961 -16.5 0
      vertex 61.3219 -17.0243 0
    endloop
  endfacet
  facet normal -0.795844 -0.605501 0
    outer loop
      vertex 79.6162 56.0106 0
      vertex 78.8925 56.9618 10
      vertex 78.8925 56.9618 0
    endloop
  endfacet
  facet normal -0.795844 -0.605501 0
    outer loop
      vertex 78.8925 56.9618 10
      vertex 79.6162 56.0106 0
      vertex 79.6162 56.0106 10
    endloop
  endfacet
  facet normal 0.983106 0.183035 0
    outer loop
      vertex -7.26424 17.4991 10
      vertex -7.48302 18.6742 0
      vertex -7.48302 18.6742 10
    endloop
  endfacet
  facet normal 0.983106 0.183035 0
    outer loop
      vertex -7.48302 18.6742 0
      vertex -7.26424 17.4991 10
      vertex -7.26424 17.4991 0
    endloop
  endfacet
  facet normal -0.937357 -0.348371 0
    outer loop
      vertex 86.3532 43.4065 0
      vertex 85.9368 44.5269 10
      vertex 85.9368 44.5269 0
    endloop
  endfacet
  facet normal -0.937357 -0.348371 0
    outer loop
      vertex 85.9368 44.5269 10
      vertex 86.3532 43.4065 0
      vertex 86.3532 43.4065 10
    endloop
  endfacet
  facet normal 0.482237 0.876041 -0
    outer loop
      vertex 17.543 -15.9496 0
      vertex 16.4959 -15.3732 10
      vertex 17.543 -15.9496 10
    endloop
  endfacet
  facet normal 0.482237 0.876041 0
    outer loop
      vertex 16.4959 -15.3732 10
      vertex 17.543 -15.9496 0
      vertex 16.4959 -15.3732 0
    endloop
  endfacet
  facet normal -0.838196 -0.545369 0
    outer loop
      vertex 81.6444 53.0544 0
      vertex 81 54.0448 10
      vertex 81 54.0448 0
    endloop
  endfacet
  facet normal -0.838196 -0.545369 0
    outer loop
      vertex 81 54.0448 10
      vertex 81.6444 53.0544 0
      vertex 81.6444 53.0544 10
    endloop
  endfacet
  facet normal -0.371304 0.928511 0
    outer loop
      vertex 59.1367 -17.9929 0
      vertex 58.0269 -18.4367 10
      vertex 59.1367 -17.9929 10
    endloop
  endfacet
  facet normal -0.371304 0.928511 0
    outer loop
      vertex 58.0269 -18.4367 10
      vertex 59.1367 -17.9929 0
      vertex 58.0269 -18.4367 0
    endloop
  endfacet
  facet normal -0.110184 -0.993911 0
    outer loop
      vertex 45.2734 75.4655 0
      vertex 46.4614 75.3338 10
      vertex 45.2734 75.4655 10
    endloop
  endfacet
  facet normal -0.110184 -0.993911 -0
    outer loop
      vertex 46.4614 75.3338 10
      vertex 45.2734 75.4655 0
      vertex 46.4614 75.3338 0
    endloop
  endfacet
  facet normal 0.158888 -0.987297 0
    outer loop
      vertex 32.1742 74.983 0
      vertex 33.3542 75.1729 10
      vertex 32.1742 74.983 10
    endloop
  endfacet
  facet normal 0.158888 -0.987297 0
    outer loop
      vertex 33.3542 75.1729 10
      vertex 32.1742 74.983 0
      vertex 33.3542 75.1729 0
    endloop
  endfacet
  facet normal 0.937343 -0.348408 0
    outer loop
      vertex -5.3532 43.4065 10
      vertex -4.93675 44.5269 0
      vertex -4.93675 44.5269 10
    endloop
  endfacet
  facet normal 0.937343 -0.348408 0
    outer loop
      vertex -4.93675 44.5269 0
      vertex -5.3532 43.4065 10
      vertex -5.3532 43.4065 0
    endloop
  endfacet
  facet normal -0.999924 -0.0122983 0
    outer loop
      vertex 89.2 27 0
      vertex 89.1853 28.1952 10
      vertex 89.1853 28.1952 0
    endloop
  endfacet
  facet normal -0.999924 -0.0122983 0
    outer loop
      vertex 89.1853 28.1952 10
      vertex 89.2 27 0
      vertex 89.2 27 10
    endloop
  endfacet
  facet normal 0.998118 -0.0613261 0
    outer loop
      vertex -8.14134 29.3896 10
      vertex -8.06804 30.5826 0
      vertex -8.06804 30.5826 10
    endloop
  endfacet
  facet normal 0.998118 -0.0613261 0
    outer loop
      vertex -8.06804 30.5826 0
      vertex -8.14134 29.3896 10
      vertex -8.14134 29.3896 0
    endloop
  endfacet
  facet normal 0.732652 -0.680604 0
    outer loop
      vertex 4.41568 59.7049 10
      vertex 5.22917 60.5806 0
      vertex 5.22917 60.5806 10
    endloop
  endfacet
  facet normal 0.732652 -0.680604 0
    outer loop
      vertex 5.22917 60.5806 0
      vertex 4.41568 59.7049 10
      vertex 4.41568 59.7049 0
    endloop
  endfacet
  facet normal 0.863978 -0.503529 0
    outer loop
      vertex -1.87324 51.0041 10
      vertex -1.27138 52.0368 0
      vertex -1.27138 52.0368 10
    endloop
  endfacet
  facet normal 0.863978 -0.503529 0
    outer loop
      vertex -1.27138 52.0368 0
      vertex -1.87324 51.0041 10
      vertex -1.87324 51.0041 0
    endloop
  endfacet
  facet normal 0.966977 0.254863 0
    outer loop
      vertex -6.43589 14.0111 10
      vertex -6.74052 15.1669 0
      vertex -6.74052 15.1669 10
    endloop
  endfacet
  facet normal 0.966977 0.254863 0
    outer loop
      vertex -6.74052 15.1669 0
      vertex -6.43589 14.0111 10
      vertex -6.43589 14.0111 0
    endloop
  endfacet
  facet normal 0.698373 0.715734 -0
    outer loop
      vertex 6.91938 -8.27083 0
      vertex 6.0639 -7.4361 10
      vertex 6.91938 -8.27083 10
    endloop
  endfacet
  facet normal 0.698373 0.715734 0
    outer loop
      vertex 6.0639 -7.4361 10
      vertex 6.91938 -8.27083 0
      vertex 6.0639 -7.4361 0
    endloop
  endfacet
  facet normal 0.231081 0.972934 -0
    outer loop
      vertex 29.8298 -20.5167 0
      vertex 28.6669 -20.2405 10
      vertex 29.8298 -20.5167 10
    endloop
  endfacet
  facet normal 0.231081 0.972934 0
    outer loop
      vertex 28.6669 -20.2405 10
      vertex 29.8298 -20.5167 0
      vertex 28.6669 -20.2405 0
    endloop
  endfacet
  facet normal -0.460517 -0.887651 0
    outer loop
      vertex 62.3961 70.5 0
      vertex 63.457 69.9496 10
      vertex 62.3961 70.5 10
    endloop
  endfacet
  facet normal -0.460517 -0.887651 -0
    outer loop
      vertex 63.457 69.9496 10
      vertex 62.3961 70.5 0
      vertex 63.457 69.9496 0
    endloop
  endfacet
  facet normal 0.8246 0.565716 0
    outer loop
      vertex 0.68362 -1.04186 10
      vertex 0.654902 -1 0
      vertex 0.654902 -1 10
    endloop
  endfacet
  facet normal 0.8246 0.565716 0
    outer loop
      vertex 0.654902 -1 0
      vertex 0.68362 -1.04186 10
      vertex 0.68362 -1.04186 0
    endloop
  endfacet
  facet normal -0.482237 0.876041 0
    outer loop
      vertex 64.5041 -15.3732 0
      vertex 63.457 -15.9496 10
      vertex 64.5041 -15.3732 10
    endloop
  endfacet
  facet normal -0.482237 0.876041 0
    outer loop
      vertex 63.457 -15.9496 10
      vertex 64.5041 -15.3732 0
      vertex 63.457 -15.9496 0
    endloop
  endfacet
  facet normal -0.953296 0.302036 0
    outer loop
      vertex 86.742 11.7237 0
      vertex 87.103 12.8631 10
      vertex 87.103 12.8631 0
    endloop
  endfacet
  facet normal -0.953296 0.302036 0
    outer loop
      vertex 87.103 12.8631 10
      vertex 86.742 11.7237 0
      vertex 86.742 11.7237 10
    endloop
  endfacet
  facet normal 0.97294 0.231058 0
    outer loop
      vertex -6.74052 15.1669 10
      vertex -7.01669 16.3298 0
      vertex -7.01669 16.3298 10
    endloop
  endfacet
  facet normal 0.97294 0.231058 0
    outer loop
      vertex -7.01669 16.3298 0
      vertex -6.74052 15.1669 10
      vertex -6.74052 15.1669 0
    endloop
  endfacet
  facet normal -0.0857595 0.996316 0
    outer loop
      vertex 45.2734 -21.4655 0
      vertex 44.0826 -21.568 10
      vertex 45.2734 -21.4655 10
    endloop
  endfacet
  facet normal -0.0857595 0.996316 0
    outer loop
      vertex 44.0826 -21.568 10
      vertex 45.2734 -21.4655 0
      vertex 44.0826 -21.568 0
    endloop
  endfacet
  facet normal -0.231081 0.972934 0
    outer loop
      vertex 52.3331 -20.2405 0
      vertex 51.1702 -20.5167 10
      vertex 52.3331 -20.2405 10
    endloop
  endfacet
  facet normal -0.231081 0.972934 0
    outer loop
      vertex 51.1702 -20.5167 10
      vertex 52.3331 -20.2405 0
      vertex 51.1702 -20.5167 0
    endloop
  endfacet
  facet normal -0.643839 -0.765161 0
    outer loop
      vertex 71.395 64.6456 0
      vertex 72.3095 63.8761 10
      vertex 71.395 64.6456 10
    endloop
  endfacet
  facet normal -0.643839 -0.765161 -0
    outer loop
      vertex 72.3095 63.8761 10
      vertex 71.395 64.6456 0
      vertex 72.3095 63.8761 0
    endloop
  endfacet
  facet normal 0.680604 0.732652 -0
    outer loop
      vertex 7.79508 -9.08432 0
      vertex 6.91938 -8.27083 10
      vertex 7.79508 -9.08432 10
    endloop
  endfacet
  facet normal 0.680604 0.732652 0
    outer loop
      vertex 6.91938 -8.27083 10
      vertex 7.79508 -9.08432 0
      vertex 6.91938 -8.27083 0
    endloop
  endfacet
  facet normal 0.0613261 -0.998118 0
    outer loop
      vertex 36.9174 75.568 0
      vertex 38.1104 75.6413 10
      vertex 36.9174 75.568 10
    endloop
  endfacet
  facet normal 0.0613261 -0.998118 0
    outer loop
      vertex 38.1104 75.6413 10
      vertex 36.9174 75.568 0
      vertex 38.1104 75.6413 0
    endloop
  endfacet
  facet normal 0.3253 -0.945611 0
    outer loop
      vertex 24.0935 72.8532 0
      vertex 25.2237 73.242 10
      vertex 24.0935 72.8532 10
    endloop
  endfacet
  facet normal 0.3253 -0.945611 0
    outer loop
      vertex 25.2237 73.242 10
      vertex 24.0935 72.8532 0
      vertex 25.2237 73.242 0
    endloop
  endfacet
  facet normal 0.565733 0.824588 -0
    outer loop
      vertex 13.4437 -13.4926 0
      vertex 12.4581 -12.8164 10
      vertex 13.4437 -13.4926 10
    endloop
  endfacet
  facet normal 0.565733 0.824588 0
    outer loop
      vertex 12.4581 -12.8164 10
      vertex 13.4437 -13.4926 0
      vertex 12.4581 -12.8164 0
    endloop
  endfacet
  facet normal -0.41643 -0.909168 0
    outer loop
      vertex 60.2353 71.522 0
      vertex 61.3219 71.0243 10
      vertex 60.2353 71.522 10
    endloop
  endfacet
  facet normal -0.41643 -0.909168 -0
    outer loop
      vertex 61.3219 71.0243 10
      vertex 60.2353 71.522 0
      vertex 61.3219 71.0243 0
    endloop
  endfacet
  facet normal -0.348445 0.937329 0
    outer loop
      vertex 58.0269 -18.4367 0
      vertex 56.9065 -18.8532 10
      vertex 58.0269 -18.4367 10
    endloop
  endfacet
  facet normal -0.348445 0.937329 0
    outer loop
      vertex 56.9065 -18.8532 10
      vertex 58.0269 -18.4367 0
      vertex 56.9065 -18.8532 0
    endloop
  endfacet
  facet normal -0.851361 0.52458 0
    outer loop
      vertex 81.6444 0.945617 0
      vertex 82.2714 1.9632 10
      vertex 82.2714 1.9632 0
    endloop
  endfacet
  facet normal -0.851361 0.52458 0
    outer loop
      vertex 82.2714 1.9632 10
      vertex 81.6444 0.945617 0
      vertex 81.6444 0.945617 10
    endloop
  endfacet
  facet normal -0.183051 -0.983103 0
    outer loop
      vertex 48.8258 74.983 0
      vertex 50.0009 74.7642 10
      vertex 48.8258 74.983 10
    endloop
  endfacet
  facet normal -0.183051 -0.983103 -0
    outer loop
      vertex 50.0009 74.7642 10
      vertex 48.8258 74.983 0
      vertex 50.0009 74.7642 0
    endloop
  endfacet
  facet normal -0.996316 -0.0857595 0
    outer loop
      vertex 89.068 30.5826 0
      vertex 88.9655 31.7734 10
      vertex 88.9655 31.7734 0
    endloop
  endfacet
  facet normal -0.996316 -0.0857595 0
    outer loop
      vertex 88.9655 31.7734 10
      vertex 89.068 30.5826 0
      vertex 89.068 30.5826 10
    endloop
  endfacet
  facet normal -0.998118 -0.0613261 0
    outer loop
      vertex 89.1413 29.3896 0
      vertex 89.068 30.5826 10
      vertex 89.068 30.5826 0
    endloop
  endfacet
  facet normal -0.998118 -0.0613261 0
    outer loop
      vertex 89.068 30.5826 10
      vertex 89.1413 29.3896 0
      vertex 89.1413 29.3896 10
    endloop
  endfacet
  facet normal -0.254839 -0.966983 0
    outer loop
      vertex 52.3331 74.2405 0
      vertex 53.4889 73.9359 10
      vertex 52.3331 74.2405 10
    endloop
  endfacet
  facet normal -0.254839 -0.966983 -0
    outer loop
      vertex 53.4889 73.9359 10
      vertex 52.3331 74.2405 0
      vertex 53.4889 73.9359 0
    endloop
  endfacet
  facet normal -0.999322 0.0368136 0
    outer loop
      vertex 89.1413 24.6104 0
      vertex 89.1853 25.8048 10
      vertex 89.1853 25.8048 0
    endloop
  endfacet
  facet normal -0.999322 0.0368136 0
    outer loop
      vertex 89.1853 25.8048 10
      vertex 89.1413 24.6104 0
      vertex 89.1413 24.6104 10
    endloop
  endfacet
  facet normal -0.825017 -0.565107 0
    outer loop
      vertex 80.3451 55 0
      vertex 80.3164 55.0419 10
      vertex 80.3164 55.0419 0
    endloop
  endfacet
  facet normal -0.825017 -0.565107 0
    outer loop
      vertex 80.3164 55.0419 10
      vertex 80.3451 55 0
      vertex 80.3451 55 10
    endloop
  endfacet
  facet normal -0.278509 0.960434 0
    outer loop
      vertex 54.6369 -19.603 0
      vertex 53.4889 -19.9359 10
      vertex 54.6369 -19.603 10
    endloop
  endfacet
  facet normal -0.278509 0.960434 0
    outer loop
      vertex 53.4889 -19.9359 10
      vertex 54.6369 -19.603 0
      vertex 53.4889 -19.9359 0
    endloop
  endfacet
  facet normal 0.41643 0.909168 -0
    outer loop
      vertex 20.7647 -17.522 0
      vertex 19.6781 -17.0243 10
      vertex 20.7647 -17.522 10
    endloop
  endfacet
  facet normal 0.41643 0.909168 0
    outer loop
      vertex 19.6781 -17.0243 10
      vertex 20.7647 -17.522 0
      vertex 19.6781 -17.0243 0
    endloop
  endfacet
  facet normal -0.698352 -0.715754 0
    outer loop
      vertex 74.0806 62.2708 0
      vertex 74.9361 61.4361 10
      vertex 74.0806 62.2708 10
    endloop
  endfacet
  facet normal -0.698352 -0.715754 -0
    outer loop
      vertex 74.9361 61.4361 10
      vertex 74.0806 62.2708 0
      vertex 74.9361 61.4361 0
    endloop
  endfacet
  facet normal -0.810448 -0.585811 0
    outer loop
      vertex 80.3164 55.0419 0
      vertex 79.6162 56.0106 10
      vertex 79.6162 56.0106 0
    endloop
  endfacet
  facet normal -0.810448 -0.585811 0
    outer loop
      vertex 79.6162 56.0106 10
      vertex 80.3164 55.0419 0
      vertex 80.3164 55.0419 10
    endloop
  endfacet
  facet normal -0.887651 -0.460517 0
    outer loop
      vertex 84 48.8961 0
      vertex 83.4496 49.957 10
      vertex 83.4496 49.957 0
    endloop
  endfacet
  facet normal -0.887651 -0.460517 0
    outer loop
      vertex 83.4496 49.957 10
      vertex 84 48.8961 0
      vertex 84 48.8961 10
    endloop
  endfacet
  facet normal 0.715742 -0.698365 0
    outer loop
      vertex 5.22917 60.5806 10
      vertex 6.0639 61.4361 0
      vertex 6.0639 61.4361 10
    endloop
  endfacet
  facet normal 0.715742 -0.698365 0
    outer loop
      vertex 6.0639 61.4361 0
      vertex 5.22917 60.5806 10
      vertex 5.22917 60.5806 0
    endloop
  endfacet
  facet normal -0.624868 -0.78073 0
    outer loop
      vertex 70.4618 65.3925 0
      vertex 71.395 64.6456 10
      vertex 70.4618 65.3925 10
    endloop
  endfacet
  facet normal -0.624868 -0.78073 -0
    outer loop
      vertex 71.395 64.6456 10
      vertex 70.4618 65.3925 0
      vertex 71.395 64.6456 0
    endloop
  endfacet
  facet normal -0.919123 -0.39397 0
    outer loop
      vertex 85.4929 45.6367 0
      vertex 85.022 46.7353 10
      vertex 85.022 46.7353 0
    endloop
  endfacet
  facet normal -0.919123 -0.39397 0
    outer loop
      vertex 85.022 46.7353 10
      vertex 85.4929 45.6367 0
      vertex 85.4929 45.6367 10
    endloop
  endfacet
  facet normal 0.999322 0.0368053 0
    outer loop
      vertex -8.14134 24.6104 10
      vertex -8.18533 25.8048 0
      vertex -8.18533 25.8048 10
    endloop
  endfacet
  facet normal 0.999322 0.0368053 0
    outer loop
      vertex -8.18533 25.8048 0
      vertex -8.14134 24.6104 10
      vertex -8.14134 24.6104 0
    endloop
  endfacet
  facet normal 0.919117 -0.393984 0
    outer loop
      vertex -4.49293 45.6367 10
      vertex -4.02201 46.7353 0
      vertex -4.02201 46.7353 10
    endloop
  endfacet
  facet normal 0.919117 -0.393984 0
    outer loop
      vertex -4.02201 46.7353 0
      vertex -4.49293 45.6367 10
      vertex -4.49293 45.6367 0
    endloop
  endfacet
  facet normal -0.565733 0.824588 0
    outer loop
      vertex 68.5419 -12.8164 0
      vertex 67.5563 -13.4926 10
      vertex 68.5419 -12.8164 10
    endloop
  endfacet
  facet normal -0.565733 0.824588 0
    outer loop
      vertex 67.5563 -13.4926 10
      vertex 68.5419 -12.8164 0
      vertex 67.5563 -13.4926 0
    endloop
  endfacet
  facet normal -0.928481 0.371379 0
    outer loop
      vertex 85.4929 8.36332 0
      vertex 85.9368 9.47311 10
      vertex 85.9368 9.47311 0
    endloop
  endfacet
  facet normal -0.928481 0.371379 0
    outer loop
      vertex 85.9368 9.47311 10
      vertex 85.4929 8.36332 0
      vertex 85.4929 8.36332 10
    endloop
  endfacet
  facet normal 0.524573 -0.851365 0
    outer loop
      vertex 14.4456 68.1444 0
      vertex 15.4632 68.7714 10
      vertex 14.4456 68.1444 10
    endloop
  endfacet
  facet normal 0.524573 -0.851365 0
    outer loop
      vertex 15.4632 68.7714 10
      vertex 14.4456 68.1444 0
      vertex 15.4632 68.7714 0
    endloop
  endfacet
  facet normal 0.231081 -0.972934 0
    outer loop
      vertex 28.6669 74.2405 0
      vertex 29.8298 74.5167 10
      vertex 28.6669 74.2405 10
    endloop
  endfacet
  facet normal 0.231081 -0.972934 0
    outer loop
      vertex 29.8298 74.5167 10
      vertex 28.6669 74.2405 0
      vertex 29.8298 74.5167 0
    endloop
  endfacet
  facet normal -0.3253 0.945611 0
    outer loop
      vertex 56.9065 -18.8532 0
      vertex 55.7763 -19.242 10
      vertex 56.9065 -18.8532 10
    endloop
  endfacet
  facet normal -0.3253 0.945611 0
    outer loop
      vertex 55.7763 -19.242 10
      vertex 56.9065 -18.8532 0
      vertex 55.7763 -19.242 0
    endloop
  endfacet
  facet normal -0.987297 -0.158888 0
    outer loop
      vertex 88.6729 34.1458 0
      vertex 88.483 35.3258 10
      vertex 88.483 35.3258 0
    endloop
  endfacet
  facet normal -0.987297 -0.158888 0
    outer loop
      vertex 88.483 35.3258 10
      vertex 88.6729 34.1458 0
      vertex 88.6729 34.1458 10
    endloop
  endfacet
  facet normal 0.978316 0.207117 0
    outer loop
      vertex -7.01669 16.3298 10
      vertex -7.26424 17.4991 0
      vertex -7.26424 17.4991 10
    endloop
  endfacet
  facet normal 0.978316 0.207117 0
    outer loop
      vertex -7.26424 17.4991 0
      vertex -7.01669 16.3298 10
      vertex -7.01669 16.3298 0
    endloop
  endfacet
  facet normal -0.999322 -0.0368136 0
    outer loop
      vertex 89.1853 28.1952 0
      vertex 89.1413 29.3896 10
      vertex 89.1413 29.3896 0
    endloop
  endfacet
  facet normal -0.999322 -0.0368136 0
    outer loop
      vertex 89.1413 29.3896 10
      vertex 89.1853 28.1952 0
      vertex 89.1853 28.1952 10
    endloop
  endfacet
  facet normal -0.662417 0.749135 0
    outer loop
      vertex 73.2049 -9.08432 0
      vertex 72.3095 -9.87607 10
      vertex 73.2049 -9.08432 10
    endloop
  endfacet
  facet normal -0.662417 0.749135 0
    outer loop
      vertex 72.3095 -9.87607 10
      vertex 73.2049 -9.08432 0
      vertex 72.3095 -9.87607 0
    endloop
  endfacet
  facet normal -0.765161 -0.643839 0
    outer loop
      vertex 78.1456 57.895 0
      vertex 77.3761 58.8095 10
      vertex 77.3761 58.8095 0
    endloop
  endfacet
  facet normal -0.765161 -0.643839 0
    outer loop
      vertex 77.3761 58.8095 10
      vertex 78.1456 57.895 0
      vertex 78.1456 57.895 10
    endloop
  endfacet
  facet normal 0.524573 0.851365 -0
    outer loop
      vertex 15.4632 -14.7714 0
      vertex 14.4456 -14.1444 10
      vertex 15.4632 -14.7714 10
    endloop
  endfacet
  facet normal 0.524573 0.851365 0
    outer loop
      vertex 14.4456 -14.1444 10
      vertex 15.4632 -14.7714 0
      vertex 14.4456 -14.1444 0
    endloop
  endfacet
  facet normal -0.524573 0.851365 0
    outer loop
      vertex 66.5544 -14.1444 0
      vertex 65.5368 -14.7714 10
      vertex 66.5544 -14.1444 10
    endloop
  endfacet
  facet normal -0.524573 0.851365 0
    outer loop
      vertex 65.5368 -14.7714 10
      vertex 66.5544 -14.1444 0
      vertex 65.5368 -14.7714 0
    endloop
  endfacet
  facet normal 0.953304 -0.302013 0
    outer loop
      vertex -6.10299 41.1369 10
      vertex -5.74202 42.2763 0
      vertex -5.74202 42.2763 10
    endloop
  endfacet
  facet normal 0.953304 -0.302013 0
    outer loop
      vertex -5.74202 42.2763 0
      vertex -6.10299 41.1369 10
      vertex -6.10299 41.1369 0
    endloop
  endfacet
  facet normal -0.0613261 -0.998118 0
    outer loop
      vertex 42.8896 75.6413 0
      vertex 44.0826 75.568 10
      vertex 42.8896 75.6413 10
    endloop
  endfacet
  facet normal -0.0613261 -0.998118 -0
    outer loop
      vertex 44.0826 75.568 10
      vertex 42.8896 75.6413 0
      vertex 44.0826 75.568 0
    endloop
  endfacet
  facet normal -0.919119 0.393979 0
    outer loop
      vertex 85.022 7.26475 0
      vertex 85.4929 8.36332 10
      vertex 85.4929 8.36332 0
    endloop
  endfacet
  facet normal -0.919119 0.393979 0
    outer loop
      vertex 85.4929 8.36332 10
      vertex 85.022 7.26475 0
      vertex 85.022 7.26475 10
    endloop
  endfacet
  facet normal -0.983103 -0.183051 0
    outer loop
      vertex 88.483 35.3258 0
      vertex 88.2642 36.5009 10
      vertex 88.2642 36.5009 0
    endloop
  endfacet
  facet normal -0.983103 -0.183051 0
    outer loop
      vertex 88.2642 36.5009 10
      vertex 88.483 35.3258 0
      vertex 88.483 35.3258 10
    endloop
  endfacet
  facet normal 0.810469 -0.585781 0
    outer loop
      vertex 1 55.4796 10
      vertex 1.38379 56.0106 0
      vertex 1.38379 56.0106 10
    endloop
  endfacet
  facet normal 0.810469 -0.585781 0
    outer loop
      vertex 1.38379 56.0106 0
      vertex 1 55.4796 10
      vertex 1 55.4796 0
    endloop
  endfacet
  facet normal 0.937342 0.348411 0
    outer loop
      vertex -4.93675 9.47311 10
      vertex -5.3532 10.5935 0
      vertex -5.3532 10.5935 10
    endloop
  endfacet
  facet normal 0.937342 0.348411 0
    outer loop
      vertex -5.3532 10.5935 0
      vertex -4.93675 9.47311 10
      vertex -4.93675 9.47311 0
    endloop
  endfacet
  facet normal 0.960434 0.278509 0
    outer loop
      vertex -6.10299 12.8631 10
      vertex -6.43589 14.0111 0
      vertex -6.43589 14.0111 10
    endloop
  endfacet
  facet normal 0.960434 0.278509 0
    outer loop
      vertex -6.43589 14.0111 0
      vertex -6.10299 12.8631 10
      vertex -6.10299 12.8631 0
    endloop
  endfacet
  facet normal 0.919113 0.393993 0
    outer loop
      vertex -4.02201 7.26475 10
      vertex -4.49293 8.36332 0
      vertex -4.49293 8.36332 10
    endloop
  endfacet
  facet normal 0.919113 0.393993 0
    outer loop
      vertex -4.49293 8.36332 0
      vertex -4.02201 7.26475 10
      vertex -4.02201 7.26475 0
    endloop
  endfacet
  facet normal -0.698365 0.715742 0
    outer loop
      vertex 74.9361 -7.4361 0
      vertex 74.0806 -8.27083 10
      vertex 74.9361 -7.4361 10
    endloop
  endfacet
  facet normal -0.698365 0.715742 0
    outer loop
      vertex 74.0806 -8.27083 10
      vertex 74.9361 -7.4361 0
      vertex 74.0806 -8.27083 0
    endloop
  endfacet
  facet normal -0.302036 -0.953296 0
    outer loop
      vertex 54.6369 73.603 0
      vertex 55.7763 73.242 10
      vertex 54.6369 73.603 10
    endloop
  endfacet
  facet normal -0.302036 -0.953296 -0
    outer loop
      vertex 55.7763 73.242 10
      vertex 54.6369 73.603 0
      vertex 55.7763 73.242 0
    endloop
  endfacet
  facet normal 0.69836 -0.715746 0
    outer loop
      vertex 6.0639 61.4361 0
      vertex 6.91938 62.2708 10
      vertex 6.0639 61.4361 10
    endloop
  endfacet
  facet normal 0.69836 -0.715746 0
    outer loop
      vertex 6.91938 62.2708 10
      vertex 6.0639 61.4361 0
      vertex 6.91938 62.2708 0
    endloop
  endfacet
  facet normal 0.0857595 0.996316 -0
    outer loop
      vertex 36.9174 -21.568 0
      vertex 35.7266 -21.4655 10
      vertex 36.9174 -21.568 10
    endloop
  endfacet
  facet normal 0.0857595 0.996316 0
    outer loop
      vertex 35.7266 -21.4655 10
      vertex 36.9174 -21.568 0
      vertex 35.7266 -21.4655 0
    endloop
  endfacet
  facet normal -0.158888 0.987297 0
    outer loop
      vertex 48.8258 -20.983 0
      vertex 47.6458 -21.1729 10
      vertex 48.8258 -20.983 10
    endloop
  endfacet
  facet normal -0.158888 0.987297 0
    outer loop
      vertex 47.6458 -21.1729 10
      vertex 48.8258 -20.983 0
      vertex 47.6458 -21.1729 0
    endloop
  endfacet
  facet normal 0.928506 -0.371319 0
    outer loop
      vertex -4.93675 44.5269 10
      vertex -4.49293 45.6367 0
      vertex -4.49293 45.6367 10
    endloop
  endfacet
  facet normal 0.928506 -0.371319 0
    outer loop
      vertex -4.49293 45.6367 0
      vertex -4.93675 44.5269 10
      vertex -4.93675 44.5269 0
    endloop
  endfacet
  facet normal 0.90917 0.416425 0
    outer loop
      vertex -3.52428 6.17807 10
      vertex -4.02201 7.26475 0
      vertex -4.02201 7.26475 10
    endloop
  endfacet
  facet normal 0.90917 0.416425 0
    outer loop
      vertex -4.02201 7.26475 0
      vertex -3.52428 6.17807 10
      vertex -3.52428 6.17807 0
    endloop
  endfacet
  facet normal -0.945611 0.3253 0
    outer loop
      vertex 86.3532 10.5935 0
      vertex 86.742 11.7237 10
      vertex 86.742 11.7237 0
    endloop
  endfacet
  facet normal -0.945611 0.3253 0
    outer loop
      vertex 86.742 11.7237 10
      vertex 86.3532 10.5935 0
      vertex 86.3532 10.5935 10
    endloop
  endfacet
  facet normal -0.254839 0.966983 0
    outer loop
      vertex 53.4889 -19.9359 0
      vertex 52.3331 -20.2405 10
      vertex 53.4889 -19.9359 10
    endloop
  endfacet
  facet normal -0.254839 0.966983 0
    outer loop
      vertex 52.3331 -20.2405 10
      vertex 53.4889 -19.9359 0
      vertex 52.3331 -20.2405 0
    endloop
  endfacet
  facet normal -0.851365 -0.524573 0
    outer loop
      vertex 82.2714 52.0368 0
      vertex 81.6444 53.0544 10
      vertex 81.6444 53.0544 0
    endloop
  endfacet
  facet normal -0.851365 -0.524573 0
    outer loop
      vertex 81.6444 53.0544 10
      vertex 82.2714 52.0368 0
      vertex 82.2714 52.0368 10
    endloop
  endfacet
  facet normal 0.898683 -0.438599 0
    outer loop
      vertex -3.52428 47.8219 10
      vertex -3.00002 48.8961 0
      vertex -3.00002 48.8961 10
    endloop
  endfacet
  facet normal 0.898683 -0.438599 0
    outer loop
      vertex -3.00002 48.8961 0
      vertex -3.52428 47.8219 10
      vertex -3.52428 47.8219 0
    endloop
  endfacet
  facet normal -0.680608 -0.732647 0
    outer loop
      vertex 73.2049 63.0843 0
      vertex 74.0806 62.2708 10
      vertex 73.2049 63.0843 10
    endloop
  endfacet
  facet normal -0.680608 -0.732647 -0
    outer loop
      vertex 74.0806 62.2708 10
      vertex 73.2049 63.0843 0
      vertex 74.0806 62.2708 0
    endloop
  endfacet
  facet normal -0.371376 -0.928482 0
    outer loop
      vertex 58.0269 72.4368 0
      vertex 59.1367 71.9929 10
      vertex 58.0269 72.4368 10
    endloop
  endfacet
  facet normal -0.371376 -0.928482 -0
    outer loop
      vertex 59.1367 71.9929 10
      vertex 58.0269 72.4368 0
      vertex 59.1367 71.9929 0
    endloop
  endfacet
  facet normal 0.945606 0.325315 0
    outer loop
      vertex -5.3532 10.5935 10
      vertex -5.74202 11.7237 0
      vertex -5.74202 11.7237 10
    endloop
  endfacet
  facet normal 0.945606 0.325315 0
    outer loop
      vertex -5.74202 11.7237 0
      vertex -5.3532 10.5935 10
      vertex -5.3532 10.5935 0
    endloop
  endfacet
  facet normal -0.89867 -0.438626 0
    outer loop
      vertex 84.5243 47.8219 0
      vertex 84 48.8961 10
      vertex 84 48.8961 0
    endloop
  endfacet
  facet normal -0.89867 -0.438626 0
    outer loop
      vertex 84 48.8961 10
      vertex 84.5243 47.8219 0
      vertex 84.5243 47.8219 10
    endloop
  endfacet
  facet normal -0.999924 0.0122983 0
    outer loop
      vertex 89.1853 25.8048 0
      vertex 89.2 27 10
      vertex 89.2 27 0
    endloop
  endfacet
  facet normal -0.999924 0.0122983 0
    outer loop
      vertex 89.2 27 10
      vertex 89.1853 25.8048 0
      vertex 89.1853 25.8048 10
    endloop
  endfacet
  facet normal -0.993911 -0.110184 0
    outer loop
      vertex 88.9655 31.7734 0
      vertex 88.8338 32.9614 10
      vertex 88.8338 32.9614 0
    endloop
  endfacet
  facet normal -0.993911 -0.110184 0
    outer loop
      vertex 88.8338 32.9614 10
      vertex 88.9655 31.7734 0
      vertex 88.9655 31.7734 10
    endloop
  endfacet
  facet normal 0.585811 0.810448 -0
    outer loop
      vertex 12.4581 -12.8164 0
      vertex 11.4894 -12.1162 10
      vertex 12.4581 -12.8164 10
    endloop
  endfacet
  facet normal 0.585811 0.810448 0
    outer loop
      vertex 11.4894 -12.1162 10
      vertex 12.4581 -12.8164 0
      vertex 11.4894 -12.1162 0
    endloop
  endfacet
  facet normal 0.66244 -0.749115 0
    outer loop
      vertex 7.79508 63.0843 0
      vertex 8.69048 63.8761 10
      vertex 7.79508 63.0843 10
    endloop
  endfacet
  facet normal 0.66244 -0.749115 0
    outer loop
      vertex 8.69048 63.8761 10
      vertex 7.79508 63.0843 0
      vertex 8.69048 63.8761 0
    endloop
  endfacet
  facet normal 0.715734 0.698373 0
    outer loop
      vertex 6.0639 -7.4361 10
      vertex 5.22917 -6.58062 0
      vertex 5.22917 -6.58062 10
    endloop
  endfacet
  facet normal 0.715734 0.698373 0
    outer loop
      vertex 5.22917 -6.58062 0
      vertex 6.0639 -7.4361 10
      vertex 6.0639 -7.4361 0
    endloop
  endfacet
  facet normal -0.278509 -0.960434 0
    outer loop
      vertex 53.4889 73.9359 0
      vertex 54.6369 73.603 10
      vertex 53.4889 73.9359 10
    endloop
  endfacet
  facet normal -0.278509 -0.960434 -0
    outer loop
      vertex 54.6369 73.603 10
      vertex 53.4889 73.9359 0
      vertex 54.6369 73.603 0
    endloop
  endfacet
  facet normal -0.953296 -0.302036 0
    outer loop
      vertex 87.103 41.1369 0
      vertex 86.742 42.2763 10
      vertex 86.742 42.2763 0
    endloop
  endfacet
  facet normal -0.953296 -0.302036 0
    outer loop
      vertex 86.742 42.2763 10
      vertex 87.103 41.1369 0
      vertex 87.103 41.1369 10
    endloop
  endfacet
  facet normal -0.972934 0.231081 0
    outer loop
      vertex 87.7405 15.1669 0
      vertex 88.0167 16.3298 10
      vertex 88.0167 16.3298 0
    endloop
  endfacet
  facet normal -0.972934 0.231081 0
    outer loop
      vertex 88.0167 16.3298 10
      vertex 87.7405 15.1669 0
      vertex 87.7405 15.1669 10
    endloop
  endfacet
  facet normal -0.749115 0.66244 0
    outer loop
      vertex 76.5843 -5.70492 0
      vertex 77.3761 -4.80952 10
      vertex 77.3761 -4.80952 0
    endloop
  endfacet
  facet normal -0.749115 0.66244 0
    outer loop
      vertex 77.3761 -4.80952 10
      vertex 76.5843 -5.70492 0
      vertex 76.5843 -5.70492 10
    endloop
  endfacet
  facet normal -0.960434 -0.278509 0
    outer loop
      vertex 87.4359 39.9889 0
      vertex 87.103 41.1369 10
      vertex 87.103 41.1369 0
    endloop
  endfacet
  facet normal -0.960434 -0.278509 0
    outer loop
      vertex 87.103 41.1369 10
      vertex 87.4359 39.9889 0
      vertex 87.4359 39.9889 10
    endloop
  endfacet
  facet normal 0.0857595 -0.996316 0
    outer loop
      vertex 35.7266 75.4655 0
      vertex 36.9174 75.568 10
      vertex 35.7266 75.4655 10
    endloop
  endfacet
  facet normal 0.0857595 -0.996316 0
    outer loop
      vertex 36.9174 75.568 10
      vertex 35.7266 75.4655 0
      vertex 36.9174 75.568 0
    endloop
  endfacet
  facet normal -0.972934 -0.231081 0
    outer loop
      vertex 88.0167 37.6702 0
      vertex 87.7405 38.8331 10
      vertex 87.7405 38.8331 0
    endloop
  endfacet
  facet normal -0.972934 -0.231081 0
    outer loop
      vertex 87.7405 38.8331 10
      vertex 88.0167 37.6702 0
      vertex 88.0167 37.6702 10
    endloop
  endfacet
  facet normal -0.565733 -0.824588 0
    outer loop
      vertex 67.5563 67.4926 0
      vertex 68.5419 66.8164 10
      vertex 67.5563 67.4926 10
    endloop
  endfacet
  facet normal -0.565733 -0.824588 -0
    outer loop
      vertex 68.5419 66.8164 10
      vertex 67.5563 67.4926 0
      vertex 68.5419 66.8164 0
    endloop
  endfacet
  facet normal -0.732647 -0.680608 0
    outer loop
      vertex 76.5843 59.7049 0
      vertex 75.7708 60.5806 10
      vertex 75.7708 60.5806 0
    endloop
  endfacet
  facet normal -0.732647 -0.680608 0
    outer loop
      vertex 75.7708 60.5806 10
      vertex 76.5843 59.7049 0
      vertex 76.5843 59.7049 10
    endloop
  endfacet
  facet normal -0.966983 -0.254839 0
    outer loop
      vertex 87.7405 38.8331 0
      vertex 87.4359 39.9889 10
      vertex 87.4359 39.9889 0
    endloop
  endfacet
  facet normal -0.966983 -0.254839 0
    outer loop
      vertex 87.4359 39.9889 10
      vertex 87.7405 38.8331 0
      vertex 87.7405 38.8331 10
    endloop
  endfacet
  facet normal -0.503491 0.864 0
    outer loop
      vertex 65.5368 -14.7714 0
      vertex 64.5041 -15.3732 10
      vertex 65.5368 -14.7714 10
    endloop
  endfacet
  facet normal -0.503491 0.864 0
    outer loop
      vertex 64.5041 -15.3732 10
      vertex 65.5368 -14.7714 0
      vertex 64.5041 -15.3732 0
    endloop
  endfacet
  facet normal 0.545321 0.838228 -0
    outer loop
      vertex 14.4456 -14.1444 0
      vertex 13.4437 -13.4926 10
      vertex 14.4456 -14.1444 10
    endloop
  endfacet
  facet normal 0.545321 0.838228 0
    outer loop
      vertex 13.4437 -13.4926 10
      vertex 14.4456 -14.1444 0
      vertex 13.4437 -13.4926 0
    endloop
  endfacet
  facet normal 0.254839 -0.966983 0
    outer loop
      vertex 27.5111 73.9359 0
      vertex 28.6669 74.2405 10
      vertex 27.5111 73.9359 10
    endloop
  endfacet
  facet normal 0.254839 -0.966983 0
    outer loop
      vertex 28.6669 74.2405 10
      vertex 27.5111 73.9359 0
      vertex 28.6669 74.2405 0
    endloop
  endfacet
  facet normal -0.937356 0.348374 0
    outer loop
      vertex 85.9368 9.47311 0
      vertex 86.3532 10.5935 10
      vertex 86.3532 10.5935 0
    endloop
  endfacet
  facet normal -0.937356 0.348374 0
    outer loop
      vertex 86.3532 10.5935 10
      vertex 85.9368 9.47311 0
      vertex 85.9368 9.47311 10
    endloop
  endfacet
  facet normal -0.134613 -0.990898 0
    outer loop
      vertex 46.4614 75.3338 0
      vertex 47.6458 75.1729 10
      vertex 46.4614 75.3338 10
    endloop
  endfacet
  facet normal -0.134613 -0.990898 -0
    outer loop
      vertex 47.6458 75.1729 10
      vertex 46.4614 75.3338 0
      vertex 47.6458 75.1729 0
    endloop
  endfacet
  facet normal -0.0122983 0.999924 0
    outer loop
      vertex 41.6952 -21.6853 0
      vertex 40.5 -21.7 10
      vertex 41.6952 -21.6853 10
    endloop
  endfacet
  facet normal -0.0122983 0.999924 0
    outer loop
      vertex 40.5 -21.7 10
      vertex 41.6952 -21.6853 0
      vertex 40.5 -21.7 0
    endloop
  endfacet
  facet normal -0.864 -0.503491 0
    outer loop
      vertex 82.8732 51.0041 0
      vertex 82.2714 52.0368 10
      vertex 82.2714 52.0368 0
    endloop
  endfacet
  facet normal -0.864 -0.503491 0
    outer loop
      vertex 82.2714 52.0368 10
      vertex 82.8732 51.0041 0
      vertex 82.8732 51.0041 10
    endloop
  endfacet
  facet normal -0.545321 0.838228 0
    outer loop
      vertex 67.5563 -13.4926 0
      vertex 66.5544 -14.1444 10
      vertex 67.5563 -13.4926 10
    endloop
  endfacet
  facet normal -0.545321 0.838228 0
    outer loop
      vertex 66.5544 -14.1444 10
      vertex 67.5563 -13.4926 0
      vertex 66.5544 -14.1444 0
    endloop
  endfacet
  facet normal 0.97294 -0.231058 0
    outer loop
      vertex -7.01669 37.6702 10
      vertex -6.74052 38.8331 0
      vertex -6.74052 38.8331 10
    endloop
  endfacet
  facet normal 0.97294 -0.231058 0
    outer loop
      vertex -6.74052 38.8331 0
      vertex -7.01669 37.6702 10
      vertex -7.01669 37.6702 0
    endloop
  endfacet
  facet normal 0.183051 0.983103 -0
    outer loop
      vertex 32.1742 -20.983 0
      vertex 30.9991 -20.7642 10
      vertex 32.1742 -20.983 10
    endloop
  endfacet
  facet normal 0.183051 0.983103 0
    outer loop
      vertex 30.9991 -20.7642 10
      vertex 32.1742 -20.983 0
      vertex 30.9991 -20.7642 0
    endloop
  endfacet
  facet normal 0.987299 -0.158872 0
    outer loop
      vertex -7.6729 34.1458 10
      vertex -7.48302 35.3258 0
      vertex -7.48302 35.3258 10
    endloop
  endfacet
  facet normal 0.987299 -0.158872 0
    outer loop
      vertex -7.48302 35.3258 0
      vertex -7.6729 34.1458 10
      vertex -7.6729 34.1458 0
    endloop
  endfacet
  facet normal 0.983106 -0.183035 0
    outer loop
      vertex -7.48302 35.3258 10
      vertex -7.26424 36.5009 0
      vertex -7.26424 36.5009 10
    endloop
  endfacet
  facet normal 0.983106 -0.183035 0
    outer loop
      vertex -7.26424 36.5009 0
      vertex -7.48302 35.3258 10
      vertex -7.48302 35.3258 0
    endloop
  endfacet
  facet normal 0.503491 -0.864 0
    outer loop
      vertex 15.4632 68.7714 0
      vertex 16.4959 69.3732 10
      vertex 15.4632 68.7714 10
    endloop
  endfacet
  facet normal 0.503491 -0.864 0
    outer loop
      vertex 16.4959 69.3732 10
      vertex 15.4632 68.7714 0
      vertex 16.4959 69.3732 0
    endloop
  endfacet
  facet normal -0.482237 -0.876041 0
    outer loop
      vertex 63.457 69.9496 0
      vertex 64.5041 69.3732 10
      vertex 63.457 69.9496 10
    endloop
  endfacet
  facet normal -0.482237 -0.876041 -0
    outer loop
      vertex 64.5041 69.3732 10
      vertex 63.457 69.9496 0
      vertex 64.5041 69.3732 0
    endloop
  endfacet
  facet normal -0.990898 -0.134613 0
    outer loop
      vertex 88.8338 32.9614 0
      vertex 88.6729 34.1458 10
      vertex 88.6729 34.1458 0
    endloop
  endfacet
  facet normal -0.990898 -0.134613 0
    outer loop
      vertex 88.6729 34.1458 10
      vertex 88.8338 32.9614 0
      vertex 88.8338 32.9614 10
    endloop
  endfacet
  facet normal 0.643811 -0.765185 0
    outer loop
      vertex 8.69048 63.8761 0
      vertex 9.60505 64.6456 10
      vertex 8.69048 63.8761 10
    endloop
  endfacet
  facet normal 0.643811 -0.765185 0
    outer loop
      vertex 9.60505 64.6456 10
      vertex 8.69048 63.8761 0
      vertex 9.60505 64.6456 0
    endloop
  endfacet
  facet normal -0.795851 0.605493 0
    outer loop
      vertex 78.8925 -2.96178 0
      vertex 79.6162 -2.01056 10
      vertex 79.6162 -2.01056 0
    endloop
  endfacet
  facet normal -0.795851 0.605493 0
    outer loop
      vertex 79.6162 -2.01056 10
      vertex 78.8925 -2.96178 0
      vertex 78.8925 -2.96178 10
    endloop
  endfacet
  facet normal -0.983103 0.183051 0
    outer loop
      vertex 88.2642 17.4991 0
      vertex 88.483 18.6742 10
      vertex 88.483 18.6742 0
    endloop
  endfacet
  facet normal -0.983103 0.183051 0
    outer loop
      vertex 88.483 18.6742 10
      vertex 88.2642 17.4991 0
      vertex 88.2642 17.4991 10
    endloop
  endfacet
  facet normal -0.438626 -0.89867 0
    outer loop
      vertex 61.3219 71.0243 0
      vertex 62.3961 70.5 10
      vertex 61.3219 71.0243 10
    endloop
  endfacet
  facet normal -0.438626 -0.89867 -0
    outer loop
      vertex 62.3961 70.5 10
      vertex 61.3219 71.0243 0
      vertex 62.3961 70.5 0
    endloop
  endfacet
  facet normal -0.993911 0.110184 0
    outer loop
      vertex 88.8338 21.0386 0
      vertex 88.9655 22.2266 10
      vertex 88.9655 22.2266 0
    endloop
  endfacet
  facet normal -0.993911 0.110184 0
    outer loop
      vertex 88.9655 22.2266 10
      vertex 88.8338 21.0386 0
      vertex 88.8338 21.0386 10
    endloop
  endfacet
  facet normal -0.3253 -0.945611 0
    outer loop
      vertex 55.7763 73.242 0
      vertex 56.9065 72.8532 10
      vertex 55.7763 73.242 10
    endloop
  endfacet
  facet normal -0.3253 -0.945611 -0
    outer loop
      vertex 56.9065 72.8532 10
      vertex 55.7763 73.242 0
      vertex 56.9065 72.8532 0
    endloop
  endfacet
  facet normal 0.662417 0.749135 -0
    outer loop
      vertex 8.69048 -9.87607 0
      vertex 7.79508 -9.08432 10
      vertex 8.69048 -9.87607 10
    endloop
  endfacet
  facet normal 0.662417 0.749135 0
    outer loop
      vertex 7.79508 -9.08432 10
      vertex 8.69048 -9.87607 0
      vertex 7.79508 -9.08432 0
    endloop
  endfacet
  facet normal -0.876045 0.48223 0
    outer loop
      vertex 82.8732 2.99586 0
      vertex 83.4496 4.04298 10
      vertex 83.4496 4.04298 0
    endloop
  endfacet
  facet normal -0.876045 0.48223 0
    outer loop
      vertex 83.4496 4.04298 10
      vertex 82.8732 2.99586 0
      vertex 82.8732 2.99586 10
    endloop
  endfacet
  facet normal -0.460517 0.887651 0
    outer loop
      vertex 63.457 -15.9496 0
      vertex 62.3961 -16.5 10
      vertex 63.457 -15.9496 10
    endloop
  endfacet
  facet normal -0.460517 0.887651 0
    outer loop
      vertex 62.3961 -16.5 10
      vertex 63.457 -15.9496 0
      vertex 62.3961 -16.5 0
    endloop
  endfacet
  facet normal -0.909168 -0.41643 0
    outer loop
      vertex 85.022 46.7353 0
      vertex 84.5243 47.8219 10
      vertex 84.5243 47.8219 0
    endloop
  endfacet
  facet normal -0.909168 -0.41643 0
    outer loop
      vertex 84.5243 47.8219 10
      vertex 85.022 46.7353 0
      vertex 85.022 46.7353 10
    endloop
  endfacet
  facet normal 0.795828 -0.605522 0
    outer loop
      vertex 1.38379 56.0106 10
      vertex 2.10753 56.9618 0
      vertex 2.10753 56.9618 10
    endloop
  endfacet
  facet normal 0.795828 -0.605522 0
    outer loop
      vertex 2.10753 56.9618 0
      vertex 1.38379 56.0106 10
      vertex 1.38379 56.0106 0
    endloop
  endfacet
  facet normal -0.66244 -0.749115 0
    outer loop
      vertex 72.3095 63.8761 0
      vertex 73.2049 63.0843 10
      vertex 72.3095 63.8761 10
    endloop
  endfacet
  facet normal -0.66244 -0.749115 -0
    outer loop
      vertex 73.2049 63.0843 10
      vertex 72.3095 63.8761 0
      vertex 73.2049 63.0843 0
    endloop
  endfacet
  facet normal -0.39397 -0.919123 0
    outer loop
      vertex 59.1367 71.9929 0
      vertex 60.2353 71.522 10
      vertex 59.1367 71.9929 10
    endloop
  endfacet
  facet normal -0.39397 -0.919123 -0
    outer loop
      vertex 60.2353 71.522 10
      vertex 59.1367 71.9929 0
      vertex 60.2353 71.522 0
    endloop
  endfacet
  facet normal 0.999322 -0.0368053 0
    outer loop
      vertex -8.18533 28.1952 10
      vertex -8.14134 29.3896 0
      vertex -8.14134 29.3896 10
    endloop
  endfacet
  facet normal 0.999322 -0.0368053 0
    outer loop
      vertex -8.14134 29.3896 0
      vertex -8.18533 28.1952 10
      vertex -8.18533 28.1952 0
    endloop
  endfacet
  facet normal -0.987297 0.158888 0
    outer loop
      vertex 88.483 18.6742 0
      vertex 88.6729 19.8542 10
      vertex 88.6729 19.8542 0
    endloop
  endfacet
  facet normal -0.987297 0.158888 0
    outer loop
      vertex 88.6729 19.8542 10
      vertex 88.483 18.6742 0
      vertex 88.483 18.6742 10
    endloop
  endfacet
  facet normal -0.585811 -0.810448 0
    outer loop
      vertex 68.5419 66.8164 0
      vertex 69.5106 66.1162 10
      vertex 68.5419 66.8164 10
    endloop
  endfacet
  facet normal -0.585811 -0.810448 -0
    outer loop
      vertex 69.5106 66.1162 10
      vertex 68.5419 66.8164 0
      vertex 69.5106 66.1162 0
    endloop
  endfacet
  facet normal 0.0122983 -0.999924 0
    outer loop
      vertex 39.3048 75.6853 0
      vertex 40.5 75.7 10
      vertex 39.3048 75.6853 10
    endloop
  endfacet
  facet normal 0.0122983 -0.999924 0
    outer loop
      vertex 40.5 75.7 10
      vertex 39.3048 75.6853 0
      vertex 40.5 75.7 0
    endloop
  endfacet
  facet normal 0.999925 0.0122732 0
    outer loop
      vertex -8.18533 25.8048 10
      vertex -8.2 27 0
      vertex -8.2 27 10
    endloop
  endfacet
  facet normal 0.999925 0.0122732 0
    outer loop
      vertex -8.2 27 0
      vertex -8.18533 25.8048 10
      vertex -8.18533 25.8048 0
    endloop
  endfacet
  facet normal -0.960434 0.278509 0
    outer loop
      vertex 87.103 12.8631 0
      vertex 87.4359 14.0111 10
      vertex 87.4359 14.0111 0
    endloop
  endfacet
  facet normal -0.960434 0.278509 0
    outer loop
      vertex 87.4359 14.0111 10
      vertex 87.103 12.8631 0
      vertex 87.103 12.8631 10
    endloop
  endfacet
  facet normal 0.460517 -0.887651 0
    outer loop
      vertex 17.543 69.9496 0
      vertex 18.6039 70.5 10
      vertex 17.543 69.9496 10
    endloop
  endfacet
  facet normal 0.460517 -0.887651 0
    outer loop
      vertex 18.6039 70.5 10
      vertex 17.543 69.9496 0
      vertex 18.6039 70.5 0
    endloop
  endfacet
  facet normal 0.183051 -0.983103 0
    outer loop
      vertex 30.9991 74.7642 0
      vertex 32.1742 74.983 10
      vertex 30.9991 74.7642 10
    endloop
  endfacet
  facet normal 0.183051 -0.983103 0
    outer loop
      vertex 32.1742 74.983 10
      vertex 30.9991 74.7642 0
      vertex 32.1742 74.983 0
    endloop
  endfacet
  facet normal 0.680608 -0.732647 0
    outer loop
      vertex 6.91938 62.2708 0
      vertex 7.79508 63.0843 10
      vertex 6.91938 62.2708 10
    endloop
  endfacet
  facet normal 0.680608 -0.732647 0
    outer loop
      vertex 7.79508 63.0843 10
      vertex 6.91938 62.2708 0
      vertex 7.79508 63.0843 0
    endloop
  endfacet
  facet normal 0.302036 0.953296 -0
    outer loop
      vertex 26.3631 -19.603 0
      vertex 25.2237 -19.242 10
      vertex 26.3631 -19.603 10
    endloop
  endfacet
  facet normal 0.302036 0.953296 0
    outer loop
      vertex 25.2237 -19.242 10
      vertex 26.3631 -19.603 0
      vertex 25.2237 -19.242 0
    endloop
  endfacet
  facet normal -0.966983 0.254839 0
    outer loop
      vertex 87.4359 14.0111 0
      vertex 87.7405 15.1669 10
      vertex 87.7405 15.1669 0
    endloop
  endfacet
  facet normal -0.966983 0.254839 0
    outer loop
      vertex 87.7405 15.1669 10
      vertex 87.4359 14.0111 0
      vertex 87.4359 14.0111 10
    endloop
  endfacet
  facet normal 0.765168 0.64383 0
    outer loop
      vertex 3.62393 -4.80952 10
      vertex 2.85439 -3.89495 0
      vertex 2.85439 -3.89495 10
    endloop
  endfacet
  facet normal 0.765168 0.64383 0
    outer loop
      vertex 2.85439 -3.89495 0
      vertex 3.62393 -4.80952 10
      vertex 3.62393 -4.80952 0
    endloop
  endfacet
  facet normal -0.715754 -0.698352 0
    outer loop
      vertex 75.7708 60.5806 0
      vertex 74.9361 61.4361 10
      vertex 74.9361 61.4361 0
    endloop
  endfacet
  facet normal -0.715754 -0.698352 0
    outer loop
      vertex 74.9361 61.4361 10
      vertex 75.7708 60.5806 0
      vertex 75.7708 60.5806 10
    endloop
  endfacet
  facet normal -0.990898 0.134613 0
    outer loop
      vertex 88.6729 19.8542 0
      vertex 88.8338 21.0386 10
      vertex 88.8338 21.0386 0
    endloop
  endfacet
  facet normal -0.990898 0.134613 0
    outer loop
      vertex 88.8338 21.0386 10
      vertex 88.6729 19.8542 0
      vertex 88.6729 19.8542 10
    endloop
  endfacet
  facet normal 0.0122983 0.999924 -0
    outer loop
      vertex 40.5 -21.7 0
      vertex 39.3048 -21.6853 10
      vertex 40.5 -21.7 10
    endloop
  endfacet
  facet normal 0.0122983 0.999924 0
    outer loop
      vertex 39.3048 -21.6853 10
      vertex 40.5 -21.7 0
      vertex 39.3048 -21.6853 0
    endloop
  endfacet
  facet normal -0.838213 0.545344 0
    outer loop
      vertex 81 -0.0448488 0
      vertex 81.6444 0.945617 10
      vertex 81.6444 0.945617 0
    endloop
  endfacet
  facet normal -0.838213 0.545344 0
    outer loop
      vertex 81.6444 0.945617 10
      vertex 81 -0.0448488 0
      vertex 81 -0.0448488 10
    endloop
  endfacet
  facet normal 0.993907 0.110225 0
    outer loop
      vertex -7.83375 21.0386 10
      vertex -7.9655 22.2266 0
      vertex -7.9655 22.2266 10
    endloop
  endfacet
  facet normal 0.993907 0.110225 0
    outer loop
      vertex -7.9655 22.2266 0
      vertex -7.83375 21.0386 10
      vertex -7.83375 21.0386 0
    endloop
  endfacet
  facet normal -0.998118 0.0613261 0
    outer loop
      vertex 89.068 23.4174 0
      vertex 89.1413 24.6104 10
      vertex 89.1413 24.6104 0
    endloop
  endfacet
  facet normal -0.998118 0.0613261 0
    outer loop
      vertex 89.1413 24.6104 10
      vertex 89.068 23.4174 0
      vertex 89.068 23.4174 10
    endloop
  endfacet
  facet normal 0.371376 -0.928482 0
    outer loop
      vertex 21.8633 71.9929 0
      vertex 22.9731 72.4368 10
      vertex 21.8633 71.9929 10
    endloop
  endfacet
  facet normal 0.371376 -0.928482 0
    outer loop
      vertex 22.9731 72.4368 10
      vertex 21.8633 71.9929 0
      vertex 22.9731 72.4368 0
    endloop
  endfacet
  facet normal -0.110184 0.993911 0
    outer loop
      vertex 46.4614 -21.3338 0
      vertex 45.2734 -21.4655 10
      vertex 46.4614 -21.3338 10
    endloop
  endfacet
  facet normal -0.110184 0.993911 0
    outer loop
      vertex 45.2734 -21.4655 10
      vertex 46.4614 -21.3338 0
      vertex 45.2734 -21.4655 0
    endloop
  endfacet
  facet normal 0.3253 0.945611 -0
    outer loop
      vertex 25.2237 -19.242 0
      vertex 24.0935 -18.8532 10
      vertex 25.2237 -19.242 10
    endloop
  endfacet
  facet normal 0.3253 0.945611 0
    outer loop
      vertex 24.0935 -18.8532 10
      vertex 25.2237 -19.242 0
      vertex 24.0935 -18.8532 0
    endloop
  endfacet
  facet normal 0.996313 0.0857927 0
    outer loop
      vertex -7.9655 22.2266 10
      vertex -8.06804 23.4174 0
      vertex -8.06804 23.4174 10
    endloop
  endfacet
  facet normal 0.996313 0.0857927 0
    outer loop
      vertex -8.06804 23.4174 0
      vertex -7.9655 22.2266 10
      vertex -7.9655 22.2266 0
    endloop
  endfacet
  facet normal 0.928504 0.371321 0
    outer loop
      vertex -4.49293 8.36332 10
      vertex -4.93675 9.47311 0
      vertex -4.93675 9.47311 10
    endloop
  endfacet
  facet normal 0.928504 0.371321 0
    outer loop
      vertex -4.93675 9.47311 0
      vertex -4.49293 8.36332 10
      vertex -4.49293 8.36332 0
    endloop
  endfacet
  facet normal 0.987299 0.158872 0
    outer loop
      vertex -7.48302 18.6742 10
      vertex -7.6729 19.8542 0
      vertex -7.6729 19.8542 10
    endloop
  endfacet
  facet normal 0.987299 0.158872 0
    outer loop
      vertex -7.6729 19.8542 0
      vertex -7.48302 18.6742 10
      vertex -7.48302 18.6742 0
    endloop
  endfacet
  facet normal -0.78073 -0.624868 0
    outer loop
      vertex 78.8925 56.9618 0
      vertex 78.1456 57.895 10
      vertex 78.1456 57.895 0
    endloop
  endfacet
  facet normal -0.78073 -0.624868 0
    outer loop
      vertex 78.1456 57.895 10
      vertex 78.8925 56.9618 0
      vertex 78.8925 56.9618 10
    endloop
  endfacet
  facet normal 0.749135 -0.662417 0
    outer loop
      vertex 3.62393 58.8095 10
      vertex 4.41568 59.7049 0
      vertex 4.41568 59.7049 10
    endloop
  endfacet
  facet normal 0.749135 -0.662417 0
    outer loop
      vertex 4.41568 59.7049 0
      vertex 3.62393 58.8095 10
      vertex 3.62393 58.8095 0
    endloop
  endfacet
  facet normal -0.978325 -0.207077 0
    outer loop
      vertex 88.2642 36.5009 0
      vertex 88.0167 37.6702 10
      vertex 88.0167 37.6702 0
    endloop
  endfacet
  facet normal -0.978325 -0.207077 0
    outer loop
      vertex 88.0167 37.6702 10
      vertex 88.2642 36.5009 0
      vertex 88.2642 36.5009 10
    endloop
  endfacet
  facet normal 0.887639 0.46054 0
    outer loop
      vertex -2.44956 4.04298 10
      vertex -3.00002 5.10393 0
      vertex -3.00002 5.10393 10
    endloop
  endfacet
  facet normal 0.887639 0.46054 0
    outer loop
      vertex -3.00002 5.10393 0
      vertex -2.44956 4.04298 10
      vertex -2.44956 4.04298 0
    endloop
  endfacet
  facet normal -0.978325 0.207077 0
    outer loop
      vertex 88.0167 16.3298 0
      vertex 88.2642 17.4991 10
      vertex 88.2642 17.4991 0
    endloop
  endfacet
  facet normal -0.978325 0.207077 0
    outer loop
      vertex 88.2642 17.4991 10
      vertex 88.0167 16.3298 0
      vertex 88.0167 16.3298 10
    endloop
  endfacet
  facet normal 0.765144 -0.643859 0
    outer loop
      vertex 2.85439 57.895 10
      vertex 3.62393 58.8095 0
      vertex 3.62393 58.8095 10
    endloop
  endfacet
  facet normal 0.765144 -0.643859 0
    outer loop
      vertex 3.62393 58.8095 0
      vertex 2.85439 57.895 10
      vertex 2.85439 57.895 0
    endloop
  endfacet
  facet normal 0.732652 0.680604 0
    outer loop
      vertex 5.22917 -6.58062 10
      vertex 4.41568 -5.70492 0
      vertex 4.41568 -5.70492 10
    endloop
  endfacet
  facet normal 0.732652 0.680604 0
    outer loop
      vertex 4.41568 -5.70492 0
      vertex 5.22917 -6.58062 10
      vertex 5.22917 -6.58062 0
    endloop
  endfacet
  facet normal 0.438626 -0.89867 0
    outer loop
      vertex 18.6039 70.5 0
      vertex 19.6781 71.0243 10
      vertex 18.6039 70.5 10
    endloop
  endfacet
  facet normal 0.438626 -0.89867 0
    outer loop
      vertex 19.6781 71.0243 10
      vertex 18.6039 70.5 0
      vertex 19.6781 71.0243 0
    endloop
  endfacet
  facet normal -0.134613 0.990898 0
    outer loop
      vertex 47.6458 -21.1729 0
      vertex 46.4614 -21.3338 10
      vertex 47.6458 -21.1729 10
    endloop
  endfacet
  facet normal -0.134613 0.990898 0
    outer loop
      vertex 46.4614 -21.3338 10
      vertex 47.6458 -21.1729 0
      vertex 46.4614 -21.3338 0
    endloop
  endfacet
  facet normal -0.749115 -0.66244 0
    outer loop
      vertex 77.3761 58.8095 0
      vertex 76.5843 59.7049 10
      vertex 76.5843 59.7049 0
    endloop
  endfacet
  facet normal -0.749115 -0.66244 0
    outer loop
      vertex 76.5843 59.7049 10
      vertex 77.3761 58.8095 0
      vertex 77.3761 58.8095 10
    endloop
  endfacet
  facet normal 0.996313 -0.0857927 0
    outer loop
      vertex -8.06804 30.5826 10
      vertex -7.9655 31.7734 0
      vertex -7.9655 31.7734 10
    endloop
  endfacet
  facet normal 0.996313 -0.0857927 0
    outer loop
      vertex -7.9655 31.7734 0
      vertex -8.06804 30.5826 10
      vertex -8.06804 30.5826 0
    endloop
  endfacet
  facet normal -0.643854 0.765148 0
    outer loop
      vertex 72.3095 -9.87607 0
      vertex 71.395 -10.6456 10
      vertex 72.3095 -9.87607 10
    endloop
  endfacet
  facet normal -0.643854 0.765148 0
    outer loop
      vertex 71.395 -10.6456 10
      vertex 72.3095 -9.87607 0
      vertex 71.395 -10.6456 0
    endloop
  endfacet
  facet normal 0.585811 -0.810448 0
    outer loop
      vertex 11.4894 66.1162 0
      vertex 12.4581 66.8164 10
      vertex 11.4894 66.1162 10
    endloop
  endfacet
  facet normal 0.585811 -0.810448 0
    outer loop
      vertex 12.4581 66.8164 10
      vertex 11.4894 66.1162 0
      vertex 12.4581 66.8164 0
    endloop
  endfacet
  facet normal -0.928482 -0.371376 0
    outer loop
      vertex 85.9368 44.5269 0
      vertex 85.4929 45.6367 10
      vertex 85.4929 45.6367 0
    endloop
  endfacet
  facet normal -0.928482 -0.371376 0
    outer loop
      vertex 85.4929 45.6367 10
      vertex 85.9368 44.5269 0
      vertex 85.9368 44.5269 10
    endloop
  endfacet
  facet normal -0.945611 -0.3253 0
    outer loop
      vertex 86.742 42.2763 0
      vertex 86.3532 43.4065 10
      vertex 86.3532 43.4065 0
    endloop
  endfacet
  facet normal -0.945611 -0.3253 0
    outer loop
      vertex 86.3532 43.4065 10
      vertex 86.742 42.2763 0
      vertex 86.742 42.2763 10
    endloop
  endfacet
  facet normal 0.993907 -0.110225 0
    outer loop
      vertex -7.9655 31.7734 10
      vertex -7.83375 32.9614 0
      vertex -7.83375 32.9614 10
    endloop
  endfacet
  facet normal 0.993907 -0.110225 0
    outer loop
      vertex -7.83375 32.9614 0
      vertex -7.9655 31.7734 10
      vertex -7.9655 31.7734 0
    endloop
  endfacet
  facet normal -0.715746 0.69836 0
    outer loop
      vertex 74.9361 -7.4361 0
      vertex 75.7708 -6.58062 10
      vertex 75.7708 -6.58062 0
    endloop
  endfacet
  facet normal -0.715746 0.69836 0
    outer loop
      vertex 75.7708 -6.58062 10
      vertex 74.9361 -7.4361 0
      vertex 74.9361 -7.4361 10
    endloop
  endfacet
  facet normal -0.605501 0.795844 0
    outer loop
      vertex 70.4618 -11.3925 0
      vertex 69.5106 -12.1162 10
      vertex 70.4618 -11.3925 10
    endloop
  endfacet
  facet normal -0.605501 0.795844 0
    outer loop
      vertex 69.5106 -12.1162 10
      vertex 70.4618 -11.3925 0
      vertex 69.5106 -12.1162 0
    endloop
  endfacet
  facet normal 0.565733 -0.824588 0
    outer loop
      vertex 12.4581 66.8164 0
      vertex 13.4437 67.4926 10
      vertex 12.4581 66.8164 10
    endloop
  endfacet
  facet normal 0.565733 -0.824588 0
    outer loop
      vertex 13.4437 67.4926 10
      vertex 12.4581 66.8164 0
      vertex 13.4437 67.4926 0
    endloop
  endfacet
  facet normal 0.998118 0.0613261 0
    outer loop
      vertex -8.06804 23.4174 10
      vertex -8.14134 24.6104 0
      vertex -8.14134 24.6104 10
    endloop
  endfacet
  facet normal 0.998118 0.0613261 0
    outer loop
      vertex -8.14134 24.6104 0
      vertex -8.06804 23.4174 10
      vertex -8.06804 23.4174 0
    endloop
  endfacet
  facet normal -0.39397 0.919123 0
    outer loop
      vertex 60.2353 -17.522 0
      vertex 59.1367 -17.9929 10
      vertex 60.2353 -17.522 10
    endloop
  endfacet
  facet normal -0.39397 0.919123 0
    outer loop
      vertex 59.1367 -17.9929 10
      vertex 60.2353 -17.522 0
      vertex 59.1367 -17.9929 0
    endloop
  endfacet
  facet normal -0.41643 0.909168 0
    outer loop
      vertex 61.3219 -17.0243 0
      vertex 60.2353 -17.522 10
      vertex 61.3219 -17.0243 10
    endloop
  endfacet
  facet normal -0.41643 0.909168 0
    outer loop
      vertex 60.2353 -17.522 10
      vertex 61.3219 -17.0243 0
      vertex 60.2353 -17.522 0
    endloop
  endfacet
  facet normal -0.585811 0.810448 0
    outer loop
      vertex 69.5106 -12.1162 0
      vertex 68.5419 -12.8164 10
      vertex 69.5106 -12.1162 10
    endloop
  endfacet
  facet normal -0.585811 0.810448 0
    outer loop
      vertex 68.5419 -12.8164 10
      vertex 69.5106 -12.1162 0
      vertex 68.5419 -12.8164 0
    endloop
  endfacet
  facet normal -0.765185 0.643811 0
    outer loop
      vertex 77.3761 -4.80952 0
      vertex 78.1456 -3.89495 10
      vertex 78.1456 -3.89495 0
    endloop
  endfacet
  facet normal -0.765185 0.643811 0
    outer loop
      vertex 78.1456 -3.89495 10
      vertex 77.3761 -4.80952 0
      vertex 77.3761 -4.80952 10
    endloop
  endfacet
  facet normal 0.39397 -0.919123 0
    outer loop
      vertex 20.7647 71.522 0
      vertex 21.8633 71.9929 10
      vertex 20.7647 71.522 10
    endloop
  endfacet
  facet normal 0.39397 -0.919123 0
    outer loop
      vertex 21.8633 71.9929 10
      vertex 20.7647 71.522 0
      vertex 21.8633 71.9929 0
    endloop
  endfacet
  facet normal 0.999925 -0.0122732 0
    outer loop
      vertex -8.2 27 10
      vertex -8.18533 28.1952 0
      vertex -8.18533 28.1952 10
    endloop
  endfacet
  facet normal 0.999925 -0.0122732 0
    outer loop
      vertex -8.18533 28.1952 0
      vertex -8.2 27 10
      vertex -8.2 27 0
    endloop
  endfacet
  facet normal -0.158888 -0.987297 0
    outer loop
      vertex 47.6458 75.1729 0
      vertex 48.8258 74.983 10
      vertex 47.6458 75.1729 10
    endloop
  endfacet
  facet normal -0.158888 -0.987297 -0
    outer loop
      vertex 48.8258 74.983 10
      vertex 47.6458 75.1729 0
      vertex 48.8258 74.983 0
    endloop
  endfacet
  facet normal -0.0368136 -0.999322 0
    outer loop
      vertex 41.6952 75.6853 0
      vertex 42.8896 75.6413 10
      vertex 41.6952 75.6853 10
    endloop
  endfacet
  facet normal -0.0368136 -0.999322 -0
    outer loop
      vertex 42.8896 75.6413 10
      vertex 41.6952 75.6853 0
      vertex 42.8896 75.6413 0
    endloop
  endfacet
  facet normal 0.643825 0.765173 -0
    outer loop
      vertex 9.60505 -10.6456 0
      vertex 8.69048 -9.87607 10
      vertex 9.60505 -10.6456 10
    endloop
  endfacet
  facet normal 0.643825 0.765173 0
    outer loop
      vertex 8.69048 -9.87607 10
      vertex 9.60505 -10.6456 0
      vertex 8.69048 -9.87607 0
    endloop
  endfacet
  facet normal -0.348371 -0.937357 0
    outer loop
      vertex 56.9065 72.8532 0
      vertex 58.0269 72.4368 10
      vertex 56.9065 72.8532 10
    endloop
  endfacet
  facet normal -0.348371 -0.937357 -0
    outer loop
      vertex 58.0269 72.4368 10
      vertex 56.9065 72.8532 0
      vertex 58.0269 72.4368 0
    endloop
  endfacet
  facet normal 0.482237 -0.876041 0
    outer loop
      vertex 16.4959 69.3732 0
      vertex 17.543 69.9496 10
      vertex 16.4959 69.3732 10
    endloop
  endfacet
  facet normal 0.482237 -0.876041 0
    outer loop
      vertex 17.543 69.9496 10
      vertex 16.4959 69.3732 0
      vertex 17.543 69.9496 0
    endloop
  endfacet
  facet normal -0.732647 0.680608 0
    outer loop
      vertex 75.7708 -6.58062 0
      vertex 76.5843 -5.70492 10
      vertex 76.5843 -5.70492 0
    endloop
  endfacet
  facet normal -0.732647 0.680608 0
    outer loop
      vertex 76.5843 -5.70492 10
      vertex 75.7708 -6.58062 0
      vertex 75.7708 -6.58062 10
    endloop
  endfacet
  facet normal -0.876041 -0.482237 0
    outer loop
      vertex 83.4496 49.957 0
      vertex 82.8732 51.0041 10
      vertex 82.8732 51.0041 0
    endloop
  endfacet
  facet normal -0.876041 -0.482237 0
    outer loop
      vertex 82.8732 51.0041 10
      vertex 83.4496 49.957 0
      vertex 83.4496 49.957 10
    endloop
  endfacet
  facet normal 0.876069 -0.482185 0
    outer loop
      vertex -2.44956 49.957 10
      vertex -1.87324 51.0041 0
      vertex -1.87324 51.0041 10
    endloop
  endfacet
  facet normal 0.876069 -0.482185 0
    outer loop
      vertex -1.87324 51.0041 0
      vertex -2.44956 49.957 10
      vertex -2.44956 49.957 0
    endloop
  endfacet
  facet normal -0.824766 0.565475 0
    outer loop
      vertex 80.3164 -1.04186 0
      vertex 80.3451 -1 10
      vertex 80.3451 -1 0
    endloop
  endfacet
  facet normal -0.824766 0.565475 0
    outer loop
      vertex 80.3451 -1 10
      vertex 80.3164 -1.04186 0
      vertex 80.3164 -1.04186 10
    endloop
  endfacet
  facet normal 0.749135 0.662417 0
    outer loop
      vertex 4.41568 -5.70492 10
      vertex 3.62393 -4.80952 0
      vertex 3.62393 -4.80952 10
    endloop
  endfacet
  facet normal 0.749135 0.662417 0
    outer loop
      vertex 3.62393 -4.80952 0
      vertex 4.41568 -5.70492 10
      vertex 4.41568 -5.70492 0
    endloop
  endfacet
  facet normal 0.624889 0.780714 -0
    outer loop
      vertex 10.5382 -11.3925 0
      vertex 9.60505 -10.6456 10
      vertex 10.5382 -11.3925 10
    endloop
  endfacet
  facet normal 0.624889 0.780714 0
    outer loop
      vertex 9.60505 -10.6456 10
      vertex 10.5382 -11.3925 0
      vertex 9.60505 -10.6456 0
    endloop
  endfacet
  facet normal 0.278509 -0.960434 0
    outer loop
      vertex 26.3631 73.603 0
      vertex 27.5111 73.9359 10
      vertex 26.3631 73.603 10
    endloop
  endfacet
  facet normal 0.278509 -0.960434 0
    outer loop
      vertex 27.5111 73.9359 10
      vertex 26.3631 73.603 0
      vertex 27.5111 73.9359 0
    endloop
  endfacet
  facet normal 0.945606 -0.325315 0
    outer loop
      vertex -5.74202 42.2763 10
      vertex -5.3532 43.4065 0
      vertex -5.3532 43.4065 10
    endloop
  endfacet
  facet normal 0.945606 -0.325315 0
    outer loop
      vertex -5.3532 43.4065 0
      vertex -5.74202 42.2763 10
      vertex -5.74202 42.2763 0
    endloop
  endfacet
  facet normal -0.0857595 -0.996316 0
    outer loop
      vertex 44.0826 75.568 0
      vertex 45.2734 75.4655 10
      vertex 44.0826 75.568 10
    endloop
  endfacet
  facet normal -0.0857595 -0.996316 -0
    outer loop
      vertex 45.2734 75.4655 10
      vertex 44.0826 75.568 0
      vertex 45.2734 75.4655 0
    endloop
  endfacet
  facet normal 0.0368136 0.999322 -0
    outer loop
      vertex 39.3048 -21.6853 0
      vertex 38.1104 -21.6413 10
      vertex 39.3048 -21.6853 10
    endloop
  endfacet
  facet normal 0.0368136 0.999322 0
    outer loop
      vertex 38.1104 -21.6413 10
      vertex 39.3048 -21.6853 0
      vertex 38.1104 -21.6413 0
    endloop
  endfacet
  facet normal 0.158888 0.987297 -0
    outer loop
      vertex 33.3542 -21.1729 0
      vertex 32.1742 -20.983 10
      vertex 33.3542 -21.1729 10
    endloop
  endfacet
  facet normal 0.158888 0.987297 0
    outer loop
      vertex 32.1742 -20.983 10
      vertex 33.3542 -21.1729 0
      vertex 32.1742 -20.983 0
    endloop
  endfacet
  facet normal -0.605501 -0.795844 0
    outer loop
      vertex 69.5106 66.1162 0
      vertex 70.4618 65.3925 10
      vertex 69.5106 66.1162 10
    endloop
  endfacet
  facet normal -0.605501 -0.795844 -0
    outer loop
      vertex 70.4618 65.3925 10
      vertex 69.5106 66.1162 0
      vertex 70.4618 65.3925 0
    endloop
  endfacet
  facet normal 0.780737 0.62486 0
    outer loop
      vertex 2.85439 -3.89495 10
      vertex 2.10753 -2.96178 0
      vertex 2.10753 -2.96178 10
    endloop
  endfacet
  facet normal 0.780737 0.62486 0
    outer loop
      vertex 2.10753 -2.96178 0
      vertex 2.85439 -3.89495 10
      vertex 2.85439 -3.89495 0
    endloop
  endfacet
  facet normal 0.0613261 0.998118 -0
    outer loop
      vertex 38.1104 -21.6413 0
      vertex 36.9174 -21.568 10
      vertex 38.1104 -21.6413 10
    endloop
  endfacet
  facet normal 0.0613261 0.998118 0
    outer loop
      vertex 36.9174 -21.568 10
      vertex 38.1104 -21.6413 0
      vertex 36.9174 -21.568 0
    endloop
  endfacet
  facet normal 0.278509 0.960434 -0
    outer loop
      vertex 27.5111 -19.9359 0
      vertex 26.3631 -19.603 10
      vertex 27.5111 -19.9359 10
    endloop
  endfacet
  facet normal 0.278509 0.960434 0
    outer loop
      vertex 26.3631 -19.603 10
      vertex 27.5111 -19.9359 0
      vertex 26.3631 -19.603 0
    endloop
  endfacet
  facet normal 0.810459 0.585795 0
    outer loop
      vertex 1.38379 -2.01056 10
      vertex 0.68362 -1.04186 0
      vertex 0.68362 -1.04186 10
    endloop
  endfacet
  facet normal 0.810459 0.585795 0
    outer loop
      vertex 0.68362 -1.04186 0
      vertex 1.38379 -2.01056 10
      vertex 1.38379 -2.01056 0
    endloop
  endfacet
  facet normal 0.876073 0.482178 0
    outer loop
      vertex -1.87324 2.99586 10
      vertex -2.44956 4.04298 0
      vertex -2.44956 4.04298 10
    endloop
  endfacet
  facet normal 0.876073 0.482178 0
    outer loop
      vertex -2.44956 4.04298 0
      vertex -1.87324 2.99586 10
      vertex -1.87324 2.99586 0
    endloop
  endfacet
  facet normal 0.302036 -0.953296 0
    outer loop
      vertex 25.2237 73.242 0
      vertex 26.3631 73.603 10
      vertex 25.2237 73.242 10
    endloop
  endfacet
  facet normal 0.302036 -0.953296 0
    outer loop
      vertex 26.3631 73.603 10
      vertex 25.2237 73.242 0
      vertex 26.3631 73.603 0
    endloop
  endfacet
  facet normal 0.898673 0.438619 0
    outer loop
      vertex -3.00002 5.10393 10
      vertex -3.52428 6.17807 0
      vertex -3.52428 6.17807 10
    endloop
  endfacet
  facet normal 0.898673 0.438619 0
    outer loop
      vertex -3.52428 6.17807 0
      vertex -3.00002 5.10393 10
      vertex -3.00002 5.10393 0
    endloop
  endfacet
  facet normal -0.863992 0.503506 0
    outer loop
      vertex 82.2714 1.9632 0
      vertex 82.8732 2.99586 10
      vertex 82.8732 2.99586 0
    endloop
  endfacet
  facet normal -0.863992 0.503506 0
    outer loop
      vertex 82.8732 2.99586 10
      vertex 82.2714 1.9632 0
      vertex 82.2714 1.9632 10
    endloop
  endfacet
  facet normal 0.134613 -0.990898 0
    outer loop
      vertex 33.3542 75.1729 0
      vertex 34.5386 75.3338 10
      vertex 33.3542 75.1729 10
    endloop
  endfacet
  facet normal 0.134613 -0.990898 0
    outer loop
      vertex 34.5386 75.3338 10
      vertex 33.3542 75.1729 0
      vertex 34.5386 75.3338 0
    endloop
  endfacet
  facet normal 0.851357 0.524587 0
    outer loop
      vertex -0.644368 0.945617 10
      vertex -1.27138 1.9632 0
      vertex -1.27138 1.9632 10
    endloop
  endfacet
  facet normal 0.851357 0.524587 0
    outer loop
      vertex -1.27138 1.9632 0
      vertex -0.644368 0.945617 10
      vertex -0.644368 0.945617 0
    endloop
  endfacet
  facet normal 0.838225 0.545325 0
    outer loop
      vertex 0 -0.0448488 10
      vertex -0.644368 0.945617 0
      vertex -0.644368 0.945617 10
    endloop
  endfacet
  facet normal 0.838225 0.545325 0
    outer loop
      vertex -0.644368 0.945617 0
      vertex 0 -0.0448488 10
      vertex 0 -0.0448488 0
    endloop
  endfacet
  facet normal 0.371304 0.928511 -0
    outer loop
      vertex 22.9731 -18.4367 0
      vertex 21.8633 -17.9929 10
      vertex 22.9731 -18.4367 10
    endloop
  endfacet
  facet normal 0.371304 0.928511 0
    outer loop
      vertex 21.8633 -17.9929 10
      vertex 22.9731 -18.4367 0
      vertex 21.8633 -17.9929 0
    endloop
  endfacet
  facet normal 0.348445 0.937329 -0
    outer loop
      vertex 24.0935 -18.8532 0
      vertex 22.9731 -18.4367 10
      vertex 24.0935 -18.8532 10
    endloop
  endfacet
  facet normal 0.348445 0.937329 0
    outer loop
      vertex 22.9731 -18.4367 10
      vertex 24.0935 -18.8532 0
      vertex 22.9731 -18.4367 0
    endloop
  endfacet
  facet normal 0.39397 0.919123 -0
    outer loop
      vertex 21.8633 -17.9929 0
      vertex 20.7647 -17.522 10
      vertex 21.8633 -17.9929 10
    endloop
  endfacet
  facet normal 0.39397 0.919123 0
    outer loop
      vertex 20.7647 -17.522 10
      vertex 21.8633 -17.9929 0
      vertex 20.7647 -17.522 0
    endloop
  endfacet
  facet normal -0.183051 0.983103 0
    outer loop
      vertex 50.0009 -20.7642 0
      vertex 48.8258 -20.983 10
      vertex 50.0009 -20.7642 10
    endloop
  endfacet
  facet normal -0.183051 0.983103 0
    outer loop
      vertex 48.8258 -20.983 10
      vertex 50.0009 -20.7642 0
      vertex 48.8258 -20.983 0
    endloop
  endfacet
  facet normal -0.78072 0.624881 0
    outer loop
      vertex 78.1456 -3.89495 0
      vertex 78.8925 -2.96178 10
      vertex 78.8925 -2.96178 0
    endloop
  endfacet
  facet normal -0.78072 0.624881 0
    outer loop
      vertex 78.8925 -2.96178 10
      vertex 78.1456 -3.89495 0
      vertex 78.1456 -3.89495 10
    endloop
  endfacet
  facet normal -0.909179 0.416405 0
    outer loop
      vertex 84.5243 6.17807 0
      vertex 85.022 7.26475 10
      vertex 85.022 7.26475 0
    endloop
  endfacet
  facet normal -0.909179 0.416405 0
    outer loop
      vertex 85.022 7.26475 10
      vertex 84.5243 6.17807 0
      vertex 84.5243 6.17807 10
    endloop
  endfacet
  facet normal 0.953304 0.302013 0
    outer loop
      vertex -5.74202 11.7237 10
      vertex -6.10299 12.8631 0
      vertex -6.10299 12.8631 10
    endloop
  endfacet
  facet normal 0.953304 0.302013 0
    outer loop
      vertex -6.10299 12.8631 0
      vertex -5.74202 11.7237 10
      vertex -5.74202 11.7237 0
    endloop
  endfacet
  facet normal -0.231081 -0.972934 0
    outer loop
      vertex 51.1702 74.5167 0
      vertex 52.3331 74.2405 10
      vertex 51.1702 74.5167 10
    endloop
  endfacet
  facet normal -0.231081 -0.972934 -0
    outer loop
      vertex 52.3331 74.2405 10
      vertex 51.1702 74.5167 0
      vertex 52.3331 74.2405 0
    endloop
  endfacet
  facet normal 0.990904 0.134572 0
    outer loop
      vertex -7.6729 19.8542 10
      vertex -7.83375 21.0386 0
      vertex -7.83375 21.0386 10
    endloop
  endfacet
  facet normal 0.990904 0.134572 0
    outer loop
      vertex -7.83375 21.0386 0
      vertex -7.6729 19.8542 10
      vertex -7.6729 19.8542 0
    endloop
  endfacet
  facet normal 0.605501 0.795844 -0
    outer loop
      vertex 11.4894 -12.1162 0
      vertex 10.5382 -11.3925 10
      vertex 11.4894 -12.1162 10
    endloop
  endfacet
  facet normal 0.605501 0.795844 0
    outer loop
      vertex 10.5382 -11.3925 10
      vertex 11.4894 -12.1162 0
      vertex 10.5382 -11.3925 0
    endloop
  endfacet
  facet normal -0.89866 0.438646 0
    outer loop
      vertex 84 5.10393 0
      vertex 84.5243 6.17807 10
      vertex 84.5243 6.17807 0
    endloop
  endfacet
  facet normal -0.89866 0.438646 0
    outer loop
      vertex 84.5243 6.17807 10
      vertex 84 5.10393 0
      vertex 84 5.10393 10
    endloop
  endfacet
  facet normal 0.960434 -0.278509 0
    outer loop
      vertex -6.43589 39.9889 10
      vertex -6.10299 41.1369 0
      vertex -6.10299 41.1369 10
    endloop
  endfacet
  facet normal 0.960434 -0.278509 0
    outer loop
      vertex -6.10299 41.1369 0
      vertex -6.43589 39.9889 10
      vertex -6.43589 39.9889 0
    endloop
  endfacet
  facet normal 0.780746 -0.624848 0
    outer loop
      vertex 2.10753 56.9618 10
      vertex 2.85439 57.895 0
      vertex 2.85439 57.895 10
    endloop
  endfacet
  facet normal 0.780746 -0.624848 0
    outer loop
      vertex 2.85439 57.895 0
      vertex 2.10753 56.9618 10
      vertex 2.10753 56.9618 0
    endloop
  endfacet
  facet normal -0.680604 0.732652 0
    outer loop
      vertex 74.0806 -8.27083 0
      vertex 73.2049 -9.08432 10
      vertex 74.0806 -8.27083 10
    endloop
  endfacet
  facet normal -0.680604 0.732652 0
    outer loop
      vertex 73.2049 -9.08432 10
      vertex 74.0806 -8.27083 0
      vertex 73.2049 -9.08432 0
    endloop
  endfacet
  facet normal 0.438626 0.89867 -0
    outer loop
      vertex 19.6781 -17.0243 0
      vertex 18.6039 -16.5 10
      vertex 19.6781 -17.0243 10
    endloop
  endfacet
  facet normal 0.438626 0.89867 0
    outer loop
      vertex 18.6039 -16.5 10
      vertex 19.6781 -17.0243 0
      vertex 18.6039 -16.5 0
    endloop
  endfacet
  facet normal 0.966977 -0.254863 0
    outer loop
      vertex -6.74052 38.8331 10
      vertex -6.43589 39.9889 0
      vertex -6.43589 39.9889 10
    endloop
  endfacet
  facet normal 0.966977 -0.254863 0
    outer loop
      vertex -6.43589 39.9889 0
      vertex -6.74052 38.8331 10
      vertex -6.74052 38.8331 0
    endloop
  endfacet
  facet normal -0.545321 -0.838228 0
    outer loop
      vertex 66.5544 68.1444 0
      vertex 67.5563 67.4926 10
      vertex 66.5544 68.1444 10
    endloop
  endfacet
  facet normal -0.545321 -0.838228 -0
    outer loop
      vertex 67.5563 67.4926 10
      vertex 66.5544 68.1444 0
      vertex 67.5563 67.4926 0
    endloop
  endfacet
  facet normal 0.207077 -0.978325 0
    outer loop
      vertex 29.8298 74.5167 0
      vertex 30.9991 74.7642 10
      vertex 29.8298 74.5167 10
    endloop
  endfacet
  facet normal 0.207077 -0.978325 0
    outer loop
      vertex 30.9991 74.7642 10
      vertex 29.8298 74.5167 0
      vertex 30.9991 74.7642 0
    endloop
  endfacet
  facet normal 0.41643 -0.909168 0
    outer loop
      vertex 19.6781 71.0243 0
      vertex 20.7647 71.522 10
      vertex 19.6781 71.0243 10
    endloop
  endfacet
  facet normal 0.41643 -0.909168 0
    outer loop
      vertex 20.7647 71.522 10
      vertex 19.6781 71.0243 0
      vertex 20.7647 71.522 0
    endloop
  endfacet
  facet normal 0.254839 0.966983 -0
    outer loop
      vertex 28.6669 -20.2405 0
      vertex 27.5111 -19.9359 10
      vertex 28.6669 -20.2405 10
    endloop
  endfacet
  facet normal 0.254839 0.966983 0
    outer loop
      vertex 27.5111 -19.9359 10
      vertex 28.6669 -20.2405 0
      vertex 27.5111 -19.9359 0
    endloop
  endfacet
  facet normal 0.990904 -0.134572 0
    outer loop
      vertex -7.83375 32.9614 10
      vertex -7.6729 34.1458 0
      vertex -7.6729 34.1458 10
    endloop
  endfacet
  facet normal 0.990904 -0.134572 0
    outer loop
      vertex -7.6729 34.1458 0
      vertex -7.83375 32.9614 10
      vertex -7.83375 32.9614 0
    endloop
  endfacet
  facet normal -0.207077 -0.978325 0
    outer loop
      vertex 50.0009 74.7642 0
      vertex 51.1702 74.5167 10
      vertex 50.0009 74.7642 10
    endloop
  endfacet
  facet normal -0.207077 -0.978325 -0
    outer loop
      vertex 51.1702 74.5167 10
      vertex 50.0009 74.7642 0
      vertex 51.1702 74.5167 0
    endloop
  endfacet
  facet normal -0.302036 0.953296 0
    outer loop
      vertex 55.7763 -19.242 0
      vertex 54.6369 -19.603 10
      vertex 55.7763 -19.242 10
    endloop
  endfacet
  facet normal -0.302036 0.953296 0
    outer loop
      vertex 54.6369 -19.603 10
      vertex 55.7763 -19.242 0
      vertex 54.6369 -19.603 0
    endloop
  endfacet
  facet normal 0.851344 -0.524609 0
    outer loop
      vertex -1.27138 52.0368 10
      vertex -1 52.4772 0
      vertex -1 52.4772 10
    endloop
  endfacet
  facet normal 0.851344 -0.524609 0
    outer loop
      vertex -1 52.4772 0
      vertex -1.27138 52.0368 10
      vertex -1.27138 52.0368 0
    endloop
  endfacet
  facet normal 0.134613 0.990898 -0
    outer loop
      vertex 34.5386 -21.3338 0
      vertex 33.3542 -21.1729 10
      vertex 34.5386 -21.3338 10
    endloop
  endfacet
  facet normal 0.134613 0.990898 0
    outer loop
      vertex 33.3542 -21.1729 10
      vertex 34.5386 -21.3338 0
      vertex 33.3542 -21.1729 0
    endloop
  endfacet
  facet normal 0.503491 0.864 -0
    outer loop
      vertex 16.4959 -15.3732 0
      vertex 15.4632 -14.7714 10
      vertex 16.4959 -15.3732 10
    endloop
  endfacet
  facet normal 0.503491 0.864 0
    outer loop
      vertex 15.4632 -14.7714 10
      vertex 16.4959 -15.3732 0
      vertex 15.4632 -14.7714 0
    endloop
  endfacet
  facet normal 0.909158 -0.416451 0
    outer loop
      vertex -4.02201 46.7353 10
      vertex -3.52428 47.8219 0
      vertex -3.52428 47.8219 10
    endloop
  endfacet
  facet normal 0.909158 -0.416451 0
    outer loop
      vertex -3.52428 47.8219 0
      vertex -4.02201 46.7353 10
      vertex -4.02201 46.7353 0
    endloop
  endfacet
  facet normal 0.978316 -0.207117 0
    outer loop
      vertex -7.26424 36.5009 10
      vertex -7.01669 37.6702 0
      vertex -7.01669 37.6702 10
    endloop
  endfacet
  facet normal 0.978316 -0.207117 0
    outer loop
      vertex -7.01669 37.6702 0
      vertex -7.26424 36.5009 10
      vertex -7.26424 36.5009 0
    endloop
  endfacet
  facet normal 0.460517 0.887651 -0
    outer loop
      vertex 18.6039 -16.5 0
      vertex 17.543 -15.9496 10
      vertex 18.6039 -16.5 10
    endloop
  endfacet
  facet normal 0.460517 0.887651 0
    outer loop
      vertex 17.543 -15.9496 10
      vertex 18.6039 -16.5 0
      vertex 17.543 -15.9496 0
    endloop
  endfacet
  facet normal 0.207077 0.978325 -0
    outer loop
      vertex 30.9991 -20.7642 0
      vertex 29.8298 -20.5167 10
      vertex 30.9991 -20.7642 10
    endloop
  endfacet
  facet normal 0.207077 0.978325 0
    outer loop
      vertex 29.8298 -20.5167 10
      vertex 30.9991 -20.7642 0
      vertex 29.8298 -20.5167 0
    endloop
  endfacet
endsolid OpenSCAD_Model
