  0
SECTION
  2
HEADER
  9
$ACADVER
  1
AC1009
  9
$DWGCODEPAGE
  3
ANSI_1252
  9
$INSBASE
 10
0.0
 20
0.0
 30
0.0
  9
$EXTMIN
 10
1e+20
 20
1e+20
 30
1e+20
  9
$EXTMAX
 10
-1e+20
 20
-1e+20
 30
-1e+20
  9
$LIMMIN
 10
0.0
 20
0.0
  9
$LIMMAX
 10
420.0
 20
297.0
  9
$ORTHOMODE
 70
0
  9
$REGENMODE
 70
1
  9
$FILLMODE
 70
1
  9
$DRAGMODE
 70
2
  9
$QTEXTMODE
 70
0
  9
$MIRRTEXT
 70
1
  9
$OSMODE
 70
20583
  9
$LTSCALE
 40
1.0
  9
$ATTMODE
 70
1
  9
$TEXTSIZE
 40
2.5
  9
$TRACEWID
 40
1.0
  9
$TEXTSTYLE
  7
Standard
  9
$CLAYER
  8
0
  9
$CELTYPE
  6
ByLayer
  9
$CECOLOR
 62
256
  9
$DIMSCALE
 40
1.0
  9
$DIMASZ
 40
2.5
  9
$DIMEXO
 40
0.625
  9
$DIMDLI
 40
3.75
  9
$DIMRND
 40
0.0
  9
$DIMDLE
 40
0.0
  9
$DIMEXE
 40
1.25
  9
$DIMTP
 40
0.0
  9
$DIMTM
 40
0.0
  9
$DIMTXT
 40
2.5
  9
$DIMCEN
 40
2.5
  9
$DIMTSZ
 40
0.0
  9
$DIMTOL
 70
0
  9
$DIMLIM
 70
0
  9
$DIMTIH
 70
0
  9
$DIMTOH
 70
0
  9
$DIMSE1
 70
0
  9
$DIMSE2
 70
0
  9
$DIMTAD
 70
1
  9
$DIMZIN
 70
8
  9
$DIMBLK
  1

  9
$DIMASO
 70
1
  9
$DIMSHO
 70
1
  9
$DIMPOST
  1

  9
$DIMAPOST
  1

  9
$DIMALT
 70
0
  9
$DIMALTD
 70
3
  9
$DIMALTF
 40
0.03937007874
  9
$DIMLFAC
 40
1.0
  9
$DIMTOFL
 70
1
  9
$DIMTVP
 40
0.0
  9
$DIMTIX
 70
0
  9
$DIMSOXD
 70
0
  9
$DIMSAH
 70
0
  9
$DIMBLK1
  1

  9
$DIMBLK2
  1

  9
$DIMSTYLE
  2
ISO-25
  9
$DIMCLRD
 70
0
  9
$DIMCLRE
 70
0
  9
$DIMCLRT
 70
0
  9
$DIMTFAC
 40
1.0
  9
$DIMGAP
 40
0.625
  9
$COORDS
 70
1
  9
$ATTDIA
 70
0
  9
$ATTREQ
 70
1
  9
$HANDLING
 70
1
  9
$LUNITS
 70
2
  9
$LUPREC
 70
4
  9
$SKETCHINC
 40
1.0
  9
$FILLETRAD
 40
10.0
  9
$AUNITS
 70
0
  9
$AUPREC
 70
2
  9
$MENU
  1
.
  9
$ELEVATION
 40
0.0
  9
$PELEVATION
 40
0.0
  9
$THICKNESS
 40
0.0
  9
$LIMCHECK
 70
0
  9
$CHAMFERA
 40
0.0
  9
$CHAMFERB
 40
0.0
  9
$SKPOLY
 70
0
  9
$TDCREATE
 40
2460229.696423611
  9
$TDUPDATE
 40
2460229.696423611
  9
$TDINDWG
 40
0.0
  9
$TDUSRTIMER
 40
0.0
  9
$USRTIMER
 70
1
  9
$ANGBASE
 50
0.0
  9
$ANGDIR
 70
0
  9
$PDMODE
 70
0
  9
$PDSIZE
 40
0.0
  9
$PLINEWID
 40
0.0
  9
$SPLFRAME
 70
0
  9
$SPLINETYPE
 70
6
  9
$SPLINESEGS
 70
8
  9
$HANDSEED
  5
10BC
  9
$SURFTAB1
 70
6
  9
$SURFTAB2
 70
6
  9
$SURFTYPE
 70
6
  9
$SURFU
 70
6
  9
$SURFV
 70
6
  9
$UCSNAME
  2

  9
$UCSORG
 10
0.0
 20
0.0
 30
0.0
  9
$UCSXDIR
 10
1.0
 20
0.0
 30
0.0
  9
$UCSYDIR
 10
0.0
 20
1.0
 30
0.0
  9
$PUCSNAME
  2

  9
$PUCSORG
 10
0.0
 20
0.0
 30
0.0
  9
$PUCSXDIR
 10
1.0
 20
0.0
 30
0.0
  9
$PUCSYDIR
 10
0.0
 20
1.0
 30
0.0
  9
$USERI1
 70
0
  9
$USERI2
 70
0
  9
$USERI3
 70
0
  9
$USERI4
 70
0
  9
$USERI5
 70
0
  9
$USERR1
 40
0.0
  9
$USERR2
 40
0.0
  9
$USERR3
 40
0.0
  9
$USERR4
 40
0.0
  9
$USERR5
 40
0.0
  9
$WORLDVIEW
 70
1
  9
$SHADEDGE
 70
3
  9
$SHADEDIF
 70
70
  9
$TILEMODE
 70
1
  9
$MAXACTVP
 70
64
  9
$PLIMCHECK
 70
0
  9
$PEXTMIN
 10
1e+20
 20
1e+20
 30
1e+20
  9
$PEXTMAX
 10
-1e+20
 20
-1e+20
 30
-1e+20
  9
$PLIMMIN
 10
0.0
 20
0.0
  9
$PLIMMAX
 10
420.0
 20
297.0
  9
$UNITMODE
 70
0
  9
$VISRETAIN
 70
1
  9
$PLINEGEN
 70
0
  9
$PSLTSCALE
 70
1
  0
ENDSEC
  0
SECTION
  2
TABLES
  0
TABLE
  2
VPORT
 70
1
  0
VPORT
  5
10B0
  2
*Active
 70
0
 10
0.0
 20
0.0
 11
1.0
 21
1.0
 12
0.0
 22
0.0
 13
0.0
 23
0.0
 14
0.5
 24
0.5
 15
0.5
 25
0.5
 16
0.0
 26
0.0
 36
1.0
 17
0.0
 27
0.0
 37
0.0
 40
1000.0
 41
1.34
 42
50.0
 43
0.0
 44
0.0
 50
0.0
 51
0.0
 71
0
 72
1000
 73
1
 74
3
 75
0
 76
0
 77
0
 78
0
  0
ENDTAB
  0
TABLE
  2
LTYPE
 70
3
  0
LTYPE
  5
10B1
  2
ByBlock
 70
0
  3

 72
65
 73
0
 40
0.0
  0
LTYPE
  5
10B2
  2
ByLayer
 70
0
  3

 72
65
 73
0
 40
0.0
  0
LTYPE
  5
10B3
  2
Continuous
 70
0
  3

 72
65
 73
0
 40
0.0
  0
ENDTAB
  0
TABLE
  2
LAYER
 70
2
  0
LAYER
  5
10B4
  2
0
 70
0
 62
7
  6
Continuous
  0
LAYER
  5
10B5
  2
Defpoints
 70
0
 62
7
  6
Continuous
  0
ENDTAB
  0
TABLE
  2
STYLE
 70
1
  0
STYLE
  5
10B6
  2
Standard
 70
0
 40
0.0
 41
1.0
 50
0.0
 71
0
 42
2.5
  3
txt
  4

  0
ENDTAB
  0
TABLE
  2
VIEW
 70
0
  0
ENDTAB
  0
TABLE
  2
UCS
 70
0
  0
ENDTAB
  0
TABLE
  2
APPID
 70
3
  0
APPID
  5
10B7
  2
ACAD
 70
0
  0
APPID
  5
10BA
  2
HATCHBACKGROUNDCOLOR
 70
0
  0
APPID
  5
10BB
  2
EZDXF
 70
0
  0
ENDTAB
  0
TABLE
  2
DIMSTYLE
 70
1
  0
DIMSTYLE
105
10B8
  2
Standard
 70
0
  3

  4

  5

  6

  7

 40
1.0
 41
2.5
 42
0.625
 43
3.75
 44
1.25
 45
0.0
 46
0.0
 47
0.0
 48
0.0
140
2.5
141
2.5
142
0.0
143
0.03937007874
144
1.0
145
0.0
146
1.0
147
0.625
 71
0
 72
0
 73
0
 74
0
 75
0
 76
0
 77
1
 78
8
170
0
171
3
172
1
173
0
174
0
175
0
176
0
177
0
178
0
  0
ENDTAB
  0
ENDSEC
  0
SECTION
  2
BLOCKS
  0
BLOCK
  5
1091
  8
0
  2
$Model_Space
 70
0
 10
0.0
 20
0.0
 30
0.0
  3
$Model_Space
  1

1001
EZDXF
1000
WRITTEN_BY_EZDXF
1000
1.1.1 @ 2023-10-11T20:42:51.615722+00:00
  0
ENDBLK
  5
1092
  8
0
  0
BLOCK
  5
1093
  8
0
  2
$Paper_Space
 70
0
 10
0.0
 20
0.0
 30
0.0
  3
$Paper_Space
  1

  0
ENDBLK
  5
1094
  8
0
  0
ENDSEC
  0
SECTION
  2
ENTITIES
  0
LINE
  5
100
  8
0
 10
32.8697
 20
-18.2462
 30
0.0
 11
33.4893
 21
-18.2348
 31
0.0
  0
LINE
  5
101
  8
0
 10
33.4893
 20
-18.2348
 30
0.0
 11
34.1088
 21
-18.2158
 31
0.0
  0
LINE
  5
102
  8
0
 10
34.1088
 20
-18.2158
 30
0.0
 11
34.7279
 21
-18.1892
 31
0.0
  0
LINE
  5
103
  8
0
 10
34.7279
 20
-18.1892
 30
0.0
 11
35.3467
 21
-18.155
 31
0.0
  0
LINE
  5
104
  8
0
 10
35.3467
 20
-18.155
 30
0.0
 11
35.965
 21
-18.1132
 31
0.0
  0
LINE
  5
105
  8
0
 10
35.965
 20
-18.1132
 30
0.0
 11
36.5828
 21
-18.0638
 31
0.0
  0
LINE
  5
106
  8
0
 10
36.5828
 20
-18.0638
 30
0.0
 11
37.1999
 21
-18.0068
 31
0.0
  0
LINE
  5
107
  8
0
 10
37.1999
 20
-18.0068
 30
0.0
 11
37.8162
 21
-17.9423
 31
0.0
  0
LINE
  5
108
  8
0
 10
37.8162
 20
-17.9423
 30
0.0
 11
38.4317
 21
-17.8702
 31
0.0
  0
LINE
  5
109
  8
0
 10
38.4317
 20
-17.8702
 30
0.0
 11
39.0463
 21
-17.7906
 31
0.0
  0
LINE
  5
10A
  8
0
 10
39.0463
 20
-17.7906
 30
0.0
 11
39.6599
 21
-17.7034
 31
0.0
  0
LINE
  5
10B
  8
0
 10
39.6599
 20
-17.7034
 30
0.0
 11
40.2723
 21
-17.6087
 31
0.0
  0
LINE
  5
10C
  8
0
 10
40.2723
 20
-17.6087
 30
0.0
 11
40.8836
 21
-17.5065
 31
0.0
  0
LINE
  5
10D
  8
0
 10
40.8836
 20
-17.5065
 30
0.0
 11
41.4935
 21
-17.3968
 31
0.0
  0
LINE
  5
10E
  8
0
 10
41.4935
 20
-17.3968
 30
0.0
 11
42.1021
 21
-17.2796
 31
0.0
  0
LINE
  5
10F
  8
0
 10
42.1021
 20
-17.2796
 30
0.0
 11
42.7091
 21
-17.155
 31
0.0
  0
LINE
  5
110
  8
0
 10
42.7091
 20
-17.155
 30
0.0
 11
43.3146
 21
-17.0229
 31
0.0
  0
LINE
  5
111
  8
0
 10
43.3146
 20
-17.0229
 30
0.0
 11
43.9184
 21
-16.8835
 31
0.0
  0
LINE
  5
112
  8
0
 10
43.9184
 20
-16.8835
 30
0.0
 11
44.5205
 21
-16.7366
 31
0.0
  0
LINE
  5
113
  8
0
 10
44.5205
 20
-16.7366
 30
0.0
 11
45.1207
 21
-16.5823
 31
0.0
  0
LINE
  5
114
  8
0
 10
45.1207
 20
-16.5823
 30
0.0
 11
45.719
 21
-16.4207
 31
0.0
  0
LINE
  5
115
  8
0
 10
45.719
 20
-16.4207
 30
0.0
 11
46.3152
 21
-16.2517
 31
0.0
  0
LINE
  5
116
  8
0
 10
46.3152
 20
-16.2517
 30
0.0
 11
46.9094
 21
-16.0755
 31
0.0
  0
LINE
  5
117
  8
0
 10
46.9094
 20
-16.0755
 30
0.0
 11
47.5013
 21
-15.892
 31
0.0
  0
LINE
  5
118
  8
0
 10
47.5013
 20
-15.892
 30
0.0
 11
48.0909
 21
-15.7012
 31
0.0
  0
LINE
  5
119
  8
0
 10
48.0909
 20
-15.7012
 30
0.0
 11
48.6782
 21
-15.5032
 31
0.0
  0
LINE
  5
11A
  8
0
 10
48.6782
 20
-15.5032
 30
0.0
 11
49.2629
 21
-15.298
 31
0.0
  0
LINE
  5
11B
  8
0
 10
49.2629
 20
-15.298
 30
0.0
 11
49.8451
 21
-15.0856
 31
0.0
  0
LINE
  5
11C
  8
0
 10
49.8451
 20
-15.0856
 30
0.0
 11
50.4247
 21
-14.8661
 31
0.0
  0
LINE
  5
11D
  8
0
 10
50.4247
 20
-14.8661
 30
0.0
 11
51.0015
 21
-14.6396
 31
0.0
  0
LINE
  5
11E
  8
0
 10
51.0015
 20
-14.6396
 30
0.0
 11
51.5755
 21
-14.4059
 31
0.0
  0
LINE
  5
11F
  8
0
 10
51.5755
 20
-14.4059
 30
0.0
 11
52.1466
 21
-14.1652
 31
0.0
  0
LINE
  5
120
  8
0
 10
52.1466
 20
-14.1652
 30
0.0
 11
52.7147
 21
-13.9176
 31
0.0
  0
LINE
  5
121
  8
0
 10
52.7147
 20
-13.9176
 30
0.0
 11
53.2797
 21
-13.663
 31
0.0
  0
LINE
  5
122
  8
0
 10
53.2797
 20
-13.663
 30
0.0
 11
53.8415
 21
-13.4015
 31
0.0
  0
LINE
  5
123
  8
0
 10
53.8415
 20
-13.4015
 30
0.0
 11
54.4001
 21
-13.1331
 31
0.0
  0
LINE
  5
124
  8
0
 10
54.4001
 20
-13.1331
 30
0.0
 11
54.9554
 21
-12.8578
 31
0.0
  0
LINE
  5
125
  8
0
 10
54.9554
 20
-12.8578
 30
0.0
 11
55.5072
 21
-12.5758
 31
0.0
  0
LINE
  5
126
  8
0
 10
55.5072
 20
-12.5758
 30
0.0
 11
56.0555
 21
-12.287
 31
0.0
  0
LINE
  5
127
  8
0
 10
56.0555
 20
-12.287
 30
0.0
 11
56.6003
 21
-11.9915
 31
0.0
  0
LINE
  5
128
  8
0
 10
56.6003
 20
-11.9915
 30
0.0
 11
57.1414
 21
-11.6894
 31
0.0
  0
LINE
  5
129
  8
0
 10
57.1414
 20
-11.6894
 30
0.0
 11
57.6787
 21
-11.3806
 31
0.0
  0
LINE
  5
12A
  8
0
 10
57.6787
 20
-11.3806
 30
0.0
 11
58.2122
 21
-11.0653
 31
0.0
  0
LINE
  5
12B
  8
0
 10
58.2122
 20
-11.0653
 30
0.0
 11
58.7418
 21
-10.7434
 31
0.0
  0
LINE
  5
12C
  8
0
 10
58.7418
 20
-10.7434
 30
0.0
 11
59.2674
 21
-10.4151
 31
0.0
  0
LINE
  5
12D
  8
0
 10
59.2674
 20
-10.4151
 30
0.0
 11
59.7889
 21
-10.0803
 31
0.0
  0
LINE
  5
12E
  8
0
 10
59.7889
 20
-10.0803
 30
0.0
 11
60.3063
 21
-9.73921
 31
0.0
  0
LINE
  5
12F
  8
0
 10
60.3063
 20
-9.73921
 30
0.0
 11
60.8194
 21
-9.39175
 31
0.0
  0
LINE
  5
130
  8
0
 10
60.8194
 20
-9.39175
 30
0.0
 11
61.3283
 21
-9.03802
 31
0.0
  0
LINE
  5
131
  8
0
 10
61.3283
 20
-9.03802
 30
0.0
 11
61.8328
 21
-8.67809
 31
0.0
  0
LINE
  5
132
  8
0
 10
61.8328
 20
-8.67809
 30
0.0
 11
62.3328
 21
-8.31198
 31
0.0
  0
LINE
  5
133
  8
0
 10
62.3328
 20
-8.31198
 30
0.0
 11
62.8283
 21
-7.93976
 31
0.0
  0
LINE
  5
134
  8
0
 10
62.8283
 20
-7.93976
 30
0.0
 11
63.3192
 21
-7.56149
 31
0.0
  0
LINE
  5
135
  8
0
 10
63.3192
 20
-7.56149
 30
0.0
 11
63.8054
 21
-7.17723
 31
0.0
  0
LINE
  5
136
  8
0
 10
63.8054
 20
-7.17723
 30
0.0
 11
64.2868
 21
-6.78702
 31
0.0
  0
LINE
  5
137
  8
0
 10
64.2868
 20
-6.78702
 30
0.0
 11
64.7635
 21
-6.39095
 31
0.0
  0
LINE
  5
138
  8
0
 10
64.7635
 20
-6.39095
 30
0.0
 11
65.2352
 21
-5.98904
 31
0.0
  0
LINE
  5
139
  8
0
 10
65.2352
 20
-5.98904
 30
0.0
 11
65.702
 21
-5.58138
 31
0.0
  0
LINE
  5
13A
  8
0
 10
65.702
 20
-5.58138
 30
0.0
 11
66.1637
 21
-5.16803
 31
0.0
  0
LINE
  5
13B
  8
0
 10
66.1637
 20
-5.16803
 30
0.0
 11
66.6203
 21
-4.74904
 31
0.0
  0
LINE
  5
13C
  8
0
 10
66.6203
 20
-4.74904
 30
0.0
 11
67.0718
 21
-4.32448
 31
0.0
  0
LINE
  5
13D
  8
0
 10
67.0718
 20
-4.32448
 30
0.0
 11
67.518
 21
-3.89439
 31
0.0
  0
LINE
  5
13E
  8
0
 10
67.518
 20
-3.89439
 30
0.0
 11
67.9589
 21
-3.45889
 31
0.0
  0
LINE
  5
13F
  8
0
 10
67.9589
 20
-3.45889
 30
0.0
 11
68.3944
 21
-3.01799
 31
0.0
  0
LINE
  5
140
  8
0
 10
68.3944
 20
-3.01799
 30
0.0
 11
68.8245
 21
-2.57179
 31
0.0
  0
LINE
  5
141
  8
0
 10
68.8245
 20
-2.57179
 30
0.0
 11
69.249
 21
-2.12035
 31
0.0
  0
LINE
  5
142
  8
0
 10
69.249
 20
-2.12035
 30
0.0
 11
69.668
 21
-1.66373
 31
0.0
  0
LINE
  5
143
  8
0
 10
69.668
 20
-1.66373
 30
0.0
 11
70.0814
 21
-1.202
 31
0.0
  0
LINE
  5
144
  8
0
 10
70.0814
 20
-1.202
 30
0.0
 11
70.489
 21
-0.735229
 31
0.0
  0
LINE
  5
145
  8
0
 10
70.489
 20
-0.735229
 30
0.0
 11
70.8909
 21
-0.263489
 31
0.0
  0
LINE
  5
146
  8
0
 10
70.8909
 20
-0.263489
 30
0.0
 11
71.287
 21
0.21315
 31
0.0
  0
LINE
  5
147
  8
0
 10
71.287
 20
0.21315
 30
0.0
 11
71.6772
 21
0.694595
 31
0.0
  0
LINE
  5
148
  8
0
 10
71.6772
 20
0.694595
 30
0.0
 11
72.0615
 21
1.18082
 31
0.0
  0
LINE
  5
149
  8
0
 10
72.0615
 20
1.18082
 30
0.0
 11
72.4398
 21
1.67169
 31
0.0
  0
LINE
  5
14A
  8
0
 10
72.4398
 20
1.67169
 30
0.0
 11
72.812
 21
2.16719
 31
0.0
  0
LINE
  5
14B
  8
0
 10
72.812
 20
2.16719
 30
0.0
 11
73.1781
 21
2.66722
 31
0.0
  0
LINE
  5
14C
  8
0
 10
73.1781
 20
2.66722
 30
0.0
 11
73.538
 21
3.17169
 31
0.0
  0
LINE
  5
14D
  8
0
 10
73.538
 20
3.17169
 30
0.0
 11
73.8918
 21
3.68056
 31
0.0
  0
LINE
  5
14E
  8
0
 10
73.8918
 20
3.68056
 30
0.0
 11
74.2392
 21
4.19371
 31
0.0
  0
LINE
  5
14F
  8
0
 10
74.2392
 20
4.19371
 30
0.0
 11
74.5803
 21
4.71109
 31
0.0
  0
LINE
  5
150
  8
0
 10
74.5803
 20
4.71109
 30
0.0
 11
74.9151
 21
5.23262
 31
0.0
  0
LINE
  5
151
  8
0
 10
74.9151
 20
5.23262
 30
0.0
 11
75.2434
 21
5.75822
 31
0.0
  0
LINE
  5
152
  8
0
 10
75.2434
 20
5.75822
 30
0.0
 11
75.5653
 21
6.28781
 31
0.0
  0
LINE
  5
153
  8
0
 10
75.5653
 20
6.28781
 30
0.0
 11
75.8806
 21
6.82132
 31
0.0
  0
LINE
  5
154
  8
0
 10
75.8806
 20
6.82132
 30
0.0
 11
76.1894
 21
7.35864
 31
0.0
  0
LINE
  5
155
  8
0
 10
76.1894
 20
7.35864
 30
0.0
 11
76.4915
 21
7.89972
 31
0.0
  0
LINE
  5
156
  8
0
 10
76.4915
 20
7.89972
 30
0.0
 11
76.787
 21
8.44447
 31
0.0
  0
LINE
  5
157
  8
0
 10
76.787
 20
8.44447
 30
0.0
 11
77.0758
 21
8.9928
 31
0.0
  0
LINE
  5
158
  8
0
 10
77.0758
 20
8.9928
 30
0.0
 11
77.3578
 21
9.54463
 31
0.0
  0
LINE
  5
159
  8
0
 10
77.3578
 20
9.54463
 30
0.0
 11
77.6331
 21
10.0999
 31
0.0
  0
LINE
  5
15A
  8
0
 10
77.6331
 20
10.0999
 30
0.0
 11
77.9015
 21
10.6585
 31
0.0
  0
LINE
  5
15B
  8
0
 10
77.9015
 20
10.6585
 30
0.0
 11
78.163
 21
11.2203
 31
0.0
  0
LINE
  5
15C
  8
0
 10
78.163
 20
11.2203
 30
0.0
 11
78.4176
 21
11.7853
 31
0.0
  0
LINE
  5
15D
  8
0
 10
78.4176
 20
11.7853
 30
0.0
 11
78.6652
 21
12.3534
 31
0.0
  0
LINE
  5
15E
  8
0
 10
78.6652
 20
12.3534
 30
0.0
 11
78.9059
 21
12.9245
 31
0.0
  0
LINE
  5
15F
  8
0
 10
78.9059
 20
12.9245
 30
0.0
 11
79.1396
 21
13.4985
 31
0.0
  0
LINE
  5
160
  8
0
 10
79.1396
 20
13.4985
 30
0.0
 11
79.3661
 21
14.0753
 31
0.0
  0
LINE
  5
161
  8
0
 10
79.3661
 20
14.0753
 30
0.0
 11
79.5856
 21
14.6549
 31
0.0
  0
LINE
  5
162
  8
0
 10
79.5856
 20
14.6549
 30
0.0
 11
79.798
 21
15.2371
 31
0.0
  0
LINE
  5
163
  8
0
 10
79.798
 20
15.2371
 30
0.0
 11
80.0032
 21
15.8218
 31
0.0
  0
LINE
  5
164
  8
0
 10
80.0032
 20
15.8218
 30
0.0
 11
80.2012
 21
16.4091
 31
0.0
  0
LINE
  5
165
  8
0
 10
80.2012
 20
16.4091
 30
0.0
 11
80.392
 21
16.9987
 31
0.0
  0
LINE
  5
166
  8
0
 10
80.392
 20
16.9987
 30
0.0
 11
80.5755
 21
17.5906
 31
0.0
  0
LINE
  5
167
  8
0
 10
80.5755
 20
17.5906
 30
0.0
 11
80.7517
 21
18.1848
 31
0.0
  0
LINE
  5
168
  8
0
 10
80.7517
 20
18.1848
 30
0.0
 11
80.9207
 21
18.781
 31
0.0
  0
LINE
  5
169
  8
0
 10
80.9207
 20
18.781
 30
0.0
 11
81.0823
 21
19.3793
 31
0.0
  0
LINE
  5
16A
  8
0
 10
81.0823
 20
19.3793
 30
0.0
 11
81.2366
 21
19.9795
 31
0.0
  0
LINE
  5
16B
  8
0
 10
81.2366
 20
19.9795
 30
0.0
 11
81.3835
 21
20.5816
 31
0.0
  0
LINE
  5
16C
  8
0
 10
81.3835
 20
20.5816
 30
0.0
 11
81.5229
 21
21.1854
 31
0.0
  0
LINE
  5
16D
  8
0
 10
81.5229
 20
21.1854
 30
0.0
 11
81.655
 21
21.7909
 31
0.0
  0
LINE
  5
16E
  8
0
 10
81.655
 20
21.7909
 30
0.0
 11
81.7796
 21
22.3979
 31
0.0
  0
LINE
  5
16F
  8
0
 10
81.7796
 20
22.3979
 30
0.0
 11
81.8968
 21
23.0065
 31
0.0
  0
LINE
  5
170
  8
0
 10
81.8968
 20
23.0065
 30
0.0
 11
82.0065
 21
23.6164
 31
0.0
  0
LINE
  5
171
  8
0
 10
82.0065
 20
23.6164
 30
0.0
 11
82.1087
 21
24.2277
 31
0.0
  0
LINE
  5
172
  8
0
 10
82.1087
 20
24.2277
 30
0.0
 11
82.2034
 21
24.8401
 31
0.0
  0
LINE
  5
173
  8
0
 10
82.2034
 20
24.8401
 30
0.0
 11
82.2906
 21
25.4537
 31
0.0
  0
LINE
  5
174
  8
0
 10
82.2906
 20
25.4537
 30
0.0
 11
82.3702
 21
26.0683
 31
0.0
  0
LINE
  5
175
  8
0
 10
82.3702
 20
26.0683
 30
0.0
 11
82.4423
 21
26.6838
 31
0.0
  0
LINE
  5
176
  8
0
 10
82.4423
 20
26.6838
 30
0.0
 11
82.5068
 21
27.3001
 31
0.0
  0
LINE
  5
177
  8
0
 10
82.5068
 20
27.3001
 30
0.0
 11
82.5638
 21
27.9172
 31
0.0
  0
LINE
  5
178
  8
0
 10
82.5638
 20
27.9172
 30
0.0
 11
82.6132
 21
28.535
 31
0.0
  0
LINE
  5
179
  8
0
 10
82.6132
 20
28.535
 30
0.0
 11
82.655
 21
29.1533
 31
0.0
  0
LINE
  5
17A
  8
0
 10
82.655
 20
29.1533
 30
0.0
 11
82.6892
 21
29.7721
 31
0.0
  0
LINE
  5
17B
  8
0
 10
82.6892
 20
29.7721
 30
0.0
 11
82.7158
 21
30.3912
 31
0.0
  0
LINE
  5
17C
  8
0
 10
82.7158
 20
30.3912
 30
0.0
 11
82.7348
 21
31.0107
 31
0.0
  0
LINE
  5
17D
  8
0
 10
82.7348
 20
31.0107
 30
0.0
 11
82.7462
 21
31.6303
 31
0.0
  0
LINE
  5
17E
  8
0
 10
82.7462
 20
31.6303
 30
0.0
 11
82.75
 21
32.25
 31
0.0
  0
LINE
  5
17F
  8
0
 10
82.75
 20
32.25
 30
0.0
 11
82.7462
 21
32.8697
 31
0.0
  0
LINE
  5
180
  8
0
 10
82.7462
 20
32.8697
 30
0.0
 11
82.7348
 21
33.4893
 31
0.0
  0
LINE
  5
181
  8
0
 10
82.7348
 20
33.4893
 30
0.0
 11
82.7158
 21
34.1088
 31
0.0
  0
LINE
  5
182
  8
0
 10
82.7158
 20
34.1088
 30
0.0
 11
82.6892
 21
34.7279
 31
0.0
  0
LINE
  5
183
  8
0
 10
82.6892
 20
34.7279
 30
0.0
 11
82.655
 21
35.3467
 31
0.0
  0
LINE
  5
184
  8
0
 10
82.655
 20
35.3467
 30
0.0
 11
82.6132
 21
35.965
 31
0.0
  0
LINE
  5
185
  8
0
 10
82.6132
 20
35.965
 30
0.0
 11
82.5638
 21
36.5828
 31
0.0
  0
LINE
  5
186
  8
0
 10
82.5638
 20
36.5828
 30
0.0
 11
82.5068
 21
37.1999
 31
0.0
  0
LINE
  5
187
  8
0
 10
82.5068
 20
37.1999
 30
0.0
 11
82.4423
 21
37.8162
 31
0.0
  0
LINE
  5
188
  8
0
 10
82.4423
 20
37.8162
 30
0.0
 11
82.3702
 21
38.4317
 31
0.0
  0
LINE
  5
189
  8
0
 10
82.3702
 20
38.4317
 30
0.0
 11
82.2906
 21
39.0463
 31
0.0
  0
LINE
  5
18A
  8
0
 10
82.2906
 20
39.0463
 30
0.0
 11
82.2034
 21
39.6599
 31
0.0
  0
LINE
  5
18B
  8
0
 10
82.2034
 20
39.6599
 30
0.0
 11
82.1087
 21
40.2723
 31
0.0
  0
LINE
  5
18C
  8
0
 10
82.1087
 20
40.2723
 30
0.0
 11
82.0065
 21
40.8836
 31
0.0
  0
LINE
  5
18D
  8
0
 10
82.0065
 20
40.8836
 30
0.0
 11
81.8968
 21
41.4935
 31
0.0
  0
LINE
  5
18E
  8
0
 10
81.8968
 20
41.4935
 30
0.0
 11
81.7796
 21
42.1021
 31
0.0
  0
LINE
  5
18F
  8
0
 10
81.7796
 20
42.1021
 30
0.0
 11
81.655
 21
42.7091
 31
0.0
  0
LINE
  5
190
  8
0
 10
81.655
 20
42.7091
 30
0.0
 11
81.5229
 21
43.3146
 31
0.0
  0
LINE
  5
191
  8
0
 10
81.5229
 20
43.3146
 30
0.0
 11
81.3835
 21
43.9184
 31
0.0
  0
LINE
  5
192
  8
0
 10
81.3835
 20
43.9184
 30
0.0
 11
81.2366
 21
44.5205
 31
0.0
  0
LINE
  5
193
  8
0
 10
81.2366
 20
44.5205
 30
0.0
 11
81.0823
 21
45.1207
 31
0.0
  0
LINE
  5
194
  8
0
 10
81.0823
 20
45.1207
 30
0.0
 11
80.9207
 21
45.719
 31
0.0
  0
LINE
  5
195
  8
0
 10
80.9207
 20
45.719
 30
0.0
 11
80.7517
 21
46.3152
 31
0.0
  0
LINE
  5
196
  8
0
 10
80.7517
 20
46.3152
 30
0.0
 11
80.5755
 21
46.9094
 31
0.0
  0
LINE
  5
197
  8
0
 10
80.5755
 20
46.9094
 30
0.0
 11
80.392
 21
47.5013
 31
0.0
  0
LINE
  5
198
  8
0
 10
80.392
 20
47.5013
 30
0.0
 11
80.2012
 21
48.0909
 31
0.0
  0
LINE
  5
199
  8
0
 10
80.2012
 20
48.0909
 30
0.0
 11
80.0032
 21
48.6782
 31
0.0
  0
LINE
  5
19A
  8
0
 10
80.0032
 20
48.6782
 30
0.0
 11
79.798
 21
49.2629
 31
0.0
  0
LINE
  5
19B
  8
0
 10
79.798
 20
49.2629
 30
0.0
 11
79.5856
 21
49.8451
 31
0.0
  0
LINE
  5
19C
  8
0
 10
79.5856
 20
49.8451
 30
0.0
 11
79.3661
 21
50.4247
 31
0.0
  0
LINE
  5
19D
  8
0
 10
79.3661
 20
50.4247
 30
0.0
 11
79.1396
 21
51.0015
 31
0.0
  0
LINE
  5
19E
  8
0
 10
79.1396
 20
51.0015
 30
0.0
 11
78.9059
 21
51.5755
 31
0.0
  0
LINE
  5
19F
  8
0
 10
78.9059
 20
51.5755
 30
0.0
 11
78.6652
 21
52.1466
 31
0.0
  0
LINE
  5
1A0
  8
0
 10
78.6652
 20
52.1466
 30
0.0
 11
78.4176
 21
52.7147
 31
0.0
  0
LINE
  5
1A1
  8
0
 10
78.4176
 20
52.7147
 30
0.0
 11
78.163
 21
53.2797
 31
0.0
  0
LINE
  5
1A2
  8
0
 10
78.163
 20
53.2797
 30
0.0
 11
77.9015
 21
53.8415
 31
0.0
  0
LINE
  5
1A3
  8
0
 10
77.9015
 20
53.8415
 30
0.0
 11
77.6331
 21
54.4001
 31
0.0
  0
LINE
  5
1A4
  8
0
 10
77.6331
 20
54.4001
 30
0.0
 11
77.3578
 21
54.9554
 31
0.0
  0
LINE
  5
1A5
  8
0
 10
77.3578
 20
54.9554
 30
0.0
 11
77.0758
 21
55.5072
 31
0.0
  0
LINE
  5
1A6
  8
0
 10
77.0758
 20
55.5072
 30
0.0
 11
76.787
 21
56.0555
 31
0.0
  0
LINE
  5
1A7
  8
0
 10
76.787
 20
56.0555
 30
0.0
 11
76.4915
 21
56.6003
 31
0.0
  0
LINE
  5
1A8
  8
0
 10
76.4915
 20
56.6003
 30
0.0
 11
76.1894
 21
57.1414
 31
0.0
  0
LINE
  5
1A9
  8
0
 10
76.1894
 20
57.1414
 30
0.0
 11
75.8806
 21
57.6787
 31
0.0
  0
LINE
  5
1AA
  8
0
 10
75.8806
 20
57.6787
 30
0.0
 11
75.5653
 21
58.2122
 31
0.0
  0
LINE
  5
1AB
  8
0
 10
75.5653
 20
58.2122
 30
0.0
 11
75.2434
 21
58.7418
 31
0.0
  0
LINE
  5
1AC
  8
0
 10
75.2434
 20
58.7418
 30
0.0
 11
74.9151
 21
59.2674
 31
0.0
  0
LINE
  5
1AD
  8
0
 10
74.9151
 20
59.2674
 30
0.0
 11
74.5803
 21
59.7889
 31
0.0
  0
LINE
  5
1AE
  8
0
 10
74.5803
 20
59.7889
 30
0.0
 11
74.2392
 21
60.3063
 31
0.0
  0
LINE
  5
1AF
  8
0
 10
74.2392
 20
60.3063
 30
0.0
 11
73.8918
 21
60.8194
 31
0.0
  0
LINE
  5
1B0
  8
0
 10
73.8918
 20
60.8194
 30
0.0
 11
73.538
 21
61.3283
 31
0.0
  0
LINE
  5
1B1
  8
0
 10
73.538
 20
61.3283
 30
0.0
 11
73.1781
 21
61.8328
 31
0.0
  0
LINE
  5
1B2
  8
0
 10
73.1781
 20
61.8328
 30
0.0
 11
72.812
 21
62.3328
 31
0.0
  0
LINE
  5
1B3
  8
0
 10
72.812
 20
62.3328
 30
0.0
 11
72.4398
 21
62.8283
 31
0.0
  0
LINE
  5
1B4
  8
0
 10
72.4398
 20
62.8283
 30
0.0
 11
72.0615
 21
63.3192
 31
0.0
  0
LINE
  5
1B5
  8
0
 10
72.0615
 20
63.3192
 30
0.0
 11
71.6772
 21
63.8054
 31
0.0
  0
LINE
  5
1B6
  8
0
 10
71.6772
 20
63.8054
 30
0.0
 11
71.287
 21
64.2868
 31
0.0
  0
LINE
  5
1B7
  8
0
 10
71.287
 20
64.2868
 30
0.0
 11
70.8909
 21
64.7635
 31
0.0
  0
LINE
  5
1B8
  8
0
 10
70.8909
 20
64.7635
 30
0.0
 11
70.489
 21
65.2352
 31
0.0
  0
LINE
  5
1B9
  8
0
 10
70.489
 20
65.2352
 30
0.0
 11
70.0814
 21
65.702
 31
0.0
  0
LINE
  5
1BA
  8
0
 10
70.0814
 20
65.702
 30
0.0
 11
69.668
 21
66.1637
 31
0.0
  0
LINE
  5
1BB
  8
0
 10
69.668
 20
66.1637
 30
0.0
 11
69.249
 21
66.6203
 31
0.0
  0
LINE
  5
1BC
  8
0
 10
69.249
 20
66.6203
 30
0.0
 11
68.8245
 21
67.0718
 31
0.0
  0
LINE
  5
1BD
  8
0
 10
68.8245
 20
67.0718
 30
0.0
 11
68.3944
 21
67.518
 31
0.0
  0
LINE
  5
1BE
  8
0
 10
68.3944
 20
67.518
 30
0.0
 11
67.9589
 21
67.9589
 31
0.0
  0
LINE
  5
1BF
  8
0
 10
67.9589
 20
67.9589
 30
0.0
 11
67.518
 21
68.3944
 31
0.0
  0
LINE
  5
1C0
  8
0
 10
67.518
 20
68.3944
 30
0.0
 11
67.0718
 21
68.8245
 31
0.0
  0
LINE
  5
1C1
  8
0
 10
67.0718
 20
68.8245
 30
0.0
 11
66.6203
 21
69.249
 31
0.0
  0
LINE
  5
1C2
  8
0
 10
66.6203
 20
69.249
 30
0.0
 11
66.1637
 21
69.668
 31
0.0
  0
LINE
  5
1C3
  8
0
 10
66.1637
 20
69.668
 30
0.0
 11
65.702
 21
70.0814
 31
0.0
  0
LINE
  5
1C4
  8
0
 10
65.702
 20
70.0814
 30
0.0
 11
65.2352
 21
70.489
 31
0.0
  0
LINE
  5
1C5
  8
0
 10
65.2352
 20
70.489
 30
0.0
 11
64.7635
 21
70.8909
 31
0.0
  0
LINE
  5
1C6
  8
0
 10
64.7635
 20
70.8909
 30
0.0
 11
64.2868
 21
71.287
 31
0.0
  0
LINE
  5
1C7
  8
0
 10
64.2868
 20
71.287
 30
0.0
 11
63.8054
 21
71.6772
 31
0.0
  0
LINE
  5
1C8
  8
0
 10
63.8054
 20
71.6772
 30
0.0
 11
63.3192
 21
72.0615
 31
0.0
  0
LINE
  5
1C9
  8
0
 10
63.3192
 20
72.0615
 30
0.0
 11
62.8283
 21
72.4398
 31
0.0
  0
LINE
  5
1CA
  8
0
 10
62.8283
 20
72.4398
 30
0.0
 11
62.3328
 21
72.812
 31
0.0
  0
LINE
  5
1CB
  8
0
 10
62.3328
 20
72.812
 30
0.0
 11
61.8328
 21
73.1781
 31
0.0
  0
LINE
  5
1CC
  8
0
 10
61.8328
 20
73.1781
 30
0.0
 11
61.3283
 21
73.538
 31
0.0
  0
LINE
  5
1CD
  8
0
 10
61.3283
 20
73.538
 30
0.0
 11
60.8194
 21
73.8918
 31
0.0
  0
LINE
  5
1CE
  8
0
 10
60.8194
 20
73.8918
 30
0.0
 11
60.3063
 21
74.2392
 31
0.0
  0
LINE
  5
1CF
  8
0
 10
60.3063
 20
74.2392
 30
0.0
 11
59.7889
 21
74.5803
 31
0.0
  0
LINE
  5
1D0
  8
0
 10
59.7889
 20
74.5803
 30
0.0
 11
59.2674
 21
74.9151
 31
0.0
  0
LINE
  5
1D1
  8
0
 10
59.2674
 20
74.9151
 30
0.0
 11
58.7418
 21
75.2434
 31
0.0
  0
LINE
  5
1D2
  8
0
 10
58.7418
 20
75.2434
 30
0.0
 11
58.2122
 21
75.5653
 31
0.0
  0
LINE
  5
1D3
  8
0
 10
58.2122
 20
75.5653
 30
0.0
 11
57.6787
 21
75.8806
 31
0.0
  0
LINE
  5
1D4
  8
0
 10
57.6787
 20
75.8806
 30
0.0
 11
57.1414
 21
76.1894
 31
0.0
  0
LINE
  5
1D5
  8
0
 10
57.1414
 20
76.1894
 30
0.0
 11
56.6003
 21
76.4915
 31
0.0
  0
LINE
  5
1D6
  8
0
 10
56.6003
 20
76.4915
 30
0.0
 11
56.0555
 21
76.787
 31
0.0
  0
LINE
  5
1D7
  8
0
 10
56.0555
 20
76.787
 30
0.0
 11
55.5072
 21
77.0758
 31
0.0
  0
LINE
  5
1D8
  8
0
 10
55.5072
 20
77.0758
 30
0.0
 11
54.9554
 21
77.3578
 31
0.0
  0
LINE
  5
1D9
  8
0
 10
54.9554
 20
77.3578
 30
0.0
 11
54.4001
 21
77.6331
 31
0.0
  0
LINE
  5
1DA
  8
0
 10
54.4001
 20
77.6331
 30
0.0
 11
53.8415
 21
77.9015
 31
0.0
  0
LINE
  5
1DB
  8
0
 10
53.8415
 20
77.9015
 30
0.0
 11
53.2797
 21
78.163
 31
0.0
  0
LINE
  5
1DC
  8
0
 10
53.2797
 20
78.163
 30
0.0
 11
52.7147
 21
78.4176
 31
0.0
  0
LINE
  5
1DD
  8
0
 10
52.7147
 20
78.4176
 30
0.0
 11
52.1466
 21
78.6652
 31
0.0
  0
LINE
  5
1DE
  8
0
 10
52.1466
 20
78.6652
 30
0.0
 11
51.5755
 21
78.9059
 31
0.0
  0
LINE
  5
1DF
  8
0
 10
51.5755
 20
78.9059
 30
0.0
 11
51.0015
 21
79.1396
 31
0.0
  0
LINE
  5
1E0
  8
0
 10
51.0015
 20
79.1396
 30
0.0
 11
50.4247
 21
79.3661
 31
0.0
  0
LINE
  5
1E1
  8
0
 10
50.4247
 20
79.3661
 30
0.0
 11
49.8451
 21
79.5856
 31
0.0
  0
LINE
  5
1E2
  8
0
 10
49.8451
 20
79.5856
 30
0.0
 11
49.2629
 21
79.798
 31
0.0
  0
LINE
  5
1E3
  8
0
 10
49.2629
 20
79.798
 30
0.0
 11
48.6782
 21
80.0032
 31
0.0
  0
LINE
  5
1E4
  8
0
 10
48.6782
 20
80.0032
 30
0.0
 11
48.0909
 21
80.2012
 31
0.0
  0
LINE
  5
1E5
  8
0
 10
48.0909
 20
80.2012
 30
0.0
 11
47.5013
 21
80.392
 31
0.0
  0
LINE
  5
1E6
  8
0
 10
47.5013
 20
80.392
 30
0.0
 11
46.9094
 21
80.5755
 31
0.0
  0
LINE
  5
1E7
  8
0
 10
46.9094
 20
80.5755
 30
0.0
 11
46.3152
 21
80.7517
 31
0.0
  0
LINE
  5
1E8
  8
0
 10
46.3152
 20
80.7517
 30
0.0
 11
45.719
 21
80.9207
 31
0.0
  0
LINE
  5
1E9
  8
0
 10
45.719
 20
80.9207
 30
0.0
 11
45.1207
 21
81.0823
 31
0.0
  0
LINE
  5
1EA
  8
0
 10
45.1207
 20
81.0823
 30
0.0
 11
44.5205
 21
81.2366
 31
0.0
  0
LINE
  5
1EB
  8
0
 10
44.5205
 20
81.2366
 30
0.0
 11
43.9184
 21
81.3835
 31
0.0
  0
LINE
  5
1EC
  8
0
 10
43.9184
 20
81.3835
 30
0.0
 11
43.3146
 21
81.5229
 31
0.0
  0
LINE
  5
1ED
  8
0
 10
43.3146
 20
81.5229
 30
0.0
 11
42.7091
 21
81.655
 31
0.0
  0
LINE
  5
1EE
  8
0
 10
42.7091
 20
81.655
 30
0.0
 11
42.1021
 21
81.7796
 31
0.0
  0
LINE
  5
1EF
  8
0
 10
42.1021
 20
81.7796
 30
0.0
 11
41.4935
 21
81.8968
 31
0.0
  0
LINE
  5
1F0
  8
0
 10
41.4935
 20
81.8968
 30
0.0
 11
40.8836
 21
82.0065
 31
0.0
  0
LINE
  5
1F1
  8
0
 10
40.8836
 20
82.0065
 30
0.0
 11
40.2723
 21
82.1087
 31
0.0
  0
LINE
  5
1F2
  8
0
 10
40.2723
 20
82.1087
 30
0.0
 11
39.6599
 21
82.2034
 31
0.0
  0
LINE
  5
1F3
  8
0
 10
39.6599
 20
82.2034
 30
0.0
 11
39.0463
 21
82.2906
 31
0.0
  0
LINE
  5
1F4
  8
0
 10
39.0463
 20
82.2906
 30
0.0
 11
38.4317
 21
82.3702
 31
0.0
  0
LINE
  5
1F5
  8
0
 10
38.4317
 20
82.3702
 30
0.0
 11
37.8162
 21
82.4423
 31
0.0
  0
LINE
  5
1F6
  8
0
 10
37.8162
 20
82.4423
 30
0.0
 11
37.1999
 21
82.5068
 31
0.0
  0
LINE
  5
1F7
  8
0
 10
37.1999
 20
82.5068
 30
0.0
 11
36.5828
 21
82.5638
 31
0.0
  0
LINE
  5
1F8
  8
0
 10
36.5828
 20
82.5638
 30
0.0
 11
35.965
 21
82.6132
 31
0.0
  0
LINE
  5
1F9
  8
0
 10
35.965
 20
82.6132
 30
0.0
 11
35.3467
 21
82.655
 31
0.0
  0
LINE
  5
1FA
  8
0
 10
35.3467
 20
82.655
 30
0.0
 11
34.7279
 21
82.6892
 31
0.0
  0
LINE
  5
1FB
  8
0
 10
34.7279
 20
82.6892
 30
0.0
 11
34.1088
 21
82.7158
 31
0.0
  0
LINE
  5
1FC
  8
0
 10
34.1088
 20
82.7158
 30
0.0
 11
33.4893
 21
82.7348
 31
0.0
  0
LINE
  5
1FD
  8
0
 10
33.4893
 20
82.7348
 30
0.0
 11
32.8697
 21
82.7462
 31
0.0
  0
LINE
  5
1FE
  8
0
 10
32.8697
 20
82.7462
 30
0.0
 11
32.25
 21
82.75
 31
0.0
  0
LINE
  5
1FF
  8
0
 10
32.25
 20
82.75
 30
0.0
 11
31.6303
 21
82.7462
 31
0.0
  0
LINE
  5
200
  8
0
 10
31.6303
 20
82.7462
 30
0.0
 11
31.0107
 21
82.7348
 31
0.0
  0
LINE
  5
201
  8
0
 10
31.0107
 20
82.7348
 30
0.0
 11
30.3912
 21
82.7158
 31
0.0
  0
LINE
  5
202
  8
0
 10
30.3912
 20
82.7158
 30
0.0
 11
29.7721
 21
82.6892
 31
0.0
  0
LINE
  5
203
  8
0
 10
29.7721
 20
82.6892
 30
0.0
 11
29.1533
 21
82.655
 31
0.0
  0
LINE
  5
204
  8
0
 10
29.1533
 20
82.655
 30
0.0
 11
28.535
 21
82.6132
 31
0.0
  0
LINE
  5
205
  8
0
 10
28.535
 20
82.6132
 30
0.0
 11
27.9172
 21
82.5638
 31
0.0
  0
LINE
  5
206
  8
0
 10
27.9172
 20
82.5638
 30
0.0
 11
27.3001
 21
82.5068
 31
0.0
  0
LINE
  5
207
  8
0
 10
27.3001
 20
82.5068
 30
0.0
 11
26.6838
 21
82.4423
 31
0.0
  0
LINE
  5
208
  8
0
 10
26.6838
 20
82.4423
 30
0.0
 11
26.0683
 21
82.3702
 31
0.0
  0
LINE
  5
209
  8
0
 10
26.0683
 20
82.3702
 30
0.0
 11
25.4537
 21
82.2906
 31
0.0
  0
LINE
  5
20A
  8
0
 10
25.4537
 20
82.2906
 30
0.0
 11
24.8401
 21
82.2034
 31
0.0
  0
LINE
  5
20B
  8
0
 10
24.8401
 20
82.2034
 30
0.0
 11
24.2277
 21
82.1087
 31
0.0
  0
LINE
  5
20C
  8
0
 10
24.2277
 20
82.1087
 30
0.0
 11
23.6164
 21
82.0065
 31
0.0
  0
LINE
  5
20D
  8
0
 10
23.6164
 20
82.0065
 30
0.0
 11
23.0065
 21
81.8968
 31
0.0
  0
LINE
  5
20E
  8
0
 10
23.0065
 20
81.8968
 30
0.0
 11
22.3979
 21
81.7796
 31
0.0
  0
LINE
  5
20F
  8
0
 10
22.3979
 20
81.7796
 30
0.0
 11
21.7909
 21
81.655
 31
0.0
  0
LINE
  5
210
  8
0
 10
21.7909
 20
81.655
 30
0.0
 11
21.1854
 21
81.5229
 31
0.0
  0
LINE
  5
211
  8
0
 10
21.1854
 20
81.5229
 30
0.0
 11
20.5816
 21
81.3835
 31
0.0
  0
LINE
  5
212
  8
0
 10
20.5816
 20
81.3835
 30
0.0
 11
19.9795
 21
81.2366
 31
0.0
  0
LINE
  5
213
  8
0
 10
19.9795
 20
81.2366
 30
0.0
 11
19.3793
 21
81.0823
 31
0.0
  0
LINE
  5
214
  8
0
 10
19.3793
 20
81.0823
 30
0.0
 11
18.781
 21
80.9207
 31
0.0
  0
LINE
  5
215
  8
0
 10
18.781
 20
80.9207
 30
0.0
 11
18.1848
 21
80.7517
 31
0.0
  0
LINE
  5
216
  8
0
 10
18.1848
 20
80.7517
 30
0.0
 11
17.5906
 21
80.5755
 31
0.0
  0
LINE
  5
217
  8
0
 10
17.5906
 20
80.5755
 30
0.0
 11
16.9987
 21
80.392
 31
0.0
  0
LINE
  5
218
  8
0
 10
16.9987
 20
80.392
 30
0.0
 11
16.4091
 21
80.2012
 31
0.0
  0
LINE
  5
219
  8
0
 10
16.4091
 20
80.2012
 30
0.0
 11
15.8218
 21
80.0032
 31
0.0
  0
LINE
  5
21A
  8
0
 10
15.8218
 20
80.0032
 30
0.0
 11
15.2371
 21
79.798
 31
0.0
  0
LINE
  5
21B
  8
0
 10
15.2371
 20
79.798
 30
0.0
 11
14.6549
 21
79.5856
 31
0.0
  0
LINE
  5
21C
  8
0
 10
14.6549
 20
79.5856
 30
0.0
 11
14.0753
 21
79.3661
 31
0.0
  0
LINE
  5
21D
  8
0
 10
14.0753
 20
79.3661
 30
0.0
 11
13.4985
 21
79.1396
 31
0.0
  0
LINE
  5
21E
  8
0
 10
13.4985
 20
79.1396
 30
0.0
 11
12.9245
 21
78.9059
 31
0.0
  0
LINE
  5
21F
  8
0
 10
12.9245
 20
78.9059
 30
0.0
 11
12.3534
 21
78.6652
 31
0.0
  0
LINE
  5
220
  8
0
 10
12.3534
 20
78.6652
 30
0.0
 11
11.7853
 21
78.4176
 31
0.0
  0
LINE
  5
221
  8
0
 10
11.7853
 20
78.4176
 30
0.0
 11
11.2203
 21
78.163
 31
0.0
  0
LINE
  5
222
  8
0
 10
11.2203
 20
78.163
 30
0.0
 11
10.6585
 21
77.9015
 31
0.0
  0
LINE
  5
223
  8
0
 10
10.6585
 20
77.9015
 30
0.0
 11
10.0999
 21
77.6331
 31
0.0
  0
LINE
  5
224
  8
0
 10
10.0999
 20
77.6331
 30
0.0
 11
9.54463
 21
77.3578
 31
0.0
  0
LINE
  5
225
  8
0
 10
9.54463
 20
77.3578
 30
0.0
 11
8.9928
 21
77.0758
 31
0.0
  0
LINE
  5
226
  8
0
 10
8.9928
 20
77.0758
 30
0.0
 11
8.44447
 21
76.787
 31
0.0
  0
LINE
  5
227
  8
0
 10
8.44447
 20
76.787
 30
0.0
 11
7.89972
 21
76.4915
 31
0.0
  0
LINE
  5
228
  8
0
 10
7.89972
 20
76.4915
 30
0.0
 11
7.35864
 21
76.1894
 31
0.0
  0
LINE
  5
229
  8
0
 10
7.35864
 20
76.1894
 30
0.0
 11
6.82132
 21
75.8806
 31
0.0
  0
LINE
  5
22A
  8
0
 10
6.82132
 20
75.8806
 30
0.0
 11
6.28781
 21
75.5653
 31
0.0
  0
LINE
  5
22B
  8
0
 10
6.28781
 20
75.5653
 30
0.0
 11
5.75822
 21
75.2434
 31
0.0
  0
LINE
  5
22C
  8
0
 10
5.75822
 20
75.2434
 30
0.0
 11
5.23262
 21
74.9151
 31
0.0
  0
LINE
  5
22D
  8
0
 10
5.23262
 20
74.9151
 30
0.0
 11
4.71109
 21
74.5803
 31
0.0
  0
LINE
  5
22E
  8
0
 10
4.71109
 20
74.5803
 30
0.0
 11
4.19371
 21
74.2392
 31
0.0
  0
LINE
  5
22F
  8
0
 10
4.19371
 20
74.2392
 30
0.0
 11
3.68056
 21
73.8918
 31
0.0
  0
LINE
  5
230
  8
0
 10
3.68056
 20
73.8918
 30
0.0
 11
3.17169
 21
73.538
 31
0.0
  0
LINE
  5
231
  8
0
 10
3.17169
 20
73.538
 30
0.0
 11
2.66722
 21
73.1781
 31
0.0
  0
LINE
  5
232
  8
0
 10
2.66722
 20
73.1781
 30
0.0
 11
2.16719
 21
72.812
 31
0.0
  0
LINE
  5
233
  8
0
 10
2.16719
 20
72.812
 30
0.0
 11
1.67169
 21
72.4398
 31
0.0
  0
LINE
  5
234
  8
0
 10
1.67169
 20
72.4398
 30
0.0
 11
1.18082
 21
72.0615
 31
0.0
  0
LINE
  5
235
  8
0
 10
1.18082
 20
72.0615
 30
0.0
 11
0.694595
 21
71.6772
 31
0.0
  0
LINE
  5
236
  8
0
 10
0.694595
 20
71.6772
 30
0.0
 11
0.21315
 21
71.287
 31
0.0
  0
LINE
  5
237
  8
0
 10
0.21315
 20
71.287
 30
0.0
 11
-0.263489
 21
70.8909
 31
0.0
  0
LINE
  5
238
  8
0
 10
-0.263489
 20
70.8909
 30
0.0
 11
-0.735229
 21
70.489
 31
0.0
  0
LINE
  5
239
  8
0
 10
-0.735229
 20
70.489
 30
0.0
 11
-1.202
 21
70.0814
 31
0.0
  0
LINE
  5
23A
  8
0
 10
-1.202
 20
70.0814
 30
0.0
 11
-1.66373
 21
69.668
 31
0.0
  0
LINE
  5
23B
  8
0
 10
-1.66373
 20
69.668
 30
0.0
 11
-2.12035
 21
69.249
 31
0.0
  0
LINE
  5
23C
  8
0
 10
-2.12035
 20
69.249
 30
0.0
 11
-2.57179
 21
68.8245
 31
0.0
  0
LINE
  5
23D
  8
0
 10
-2.57179
 20
68.8245
 30
0.0
 11
-3.01799
 21
68.3944
 31
0.0
  0
LINE
  5
23E
  8
0
 10
-3.01799
 20
68.3944
 30
0.0
 11
-3.45889
 21
67.9589
 31
0.0
  0
LINE
  5
23F
  8
0
 10
-3.45889
 20
67.9589
 30
0.0
 11
-3.89439
 21
67.518
 31
0.0
  0
LINE
  5
240
  8
0
 10
-3.89439
 20
67.518
 30
0.0
 11
-4.32448
 21
67.0718
 31
0.0
  0
LINE
  5
241
  8
0
 10
-4.32448
 20
67.0718
 30
0.0
 11
-4.74904
 21
66.6203
 31
0.0
  0
LINE
  5
242
  8
0
 10
-4.74904
 20
66.6203
 30
0.0
 11
-5.16803
 21
66.1637
 31
0.0
  0
LINE
  5
243
  8
0
 10
-5.16803
 20
66.1637
 30
0.0
 11
-5.58138
 21
65.702
 31
0.0
  0
LINE
  5
244
  8
0
 10
-5.58138
 20
65.702
 30
0.0
 11
-5.98904
 21
65.2352
 31
0.0
  0
LINE
  5
245
  8
0
 10
-5.98904
 20
65.2352
 30
0.0
 11
-6.39095
 21
64.7635
 31
0.0
  0
LINE
  5
246
  8
0
 10
-6.39095
 20
64.7635
 30
0.0
 11
-6.78702
 21
64.2868
 31
0.0
  0
LINE
  5
247
  8
0
 10
-6.78702
 20
64.2868
 30
0.0
 11
-7.17723
 21
63.8054
 31
0.0
  0
LINE
  5
248
  8
0
 10
-7.17723
 20
63.8054
 30
0.0
 11
-7.56149
 21
63.3192
 31
0.0
  0
LINE
  5
249
  8
0
 10
-7.56149
 20
63.3192
 30
0.0
 11
-7.93976
 21
62.8283
 31
0.0
  0
LINE
  5
24A
  8
0
 10
-7.93976
 20
62.8283
 30
0.0
 11
-8.31198
 21
62.3328
 31
0.0
  0
LINE
  5
24B
  8
0
 10
-8.31198
 20
62.3328
 30
0.0
 11
-8.67809
 21
61.8328
 31
0.0
  0
LINE
  5
24C
  8
0
 10
-8.67809
 20
61.8328
 30
0.0
 11
-9.03802
 21
61.3283
 31
0.0
  0
LINE
  5
24D
  8
0
 10
-9.03802
 20
61.3283
 30
0.0
 11
-9.39175
 21
60.8194
 31
0.0
  0
LINE
  5
24E
  8
0
 10
-9.39175
 20
60.8194
 30
0.0
 11
-9.73921
 21
60.3063
 31
0.0
  0
LINE
  5
24F
  8
0
 10
-9.73921
 20
60.3063
 30
0.0
 11
-10.0803
 21
59.7889
 31
0.0
  0
LINE
  5
250
  8
0
 10
-10.0803
 20
59.7889
 30
0.0
 11
-10.4151
 21
59.2674
 31
0.0
  0
LINE
  5
251
  8
0
 10
-10.4151
 20
59.2674
 30
0.0
 11
-10.7434
 21
58.7418
 31
0.0
  0
LINE
  5
252
  8
0
 10
-10.7434
 20
58.7418
 30
0.0
 11
-11.0653
 21
58.2122
 31
0.0
  0
LINE
  5
253
  8
0
 10
-11.0653
 20
58.2122
 30
0.0
 11
-11.3806
 21
57.6787
 31
0.0
  0
LINE
  5
254
  8
0
 10
-11.3806
 20
57.6787
 30
0.0
 11
-11.6894
 21
57.1414
 31
0.0
  0
LINE
  5
255
  8
0
 10
-11.6894
 20
57.1414
 30
0.0
 11
-11.9915
 21
56.6003
 31
0.0
  0
LINE
  5
256
  8
0
 10
-11.9915
 20
56.6003
 30
0.0
 11
-12.287
 21
56.0555
 31
0.0
  0
LINE
  5
257
  8
0
 10
-12.287
 20
56.0555
 30
0.0
 11
-12.5758
 21
55.5072
 31
0.0
  0
LINE
  5
258
  8
0
 10
-12.5758
 20
55.5072
 30
0.0
 11
-12.8578
 21
54.9554
 31
0.0
  0
LINE
  5
259
  8
0
 10
-12.8578
 20
54.9554
 30
0.0
 11
-13.1331
 21
54.4001
 31
0.0
  0
LINE
  5
25A
  8
0
 10
-13.1331
 20
54.4001
 30
0.0
 11
-13.4015
 21
53.8415
 31
0.0
  0
LINE
  5
25B
  8
0
 10
-13.4015
 20
53.8415
 30
0.0
 11
-13.663
 21
53.2797
 31
0.0
  0
LINE
  5
25C
  8
0
 10
-13.663
 20
53.2797
 30
0.0
 11
-13.9176
 21
52.7147
 31
0.0
  0
LINE
  5
25D
  8
0
 10
-13.9176
 20
52.7147
 30
0.0
 11
-14.1652
 21
52.1466
 31
0.0
  0
LINE
  5
25E
  8
0
 10
-14.1652
 20
52.1466
 30
0.0
 11
-14.4059
 21
51.5755
 31
0.0
  0
LINE
  5
25F
  8
0
 10
-14.4059
 20
51.5755
 30
0.0
 11
-14.6396
 21
51.0015
 31
0.0
  0
LINE
  5
260
  8
0
 10
-14.6396
 20
51.0015
 30
0.0
 11
-14.8661
 21
50.4247
 31
0.0
  0
LINE
  5
261
  8
0
 10
-14.8661
 20
50.4247
 30
0.0
 11
-15.0856
 21
49.8451
 31
0.0
  0
LINE
  5
262
  8
0
 10
-15.0856
 20
49.8451
 30
0.0
 11
-15.298
 21
49.2629
 31
0.0
  0
LINE
  5
263
  8
0
 10
-15.298
 20
49.2629
 30
0.0
 11
-15.5032
 21
48.6782
 31
0.0
  0
LINE
  5
264
  8
0
 10
-15.5032
 20
48.6782
 30
0.0
 11
-15.5641
 21
48.4975
 31
0.0
  0
LINE
  5
265
  8
0
 10
-15.5641
 20
48.4975
 30
0.0
 11
-15.5641
 21
16.0025
 31
0.0
  0
LINE
  5
266
  8
0
 10
-15.5641
 20
16.0025
 30
0.0
 11
-15.5032
 21
15.8218
 31
0.0
  0
LINE
  5
267
  8
0
 10
-15.5032
 20
15.8218
 30
0.0
 11
-15.298
 21
15.2371
 31
0.0
  0
LINE
  5
268
  8
0
 10
-15.298
 20
15.2371
 30
0.0
 11
-15.0856
 21
14.6549
 31
0.0
  0
LINE
  5
269
  8
0
 10
-15.0856
 20
14.6549
 30
0.0
 11
-14.8661
 21
14.0753
 31
0.0
  0
LINE
  5
26A
  8
0
 10
-14.8661
 20
14.0753
 30
0.0
 11
-14.6396
 21
13.4985
 31
0.0
  0
LINE
  5
26B
  8
0
 10
-14.6396
 20
13.4985
 30
0.0
 11
-14.4059
 21
12.9245
 31
0.0
  0
LINE
  5
26C
  8
0
 10
-14.4059
 20
12.9245
 30
0.0
 11
-14.1652
 21
12.3534
 31
0.0
  0
LINE
  5
26D
  8
0
 10
-14.1652
 20
12.3534
 30
0.0
 11
-13.9176
 21
11.7853
 31
0.0
  0
LINE
  5
26E
  8
0
 10
-13.9176
 20
11.7853
 30
0.0
 11
-13.663
 21
11.2203
 31
0.0
  0
LINE
  5
26F
  8
0
 10
-13.663
 20
11.2203
 30
0.0
 11
-13.4015
 21
10.6585
 31
0.0
  0
LINE
  5
270
  8
0
 10
-13.4015
 20
10.6585
 30
0.0
 11
-13.1331
 21
10.0999
 31
0.0
  0
LINE
  5
271
  8
0
 10
-13.1331
 20
10.0999
 30
0.0
 11
-12.8578
 21
9.54463
 31
0.0
  0
LINE
  5
272
  8
0
 10
-12.8578
 20
9.54463
 30
0.0
 11
-12.5758
 21
8.9928
 31
0.0
  0
LINE
  5
273
  8
0
 10
-12.5758
 20
8.9928
 30
0.0
 11
-12.287
 21
8.44447
 31
0.0
  0
LINE
  5
274
  8
0
 10
-12.287
 20
8.44447
 30
0.0
 11
-11.9915
 21
7.89972
 31
0.0
  0
LINE
  5
275
  8
0
 10
-11.9915
 20
7.89972
 30
0.0
 11
-11.6894
 21
7.35864
 31
0.0
  0
LINE
  5
276
  8
0
 10
-11.6894
 20
7.35864
 30
0.0
 11
-11.3806
 21
6.82132
 31
0.0
  0
LINE
  5
277
  8
0
 10
-11.3806
 20
6.82132
 30
0.0
 11
-11.0653
 21
6.28781
 31
0.0
  0
LINE
  5
278
  8
0
 10
-11.0653
 20
6.28781
 30
0.0
 11
-10.7434
 21
5.75822
 31
0.0
  0
LINE
  5
279
  8
0
 10
-10.7434
 20
5.75822
 30
0.0
 11
-10.4151
 21
5.23262
 31
0.0
  0
LINE
  5
27A
  8
0
 10
-10.4151
 20
5.23262
 30
0.0
 11
-10.0803
 21
4.71109
 31
0.0
  0
LINE
  5
27B
  8
0
 10
-10.0803
 20
4.71109
 30
0.0
 11
-9.73921
 21
4.19371
 31
0.0
  0
LINE
  5
27C
  8
0
 10
-9.73921
 20
4.19371
 30
0.0
 11
-9.39175
 21
3.68056
 31
0.0
  0
LINE
  5
27D
  8
0
 10
-9.39175
 20
3.68056
 30
0.0
 11
-9.03802
 21
3.17169
 31
0.0
  0
LINE
  5
27E
  8
0
 10
-9.03802
 20
3.17169
 30
0.0
 11
-8.67809
 21
2.66722
 31
0.0
  0
LINE
  5
27F
  8
0
 10
-8.67809
 20
2.66722
 30
0.0
 11
-8.31198
 21
2.16719
 31
0.0
  0
LINE
  5
280
  8
0
 10
-8.31198
 20
2.16719
 30
0.0
 11
-7.93976
 21
1.67169
 31
0.0
  0
LINE
  5
281
  8
0
 10
-7.93976
 20
1.67169
 30
0.0
 11
-7.56149
 21
1.18082
 31
0.0
  0
LINE
  5
282
  8
0
 10
-7.56149
 20
1.18082
 30
0.0
 11
-7.17723
 21
0.694595
 31
0.0
  0
LINE
  5
283
  8
0
 10
-7.17723
 20
0.694595
 30
0.0
 11
-6.78702
 21
0.21315
 31
0.0
  0
LINE
  5
284
  8
0
 10
-6.78702
 20
0.21315
 30
0.0
 11
-6.39095
 21
-0.263489
 31
0.0
  0
LINE
  5
285
  8
0
 10
-6.39095
 20
-0.263489
 30
0.0
 11
-5.98904
 21
-0.735229
 31
0.0
  0
LINE
  5
286
  8
0
 10
-5.98904
 20
-0.735229
 30
0.0
 11
-5.58138
 21
-1.202
 31
0.0
  0
LINE
  5
287
  8
0
 10
-5.58138
 20
-1.202
 30
0.0
 11
-5.16803
 21
-1.66373
 31
0.0
  0
LINE
  5
288
  8
0
 10
-5.16803
 20
-1.66373
 30
0.0
 11
-4.74904
 21
-2.12035
 31
0.0
  0
LINE
  5
289
  8
0
 10
-4.74904
 20
-2.12035
 30
0.0
 11
-4.32448
 21
-2.57179
 31
0.0
  0
LINE
  5
28A
  8
0
 10
-4.32448
 20
-2.57179
 30
0.0
 11
-3.89439
 21
-3.01799
 31
0.0
  0
LINE
  5
28B
  8
0
 10
-3.89439
 20
-3.01799
 30
0.0
 11
-3.45889
 21
-3.45889
 31
0.0
  0
LINE
  5
28C
  8
0
 10
-3.45889
 20
-3.45889
 30
0.0
 11
-3.01799
 21
-3.89439
 31
0.0
  0
LINE
  5
28D
  8
0
 10
-3.01799
 20
-3.89439
 30
0.0
 11
-2.57179
 21
-4.32448
 31
0.0
  0
LINE
  5
28E
  8
0
 10
-2.57179
 20
-4.32448
 30
0.0
 11
-2.12035
 21
-4.74904
 31
0.0
  0
LINE
  5
28F
  8
0
 10
-2.12035
 20
-4.74904
 30
0.0
 11
-1.66373
 21
-5.16803
 31
0.0
  0
LINE
  5
290
  8
0
 10
-1.66373
 20
-5.16803
 30
0.0
 11
-1.202
 21
-5.58138
 31
0.0
  0
LINE
  5
291
  8
0
 10
-1.202
 20
-5.58138
 30
0.0
 11
-0.735229
 21
-5.98904
 31
0.0
  0
LINE
  5
292
  8
0
 10
-0.735229
 20
-5.98904
 30
0.0
 11
-0.263489
 21
-6.39095
 31
0.0
  0
LINE
  5
293
  8
0
 10
-0.263489
 20
-6.39095
 30
0.0
 11
0.21315
 21
-6.78702
 31
0.0
  0
LINE
  5
294
  8
0
 10
0.21315
 20
-6.78702
 30
0.0
 11
0.694595
 21
-7.17723
 31
0.0
  0
LINE
  5
295
  8
0
 10
0.694595
 20
-7.17723
 30
0.0
 11
1.18082
 21
-7.56149
 31
0.0
  0
LINE
  5
296
  8
0
 10
1.18082
 20
-7.56149
 30
0.0
 11
1.67169
 21
-7.93976
 31
0.0
  0
LINE
  5
297
  8
0
 10
1.67169
 20
-7.93976
 30
0.0
 11
2.16719
 21
-8.31198
 31
0.0
  0
LINE
  5
298
  8
0
 10
2.16719
 20
-8.31198
 30
0.0
 11
2.66722
 21
-8.67809
 31
0.0
  0
LINE
  5
299
  8
0
 10
2.66722
 20
-8.67809
 30
0.0
 11
3.17169
 21
-9.03802
 31
0.0
  0
LINE
  5
29A
  8
0
 10
3.17169
 20
-9.03802
 30
0.0
 11
3.68056
 21
-9.39175
 31
0.0
  0
LINE
  5
29B
  8
0
 10
3.68056
 20
-9.39175
 30
0.0
 11
4.19371
 21
-9.73921
 31
0.0
  0
LINE
  5
29C
  8
0
 10
4.19371
 20
-9.73921
 30
0.0
 11
4.71109
 21
-10.0803
 31
0.0
  0
LINE
  5
29D
  8
0
 10
4.71109
 20
-10.0803
 30
0.0
 11
5.23262
 21
-10.4151
 31
0.0
  0
LINE
  5
29E
  8
0
 10
5.23262
 20
-10.4151
 30
0.0
 11
5.75822
 21
-10.7434
 31
0.0
  0
LINE
  5
29F
  8
0
 10
5.75822
 20
-10.7434
 30
0.0
 11
6.28781
 21
-11.0653
 31
0.0
  0
LINE
  5
2A0
  8
0
 10
6.28781
 20
-11.0653
 30
0.0
 11
6.82132
 21
-11.3806
 31
0.0
  0
LINE
  5
2A1
  8
0
 10
6.82132
 20
-11.3806
 30
0.0
 11
7.35864
 21
-11.6894
 31
0.0
  0
LINE
  5
2A2
  8
0
 10
7.35864
 20
-11.6894
 30
0.0
 11
7.89972
 21
-11.9915
 31
0.0
  0
LINE
  5
2A3
  8
0
 10
7.89972
 20
-11.9915
 30
0.0
 11
8.44447
 21
-12.287
 31
0.0
  0
LINE
  5
2A4
  8
0
 10
8.44447
 20
-12.287
 30
0.0
 11
8.9928
 21
-12.5758
 31
0.0
  0
LINE
  5
2A5
  8
0
 10
8.9928
 20
-12.5758
 30
0.0
 11
9.54463
 21
-12.8578
 31
0.0
  0
LINE
  5
2A6
  8
0
 10
9.54463
 20
-12.8578
 30
0.0
 11
10.0999
 21
-13.1331
 31
0.0
  0
LINE
  5
2A7
  8
0
 10
10.0999
 20
-13.1331
 30
0.0
 11
10.6585
 21
-13.4015
 31
0.0
  0
LINE
  5
2A8
  8
0
 10
10.6585
 20
-13.4015
 30
0.0
 11
11.2203
 21
-13.663
 31
0.0
  0
LINE
  5
2A9
  8
0
 10
11.2203
 20
-13.663
 30
0.0
 11
11.7853
 21
-13.9176
 31
0.0
  0
LINE
  5
2AA
  8
0
 10
11.7853
 20
-13.9176
 30
0.0
 11
12.3534
 21
-14.1652
 31
0.0
  0
LINE
  5
2AB
  8
0
 10
12.3534
 20
-14.1652
 30
0.0
 11
12.9245
 21
-14.4059
 31
0.0
  0
LINE
  5
2AC
  8
0
 10
12.9245
 20
-14.4059
 30
0.0
 11
13.4985
 21
-14.6396
 31
0.0
  0
LINE
  5
2AD
  8
0
 10
13.4985
 20
-14.6396
 30
0.0
 11
14.0753
 21
-14.8661
 31
0.0
  0
LINE
  5
2AE
  8
0
 10
14.0753
 20
-14.8661
 30
0.0
 11
14.6549
 21
-15.0856
 31
0.0
  0
LINE
  5
2AF
  8
0
 10
14.6549
 20
-15.0856
 30
0.0
 11
15.2371
 21
-15.298
 31
0.0
  0
LINE
  5
2B0
  8
0
 10
15.2371
 20
-15.298
 30
0.0
 11
15.8218
 21
-15.5032
 31
0.0
  0
LINE
  5
2B1
  8
0
 10
15.8218
 20
-15.5032
 30
0.0
 11
16.4091
 21
-15.7012
 31
0.0
  0
LINE
  5
2B2
  8
0
 10
16.4091
 20
-15.7012
 30
0.0
 11
16.9987
 21
-15.892
 31
0.0
  0
LINE
  5
2B3
  8
0
 10
16.9987
 20
-15.892
 30
0.0
 11
17.5906
 21
-16.0755
 31
0.0
  0
LINE
  5
2B4
  8
0
 10
17.5906
 20
-16.0755
 30
0.0
 11
18.1848
 21
-16.2517
 31
0.0
  0
LINE
  5
2B5
  8
0
 10
18.1848
 20
-16.2517
 30
0.0
 11
18.781
 21
-16.4207
 31
0.0
  0
LINE
  5
2B6
  8
0
 10
18.781
 20
-16.4207
 30
0.0
 11
19.3793
 21
-16.5823
 31
0.0
  0
LINE
  5
2B7
  8
0
 10
19.3793
 20
-16.5823
 30
0.0
 11
19.9795
 21
-16.7366
 31
0.0
  0
LINE
  5
2B8
  8
0
 10
19.9795
 20
-16.7366
 30
0.0
 11
20.5816
 21
-16.8835
 31
0.0
  0
LINE
  5
2B9
  8
0
 10
20.5816
 20
-16.8835
 30
0.0
 11
21.1854
 21
-17.0229
 31
0.0
  0
LINE
  5
2BA
  8
0
 10
21.1854
 20
-17.0229
 30
0.0
 11
21.7909
 21
-17.155
 31
0.0
  0
LINE
  5
2BB
  8
0
 10
21.7909
 20
-17.155
 30
0.0
 11
22.3979
 21
-17.2796
 31
0.0
  0
LINE
  5
2BC
  8
0
 10
22.3979
 20
-17.2796
 30
0.0
 11
23.0065
 21
-17.3968
 31
0.0
  0
LINE
  5
2BD
  8
0
 10
23.0065
 20
-17.3968
 30
0.0
 11
23.6164
 21
-17.5065
 31
0.0
  0
LINE
  5
2BE
  8
0
 10
23.6164
 20
-17.5065
 30
0.0
 11
24.2277
 21
-17.6087
 31
0.0
  0
LINE
  5
2BF
  8
0
 10
24.2277
 20
-17.6087
 30
0.0
 11
24.8401
 21
-17.7034
 31
0.0
  0
LINE
  5
2C0
  8
0
 10
24.8401
 20
-17.7034
 30
0.0
 11
25.4537
 21
-17.7906
 31
0.0
  0
LINE
  5
2C1
  8
0
 10
25.4537
 20
-17.7906
 30
0.0
 11
26.0683
 21
-17.8702
 31
0.0
  0
LINE
  5
2C2
  8
0
 10
26.0683
 20
-17.8702
 30
0.0
 11
26.6838
 21
-17.9423
 31
0.0
  0
LINE
  5
2C3
  8
0
 10
26.6838
 20
-17.9423
 30
0.0
 11
27.3001
 21
-18.0068
 31
0.0
  0
LINE
  5
2C4
  8
0
 10
27.3001
 20
-18.0068
 30
0.0
 11
27.9172
 21
-18.0638
 31
0.0
  0
LINE
  5
2C5
  8
0
 10
27.9172
 20
-18.0638
 30
0.0
 11
28.535
 21
-18.1132
 31
0.0
  0
LINE
  5
2C6
  8
0
 10
28.535
 20
-18.1132
 30
0.0
 11
29.1533
 21
-18.155
 31
0.0
  0
LINE
  5
2C7
  8
0
 10
29.1533
 20
-18.155
 30
0.0
 11
29.7721
 21
-18.1892
 31
0.0
  0
LINE
  5
2C8
  8
0
 10
29.7721
 20
-18.1892
 30
0.0
 11
30.3912
 21
-18.2158
 31
0.0
  0
LINE
  5
2C9
  8
0
 10
30.3912
 20
-18.2158
 30
0.0
 11
31.0107
 21
-18.2348
 31
0.0
  0
LINE
  5
2CA
  8
0
 10
31.0107
 20
-18.2348
 30
0.0
 11
31.6303
 21
-18.2462
 31
0.0
  0
LINE
  5
2CB
  8
0
 10
31.6303
 20
-18.2462
 30
0.0
 11
32.25
 21
-18.25
 31
0.0
  0
LINE
  5
2CC
  8
0
 10
32.25
 20
-18.25
 30
0.0
 11
32.8697
 21
-18.2462
 31
0.0
  0
LINE
  5
2CD
  8
0
 10
31.6355
 20
-17.8212
 30
0.0
 11
31.0211
 21
-17.8099
 31
0.0
  0
LINE
  5
2CE
  8
0
 10
31.0211
 20
-17.8099
 30
0.0
 11
30.4069
 21
-17.7911
 31
0.0
  0
LINE
  5
2CF
  8
0
 10
30.4069
 20
-17.7911
 30
0.0
 11
29.7929
 21
-17.7647
 31
0.0
  0
LINE
  5
2D0
  8
0
 10
29.7929
 20
-17.7647
 30
0.0
 11
29.1794
 21
-17.7308
 31
0.0
  0
LINE
  5
2D1
  8
0
 10
29.1794
 20
-17.7308
 30
0.0
 11
28.5663
 21
-17.6893
 31
0.0
  0
LINE
  5
2D2
  8
0
 10
28.5663
 20
-17.6893
 30
0.0
 11
27.9537
 21
-17.6404
 31
0.0
  0
LINE
  5
2D3
  8
0
 10
27.9537
 20
-17.6404
 30
0.0
 11
27.3418
 21
-17.5839
 31
0.0
  0
LINE
  5
2D4
  8
0
 10
27.3418
 20
-17.5839
 30
0.0
 11
26.7306
 21
-17.5199
 31
0.0
  0
LINE
  5
2D5
  8
0
 10
26.7306
 20
-17.5199
 30
0.0
 11
26.1203
 21
-17.4484
 31
0.0
  0
LINE
  5
2D6
  8
0
 10
26.1203
 20
-17.4484
 30
0.0
 11
25.5109
 21
-17.3694
 31
0.0
  0
LINE
  5
2D7
  8
0
 10
25.5109
 20
-17.3694
 30
0.0
 11
24.9025
 21
-17.283
 31
0.0
  0
LINE
  5
2D8
  8
0
 10
24.9025
 20
-17.283
 30
0.0
 11
24.2952
 21
-17.1891
 31
0.0
  0
LINE
  5
2D9
  8
0
 10
24.2952
 20
-17.1891
 30
0.0
 11
23.6891
 21
-17.0878
 31
0.0
  0
LINE
  5
2DA
  8
0
 10
23.6891
 20
-17.0878
 30
0.0
 11
23.0843
 21
-16.979
 31
0.0
  0
LINE
  5
2DB
  8
0
 10
23.0843
 20
-16.979
 30
0.0
 11
22.4809
 21
-16.8628
 31
0.0
  0
LINE
  5
2DC
  8
0
 10
22.4809
 20
-16.8628
 30
0.0
 11
21.8789
 21
-16.7392
 31
0.0
  0
LINE
  5
2DD
  8
0
 10
21.8789
 20
-16.7392
 30
0.0
 11
21.2785
 21
-16.6083
 31
0.0
  0
LINE
  5
2DE
  8
0
 10
21.2785
 20
-16.6083
 30
0.0
 11
20.6798
 21
-16.47
 31
0.0
  0
LINE
  5
2DF
  8
0
 10
20.6798
 20
-16.47
 30
0.0
 11
20.0828
 21
-16.3243
 31
0.0
  0
LINE
  5
2E0
  8
0
 10
20.0828
 20
-16.3243
 30
0.0
 11
19.4876
 21
-16.1713
 31
0.0
  0
LINE
  5
2E1
  8
0
 10
19.4876
 20
-16.1713
 30
0.0
 11
18.8944
 21
-16.0111
 31
0.0
  0
LINE
  5
2E2
  8
0
 10
18.8944
 20
-16.0111
 30
0.0
 11
18.3031
 21
-15.8436
 31
0.0
  0
LINE
  5
2E3
  8
0
 10
18.3031
 20
-15.8436
 30
0.0
 11
17.714
 21
-15.6688
 31
0.0
  0
LINE
  5
2E4
  8
0
 10
17.714
 20
-15.6688
 30
0.0
 11
17.1271
 21
-15.4868
 31
0.0
  0
LINE
  5
2E5
  8
0
 10
17.1271
 20
-15.4868
 30
0.0
 11
16.5424
 21
-15.2976
 31
0.0
  0
LINE
  5
2E6
  8
0
 10
16.5424
 20
-15.2976
 30
0.0
 11
15.9601
 21
-15.1013
 31
0.0
  0
LINE
  5
2E7
  8
0
 10
15.9601
 20
-15.1013
 30
0.0
 11
15.3802
 21
-14.8978
 31
0.0
  0
LINE
  5
2E8
  8
0
 10
15.3802
 20
-14.8978
 30
0.0
 11
14.8029
 21
-14.6872
 31
0.0
  0
LINE
  5
2E9
  8
0
 10
14.8029
 20
-14.6872
 30
0.0
 11
14.2283
 21
-14.4696
 31
0.0
  0
LINE
  5
2EA
  8
0
 10
14.2283
 20
-14.4696
 30
0.0
 11
13.6563
 21
-14.2449
 31
0.0
  0
LINE
  5
2EB
  8
0
 10
13.6563
 20
-14.2449
 30
0.0
 11
13.0871
 21
-14.0133
 31
0.0
  0
LINE
  5
2EC
  8
0
 10
13.0871
 20
-14.0133
 30
0.0
 11
12.5209
 21
-13.7746
 31
0.0
  0
LINE
  5
2ED
  8
0
 10
12.5209
 20
-13.7746
 30
0.0
 11
11.9576
 21
-13.5291
 31
0.0
  0
LINE
  5
2EE
  8
0
 10
11.9576
 20
-13.5291
 30
0.0
 11
11.3973
 21
-13.2766
 31
0.0
  0
LINE
  5
2EF
  8
0
 10
11.3973
 20
-13.2766
 30
0.0
 11
10.8402
 21
-13.0173
 31
0.0
  0
LINE
  5
2F0
  8
0
 10
10.8402
 20
-13.0173
 30
0.0
 11
10.2863
 21
-12.7511
 31
0.0
  0
LINE
  5
2F1
  8
0
 10
10.2863
 20
-12.7511
 30
0.0
 11
9.73572
 21
-12.4782
 31
0.0
  0
LINE
  5
2F2
  8
0
 10
9.73572
 20
-12.4782
 30
0.0
 11
9.18854
 21
-12.1985
 31
0.0
  0
LINE
  5
2F3
  8
0
 10
9.18854
 20
-12.1985
 30
0.0
 11
8.64482
 21
-11.9122
 31
0.0
  0
LINE
  5
2F4
  8
0
 10
8.64482
 20
-11.9122
 30
0.0
 11
8.10466
 21
-11.6192
 31
0.0
  0
LINE
  5
2F5
  8
0
 10
8.10466
 20
-11.6192
 30
0.0
 11
7.56813
 21
-11.3196
 31
0.0
  0
LINE
  5
2F6
  8
0
 10
7.56813
 20
-11.3196
 30
0.0
 11
7.03532
 21
-11.0134
 31
0.0
  0
LINE
  5
2F7
  8
0
 10
7.03532
 20
-11.0134
 30
0.0
 11
6.50632
 21
-10.7008
 31
0.0
  0
LINE
  5
2F8
  8
0
 10
6.50632
 20
-10.7008
 30
0.0
 11
5.98119
 21
-10.3816
 31
0.0
  0
LINE
  5
2F9
  8
0
 10
5.98119
 20
-10.3816
 30
0.0
 11
5.46001
 21
-10.056
 31
0.0
  0
LINE
  5
2FA
  8
0
 10
5.46001
 20
-10.056
 30
0.0
 11
4.94286
 21
-9.72409
 31
0.0
  0
LINE
  5
2FB
  8
0
 10
4.94286
 20
-9.72409
 30
0.0
 11
4.42982
 21
-9.38583
 31
0.0
  0
LINE
  5
2FC
  8
0
 10
4.42982
 20
-9.38583
 30
0.0
 11
3.92099
 21
-9.04131
 31
0.0
  0
LINE
  5
2FD
  8
0
 10
3.92099
 20
-9.04131
 30
0.0
 11
3.41641
 21
-8.69055
 31
0.0
  0
LINE
  5
2FE
  8
0
 10
3.41641
 20
-8.69055
 30
0.0
 11
2.91618
 21
-8.33363
 31
0.0
  0
LINE
  5
2FF
  8
0
 10
2.91618
 20
-8.33363
 30
0.0
 11
2.42036
 21
-7.97061
 31
0.0
  0
LINE
  5
300
  8
0
 10
2.42036
 20
-7.97061
 30
0.0
 11
1.92905
 21
-7.60153
 31
0.0
  0
LINE
  5
301
  8
0
 10
1.92905
 20
-7.60153
 30
0.0
 11
1.44229
 21
-7.22644
 31
0.0
  0
LINE
  5
302
  8
0
 10
1.44229
 20
-7.22644
 30
0.0
 11
0.960175
 21
-6.84541
 31
0.0
  0
LINE
  5
303
  8
0
 10
0.960175
 20
-6.84541
 30
0.0
 11
0.482758
 21
-6.4585
 31
0.0
  0
LINE
  5
304
  8
0
 10
0.482758
 20
-6.4585
 30
0.0
 11
0.0101471
 21
-6.06575
 31
0.0
  0
LINE
  5
305
  8
0
 10
0.0101471
 20
-6.06575
 30
0.0
 11
-0.457626
 21
-5.66722
 31
0.0
  0
LINE
  5
306
  8
0
 10
-0.457626
 20
-5.66722
 30
0.0
 11
-0.920471
 21
-5.263
 31
0.0
  0
LINE
  5
307
  8
0
 10
-0.920471
 20
-5.263
 30
0.0
 11
-1.37831
 21
-4.85312
 31
0.0
  0
LINE
  5
308
  8
0
 10
-1.37831
 20
-4.85312
 30
0.0
 11
-1.83109
 21
-4.43765
 31
0.0
  0
LINE
  5
309
  8
0
 10
-1.83109
 20
-4.43765
 30
0.0
 11
-2.27873
 21
-4.01666
 31
0.0
  0
LINE
  5
30A
  8
0
 10
-2.27873
 20
-4.01666
 30
0.0
 11
-2.72119
 21
-3.59021
 31
0.0
  0
LINE
  5
30B
  8
0
 10
-2.72119
 20
-3.59021
 30
0.0
 11
-3.15837
 21
-3.15837
 31
0.0
  0
LINE
  5
30C
  8
0
 10
-3.15837
 20
-3.15837
 30
0.0
 11
-3.59021
 21
-2.72119
 31
0.0
  0
LINE
  5
30D
  8
0
 10
-3.59021
 20
-2.72119
 30
0.0
 11
-4.01666
 21
-2.27873
 31
0.0
  0
LINE
  5
30E
  8
0
 10
-4.01666
 20
-2.27873
 30
0.0
 11
-4.43765
 21
-1.83109
 31
0.0
  0
LINE
  5
30F
  8
0
 10
-4.43765
 20
-1.83109
 30
0.0
 11
-4.85312
 21
-1.37831
 31
0.0
  0
LINE
  5
310
  8
0
 10
-4.85312
 20
-1.37831
 30
0.0
 11
-5.263
 21
-0.920471
 31
0.0
  0
LINE
  5
311
  8
0
 10
-5.263
 20
-0.920471
 30
0.0
 11
-5.66722
 21
-0.457626
 31
0.0
  0
LINE
  5
312
  8
0
 10
-5.66722
 20
-0.457626
 30
0.0
 11
-6.06575
 21
0.0101471
 31
0.0
  0
LINE
  5
313
  8
0
 10
-6.06575
 20
0.0101471
 30
0.0
 11
-6.4585
 21
0.482758
 31
0.0
  0
LINE
  5
314
  8
0
 10
-6.4585
 20
0.482758
 30
0.0
 11
-6.84541
 21
0.960175
 31
0.0
  0
LINE
  5
315
  8
0
 10
-6.84541
 20
0.960175
 30
0.0
 11
-7.22644
 21
1.44229
 31
0.0
  0
LINE
  5
316
  8
0
 10
-7.22644
 20
1.44229
 30
0.0
 11
-7.60153
 21
1.92905
 31
0.0
  0
LINE
  5
317
  8
0
 10
-7.60153
 20
1.92905
 30
0.0
 11
-7.97061
 21
2.42036
 31
0.0
  0
LINE
  5
318
  8
0
 10
-7.97061
 20
2.42036
 30
0.0
 11
-8.33363
 21
2.91618
 31
0.0
  0
LINE
  5
319
  8
0
 10
-8.33363
 20
2.91618
 30
0.0
 11
-8.69055
 21
3.41641
 31
0.0
  0
LINE
  5
31A
  8
0
 10
-8.69055
 20
3.41641
 30
0.0
 11
-9.04131
 21
3.92099
 31
0.0
  0
LINE
  5
31B
  8
0
 10
-9.04131
 20
3.92099
 30
0.0
 11
-9.38583
 21
4.42982
 31
0.0
  0
LINE
  5
31C
  8
0
 10
-9.38583
 20
4.42982
 30
0.0
 11
-9.72409
 21
4.94286
 31
0.0
  0
LINE
  5
31D
  8
0
 10
-9.72409
 20
4.94286
 30
0.0
 11
-10.056
 21
5.46001
 31
0.0
  0
LINE
  5
31E
  8
0
 10
-10.056
 20
5.46001
 30
0.0
 11
-10.3816
 21
5.98119
 31
0.0
  0
LINE
  5
31F
  8
0
 10
-10.3816
 20
5.98119
 30
0.0
 11
-10.7008
 21
6.50632
 31
0.0
  0
LINE
  5
320
  8
0
 10
-10.7008
 20
6.50632
 30
0.0
 11
-11.0134
 21
7.03532
 31
0.0
  0
LINE
  5
321
  8
0
 10
-11.0134
 20
7.03532
 30
0.0
 11
-11.3196
 21
7.56813
 31
0.0
  0
LINE
  5
322
  8
0
 10
-11.3196
 20
7.56813
 30
0.0
 11
-11.6192
 21
8.10466
 31
0.0
  0
LINE
  5
323
  8
0
 10
-11.6192
 20
8.10466
 30
0.0
 11
-11.9122
 21
8.64482
 31
0.0
  0
LINE
  5
324
  8
0
 10
-11.9122
 20
8.64482
 30
0.0
 11
-12.1985
 21
9.18854
 31
0.0
  0
LINE
  5
325
  8
0
 10
-12.1985
 20
9.18854
 30
0.0
 11
-12.4782
 21
9.73572
 31
0.0
  0
LINE
  5
326
  8
0
 10
-12.4782
 20
9.73572
 30
0.0
 11
-12.7511
 21
10.2863
 31
0.0
  0
LINE
  5
327
  8
0
 10
-12.7511
 20
10.2863
 30
0.0
 11
-13.0173
 21
10.8402
 31
0.0
  0
LINE
  5
328
  8
0
 10
-13.0173
 20
10.8402
 30
0.0
 11
-13.2766
 21
11.3973
 31
0.0
  0
LINE
  5
329
  8
0
 10
-13.2766
 20
11.3973
 30
0.0
 11
-13.5291
 21
11.9576
 31
0.0
  0
LINE
  5
32A
  8
0
 10
-13.5291
 20
11.9576
 30
0.0
 11
-13.7746
 21
12.5209
 31
0.0
  0
LINE
  5
32B
  8
0
 10
-13.7746
 20
12.5209
 30
0.0
 11
-14.0133
 21
13.0871
 31
0.0
  0
LINE
  5
32C
  8
0
 10
-14.0133
 20
13.0871
 30
0.0
 11
-14.2449
 21
13.6563
 31
0.0
  0
LINE
  5
32D
  8
0
 10
-14.2449
 20
13.6563
 30
0.0
 11
-14.4696
 21
14.2283
 31
0.0
  0
LINE
  5
32E
  8
0
 10
-14.4696
 20
14.2283
 30
0.0
 11
-14.6872
 21
14.8029
 31
0.0
  0
LINE
  5
32F
  8
0
 10
-14.6872
 20
14.8029
 30
0.0
 11
-14.8978
 21
15.3802
 31
0.0
  0
LINE
  5
330
  8
0
 10
-14.8978
 20
15.3802
 30
0.0
 11
-15.1013
 21
15.9601
 31
0.0
  0
LINE
  5
331
  8
0
 10
-15.1013
 20
15.9601
 30
0.0
 11
-15.115
 21
16.0008
 31
0.0
  0
LINE
  5
332
  8
0
 10
-15.115
 20
16.0008
 30
0.0
 11
-15.115
 21
48.4992
 31
0.0
  0
LINE
  5
333
  8
0
 10
-15.115
 20
48.4992
 30
0.0
 11
-15.1013
 21
48.5399
 31
0.0
  0
LINE
  5
334
  8
0
 10
-15.1013
 20
48.5399
 30
0.0
 11
-14.8978
 21
49.1198
 31
0.0
  0
LINE
  5
335
  8
0
 10
-14.8978
 20
49.1198
 30
0.0
 11
-14.6872
 21
49.6971
 31
0.0
  0
LINE
  5
336
  8
0
 10
-14.6872
 20
49.6971
 30
0.0
 11
-14.4696
 21
50.2717
 31
0.0
  0
LINE
  5
337
  8
0
 10
-14.4696
 20
50.2717
 30
0.0
 11
-14.2449
 21
50.8437
 31
0.0
  0
LINE
  5
338
  8
0
 10
-14.2449
 20
50.8437
 30
0.0
 11
-14.0133
 21
51.4129
 31
0.0
  0
LINE
  5
339
  8
0
 10
-14.0133
 20
51.4129
 30
0.0
 11
-13.7746
 21
51.9791
 31
0.0
  0
LINE
  5
33A
  8
0
 10
-13.7746
 20
51.9791
 30
0.0
 11
-13.5291
 21
52.5424
 31
0.0
  0
LINE
  5
33B
  8
0
 10
-13.5291
 20
52.5424
 30
0.0
 11
-13.2766
 21
53.1027
 31
0.0
  0
LINE
  5
33C
  8
0
 10
-13.2766
 20
53.1027
 30
0.0
 11
-13.0173
 21
53.6598
 31
0.0
  0
LINE
  5
33D
  8
0
 10
-13.0173
 20
53.6598
 30
0.0
 11
-12.7511
 21
54.2137
 31
0.0
  0
LINE
  5
33E
  8
0
 10
-12.7511
 20
54.2137
 30
0.0
 11
-12.4782
 21
54.7643
 31
0.0
  0
LINE
  5
33F
  8
0
 10
-12.4782
 20
54.7643
 30
0.0
 11
-12.1985
 21
55.3115
 31
0.0
  0
LINE
  5
340
  8
0
 10
-12.1985
 20
55.3115
 30
0.0
 11
-11.9122
 21
55.8552
 31
0.0
  0
LINE
  5
341
  8
0
 10
-11.9122
 20
55.8552
 30
0.0
 11
-11.6192
 21
56.3953
 31
0.0
  0
LINE
  5
342
  8
0
 10
-11.6192
 20
56.3953
 30
0.0
 11
-11.3196
 21
56.9319
 31
0.0
  0
LINE
  5
343
  8
0
 10
-11.3196
 20
56.9319
 30
0.0
 11
-11.0134
 21
57.4647
 31
0.0
  0
LINE
  5
344
  8
0
 10
-11.0134
 20
57.4647
 30
0.0
 11
-10.7008
 21
57.9937
 31
0.0
  0
LINE
  5
345
  8
0
 10
-10.7008
 20
57.9937
 30
0.0
 11
-10.3816
 21
58.5188
 31
0.0
  0
LINE
  5
346
  8
0
 10
-10.3816
 20
58.5188
 30
0.0
 11
-10.056
 21
59.04
 31
0.0
  0
LINE
  5
347
  8
0
 10
-10.056
 20
59.04
 30
0.0
 11
-9.72409
 21
59.5571
 31
0.0
  0
LINE
  5
348
  8
0
 10
-9.72409
 20
59.5571
 30
0.0
 11
-9.38583
 21
60.0702
 31
0.0
  0
LINE
  5
349
  8
0
 10
-9.38583
 20
60.0702
 30
0.0
 11
-9.04131
 21
60.579
 31
0.0
  0
LINE
  5
34A
  8
0
 10
-9.04131
 20
60.579
 30
0.0
 11
-8.69055
 21
61.0836
 31
0.0
  0
LINE
  5
34B
  8
0
 10
-8.69055
 20
61.0836
 30
0.0
 11
-8.33363
 21
61.5838
 31
0.0
  0
LINE
  5
34C
  8
0
 10
-8.33363
 20
61.5838
 30
0.0
 11
-7.97061
 21
62.0796
 31
0.0
  0
LINE
  5
34D
  8
0
 10
-7.97061
 20
62.0796
 30
0.0
 11
-7.60153
 21
62.571
 31
0.0
  0
LINE
  5
34E
  8
0
 10
-7.60153
 20
62.571
 30
0.0
 11
-7.22644
 21
63.0577
 31
0.0
  0
LINE
  5
34F
  8
0
 10
-7.22644
 20
63.0577
 30
0.0
 11
-6.84541
 21
63.5398
 31
0.0
  0
LINE
  5
350
  8
0
 10
-6.84541
 20
63.5398
 30
0.0
 11
-6.4585
 21
64.0172
 31
0.0
  0
LINE
  5
351
  8
0
 10
-6.4585
 20
64.0172
 30
0.0
 11
-6.06575
 21
64.4899
 31
0.0
  0
LINE
  5
352
  8
0
 10
-6.06575
 20
64.4899
 30
0.0
 11
-5.66722
 21
64.9576
 31
0.0
  0
LINE
  5
353
  8
0
 10
-5.66722
 20
64.9576
 30
0.0
 11
-5.263
 21
65.4205
 31
0.0
  0
LINE
  5
354
  8
0
 10
-5.263
 20
65.4205
 30
0.0
 11
-4.85312
 21
65.8783
 31
0.0
  0
LINE
  5
355
  8
0
 10
-4.85312
 20
65.8783
 30
0.0
 11
-4.43765
 21
66.3311
 31
0.0
  0
LINE
  5
356
  8
0
 10
-4.43765
 20
66.3311
 30
0.0
 11
-4.01666
 21
66.7787
 31
0.0
  0
LINE
  5
357
  8
0
 10
-4.01666
 20
66.7787
 30
0.0
 11
-3.59021
 21
67.2212
 31
0.0
  0
LINE
  5
358
  8
0
 10
-3.59021
 20
67.2212
 30
0.0
 11
-3.15837
 21
67.6584
 31
0.0
  0
LINE
  5
359
  8
0
 10
-3.15837
 20
67.6584
 30
0.0
 11
-2.72119
 21
68.0902
 31
0.0
  0
LINE
  5
35A
  8
0
 10
-2.72119
 20
68.0902
 30
0.0
 11
-2.27873
 21
68.5167
 31
0.0
  0
LINE
  5
35B
  8
0
 10
-2.27873
 20
68.5167
 30
0.0
 11
-1.83109
 21
68.9377
 31
0.0
  0
LINE
  5
35C
  8
0
 10
-1.83109
 20
68.9377
 30
0.0
 11
-1.37831
 21
69.3531
 31
0.0
  0
LINE
  5
35D
  8
0
 10
-1.37831
 20
69.3531
 30
0.0
 11
-0.920471
 21
69.763
 31
0.0
  0
LINE
  5
35E
  8
0
 10
-0.920471
 20
69.763
 30
0.0
 11
-0.457626
 21
70.1672
 31
0.0
  0
LINE
  5
35F
  8
0
 10
-0.457626
 20
70.1672
 30
0.0
 11
0.0101471
 21
70.5658
 31
0.0
  0
LINE
  5
360
  8
0
 10
0.0101471
 20
70.5658
 30
0.0
 11
0.482758
 21
70.9585
 31
0.0
  0
LINE
  5
361
  8
0
 10
0.482758
 20
70.9585
 30
0.0
 11
0.960175
 21
71.3454
 31
0.0
  0
LINE
  5
362
  8
0
 10
0.960175
 20
71.3454
 30
0.0
 11
1.44229
 21
71.7264
 31
0.0
  0
LINE
  5
363
  8
0
 10
1.44229
 20
71.7264
 30
0.0
 11
1.92905
 21
72.1015
 31
0.0
  0
LINE
  5
364
  8
0
 10
1.92905
 20
72.1015
 30
0.0
 11
2.42036
 21
72.4706
 31
0.0
  0
LINE
  5
365
  8
0
 10
2.42036
 20
72.4706
 30
0.0
 11
2.91618
 21
72.8336
 31
0.0
  0
LINE
  5
366
  8
0
 10
2.91618
 20
72.8336
 30
0.0
 11
3.41641
 21
73.1906
 31
0.0
  0
LINE
  5
367
  8
0
 10
3.41641
 20
73.1906
 30
0.0
 11
3.92099
 21
73.5413
 31
0.0
  0
LINE
  5
368
  8
0
 10
3.92099
 20
73.5413
 30
0.0
 11
4.42982
 21
73.8858
 31
0.0
  0
LINE
  5
369
  8
0
 10
4.42982
 20
73.8858
 30
0.0
 11
4.94286
 21
74.2241
 31
0.0
  0
LINE
  5
36A
  8
0
 10
4.94286
 20
74.2241
 30
0.0
 11
5.46001
 21
74.556
 31
0.0
  0
LINE
  5
36B
  8
0
 10
5.46001
 20
74.556
 30
0.0
 11
5.98119
 21
74.8816
 31
0.0
  0
LINE
  5
36C
  8
0
 10
5.98119
 20
74.8816
 30
0.0
 11
6.50632
 21
75.2008
 31
0.0
  0
LINE
  5
36D
  8
0
 10
6.50632
 20
75.2008
 30
0.0
 11
7.03532
 21
75.5134
 31
0.0
  0
LINE
  5
36E
  8
0
 10
7.03532
 20
75.5134
 30
0.0
 11
7.56813
 21
75.8196
 31
0.0
  0
LINE
  5
36F
  8
0
 10
7.56813
 20
75.8196
 30
0.0
 11
8.10466
 21
76.1192
 31
0.0
  0
LINE
  5
370
  8
0
 10
8.10466
 20
76.1192
 30
0.0
 11
8.64482
 21
76.4122
 31
0.0
  0
LINE
  5
371
  8
0
 10
8.64482
 20
76.4122
 30
0.0
 11
9.18854
 21
76.6985
 31
0.0
  0
LINE
  5
372
  8
0
 10
9.18854
 20
76.6985
 30
0.0
 11
9.73572
 21
76.9782
 31
0.0
  0
LINE
  5
373
  8
0
 10
9.73572
 20
76.9782
 30
0.0
 11
10.2863
 21
77.2511
 31
0.0
  0
LINE
  5
374
  8
0
 10
10.2863
 20
77.2511
 30
0.0
 11
10.8402
 21
77.5173
 31
0.0
  0
LINE
  5
375
  8
0
 10
10.8402
 20
77.5173
 30
0.0
 11
11.3973
 21
77.7766
 31
0.0
  0
LINE
  5
376
  8
0
 10
11.3973
 20
77.7766
 30
0.0
 11
11.9576
 21
78.0291
 31
0.0
  0
LINE
  5
377
  8
0
 10
11.9576
 20
78.0291
 30
0.0
 11
12.5209
 21
78.2746
 31
0.0
  0
LINE
  5
378
  8
0
 10
12.5209
 20
78.2746
 30
0.0
 11
13.0871
 21
78.5133
 31
0.0
  0
LINE
  5
379
  8
0
 10
13.0871
 20
78.5133
 30
0.0
 11
13.6563
 21
78.7449
 31
0.0
  0
LINE
  5
37A
  8
0
 10
13.6563
 20
78.7449
 30
0.0
 11
14.2283
 21
78.9696
 31
0.0
  0
LINE
  5
37B
  8
0
 10
14.2283
 20
78.9696
 30
0.0
 11
14.8029
 21
79.1872
 31
0.0
  0
LINE
  5
37C
  8
0
 10
14.8029
 20
79.1872
 30
0.0
 11
15.3802
 21
79.3978
 31
0.0
  0
LINE
  5
37D
  8
0
 10
15.3802
 20
79.3978
 30
0.0
 11
15.9601
 21
79.6013
 31
0.0
  0
LINE
  5
37E
  8
0
 10
15.9601
 20
79.6013
 30
0.0
 11
16.5424
 21
79.7976
 31
0.0
  0
LINE
  5
37F
  8
0
 10
16.5424
 20
79.7976
 30
0.0
 11
17.1271
 21
79.9868
 31
0.0
  0
LINE
  5
380
  8
0
 10
17.1271
 20
79.9868
 30
0.0
 11
17.714
 21
80.1688
 31
0.0
  0
LINE
  5
381
  8
0
 10
17.714
 20
80.1688
 30
0.0
 11
18.3031
 21
80.3436
 31
0.0
  0
LINE
  5
382
  8
0
 10
18.3031
 20
80.3436
 30
0.0
 11
18.8944
 21
80.5111
 31
0.0
  0
LINE
  5
383
  8
0
 10
18.8944
 20
80.5111
 30
0.0
 11
19.4876
 21
80.6713
 31
0.0
  0
LINE
  5
384
  8
0
 10
19.4876
 20
80.6713
 30
0.0
 11
20.0828
 21
80.8243
 31
0.0
  0
LINE
  5
385
  8
0
 10
20.0828
 20
80.8243
 30
0.0
 11
20.6798
 21
80.97
 31
0.0
  0
LINE
  5
386
  8
0
 10
20.6798
 20
80.97
 30
0.0
 11
21.2785
 21
81.1083
 31
0.0
  0
LINE
  5
387
  8
0
 10
21.2785
 20
81.1083
 30
0.0
 11
21.8789
 21
81.2392
 31
0.0
  0
LINE
  5
388
  8
0
 10
21.8789
 20
81.2392
 30
0.0
 11
22.4809
 21
81.3628
 31
0.0
  0
LINE
  5
389
  8
0
 10
22.4809
 20
81.3628
 30
0.0
 11
23.0843
 21
81.479
 31
0.0
  0
LINE
  5
38A
  8
0
 10
23.0843
 20
81.479
 30
0.0
 11
23.6891
 21
81.5878
 31
0.0
  0
LINE
  5
38B
  8
0
 10
23.6891
 20
81.5878
 30
0.0
 11
24.2952
 21
81.6891
 31
0.0
  0
LINE
  5
38C
  8
0
 10
24.2952
 20
81.6891
 30
0.0
 11
24.9025
 21
81.783
 31
0.0
  0
LINE
  5
38D
  8
0
 10
24.9025
 20
81.783
 30
0.0
 11
25.5109
 21
81.8694
 31
0.0
  0
LINE
  5
38E
  8
0
 10
25.5109
 20
81.8694
 30
0.0
 11
26.1203
 21
81.9484
 31
0.0
  0
LINE
  5
38F
  8
0
 10
26.1203
 20
81.9484
 30
0.0
 11
26.7306
 21
82.0199
 31
0.0
  0
LINE
  5
390
  8
0
 10
26.7306
 20
82.0199
 30
0.0
 11
27.3418
 21
82.0839
 31
0.0
  0
LINE
  5
391
  8
0
 10
27.3418
 20
82.0839
 30
0.0
 11
27.9537
 21
82.1404
 31
0.0
  0
LINE
  5
392
  8
0
 10
27.9537
 20
82.1404
 30
0.0
 11
28.5663
 21
82.1893
 31
0.0
  0
LINE
  5
393
  8
0
 10
28.5663
 20
82.1893
 30
0.0
 11
29.1794
 21
82.2308
 31
0.0
  0
LINE
  5
394
  8
0
 10
29.1794
 20
82.2308
 30
0.0
 11
29.7929
 21
82.2647
 31
0.0
  0
LINE
  5
395
  8
0
 10
29.7929
 20
82.2647
 30
0.0
 11
30.4069
 21
82.2911
 31
0.0
  0
LINE
  5
396
  8
0
 10
30.4069
 20
82.2911
 30
0.0
 11
31.0211
 21
82.3099
 31
0.0
  0
LINE
  5
397
  8
0
 10
31.0211
 20
82.3099
 30
0.0
 11
31.6355
 21
82.3212
 31
0.0
  0
LINE
  5
398
  8
0
 10
31.6355
 20
82.3212
 30
0.0
 11
32.25
 21
82.325
 31
0.0
  0
LINE
  5
399
  8
0
 10
32.25
 20
82.325
 30
0.0
 11
32.8645
 21
82.3212
 31
0.0
  0
LINE
  5
39A
  8
0
 10
32.8645
 20
82.3212
 30
0.0
 11
33.4789
 21
82.3099
 31
0.0
  0
LINE
  5
39B
  8
0
 10
33.4789
 20
82.3099
 30
0.0
 11
34.0931
 21
82.2911
 31
0.0
  0
LINE
  5
39C
  8
0
 10
34.0931
 20
82.2911
 30
0.0
 11
34.7071
 21
82.2647
 31
0.0
  0
LINE
  5
39D
  8
0
 10
34.7071
 20
82.2647
 30
0.0
 11
35.3206
 21
82.2308
 31
0.0
  0
LINE
  5
39E
  8
0
 10
35.3206
 20
82.2308
 30
0.0
 11
35.9337
 21
82.1893
 31
0.0
  0
LINE
  5
39F
  8
0
 10
35.9337
 20
82.1893
 30
0.0
 11
36.5463
 21
82.1404
 31
0.0
  0
LINE
  5
3A0
  8
0
 10
36.5463
 20
82.1404
 30
0.0
 11
37.1582
 21
82.0839
 31
0.0
  0
LINE
  5
3A1
  8
0
 10
37.1582
 20
82.0839
 30
0.0
 11
37.7694
 21
82.0199
 31
0.0
  0
LINE
  5
3A2
  8
0
 10
37.7694
 20
82.0199
 30
0.0
 11
38.3797
 21
81.9484
 31
0.0
  0
LINE
  5
3A3
  8
0
 10
38.3797
 20
81.9484
 30
0.0
 11
38.9891
 21
81.8694
 31
0.0
  0
LINE
  5
3A4
  8
0
 10
38.9891
 20
81.8694
 30
0.0
 11
39.5975
 21
81.783
 31
0.0
  0
LINE
  5
3A5
  8
0
 10
39.5975
 20
81.783
 30
0.0
 11
40.2048
 21
81.6891
 31
0.0
  0
LINE
  5
3A6
  8
0
 10
40.2048
 20
81.6891
 30
0.0
 11
40.8109
 21
81.5878
 31
0.0
  0
LINE
  5
3A7
  8
0
 10
40.8109
 20
81.5878
 30
0.0
 11
41.4157
 21
81.479
 31
0.0
  0
LINE
  5
3A8
  8
0
 10
41.4157
 20
81.479
 30
0.0
 11
42.0191
 21
81.3628
 31
0.0
  0
LINE
  5
3A9
  8
0
 10
42.0191
 20
81.3628
 30
0.0
 11
42.6211
 21
81.2392
 31
0.0
  0
LINE
  5
3AA
  8
0
 10
42.6211
 20
81.2392
 30
0.0
 11
43.2215
 21
81.1083
 31
0.0
  0
LINE
  5
3AB
  8
0
 10
43.2215
 20
81.1083
 30
0.0
 11
43.8202
 21
80.97
 31
0.0
  0
LINE
  5
3AC
  8
0
 10
43.8202
 20
80.97
 30
0.0
 11
44.4172
 21
80.8243
 31
0.0
  0
LINE
  5
3AD
  8
0
 10
44.4172
 20
80.8243
 30
0.0
 11
45.0124
 21
80.6713
 31
0.0
  0
LINE
  5
3AE
  8
0
 10
45.0124
 20
80.6713
 30
0.0
 11
45.6056
 21
80.5111
 31
0.0
  0
LINE
  5
3AF
  8
0
 10
45.6056
 20
80.5111
 30
0.0
 11
46.1969
 21
80.3436
 31
0.0
  0
LINE
  5
3B0
  8
0
 10
46.1969
 20
80.3436
 30
0.0
 11
46.786
 21
80.1688
 31
0.0
  0
LINE
  5
3B1
  8
0
 10
46.786
 20
80.1688
 30
0.0
 11
47.3729
 21
79.9868
 31
0.0
  0
LINE
  5
3B2
  8
0
 10
47.3729
 20
79.9868
 30
0.0
 11
47.9576
 21
79.7976
 31
0.0
  0
LINE
  5
3B3
  8
0
 10
47.9576
 20
79.7976
 30
0.0
 11
48.5399
 21
79.6013
 31
0.0
  0
LINE
  5
3B4
  8
0
 10
48.5399
 20
79.6013
 30
0.0
 11
49.1198
 21
79.3978
 31
0.0
  0
LINE
  5
3B5
  8
0
 10
49.1198
 20
79.3978
 30
0.0
 11
49.6971
 21
79.1872
 31
0.0
  0
LINE
  5
3B6
  8
0
 10
49.6971
 20
79.1872
 30
0.0
 11
50.2717
 21
78.9696
 31
0.0
  0
LINE
  5
3B7
  8
0
 10
50.2717
 20
78.9696
 30
0.0
 11
50.8437
 21
78.7449
 31
0.0
  0
LINE
  5
3B8
  8
0
 10
50.8437
 20
78.7449
 30
0.0
 11
51.4129
 21
78.5133
 31
0.0
  0
LINE
  5
3B9
  8
0
 10
51.4129
 20
78.5133
 30
0.0
 11
51.9791
 21
78.2746
 31
0.0
  0
LINE
  5
3BA
  8
0
 10
51.9791
 20
78.2746
 30
0.0
 11
52.5424
 21
78.0291
 31
0.0
  0
LINE
  5
3BB
  8
0
 10
52.5424
 20
78.0291
 30
0.0
 11
53.1027
 21
77.7766
 31
0.0
  0
LINE
  5
3BC
  8
0
 10
53.1027
 20
77.7766
 30
0.0
 11
53.6598
 21
77.5173
 31
0.0
  0
LINE
  5
3BD
  8
0
 10
53.6598
 20
77.5173
 30
0.0
 11
54.2137
 21
77.2511
 31
0.0
  0
LINE
  5
3BE
  8
0
 10
54.2137
 20
77.2511
 30
0.0
 11
54.7643
 21
76.9782
 31
0.0
  0
LINE
  5
3BF
  8
0
 10
54.7643
 20
76.9782
 30
0.0
 11
55.3115
 21
76.6985
 31
0.0
  0
LINE
  5
3C0
  8
0
 10
55.3115
 20
76.6985
 30
0.0
 11
55.8552
 21
76.4122
 31
0.0
  0
LINE
  5
3C1
  8
0
 10
55.8552
 20
76.4122
 30
0.0
 11
56.3953
 21
76.1192
 31
0.0
  0
LINE
  5
3C2
  8
0
 10
56.3953
 20
76.1192
 30
0.0
 11
56.9319
 21
75.8196
 31
0.0
  0
LINE
  5
3C3
  8
0
 10
56.9319
 20
75.8196
 30
0.0
 11
57.4647
 21
75.5134
 31
0.0
  0
LINE
  5
3C4
  8
0
 10
57.4647
 20
75.5134
 30
0.0
 11
57.9937
 21
75.2008
 31
0.0
  0
LINE
  5
3C5
  8
0
 10
57.9937
 20
75.2008
 30
0.0
 11
58.5188
 21
74.8816
 31
0.0
  0
LINE
  5
3C6
  8
0
 10
58.5188
 20
74.8816
 30
0.0
 11
59.04
 21
74.556
 31
0.0
  0
LINE
  5
3C7
  8
0
 10
59.04
 20
74.556
 30
0.0
 11
59.5571
 21
74.2241
 31
0.0
  0
LINE
  5
3C8
  8
0
 10
59.5571
 20
74.2241
 30
0.0
 11
60.0702
 21
73.8858
 31
0.0
  0
LINE
  5
3C9
  8
0
 10
60.0702
 20
73.8858
 30
0.0
 11
60.579
 21
73.5413
 31
0.0
  0
LINE
  5
3CA
  8
0
 10
60.579
 20
73.5413
 30
0.0
 11
61.0836
 21
73.1906
 31
0.0
  0
LINE
  5
3CB
  8
0
 10
61.0836
 20
73.1906
 30
0.0
 11
61.5838
 21
72.8336
 31
0.0
  0
LINE
  5
3CC
  8
0
 10
61.5838
 20
72.8336
 30
0.0
 11
62.0796
 21
72.4706
 31
0.0
  0
LINE
  5
3CD
  8
0
 10
62.0796
 20
72.4706
 30
0.0
 11
62.571
 21
72.1015
 31
0.0
  0
LINE
  5
3CE
  8
0
 10
62.571
 20
72.1015
 30
0.0
 11
63.0577
 21
71.7264
 31
0.0
  0
LINE
  5
3CF
  8
0
 10
63.0577
 20
71.7264
 30
0.0
 11
63.5398
 21
71.3454
 31
0.0
  0
LINE
  5
3D0
  8
0
 10
63.5398
 20
71.3454
 30
0.0
 11
64.0172
 21
70.9585
 31
0.0
  0
LINE
  5
3D1
  8
0
 10
64.0172
 20
70.9585
 30
0.0
 11
64.4899
 21
70.5658
 31
0.0
  0
LINE
  5
3D2
  8
0
 10
64.4899
 20
70.5658
 30
0.0
 11
64.9576
 21
70.1672
 31
0.0
  0
LINE
  5
3D3
  8
0
 10
64.9576
 20
70.1672
 30
0.0
 11
65.4205
 21
69.763
 31
0.0
  0
LINE
  5
3D4
  8
0
 10
65.4205
 20
69.763
 30
0.0
 11
65.8783
 21
69.3531
 31
0.0
  0
LINE
  5
3D5
  8
0
 10
65.8783
 20
69.3531
 30
0.0
 11
66.3311
 21
68.9377
 31
0.0
  0
LINE
  5
3D6
  8
0
 10
66.3311
 20
68.9377
 30
0.0
 11
66.7787
 21
68.5167
 31
0.0
  0
LINE
  5
3D7
  8
0
 10
66.7787
 20
68.5167
 30
0.0
 11
67.2212
 21
68.0902
 31
0.0
  0
LINE
  5
3D8
  8
0
 10
67.2212
 20
68.0902
 30
0.0
 11
67.6584
 21
67.6584
 31
0.0
  0
LINE
  5
3D9
  8
0
 10
67.6584
 20
67.6584
 30
0.0
 11
68.0902
 21
67.2212
 31
0.0
  0
LINE
  5
3DA
  8
0
 10
68.0902
 20
67.2212
 30
0.0
 11
68.5167
 21
66.7787
 31
0.0
  0
LINE
  5
3DB
  8
0
 10
68.5167
 20
66.7787
 30
0.0
 11
68.9377
 21
66.3311
 31
0.0
  0
LINE
  5
3DC
  8
0
 10
68.9377
 20
66.3311
 30
0.0
 11
69.3531
 21
65.8783
 31
0.0
  0
LINE
  5
3DD
  8
0
 10
69.3531
 20
65.8783
 30
0.0
 11
69.763
 21
65.4205
 31
0.0
  0
LINE
  5
3DE
  8
0
 10
69.763
 20
65.4205
 30
0.0
 11
70.1672
 21
64.9576
 31
0.0
  0
LINE
  5
3DF
  8
0
 10
70.1672
 20
64.9576
 30
0.0
 11
70.5658
 21
64.4899
 31
0.0
  0
LINE
  5
3E0
  8
0
 10
70.5658
 20
64.4899
 30
0.0
 11
70.9585
 21
64.0172
 31
0.0
  0
LINE
  5
3E1
  8
0
 10
70.9585
 20
64.0172
 30
0.0
 11
71.3454
 21
63.5398
 31
0.0
  0
LINE
  5
3E2
  8
0
 10
71.3454
 20
63.5398
 30
0.0
 11
71.7264
 21
63.0577
 31
0.0
  0
LINE
  5
3E3
  8
0
 10
71.7264
 20
63.0577
 30
0.0
 11
72.1015
 21
62.571
 31
0.0
  0
LINE
  5
3E4
  8
0
 10
72.1015
 20
62.571
 30
0.0
 11
72.4706
 21
62.0796
 31
0.0
  0
LINE
  5
3E5
  8
0
 10
72.4706
 20
62.0796
 30
0.0
 11
72.8336
 21
61.5838
 31
0.0
  0
LINE
  5
3E6
  8
0
 10
72.8336
 20
61.5838
 30
0.0
 11
73.1906
 21
61.0836
 31
0.0
  0
LINE
  5
3E7
  8
0
 10
73.1906
 20
61.0836
 30
0.0
 11
73.5413
 21
60.579
 31
0.0
  0
LINE
  5
3E8
  8
0
 10
73.5413
 20
60.579
 30
0.0
 11
73.8858
 21
60.0702
 31
0.0
  0
LINE
  5
3E9
  8
0
 10
73.8858
 20
60.0702
 30
0.0
 11
74.2241
 21
59.5571
 31
0.0
  0
LINE
  5
3EA
  8
0
 10
74.2241
 20
59.5571
 30
0.0
 11
74.556
 21
59.04
 31
0.0
  0
LINE
  5
3EB
  8
0
 10
74.556
 20
59.04
 30
0.0
 11
74.8816
 21
58.5188
 31
0.0
  0
LINE
  5
3EC
  8
0
 10
74.8816
 20
58.5188
 30
0.0
 11
75.2008
 21
57.9937
 31
0.0
  0
LINE
  5
3ED
  8
0
 10
75.2008
 20
57.9937
 30
0.0
 11
75.5134
 21
57.4647
 31
0.0
  0
LINE
  5
3EE
  8
0
 10
75.5134
 20
57.4647
 30
0.0
 11
75.8196
 21
56.9319
 31
0.0
  0
LINE
  5
3EF
  8
0
 10
75.8196
 20
56.9319
 30
0.0
 11
76.1192
 21
56.3953
 31
0.0
  0
LINE
  5
3F0
  8
0
 10
76.1192
 20
56.3953
 30
0.0
 11
76.4122
 21
55.8552
 31
0.0
  0
LINE
  5
3F1
  8
0
 10
76.4122
 20
55.8552
 30
0.0
 11
76.6985
 21
55.3115
 31
0.0
  0
LINE
  5
3F2
  8
0
 10
76.6985
 20
55.3115
 30
0.0
 11
76.9782
 21
54.7643
 31
0.0
  0
LINE
  5
3F3
  8
0
 10
76.9782
 20
54.7643
 30
0.0
 11
77.2511
 21
54.2137
 31
0.0
  0
LINE
  5
3F4
  8
0
 10
77.2511
 20
54.2137
 30
0.0
 11
77.5173
 21
53.6598
 31
0.0
  0
LINE
  5
3F5
  8
0
 10
77.5173
 20
53.6598
 30
0.0
 11
77.7766
 21
53.1027
 31
0.0
  0
LINE
  5
3F6
  8
0
 10
77.7766
 20
53.1027
 30
0.0
 11
78.0291
 21
52.5424
 31
0.0
  0
LINE
  5
3F7
  8
0
 10
78.0291
 20
52.5424
 30
0.0
 11
78.2746
 21
51.9791
 31
0.0
  0
LINE
  5
3F8
  8
0
 10
78.2746
 20
51.9791
 30
0.0
 11
78.5133
 21
51.4129
 31
0.0
  0
LINE
  5
3F9
  8
0
 10
78.5133
 20
51.4129
 30
0.0
 11
78.7449
 21
50.8437
 31
0.0
  0
LINE
  5
3FA
  8
0
 10
78.7449
 20
50.8437
 30
0.0
 11
78.9696
 21
50.2717
 31
0.0
  0
LINE
  5
3FB
  8
0
 10
78.9696
 20
50.2717
 30
0.0
 11
79.1872
 21
49.6971
 31
0.0
  0
LINE
  5
3FC
  8
0
 10
79.1872
 20
49.6971
 30
0.0
 11
79.3978
 21
49.1198
 31
0.0
  0
LINE
  5
3FD
  8
0
 10
79.3978
 20
49.1198
 30
0.0
 11
79.6013
 21
48.5399
 31
0.0
  0
LINE
  5
3FE
  8
0
 10
79.6013
 20
48.5399
 30
0.0
 11
79.7976
 21
47.9576
 31
0.0
  0
LINE
  5
3FF
  8
0
 10
79.7976
 20
47.9576
 30
0.0
 11
79.9868
 21
47.3729
 31
0.0
  0
LINE
  5
400
  8
0
 10
79.9868
 20
47.3729
 30
0.0
 11
80.1688
 21
46.786
 31
0.0
  0
LINE
  5
401
  8
0
 10
80.1688
 20
46.786
 30
0.0
 11
80.3436
 21
46.1969
 31
0.0
  0
LINE
  5
402
  8
0
 10
80.3436
 20
46.1969
 30
0.0
 11
80.5111
 21
45.6056
 31
0.0
  0
LINE
  5
403
  8
0
 10
80.5111
 20
45.6056
 30
0.0
 11
80.6713
 21
45.0124
 31
0.0
  0
LINE
  5
404
  8
0
 10
80.6713
 20
45.0124
 30
0.0
 11
80.8243
 21
44.4172
 31
0.0
  0
LINE
  5
405
  8
0
 10
80.8243
 20
44.4172
 30
0.0
 11
80.97
 21
43.8202
 31
0.0
  0
LINE
  5
406
  8
0
 10
80.97
 20
43.8202
 30
0.0
 11
81.1083
 21
43.2215
 31
0.0
  0
LINE
  5
407
  8
0
 10
81.1083
 20
43.2215
 30
0.0
 11
81.2392
 21
42.6211
 31
0.0
  0
LINE
  5
408
  8
0
 10
81.2392
 20
42.6211
 30
0.0
 11
81.3628
 21
42.0191
 31
0.0
  0
LINE
  5
409
  8
0
 10
81.3628
 20
42.0191
 30
0.0
 11
81.479
 21
41.4157
 31
0.0
  0
LINE
  5
40A
  8
0
 10
81.479
 20
41.4157
 30
0.0
 11
81.5878
 21
40.8109
 31
0.0
  0
LINE
  5
40B
  8
0
 10
81.5878
 20
40.8109
 30
0.0
 11
81.6891
 21
40.2048
 31
0.0
  0
LINE
  5
40C
  8
0
 10
81.6891
 20
40.2048
 30
0.0
 11
81.783
 21
39.5975
 31
0.0
  0
LINE
  5
40D
  8
0
 10
81.783
 20
39.5975
 30
0.0
 11
81.8694
 21
38.9891
 31
0.0
  0
LINE
  5
40E
  8
0
 10
81.8694
 20
38.9891
 30
0.0
 11
81.9484
 21
38.3797
 31
0.0
  0
LINE
  5
40F
  8
0
 10
81.9484
 20
38.3797
 30
0.0
 11
82.0199
 21
37.7694
 31
0.0
  0
LINE
  5
410
  8
0
 10
82.0199
 20
37.7694
 30
0.0
 11
82.0839
 21
37.1582
 31
0.0
  0
LINE
  5
411
  8
0
 10
82.0839
 20
37.1582
 30
0.0
 11
82.1404
 21
36.5463
 31
0.0
  0
LINE
  5
412
  8
0
 10
82.1404
 20
36.5463
 30
0.0
 11
82.1893
 21
35.9337
 31
0.0
  0
LINE
  5
413
  8
0
 10
82.1893
 20
35.9337
 30
0.0
 11
82.2308
 21
35.3206
 31
0.0
  0
LINE
  5
414
  8
0
 10
82.2308
 20
35.3206
 30
0.0
 11
82.2647
 21
34.7071
 31
0.0
  0
LINE
  5
415
  8
0
 10
82.2647
 20
34.7071
 30
0.0
 11
82.2911
 21
34.0931
 31
0.0
  0
LINE
  5
416
  8
0
 10
82.2911
 20
34.0931
 30
0.0
 11
82.3099
 21
33.4789
 31
0.0
  0
LINE
  5
417
  8
0
 10
82.3099
 20
33.4789
 30
0.0
 11
82.3212
 21
32.8645
 31
0.0
  0
LINE
  5
418
  8
0
 10
82.3212
 20
32.8645
 30
0.0
 11
82.325
 21
32.25
 31
0.0
  0
LINE
  5
419
  8
0
 10
82.325
 20
32.25
 30
0.0
 11
82.3212
 21
31.6355
 31
0.0
  0
LINE
  5
41A
  8
0
 10
82.3212
 20
31.6355
 30
0.0
 11
82.3099
 21
31.0211
 31
0.0
  0
LINE
  5
41B
  8
0
 10
82.3099
 20
31.0211
 30
0.0
 11
82.2911
 21
30.4069
 31
0.0
  0
LINE
  5
41C
  8
0
 10
82.2911
 20
30.4069
 30
0.0
 11
82.2647
 21
29.7929
 31
0.0
  0
LINE
  5
41D
  8
0
 10
82.2647
 20
29.7929
 30
0.0
 11
82.2308
 21
29.1794
 31
0.0
  0
LINE
  5
41E
  8
0
 10
82.2308
 20
29.1794
 30
0.0
 11
82.1893
 21
28.5663
 31
0.0
  0
LINE
  5
41F
  8
0
 10
82.1893
 20
28.5663
 30
0.0
 11
82.1404
 21
27.9537
 31
0.0
  0
LINE
  5
420
  8
0
 10
82.1404
 20
27.9537
 30
0.0
 11
82.0839
 21
27.3418
 31
0.0
  0
LINE
  5
421
  8
0
 10
82.0839
 20
27.3418
 30
0.0
 11
82.0199
 21
26.7306
 31
0.0
  0
LINE
  5
422
  8
0
 10
82.0199
 20
26.7306
 30
0.0
 11
81.9484
 21
26.1203
 31
0.0
  0
LINE
  5
423
  8
0
 10
81.9484
 20
26.1203
 30
0.0
 11
81.8694
 21
25.5109
 31
0.0
  0
LINE
  5
424
  8
0
 10
81.8694
 20
25.5109
 30
0.0
 11
81.783
 21
24.9025
 31
0.0
  0
LINE
  5
425
  8
0
 10
81.783
 20
24.9025
 30
0.0
 11
81.6891
 21
24.2952
 31
0.0
  0
LINE
  5
426
  8
0
 10
81.6891
 20
24.2952
 30
0.0
 11
81.5878
 21
23.6891
 31
0.0
  0
LINE
  5
427
  8
0
 10
81.5878
 20
23.6891
 30
0.0
 11
81.479
 21
23.0843
 31
0.0
  0
LINE
  5
428
  8
0
 10
81.479
 20
23.0843
 30
0.0
 11
81.3628
 21
22.4809
 31
0.0
  0
LINE
  5
429
  8
0
 10
81.3628
 20
22.4809
 30
0.0
 11
81.2392
 21
21.8789
 31
0.0
  0
LINE
  5
42A
  8
0
 10
81.2392
 20
21.8789
 30
0.0
 11
81.1083
 21
21.2785
 31
0.0
  0
LINE
  5
42B
  8
0
 10
81.1083
 20
21.2785
 30
0.0
 11
80.97
 21
20.6798
 31
0.0
  0
LINE
  5
42C
  8
0
 10
80.97
 20
20.6798
 30
0.0
 11
80.8243
 21
20.0828
 31
0.0
  0
LINE
  5
42D
  8
0
 10
80.8243
 20
20.0828
 30
0.0
 11
80.6713
 21
19.4876
 31
0.0
  0
LINE
  5
42E
  8
0
 10
80.6713
 20
19.4876
 30
0.0
 11
80.5111
 21
18.8944
 31
0.0
  0
LINE
  5
42F
  8
0
 10
80.5111
 20
18.8944
 30
0.0
 11
80.3436
 21
18.3031
 31
0.0
  0
LINE
  5
430
  8
0
 10
80.3436
 20
18.3031
 30
0.0
 11
80.1688
 21
17.714
 31
0.0
  0
LINE
  5
431
  8
0
 10
80.1688
 20
17.714
 30
0.0
 11
79.9868
 21
17.1271
 31
0.0
  0
LINE
  5
432
  8
0
 10
79.9868
 20
17.1271
 30
0.0
 11
79.7976
 21
16.5424
 31
0.0
  0
LINE
  5
433
  8
0
 10
79.7976
 20
16.5424
 30
0.0
 11
79.6013
 21
15.9601
 31
0.0
  0
LINE
  5
434
  8
0
 10
79.6013
 20
15.9601
 30
0.0
 11
79.3978
 21
15.3802
 31
0.0
  0
LINE
  5
435
  8
0
 10
79.3978
 20
15.3802
 30
0.0
 11
79.1872
 21
14.8029
 31
0.0
  0
LINE
  5
436
  8
0
 10
79.1872
 20
14.8029
 30
0.0
 11
78.9696
 21
14.2283
 31
0.0
  0
LINE
  5
437
  8
0
 10
78.9696
 20
14.2283
 30
0.0
 11
78.7449
 21
13.6563
 31
0.0
  0
LINE
  5
438
  8
0
 10
78.7449
 20
13.6563
 30
0.0
 11
78.5133
 21
13.0871
 31
0.0
  0
LINE
  5
439
  8
0
 10
78.5133
 20
13.0871
 30
0.0
 11
78.2746
 21
12.5209
 31
0.0
  0
LINE
  5
43A
  8
0
 10
78.2746
 20
12.5209
 30
0.0
 11
78.0291
 21
11.9576
 31
0.0
  0
LINE
  5
43B
  8
0
 10
78.0291
 20
11.9576
 30
0.0
 11
77.7766
 21
11.3973
 31
0.0
  0
LINE
  5
43C
  8
0
 10
77.7766
 20
11.3973
 30
0.0
 11
77.5173
 21
10.8402
 31
0.0
  0
LINE
  5
43D
  8
0
 10
77.5173
 20
10.8402
 30
0.0
 11
77.2511
 21
10.2863
 31
0.0
  0
LINE
  5
43E
  8
0
 10
77.2511
 20
10.2863
 30
0.0
 11
76.9782
 21
9.73572
 31
0.0
  0
LINE
  5
43F
  8
0
 10
76.9782
 20
9.73572
 30
0.0
 11
76.6985
 21
9.18854
 31
0.0
  0
LINE
  5
440
  8
0
 10
76.6985
 20
9.18854
 30
0.0
 11
76.4122
 21
8.64482
 31
0.0
  0
LINE
  5
441
  8
0
 10
76.4122
 20
8.64482
 30
0.0
 11
76.1192
 21
8.10466
 31
0.0
  0
LINE
  5
442
  8
0
 10
76.1192
 20
8.10466
 30
0.0
 11
75.8196
 21
7.56813
 31
0.0
  0
LINE
  5
443
  8
0
 10
75.8196
 20
7.56813
 30
0.0
 11
75.5134
 21
7.03532
 31
0.0
  0
LINE
  5
444
  8
0
 10
75.5134
 20
7.03532
 30
0.0
 11
75.2008
 21
6.50632
 31
0.0
  0
LINE
  5
445
  8
0
 10
75.2008
 20
6.50632
 30
0.0
 11
74.8816
 21
5.98119
 31
0.0
  0
LINE
  5
446
  8
0
 10
74.8816
 20
5.98119
 30
0.0
 11
74.556
 21
5.46001
 31
0.0
  0
LINE
  5
447
  8
0
 10
74.556
 20
5.46001
 30
0.0
 11
74.2241
 21
4.94286
 31
0.0
  0
LINE
  5
448
  8
0
 10
74.2241
 20
4.94286
 30
0.0
 11
73.8858
 21
4.42982
 31
0.0
  0
LINE
  5
449
  8
0
 10
73.8858
 20
4.42982
 30
0.0
 11
73.5413
 21
3.92099
 31
0.0
  0
LINE
  5
44A
  8
0
 10
73.5413
 20
3.92099
 30
0.0
 11
73.1906
 21
3.41641
 31
0.0
  0
LINE
  5
44B
  8
0
 10
73.1906
 20
3.41641
 30
0.0
 11
72.8336
 21
2.91618
 31
0.0
  0
LINE
  5
44C
  8
0
 10
72.8336
 20
2.91618
 30
0.0
 11
72.4706
 21
2.42036
 31
0.0
  0
LINE
  5
44D
  8
0
 10
72.4706
 20
2.42036
 30
0.0
 11
72.1015
 21
1.92905
 31
0.0
  0
LINE
  5
44E
  8
0
 10
72.1015
 20
1.92905
 30
0.0
 11
71.7264
 21
1.44229
 31
0.0
  0
LINE
  5
44F
  8
0
 10
71.7264
 20
1.44229
 30
0.0
 11
71.3454
 21
0.960175
 31
0.0
  0
LINE
  5
450
  8
0
 10
71.3454
 20
0.960175
 30
0.0
 11
70.9585
 21
0.482758
 31
0.0
  0
LINE
  5
451
  8
0
 10
70.9585
 20
0.482758
 30
0.0
 11
70.5658
 21
0.0101471
 31
0.0
  0
LINE
  5
452
  8
0
 10
70.5658
 20
0.0101471
 30
0.0
 11
70.1672
 21
-0.457626
 31
0.0
  0
LINE
  5
453
  8
0
 10
70.1672
 20
-0.457626
 30
0.0
 11
69.763
 21
-0.920471
 31
0.0
  0
LINE
  5
454
  8
0
 10
69.763
 20
-0.920471
 30
0.0
 11
69.3531
 21
-1.37831
 31
0.0
  0
LINE
  5
455
  8
0
 10
69.3531
 20
-1.37831
 30
0.0
 11
68.9377
 21
-1.83109
 31
0.0
  0
LINE
  5
456
  8
0
 10
68.9377
 20
-1.83109
 30
0.0
 11
68.5167
 21
-2.27873
 31
0.0
  0
LINE
  5
457
  8
0
 10
68.5167
 20
-2.27873
 30
0.0
 11
68.0902
 21
-2.72119
 31
0.0
  0
LINE
  5
458
  8
0
 10
68.0902
 20
-2.72119
 30
0.0
 11
67.6584
 21
-3.15837
 31
0.0
  0
LINE
  5
459
  8
0
 10
67.6584
 20
-3.15837
 30
0.0
 11
67.2212
 21
-3.59021
 31
0.0
  0
LINE
  5
45A
  8
0
 10
67.2212
 20
-3.59021
 30
0.0
 11
66.7787
 21
-4.01666
 31
0.0
  0
LINE
  5
45B
  8
0
 10
66.7787
 20
-4.01666
 30
0.0
 11
66.3311
 21
-4.43765
 31
0.0
  0
LINE
  5
45C
  8
0
 10
66.3311
 20
-4.43765
 30
0.0
 11
65.8783
 21
-4.85312
 31
0.0
  0
LINE
  5
45D
  8
0
 10
65.8783
 20
-4.85312
 30
0.0
 11
65.4205
 21
-5.263
 31
0.0
  0
LINE
  5
45E
  8
0
 10
65.4205
 20
-5.263
 30
0.0
 11
64.9576
 21
-5.66722
 31
0.0
  0
LINE
  5
45F
  8
0
 10
64.9576
 20
-5.66722
 30
0.0
 11
64.4899
 21
-6.06575
 31
0.0
  0
LINE
  5
460
  8
0
 10
64.4899
 20
-6.06575
 30
0.0
 11
64.0172
 21
-6.4585
 31
0.0
  0
LINE
  5
461
  8
0
 10
64.0172
 20
-6.4585
 30
0.0
 11
63.5398
 21
-6.84541
 31
0.0
  0
LINE
  5
462
  8
0
 10
63.5398
 20
-6.84541
 30
0.0
 11
63.0577
 21
-7.22644
 31
0.0
  0
LINE
  5
463
  8
0
 10
63.0577
 20
-7.22644
 30
0.0
 11
62.571
 21
-7.60153
 31
0.0
  0
LINE
  5
464
  8
0
 10
62.571
 20
-7.60153
 30
0.0
 11
62.0796
 21
-7.97061
 31
0.0
  0
LINE
  5
465
  8
0
 10
62.0796
 20
-7.97061
 30
0.0
 11
61.5838
 21
-8.33363
 31
0.0
  0
LINE
  5
466
  8
0
 10
61.5838
 20
-8.33363
 30
0.0
 11
61.0836
 21
-8.69055
 31
0.0
  0
LINE
  5
467
  8
0
 10
61.0836
 20
-8.69055
 30
0.0
 11
60.579
 21
-9.04131
 31
0.0
  0
LINE
  5
468
  8
0
 10
60.579
 20
-9.04131
 30
0.0
 11
60.0702
 21
-9.38583
 31
0.0
  0
LINE
  5
469
  8
0
 10
60.0702
 20
-9.38583
 30
0.0
 11
59.5571
 21
-9.72409
 31
0.0
  0
LINE
  5
46A
  8
0
 10
59.5571
 20
-9.72409
 30
0.0
 11
59.04
 21
-10.056
 31
0.0
  0
LINE
  5
46B
  8
0
 10
59.04
 20
-10.056
 30
0.0
 11
58.5188
 21
-10.3816
 31
0.0
  0
LINE
  5
46C
  8
0
 10
58.5188
 20
-10.3816
 30
0.0
 11
57.9937
 21
-10.7008
 31
0.0
  0
LINE
  5
46D
  8
0
 10
57.9937
 20
-10.7008
 30
0.0
 11
57.4647
 21
-11.0134
 31
0.0
  0
LINE
  5
46E
  8
0
 10
57.4647
 20
-11.0134
 30
0.0
 11
56.9319
 21
-11.3196
 31
0.0
  0
LINE
  5
46F
  8
0
 10
56.9319
 20
-11.3196
 30
0.0
 11
56.3953
 21
-11.6192
 31
0.0
  0
LINE
  5
470
  8
0
 10
56.3953
 20
-11.6192
 30
0.0
 11
55.8552
 21
-11.9122
 31
0.0
  0
LINE
  5
471
  8
0
 10
55.8552
 20
-11.9122
 30
0.0
 11
55.3115
 21
-12.1985
 31
0.0
  0
LINE
  5
472
  8
0
 10
55.3115
 20
-12.1985
 30
0.0
 11
54.7643
 21
-12.4782
 31
0.0
  0
LINE
  5
473
  8
0
 10
54.7643
 20
-12.4782
 30
0.0
 11
54.2137
 21
-12.7511
 31
0.0
  0
LINE
  5
474
  8
0
 10
54.2137
 20
-12.7511
 30
0.0
 11
53.6598
 21
-13.0173
 31
0.0
  0
LINE
  5
475
  8
0
 10
53.6598
 20
-13.0173
 30
0.0
 11
53.1027
 21
-13.2766
 31
0.0
  0
LINE
  5
476
  8
0
 10
53.1027
 20
-13.2766
 30
0.0
 11
52.5424
 21
-13.5291
 31
0.0
  0
LINE
  5
477
  8
0
 10
52.5424
 20
-13.5291
 30
0.0
 11
51.9791
 21
-13.7746
 31
0.0
  0
LINE
  5
478
  8
0
 10
51.9791
 20
-13.7746
 30
0.0
 11
51.4129
 21
-14.0133
 31
0.0
  0
LINE
  5
479
  8
0
 10
51.4129
 20
-14.0133
 30
0.0
 11
50.8437
 21
-14.2449
 31
0.0
  0
LINE
  5
47A
  8
0
 10
50.8437
 20
-14.2449
 30
0.0
 11
50.2717
 21
-14.4696
 31
0.0
  0
LINE
  5
47B
  8
0
 10
50.2717
 20
-14.4696
 30
0.0
 11
49.6971
 21
-14.6872
 31
0.0
  0
LINE
  5
47C
  8
0
 10
49.6971
 20
-14.6872
 30
0.0
 11
49.1198
 21
-14.8978
 31
0.0
  0
LINE
  5
47D
  8
0
 10
49.1198
 20
-14.8978
 30
0.0
 11
48.5399
 21
-15.1013
 31
0.0
  0
LINE
  5
47E
  8
0
 10
48.5399
 20
-15.1013
 30
0.0
 11
47.9576
 21
-15.2976
 31
0.0
  0
LINE
  5
47F
  8
0
 10
47.9576
 20
-15.2976
 30
0.0
 11
47.3729
 21
-15.4868
 31
0.0
  0
LINE
  5
480
  8
0
 10
47.3729
 20
-15.4868
 30
0.0
 11
46.786
 21
-15.6688
 31
0.0
  0
LINE
  5
481
  8
0
 10
46.786
 20
-15.6688
 30
0.0
 11
46.1969
 21
-15.8436
 31
0.0
  0
LINE
  5
482
  8
0
 10
46.1969
 20
-15.8436
 30
0.0
 11
45.6056
 21
-16.0111
 31
0.0
  0
LINE
  5
483
  8
0
 10
45.6056
 20
-16.0111
 30
0.0
 11
45.0124
 21
-16.1713
 31
0.0
  0
LINE
  5
484
  8
0
 10
45.0124
 20
-16.1713
 30
0.0
 11
44.4172
 21
-16.3243
 31
0.0
  0
LINE
  5
485
  8
0
 10
44.4172
 20
-16.3243
 30
0.0
 11
43.8202
 21
-16.47
 31
0.0
  0
LINE
  5
486
  8
0
 10
43.8202
 20
-16.47
 30
0.0
 11
43.2215
 21
-16.6083
 31
0.0
  0
LINE
  5
487
  8
0
 10
43.2215
 20
-16.6083
 30
0.0
 11
42.6211
 21
-16.7392
 31
0.0
  0
LINE
  5
488
  8
0
 10
42.6211
 20
-16.7392
 30
0.0
 11
42.0191
 21
-16.8628
 31
0.0
  0
LINE
  5
489
  8
0
 10
42.0191
 20
-16.8628
 30
0.0
 11
41.4157
 21
-16.979
 31
0.0
  0
LINE
  5
48A
  8
0
 10
41.4157
 20
-16.979
 30
0.0
 11
40.8109
 21
-17.0878
 31
0.0
  0
LINE
  5
48B
  8
0
 10
40.8109
 20
-17.0878
 30
0.0
 11
40.2048
 21
-17.1891
 31
0.0
  0
LINE
  5
48C
  8
0
 10
40.2048
 20
-17.1891
 30
0.0
 11
39.5975
 21
-17.283
 31
0.0
  0
LINE
  5
48D
  8
0
 10
39.5975
 20
-17.283
 30
0.0
 11
38.9891
 21
-17.3694
 31
0.0
  0
LINE
  5
48E
  8
0
 10
38.9891
 20
-17.3694
 30
0.0
 11
38.3797
 21
-17.4484
 31
0.0
  0
LINE
  5
48F
  8
0
 10
38.3797
 20
-17.4484
 30
0.0
 11
37.7694
 21
-17.5199
 31
0.0
  0
LINE
  5
490
  8
0
 10
37.7694
 20
-17.5199
 30
0.0
 11
37.1582
 21
-17.5839
 31
0.0
  0
LINE
  5
491
  8
0
 10
37.1582
 20
-17.5839
 30
0.0
 11
36.5463
 21
-17.6404
 31
0.0
  0
LINE
  5
492
  8
0
 10
36.5463
 20
-17.6404
 30
0.0
 11
35.9337
 21
-17.6893
 31
0.0
  0
LINE
  5
493
  8
0
 10
35.9337
 20
-17.6893
 30
0.0
 11
35.3206
 21
-17.7308
 31
0.0
  0
LINE
  5
494
  8
0
 10
35.3206
 20
-17.7308
 30
0.0
 11
34.7071
 21
-17.7647
 31
0.0
  0
LINE
  5
495
  8
0
 10
34.7071
 20
-17.7647
 30
0.0
 11
34.0931
 21
-17.7911
 31
0.0
  0
LINE
  5
496
  8
0
 10
34.0931
 20
-17.7911
 30
0.0
 11
33.4789
 21
-17.8099
 31
0.0
  0
LINE
  5
497
  8
0
 10
33.4789
 20
-17.8099
 30
0.0
 11
32.8645
 21
-17.8212
 31
0.0
  0
LINE
  5
498
  8
0
 10
32.8645
 20
-17.8212
 30
0.0
 11
32.25
 21
-17.825
 31
0.0
  0
LINE
  5
499
  8
0
 10
32.25
 20
-17.825
 30
0.0
 11
31.6355
 21
-17.8212
 31
0.0
  0
LINE
  5
49A
  8
0
 10
32.8627
 20
-17.6712
 30
0.0
 11
33.4752
 21
-17.66
 31
0.0
  0
LINE
  5
49B
  8
0
 10
33.4752
 20
-17.66
 30
0.0
 11
34.0876
 21
-17.6412
 31
0.0
  0
LINE
  5
49C
  8
0
 10
34.0876
 20
-17.6412
 30
0.0
 11
34.6997
 21
-17.6149
 31
0.0
  0
LINE
  5
49D
  8
0
 10
34.6997
 20
-17.6149
 30
0.0
 11
35.3114
 21
-17.581
 31
0.0
  0
LINE
  5
49E
  8
0
 10
35.3114
 20
-17.581
 30
0.0
 11
35.9227
 21
-17.5397
 31
0.0
  0
LINE
  5
49F
  8
0
 10
35.9227
 20
-17.5397
 30
0.0
 11
36.5334
 21
-17.4909
 31
0.0
  0
LINE
  5
4A0
  8
0
 10
36.5334
 20
-17.4909
 30
0.0
 11
37.1435
 21
-17.4346
 31
0.0
  0
LINE
  5
4A1
  8
0
 10
37.1435
 20
-17.4346
 30
0.0
 11
37.7528
 21
-17.3708
 31
0.0
  0
LINE
  5
4A2
  8
0
 10
37.7528
 20
-17.3708
 30
0.0
 11
38.3613
 21
-17.2995
 31
0.0
  0
LINE
  5
4A3
  8
0
 10
38.3613
 20
-17.2995
 30
0.0
 11
38.9689
 21
-17.2208
 31
0.0
  0
LINE
  5
4A4
  8
0
 10
38.9689
 20
-17.2208
 30
0.0
 11
39.5755
 21
-17.1346
 31
0.0
  0
LINE
  5
4A5
  8
0
 10
39.5755
 20
-17.1346
 30
0.0
 11
40.181
 21
-17.041
 31
0.0
  0
LINE
  5
4A6
  8
0
 10
40.181
 20
-17.041
 30
0.0
 11
40.7853
 21
-16.94
 31
0.0
  0
LINE
  5
4A7
  8
0
 10
40.7853
 20
-16.94
 30
0.0
 11
41.3883
 21
-16.8315
 31
0.0
  0
LINE
  5
4A8
  8
0
 10
41.3883
 20
-16.8315
 30
0.0
 11
41.9899
 21
-16.7157
 31
0.0
  0
LINE
  5
4A9
  8
0
 10
41.9899
 20
-16.7157
 30
0.0
 11
42.59
 21
-16.5925
 31
0.0
  0
LINE
  5
4AA
  8
0
 10
42.59
 20
-16.5925
 30
0.0
 11
43.1886
 21
-16.4619
 31
0.0
  0
LINE
  5
4AB
  8
0
 10
43.1886
 20
-16.4619
 30
0.0
 11
43.7856
 21
-16.324
 31
0.0
  0
LINE
  5
4AC
  8
0
 10
43.7856
 20
-16.324
 30
0.0
 11
44.3808
 21
-16.1788
 31
0.0
  0
LINE
  5
4AD
  8
0
 10
44.3808
 20
-16.1788
 30
0.0
 11
44.9742
 21
-16.0263
 31
0.0
  0
LINE
  5
4AE
  8
0
 10
44.9742
 20
-16.0263
 30
0.0
 11
45.5656
 21
-15.8665
 31
0.0
  0
LINE
  5
4AF
  8
0
 10
45.5656
 20
-15.8665
 30
0.0
 11
46.1551
 21
-15.6995
 31
0.0
  0
LINE
  5
4B0
  8
0
 10
46.1551
 20
-15.6995
 30
0.0
 11
46.7425
 21
-15.5252
 31
0.0
  0
LINE
  5
4B1
  8
0
 10
46.7425
 20
-15.5252
 30
0.0
 11
47.3276
 21
-15.3438
 31
0.0
  0
LINE
  5
4B2
  8
0
 10
47.3276
 20
-15.3438
 30
0.0
 11
47.9106
 21
-15.1552
 31
0.0
  0
LINE
  5
4B3
  8
0
 10
47.9106
 20
-15.1552
 30
0.0
 11
48.4911
 21
-14.9594
 31
0.0
  0
LINE
  5
4B4
  8
0
 10
48.4911
 20
-14.9594
 30
0.0
 11
49.0692
 21
-14.7566
 31
0.0
  0
LINE
  5
4B5
  8
0
 10
49.0692
 20
-14.7566
 30
0.0
 11
49.6448
 21
-14.5466
 31
0.0
  0
LINE
  5
4B6
  8
0
 10
49.6448
 20
-14.5466
 30
0.0
 11
50.2178
 21
-14.3297
 31
0.0
  0
LINE
  5
4B7
  8
0
 10
50.2178
 20
-14.3297
 30
0.0
 11
50.788
 21
-14.1057
 31
0.0
  0
LINE
  5
4B8
  8
0
 10
50.788
 20
-14.1057
 30
0.0
 11
51.3555
 21
-13.8747
 31
0.0
  0
LINE
  5
4B9
  8
0
 10
51.3555
 20
-13.8747
 30
0.0
 11
51.92
 21
-13.6367
 31
0.0
  0
LINE
  5
4BA
  8
0
 10
51.92
 20
-13.6367
 30
0.0
 11
52.4817
 21
-13.3919
 31
0.0
  0
LINE
  5
4BB
  8
0
 10
52.4817
 20
-13.3919
 30
0.0
 11
53.0402
 21
-13.1402
 31
0.0
  0
LINE
  5
4BC
  8
0
 10
53.0402
 20
-13.1402
 30
0.0
 11
53.5957
 21
-12.8817
 31
0.0
  0
LINE
  5
4BD
  8
0
 10
53.5957
 20
-12.8817
 30
0.0
 11
54.1479
 21
-12.6163
 31
0.0
  0
LINE
  5
4BE
  8
0
 10
54.1479
 20
-12.6163
 30
0.0
 11
54.6968
 21
-12.3442
 31
0.0
  0
LINE
  5
4BF
  8
0
 10
54.6968
 20
-12.3442
 30
0.0
 11
55.2424
 21
-12.0654
 31
0.0
  0
LINE
  5
4C0
  8
0
 10
55.2424
 20
-12.0654
 30
0.0
 11
55.7845
 21
-11.7799
 31
0.0
  0
LINE
  5
4C1
  8
0
 10
55.7845
 20
-11.7799
 30
0.0
 11
56.323
 21
-11.4878
 31
0.0
  0
LINE
  5
4C2
  8
0
 10
56.323
 20
-11.4878
 30
0.0
 11
56.8579
 21
-11.1891
 31
0.0
  0
LINE
  5
4C3
  8
0
 10
56.8579
 20
-11.1891
 30
0.0
 11
57.3891
 21
-10.8838
 31
0.0
  0
LINE
  5
4C4
  8
0
 10
57.3891
 20
-10.8838
 30
0.0
 11
57.9166
 21
-10.5721
 31
0.0
  0
LINE
  5
4C5
  8
0
 10
57.9166
 20
-10.5721
 30
0.0
 11
58.4401
 21
-10.2539
 31
0.0
  0
LINE
  5
4C6
  8
0
 10
58.4401
 20
-10.2539
 30
0.0
 11
58.9597
 21
-9.92931
 31
0.0
  0
LINE
  5
4C7
  8
0
 10
58.9597
 20
-9.92931
 30
0.0
 11
59.4753
 21
-9.59836
 31
0.0
  0
LINE
  5
4C8
  8
0
 10
59.4753
 20
-9.59836
 30
0.0
 11
59.9868
 21
-9.26111
 31
0.0
  0
LINE
  5
4C9
  8
0
 10
59.9868
 20
-9.26111
 30
0.0
 11
60.4942
 21
-8.91762
 31
0.0
  0
LINE
  5
4CA
  8
0
 10
60.4942
 20
-8.91762
 30
0.0
 11
60.9972
 21
-8.56792
 31
0.0
  0
LINE
  5
4CB
  8
0
 10
60.9972
 20
-8.56792
 30
0.0
 11
61.496
 21
-8.21207
 31
0.0
  0
LINE
  5
4CC
  8
0
 10
61.496
 20
-8.21207
 30
0.0
 11
61.9903
 21
-7.85013
 31
0.0
  0
LINE
  5
4CD
  8
0
 10
61.9903
 20
-7.85013
 30
0.0
 11
62.4801
 21
-7.48215
 31
0.0
  0
LINE
  5
4CE
  8
0
 10
62.4801
 20
-7.48215
 30
0.0
 11
62.9654
 21
-7.10818
 31
0.0
  0
LINE
  5
4CF
  8
0
 10
62.9654
 20
-7.10818
 30
0.0
 11
63.4461
 21
-6.7283
 31
0.0
  0
LINE
  5
4D0
  8
0
 10
63.4461
 20
-6.7283
 30
0.0
 11
63.9221
 21
-6.34254
 31
0.0
  0
LINE
  5
4D1
  8
0
 10
63.9221
 20
-6.34254
 30
0.0
 11
64.3933
 21
-5.95097
 31
0.0
  0
LINE
  5
4D2
  8
0
 10
64.3933
 20
-5.95097
 30
0.0
 11
64.8596
 21
-5.55365
 31
0.0
  0
LINE
  5
4D3
  8
0
 10
64.8596
 20
-5.55365
 30
0.0
 11
65.3211
 21
-5.15063
 31
0.0
  0
LINE
  5
4D4
  8
0
 10
65.3211
 20
-5.15063
 30
0.0
 11
65.7776
 21
-4.74197
 31
0.0
  0
LINE
  5
4D5
  8
0
 10
65.7776
 20
-4.74197
 30
0.0
 11
66.229
 21
-4.32776
 31
0.0
  0
LINE
  5
4D6
  8
0
 10
66.229
 20
-4.32776
 30
0.0
 11
66.6753
 21
-3.90804
 31
0.0
  0
LINE
  5
4D7
  8
0
 10
66.6753
 20
-3.90804
 30
0.0
 11
67.1164
 21
-3.48285
 31
0.0
  0
LINE
  5
4D8
  8
0
 10
67.1164
 20
-3.48285
 30
0.0
 11
67.5523
 21
-3.05231
 31
0.0
  0
LINE
  5
4D9
  8
0
 10
67.5523
 20
-3.05231
 30
0.0
 11
67.9828
 21
-2.61642
 31
0.0
  0
LINE
  5
4DA
  8
0
 10
67.9828
 20
-2.61642
 30
0.0
 11
68.408
 21
-2.17531
 31
0.0
  0
LINE
  5
4DB
  8
0
 10
68.408
 20
-2.17531
 30
0.0
 11
68.8278
 21
-1.729
 31
0.0
  0
LINE
  5
4DC
  8
0
 10
68.8278
 20
-1.729
 30
0.0
 11
69.242
 21
-1.27757
 31
0.0
  0
LINE
  5
4DD
  8
0
 10
69.242
 20
-1.27757
 30
0.0
 11
69.6506
 21
-0.821106
 31
0.0
  0
LINE
  5
4DE
  8
0
 10
69.6506
 20
-0.821106
 30
0.0
 11
70.0536
 21
-0.35965
 31
0.0
  0
LINE
  5
4DF
  8
0
 10
70.0536
 20
-0.35965
 30
0.0
 11
70.451
 21
0.10672
 31
0.0
  0
LINE
  5
4E0
  8
0
 10
70.451
 20
0.10672
 30
0.0
 11
70.8425
 21
0.577927
 31
0.0
  0
LINE
  5
4E1
  8
0
 10
70.8425
 20
0.577927
 30
0.0
 11
71.2283
 21
1.05389
 31
0.0
  0
LINE
  5
4E2
  8
0
 10
71.2283
 20
1.05389
 30
0.0
 11
71.6082
 21
1.53458
 31
0.0
  0
LINE
  5
4E3
  8
0
 10
71.6082
 20
1.53458
 30
0.0
 11
71.9821
 21
2.01987
 31
0.0
  0
LINE
  5
4E4
  8
0
 10
71.9821
 20
2.01987
 30
0.0
 11
72.3501
 21
2.50972
 31
0.0
  0
LINE
  5
4E5
  8
0
 10
72.3501
 20
2.50972
 30
0.0
 11
72.7121
 21
3.00404
 31
0.0
  0
LINE
  5
4E6
  8
0
 10
72.7121
 20
3.00404
 30
0.0
 11
73.0679
 21
3.50278
 31
0.0
  0
LINE
  5
4E7
  8
0
 10
73.0679
 20
3.50278
 30
0.0
 11
73.4176
 21
4.00584
 31
0.0
  0
LINE
  5
4E8
  8
0
 10
73.4176
 20
4.00584
 30
0.0
 11
73.7611
 21
4.51317
 31
0.0
  0
LINE
  5
4E9
  8
0
 10
73.7611
 20
4.51317
 30
0.0
 11
74.0984
 21
5.02466
 31
0.0
  0
LINE
  5
4EA
  8
0
 10
74.0984
 20
5.02466
 30
0.0
 11
74.4293
 21
5.54025
 31
0.0
  0
LINE
  5
4EB
  8
0
 10
74.4293
 20
5.54025
 30
0.0
 11
74.7539
 21
6.05986
 31
0.0
  0
LINE
  5
4EC
  8
0
 10
74.7539
 20
6.05986
 30
0.0
 11
75.0721
 21
6.58342
 31
0.0
  0
LINE
  5
4ED
  8
0
 10
75.0721
 20
6.58342
 30
0.0
 11
75.3838
 21
7.11086
 31
0.0
  0
LINE
  5
4EE
  8
0
 10
75.3838
 20
7.11086
 30
0.0
 11
75.6891
 21
7.64206
 31
0.0
  0
LINE
  5
4EF
  8
0
 10
75.6891
 20
7.64206
 30
0.0
 11
75.9878
 21
8.17699
 31
0.0
  0
LINE
  5
4F0
  8
0
 10
75.9878
 20
8.17699
 30
0.0
 11
76.2799
 21
8.71553
 31
0.0
  0
LINE
  5
4F1
  8
0
 10
76.2799
 20
8.71553
 30
0.0
 11
76.5654
 21
9.25761
 31
0.0
  0
LINE
  5
4F2
  8
0
 10
76.5654
 20
9.25761
 30
0.0
 11
76.8442
 21
9.80316
 31
0.0
  0
LINE
  5
4F3
  8
0
 10
76.8442
 20
9.80316
 30
0.0
 11
77.1163
 21
10.3521
 31
0.0
  0
LINE
  5
4F4
  8
0
 10
77.1163
 20
10.3521
 30
0.0
 11
77.3817
 21
10.9043
 31
0.0
  0
LINE
  5
4F5
  8
0
 10
77.3817
 20
10.9043
 30
0.0
 11
77.6402
 21
11.4598
 31
0.0
  0
LINE
  5
4F6
  8
0
 10
77.6402
 20
11.4598
 30
0.0
 11
77.8919
 21
12.0183
 31
0.0
  0
LINE
  5
4F7
  8
0
 10
77.8919
 20
12.0183
 30
0.0
 11
78.1367
 21
12.58
 31
0.0
  0
LINE
  5
4F8
  8
0
 10
78.1367
 20
12.58
 30
0.0
 11
78.3747
 21
13.1445
 31
0.0
  0
LINE
  5
4F9
  8
0
 10
78.3747
 20
13.1445
 30
0.0
 11
78.6057
 21
13.712
 31
0.0
  0
LINE
  5
4FA
  8
0
 10
78.6057
 20
13.712
 30
0.0
 11
78.8297
 21
14.2822
 31
0.0
  0
LINE
  5
4FB
  8
0
 10
78.8297
 20
14.2822
 30
0.0
 11
79.0466
 21
14.8552
 31
0.0
  0
LINE
  5
4FC
  8
0
 10
79.0466
 20
14.8552
 30
0.0
 11
79.2566
 21
15.4308
 31
0.0
  0
LINE
  5
4FD
  8
0
 10
79.2566
 20
15.4308
 30
0.0
 11
79.4594
 21
16.0089
 31
0.0
  0
LINE
  5
4FE
  8
0
 10
79.4594
 20
16.0089
 30
0.0
 11
79.6552
 21
16.5894
 31
0.0
  0
LINE
  5
4FF
  8
0
 10
79.6552
 20
16.5894
 30
0.0
 11
79.8438
 21
17.1724
 31
0.0
  0
LINE
  5
500
  8
0
 10
79.8438
 20
17.1724
 30
0.0
 11
80.0252
 21
17.7575
 31
0.0
  0
LINE
  5
501
  8
0
 10
80.0252
 20
17.7575
 30
0.0
 11
80.1995
 21
18.3449
 31
0.0
  0
LINE
  5
502
  8
0
 10
80.1995
 20
18.3449
 30
0.0
 11
80.3665
 21
18.9344
 31
0.0
  0
LINE
  5
503
  8
0
 10
80.3665
 20
18.9344
 30
0.0
 11
80.5263
 21
19.5258
 31
0.0
  0
LINE
  5
504
  8
0
 10
80.5263
 20
19.5258
 30
0.0
 11
80.6788
 21
20.1192
 31
0.0
  0
LINE
  5
505
  8
0
 10
80.6788
 20
20.1192
 30
0.0
 11
80.824
 21
20.7144
 31
0.0
  0
LINE
  5
506
  8
0
 10
80.824
 20
20.7144
 30
0.0
 11
80.9619
 21
21.3114
 31
0.0
  0
LINE
  5
507
  8
0
 10
80.9619
 20
21.3114
 30
0.0
 11
81.0925
 21
21.91
 31
0.0
  0
LINE
  5
508
  8
0
 10
81.0925
 20
21.91
 30
0.0
 11
81.2157
 21
22.5101
 31
0.0
  0
LINE
  5
509
  8
0
 10
81.2157
 20
22.5101
 30
0.0
 11
81.3315
 21
23.1117
 31
0.0
  0
LINE
  5
50A
  8
0
 10
81.3315
 20
23.1117
 30
0.0
 11
81.44
 21
23.7147
 31
0.0
  0
LINE
  5
50B
  8
0
 10
81.44
 20
23.7147
 30
0.0
 11
81.541
 21
24.319
 31
0.0
  0
LINE
  5
50C
  8
0
 10
81.541
 20
24.319
 30
0.0
 11
81.6346
 21
24.9245
 31
0.0
  0
LINE
  5
50D
  8
0
 10
81.6346
 20
24.9245
 30
0.0
 11
81.7208
 21
25.5311
 31
0.0
  0
LINE
  5
50E
  8
0
 10
81.7208
 20
25.5311
 30
0.0
 11
81.7995
 21
26.1387
 31
0.0
  0
LINE
  5
50F
  8
0
 10
81.7995
 20
26.1387
 30
0.0
 11
81.8708
 21
26.7472
 31
0.0
  0
LINE
  5
510
  8
0
 10
81.8708
 20
26.7472
 30
0.0
 11
81.9346
 21
27.3565
 31
0.0
  0
LINE
  5
511
  8
0
 10
81.9346
 20
27.3565
 30
0.0
 11
81.9909
 21
27.9666
 31
0.0
  0
LINE
  5
512
  8
0
 10
81.9909
 20
27.9666
 30
0.0
 11
82.0397
 21
28.5773
 31
0.0
  0
LINE
  5
513
  8
0
 10
82.0397
 20
28.5773
 30
0.0
 11
82.081
 21
29.1886
 31
0.0
  0
LINE
  5
514
  8
0
 10
82.081
 20
29.1886
 30
0.0
 11
82.1149
 21
29.8003
 31
0.0
  0
LINE
  5
515
  8
0
 10
82.1149
 20
29.8003
 30
0.0
 11
82.1412
 21
30.4124
 31
0.0
  0
LINE
  5
516
  8
0
 10
82.1412
 20
30.4124
 30
0.0
 11
82.16
 21
31.0248
 31
0.0
  0
LINE
  5
517
  8
0
 10
82.16
 20
31.0248
 30
0.0
 11
82.1712
 21
31.6373
 31
0.0
  0
LINE
  5
518
  8
0
 10
82.1712
 20
31.6373
 30
0.0
 11
82.175
 21
32.25
 31
0.0
  0
LINE
  5
519
  8
0
 10
82.175
 20
32.25
 30
0.0
 11
82.1712
 21
32.8627
 31
0.0
  0
LINE
  5
51A
  8
0
 10
82.1712
 20
32.8627
 30
0.0
 11
82.16
 21
33.4752
 31
0.0
  0
LINE
  5
51B
  8
0
 10
82.16
 20
33.4752
 30
0.0
 11
82.1412
 21
34.0876
 31
0.0
  0
LINE
  5
51C
  8
0
 10
82.1412
 20
34.0876
 30
0.0
 11
82.1149
 21
34.6997
 31
0.0
  0
LINE
  5
51D
  8
0
 10
82.1149
 20
34.6997
 30
0.0
 11
82.081
 21
35.3114
 31
0.0
  0
LINE
  5
51E
  8
0
 10
82.081
 20
35.3114
 30
0.0
 11
82.0397
 21
35.9227
 31
0.0
  0
LINE
  5
51F
  8
0
 10
82.0397
 20
35.9227
 30
0.0
 11
81.9909
 21
36.5334
 31
0.0
  0
LINE
  5
520
  8
0
 10
81.9909
 20
36.5334
 30
0.0
 11
81.9346
 21
37.1435
 31
0.0
  0
LINE
  5
521
  8
0
 10
81.9346
 20
37.1435
 30
0.0
 11
81.8708
 21
37.7528
 31
0.0
  0
LINE
  5
522
  8
0
 10
81.8708
 20
37.7528
 30
0.0
 11
81.7995
 21
38.3613
 31
0.0
  0
LINE
  5
523
  8
0
 10
81.7995
 20
38.3613
 30
0.0
 11
81.7208
 21
38.9689
 31
0.0
  0
LINE
  5
524
  8
0
 10
81.7208
 20
38.9689
 30
0.0
 11
81.6346
 21
39.5755
 31
0.0
  0
LINE
  5
525
  8
0
 10
81.6346
 20
39.5755
 30
0.0
 11
81.541
 21
40.181
 31
0.0
  0
LINE
  5
526
  8
0
 10
81.541
 20
40.181
 30
0.0
 11
81.44
 21
40.7853
 31
0.0
  0
LINE
  5
527
  8
0
 10
81.44
 20
40.7853
 30
0.0
 11
81.3315
 21
41.3883
 31
0.0
  0
LINE
  5
528
  8
0
 10
81.3315
 20
41.3883
 30
0.0
 11
81.2157
 21
41.9899
 31
0.0
  0
LINE
  5
529
  8
0
 10
81.2157
 20
41.9899
 30
0.0
 11
81.0925
 21
42.59
 31
0.0
  0
LINE
  5
52A
  8
0
 10
81.0925
 20
42.59
 30
0.0
 11
80.9619
 21
43.1886
 31
0.0
  0
LINE
  5
52B
  8
0
 10
80.9619
 20
43.1886
 30
0.0
 11
80.824
 21
43.7856
 31
0.0
  0
LINE
  5
52C
  8
0
 10
80.824
 20
43.7856
 30
0.0
 11
80.6788
 21
44.3808
 31
0.0
  0
LINE
  5
52D
  8
0
 10
80.6788
 20
44.3808
 30
0.0
 11
80.5263
 21
44.9742
 31
0.0
  0
LINE
  5
52E
  8
0
 10
80.5263
 20
44.9742
 30
0.0
 11
80.3665
 21
45.5656
 31
0.0
  0
LINE
  5
52F
  8
0
 10
80.3665
 20
45.5656
 30
0.0
 11
80.1995
 21
46.1551
 31
0.0
  0
LINE
  5
530
  8
0
 10
80.1995
 20
46.1551
 30
0.0
 11
80.0252
 21
46.7425
 31
0.0
  0
LINE
  5
531
  8
0
 10
80.0252
 20
46.7425
 30
0.0
 11
79.8438
 21
47.3276
 31
0.0
  0
LINE
  5
532
  8
0
 10
79.8438
 20
47.3276
 30
0.0
 11
79.6552
 21
47.9106
 31
0.0
  0
LINE
  5
533
  8
0
 10
79.6552
 20
47.9106
 30
0.0
 11
79.4594
 21
48.4911
 31
0.0
  0
LINE
  5
534
  8
0
 10
79.4594
 20
48.4911
 30
0.0
 11
79.2566
 21
49.0692
 31
0.0
  0
LINE
  5
535
  8
0
 10
79.2566
 20
49.0692
 30
0.0
 11
79.0466
 21
49.6448
 31
0.0
  0
LINE
  5
536
  8
0
 10
79.0466
 20
49.6448
 30
0.0
 11
78.8297
 21
50.2178
 31
0.0
  0
LINE
  5
537
  8
0
 10
78.8297
 20
50.2178
 30
0.0
 11
78.6057
 21
50.788
 31
0.0
  0
LINE
  5
538
  8
0
 10
78.6057
 20
50.788
 30
0.0
 11
78.3747
 21
51.3555
 31
0.0
  0
LINE
  5
539
  8
0
 10
78.3747
 20
51.3555
 30
0.0
 11
78.1367
 21
51.92
 31
0.0
  0
LINE
  5
53A
  8
0
 10
78.1367
 20
51.92
 30
0.0
 11
77.8919
 21
52.4817
 31
0.0
  0
LINE
  5
53B
  8
0
 10
77.8919
 20
52.4817
 30
0.0
 11
77.6402
 21
53.0402
 31
0.0
  0
LINE
  5
53C
  8
0
 10
77.6402
 20
53.0402
 30
0.0
 11
77.3817
 21
53.5957
 31
0.0
  0
LINE
  5
53D
  8
0
 10
77.3817
 20
53.5957
 30
0.0
 11
77.1163
 21
54.1479
 31
0.0
  0
LINE
  5
53E
  8
0
 10
77.1163
 20
54.1479
 30
0.0
 11
76.8442
 21
54.6968
 31
0.0
  0
LINE
  5
53F
  8
0
 10
76.8442
 20
54.6968
 30
0.0
 11
76.5654
 21
55.2424
 31
0.0
  0
LINE
  5
540
  8
0
 10
76.5654
 20
55.2424
 30
0.0
 11
76.2799
 21
55.7845
 31
0.0
  0
LINE
  5
541
  8
0
 10
76.2799
 20
55.7845
 30
0.0
 11
75.9878
 21
56.323
 31
0.0
  0
LINE
  5
542
  8
0
 10
75.9878
 20
56.323
 30
0.0
 11
75.6891
 21
56.8579
 31
0.0
  0
LINE
  5
543
  8
0
 10
75.6891
 20
56.8579
 30
0.0
 11
75.3838
 21
57.3891
 31
0.0
  0
LINE
  5
544
  8
0
 10
75.3838
 20
57.3891
 30
0.0
 11
75.0721
 21
57.9166
 31
0.0
  0
LINE
  5
545
  8
0
 10
75.0721
 20
57.9166
 30
0.0
 11
74.7539
 21
58.4401
 31
0.0
  0
LINE
  5
546
  8
0
 10
74.7539
 20
58.4401
 30
0.0
 11
74.4293
 21
58.9597
 31
0.0
  0
LINE
  5
547
  8
0
 10
74.4293
 20
58.9597
 30
0.0
 11
74.0984
 21
59.4753
 31
0.0
  0
LINE
  5
548
  8
0
 10
74.0984
 20
59.4753
 30
0.0
 11
73.7611
 21
59.9868
 31
0.0
  0
LINE
  5
549
  8
0
 10
73.7611
 20
59.9868
 30
0.0
 11
73.4176
 21
60.4942
 31
0.0
  0
LINE
  5
54A
  8
0
 10
73.4176
 20
60.4942
 30
0.0
 11
73.0679
 21
60.9972
 31
0.0
  0
LINE
  5
54B
  8
0
 10
73.0679
 20
60.9972
 30
0.0
 11
72.7121
 21
61.496
 31
0.0
  0
LINE
  5
54C
  8
0
 10
72.7121
 20
61.496
 30
0.0
 11
72.3501
 21
61.9903
 31
0.0
  0
LINE
  5
54D
  8
0
 10
72.3501
 20
61.9903
 30
0.0
 11
71.9821
 21
62.4801
 31
0.0
  0
LINE
  5
54E
  8
0
 10
71.9821
 20
62.4801
 30
0.0
 11
71.6082
 21
62.9654
 31
0.0
  0
LINE
  5
54F
  8
0
 10
71.6082
 20
62.9654
 30
0.0
 11
71.2283
 21
63.4461
 31
0.0
  0
LINE
  5
550
  8
0
 10
71.2283
 20
63.4461
 30
0.0
 11
70.8425
 21
63.9221
 31
0.0
  0
LINE
  5
551
  8
0
 10
70.8425
 20
63.9221
 30
0.0
 11
70.451
 21
64.3933
 31
0.0
  0
LINE
  5
552
  8
0
 10
70.451
 20
64.3933
 30
0.0
 11
70.0536
 21
64.8596
 31
0.0
  0
LINE
  5
553
  8
0
 10
70.0536
 20
64.8596
 30
0.0
 11
69.6506
 21
65.3211
 31
0.0
  0
LINE
  5
554
  8
0
 10
69.6506
 20
65.3211
 30
0.0
 11
69.242
 21
65.7776
 31
0.0
  0
LINE
  5
555
  8
0
 10
69.242
 20
65.7776
 30
0.0
 11
68.8278
 21
66.229
 31
0.0
  0
LINE
  5
556
  8
0
 10
68.8278
 20
66.229
 30
0.0
 11
68.408
 21
66.6753
 31
0.0
  0
LINE
  5
557
  8
0
 10
68.408
 20
66.6753
 30
0.0
 11
67.9828
 21
67.1164
 31
0.0
  0
LINE
  5
558
  8
0
 10
67.9828
 20
67.1164
 30
0.0
 11
67.5523
 21
67.5523
 31
0.0
  0
LINE
  5
559
  8
0
 10
67.5523
 20
67.5523
 30
0.0
 11
67.1164
 21
67.9828
 31
0.0
  0
LINE
  5
55A
  8
0
 10
67.1164
 20
67.9828
 30
0.0
 11
66.6753
 21
68.408
 31
0.0
  0
LINE
  5
55B
  8
0
 10
66.6753
 20
68.408
 30
0.0
 11
66.229
 21
68.8278
 31
0.0
  0
LINE
  5
55C
  8
0
 10
66.229
 20
68.8278
 30
0.0
 11
65.7776
 21
69.242
 31
0.0
  0
LINE
  5
55D
  8
0
 10
65.7776
 20
69.242
 30
0.0
 11
65.3211
 21
69.6506
 31
0.0
  0
LINE
  5
55E
  8
0
 10
65.3211
 20
69.6506
 30
0.0
 11
64.8596
 21
70.0536
 31
0.0
  0
LINE
  5
55F
  8
0
 10
64.8596
 20
70.0536
 30
0.0
 11
64.3933
 21
70.451
 31
0.0
  0
LINE
  5
560
  8
0
 10
64.3933
 20
70.451
 30
0.0
 11
63.9221
 21
70.8425
 31
0.0
  0
LINE
  5
561
  8
0
 10
63.9221
 20
70.8425
 30
0.0
 11
63.4461
 21
71.2283
 31
0.0
  0
LINE
  5
562
  8
0
 10
63.4461
 20
71.2283
 30
0.0
 11
62.9654
 21
71.6082
 31
0.0
  0
LINE
  5
563
  8
0
 10
62.9654
 20
71.6082
 30
0.0
 11
62.4801
 21
71.9821
 31
0.0
  0
LINE
  5
564
  8
0
 10
62.4801
 20
71.9821
 30
0.0
 11
61.9903
 21
72.3501
 31
0.0
  0
LINE
  5
565
  8
0
 10
61.9903
 20
72.3501
 30
0.0
 11
61.496
 21
72.7121
 31
0.0
  0
LINE
  5
566
  8
0
 10
61.496
 20
72.7121
 30
0.0
 11
60.9972
 21
73.0679
 31
0.0
  0
LINE
  5
567
  8
0
 10
60.9972
 20
73.0679
 30
0.0
 11
60.4942
 21
73.4176
 31
0.0
  0
LINE
  5
568
  8
0
 10
60.4942
 20
73.4176
 30
0.0
 11
59.9868
 21
73.7611
 31
0.0
  0
LINE
  5
569
  8
0
 10
59.9868
 20
73.7611
 30
0.0
 11
59.4753
 21
74.0984
 31
0.0
  0
LINE
  5
56A
  8
0
 10
59.4753
 20
74.0984
 30
0.0
 11
58.9597
 21
74.4293
 31
0.0
  0
LINE
  5
56B
  8
0
 10
58.9597
 20
74.4293
 30
0.0
 11
58.4401
 21
74.7539
 31
0.0
  0
LINE
  5
56C
  8
0
 10
58.4401
 20
74.7539
 30
0.0
 11
57.9166
 21
75.0721
 31
0.0
  0
LINE
  5
56D
  8
0
 10
57.9166
 20
75.0721
 30
0.0
 11
57.3891
 21
75.3838
 31
0.0
  0
LINE
  5
56E
  8
0
 10
57.3891
 20
75.3838
 30
0.0
 11
56.8579
 21
75.6891
 31
0.0
  0
LINE
  5
56F
  8
0
 10
56.8579
 20
75.6891
 30
0.0
 11
56.323
 21
75.9878
 31
0.0
  0
LINE
  5
570
  8
0
 10
56.323
 20
75.9878
 30
0.0
 11
55.7845
 21
76.2799
 31
0.0
  0
LINE
  5
571
  8
0
 10
55.7845
 20
76.2799
 30
0.0
 11
55.2424
 21
76.5654
 31
0.0
  0
LINE
  5
572
  8
0
 10
55.2424
 20
76.5654
 30
0.0
 11
54.6968
 21
76.8442
 31
0.0
  0
LINE
  5
573
  8
0
 10
54.6968
 20
76.8442
 30
0.0
 11
54.1479
 21
77.1163
 31
0.0
  0
LINE
  5
574
  8
0
 10
54.1479
 20
77.1163
 30
0.0
 11
53.5957
 21
77.3817
 31
0.0
  0
LINE
  5
575
  8
0
 10
53.5957
 20
77.3817
 30
0.0
 11
53.0402
 21
77.6402
 31
0.0
  0
LINE
  5
576
  8
0
 10
53.0402
 20
77.6402
 30
0.0
 11
52.4817
 21
77.8919
 31
0.0
  0
LINE
  5
577
  8
0
 10
52.4817
 20
77.8919
 30
0.0
 11
51.92
 21
78.1367
 31
0.0
  0
LINE
  5
578
  8
0
 10
51.92
 20
78.1367
 30
0.0
 11
51.3555
 21
78.3747
 31
0.0
  0
LINE
  5
579
  8
0
 10
51.3555
 20
78.3747
 30
0.0
 11
50.788
 21
78.6057
 31
0.0
  0
LINE
  5
57A
  8
0
 10
50.788
 20
78.6057
 30
0.0
 11
50.2178
 21
78.8297
 31
0.0
  0
LINE
  5
57B
  8
0
 10
50.2178
 20
78.8297
 30
0.0
 11
49.6448
 21
79.0466
 31
0.0
  0
LINE
  5
57C
  8
0
 10
49.6448
 20
79.0466
 30
0.0
 11
49.0692
 21
79.2566
 31
0.0
  0
LINE
  5
57D
  8
0
 10
49.0692
 20
79.2566
 30
0.0
 11
48.4911
 21
79.4594
 31
0.0
  0
LINE
  5
57E
  8
0
 10
48.4911
 20
79.4594
 30
0.0
 11
47.9106
 21
79.6552
 31
0.0
  0
LINE
  5
57F
  8
0
 10
47.9106
 20
79.6552
 30
0.0
 11
47.3276
 21
79.8438
 31
0.0
  0
LINE
  5
580
  8
0
 10
47.3276
 20
79.8438
 30
0.0
 11
46.7425
 21
80.0252
 31
0.0
  0
LINE
  5
581
  8
0
 10
46.7425
 20
80.0252
 30
0.0
 11
46.1551
 21
80.1995
 31
0.0
  0
LINE
  5
582
  8
0
 10
46.1551
 20
80.1995
 30
0.0
 11
45.5656
 21
80.3665
 31
0.0
  0
LINE
  5
583
  8
0
 10
45.5656
 20
80.3665
 30
0.0
 11
44.9742
 21
80.5263
 31
0.0
  0
LINE
  5
584
  8
0
 10
44.9742
 20
80.5263
 30
0.0
 11
44.3808
 21
80.6788
 31
0.0
  0
LINE
  5
585
  8
0
 10
44.3808
 20
80.6788
 30
0.0
 11
43.7856
 21
80.824
 31
0.0
  0
LINE
  5
586
  8
0
 10
43.7856
 20
80.824
 30
0.0
 11
43.1886
 21
80.9619
 31
0.0
  0
LINE
  5
587
  8
0
 10
43.1886
 20
80.9619
 30
0.0
 11
42.59
 21
81.0925
 31
0.0
  0
LINE
  5
588
  8
0
 10
42.59
 20
81.0925
 30
0.0
 11
41.9899
 21
81.2157
 31
0.0
  0
LINE
  5
589
  8
0
 10
41.9899
 20
81.2157
 30
0.0
 11
41.3883
 21
81.3315
 31
0.0
  0
LINE
  5
58A
  8
0
 10
41.3883
 20
81.3315
 30
0.0
 11
40.7853
 21
81.44
 31
0.0
  0
LINE
  5
58B
  8
0
 10
40.7853
 20
81.44
 30
0.0
 11
40.181
 21
81.541
 31
0.0
  0
LINE
  5
58C
  8
0
 10
40.181
 20
81.541
 30
0.0
 11
39.5755
 21
81.6346
 31
0.0
  0
LINE
  5
58D
  8
0
 10
39.5755
 20
81.6346
 30
0.0
 11
38.9689
 21
81.7208
 31
0.0
  0
LINE
  5
58E
  8
0
 10
38.9689
 20
81.7208
 30
0.0
 11
38.3613
 21
81.7995
 31
0.0
  0
LINE
  5
58F
  8
0
 10
38.3613
 20
81.7995
 30
0.0
 11
37.7528
 21
81.8708
 31
0.0
  0
LINE
  5
590
  8
0
 10
37.7528
 20
81.8708
 30
0.0
 11
37.1435
 21
81.9346
 31
0.0
  0
LINE
  5
591
  8
0
 10
37.1435
 20
81.9346
 30
0.0
 11
36.5334
 21
81.9909
 31
0.0
  0
LINE
  5
592
  8
0
 10
36.5334
 20
81.9909
 30
0.0
 11
35.9227
 21
82.0397
 31
0.0
  0
LINE
  5
593
  8
0
 10
35.9227
 20
82.0397
 30
0.0
 11
35.3114
 21
82.081
 31
0.0
  0
LINE
  5
594
  8
0
 10
35.3114
 20
82.081
 30
0.0
 11
34.6997
 21
82.1149
 31
0.0
  0
LINE
  5
595
  8
0
 10
34.6997
 20
82.1149
 30
0.0
 11
34.0876
 21
82.1412
 31
0.0
  0
LINE
  5
596
  8
0
 10
34.0876
 20
82.1412
 30
0.0
 11
33.4752
 21
82.16
 31
0.0
  0
LINE
  5
597
  8
0
 10
33.4752
 20
82.16
 30
0.0
 11
32.8627
 21
82.1712
 31
0.0
  0
LINE
  5
598
  8
0
 10
32.8627
 20
82.1712
 30
0.0
 11
32.25
 21
82.175
 31
0.0
  0
LINE
  5
599
  8
0
 10
32.25
 20
82.175
 30
0.0
 11
31.6373
 21
82.1712
 31
0.0
  0
LINE
  5
59A
  8
0
 10
31.6373
 20
82.1712
 30
0.0
 11
31.0248
 21
82.16
 31
0.0
  0
LINE
  5
59B
  8
0
 10
31.0248
 20
82.16
 30
0.0
 11
30.4124
 21
82.1412
 31
0.0
  0
LINE
  5
59C
  8
0
 10
30.4124
 20
82.1412
 30
0.0
 11
29.8003
 21
82.1149
 31
0.0
  0
LINE
  5
59D
  8
0
 10
29.8003
 20
82.1149
 30
0.0
 11
29.1886
 21
82.081
 31
0.0
  0
LINE
  5
59E
  8
0
 10
29.1886
 20
82.081
 30
0.0
 11
28.5773
 21
82.0397
 31
0.0
  0
LINE
  5
59F
  8
0
 10
28.5773
 20
82.0397
 30
0.0
 11
27.9666
 21
81.9909
 31
0.0
  0
LINE
  5
5A0
  8
0
 10
27.9666
 20
81.9909
 30
0.0
 11
27.3565
 21
81.9346
 31
0.0
  0
LINE
  5
5A1
  8
0
 10
27.3565
 20
81.9346
 30
0.0
 11
26.7472
 21
81.8708
 31
0.0
  0
LINE
  5
5A2
  8
0
 10
26.7472
 20
81.8708
 30
0.0
 11
26.1387
 21
81.7995
 31
0.0
  0
LINE
  5
5A3
  8
0
 10
26.1387
 20
81.7995
 30
0.0
 11
25.5311
 21
81.7208
 31
0.0
  0
LINE
  5
5A4
  8
0
 10
25.5311
 20
81.7208
 30
0.0
 11
24.9245
 21
81.6346
 31
0.0
  0
LINE
  5
5A5
  8
0
 10
24.9245
 20
81.6346
 30
0.0
 11
24.319
 21
81.541
 31
0.0
  0
LINE
  5
5A6
  8
0
 10
24.319
 20
81.541
 30
0.0
 11
23.7147
 21
81.44
 31
0.0
  0
LINE
  5
5A7
  8
0
 10
23.7147
 20
81.44
 30
0.0
 11
23.1117
 21
81.3315
 31
0.0
  0
LINE
  5
5A8
  8
0
 10
23.1117
 20
81.3315
 30
0.0
 11
22.5101
 21
81.2157
 31
0.0
  0
LINE
  5
5A9
  8
0
 10
22.5101
 20
81.2157
 30
0.0
 11
21.91
 21
81.0925
 31
0.0
  0
LINE
  5
5AA
  8
0
 10
21.91
 20
81.0925
 30
0.0
 11
21.3114
 21
80.9619
 31
0.0
  0
LINE
  5
5AB
  8
0
 10
21.3114
 20
80.9619
 30
0.0
 11
20.7144
 21
80.824
 31
0.0
  0
LINE
  5
5AC
  8
0
 10
20.7144
 20
80.824
 30
0.0
 11
20.1192
 21
80.6788
 31
0.0
  0
LINE
  5
5AD
  8
0
 10
20.1192
 20
80.6788
 30
0.0
 11
19.5258
 21
80.5263
 31
0.0
  0
LINE
  5
5AE
  8
0
 10
19.5258
 20
80.5263
 30
0.0
 11
18.9344
 21
80.3665
 31
0.0
  0
LINE
  5
5AF
  8
0
 10
18.9344
 20
80.3665
 30
0.0
 11
18.3449
 21
80.1995
 31
0.0
  0
LINE
  5
5B0
  8
0
 10
18.3449
 20
80.1995
 30
0.0
 11
17.7575
 21
80.0252
 31
0.0
  0
LINE
  5
5B1
  8
0
 10
17.7575
 20
80.0252
 30
0.0
 11
17.1724
 21
79.8438
 31
0.0
  0
LINE
  5
5B2
  8
0
 10
17.1724
 20
79.8438
 30
0.0
 11
16.5894
 21
79.6552
 31
0.0
  0
LINE
  5
5B3
  8
0
 10
16.5894
 20
79.6552
 30
0.0
 11
16.0089
 21
79.4594
 31
0.0
  0
LINE
  5
5B4
  8
0
 10
16.0089
 20
79.4594
 30
0.0
 11
15.4308
 21
79.2566
 31
0.0
  0
LINE
  5
5B5
  8
0
 10
15.4308
 20
79.2566
 30
0.0
 11
14.8552
 21
79.0466
 31
0.0
  0
LINE
  5
5B6
  8
0
 10
14.8552
 20
79.0466
 30
0.0
 11
14.2822
 21
78.8297
 31
0.0
  0
LINE
  5
5B7
  8
0
 10
14.2822
 20
78.8297
 30
0.0
 11
13.712
 21
78.6057
 31
0.0
  0
LINE
  5
5B8
  8
0
 10
13.712
 20
78.6057
 30
0.0
 11
13.1445
 21
78.3747
 31
0.0
  0
LINE
  5
5B9
  8
0
 10
13.1445
 20
78.3747
 30
0.0
 11
12.58
 21
78.1367
 31
0.0
  0
LINE
  5
5BA
  8
0
 10
12.58
 20
78.1367
 30
0.0
 11
12.0183
 21
77.8919
 31
0.0
  0
LINE
  5
5BB
  8
0
 10
12.0183
 20
77.8919
 30
0.0
 11
11.4598
 21
77.6402
 31
0.0
  0
LINE
  5
5BC
  8
0
 10
11.4598
 20
77.6402
 30
0.0
 11
10.9043
 21
77.3817
 31
0.0
  0
LINE
  5
5BD
  8
0
 10
10.9043
 20
77.3817
 30
0.0
 11
10.3521
 21
77.1163
 31
0.0
  0
LINE
  5
5BE
  8
0
 10
10.3521
 20
77.1163
 30
0.0
 11
9.80316
 21
76.8442
 31
0.0
  0
LINE
  5
5BF
  8
0
 10
9.80316
 20
76.8442
 30
0.0
 11
9.25761
 21
76.5654
 31
0.0
  0
LINE
  5
5C0
  8
0
 10
9.25761
 20
76.5654
 30
0.0
 11
8.71553
 21
76.2799
 31
0.0
  0
LINE
  5
5C1
  8
0
 10
8.71553
 20
76.2799
 30
0.0
 11
8.17699
 21
75.9878
 31
0.0
  0
LINE
  5
5C2
  8
0
 10
8.17699
 20
75.9878
 30
0.0
 11
7.64206
 21
75.6891
 31
0.0
  0
LINE
  5
5C3
  8
0
 10
7.64206
 20
75.6891
 30
0.0
 11
7.11086
 21
75.3838
 31
0.0
  0
LINE
  5
5C4
  8
0
 10
7.11086
 20
75.3838
 30
0.0
 11
6.58342
 21
75.0721
 31
0.0
  0
LINE
  5
5C5
  8
0
 10
6.58342
 20
75.0721
 30
0.0
 11
6.05986
 21
74.7539
 31
0.0
  0
LINE
  5
5C6
  8
0
 10
6.05986
 20
74.7539
 30
0.0
 11
5.54025
 21
74.4293
 31
0.0
  0
LINE
  5
5C7
  8
0
 10
5.54025
 20
74.4293
 30
0.0
 11
5.02466
 21
74.0984
 31
0.0
  0
LINE
  5
5C8
  8
0
 10
5.02466
 20
74.0984
 30
0.0
 11
4.51317
 21
73.7611
 31
0.0
  0
LINE
  5
5C9
  8
0
 10
4.51317
 20
73.7611
 30
0.0
 11
4.00584
 21
73.4176
 31
0.0
  0
LINE
  5
5CA
  8
0
 10
4.00584
 20
73.4176
 30
0.0
 11
3.50278
 21
73.0679
 31
0.0
  0
LINE
  5
5CB
  8
0
 10
3.50278
 20
73.0679
 30
0.0
 11
3.00404
 21
72.7121
 31
0.0
  0
LINE
  5
5CC
  8
0
 10
3.00404
 20
72.7121
 30
0.0
 11
2.50972
 21
72.3501
 31
0.0
  0
LINE
  5
5CD
  8
0
 10
2.50972
 20
72.3501
 30
0.0
 11
2.01987
 21
71.9821
 31
0.0
  0
LINE
  5
5CE
  8
0
 10
2.01987
 20
71.9821
 30
0.0
 11
1.53458
 21
71.6082
 31
0.0
  0
LINE
  5
5CF
  8
0
 10
1.53458
 20
71.6082
 30
0.0
 11
1.05389
 21
71.2283
 31
0.0
  0
LINE
  5
5D0
  8
0
 10
1.05389
 20
71.2283
 30
0.0
 11
0.577927
 21
70.8425
 31
0.0
  0
LINE
  5
5D1
  8
0
 10
0.577927
 20
70.8425
 30
0.0
 11
0.10672
 21
70.451
 31
0.0
  0
LINE
  5
5D2
  8
0
 10
0.10672
 20
70.451
 30
0.0
 11
-0.35965
 21
70.0536
 31
0.0
  0
LINE
  5
5D3
  8
0
 10
-0.35965
 20
70.0536
 30
0.0
 11
-0.821106
 21
69.6506
 31
0.0
  0
LINE
  5
5D4
  8
0
 10
-0.821106
 20
69.6506
 30
0.0
 11
-1.27757
 21
69.242
 31
0.0
  0
LINE
  5
5D5
  8
0
 10
-1.27757
 20
69.242
 30
0.0
 11
-1.729
 21
68.8278
 31
0.0
  0
LINE
  5
5D6
  8
0
 10
-1.729
 20
68.8278
 30
0.0
 11
-2.17531
 21
68.408
 31
0.0
  0
LINE
  5
5D7
  8
0
 10
-2.17531
 20
68.408
 30
0.0
 11
-2.61642
 21
67.9828
 31
0.0
  0
LINE
  5
5D8
  8
0
 10
-2.61642
 20
67.9828
 30
0.0
 11
-3.05231
 21
67.5523
 31
0.0
  0
LINE
  5
5D9
  8
0
 10
-3.05231
 20
67.5523
 30
0.0
 11
-3.48285
 21
67.1164
 31
0.0
  0
LINE
  5
5DA
  8
0
 10
-3.48285
 20
67.1164
 30
0.0
 11
-3.90804
 21
66.6753
 31
0.0
  0
LINE
  5
5DB
  8
0
 10
-3.90804
 20
66.6753
 30
0.0
 11
-4.32776
 21
66.229
 31
0.0
  0
LINE
  5
5DC
  8
0
 10
-4.32776
 20
66.229
 30
0.0
 11
-4.74197
 21
65.7776
 31
0.0
  0
LINE
  5
5DD
  8
0
 10
-4.74197
 20
65.7776
 30
0.0
 11
-5.15063
 21
65.3211
 31
0.0
  0
LINE
  5
5DE
  8
0
 10
-5.15063
 20
65.3211
 30
0.0
 11
-5.55365
 21
64.8596
 31
0.0
  0
LINE
  5
5DF
  8
0
 10
-5.55365
 20
64.8596
 30
0.0
 11
-5.95097
 21
64.3933
 31
0.0
  0
LINE
  5
5E0
  8
0
 10
-5.95097
 20
64.3933
 30
0.0
 11
-6.34254
 21
63.9221
 31
0.0
  0
LINE
  5
5E1
  8
0
 10
-6.34254
 20
63.9221
 30
0.0
 11
-6.7283
 21
63.4461
 31
0.0
  0
LINE
  5
5E2
  8
0
 10
-6.7283
 20
63.4461
 30
0.0
 11
-7.10818
 21
62.9654
 31
0.0
  0
LINE
  5
5E3
  8
0
 10
-7.10818
 20
62.9654
 30
0.0
 11
-7.48215
 21
62.4801
 31
0.0
  0
LINE
  5
5E4
  8
0
 10
-7.48215
 20
62.4801
 30
0.0
 11
-7.85013
 21
61.9903
 31
0.0
  0
LINE
  5
5E5
  8
0
 10
-7.85013
 20
61.9903
 30
0.0
 11
-8.21207
 21
61.496
 31
0.0
  0
LINE
  5
5E6
  8
0
 10
-8.21207
 20
61.496
 30
0.0
 11
-8.56792
 21
60.9972
 31
0.0
  0
LINE
  5
5E7
  8
0
 10
-8.56792
 20
60.9972
 30
0.0
 11
-8.91762
 21
60.4942
 31
0.0
  0
LINE
  5
5E8
  8
0
 10
-8.91762
 20
60.4942
 30
0.0
 11
-9.26111
 21
59.9868
 31
0.0
  0
LINE
  5
5E9
  8
0
 10
-9.26111
 20
59.9868
 30
0.0
 11
-9.59836
 21
59.4753
 31
0.0
  0
LINE
  5
5EA
  8
0
 10
-9.59836
 20
59.4753
 30
0.0
 11
-9.92931
 21
58.9597
 31
0.0
  0
LINE
  5
5EB
  8
0
 10
-9.92931
 20
58.9597
 30
0.0
 11
-10.2539
 21
58.4401
 31
0.0
  0
LINE
  5
5EC
  8
0
 10
-10.2539
 20
58.4401
 30
0.0
 11
-10.5721
 21
57.9166
 31
0.0
  0
LINE
  5
5ED
  8
0
 10
-10.5721
 20
57.9166
 30
0.0
 11
-10.8838
 21
57.3891
 31
0.0
  0
LINE
  5
5EE
  8
0
 10
-10.8838
 20
57.3891
 30
0.0
 11
-11.1891
 21
56.8579
 31
0.0
  0
LINE
  5
5EF
  8
0
 10
-11.1891
 20
56.8579
 30
0.0
 11
-11.4878
 21
56.323
 31
0.0
  0
LINE
  5
5F0
  8
0
 10
-11.4878
 20
56.323
 30
0.0
 11
-11.7799
 21
55.7845
 31
0.0
  0
LINE
  5
5F1
  8
0
 10
-11.7799
 20
55.7845
 30
0.0
 11
-12.0654
 21
55.2424
 31
0.0
  0
LINE
  5
5F2
  8
0
 10
-12.0654
 20
55.2424
 30
0.0
 11
-12.3442
 21
54.6968
 31
0.0
  0
LINE
  5
5F3
  8
0
 10
-12.3442
 20
54.6968
 30
0.0
 11
-12.6163
 21
54.1479
 31
0.0
  0
LINE
  5
5F4
  8
0
 10
-12.6163
 20
54.1479
 30
0.0
 11
-12.8817
 21
53.5957
 31
0.0
  0
LINE
  5
5F5
  8
0
 10
-12.8817
 20
53.5957
 30
0.0
 11
-13.1402
 21
53.0402
 31
0.0
  0
LINE
  5
5F6
  8
0
 10
-13.1402
 20
53.0402
 30
0.0
 11
-13.3919
 21
52.4817
 31
0.0
  0
LINE
  5
5F7
  8
0
 10
-13.3919
 20
52.4817
 30
0.0
 11
-13.6367
 21
51.92
 31
0.0
  0
LINE
  5
5F8
  8
0
 10
-13.6367
 20
51.92
 30
0.0
 11
-13.8747
 21
51.3555
 31
0.0
  0
LINE
  5
5F9
  8
0
 10
-13.8747
 20
51.3555
 30
0.0
 11
-14.1057
 21
50.788
 31
0.0
  0
LINE
  5
5FA
  8
0
 10
-14.1057
 20
50.788
 30
0.0
 11
-14.3297
 21
50.2178
 31
0.0
  0
LINE
  5
5FB
  8
0
 10
-14.3297
 20
50.2178
 30
0.0
 11
-14.5466
 21
49.6448
 31
0.0
  0
LINE
  5
5FC
  8
0
 10
-14.5466
 20
49.6448
 30
0.0
 11
-14.7566
 21
49.0692
 31
0.0
  0
LINE
  5
5FD
  8
0
 10
-14.7566
 20
49.0692
 30
0.0
 11
-14.9564
 21
48.4998
 31
0.0
  0
LINE
  5
5FE
  8
0
 10
-14.9564
 20
48.4998
 30
0.0
 11
-14.9564
 21
16.0002
 31
0.0
  0
LINE
  5
5FF
  8
0
 10
-14.9564
 20
16.0002
 30
0.0
 11
-14.7566
 21
15.4308
 31
0.0
  0
LINE
  5
600
  8
0
 10
-14.7566
 20
15.4308
 30
0.0
 11
-14.5466
 21
14.8552
 31
0.0
  0
LINE
  5
601
  8
0
 10
-14.5466
 20
14.8552
 30
0.0
 11
-14.3297
 21
14.2822
 31
0.0
  0
LINE
  5
602
  8
0
 10
-14.3297
 20
14.2822
 30
0.0
 11
-14.1057
 21
13.712
 31
0.0
  0
LINE
  5
603
  8
0
 10
-14.1057
 20
13.712
 30
0.0
 11
-13.8747
 21
13.1445
 31
0.0
  0
LINE
  5
604
  8
0
 10
-13.8747
 20
13.1445
 30
0.0
 11
-13.6367
 21
12.58
 31
0.0
  0
LINE
  5
605
  8
0
 10
-13.6367
 20
12.58
 30
0.0
 11
-13.3919
 21
12.0183
 31
0.0
  0
LINE
  5
606
  8
0
 10
-13.3919
 20
12.0183
 30
0.0
 11
-13.1402
 21
11.4598
 31
0.0
  0
LINE
  5
607
  8
0
 10
-13.1402
 20
11.4598
 30
0.0
 11
-12.8817
 21
10.9043
 31
0.0
  0
LINE
  5
608
  8
0
 10
-12.8817
 20
10.9043
 30
0.0
 11
-12.6163
 21
10.3521
 31
0.0
  0
LINE
  5
609
  8
0
 10
-12.6163
 20
10.3521
 30
0.0
 11
-12.3442
 21
9.80316
 31
0.0
  0
LINE
  5
60A
  8
0
 10
-12.3442
 20
9.80316
 30
0.0
 11
-12.0654
 21
9.25761
 31
0.0
  0
LINE
  5
60B
  8
0
 10
-12.0654
 20
9.25761
 30
0.0
 11
-11.7799
 21
8.71553
 31
0.0
  0
LINE
  5
60C
  8
0
 10
-11.7799
 20
8.71553
 30
0.0
 11
-11.4878
 21
8.17699
 31
0.0
  0
LINE
  5
60D
  8
0
 10
-11.4878
 20
8.17699
 30
0.0
 11
-11.1891
 21
7.64206
 31
0.0
  0
LINE
  5
60E
  8
0
 10
-11.1891
 20
7.64206
 30
0.0
 11
-10.8838
 21
7.11086
 31
0.0
  0
LINE
  5
60F
  8
0
 10
-10.8838
 20
7.11086
 30
0.0
 11
-10.5721
 21
6.58342
 31
0.0
  0
LINE
  5
610
  8
0
 10
-10.5721
 20
6.58342
 30
0.0
 11
-10.2539
 21
6.05986
 31
0.0
  0
LINE
  5
611
  8
0
 10
-10.2539
 20
6.05986
 30
0.0
 11
-9.92931
 21
5.54025
 31
0.0
  0
LINE
  5
612
  8
0
 10
-9.92931
 20
5.54025
 30
0.0
 11
-9.59836
 21
5.02466
 31
0.0
  0
LINE
  5
613
  8
0
 10
-9.59836
 20
5.02466
 30
0.0
 11
-9.26111
 21
4.51317
 31
0.0
  0
LINE
  5
614
  8
0
 10
-9.26111
 20
4.51317
 30
0.0
 11
-8.91762
 21
4.00584
 31
0.0
  0
LINE
  5
615
  8
0
 10
-8.91762
 20
4.00584
 30
0.0
 11
-8.56792
 21
3.50278
 31
0.0
  0
LINE
  5
616
  8
0
 10
-8.56792
 20
3.50278
 30
0.0
 11
-8.21207
 21
3.00404
 31
0.0
  0
LINE
  5
617
  8
0
 10
-8.21207
 20
3.00404
 30
0.0
 11
-7.85013
 21
2.50972
 31
0.0
  0
LINE
  5
618
  8
0
 10
-7.85013
 20
2.50972
 30
0.0
 11
-7.48215
 21
2.01987
 31
0.0
  0
LINE
  5
619
  8
0
 10
-7.48215
 20
2.01987
 30
0.0
 11
-7.10818
 21
1.53458
 31
0.0
  0
LINE
  5
61A
  8
0
 10
-7.10818
 20
1.53458
 30
0.0
 11
-6.7283
 21
1.05389
 31
0.0
  0
LINE
  5
61B
  8
0
 10
-6.7283
 20
1.05389
 30
0.0
 11
-6.34254
 21
0.577927
 31
0.0
  0
LINE
  5
61C
  8
0
 10
-6.34254
 20
0.577927
 30
0.0
 11
-5.95097
 21
0.10672
 31
0.0
  0
LINE
  5
61D
  8
0
 10
-5.95097
 20
0.10672
 30
0.0
 11
-5.55365
 21
-0.35965
 31
0.0
  0
LINE
  5
61E
  8
0
 10
-5.55365
 20
-0.35965
 30
0.0
 11
-5.15063
 21
-0.821106
 31
0.0
  0
LINE
  5
61F
  8
0
 10
-5.15063
 20
-0.821106
 30
0.0
 11
-4.74197
 21
-1.27757
 31
0.0
  0
LINE
  5
620
  8
0
 10
-4.74197
 20
-1.27757
 30
0.0
 11
-4.32776
 21
-1.729
 31
0.0
  0
LINE
  5
621
  8
0
 10
-4.32776
 20
-1.729
 30
0.0
 11
-3.90804
 21
-2.17531
 31
0.0
  0
LINE
  5
622
  8
0
 10
-3.90804
 20
-2.17531
 30
0.0
 11
-3.48285
 21
-2.61642
 31
0.0
  0
LINE
  5
623
  8
0
 10
-3.48285
 20
-2.61642
 30
0.0
 11
-3.05231
 21
-3.05231
 31
0.0
  0
LINE
  5
624
  8
0
 10
-3.05231
 20
-3.05231
 30
0.0
 11
-2.61642
 21
-3.48285
 31
0.0
  0
LINE
  5
625
  8
0
 10
-2.61642
 20
-3.48285
 30
0.0
 11
-2.17531
 21
-3.90804
 31
0.0
  0
LINE
  5
626
  8
0
 10
-2.17531
 20
-3.90804
 30
0.0
 11
-1.729
 21
-4.32776
 31
0.0
  0
LINE
  5
627
  8
0
 10
-1.729
 20
-4.32776
 30
0.0
 11
-1.27757
 21
-4.74197
 31
0.0
  0
LINE
  5
628
  8
0
 10
-1.27757
 20
-4.74197
 30
0.0
 11
-0.821106
 21
-5.15063
 31
0.0
  0
LINE
  5
629
  8
0
 10
-0.821106
 20
-5.15063
 30
0.0
 11
-0.35965
 21
-5.55365
 31
0.0
  0
LINE
  5
62A
  8
0
 10
-0.35965
 20
-5.55365
 30
0.0
 11
0.10672
 21
-5.95097
 31
0.0
  0
LINE
  5
62B
  8
0
 10
0.10672
 20
-5.95097
 30
0.0
 11
0.577927
 21
-6.34254
 31
0.0
  0
LINE
  5
62C
  8
0
 10
0.577927
 20
-6.34254
 30
0.0
 11
1.05389
 21
-6.7283
 31
0.0
  0
LINE
  5
62D
  8
0
 10
1.05389
 20
-6.7283
 30
0.0
 11
1.53458
 21
-7.10818
 31
0.0
  0
LINE
  5
62E
  8
0
 10
1.53458
 20
-7.10818
 30
0.0
 11
2.01987
 21
-7.48215
 31
0.0
  0
LINE
  5
62F
  8
0
 10
2.01987
 20
-7.48215
 30
0.0
 11
2.50972
 21
-7.85013
 31
0.0
  0
LINE
  5
630
  8
0
 10
2.50972
 20
-7.85013
 30
0.0
 11
3.00404
 21
-8.21207
 31
0.0
  0
LINE
  5
631
  8
0
 10
3.00404
 20
-8.21207
 30
0.0
 11
3.50278
 21
-8.56792
 31
0.0
  0
LINE
  5
632
  8
0
 10
3.50278
 20
-8.56792
 30
0.0
 11
4.00584
 21
-8.91762
 31
0.0
  0
LINE
  5
633
  8
0
 10
4.00584
 20
-8.91762
 30
0.0
 11
4.51317
 21
-9.26111
 31
0.0
  0
LINE
  5
634
  8
0
 10
4.51317
 20
-9.26111
 30
0.0
 11
5.02466
 21
-9.59836
 31
0.0
  0
LINE
  5
635
  8
0
 10
5.02466
 20
-9.59836
 30
0.0
 11
5.54025
 21
-9.92931
 31
0.0
  0
LINE
  5
636
  8
0
 10
5.54025
 20
-9.92931
 30
0.0
 11
6.05986
 21
-10.2539
 31
0.0
  0
LINE
  5
637
  8
0
 10
6.05986
 20
-10.2539
 30
0.0
 11
6.58342
 21
-10.5721
 31
0.0
  0
LINE
  5
638
  8
0
 10
6.58342
 20
-10.5721
 30
0.0
 11
7.11086
 21
-10.8838
 31
0.0
  0
LINE
  5
639
  8
0
 10
7.11086
 20
-10.8838
 30
0.0
 11
7.64206
 21
-11.1891
 31
0.0
  0
LINE
  5
63A
  8
0
 10
7.64206
 20
-11.1891
 30
0.0
 11
8.17699
 21
-11.4878
 31
0.0
  0
LINE
  5
63B
  8
0
 10
8.17699
 20
-11.4878
 30
0.0
 11
8.71553
 21
-11.7799
 31
0.0
  0
LINE
  5
63C
  8
0
 10
8.71553
 20
-11.7799
 30
0.0
 11
9.25761
 21
-12.0654
 31
0.0
  0
LINE
  5
63D
  8
0
 10
9.25761
 20
-12.0654
 30
0.0
 11
9.80316
 21
-12.3442
 31
0.0
  0
LINE
  5
63E
  8
0
 10
9.80316
 20
-12.3442
 30
0.0
 11
10.3521
 21
-12.6163
 31
0.0
  0
LINE
  5
63F
  8
0
 10
10.3521
 20
-12.6163
 30
0.0
 11
10.9043
 21
-12.8817
 31
0.0
  0
LINE
  5
640
  8
0
 10
10.9043
 20
-12.8817
 30
0.0
 11
11.4598
 21
-13.1402
 31
0.0
  0
LINE
  5
641
  8
0
 10
11.4598
 20
-13.1402
 30
0.0
 11
12.0183
 21
-13.3919
 31
0.0
  0
LINE
  5
642
  8
0
 10
12.0183
 20
-13.3919
 30
0.0
 11
12.58
 21
-13.6367
 31
0.0
  0
LINE
  5
643
  8
0
 10
12.58
 20
-13.6367
 30
0.0
 11
13.1445
 21
-13.8747
 31
0.0
  0
LINE
  5
644
  8
0
 10
13.1445
 20
-13.8747
 30
0.0
 11
13.712
 21
-14.1057
 31
0.0
  0
LINE
  5
645
  8
0
 10
13.712
 20
-14.1057
 30
0.0
 11
14.2822
 21
-14.3297
 31
0.0
  0
LINE
  5
646
  8
0
 10
14.2822
 20
-14.3297
 30
0.0
 11
14.8552
 21
-14.5466
 31
0.0
  0
LINE
  5
647
  8
0
 10
14.8552
 20
-14.5466
 30
0.0
 11
15.4308
 21
-14.7566
 31
0.0
  0
LINE
  5
648
  8
0
 10
15.4308
 20
-14.7566
 30
0.0
 11
16.0089
 21
-14.9594
 31
0.0
  0
LINE
  5
649
  8
0
 10
16.0089
 20
-14.9594
 30
0.0
 11
16.5894
 21
-15.1552
 31
0.0
  0
LINE
  5
64A
  8
0
 10
16.5894
 20
-15.1552
 30
0.0
 11
17.1724
 21
-15.3438
 31
0.0
  0
LINE
  5
64B
  8
0
 10
17.1724
 20
-15.3438
 30
0.0
 11
17.7575
 21
-15.5252
 31
0.0
  0
LINE
  5
64C
  8
0
 10
17.7575
 20
-15.5252
 30
0.0
 11
18.3449
 21
-15.6995
 31
0.0
  0
LINE
  5
64D
  8
0
 10
18.3449
 20
-15.6995
 30
0.0
 11
18.9344
 21
-15.8665
 31
0.0
  0
LINE
  5
64E
  8
0
 10
18.9344
 20
-15.8665
 30
0.0
 11
19.5258
 21
-16.0263
 31
0.0
  0
LINE
  5
64F
  8
0
 10
19.5258
 20
-16.0263
 30
0.0
 11
20.1192
 21
-16.1788
 31
0.0
  0
LINE
  5
650
  8
0
 10
20.1192
 20
-16.1788
 30
0.0
 11
20.7144
 21
-16.324
 31
0.0
  0
LINE
  5
651
  8
0
 10
20.7144
 20
-16.324
 30
0.0
 11
21.3114
 21
-16.4619
 31
0.0
  0
LINE
  5
652
  8
0
 10
21.3114
 20
-16.4619
 30
0.0
 11
21.91
 21
-16.5925
 31
0.0
  0
LINE
  5
653
  8
0
 10
21.91
 20
-16.5925
 30
0.0
 11
22.5101
 21
-16.7157
 31
0.0
  0
LINE
  5
654
  8
0
 10
22.5101
 20
-16.7157
 30
0.0
 11
23.1117
 21
-16.8315
 31
0.0
  0
LINE
  5
655
  8
0
 10
23.1117
 20
-16.8315
 30
0.0
 11
23.7147
 21
-16.94
 31
0.0
  0
LINE
  5
656
  8
0
 10
23.7147
 20
-16.94
 30
0.0
 11
24.319
 21
-17.041
 31
0.0
  0
LINE
  5
657
  8
0
 10
24.319
 20
-17.041
 30
0.0
 11
24.9245
 21
-17.1346
 31
0.0
  0
LINE
  5
658
  8
0
 10
24.9245
 20
-17.1346
 30
0.0
 11
25.5311
 21
-17.2208
 31
0.0
  0
LINE
  5
659
  8
0
 10
25.5311
 20
-17.2208
 30
0.0
 11
26.1387
 21
-17.2995
 31
0.0
  0
LINE
  5
65A
  8
0
 10
26.1387
 20
-17.2995
 30
0.0
 11
26.7472
 21
-17.3708
 31
0.0
  0
LINE
  5
65B
  8
0
 10
26.7472
 20
-17.3708
 30
0.0
 11
27.3565
 21
-17.4346
 31
0.0
  0
LINE
  5
65C
  8
0
 10
27.3565
 20
-17.4346
 30
0.0
 11
27.9666
 21
-17.4909
 31
0.0
  0
LINE
  5
65D
  8
0
 10
27.9666
 20
-17.4909
 30
0.0
 11
28.5773
 21
-17.5397
 31
0.0
  0
LINE
  5
65E
  8
0
 10
28.5773
 20
-17.5397
 30
0.0
 11
29.1886
 21
-17.581
 31
0.0
  0
LINE
  5
65F
  8
0
 10
29.1886
 20
-17.581
 30
0.0
 11
29.8003
 21
-17.6149
 31
0.0
  0
LINE
  5
660
  8
0
 10
29.8003
 20
-17.6149
 30
0.0
 11
30.4124
 21
-17.6412
 31
0.0
  0
LINE
  5
661
  8
0
 10
30.4124
 20
-17.6412
 30
0.0
 11
31.0248
 21
-17.66
 31
0.0
  0
LINE
  5
662
  8
0
 10
31.0248
 20
-17.66
 30
0.0
 11
31.6373
 21
-17.6712
 31
0.0
  0
LINE
  5
663
  8
0
 10
31.6373
 20
-17.6712
 30
0.0
 11
32.25
 21
-17.675
 31
0.0
  0
LINE
  5
664
  8
0
 10
32.25
 20
-17.675
 30
0.0
 11
32.8627
 21
-17.6712
 31
0.0
  0
LINE
  5
665
  8
0
 10
31.375
 20
72.5625
 30
0.0
 11
31.375
 21
72.625
 31
0.0
  0
LINE
  5
666
  8
0
 10
31.375
 20
72.625
 30
0.0
 11
32.125
 21
72.625
 31
0.0
  0
LINE
  5
667
  8
0
 10
32.125
 20
72.625
 30
0.0
 11
32.125
 21
73.375
 31
0.0
  0
LINE
  5
668
  8
0
 10
32.125
 20
73.375
 30
0.0
 11
32.1875
 21
73.375
 31
0.0
  0
LINE
  5
669
  8
0
 10
32.1875
 20
73.375
 30
0.0
 11
32.1875
 21
72.5625
 31
0.0
  0
LINE
  5
66A
  8
0
 10
32.1875
 20
72.5625
 30
0.0
 11
31.375
 21
72.5625
 31
0.0
  0
LINE
  5
66B
  8
0
 10
32.3125
 20
72.5625
 30
0.0
 11
32.3125
 21
73.375
 31
0.0
  0
LINE
  5
66C
  8
0
 10
32.3125
 20
73.375
 30
0.0
 11
32.375
 21
73.375
 31
0.0
  0
LINE
  5
66D
  8
0
 10
32.375
 20
73.375
 30
0.0
 11
32.375
 21
72.625
 31
0.0
  0
LINE
  5
66E
  8
0
 10
32.375
 20
72.625
 30
0.0
 11
33.125
 21
72.625
 31
0.0
  0
LINE
  5
66F
  8
0
 10
33.125
 20
72.625
 30
0.0
 11
33.125
 21
72.5625
 31
0.0
  0
LINE
  5
670
  8
0
 10
33.125
 20
72.5625
 30
0.0
 11
32.3125
 21
72.5625
 31
0.0
  0
LINE
  5
671
  8
0
 10
32.3125
 20
71.625
 30
0.0
 11
32.3125
 21
72.4375
 31
0.0
  0
LINE
  5
672
  8
0
 10
32.3125
 20
72.4375
 30
0.0
 11
33.125
 21
72.4375
 31
0.0
  0
LINE
  5
673
  8
0
 10
33.125
 20
72.4375
 30
0.0
 11
33.125
 21
72.375
 31
0.0
  0
LINE
  5
674
  8
0
 10
33.125
 20
72.375
 30
0.0
 11
32.375
 21
72.375
 31
0.0
  0
LINE
  5
675
  8
0
 10
32.375
 20
72.375
 30
0.0
 11
32.375
 21
71.625
 31
0.0
  0
LINE
  5
676
  8
0
 10
32.375
 20
71.625
 30
0.0
 11
32.3125
 21
71.625
 31
0.0
  0
LINE
  5
677
  8
0
 10
32.125
 20
71.625
 30
0.0
 11
32.125
 21
72.375
 31
0.0
  0
LINE
  5
678
  8
0
 10
32.125
 20
72.375
 30
0.0
 11
31.375
 21
72.375
 31
0.0
  0
LINE
  5
679
  8
0
 10
31.375
 20
72.375
 30
0.0
 11
31.375
 21
72.4375
 31
0.0
  0
LINE
  5
67A
  8
0
 10
31.375
 20
72.4375
 30
0.0
 11
32.1875
 21
72.4375
 31
0.0
  0
LINE
  5
67B
  8
0
 10
32.1875
 20
72.4375
 30
0.0
 11
32.1875
 21
71.625
 31
0.0
  0
LINE
  5
67C
  8
0
 10
32.1875
 20
71.625
 30
0.0
 11
32.125
 21
71.625
 31
0.0
  0
LINE
  5
67D
  8
0
 10
55.5
 20
59.5
 30
0.0
 11
55.304
 21
59.5096
 31
0.0
  0
LINE
  5
67E
  8
0
 10
55.304
 20
59.5096
 30
0.0
 11
55.1098
 21
59.5384
 31
0.0
  0
LINE
  5
67F
  8
0
 10
55.1098
 20
59.5384
 30
0.0
 11
54.9194
 21
59.5861
 31
0.0
  0
LINE
  5
680
  8
0
 10
54.9194
 20
59.5861
 30
0.0
 11
54.7346
 21
59.6523
 31
0.0
  0
LINE
  5
681
  8
0
 10
54.7346
 20
59.6523
 30
0.0
 11
54.5572
 21
59.7362
 31
0.0
  0
LINE
  5
682
  8
0
 10
54.5572
 20
59.7362
 30
0.0
 11
54.3889
 21
59.8371
 31
0.0
  0
LINE
  5
683
  8
0
 10
54.3889
 20
59.8371
 30
0.0
 11
54.2312
 21
59.954
 31
0.0
  0
LINE
  5
684
  8
0
 10
54.2312
 20
59.954
 30
0.0
 11
54.0858
 21
60.0858
 31
0.0
  0
LINE
  5
685
  8
0
 10
54.0858
 20
60.0858
 30
0.0
 11
53.954
 21
60.2312
 31
0.0
  0
LINE
  5
686
  8
0
 10
53.954
 20
60.2312
 30
0.0
 11
53.8371
 21
60.3889
 31
0.0
  0
LINE
  5
687
  8
0
 10
53.8371
 20
60.3889
 30
0.0
 11
53.7362
 21
60.5572
 31
0.0
  0
LINE
  5
688
  8
0
 10
53.7362
 20
60.5572
 30
0.0
 11
53.6523
 21
60.7346
 31
0.0
  0
LINE
  5
689
  8
0
 10
53.6523
 20
60.7346
 30
0.0
 11
53.5861
 21
60.9194
 31
0.0
  0
LINE
  5
68A
  8
0
 10
53.5861
 20
60.9194
 30
0.0
 11
53.5384
 21
61.1098
 31
0.0
  0
LINE
  5
68B
  8
0
 10
53.5384
 20
61.1098
 30
0.0
 11
53.5096
 21
61.304
 31
0.0
  0
LINE
  5
68C
  8
0
 10
53.5096
 20
61.304
 30
0.0
 11
53.5
 21
61.5
 31
0.0
  0
LINE
  5
68D
  8
0
 10
53.5
 20
61.5
 30
0.0
 11
53.5096
 21
61.696
 31
0.0
  0
LINE
  5
68E
  8
0
 10
53.5096
 20
61.696
 30
0.0
 11
53.5384
 21
61.8902
 31
0.0
  0
LINE
  5
68F
  8
0
 10
53.5384
 20
61.8902
 30
0.0
 11
53.5861
 21
62.0806
 31
0.0
  0
LINE
  5
690
  8
0
 10
53.5861
 20
62.0806
 30
0.0
 11
53.6523
 21
62.2654
 31
0.0
  0
LINE
  5
691
  8
0
 10
53.6523
 20
62.2654
 30
0.0
 11
53.7362
 21
62.4428
 31
0.0
  0
LINE
  5
692
  8
0
 10
53.7362
 20
62.4428
 30
0.0
 11
53.8371
 21
62.6111
 31
0.0
  0
LINE
  5
693
  8
0
 10
53.8371
 20
62.6111
 30
0.0
 11
53.954
 21
62.7688
 31
0.0
  0
LINE
  5
694
  8
0
 10
53.954
 20
62.7688
 30
0.0
 11
54.0858
 21
62.9142
 31
0.0
  0
LINE
  5
695
  8
0
 10
54.0858
 20
62.9142
 30
0.0
 11
54.2312
 21
63.046
 31
0.0
  0
LINE
  5
696
  8
0
 10
54.2312
 20
63.046
 30
0.0
 11
54.3889
 21
63.1629
 31
0.0
  0
LINE
  5
697
  8
0
 10
54.3889
 20
63.1629
 30
0.0
 11
54.5572
 21
63.2638
 31
0.0
  0
LINE
  5
698
  8
0
 10
54.5572
 20
63.2638
 30
0.0
 11
54.7346
 21
63.3477
 31
0.0
  0
LINE
  5
699
  8
0
 10
54.7346
 20
63.3477
 30
0.0
 11
54.9194
 21
63.4139
 31
0.0
  0
LINE
  5
69A
  8
0
 10
54.9194
 20
63.4139
 30
0.0
 11
55.1098
 21
63.4616
 31
0.0
  0
LINE
  5
69B
  8
0
 10
55.1098
 20
63.4616
 30
0.0
 11
55.304
 21
63.4904
 31
0.0
  0
LINE
  5
69C
  8
0
 10
55.304
 20
63.4904
 30
0.0
 11
55.5
 21
63.5
 31
0.0
  0
LINE
  5
69D
  8
0
 10
55.5
 20
63.5
 30
0.0
 11
58.0
 21
63.5
 31
0.0
  0
LINE
  5
69E
  8
0
 10
58.0
 20
63.5
 30
0.0
 11
58.0
 21
59.5
 31
0.0
  0
LINE
  5
69F
  8
0
 10
58.0
 20
59.5
 30
0.0
 11
55.5
 21
59.5
 31
0.0
  0
LINE
  5
6A0
  8
0
 10
57.0
 20
62.5
 30
0.0
 11
55.0
 21
62.5
 31
0.0
  0
LINE
  5
6A1
  8
0
 10
55.0
 20
62.5
 30
0.0
 11
55.0
 21
60.5
 31
0.0
  0
LINE
  5
6A2
  8
0
 10
55.0
 20
60.5
 30
0.0
 11
57.0
 21
60.5
 31
0.0
  0
LINE
  5
6A3
  8
0
 10
57.0
 20
60.5
 30
0.0
 11
57.0
 21
62.5
 31
0.0
  0
LINE
  5
6A4
  8
0
 10
38.0
 20
59.5
 30
0.0
 11
37.804
 21
59.5096
 31
0.0
  0
LINE
  5
6A5
  8
0
 10
37.804
 20
59.5096
 30
0.0
 11
37.6098
 21
59.5384
 31
0.0
  0
LINE
  5
6A6
  8
0
 10
37.6098
 20
59.5384
 30
0.0
 11
37.4194
 21
59.5861
 31
0.0
  0
LINE
  5
6A7
  8
0
 10
37.4194
 20
59.5861
 30
0.0
 11
37.2346
 21
59.6523
 31
0.0
  0
LINE
  5
6A8
  8
0
 10
37.2346
 20
59.6523
 30
0.0
 11
37.0572
 21
59.7362
 31
0.0
  0
LINE
  5
6A9
  8
0
 10
37.0572
 20
59.7362
 30
0.0
 11
36.8889
 21
59.8371
 31
0.0
  0
LINE
  5
6AA
  8
0
 10
36.8889
 20
59.8371
 30
0.0
 11
36.7312
 21
59.954
 31
0.0
  0
LINE
  5
6AB
  8
0
 10
36.7312
 20
59.954
 30
0.0
 11
36.5858
 21
60.0858
 31
0.0
  0
LINE
  5
6AC
  8
0
 10
36.5858
 20
60.0858
 30
0.0
 11
36.454
 21
60.2312
 31
0.0
  0
LINE
  5
6AD
  8
0
 10
36.454
 20
60.2312
 30
0.0
 11
36.3371
 21
60.3889
 31
0.0
  0
LINE
  5
6AE
  8
0
 10
36.3371
 20
60.3889
 30
0.0
 11
36.2362
 21
60.5572
 31
0.0
  0
LINE
  5
6AF
  8
0
 10
36.2362
 20
60.5572
 30
0.0
 11
36.1523
 21
60.7346
 31
0.0
  0
LINE
  5
6B0
  8
0
 10
36.1523
 20
60.7346
 30
0.0
 11
36.0861
 21
60.9194
 31
0.0
  0
LINE
  5
6B1
  8
0
 10
36.0861
 20
60.9194
 30
0.0
 11
36.0384
 21
61.1098
 31
0.0
  0
LINE
  5
6B2
  8
0
 10
36.0384
 20
61.1098
 30
0.0
 11
36.0096
 21
61.304
 31
0.0
  0
LINE
  5
6B3
  8
0
 10
36.0096
 20
61.304
 30
0.0
 11
36.0
 21
61.5
 31
0.0
  0
LINE
  5
6B4
  8
0
 10
36.0
 20
61.5
 30
0.0
 11
36.0096
 21
61.696
 31
0.0
  0
LINE
  5
6B5
  8
0
 10
36.0096
 20
61.696
 30
0.0
 11
36.0384
 21
61.8902
 31
0.0
  0
LINE
  5
6B6
  8
0
 10
36.0384
 20
61.8902
 30
0.0
 11
36.0861
 21
62.0806
 31
0.0
  0
LINE
  5
6B7
  8
0
 10
36.0861
 20
62.0806
 30
0.0
 11
36.1523
 21
62.2654
 31
0.0
  0
LINE
  5
6B8
  8
0
 10
36.1523
 20
62.2654
 30
0.0
 11
36.2362
 21
62.4428
 31
0.0
  0
LINE
  5
6B9
  8
0
 10
36.2362
 20
62.4428
 30
0.0
 11
36.3371
 21
62.6111
 31
0.0
  0
LINE
  5
6BA
  8
0
 10
36.3371
 20
62.6111
 30
0.0
 11
36.454
 21
62.7688
 31
0.0
  0
LINE
  5
6BB
  8
0
 10
36.454
 20
62.7688
 30
0.0
 11
36.5858
 21
62.9142
 31
0.0
  0
LINE
  5
6BC
  8
0
 10
36.5858
 20
62.9142
 30
0.0
 11
36.7312
 21
63.046
 31
0.0
  0
LINE
  5
6BD
  8
0
 10
36.7312
 20
63.046
 30
0.0
 11
36.8889
 21
63.1629
 31
0.0
  0
LINE
  5
6BE
  8
0
 10
36.8889
 20
63.1629
 30
0.0
 11
37.0572
 21
63.2638
 31
0.0
  0
LINE
  5
6BF
  8
0
 10
37.0572
 20
63.2638
 30
0.0
 11
37.2346
 21
63.3477
 31
0.0
  0
LINE
  5
6C0
  8
0
 10
37.2346
 20
63.3477
 30
0.0
 11
37.4194
 21
63.4139
 31
0.0
  0
LINE
  5
6C1
  8
0
 10
37.4194
 20
63.4139
 30
0.0
 11
37.6098
 21
63.4616
 31
0.0
  0
LINE
  5
6C2
  8
0
 10
37.6098
 20
63.4616
 30
0.0
 11
37.804
 21
63.4904
 31
0.0
  0
LINE
  5
6C3
  8
0
 10
37.804
 20
63.4904
 30
0.0
 11
38.0
 21
63.5
 31
0.0
  0
LINE
  5
6C4
  8
0
 10
38.0
 20
63.5
 30
0.0
 11
40.5
 21
63.5
 31
0.0
  0
LINE
  5
6C5
  8
0
 10
40.5
 20
63.5
 30
0.0
 11
40.5
 21
59.5
 31
0.0
  0
LINE
  5
6C6
  8
0
 10
40.5
 20
59.5
 30
0.0
 11
38.0
 21
59.5
 31
0.0
  0
LINE
  5
6C7
  8
0
 10
39.5
 20
62.5
 30
0.0
 11
37.5
 21
62.5
 31
0.0
  0
LINE
  5
6C8
  8
0
 10
37.5
 20
62.5
 30
0.0
 11
37.5
 21
60.5
 31
0.0
  0
LINE
  5
6C9
  8
0
 10
37.5
 20
60.5
 30
0.0
 11
39.5
 21
60.5
 31
0.0
  0
LINE
  5
6CA
  8
0
 10
39.5
 20
60.5
 30
0.0
 11
39.5
 21
62.5
 31
0.0
  0
LINE
  5
6CB
  8
0
 10
3.0
 20
59.5
 30
0.0
 11
2.80397
 21
59.5096
 31
0.0
  0
LINE
  5
6CC
  8
0
 10
2.80397
 20
59.5096
 30
0.0
 11
2.60983
 21
59.5384
 31
0.0
  0
LINE
  5
6CD
  8
0
 10
2.60983
 20
59.5384
 30
0.0
 11
2.41943
 21
59.5861
 31
0.0
  0
LINE
  5
6CE
  8
0
 10
2.41943
 20
59.5861
 30
0.0
 11
2.23463
 21
59.6523
 31
0.0
  0
LINE
  5
6CF
  8
0
 10
2.23463
 20
59.6523
 30
0.0
 11
2.05722
 21
59.7362
 31
0.0
  0
LINE
  5
6D0
  8
0
 10
2.05722
 20
59.7362
 30
0.0
 11
1.88887
 21
59.8371
 31
0.0
  0
LINE
  5
6D1
  8
0
 10
1.88887
 20
59.8371
 30
0.0
 11
1.73122
 21
59.954
 31
0.0
  0
LINE
  5
6D2
  8
0
 10
1.73122
 20
59.954
 30
0.0
 11
1.5858
 21
60.0858
 31
0.0
  0
LINE
  5
6D3
  8
0
 10
1.5858
 20
60.0858
 30
0.0
 11
1.45398
 21
60.2312
 31
0.0
  0
LINE
  5
6D4
  8
0
 10
1.45398
 20
60.2312
 30
0.0
 11
1.33707
 21
60.3889
 31
0.0
  0
LINE
  5
6D5
  8
0
 10
1.33707
 20
60.3889
 30
0.0
 11
1.23616
 21
60.5572
 31
0.0
  0
LINE
  5
6D6
  8
0
 10
1.23616
 20
60.5572
 30
0.0
 11
1.15225
 21
60.7346
 31
0.0
  0
LINE
  5
6D7
  8
0
 10
1.15225
 20
60.7346
 30
0.0
 11
1.08612
 21
60.9194
 31
0.0
  0
LINE
  5
6D8
  8
0
 10
1.08612
 20
60.9194
 30
0.0
 11
1.03844
 21
61.1098
 31
0.0
  0
LINE
  5
6D9
  8
0
 10
1.03844
 20
61.1098
 30
0.0
 11
1.00964
 21
61.304
 31
0.0
  0
LINE
  5
6DA
  8
0
 10
1.00964
 20
61.304
 30
0.0
 11
1.0
 21
61.5
 31
0.0
  0
LINE
  5
6DB
  8
0
 10
1.0
 20
61.5
 30
0.0
 11
1.00964
 21
61.696
 31
0.0
  0
LINE
  5
6DC
  8
0
 10
1.00964
 20
61.696
 30
0.0
 11
1.03844
 21
61.8902
 31
0.0
  0
LINE
  5
6DD
  8
0
 10
1.03844
 20
61.8902
 30
0.0
 11
1.08612
 21
62.0806
 31
0.0
  0
LINE
  5
6DE
  8
0
 10
1.08612
 20
62.0806
 30
0.0
 11
1.15225
 21
62.2654
 31
0.0
  0
LINE
  5
6DF
  8
0
 10
1.15225
 20
62.2654
 30
0.0
 11
1.23616
 21
62.4428
 31
0.0
  0
LINE
  5
6E0
  8
0
 10
1.23616
 20
62.4428
 30
0.0
 11
1.33707
 21
62.6111
 31
0.0
  0
LINE
  5
6E1
  8
0
 10
1.33707
 20
62.6111
 30
0.0
 11
1.45398
 21
62.7688
 31
0.0
  0
LINE
  5
6E2
  8
0
 10
1.45398
 20
62.7688
 30
0.0
 11
1.5858
 21
62.9142
 31
0.0
  0
LINE
  5
6E3
  8
0
 10
1.5858
 20
62.9142
 30
0.0
 11
1.73122
 21
63.046
 31
0.0
  0
LINE
  5
6E4
  8
0
 10
1.73122
 20
63.046
 30
0.0
 11
1.88887
 21
63.1629
 31
0.0
  0
LINE
  5
6E5
  8
0
 10
1.88887
 20
63.1629
 30
0.0
 11
2.05722
 21
63.2638
 31
0.0
  0
LINE
  5
6E6
  8
0
 10
2.05722
 20
63.2638
 30
0.0
 11
2.23463
 21
63.3477
 31
0.0
  0
LINE
  5
6E7
  8
0
 10
2.23463
 20
63.3477
 30
0.0
 11
2.41943
 21
63.4139
 31
0.0
  0
LINE
  5
6E8
  8
0
 10
2.41943
 20
63.4139
 30
0.0
 11
2.60983
 21
63.4616
 31
0.0
  0
LINE
  5
6E9
  8
0
 10
2.60983
 20
63.4616
 30
0.0
 11
2.80397
 21
63.4904
 31
0.0
  0
LINE
  5
6EA
  8
0
 10
2.80397
 20
63.4904
 30
0.0
 11
3.0
 21
63.5
 31
0.0
  0
LINE
  5
6EB
  8
0
 10
3.0
 20
63.5
 30
0.0
 11
5.5
 21
63.5
 31
0.0
  0
LINE
  5
6EC
  8
0
 10
5.5
 20
63.5
 30
0.0
 11
5.5
 21
59.5
 31
0.0
  0
LINE
  5
6ED
  8
0
 10
5.5
 20
59.5
 30
0.0
 11
3.0
 21
59.5
 31
0.0
  0
LINE
  5
6EE
  8
0
 10
4.5
 20
62.5
 30
0.0
 11
2.5
 21
62.5
 31
0.0
  0
LINE
  5
6EF
  8
0
 10
2.5
 20
62.5
 30
0.0
 11
2.5
 21
60.5
 31
0.0
  0
LINE
  5
6F0
  8
0
 10
2.5
 20
60.5
 30
0.0
 11
4.5
 21
60.5
 31
0.0
  0
LINE
  5
6F1
  8
0
 10
4.5
 20
60.5
 30
0.0
 11
4.5
 21
62.5
 31
0.0
  0
LINE
  5
6F2
  8
0
 10
41.5
 20
59.5
 30
0.0
 11
41.5
 21
63.5
 31
0.0
  0
LINE
  5
6F3
  8
0
 10
41.5
 20
63.5
 30
0.0
 11
44.0
 21
63.5
 31
0.0
  0
LINE
  5
6F4
  8
0
 10
44.0
 20
63.5
 30
0.0
 11
44.196
 21
63.4904
 31
0.0
  0
LINE
  5
6F5
  8
0
 10
44.196
 20
63.4904
 30
0.0
 11
44.3902
 21
63.4616
 31
0.0
  0
LINE
  5
6F6
  8
0
 10
44.3902
 20
63.4616
 30
0.0
 11
44.5806
 21
63.4139
 31
0.0
  0
LINE
  5
6F7
  8
0
 10
44.5806
 20
63.4139
 30
0.0
 11
44.7654
 21
63.3477
 31
0.0
  0
LINE
  5
6F8
  8
0
 10
44.7654
 20
63.3477
 30
0.0
 11
44.9428
 21
63.2638
 31
0.0
  0
LINE
  5
6F9
  8
0
 10
44.9428
 20
63.2638
 30
0.0
 11
45.1111
 21
63.1629
 31
0.0
  0
LINE
  5
6FA
  8
0
 10
45.1111
 20
63.1629
 30
0.0
 11
45.2688
 21
63.046
 31
0.0
  0
LINE
  5
6FB
  8
0
 10
45.2688
 20
63.046
 30
0.0
 11
45.4142
 21
62.9142
 31
0.0
  0
LINE
  5
6FC
  8
0
 10
45.4142
 20
62.9142
 30
0.0
 11
45.546
 21
62.7688
 31
0.0
  0
LINE
  5
6FD
  8
0
 10
45.546
 20
62.7688
 30
0.0
 11
45.6629
 21
62.6111
 31
0.0
  0
LINE
  5
6FE
  8
0
 10
45.6629
 20
62.6111
 30
0.0
 11
45.7638
 21
62.4428
 31
0.0
  0
LINE
  5
6FF
  8
0
 10
45.7638
 20
62.4428
 30
0.0
 11
45.8477
 21
62.2654
 31
0.0
  0
LINE
  5
700
  8
0
 10
45.8477
 20
62.2654
 30
0.0
 11
45.9139
 21
62.0806
 31
0.0
  0
LINE
  5
701
  8
0
 10
45.9139
 20
62.0806
 30
0.0
 11
45.9616
 21
61.8902
 31
0.0
  0
LINE
  5
702
  8
0
 10
45.9616
 20
61.8902
 30
0.0
 11
45.9904
 21
61.696
 31
0.0
  0
LINE
  5
703
  8
0
 10
45.9904
 20
61.696
 30
0.0
 11
46.0
 21
61.5
 31
0.0
  0
LINE
  5
704
  8
0
 10
46.0
 20
61.5
 30
0.0
 11
45.9904
 21
61.304
 31
0.0
  0
LINE
  5
705
  8
0
 10
45.9904
 20
61.304
 30
0.0
 11
45.9616
 21
61.1098
 31
0.0
  0
LINE
  5
706
  8
0
 10
45.9616
 20
61.1098
 30
0.0
 11
45.9139
 21
60.9194
 31
0.0
  0
LINE
  5
707
  8
0
 10
45.9139
 20
60.9194
 30
0.0
 11
45.8477
 21
60.7346
 31
0.0
  0
LINE
  5
708
  8
0
 10
45.8477
 20
60.7346
 30
0.0
 11
45.7638
 21
60.5572
 31
0.0
  0
LINE
  5
709
  8
0
 10
45.7638
 20
60.5572
 30
0.0
 11
45.6629
 21
60.3889
 31
0.0
  0
LINE
  5
70A
  8
0
 10
45.6629
 20
60.3889
 30
0.0
 11
45.546
 21
60.2312
 31
0.0
  0
LINE
  5
70B
  8
0
 10
45.546
 20
60.2312
 30
0.0
 11
45.4142
 21
60.0858
 31
0.0
  0
LINE
  5
70C
  8
0
 10
45.4142
 20
60.0858
 30
0.0
 11
45.2688
 21
59.954
 31
0.0
  0
LINE
  5
70D
  8
0
 10
45.2688
 20
59.954
 30
0.0
 11
45.1111
 21
59.8371
 31
0.0
  0
LINE
  5
70E
  8
0
 10
45.1111
 20
59.8371
 30
0.0
 11
44.9428
 21
59.7362
 31
0.0
  0
LINE
  5
70F
  8
0
 10
44.9428
 20
59.7362
 30
0.0
 11
44.7654
 21
59.6523
 31
0.0
  0
LINE
  5
710
  8
0
 10
44.7654
 20
59.6523
 30
0.0
 11
44.5806
 21
59.5861
 31
0.0
  0
LINE
  5
711
  8
0
 10
44.5806
 20
59.5861
 30
0.0
 11
44.3902
 21
59.5384
 31
0.0
  0
LINE
  5
712
  8
0
 10
44.3902
 20
59.5384
 30
0.0
 11
44.196
 21
59.5096
 31
0.0
  0
LINE
  5
713
  8
0
 10
44.196
 20
59.5096
 30
0.0
 11
44.0
 21
59.5
 31
0.0
  0
LINE
  5
714
  8
0
 10
44.0
 20
59.5
 30
0.0
 11
41.5
 21
59.5
 31
0.0
  0
LINE
  5
715
  8
0
 10
44.5
 20
62.5
 30
0.0
 11
42.5
 21
62.5
 31
0.0
  0
LINE
  5
716
  8
0
 10
42.5
 20
62.5
 30
0.0
 11
42.5
 21
60.5
 31
0.0
  0
LINE
  5
717
  8
0
 10
42.5
 20
60.5
 30
0.0
 11
44.5
 21
60.5
 31
0.0
  0
LINE
  5
718
  8
0
 10
44.5
 20
60.5
 30
0.0
 11
44.5
 21
62.5
 31
0.0
  0
LINE
  5
719
  8
0
 10
20.5
 20
59.5
 30
0.0
 11
20.304
 21
59.5096
 31
0.0
  0
LINE
  5
71A
  8
0
 10
20.304
 20
59.5096
 30
0.0
 11
20.1098
 21
59.5384
 31
0.0
  0
LINE
  5
71B
  8
0
 10
20.1098
 20
59.5384
 30
0.0
 11
19.9194
 21
59.5861
 31
0.0
  0
LINE
  5
71C
  8
0
 10
19.9194
 20
59.5861
 30
0.0
 11
19.7346
 21
59.6523
 31
0.0
  0
LINE
  5
71D
  8
0
 10
19.7346
 20
59.6523
 30
0.0
 11
19.5572
 21
59.7362
 31
0.0
  0
LINE
  5
71E
  8
0
 10
19.5572
 20
59.7362
 30
0.0
 11
19.3889
 21
59.8371
 31
0.0
  0
LINE
  5
71F
  8
0
 10
19.3889
 20
59.8371
 30
0.0
 11
19.2312
 21
59.954
 31
0.0
  0
LINE
  5
720
  8
0
 10
19.2312
 20
59.954
 30
0.0
 11
19.0858
 21
60.0858
 31
0.0
  0
LINE
  5
721
  8
0
 10
19.0858
 20
60.0858
 30
0.0
 11
18.954
 21
60.2312
 31
0.0
  0
LINE
  5
722
  8
0
 10
18.954
 20
60.2312
 30
0.0
 11
18.8371
 21
60.3889
 31
0.0
  0
LINE
  5
723
  8
0
 10
18.8371
 20
60.3889
 30
0.0
 11
18.7362
 21
60.5572
 31
0.0
  0
LINE
  5
724
  8
0
 10
18.7362
 20
60.5572
 30
0.0
 11
18.6523
 21
60.7346
 31
0.0
  0
LINE
  5
725
  8
0
 10
18.6523
 20
60.7346
 30
0.0
 11
18.5861
 21
60.9194
 31
0.0
  0
LINE
  5
726
  8
0
 10
18.5861
 20
60.9194
 30
0.0
 11
18.5384
 21
61.1098
 31
0.0
  0
LINE
  5
727
  8
0
 10
18.5384
 20
61.1098
 30
0.0
 11
18.5096
 21
61.304
 31
0.0
  0
LINE
  5
728
  8
0
 10
18.5096
 20
61.304
 30
0.0
 11
18.5
 21
61.5
 31
0.0
  0
LINE
  5
729
  8
0
 10
18.5
 20
61.5
 30
0.0
 11
18.5096
 21
61.696
 31
0.0
  0
LINE
  5
72A
  8
0
 10
18.5096
 20
61.696
 30
0.0
 11
18.5384
 21
61.8902
 31
0.0
  0
LINE
  5
72B
  8
0
 10
18.5384
 20
61.8902
 30
0.0
 11
18.5861
 21
62.0806
 31
0.0
  0
LINE
  5
72C
  8
0
 10
18.5861
 20
62.0806
 30
0.0
 11
18.6523
 21
62.2654
 31
0.0
  0
LINE
  5
72D
  8
0
 10
18.6523
 20
62.2654
 30
0.0
 11
18.7362
 21
62.4428
 31
0.0
  0
LINE
  5
72E
  8
0
 10
18.7362
 20
62.4428
 30
0.0
 11
18.8371
 21
62.6111
 31
0.0
  0
LINE
  5
72F
  8
0
 10
18.8371
 20
62.6111
 30
0.0
 11
18.954
 21
62.7688
 31
0.0
  0
LINE
  5
730
  8
0
 10
18.954
 20
62.7688
 30
0.0
 11
19.0858
 21
62.9142
 31
0.0
  0
LINE
  5
731
  8
0
 10
19.0858
 20
62.9142
 30
0.0
 11
19.2312
 21
63.046
 31
0.0
  0
LINE
  5
732
  8
0
 10
19.2312
 20
63.046
 30
0.0
 11
19.3889
 21
63.1629
 31
0.0
  0
LINE
  5
733
  8
0
 10
19.3889
 20
63.1629
 30
0.0
 11
19.5572
 21
63.2638
 31
0.0
  0
LINE
  5
734
  8
0
 10
19.5572
 20
63.2638
 30
0.0
 11
19.7346
 21
63.3477
 31
0.0
  0
LINE
  5
735
  8
0
 10
19.7346
 20
63.3477
 30
0.0
 11
19.9194
 21
63.4139
 31
0.0
  0
LINE
  5
736
  8
0
 10
19.9194
 20
63.4139
 30
0.0
 11
20.1098
 21
63.4616
 31
0.0
  0
LINE
  5
737
  8
0
 10
20.1098
 20
63.4616
 30
0.0
 11
20.304
 21
63.4904
 31
0.0
  0
LINE
  5
738
  8
0
 10
20.304
 20
63.4904
 30
0.0
 11
20.5
 21
63.5
 31
0.0
  0
LINE
  5
739
  8
0
 10
20.5
 20
63.5
 30
0.0
 11
23.0
 21
63.5
 31
0.0
  0
LINE
  5
73A
  8
0
 10
23.0
 20
63.5
 30
0.0
 11
23.0
 21
59.5
 31
0.0
  0
LINE
  5
73B
  8
0
 10
23.0
 20
59.5
 30
0.0
 11
20.5
 21
59.5
 31
0.0
  0
LINE
  5
73C
  8
0
 10
22.0
 20
62.5
 30
0.0
 11
20.0
 21
62.5
 31
0.0
  0
LINE
  5
73D
  8
0
 10
20.0
 20
62.5
 30
0.0
 11
20.0
 21
60.5
 31
0.0
  0
LINE
  5
73E
  8
0
 10
20.0
 20
60.5
 30
0.0
 11
22.0
 21
60.5
 31
0.0
  0
LINE
  5
73F
  8
0
 10
22.0
 20
60.5
 30
0.0
 11
22.0
 21
62.5
 31
0.0
  0
LINE
  5
740
  8
0
 10
6.5
 20
59.5
 30
0.0
 11
6.5
 21
63.5
 31
0.0
  0
LINE
  5
741
  8
0
 10
6.5
 20
63.5
 30
0.0
 11
9.0
 21
63.5
 31
0.0
  0
LINE
  5
742
  8
0
 10
9.0
 20
63.5
 30
0.0
 11
9.19603
 21
63.4904
 31
0.0
  0
LINE
  5
743
  8
0
 10
9.19603
 20
63.4904
 30
0.0
 11
9.39017
 21
63.4616
 31
0.0
  0
LINE
  5
744
  8
0
 10
9.39017
 20
63.4616
 30
0.0
 11
9.58057
 21
63.4139
 31
0.0
  0
LINE
  5
745
  8
0
 10
9.58057
 20
63.4139
 30
0.0
 11
9.76537
 21
63.3477
 31
0.0
  0
LINE
  5
746
  8
0
 10
9.76537
 20
63.3477
 30
0.0
 11
9.94278
 21
63.2638
 31
0.0
  0
LINE
  5
747
  8
0
 10
9.94278
 20
63.2638
 30
0.0
 11
10.1111
 21
63.1629
 31
0.0
  0
LINE
  5
748
  8
0
 10
10.1111
 20
63.1629
 30
0.0
 11
10.2688
 21
63.046
 31
0.0
  0
LINE
  5
749
  8
0
 10
10.2688
 20
63.046
 30
0.0
 11
10.4142
 21
62.9142
 31
0.0
  0
LINE
  5
74A
  8
0
 10
10.4142
 20
62.9142
 30
0.0
 11
10.546
 21
62.7688
 31
0.0
  0
LINE
  5
74B
  8
0
 10
10.546
 20
62.7688
 30
0.0
 11
10.6629
 21
62.6111
 31
0.0
  0
LINE
  5
74C
  8
0
 10
10.6629
 20
62.6111
 30
0.0
 11
10.7638
 21
62.4428
 31
0.0
  0
LINE
  5
74D
  8
0
 10
10.7638
 20
62.4428
 30
0.0
 11
10.8477
 21
62.2654
 31
0.0
  0
LINE
  5
74E
  8
0
 10
10.8477
 20
62.2654
 30
0.0
 11
10.9139
 21
62.0806
 31
0.0
  0
LINE
  5
74F
  8
0
 10
10.9139
 20
62.0806
 30
0.0
 11
10.9616
 21
61.8902
 31
0.0
  0
LINE
  5
750
  8
0
 10
10.9616
 20
61.8902
 30
0.0
 11
10.9904
 21
61.696
 31
0.0
  0
LINE
  5
751
  8
0
 10
10.9904
 20
61.696
 30
0.0
 11
11.0
 21
61.5
 31
0.0
  0
LINE
  5
752
  8
0
 10
11.0
 20
61.5
 30
0.0
 11
10.9904
 21
61.304
 31
0.0
  0
LINE
  5
753
  8
0
 10
10.9904
 20
61.304
 30
0.0
 11
10.9616
 21
61.1098
 31
0.0
  0
LINE
  5
754
  8
0
 10
10.9616
 20
61.1098
 30
0.0
 11
10.9139
 21
60.9194
 31
0.0
  0
LINE
  5
755
  8
0
 10
10.9139
 20
60.9194
 30
0.0
 11
10.8477
 21
60.7346
 31
0.0
  0
LINE
  5
756
  8
0
 10
10.8477
 20
60.7346
 30
0.0
 11
10.7638
 21
60.5572
 31
0.0
  0
LINE
  5
757
  8
0
 10
10.7638
 20
60.5572
 30
0.0
 11
10.6629
 21
60.3889
 31
0.0
  0
LINE
  5
758
  8
0
 10
10.6629
 20
60.3889
 30
0.0
 11
10.546
 21
60.2312
 31
0.0
  0
LINE
  5
759
  8
0
 10
10.546
 20
60.2312
 30
0.0
 11
10.4142
 21
60.0858
 31
0.0
  0
LINE
  5
75A
  8
0
 10
10.4142
 20
60.0858
 30
0.0
 11
10.2688
 21
59.954
 31
0.0
  0
LINE
  5
75B
  8
0
 10
10.2688
 20
59.954
 30
0.0
 11
10.1111
 21
59.8371
 31
0.0
  0
LINE
  5
75C
  8
0
 10
10.1111
 20
59.8371
 30
0.0
 11
9.94278
 21
59.7362
 31
0.0
  0
LINE
  5
75D
  8
0
 10
9.94278
 20
59.7362
 30
0.0
 11
9.76537
 21
59.6523
 31
0.0
  0
LINE
  5
75E
  8
0
 10
9.76537
 20
59.6523
 30
0.0
 11
9.58057
 21
59.5861
 31
0.0
  0
LINE
  5
75F
  8
0
 10
9.58057
 20
59.5861
 30
0.0
 11
9.39017
 21
59.5384
 31
0.0
  0
LINE
  5
760
  8
0
 10
9.39017
 20
59.5384
 30
0.0
 11
9.19603
 21
59.5096
 31
0.0
  0
LINE
  5
761
  8
0
 10
9.19603
 20
59.5096
 30
0.0
 11
9.0
 21
59.5
 31
0.0
  0
LINE
  5
762
  8
0
 10
9.0
 20
59.5
 30
0.0
 11
6.5
 21
59.5
 31
0.0
  0
LINE
  5
763
  8
0
 10
9.5
 20
62.5
 30
0.0
 11
7.5
 21
62.5
 31
0.0
  0
LINE
  5
764
  8
0
 10
7.5
 20
62.5
 30
0.0
 11
7.5
 21
60.5
 31
0.0
  0
LINE
  5
765
  8
0
 10
7.5
 20
60.5
 30
0.0
 11
9.5
 21
60.5
 31
0.0
  0
LINE
  5
766
  8
0
 10
9.5
 20
60.5
 30
0.0
 11
9.5
 21
62.5
 31
0.0
  0
LINE
  5
767
  8
0
 10
24.0
 20
59.5
 30
0.0
 11
24.0
 21
63.5
 31
0.0
  0
LINE
  5
768
  8
0
 10
24.0
 20
63.5
 30
0.0
 11
26.5
 21
63.5
 31
0.0
  0
LINE
  5
769
  8
0
 10
26.5
 20
63.5
 30
0.0
 11
26.696
 21
63.4904
 31
0.0
  0
LINE
  5
76A
  8
0
 10
26.696
 20
63.4904
 30
0.0
 11
26.8902
 21
63.4616
 31
0.0
  0
LINE
  5
76B
  8
0
 10
26.8902
 20
63.4616
 30
0.0
 11
27.0806
 21
63.4139
 31
0.0
  0
LINE
  5
76C
  8
0
 10
27.0806
 20
63.4139
 30
0.0
 11
27.2654
 21
63.3477
 31
0.0
  0
LINE
  5
76D
  8
0
 10
27.2654
 20
63.3477
 30
0.0
 11
27.4428
 21
63.2638
 31
0.0
  0
LINE
  5
76E
  8
0
 10
27.4428
 20
63.2638
 30
0.0
 11
27.6111
 21
63.1629
 31
0.0
  0
LINE
  5
76F
  8
0
 10
27.6111
 20
63.1629
 30
0.0
 11
27.7688
 21
63.046
 31
0.0
  0
LINE
  5
770
  8
0
 10
27.7688
 20
63.046
 30
0.0
 11
27.9142
 21
62.9142
 31
0.0
  0
LINE
  5
771
  8
0
 10
27.9142
 20
62.9142
 30
0.0
 11
28.046
 21
62.7688
 31
0.0
  0
LINE
  5
772
  8
0
 10
28.046
 20
62.7688
 30
0.0
 11
28.1629
 21
62.6111
 31
0.0
  0
LINE
  5
773
  8
0
 10
28.1629
 20
62.6111
 30
0.0
 11
28.2638
 21
62.4428
 31
0.0
  0
LINE
  5
774
  8
0
 10
28.2638
 20
62.4428
 30
0.0
 11
28.3477
 21
62.2654
 31
0.0
  0
LINE
  5
775
  8
0
 10
28.3477
 20
62.2654
 30
0.0
 11
28.4139
 21
62.0806
 31
0.0
  0
LINE
  5
776
  8
0
 10
28.4139
 20
62.0806
 30
0.0
 11
28.4616
 21
61.8902
 31
0.0
  0
LINE
  5
777
  8
0
 10
28.4616
 20
61.8902
 30
0.0
 11
28.4904
 21
61.696
 31
0.0
  0
LINE
  5
778
  8
0
 10
28.4904
 20
61.696
 30
0.0
 11
28.5
 21
61.5
 31
0.0
  0
LINE
  5
779
  8
0
 10
28.5
 20
61.5
 30
0.0
 11
28.4904
 21
61.304
 31
0.0
  0
LINE
  5
77A
  8
0
 10
28.4904
 20
61.304
 30
0.0
 11
28.4616
 21
61.1098
 31
0.0
  0
LINE
  5
77B
  8
0
 10
28.4616
 20
61.1098
 30
0.0
 11
28.4139
 21
60.9194
 31
0.0
  0
LINE
  5
77C
  8
0
 10
28.4139
 20
60.9194
 30
0.0
 11
28.3477
 21
60.7346
 31
0.0
  0
LINE
  5
77D
  8
0
 10
28.3477
 20
60.7346
 30
0.0
 11
28.2638
 21
60.5572
 31
0.0
  0
LINE
  5
77E
  8
0
 10
28.2638
 20
60.5572
 30
0.0
 11
28.1629
 21
60.3889
 31
0.0
  0
LINE
  5
77F
  8
0
 10
28.1629
 20
60.3889
 30
0.0
 11
28.046
 21
60.2312
 31
0.0
  0
LINE
  5
780
  8
0
 10
28.046
 20
60.2312
 30
0.0
 11
27.9142
 21
60.0858
 31
0.0
  0
LINE
  5
781
  8
0
 10
27.9142
 20
60.0858
 30
0.0
 11
27.7688
 21
59.954
 31
0.0
  0
LINE
  5
782
  8
0
 10
27.7688
 20
59.954
 30
0.0
 11
27.6111
 21
59.8371
 31
0.0
  0
LINE
  5
783
  8
0
 10
27.6111
 20
59.8371
 30
0.0
 11
27.4428
 21
59.7362
 31
0.0
  0
LINE
  5
784
  8
0
 10
27.4428
 20
59.7362
 30
0.0
 11
27.2654
 21
59.6523
 31
0.0
  0
LINE
  5
785
  8
0
 10
27.2654
 20
59.6523
 30
0.0
 11
27.0806
 21
59.5861
 31
0.0
  0
LINE
  5
786
  8
0
 10
27.0806
 20
59.5861
 30
0.0
 11
26.8902
 21
59.5384
 31
0.0
  0
LINE
  5
787
  8
0
 10
26.8902
 20
59.5384
 30
0.0
 11
26.696
 21
59.5096
 31
0.0
  0
LINE
  5
788
  8
0
 10
26.696
 20
59.5096
 30
0.0
 11
26.5
 21
59.5
 31
0.0
  0
LINE
  5
789
  8
0
 10
26.5
 20
59.5
 30
0.0
 11
24.0
 21
59.5
 31
0.0
  0
LINE
  5
78A
  8
0
 10
27.0
 20
62.5
 30
0.0
 11
25.0
 21
62.5
 31
0.0
  0
LINE
  5
78B
  8
0
 10
25.0
 20
62.5
 30
0.0
 11
25.0
 21
60.5
 31
0.0
  0
LINE
  5
78C
  8
0
 10
25.0
 20
60.5
 30
0.0
 11
27.0
 21
60.5
 31
0.0
  0
LINE
  5
78D
  8
0
 10
27.0
 20
60.5
 30
0.0
 11
27.0
 21
62.5
 31
0.0
  0
LINE
  5
78E
  8
0
 10
59.0
 20
59.5
 30
0.0
 11
59.0
 21
63.5
 31
0.0
  0
LINE
  5
78F
  8
0
 10
59.0
 20
63.5
 30
0.0
 11
61.5
 21
63.5
 31
0.0
  0
LINE
  5
790
  8
0
 10
61.5
 20
63.5
 30
0.0
 11
61.696
 21
63.4904
 31
0.0
  0
LINE
  5
791
  8
0
 10
61.696
 20
63.4904
 30
0.0
 11
61.8902
 21
63.4616
 31
0.0
  0
LINE
  5
792
  8
0
 10
61.8902
 20
63.4616
 30
0.0
 11
62.0806
 21
63.4139
 31
0.0
  0
LINE
  5
793
  8
0
 10
62.0806
 20
63.4139
 30
0.0
 11
62.2654
 21
63.3477
 31
0.0
  0
LINE
  5
794
  8
0
 10
62.2654
 20
63.3477
 30
0.0
 11
62.4428
 21
63.2638
 31
0.0
  0
LINE
  5
795
  8
0
 10
62.4428
 20
63.2638
 30
0.0
 11
62.6111
 21
63.1629
 31
0.0
  0
LINE
  5
796
  8
0
 10
62.6111
 20
63.1629
 30
0.0
 11
62.7688
 21
63.046
 31
0.0
  0
LINE
  5
797
  8
0
 10
62.7688
 20
63.046
 30
0.0
 11
62.9142
 21
62.9142
 31
0.0
  0
LINE
  5
798
  8
0
 10
62.9142
 20
62.9142
 30
0.0
 11
63.046
 21
62.7688
 31
0.0
  0
LINE
  5
799
  8
0
 10
63.046
 20
62.7688
 30
0.0
 11
63.1629
 21
62.6111
 31
0.0
  0
LINE
  5
79A
  8
0
 10
63.1629
 20
62.6111
 30
0.0
 11
63.2638
 21
62.4428
 31
0.0
  0
LINE
  5
79B
  8
0
 10
63.2638
 20
62.4428
 30
0.0
 11
63.3477
 21
62.2654
 31
0.0
  0
LINE
  5
79C
  8
0
 10
63.3477
 20
62.2654
 30
0.0
 11
63.4139
 21
62.0806
 31
0.0
  0
LINE
  5
79D
  8
0
 10
63.4139
 20
62.0806
 30
0.0
 11
63.4616
 21
61.8902
 31
0.0
  0
LINE
  5
79E
  8
0
 10
63.4616
 20
61.8902
 30
0.0
 11
63.4904
 21
61.696
 31
0.0
  0
LINE
  5
79F
  8
0
 10
63.4904
 20
61.696
 30
0.0
 11
63.5
 21
61.5
 31
0.0
  0
LINE
  5
7A0
  8
0
 10
63.5
 20
61.5
 30
0.0
 11
63.4904
 21
61.304
 31
0.0
  0
LINE
  5
7A1
  8
0
 10
63.4904
 20
61.304
 30
0.0
 11
63.4616
 21
61.1098
 31
0.0
  0
LINE
  5
7A2
  8
0
 10
63.4616
 20
61.1098
 30
0.0
 11
63.4139
 21
60.9194
 31
0.0
  0
LINE
  5
7A3
  8
0
 10
63.4139
 20
60.9194
 30
0.0
 11
63.3477
 21
60.7346
 31
0.0
  0
LINE
  5
7A4
  8
0
 10
63.3477
 20
60.7346
 30
0.0
 11
63.2638
 21
60.5572
 31
0.0
  0
LINE
  5
7A5
  8
0
 10
63.2638
 20
60.5572
 30
0.0
 11
63.1629
 21
60.3889
 31
0.0
  0
LINE
  5
7A6
  8
0
 10
63.1629
 20
60.3889
 30
0.0
 11
63.046
 21
60.2312
 31
0.0
  0
LINE
  5
7A7
  8
0
 10
63.046
 20
60.2312
 30
0.0
 11
62.9142
 21
60.0858
 31
0.0
  0
LINE
  5
7A8
  8
0
 10
62.9142
 20
60.0858
 30
0.0
 11
62.7688
 21
59.954
 31
0.0
  0
LINE
  5
7A9
  8
0
 10
62.7688
 20
59.954
 30
0.0
 11
62.6111
 21
59.8371
 31
0.0
  0
LINE
  5
7AA
  8
0
 10
62.6111
 20
59.8371
 30
0.0
 11
62.4428
 21
59.7362
 31
0.0
  0
LINE
  5
7AB
  8
0
 10
62.4428
 20
59.7362
 30
0.0
 11
62.2654
 21
59.6523
 31
0.0
  0
LINE
  5
7AC
  8
0
 10
62.2654
 20
59.6523
 30
0.0
 11
62.0806
 21
59.5861
 31
0.0
  0
LINE
  5
7AD
  8
0
 10
62.0806
 20
59.5861
 30
0.0
 11
61.8902
 21
59.5384
 31
0.0
  0
LINE
  5
7AE
  8
0
 10
61.8902
 20
59.5384
 30
0.0
 11
61.696
 21
59.5096
 31
0.0
  0
LINE
  5
7AF
  8
0
 10
61.696
 20
59.5096
 30
0.0
 11
61.5
 21
59.5
 31
0.0
  0
LINE
  5
7B0
  8
0
 10
61.5
 20
59.5
 30
0.0
 11
59.0
 21
59.5
 31
0.0
  0
LINE
  5
7B1
  8
0
 10
62.0
 20
62.5
 30
0.0
 11
60.0
 21
62.5
 31
0.0
  0
LINE
  5
7B2
  8
0
 10
60.0
 20
62.5
 30
0.0
 11
60.0
 21
60.5
 31
0.0
  0
LINE
  5
7B3
  8
0
 10
60.0
 20
60.5
 30
0.0
 11
62.0
 21
60.5
 31
0.0
  0
LINE
  5
7B4
  8
0
 10
62.0
 20
60.5
 30
0.0
 11
62.0
 21
62.5
 31
0.0
  0
LINE
  5
7B5
  8
0
 10
20.5
 20
53.5
 30
0.0
 11
20.304
 21
53.5096
 31
0.0
  0
LINE
  5
7B6
  8
0
 10
20.304
 20
53.5096
 30
0.0
 11
20.1098
 21
53.5384
 31
0.0
  0
LINE
  5
7B7
  8
0
 10
20.1098
 20
53.5384
 30
0.0
 11
19.9194
 21
53.5861
 31
0.0
  0
LINE
  5
7B8
  8
0
 10
19.9194
 20
53.5861
 30
0.0
 11
19.7346
 21
53.6523
 31
0.0
  0
LINE
  5
7B9
  8
0
 10
19.7346
 20
53.6523
 30
0.0
 11
19.5572
 21
53.7362
 31
0.0
  0
LINE
  5
7BA
  8
0
 10
19.5572
 20
53.7362
 30
0.0
 11
19.3889
 21
53.8371
 31
0.0
  0
LINE
  5
7BB
  8
0
 10
19.3889
 20
53.8371
 30
0.0
 11
19.2312
 21
53.954
 31
0.0
  0
LINE
  5
7BC
  8
0
 10
19.2312
 20
53.954
 30
0.0
 11
19.0858
 21
54.0858
 31
0.0
  0
LINE
  5
7BD
  8
0
 10
19.0858
 20
54.0858
 30
0.0
 11
18.954
 21
54.2312
 31
0.0
  0
LINE
  5
7BE
  8
0
 10
18.954
 20
54.2312
 30
0.0
 11
18.8371
 21
54.3889
 31
0.0
  0
LINE
  5
7BF
  8
0
 10
18.8371
 20
54.3889
 30
0.0
 11
18.7362
 21
54.5572
 31
0.0
  0
LINE
  5
7C0
  8
0
 10
18.7362
 20
54.5572
 30
0.0
 11
18.6523
 21
54.7346
 31
0.0
  0
LINE
  5
7C1
  8
0
 10
18.6523
 20
54.7346
 30
0.0
 11
18.5861
 21
54.9194
 31
0.0
  0
LINE
  5
7C2
  8
0
 10
18.5861
 20
54.9194
 30
0.0
 11
18.5384
 21
55.1098
 31
0.0
  0
LINE
  5
7C3
  8
0
 10
18.5384
 20
55.1098
 30
0.0
 11
18.5096
 21
55.304
 31
0.0
  0
LINE
  5
7C4
  8
0
 10
18.5096
 20
55.304
 30
0.0
 11
18.5
 21
55.5
 31
0.0
  0
LINE
  5
7C5
  8
0
 10
18.5
 20
55.5
 30
0.0
 11
18.5096
 21
55.696
 31
0.0
  0
LINE
  5
7C6
  8
0
 10
18.5096
 20
55.696
 30
0.0
 11
18.5384
 21
55.8902
 31
0.0
  0
LINE
  5
7C7
  8
0
 10
18.5384
 20
55.8902
 30
0.0
 11
18.5861
 21
56.0806
 31
0.0
  0
LINE
  5
7C8
  8
0
 10
18.5861
 20
56.0806
 30
0.0
 11
18.6523
 21
56.2654
 31
0.0
  0
LINE
  5
7C9
  8
0
 10
18.6523
 20
56.2654
 30
0.0
 11
18.7362
 21
56.4428
 31
0.0
  0
LINE
  5
7CA
  8
0
 10
18.7362
 20
56.4428
 30
0.0
 11
18.8371
 21
56.6111
 31
0.0
  0
LINE
  5
7CB
  8
0
 10
18.8371
 20
56.6111
 30
0.0
 11
18.954
 21
56.7688
 31
0.0
  0
LINE
  5
7CC
  8
0
 10
18.954
 20
56.7688
 30
0.0
 11
19.0858
 21
56.9142
 31
0.0
  0
LINE
  5
7CD
  8
0
 10
19.0858
 20
56.9142
 30
0.0
 11
19.2312
 21
57.046
 31
0.0
  0
LINE
  5
7CE
  8
0
 10
19.2312
 20
57.046
 30
0.0
 11
19.3889
 21
57.1629
 31
0.0
  0
LINE
  5
7CF
  8
0
 10
19.3889
 20
57.1629
 30
0.0
 11
19.5572
 21
57.2638
 31
0.0
  0
LINE
  5
7D0
  8
0
 10
19.5572
 20
57.2638
 30
0.0
 11
19.7346
 21
57.3477
 31
0.0
  0
LINE
  5
7D1
  8
0
 10
19.7346
 20
57.3477
 30
0.0
 11
19.9194
 21
57.4139
 31
0.0
  0
LINE
  5
7D2
  8
0
 10
19.9194
 20
57.4139
 30
0.0
 11
20.1098
 21
57.4616
 31
0.0
  0
LINE
  5
7D3
  8
0
 10
20.1098
 20
57.4616
 30
0.0
 11
20.304
 21
57.4904
 31
0.0
  0
LINE
  5
7D4
  8
0
 10
20.304
 20
57.4904
 30
0.0
 11
20.5
 21
57.5
 31
0.0
  0
LINE
  5
7D5
  8
0
 10
20.5
 20
57.5
 30
0.0
 11
23.0
 21
57.5
 31
0.0
  0
LINE
  5
7D6
  8
0
 10
23.0
 20
57.5
 30
0.0
 11
23.0
 21
53.5
 31
0.0
  0
LINE
  5
7D7
  8
0
 10
23.0
 20
53.5
 30
0.0
 11
20.5
 21
53.5
 31
0.0
  0
LINE
  5
7D8
  8
0
 10
22.0
 20
56.5
 30
0.0
 11
20.0
 21
56.5
 31
0.0
  0
LINE
  5
7D9
  8
0
 10
20.0
 20
56.5
 30
0.0
 11
20.0
 21
54.5
 31
0.0
  0
LINE
  5
7DA
  8
0
 10
20.0
 20
54.5
 30
0.0
 11
22.0
 21
54.5
 31
0.0
  0
LINE
  5
7DB
  8
0
 10
22.0
 20
54.5
 30
0.0
 11
22.0
 21
56.5
 31
0.0
  0
LINE
  5
7DC
  8
0
 10
6.5
 20
53.5
 30
0.0
 11
6.5
 21
57.5
 31
0.0
  0
LINE
  5
7DD
  8
0
 10
6.5
 20
57.5
 30
0.0
 11
9.0
 21
57.5
 31
0.0
  0
LINE
  5
7DE
  8
0
 10
9.0
 20
57.5
 30
0.0
 11
9.19603
 21
57.4904
 31
0.0
  0
LINE
  5
7DF
  8
0
 10
9.19603
 20
57.4904
 30
0.0
 11
9.39017
 21
57.4616
 31
0.0
  0
LINE
  5
7E0
  8
0
 10
9.39017
 20
57.4616
 30
0.0
 11
9.58057
 21
57.4139
 31
0.0
  0
LINE
  5
7E1
  8
0
 10
9.58057
 20
57.4139
 30
0.0
 11
9.76537
 21
57.3477
 31
0.0
  0
LINE
  5
7E2
  8
0
 10
9.76537
 20
57.3477
 30
0.0
 11
9.94278
 21
57.2638
 31
0.0
  0
LINE
  5
7E3
  8
0
 10
9.94278
 20
57.2638
 30
0.0
 11
10.1111
 21
57.1629
 31
0.0
  0
LINE
  5
7E4
  8
0
 10
10.1111
 20
57.1629
 30
0.0
 11
10.2688
 21
57.046
 31
0.0
  0
LINE
  5
7E5
  8
0
 10
10.2688
 20
57.046
 30
0.0
 11
10.4142
 21
56.9142
 31
0.0
  0
LINE
  5
7E6
  8
0
 10
10.4142
 20
56.9142
 30
0.0
 11
10.546
 21
56.7688
 31
0.0
  0
LINE
  5
7E7
  8
0
 10
10.546
 20
56.7688
 30
0.0
 11
10.6629
 21
56.6111
 31
0.0
  0
LINE
  5
7E8
  8
0
 10
10.6629
 20
56.6111
 30
0.0
 11
10.7638
 21
56.4428
 31
0.0
  0
LINE
  5
7E9
  8
0
 10
10.7638
 20
56.4428
 30
0.0
 11
10.8477
 21
56.2654
 31
0.0
  0
LINE
  5
7EA
  8
0
 10
10.8477
 20
56.2654
 30
0.0
 11
10.9139
 21
56.0806
 31
0.0
  0
LINE
  5
7EB
  8
0
 10
10.9139
 20
56.0806
 30
0.0
 11
10.9616
 21
55.8902
 31
0.0
  0
LINE
  5
7EC
  8
0
 10
10.9616
 20
55.8902
 30
0.0
 11
10.9904
 21
55.696
 31
0.0
  0
LINE
  5
7ED
  8
0
 10
10.9904
 20
55.696
 30
0.0
 11
11.0
 21
55.5
 31
0.0
  0
LINE
  5
7EE
  8
0
 10
11.0
 20
55.5
 30
0.0
 11
10.9904
 21
55.304
 31
0.0
  0
LINE
  5
7EF
  8
0
 10
10.9904
 20
55.304
 30
0.0
 11
10.9616
 21
55.1098
 31
0.0
  0
LINE
  5
7F0
  8
0
 10
10.9616
 20
55.1098
 30
0.0
 11
10.9139
 21
54.9194
 31
0.0
  0
LINE
  5
7F1
  8
0
 10
10.9139
 20
54.9194
 30
0.0
 11
10.8477
 21
54.7346
 31
0.0
  0
LINE
  5
7F2
  8
0
 10
10.8477
 20
54.7346
 30
0.0
 11
10.7638
 21
54.5572
 31
0.0
  0
LINE
  5
7F3
  8
0
 10
10.7638
 20
54.5572
 30
0.0
 11
10.6629
 21
54.3889
 31
0.0
  0
LINE
  5
7F4
  8
0
 10
10.6629
 20
54.3889
 30
0.0
 11
10.546
 21
54.2312
 31
0.0
  0
LINE
  5
7F5
  8
0
 10
10.546
 20
54.2312
 30
0.0
 11
10.4142
 21
54.0858
 31
0.0
  0
LINE
  5
7F6
  8
0
 10
10.4142
 20
54.0858
 30
0.0
 11
10.2688
 21
53.954
 31
0.0
  0
LINE
  5
7F7
  8
0
 10
10.2688
 20
53.954
 30
0.0
 11
10.1111
 21
53.8371
 31
0.0
  0
LINE
  5
7F8
  8
0
 10
10.1111
 20
53.8371
 30
0.0
 11
9.94278
 21
53.7362
 31
0.0
  0
LINE
  5
7F9
  8
0
 10
9.94278
 20
53.7362
 30
0.0
 11
9.76537
 21
53.6523
 31
0.0
  0
LINE
  5
7FA
  8
0
 10
9.76537
 20
53.6523
 30
0.0
 11
9.58057
 21
53.5861
 31
0.0
  0
LINE
  5
7FB
  8
0
 10
9.58057
 20
53.5861
 30
0.0
 11
9.39017
 21
53.5384
 31
0.0
  0
LINE
  5
7FC
  8
0
 10
9.39017
 20
53.5384
 30
0.0
 11
9.19603
 21
53.5096
 31
0.0
  0
LINE
  5
7FD
  8
0
 10
9.19603
 20
53.5096
 30
0.0
 11
9.0
 21
53.5
 31
0.0
  0
LINE
  5
7FE
  8
0
 10
9.0
 20
53.5
 30
0.0
 11
6.5
 21
53.5
 31
0.0
  0
LINE
  5
7FF
  8
0
 10
9.5
 20
56.5
 30
0.0
 11
7.5
 21
56.5
 31
0.0
  0
LINE
  5
800
  8
0
 10
7.5
 20
56.5
 30
0.0
 11
7.5
 21
54.5
 31
0.0
  0
LINE
  5
801
  8
0
 10
7.5
 20
54.5
 30
0.0
 11
9.5
 21
54.5
 31
0.0
  0
LINE
  5
802
  8
0
 10
9.5
 20
54.5
 30
0.0
 11
9.5
 21
56.5
 31
0.0
  0
LINE
  5
803
  8
0
 10
3.0
 20
53.5
 30
0.0
 11
2.80397
 21
53.5096
 31
0.0
  0
LINE
  5
804
  8
0
 10
2.80397
 20
53.5096
 30
0.0
 11
2.60983
 21
53.5384
 31
0.0
  0
LINE
  5
805
  8
0
 10
2.60983
 20
53.5384
 30
0.0
 11
2.41943
 21
53.5861
 31
0.0
  0
LINE
  5
806
  8
0
 10
2.41943
 20
53.5861
 30
0.0
 11
2.23463
 21
53.6523
 31
0.0
  0
LINE
  5
807
  8
0
 10
2.23463
 20
53.6523
 30
0.0
 11
2.05722
 21
53.7362
 31
0.0
  0
LINE
  5
808
  8
0
 10
2.05722
 20
53.7362
 30
0.0
 11
1.88887
 21
53.8371
 31
0.0
  0
LINE
  5
809
  8
0
 10
1.88887
 20
53.8371
 30
0.0
 11
1.73122
 21
53.954
 31
0.0
  0
LINE
  5
80A
  8
0
 10
1.73122
 20
53.954
 30
0.0
 11
1.5858
 21
54.0858
 31
0.0
  0
LINE
  5
80B
  8
0
 10
1.5858
 20
54.0858
 30
0.0
 11
1.45398
 21
54.2312
 31
0.0
  0
LINE
  5
80C
  8
0
 10
1.45398
 20
54.2312
 30
0.0
 11
1.33707
 21
54.3889
 31
0.0
  0
LINE
  5
80D
  8
0
 10
1.33707
 20
54.3889
 30
0.0
 11
1.23616
 21
54.5572
 31
0.0
  0
LINE
  5
80E
  8
0
 10
1.23616
 20
54.5572
 30
0.0
 11
1.15225
 21
54.7346
 31
0.0
  0
LINE
  5
80F
  8
0
 10
1.15225
 20
54.7346
 30
0.0
 11
1.08612
 21
54.9194
 31
0.0
  0
LINE
  5
810
  8
0
 10
1.08612
 20
54.9194
 30
0.0
 11
1.03844
 21
55.1098
 31
0.0
  0
LINE
  5
811
  8
0
 10
1.03844
 20
55.1098
 30
0.0
 11
1.00964
 21
55.304
 31
0.0
  0
LINE
  5
812
  8
0
 10
1.00964
 20
55.304
 30
0.0
 11
1.0
 21
55.5
 31
0.0
  0
LINE
  5
813
  8
0
 10
1.0
 20
55.5
 30
0.0
 11
1.00964
 21
55.696
 31
0.0
  0
LINE
  5
814
  8
0
 10
1.00964
 20
55.696
 30
0.0
 11
1.03844
 21
55.8902
 31
0.0
  0
LINE
  5
815
  8
0
 10
1.03844
 20
55.8902
 30
0.0
 11
1.08612
 21
56.0806
 31
0.0
  0
LINE
  5
816
  8
0
 10
1.08612
 20
56.0806
 30
0.0
 11
1.15225
 21
56.2654
 31
0.0
  0
LINE
  5
817
  8
0
 10
1.15225
 20
56.2654
 30
0.0
 11
1.23616
 21
56.4428
 31
0.0
  0
LINE
  5
818
  8
0
 10
1.23616
 20
56.4428
 30
0.0
 11
1.33707
 21
56.6111
 31
0.0
  0
LINE
  5
819
  8
0
 10
1.33707
 20
56.6111
 30
0.0
 11
1.45398
 21
56.7688
 31
0.0
  0
LINE
  5
81A
  8
0
 10
1.45398
 20
56.7688
 30
0.0
 11
1.5858
 21
56.9142
 31
0.0
  0
LINE
  5
81B
  8
0
 10
1.5858
 20
56.9142
 30
0.0
 11
1.73122
 21
57.046
 31
0.0
  0
LINE
  5
81C
  8
0
 10
1.73122
 20
57.046
 30
0.0
 11
1.88887
 21
57.1629
 31
0.0
  0
LINE
  5
81D
  8
0
 10
1.88887
 20
57.1629
 30
0.0
 11
2.05722
 21
57.2638
 31
0.0
  0
LINE
  5
81E
  8
0
 10
2.05722
 20
57.2638
 30
0.0
 11
2.23463
 21
57.3477
 31
0.0
  0
LINE
  5
81F
  8
0
 10
2.23463
 20
57.3477
 30
0.0
 11
2.41943
 21
57.4139
 31
0.0
  0
LINE
  5
820
  8
0
 10
2.41943
 20
57.4139
 30
0.0
 11
2.60983
 21
57.4616
 31
0.0
  0
LINE
  5
821
  8
0
 10
2.60983
 20
57.4616
 30
0.0
 11
2.80397
 21
57.4904
 31
0.0
  0
LINE
  5
822
  8
0
 10
2.80397
 20
57.4904
 30
0.0
 11
3.0
 21
57.5
 31
0.0
  0
LINE
  5
823
  8
0
 10
3.0
 20
57.5
 30
0.0
 11
5.5
 21
57.5
 31
0.0
  0
LINE
  5
824
  8
0
 10
5.5
 20
57.5
 30
0.0
 11
5.5
 21
53.5
 31
0.0
  0
LINE
  5
825
  8
0
 10
5.5
 20
53.5
 30
0.0
 11
3.0
 21
53.5
 31
0.0
  0
LINE
  5
826
  8
0
 10
4.5
 20
56.5
 30
0.0
 11
2.5
 21
56.5
 31
0.0
  0
LINE
  5
827
  8
0
 10
2.5
 20
56.5
 30
0.0
 11
2.5
 21
54.5
 31
0.0
  0
LINE
  5
828
  8
0
 10
2.5
 20
54.5
 30
0.0
 11
4.5
 21
54.5
 31
0.0
  0
LINE
  5
829
  8
0
 10
4.5
 20
54.5
 30
0.0
 11
4.5
 21
56.5
 31
0.0
  0
LINE
  5
82A
  8
0
 10
38.0
 20
53.5
 30
0.0
 11
37.804
 21
53.5096
 31
0.0
  0
LINE
  5
82B
  8
0
 10
37.804
 20
53.5096
 30
0.0
 11
37.6098
 21
53.5384
 31
0.0
  0
LINE
  5
82C
  8
0
 10
37.6098
 20
53.5384
 30
0.0
 11
37.4194
 21
53.5861
 31
0.0
  0
LINE
  5
82D
  8
0
 10
37.4194
 20
53.5861
 30
0.0
 11
37.2346
 21
53.6523
 31
0.0
  0
LINE
  5
82E
  8
0
 10
37.2346
 20
53.6523
 30
0.0
 11
37.0572
 21
53.7362
 31
0.0
  0
LINE
  5
82F
  8
0
 10
37.0572
 20
53.7362
 30
0.0
 11
36.8889
 21
53.8371
 31
0.0
  0
LINE
  5
830
  8
0
 10
36.8889
 20
53.8371
 30
0.0
 11
36.7312
 21
53.954
 31
0.0
  0
LINE
  5
831
  8
0
 10
36.7312
 20
53.954
 30
0.0
 11
36.5858
 21
54.0858
 31
0.0
  0
LINE
  5
832
  8
0
 10
36.5858
 20
54.0858
 30
0.0
 11
36.454
 21
54.2312
 31
0.0
  0
LINE
  5
833
  8
0
 10
36.454
 20
54.2312
 30
0.0
 11
36.3371
 21
54.3889
 31
0.0
  0
LINE
  5
834
  8
0
 10
36.3371
 20
54.3889
 30
0.0
 11
36.2362
 21
54.5572
 31
0.0
  0
LINE
  5
835
  8
0
 10
36.2362
 20
54.5572
 30
0.0
 11
36.1523
 21
54.7346
 31
0.0
  0
LINE
  5
836
  8
0
 10
36.1523
 20
54.7346
 30
0.0
 11
36.0861
 21
54.9194
 31
0.0
  0
LINE
  5
837
  8
0
 10
36.0861
 20
54.9194
 30
0.0
 11
36.0384
 21
55.1098
 31
0.0
  0
LINE
  5
838
  8
0
 10
36.0384
 20
55.1098
 30
0.0
 11
36.0096
 21
55.304
 31
0.0
  0
LINE
  5
839
  8
0
 10
36.0096
 20
55.304
 30
0.0
 11
36.0
 21
55.5
 31
0.0
  0
LINE
  5
83A
  8
0
 10
36.0
 20
55.5
 30
0.0
 11
36.0096
 21
55.696
 31
0.0
  0
LINE
  5
83B
  8
0
 10
36.0096
 20
55.696
 30
0.0
 11
36.0384
 21
55.8902
 31
0.0
  0
LINE
  5
83C
  8
0
 10
36.0384
 20
55.8902
 30
0.0
 11
36.0861
 21
56.0806
 31
0.0
  0
LINE
  5
83D
  8
0
 10
36.0861
 20
56.0806
 30
0.0
 11
36.1523
 21
56.2654
 31
0.0
  0
LINE
  5
83E
  8
0
 10
36.1523
 20
56.2654
 30
0.0
 11
36.2362
 21
56.4428
 31
0.0
  0
LINE
  5
83F
  8
0
 10
36.2362
 20
56.4428
 30
0.0
 11
36.3371
 21
56.6111
 31
0.0
  0
LINE
  5
840
  8
0
 10
36.3371
 20
56.6111
 30
0.0
 11
36.454
 21
56.7688
 31
0.0
  0
LINE
  5
841
  8
0
 10
36.454
 20
56.7688
 30
0.0
 11
36.5858
 21
56.9142
 31
0.0
  0
LINE
  5
842
  8
0
 10
36.5858
 20
56.9142
 30
0.0
 11
36.7312
 21
57.046
 31
0.0
  0
LINE
  5
843
  8
0
 10
36.7312
 20
57.046
 30
0.0
 11
36.8889
 21
57.1629
 31
0.0
  0
LINE
  5
844
  8
0
 10
36.8889
 20
57.1629
 30
0.0
 11
37.0572
 21
57.2638
 31
0.0
  0
LINE
  5
845
  8
0
 10
37.0572
 20
57.2638
 30
0.0
 11
37.2346
 21
57.3477
 31
0.0
  0
LINE
  5
846
  8
0
 10
37.2346
 20
57.3477
 30
0.0
 11
37.4194
 21
57.4139
 31
0.0
  0
LINE
  5
847
  8
0
 10
37.4194
 20
57.4139
 30
0.0
 11
37.6098
 21
57.4616
 31
0.0
  0
LINE
  5
848
  8
0
 10
37.6098
 20
57.4616
 30
0.0
 11
37.804
 21
57.4904
 31
0.0
  0
LINE
  5
849
  8
0
 10
37.804
 20
57.4904
 30
0.0
 11
38.0
 21
57.5
 31
0.0
  0
LINE
  5
84A
  8
0
 10
38.0
 20
57.5
 30
0.0
 11
40.5
 21
57.5
 31
0.0
  0
LINE
  5
84B
  8
0
 10
40.5
 20
57.5
 30
0.0
 11
40.5
 21
53.5
 31
0.0
  0
LINE
  5
84C
  8
0
 10
40.5
 20
53.5
 30
0.0
 11
38.0
 21
53.5
 31
0.0
  0
LINE
  5
84D
  8
0
 10
39.5
 20
56.5
 30
0.0
 11
37.5
 21
56.5
 31
0.0
  0
LINE
  5
84E
  8
0
 10
37.5
 20
56.5
 30
0.0
 11
37.5
 21
54.5
 31
0.0
  0
LINE
  5
84F
  8
0
 10
37.5
 20
54.5
 30
0.0
 11
39.5
 21
54.5
 31
0.0
  0
LINE
  5
850
  8
0
 10
39.5
 20
54.5
 30
0.0
 11
39.5
 21
56.5
 31
0.0
  0
LINE
  5
851
  8
0
 10
55.5
 20
53.5
 30
0.0
 11
55.304
 21
53.5096
 31
0.0
  0
LINE
  5
852
  8
0
 10
55.304
 20
53.5096
 30
0.0
 11
55.1098
 21
53.5384
 31
0.0
  0
LINE
  5
853
  8
0
 10
55.1098
 20
53.5384
 30
0.0
 11
54.9194
 21
53.5861
 31
0.0
  0
LINE
  5
854
  8
0
 10
54.9194
 20
53.5861
 30
0.0
 11
54.7346
 21
53.6523
 31
0.0
  0
LINE
  5
855
  8
0
 10
54.7346
 20
53.6523
 30
0.0
 11
54.5572
 21
53.7362
 31
0.0
  0
LINE
  5
856
  8
0
 10
54.5572
 20
53.7362
 30
0.0
 11
54.3889
 21
53.8371
 31
0.0
  0
LINE
  5
857
  8
0
 10
54.3889
 20
53.8371
 30
0.0
 11
54.2312
 21
53.954
 31
0.0
  0
LINE
  5
858
  8
0
 10
54.2312
 20
53.954
 30
0.0
 11
54.0858
 21
54.0858
 31
0.0
  0
LINE
  5
859
  8
0
 10
54.0858
 20
54.0858
 30
0.0
 11
53.954
 21
54.2312
 31
0.0
  0
LINE
  5
85A
  8
0
 10
53.954
 20
54.2312
 30
0.0
 11
53.8371
 21
54.3889
 31
0.0
  0
LINE
  5
85B
  8
0
 10
53.8371
 20
54.3889
 30
0.0
 11
53.7362
 21
54.5572
 31
0.0
  0
LINE
  5
85C
  8
0
 10
53.7362
 20
54.5572
 30
0.0
 11
53.6523
 21
54.7346
 31
0.0
  0
LINE
  5
85D
  8
0
 10
53.6523
 20
54.7346
 30
0.0
 11
53.5861
 21
54.9194
 31
0.0
  0
LINE
  5
85E
  8
0
 10
53.5861
 20
54.9194
 30
0.0
 11
53.5384
 21
55.1098
 31
0.0
  0
LINE
  5
85F
  8
0
 10
53.5384
 20
55.1098
 30
0.0
 11
53.5096
 21
55.304
 31
0.0
  0
LINE
  5
860
  8
0
 10
53.5096
 20
55.304
 30
0.0
 11
53.5
 21
55.5
 31
0.0
  0
LINE
  5
861
  8
0
 10
53.5
 20
55.5
 30
0.0
 11
53.5096
 21
55.696
 31
0.0
  0
LINE
  5
862
  8
0
 10
53.5096
 20
55.696
 30
0.0
 11
53.5384
 21
55.8902
 31
0.0
  0
LINE
  5
863
  8
0
 10
53.5384
 20
55.8902
 30
0.0
 11
53.5861
 21
56.0806
 31
0.0
  0
LINE
  5
864
  8
0
 10
53.5861
 20
56.0806
 30
0.0
 11
53.6523
 21
56.2654
 31
0.0
  0
LINE
  5
865
  8
0
 10
53.6523
 20
56.2654
 30
0.0
 11
53.7362
 21
56.4428
 31
0.0
  0
LINE
  5
866
  8
0
 10
53.7362
 20
56.4428
 30
0.0
 11
53.8371
 21
56.6111
 31
0.0
  0
LINE
  5
867
  8
0
 10
53.8371
 20
56.6111
 30
0.0
 11
53.954
 21
56.7688
 31
0.0
  0
LINE
  5
868
  8
0
 10
53.954
 20
56.7688
 30
0.0
 11
54.0858
 21
56.9142
 31
0.0
  0
LINE
  5
869
  8
0
 10
54.0858
 20
56.9142
 30
0.0
 11
54.2312
 21
57.046
 31
0.0
  0
LINE
  5
86A
  8
0
 10
54.2312
 20
57.046
 30
0.0
 11
54.3889
 21
57.1629
 31
0.0
  0
LINE
  5
86B
  8
0
 10
54.3889
 20
57.1629
 30
0.0
 11
54.5572
 21
57.2638
 31
0.0
  0
LINE
  5
86C
  8
0
 10
54.5572
 20
57.2638
 30
0.0
 11
54.7346
 21
57.3477
 31
0.0
  0
LINE
  5
86D
  8
0
 10
54.7346
 20
57.3477
 30
0.0
 11
54.9194
 21
57.4139
 31
0.0
  0
LINE
  5
86E
  8
0
 10
54.9194
 20
57.4139
 30
0.0
 11
55.1098
 21
57.4616
 31
0.0
  0
LINE
  5
86F
  8
0
 10
55.1098
 20
57.4616
 30
0.0
 11
55.304
 21
57.4904
 31
0.0
  0
LINE
  5
870
  8
0
 10
55.304
 20
57.4904
 30
0.0
 11
55.5
 21
57.5
 31
0.0
  0
LINE
  5
871
  8
0
 10
55.5
 20
57.5
 30
0.0
 11
58.0
 21
57.5
 31
0.0
  0
LINE
  5
872
  8
0
 10
58.0
 20
57.5
 30
0.0
 11
58.0
 21
53.5
 31
0.0
  0
LINE
  5
873
  8
0
 10
58.0
 20
53.5
 30
0.0
 11
55.5
 21
53.5
 31
0.0
  0
LINE
  5
874
  8
0
 10
57.0
 20
56.5
 30
0.0
 11
55.0
 21
56.5
 31
0.0
  0
LINE
  5
875
  8
0
 10
55.0
 20
56.5
 30
0.0
 11
55.0
 21
54.5
 31
0.0
  0
LINE
  5
876
  8
0
 10
55.0
 20
54.5
 30
0.0
 11
57.0
 21
54.5
 31
0.0
  0
LINE
  5
877
  8
0
 10
57.0
 20
54.5
 30
0.0
 11
57.0
 21
56.5
 31
0.0
  0
LINE
  5
878
  8
0
 10
59.0
 20
53.5
 30
0.0
 11
59.0
 21
57.5
 31
0.0
  0
LINE
  5
879
  8
0
 10
59.0
 20
57.5
 30
0.0
 11
61.5
 21
57.5
 31
0.0
  0
LINE
  5
87A
  8
0
 10
61.5
 20
57.5
 30
0.0
 11
61.696
 21
57.4904
 31
0.0
  0
LINE
  5
87B
  8
0
 10
61.696
 20
57.4904
 30
0.0
 11
61.8902
 21
57.4616
 31
0.0
  0
LINE
  5
87C
  8
0
 10
61.8902
 20
57.4616
 30
0.0
 11
62.0806
 21
57.4139
 31
0.0
  0
LINE
  5
87D
  8
0
 10
62.0806
 20
57.4139
 30
0.0
 11
62.2654
 21
57.3477
 31
0.0
  0
LINE
  5
87E
  8
0
 10
62.2654
 20
57.3477
 30
0.0
 11
62.4428
 21
57.2638
 31
0.0
  0
LINE
  5
87F
  8
0
 10
62.4428
 20
57.2638
 30
0.0
 11
62.6111
 21
57.1629
 31
0.0
  0
LINE
  5
880
  8
0
 10
62.6111
 20
57.1629
 30
0.0
 11
62.7688
 21
57.046
 31
0.0
  0
LINE
  5
881
  8
0
 10
62.7688
 20
57.046
 30
0.0
 11
62.9142
 21
56.9142
 31
0.0
  0
LINE
  5
882
  8
0
 10
62.9142
 20
56.9142
 30
0.0
 11
63.046
 21
56.7688
 31
0.0
  0
LINE
  5
883
  8
0
 10
63.046
 20
56.7688
 30
0.0
 11
63.1629
 21
56.6111
 31
0.0
  0
LINE
  5
884
  8
0
 10
63.1629
 20
56.6111
 30
0.0
 11
63.2638
 21
56.4428
 31
0.0
  0
LINE
  5
885
  8
0
 10
63.2638
 20
56.4428
 30
0.0
 11
63.3477
 21
56.2654
 31
0.0
  0
LINE
  5
886
  8
0
 10
63.3477
 20
56.2654
 30
0.0
 11
63.4139
 21
56.0806
 31
0.0
  0
LINE
  5
887
  8
0
 10
63.4139
 20
56.0806
 30
0.0
 11
63.4616
 21
55.8902
 31
0.0
  0
LINE
  5
888
  8
0
 10
63.4616
 20
55.8902
 30
0.0
 11
63.4904
 21
55.696
 31
0.0
  0
LINE
  5
889
  8
0
 10
63.4904
 20
55.696
 30
0.0
 11
63.5
 21
55.5
 31
0.0
  0
LINE
  5
88A
  8
0
 10
63.5
 20
55.5
 30
0.0
 11
63.4904
 21
55.304
 31
0.0
  0
LINE
  5
88B
  8
0
 10
63.4904
 20
55.304
 30
0.0
 11
63.4616
 21
55.1098
 31
0.0
  0
LINE
  5
88C
  8
0
 10
63.4616
 20
55.1098
 30
0.0
 11
63.4139
 21
54.9194
 31
0.0
  0
LINE
  5
88D
  8
0
 10
63.4139
 20
54.9194
 30
0.0
 11
63.3477
 21
54.7346
 31
0.0
  0
LINE
  5
88E
  8
0
 10
63.3477
 20
54.7346
 30
0.0
 11
63.2638
 21
54.5572
 31
0.0
  0
LINE
  5
88F
  8
0
 10
63.2638
 20
54.5572
 30
0.0
 11
63.1629
 21
54.3889
 31
0.0
  0
LINE
  5
890
  8
0
 10
63.1629
 20
54.3889
 30
0.0
 11
63.046
 21
54.2312
 31
0.0
  0
LINE
  5
891
  8
0
 10
63.046
 20
54.2312
 30
0.0
 11
62.9142
 21
54.0858
 31
0.0
  0
LINE
  5
892
  8
0
 10
62.9142
 20
54.0858
 30
0.0
 11
62.7688
 21
53.954
 31
0.0
  0
LINE
  5
893
  8
0
 10
62.7688
 20
53.954
 30
0.0
 11
62.6111
 21
53.8371
 31
0.0
  0
LINE
  5
894
  8
0
 10
62.6111
 20
53.8371
 30
0.0
 11
62.4428
 21
53.7362
 31
0.0
  0
LINE
  5
895
  8
0
 10
62.4428
 20
53.7362
 30
0.0
 11
62.2654
 21
53.6523
 31
0.0
  0
LINE
  5
896
  8
0
 10
62.2654
 20
53.6523
 30
0.0
 11
62.0806
 21
53.5861
 31
0.0
  0
LINE
  5
897
  8
0
 10
62.0806
 20
53.5861
 30
0.0
 11
61.8902
 21
53.5384
 31
0.0
  0
LINE
  5
898
  8
0
 10
61.8902
 20
53.5384
 30
0.0
 11
61.696
 21
53.5096
 31
0.0
  0
LINE
  5
899
  8
0
 10
61.696
 20
53.5096
 30
0.0
 11
61.5
 21
53.5
 31
0.0
  0
LINE
  5
89A
  8
0
 10
61.5
 20
53.5
 30
0.0
 11
59.0
 21
53.5
 31
0.0
  0
LINE
  5
89B
  8
0
 10
62.0
 20
56.5
 30
0.0
 11
60.0
 21
56.5
 31
0.0
  0
LINE
  5
89C
  8
0
 10
60.0
 20
56.5
 30
0.0
 11
60.0
 21
54.5
 31
0.0
  0
LINE
  5
89D
  8
0
 10
60.0
 20
54.5
 30
0.0
 11
62.0
 21
54.5
 31
0.0
  0
LINE
  5
89E
  8
0
 10
62.0
 20
54.5
 30
0.0
 11
62.0
 21
56.5
 31
0.0
  0
LINE
  5
89F
  8
0
 10
41.5
 20
53.5
 30
0.0
 11
41.5
 21
57.5
 31
0.0
  0
LINE
  5
8A0
  8
0
 10
41.5
 20
57.5
 30
0.0
 11
44.0
 21
57.5
 31
0.0
  0
LINE
  5
8A1
  8
0
 10
44.0
 20
57.5
 30
0.0
 11
44.196
 21
57.4904
 31
0.0
  0
LINE
  5
8A2
  8
0
 10
44.196
 20
57.4904
 30
0.0
 11
44.3902
 21
57.4616
 31
0.0
  0
LINE
  5
8A3
  8
0
 10
44.3902
 20
57.4616
 30
0.0
 11
44.5806
 21
57.4139
 31
0.0
  0
LINE
  5
8A4
  8
0
 10
44.5806
 20
57.4139
 30
0.0
 11
44.7654
 21
57.3477
 31
0.0
  0
LINE
  5
8A5
  8
0
 10
44.7654
 20
57.3477
 30
0.0
 11
44.9428
 21
57.2638
 31
0.0
  0
LINE
  5
8A6
  8
0
 10
44.9428
 20
57.2638
 30
0.0
 11
45.1111
 21
57.1629
 31
0.0
  0
LINE
  5
8A7
  8
0
 10
45.1111
 20
57.1629
 30
0.0
 11
45.2688
 21
57.046
 31
0.0
  0
LINE
  5
8A8
  8
0
 10
45.2688
 20
57.046
 30
0.0
 11
45.4142
 21
56.9142
 31
0.0
  0
LINE
  5
8A9
  8
0
 10
45.4142
 20
56.9142
 30
0.0
 11
45.546
 21
56.7688
 31
0.0
  0
LINE
  5
8AA
  8
0
 10
45.546
 20
56.7688
 30
0.0
 11
45.6629
 21
56.6111
 31
0.0
  0
LINE
  5
8AB
  8
0
 10
45.6629
 20
56.6111
 30
0.0
 11
45.7638
 21
56.4428
 31
0.0
  0
LINE
  5
8AC
  8
0
 10
45.7638
 20
56.4428
 30
0.0
 11
45.8477
 21
56.2654
 31
0.0
  0
LINE
  5
8AD
  8
0
 10
45.8477
 20
56.2654
 30
0.0
 11
45.9139
 21
56.0806
 31
0.0
  0
LINE
  5
8AE
  8
0
 10
45.9139
 20
56.0806
 30
0.0
 11
45.9616
 21
55.8902
 31
0.0
  0
LINE
  5
8AF
  8
0
 10
45.9616
 20
55.8902
 30
0.0
 11
45.9904
 21
55.696
 31
0.0
  0
LINE
  5
8B0
  8
0
 10
45.9904
 20
55.696
 30
0.0
 11
46.0
 21
55.5
 31
0.0
  0
LINE
  5
8B1
  8
0
 10
46.0
 20
55.5
 30
0.0
 11
45.9904
 21
55.304
 31
0.0
  0
LINE
  5
8B2
  8
0
 10
45.9904
 20
55.304
 30
0.0
 11
45.9616
 21
55.1098
 31
0.0
  0
LINE
  5
8B3
  8
0
 10
45.9616
 20
55.1098
 30
0.0
 11
45.9139
 21
54.9194
 31
0.0
  0
LINE
  5
8B4
  8
0
 10
45.9139
 20
54.9194
 30
0.0
 11
45.8477
 21
54.7346
 31
0.0
  0
LINE
  5
8B5
  8
0
 10
45.8477
 20
54.7346
 30
0.0
 11
45.7638
 21
54.5572
 31
0.0
  0
LINE
  5
8B6
  8
0
 10
45.7638
 20
54.5572
 30
0.0
 11
45.6629
 21
54.3889
 31
0.0
  0
LINE
  5
8B7
  8
0
 10
45.6629
 20
54.3889
 30
0.0
 11
45.546
 21
54.2312
 31
0.0
  0
LINE
  5
8B8
  8
0
 10
45.546
 20
54.2312
 30
0.0
 11
45.4142
 21
54.0858
 31
0.0
  0
LINE
  5
8B9
  8
0
 10
45.4142
 20
54.0858
 30
0.0
 11
45.2688
 21
53.954
 31
0.0
  0
LINE
  5
8BA
  8
0
 10
45.2688
 20
53.954
 30
0.0
 11
45.1111
 21
53.8371
 31
0.0
  0
LINE
  5
8BB
  8
0
 10
45.1111
 20
53.8371
 30
0.0
 11
44.9428
 21
53.7362
 31
0.0
  0
LINE
  5
8BC
  8
0
 10
44.9428
 20
53.7362
 30
0.0
 11
44.7654
 21
53.6523
 31
0.0
  0
LINE
  5
8BD
  8
0
 10
44.7654
 20
53.6523
 30
0.0
 11
44.5806
 21
53.5861
 31
0.0
  0
LINE
  5
8BE
  8
0
 10
44.5806
 20
53.5861
 30
0.0
 11
44.3902
 21
53.5384
 31
0.0
  0
LINE
  5
8BF
  8
0
 10
44.3902
 20
53.5384
 30
0.0
 11
44.196
 21
53.5096
 31
0.0
  0
LINE
  5
8C0
  8
0
 10
44.196
 20
53.5096
 30
0.0
 11
44.0
 21
53.5
 31
0.0
  0
LINE
  5
8C1
  8
0
 10
44.0
 20
53.5
 30
0.0
 11
41.5
 21
53.5
 31
0.0
  0
LINE
  5
8C2
  8
0
 10
44.5
 20
56.5
 30
0.0
 11
42.5
 21
56.5
 31
0.0
  0
LINE
  5
8C3
  8
0
 10
42.5
 20
56.5
 30
0.0
 11
42.5
 21
54.5
 31
0.0
  0
LINE
  5
8C4
  8
0
 10
42.5
 20
54.5
 30
0.0
 11
44.5
 21
54.5
 31
0.0
  0
LINE
  5
8C5
  8
0
 10
44.5
 20
54.5
 30
0.0
 11
44.5
 21
56.5
 31
0.0
  0
LINE
  5
8C6
  8
0
 10
24.0
 20
53.5
 30
0.0
 11
24.0
 21
57.5
 31
0.0
  0
LINE
  5
8C7
  8
0
 10
24.0
 20
57.5
 30
0.0
 11
26.5
 21
57.5
 31
0.0
  0
LINE
  5
8C8
  8
0
 10
26.5
 20
57.5
 30
0.0
 11
26.696
 21
57.4904
 31
0.0
  0
LINE
  5
8C9
  8
0
 10
26.696
 20
57.4904
 30
0.0
 11
26.8902
 21
57.4616
 31
0.0
  0
LINE
  5
8CA
  8
0
 10
26.8902
 20
57.4616
 30
0.0
 11
27.0806
 21
57.4139
 31
0.0
  0
LINE
  5
8CB
  8
0
 10
27.0806
 20
57.4139
 30
0.0
 11
27.2654
 21
57.3477
 31
0.0
  0
LINE
  5
8CC
  8
0
 10
27.2654
 20
57.3477
 30
0.0
 11
27.4428
 21
57.2638
 31
0.0
  0
LINE
  5
8CD
  8
0
 10
27.4428
 20
57.2638
 30
0.0
 11
27.6111
 21
57.1629
 31
0.0
  0
LINE
  5
8CE
  8
0
 10
27.6111
 20
57.1629
 30
0.0
 11
27.7688
 21
57.046
 31
0.0
  0
LINE
  5
8CF
  8
0
 10
27.7688
 20
57.046
 30
0.0
 11
27.9142
 21
56.9142
 31
0.0
  0
LINE
  5
8D0
  8
0
 10
27.9142
 20
56.9142
 30
0.0
 11
28.046
 21
56.7688
 31
0.0
  0
LINE
  5
8D1
  8
0
 10
28.046
 20
56.7688
 30
0.0
 11
28.1629
 21
56.6111
 31
0.0
  0
LINE
  5
8D2
  8
0
 10
28.1629
 20
56.6111
 30
0.0
 11
28.2638
 21
56.4428
 31
0.0
  0
LINE
  5
8D3
  8
0
 10
28.2638
 20
56.4428
 30
0.0
 11
28.3477
 21
56.2654
 31
0.0
  0
LINE
  5
8D4
  8
0
 10
28.3477
 20
56.2654
 30
0.0
 11
28.4139
 21
56.0806
 31
0.0
  0
LINE
  5
8D5
  8
0
 10
28.4139
 20
56.0806
 30
0.0
 11
28.4616
 21
55.8902
 31
0.0
  0
LINE
  5
8D6
  8
0
 10
28.4616
 20
55.8902
 30
0.0
 11
28.4904
 21
55.696
 31
0.0
  0
LINE
  5
8D7
  8
0
 10
28.4904
 20
55.696
 30
0.0
 11
28.5
 21
55.5
 31
0.0
  0
LINE
  5
8D8
  8
0
 10
28.5
 20
55.5
 30
0.0
 11
28.4904
 21
55.304
 31
0.0
  0
LINE
  5
8D9
  8
0
 10
28.4904
 20
55.304
 30
0.0
 11
28.4616
 21
55.1098
 31
0.0
  0
LINE
  5
8DA
  8
0
 10
28.4616
 20
55.1098
 30
0.0
 11
28.4139
 21
54.9194
 31
0.0
  0
LINE
  5
8DB
  8
0
 10
28.4139
 20
54.9194
 30
0.0
 11
28.3477
 21
54.7346
 31
0.0
  0
LINE
  5
8DC
  8
0
 10
28.3477
 20
54.7346
 30
0.0
 11
28.2638
 21
54.5572
 31
0.0
  0
LINE
  5
8DD
  8
0
 10
28.2638
 20
54.5572
 30
0.0
 11
28.1629
 21
54.3889
 31
0.0
  0
LINE
  5
8DE
  8
0
 10
28.1629
 20
54.3889
 30
0.0
 11
28.046
 21
54.2312
 31
0.0
  0
LINE
  5
8DF
  8
0
 10
28.046
 20
54.2312
 30
0.0
 11
27.9142
 21
54.0858
 31
0.0
  0
LINE
  5
8E0
  8
0
 10
27.9142
 20
54.0858
 30
0.0
 11
27.7688
 21
53.954
 31
0.0
  0
LINE
  5
8E1
  8
0
 10
27.7688
 20
53.954
 30
0.0
 11
27.6111
 21
53.8371
 31
0.0
  0
LINE
  5
8E2
  8
0
 10
27.6111
 20
53.8371
 30
0.0
 11
27.4428
 21
53.7362
 31
0.0
  0
LINE
  5
8E3
  8
0
 10
27.4428
 20
53.7362
 30
0.0
 11
27.2654
 21
53.6523
 31
0.0
  0
LINE
  5
8E4
  8
0
 10
27.2654
 20
53.6523
 30
0.0
 11
27.0806
 21
53.5861
 31
0.0
  0
LINE
  5
8E5
  8
0
 10
27.0806
 20
53.5861
 30
0.0
 11
26.8902
 21
53.5384
 31
0.0
  0
LINE
  5
8E6
  8
0
 10
26.8902
 20
53.5384
 30
0.0
 11
26.696
 21
53.5096
 31
0.0
  0
LINE
  5
8E7
  8
0
 10
26.696
 20
53.5096
 30
0.0
 11
26.5
 21
53.5
 31
0.0
  0
LINE
  5
8E8
  8
0
 10
26.5
 20
53.5
 30
0.0
 11
24.0
 21
53.5
 31
0.0
  0
LINE
  5
8E9
  8
0
 10
27.0
 20
56.5
 30
0.0
 11
25.0
 21
56.5
 31
0.0
  0
LINE
  5
8EA
  8
0
 10
25.0
 20
56.5
 30
0.0
 11
25.0
 21
54.5
 31
0.0
  0
LINE
  5
8EB
  8
0
 10
25.0
 20
54.5
 30
0.0
 11
27.0
 21
54.5
 31
0.0
  0
LINE
  5
8EC
  8
0
 10
27.0
 20
54.5
 30
0.0
 11
27.0
 21
56.5
 31
0.0
  0
LINE
  5
8ED
  8
0
 10
20.5
 20
42.0
 30
0.0
 11
20.304
 21
42.0096
 31
0.0
  0
LINE
  5
8EE
  8
0
 10
20.304
 20
42.0096
 30
0.0
 11
20.1098
 21
42.0384
 31
0.0
  0
LINE
  5
8EF
  8
0
 10
20.1098
 20
42.0384
 30
0.0
 11
19.9194
 21
42.0861
 31
0.0
  0
LINE
  5
8F0
  8
0
 10
19.9194
 20
42.0861
 30
0.0
 11
19.7346
 21
42.1523
 31
0.0
  0
LINE
  5
8F1
  8
0
 10
19.7346
 20
42.1523
 30
0.0
 11
19.5572
 21
42.2362
 31
0.0
  0
LINE
  5
8F2
  8
0
 10
19.5572
 20
42.2362
 30
0.0
 11
19.3889
 21
42.3371
 31
0.0
  0
LINE
  5
8F3
  8
0
 10
19.3889
 20
42.3371
 30
0.0
 11
19.2312
 21
42.454
 31
0.0
  0
LINE
  5
8F4
  8
0
 10
19.2312
 20
42.454
 30
0.0
 11
19.0858
 21
42.5858
 31
0.0
  0
LINE
  5
8F5
  8
0
 10
19.0858
 20
42.5858
 30
0.0
 11
18.954
 21
42.7312
 31
0.0
  0
LINE
  5
8F6
  8
0
 10
18.954
 20
42.7312
 30
0.0
 11
18.8371
 21
42.8889
 31
0.0
  0
LINE
  5
8F7
  8
0
 10
18.8371
 20
42.8889
 30
0.0
 11
18.7362
 21
43.0572
 31
0.0
  0
LINE
  5
8F8
  8
0
 10
18.7362
 20
43.0572
 30
0.0
 11
18.6523
 21
43.2346
 31
0.0
  0
LINE
  5
8F9
  8
0
 10
18.6523
 20
43.2346
 30
0.0
 11
18.5861
 21
43.4194
 31
0.0
  0
LINE
  5
8FA
  8
0
 10
18.5861
 20
43.4194
 30
0.0
 11
18.5384
 21
43.6098
 31
0.0
  0
LINE
  5
8FB
  8
0
 10
18.5384
 20
43.6098
 30
0.0
 11
18.5096
 21
43.804
 31
0.0
  0
LINE
  5
8FC
  8
0
 10
18.5096
 20
43.804
 30
0.0
 11
18.5
 21
44.0
 31
0.0
  0
LINE
  5
8FD
  8
0
 10
18.5
 20
44.0
 30
0.0
 11
18.5096
 21
44.196
 31
0.0
  0
LINE
  5
8FE
  8
0
 10
18.5096
 20
44.196
 30
0.0
 11
18.5384
 21
44.3902
 31
0.0
  0
LINE
  5
8FF
  8
0
 10
18.5384
 20
44.3902
 30
0.0
 11
18.5861
 21
44.5806
 31
0.0
  0
LINE
  5
900
  8
0
 10
18.5861
 20
44.5806
 30
0.0
 11
18.6523
 21
44.7654
 31
0.0
  0
LINE
  5
901
  8
0
 10
18.6523
 20
44.7654
 30
0.0
 11
18.7362
 21
44.9428
 31
0.0
  0
LINE
  5
902
  8
0
 10
18.7362
 20
44.9428
 30
0.0
 11
18.8371
 21
45.1111
 31
0.0
  0
LINE
  5
903
  8
0
 10
18.8371
 20
45.1111
 30
0.0
 11
18.954
 21
45.2688
 31
0.0
  0
LINE
  5
904
  8
0
 10
18.954
 20
45.2688
 30
0.0
 11
19.0858
 21
45.4142
 31
0.0
  0
LINE
  5
905
  8
0
 10
19.0858
 20
45.4142
 30
0.0
 11
19.2312
 21
45.546
 31
0.0
  0
LINE
  5
906
  8
0
 10
19.2312
 20
45.546
 30
0.0
 11
19.3889
 21
45.6629
 31
0.0
  0
LINE
  5
907
  8
0
 10
19.3889
 20
45.6629
 30
0.0
 11
19.5572
 21
45.7638
 31
0.0
  0
LINE
  5
908
  8
0
 10
19.5572
 20
45.7638
 30
0.0
 11
19.7346
 21
45.8477
 31
0.0
  0
LINE
  5
909
  8
0
 10
19.7346
 20
45.8477
 30
0.0
 11
19.9194
 21
45.9139
 31
0.0
  0
LINE
  5
90A
  8
0
 10
19.9194
 20
45.9139
 30
0.0
 11
20.1098
 21
45.9616
 31
0.0
  0
LINE
  5
90B
  8
0
 10
20.1098
 20
45.9616
 30
0.0
 11
20.304
 21
45.9904
 31
0.0
  0
LINE
  5
90C
  8
0
 10
20.304
 20
45.9904
 30
0.0
 11
20.5
 21
46.0
 31
0.0
  0
LINE
  5
90D
  8
0
 10
20.5
 20
46.0
 30
0.0
 11
23.0
 21
46.0
 31
0.0
  0
LINE
  5
90E
  8
0
 10
23.0
 20
46.0
 30
0.0
 11
23.0
 21
42.0
 31
0.0
  0
LINE
  5
90F
  8
0
 10
23.0
 20
42.0
 30
0.0
 11
20.5
 21
42.0
 31
0.0
  0
LINE
  5
910
  8
0
 10
22.0
 20
45.0
 30
0.0
 11
20.0
 21
45.0
 31
0.0
  0
LINE
  5
911
  8
0
 10
20.0
 20
45.0
 30
0.0
 11
20.0
 21
43.0
 31
0.0
  0
LINE
  5
912
  8
0
 10
20.0
 20
43.0
 30
0.0
 11
22.0
 21
43.0
 31
0.0
  0
LINE
  5
913
  8
0
 10
22.0
 20
43.0
 30
0.0
 11
22.0
 21
45.0
 31
0.0
  0
LINE
  5
914
  8
0
 10
41.5
 20
42.0
 30
0.0
 11
41.5
 21
46.0
 31
0.0
  0
LINE
  5
915
  8
0
 10
41.5
 20
46.0
 30
0.0
 11
44.0
 21
46.0
 31
0.0
  0
LINE
  5
916
  8
0
 10
44.0
 20
46.0
 30
0.0
 11
44.196
 21
45.9904
 31
0.0
  0
LINE
  5
917
  8
0
 10
44.196
 20
45.9904
 30
0.0
 11
44.3902
 21
45.9616
 31
0.0
  0
LINE
  5
918
  8
0
 10
44.3902
 20
45.9616
 30
0.0
 11
44.5806
 21
45.9139
 31
0.0
  0
LINE
  5
919
  8
0
 10
44.5806
 20
45.9139
 30
0.0
 11
44.7654
 21
45.8477
 31
0.0
  0
LINE
  5
91A
  8
0
 10
44.7654
 20
45.8477
 30
0.0
 11
44.9428
 21
45.7638
 31
0.0
  0
LINE
  5
91B
  8
0
 10
44.9428
 20
45.7638
 30
0.0
 11
45.1111
 21
45.6629
 31
0.0
  0
LINE
  5
91C
  8
0
 10
45.1111
 20
45.6629
 30
0.0
 11
45.2688
 21
45.546
 31
0.0
  0
LINE
  5
91D
  8
0
 10
45.2688
 20
45.546
 30
0.0
 11
45.4142
 21
45.4142
 31
0.0
  0
LINE
  5
91E
  8
0
 10
45.4142
 20
45.4142
 30
0.0
 11
45.546
 21
45.2688
 31
0.0
  0
LINE
  5
91F
  8
0
 10
45.546
 20
45.2688
 30
0.0
 11
45.6629
 21
45.1111
 31
0.0
  0
LINE
  5
920
  8
0
 10
45.6629
 20
45.1111
 30
0.0
 11
45.7638
 21
44.9428
 31
0.0
  0
LINE
  5
921
  8
0
 10
45.7638
 20
44.9428
 30
0.0
 11
45.8477
 21
44.7654
 31
0.0
  0
LINE
  5
922
  8
0
 10
45.8477
 20
44.7654
 30
0.0
 11
45.9139
 21
44.5806
 31
0.0
  0
LINE
  5
923
  8
0
 10
45.9139
 20
44.5806
 30
0.0
 11
45.9616
 21
44.3902
 31
0.0
  0
LINE
  5
924
  8
0
 10
45.9616
 20
44.3902
 30
0.0
 11
45.9904
 21
44.196
 31
0.0
  0
LINE
  5
925
  8
0
 10
45.9904
 20
44.196
 30
0.0
 11
46.0
 21
44.0
 31
0.0
  0
LINE
  5
926
  8
0
 10
46.0
 20
44.0
 30
0.0
 11
45.9904
 21
43.804
 31
0.0
  0
LINE
  5
927
  8
0
 10
45.9904
 20
43.804
 30
0.0
 11
45.9616
 21
43.6098
 31
0.0
  0
LINE
  5
928
  8
0
 10
45.9616
 20
43.6098
 30
0.0
 11
45.9139
 21
43.4194
 31
0.0
  0
LINE
  5
929
  8
0
 10
45.9139
 20
43.4194
 30
0.0
 11
45.8477
 21
43.2346
 31
0.0
  0
LINE
  5
92A
  8
0
 10
45.8477
 20
43.2346
 30
0.0
 11
45.7638
 21
43.0572
 31
0.0
  0
LINE
  5
92B
  8
0
 10
45.7638
 20
43.0572
 30
0.0
 11
45.6629
 21
42.8889
 31
0.0
  0
LINE
  5
92C
  8
0
 10
45.6629
 20
42.8889
 30
0.0
 11
45.546
 21
42.7312
 31
0.0
  0
LINE
  5
92D
  8
0
 10
45.546
 20
42.7312
 30
0.0
 11
45.4142
 21
42.5858
 31
0.0
  0
LINE
  5
92E
  8
0
 10
45.4142
 20
42.5858
 30
0.0
 11
45.2688
 21
42.454
 31
0.0
  0
LINE
  5
92F
  8
0
 10
45.2688
 20
42.454
 30
0.0
 11
45.1111
 21
42.3371
 31
0.0
  0
LINE
  5
930
  8
0
 10
45.1111
 20
42.3371
 30
0.0
 11
44.9428
 21
42.2362
 31
0.0
  0
LINE
  5
931
  8
0
 10
44.9428
 20
42.2362
 30
0.0
 11
44.7654
 21
42.1523
 31
0.0
  0
LINE
  5
932
  8
0
 10
44.7654
 20
42.1523
 30
0.0
 11
44.5806
 21
42.0861
 31
0.0
  0
LINE
  5
933
  8
0
 10
44.5806
 20
42.0861
 30
0.0
 11
44.3902
 21
42.0384
 31
0.0
  0
LINE
  5
934
  8
0
 10
44.3902
 20
42.0384
 30
0.0
 11
44.196
 21
42.0096
 31
0.0
  0
LINE
  5
935
  8
0
 10
44.196
 20
42.0096
 30
0.0
 11
44.0
 21
42.0
 31
0.0
  0
LINE
  5
936
  8
0
 10
44.0
 20
42.0
 30
0.0
 11
41.5
 21
42.0
 31
0.0
  0
LINE
  5
937
  8
0
 10
44.5
 20
45.0
 30
0.0
 11
42.5
 21
45.0
 31
0.0
  0
LINE
  5
938
  8
0
 10
42.5
 20
45.0
 30
0.0
 11
42.5
 21
43.0
 31
0.0
  0
LINE
  5
939
  8
0
 10
42.5
 20
43.0
 30
0.0
 11
44.5
 21
43.0
 31
0.0
  0
LINE
  5
93A
  8
0
 10
44.5
 20
43.0
 30
0.0
 11
44.5
 21
45.0
 31
0.0
  0
LINE
  5
93B
  8
0
 10
24.0
 20
42.0
 30
0.0
 11
24.0
 21
46.0
 31
0.0
  0
LINE
  5
93C
  8
0
 10
24.0
 20
46.0
 30
0.0
 11
26.5
 21
46.0
 31
0.0
  0
LINE
  5
93D
  8
0
 10
26.5
 20
46.0
 30
0.0
 11
26.696
 21
45.9904
 31
0.0
  0
LINE
  5
93E
  8
0
 10
26.696
 20
45.9904
 30
0.0
 11
26.8902
 21
45.9616
 31
0.0
  0
LINE
  5
93F
  8
0
 10
26.8902
 20
45.9616
 30
0.0
 11
27.0806
 21
45.9139
 31
0.0
  0
LINE
  5
940
  8
0
 10
27.0806
 20
45.9139
 30
0.0
 11
27.2654
 21
45.8477
 31
0.0
  0
LINE
  5
941
  8
0
 10
27.2654
 20
45.8477
 30
0.0
 11
27.4428
 21
45.7638
 31
0.0
  0
LINE
  5
942
  8
0
 10
27.4428
 20
45.7638
 30
0.0
 11
27.6111
 21
45.6629
 31
0.0
  0
LINE
  5
943
  8
0
 10
27.6111
 20
45.6629
 30
0.0
 11
27.7688
 21
45.546
 31
0.0
  0
LINE
  5
944
  8
0
 10
27.7688
 20
45.546
 30
0.0
 11
27.9142
 21
45.4142
 31
0.0
  0
LINE
  5
945
  8
0
 10
27.9142
 20
45.4142
 30
0.0
 11
28.046
 21
45.2688
 31
0.0
  0
LINE
  5
946
  8
0
 10
28.046
 20
45.2688
 30
0.0
 11
28.1629
 21
45.1111
 31
0.0
  0
LINE
  5
947
  8
0
 10
28.1629
 20
45.1111
 30
0.0
 11
28.2638
 21
44.9428
 31
0.0
  0
LINE
  5
948
  8
0
 10
28.2638
 20
44.9428
 30
0.0
 11
28.3477
 21
44.7654
 31
0.0
  0
LINE
  5
949
  8
0
 10
28.3477
 20
44.7654
 30
0.0
 11
28.4139
 21
44.5806
 31
0.0
  0
LINE
  5
94A
  8
0
 10
28.4139
 20
44.5806
 30
0.0
 11
28.4616
 21
44.3902
 31
0.0
  0
LINE
  5
94B
  8
0
 10
28.4616
 20
44.3902
 30
0.0
 11
28.4904
 21
44.196
 31
0.0
  0
LINE
  5
94C
  8
0
 10
28.4904
 20
44.196
 30
0.0
 11
28.5
 21
44.0
 31
0.0
  0
LINE
  5
94D
  8
0
 10
28.5
 20
44.0
 30
0.0
 11
28.4904
 21
43.804
 31
0.0
  0
LINE
  5
94E
  8
0
 10
28.4904
 20
43.804
 30
0.0
 11
28.4616
 21
43.6098
 31
0.0
  0
LINE
  5
94F
  8
0
 10
28.4616
 20
43.6098
 30
0.0
 11
28.4139
 21
43.4194
 31
0.0
  0
LINE
  5
950
  8
0
 10
28.4139
 20
43.4194
 30
0.0
 11
28.3477
 21
43.2346
 31
0.0
  0
LINE
  5
951
  8
0
 10
28.3477
 20
43.2346
 30
0.0
 11
28.2638
 21
43.0572
 31
0.0
  0
LINE
  5
952
  8
0
 10
28.2638
 20
43.0572
 30
0.0
 11
28.1629
 21
42.8889
 31
0.0
  0
LINE
  5
953
  8
0
 10
28.1629
 20
42.8889
 30
0.0
 11
28.046
 21
42.7312
 31
0.0
  0
LINE
  5
954
  8
0
 10
28.046
 20
42.7312
 30
0.0
 11
27.9142
 21
42.5858
 31
0.0
  0
LINE
  5
955
  8
0
 10
27.9142
 20
42.5858
 30
0.0
 11
27.7688
 21
42.454
 31
0.0
  0
LINE
  5
956
  8
0
 10
27.7688
 20
42.454
 30
0.0
 11
27.6111
 21
42.3371
 31
0.0
  0
LINE
  5
957
  8
0
 10
27.6111
 20
42.3371
 30
0.0
 11
27.4428
 21
42.2362
 31
0.0
  0
LINE
  5
958
  8
0
 10
27.4428
 20
42.2362
 30
0.0
 11
27.2654
 21
42.1523
 31
0.0
  0
LINE
  5
959
  8
0
 10
27.2654
 20
42.1523
 30
0.0
 11
27.0806
 21
42.0861
 31
0.0
  0
LINE
  5
95A
  8
0
 10
27.0806
 20
42.0861
 30
0.0
 11
26.8902
 21
42.0384
 31
0.0
  0
LINE
  5
95B
  8
0
 10
26.8902
 20
42.0384
 30
0.0
 11
26.696
 21
42.0096
 31
0.0
  0
LINE
  5
95C
  8
0
 10
26.696
 20
42.0096
 30
0.0
 11
26.5
 21
42.0
 31
0.0
  0
LINE
  5
95D
  8
0
 10
26.5
 20
42.0
 30
0.0
 11
24.0
 21
42.0
 31
0.0
  0
LINE
  5
95E
  8
0
 10
27.0
 20
45.0
 30
0.0
 11
25.0
 21
45.0
 31
0.0
  0
LINE
  5
95F
  8
0
 10
25.0
 20
45.0
 30
0.0
 11
25.0
 21
43.0
 31
0.0
  0
LINE
  5
960
  8
0
 10
25.0
 20
43.0
 30
0.0
 11
27.0
 21
43.0
 31
0.0
  0
LINE
  5
961
  8
0
 10
27.0
 20
43.0
 30
0.0
 11
27.0
 21
45.0
 31
0.0
  0
LINE
  5
962
  8
0
 10
38.0
 20
42.0
 30
0.0
 11
37.804
 21
42.0096
 31
0.0
  0
LINE
  5
963
  8
0
 10
37.804
 20
42.0096
 30
0.0
 11
37.6098
 21
42.0384
 31
0.0
  0
LINE
  5
964
  8
0
 10
37.6098
 20
42.0384
 30
0.0
 11
37.4194
 21
42.0861
 31
0.0
  0
LINE
  5
965
  8
0
 10
37.4194
 20
42.0861
 30
0.0
 11
37.2346
 21
42.1523
 31
0.0
  0
LINE
  5
966
  8
0
 10
37.2346
 20
42.1523
 30
0.0
 11
37.0572
 21
42.2362
 31
0.0
  0
LINE
  5
967
  8
0
 10
37.0572
 20
42.2362
 30
0.0
 11
36.8889
 21
42.3371
 31
0.0
  0
LINE
  5
968
  8
0
 10
36.8889
 20
42.3371
 30
0.0
 11
36.7312
 21
42.454
 31
0.0
  0
LINE
  5
969
  8
0
 10
36.7312
 20
42.454
 30
0.0
 11
36.5858
 21
42.5858
 31
0.0
  0
LINE
  5
96A
  8
0
 10
36.5858
 20
42.5858
 30
0.0
 11
36.454
 21
42.7312
 31
0.0
  0
LINE
  5
96B
  8
0
 10
36.454
 20
42.7312
 30
0.0
 11
36.3371
 21
42.8889
 31
0.0
  0
LINE
  5
96C
  8
0
 10
36.3371
 20
42.8889
 30
0.0
 11
36.2362
 21
43.0572
 31
0.0
  0
LINE
  5
96D
  8
0
 10
36.2362
 20
43.0572
 30
0.0
 11
36.1523
 21
43.2346
 31
0.0
  0
LINE
  5
96E
  8
0
 10
36.1523
 20
43.2346
 30
0.0
 11
36.0861
 21
43.4194
 31
0.0
  0
LINE
  5
96F
  8
0
 10
36.0861
 20
43.4194
 30
0.0
 11
36.0384
 21
43.6098
 31
0.0
  0
LINE
  5
970
  8
0
 10
36.0384
 20
43.6098
 30
0.0
 11
36.0096
 21
43.804
 31
0.0
  0
LINE
  5
971
  8
0
 10
36.0096
 20
43.804
 30
0.0
 11
36.0
 21
44.0
 31
0.0
  0
LINE
  5
972
  8
0
 10
36.0
 20
44.0
 30
0.0
 11
36.0096
 21
44.196
 31
0.0
  0
LINE
  5
973
  8
0
 10
36.0096
 20
44.196
 30
0.0
 11
36.0384
 21
44.3902
 31
0.0
  0
LINE
  5
974
  8
0
 10
36.0384
 20
44.3902
 30
0.0
 11
36.0861
 21
44.5806
 31
0.0
  0
LINE
  5
975
  8
0
 10
36.0861
 20
44.5806
 30
0.0
 11
36.1523
 21
44.7654
 31
0.0
  0
LINE
  5
976
  8
0
 10
36.1523
 20
44.7654
 30
0.0
 11
36.2362
 21
44.9428
 31
0.0
  0
LINE
  5
977
  8
0
 10
36.2362
 20
44.9428
 30
0.0
 11
36.3371
 21
45.1111
 31
0.0
  0
LINE
  5
978
  8
0
 10
36.3371
 20
45.1111
 30
0.0
 11
36.454
 21
45.2688
 31
0.0
  0
LINE
  5
979
  8
0
 10
36.454
 20
45.2688
 30
0.0
 11
36.5858
 21
45.4142
 31
0.0
  0
LINE
  5
97A
  8
0
 10
36.5858
 20
45.4142
 30
0.0
 11
36.7312
 21
45.546
 31
0.0
  0
LINE
  5
97B
  8
0
 10
36.7312
 20
45.546
 30
0.0
 11
36.8889
 21
45.6629
 31
0.0
  0
LINE
  5
97C
  8
0
 10
36.8889
 20
45.6629
 30
0.0
 11
37.0572
 21
45.7638
 31
0.0
  0
LINE
  5
97D
  8
0
 10
37.0572
 20
45.7638
 30
0.0
 11
37.2346
 21
45.8477
 31
0.0
  0
LINE
  5
97E
  8
0
 10
37.2346
 20
45.8477
 30
0.0
 11
37.4194
 21
45.9139
 31
0.0
  0
LINE
  5
97F
  8
0
 10
37.4194
 20
45.9139
 30
0.0
 11
37.6098
 21
45.9616
 31
0.0
  0
LINE
  5
980
  8
0
 10
37.6098
 20
45.9616
 30
0.0
 11
37.804
 21
45.9904
 31
0.0
  0
LINE
  5
981
  8
0
 10
37.804
 20
45.9904
 30
0.0
 11
38.0
 21
46.0
 31
0.0
  0
LINE
  5
982
  8
0
 10
38.0
 20
46.0
 30
0.0
 11
40.5
 21
46.0
 31
0.0
  0
LINE
  5
983
  8
0
 10
40.5
 20
46.0
 30
0.0
 11
40.5
 21
42.0
 31
0.0
  0
LINE
  5
984
  8
0
 10
40.5
 20
42.0
 30
0.0
 11
38.0
 21
42.0
 31
0.0
  0
LINE
  5
985
  8
0
 10
39.5
 20
45.0
 30
0.0
 11
37.5
 21
45.0
 31
0.0
  0
LINE
  5
986
  8
0
 10
37.5
 20
45.0
 30
0.0
 11
37.5
 21
43.0
 31
0.0
  0
LINE
  5
987
  8
0
 10
37.5
 20
43.0
 30
0.0
 11
39.5
 21
43.0
 31
0.0
  0
LINE
  5
988
  8
0
 10
39.5
 20
43.0
 30
0.0
 11
39.5
 21
45.0
 31
0.0
  0
LINE
  5
989
  8
0
 10
59.0
 20
42.0
 30
0.0
 11
59.0
 21
46.0
 31
0.0
  0
LINE
  5
98A
  8
0
 10
59.0
 20
46.0
 30
0.0
 11
61.5
 21
46.0
 31
0.0
  0
LINE
  5
98B
  8
0
 10
61.5
 20
46.0
 30
0.0
 11
61.696
 21
45.9904
 31
0.0
  0
LINE
  5
98C
  8
0
 10
61.696
 20
45.9904
 30
0.0
 11
61.8902
 21
45.9616
 31
0.0
  0
LINE
  5
98D
  8
0
 10
61.8902
 20
45.9616
 30
0.0
 11
62.0806
 21
45.9139
 31
0.0
  0
LINE
  5
98E
  8
0
 10
62.0806
 20
45.9139
 30
0.0
 11
62.2654
 21
45.8477
 31
0.0
  0
LINE
  5
98F
  8
0
 10
62.2654
 20
45.8477
 30
0.0
 11
62.4428
 21
45.7638
 31
0.0
  0
LINE
  5
990
  8
0
 10
62.4428
 20
45.7638
 30
0.0
 11
62.6111
 21
45.6629
 31
0.0
  0
LINE
  5
991
  8
0
 10
62.6111
 20
45.6629
 30
0.0
 11
62.7688
 21
45.546
 31
0.0
  0
LINE
  5
992
  8
0
 10
62.7688
 20
45.546
 30
0.0
 11
62.9142
 21
45.4142
 31
0.0
  0
LINE
  5
993
  8
0
 10
62.9142
 20
45.4142
 30
0.0
 11
63.046
 21
45.2688
 31
0.0
  0
LINE
  5
994
  8
0
 10
63.046
 20
45.2688
 30
0.0
 11
63.1629
 21
45.1111
 31
0.0
  0
LINE
  5
995
  8
0
 10
63.1629
 20
45.1111
 30
0.0
 11
63.2638
 21
44.9428
 31
0.0
  0
LINE
  5
996
  8
0
 10
63.2638
 20
44.9428
 30
0.0
 11
63.3477
 21
44.7654
 31
0.0
  0
LINE
  5
997
  8
0
 10
63.3477
 20
44.7654
 30
0.0
 11
63.4139
 21
44.5806
 31
0.0
  0
LINE
  5
998
  8
0
 10
63.4139
 20
44.5806
 30
0.0
 11
63.4616
 21
44.3902
 31
0.0
  0
LINE
  5
999
  8
0
 10
63.4616
 20
44.3902
 30
0.0
 11
63.4904
 21
44.196
 31
0.0
  0
LINE
  5
99A
  8
0
 10
63.4904
 20
44.196
 30
0.0
 11
63.5
 21
44.0
 31
0.0
  0
LINE
  5
99B
  8
0
 10
63.5
 20
44.0
 30
0.0
 11
63.4904
 21
43.804
 31
0.0
  0
LINE
  5
99C
  8
0
 10
63.4904
 20
43.804
 30
0.0
 11
63.4616
 21
43.6098
 31
0.0
  0
LINE
  5
99D
  8
0
 10
63.4616
 20
43.6098
 30
0.0
 11
63.4139
 21
43.4194
 31
0.0
  0
LINE
  5
99E
  8
0
 10
63.4139
 20
43.4194
 30
0.0
 11
63.3477
 21
43.2346
 31
0.0
  0
LINE
  5
99F
  8
0
 10
63.3477
 20
43.2346
 30
0.0
 11
63.2638
 21
43.0572
 31
0.0
  0
LINE
  5
9A0
  8
0
 10
63.2638
 20
43.0572
 30
0.0
 11
63.1629
 21
42.8889
 31
0.0
  0
LINE
  5
9A1
  8
0
 10
63.1629
 20
42.8889
 30
0.0
 11
63.046
 21
42.7312
 31
0.0
  0
LINE
  5
9A2
  8
0
 10
63.046
 20
42.7312
 30
0.0
 11
62.9142
 21
42.5858
 31
0.0
  0
LINE
  5
9A3
  8
0
 10
62.9142
 20
42.5858
 30
0.0
 11
62.7688
 21
42.454
 31
0.0
  0
LINE
  5
9A4
  8
0
 10
62.7688
 20
42.454
 30
0.0
 11
62.6111
 21
42.3371
 31
0.0
  0
LINE
  5
9A5
  8
0
 10
62.6111
 20
42.3371
 30
0.0
 11
62.4428
 21
42.2362
 31
0.0
  0
LINE
  5
9A6
  8
0
 10
62.4428
 20
42.2362
 30
0.0
 11
62.2654
 21
42.1523
 31
0.0
  0
LINE
  5
9A7
  8
0
 10
62.2654
 20
42.1523
 30
0.0
 11
62.0806
 21
42.0861
 31
0.0
  0
LINE
  5
9A8
  8
0
 10
62.0806
 20
42.0861
 30
0.0
 11
61.8902
 21
42.0384
 31
0.0
  0
LINE
  5
9A9
  8
0
 10
61.8902
 20
42.0384
 30
0.0
 11
61.696
 21
42.0096
 31
0.0
  0
LINE
  5
9AA
  8
0
 10
61.696
 20
42.0096
 30
0.0
 11
61.5
 21
42.0
 31
0.0
  0
LINE
  5
9AB
  8
0
 10
61.5
 20
42.0
 30
0.0
 11
59.0
 21
42.0
 31
0.0
  0
LINE
  5
9AC
  8
0
 10
62.0
 20
45.0
 30
0.0
 11
60.0
 21
45.0
 31
0.0
  0
LINE
  5
9AD
  8
0
 10
60.0
 20
45.0
 30
0.0
 11
60.0
 21
43.0
 31
0.0
  0
LINE
  5
9AE
  8
0
 10
60.0
 20
43.0
 30
0.0
 11
62.0
 21
43.0
 31
0.0
  0
LINE
  5
9AF
  8
0
 10
62.0
 20
43.0
 30
0.0
 11
62.0
 21
45.0
 31
0.0
  0
LINE
  5
9B0
  8
0
 10
3.0
 20
42.0
 30
0.0
 11
2.80397
 21
42.0096
 31
0.0
  0
LINE
  5
9B1
  8
0
 10
2.80397
 20
42.0096
 30
0.0
 11
2.60983
 21
42.0384
 31
0.0
  0
LINE
  5
9B2
  8
0
 10
2.60983
 20
42.0384
 30
0.0
 11
2.41943
 21
42.0861
 31
0.0
  0
LINE
  5
9B3
  8
0
 10
2.41943
 20
42.0861
 30
0.0
 11
2.23463
 21
42.1523
 31
0.0
  0
LINE
  5
9B4
  8
0
 10
2.23463
 20
42.1523
 30
0.0
 11
2.05722
 21
42.2362
 31
0.0
  0
LINE
  5
9B5
  8
0
 10
2.05722
 20
42.2362
 30
0.0
 11
1.88887
 21
42.3371
 31
0.0
  0
LINE
  5
9B6
  8
0
 10
1.88887
 20
42.3371
 30
0.0
 11
1.73122
 21
42.454
 31
0.0
  0
LINE
  5
9B7
  8
0
 10
1.73122
 20
42.454
 30
0.0
 11
1.5858
 21
42.5858
 31
0.0
  0
LINE
  5
9B8
  8
0
 10
1.5858
 20
42.5858
 30
0.0
 11
1.45398
 21
42.7312
 31
0.0
  0
LINE
  5
9B9
  8
0
 10
1.45398
 20
42.7312
 30
0.0
 11
1.33707
 21
42.8889
 31
0.0
  0
LINE
  5
9BA
  8
0
 10
1.33707
 20
42.8889
 30
0.0
 11
1.23616
 21
43.0572
 31
0.0
  0
LINE
  5
9BB
  8
0
 10
1.23616
 20
43.0572
 30
0.0
 11
1.15225
 21
43.2346
 31
0.0
  0
LINE
  5
9BC
  8
0
 10
1.15225
 20
43.2346
 30
0.0
 11
1.08612
 21
43.4194
 31
0.0
  0
LINE
  5
9BD
  8
0
 10
1.08612
 20
43.4194
 30
0.0
 11
1.03844
 21
43.6098
 31
0.0
  0
LINE
  5
9BE
  8
0
 10
1.03844
 20
43.6098
 30
0.0
 11
1.00964
 21
43.804
 31
0.0
  0
LINE
  5
9BF
  8
0
 10
1.00964
 20
43.804
 30
0.0
 11
1.0
 21
44.0
 31
0.0
  0
LINE
  5
9C0
  8
0
 10
1.0
 20
44.0
 30
0.0
 11
1.00964
 21
44.196
 31
0.0
  0
LINE
  5
9C1
  8
0
 10
1.00964
 20
44.196
 30
0.0
 11
1.03844
 21
44.3902
 31
0.0
  0
LINE
  5
9C2
  8
0
 10
1.03844
 20
44.3902
 30
0.0
 11
1.08612
 21
44.5806
 31
0.0
  0
LINE
  5
9C3
  8
0
 10
1.08612
 20
44.5806
 30
0.0
 11
1.15225
 21
44.7654
 31
0.0
  0
LINE
  5
9C4
  8
0
 10
1.15225
 20
44.7654
 30
0.0
 11
1.23616
 21
44.9428
 31
0.0
  0
LINE
  5
9C5
  8
0
 10
1.23616
 20
44.9428
 30
0.0
 11
1.33707
 21
45.1111
 31
0.0
  0
LINE
  5
9C6
  8
0
 10
1.33707
 20
45.1111
 30
0.0
 11
1.45398
 21
45.2688
 31
0.0
  0
LINE
  5
9C7
  8
0
 10
1.45398
 20
45.2688
 30
0.0
 11
1.5858
 21
45.4142
 31
0.0
  0
LINE
  5
9C8
  8
0
 10
1.5858
 20
45.4142
 30
0.0
 11
1.73122
 21
45.546
 31
0.0
  0
LINE
  5
9C9
  8
0
 10
1.73122
 20
45.546
 30
0.0
 11
1.88887
 21
45.6629
 31
0.0
  0
LINE
  5
9CA
  8
0
 10
1.88887
 20
45.6629
 30
0.0
 11
2.05722
 21
45.7638
 31
0.0
  0
LINE
  5
9CB
  8
0
 10
2.05722
 20
45.7638
 30
0.0
 11
2.23463
 21
45.8477
 31
0.0
  0
LINE
  5
9CC
  8
0
 10
2.23463
 20
45.8477
 30
0.0
 11
2.41943
 21
45.9139
 31
0.0
  0
LINE
  5
9CD
  8
0
 10
2.41943
 20
45.9139
 30
0.0
 11
2.60983
 21
45.9616
 31
0.0
  0
LINE
  5
9CE
  8
0
 10
2.60983
 20
45.9616
 30
0.0
 11
2.80397
 21
45.9904
 31
0.0
  0
LINE
  5
9CF
  8
0
 10
2.80397
 20
45.9904
 30
0.0
 11
3.0
 21
46.0
 31
0.0
  0
LINE
  5
9D0
  8
0
 10
3.0
 20
46.0
 30
0.0
 11
5.5
 21
46.0
 31
0.0
  0
LINE
  5
9D1
  8
0
 10
5.5
 20
46.0
 30
0.0
 11
5.5
 21
42.0
 31
0.0
  0
LINE
  5
9D2
  8
0
 10
5.5
 20
42.0
 30
0.0
 11
3.0
 21
42.0
 31
0.0
  0
LINE
  5
9D3
  8
0
 10
4.5
 20
45.0
 30
0.0
 11
2.5
 21
45.0
 31
0.0
  0
LINE
  5
9D4
  8
0
 10
2.5
 20
45.0
 30
0.0
 11
2.5
 21
43.0
 31
0.0
  0
LINE
  5
9D5
  8
0
 10
2.5
 20
43.0
 30
0.0
 11
4.5
 21
43.0
 31
0.0
  0
LINE
  5
9D6
  8
0
 10
4.5
 20
43.0
 30
0.0
 11
4.5
 21
45.0
 31
0.0
  0
LINE
  5
9D7
  8
0
 10
55.5
 20
42.0
 30
0.0
 11
55.304
 21
42.0096
 31
0.0
  0
LINE
  5
9D8
  8
0
 10
55.304
 20
42.0096
 30
0.0
 11
55.1098
 21
42.0384
 31
0.0
  0
LINE
  5
9D9
  8
0
 10
55.1098
 20
42.0384
 30
0.0
 11
54.9194
 21
42.0861
 31
0.0
  0
LINE
  5
9DA
  8
0
 10
54.9194
 20
42.0861
 30
0.0
 11
54.7346
 21
42.1523
 31
0.0
  0
LINE
  5
9DB
  8
0
 10
54.7346
 20
42.1523
 30
0.0
 11
54.5572
 21
42.2362
 31
0.0
  0
LINE
  5
9DC
  8
0
 10
54.5572
 20
42.2362
 30
0.0
 11
54.3889
 21
42.3371
 31
0.0
  0
LINE
  5
9DD
  8
0
 10
54.3889
 20
42.3371
 30
0.0
 11
54.2312
 21
42.454
 31
0.0
  0
LINE
  5
9DE
  8
0
 10
54.2312
 20
42.454
 30
0.0
 11
54.0858
 21
42.5858
 31
0.0
  0
LINE
  5
9DF
  8
0
 10
54.0858
 20
42.5858
 30
0.0
 11
53.954
 21
42.7312
 31
0.0
  0
LINE
  5
9E0
  8
0
 10
53.954
 20
42.7312
 30
0.0
 11
53.8371
 21
42.8889
 31
0.0
  0
LINE
  5
9E1
  8
0
 10
53.8371
 20
42.8889
 30
0.0
 11
53.7362
 21
43.0572
 31
0.0
  0
LINE
  5
9E2
  8
0
 10
53.7362
 20
43.0572
 30
0.0
 11
53.6523
 21
43.2346
 31
0.0
  0
LINE
  5
9E3
  8
0
 10
53.6523
 20
43.2346
 30
0.0
 11
53.5861
 21
43.4194
 31
0.0
  0
LINE
  5
9E4
  8
0
 10
53.5861
 20
43.4194
 30
0.0
 11
53.5384
 21
43.6098
 31
0.0
  0
LINE
  5
9E5
  8
0
 10
53.5384
 20
43.6098
 30
0.0
 11
53.5096
 21
43.804
 31
0.0
  0
LINE
  5
9E6
  8
0
 10
53.5096
 20
43.804
 30
0.0
 11
53.5
 21
44.0
 31
0.0
  0
LINE
  5
9E7
  8
0
 10
53.5
 20
44.0
 30
0.0
 11
53.5096
 21
44.196
 31
0.0
  0
LINE
  5
9E8
  8
0
 10
53.5096
 20
44.196
 30
0.0
 11
53.5384
 21
44.3902
 31
0.0
  0
LINE
  5
9E9
  8
0
 10
53.5384
 20
44.3902
 30
0.0
 11
53.5861
 21
44.5806
 31
0.0
  0
LINE
  5
9EA
  8
0
 10
53.5861
 20
44.5806
 30
0.0
 11
53.6523
 21
44.7654
 31
0.0
  0
LINE
  5
9EB
  8
0
 10
53.6523
 20
44.7654
 30
0.0
 11
53.7362
 21
44.9428
 31
0.0
  0
LINE
  5
9EC
  8
0
 10
53.7362
 20
44.9428
 30
0.0
 11
53.8371
 21
45.1111
 31
0.0
  0
LINE
  5
9ED
  8
0
 10
53.8371
 20
45.1111
 30
0.0
 11
53.954
 21
45.2688
 31
0.0
  0
LINE
  5
9EE
  8
0
 10
53.954
 20
45.2688
 30
0.0
 11
54.0858
 21
45.4142
 31
0.0
  0
LINE
  5
9EF
  8
0
 10
54.0858
 20
45.4142
 30
0.0
 11
54.2312
 21
45.546
 31
0.0
  0
LINE
  5
9F0
  8
0
 10
54.2312
 20
45.546
 30
0.0
 11
54.3889
 21
45.6629
 31
0.0
  0
LINE
  5
9F1
  8
0
 10
54.3889
 20
45.6629
 30
0.0
 11
54.5572
 21
45.7638
 31
0.0
  0
LINE
  5
9F2
  8
0
 10
54.5572
 20
45.7638
 30
0.0
 11
54.7346
 21
45.8477
 31
0.0
  0
LINE
  5
9F3
  8
0
 10
54.7346
 20
45.8477
 30
0.0
 11
54.9194
 21
45.9139
 31
0.0
  0
LINE
  5
9F4
  8
0
 10
54.9194
 20
45.9139
 30
0.0
 11
55.1098
 21
45.9616
 31
0.0
  0
LINE
  5
9F5
  8
0
 10
55.1098
 20
45.9616
 30
0.0
 11
55.304
 21
45.9904
 31
0.0
  0
LINE
  5
9F6
  8
0
 10
55.304
 20
45.9904
 30
0.0
 11
55.5
 21
46.0
 31
0.0
  0
LINE
  5
9F7
  8
0
 10
55.5
 20
46.0
 30
0.0
 11
58.0
 21
46.0
 31
0.0
  0
LINE
  5
9F8
  8
0
 10
58.0
 20
46.0
 30
0.0
 11
58.0
 21
42.0
 31
0.0
  0
LINE
  5
9F9
  8
0
 10
58.0
 20
42.0
 30
0.0
 11
55.5
 21
42.0
 31
0.0
  0
LINE
  5
9FA
  8
0
 10
57.0
 20
45.0
 30
0.0
 11
55.0
 21
45.0
 31
0.0
  0
LINE
  5
9FB
  8
0
 10
55.0
 20
45.0
 30
0.0
 11
55.0
 21
43.0
 31
0.0
  0
LINE
  5
9FC
  8
0
 10
55.0
 20
43.0
 30
0.0
 11
57.0
 21
43.0
 31
0.0
  0
LINE
  5
9FD
  8
0
 10
57.0
 20
43.0
 30
0.0
 11
57.0
 21
45.0
 31
0.0
  0
LINE
  5
9FE
  8
0
 10
6.5
 20
42.0
 30
0.0
 11
6.5
 21
46.0
 31
0.0
  0
LINE
  5
9FF
  8
0
 10
6.5
 20
46.0
 30
0.0
 11
9.0
 21
46.0
 31
0.0
  0
LINE
  5
A00
  8
0
 10
9.0
 20
46.0
 30
0.0
 11
9.19603
 21
45.9904
 31
0.0
  0
LINE
  5
A01
  8
0
 10
9.19603
 20
45.9904
 30
0.0
 11
9.39017
 21
45.9616
 31
0.0
  0
LINE
  5
A02
  8
0
 10
9.39017
 20
45.9616
 30
0.0
 11
9.58057
 21
45.9139
 31
0.0
  0
LINE
  5
A03
  8
0
 10
9.58057
 20
45.9139
 30
0.0
 11
9.76537
 21
45.8477
 31
0.0
  0
LINE
  5
A04
  8
0
 10
9.76537
 20
45.8477
 30
0.0
 11
9.94278
 21
45.7638
 31
0.0
  0
LINE
  5
A05
  8
0
 10
9.94278
 20
45.7638
 30
0.0
 11
10.1111
 21
45.6629
 31
0.0
  0
LINE
  5
A06
  8
0
 10
10.1111
 20
45.6629
 30
0.0
 11
10.2688
 21
45.546
 31
0.0
  0
LINE
  5
A07
  8
0
 10
10.2688
 20
45.546
 30
0.0
 11
10.4142
 21
45.4142
 31
0.0
  0
LINE
  5
A08
  8
0
 10
10.4142
 20
45.4142
 30
0.0
 11
10.546
 21
45.2688
 31
0.0
  0
LINE
  5
A09
  8
0
 10
10.546
 20
45.2688
 30
0.0
 11
10.6629
 21
45.1111
 31
0.0
  0
LINE
  5
A0A
  8
0
 10
10.6629
 20
45.1111
 30
0.0
 11
10.7638
 21
44.9428
 31
0.0
  0
LINE
  5
A0B
  8
0
 10
10.7638
 20
44.9428
 30
0.0
 11
10.8477
 21
44.7654
 31
0.0
  0
LINE
  5
A0C
  8
0
 10
10.8477
 20
44.7654
 30
0.0
 11
10.9139
 21
44.5806
 31
0.0
  0
LINE
  5
A0D
  8
0
 10
10.9139
 20
44.5806
 30
0.0
 11
10.9616
 21
44.3902
 31
0.0
  0
LINE
  5
A0E
  8
0
 10
10.9616
 20
44.3902
 30
0.0
 11
10.9904
 21
44.196
 31
0.0
  0
LINE
  5
A0F
  8
0
 10
10.9904
 20
44.196
 30
0.0
 11
11.0
 21
44.0
 31
0.0
  0
LINE
  5
A10
  8
0
 10
11.0
 20
44.0
 30
0.0
 11
10.9904
 21
43.804
 31
0.0
  0
LINE
  5
A11
  8
0
 10
10.9904
 20
43.804
 30
0.0
 11
10.9616
 21
43.6098
 31
0.0
  0
LINE
  5
A12
  8
0
 10
10.9616
 20
43.6098
 30
0.0
 11
10.9139
 21
43.4194
 31
0.0
  0
LINE
  5
A13
  8
0
 10
10.9139
 20
43.4194
 30
0.0
 11
10.8477
 21
43.2346
 31
0.0
  0
LINE
  5
A14
  8
0
 10
10.8477
 20
43.2346
 30
0.0
 11
10.7638
 21
43.0572
 31
0.0
  0
LINE
  5
A15
  8
0
 10
10.7638
 20
43.0572
 30
0.0
 11
10.6629
 21
42.8889
 31
0.0
  0
LINE
  5
A16
  8
0
 10
10.6629
 20
42.8889
 30
0.0
 11
10.546
 21
42.7312
 31
0.0
  0
LINE
  5
A17
  8
0
 10
10.546
 20
42.7312
 30
0.0
 11
10.4142
 21
42.5858
 31
0.0
  0
LINE
  5
A18
  8
0
 10
10.4142
 20
42.5858
 30
0.0
 11
10.2688
 21
42.454
 31
0.0
  0
LINE
  5
A19
  8
0
 10
10.2688
 20
42.454
 30
0.0
 11
10.1111
 21
42.3371
 31
0.0
  0
LINE
  5
A1A
  8
0
 10
10.1111
 20
42.3371
 30
0.0
 11
9.94278
 21
42.2362
 31
0.0
  0
LINE
  5
A1B
  8
0
 10
9.94278
 20
42.2362
 30
0.0
 11
9.76537
 21
42.1523
 31
0.0
  0
LINE
  5
A1C
  8
0
 10
9.76537
 20
42.1523
 30
0.0
 11
9.58057
 21
42.0861
 31
0.0
  0
LINE
  5
A1D
  8
0
 10
9.58057
 20
42.0861
 30
0.0
 11
9.39017
 21
42.0384
 31
0.0
  0
LINE
  5
A1E
  8
0
 10
9.39017
 20
42.0384
 30
0.0
 11
9.19603
 21
42.0096
 31
0.0
  0
LINE
  5
A1F
  8
0
 10
9.19603
 20
42.0096
 30
0.0
 11
9.0
 21
42.0
 31
0.0
  0
LINE
  5
A20
  8
0
 10
9.0
 20
42.0
 30
0.0
 11
6.5
 21
42.0
 31
0.0
  0
LINE
  5
A21
  8
0
 10
9.5
 20
45.0
 30
0.0
 11
7.5
 21
45.0
 31
0.0
  0
LINE
  5
A22
  8
0
 10
7.5
 20
45.0
 30
0.0
 11
7.5
 21
43.0
 31
0.0
  0
LINE
  5
A23
  8
0
 10
7.5
 20
43.0
 30
0.0
 11
9.5
 21
43.0
 31
0.0
  0
LINE
  5
A24
  8
0
 10
9.5
 20
43.0
 30
0.0
 11
9.5
 21
45.0
 31
0.0
  0
LINE
  5
A25
  8
0
 10
55.5
 20
36.0
 30
0.0
 11
55.304
 21
36.0096
 31
0.0
  0
LINE
  5
A26
  8
0
 10
55.304
 20
36.0096
 30
0.0
 11
55.1098
 21
36.0384
 31
0.0
  0
LINE
  5
A27
  8
0
 10
55.1098
 20
36.0384
 30
0.0
 11
54.9194
 21
36.0861
 31
0.0
  0
LINE
  5
A28
  8
0
 10
54.9194
 20
36.0861
 30
0.0
 11
54.7346
 21
36.1523
 31
0.0
  0
LINE
  5
A29
  8
0
 10
54.7346
 20
36.1523
 30
0.0
 11
54.5572
 21
36.2362
 31
0.0
  0
LINE
  5
A2A
  8
0
 10
54.5572
 20
36.2362
 30
0.0
 11
54.3889
 21
36.3371
 31
0.0
  0
LINE
  5
A2B
  8
0
 10
54.3889
 20
36.3371
 30
0.0
 11
54.2312
 21
36.454
 31
0.0
  0
LINE
  5
A2C
  8
0
 10
54.2312
 20
36.454
 30
0.0
 11
54.0858
 21
36.5858
 31
0.0
  0
LINE
  5
A2D
  8
0
 10
54.0858
 20
36.5858
 30
0.0
 11
53.954
 21
36.7312
 31
0.0
  0
LINE
  5
A2E
  8
0
 10
53.954
 20
36.7312
 30
0.0
 11
53.8371
 21
36.8889
 31
0.0
  0
LINE
  5
A2F
  8
0
 10
53.8371
 20
36.8889
 30
0.0
 11
53.7362
 21
37.0572
 31
0.0
  0
LINE
  5
A30
  8
0
 10
53.7362
 20
37.0572
 30
0.0
 11
53.6523
 21
37.2346
 31
0.0
  0
LINE
  5
A31
  8
0
 10
53.6523
 20
37.2346
 30
0.0
 11
53.5861
 21
37.4194
 31
0.0
  0
LINE
  5
A32
  8
0
 10
53.5861
 20
37.4194
 30
0.0
 11
53.5384
 21
37.6098
 31
0.0
  0
LINE
  5
A33
  8
0
 10
53.5384
 20
37.6098
 30
0.0
 11
53.5096
 21
37.804
 31
0.0
  0
LINE
  5
A34
  8
0
 10
53.5096
 20
37.804
 30
0.0
 11
53.5
 21
38.0
 31
0.0
  0
LINE
  5
A35
  8
0
 10
53.5
 20
38.0
 30
0.0
 11
53.5096
 21
38.196
 31
0.0
  0
LINE
  5
A36
  8
0
 10
53.5096
 20
38.196
 30
0.0
 11
53.5384
 21
38.3902
 31
0.0
  0
LINE
  5
A37
  8
0
 10
53.5384
 20
38.3902
 30
0.0
 11
53.5861
 21
38.5806
 31
0.0
  0
LINE
  5
A38
  8
0
 10
53.5861
 20
38.5806
 30
0.0
 11
53.6523
 21
38.7654
 31
0.0
  0
LINE
  5
A39
  8
0
 10
53.6523
 20
38.7654
 30
0.0
 11
53.7362
 21
38.9428
 31
0.0
  0
LINE
  5
A3A
  8
0
 10
53.7362
 20
38.9428
 30
0.0
 11
53.8371
 21
39.1111
 31
0.0
  0
LINE
  5
A3B
  8
0
 10
53.8371
 20
39.1111
 30
0.0
 11
53.954
 21
39.2688
 31
0.0
  0
LINE
  5
A3C
  8
0
 10
53.954
 20
39.2688
 30
0.0
 11
54.0858
 21
39.4142
 31
0.0
  0
LINE
  5
A3D
  8
0
 10
54.0858
 20
39.4142
 30
0.0
 11
54.2312
 21
39.546
 31
0.0
  0
LINE
  5
A3E
  8
0
 10
54.2312
 20
39.546
 30
0.0
 11
54.3889
 21
39.6629
 31
0.0
  0
LINE
  5
A3F
  8
0
 10
54.3889
 20
39.6629
 30
0.0
 11
54.5572
 21
39.7638
 31
0.0
  0
LINE
  5
A40
  8
0
 10
54.5572
 20
39.7638
 30
0.0
 11
54.7346
 21
39.8477
 31
0.0
  0
LINE
  5
A41
  8
0
 10
54.7346
 20
39.8477
 30
0.0
 11
54.9194
 21
39.9139
 31
0.0
  0
LINE
  5
A42
  8
0
 10
54.9194
 20
39.9139
 30
0.0
 11
55.1098
 21
39.9616
 31
0.0
  0
LINE
  5
A43
  8
0
 10
55.1098
 20
39.9616
 30
0.0
 11
55.304
 21
39.9904
 31
0.0
  0
LINE
  5
A44
  8
0
 10
55.304
 20
39.9904
 30
0.0
 11
55.5
 21
40.0
 31
0.0
  0
LINE
  5
A45
  8
0
 10
55.5
 20
40.0
 30
0.0
 11
58.0
 21
40.0
 31
0.0
  0
LINE
  5
A46
  8
0
 10
58.0
 20
40.0
 30
0.0
 11
58.0
 21
36.0
 31
0.0
  0
LINE
  5
A47
  8
0
 10
58.0
 20
36.0
 30
0.0
 11
55.5
 21
36.0
 31
0.0
  0
LINE
  5
A48
  8
0
 10
57.0
 20
39.0
 30
0.0
 11
55.0
 21
39.0
 31
0.0
  0
LINE
  5
A49
  8
0
 10
55.0
 20
39.0
 30
0.0
 11
55.0
 21
37.0
 31
0.0
  0
LINE
  5
A4A
  8
0
 10
55.0
 20
37.0
 30
0.0
 11
57.0
 21
37.0
 31
0.0
  0
LINE
  5
A4B
  8
0
 10
57.0
 20
37.0
 30
0.0
 11
57.0
 21
39.0
 31
0.0
  0
LINE
  5
A4C
  8
0
 10
41.5
 20
36.0
 30
0.0
 11
41.5
 21
40.0
 31
0.0
  0
LINE
  5
A4D
  8
0
 10
41.5
 20
40.0
 30
0.0
 11
44.0
 21
40.0
 31
0.0
  0
LINE
  5
A4E
  8
0
 10
44.0
 20
40.0
 30
0.0
 11
44.196
 21
39.9904
 31
0.0
  0
LINE
  5
A4F
  8
0
 10
44.196
 20
39.9904
 30
0.0
 11
44.3902
 21
39.9616
 31
0.0
  0
LINE
  5
A50
  8
0
 10
44.3902
 20
39.9616
 30
0.0
 11
44.5806
 21
39.9139
 31
0.0
  0
LINE
  5
A51
  8
0
 10
44.5806
 20
39.9139
 30
0.0
 11
44.7654
 21
39.8477
 31
0.0
  0
LINE
  5
A52
  8
0
 10
44.7654
 20
39.8477
 30
0.0
 11
44.9428
 21
39.7638
 31
0.0
  0
LINE
  5
A53
  8
0
 10
44.9428
 20
39.7638
 30
0.0
 11
45.1111
 21
39.6629
 31
0.0
  0
LINE
  5
A54
  8
0
 10
45.1111
 20
39.6629
 30
0.0
 11
45.2688
 21
39.546
 31
0.0
  0
LINE
  5
A55
  8
0
 10
45.2688
 20
39.546
 30
0.0
 11
45.4142
 21
39.4142
 31
0.0
  0
LINE
  5
A56
  8
0
 10
45.4142
 20
39.4142
 30
0.0
 11
45.546
 21
39.2688
 31
0.0
  0
LINE
  5
A57
  8
0
 10
45.546
 20
39.2688
 30
0.0
 11
45.6629
 21
39.1111
 31
0.0
  0
LINE
  5
A58
  8
0
 10
45.6629
 20
39.1111
 30
0.0
 11
45.7638
 21
38.9428
 31
0.0
  0
LINE
  5
A59
  8
0
 10
45.7638
 20
38.9428
 30
0.0
 11
45.8477
 21
38.7654
 31
0.0
  0
LINE
  5
A5A
  8
0
 10
45.8477
 20
38.7654
 30
0.0
 11
45.9139
 21
38.5806
 31
0.0
  0
LINE
  5
A5B
  8
0
 10
45.9139
 20
38.5806
 30
0.0
 11
45.9616
 21
38.3902
 31
0.0
  0
LINE
  5
A5C
  8
0
 10
45.9616
 20
38.3902
 30
0.0
 11
45.9904
 21
38.196
 31
0.0
  0
LINE
  5
A5D
  8
0
 10
45.9904
 20
38.196
 30
0.0
 11
46.0
 21
38.0
 31
0.0
  0
LINE
  5
A5E
  8
0
 10
46.0
 20
38.0
 30
0.0
 11
45.9904
 21
37.804
 31
0.0
  0
LINE
  5
A5F
  8
0
 10
45.9904
 20
37.804
 30
0.0
 11
45.9616
 21
37.6098
 31
0.0
  0
LINE
  5
A60
  8
0
 10
45.9616
 20
37.6098
 30
0.0
 11
45.9139
 21
37.4194
 31
0.0
  0
LINE
  5
A61
  8
0
 10
45.9139
 20
37.4194
 30
0.0
 11
45.8477
 21
37.2346
 31
0.0
  0
LINE
  5
A62
  8
0
 10
45.8477
 20
37.2346
 30
0.0
 11
45.7638
 21
37.0572
 31
0.0
  0
LINE
  5
A63
  8
0
 10
45.7638
 20
37.0572
 30
0.0
 11
45.6629
 21
36.8889
 31
0.0
  0
LINE
  5
A64
  8
0
 10
45.6629
 20
36.8889
 30
0.0
 11
45.546
 21
36.7312
 31
0.0
  0
LINE
  5
A65
  8
0
 10
45.546
 20
36.7312
 30
0.0
 11
45.4142
 21
36.5858
 31
0.0
  0
LINE
  5
A66
  8
0
 10
45.4142
 20
36.5858
 30
0.0
 11
45.2688
 21
36.454
 31
0.0
  0
LINE
  5
A67
  8
0
 10
45.2688
 20
36.454
 30
0.0
 11
45.1111
 21
36.3371
 31
0.0
  0
LINE
  5
A68
  8
0
 10
45.1111
 20
36.3371
 30
0.0
 11
44.9428
 21
36.2362
 31
0.0
  0
LINE
  5
A69
  8
0
 10
44.9428
 20
36.2362
 30
0.0
 11
44.7654
 21
36.1523
 31
0.0
  0
LINE
  5
A6A
  8
0
 10
44.7654
 20
36.1523
 30
0.0
 11
44.5806
 21
36.0861
 31
0.0
  0
LINE
  5
A6B
  8
0
 10
44.5806
 20
36.0861
 30
0.0
 11
44.3902
 21
36.0384
 31
0.0
  0
LINE
  5
A6C
  8
0
 10
44.3902
 20
36.0384
 30
0.0
 11
44.196
 21
36.0096
 31
0.0
  0
LINE
  5
A6D
  8
0
 10
44.196
 20
36.0096
 30
0.0
 11
44.0
 21
36.0
 31
0.0
  0
LINE
  5
A6E
  8
0
 10
44.0
 20
36.0
 30
0.0
 11
41.5
 21
36.0
 31
0.0
  0
LINE
  5
A6F
  8
0
 10
44.5
 20
39.0
 30
0.0
 11
42.5
 21
39.0
 31
0.0
  0
LINE
  5
A70
  8
0
 10
42.5
 20
39.0
 30
0.0
 11
42.5
 21
37.0
 31
0.0
  0
LINE
  5
A71
  8
0
 10
42.5
 20
37.0
 30
0.0
 11
44.5
 21
37.0
 31
0.0
  0
LINE
  5
A72
  8
0
 10
44.5
 20
37.0
 30
0.0
 11
44.5
 21
39.0
 31
0.0
  0
LINE
  5
A73
  8
0
 10
20.5
 20
36.0
 30
0.0
 11
20.304
 21
36.0096
 31
0.0
  0
LINE
  5
A74
  8
0
 10
20.304
 20
36.0096
 30
0.0
 11
20.1098
 21
36.0384
 31
0.0
  0
LINE
  5
A75
  8
0
 10
20.1098
 20
36.0384
 30
0.0
 11
19.9194
 21
36.0861
 31
0.0
  0
LINE
  5
A76
  8
0
 10
19.9194
 20
36.0861
 30
0.0
 11
19.7346
 21
36.1523
 31
0.0
  0
LINE
  5
A77
  8
0
 10
19.7346
 20
36.1523
 30
0.0
 11
19.5572
 21
36.2362
 31
0.0
  0
LINE
  5
A78
  8
0
 10
19.5572
 20
36.2362
 30
0.0
 11
19.3889
 21
36.3371
 31
0.0
  0
LINE
  5
A79
  8
0
 10
19.3889
 20
36.3371
 30
0.0
 11
19.2312
 21
36.454
 31
0.0
  0
LINE
  5
A7A
  8
0
 10
19.2312
 20
36.454
 30
0.0
 11
19.0858
 21
36.5858
 31
0.0
  0
LINE
  5
A7B
  8
0
 10
19.0858
 20
36.5858
 30
0.0
 11
18.954
 21
36.7312
 31
0.0
  0
LINE
  5
A7C
  8
0
 10
18.954
 20
36.7312
 30
0.0
 11
18.8371
 21
36.8889
 31
0.0
  0
LINE
  5
A7D
  8
0
 10
18.8371
 20
36.8889
 30
0.0
 11
18.7362
 21
37.0572
 31
0.0
  0
LINE
  5
A7E
  8
0
 10
18.7362
 20
37.0572
 30
0.0
 11
18.6523
 21
37.2346
 31
0.0
  0
LINE
  5
A7F
  8
0
 10
18.6523
 20
37.2346
 30
0.0
 11
18.5861
 21
37.4194
 31
0.0
  0
LINE
  5
A80
  8
0
 10
18.5861
 20
37.4194
 30
0.0
 11
18.5384
 21
37.6098
 31
0.0
  0
LINE
  5
A81
  8
0
 10
18.5384
 20
37.6098
 30
0.0
 11
18.5096
 21
37.804
 31
0.0
  0
LINE
  5
A82
  8
0
 10
18.5096
 20
37.804
 30
0.0
 11
18.5
 21
38.0
 31
0.0
  0
LINE
  5
A83
  8
0
 10
18.5
 20
38.0
 30
0.0
 11
18.5096
 21
38.196
 31
0.0
  0
LINE
  5
A84
  8
0
 10
18.5096
 20
38.196
 30
0.0
 11
18.5384
 21
38.3902
 31
0.0
  0
LINE
  5
A85
  8
0
 10
18.5384
 20
38.3902
 30
0.0
 11
18.5861
 21
38.5806
 31
0.0
  0
LINE
  5
A86
  8
0
 10
18.5861
 20
38.5806
 30
0.0
 11
18.6523
 21
38.7654
 31
0.0
  0
LINE
  5
A87
  8
0
 10
18.6523
 20
38.7654
 30
0.0
 11
18.7362
 21
38.9428
 31
0.0
  0
LINE
  5
A88
  8
0
 10
18.7362
 20
38.9428
 30
0.0
 11
18.8371
 21
39.1111
 31
0.0
  0
LINE
  5
A89
  8
0
 10
18.8371
 20
39.1111
 30
0.0
 11
18.954
 21
39.2688
 31
0.0
  0
LINE
  5
A8A
  8
0
 10
18.954
 20
39.2688
 30
0.0
 11
19.0858
 21
39.4142
 31
0.0
  0
LINE
  5
A8B
  8
0
 10
19.0858
 20
39.4142
 30
0.0
 11
19.2312
 21
39.546
 31
0.0
  0
LINE
  5
A8C
  8
0
 10
19.2312
 20
39.546
 30
0.0
 11
19.3889
 21
39.6629
 31
0.0
  0
LINE
  5
A8D
  8
0
 10
19.3889
 20
39.6629
 30
0.0
 11
19.5572
 21
39.7638
 31
0.0
  0
LINE
  5
A8E
  8
0
 10
19.5572
 20
39.7638
 30
0.0
 11
19.7346
 21
39.8477
 31
0.0
  0
LINE
  5
A8F
  8
0
 10
19.7346
 20
39.8477
 30
0.0
 11
19.9194
 21
39.9139
 31
0.0
  0
LINE
  5
A90
  8
0
 10
19.9194
 20
39.9139
 30
0.0
 11
20.1098
 21
39.9616
 31
0.0
  0
LINE
  5
A91
  8
0
 10
20.1098
 20
39.9616
 30
0.0
 11
20.304
 21
39.9904
 31
0.0
  0
LINE
  5
A92
  8
0
 10
20.304
 20
39.9904
 30
0.0
 11
20.5
 21
40.0
 31
0.0
  0
LINE
  5
A93
  8
0
 10
20.5
 20
40.0
 30
0.0
 11
23.0
 21
40.0
 31
0.0
  0
LINE
  5
A94
  8
0
 10
23.0
 20
40.0
 30
0.0
 11
23.0
 21
36.0
 31
0.0
  0
LINE
  5
A95
  8
0
 10
23.0
 20
36.0
 30
0.0
 11
20.5
 21
36.0
 31
0.0
  0
LINE
  5
A96
  8
0
 10
22.0
 20
39.0
 30
0.0
 11
20.0
 21
39.0
 31
0.0
  0
LINE
  5
A97
  8
0
 10
20.0
 20
39.0
 30
0.0
 11
20.0
 21
37.0
 31
0.0
  0
LINE
  5
A98
  8
0
 10
20.0
 20
37.0
 30
0.0
 11
22.0
 21
37.0
 31
0.0
  0
LINE
  5
A99
  8
0
 10
22.0
 20
37.0
 30
0.0
 11
22.0
 21
39.0
 31
0.0
  0
LINE
  5
A9A
  8
0
 10
38.0
 20
36.0
 30
0.0
 11
37.804
 21
36.0096
 31
0.0
  0
LINE
  5
A9B
  8
0
 10
37.804
 20
36.0096
 30
0.0
 11
37.6098
 21
36.0384
 31
0.0
  0
LINE
  5
A9C
  8
0
 10
37.6098
 20
36.0384
 30
0.0
 11
37.4194
 21
36.0861
 31
0.0
  0
LINE
  5
A9D
  8
0
 10
37.4194
 20
36.0861
 30
0.0
 11
37.2346
 21
36.1523
 31
0.0
  0
LINE
  5
A9E
  8
0
 10
37.2346
 20
36.1523
 30
0.0
 11
37.0572
 21
36.2362
 31
0.0
  0
LINE
  5
A9F
  8
0
 10
37.0572
 20
36.2362
 30
0.0
 11
36.8889
 21
36.3371
 31
0.0
  0
LINE
  5
AA0
  8
0
 10
36.8889
 20
36.3371
 30
0.0
 11
36.7312
 21
36.454
 31
0.0
  0
LINE
  5
AA1
  8
0
 10
36.7312
 20
36.454
 30
0.0
 11
36.5858
 21
36.5858
 31
0.0
  0
LINE
  5
AA2
  8
0
 10
36.5858
 20
36.5858
 30
0.0
 11
36.454
 21
36.7312
 31
0.0
  0
LINE
  5
AA3
  8
0
 10
36.454
 20
36.7312
 30
0.0
 11
36.3371
 21
36.8889
 31
0.0
  0
LINE
  5
AA4
  8
0
 10
36.3371
 20
36.8889
 30
0.0
 11
36.2362
 21
37.0572
 31
0.0
  0
LINE
  5
AA5
  8
0
 10
36.2362
 20
37.0572
 30
0.0
 11
36.1523
 21
37.2346
 31
0.0
  0
LINE
  5
AA6
  8
0
 10
36.1523
 20
37.2346
 30
0.0
 11
36.0861
 21
37.4194
 31
0.0
  0
LINE
  5
AA7
  8
0
 10
36.0861
 20
37.4194
 30
0.0
 11
36.0384
 21
37.6098
 31
0.0
  0
LINE
  5
AA8
  8
0
 10
36.0384
 20
37.6098
 30
0.0
 11
36.0096
 21
37.804
 31
0.0
  0
LINE
  5
AA9
  8
0
 10
36.0096
 20
37.804
 30
0.0
 11
36.0
 21
38.0
 31
0.0
  0
LINE
  5
AAA
  8
0
 10
36.0
 20
38.0
 30
0.0
 11
36.0096
 21
38.196
 31
0.0
  0
LINE
  5
AAB
  8
0
 10
36.0096
 20
38.196
 30
0.0
 11
36.0384
 21
38.3902
 31
0.0
  0
LINE
  5
AAC
  8
0
 10
36.0384
 20
38.3902
 30
0.0
 11
36.0861
 21
38.5806
 31
0.0
  0
LINE
  5
AAD
  8
0
 10
36.0861
 20
38.5806
 30
0.0
 11
36.1523
 21
38.7654
 31
0.0
  0
LINE
  5
AAE
  8
0
 10
36.1523
 20
38.7654
 30
0.0
 11
36.2362
 21
38.9428
 31
0.0
  0
LINE
  5
AAF
  8
0
 10
36.2362
 20
38.9428
 30
0.0
 11
36.3371
 21
39.1111
 31
0.0
  0
LINE
  5
AB0
  8
0
 10
36.3371
 20
39.1111
 30
0.0
 11
36.454
 21
39.2688
 31
0.0
  0
LINE
  5
AB1
  8
0
 10
36.454
 20
39.2688
 30
0.0
 11
36.5858
 21
39.4142
 31
0.0
  0
LINE
  5
AB2
  8
0
 10
36.5858
 20
39.4142
 30
0.0
 11
36.7312
 21
39.546
 31
0.0
  0
LINE
  5
AB3
  8
0
 10
36.7312
 20
39.546
 30
0.0
 11
36.8889
 21
39.6629
 31
0.0
  0
LINE
  5
AB4
  8
0
 10
36.8889
 20
39.6629
 30
0.0
 11
37.0572
 21
39.7638
 31
0.0
  0
LINE
  5
AB5
  8
0
 10
37.0572
 20
39.7638
 30
0.0
 11
37.2346
 21
39.8477
 31
0.0
  0
LINE
  5
AB6
  8
0
 10
37.2346
 20
39.8477
 30
0.0
 11
37.4194
 21
39.9139
 31
0.0
  0
LINE
  5
AB7
  8
0
 10
37.4194
 20
39.9139
 30
0.0
 11
37.6098
 21
39.9616
 31
0.0
  0
LINE
  5
AB8
  8
0
 10
37.6098
 20
39.9616
 30
0.0
 11
37.804
 21
39.9904
 31
0.0
  0
LINE
  5
AB9
  8
0
 10
37.804
 20
39.9904
 30
0.0
 11
38.0
 21
40.0
 31
0.0
  0
LINE
  5
ABA
  8
0
 10
38.0
 20
40.0
 30
0.0
 11
40.5
 21
40.0
 31
0.0
  0
LINE
  5
ABB
  8
0
 10
40.5
 20
40.0
 30
0.0
 11
40.5
 21
36.0
 31
0.0
  0
LINE
  5
ABC
  8
0
 10
40.5
 20
36.0
 30
0.0
 11
38.0
 21
36.0
 31
0.0
  0
LINE
  5
ABD
  8
0
 10
39.5
 20
39.0
 30
0.0
 11
37.5
 21
39.0
 31
0.0
  0
LINE
  5
ABE
  8
0
 10
37.5
 20
39.0
 30
0.0
 11
37.5
 21
37.0
 31
0.0
  0
LINE
  5
ABF
  8
0
 10
37.5
 20
37.0
 30
0.0
 11
39.5
 21
37.0
 31
0.0
  0
LINE
  5
AC0
  8
0
 10
39.5
 20
37.0
 30
0.0
 11
39.5
 21
39.0
 31
0.0
  0
LINE
  5
AC1
  8
0
 10
24.0
 20
36.0
 30
0.0
 11
24.0
 21
40.0
 31
0.0
  0
LINE
  5
AC2
  8
0
 10
24.0
 20
40.0
 30
0.0
 11
26.5
 21
40.0
 31
0.0
  0
LINE
  5
AC3
  8
0
 10
26.5
 20
40.0
 30
0.0
 11
26.696
 21
39.9904
 31
0.0
  0
LINE
  5
AC4
  8
0
 10
26.696
 20
39.9904
 30
0.0
 11
26.8902
 21
39.9616
 31
0.0
  0
LINE
  5
AC5
  8
0
 10
26.8902
 20
39.9616
 30
0.0
 11
27.0806
 21
39.9139
 31
0.0
  0
LINE
  5
AC6
  8
0
 10
27.0806
 20
39.9139
 30
0.0
 11
27.2654
 21
39.8477
 31
0.0
  0
LINE
  5
AC7
  8
0
 10
27.2654
 20
39.8477
 30
0.0
 11
27.4428
 21
39.7638
 31
0.0
  0
LINE
  5
AC8
  8
0
 10
27.4428
 20
39.7638
 30
0.0
 11
27.6111
 21
39.6629
 31
0.0
  0
LINE
  5
AC9
  8
0
 10
27.6111
 20
39.6629
 30
0.0
 11
27.7688
 21
39.546
 31
0.0
  0
LINE
  5
ACA
  8
0
 10
27.7688
 20
39.546
 30
0.0
 11
27.9142
 21
39.4142
 31
0.0
  0
LINE
  5
ACB
  8
0
 10
27.9142
 20
39.4142
 30
0.0
 11
28.046
 21
39.2688
 31
0.0
  0
LINE
  5
ACC
  8
0
 10
28.046
 20
39.2688
 30
0.0
 11
28.1629
 21
39.1111
 31
0.0
  0
LINE
  5
ACD
  8
0
 10
28.1629
 20
39.1111
 30
0.0
 11
28.2638
 21
38.9428
 31
0.0
  0
LINE
  5
ACE
  8
0
 10
28.2638
 20
38.9428
 30
0.0
 11
28.3477
 21
38.7654
 31
0.0
  0
LINE
  5
ACF
  8
0
 10
28.3477
 20
38.7654
 30
0.0
 11
28.4139
 21
38.5806
 31
0.0
  0
LINE
  5
AD0
  8
0
 10
28.4139
 20
38.5806
 30
0.0
 11
28.4616
 21
38.3902
 31
0.0
  0
LINE
  5
AD1
  8
0
 10
28.4616
 20
38.3902
 30
0.0
 11
28.4904
 21
38.196
 31
0.0
  0
LINE
  5
AD2
  8
0
 10
28.4904
 20
38.196
 30
0.0
 11
28.5
 21
38.0
 31
0.0
  0
LINE
  5
AD3
  8
0
 10
28.5
 20
38.0
 30
0.0
 11
28.4904
 21
37.804
 31
0.0
  0
LINE
  5
AD4
  8
0
 10
28.4904
 20
37.804
 30
0.0
 11
28.4616
 21
37.6098
 31
0.0
  0
LINE
  5
AD5
  8
0
 10
28.4616
 20
37.6098
 30
0.0
 11
28.4139
 21
37.4194
 31
0.0
  0
LINE
  5
AD6
  8
0
 10
28.4139
 20
37.4194
 30
0.0
 11
28.3477
 21
37.2346
 31
0.0
  0
LINE
  5
AD7
  8
0
 10
28.3477
 20
37.2346
 30
0.0
 11
28.2638
 21
37.0572
 31
0.0
  0
LINE
  5
AD8
  8
0
 10
28.2638
 20
37.0572
 30
0.0
 11
28.1629
 21
36.8889
 31
0.0
  0
LINE
  5
AD9
  8
0
 10
28.1629
 20
36.8889
 30
0.0
 11
28.046
 21
36.7312
 31
0.0
  0
LINE
  5
ADA
  8
0
 10
28.046
 20
36.7312
 30
0.0
 11
27.9142
 21
36.5858
 31
0.0
  0
LINE
  5
ADB
  8
0
 10
27.9142
 20
36.5858
 30
0.0
 11
27.7688
 21
36.454
 31
0.0
  0
LINE
  5
ADC
  8
0
 10
27.7688
 20
36.454
 30
0.0
 11
27.6111
 21
36.3371
 31
0.0
  0
LINE
  5
ADD
  8
0
 10
27.6111
 20
36.3371
 30
0.0
 11
27.4428
 21
36.2362
 31
0.0
  0
LINE
  5
ADE
  8
0
 10
27.4428
 20
36.2362
 30
0.0
 11
27.2654
 21
36.1523
 31
0.0
  0
LINE
  5
ADF
  8
0
 10
27.2654
 20
36.1523
 30
0.0
 11
27.0806
 21
36.0861
 31
0.0
  0
LINE
  5
AE0
  8
0
 10
27.0806
 20
36.0861
 30
0.0
 11
26.8902
 21
36.0384
 31
0.0
  0
LINE
  5
AE1
  8
0
 10
26.8902
 20
36.0384
 30
0.0
 11
26.696
 21
36.0096
 31
0.0
  0
LINE
  5
AE2
  8
0
 10
26.696
 20
36.0096
 30
0.0
 11
26.5
 21
36.0
 31
0.0
  0
LINE
  5
AE3
  8
0
 10
26.5
 20
36.0
 30
0.0
 11
24.0
 21
36.0
 31
0.0
  0
LINE
  5
AE4
  8
0
 10
27.0
 20
39.0
 30
0.0
 11
25.0
 21
39.0
 31
0.0
  0
LINE
  5
AE5
  8
0
 10
25.0
 20
39.0
 30
0.0
 11
25.0
 21
37.0
 31
0.0
  0
LINE
  5
AE6
  8
0
 10
25.0
 20
37.0
 30
0.0
 11
27.0
 21
37.0
 31
0.0
  0
LINE
  5
AE7
  8
0
 10
27.0
 20
37.0
 30
0.0
 11
27.0
 21
39.0
 31
0.0
  0
LINE
  5
AE8
  8
0
 10
6.5
 20
36.0
 30
0.0
 11
6.5
 21
40.0
 31
0.0
  0
LINE
  5
AE9
  8
0
 10
6.5
 20
40.0
 30
0.0
 11
9.0
 21
40.0
 31
0.0
  0
LINE
  5
AEA
  8
0
 10
9.0
 20
40.0
 30
0.0
 11
9.19603
 21
39.9904
 31
0.0
  0
LINE
  5
AEB
  8
0
 10
9.19603
 20
39.9904
 30
0.0
 11
9.39017
 21
39.9616
 31
0.0
  0
LINE
  5
AEC
  8
0
 10
9.39017
 20
39.9616
 30
0.0
 11
9.58057
 21
39.9139
 31
0.0
  0
LINE
  5
AED
  8
0
 10
9.58057
 20
39.9139
 30
0.0
 11
9.76537
 21
39.8477
 31
0.0
  0
LINE
  5
AEE
  8
0
 10
9.76537
 20
39.8477
 30
0.0
 11
9.94278
 21
39.7638
 31
0.0
  0
LINE
  5
AEF
  8
0
 10
9.94278
 20
39.7638
 30
0.0
 11
10.1111
 21
39.6629
 31
0.0
  0
LINE
  5
AF0
  8
0
 10
10.1111
 20
39.6629
 30
0.0
 11
10.2688
 21
39.546
 31
0.0
  0
LINE
  5
AF1
  8
0
 10
10.2688
 20
39.546
 30
0.0
 11
10.4142
 21
39.4142
 31
0.0
  0
LINE
  5
AF2
  8
0
 10
10.4142
 20
39.4142
 30
0.0
 11
10.546
 21
39.2688
 31
0.0
  0
LINE
  5
AF3
  8
0
 10
10.546
 20
39.2688
 30
0.0
 11
10.6629
 21
39.1111
 31
0.0
  0
LINE
  5
AF4
  8
0
 10
10.6629
 20
39.1111
 30
0.0
 11
10.7638
 21
38.9428
 31
0.0
  0
LINE
  5
AF5
  8
0
 10
10.7638
 20
38.9428
 30
0.0
 11
10.8477
 21
38.7654
 31
0.0
  0
LINE
  5
AF6
  8
0
 10
10.8477
 20
38.7654
 30
0.0
 11
10.9139
 21
38.5806
 31
0.0
  0
LINE
  5
AF7
  8
0
 10
10.9139
 20
38.5806
 30
0.0
 11
10.9616
 21
38.3902
 31
0.0
  0
LINE
  5
AF8
  8
0
 10
10.9616
 20
38.3902
 30
0.0
 11
10.9904
 21
38.196
 31
0.0
  0
LINE
  5
AF9
  8
0
 10
10.9904
 20
38.196
 30
0.0
 11
11.0
 21
38.0
 31
0.0
  0
LINE
  5
AFA
  8
0
 10
11.0
 20
38.0
 30
0.0
 11
10.9904
 21
37.804
 31
0.0
  0
LINE
  5
AFB
  8
0
 10
10.9904
 20
37.804
 30
0.0
 11
10.9616
 21
37.6098
 31
0.0
  0
LINE
  5
AFC
  8
0
 10
10.9616
 20
37.6098
 30
0.0
 11
10.9139
 21
37.4194
 31
0.0
  0
LINE
  5
AFD
  8
0
 10
10.9139
 20
37.4194
 30
0.0
 11
10.8477
 21
37.2346
 31
0.0
  0
LINE
  5
AFE
  8
0
 10
10.8477
 20
37.2346
 30
0.0
 11
10.7638
 21
37.0572
 31
0.0
  0
LINE
  5
AFF
  8
0
 10
10.7638
 20
37.0572
 30
0.0
 11
10.6629
 21
36.8889
 31
0.0
  0
LINE
  5
B00
  8
0
 10
10.6629
 20
36.8889
 30
0.0
 11
10.546
 21
36.7312
 31
0.0
  0
LINE
  5
B01
  8
0
 10
10.546
 20
36.7312
 30
0.0
 11
10.4142
 21
36.5858
 31
0.0
  0
LINE
  5
B02
  8
0
 10
10.4142
 20
36.5858
 30
0.0
 11
10.2688
 21
36.454
 31
0.0
  0
LINE
  5
B03
  8
0
 10
10.2688
 20
36.454
 30
0.0
 11
10.1111
 21
36.3371
 31
0.0
  0
LINE
  5
B04
  8
0
 10
10.1111
 20
36.3371
 30
0.0
 11
9.94278
 21
36.2362
 31
0.0
  0
LINE
  5
B05
  8
0
 10
9.94278
 20
36.2362
 30
0.0
 11
9.76537
 21
36.1523
 31
0.0
  0
LINE
  5
B06
  8
0
 10
9.76537
 20
36.1523
 30
0.0
 11
9.58057
 21
36.0861
 31
0.0
  0
LINE
  5
B07
  8
0
 10
9.58057
 20
36.0861
 30
0.0
 11
9.39017
 21
36.0384
 31
0.0
  0
LINE
  5
B08
  8
0
 10
9.39017
 20
36.0384
 30
0.0
 11
9.19603
 21
36.0096
 31
0.0
  0
LINE
  5
B09
  8
0
 10
9.19603
 20
36.0096
 30
0.0
 11
9.0
 21
36.0
 31
0.0
  0
LINE
  5
B0A
  8
0
 10
9.0
 20
36.0
 30
0.0
 11
6.5
 21
36.0
 31
0.0
  0
LINE
  5
B0B
  8
0
 10
9.5
 20
39.0
 30
0.0
 11
7.5
 21
39.0
 31
0.0
  0
LINE
  5
B0C
  8
0
 10
7.5
 20
39.0
 30
0.0
 11
7.5
 21
37.0
 31
0.0
  0
LINE
  5
B0D
  8
0
 10
7.5
 20
37.0
 30
0.0
 11
9.5
 21
37.0
 31
0.0
  0
LINE
  5
B0E
  8
0
 10
9.5
 20
37.0
 30
0.0
 11
9.5
 21
39.0
 31
0.0
  0
LINE
  5
B0F
  8
0
 10
3.0
 20
36.0
 30
0.0
 11
2.80397
 21
36.0096
 31
0.0
  0
LINE
  5
B10
  8
0
 10
2.80397
 20
36.0096
 30
0.0
 11
2.60983
 21
36.0384
 31
0.0
  0
LINE
  5
B11
  8
0
 10
2.60983
 20
36.0384
 30
0.0
 11
2.41943
 21
36.0861
 31
0.0
  0
LINE
  5
B12
  8
0
 10
2.41943
 20
36.0861
 30
0.0
 11
2.23463
 21
36.1523
 31
0.0
  0
LINE
  5
B13
  8
0
 10
2.23463
 20
36.1523
 30
0.0
 11
2.05722
 21
36.2362
 31
0.0
  0
LINE
  5
B14
  8
0
 10
2.05722
 20
36.2362
 30
0.0
 11
1.88887
 21
36.3371
 31
0.0
  0
LINE
  5
B15
  8
0
 10
1.88887
 20
36.3371
 30
0.0
 11
1.73122
 21
36.454
 31
0.0
  0
LINE
  5
B16
  8
0
 10
1.73122
 20
36.454
 30
0.0
 11
1.5858
 21
36.5858
 31
0.0
  0
LINE
  5
B17
  8
0
 10
1.5858
 20
36.5858
 30
0.0
 11
1.45398
 21
36.7312
 31
0.0
  0
LINE
  5
B18
  8
0
 10
1.45398
 20
36.7312
 30
0.0
 11
1.33707
 21
36.8889
 31
0.0
  0
LINE
  5
B19
  8
0
 10
1.33707
 20
36.8889
 30
0.0
 11
1.23616
 21
37.0572
 31
0.0
  0
LINE
  5
B1A
  8
0
 10
1.23616
 20
37.0572
 30
0.0
 11
1.15225
 21
37.2346
 31
0.0
  0
LINE
  5
B1B
  8
0
 10
1.15225
 20
37.2346
 30
0.0
 11
1.08612
 21
37.4194
 31
0.0
  0
LINE
  5
B1C
  8
0
 10
1.08612
 20
37.4194
 30
0.0
 11
1.03844
 21
37.6098
 31
0.0
  0
LINE
  5
B1D
  8
0
 10
1.03844
 20
37.6098
 30
0.0
 11
1.00964
 21
37.804
 31
0.0
  0
LINE
  5
B1E
  8
0
 10
1.00964
 20
37.804
 30
0.0
 11
1.0
 21
38.0
 31
0.0
  0
LINE
  5
B1F
  8
0
 10
1.0
 20
38.0
 30
0.0
 11
1.00964
 21
38.196
 31
0.0
  0
LINE
  5
B20
  8
0
 10
1.00964
 20
38.196
 30
0.0
 11
1.03844
 21
38.3902
 31
0.0
  0
LINE
  5
B21
  8
0
 10
1.03844
 20
38.3902
 30
0.0
 11
1.08612
 21
38.5806
 31
0.0
  0
LINE
  5
B22
  8
0
 10
1.08612
 20
38.5806
 30
0.0
 11
1.15225
 21
38.7654
 31
0.0
  0
LINE
  5
B23
  8
0
 10
1.15225
 20
38.7654
 30
0.0
 11
1.23616
 21
38.9428
 31
0.0
  0
LINE
  5
B24
  8
0
 10
1.23616
 20
38.9428
 30
0.0
 11
1.33707
 21
39.1111
 31
0.0
  0
LINE
  5
B25
  8
0
 10
1.33707
 20
39.1111
 30
0.0
 11
1.45398
 21
39.2688
 31
0.0
  0
LINE
  5
B26
  8
0
 10
1.45398
 20
39.2688
 30
0.0
 11
1.5858
 21
39.4142
 31
0.0
  0
LINE
  5
B27
  8
0
 10
1.5858
 20
39.4142
 30
0.0
 11
1.73122
 21
39.546
 31
0.0
  0
LINE
  5
B28
  8
0
 10
1.73122
 20
39.546
 30
0.0
 11
1.88887
 21
39.6629
 31
0.0
  0
LINE
  5
B29
  8
0
 10
1.88887
 20
39.6629
 30
0.0
 11
2.05722
 21
39.7638
 31
0.0
  0
LINE
  5
B2A
  8
0
 10
2.05722
 20
39.7638
 30
0.0
 11
2.23463
 21
39.8477
 31
0.0
  0
LINE
  5
B2B
  8
0
 10
2.23463
 20
39.8477
 30
0.0
 11
2.41943
 21
39.9139
 31
0.0
  0
LINE
  5
B2C
  8
0
 10
2.41943
 20
39.9139
 30
0.0
 11
2.60983
 21
39.9616
 31
0.0
  0
LINE
  5
B2D
  8
0
 10
2.60983
 20
39.9616
 30
0.0
 11
2.80397
 21
39.9904
 31
0.0
  0
LINE
  5
B2E
  8
0
 10
2.80397
 20
39.9904
 30
0.0
 11
3.0
 21
40.0
 31
0.0
  0
LINE
  5
B2F
  8
0
 10
3.0
 20
40.0
 30
0.0
 11
5.5
 21
40.0
 31
0.0
  0
LINE
  5
B30
  8
0
 10
5.5
 20
40.0
 30
0.0
 11
5.5
 21
36.0
 31
0.0
  0
LINE
  5
B31
  8
0
 10
5.5
 20
36.0
 30
0.0
 11
3.0
 21
36.0
 31
0.0
  0
LINE
  5
B32
  8
0
 10
4.5
 20
39.0
 30
0.0
 11
2.5
 21
39.0
 31
0.0
  0
LINE
  5
B33
  8
0
 10
2.5
 20
39.0
 30
0.0
 11
2.5
 21
37.0
 31
0.0
  0
LINE
  5
B34
  8
0
 10
2.5
 20
37.0
 30
0.0
 11
4.5
 21
37.0
 31
0.0
  0
LINE
  5
B35
  8
0
 10
4.5
 20
37.0
 30
0.0
 11
4.5
 21
39.0
 31
0.0
  0
LINE
  5
B36
  8
0
 10
59.0
 20
36.0
 30
0.0
 11
59.0
 21
40.0
 31
0.0
  0
LINE
  5
B37
  8
0
 10
59.0
 20
40.0
 30
0.0
 11
61.5
 21
40.0
 31
0.0
  0
LINE
  5
B38
  8
0
 10
61.5
 20
40.0
 30
0.0
 11
61.696
 21
39.9904
 31
0.0
  0
LINE
  5
B39
  8
0
 10
61.696
 20
39.9904
 30
0.0
 11
61.8902
 21
39.9616
 31
0.0
  0
LINE
  5
B3A
  8
0
 10
61.8902
 20
39.9616
 30
0.0
 11
62.0806
 21
39.9139
 31
0.0
  0
LINE
  5
B3B
  8
0
 10
62.0806
 20
39.9139
 30
0.0
 11
62.2654
 21
39.8477
 31
0.0
  0
LINE
  5
B3C
  8
0
 10
62.2654
 20
39.8477
 30
0.0
 11
62.4428
 21
39.7638
 31
0.0
  0
LINE
  5
B3D
  8
0
 10
62.4428
 20
39.7638
 30
0.0
 11
62.6111
 21
39.6629
 31
0.0
  0
LINE
  5
B3E
  8
0
 10
62.6111
 20
39.6629
 30
0.0
 11
62.7688
 21
39.546
 31
0.0
  0
LINE
  5
B3F
  8
0
 10
62.7688
 20
39.546
 30
0.0
 11
62.9142
 21
39.4142
 31
0.0
  0
LINE
  5
B40
  8
0
 10
62.9142
 20
39.4142
 30
0.0
 11
63.046
 21
39.2688
 31
0.0
  0
LINE
  5
B41
  8
0
 10
63.046
 20
39.2688
 30
0.0
 11
63.1629
 21
39.1111
 31
0.0
  0
LINE
  5
B42
  8
0
 10
63.1629
 20
39.1111
 30
0.0
 11
63.2638
 21
38.9428
 31
0.0
  0
LINE
  5
B43
  8
0
 10
63.2638
 20
38.9428
 30
0.0
 11
63.3477
 21
38.7654
 31
0.0
  0
LINE
  5
B44
  8
0
 10
63.3477
 20
38.7654
 30
0.0
 11
63.4139
 21
38.5806
 31
0.0
  0
LINE
  5
B45
  8
0
 10
63.4139
 20
38.5806
 30
0.0
 11
63.4616
 21
38.3902
 31
0.0
  0
LINE
  5
B46
  8
0
 10
63.4616
 20
38.3902
 30
0.0
 11
63.4904
 21
38.196
 31
0.0
  0
LINE
  5
B47
  8
0
 10
63.4904
 20
38.196
 30
0.0
 11
63.5
 21
38.0
 31
0.0
  0
LINE
  5
B48
  8
0
 10
63.5
 20
38.0
 30
0.0
 11
63.4904
 21
37.804
 31
0.0
  0
LINE
  5
B49
  8
0
 10
63.4904
 20
37.804
 30
0.0
 11
63.4616
 21
37.6098
 31
0.0
  0
LINE
  5
B4A
  8
0
 10
63.4616
 20
37.6098
 30
0.0
 11
63.4139
 21
37.4194
 31
0.0
  0
LINE
  5
B4B
  8
0
 10
63.4139
 20
37.4194
 30
0.0
 11
63.3477
 21
37.2346
 31
0.0
  0
LINE
  5
B4C
  8
0
 10
63.3477
 20
37.2346
 30
0.0
 11
63.2638
 21
37.0572
 31
0.0
  0
LINE
  5
B4D
  8
0
 10
63.2638
 20
37.0572
 30
0.0
 11
63.1629
 21
36.8889
 31
0.0
  0
LINE
  5
B4E
  8
0
 10
63.1629
 20
36.8889
 30
0.0
 11
63.046
 21
36.7312
 31
0.0
  0
LINE
  5
B4F
  8
0
 10
63.046
 20
36.7312
 30
0.0
 11
62.9142
 21
36.5858
 31
0.0
  0
LINE
  5
B50
  8
0
 10
62.9142
 20
36.5858
 30
0.0
 11
62.7688
 21
36.454
 31
0.0
  0
LINE
  5
B51
  8
0
 10
62.7688
 20
36.454
 30
0.0
 11
62.6111
 21
36.3371
 31
0.0
  0
LINE
  5
B52
  8
0
 10
62.6111
 20
36.3371
 30
0.0
 11
62.4428
 21
36.2362
 31
0.0
  0
LINE
  5
B53
  8
0
 10
62.4428
 20
36.2362
 30
0.0
 11
62.2654
 21
36.1523
 31
0.0
  0
LINE
  5
B54
  8
0
 10
62.2654
 20
36.1523
 30
0.0
 11
62.0806
 21
36.0861
 31
0.0
  0
LINE
  5
B55
  8
0
 10
62.0806
 20
36.0861
 30
0.0
 11
61.8902
 21
36.0384
 31
0.0
  0
LINE
  5
B56
  8
0
 10
61.8902
 20
36.0384
 30
0.0
 11
61.696
 21
36.0096
 31
0.0
  0
LINE
  5
B57
  8
0
 10
61.696
 20
36.0096
 30
0.0
 11
61.5
 21
36.0
 31
0.0
  0
LINE
  5
B58
  8
0
 10
61.5
 20
36.0
 30
0.0
 11
59.0
 21
36.0
 31
0.0
  0
LINE
  5
B59
  8
0
 10
62.0
 20
39.0
 30
0.0
 11
60.0
 21
39.0
 31
0.0
  0
LINE
  5
B5A
  8
0
 10
60.0
 20
39.0
 30
0.0
 11
60.0
 21
37.0
 31
0.0
  0
LINE
  5
B5B
  8
0
 10
60.0
 20
37.0
 30
0.0
 11
62.0
 21
37.0
 31
0.0
  0
LINE
  5
B5C
  8
0
 10
62.0
 20
37.0
 30
0.0
 11
62.0
 21
39.0
 31
0.0
  0
LINE
  5
B5D
  8
0
 10
71.625
 20
32.3125
 30
0.0
 11
71.625
 21
32.375
 31
0.0
  0
LINE
  5
B5E
  8
0
 10
71.625
 20
32.375
 30
0.0
 11
72.375
 21
32.375
 31
0.0
  0
LINE
  5
B5F
  8
0
 10
72.375
 20
32.375
 30
0.0
 11
72.375
 21
33.125
 31
0.0
  0
LINE
  5
B60
  8
0
 10
72.375
 20
33.125
 30
0.0
 11
72.4375
 21
33.125
 31
0.0
  0
LINE
  5
B61
  8
0
 10
72.4375
 20
33.125
 30
0.0
 11
72.4375
 21
32.3125
 31
0.0
  0
LINE
  5
B62
  8
0
 10
72.4375
 20
32.3125
 30
0.0
 11
71.625
 21
32.3125
 31
0.0
  0
LINE
  5
B63
  8
0
 10
-8.875
 20
32.3125
 30
0.0
 11
-8.875
 21
32.375
 31
0.0
  0
LINE
  5
B64
  8
0
 10
-8.875
 20
32.375
 30
0.0
 11
-8.125
 21
32.375
 31
0.0
  0
LINE
  5
B65
  8
0
 10
-8.125
 20
32.375
 30
0.0
 11
-8.125
 21
33.125
 31
0.0
  0
LINE
  5
B66
  8
0
 10
-8.125
 20
33.125
 30
0.0
 11
-8.0625
 21
33.125
 31
0.0
  0
LINE
  5
B67
  8
0
 10
-8.0625
 20
33.125
 30
0.0
 11
-8.0625
 21
32.3125
 31
0.0
  0
LINE
  5
B68
  8
0
 10
-8.0625
 20
32.3125
 30
0.0
 11
-8.875
 21
32.3125
 31
0.0
  0
LINE
  5
B69
  8
0
 10
72.5625
 20
32.3125
 30
0.0
 11
72.5625
 21
33.125
 31
0.0
  0
LINE
  5
B6A
  8
0
 10
72.5625
 20
33.125
 30
0.0
 11
72.625
 21
33.125
 31
0.0
  0
LINE
  5
B6B
  8
0
 10
72.625
 20
33.125
 30
0.0
 11
72.625
 21
32.375
 31
0.0
  0
LINE
  5
B6C
  8
0
 10
72.625
 20
32.375
 30
0.0
 11
73.375
 21
32.375
 31
0.0
  0
LINE
  5
B6D
  8
0
 10
73.375
 20
32.375
 30
0.0
 11
73.375
 21
32.3125
 31
0.0
  0
LINE
  5
B6E
  8
0
 10
73.375
 20
32.3125
 30
0.0
 11
72.5625
 21
32.3125
 31
0.0
  0
LINE
  5
B6F
  8
0
 10
-7.9375
 20
32.3125
 30
0.0
 11
-7.9375
 21
33.125
 31
0.0
  0
LINE
  5
B70
  8
0
 10
-7.9375
 20
33.125
 30
0.0
 11
-7.875
 21
33.125
 31
0.0
  0
LINE
  5
B71
  8
0
 10
-7.875
 20
33.125
 30
0.0
 11
-7.875
 21
32.375
 31
0.0
  0
LINE
  5
B72
  8
0
 10
-7.875
 20
32.375
 30
0.0
 11
-7.125
 21
32.375
 31
0.0
  0
LINE
  5
B73
  8
0
 10
-7.125
 20
32.375
 30
0.0
 11
-7.125
 21
32.3125
 31
0.0
  0
LINE
  5
B74
  8
0
 10
-7.125
 20
32.3125
 30
0.0
 11
-7.9375
 21
32.3125
 31
0.0
  0
LINE
  5
B75
  8
0
 10
-8.125
 20
31.375
 30
0.0
 11
-8.125
 21
32.125
 31
0.0
  0
LINE
  5
B76
  8
0
 10
-8.125
 20
32.125
 30
0.0
 11
-8.875
 21
32.125
 31
0.0
  0
LINE
  5
B77
  8
0
 10
-8.875
 20
32.125
 30
0.0
 11
-8.875
 21
32.1875
 31
0.0
  0
LINE
  5
B78
  8
0
 10
-8.875
 20
32.1875
 30
0.0
 11
-8.0625
 21
32.1875
 31
0.0
  0
LINE
  5
B79
  8
0
 10
-8.0625
 20
32.1875
 30
0.0
 11
-8.0625
 21
31.375
 31
0.0
  0
LINE
  5
B7A
  8
0
 10
-8.0625
 20
31.375
 30
0.0
 11
-8.125
 21
31.375
 31
0.0
  0
LINE
  5
B7B
  8
0
 10
-7.9375
 20
31.375
 30
0.0
 11
-7.9375
 21
32.1875
 31
0.0
  0
LINE
  5
B7C
  8
0
 10
-7.9375
 20
32.1875
 30
0.0
 11
-7.125
 21
32.1875
 31
0.0
  0
LINE
  5
B7D
  8
0
 10
-7.125
 20
32.1875
 30
0.0
 11
-7.125
 21
32.125
 31
0.0
  0
LINE
  5
B7E
  8
0
 10
-7.125
 20
32.125
 30
0.0
 11
-7.875
 21
32.125
 31
0.0
  0
LINE
  5
B7F
  8
0
 10
-7.875
 20
32.125
 30
0.0
 11
-7.875
 21
31.375
 31
0.0
  0
LINE
  5
B80
  8
0
 10
-7.875
 20
31.375
 30
0.0
 11
-7.9375
 21
31.375
 31
0.0
  0
LINE
  5
B81
  8
0
 10
72.375
 20
31.375
 30
0.0
 11
72.375
 21
32.125
 31
0.0
  0
LINE
  5
B82
  8
0
 10
72.375
 20
32.125
 30
0.0
 11
71.625
 21
32.125
 31
0.0
  0
LINE
  5
B83
  8
0
 10
71.625
 20
32.125
 30
0.0
 11
71.625
 21
32.1875
 31
0.0
  0
LINE
  5
B84
  8
0
 10
71.625
 20
32.1875
 30
0.0
 11
72.4375
 21
32.1875
 31
0.0
  0
LINE
  5
B85
  8
0
 10
72.4375
 20
32.1875
 30
0.0
 11
72.4375
 21
31.375
 31
0.0
  0
LINE
  5
B86
  8
0
 10
72.4375
 20
31.375
 30
0.0
 11
72.375
 21
31.375
 31
0.0
  0
LINE
  5
B87
  8
0
 10
72.5625
 20
31.375
 30
0.0
 11
72.5625
 21
32.1875
 31
0.0
  0
LINE
  5
B88
  8
0
 10
72.5625
 20
32.1875
 30
0.0
 11
73.375
 21
32.1875
 31
0.0
  0
LINE
  5
B89
  8
0
 10
73.375
 20
32.1875
 30
0.0
 11
73.375
 21
32.125
 31
0.0
  0
LINE
  5
B8A
  8
0
 10
73.375
 20
32.125
 30
0.0
 11
72.625
 21
32.125
 31
0.0
  0
LINE
  5
B8B
  8
0
 10
72.625
 20
32.125
 30
0.0
 11
72.625
 21
31.375
 31
0.0
  0
LINE
  5
B8C
  8
0
 10
72.625
 20
31.375
 30
0.0
 11
72.5625
 21
31.375
 31
0.0
  0
LINE
  5
B8D
  8
0
 10
55.5
 20
24.5
 30
0.0
 11
55.304
 21
24.5096
 31
0.0
  0
LINE
  5
B8E
  8
0
 10
55.304
 20
24.5096
 30
0.0
 11
55.1098
 21
24.5384
 31
0.0
  0
LINE
  5
B8F
  8
0
 10
55.1098
 20
24.5384
 30
0.0
 11
54.9194
 21
24.5861
 31
0.0
  0
LINE
  5
B90
  8
0
 10
54.9194
 20
24.5861
 30
0.0
 11
54.7346
 21
24.6523
 31
0.0
  0
LINE
  5
B91
  8
0
 10
54.7346
 20
24.6523
 30
0.0
 11
54.5572
 21
24.7362
 31
0.0
  0
LINE
  5
B92
  8
0
 10
54.5572
 20
24.7362
 30
0.0
 11
54.3889
 21
24.8371
 31
0.0
  0
LINE
  5
B93
  8
0
 10
54.3889
 20
24.8371
 30
0.0
 11
54.2312
 21
24.954
 31
0.0
  0
LINE
  5
B94
  8
0
 10
54.2312
 20
24.954
 30
0.0
 11
54.0858
 21
25.0858
 31
0.0
  0
LINE
  5
B95
  8
0
 10
54.0858
 20
25.0858
 30
0.0
 11
53.954
 21
25.2312
 31
0.0
  0
LINE
  5
B96
  8
0
 10
53.954
 20
25.2312
 30
0.0
 11
53.8371
 21
25.3889
 31
0.0
  0
LINE
  5
B97
  8
0
 10
53.8371
 20
25.3889
 30
0.0
 11
53.7362
 21
25.5572
 31
0.0
  0
LINE
  5
B98
  8
0
 10
53.7362
 20
25.5572
 30
0.0
 11
53.6523
 21
25.7346
 31
0.0
  0
LINE
  5
B99
  8
0
 10
53.6523
 20
25.7346
 30
0.0
 11
53.5861
 21
25.9194
 31
0.0
  0
LINE
  5
B9A
  8
0
 10
53.5861
 20
25.9194
 30
0.0
 11
53.5384
 21
26.1098
 31
0.0
  0
LINE
  5
B9B
  8
0
 10
53.5384
 20
26.1098
 30
0.0
 11
53.5096
 21
26.304
 31
0.0
  0
LINE
  5
B9C
  8
0
 10
53.5096
 20
26.304
 30
0.0
 11
53.5
 21
26.5
 31
0.0
  0
LINE
  5
B9D
  8
0
 10
53.5
 20
26.5
 30
0.0
 11
53.5096
 21
26.696
 31
0.0
  0
LINE
  5
B9E
  8
0
 10
53.5096
 20
26.696
 30
0.0
 11
53.5384
 21
26.8902
 31
0.0
  0
LINE
  5
B9F
  8
0
 10
53.5384
 20
26.8902
 30
0.0
 11
53.5861
 21
27.0806
 31
0.0
  0
LINE
  5
BA0
  8
0
 10
53.5861
 20
27.0806
 30
0.0
 11
53.6523
 21
27.2654
 31
0.0
  0
LINE
  5
BA1
  8
0
 10
53.6523
 20
27.2654
 30
0.0
 11
53.7362
 21
27.4428
 31
0.0
  0
LINE
  5
BA2
  8
0
 10
53.7362
 20
27.4428
 30
0.0
 11
53.8371
 21
27.6111
 31
0.0
  0
LINE
  5
BA3
  8
0
 10
53.8371
 20
27.6111
 30
0.0
 11
53.954
 21
27.7688
 31
0.0
  0
LINE
  5
BA4
  8
0
 10
53.954
 20
27.7688
 30
0.0
 11
54.0858
 21
27.9142
 31
0.0
  0
LINE
  5
BA5
  8
0
 10
54.0858
 20
27.9142
 30
0.0
 11
54.2312
 21
28.046
 31
0.0
  0
LINE
  5
BA6
  8
0
 10
54.2312
 20
28.046
 30
0.0
 11
54.3889
 21
28.1629
 31
0.0
  0
LINE
  5
BA7
  8
0
 10
54.3889
 20
28.1629
 30
0.0
 11
54.5572
 21
28.2638
 31
0.0
  0
LINE
  5
BA8
  8
0
 10
54.5572
 20
28.2638
 30
0.0
 11
54.7346
 21
28.3477
 31
0.0
  0
LINE
  5
BA9
  8
0
 10
54.7346
 20
28.3477
 30
0.0
 11
54.9194
 21
28.4139
 31
0.0
  0
LINE
  5
BAA
  8
0
 10
54.9194
 20
28.4139
 30
0.0
 11
55.1098
 21
28.4616
 31
0.0
  0
LINE
  5
BAB
  8
0
 10
55.1098
 20
28.4616
 30
0.0
 11
55.304
 21
28.4904
 31
0.0
  0
LINE
  5
BAC
  8
0
 10
55.304
 20
28.4904
 30
0.0
 11
55.5
 21
28.5
 31
0.0
  0
LINE
  5
BAD
  8
0
 10
55.5
 20
28.5
 30
0.0
 11
58.0
 21
28.5
 31
0.0
  0
LINE
  5
BAE
  8
0
 10
58.0
 20
28.5
 30
0.0
 11
58.0
 21
24.5
 31
0.0
  0
LINE
  5
BAF
  8
0
 10
58.0
 20
24.5
 30
0.0
 11
55.5
 21
24.5
 31
0.0
  0
LINE
  5
BB0
  8
0
 10
57.0
 20
27.5
 30
0.0
 11
55.0
 21
27.5
 31
0.0
  0
LINE
  5
BB1
  8
0
 10
55.0
 20
27.5
 30
0.0
 11
55.0
 21
25.5
 31
0.0
  0
LINE
  5
BB2
  8
0
 10
55.0
 20
25.5
 30
0.0
 11
57.0
 21
25.5
 31
0.0
  0
LINE
  5
BB3
  8
0
 10
57.0
 20
25.5
 30
0.0
 11
57.0
 21
27.5
 31
0.0
  0
LINE
  5
BB4
  8
0
 10
20.5
 20
24.5
 30
0.0
 11
20.304
 21
24.5096
 31
0.0
  0
LINE
  5
BB5
  8
0
 10
20.304
 20
24.5096
 30
0.0
 11
20.1098
 21
24.5384
 31
0.0
  0
LINE
  5
BB6
  8
0
 10
20.1098
 20
24.5384
 30
0.0
 11
19.9194
 21
24.5861
 31
0.0
  0
LINE
  5
BB7
  8
0
 10
19.9194
 20
24.5861
 30
0.0
 11
19.7346
 21
24.6523
 31
0.0
  0
LINE
  5
BB8
  8
0
 10
19.7346
 20
24.6523
 30
0.0
 11
19.5572
 21
24.7362
 31
0.0
  0
LINE
  5
BB9
  8
0
 10
19.5572
 20
24.7362
 30
0.0
 11
19.3889
 21
24.8371
 31
0.0
  0
LINE
  5
BBA
  8
0
 10
19.3889
 20
24.8371
 30
0.0
 11
19.2312
 21
24.954
 31
0.0
  0
LINE
  5
BBB
  8
0
 10
19.2312
 20
24.954
 30
0.0
 11
19.0858
 21
25.0858
 31
0.0
  0
LINE
  5
BBC
  8
0
 10
19.0858
 20
25.0858
 30
0.0
 11
18.954
 21
25.2312
 31
0.0
  0
LINE
  5
BBD
  8
0
 10
18.954
 20
25.2312
 30
0.0
 11
18.8371
 21
25.3889
 31
0.0
  0
LINE
  5
BBE
  8
0
 10
18.8371
 20
25.3889
 30
0.0
 11
18.7362
 21
25.5572
 31
0.0
  0
LINE
  5
BBF
  8
0
 10
18.7362
 20
25.5572
 30
0.0
 11
18.6523
 21
25.7346
 31
0.0
  0
LINE
  5
BC0
  8
0
 10
18.6523
 20
25.7346
 30
0.0
 11
18.5861
 21
25.9194
 31
0.0
  0
LINE
  5
BC1
  8
0
 10
18.5861
 20
25.9194
 30
0.0
 11
18.5384
 21
26.1098
 31
0.0
  0
LINE
  5
BC2
  8
0
 10
18.5384
 20
26.1098
 30
0.0
 11
18.5096
 21
26.304
 31
0.0
  0
LINE
  5
BC3
  8
0
 10
18.5096
 20
26.304
 30
0.0
 11
18.5
 21
26.5
 31
0.0
  0
LINE
  5
BC4
  8
0
 10
18.5
 20
26.5
 30
0.0
 11
18.5096
 21
26.696
 31
0.0
  0
LINE
  5
BC5
  8
0
 10
18.5096
 20
26.696
 30
0.0
 11
18.5384
 21
26.8902
 31
0.0
  0
LINE
  5
BC6
  8
0
 10
18.5384
 20
26.8902
 30
0.0
 11
18.5861
 21
27.0806
 31
0.0
  0
LINE
  5
BC7
  8
0
 10
18.5861
 20
27.0806
 30
0.0
 11
18.6523
 21
27.2654
 31
0.0
  0
LINE
  5
BC8
  8
0
 10
18.6523
 20
27.2654
 30
0.0
 11
18.7362
 21
27.4428
 31
0.0
  0
LINE
  5
BC9
  8
0
 10
18.7362
 20
27.4428
 30
0.0
 11
18.8371
 21
27.6111
 31
0.0
  0
LINE
  5
BCA
  8
0
 10
18.8371
 20
27.6111
 30
0.0
 11
18.954
 21
27.7688
 31
0.0
  0
LINE
  5
BCB
  8
0
 10
18.954
 20
27.7688
 30
0.0
 11
19.0858
 21
27.9142
 31
0.0
  0
LINE
  5
BCC
  8
0
 10
19.0858
 20
27.9142
 30
0.0
 11
19.2312
 21
28.046
 31
0.0
  0
LINE
  5
BCD
  8
0
 10
19.2312
 20
28.046
 30
0.0
 11
19.3889
 21
28.1629
 31
0.0
  0
LINE
  5
BCE
  8
0
 10
19.3889
 20
28.1629
 30
0.0
 11
19.5572
 21
28.2638
 31
0.0
  0
LINE
  5
BCF
  8
0
 10
19.5572
 20
28.2638
 30
0.0
 11
19.7346
 21
28.3477
 31
0.0
  0
LINE
  5
BD0
  8
0
 10
19.7346
 20
28.3477
 30
0.0
 11
19.9194
 21
28.4139
 31
0.0
  0
LINE
  5
BD1
  8
0
 10
19.9194
 20
28.4139
 30
0.0
 11
20.1098
 21
28.4616
 31
0.0
  0
LINE
  5
BD2
  8
0
 10
20.1098
 20
28.4616
 30
0.0
 11
20.304
 21
28.4904
 31
0.0
  0
LINE
  5
BD3
  8
0
 10
20.304
 20
28.4904
 30
0.0
 11
20.5
 21
28.5
 31
0.0
  0
LINE
  5
BD4
  8
0
 10
20.5
 20
28.5
 30
0.0
 11
23.0
 21
28.5
 31
0.0
  0
LINE
  5
BD5
  8
0
 10
23.0
 20
28.5
 30
0.0
 11
23.0
 21
24.5
 31
0.0
  0
LINE
  5
BD6
  8
0
 10
23.0
 20
24.5
 30
0.0
 11
20.5
 21
24.5
 31
0.0
  0
LINE
  5
BD7
  8
0
 10
22.0
 20
27.5
 30
0.0
 11
20.0
 21
27.5
 31
0.0
  0
LINE
  5
BD8
  8
0
 10
20.0
 20
27.5
 30
0.0
 11
20.0
 21
25.5
 31
0.0
  0
LINE
  5
BD9
  8
0
 10
20.0
 20
25.5
 30
0.0
 11
22.0
 21
25.5
 31
0.0
  0
LINE
  5
BDA
  8
0
 10
22.0
 20
25.5
 30
0.0
 11
22.0
 21
27.5
 31
0.0
  0
LINE
  5
BDB
  8
0
 10
24.0
 20
24.5
 30
0.0
 11
24.0
 21
28.5
 31
0.0
  0
LINE
  5
BDC
  8
0
 10
24.0
 20
28.5
 30
0.0
 11
26.5
 21
28.5
 31
0.0
  0
LINE
  5
BDD
  8
0
 10
26.5
 20
28.5
 30
0.0
 11
26.696
 21
28.4904
 31
0.0
  0
LINE
  5
BDE
  8
0
 10
26.696
 20
28.4904
 30
0.0
 11
26.8902
 21
28.4616
 31
0.0
  0
LINE
  5
BDF
  8
0
 10
26.8902
 20
28.4616
 30
0.0
 11
27.0806
 21
28.4139
 31
0.0
  0
LINE
  5
BE0
  8
0
 10
27.0806
 20
28.4139
 30
0.0
 11
27.2654
 21
28.3477
 31
0.0
  0
LINE
  5
BE1
  8
0
 10
27.2654
 20
28.3477
 30
0.0
 11
27.4428
 21
28.2638
 31
0.0
  0
LINE
  5
BE2
  8
0
 10
27.4428
 20
28.2638
 30
0.0
 11
27.6111
 21
28.1629
 31
0.0
  0
LINE
  5
BE3
  8
0
 10
27.6111
 20
28.1629
 30
0.0
 11
27.7688
 21
28.046
 31
0.0
  0
LINE
  5
BE4
  8
0
 10
27.7688
 20
28.046
 30
0.0
 11
27.9142
 21
27.9142
 31
0.0
  0
LINE
  5
BE5
  8
0
 10
27.9142
 20
27.9142
 30
0.0
 11
28.046
 21
27.7688
 31
0.0
  0
LINE
  5
BE6
  8
0
 10
28.046
 20
27.7688
 30
0.0
 11
28.1629
 21
27.6111
 31
0.0
  0
LINE
  5
BE7
  8
0
 10
28.1629
 20
27.6111
 30
0.0
 11
28.2638
 21
27.4428
 31
0.0
  0
LINE
  5
BE8
  8
0
 10
28.2638
 20
27.4428
 30
0.0
 11
28.3477
 21
27.2654
 31
0.0
  0
LINE
  5
BE9
  8
0
 10
28.3477
 20
27.2654
 30
0.0
 11
28.4139
 21
27.0806
 31
0.0
  0
LINE
  5
BEA
  8
0
 10
28.4139
 20
27.0806
 30
0.0
 11
28.4616
 21
26.8902
 31
0.0
  0
LINE
  5
BEB
  8
0
 10
28.4616
 20
26.8902
 30
0.0
 11
28.4904
 21
26.696
 31
0.0
  0
LINE
  5
BEC
  8
0
 10
28.4904
 20
26.696
 30
0.0
 11
28.5
 21
26.5
 31
0.0
  0
LINE
  5
BED
  8
0
 10
28.5
 20
26.5
 30
0.0
 11
28.4904
 21
26.304
 31
0.0
  0
LINE
  5
BEE
  8
0
 10
28.4904
 20
26.304
 30
0.0
 11
28.4616
 21
26.1098
 31
0.0
  0
LINE
  5
BEF
  8
0
 10
28.4616
 20
26.1098
 30
0.0
 11
28.4139
 21
25.9194
 31
0.0
  0
LINE
  5
BF0
  8
0
 10
28.4139
 20
25.9194
 30
0.0
 11
28.3477
 21
25.7346
 31
0.0
  0
LINE
  5
BF1
  8
0
 10
28.3477
 20
25.7346
 30
0.0
 11
28.2638
 21
25.5572
 31
0.0
  0
LINE
  5
BF2
  8
0
 10
28.2638
 20
25.5572
 30
0.0
 11
28.1629
 21
25.3889
 31
0.0
  0
LINE
  5
BF3
  8
0
 10
28.1629
 20
25.3889
 30
0.0
 11
28.046
 21
25.2312
 31
0.0
  0
LINE
  5
BF4
  8
0
 10
28.046
 20
25.2312
 30
0.0
 11
27.9142
 21
25.0858
 31
0.0
  0
LINE
  5
BF5
  8
0
 10
27.9142
 20
25.0858
 30
0.0
 11
27.7688
 21
24.954
 31
0.0
  0
LINE
  5
BF6
  8
0
 10
27.7688
 20
24.954
 30
0.0
 11
27.6111
 21
24.8371
 31
0.0
  0
LINE
  5
BF7
  8
0
 10
27.6111
 20
24.8371
 30
0.0
 11
27.4428
 21
24.7362
 31
0.0
  0
LINE
  5
BF8
  8
0
 10
27.4428
 20
24.7362
 30
0.0
 11
27.2654
 21
24.6523
 31
0.0
  0
LINE
  5
BF9
  8
0
 10
27.2654
 20
24.6523
 30
0.0
 11
27.0806
 21
24.5861
 31
0.0
  0
LINE
  5
BFA
  8
0
 10
27.0806
 20
24.5861
 30
0.0
 11
26.8902
 21
24.5384
 31
0.0
  0
LINE
  5
BFB
  8
0
 10
26.8902
 20
24.5384
 30
0.0
 11
26.696
 21
24.5096
 31
0.0
  0
LINE
  5
BFC
  8
0
 10
26.696
 20
24.5096
 30
0.0
 11
26.5
 21
24.5
 31
0.0
  0
LINE
  5
BFD
  8
0
 10
26.5
 20
24.5
 30
0.0
 11
24.0
 21
24.5
 31
0.0
  0
LINE
  5
BFE
  8
0
 10
27.0
 20
27.5
 30
0.0
 11
25.0
 21
27.5
 31
0.0
  0
LINE
  5
BFF
  8
0
 10
25.0
 20
27.5
 30
0.0
 11
25.0
 21
25.5
 31
0.0
  0
LINE
  5
C00
  8
0
 10
25.0
 20
25.5
 30
0.0
 11
27.0
 21
25.5
 31
0.0
  0
LINE
  5
C01
  8
0
 10
27.0
 20
25.5
 30
0.0
 11
27.0
 21
27.5
 31
0.0
  0
LINE
  5
C02
  8
0
 10
59.0
 20
24.5
 30
0.0
 11
59.0
 21
28.5
 31
0.0
  0
LINE
  5
C03
  8
0
 10
59.0
 20
28.5
 30
0.0
 11
61.5
 21
28.5
 31
0.0
  0
LINE
  5
C04
  8
0
 10
61.5
 20
28.5
 30
0.0
 11
61.696
 21
28.4904
 31
0.0
  0
LINE
  5
C05
  8
0
 10
61.696
 20
28.4904
 30
0.0
 11
61.8902
 21
28.4616
 31
0.0
  0
LINE
  5
C06
  8
0
 10
61.8902
 20
28.4616
 30
0.0
 11
62.0806
 21
28.4139
 31
0.0
  0
LINE
  5
C07
  8
0
 10
62.0806
 20
28.4139
 30
0.0
 11
62.2654
 21
28.3477
 31
0.0
  0
LINE
  5
C08
  8
0
 10
62.2654
 20
28.3477
 30
0.0
 11
62.4428
 21
28.2638
 31
0.0
  0
LINE
  5
C09
  8
0
 10
62.4428
 20
28.2638
 30
0.0
 11
62.6111
 21
28.1629
 31
0.0
  0
LINE
  5
C0A
  8
0
 10
62.6111
 20
28.1629
 30
0.0
 11
62.7688
 21
28.046
 31
0.0
  0
LINE
  5
C0B
  8
0
 10
62.7688
 20
28.046
 30
0.0
 11
62.9142
 21
27.9142
 31
0.0
  0
LINE
  5
C0C
  8
0
 10
62.9142
 20
27.9142
 30
0.0
 11
63.046
 21
27.7688
 31
0.0
  0
LINE
  5
C0D
  8
0
 10
63.046
 20
27.7688
 30
0.0
 11
63.1629
 21
27.6111
 31
0.0
  0
LINE
  5
C0E
  8
0
 10
63.1629
 20
27.6111
 30
0.0
 11
63.2638
 21
27.4428
 31
0.0
  0
LINE
  5
C0F
  8
0
 10
63.2638
 20
27.4428
 30
0.0
 11
63.3477
 21
27.2654
 31
0.0
  0
LINE
  5
C10
  8
0
 10
63.3477
 20
27.2654
 30
0.0
 11
63.4139
 21
27.0806
 31
0.0
  0
LINE
  5
C11
  8
0
 10
63.4139
 20
27.0806
 30
0.0
 11
63.4616
 21
26.8902
 31
0.0
  0
LINE
  5
C12
  8
0
 10
63.4616
 20
26.8902
 30
0.0
 11
63.4904
 21
26.696
 31
0.0
  0
LINE
  5
C13
  8
0
 10
63.4904
 20
26.696
 30
0.0
 11
63.5
 21
26.5
 31
0.0
  0
LINE
  5
C14
  8
0
 10
63.5
 20
26.5
 30
0.0
 11
63.4904
 21
26.304
 31
0.0
  0
LINE
  5
C15
  8
0
 10
63.4904
 20
26.304
 30
0.0
 11
63.4616
 21
26.1098
 31
0.0
  0
LINE
  5
C16
  8
0
 10
63.4616
 20
26.1098
 30
0.0
 11
63.4139
 21
25.9194
 31
0.0
  0
LINE
  5
C17
  8
0
 10
63.4139
 20
25.9194
 30
0.0
 11
63.3477
 21
25.7346
 31
0.0
  0
LINE
  5
C18
  8
0
 10
63.3477
 20
25.7346
 30
0.0
 11
63.2638
 21
25.5572
 31
0.0
  0
LINE
  5
C19
  8
0
 10
63.2638
 20
25.5572
 30
0.0
 11
63.1629
 21
25.3889
 31
0.0
  0
LINE
  5
C1A
  8
0
 10
63.1629
 20
25.3889
 30
0.0
 11
63.046
 21
25.2312
 31
0.0
  0
LINE
  5
C1B
  8
0
 10
63.046
 20
25.2312
 30
0.0
 11
62.9142
 21
25.0858
 31
0.0
  0
LINE
  5
C1C
  8
0
 10
62.9142
 20
25.0858
 30
0.0
 11
62.7688
 21
24.954
 31
0.0
  0
LINE
  5
C1D
  8
0
 10
62.7688
 20
24.954
 30
0.0
 11
62.6111
 21
24.8371
 31
0.0
  0
LINE
  5
C1E
  8
0
 10
62.6111
 20
24.8371
 30
0.0
 11
62.4428
 21
24.7362
 31
0.0
  0
LINE
  5
C1F
  8
0
 10
62.4428
 20
24.7362
 30
0.0
 11
62.2654
 21
24.6523
 31
0.0
  0
LINE
  5
C20
  8
0
 10
62.2654
 20
24.6523
 30
0.0
 11
62.0806
 21
24.5861
 31
0.0
  0
LINE
  5
C21
  8
0
 10
62.0806
 20
24.5861
 30
0.0
 11
61.8902
 21
24.5384
 31
0.0
  0
LINE
  5
C22
  8
0
 10
61.8902
 20
24.5384
 30
0.0
 11
61.696
 21
24.5096
 31
0.0
  0
LINE
  5
C23
  8
0
 10
61.696
 20
24.5096
 30
0.0
 11
61.5
 21
24.5
 31
0.0
  0
LINE
  5
C24
  8
0
 10
61.5
 20
24.5
 30
0.0
 11
59.0
 21
24.5
 31
0.0
  0
LINE
  5
C25
  8
0
 10
62.0
 20
27.5
 30
0.0
 11
60.0
 21
27.5
 31
0.0
  0
LINE
  5
C26
  8
0
 10
60.0
 20
27.5
 30
0.0
 11
60.0
 21
25.5
 31
0.0
  0
LINE
  5
C27
  8
0
 10
60.0
 20
25.5
 30
0.0
 11
62.0
 21
25.5
 31
0.0
  0
LINE
  5
C28
  8
0
 10
62.0
 20
25.5
 30
0.0
 11
62.0
 21
27.5
 31
0.0
  0
LINE
  5
C29
  8
0
 10
6.5
 20
24.5
 30
0.0
 11
6.5
 21
28.5
 31
0.0
  0
LINE
  5
C2A
  8
0
 10
6.5
 20
28.5
 30
0.0
 11
9.0
 21
28.5
 31
0.0
  0
LINE
  5
C2B
  8
0
 10
9.0
 20
28.5
 30
0.0
 11
9.19603
 21
28.4904
 31
0.0
  0
LINE
  5
C2C
  8
0
 10
9.19603
 20
28.4904
 30
0.0
 11
9.39017
 21
28.4616
 31
0.0
  0
LINE
  5
C2D
  8
0
 10
9.39017
 20
28.4616
 30
0.0
 11
9.58057
 21
28.4139
 31
0.0
  0
LINE
  5
C2E
  8
0
 10
9.58057
 20
28.4139
 30
0.0
 11
9.76537
 21
28.3477
 31
0.0
  0
LINE
  5
C2F
  8
0
 10
9.76537
 20
28.3477
 30
0.0
 11
9.94278
 21
28.2638
 31
0.0
  0
LINE
  5
C30
  8
0
 10
9.94278
 20
28.2638
 30
0.0
 11
10.1111
 21
28.1629
 31
0.0
  0
LINE
  5
C31
  8
0
 10
10.1111
 20
28.1629
 30
0.0
 11
10.2688
 21
28.046
 31
0.0
  0
LINE
  5
C32
  8
0
 10
10.2688
 20
28.046
 30
0.0
 11
10.4142
 21
27.9142
 31
0.0
  0
LINE
  5
C33
  8
0
 10
10.4142
 20
27.9142
 30
0.0
 11
10.546
 21
27.7688
 31
0.0
  0
LINE
  5
C34
  8
0
 10
10.546
 20
27.7688
 30
0.0
 11
10.6629
 21
27.6111
 31
0.0
  0
LINE
  5
C35
  8
0
 10
10.6629
 20
27.6111
 30
0.0
 11
10.7638
 21
27.4428
 31
0.0
  0
LINE
  5
C36
  8
0
 10
10.7638
 20
27.4428
 30
0.0
 11
10.8477
 21
27.2654
 31
0.0
  0
LINE
  5
C37
  8
0
 10
10.8477
 20
27.2654
 30
0.0
 11
10.9139
 21
27.0806
 31
0.0
  0
LINE
  5
C38
  8
0
 10
10.9139
 20
27.0806
 30
0.0
 11
10.9616
 21
26.8902
 31
0.0
  0
LINE
  5
C39
  8
0
 10
10.9616
 20
26.8902
 30
0.0
 11
10.9904
 21
26.696
 31
0.0
  0
LINE
  5
C3A
  8
0
 10
10.9904
 20
26.696
 30
0.0
 11
11.0
 21
26.5
 31
0.0
  0
LINE
  5
C3B
  8
0
 10
11.0
 20
26.5
 30
0.0
 11
10.9904
 21
26.304
 31
0.0
  0
LINE
  5
C3C
  8
0
 10
10.9904
 20
26.304
 30
0.0
 11
10.9616
 21
26.1098
 31
0.0
  0
LINE
  5
C3D
  8
0
 10
10.9616
 20
26.1098
 30
0.0
 11
10.9139
 21
25.9194
 31
0.0
  0
LINE
  5
C3E
  8
0
 10
10.9139
 20
25.9194
 30
0.0
 11
10.8477
 21
25.7346
 31
0.0
  0
LINE
  5
C3F
  8
0
 10
10.8477
 20
25.7346
 30
0.0
 11
10.7638
 21
25.5572
 31
0.0
  0
LINE
  5
C40
  8
0
 10
10.7638
 20
25.5572
 30
0.0
 11
10.6629
 21
25.3889
 31
0.0
  0
LINE
  5
C41
  8
0
 10
10.6629
 20
25.3889
 30
0.0
 11
10.546
 21
25.2312
 31
0.0
  0
LINE
  5
C42
  8
0
 10
10.546
 20
25.2312
 30
0.0
 11
10.4142
 21
25.0858
 31
0.0
  0
LINE
  5
C43
  8
0
 10
10.4142
 20
25.0858
 30
0.0
 11
10.2688
 21
24.954
 31
0.0
  0
LINE
  5
C44
  8
0
 10
10.2688
 20
24.954
 30
0.0
 11
10.1111
 21
24.8371
 31
0.0
  0
LINE
  5
C45
  8
0
 10
10.1111
 20
24.8371
 30
0.0
 11
9.94278
 21
24.7362
 31
0.0
  0
LINE
  5
C46
  8
0
 10
9.94278
 20
24.7362
 30
0.0
 11
9.76537
 21
24.6523
 31
0.0
  0
LINE
  5
C47
  8
0
 10
9.76537
 20
24.6523
 30
0.0
 11
9.58057
 21
24.5861
 31
0.0
  0
LINE
  5
C48
  8
0
 10
9.58057
 20
24.5861
 30
0.0
 11
9.39017
 21
24.5384
 31
0.0
  0
LINE
  5
C49
  8
0
 10
9.39017
 20
24.5384
 30
0.0
 11
9.19603
 21
24.5096
 31
0.0
  0
LINE
  5
C4A
  8
0
 10
9.19603
 20
24.5096
 30
0.0
 11
9.0
 21
24.5
 31
0.0
  0
LINE
  5
C4B
  8
0
 10
9.0
 20
24.5
 30
0.0
 11
6.5
 21
24.5
 31
0.0
  0
LINE
  5
C4C
  8
0
 10
9.5
 20
27.5
 30
0.0
 11
7.5
 21
27.5
 31
0.0
  0
LINE
  5
C4D
  8
0
 10
7.5
 20
27.5
 30
0.0
 11
7.5
 21
25.5
 31
0.0
  0
LINE
  5
C4E
  8
0
 10
7.5
 20
25.5
 30
0.0
 11
9.5
 21
25.5
 31
0.0
  0
LINE
  5
C4F
  8
0
 10
9.5
 20
25.5
 30
0.0
 11
9.5
 21
27.5
 31
0.0
  0
LINE
  5
C50
  8
0
 10
3.0
 20
24.5
 30
0.0
 11
2.80397
 21
24.5096
 31
0.0
  0
LINE
  5
C51
  8
0
 10
2.80397
 20
24.5096
 30
0.0
 11
2.60983
 21
24.5384
 31
0.0
  0
LINE
  5
C52
  8
0
 10
2.60983
 20
24.5384
 30
0.0
 11
2.41943
 21
24.5861
 31
0.0
  0
LINE
  5
C53
  8
0
 10
2.41943
 20
24.5861
 30
0.0
 11
2.23463
 21
24.6523
 31
0.0
  0
LINE
  5
C54
  8
0
 10
2.23463
 20
24.6523
 30
0.0
 11
2.05722
 21
24.7362
 31
0.0
  0
LINE
  5
C55
  8
0
 10
2.05722
 20
24.7362
 30
0.0
 11
1.88887
 21
24.8371
 31
0.0
  0
LINE
  5
C56
  8
0
 10
1.88887
 20
24.8371
 30
0.0
 11
1.73122
 21
24.954
 31
0.0
  0
LINE
  5
C57
  8
0
 10
1.73122
 20
24.954
 30
0.0
 11
1.5858
 21
25.0858
 31
0.0
  0
LINE
  5
C58
  8
0
 10
1.5858
 20
25.0858
 30
0.0
 11
1.45398
 21
25.2312
 31
0.0
  0
LINE
  5
C59
  8
0
 10
1.45398
 20
25.2312
 30
0.0
 11
1.33707
 21
25.3889
 31
0.0
  0
LINE
  5
C5A
  8
0
 10
1.33707
 20
25.3889
 30
0.0
 11
1.23616
 21
25.5572
 31
0.0
  0
LINE
  5
C5B
  8
0
 10
1.23616
 20
25.5572
 30
0.0
 11
1.15225
 21
25.7346
 31
0.0
  0
LINE
  5
C5C
  8
0
 10
1.15225
 20
25.7346
 30
0.0
 11
1.08612
 21
25.9194
 31
0.0
  0
LINE
  5
C5D
  8
0
 10
1.08612
 20
25.9194
 30
0.0
 11
1.03844
 21
26.1098
 31
0.0
  0
LINE
  5
C5E
  8
0
 10
1.03844
 20
26.1098
 30
0.0
 11
1.00964
 21
26.304
 31
0.0
  0
LINE
  5
C5F
  8
0
 10
1.00964
 20
26.304
 30
0.0
 11
1.0
 21
26.5
 31
0.0
  0
LINE
  5
C60
  8
0
 10
1.0
 20
26.5
 30
0.0
 11
1.00964
 21
26.696
 31
0.0
  0
LINE
  5
C61
  8
0
 10
1.00964
 20
26.696
 30
0.0
 11
1.03844
 21
26.8902
 31
0.0
  0
LINE
  5
C62
  8
0
 10
1.03844
 20
26.8902
 30
0.0
 11
1.08612
 21
27.0806
 31
0.0
  0
LINE
  5
C63
  8
0
 10
1.08612
 20
27.0806
 30
0.0
 11
1.15225
 21
27.2654
 31
0.0
  0
LINE
  5
C64
  8
0
 10
1.15225
 20
27.2654
 30
0.0
 11
1.23616
 21
27.4428
 31
0.0
  0
LINE
  5
C65
  8
0
 10
1.23616
 20
27.4428
 30
0.0
 11
1.33707
 21
27.6111
 31
0.0
  0
LINE
  5
C66
  8
0
 10
1.33707
 20
27.6111
 30
0.0
 11
1.45398
 21
27.7688
 31
0.0
  0
LINE
  5
C67
  8
0
 10
1.45398
 20
27.7688
 30
0.0
 11
1.5858
 21
27.9142
 31
0.0
  0
LINE
  5
C68
  8
0
 10
1.5858
 20
27.9142
 30
0.0
 11
1.73122
 21
28.046
 31
0.0
  0
LINE
  5
C69
  8
0
 10
1.73122
 20
28.046
 30
0.0
 11
1.88887
 21
28.1629
 31
0.0
  0
LINE
  5
C6A
  8
0
 10
1.88887
 20
28.1629
 30
0.0
 11
2.05722
 21
28.2638
 31
0.0
  0
LINE
  5
C6B
  8
0
 10
2.05722
 20
28.2638
 30
0.0
 11
2.23463
 21
28.3477
 31
0.0
  0
LINE
  5
C6C
  8
0
 10
2.23463
 20
28.3477
 30
0.0
 11
2.41943
 21
28.4139
 31
0.0
  0
LINE
  5
C6D
  8
0
 10
2.41943
 20
28.4139
 30
0.0
 11
2.60983
 21
28.4616
 31
0.0
  0
LINE
  5
C6E
  8
0
 10
2.60983
 20
28.4616
 30
0.0
 11
2.80397
 21
28.4904
 31
0.0
  0
LINE
  5
C6F
  8
0
 10
2.80397
 20
28.4904
 30
0.0
 11
3.0
 21
28.5
 31
0.0
  0
LINE
  5
C70
  8
0
 10
3.0
 20
28.5
 30
0.0
 11
5.5
 21
28.5
 31
0.0
  0
LINE
  5
C71
  8
0
 10
5.5
 20
28.5
 30
0.0
 11
5.5
 21
24.5
 31
0.0
  0
LINE
  5
C72
  8
0
 10
5.5
 20
24.5
 30
0.0
 11
3.0
 21
24.5
 31
0.0
  0
LINE
  5
C73
  8
0
 10
4.5
 20
27.5
 30
0.0
 11
2.5
 21
27.5
 31
0.0
  0
LINE
  5
C74
  8
0
 10
2.5
 20
27.5
 30
0.0
 11
2.5
 21
25.5
 31
0.0
  0
LINE
  5
C75
  8
0
 10
2.5
 20
25.5
 30
0.0
 11
4.5
 21
25.5
 31
0.0
  0
LINE
  5
C76
  8
0
 10
4.5
 20
25.5
 30
0.0
 11
4.5
 21
27.5
 31
0.0
  0
LINE
  5
C77
  8
0
 10
38.0
 20
24.5
 30
0.0
 11
37.804
 21
24.5096
 31
0.0
  0
LINE
  5
C78
  8
0
 10
37.804
 20
24.5096
 30
0.0
 11
37.6098
 21
24.5384
 31
0.0
  0
LINE
  5
C79
  8
0
 10
37.6098
 20
24.5384
 30
0.0
 11
37.4194
 21
24.5861
 31
0.0
  0
LINE
  5
C7A
  8
0
 10
37.4194
 20
24.5861
 30
0.0
 11
37.2346
 21
24.6523
 31
0.0
  0
LINE
  5
C7B
  8
0
 10
37.2346
 20
24.6523
 30
0.0
 11
37.0572
 21
24.7362
 31
0.0
  0
LINE
  5
C7C
  8
0
 10
37.0572
 20
24.7362
 30
0.0
 11
36.8889
 21
24.8371
 31
0.0
  0
LINE
  5
C7D
  8
0
 10
36.8889
 20
24.8371
 30
0.0
 11
36.7312
 21
24.954
 31
0.0
  0
LINE
  5
C7E
  8
0
 10
36.7312
 20
24.954
 30
0.0
 11
36.5858
 21
25.0858
 31
0.0
  0
LINE
  5
C7F
  8
0
 10
36.5858
 20
25.0858
 30
0.0
 11
36.454
 21
25.2312
 31
0.0
  0
LINE
  5
C80
  8
0
 10
36.454
 20
25.2312
 30
0.0
 11
36.3371
 21
25.3889
 31
0.0
  0
LINE
  5
C81
  8
0
 10
36.3371
 20
25.3889
 30
0.0
 11
36.2362
 21
25.5572
 31
0.0
  0
LINE
  5
C82
  8
0
 10
36.2362
 20
25.5572
 30
0.0
 11
36.1523
 21
25.7346
 31
0.0
  0
LINE
  5
C83
  8
0
 10
36.1523
 20
25.7346
 30
0.0
 11
36.0861
 21
25.9194
 31
0.0
  0
LINE
  5
C84
  8
0
 10
36.0861
 20
25.9194
 30
0.0
 11
36.0384
 21
26.1098
 31
0.0
  0
LINE
  5
C85
  8
0
 10
36.0384
 20
26.1098
 30
0.0
 11
36.0096
 21
26.304
 31
0.0
  0
LINE
  5
C86
  8
0
 10
36.0096
 20
26.304
 30
0.0
 11
36.0
 21
26.5
 31
0.0
  0
LINE
  5
C87
  8
0
 10
36.0
 20
26.5
 30
0.0
 11
36.0096
 21
26.696
 31
0.0
  0
LINE
  5
C88
  8
0
 10
36.0096
 20
26.696
 30
0.0
 11
36.0384
 21
26.8902
 31
0.0
  0
LINE
  5
C89
  8
0
 10
36.0384
 20
26.8902
 30
0.0
 11
36.0861
 21
27.0806
 31
0.0
  0
LINE
  5
C8A
  8
0
 10
36.0861
 20
27.0806
 30
0.0
 11
36.1523
 21
27.2654
 31
0.0
  0
LINE
  5
C8B
  8
0
 10
36.1523
 20
27.2654
 30
0.0
 11
36.2362
 21
27.4428
 31
0.0
  0
LINE
  5
C8C
  8
0
 10
36.2362
 20
27.4428
 30
0.0
 11
36.3371
 21
27.6111
 31
0.0
  0
LINE
  5
C8D
  8
0
 10
36.3371
 20
27.6111
 30
0.0
 11
36.454
 21
27.7688
 31
0.0
  0
LINE
  5
C8E
  8
0
 10
36.454
 20
27.7688
 30
0.0
 11
36.5858
 21
27.9142
 31
0.0
  0
LINE
  5
C8F
  8
0
 10
36.5858
 20
27.9142
 30
0.0
 11
36.7312
 21
28.046
 31
0.0
  0
LINE
  5
C90
  8
0
 10
36.7312
 20
28.046
 30
0.0
 11
36.8889
 21
28.1629
 31
0.0
  0
LINE
  5
C91
  8
0
 10
36.8889
 20
28.1629
 30
0.0
 11
37.0572
 21
28.2638
 31
0.0
  0
LINE
  5
C92
  8
0
 10
37.0572
 20
28.2638
 30
0.0
 11
37.2346
 21
28.3477
 31
0.0
  0
LINE
  5
C93
  8
0
 10
37.2346
 20
28.3477
 30
0.0
 11
37.4194
 21
28.4139
 31
0.0
  0
LINE
  5
C94
  8
0
 10
37.4194
 20
28.4139
 30
0.0
 11
37.6098
 21
28.4616
 31
0.0
  0
LINE
  5
C95
  8
0
 10
37.6098
 20
28.4616
 30
0.0
 11
37.804
 21
28.4904
 31
0.0
  0
LINE
  5
C96
  8
0
 10
37.804
 20
28.4904
 30
0.0
 11
38.0
 21
28.5
 31
0.0
  0
LINE
  5
C97
  8
0
 10
38.0
 20
28.5
 30
0.0
 11
40.5
 21
28.5
 31
0.0
  0
LINE
  5
C98
  8
0
 10
40.5
 20
28.5
 30
0.0
 11
40.5
 21
24.5
 31
0.0
  0
LINE
  5
C99
  8
0
 10
40.5
 20
24.5
 30
0.0
 11
38.0
 21
24.5
 31
0.0
  0
LINE
  5
C9A
  8
0
 10
39.5
 20
27.5
 30
0.0
 11
37.5
 21
27.5
 31
0.0
  0
LINE
  5
C9B
  8
0
 10
37.5
 20
27.5
 30
0.0
 11
37.5
 21
25.5
 31
0.0
  0
LINE
  5
C9C
  8
0
 10
37.5
 20
25.5
 30
0.0
 11
39.5
 21
25.5
 31
0.0
  0
LINE
  5
C9D
  8
0
 10
39.5
 20
25.5
 30
0.0
 11
39.5
 21
27.5
 31
0.0
  0
LINE
  5
C9E
  8
0
 10
41.5
 20
24.5
 30
0.0
 11
41.5
 21
28.5
 31
0.0
  0
LINE
  5
C9F
  8
0
 10
41.5
 20
28.5
 30
0.0
 11
44.0
 21
28.5
 31
0.0
  0
LINE
  5
CA0
  8
0
 10
44.0
 20
28.5
 30
0.0
 11
44.196
 21
28.4904
 31
0.0
  0
LINE
  5
CA1
  8
0
 10
44.196
 20
28.4904
 30
0.0
 11
44.3902
 21
28.4616
 31
0.0
  0
LINE
  5
CA2
  8
0
 10
44.3902
 20
28.4616
 30
0.0
 11
44.5806
 21
28.4139
 31
0.0
  0
LINE
  5
CA3
  8
0
 10
44.5806
 20
28.4139
 30
0.0
 11
44.7654
 21
28.3477
 31
0.0
  0
LINE
  5
CA4
  8
0
 10
44.7654
 20
28.3477
 30
0.0
 11
44.9428
 21
28.2638
 31
0.0
  0
LINE
  5
CA5
  8
0
 10
44.9428
 20
28.2638
 30
0.0
 11
45.1111
 21
28.1629
 31
0.0
  0
LINE
  5
CA6
  8
0
 10
45.1111
 20
28.1629
 30
0.0
 11
45.2688
 21
28.046
 31
0.0
  0
LINE
  5
CA7
  8
0
 10
45.2688
 20
28.046
 30
0.0
 11
45.4142
 21
27.9142
 31
0.0
  0
LINE
  5
CA8
  8
0
 10
45.4142
 20
27.9142
 30
0.0
 11
45.546
 21
27.7688
 31
0.0
  0
LINE
  5
CA9
  8
0
 10
45.546
 20
27.7688
 30
0.0
 11
45.6629
 21
27.6111
 31
0.0
  0
LINE
  5
CAA
  8
0
 10
45.6629
 20
27.6111
 30
0.0
 11
45.7638
 21
27.4428
 31
0.0
  0
LINE
  5
CAB
  8
0
 10
45.7638
 20
27.4428
 30
0.0
 11
45.8477
 21
27.2654
 31
0.0
  0
LINE
  5
CAC
  8
0
 10
45.8477
 20
27.2654
 30
0.0
 11
45.9139
 21
27.0806
 31
0.0
  0
LINE
  5
CAD
  8
0
 10
45.9139
 20
27.0806
 30
0.0
 11
45.9616
 21
26.8902
 31
0.0
  0
LINE
  5
CAE
  8
0
 10
45.9616
 20
26.8902
 30
0.0
 11
45.9904
 21
26.696
 31
0.0
  0
LINE
  5
CAF
  8
0
 10
45.9904
 20
26.696
 30
0.0
 11
46.0
 21
26.5
 31
0.0
  0
LINE
  5
CB0
  8
0
 10
46.0
 20
26.5
 30
0.0
 11
45.9904
 21
26.304
 31
0.0
  0
LINE
  5
CB1
  8
0
 10
45.9904
 20
26.304
 30
0.0
 11
45.9616
 21
26.1098
 31
0.0
  0
LINE
  5
CB2
  8
0
 10
45.9616
 20
26.1098
 30
0.0
 11
45.9139
 21
25.9194
 31
0.0
  0
LINE
  5
CB3
  8
0
 10
45.9139
 20
25.9194
 30
0.0
 11
45.8477
 21
25.7346
 31
0.0
  0
LINE
  5
CB4
  8
0
 10
45.8477
 20
25.7346
 30
0.0
 11
45.7638
 21
25.5572
 31
0.0
  0
LINE
  5
CB5
  8
0
 10
45.7638
 20
25.5572
 30
0.0
 11
45.6629
 21
25.3889
 31
0.0
  0
LINE
  5
CB6
  8
0
 10
45.6629
 20
25.3889
 30
0.0
 11
45.546
 21
25.2312
 31
0.0
  0
LINE
  5
CB7
  8
0
 10
45.546
 20
25.2312
 30
0.0
 11
45.4142
 21
25.0858
 31
0.0
  0
LINE
  5
CB8
  8
0
 10
45.4142
 20
25.0858
 30
0.0
 11
45.2688
 21
24.954
 31
0.0
  0
LINE
  5
CB9
  8
0
 10
45.2688
 20
24.954
 30
0.0
 11
45.1111
 21
24.8371
 31
0.0
  0
LINE
  5
CBA
  8
0
 10
45.1111
 20
24.8371
 30
0.0
 11
44.9428
 21
24.7362
 31
0.0
  0
LINE
  5
CBB
  8
0
 10
44.9428
 20
24.7362
 30
0.0
 11
44.7654
 21
24.6523
 31
0.0
  0
LINE
  5
CBC
  8
0
 10
44.7654
 20
24.6523
 30
0.0
 11
44.5806
 21
24.5861
 31
0.0
  0
LINE
  5
CBD
  8
0
 10
44.5806
 20
24.5861
 30
0.0
 11
44.3902
 21
24.5384
 31
0.0
  0
LINE
  5
CBE
  8
0
 10
44.3902
 20
24.5384
 30
0.0
 11
44.196
 21
24.5096
 31
0.0
  0
LINE
  5
CBF
  8
0
 10
44.196
 20
24.5096
 30
0.0
 11
44.0
 21
24.5
 31
0.0
  0
LINE
  5
CC0
  8
0
 10
44.0
 20
24.5
 30
0.0
 11
41.5
 21
24.5
 31
0.0
  0
LINE
  5
CC1
  8
0
 10
44.5
 20
27.5
 30
0.0
 11
42.5
 21
27.5
 31
0.0
  0
LINE
  5
CC2
  8
0
 10
42.5
 20
27.5
 30
0.0
 11
42.5
 21
25.5
 31
0.0
  0
LINE
  5
CC3
  8
0
 10
42.5
 20
25.5
 30
0.0
 11
44.5
 21
25.5
 31
0.0
  0
LINE
  5
CC4
  8
0
 10
44.5
 20
25.5
 30
0.0
 11
44.5
 21
27.5
 31
0.0
  0
LINE
  5
CC5
  8
0
 10
3.0
 20
18.5
 30
0.0
 11
2.80397
 21
18.5096
 31
0.0
  0
LINE
  5
CC6
  8
0
 10
2.80397
 20
18.5096
 30
0.0
 11
2.60983
 21
18.5384
 31
0.0
  0
LINE
  5
CC7
  8
0
 10
2.60983
 20
18.5384
 30
0.0
 11
2.41943
 21
18.5861
 31
0.0
  0
LINE
  5
CC8
  8
0
 10
2.41943
 20
18.5861
 30
0.0
 11
2.23463
 21
18.6523
 31
0.0
  0
LINE
  5
CC9
  8
0
 10
2.23463
 20
18.6523
 30
0.0
 11
2.05722
 21
18.7362
 31
0.0
  0
LINE
  5
CCA
  8
0
 10
2.05722
 20
18.7362
 30
0.0
 11
1.88887
 21
18.8371
 31
0.0
  0
LINE
  5
CCB
  8
0
 10
1.88887
 20
18.8371
 30
0.0
 11
1.73122
 21
18.954
 31
0.0
  0
LINE
  5
CCC
  8
0
 10
1.73122
 20
18.954
 30
0.0
 11
1.5858
 21
19.0858
 31
0.0
  0
LINE
  5
CCD
  8
0
 10
1.5858
 20
19.0858
 30
0.0
 11
1.45398
 21
19.2312
 31
0.0
  0
LINE
  5
CCE
  8
0
 10
1.45398
 20
19.2312
 30
0.0
 11
1.33707
 21
19.3889
 31
0.0
  0
LINE
  5
CCF
  8
0
 10
1.33707
 20
19.3889
 30
0.0
 11
1.23616
 21
19.5572
 31
0.0
  0
LINE
  5
CD0
  8
0
 10
1.23616
 20
19.5572
 30
0.0
 11
1.15225
 21
19.7346
 31
0.0
  0
LINE
  5
CD1
  8
0
 10
1.15225
 20
19.7346
 30
0.0
 11
1.08612
 21
19.9194
 31
0.0
  0
LINE
  5
CD2
  8
0
 10
1.08612
 20
19.9194
 30
0.0
 11
1.03844
 21
20.1098
 31
0.0
  0
LINE
  5
CD3
  8
0
 10
1.03844
 20
20.1098
 30
0.0
 11
1.00964
 21
20.304
 31
0.0
  0
LINE
  5
CD4
  8
0
 10
1.00964
 20
20.304
 30
0.0
 11
1.0
 21
20.5
 31
0.0
  0
LINE
  5
CD5
  8
0
 10
1.0
 20
20.5
 30
0.0
 11
1.00964
 21
20.696
 31
0.0
  0
LINE
  5
CD6
  8
0
 10
1.00964
 20
20.696
 30
0.0
 11
1.03844
 21
20.8902
 31
0.0
  0
LINE
  5
CD7
  8
0
 10
1.03844
 20
20.8902
 30
0.0
 11
1.08612
 21
21.0806
 31
0.0
  0
LINE
  5
CD8
  8
0
 10
1.08612
 20
21.0806
 30
0.0
 11
1.15225
 21
21.2654
 31
0.0
  0
LINE
  5
CD9
  8
0
 10
1.15225
 20
21.2654
 30
0.0
 11
1.23616
 21
21.4428
 31
0.0
  0
LINE
  5
CDA
  8
0
 10
1.23616
 20
21.4428
 30
0.0
 11
1.33707
 21
21.6111
 31
0.0
  0
LINE
  5
CDB
  8
0
 10
1.33707
 20
21.6111
 30
0.0
 11
1.45398
 21
21.7688
 31
0.0
  0
LINE
  5
CDC
  8
0
 10
1.45398
 20
21.7688
 30
0.0
 11
1.5858
 21
21.9142
 31
0.0
  0
LINE
  5
CDD
  8
0
 10
1.5858
 20
21.9142
 30
0.0
 11
1.73122
 21
22.046
 31
0.0
  0
LINE
  5
CDE
  8
0
 10
1.73122
 20
22.046
 30
0.0
 11
1.88887
 21
22.1629
 31
0.0
  0
LINE
  5
CDF
  8
0
 10
1.88887
 20
22.1629
 30
0.0
 11
2.05722
 21
22.2638
 31
0.0
  0
LINE
  5
CE0
  8
0
 10
2.05722
 20
22.2638
 30
0.0
 11
2.23463
 21
22.3477
 31
0.0
  0
LINE
  5
CE1
  8
0
 10
2.23463
 20
22.3477
 30
0.0
 11
2.41943
 21
22.4139
 31
0.0
  0
LINE
  5
CE2
  8
0
 10
2.41943
 20
22.4139
 30
0.0
 11
2.60983
 21
22.4616
 31
0.0
  0
LINE
  5
CE3
  8
0
 10
2.60983
 20
22.4616
 30
0.0
 11
2.80397
 21
22.4904
 31
0.0
  0
LINE
  5
CE4
  8
0
 10
2.80397
 20
22.4904
 30
0.0
 11
3.0
 21
22.5
 31
0.0
  0
LINE
  5
CE5
  8
0
 10
3.0
 20
22.5
 30
0.0
 11
5.5
 21
22.5
 31
0.0
  0
LINE
  5
CE6
  8
0
 10
5.5
 20
22.5
 30
0.0
 11
5.5
 21
18.5
 31
0.0
  0
LINE
  5
CE7
  8
0
 10
5.5
 20
18.5
 30
0.0
 11
3.0
 21
18.5
 31
0.0
  0
LINE
  5
CE8
  8
0
 10
4.5
 20
21.5
 30
0.0
 11
2.5
 21
21.5
 31
0.0
  0
LINE
  5
CE9
  8
0
 10
2.5
 20
21.5
 30
0.0
 11
2.5
 21
19.5
 31
0.0
  0
LINE
  5
CEA
  8
0
 10
2.5
 20
19.5
 30
0.0
 11
4.5
 21
19.5
 31
0.0
  0
LINE
  5
CEB
  8
0
 10
4.5
 20
19.5
 30
0.0
 11
4.5
 21
21.5
 31
0.0
  0
LINE
  5
CEC
  8
0
 10
59.0
 20
18.5
 30
0.0
 11
59.0
 21
22.5
 31
0.0
  0
LINE
  5
CED
  8
0
 10
59.0
 20
22.5
 30
0.0
 11
61.5
 21
22.5
 31
0.0
  0
LINE
  5
CEE
  8
0
 10
61.5
 20
22.5
 30
0.0
 11
61.696
 21
22.4904
 31
0.0
  0
LINE
  5
CEF
  8
0
 10
61.696
 20
22.4904
 30
0.0
 11
61.8902
 21
22.4616
 31
0.0
  0
LINE
  5
CF0
  8
0
 10
61.8902
 20
22.4616
 30
0.0
 11
62.0806
 21
22.4139
 31
0.0
  0
LINE
  5
CF1
  8
0
 10
62.0806
 20
22.4139
 30
0.0
 11
62.2654
 21
22.3477
 31
0.0
  0
LINE
  5
CF2
  8
0
 10
62.2654
 20
22.3477
 30
0.0
 11
62.4428
 21
22.2638
 31
0.0
  0
LINE
  5
CF3
  8
0
 10
62.4428
 20
22.2638
 30
0.0
 11
62.6111
 21
22.1629
 31
0.0
  0
LINE
  5
CF4
  8
0
 10
62.6111
 20
22.1629
 30
0.0
 11
62.7688
 21
22.046
 31
0.0
  0
LINE
  5
CF5
  8
0
 10
62.7688
 20
22.046
 30
0.0
 11
62.9142
 21
21.9142
 31
0.0
  0
LINE
  5
CF6
  8
0
 10
62.9142
 20
21.9142
 30
0.0
 11
63.046
 21
21.7688
 31
0.0
  0
LINE
  5
CF7
  8
0
 10
63.046
 20
21.7688
 30
0.0
 11
63.1629
 21
21.6111
 31
0.0
  0
LINE
  5
CF8
  8
0
 10
63.1629
 20
21.6111
 30
0.0
 11
63.2638
 21
21.4428
 31
0.0
  0
LINE
  5
CF9
  8
0
 10
63.2638
 20
21.4428
 30
0.0
 11
63.3477
 21
21.2654
 31
0.0
  0
LINE
  5
CFA
  8
0
 10
63.3477
 20
21.2654
 30
0.0
 11
63.4139
 21
21.0806
 31
0.0
  0
LINE
  5
CFB
  8
0
 10
63.4139
 20
21.0806
 30
0.0
 11
63.4616
 21
20.8902
 31
0.0
  0
LINE
  5
CFC
  8
0
 10
63.4616
 20
20.8902
 30
0.0
 11
63.4904
 21
20.696
 31
0.0
  0
LINE
  5
CFD
  8
0
 10
63.4904
 20
20.696
 30
0.0
 11
63.5
 21
20.5
 31
0.0
  0
LINE
  5
CFE
  8
0
 10
63.5
 20
20.5
 30
0.0
 11
63.4904
 21
20.304
 31
0.0
  0
LINE
  5
CFF
  8
0
 10
63.4904
 20
20.304
 30
0.0
 11
63.4616
 21
20.1098
 31
0.0
  0
LINE
  5
D00
  8
0
 10
63.4616
 20
20.1098
 30
0.0
 11
63.4139
 21
19.9194
 31
0.0
  0
LINE
  5
D01
  8
0
 10
63.4139
 20
19.9194
 30
0.0
 11
63.3477
 21
19.7346
 31
0.0
  0
LINE
  5
D02
  8
0
 10
63.3477
 20
19.7346
 30
0.0
 11
63.2638
 21
19.5572
 31
0.0
  0
LINE
  5
D03
  8
0
 10
63.2638
 20
19.5572
 30
0.0
 11
63.1629
 21
19.3889
 31
0.0
  0
LINE
  5
D04
  8
0
 10
63.1629
 20
19.3889
 30
0.0
 11
63.046
 21
19.2312
 31
0.0
  0
LINE
  5
D05
  8
0
 10
63.046
 20
19.2312
 30
0.0
 11
62.9142
 21
19.0858
 31
0.0
  0
LINE
  5
D06
  8
0
 10
62.9142
 20
19.0858
 30
0.0
 11
62.7688
 21
18.954
 31
0.0
  0
LINE
  5
D07
  8
0
 10
62.7688
 20
18.954
 30
0.0
 11
62.6111
 21
18.8371
 31
0.0
  0
LINE
  5
D08
  8
0
 10
62.6111
 20
18.8371
 30
0.0
 11
62.4428
 21
18.7362
 31
0.0
  0
LINE
  5
D09
  8
0
 10
62.4428
 20
18.7362
 30
0.0
 11
62.2654
 21
18.6523
 31
0.0
  0
LINE
  5
D0A
  8
0
 10
62.2654
 20
18.6523
 30
0.0
 11
62.0806
 21
18.5861
 31
0.0
  0
LINE
  5
D0B
  8
0
 10
62.0806
 20
18.5861
 30
0.0
 11
61.8902
 21
18.5384
 31
0.0
  0
LINE
  5
D0C
  8
0
 10
61.8902
 20
18.5384
 30
0.0
 11
61.696
 21
18.5096
 31
0.0
  0
LINE
  5
D0D
  8
0
 10
61.696
 20
18.5096
 30
0.0
 11
61.5
 21
18.5
 31
0.0
  0
LINE
  5
D0E
  8
0
 10
61.5
 20
18.5
 30
0.0
 11
59.0
 21
18.5
 31
0.0
  0
LINE
  5
D0F
  8
0
 10
62.0
 20
21.5
 30
0.0
 11
60.0
 21
21.5
 31
0.0
  0
LINE
  5
D10
  8
0
 10
60.0
 20
21.5
 30
0.0
 11
60.0
 21
19.5
 31
0.0
  0
LINE
  5
D11
  8
0
 10
60.0
 20
19.5
 30
0.0
 11
62.0
 21
19.5
 31
0.0
  0
LINE
  5
D12
  8
0
 10
62.0
 20
19.5
 30
0.0
 11
62.0
 21
21.5
 31
0.0
  0
LINE
  5
D13
  8
0
 10
41.5
 20
18.5
 30
0.0
 11
41.5
 21
22.5
 31
0.0
  0
LINE
  5
D14
  8
0
 10
41.5
 20
22.5
 30
0.0
 11
44.0
 21
22.5
 31
0.0
  0
LINE
  5
D15
  8
0
 10
44.0
 20
22.5
 30
0.0
 11
44.196
 21
22.4904
 31
0.0
  0
LINE
  5
D16
  8
0
 10
44.196
 20
22.4904
 30
0.0
 11
44.3902
 21
22.4616
 31
0.0
  0
LINE
  5
D17
  8
0
 10
44.3902
 20
22.4616
 30
0.0
 11
44.5806
 21
22.4139
 31
0.0
  0
LINE
  5
D18
  8
0
 10
44.5806
 20
22.4139
 30
0.0
 11
44.7654
 21
22.3477
 31
0.0
  0
LINE
  5
D19
  8
0
 10
44.7654
 20
22.3477
 30
0.0
 11
44.9428
 21
22.2638
 31
0.0
  0
LINE
  5
D1A
  8
0
 10
44.9428
 20
22.2638
 30
0.0
 11
45.1111
 21
22.1629
 31
0.0
  0
LINE
  5
D1B
  8
0
 10
45.1111
 20
22.1629
 30
0.0
 11
45.2688
 21
22.046
 31
0.0
  0
LINE
  5
D1C
  8
0
 10
45.2688
 20
22.046
 30
0.0
 11
45.4142
 21
21.9142
 31
0.0
  0
LINE
  5
D1D
  8
0
 10
45.4142
 20
21.9142
 30
0.0
 11
45.546
 21
21.7688
 31
0.0
  0
LINE
  5
D1E
  8
0
 10
45.546
 20
21.7688
 30
0.0
 11
45.6629
 21
21.6111
 31
0.0
  0
LINE
  5
D1F
  8
0
 10
45.6629
 20
21.6111
 30
0.0
 11
45.7638
 21
21.4428
 31
0.0
  0
LINE
  5
D20
  8
0
 10
45.7638
 20
21.4428
 30
0.0
 11
45.8477
 21
21.2654
 31
0.0
  0
LINE
  5
D21
  8
0
 10
45.8477
 20
21.2654
 30
0.0
 11
45.9139
 21
21.0806
 31
0.0
  0
LINE
  5
D22
  8
0
 10
45.9139
 20
21.0806
 30
0.0
 11
45.9616
 21
20.8902
 31
0.0
  0
LINE
  5
D23
  8
0
 10
45.9616
 20
20.8902
 30
0.0
 11
45.9904
 21
20.696
 31
0.0
  0
LINE
  5
D24
  8
0
 10
45.9904
 20
20.696
 30
0.0
 11
46.0
 21
20.5
 31
0.0
  0
LINE
  5
D25
  8
0
 10
46.0
 20
20.5
 30
0.0
 11
45.9904
 21
20.304
 31
0.0
  0
LINE
  5
D26
  8
0
 10
45.9904
 20
20.304
 30
0.0
 11
45.9616
 21
20.1098
 31
0.0
  0
LINE
  5
D27
  8
0
 10
45.9616
 20
20.1098
 30
0.0
 11
45.9139
 21
19.9194
 31
0.0
  0
LINE
  5
D28
  8
0
 10
45.9139
 20
19.9194
 30
0.0
 11
45.8477
 21
19.7346
 31
0.0
  0
LINE
  5
D29
  8
0
 10
45.8477
 20
19.7346
 30
0.0
 11
45.7638
 21
19.5572
 31
0.0
  0
LINE
  5
D2A
  8
0
 10
45.7638
 20
19.5572
 30
0.0
 11
45.6629
 21
19.3889
 31
0.0
  0
LINE
  5
D2B
  8
0
 10
45.6629
 20
19.3889
 30
0.0
 11
45.546
 21
19.2312
 31
0.0
  0
LINE
  5
D2C
  8
0
 10
45.546
 20
19.2312
 30
0.0
 11
45.4142
 21
19.0858
 31
0.0
  0
LINE
  5
D2D
  8
0
 10
45.4142
 20
19.0858
 30
0.0
 11
45.2688
 21
18.954
 31
0.0
  0
LINE
  5
D2E
  8
0
 10
45.2688
 20
18.954
 30
0.0
 11
45.1111
 21
18.8371
 31
0.0
  0
LINE
  5
D2F
  8
0
 10
45.1111
 20
18.8371
 30
0.0
 11
44.9428
 21
18.7362
 31
0.0
  0
LINE
  5
D30
  8
0
 10
44.9428
 20
18.7362
 30
0.0
 11
44.7654
 21
18.6523
 31
0.0
  0
LINE
  5
D31
  8
0
 10
44.7654
 20
18.6523
 30
0.0
 11
44.5806
 21
18.5861
 31
0.0
  0
LINE
  5
D32
  8
0
 10
44.5806
 20
18.5861
 30
0.0
 11
44.3902
 21
18.5384
 31
0.0
  0
LINE
  5
D33
  8
0
 10
44.3902
 20
18.5384
 30
0.0
 11
44.196
 21
18.5096
 31
0.0
  0
LINE
  5
D34
  8
0
 10
44.196
 20
18.5096
 30
0.0
 11
44.0
 21
18.5
 31
0.0
  0
LINE
  5
D35
  8
0
 10
44.0
 20
18.5
 30
0.0
 11
41.5
 21
18.5
 31
0.0
  0
LINE
  5
D36
  8
0
 10
44.5
 20
21.5
 30
0.0
 11
42.5
 21
21.5
 31
0.0
  0
LINE
  5
D37
  8
0
 10
42.5
 20
21.5
 30
0.0
 11
42.5
 21
19.5
 31
0.0
  0
LINE
  5
D38
  8
0
 10
42.5
 20
19.5
 30
0.0
 11
44.5
 21
19.5
 31
0.0
  0
LINE
  5
D39
  8
0
 10
44.5
 20
19.5
 30
0.0
 11
44.5
 21
21.5
 31
0.0
  0
LINE
  5
D3A
  8
0
 10
6.5
 20
18.5
 30
0.0
 11
6.5
 21
22.5
 31
0.0
  0
LINE
  5
D3B
  8
0
 10
6.5
 20
22.5
 30
0.0
 11
9.0
 21
22.5
 31
0.0
  0
LINE
  5
D3C
  8
0
 10
9.0
 20
22.5
 30
0.0
 11
9.19603
 21
22.4904
 31
0.0
  0
LINE
  5
D3D
  8
0
 10
9.19603
 20
22.4904
 30
0.0
 11
9.39017
 21
22.4616
 31
0.0
  0
LINE
  5
D3E
  8
0
 10
9.39017
 20
22.4616
 30
0.0
 11
9.58057
 21
22.4139
 31
0.0
  0
LINE
  5
D3F
  8
0
 10
9.58057
 20
22.4139
 30
0.0
 11
9.76537
 21
22.3477
 31
0.0
  0
LINE
  5
D40
  8
0
 10
9.76537
 20
22.3477
 30
0.0
 11
9.94278
 21
22.2638
 31
0.0
  0
LINE
  5
D41
  8
0
 10
9.94278
 20
22.2638
 30
0.0
 11
10.1111
 21
22.1629
 31
0.0
  0
LINE
  5
D42
  8
0
 10
10.1111
 20
22.1629
 30
0.0
 11
10.2688
 21
22.046
 31
0.0
  0
LINE
  5
D43
  8
0
 10
10.2688
 20
22.046
 30
0.0
 11
10.4142
 21
21.9142
 31
0.0
  0
LINE
  5
D44
  8
0
 10
10.4142
 20
21.9142
 30
0.0
 11
10.546
 21
21.7688
 31
0.0
  0
LINE
  5
D45
  8
0
 10
10.546
 20
21.7688
 30
0.0
 11
10.6629
 21
21.6111
 31
0.0
  0
LINE
  5
D46
  8
0
 10
10.6629
 20
21.6111
 30
0.0
 11
10.7638
 21
21.4428
 31
0.0
  0
LINE
  5
D47
  8
0
 10
10.7638
 20
21.4428
 30
0.0
 11
10.8477
 21
21.2654
 31
0.0
  0
LINE
  5
D48
  8
0
 10
10.8477
 20
21.2654
 30
0.0
 11
10.9139
 21
21.0806
 31
0.0
  0
LINE
  5
D49
  8
0
 10
10.9139
 20
21.0806
 30
0.0
 11
10.9616
 21
20.8902
 31
0.0
  0
LINE
  5
D4A
  8
0
 10
10.9616
 20
20.8902
 30
0.0
 11
10.9904
 21
20.696
 31
0.0
  0
LINE
  5
D4B
  8
0
 10
10.9904
 20
20.696
 30
0.0
 11
11.0
 21
20.5
 31
0.0
  0
LINE
  5
D4C
  8
0
 10
11.0
 20
20.5
 30
0.0
 11
10.9904
 21
20.304
 31
0.0
  0
LINE
  5
D4D
  8
0
 10
10.9904
 20
20.304
 30
0.0
 11
10.9616
 21
20.1098
 31
0.0
  0
LINE
  5
D4E
  8
0
 10
10.9616
 20
20.1098
 30
0.0
 11
10.9139
 21
19.9194
 31
0.0
  0
LINE
  5
D4F
  8
0
 10
10.9139
 20
19.9194
 30
0.0
 11
10.8477
 21
19.7346
 31
0.0
  0
LINE
  5
D50
  8
0
 10
10.8477
 20
19.7346
 30
0.0
 11
10.7638
 21
19.5572
 31
0.0
  0
LINE
  5
D51
  8
0
 10
10.7638
 20
19.5572
 30
0.0
 11
10.6629
 21
19.3889
 31
0.0
  0
LINE
  5
D52
  8
0
 10
10.6629
 20
19.3889
 30
0.0
 11
10.546
 21
19.2312
 31
0.0
  0
LINE
  5
D53
  8
0
 10
10.546
 20
19.2312
 30
0.0
 11
10.4142
 21
19.0858
 31
0.0
  0
LINE
  5
D54
  8
0
 10
10.4142
 20
19.0858
 30
0.0
 11
10.2688
 21
18.954
 31
0.0
  0
LINE
  5
D55
  8
0
 10
10.2688
 20
18.954
 30
0.0
 11
10.1111
 21
18.8371
 31
0.0
  0
LINE
  5
D56
  8
0
 10
10.1111
 20
18.8371
 30
0.0
 11
9.94278
 21
18.7362
 31
0.0
  0
LINE
  5
D57
  8
0
 10
9.94278
 20
18.7362
 30
0.0
 11
9.76537
 21
18.6523
 31
0.0
  0
LINE
  5
D58
  8
0
 10
9.76537
 20
18.6523
 30
0.0
 11
9.58057
 21
18.5861
 31
0.0
  0
LINE
  5
D59
  8
0
 10
9.58057
 20
18.5861
 30
0.0
 11
9.39017
 21
18.5384
 31
0.0
  0
LINE
  5
D5A
  8
0
 10
9.39017
 20
18.5384
 30
0.0
 11
9.19603
 21
18.5096
 31
0.0
  0
LINE
  5
D5B
  8
0
 10
9.19603
 20
18.5096
 30
0.0
 11
9.0
 21
18.5
 31
0.0
  0
LINE
  5
D5C
  8
0
 10
9.0
 20
18.5
 30
0.0
 11
6.5
 21
18.5
 31
0.0
  0
LINE
  5
D5D
  8
0
 10
9.5
 20
21.5
 30
0.0
 11
7.5
 21
21.5
 31
0.0
  0
LINE
  5
D5E
  8
0
 10
7.5
 20
21.5
 30
0.0
 11
7.5
 21
19.5
 31
0.0
  0
LINE
  5
D5F
  8
0
 10
7.5
 20
19.5
 30
0.0
 11
9.5
 21
19.5
 31
0.0
  0
LINE
  5
D60
  8
0
 10
9.5
 20
19.5
 30
0.0
 11
9.5
 21
21.5
 31
0.0
  0
LINE
  5
D61
  8
0
 10
24.0
 20
18.5
 30
0.0
 11
24.0
 21
22.5
 31
0.0
  0
LINE
  5
D62
  8
0
 10
24.0
 20
22.5
 30
0.0
 11
26.5
 21
22.5
 31
0.0
  0
LINE
  5
D63
  8
0
 10
26.5
 20
22.5
 30
0.0
 11
26.696
 21
22.4904
 31
0.0
  0
LINE
  5
D64
  8
0
 10
26.696
 20
22.4904
 30
0.0
 11
26.8902
 21
22.4616
 31
0.0
  0
LINE
  5
D65
  8
0
 10
26.8902
 20
22.4616
 30
0.0
 11
27.0806
 21
22.4139
 31
0.0
  0
LINE
  5
D66
  8
0
 10
27.0806
 20
22.4139
 30
0.0
 11
27.2654
 21
22.3477
 31
0.0
  0
LINE
  5
D67
  8
0
 10
27.2654
 20
22.3477
 30
0.0
 11
27.4428
 21
22.2638
 31
0.0
  0
LINE
  5
D68
  8
0
 10
27.4428
 20
22.2638
 30
0.0
 11
27.6111
 21
22.1629
 31
0.0
  0
LINE
  5
D69
  8
0
 10
27.6111
 20
22.1629
 30
0.0
 11
27.7688
 21
22.046
 31
0.0
  0
LINE
  5
D6A
  8
0
 10
27.7688
 20
22.046
 30
0.0
 11
27.9142
 21
21.9142
 31
0.0
  0
LINE
  5
D6B
  8
0
 10
27.9142
 20
21.9142
 30
0.0
 11
28.046
 21
21.7688
 31
0.0
  0
LINE
  5
D6C
  8
0
 10
28.046
 20
21.7688
 30
0.0
 11
28.1629
 21
21.6111
 31
0.0
  0
LINE
  5
D6D
  8
0
 10
28.1629
 20
21.6111
 30
0.0
 11
28.2638
 21
21.4428
 31
0.0
  0
LINE
  5
D6E
  8
0
 10
28.2638
 20
21.4428
 30
0.0
 11
28.3477
 21
21.2654
 31
0.0
  0
LINE
  5
D6F
  8
0
 10
28.3477
 20
21.2654
 30
0.0
 11
28.4139
 21
21.0806
 31
0.0
  0
LINE
  5
D70
  8
0
 10
28.4139
 20
21.0806
 30
0.0
 11
28.4616
 21
20.8902
 31
0.0
  0
LINE
  5
D71
  8
0
 10
28.4616
 20
20.8902
 30
0.0
 11
28.4904
 21
20.696
 31
0.0
  0
LINE
  5
D72
  8
0
 10
28.4904
 20
20.696
 30
0.0
 11
28.5
 21
20.5
 31
0.0
  0
LINE
  5
D73
  8
0
 10
28.5
 20
20.5
 30
0.0
 11
28.4904
 21
20.304
 31
0.0
  0
LINE
  5
D74
  8
0
 10
28.4904
 20
20.304
 30
0.0
 11
28.4616
 21
20.1098
 31
0.0
  0
LINE
  5
D75
  8
0
 10
28.4616
 20
20.1098
 30
0.0
 11
28.4139
 21
19.9194
 31
0.0
  0
LINE
  5
D76
  8
0
 10
28.4139
 20
19.9194
 30
0.0
 11
28.3477
 21
19.7346
 31
0.0
  0
LINE
  5
D77
  8
0
 10
28.3477
 20
19.7346
 30
0.0
 11
28.2638
 21
19.5572
 31
0.0
  0
LINE
  5
D78
  8
0
 10
28.2638
 20
19.5572
 30
0.0
 11
28.1629
 21
19.3889
 31
0.0
  0
LINE
  5
D79
  8
0
 10
28.1629
 20
19.3889
 30
0.0
 11
28.046
 21
19.2312
 31
0.0
  0
LINE
  5
D7A
  8
0
 10
28.046
 20
19.2312
 30
0.0
 11
27.9142
 21
19.0858
 31
0.0
  0
LINE
  5
D7B
  8
0
 10
27.9142
 20
19.0858
 30
0.0
 11
27.7688
 21
18.954
 31
0.0
  0
LINE
  5
D7C
  8
0
 10
27.7688
 20
18.954
 30
0.0
 11
27.6111
 21
18.8371
 31
0.0
  0
LINE
  5
D7D
  8
0
 10
27.6111
 20
18.8371
 30
0.0
 11
27.4428
 21
18.7362
 31
0.0
  0
LINE
  5
D7E
  8
0
 10
27.4428
 20
18.7362
 30
0.0
 11
27.2654
 21
18.6523
 31
0.0
  0
LINE
  5
D7F
  8
0
 10
27.2654
 20
18.6523
 30
0.0
 11
27.0806
 21
18.5861
 31
0.0
  0
LINE
  5
D80
  8
0
 10
27.0806
 20
18.5861
 30
0.0
 11
26.8902
 21
18.5384
 31
0.0
  0
LINE
  5
D81
  8
0
 10
26.8902
 20
18.5384
 30
0.0
 11
26.696
 21
18.5096
 31
0.0
  0
LINE
  5
D82
  8
0
 10
26.696
 20
18.5096
 30
0.0
 11
26.5
 21
18.5
 31
0.0
  0
LINE
  5
D83
  8
0
 10
26.5
 20
18.5
 30
0.0
 11
24.0
 21
18.5
 31
0.0
  0
LINE
  5
D84
  8
0
 10
27.0
 20
21.5
 30
0.0
 11
25.0
 21
21.5
 31
0.0
  0
LINE
  5
D85
  8
0
 10
25.0
 20
21.5
 30
0.0
 11
25.0
 21
19.5
 31
0.0
  0
LINE
  5
D86
  8
0
 10
25.0
 20
19.5
 30
0.0
 11
27.0
 21
19.5
 31
0.0
  0
LINE
  5
D87
  8
0
 10
27.0
 20
19.5
 30
0.0
 11
27.0
 21
21.5
 31
0.0
  0
LINE
  5
D88
  8
0
 10
38.0
 20
18.5
 30
0.0
 11
37.804
 21
18.5096
 31
0.0
  0
LINE
  5
D89
  8
0
 10
37.804
 20
18.5096
 30
0.0
 11
37.6098
 21
18.5384
 31
0.0
  0
LINE
  5
D8A
  8
0
 10
37.6098
 20
18.5384
 30
0.0
 11
37.4194
 21
18.5861
 31
0.0
  0
LINE
  5
D8B
  8
0
 10
37.4194
 20
18.5861
 30
0.0
 11
37.2346
 21
18.6523
 31
0.0
  0
LINE
  5
D8C
  8
0
 10
37.2346
 20
18.6523
 30
0.0
 11
37.0572
 21
18.7362
 31
0.0
  0
LINE
  5
D8D
  8
0
 10
37.0572
 20
18.7362
 30
0.0
 11
36.8889
 21
18.8371
 31
0.0
  0
LINE
  5
D8E
  8
0
 10
36.8889
 20
18.8371
 30
0.0
 11
36.7312
 21
18.954
 31
0.0
  0
LINE
  5
D8F
  8
0
 10
36.7312
 20
18.954
 30
0.0
 11
36.5858
 21
19.0858
 31
0.0
  0
LINE
  5
D90
  8
0
 10
36.5858
 20
19.0858
 30
0.0
 11
36.454
 21
19.2312
 31
0.0
  0
LINE
  5
D91
  8
0
 10
36.454
 20
19.2312
 30
0.0
 11
36.3371
 21
19.3889
 31
0.0
  0
LINE
  5
D92
  8
0
 10
36.3371
 20
19.3889
 30
0.0
 11
36.2362
 21
19.5572
 31
0.0
  0
LINE
  5
D93
  8
0
 10
36.2362
 20
19.5572
 30
0.0
 11
36.1523
 21
19.7346
 31
0.0
  0
LINE
  5
D94
  8
0
 10
36.1523
 20
19.7346
 30
0.0
 11
36.0861
 21
19.9194
 31
0.0
  0
LINE
  5
D95
  8
0
 10
36.0861
 20
19.9194
 30
0.0
 11
36.0384
 21
20.1098
 31
0.0
  0
LINE
  5
D96
  8
0
 10
36.0384
 20
20.1098
 30
0.0
 11
36.0096
 21
20.304
 31
0.0
  0
LINE
  5
D97
  8
0
 10
36.0096
 20
20.304
 30
0.0
 11
36.0
 21
20.5
 31
0.0
  0
LINE
  5
D98
  8
0
 10
36.0
 20
20.5
 30
0.0
 11
36.0096
 21
20.696
 31
0.0
  0
LINE
  5
D99
  8
0
 10
36.0096
 20
20.696
 30
0.0
 11
36.0384
 21
20.8902
 31
0.0
  0
LINE
  5
D9A
  8
0
 10
36.0384
 20
20.8902
 30
0.0
 11
36.0861
 21
21.0806
 31
0.0
  0
LINE
  5
D9B
  8
0
 10
36.0861
 20
21.0806
 30
0.0
 11
36.1523
 21
21.2654
 31
0.0
  0
LINE
  5
D9C
  8
0
 10
36.1523
 20
21.2654
 30
0.0
 11
36.2362
 21
21.4428
 31
0.0
  0
LINE
  5
D9D
  8
0
 10
36.2362
 20
21.4428
 30
0.0
 11
36.3371
 21
21.6111
 31
0.0
  0
LINE
  5
D9E
  8
0
 10
36.3371
 20
21.6111
 30
0.0
 11
36.454
 21
21.7688
 31
0.0
  0
LINE
  5
D9F
  8
0
 10
36.454
 20
21.7688
 30
0.0
 11
36.5858
 21
21.9142
 31
0.0
  0
LINE
  5
DA0
  8
0
 10
36.5858
 20
21.9142
 30
0.0
 11
36.7312
 21
22.046
 31
0.0
  0
LINE
  5
DA1
  8
0
 10
36.7312
 20
22.046
 30
0.0
 11
36.8889
 21
22.1629
 31
0.0
  0
LINE
  5
DA2
  8
0
 10
36.8889
 20
22.1629
 30
0.0
 11
37.0572
 21
22.2638
 31
0.0
  0
LINE
  5
DA3
  8
0
 10
37.0572
 20
22.2638
 30
0.0
 11
37.2346
 21
22.3477
 31
0.0
  0
LINE
  5
DA4
  8
0
 10
37.2346
 20
22.3477
 30
0.0
 11
37.4194
 21
22.4139
 31
0.0
  0
LINE
  5
DA5
  8
0
 10
37.4194
 20
22.4139
 30
0.0
 11
37.6098
 21
22.4616
 31
0.0
  0
LINE
  5
DA6
  8
0
 10
37.6098
 20
22.4616
 30
0.0
 11
37.804
 21
22.4904
 31
0.0
  0
LINE
  5
DA7
  8
0
 10
37.804
 20
22.4904
 30
0.0
 11
38.0
 21
22.5
 31
0.0
  0
LINE
  5
DA8
  8
0
 10
38.0
 20
22.5
 30
0.0
 11
40.5
 21
22.5
 31
0.0
  0
LINE
  5
DA9
  8
0
 10
40.5
 20
22.5
 30
0.0
 11
40.5
 21
18.5
 31
0.0
  0
LINE
  5
DAA
  8
0
 10
40.5
 20
18.5
 30
0.0
 11
38.0
 21
18.5
 31
0.0
  0
LINE
  5
DAB
  8
0
 10
39.5
 20
21.5
 30
0.0
 11
37.5
 21
21.5
 31
0.0
  0
LINE
  5
DAC
  8
0
 10
37.5
 20
21.5
 30
0.0
 11
37.5
 21
19.5
 31
0.0
  0
LINE
  5
DAD
  8
0
 10
37.5
 20
19.5
 30
0.0
 11
39.5
 21
19.5
 31
0.0
  0
LINE
  5
DAE
  8
0
 10
39.5
 20
19.5
 30
0.0
 11
39.5
 21
21.5
 31
0.0
  0
LINE
  5
DAF
  8
0
 10
55.5
 20
18.5
 30
0.0
 11
55.304
 21
18.5096
 31
0.0
  0
LINE
  5
DB0
  8
0
 10
55.304
 20
18.5096
 30
0.0
 11
55.1098
 21
18.5384
 31
0.0
  0
LINE
  5
DB1
  8
0
 10
55.1098
 20
18.5384
 30
0.0
 11
54.9194
 21
18.5861
 31
0.0
  0
LINE
  5
DB2
  8
0
 10
54.9194
 20
18.5861
 30
0.0
 11
54.7346
 21
18.6523
 31
0.0
  0
LINE
  5
DB3
  8
0
 10
54.7346
 20
18.6523
 30
0.0
 11
54.5572
 21
18.7362
 31
0.0
  0
LINE
  5
DB4
  8
0
 10
54.5572
 20
18.7362
 30
0.0
 11
54.3889
 21
18.8371
 31
0.0
  0
LINE
  5
DB5
  8
0
 10
54.3889
 20
18.8371
 30
0.0
 11
54.2312
 21
18.954
 31
0.0
  0
LINE
  5
DB6
  8
0
 10
54.2312
 20
18.954
 30
0.0
 11
54.0858
 21
19.0858
 31
0.0
  0
LINE
  5
DB7
  8
0
 10
54.0858
 20
19.0858
 30
0.0
 11
53.954
 21
19.2312
 31
0.0
  0
LINE
  5
DB8
  8
0
 10
53.954
 20
19.2312
 30
0.0
 11
53.8371
 21
19.3889
 31
0.0
  0
LINE
  5
DB9
  8
0
 10
53.8371
 20
19.3889
 30
0.0
 11
53.7362
 21
19.5572
 31
0.0
  0
LINE
  5
DBA
  8
0
 10
53.7362
 20
19.5572
 30
0.0
 11
53.6523
 21
19.7346
 31
0.0
  0
LINE
  5
DBB
  8
0
 10
53.6523
 20
19.7346
 30
0.0
 11
53.5861
 21
19.9194
 31
0.0
  0
LINE
  5
DBC
  8
0
 10
53.5861
 20
19.9194
 30
0.0
 11
53.5384
 21
20.1098
 31
0.0
  0
LINE
  5
DBD
  8
0
 10
53.5384
 20
20.1098
 30
0.0
 11
53.5096
 21
20.304
 31
0.0
  0
LINE
  5
DBE
  8
0
 10
53.5096
 20
20.304
 30
0.0
 11
53.5
 21
20.5
 31
0.0
  0
LINE
  5
DBF
  8
0
 10
53.5
 20
20.5
 30
0.0
 11
53.5096
 21
20.696
 31
0.0
  0
LINE
  5
DC0
  8
0
 10
53.5096
 20
20.696
 30
0.0
 11
53.5384
 21
20.8902
 31
0.0
  0
LINE
  5
DC1
  8
0
 10
53.5384
 20
20.8902
 30
0.0
 11
53.5861
 21
21.0806
 31
0.0
  0
LINE
  5
DC2
  8
0
 10
53.5861
 20
21.0806
 30
0.0
 11
53.6523
 21
21.2654
 31
0.0
  0
LINE
  5
DC3
  8
0
 10
53.6523
 20
21.2654
 30
0.0
 11
53.7362
 21
21.4428
 31
0.0
  0
LINE
  5
DC4
  8
0
 10
53.7362
 20
21.4428
 30
0.0
 11
53.8371
 21
21.6111
 31
0.0
  0
LINE
  5
DC5
  8
0
 10
53.8371
 20
21.6111
 30
0.0
 11
53.954
 21
21.7688
 31
0.0
  0
LINE
  5
DC6
  8
0
 10
53.954
 20
21.7688
 30
0.0
 11
54.0858
 21
21.9142
 31
0.0
  0
LINE
  5
DC7
  8
0
 10
54.0858
 20
21.9142
 30
0.0
 11
54.2312
 21
22.046
 31
0.0
  0
LINE
  5
DC8
  8
0
 10
54.2312
 20
22.046
 30
0.0
 11
54.3889
 21
22.1629
 31
0.0
  0
LINE
  5
DC9
  8
0
 10
54.3889
 20
22.1629
 30
0.0
 11
54.5572
 21
22.2638
 31
0.0
  0
LINE
  5
DCA
  8
0
 10
54.5572
 20
22.2638
 30
0.0
 11
54.7346
 21
22.3477
 31
0.0
  0
LINE
  5
DCB
  8
0
 10
54.7346
 20
22.3477
 30
0.0
 11
54.9194
 21
22.4139
 31
0.0
  0
LINE
  5
DCC
  8
0
 10
54.9194
 20
22.4139
 30
0.0
 11
55.1098
 21
22.4616
 31
0.0
  0
LINE
  5
DCD
  8
0
 10
55.1098
 20
22.4616
 30
0.0
 11
55.304
 21
22.4904
 31
0.0
  0
LINE
  5
DCE
  8
0
 10
55.304
 20
22.4904
 30
0.0
 11
55.5
 21
22.5
 31
0.0
  0
LINE
  5
DCF
  8
0
 10
55.5
 20
22.5
 30
0.0
 11
58.0
 21
22.5
 31
0.0
  0
LINE
  5
DD0
  8
0
 10
58.0
 20
22.5
 30
0.0
 11
58.0
 21
18.5
 31
0.0
  0
LINE
  5
DD1
  8
0
 10
58.0
 20
18.5
 30
0.0
 11
55.5
 21
18.5
 31
0.0
  0
LINE
  5
DD2
  8
0
 10
57.0
 20
21.5
 30
0.0
 11
55.0
 21
21.5
 31
0.0
  0
LINE
  5
DD3
  8
0
 10
55.0
 20
21.5
 30
0.0
 11
55.0
 21
19.5
 31
0.0
  0
LINE
  5
DD4
  8
0
 10
55.0
 20
19.5
 30
0.0
 11
57.0
 21
19.5
 31
0.0
  0
LINE
  5
DD5
  8
0
 10
57.0
 20
19.5
 30
0.0
 11
57.0
 21
21.5
 31
0.0
  0
LINE
  5
DD6
  8
0
 10
20.5
 20
18.5
 30
0.0
 11
20.304
 21
18.5096
 31
0.0
  0
LINE
  5
DD7
  8
0
 10
20.304
 20
18.5096
 30
0.0
 11
20.1098
 21
18.5384
 31
0.0
  0
LINE
  5
DD8
  8
0
 10
20.1098
 20
18.5384
 30
0.0
 11
19.9194
 21
18.5861
 31
0.0
  0
LINE
  5
DD9
  8
0
 10
19.9194
 20
18.5861
 30
0.0
 11
19.7346
 21
18.6523
 31
0.0
  0
LINE
  5
DDA
  8
0
 10
19.7346
 20
18.6523
 30
0.0
 11
19.5572
 21
18.7362
 31
0.0
  0
LINE
  5
DDB
  8
0
 10
19.5572
 20
18.7362
 30
0.0
 11
19.3889
 21
18.8371
 31
0.0
  0
LINE
  5
DDC
  8
0
 10
19.3889
 20
18.8371
 30
0.0
 11
19.2312
 21
18.954
 31
0.0
  0
LINE
  5
DDD
  8
0
 10
19.2312
 20
18.954
 30
0.0
 11
19.0858
 21
19.0858
 31
0.0
  0
LINE
  5
DDE
  8
0
 10
19.0858
 20
19.0858
 30
0.0
 11
18.954
 21
19.2312
 31
0.0
  0
LINE
  5
DDF
  8
0
 10
18.954
 20
19.2312
 30
0.0
 11
18.8371
 21
19.3889
 31
0.0
  0
LINE
  5
DE0
  8
0
 10
18.8371
 20
19.3889
 30
0.0
 11
18.7362
 21
19.5572
 31
0.0
  0
LINE
  5
DE1
  8
0
 10
18.7362
 20
19.5572
 30
0.0
 11
18.6523
 21
19.7346
 31
0.0
  0
LINE
  5
DE2
  8
0
 10
18.6523
 20
19.7346
 30
0.0
 11
18.5861
 21
19.9194
 31
0.0
  0
LINE
  5
DE3
  8
0
 10
18.5861
 20
19.9194
 30
0.0
 11
18.5384
 21
20.1098
 31
0.0
  0
LINE
  5
DE4
  8
0
 10
18.5384
 20
20.1098
 30
0.0
 11
18.5096
 21
20.304
 31
0.0
  0
LINE
  5
DE5
  8
0
 10
18.5096
 20
20.304
 30
0.0
 11
18.5
 21
20.5
 31
0.0
  0
LINE
  5
DE6
  8
0
 10
18.5
 20
20.5
 30
0.0
 11
18.5096
 21
20.696
 31
0.0
  0
LINE
  5
DE7
  8
0
 10
18.5096
 20
20.696
 30
0.0
 11
18.5384
 21
20.8902
 31
0.0
  0
LINE
  5
DE8
  8
0
 10
18.5384
 20
20.8902
 30
0.0
 11
18.5861
 21
21.0806
 31
0.0
  0
LINE
  5
DE9
  8
0
 10
18.5861
 20
21.0806
 30
0.0
 11
18.6523
 21
21.2654
 31
0.0
  0
LINE
  5
DEA
  8
0
 10
18.6523
 20
21.2654
 30
0.0
 11
18.7362
 21
21.4428
 31
0.0
  0
LINE
  5
DEB
  8
0
 10
18.7362
 20
21.4428
 30
0.0
 11
18.8371
 21
21.6111
 31
0.0
  0
LINE
  5
DEC
  8
0
 10
18.8371
 20
21.6111
 30
0.0
 11
18.954
 21
21.7688
 31
0.0
  0
LINE
  5
DED
  8
0
 10
18.954
 20
21.7688
 30
0.0
 11
19.0858
 21
21.9142
 31
0.0
  0
LINE
  5
DEE
  8
0
 10
19.0858
 20
21.9142
 30
0.0
 11
19.2312
 21
22.046
 31
0.0
  0
LINE
  5
DEF
  8
0
 10
19.2312
 20
22.046
 30
0.0
 11
19.3889
 21
22.1629
 31
0.0
  0
LINE
  5
DF0
  8
0
 10
19.3889
 20
22.1629
 30
0.0
 11
19.5572
 21
22.2638
 31
0.0
  0
LINE
  5
DF1
  8
0
 10
19.5572
 20
22.2638
 30
0.0
 11
19.7346
 21
22.3477
 31
0.0
  0
LINE
  5
DF2
  8
0
 10
19.7346
 20
22.3477
 30
0.0
 11
19.9194
 21
22.4139
 31
0.0
  0
LINE
  5
DF3
  8
0
 10
19.9194
 20
22.4139
 30
0.0
 11
20.1098
 21
22.4616
 31
0.0
  0
LINE
  5
DF4
  8
0
 10
20.1098
 20
22.4616
 30
0.0
 11
20.304
 21
22.4904
 31
0.0
  0
LINE
  5
DF5
  8
0
 10
20.304
 20
22.4904
 30
0.0
 11
20.5
 21
22.5
 31
0.0
  0
LINE
  5
DF6
  8
0
 10
20.5
 20
22.5
 30
0.0
 11
23.0
 21
22.5
 31
0.0
  0
LINE
  5
DF7
  8
0
 10
23.0
 20
22.5
 30
0.0
 11
23.0
 21
18.5
 31
0.0
  0
LINE
  5
DF8
  8
0
 10
23.0
 20
18.5
 30
0.0
 11
20.5
 21
18.5
 31
0.0
  0
LINE
  5
DF9
  8
0
 10
22.0
 20
21.5
 30
0.0
 11
20.0
 21
21.5
 31
0.0
  0
LINE
  5
DFA
  8
0
 10
20.0
 20
21.5
 30
0.0
 11
20.0
 21
19.5
 31
0.0
  0
LINE
  5
DFB
  8
0
 10
20.0
 20
19.5
 30
0.0
 11
22.0
 21
19.5
 31
0.0
  0
LINE
  5
DFC
  8
0
 10
22.0
 20
19.5
 30
0.0
 11
22.0
 21
21.5
 31
0.0
  0
LINE
  5
DFD
  8
0
 10
59.0
 20
7.0
 30
0.0
 11
59.0
 21
11.0
 31
0.0
  0
LINE
  5
DFE
  8
0
 10
59.0
 20
11.0
 30
0.0
 11
61.5
 21
11.0
 31
0.0
  0
LINE
  5
DFF
  8
0
 10
61.5
 20
11.0
 30
0.0
 11
61.696
 21
10.9904
 31
0.0
  0
LINE
  5
E00
  8
0
 10
61.696
 20
10.9904
 30
0.0
 11
61.8902
 21
10.9616
 31
0.0
  0
LINE
  5
E01
  8
0
 10
61.8902
 20
10.9616
 30
0.0
 11
62.0806
 21
10.9139
 31
0.0
  0
LINE
  5
E02
  8
0
 10
62.0806
 20
10.9139
 30
0.0
 11
62.2654
 21
10.8477
 31
0.0
  0
LINE
  5
E03
  8
0
 10
62.2654
 20
10.8477
 30
0.0
 11
62.4428
 21
10.7638
 31
0.0
  0
LINE
  5
E04
  8
0
 10
62.4428
 20
10.7638
 30
0.0
 11
62.6111
 21
10.6629
 31
0.0
  0
LINE
  5
E05
  8
0
 10
62.6111
 20
10.6629
 30
0.0
 11
62.7688
 21
10.546
 31
0.0
  0
LINE
  5
E06
  8
0
 10
62.7688
 20
10.546
 30
0.0
 11
62.9142
 21
10.4142
 31
0.0
  0
LINE
  5
E07
  8
0
 10
62.9142
 20
10.4142
 30
0.0
 11
63.046
 21
10.2688
 31
0.0
  0
LINE
  5
E08
  8
0
 10
63.046
 20
10.2688
 30
0.0
 11
63.1629
 21
10.1111
 31
0.0
  0
LINE
  5
E09
  8
0
 10
63.1629
 20
10.1111
 30
0.0
 11
63.2638
 21
9.94278
 31
0.0
  0
LINE
  5
E0A
  8
0
 10
63.2638
 20
9.94278
 30
0.0
 11
63.3477
 21
9.76537
 31
0.0
  0
LINE
  5
E0B
  8
0
 10
63.3477
 20
9.76537
 30
0.0
 11
63.4139
 21
9.58057
 31
0.0
  0
LINE
  5
E0C
  8
0
 10
63.4139
 20
9.58057
 30
0.0
 11
63.4616
 21
9.39017
 31
0.0
  0
LINE
  5
E0D
  8
0
 10
63.4616
 20
9.39017
 30
0.0
 11
63.4904
 21
9.19603
 31
0.0
  0
LINE
  5
E0E
  8
0
 10
63.4904
 20
9.19603
 30
0.0
 11
63.5
 21
9.0
 31
0.0
  0
LINE
  5
E0F
  8
0
 10
63.5
 20
9.0
 30
0.0
 11
63.4904
 21
8.80397
 31
0.0
  0
LINE
  5
E10
  8
0
 10
63.4904
 20
8.80397
 30
0.0
 11
63.4616
 21
8.60983
 31
0.0
  0
LINE
  5
E11
  8
0
 10
63.4616
 20
8.60983
 30
0.0
 11
63.4139
 21
8.41943
 31
0.0
  0
LINE
  5
E12
  8
0
 10
63.4139
 20
8.41943
 30
0.0
 11
63.3477
 21
8.23463
 31
0.0
  0
LINE
  5
E13
  8
0
 10
63.3477
 20
8.23463
 30
0.0
 11
63.2638
 21
8.05722
 31
0.0
  0
LINE
  5
E14
  8
0
 10
63.2638
 20
8.05722
 30
0.0
 11
63.1629
 21
7.88887
 31
0.0
  0
LINE
  5
E15
  8
0
 10
63.1629
 20
7.88887
 30
0.0
 11
63.046
 21
7.73122
 31
0.0
  0
LINE
  5
E16
  8
0
 10
63.046
 20
7.73122
 30
0.0
 11
62.9142
 21
7.5858
 31
0.0
  0
LINE
  5
E17
  8
0
 10
62.9142
 20
7.5858
 30
0.0
 11
62.7688
 21
7.45398
 31
0.0
  0
LINE
  5
E18
  8
0
 10
62.7688
 20
7.45398
 30
0.0
 11
62.6111
 21
7.33707
 31
0.0
  0
LINE
  5
E19
  8
0
 10
62.6111
 20
7.33707
 30
0.0
 11
62.4428
 21
7.23616
 31
0.0
  0
LINE
  5
E1A
  8
0
 10
62.4428
 20
7.23616
 30
0.0
 11
62.2654
 21
7.15225
 31
0.0
  0
LINE
  5
E1B
  8
0
 10
62.2654
 20
7.15225
 30
0.0
 11
62.0806
 21
7.08612
 31
0.0
  0
LINE
  5
E1C
  8
0
 10
62.0806
 20
7.08612
 30
0.0
 11
61.8902
 21
7.03844
 31
0.0
  0
LINE
  5
E1D
  8
0
 10
61.8902
 20
7.03844
 30
0.0
 11
61.696
 21
7.00964
 31
0.0
  0
LINE
  5
E1E
  8
0
 10
61.696
 20
7.00964
 30
0.0
 11
61.5
 21
7.0
 31
0.0
  0
LINE
  5
E1F
  8
0
 10
61.5
 20
7.0
 30
0.0
 11
59.0
 21
7.0
 31
0.0
  0
LINE
  5
E20
  8
0
 10
62.0
 20
10.0
 30
0.0
 11
60.0
 21
10.0
 31
0.0
  0
LINE
  5
E21
  8
0
 10
60.0
 20
10.0
 30
0.0
 11
60.0
 21
8.0
 31
0.0
  0
LINE
  5
E22
  8
0
 10
60.0
 20
8.0
 30
0.0
 11
62.0
 21
8.0
 31
0.0
  0
LINE
  5
E23
  8
0
 10
62.0
 20
8.0
 30
0.0
 11
62.0
 21
10.0
 31
0.0
  0
LINE
  5
E24
  8
0
 10
55.5
 20
7.0
 30
0.0
 11
55.304
 21
7.00964
 31
0.0
  0
LINE
  5
E25
  8
0
 10
55.304
 20
7.00964
 30
0.0
 11
55.1098
 21
7.03844
 31
0.0
  0
LINE
  5
E26
  8
0
 10
55.1098
 20
7.03844
 30
0.0
 11
54.9194
 21
7.08612
 31
0.0
  0
LINE
  5
E27
  8
0
 10
54.9194
 20
7.08612
 30
0.0
 11
54.7346
 21
7.15225
 31
0.0
  0
LINE
  5
E28
  8
0
 10
54.7346
 20
7.15225
 30
0.0
 11
54.5572
 21
7.23616
 31
0.0
  0
LINE
  5
E29
  8
0
 10
54.5572
 20
7.23616
 30
0.0
 11
54.3889
 21
7.33707
 31
0.0
  0
LINE
  5
E2A
  8
0
 10
54.3889
 20
7.33707
 30
0.0
 11
54.2312
 21
7.45398
 31
0.0
  0
LINE
  5
E2B
  8
0
 10
54.2312
 20
7.45398
 30
0.0
 11
54.0858
 21
7.5858
 31
0.0
  0
LINE
  5
E2C
  8
0
 10
54.0858
 20
7.5858
 30
0.0
 11
53.954
 21
7.73122
 31
0.0
  0
LINE
  5
E2D
  8
0
 10
53.954
 20
7.73122
 30
0.0
 11
53.8371
 21
7.88887
 31
0.0
  0
LINE
  5
E2E
  8
0
 10
53.8371
 20
7.88887
 30
0.0
 11
53.7362
 21
8.05722
 31
0.0
  0
LINE
  5
E2F
  8
0
 10
53.7362
 20
8.05722
 30
0.0
 11
53.6523
 21
8.23463
 31
0.0
  0
LINE
  5
E30
  8
0
 10
53.6523
 20
8.23463
 30
0.0
 11
53.5861
 21
8.41943
 31
0.0
  0
LINE
  5
E31
  8
0
 10
53.5861
 20
8.41943
 30
0.0
 11
53.5384
 21
8.60983
 31
0.0
  0
LINE
  5
E32
  8
0
 10
53.5384
 20
8.60983
 30
0.0
 11
53.5096
 21
8.80397
 31
0.0
  0
LINE
  5
E33
  8
0
 10
53.5096
 20
8.80397
 30
0.0
 11
53.5
 21
9.0
 31
0.0
  0
LINE
  5
E34
  8
0
 10
53.5
 20
9.0
 30
0.0
 11
53.5096
 21
9.19603
 31
0.0
  0
LINE
  5
E35
  8
0
 10
53.5096
 20
9.19603
 30
0.0
 11
53.5384
 21
9.39017
 31
0.0
  0
LINE
  5
E36
  8
0
 10
53.5384
 20
9.39017
 30
0.0
 11
53.5861
 21
9.58057
 31
0.0
  0
LINE
  5
E37
  8
0
 10
53.5861
 20
9.58057
 30
0.0
 11
53.6523
 21
9.76537
 31
0.0
  0
LINE
  5
E38
  8
0
 10
53.6523
 20
9.76537
 30
0.0
 11
53.7362
 21
9.94278
 31
0.0
  0
LINE
  5
E39
  8
0
 10
53.7362
 20
9.94278
 30
0.0
 11
53.8371
 21
10.1111
 31
0.0
  0
LINE
  5
E3A
  8
0
 10
53.8371
 20
10.1111
 30
0.0
 11
53.954
 21
10.2688
 31
0.0
  0
LINE
  5
E3B
  8
0
 10
53.954
 20
10.2688
 30
0.0
 11
54.0858
 21
10.4142
 31
0.0
  0
LINE
  5
E3C
  8
0
 10
54.0858
 20
10.4142
 30
0.0
 11
54.2312
 21
10.546
 31
0.0
  0
LINE
  5
E3D
  8
0
 10
54.2312
 20
10.546
 30
0.0
 11
54.3889
 21
10.6629
 31
0.0
  0
LINE
  5
E3E
  8
0
 10
54.3889
 20
10.6629
 30
0.0
 11
54.5572
 21
10.7638
 31
0.0
  0
LINE
  5
E3F
  8
0
 10
54.5572
 20
10.7638
 30
0.0
 11
54.7346
 21
10.8477
 31
0.0
  0
LINE
  5
E40
  8
0
 10
54.7346
 20
10.8477
 30
0.0
 11
54.9194
 21
10.9139
 31
0.0
  0
LINE
  5
E41
  8
0
 10
54.9194
 20
10.9139
 30
0.0
 11
55.1098
 21
10.9616
 31
0.0
  0
LINE
  5
E42
  8
0
 10
55.1098
 20
10.9616
 30
0.0
 11
55.304
 21
10.9904
 31
0.0
  0
LINE
  5
E43
  8
0
 10
55.304
 20
10.9904
 30
0.0
 11
55.5
 21
11.0
 31
0.0
  0
LINE
  5
E44
  8
0
 10
55.5
 20
11.0
 30
0.0
 11
58.0
 21
11.0
 31
0.0
  0
LINE
  5
E45
  8
0
 10
58.0
 20
11.0
 30
0.0
 11
58.0
 21
7.0
 31
0.0
  0
LINE
  5
E46
  8
0
 10
58.0
 20
7.0
 30
0.0
 11
55.5
 21
7.0
 31
0.0
  0
LINE
  5
E47
  8
0
 10
57.0
 20
10.0
 30
0.0
 11
55.0
 21
10.0
 31
0.0
  0
LINE
  5
E48
  8
0
 10
55.0
 20
10.0
 30
0.0
 11
55.0
 21
8.0
 31
0.0
  0
LINE
  5
E49
  8
0
 10
55.0
 20
8.0
 30
0.0
 11
57.0
 21
8.0
 31
0.0
  0
LINE
  5
E4A
  8
0
 10
57.0
 20
8.0
 30
0.0
 11
57.0
 21
10.0
 31
0.0
  0
LINE
  5
E4B
  8
0
 10
3.0
 20
7.0
 30
0.0
 11
2.80397
 21
7.00964
 31
0.0
  0
LINE
  5
E4C
  8
0
 10
2.80397
 20
7.00964
 30
0.0
 11
2.60983
 21
7.03844
 31
0.0
  0
LINE
  5
E4D
  8
0
 10
2.60983
 20
7.03844
 30
0.0
 11
2.41943
 21
7.08612
 31
0.0
  0
LINE
  5
E4E
  8
0
 10
2.41943
 20
7.08612
 30
0.0
 11
2.23463
 21
7.15225
 31
0.0
  0
LINE
  5
E4F
  8
0
 10
2.23463
 20
7.15225
 30
0.0
 11
2.05722
 21
7.23616
 31
0.0
  0
LINE
  5
E50
  8
0
 10
2.05722
 20
7.23616
 30
0.0
 11
1.88887
 21
7.33707
 31
0.0
  0
LINE
  5
E51
  8
0
 10
1.88887
 20
7.33707
 30
0.0
 11
1.73122
 21
7.45398
 31
0.0
  0
LINE
  5
E52
  8
0
 10
1.73122
 20
7.45398
 30
0.0
 11
1.5858
 21
7.5858
 31
0.0
  0
LINE
  5
E53
  8
0
 10
1.5858
 20
7.5858
 30
0.0
 11
1.45398
 21
7.73122
 31
0.0
  0
LINE
  5
E54
  8
0
 10
1.45398
 20
7.73122
 30
0.0
 11
1.33707
 21
7.88887
 31
0.0
  0
LINE
  5
E55
  8
0
 10
1.33707
 20
7.88887
 30
0.0
 11
1.23616
 21
8.05722
 31
0.0
  0
LINE
  5
E56
  8
0
 10
1.23616
 20
8.05722
 30
0.0
 11
1.15225
 21
8.23463
 31
0.0
  0
LINE
  5
E57
  8
0
 10
1.15225
 20
8.23463
 30
0.0
 11
1.08612
 21
8.41943
 31
0.0
  0
LINE
  5
E58
  8
0
 10
1.08612
 20
8.41943
 30
0.0
 11
1.03844
 21
8.60983
 31
0.0
  0
LINE
  5
E59
  8
0
 10
1.03844
 20
8.60983
 30
0.0
 11
1.00964
 21
8.80397
 31
0.0
  0
LINE
  5
E5A
  8
0
 10
1.00964
 20
8.80397
 30
0.0
 11
1.0
 21
9.0
 31
0.0
  0
LINE
  5
E5B
  8
0
 10
1.0
 20
9.0
 30
0.0
 11
1.00964
 21
9.19603
 31
0.0
  0
LINE
  5
E5C
  8
0
 10
1.00964
 20
9.19603
 30
0.0
 11
1.03844
 21
9.39017
 31
0.0
  0
LINE
  5
E5D
  8
0
 10
1.03844
 20
9.39017
 30
0.0
 11
1.08612
 21
9.58057
 31
0.0
  0
LINE
  5
E5E
  8
0
 10
1.08612
 20
9.58057
 30
0.0
 11
1.15225
 21
9.76537
 31
0.0
  0
LINE
  5
E5F
  8
0
 10
1.15225
 20
9.76537
 30
0.0
 11
1.23616
 21
9.94278
 31
0.0
  0
LINE
  5
E60
  8
0
 10
1.23616
 20
9.94278
 30
0.0
 11
1.33707
 21
10.1111
 31
0.0
  0
LINE
  5
E61
  8
0
 10
1.33707
 20
10.1111
 30
0.0
 11
1.45398
 21
10.2688
 31
0.0
  0
LINE
  5
E62
  8
0
 10
1.45398
 20
10.2688
 30
0.0
 11
1.5858
 21
10.4142
 31
0.0
  0
LINE
  5
E63
  8
0
 10
1.5858
 20
10.4142
 30
0.0
 11
1.73122
 21
10.546
 31
0.0
  0
LINE
  5
E64
  8
0
 10
1.73122
 20
10.546
 30
0.0
 11
1.88887
 21
10.6629
 31
0.0
  0
LINE
  5
E65
  8
0
 10
1.88887
 20
10.6629
 30
0.0
 11
2.05722
 21
10.7638
 31
0.0
  0
LINE
  5
E66
  8
0
 10
2.05722
 20
10.7638
 30
0.0
 11
2.23463
 21
10.8477
 31
0.0
  0
LINE
  5
E67
  8
0
 10
2.23463
 20
10.8477
 30
0.0
 11
2.41943
 21
10.9139
 31
0.0
  0
LINE
  5
E68
  8
0
 10
2.41943
 20
10.9139
 30
0.0
 11
2.60983
 21
10.9616
 31
0.0
  0
LINE
  5
E69
  8
0
 10
2.60983
 20
10.9616
 30
0.0
 11
2.80397
 21
10.9904
 31
0.0
  0
LINE
  5
E6A
  8
0
 10
2.80397
 20
10.9904
 30
0.0
 11
3.0
 21
11.0
 31
0.0
  0
LINE
  5
E6B
  8
0
 10
3.0
 20
11.0
 30
0.0
 11
5.5
 21
11.0
 31
0.0
  0
LINE
  5
E6C
  8
0
 10
5.5
 20
11.0
 30
0.0
 11
5.5
 21
7.0
 31
0.0
  0
LINE
  5
E6D
  8
0
 10
5.5
 20
7.0
 30
0.0
 11
3.0
 21
7.0
 31
0.0
  0
LINE
  5
E6E
  8
0
 10
4.5
 20
10.0
 30
0.0
 11
2.5
 21
10.0
 31
0.0
  0
LINE
  5
E6F
  8
0
 10
2.5
 20
10.0
 30
0.0
 11
2.5
 21
8.0
 31
0.0
  0
LINE
  5
E70
  8
0
 10
2.5
 20
8.0
 30
0.0
 11
4.5
 21
8.0
 31
0.0
  0
LINE
  5
E71
  8
0
 10
4.5
 20
8.0
 30
0.0
 11
4.5
 21
10.0
 31
0.0
  0
LINE
  5
E72
  8
0
 10
38.0
 20
7.0
 30
0.0
 11
37.804
 21
7.00964
 31
0.0
  0
LINE
  5
E73
  8
0
 10
37.804
 20
7.00964
 30
0.0
 11
37.6098
 21
7.03844
 31
0.0
  0
LINE
  5
E74
  8
0
 10
37.6098
 20
7.03844
 30
0.0
 11
37.4194
 21
7.08612
 31
0.0
  0
LINE
  5
E75
  8
0
 10
37.4194
 20
7.08612
 30
0.0
 11
37.2346
 21
7.15225
 31
0.0
  0
LINE
  5
E76
  8
0
 10
37.2346
 20
7.15225
 30
0.0
 11
37.0572
 21
7.23616
 31
0.0
  0
LINE
  5
E77
  8
0
 10
37.0572
 20
7.23616
 30
0.0
 11
36.8889
 21
7.33707
 31
0.0
  0
LINE
  5
E78
  8
0
 10
36.8889
 20
7.33707
 30
0.0
 11
36.7312
 21
7.45398
 31
0.0
  0
LINE
  5
E79
  8
0
 10
36.7312
 20
7.45398
 30
0.0
 11
36.5858
 21
7.5858
 31
0.0
  0
LINE
  5
E7A
  8
0
 10
36.5858
 20
7.5858
 30
0.0
 11
36.454
 21
7.73122
 31
0.0
  0
LINE
  5
E7B
  8
0
 10
36.454
 20
7.73122
 30
0.0
 11
36.3371
 21
7.88887
 31
0.0
  0
LINE
  5
E7C
  8
0
 10
36.3371
 20
7.88887
 30
0.0
 11
36.2362
 21
8.05722
 31
0.0
  0
LINE
  5
E7D
  8
0
 10
36.2362
 20
8.05722
 30
0.0
 11
36.1523
 21
8.23463
 31
0.0
  0
LINE
  5
E7E
  8
0
 10
36.1523
 20
8.23463
 30
0.0
 11
36.0861
 21
8.41943
 31
0.0
  0
LINE
  5
E7F
  8
0
 10
36.0861
 20
8.41943
 30
0.0
 11
36.0384
 21
8.60983
 31
0.0
  0
LINE
  5
E80
  8
0
 10
36.0384
 20
8.60983
 30
0.0
 11
36.0096
 21
8.80397
 31
0.0
  0
LINE
  5
E81
  8
0
 10
36.0096
 20
8.80397
 30
0.0
 11
36.0
 21
9.0
 31
0.0
  0
LINE
  5
E82
  8
0
 10
36.0
 20
9.0
 30
0.0
 11
36.0096
 21
9.19603
 31
0.0
  0
LINE
  5
E83
  8
0
 10
36.0096
 20
9.19603
 30
0.0
 11
36.0384
 21
9.39017
 31
0.0
  0
LINE
  5
E84
  8
0
 10
36.0384
 20
9.39017
 30
0.0
 11
36.0861
 21
9.58057
 31
0.0
  0
LINE
  5
E85
  8
0
 10
36.0861
 20
9.58057
 30
0.0
 11
36.1523
 21
9.76537
 31
0.0
  0
LINE
  5
E86
  8
0
 10
36.1523
 20
9.76537
 30
0.0
 11
36.2362
 21
9.94278
 31
0.0
  0
LINE
  5
E87
  8
0
 10
36.2362
 20
9.94278
 30
0.0
 11
36.3371
 21
10.1111
 31
0.0
  0
LINE
  5
E88
  8
0
 10
36.3371
 20
10.1111
 30
0.0
 11
36.454
 21
10.2688
 31
0.0
  0
LINE
  5
E89
  8
0
 10
36.454
 20
10.2688
 30
0.0
 11
36.5858
 21
10.4142
 31
0.0
  0
LINE
  5
E8A
  8
0
 10
36.5858
 20
10.4142
 30
0.0
 11
36.7312
 21
10.546
 31
0.0
  0
LINE
  5
E8B
  8
0
 10
36.7312
 20
10.546
 30
0.0
 11
36.8889
 21
10.6629
 31
0.0
  0
LINE
  5
E8C
  8
0
 10
36.8889
 20
10.6629
 30
0.0
 11
37.0572
 21
10.7638
 31
0.0
  0
LINE
  5
E8D
  8
0
 10
37.0572
 20
10.7638
 30
0.0
 11
37.2346
 21
10.8477
 31
0.0
  0
LINE
  5
E8E
  8
0
 10
37.2346
 20
10.8477
 30
0.0
 11
37.4194
 21
10.9139
 31
0.0
  0
LINE
  5
E8F
  8
0
 10
37.4194
 20
10.9139
 30
0.0
 11
37.6098
 21
10.9616
 31
0.0
  0
LINE
  5
E90
  8
0
 10
37.6098
 20
10.9616
 30
0.0
 11
37.804
 21
10.9904
 31
0.0
  0
LINE
  5
E91
  8
0
 10
37.804
 20
10.9904
 30
0.0
 11
38.0
 21
11.0
 31
0.0
  0
LINE
  5
E92
  8
0
 10
38.0
 20
11.0
 30
0.0
 11
40.5
 21
11.0
 31
0.0
  0
LINE
  5
E93
  8
0
 10
40.5
 20
11.0
 30
0.0
 11
40.5
 21
7.0
 31
0.0
  0
LINE
  5
E94
  8
0
 10
40.5
 20
7.0
 30
0.0
 11
38.0
 21
7.0
 31
0.0
  0
LINE
  5
E95
  8
0
 10
39.5
 20
10.0
 30
0.0
 11
37.5
 21
10.0
 31
0.0
  0
LINE
  5
E96
  8
0
 10
37.5
 20
10.0
 30
0.0
 11
37.5
 21
8.0
 31
0.0
  0
LINE
  5
E97
  8
0
 10
37.5
 20
8.0
 30
0.0
 11
39.5
 21
8.0
 31
0.0
  0
LINE
  5
E98
  8
0
 10
39.5
 20
8.0
 30
0.0
 11
39.5
 21
10.0
 31
0.0
  0
LINE
  5
E99
  8
0
 10
41.5
 20
7.0
 30
0.0
 11
41.5
 21
11.0
 31
0.0
  0
LINE
  5
E9A
  8
0
 10
41.5
 20
11.0
 30
0.0
 11
44.0
 21
11.0
 31
0.0
  0
LINE
  5
E9B
  8
0
 10
44.0
 20
11.0
 30
0.0
 11
44.196
 21
10.9904
 31
0.0
  0
LINE
  5
E9C
  8
0
 10
44.196
 20
10.9904
 30
0.0
 11
44.3902
 21
10.9616
 31
0.0
  0
LINE
  5
E9D
  8
0
 10
44.3902
 20
10.9616
 30
0.0
 11
44.5806
 21
10.9139
 31
0.0
  0
LINE
  5
E9E
  8
0
 10
44.5806
 20
10.9139
 30
0.0
 11
44.7654
 21
10.8477
 31
0.0
  0
LINE
  5
E9F
  8
0
 10
44.7654
 20
10.8477
 30
0.0
 11
44.9428
 21
10.7638
 31
0.0
  0
LINE
  5
EA0
  8
0
 10
44.9428
 20
10.7638
 30
0.0
 11
45.1111
 21
10.6629
 31
0.0
  0
LINE
  5
EA1
  8
0
 10
45.1111
 20
10.6629
 30
0.0
 11
45.2688
 21
10.546
 31
0.0
  0
LINE
  5
EA2
  8
0
 10
45.2688
 20
10.546
 30
0.0
 11
45.4142
 21
10.4142
 31
0.0
  0
LINE
  5
EA3
  8
0
 10
45.4142
 20
10.4142
 30
0.0
 11
45.546
 21
10.2688
 31
0.0
  0
LINE
  5
EA4
  8
0
 10
45.546
 20
10.2688
 30
0.0
 11
45.6629
 21
10.1111
 31
0.0
  0
LINE
  5
EA5
  8
0
 10
45.6629
 20
10.1111
 30
0.0
 11
45.7638
 21
9.94278
 31
0.0
  0
LINE
  5
EA6
  8
0
 10
45.7638
 20
9.94278
 30
0.0
 11
45.8477
 21
9.76537
 31
0.0
  0
LINE
  5
EA7
  8
0
 10
45.8477
 20
9.76537
 30
0.0
 11
45.9139
 21
9.58057
 31
0.0
  0
LINE
  5
EA8
  8
0
 10
45.9139
 20
9.58057
 30
0.0
 11
45.9616
 21
9.39017
 31
0.0
  0
LINE
  5
EA9
  8
0
 10
45.9616
 20
9.39017
 30
0.0
 11
45.9904
 21
9.19603
 31
0.0
  0
LINE
  5
EAA
  8
0
 10
45.9904
 20
9.19603
 30
0.0
 11
46.0
 21
9.0
 31
0.0
  0
LINE
  5
EAB
  8
0
 10
46.0
 20
9.0
 30
0.0
 11
45.9904
 21
8.80397
 31
0.0
  0
LINE
  5
EAC
  8
0
 10
45.9904
 20
8.80397
 30
0.0
 11
45.9616
 21
8.60983
 31
0.0
  0
LINE
  5
EAD
  8
0
 10
45.9616
 20
8.60983
 30
0.0
 11
45.9139
 21
8.41943
 31
0.0
  0
LINE
  5
EAE
  8
0
 10
45.9139
 20
8.41943
 30
0.0
 11
45.8477
 21
8.23463
 31
0.0
  0
LINE
  5
EAF
  8
0
 10
45.8477
 20
8.23463
 30
0.0
 11
45.7638
 21
8.05722
 31
0.0
  0
LINE
  5
EB0
  8
0
 10
45.7638
 20
8.05722
 30
0.0
 11
45.6629
 21
7.88887
 31
0.0
  0
LINE
  5
EB1
  8
0
 10
45.6629
 20
7.88887
 30
0.0
 11
45.546
 21
7.73122
 31
0.0
  0
LINE
  5
EB2
  8
0
 10
45.546
 20
7.73122
 30
0.0
 11
45.4142
 21
7.5858
 31
0.0
  0
LINE
  5
EB3
  8
0
 10
45.4142
 20
7.5858
 30
0.0
 11
45.2688
 21
7.45398
 31
0.0
  0
LINE
  5
EB4
  8
0
 10
45.2688
 20
7.45398
 30
0.0
 11
45.1111
 21
7.33707
 31
0.0
  0
LINE
  5
EB5
  8
0
 10
45.1111
 20
7.33707
 30
0.0
 11
44.9428
 21
7.23616
 31
0.0
  0
LINE
  5
EB6
  8
0
 10
44.9428
 20
7.23616
 30
0.0
 11
44.7654
 21
7.15225
 31
0.0
  0
LINE
  5
EB7
  8
0
 10
44.7654
 20
7.15225
 30
0.0
 11
44.5806
 21
7.08612
 31
0.0
  0
LINE
  5
EB8
  8
0
 10
44.5806
 20
7.08612
 30
0.0
 11
44.3902
 21
7.03844
 31
0.0
  0
LINE
  5
EB9
  8
0
 10
44.3902
 20
7.03844
 30
0.0
 11
44.196
 21
7.00964
 31
0.0
  0
LINE
  5
EBA
  8
0
 10
44.196
 20
7.00964
 30
0.0
 11
44.0
 21
7.0
 31
0.0
  0
LINE
  5
EBB
  8
0
 10
44.0
 20
7.0
 30
0.0
 11
41.5
 21
7.0
 31
0.0
  0
LINE
  5
EBC
  8
0
 10
44.5
 20
10.0
 30
0.0
 11
42.5
 21
10.0
 31
0.0
  0
LINE
  5
EBD
  8
0
 10
42.5
 20
10.0
 30
0.0
 11
42.5
 21
8.0
 31
0.0
  0
LINE
  5
EBE
  8
0
 10
42.5
 20
8.0
 30
0.0
 11
44.5
 21
8.0
 31
0.0
  0
LINE
  5
EBF
  8
0
 10
44.5
 20
8.0
 30
0.0
 11
44.5
 21
10.0
 31
0.0
  0
LINE
  5
EC0
  8
0
 10
6.5
 20
7.0
 30
0.0
 11
6.5
 21
11.0
 31
0.0
  0
LINE
  5
EC1
  8
0
 10
6.5
 20
11.0
 30
0.0
 11
9.0
 21
11.0
 31
0.0
  0
LINE
  5
EC2
  8
0
 10
9.0
 20
11.0
 30
0.0
 11
9.19603
 21
10.9904
 31
0.0
  0
LINE
  5
EC3
  8
0
 10
9.19603
 20
10.9904
 30
0.0
 11
9.39017
 21
10.9616
 31
0.0
  0
LINE
  5
EC4
  8
0
 10
9.39017
 20
10.9616
 30
0.0
 11
9.58057
 21
10.9139
 31
0.0
  0
LINE
  5
EC5
  8
0
 10
9.58057
 20
10.9139
 30
0.0
 11
9.76537
 21
10.8477
 31
0.0
  0
LINE
  5
EC6
  8
0
 10
9.76537
 20
10.8477
 30
0.0
 11
9.94278
 21
10.7638
 31
0.0
  0
LINE
  5
EC7
  8
0
 10
9.94278
 20
10.7638
 30
0.0
 11
10.1111
 21
10.6629
 31
0.0
  0
LINE
  5
EC8
  8
0
 10
10.1111
 20
10.6629
 30
0.0
 11
10.2688
 21
10.546
 31
0.0
  0
LINE
  5
EC9
  8
0
 10
10.2688
 20
10.546
 30
0.0
 11
10.4142
 21
10.4142
 31
0.0
  0
LINE
  5
ECA
  8
0
 10
10.4142
 20
10.4142
 30
0.0
 11
10.546
 21
10.2688
 31
0.0
  0
LINE
  5
ECB
  8
0
 10
10.546
 20
10.2688
 30
0.0
 11
10.6629
 21
10.1111
 31
0.0
  0
LINE
  5
ECC
  8
0
 10
10.6629
 20
10.1111
 30
0.0
 11
10.7638
 21
9.94278
 31
0.0
  0
LINE
  5
ECD
  8
0
 10
10.7638
 20
9.94278
 30
0.0
 11
10.8477
 21
9.76537
 31
0.0
  0
LINE
  5
ECE
  8
0
 10
10.8477
 20
9.76537
 30
0.0
 11
10.9139
 21
9.58057
 31
0.0
  0
LINE
  5
ECF
  8
0
 10
10.9139
 20
9.58057
 30
0.0
 11
10.9616
 21
9.39017
 31
0.0
  0
LINE
  5
ED0
  8
0
 10
10.9616
 20
9.39017
 30
0.0
 11
10.9904
 21
9.19603
 31
0.0
  0
LINE
  5
ED1
  8
0
 10
10.9904
 20
9.19603
 30
0.0
 11
11.0
 21
9.0
 31
0.0
  0
LINE
  5
ED2
  8
0
 10
11.0
 20
9.0
 30
0.0
 11
10.9904
 21
8.80397
 31
0.0
  0
LINE
  5
ED3
  8
0
 10
10.9904
 20
8.80397
 30
0.0
 11
10.9616
 21
8.60983
 31
0.0
  0
LINE
  5
ED4
  8
0
 10
10.9616
 20
8.60983
 30
0.0
 11
10.9139
 21
8.41943
 31
0.0
  0
LINE
  5
ED5
  8
0
 10
10.9139
 20
8.41943
 30
0.0
 11
10.8477
 21
8.23463
 31
0.0
  0
LINE
  5
ED6
  8
0
 10
10.8477
 20
8.23463
 30
0.0
 11
10.7638
 21
8.05722
 31
0.0
  0
LINE
  5
ED7
  8
0
 10
10.7638
 20
8.05722
 30
0.0
 11
10.6629
 21
7.88887
 31
0.0
  0
LINE
  5
ED8
  8
0
 10
10.6629
 20
7.88887
 30
0.0
 11
10.546
 21
7.73122
 31
0.0
  0
LINE
  5
ED9
  8
0
 10
10.546
 20
7.73122
 30
0.0
 11
10.4142
 21
7.5858
 31
0.0
  0
LINE
  5
EDA
  8
0
 10
10.4142
 20
7.5858
 30
0.0
 11
10.2688
 21
7.45398
 31
0.0
  0
LINE
  5
EDB
  8
0
 10
10.2688
 20
7.45398
 30
0.0
 11
10.1111
 21
7.33707
 31
0.0
  0
LINE
  5
EDC
  8
0
 10
10.1111
 20
7.33707
 30
0.0
 11
9.94278
 21
7.23616
 31
0.0
  0
LINE
  5
EDD
  8
0
 10
9.94278
 20
7.23616
 30
0.0
 11
9.76537
 21
7.15225
 31
0.0
  0
LINE
  5
EDE
  8
0
 10
9.76537
 20
7.15225
 30
0.0
 11
9.58057
 21
7.08612
 31
0.0
  0
LINE
  5
EDF
  8
0
 10
9.58057
 20
7.08612
 30
0.0
 11
9.39017
 21
7.03844
 31
0.0
  0
LINE
  5
EE0
  8
0
 10
9.39017
 20
7.03844
 30
0.0
 11
9.19603
 21
7.00964
 31
0.0
  0
LINE
  5
EE1
  8
0
 10
9.19603
 20
7.00964
 30
0.0
 11
9.0
 21
7.0
 31
0.0
  0
LINE
  5
EE2
  8
0
 10
9.0
 20
7.0
 30
0.0
 11
6.5
 21
7.0
 31
0.0
  0
LINE
  5
EE3
  8
0
 10
9.5
 20
10.0
 30
0.0
 11
7.5
 21
10.0
 31
0.0
  0
LINE
  5
EE4
  8
0
 10
7.5
 20
10.0
 30
0.0
 11
7.5
 21
8.0
 31
0.0
  0
LINE
  5
EE5
  8
0
 10
7.5
 20
8.0
 30
0.0
 11
9.5
 21
8.0
 31
0.0
  0
LINE
  5
EE6
  8
0
 10
9.5
 20
8.0
 30
0.0
 11
9.5
 21
10.0
 31
0.0
  0
LINE
  5
EE7
  8
0
 10
20.5
 20
7.0
 30
0.0
 11
20.304
 21
7.00964
 31
0.0
  0
LINE
  5
EE8
  8
0
 10
20.304
 20
7.00964
 30
0.0
 11
20.1098
 21
7.03844
 31
0.0
  0
LINE
  5
EE9
  8
0
 10
20.1098
 20
7.03844
 30
0.0
 11
19.9194
 21
7.08612
 31
0.0
  0
LINE
  5
EEA
  8
0
 10
19.9194
 20
7.08612
 30
0.0
 11
19.7346
 21
7.15225
 31
0.0
  0
LINE
  5
EEB
  8
0
 10
19.7346
 20
7.15225
 30
0.0
 11
19.5572
 21
7.23616
 31
0.0
  0
LINE
  5
EEC
  8
0
 10
19.5572
 20
7.23616
 30
0.0
 11
19.3889
 21
7.33707
 31
0.0
  0
LINE
  5
EED
  8
0
 10
19.3889
 20
7.33707
 30
0.0
 11
19.2312
 21
7.45398
 31
0.0
  0
LINE
  5
EEE
  8
0
 10
19.2312
 20
7.45398
 30
0.0
 11
19.0858
 21
7.5858
 31
0.0
  0
LINE
  5
EEF
  8
0
 10
19.0858
 20
7.5858
 30
0.0
 11
18.954
 21
7.73122
 31
0.0
  0
LINE
  5
EF0
  8
0
 10
18.954
 20
7.73122
 30
0.0
 11
18.8371
 21
7.88887
 31
0.0
  0
LINE
  5
EF1
  8
0
 10
18.8371
 20
7.88887
 30
0.0
 11
18.7362
 21
8.05722
 31
0.0
  0
LINE
  5
EF2
  8
0
 10
18.7362
 20
8.05722
 30
0.0
 11
18.6523
 21
8.23463
 31
0.0
  0
LINE
  5
EF3
  8
0
 10
18.6523
 20
8.23463
 30
0.0
 11
18.5861
 21
8.41943
 31
0.0
  0
LINE
  5
EF4
  8
0
 10
18.5861
 20
8.41943
 30
0.0
 11
18.5384
 21
8.60983
 31
0.0
  0
LINE
  5
EF5
  8
0
 10
18.5384
 20
8.60983
 30
0.0
 11
18.5096
 21
8.80397
 31
0.0
  0
LINE
  5
EF6
  8
0
 10
18.5096
 20
8.80397
 30
0.0
 11
18.5
 21
9.0
 31
0.0
  0
LINE
  5
EF7
  8
0
 10
18.5
 20
9.0
 30
0.0
 11
18.5096
 21
9.19603
 31
0.0
  0
LINE
  5
EF8
  8
0
 10
18.5096
 20
9.19603
 30
0.0
 11
18.5384
 21
9.39017
 31
0.0
  0
LINE
  5
EF9
  8
0
 10
18.5384
 20
9.39017
 30
0.0
 11
18.5861
 21
9.58057
 31
0.0
  0
LINE
  5
EFA
  8
0
 10
18.5861
 20
9.58057
 30
0.0
 11
18.6523
 21
9.76537
 31
0.0
  0
LINE
  5
EFB
  8
0
 10
18.6523
 20
9.76537
 30
0.0
 11
18.7362
 21
9.94278
 31
0.0
  0
LINE
  5
EFC
  8
0
 10
18.7362
 20
9.94278
 30
0.0
 11
18.8371
 21
10.1111
 31
0.0
  0
LINE
  5
EFD
  8
0
 10
18.8371
 20
10.1111
 30
0.0
 11
18.954
 21
10.2688
 31
0.0
  0
LINE
  5
EFE
  8
0
 10
18.954
 20
10.2688
 30
0.0
 11
19.0858
 21
10.4142
 31
0.0
  0
LINE
  5
EFF
  8
0
 10
19.0858
 20
10.4142
 30
0.0
 11
19.2312
 21
10.546
 31
0.0
  0
LINE
  5
F00
  8
0
 10
19.2312
 20
10.546
 30
0.0
 11
19.3889
 21
10.6629
 31
0.0
  0
LINE
  5
F01
  8
0
 10
19.3889
 20
10.6629
 30
0.0
 11
19.5572
 21
10.7638
 31
0.0
  0
LINE
  5
F02
  8
0
 10
19.5572
 20
10.7638
 30
0.0
 11
19.7346
 21
10.8477
 31
0.0
  0
LINE
  5
F03
  8
0
 10
19.7346
 20
10.8477
 30
0.0
 11
19.9194
 21
10.9139
 31
0.0
  0
LINE
  5
F04
  8
0
 10
19.9194
 20
10.9139
 30
0.0
 11
20.1098
 21
10.9616
 31
0.0
  0
LINE
  5
F05
  8
0
 10
20.1098
 20
10.9616
 30
0.0
 11
20.304
 21
10.9904
 31
0.0
  0
LINE
  5
F06
  8
0
 10
20.304
 20
10.9904
 30
0.0
 11
20.5
 21
11.0
 31
0.0
  0
LINE
  5
F07
  8
0
 10
20.5
 20
11.0
 30
0.0
 11
23.0
 21
11.0
 31
0.0
  0
LINE
  5
F08
  8
0
 10
23.0
 20
11.0
 30
0.0
 11
23.0
 21
7.0
 31
0.0
  0
LINE
  5
F09
  8
0
 10
23.0
 20
7.0
 30
0.0
 11
20.5
 21
7.0
 31
0.0
  0
LINE
  5
F0A
  8
0
 10
22.0
 20
10.0
 30
0.0
 11
20.0
 21
10.0
 31
0.0
  0
LINE
  5
F0B
  8
0
 10
20.0
 20
10.0
 30
0.0
 11
20.0
 21
8.0
 31
0.0
  0
LINE
  5
F0C
  8
0
 10
20.0
 20
8.0
 30
0.0
 11
22.0
 21
8.0
 31
0.0
  0
LINE
  5
F0D
  8
0
 10
22.0
 20
8.0
 30
0.0
 11
22.0
 21
10.0
 31
0.0
  0
LINE
  5
F0E
  8
0
 10
24.0
 20
7.0
 30
0.0
 11
24.0
 21
11.0
 31
0.0
  0
LINE
  5
F0F
  8
0
 10
24.0
 20
11.0
 30
0.0
 11
26.5
 21
11.0
 31
0.0
  0
LINE
  5
F10
  8
0
 10
26.5
 20
11.0
 30
0.0
 11
26.696
 21
10.9904
 31
0.0
  0
LINE
  5
F11
  8
0
 10
26.696
 20
10.9904
 30
0.0
 11
26.8902
 21
10.9616
 31
0.0
  0
LINE
  5
F12
  8
0
 10
26.8902
 20
10.9616
 30
0.0
 11
27.0806
 21
10.9139
 31
0.0
  0
LINE
  5
F13
  8
0
 10
27.0806
 20
10.9139
 30
0.0
 11
27.2654
 21
10.8477
 31
0.0
  0
LINE
  5
F14
  8
0
 10
27.2654
 20
10.8477
 30
0.0
 11
27.4428
 21
10.7638
 31
0.0
  0
LINE
  5
F15
  8
0
 10
27.4428
 20
10.7638
 30
0.0
 11
27.6111
 21
10.6629
 31
0.0
  0
LINE
  5
F16
  8
0
 10
27.6111
 20
10.6629
 30
0.0
 11
27.7688
 21
10.546
 31
0.0
  0
LINE
  5
F17
  8
0
 10
27.7688
 20
10.546
 30
0.0
 11
27.9142
 21
10.4142
 31
0.0
  0
LINE
  5
F18
  8
0
 10
27.9142
 20
10.4142
 30
0.0
 11
28.046
 21
10.2688
 31
0.0
  0
LINE
  5
F19
  8
0
 10
28.046
 20
10.2688
 30
0.0
 11
28.1629
 21
10.1111
 31
0.0
  0
LINE
  5
F1A
  8
0
 10
28.1629
 20
10.1111
 30
0.0
 11
28.2638
 21
9.94278
 31
0.0
  0
LINE
  5
F1B
  8
0
 10
28.2638
 20
9.94278
 30
0.0
 11
28.3477
 21
9.76537
 31
0.0
  0
LINE
  5
F1C
  8
0
 10
28.3477
 20
9.76537
 30
0.0
 11
28.4139
 21
9.58057
 31
0.0
  0
LINE
  5
F1D
  8
0
 10
28.4139
 20
9.58057
 30
0.0
 11
28.4616
 21
9.39017
 31
0.0
  0
LINE
  5
F1E
  8
0
 10
28.4616
 20
9.39017
 30
0.0
 11
28.4904
 21
9.19603
 31
0.0
  0
LINE
  5
F1F
  8
0
 10
28.4904
 20
9.19603
 30
0.0
 11
28.5
 21
9.0
 31
0.0
  0
LINE
  5
F20
  8
0
 10
28.5
 20
9.0
 30
0.0
 11
28.4904
 21
8.80397
 31
0.0
  0
LINE
  5
F21
  8
0
 10
28.4904
 20
8.80397
 30
0.0
 11
28.4616
 21
8.60983
 31
0.0
  0
LINE
  5
F22
  8
0
 10
28.4616
 20
8.60983
 30
0.0
 11
28.4139
 21
8.41943
 31
0.0
  0
LINE
  5
F23
  8
0
 10
28.4139
 20
8.41943
 30
0.0
 11
28.3477
 21
8.23463
 31
0.0
  0
LINE
  5
F24
  8
0
 10
28.3477
 20
8.23463
 30
0.0
 11
28.2638
 21
8.05722
 31
0.0
  0
LINE
  5
F25
  8
0
 10
28.2638
 20
8.05722
 30
0.0
 11
28.1629
 21
7.88887
 31
0.0
  0
LINE
  5
F26
  8
0
 10
28.1629
 20
7.88887
 30
0.0
 11
28.046
 21
7.73122
 31
0.0
  0
LINE
  5
F27
  8
0
 10
28.046
 20
7.73122
 30
0.0
 11
27.9142
 21
7.5858
 31
0.0
  0
LINE
  5
F28
  8
0
 10
27.9142
 20
7.5858
 30
0.0
 11
27.7688
 21
7.45398
 31
0.0
  0
LINE
  5
F29
  8
0
 10
27.7688
 20
7.45398
 30
0.0
 11
27.6111
 21
7.33707
 31
0.0
  0
LINE
  5
F2A
  8
0
 10
27.6111
 20
7.33707
 30
0.0
 11
27.4428
 21
7.23616
 31
0.0
  0
LINE
  5
F2B
  8
0
 10
27.4428
 20
7.23616
 30
0.0
 11
27.2654
 21
7.15225
 31
0.0
  0
LINE
  5
F2C
  8
0
 10
27.2654
 20
7.15225
 30
0.0
 11
27.0806
 21
7.08612
 31
0.0
  0
LINE
  5
F2D
  8
0
 10
27.0806
 20
7.08612
 30
0.0
 11
26.8902
 21
7.03844
 31
0.0
  0
LINE
  5
F2E
  8
0
 10
26.8902
 20
7.03844
 30
0.0
 11
26.696
 21
7.00964
 31
0.0
  0
LINE
  5
F2F
  8
0
 10
26.696
 20
7.00964
 30
0.0
 11
26.5
 21
7.0
 31
0.0
  0
LINE
  5
F30
  8
0
 10
26.5
 20
7.0
 30
0.0
 11
24.0
 21
7.0
 31
0.0
  0
LINE
  5
F31
  8
0
 10
27.0
 20
10.0
 30
0.0
 11
25.0
 21
10.0
 31
0.0
  0
LINE
  5
F32
  8
0
 10
25.0
 20
10.0
 30
0.0
 11
25.0
 21
8.0
 31
0.0
  0
LINE
  5
F33
  8
0
 10
25.0
 20
8.0
 30
0.0
 11
27.0
 21
8.0
 31
0.0
  0
LINE
  5
F34
  8
0
 10
27.0
 20
8.0
 30
0.0
 11
27.0
 21
10.0
 31
0.0
  0
LINE
  5
F35
  8
0
 10
59.0
 20
1.0
 30
0.0
 11
59.0
 21
5.0
 31
0.0
  0
LINE
  5
F36
  8
0
 10
59.0
 20
5.0
 30
0.0
 11
61.5
 21
5.0
 31
0.0
  0
LINE
  5
F37
  8
0
 10
61.5
 20
5.0
 30
0.0
 11
61.696
 21
4.99036
 31
0.0
  0
LINE
  5
F38
  8
0
 10
61.696
 20
4.99036
 30
0.0
 11
61.8902
 21
4.96156
 31
0.0
  0
LINE
  5
F39
  8
0
 10
61.8902
 20
4.96156
 30
0.0
 11
62.0806
 21
4.91388
 31
0.0
  0
LINE
  5
F3A
  8
0
 10
62.0806
 20
4.91388
 30
0.0
 11
62.2654
 21
4.84775
 31
0.0
  0
LINE
  5
F3B
  8
0
 10
62.2654
 20
4.84775
 30
0.0
 11
62.4428
 21
4.76384
 31
0.0
  0
LINE
  5
F3C
  8
0
 10
62.4428
 20
4.76384
 30
0.0
 11
62.6111
 21
4.66293
 31
0.0
  0
LINE
  5
F3D
  8
0
 10
62.6111
 20
4.66293
 30
0.0
 11
62.7688
 21
4.54602
 31
0.0
  0
LINE
  5
F3E
  8
0
 10
62.7688
 20
4.54602
 30
0.0
 11
62.9142
 21
4.4142
 31
0.0
  0
LINE
  5
F3F
  8
0
 10
62.9142
 20
4.4142
 30
0.0
 11
63.046
 21
4.26878
 31
0.0
  0
LINE
  5
F40
  8
0
 10
63.046
 20
4.26878
 30
0.0
 11
63.1629
 21
4.11113
 31
0.0
  0
LINE
  5
F41
  8
0
 10
63.1629
 20
4.11113
 30
0.0
 11
63.2638
 21
3.94278
 31
0.0
  0
LINE
  5
F42
  8
0
 10
63.2638
 20
3.94278
 30
0.0
 11
63.3477
 21
3.76537
 31
0.0
  0
LINE
  5
F43
  8
0
 10
63.3477
 20
3.76537
 30
0.0
 11
63.4139
 21
3.58057
 31
0.0
  0
LINE
  5
F44
  8
0
 10
63.4139
 20
3.58057
 30
0.0
 11
63.4616
 21
3.39017
 31
0.0
  0
LINE
  5
F45
  8
0
 10
63.4616
 20
3.39017
 30
0.0
 11
63.4904
 21
3.19603
 31
0.0
  0
LINE
  5
F46
  8
0
 10
63.4904
 20
3.19603
 30
0.0
 11
63.5
 21
3.0
 31
0.0
  0
LINE
  5
F47
  8
0
 10
63.5
 20
3.0
 30
0.0
 11
63.4904
 21
2.80397
 31
0.0
  0
LINE
  5
F48
  8
0
 10
63.4904
 20
2.80397
 30
0.0
 11
63.4616
 21
2.60983
 31
0.0
  0
LINE
  5
F49
  8
0
 10
63.4616
 20
2.60983
 30
0.0
 11
63.4139
 21
2.41943
 31
0.0
  0
LINE
  5
F4A
  8
0
 10
63.4139
 20
2.41943
 30
0.0
 11
63.3477
 21
2.23463
 31
0.0
  0
LINE
  5
F4B
  8
0
 10
63.3477
 20
2.23463
 30
0.0
 11
63.2638
 21
2.05722
 31
0.0
  0
LINE
  5
F4C
  8
0
 10
63.2638
 20
2.05722
 30
0.0
 11
63.1629
 21
1.88887
 31
0.0
  0
LINE
  5
F4D
  8
0
 10
63.1629
 20
1.88887
 30
0.0
 11
63.046
 21
1.73122
 31
0.0
  0
LINE
  5
F4E
  8
0
 10
63.046
 20
1.73122
 30
0.0
 11
62.9142
 21
1.5858
 31
0.0
  0
LINE
  5
F4F
  8
0
 10
62.9142
 20
1.5858
 30
0.0
 11
62.7688
 21
1.45398
 31
0.0
  0
LINE
  5
F50
  8
0
 10
62.7688
 20
1.45398
 30
0.0
 11
62.6111
 21
1.33707
 31
0.0
  0
LINE
  5
F51
  8
0
 10
62.6111
 20
1.33707
 30
0.0
 11
62.4428
 21
1.23616
 31
0.0
  0
LINE
  5
F52
  8
0
 10
62.4428
 20
1.23616
 30
0.0
 11
62.2654
 21
1.15225
 31
0.0
  0
LINE
  5
F53
  8
0
 10
62.2654
 20
1.15225
 30
0.0
 11
62.0806
 21
1.08612
 31
0.0
  0
LINE
  5
F54
  8
0
 10
62.0806
 20
1.08612
 30
0.0
 11
61.8902
 21
1.03844
 31
0.0
  0
LINE
  5
F55
  8
0
 10
61.8902
 20
1.03844
 30
0.0
 11
61.696
 21
1.00964
 31
0.0
  0
LINE
  5
F56
  8
0
 10
61.696
 20
1.00964
 30
0.0
 11
61.5
 21
1.0
 31
0.0
  0
LINE
  5
F57
  8
0
 10
61.5
 20
1.0
 30
0.0
 11
59.0
 21
1.0
 31
0.0
  0
LINE
  5
F58
  8
0
 10
62.0
 20
4.0
 30
0.0
 11
60.0
 21
4.0
 31
0.0
  0
LINE
  5
F59
  8
0
 10
60.0
 20
4.0
 30
0.0
 11
60.0
 21
2.0
 31
0.0
  0
LINE
  5
F5A
  8
0
 10
60.0
 20
2.0
 30
0.0
 11
62.0
 21
2.0
 31
0.0
  0
LINE
  5
F5B
  8
0
 10
62.0
 20
2.0
 30
0.0
 11
62.0
 21
4.0
 31
0.0
  0
LINE
  5
F5C
  8
0
 10
55.5
 20
1.0
 30
0.0
 11
55.304
 21
1.00964
 31
0.0
  0
LINE
  5
F5D
  8
0
 10
55.304
 20
1.00964
 30
0.0
 11
55.1098
 21
1.03844
 31
0.0
  0
LINE
  5
F5E
  8
0
 10
55.1098
 20
1.03844
 30
0.0
 11
54.9194
 21
1.08612
 31
0.0
  0
LINE
  5
F5F
  8
0
 10
54.9194
 20
1.08612
 30
0.0
 11
54.7346
 21
1.15225
 31
0.0
  0
LINE
  5
F60
  8
0
 10
54.7346
 20
1.15225
 30
0.0
 11
54.5572
 21
1.23616
 31
0.0
  0
LINE
  5
F61
  8
0
 10
54.5572
 20
1.23616
 30
0.0
 11
54.3889
 21
1.33707
 31
0.0
  0
LINE
  5
F62
  8
0
 10
54.3889
 20
1.33707
 30
0.0
 11
54.2312
 21
1.45398
 31
0.0
  0
LINE
  5
F63
  8
0
 10
54.2312
 20
1.45398
 30
0.0
 11
54.0858
 21
1.5858
 31
0.0
  0
LINE
  5
F64
  8
0
 10
54.0858
 20
1.5858
 30
0.0
 11
53.954
 21
1.73122
 31
0.0
  0
LINE
  5
F65
  8
0
 10
53.954
 20
1.73122
 30
0.0
 11
53.8371
 21
1.88887
 31
0.0
  0
LINE
  5
F66
  8
0
 10
53.8371
 20
1.88887
 30
0.0
 11
53.7362
 21
2.05722
 31
0.0
  0
LINE
  5
F67
  8
0
 10
53.7362
 20
2.05722
 30
0.0
 11
53.6523
 21
2.23463
 31
0.0
  0
LINE
  5
F68
  8
0
 10
53.6523
 20
2.23463
 30
0.0
 11
53.5861
 21
2.41943
 31
0.0
  0
LINE
  5
F69
  8
0
 10
53.5861
 20
2.41943
 30
0.0
 11
53.5384
 21
2.60983
 31
0.0
  0
LINE
  5
F6A
  8
0
 10
53.5384
 20
2.60983
 30
0.0
 11
53.5096
 21
2.80397
 31
0.0
  0
LINE
  5
F6B
  8
0
 10
53.5096
 20
2.80397
 30
0.0
 11
53.5
 21
3.0
 31
0.0
  0
LINE
  5
F6C
  8
0
 10
53.5
 20
3.0
 30
0.0
 11
53.5096
 21
3.19603
 31
0.0
  0
LINE
  5
F6D
  8
0
 10
53.5096
 20
3.19603
 30
0.0
 11
53.5384
 21
3.39017
 31
0.0
  0
LINE
  5
F6E
  8
0
 10
53.5384
 20
3.39017
 30
0.0
 11
53.5861
 21
3.58057
 31
0.0
  0
LINE
  5
F6F
  8
0
 10
53.5861
 20
3.58057
 30
0.0
 11
53.6523
 21
3.76537
 31
0.0
  0
LINE
  5
F70
  8
0
 10
53.6523
 20
3.76537
 30
0.0
 11
53.7362
 21
3.94278
 31
0.0
  0
LINE
  5
F71
  8
0
 10
53.7362
 20
3.94278
 30
0.0
 11
53.8371
 21
4.11113
 31
0.0
  0
LINE
  5
F72
  8
0
 10
53.8371
 20
4.11113
 30
0.0
 11
53.954
 21
4.26878
 31
0.0
  0
LINE
  5
F73
  8
0
 10
53.954
 20
4.26878
 30
0.0
 11
54.0858
 21
4.4142
 31
0.0
  0
LINE
  5
F74
  8
0
 10
54.0858
 20
4.4142
 30
0.0
 11
54.2312
 21
4.54602
 31
0.0
  0
LINE
  5
F75
  8
0
 10
54.2312
 20
4.54602
 30
0.0
 11
54.3889
 21
4.66293
 31
0.0
  0
LINE
  5
F76
  8
0
 10
54.3889
 20
4.66293
 30
0.0
 11
54.5572
 21
4.76384
 31
0.0
  0
LINE
  5
F77
  8
0
 10
54.5572
 20
4.76384
 30
0.0
 11
54.7346
 21
4.84775
 31
0.0
  0
LINE
  5
F78
  8
0
 10
54.7346
 20
4.84775
 30
0.0
 11
54.9194
 21
4.91388
 31
0.0
  0
LINE
  5
F79
  8
0
 10
54.9194
 20
4.91388
 30
0.0
 11
55.1098
 21
4.96156
 31
0.0
  0
LINE
  5
F7A
  8
0
 10
55.1098
 20
4.96156
 30
0.0
 11
55.304
 21
4.99036
 31
0.0
  0
LINE
  5
F7B
  8
0
 10
55.304
 20
4.99036
 30
0.0
 11
55.5
 21
5.0
 31
0.0
  0
LINE
  5
F7C
  8
0
 10
55.5
 20
5.0
 30
0.0
 11
58.0
 21
5.0
 31
0.0
  0
LINE
  5
F7D
  8
0
 10
58.0
 20
5.0
 30
0.0
 11
58.0
 21
1.0
 31
0.0
  0
LINE
  5
F7E
  8
0
 10
58.0
 20
1.0
 30
0.0
 11
55.5
 21
1.0
 31
0.0
  0
LINE
  5
F7F
  8
0
 10
57.0
 20
4.0
 30
0.0
 11
55.0
 21
4.0
 31
0.0
  0
LINE
  5
F80
  8
0
 10
55.0
 20
4.0
 30
0.0
 11
55.0
 21
2.0
 31
0.0
  0
LINE
  5
F81
  8
0
 10
55.0
 20
2.0
 30
0.0
 11
57.0
 21
2.0
 31
0.0
  0
LINE
  5
F82
  8
0
 10
57.0
 20
2.0
 30
0.0
 11
57.0
 21
4.0
 31
0.0
  0
LINE
  5
F83
  8
0
 10
38.0
 20
1.0
 30
0.0
 11
37.804
 21
1.00964
 31
0.0
  0
LINE
  5
F84
  8
0
 10
37.804
 20
1.00964
 30
0.0
 11
37.6098
 21
1.03844
 31
0.0
  0
LINE
  5
F85
  8
0
 10
37.6098
 20
1.03844
 30
0.0
 11
37.4194
 21
1.08612
 31
0.0
  0
LINE
  5
F86
  8
0
 10
37.4194
 20
1.08612
 30
0.0
 11
37.2346
 21
1.15225
 31
0.0
  0
LINE
  5
F87
  8
0
 10
37.2346
 20
1.15225
 30
0.0
 11
37.0572
 21
1.23616
 31
0.0
  0
LINE
  5
F88
  8
0
 10
37.0572
 20
1.23616
 30
0.0
 11
36.8889
 21
1.33707
 31
0.0
  0
LINE
  5
F89
  8
0
 10
36.8889
 20
1.33707
 30
0.0
 11
36.7312
 21
1.45398
 31
0.0
  0
LINE
  5
F8A
  8
0
 10
36.7312
 20
1.45398
 30
0.0
 11
36.5858
 21
1.5858
 31
0.0
  0
LINE
  5
F8B
  8
0
 10
36.5858
 20
1.5858
 30
0.0
 11
36.454
 21
1.73122
 31
0.0
  0
LINE
  5
F8C
  8
0
 10
36.454
 20
1.73122
 30
0.0
 11
36.3371
 21
1.88887
 31
0.0
  0
LINE
  5
F8D
  8
0
 10
36.3371
 20
1.88887
 30
0.0
 11
36.2362
 21
2.05722
 31
0.0
  0
LINE
  5
F8E
  8
0
 10
36.2362
 20
2.05722
 30
0.0
 11
36.1523
 21
2.23463
 31
0.0
  0
LINE
  5
F8F
  8
0
 10
36.1523
 20
2.23463
 30
0.0
 11
36.0861
 21
2.41943
 31
0.0
  0
LINE
  5
F90
  8
0
 10
36.0861
 20
2.41943
 30
0.0
 11
36.0384
 21
2.60983
 31
0.0
  0
LINE
  5
F91
  8
0
 10
36.0384
 20
2.60983
 30
0.0
 11
36.0096
 21
2.80397
 31
0.0
  0
LINE
  5
F92
  8
0
 10
36.0096
 20
2.80397
 30
0.0
 11
36.0
 21
3.0
 31
0.0
  0
LINE
  5
F93
  8
0
 10
36.0
 20
3.0
 30
0.0
 11
36.0096
 21
3.19603
 31
0.0
  0
LINE
  5
F94
  8
0
 10
36.0096
 20
3.19603
 30
0.0
 11
36.0384
 21
3.39017
 31
0.0
  0
LINE
  5
F95
  8
0
 10
36.0384
 20
3.39017
 30
0.0
 11
36.0861
 21
3.58057
 31
0.0
  0
LINE
  5
F96
  8
0
 10
36.0861
 20
3.58057
 30
0.0
 11
36.1523
 21
3.76537
 31
0.0
  0
LINE
  5
F97
  8
0
 10
36.1523
 20
3.76537
 30
0.0
 11
36.2362
 21
3.94278
 31
0.0
  0
LINE
  5
F98
  8
0
 10
36.2362
 20
3.94278
 30
0.0
 11
36.3371
 21
4.11113
 31
0.0
  0
LINE
  5
F99
  8
0
 10
36.3371
 20
4.11113
 30
0.0
 11
36.454
 21
4.26878
 31
0.0
  0
LINE
  5
F9A
  8
0
 10
36.454
 20
4.26878
 30
0.0
 11
36.5858
 21
4.4142
 31
0.0
  0
LINE
  5
F9B
  8
0
 10
36.5858
 20
4.4142
 30
0.0
 11
36.7312
 21
4.54602
 31
0.0
  0
LINE
  5
F9C
  8
0
 10
36.7312
 20
4.54602
 30
0.0
 11
36.8889
 21
4.66293
 31
0.0
  0
LINE
  5
F9D
  8
0
 10
36.8889
 20
4.66293
 30
0.0
 11
37.0572
 21
4.76384
 31
0.0
  0
LINE
  5
F9E
  8
0
 10
37.0572
 20
4.76384
 30
0.0
 11
37.2346
 21
4.84775
 31
0.0
  0
LINE
  5
F9F
  8
0
 10
37.2346
 20
4.84775
 30
0.0
 11
37.4194
 21
4.91388
 31
0.0
  0
LINE
  5
FA0
  8
0
 10
37.4194
 20
4.91388
 30
0.0
 11
37.6098
 21
4.96156
 31
0.0
  0
LINE
  5
FA1
  8
0
 10
37.6098
 20
4.96156
 30
0.0
 11
37.804
 21
4.99036
 31
0.0
  0
LINE
  5
FA2
  8
0
 10
37.804
 20
4.99036
 30
0.0
 11
38.0
 21
5.0
 31
0.0
  0
LINE
  5
FA3
  8
0
 10
38.0
 20
5.0
 30
0.0
 11
40.5
 21
5.0
 31
0.0
  0
LINE
  5
FA4
  8
0
 10
40.5
 20
5.0
 30
0.0
 11
40.5
 21
1.0
 31
0.0
  0
LINE
  5
FA5
  8
0
 10
40.5
 20
1.0
 30
0.0
 11
38.0
 21
1.0
 31
0.0
  0
LINE
  5
FA6
  8
0
 10
39.5
 20
4.0
 30
0.0
 11
37.5
 21
4.0
 31
0.0
  0
LINE
  5
FA7
  8
0
 10
37.5
 20
4.0
 30
0.0
 11
37.5
 21
2.0
 31
0.0
  0
LINE
  5
FA8
  8
0
 10
37.5
 20
2.0
 30
0.0
 11
39.5
 21
2.0
 31
0.0
  0
LINE
  5
FA9
  8
0
 10
39.5
 20
2.0
 30
0.0
 11
39.5
 21
4.0
 31
0.0
  0
LINE
  5
FAA
  8
0
 10
24.0
 20
1.0
 30
0.0
 11
24.0
 21
5.0
 31
0.0
  0
LINE
  5
FAB
  8
0
 10
24.0
 20
5.0
 30
0.0
 11
26.5
 21
5.0
 31
0.0
  0
LINE
  5
FAC
  8
0
 10
26.5
 20
5.0
 30
0.0
 11
26.696
 21
4.99036
 31
0.0
  0
LINE
  5
FAD
  8
0
 10
26.696
 20
4.99036
 30
0.0
 11
26.8902
 21
4.96156
 31
0.0
  0
LINE
  5
FAE
  8
0
 10
26.8902
 20
4.96156
 30
0.0
 11
27.0806
 21
4.91388
 31
0.0
  0
LINE
  5
FAF
  8
0
 10
27.0806
 20
4.91388
 30
0.0
 11
27.2654
 21
4.84775
 31
0.0
  0
LINE
  5
FB0
  8
0
 10
27.2654
 20
4.84775
 30
0.0
 11
27.4428
 21
4.76384
 31
0.0
  0
LINE
  5
FB1
  8
0
 10
27.4428
 20
4.76384
 30
0.0
 11
27.6111
 21
4.66293
 31
0.0
  0
LINE
  5
FB2
  8
0
 10
27.6111
 20
4.66293
 30
0.0
 11
27.7688
 21
4.54602
 31
0.0
  0
LINE
  5
FB3
  8
0
 10
27.7688
 20
4.54602
 30
0.0
 11
27.9142
 21
4.4142
 31
0.0
  0
LINE
  5
FB4
  8
0
 10
27.9142
 20
4.4142
 30
0.0
 11
28.046
 21
4.26878
 31
0.0
  0
LINE
  5
FB5
  8
0
 10
28.046
 20
4.26878
 30
0.0
 11
28.1629
 21
4.11113
 31
0.0
  0
LINE
  5
FB6
  8
0
 10
28.1629
 20
4.11113
 30
0.0
 11
28.2638
 21
3.94278
 31
0.0
  0
LINE
  5
FB7
  8
0
 10
28.2638
 20
3.94278
 30
0.0
 11
28.3477
 21
3.76537
 31
0.0
  0
LINE
  5
FB8
  8
0
 10
28.3477
 20
3.76537
 30
0.0
 11
28.4139
 21
3.58057
 31
0.0
  0
LINE
  5
FB9
  8
0
 10
28.4139
 20
3.58057
 30
0.0
 11
28.4616
 21
3.39017
 31
0.0
  0
LINE
  5
FBA
  8
0
 10
28.4616
 20
3.39017
 30
0.0
 11
28.4904
 21
3.19603
 31
0.0
  0
LINE
  5
FBB
  8
0
 10
28.4904
 20
3.19603
 30
0.0
 11
28.5
 21
3.0
 31
0.0
  0
LINE
  5
FBC
  8
0
 10
28.5
 20
3.0
 30
0.0
 11
28.4904
 21
2.80397
 31
0.0
  0
LINE
  5
FBD
  8
0
 10
28.4904
 20
2.80397
 30
0.0
 11
28.4616
 21
2.60983
 31
0.0
  0
LINE
  5
FBE
  8
0
 10
28.4616
 20
2.60983
 30
0.0
 11
28.4139
 21
2.41943
 31
0.0
  0
LINE
  5
FBF
  8
0
 10
28.4139
 20
2.41943
 30
0.0
 11
28.3477
 21
2.23463
 31
0.0
  0
LINE
  5
FC0
  8
0
 10
28.3477
 20
2.23463
 30
0.0
 11
28.2638
 21
2.05722
 31
0.0
  0
LINE
  5
FC1
  8
0
 10
28.2638
 20
2.05722
 30
0.0
 11
28.1629
 21
1.88887
 31
0.0
  0
LINE
  5
FC2
  8
0
 10
28.1629
 20
1.88887
 30
0.0
 11
28.046
 21
1.73122
 31
0.0
  0
LINE
  5
FC3
  8
0
 10
28.046
 20
1.73122
 30
0.0
 11
27.9142
 21
1.5858
 31
0.0
  0
LINE
  5
FC4
  8
0
 10
27.9142
 20
1.5858
 30
0.0
 11
27.7688
 21
1.45398
 31
0.0
  0
LINE
  5
FC5
  8
0
 10
27.7688
 20
1.45398
 30
0.0
 11
27.6111
 21
1.33707
 31
0.0
  0
LINE
  5
FC6
  8
0
 10
27.6111
 20
1.33707
 30
0.0
 11
27.4428
 21
1.23616
 31
0.0
  0
LINE
  5
FC7
  8
0
 10
27.4428
 20
1.23616
 30
0.0
 11
27.2654
 21
1.15225
 31
0.0
  0
LINE
  5
FC8
  8
0
 10
27.2654
 20
1.15225
 30
0.0
 11
27.0806
 21
1.08612
 31
0.0
  0
LINE
  5
FC9
  8
0
 10
27.0806
 20
1.08612
 30
0.0
 11
26.8902
 21
1.03844
 31
0.0
  0
LINE
  5
FCA
  8
0
 10
26.8902
 20
1.03844
 30
0.0
 11
26.696
 21
1.00964
 31
0.0
  0
LINE
  5
FCB
  8
0
 10
26.696
 20
1.00964
 30
0.0
 11
26.5
 21
1.0
 31
0.0
  0
LINE
  5
FCC
  8
0
 10
26.5
 20
1.0
 30
0.0
 11
24.0
 21
1.0
 31
0.0
  0
LINE
  5
FCD
  8
0
 10
27.0
 20
4.0
 30
0.0
 11
25.0
 21
4.0
 31
0.0
  0
LINE
  5
FCE
  8
0
 10
25.0
 20
4.0
 30
0.0
 11
25.0
 21
2.0
 31
0.0
  0
LINE
  5
FCF
  8
0
 10
25.0
 20
2.0
 30
0.0
 11
27.0
 21
2.0
 31
0.0
  0
LINE
  5
FD0
  8
0
 10
27.0
 20
2.0
 30
0.0
 11
27.0
 21
4.0
 31
0.0
  0
LINE
  5
FD1
  8
0
 10
6.5
 20
1.0
 30
0.0
 11
6.5
 21
5.0
 31
0.0
  0
LINE
  5
FD2
  8
0
 10
6.5
 20
5.0
 30
0.0
 11
9.0
 21
5.0
 31
0.0
  0
LINE
  5
FD3
  8
0
 10
9.0
 20
5.0
 30
0.0
 11
9.19603
 21
4.99036
 31
0.0
  0
LINE
  5
FD4
  8
0
 10
9.19603
 20
4.99036
 30
0.0
 11
9.39017
 21
4.96156
 31
0.0
  0
LINE
  5
FD5
  8
0
 10
9.39017
 20
4.96156
 30
0.0
 11
9.58057
 21
4.91388
 31
0.0
  0
LINE
  5
FD6
  8
0
 10
9.58057
 20
4.91388
 30
0.0
 11
9.76537
 21
4.84775
 31
0.0
  0
LINE
  5
FD7
  8
0
 10
9.76537
 20
4.84775
 30
0.0
 11
9.94278
 21
4.76384
 31
0.0
  0
LINE
  5
FD8
  8
0
 10
9.94278
 20
4.76384
 30
0.0
 11
10.1111
 21
4.66293
 31
0.0
  0
LINE
  5
FD9
  8
0
 10
10.1111
 20
4.66293
 30
0.0
 11
10.2688
 21
4.54602
 31
0.0
  0
LINE
  5
FDA
  8
0
 10
10.2688
 20
4.54602
 30
0.0
 11
10.4142
 21
4.4142
 31
0.0
  0
LINE
  5
FDB
  8
0
 10
10.4142
 20
4.4142
 30
0.0
 11
10.546
 21
4.26878
 31
0.0
  0
LINE
  5
FDC
  8
0
 10
10.546
 20
4.26878
 30
0.0
 11
10.6629
 21
4.11113
 31
0.0
  0
LINE
  5
FDD
  8
0
 10
10.6629
 20
4.11113
 30
0.0
 11
10.7638
 21
3.94278
 31
0.0
  0
LINE
  5
FDE
  8
0
 10
10.7638
 20
3.94278
 30
0.0
 11
10.8477
 21
3.76537
 31
0.0
  0
LINE
  5
FDF
  8
0
 10
10.8477
 20
3.76537
 30
0.0
 11
10.9139
 21
3.58057
 31
0.0
  0
LINE
  5
FE0
  8
0
 10
10.9139
 20
3.58057
 30
0.0
 11
10.9616
 21
3.39017
 31
0.0
  0
LINE
  5
FE1
  8
0
 10
10.9616
 20
3.39017
 30
0.0
 11
10.9904
 21
3.19603
 31
0.0
  0
LINE
  5
FE2
  8
0
 10
10.9904
 20
3.19603
 30
0.0
 11
11.0
 21
3.0
 31
0.0
  0
LINE
  5
FE3
  8
0
 10
11.0
 20
3.0
 30
0.0
 11
10.9904
 21
2.80397
 31
0.0
  0
LINE
  5
FE4
  8
0
 10
10.9904
 20
2.80397
 30
0.0
 11
10.9616
 21
2.60983
 31
0.0
  0
LINE
  5
FE5
  8
0
 10
10.9616
 20
2.60983
 30
0.0
 11
10.9139
 21
2.41943
 31
0.0
  0
LINE
  5
FE6
  8
0
 10
10.9139
 20
2.41943
 30
0.0
 11
10.8477
 21
2.23463
 31
0.0
  0
LINE
  5
FE7
  8
0
 10
10.8477
 20
2.23463
 30
0.0
 11
10.7638
 21
2.05722
 31
0.0
  0
LINE
  5
FE8
  8
0
 10
10.7638
 20
2.05722
 30
0.0
 11
10.6629
 21
1.88887
 31
0.0
  0
LINE
  5
FE9
  8
0
 10
10.6629
 20
1.88887
 30
0.0
 11
10.546
 21
1.73122
 31
0.0
  0
LINE
  5
FEA
  8
0
 10
10.546
 20
1.73122
 30
0.0
 11
10.4142
 21
1.5858
 31
0.0
  0
LINE
  5
FEB
  8
0
 10
10.4142
 20
1.5858
 30
0.0
 11
10.2688
 21
1.45398
 31
0.0
  0
LINE
  5
FEC
  8
0
 10
10.2688
 20
1.45398
 30
0.0
 11
10.1111
 21
1.33707
 31
0.0
  0
LINE
  5
FED
  8
0
 10
10.1111
 20
1.33707
 30
0.0
 11
9.94278
 21
1.23616
 31
0.0
  0
LINE
  5
FEE
  8
0
 10
9.94278
 20
1.23616
 30
0.0
 11
9.76537
 21
1.15225
 31
0.0
  0
LINE
  5
FEF
  8
0
 10
9.76537
 20
1.15225
 30
0.0
 11
9.58057
 21
1.08612
 31
0.0
  0
LINE
  5
FF0
  8
0
 10
9.58057
 20
1.08612
 30
0.0
 11
9.39017
 21
1.03844
 31
0.0
  0
LINE
  5
FF1
  8
0
 10
9.39017
 20
1.03844
 30
0.0
 11
9.19603
 21
1.00964
 31
0.0
  0
LINE
  5
FF2
  8
0
 10
9.19603
 20
1.00964
 30
0.0
 11
9.0
 21
1.0
 31
0.0
  0
LINE
  5
FF3
  8
0
 10
9.0
 20
1.0
 30
0.0
 11
6.5
 21
1.0
 31
0.0
  0
LINE
  5
FF4
  8
0
 10
9.5
 20
4.0
 30
0.0
 11
7.5
 21
4.0
 31
0.0
  0
LINE
  5
FF5
  8
0
 10
7.5
 20
4.0
 30
0.0
 11
7.5
 21
2.0
 31
0.0
  0
LINE
  5
FF6
  8
0
 10
7.5
 20
2.0
 30
0.0
 11
9.5
 21
2.0
 31
0.0
  0
LINE
  5
FF7
  8
0
 10
9.5
 20
2.0
 30
0.0
 11
9.5
 21
4.0
 31
0.0
  0
LINE
  5
FF8
  8
0
 10
3.0
 20
1.0
 30
0.0
 11
2.80397
 21
1.00964
 31
0.0
  0
LINE
  5
FF9
  8
0
 10
2.80397
 20
1.00964
 30
0.0
 11
2.60983
 21
1.03844
 31
0.0
  0
LINE
  5
FFA
  8
0
 10
2.60983
 20
1.03844
 30
0.0
 11
2.41943
 21
1.08612
 31
0.0
  0
LINE
  5
FFB
  8
0
 10
2.41943
 20
1.08612
 30
0.0
 11
2.23463
 21
1.15225
 31
0.0
  0
LINE
  5
FFC
  8
0
 10
2.23463
 20
1.15225
 30
0.0
 11
2.05722
 21
1.23616
 31
0.0
  0
LINE
  5
FFD
  8
0
 10
2.05722
 20
1.23616
 30
0.0
 11
1.88887
 21
1.33707
 31
0.0
  0
LINE
  5
FFE
  8
0
 10
1.88887
 20
1.33707
 30
0.0
 11
1.73122
 21
1.45398
 31
0.0
  0
LINE
  5
FFF
  8
0
 10
1.73122
 20
1.45398
 30
0.0
 11
1.5858
 21
1.5858
 31
0.0
  0
LINE
  5
1000
  8
0
 10
1.5858
 20
1.5858
 30
0.0
 11
1.45398
 21
1.73122
 31
0.0
  0
LINE
  5
1001
  8
0
 10
1.45398
 20
1.73122
 30
0.0
 11
1.33707
 21
1.88887
 31
0.0
  0
LINE
  5
1002
  8
0
 10
1.33707
 20
1.88887
 30
0.0
 11
1.23616
 21
2.05722
 31
0.0
  0
LINE
  5
1003
  8
0
 10
1.23616
 20
2.05722
 30
0.0
 11
1.15225
 21
2.23463
 31
0.0
  0
LINE
  5
1004
  8
0
 10
1.15225
 20
2.23463
 30
0.0
 11
1.08612
 21
2.41943
 31
0.0
  0
LINE
  5
1005
  8
0
 10
1.08612
 20
2.41943
 30
0.0
 11
1.03844
 21
2.60983
 31
0.0
  0
LINE
  5
1006
  8
0
 10
1.03844
 20
2.60983
 30
0.0
 11
1.00964
 21
2.80397
 31
0.0
  0
LINE
  5
1007
  8
0
 10
1.00964
 20
2.80397
 30
0.0
 11
1.0
 21
3.0
 31
0.0
  0
LINE
  5
1008
  8
0
 10
1.0
 20
3.0
 30
0.0
 11
1.00964
 21
3.19603
 31
0.0
  0
LINE
  5
1009
  8
0
 10
1.00964
 20
3.19603
 30
0.0
 11
1.03844
 21
3.39017
 31
0.0
  0
LINE
  5
100A
  8
0
 10
1.03844
 20
3.39017
 30
0.0
 11
1.08612
 21
3.58057
 31
0.0
  0
LINE
  5
100B
  8
0
 10
1.08612
 20
3.58057
 30
0.0
 11
1.15225
 21
3.76537
 31
0.0
  0
LINE
  5
100C
  8
0
 10
1.15225
 20
3.76537
 30
0.0
 11
1.23616
 21
3.94278
 31
0.0
  0
LINE
  5
100D
  8
0
 10
1.23616
 20
3.94278
 30
0.0
 11
1.33707
 21
4.11113
 31
0.0
  0
LINE
  5
100E
  8
0
 10
1.33707
 20
4.11113
 30
0.0
 11
1.45398
 21
4.26878
 31
0.0
  0
LINE
  5
100F
  8
0
 10
1.45398
 20
4.26878
 30
0.0
 11
1.5858
 21
4.4142
 31
0.0
  0
LINE
  5
1010
  8
0
 10
1.5858
 20
4.4142
 30
0.0
 11
1.73122
 21
4.54602
 31
0.0
  0
LINE
  5
1011
  8
0
 10
1.73122
 20
4.54602
 30
0.0
 11
1.88887
 21
4.66293
 31
0.0
  0
LINE
  5
1012
  8
0
 10
1.88887
 20
4.66293
 30
0.0
 11
2.05722
 21
4.76384
 31
0.0
  0
LINE
  5
1013
  8
0
 10
2.05722
 20
4.76384
 30
0.0
 11
2.23463
 21
4.84775
 31
0.0
  0
LINE
  5
1014
  8
0
 10
2.23463
 20
4.84775
 30
0.0
 11
2.41943
 21
4.91388
 31
0.0
  0
LINE
  5
1015
  8
0
 10
2.41943
 20
4.91388
 30
0.0
 11
2.60983
 21
4.96156
 31
0.0
  0
LINE
  5
1016
  8
0
 10
2.60983
 20
4.96156
 30
0.0
 11
2.80397
 21
4.99036
 31
0.0
  0
LINE
  5
1017
  8
0
 10
2.80397
 20
4.99036
 30
0.0
 11
3.0
 21
5.0
 31
0.0
  0
LINE
  5
1018
  8
0
 10
3.0
 20
5.0
 30
0.0
 11
5.5
 21
5.0
 31
0.0
  0
LINE
  5
1019
  8
0
 10
5.5
 20
5.0
 30
0.0
 11
5.5
 21
1.0
 31
0.0
  0
LINE
  5
101A
  8
0
 10
5.5
 20
1.0
 30
0.0
 11
3.0
 21
1.0
 31
0.0
  0
LINE
  5
101B
  8
0
 10
4.5
 20
4.0
 30
0.0
 11
2.5
 21
4.0
 31
0.0
  0
LINE
  5
101C
  8
0
 10
2.5
 20
4.0
 30
0.0
 11
2.5
 21
2.0
 31
0.0
  0
LINE
  5
101D
  8
0
 10
2.5
 20
2.0
 30
0.0
 11
4.5
 21
2.0
 31
0.0
  0
LINE
  5
101E
  8
0
 10
4.5
 20
2.0
 30
0.0
 11
4.5
 21
4.0
 31
0.0
  0
LINE
  5
101F
  8
0
 10
20.5
 20
1.0
 30
0.0
 11
20.304
 21
1.00964
 31
0.0
  0
LINE
  5
1020
  8
0
 10
20.304
 20
1.00964
 30
0.0
 11
20.1098
 21
1.03844
 31
0.0
  0
LINE
  5
1021
  8
0
 10
20.1098
 20
1.03844
 30
0.0
 11
19.9194
 21
1.08612
 31
0.0
  0
LINE
  5
1022
  8
0
 10
19.9194
 20
1.08612
 30
0.0
 11
19.7346
 21
1.15225
 31
0.0
  0
LINE
  5
1023
  8
0
 10
19.7346
 20
1.15225
 30
0.0
 11
19.5572
 21
1.23616
 31
0.0
  0
LINE
  5
1024
  8
0
 10
19.5572
 20
1.23616
 30
0.0
 11
19.3889
 21
1.33707
 31
0.0
  0
LINE
  5
1025
  8
0
 10
19.3889
 20
1.33707
 30
0.0
 11
19.2312
 21
1.45398
 31
0.0
  0
LINE
  5
1026
  8
0
 10
19.2312
 20
1.45398
 30
0.0
 11
19.0858
 21
1.5858
 31
0.0
  0
LINE
  5
1027
  8
0
 10
19.0858
 20
1.5858
 30
0.0
 11
18.954
 21
1.73122
 31
0.0
  0
LINE
  5
1028
  8
0
 10
18.954
 20
1.73122
 30
0.0
 11
18.8371
 21
1.88887
 31
0.0
  0
LINE
  5
1029
  8
0
 10
18.8371
 20
1.88887
 30
0.0
 11
18.7362
 21
2.05722
 31
0.0
  0
LINE
  5
102A
  8
0
 10
18.7362
 20
2.05722
 30
0.0
 11
18.6523
 21
2.23463
 31
0.0
  0
LINE
  5
102B
  8
0
 10
18.6523
 20
2.23463
 30
0.0
 11
18.5861
 21
2.41943
 31
0.0
  0
LINE
  5
102C
  8
0
 10
18.5861
 20
2.41943
 30
0.0
 11
18.5384
 21
2.60983
 31
0.0
  0
LINE
  5
102D
  8
0
 10
18.5384
 20
2.60983
 30
0.0
 11
18.5096
 21
2.80397
 31
0.0
  0
LINE
  5
102E
  8
0
 10
18.5096
 20
2.80397
 30
0.0
 11
18.5
 21
3.0
 31
0.0
  0
LINE
  5
102F
  8
0
 10
18.5
 20
3.0
 30
0.0
 11
18.5096
 21
3.19603
 31
0.0
  0
LINE
  5
1030
  8
0
 10
18.5096
 20
3.19603
 30
0.0
 11
18.5384
 21
3.39017
 31
0.0
  0
LINE
  5
1031
  8
0
 10
18.5384
 20
3.39017
 30
0.0
 11
18.5861
 21
3.58057
 31
0.0
  0
LINE
  5
1032
  8
0
 10
18.5861
 20
3.58057
 30
0.0
 11
18.6523
 21
3.76537
 31
0.0
  0
LINE
  5
1033
  8
0
 10
18.6523
 20
3.76537
 30
0.0
 11
18.7362
 21
3.94278
 31
0.0
  0
LINE
  5
1034
  8
0
 10
18.7362
 20
3.94278
 30
0.0
 11
18.8371
 21
4.11113
 31
0.0
  0
LINE
  5
1035
  8
0
 10
18.8371
 20
4.11113
 30
0.0
 11
18.954
 21
4.26878
 31
0.0
  0
LINE
  5
1036
  8
0
 10
18.954
 20
4.26878
 30
0.0
 11
19.0858
 21
4.4142
 31
0.0
  0
LINE
  5
1037
  8
0
 10
19.0858
 20
4.4142
 30
0.0
 11
19.2312
 21
4.54602
 31
0.0
  0
LINE
  5
1038
  8
0
 10
19.2312
 20
4.54602
 30
0.0
 11
19.3889
 21
4.66293
 31
0.0
  0
LINE
  5
1039
  8
0
 10
19.3889
 20
4.66293
 30
0.0
 11
19.5572
 21
4.76384
 31
0.0
  0
LINE
  5
103A
  8
0
 10
19.5572
 20
4.76384
 30
0.0
 11
19.7346
 21
4.84775
 31
0.0
  0
LINE
  5
103B
  8
0
 10
19.7346
 20
4.84775
 30
0.0
 11
19.9194
 21
4.91388
 31
0.0
  0
LINE
  5
103C
  8
0
 10
19.9194
 20
4.91388
 30
0.0
 11
20.1098
 21
4.96156
 31
0.0
  0
LINE
  5
103D
  8
0
 10
20.1098
 20
4.96156
 30
0.0
 11
20.304
 21
4.99036
 31
0.0
  0
LINE
  5
103E
  8
0
 10
20.304
 20
4.99036
 30
0.0
 11
20.5
 21
5.0
 31
0.0
  0
LINE
  5
103F
  8
0
 10
20.5
 20
5.0
 30
0.0
 11
23.0
 21
5.0
 31
0.0
  0
LINE
  5
1040
  8
0
 10
23.0
 20
5.0
 30
0.0
 11
23.0
 21
1.0
 31
0.0
  0
LINE
  5
1041
  8
0
 10
23.0
 20
1.0
 30
0.0
 11
20.5
 21
1.0
 31
0.0
  0
LINE
  5
1042
  8
0
 10
22.0
 20
4.0
 30
0.0
 11
20.0
 21
4.0
 31
0.0
  0
LINE
  5
1043
  8
0
 10
20.0
 20
4.0
 30
0.0
 11
20.0
 21
2.0
 31
0.0
  0
LINE
  5
1044
  8
0
 10
20.0
 20
2.0
 30
0.0
 11
22.0
 21
2.0
 31
0.0
  0
LINE
  5
1045
  8
0
 10
22.0
 20
2.0
 30
0.0
 11
22.0
 21
4.0
 31
0.0
  0
LINE
  5
1046
  8
0
 10
41.5
 20
1.0
 30
0.0
 11
41.5
 21
5.0
 31
0.0
  0
LINE
  5
1047
  8
0
 10
41.5
 20
5.0
 30
0.0
 11
44.0
 21
5.0
 31
0.0
  0
LINE
  5
1048
  8
0
 10
44.0
 20
5.0
 30
0.0
 11
44.196
 21
4.99036
 31
0.0
  0
LINE
  5
1049
  8
0
 10
44.196
 20
4.99036
 30
0.0
 11
44.3902
 21
4.96156
 31
0.0
  0
LINE
  5
104A
  8
0
 10
44.3902
 20
4.96156
 30
0.0
 11
44.5806
 21
4.91388
 31
0.0
  0
LINE
  5
104B
  8
0
 10
44.5806
 20
4.91388
 30
0.0
 11
44.7654
 21
4.84775
 31
0.0
  0
LINE
  5
104C
  8
0
 10
44.7654
 20
4.84775
 30
0.0
 11
44.9428
 21
4.76384
 31
0.0
  0
LINE
  5
104D
  8
0
 10
44.9428
 20
4.76384
 30
0.0
 11
45.1111
 21
4.66293
 31
0.0
  0
LINE
  5
104E
  8
0
 10
45.1111
 20
4.66293
 30
0.0
 11
45.2688
 21
4.54602
 31
0.0
  0
LINE
  5
104F
  8
0
 10
45.2688
 20
4.54602
 30
0.0
 11
45.4142
 21
4.4142
 31
0.0
  0
LINE
  5
1050
  8
0
 10
45.4142
 20
4.4142
 30
0.0
 11
45.546
 21
4.26878
 31
0.0
  0
LINE
  5
1051
  8
0
 10
45.546
 20
4.26878
 30
0.0
 11
45.6629
 21
4.11113
 31
0.0
  0
LINE
  5
1052
  8
0
 10
45.6629
 20
4.11113
 30
0.0
 11
45.7638
 21
3.94278
 31
0.0
  0
LINE
  5
1053
  8
0
 10
45.7638
 20
3.94278
 30
0.0
 11
45.8477
 21
3.76537
 31
0.0
  0
LINE
  5
1054
  8
0
 10
45.8477
 20
3.76537
 30
0.0
 11
45.9139
 21
3.58057
 31
0.0
  0
LINE
  5
1055
  8
0
 10
45.9139
 20
3.58057
 30
0.0
 11
45.9616
 21
3.39017
 31
0.0
  0
LINE
  5
1056
  8
0
 10
45.9616
 20
3.39017
 30
0.0
 11
45.9904
 21
3.19603
 31
0.0
  0
LINE
  5
1057
  8
0
 10
45.9904
 20
3.19603
 30
0.0
 11
46.0
 21
3.0
 31
0.0
  0
LINE
  5
1058
  8
0
 10
46.0
 20
3.0
 30
0.0
 11
45.9904
 21
2.80397
 31
0.0
  0
LINE
  5
1059
  8
0
 10
45.9904
 20
2.80397
 30
0.0
 11
45.9616
 21
2.60983
 31
0.0
  0
LINE
  5
105A
  8
0
 10
45.9616
 20
2.60983
 30
0.0
 11
45.9139
 21
2.41943
 31
0.0
  0
LINE
  5
105B
  8
0
 10
45.9139
 20
2.41943
 30
0.0
 11
45.8477
 21
2.23463
 31
0.0
  0
LINE
  5
105C
  8
0
 10
45.8477
 20
2.23463
 30
0.0
 11
45.7638
 21
2.05722
 31
0.0
  0
LINE
  5
105D
  8
0
 10
45.7638
 20
2.05722
 30
0.0
 11
45.6629
 21
1.88887
 31
0.0
  0
LINE
  5
105E
  8
0
 10
45.6629
 20
1.88887
 30
0.0
 11
45.546
 21
1.73122
 31
0.0
  0
LINE
  5
105F
  8
0
 10
45.546
 20
1.73122
 30
0.0
 11
45.4142
 21
1.5858
 31
0.0
  0
LINE
  5
1060
  8
0
 10
45.4142
 20
1.5858
 30
0.0
 11
45.2688
 21
1.45398
 31
0.0
  0
LINE
  5
1061
  8
0
 10
45.2688
 20
1.45398
 30
0.0
 11
45.1111
 21
1.33707
 31
0.0
  0
LINE
  5
1062
  8
0
 10
45.1111
 20
1.33707
 30
0.0
 11
44.9428
 21
1.23616
 31
0.0
  0
LINE
  5
1063
  8
0
 10
44.9428
 20
1.23616
 30
0.0
 11
44.7654
 21
1.15225
 31
0.0
  0
LINE
  5
1064
  8
0
 10
44.7654
 20
1.15225
 30
0.0
 11
44.5806
 21
1.08612
 31
0.0
  0
LINE
  5
1065
  8
0
 10
44.5806
 20
1.08612
 30
0.0
 11
44.3902
 21
1.03844
 31
0.0
  0
LINE
  5
1066
  8
0
 10
44.3902
 20
1.03844
 30
0.0
 11
44.196
 21
1.00964
 31
0.0
  0
LINE
  5
1067
  8
0
 10
44.196
 20
1.00964
 30
0.0
 11
44.0
 21
1.0
 31
0.0
  0
LINE
  5
1068
  8
0
 10
44.0
 20
1.0
 30
0.0
 11
41.5
 21
1.0
 31
0.0
  0
LINE
  5
1069
  8
0
 10
44.5
 20
4.0
 30
0.0
 11
42.5
 21
4.0
 31
0.0
  0
LINE
  5
106A
  8
0
 10
42.5
 20
4.0
 30
0.0
 11
42.5
 21
2.0
 31
0.0
  0
LINE
  5
106B
  8
0
 10
42.5
 20
2.0
 30
0.0
 11
44.5
 21
2.0
 31
0.0
  0
LINE
  5
106C
  8
0
 10
44.5
 20
2.0
 30
0.0
 11
44.5
 21
4.0
 31
0.0
  0
LINE
  5
106D
  8
0
 10
31.375
 20
-7.9375
 30
0.0
 11
31.375
 21
-7.875
 31
0.0
  0
LINE
  5
106E
  8
0
 10
31.375
 20
-7.875
 30
0.0
 11
32.125
 21
-7.875
 31
0.0
  0
LINE
  5
106F
  8
0
 10
32.125
 20
-7.875
 30
0.0
 11
32.125
 21
-7.125
 31
0.0
  0
LINE
  5
1070
  8
0
 10
32.125
 20
-7.125
 30
0.0
 11
32.1875
 21
-7.125
 31
0.0
  0
LINE
  5
1071
  8
0
 10
32.1875
 20
-7.125
 30
0.0
 11
32.1875
 21
-7.9375
 31
0.0
  0
LINE
  5
1072
  8
0
 10
32.1875
 20
-7.9375
 30
0.0
 11
31.375
 21
-7.9375
 31
0.0
  0
LINE
  5
1073
  8
0
 10
32.3125
 20
-7.9375
 30
0.0
 11
32.3125
 21
-7.125
 31
0.0
  0
LINE
  5
1074
  8
0
 10
32.3125
 20
-7.125
 30
0.0
 11
32.375
 21
-7.125
 31
0.0
  0
LINE
  5
1075
  8
0
 10
32.375
 20
-7.125
 30
0.0
 11
32.375
 21
-7.875
 31
0.0
  0
LINE
  5
1076
  8
0
 10
32.375
 20
-7.875
 30
0.0
 11
33.125
 21
-7.875
 31
0.0
  0
LINE
  5
1077
  8
0
 10
33.125
 20
-7.875
 30
0.0
 11
33.125
 21
-7.9375
 31
0.0
  0
LINE
  5
1078
  8
0
 10
33.125
 20
-7.9375
 30
0.0
 11
32.3125
 21
-7.9375
 31
0.0
  0
LINE
  5
1079
  8
0
 10
32.3125
 20
-8.875
 30
0.0
 11
32.3125
 21
-8.0625
 31
0.0
  0
LINE
  5
107A
  8
0
 10
32.3125
 20
-8.0625
 30
0.0
 11
33.125
 21
-8.0625
 31
0.0
  0
LINE
  5
107B
  8
0
 10
33.125
 20
-8.0625
 30
0.0
 11
33.125
 21
-8.125
 31
0.0
  0
LINE
  5
107C
  8
0
 10
33.125
 20
-8.125
 30
0.0
 11
32.375
 21
-8.125
 31
0.0
  0
LINE
  5
107D
  8
0
 10
32.375
 20
-8.125
 30
0.0
 11
32.375
 21
-8.875
 31
0.0
  0
LINE
  5
107E
  8
0
 10
32.375
 20
-8.875
 30
0.0
 11
32.3125
 21
-8.875
 31
0.0
  0
LINE
  5
107F
  8
0
 10
32.125
 20
-8.875
 30
0.0
 11
32.125
 21
-8.125
 31
0.0
  0
LINE
  5
1080
  8
0
 10
32.125
 20
-8.125
 30
0.0
 11
31.375
 21
-8.125
 31
0.0
  0
LINE
  5
1081
  8
0
 10
31.375
 20
-8.125
 30
0.0
 11
31.375
 21
-8.0625
 31
0.0
  0
LINE
  5
1082
  8
0
 10
31.375
 20
-8.0625
 30
0.0
 11
32.1875
 21
-8.0625
 31
0.0
  0
LINE
  5
1083
  8
0
 10
32.1875
 20
-8.0625
 30
0.0
 11
32.1875
 21
-8.875
 31
0.0
  0
LINE
  5
1084
  8
0
 10
32.1875
 20
-8.875
 30
0.0
 11
32.125
 21
-8.875
 31
0.0
  0
ENDSEC
  0
EOF
