  0
SECTION
  2
BLOCKS
  0
ENDSEC
  0
SECTION
  2
ENTITIES
  0
LINE
  8
0
 10
44.1388
 20
-47.6942
 11
45.0774
 21
-47.677
  0
LINE
  8
0
 10
45.0774
 20
-47.677
 11
46.0157
 21
-47.6482
  0
LINE
  8
0
 10
46.0157
 20
-47.6482
 11
46.9537
 21
-47.6078
  0
LINE
  8
0
 10
46.9537
 20
-47.6078
 11
47.891
 21
-47.556
  0
LINE
  8
0
 10
47.891
 20
-47.556
 11
48.8277
 21
-47.4927
  0
LINE
  8
0
 10
48.8277
 20
-47.4927
 11
49.7635
 21
-47.4179
  0
LINE
  8
0
 10
49.7635
 20
-47.4179
 11
50.6983
 21
-47.3316
  0
LINE
  8
0
 10
50.6983
 20
-47.3316
 11
51.632
 21
-47.2339
  0
LINE
  8
0
 10
51.632
 20
-47.2339
 11
52.5644
 21
-47.1247
  0
LINE
  8
0
 10
52.5644
 20
-47.1247
 11
53.4954
 21
-47.004
  0
LINE
  8
0
 10
53.4954
 20
-47.004
 11
54.4249
 21
-46.872
  0
LINE
  8
0
 10
54.4249
 20
-46.872
 11
55.3526
 21
-46.7285
  0
LINE
  8
0
 10
55.3526
 20
-46.7285
 11
56.2786
 21
-46.5737
  0
LINE
  8
0
 10
56.2786
 20
-46.5737
 11
57.2025
 21
-46.4076
  0
LINE
  8
0
 10
57.2025
 20
-46.4076
 11
58.1244
 21
-46.2301
  0
LINE
  8
0
 10
58.1244
 20
-46.2301
 11
59.044
 21
-46.0413
  0
LINE
  8
0
 10
59.044
 20
-46.0413
 11
59.9612
 21
-45.8412
  0
LINE
  8
0
 10
59.9612
 20
-45.8412
 11
60.8759
 21
-45.6299
  0
LINE
  8
0
 10
60.8759
 20
-45.6299
 11
61.788
 21
-45.4074
  0
LINE
  8
0
 10
61.788
 20
-45.4074
 11
62.6972
 21
-45.1737
  0
LINE
  8
0
 10
62.6972
 20
-45.1737
 11
63.6035
 21
-44.9289
  0
LINE
  8
0
 10
63.6035
 20
-44.9289
 11
64.5067
 21
-44.6729
  0
LINE
  8
0
 10
64.5067
 20
-44.6729
 11
65.4068
 21
-44.4059
  0
LINE
  8
0
 10
65.4068
 20
-44.4059
 11
66.3035
 21
-44.1279
  0
LINE
  8
0
 10
66.3035
 20
-44.1279
 11
67.1966
 21
-43.8389
  0
LINE
  8
0
 10
67.1966
 20
-43.8389
 11
68.0862
 21
-43.539
  0
LINE
  8
0
 10
68.0862
 20
-43.539
 11
68.9721
 21
-43.2281
  0
LINE
  8
0
 10
68.9721
 20
-43.2281
 11
69.854
 21
-42.9064
  0
LINE
  8
0
 10
69.854
 20
-42.9064
 11
70.732
 21
-42.5739
  0
LINE
  8
0
 10
70.732
 20
-42.5739
 11
71.6058
 21
-42.2307
  0
LINE
  8
0
 10
71.6058
 20
-42.2307
 11
72.4753
 21
-41.8768
  0
LINE
  8
0
 10
72.4753
 20
-41.8768
 11
73.3404
 21
-41.5122
  0
LINE
  8
0
 10
73.3404
 20
-41.5122
 11
74.201
 21
-41.137
  0
LINE
  8
0
 10
74.201
 20
-41.137
 11
75.0569
 21
-40.7513
  0
LINE
  8
0
 10
75.0569
 20
-40.7513
 11
75.908
 21
-40.3552
  0
LINE
  8
0
 10
75.908
 20
-40.3552
 11
76.7541
 21
-39.9486
  0
LINE
  8
0
 10
76.7541
 20
-39.9486
 11
77.5953
 21
-39.5316
  0
LINE
  8
0
 10
77.5953
 20
-39.5316
 11
78.4312
 21
-39.1044
  0
LINE
  8
0
 10
78.4312
 20
-39.1044
 11
79.2618
 21
-38.667
  0
LINE
  8
0
 10
79.2618
 20
-38.667
 11
80.0871
 21
-38.2194
  0
LINE
  8
0
 10
80.0871
 20
-38.2194
 11
80.9067
 21
-37.7616
  0
LINE
  8
0
 10
80.9067
 20
-37.7616
 11
81.7207
 21
-37.2939
  0
LINE
  8
0
 10
81.7207
 20
-37.2939
 11
82.5289
 21
-36.8162
  0
LINE
  8
0
 10
82.5289
 20
-36.8162
 11
83.3311
 21
-36.3287
  0
LINE
  8
0
 10
83.3311
 20
-36.3287
 11
84.1273
 21
-35.8313
  0
LINE
  8
0
 10
84.1273
 20
-35.8313
 11
84.9174
 21
-35.3242
  0
LINE
  8
0
 10
84.9174
 20
-35.3242
 11
85.7011
 21
-34.8074
  0
LINE
  8
0
 10
85.7011
 20
-34.8074
 11
86.4785
 21
-34.2811
  0
LINE
  8
0
 10
86.4785
 20
-34.2811
 11
87.2493
 21
-33.7452
  0
LINE
  8
0
 10
87.2493
 20
-33.7452
 11
88.0135
 21
-33.2
  0
LINE
  8
0
 10
88.0135
 20
-33.2
 11
88.771
 21
-32.6454
  0
LINE
  8
0
 10
88.771
 20
-32.6454
 11
89.5216
 21
-32.0815
  0
LINE
  8
0
 10
89.5216
 20
-32.0815
 11
90.2652
 21
-31.5085
  0
LINE
  8
0
 10
90.2652
 20
-31.5085
 11
91.0017
 21
-30.9264
  0
LINE
  8
0
 10
91.0017
 20
-30.9264
 11
91.7311
 21
-30.3353
  0
LINE
  8
0
 10
91.7311
 20
-30.3353
 11
92.4531
 21
-29.7353
  0
LINE
  8
0
 10
92.4531
 20
-29.7353
 11
93.1677
 21
-29.1265
  0
LINE
  8
0
 10
93.1677
 20
-29.1265
 11
93.8748
 21
-28.5089
  0
LINE
  8
0
 10
93.8748
 20
-28.5089
 11
94.5742
 21
-27.8828
  0
LINE
  8
0
 10
94.5742
 20
-27.8828
 11
95.266
 21
-27.248
  0
LINE
  8
0
 10
95.266
 20
-27.248
 11
95.9498
 21
-26.6049
  0
LINE
  8
0
 10
95.9498
 20
-26.6049
 11
96.6258
 21
-25.9534
  0
LINE
  8
0
 10
96.6258
 20
-25.9534
 11
97.2937
 21
-25.2937
  0
LINE
  8
0
 10
97.2937
 20
-25.2937
 11
97.9534
 21
-24.6258
  0
LINE
  8
0
 10
97.9534
 20
-24.6258
 11
98.6049
 21
-23.9498
  0
LINE
  8
0
 10
98.6049
 20
-23.9498
 11
99.248
 21
-23.266
  0
LINE
  8
0
 10
99.248
 20
-23.266
 11
99.8828
 21
-22.5742
  0
LINE
  8
0
 10
99.8828
 20
-22.5742
 11
100.509
 21
-21.8748
  0
LINE
  8
0
 10
100.509
 20
-21.8748
 11
101.126
 21
-21.1677
  0
LINE
  8
0
 10
101.126
 20
-21.1677
 11
101.735
 21
-20.4531
  0
LINE
  8
0
 10
101.735
 20
-20.4531
 11
102.335
 21
-19.7311
  0
LINE
  8
0
 10
102.335
 20
-19.7311
 11
102.926
 21
-19.0017
  0
LINE
  8
0
 10
102.926
 20
-19.0017
 11
103.508
 21
-18.2652
  0
LINE
  8
0
 10
103.508
 20
-18.2652
 11
104.082
 21
-17.5216
  0
LINE
  8
0
 10
104.082
 20
-17.5216
 11
104.645
 21
-16.771
  0
LINE
  8
0
 10
104.645
 20
-16.771
 11
105.2
 21
-16.0135
  0
LINE
  8
0
 10
105.2
 20
-16.0135
 11
105.745
 21
-15.2493
  0
LINE
  8
0
 10
105.745
 20
-15.2493
 11
106.281
 21
-14.4785
  0
LINE
  8
0
 10
106.281
 20
-14.4785
 11
106.807
 21
-13.7011
  0
LINE
  8
0
 10
106.807
 20
-13.7011
 11
107.324
 21
-12.9174
  0
LINE
  8
0
 10
107.324
 20
-12.9174
 11
107.831
 21
-12.1273
  0
LINE
  8
0
 10
107.831
 20
-12.1273
 11
108.329
 21
-11.3311
  0
LINE
  8
0
 10
108.329
 20
-11.3311
 11
108.816
 21
-10.5289
  0
LINE
  8
0
 10
108.816
 20
-10.5289
 11
109.294
 21
-9.72067
  0
LINE
  8
0
 10
109.294
 20
-9.72067
 11
109.762
 21
-8.90671
  0
LINE
  8
0
 10
109.762
 20
-8.90671
 11
110.219
 21
-8.08705
  0
LINE
  8
0
 10
110.219
 20
-8.08705
 11
110.667
 21
-7.26184
  0
LINE
  8
0
 10
110.667
 20
-7.26184
 11
111.104
 21
-6.4312
  0
LINE
  8
0
 10
111.104
 20
-6.4312
 11
111.532
 21
-5.59526
  0
LINE
  8
0
 10
111.532
 20
-5.59526
 11
111.949
 21
-4.75414
  0
LINE
  8
0
 10
111.949
 20
-4.75414
 11
112.355
 21
-3.90796
  0
LINE
  8
0
 10
112.355
 20
-3.90796
 11
112.751
 21
-3.05685
  0
LINE
  8
0
 10
112.751
 20
-3.05685
 11
113.137
 21
-2.20096
  0
LINE
  8
0
 10
113.137
 20
-2.20096
 11
113.512
 21
-1.34038
  0
LINE
  8
0
 10
113.512
 20
-1.34038
 11
113.877
 21
-0.475266
  0
LINE
  8
0
 10
113.877
 20
-0.475266
 11
114.231
 21
0.394226
  0
LINE
  8
0
 10
114.231
 20
0.394226
 11
114.574
 21
1.26802
  0
LINE
  8
0
 10
114.574
 20
1.26802
 11
114.906
 21
2.14597
  0
LINE
  8
0
 10
114.906
 20
2.14597
 11
115.228
 21
3.02792
  0
LINE
  8
0
 10
115.228
 20
3.02792
 11
115.539
 21
3.91376
  0
LINE
  8
0
 10
115.539
 20
3.91376
 11
115.839
 21
4.80334
  0
LINE
  8
0
 10
115.839
 20
4.80334
 11
116.128
 21
5.69653
  0
LINE
  8
0
 10
116.128
 20
5.69653
 11
116.406
 21
6.59322
  0
LINE
  8
0
 10
116.406
 20
6.59322
 11
116.673
 21
7.49324
  0
LINE
  8
0
 10
116.673
 20
7.49324
 11
116.929
 21
8.39647
  0
LINE
  8
0
 10
116.929
 20
8.39647
 11
117.174
 21
9.30276
  0
LINE
  8
0
 10
117.174
 20
9.30276
 11
117.407
 21
10.212
  0
LINE
  8
0
 10
117.407
 20
10.212
 11
117.63
 21
11.1241
  0
LINE
  8
0
 10
117.63
 20
11.1241
 11
117.841
 21
12.0387
  0
LINE
  8
0
 10
117.841
 20
12.0387
 11
118.041
 21
12.956
  0
LINE
  8
0
 10
118.041
 20
12.956
 11
118.23
 21
13.8756
  0
LINE
  8
0
 10
118.23
 20
13.8756
 11
118.408
 21
14.7974
  0
LINE
  8
0
 10
118.408
 20
14.7974
 11
118.574
 21
15.7214
  0
LINE
  8
0
 10
118.574
 20
15.7214
 11
118.729
 21
16.6474
  0
LINE
  8
0
 10
118.729
 20
16.6474
 11
118.872
 21
17.5751
  0
LINE
  8
0
 10
118.872
 20
17.5751
 11
119.004
 21
18.5046
  0
LINE
  8
0
 10
119.004
 20
18.5046
 11
119.125
 21
19.4356
  0
LINE
  8
0
 10
119.125
 20
19.4356
 11
119.234
 21
20.368
  0
LINE
  8
0
 10
119.234
 20
20.368
 11
119.332
 21
21.3017
  0
LINE
  8
0
 10
119.332
 20
21.3017
 11
119.418
 21
22.2365
  0
LINE
  8
0
 10
119.418
 20
22.2365
 11
119.493
 21
23.1723
  0
LINE
  8
0
 10
119.493
 20
23.1723
 11
119.556
 21
24.109
  0
LINE
  8
0
 10
119.556
 20
24.109
 11
119.608
 21
25.0463
  0
LINE
  8
0
 10
119.608
 20
25.0463
 11
119.648
 21
25.9842
  0
LINE
  8
0
 10
119.648
 20
25.9842
 11
119.677
 21
26.9226
  0
LINE
  8
0
 10
119.677
 20
26.9226
 11
119.694
 21
27.8612
  0
LINE
  8
0
 10
119.694
 20
27.8612
 11
119.7
 21
28.8
  0
LINE
  8
0
 10
119.7
 20
28.8
 11
119.694
 21
29.7388
  0
LINE
  8
0
 10
119.694
 20
29.7388
 11
119.677
 21
30.6774
  0
LINE
  8
0
 10
119.677
 20
30.6774
 11
119.648
 21
31.6157
  0
LINE
  8
0
 10
119.648
 20
31.6157
 11
119.608
 21
32.5536
  0
LINE
  8
0
 10
119.608
 20
32.5536
 11
119.556
 21
33.491
  0
LINE
  8
0
 10
119.556
 20
33.491
 11
119.493
 21
34.4277
  0
LINE
  8
0
 10
119.493
 20
34.4277
 11
119.418
 21
35.3635
  0
LINE
  8
0
 10
119.418
 20
35.3635
 11
119.332
 21
36.2983
  0
LINE
  8
0
 10
119.332
 20
36.2983
 11
119.234
 21
37.232
  0
LINE
  8
0
 10
119.234
 20
37.232
 11
119.125
 21
38.1644
  0
LINE
  8
0
 10
119.125
 20
38.1644
 11
119.004
 21
39.0954
  0
LINE
  8
0
 10
119.004
 20
39.0954
 11
118.872
 21
40.0249
  0
LINE
  8
0
 10
118.872
 20
40.0249
 11
118.729
 21
40.9526
  0
LINE
  8
0
 10
118.729
 20
40.9526
 11
118.574
 21
41.8786
  0
LINE
  8
0
 10
118.574
 20
41.8786
 11
118.408
 21
42.8025
  0
LINE
  8
0
 10
118.408
 20
42.8025
 11
118.23
 21
43.7244
  0
LINE
  8
0
 10
118.23
 20
43.7244
 11
118.041
 21
44.644
  0
LINE
  8
0
 10
118.041
 20
44.644
 11
117.841
 21
45.5612
  0
LINE
  8
0
 10
117.841
 20
45.5612
 11
117.63
 21
46.4759
  0
LINE
  8
0
 10
117.63
 20
46.4759
 11
117.407
 21
47.388
  0
LINE
  8
0
 10
117.407
 20
47.388
 11
117.174
 21
48.2972
  0
LINE
  8
0
 10
117.174
 20
48.2972
 11
116.929
 21
49.2035
  0
LINE
  8
0
 10
116.929
 20
49.2035
 11
116.673
 21
50.1067
  0
LINE
  8
0
 10
116.673
 20
50.1067
 11
116.406
 21
51.0068
  0
LINE
  8
0
 10
116.406
 20
51.0068
 11
116.128
 21
51.9034
  0
LINE
  8
0
 10
116.128
 20
51.9034
 11
115.839
 21
52.7966
  0
LINE
  8
0
 10
115.839
 20
52.7966
 11
115.539
 21
53.6862
  0
LINE
  8
0
 10
115.539
 20
53.6862
 11
115.228
 21
54.5721
  0
LINE
  8
0
 10
115.228
 20
54.5721
 11
114.906
 21
55.454
  0
LINE
  8
0
 10
114.906
 20
55.454
 11
114.574
 21
56.332
  0
LINE
  8
0
 10
114.574
 20
56.332
 11
114.231
 21
57.2057
  0
LINE
  8
0
 10
114.231
 20
57.2057
 11
113.877
 21
58.0753
  0
LINE
  8
0
 10
113.877
 20
58.0753
 11
113.512
 21
58.9404
  0
LINE
  8
0
 10
113.512
 20
58.9404
 11
113.137
 21
59.8009
  0
LINE
  8
0
 10
113.137
 20
59.8009
 11
112.751
 21
60.6568
  0
LINE
  8
0
 10
112.751
 20
60.6568
 11
112.355
 21
61.5079
  0
LINE
  8
0
 10
112.355
 20
61.5079
 11
111.949
 21
62.3541
  0
LINE
  8
0
 10
111.949
 20
62.3541
 11
111.532
 21
63.1953
  0
LINE
  8
0
 10
111.532
 20
63.1953
 11
111.104
 21
64.0312
  0
LINE
  8
0
 10
111.104
 20
64.0312
 11
110.667
 21
64.8618
  0
LINE
  8
0
 10
110.667
 20
64.8618
 11
110.219
 21
65.687
  0
LINE
  8
0
 10
110.219
 20
65.687
 11
109.762
 21
66.5067
  0
LINE
  8
0
 10
109.762
 20
66.5067
 11
109.294
 21
67.3207
  0
LINE
  8
0
 10
109.294
 20
67.3207
 11
108.816
 21
68.1288
  0
LINE
  8
0
 10
108.816
 20
68.1288
 11
108.329
 21
68.9311
  0
LINE
  8
0
 10
108.329
 20
68.9311
 11
107.831
 21
69.7273
  0
LINE
  8
0
 10
107.831
 20
69.7273
 11
107.324
 21
70.5173
  0
LINE
  8
0
 10
107.324
 20
70.5173
 11
106.807
 21
71.3011
  0
LINE
  8
0
 10
106.807
 20
71.3011
 11
106.281
 21
72.0785
  0
LINE
  8
0
 10
106.281
 20
72.0785
 11
105.745
 21
72.8493
  0
LINE
  8
0
 10
105.745
 20
72.8493
 11
105.2
 21
73.6135
  0
LINE
  8
0
 10
105.2
 20
73.6135
 11
104.645
 21
74.371
  0
LINE
  8
0
 10
104.645
 20
74.371
 11
104.082
 21
75.1216
  0
LINE
  8
0
 10
104.082
 20
75.1216
 11
103.508
 21
75.8652
  0
LINE
  8
0
 10
103.508
 20
75.8652
 11
102.926
 21
76.6017
  0
LINE
  8
0
 10
102.926
 20
76.6017
 11
102.335
 21
77.3311
  0
LINE
  8
0
 10
102.335
 20
77.3311
 11
101.735
 21
78.0531
  0
LINE
  8
0
 10
101.735
 20
78.0531
 11
101.126
 21
78.7677
  0
LINE
  8
0
 10
101.126
 20
78.7677
 11
100.509
 21
79.4748
  0
LINE
  8
0
 10
100.509
 20
79.4748
 11
99.8828
 21
80.1742
  0
LINE
  8
0
 10
99.8828
 20
80.1742
 11
99.248
 21
80.866
  0
LINE
  8
0
 10
99.248
 20
80.866
 11
98.6049
 21
81.5498
  0
LINE
  8
0
 10
98.6049
 20
81.5498
 11
97.9534
 21
82.2258
  0
LINE
  8
0
 10
97.9534
 20
82.2258
 11
97.2937
 21
82.8936
  0
LINE
  8
0
 10
97.2937
 20
82.8936
 11
96.6258
 21
83.5534
  0
LINE
  8
0
 10
96.6258
 20
83.5534
 11
95.9498
 21
84.2049
  0
LINE
  8
0
 10
95.9498
 20
84.2049
 11
95.266
 21
84.848
  0
LINE
  8
0
 10
95.266
 20
84.848
 11
94.5742
 21
85.4827
  0
LINE
  8
0
 10
94.5742
 20
85.4827
 11
93.8748
 21
86.1089
  0
LINE
  8
0
 10
93.8748
 20
86.1089
 11
93.1677
 21
86.7265
  0
LINE
  8
0
 10
93.1677
 20
86.7265
 11
92.4531
 21
87.3353
  0
LINE
  8
0
 10
92.4531
 20
87.3353
 11
91.7311
 21
87.9353
  0
LINE
  8
0
 10
91.7311
 20
87.9353
 11
91.0017
 21
88.5264
  0
LINE
  8
0
 10
91.0017
 20
88.5264
 11
90.2652
 21
89.1085
  0
LINE
  8
0
 10
90.2652
 20
89.1085
 11
89.5216
 21
89.6815
  0
LINE
  8
0
 10
89.5216
 20
89.6815
 11
88.771
 21
90.2454
  0
LINE
  8
0
 10
88.771
 20
90.2454
 11
88.0135
 21
90.8
  0
LINE
  8
0
 10
88.0135
 20
90.8
 11
87.2493
 21
91.3452
  0
LINE
  8
0
 10
87.2493
 20
91.3452
 11
86.4785
 21
91.8811
  0
LINE
  8
0
 10
86.4785
 20
91.8811
 11
85.7011
 21
92.4074
  0
LINE
  8
0
 10
85.7011
 20
92.4074
 11
84.9174
 21
92.9242
  0
LINE
  8
0
 10
84.9174
 20
92.9242
 11
84.1273
 21
93.4313
  0
LINE
  8
0
 10
84.1273
 20
93.4313
 11
83.3311
 21
93.9286
  0
LINE
  8
0
 10
83.3311
 20
93.9286
 11
82.5289
 21
94.4162
  0
LINE
  8
0
 10
82.5289
 20
94.4162
 11
81.7207
 21
94.8939
  0
LINE
  8
0
 10
81.7207
 20
94.8939
 11
80.9067
 21
95.3616
  0
LINE
  8
0
 10
80.9067
 20
95.3616
 11
80.0871
 21
95.8194
  0
LINE
  8
0
 10
80.0871
 20
95.8194
 11
79.2618
 21
96.267
  0
LINE
  8
0
 10
79.2618
 20
96.267
 11
78.4312
 21
96.7044
  0
LINE
  8
0
 10
78.4312
 20
96.7044
 11
77.5953
 21
97.1316
  0
LINE
  8
0
 10
77.5953
 20
97.1316
 11
76.7541
 21
97.5486
  0
LINE
  8
0
 10
76.7541
 20
97.5486
 11
75.908
 21
97.9552
  0
LINE
  8
0
 10
75.908
 20
97.9552
 11
75.0569
 21
98.3513
  0
LINE
  8
0
 10
75.0569
 20
98.3513
 11
74.201
 21
98.737
  0
LINE
  8
0
 10
74.201
 20
98.737
 11
73.3404
 21
99.1122
  0
LINE
  8
0
 10
73.3404
 20
99.1122
 11
72.4753
 21
99.4768
  0
LINE
  8
0
 10
72.4753
 20
99.4768
 11
71.6058
 21
99.8307
  0
LINE
  8
0
 10
71.6058
 20
99.8307
 11
70.732
 21
100.174
  0
LINE
  8
0
 10
70.732
 20
100.174
 11
69.854
 21
100.506
  0
LINE
  8
0
 10
69.854
 20
100.506
 11
68.9721
 21
100.828
  0
LINE
  8
0
 10
68.9721
 20
100.828
 11
68.0862
 21
101.139
  0
LINE
  8
0
 10
68.0862
 20
101.139
 11
67.1966
 21
101.439
  0
LINE
  8
0
 10
67.1966
 20
101.439
 11
66.3035
 21
101.728
  0
LINE
  8
0
 10
66.3035
 20
101.728
 11
65.4068
 21
102.006
  0
LINE
  8
0
 10
65.4068
 20
102.006
 11
64.5067
 21
102.273
  0
LINE
  8
0
 10
64.5067
 20
102.273
 11
63.6035
 21
102.529
  0
LINE
  8
0
 10
63.6035
 20
102.529
 11
62.6972
 21
102.774
  0
LINE
  8
0
 10
62.6972
 20
102.774
 11
61.788
 21
103.007
  0
LINE
  8
0
 10
61.788
 20
103.007
 11
60.8759
 21
103.23
  0
LINE
  8
0
 10
60.8759
 20
103.23
 11
59.9612
 21
103.441
  0
LINE
  8
0
 10
59.9612
 20
103.441
 11
59.044
 21
103.641
  0
LINE
  8
0
 10
59.044
 20
103.641
 11
58.1244
 21
103.83
  0
LINE
  8
0
 10
58.1244
 20
103.83
 11
57.2025
 21
104.008
  0
LINE
  8
0
 10
57.2025
 20
104.008
 11
56.2786
 21
104.174
  0
LINE
  8
0
 10
56.2786
 20
104.174
 11
55.3526
 21
104.329
  0
LINE
  8
0
 10
55.3526
 20
104.329
 11
54.4249
 21
104.472
  0
LINE
  8
0
 10
54.4249
 20
104.472
 11
53.4954
 21
104.604
  0
LINE
  8
0
 10
53.4954
 20
104.604
 11
52.5644
 21
104.725
  0
LINE
  8
0
 10
52.5644
 20
104.725
 11
51.632
 21
104.834
  0
LINE
  8
0
 10
51.632
 20
104.834
 11
50.6983
 21
104.932
  0
LINE
  8
0
 10
50.6983
 20
104.932
 11
49.7635
 21
105.018
  0
LINE
  8
0
 10
49.7635
 20
105.018
 11
48.8277
 21
105.093
  0
LINE
  8
0
 10
48.8277
 20
105.093
 11
47.891
 21
105.156
  0
LINE
  8
0
 10
47.891
 20
105.156
 11
46.9537
 21
105.208
  0
LINE
  8
0
 10
46.9537
 20
105.208
 11
46.0157
 21
105.248
  0
LINE
  8
0
 10
46.0157
 20
105.248
 11
45.0774
 21
105.277
  0
LINE
  8
0
 10
45.0774
 20
105.277
 11
44.1388
 21
105.294
  0
LINE
  8
0
 10
44.1388
 20
105.294
 11
43.2
 21
105.3
  0
LINE
  8
0
 10
43.2
 20
105.3
 11
42.2612
 21
105.294
  0
LINE
  8
0
 10
42.2612
 20
105.294
 11
41.3226
 21
105.277
  0
LINE
  8
0
 10
41.3226
 20
105.277
 11
40.3842
 21
105.248
  0
LINE
  8
0
 10
40.3842
 20
105.248
 11
39.4463
 21
105.208
  0
LINE
  8
0
 10
39.4463
 20
105.208
 11
38.509
 21
105.156
  0
LINE
  8
0
 10
38.509
 20
105.156
 11
37.5723
 21
105.093
  0
LINE
  8
0
 10
37.5723
 20
105.093
 11
36.6365
 21
105.018
  0
LINE
  8
0
 10
36.6365
 20
105.018
 11
35.7017
 21
104.932
  0
LINE
  8
0
 10
35.7017
 20
104.932
 11
34.768
 21
104.834
  0
LINE
  8
0
 10
34.768
 20
104.834
 11
33.8356
 21
104.725
  0
LINE
  8
0
 10
33.8356
 20
104.725
 11
32.9046
 21
104.604
  0
LINE
  8
0
 10
32.9046
 20
104.604
 11
31.9751
 21
104.472
  0
LINE
  8
0
 10
31.9751
 20
104.472
 11
31.0474
 21
104.329
  0
LINE
  8
0
 10
31.0474
 20
104.329
 11
30.1214
 21
104.174
  0
LINE
  8
0
 10
30.1214
 20
104.174
 11
29.1974
 21
104.008
  0
LINE
  8
0
 10
29.1974
 20
104.008
 11
28.2756
 21
103.83
  0
LINE
  8
0
 10
28.2756
 20
103.83
 11
27.356
 21
103.641
  0
LINE
  8
0
 10
27.356
 20
103.641
 11
26.4388
 21
103.441
  0
LINE
  8
0
 10
26.4388
 20
103.441
 11
25.5241
 21
103.23
  0
LINE
  8
0
 10
25.5241
 20
103.23
 11
24.612
 21
103.007
  0
LINE
  8
0
 10
24.612
 20
103.007
 11
23.7028
 21
102.774
  0
LINE
  8
0
 10
23.7028
 20
102.774
 11
22.7965
 21
102.529
  0
LINE
  8
0
 10
22.7965
 20
102.529
 11
21.8932
 21
102.273
  0
LINE
  8
0
 10
21.8932
 20
102.273
 11
20.9932
 21
102.006
  0
LINE
  8
0
 10
20.9932
 20
102.006
 11
20.0965
 21
101.728
  0
LINE
  8
0
 10
20.0965
 20
101.728
 11
19.2034
 21
101.439
  0
LINE
  8
0
 10
19.2034
 20
101.439
 11
18.3138
 21
101.139
  0
LINE
  8
0
 10
18.3138
 20
101.139
 11
17.4279
 21
100.828
  0
LINE
  8
0
 10
17.4279
 20
100.828
 11
16.546
 21
100.506
  0
LINE
  8
0
 10
16.546
 20
100.506
 11
15.668
 21
100.174
  0
LINE
  8
0
 10
15.668
 20
100.174
 11
14.7942
 21
99.8307
  0
LINE
  8
0
 10
14.7942
 20
99.8307
 11
13.9247
 21
99.4768
  0
LINE
  8
0
 10
13.9247
 20
99.4768
 11
13.0596
 21
99.1122
  0
LINE
  8
0
 10
13.0596
 20
99.1122
 11
12.199
 21
98.737
  0
LINE
  8
0
 10
12.199
 20
98.737
 11
11.3431
 21
98.3513
  0
LINE
  8
0
 10
11.3431
 20
98.3513
 11
10.492
 21
97.9552
  0
LINE
  8
0
 10
10.492
 20
97.9552
 11
9.64586
 21
97.5486
  0
LINE
  8
0
 10
9.64586
 20
97.5486
 11
8.80473
 21
97.1316
  0
LINE
  8
0
 10
8.80473
 20
97.1316
 11
7.9688
 21
96.7044
  0
LINE
  8
0
 10
7.9688
 20
96.7044
 11
7.13815
 21
96.267
  0
LINE
  8
0
 10
7.13815
 20
96.267
 11
6.31294
 21
95.8194
  0
LINE
  8
0
 10
6.31294
 20
95.8194
 11
5.49329
 21
95.3616
  0
LINE
  8
0
 10
5.49329
 20
95.3616
 11
4.67932
 21
94.8939
  0
LINE
  8
0
 10
4.67932
 20
94.8939
 11
3.87114
 21
94.4162
  0
LINE
  8
0
 10
3.87114
 20
94.4162
 11
3.06889
 21
93.9286
  0
LINE
  8
0
 10
3.06889
 20
93.9286
 11
2.27269
 21
93.4313
  0
LINE
  8
0
 10
2.27269
 20
93.4313
 11
1.48264
 21
92.9242
  0
LINE
  8
0
 10
1.48264
 20
92.9242
 11
0.698883
 21
92.4074
  0
LINE
  8
0
 10
0.698883
 20
92.4074
 11
-0.0784607
 21
91.8811
  0
LINE
  8
0
 10
-0.0784607
 20
91.8811
 11
-0.849304
 21
91.3452
  0
LINE
  8
0
 10
-0.849304
 20
91.3452
 11
-1.61353
 21
90.8
  0
LINE
  8
0
 10
-1.61353
 20
90.8
 11
-2.37097
 21
90.2454
  0
LINE
  8
0
 10
-2.37097
 20
90.2454
 11
-3.12158
 21
89.6815
  0
LINE
  8
0
 10
-3.12158
 20
89.6815
 11
-3.8652
 21
89.1085
  0
LINE
  8
0
 10
-3.8652
 20
89.1085
 11
-4.60173
 21
88.5264
  0
LINE
  8
0
 10
-4.60173
 20
88.5264
 11
-5.33107
 21
87.9353
  0
LINE
  8
0
 10
-5.33107
 20
87.9353
 11
-6.0531
 21
87.3353
  0
LINE
  8
0
 10
-6.0531
 20
87.3353
 11
-6.7677
 21
86.7265
  0
LINE
  8
0
 10
-6.7677
 20
86.7265
 11
-7.47479
 21
86.1089
  0
LINE
  8
0
 10
-7.47479
 20
86.1089
 11
-8.17424
 21
85.4827
  0
LINE
  8
0
 10
-8.17424
 20
85.4827
 11
-8.86595
 21
84.848
  0
LINE
  8
0
 10
-8.86595
 20
84.848
 11
-9.54984
 21
84.2049
  0
LINE
  8
0
 10
-9.54984
 20
84.2049
 11
-10.2258
 21
83.5534
  0
LINE
  8
0
 10
-10.2258
 20
83.5534
 11
-10.8936
 21
82.8936
  0
LINE
  8
0
 10
-10.8936
 20
82.8936
 11
-11.5534
 21
82.2258
  0
LINE
  8
0
 10
-11.5534
 20
82.2258
 11
-12.2049
 21
81.5498
  0
LINE
  8
0
 10
-12.2049
 20
81.5498
 11
-12.848
 21
80.866
  0
LINE
  8
0
 10
-12.848
 20
80.866
 11
-13.4827
 21
80.1742
  0
LINE
  8
0
 10
-13.4827
 20
80.1742
 11
-14.1089
 21
79.4748
  0
LINE
  8
0
 10
-14.1089
 20
79.4748
 11
-14.7265
 21
78.7677
  0
LINE
  8
0
 10
-14.7265
 20
78.7677
 11
-15.3353
 21
78.0531
  0
LINE
  8
0
 10
-15.3353
 20
78.0531
 11
-15.9353
 21
77.3311
  0
LINE
  8
0
 10
-15.9353
 20
77.3311
 11
-16.5264
 21
76.6017
  0
LINE
  8
0
 10
-16.5264
 20
76.6017
 11
-17.1085
 21
75.8652
  0
LINE
  8
0
 10
-17.1085
 20
75.8652
 11
-17.6815
 21
75.1216
  0
LINE
  8
0
 10
-17.6815
 20
75.1216
 11
-18.2454
 21
74.371
  0
LINE
  8
0
 10
-18.2454
 20
74.371
 11
-18.8
 21
73.6135
  0
LINE
  8
0
 10
-18.8
 20
73.6135
 11
-19.3452
 21
72.8493
  0
LINE
  8
0
 10
-19.3452
 20
72.8493
 11
-19.8811
 21
72.0785
  0
LINE
  8
0
 10
-19.8811
 20
72.0785
 11
-20.4074
 21
71.3011
  0
LINE
  8
0
 10
-20.4074
 20
71.3011
 11
-20.9242
 21
70.5173
  0
LINE
  8
0
 10
-20.9242
 20
70.5173
 11
-21.4313
 21
69.7273
  0
LINE
  8
0
 10
-21.4313
 20
69.7273
 11
-21.9286
 21
68.9311
  0
LINE
  8
0
 10
-21.9286
 20
68.9311
 11
-22.4162
 21
68.1288
  0
LINE
  8
0
 10
-22.4162
 20
68.1288
 11
-22.8939
 21
67.3207
  0
LINE
  8
0
 10
-22.8939
 20
67.3207
 11
-23.3616
 21
66.5067
  0
LINE
  8
0
 10
-23.3616
 20
66.5067
 11
-23.8194
 21
65.687
  0
LINE
  8
0
 10
-23.8194
 20
65.687
 11
-24.267
 21
64.8618
  0
LINE
  8
0
 10
-24.267
 20
64.8618
 11
-24.7044
 21
64.0312
  0
LINE
  8
0
 10
-24.7044
 20
64.0312
 11
-25.1316
 21
63.1953
  0
LINE
  8
0
 10
-25.1316
 20
63.1953
 11
-25.5486
 21
62.3541
  0
LINE
  8
0
 10
-25.5486
 20
62.3541
 11
-25.9552
 21
61.5079
  0
LINE
  8
0
 10
-25.9552
 20
61.5079
 11
-26.3513
 21
60.6568
  0
LINE
  8
0
 10
-26.3513
 20
60.6568
 11
-26.737
 21
59.8009
  0
LINE
  8
0
 10
-26.737
 20
59.8009
 11
-27.1122
 21
58.9404
  0
LINE
  8
0
 10
-27.1122
 20
58.9404
 11
-27.4768
 21
58.0753
  0
LINE
  8
0
 10
-27.4768
 20
58.0753
 11
-27.6921
 21
57.5463
  0
LINE
  8
0
 10
-27.6921
 20
57.5463
 11
-27.6921
 21
0.0536499
  0
LINE
  8
0
 10
-27.6921
 20
0.0536499
 11
-27.4768
 21
-0.475266
  0
LINE
  8
0
 10
-27.4768
 20
-0.475266
 11
-27.1122
 21
-1.34038
  0
LINE
  8
0
 10
-27.1122
 20
-1.34038
 11
-26.737
 21
-2.20096
  0
LINE
  8
0
 10
-26.737
 20
-2.20096
 11
-26.3513
 21
-3.05685
  0
LINE
  8
0
 10
-26.3513
 20
-3.05685
 11
-25.9552
 21
-3.90796
  0
LINE
  8
0
 10
-25.9552
 20
-3.90796
 11
-25.5486
 21
-4.75414
  0
LINE
  8
0
 10
-25.5486
 20
-4.75414
 11
-25.1316
 21
-5.59526
  0
LINE
  8
0
 10
-25.1316
 20
-5.59526
 11
-24.7044
 21
-6.4312
  0
LINE
  8
0
 10
-24.7044
 20
-6.4312
 11
-24.267
 21
-7.26184
  0
LINE
  8
0
 10
-24.267
 20
-7.26184
 11
-23.8194
 21
-8.08705
  0
LINE
  8
0
 10
-23.8194
 20
-8.08705
 11
-23.3616
 21
-8.90671
  0
LINE
  8
0
 10
-23.3616
 20
-8.90671
 11
-22.8939
 21
-9.72067
  0
LINE
  8
0
 10
-22.8939
 20
-9.72067
 11
-22.4162
 21
-10.5289
  0
LINE
  8
0
 10
-22.4162
 20
-10.5289
 11
-21.9286
 21
-11.3311
  0
LINE
  8
0
 10
-21.9286
 20
-11.3311
 11
-21.4313
 21
-12.1273
  0
LINE
  8
0
 10
-21.4313
 20
-12.1273
 11
-20.9242
 21
-12.9174
  0
LINE
  8
0
 10
-20.9242
 20
-12.9174
 11
-20.4074
 21
-13.7011
  0
LINE
  8
0
 10
-20.4074
 20
-13.7011
 11
-19.8811
 21
-14.4785
  0
LINE
  8
0
 10
-19.8811
 20
-14.4785
 11
-19.3452
 21
-15.2493
  0
LINE
  8
0
 10
-19.3452
 20
-15.2493
 11
-18.8
 21
-16.0135
  0
LINE
  8
0
 10
-18.8
 20
-16.0135
 11
-18.2454
 21
-16.771
  0
LINE
  8
0
 10
-18.2454
 20
-16.771
 11
-17.6815
 21
-17.5216
  0
LINE
  8
0
 10
-17.6815
 20
-17.5216
 11
-17.1085
 21
-18.2652
  0
LINE
  8
0
 10
-17.1085
 20
-18.2652
 11
-16.5264
 21
-19.0017
  0
LINE
  8
0
 10
-16.5264
 20
-19.0017
 11
-15.9353
 21
-19.7311
  0
LINE
  8
0
 10
-15.9353
 20
-19.7311
 11
-15.3353
 21
-20.4531
  0
LINE
  8
0
 10
-15.3353
 20
-20.4531
 11
-14.7265
 21
-21.1677
  0
LINE
  8
0
 10
-14.7265
 20
-21.1677
 11
-14.1089
 21
-21.8748
  0
LINE
  8
0
 10
-14.1089
 20
-21.8748
 11
-13.4827
 21
-22.5742
  0
LINE
  8
0
 10
-13.4827
 20
-22.5742
 11
-12.848
 21
-23.266
  0
LINE
  8
0
 10
-12.848
 20
-23.266
 11
-12.2049
 21
-23.9498
  0
LINE
  8
0
 10
-12.2049
 20
-23.9498
 11
-11.5534
 21
-24.6258
  0
LINE
  8
0
 10
-11.5534
 20
-24.6258
 11
-10.8936
 21
-25.2937
  0
LINE
  8
0
 10
-10.8936
 20
-25.2937
 11
-10.2258
 21
-25.9534
  0
LINE
  8
0
 10
-10.2258
 20
-25.9534
 11
-9.54984
 21
-26.6049
  0
LINE
  8
0
 10
-9.54984
 20
-26.6049
 11
-8.86595
 21
-27.248
  0
LINE
  8
0
 10
-8.86595
 20
-27.248
 11
-8.17424
 21
-27.8828
  0
LINE
  8
0
 10
-8.17424
 20
-27.8828
 11
-7.47479
 21
-28.5089
  0
LINE
  8
0
 10
-7.47479
 20
-28.5089
 11
-6.7677
 21
-29.1265
  0
LINE
  8
0
 10
-6.7677
 20
-29.1265
 11
-6.0531
 21
-29.7353
  0
LINE
  8
0
 10
-6.0531
 20
-29.7353
 11
-5.33107
 21
-30.3353
  0
LINE
  8
0
 10
-5.33107
 20
-30.3353
 11
-4.60173
 21
-30.9264
  0
LINE
  8
0
 10
-4.60173
 20
-30.9264
 11
-3.8652
 21
-31.5085
  0
LINE
  8
0
 10
-3.8652
 20
-31.5085
 11
-3.12158
 21
-32.0815
  0
LINE
  8
0
 10
-3.12158
 20
-32.0815
 11
-2.37097
 21
-32.6454
  0
LINE
  8
0
 10
-2.37097
 20
-32.6454
 11
-1.61353
 21
-33.2
  0
LINE
  8
0
 10
-1.61353
 20
-33.2
 11
-0.849304
 21
-33.7452
  0
LINE
  8
0
 10
-0.849304
 20
-33.7452
 11
-0.0784607
 21
-34.2811
  0
LINE
  8
0
 10
-0.0784607
 20
-34.2811
 11
0.698883
 21
-34.8074
  0
LINE
  8
0
 10
0.698883
 20
-34.8074
 11
1.48264
 21
-35.3242
  0
LINE
  8
0
 10
1.48264
 20
-35.3242
 11
2.27269
 21
-35.8313
  0
LINE
  8
0
 10
2.27269
 20
-35.8313
 11
3.06889
 21
-36.3287
  0
LINE
  8
0
 10
3.06889
 20
-36.3287
 11
3.87114
 21
-36.8162
  0
LINE
  8
0
 10
3.87114
 20
-36.8162
 11
4.67932
 21
-37.2939
  0
LINE
  8
0
 10
4.67932
 20
-37.2939
 11
5.49329
 21
-37.7616
  0
LINE
  8
0
 10
5.49329
 20
-37.7616
 11
6.31294
 21
-38.2194
  0
LINE
  8
0
 10
6.31294
 20
-38.2194
 11
7.13815
 21
-38.667
  0
LINE
  8
0
 10
7.13815
 20
-38.667
 11
7.9688
 21
-39.1044
  0
LINE
  8
0
 10
7.9688
 20
-39.1044
 11
8.80473
 21
-39.5316
  0
LINE
  8
0
 10
8.80473
 20
-39.5316
 11
9.64586
 21
-39.9486
  0
LINE
  8
0
 10
9.64586
 20
-39.9486
 11
10.492
 21
-40.3552
  0
LINE
  8
0
 10
10.492
 20
-40.3552
 11
11.3431
 21
-40.7513
  0
LINE
  8
0
 10
11.3431
 20
-40.7513
 11
12.199
 21
-41.137
  0
LINE
  8
0
 10
12.199
 20
-41.137
 11
13.0596
 21
-41.5122
  0
LINE
  8
0
 10
13.0596
 20
-41.5122
 11
13.9247
 21
-41.8768
  0
LINE
  8
0
 10
13.9247
 20
-41.8768
 11
14.7942
 21
-42.2307
  0
LINE
  8
0
 10
14.7942
 20
-42.2307
 11
15.668
 21
-42.5739
  0
LINE
  8
0
 10
15.668
 20
-42.5739
 11
16.546
 21
-42.9064
  0
LINE
  8
0
 10
16.546
 20
-42.9064
 11
17.4279
 21
-43.2281
  0
LINE
  8
0
 10
17.4279
 20
-43.2281
 11
18.3138
 21
-43.539
  0
LINE
  8
0
 10
18.3138
 20
-43.539
 11
19.2034
 21
-43.8389
  0
LINE
  8
0
 10
19.2034
 20
-43.8389
 11
20.0965
 21
-44.1279
  0
LINE
  8
0
 10
20.0965
 20
-44.1279
 11
20.9932
 21
-44.4059
  0
LINE
  8
0
 10
20.9932
 20
-44.4059
 11
21.8932
 21
-44.6729
  0
LINE
  8
0
 10
21.8932
 20
-44.6729
 11
22.7965
 21
-44.9289
  0
LINE
  8
0
 10
22.7965
 20
-44.9289
 11
23.7028
 21
-45.1737
  0
LINE
  8
0
 10
23.7028
 20
-45.1737
 11
24.612
 21
-45.4074
  0
LINE
  8
0
 10
24.612
 20
-45.4074
 11
25.5241
 21
-45.6299
  0
LINE
  8
0
 10
25.5241
 20
-45.6299
 11
26.4388
 21
-45.8412
  0
LINE
  8
0
 10
26.4388
 20
-45.8412
 11
27.356
 21
-46.0413
  0
LINE
  8
0
 10
27.356
 20
-46.0413
 11
28.2756
 21
-46.2301
  0
LINE
  8
0
 10
28.2756
 20
-46.2301
 11
29.1974
 21
-46.4076
  0
LINE
  8
0
 10
29.1974
 20
-46.4076
 11
30.1214
 21
-46.5737
  0
LINE
  8
0
 10
30.1214
 20
-46.5737
 11
31.0474
 21
-46.7285
  0
LINE
  8
0
 10
31.0474
 20
-46.7285
 11
31.9751
 21
-46.872
  0
LINE
  8
0
 10
31.9751
 20
-46.872
 11
32.9046
 21
-47.004
  0
LINE
  8
0
 10
32.9046
 20
-47.004
 11
33.8356
 21
-47.1247
  0
LINE
  8
0
 10
33.8356
 20
-47.1247
 11
34.768
 21
-47.2339
  0
LINE
  8
0
 10
34.768
 20
-47.2339
 11
35.7017
 21
-47.3316
  0
LINE
  8
0
 10
35.7017
 20
-47.3316
 11
36.6365
 21
-47.4179
  0
LINE
  8
0
 10
36.6365
 20
-47.4179
 11
37.5723
 21
-47.4927
  0
LINE
  8
0
 10
37.5723
 20
-47.4927
 11
38.509
 21
-47.556
  0
LINE
  8
0
 10
38.509
 20
-47.556
 11
39.4463
 21
-47.6078
  0
LINE
  8
0
 10
39.4463
 20
-47.6078
 11
40.3842
 21
-47.6482
  0
LINE
  8
0
 10
40.3842
 20
-47.6482
 11
41.3226
 21
-47.677
  0
LINE
  8
0
 10
41.3226
 20
-47.677
 11
42.2612
 21
-47.6942
  0
LINE
  8
0
 10
42.2612
 20
-47.6942
 11
43.2
 21
-47.7
  0
LINE
  8
0
 10
43.2
 20
-47.7
 11
44.1388
 21
-47.6942
  0
LINE
  8
0
 10
42.2787
 20
-46.2693
 11
41.3576
 21
-46.2524
  0
LINE
  8
0
 10
41.3576
 20
-46.2524
 11
40.4367
 21
-46.2241
  0
LINE
  8
0
 10
40.4367
 20
-46.2241
 11
39.5163
 21
-46.1846
  0
LINE
  8
0
 10
39.5163
 20
-46.1846
 11
38.5963
 21
-46.1337
  0
LINE
  8
0
 10
38.5963
 20
-46.1337
 11
37.6771
 21
-46.0716
  0
LINE
  8
0
 10
37.6771
 20
-46.0716
 11
36.7588
 21
-45.9982
  0
LINE
  8
0
 10
36.7588
 20
-45.9982
 11
35.8414
 21
-45.9135
  0
LINE
  8
0
 10
35.8414
 20
-45.9135
 11
34.9251
 21
-45.8176
  0
LINE
  8
0
 10
34.9251
 20
-45.8176
 11
34.01
 21
-45.7104
  0
LINE
  8
0
 10
34.01
 20
-45.7104
 11
33.0964
 21
-45.592
  0
LINE
  8
0
 10
33.0964
 20
-45.592
 11
32.1842
 21
-45.4624
  0
LINE
  8
0
 10
32.1842
 20
-45.4624
 11
31.2737
 21
-45.3216
  0
LINE
  8
0
 10
31.2737
 20
-45.3216
 11
30.365
 21
-45.1697
  0
LINE
  8
0
 10
30.365
 20
-45.1697
 11
29.4583
 21
-45.0066
  0
LINE
  8
0
 10
29.4583
 20
-45.0066
 11
28.5536
 21
-44.8324
  0
LINE
  8
0
 10
28.5536
 20
-44.8324
 11
27.6511
 21
-44.6472
  0
LINE
  8
0
 10
27.6511
 20
-44.6472
 11
26.751
 21
-44.4508
  0
LINE
  8
0
 10
26.751
 20
-44.4508
 11
25.8533
 21
-44.2435
  0
LINE
  8
0
 10
25.8533
 20
-44.2435
 11
24.9583
 21
-44.0251
  0
LINE
  8
0
 10
24.9583
 20
-44.0251
 11
24.066
 21
-43.7957
  0
LINE
  8
0
 10
24.066
 20
-43.7957
 11
23.1765
 21
-43.5555
  0
LINE
  8
0
 10
23.1765
 20
-43.5555
 11
22.2901
 21
-43.3043
  0
LINE
  8
0
 10
22.2901
 20
-43.3043
 11
21.4069
 21
-43.0423
  0
LINE
  8
0
 10
21.4069
 20
-43.0423
 11
20.5269
 21
-42.7694
  0
LINE
  8
0
 10
20.5269
 20
-42.7694
 11
19.6503
 21
-42.4858
  0
LINE
  8
0
 10
19.6503
 20
-42.4858
 11
18.7773
 21
-42.1915
  0
LINE
  8
0
 10
18.7773
 20
-42.1915
 11
17.908
 21
-41.8864
  0
LINE
  8
0
 10
17.908
 20
-41.8864
 11
17.0425
 21
-41.5707
  0
LINE
  8
0
 10
17.0425
 20
-41.5707
 11
16.1809
 21
-41.2444
  0
LINE
  8
0
 10
16.1809
 20
-41.2444
 11
15.3234
 21
-40.9076
  0
LINE
  8
0
 10
15.3234
 20
-40.9076
 11
14.47
 21
-40.5602
  0
LINE
  8
0
 10
14.47
 20
-40.5602
 11
13.621
 21
-40.2025
  0
LINE
  8
0
 10
13.621
 20
-40.2025
 11
12.7765
 21
-39.8343
  0
LINE
  8
0
 10
12.7765
 20
-39.8343
 11
11.9366
 21
-39.4558
  0
LINE
  8
0
 10
11.9366
 20
-39.4558
 11
11.1013
 21
-39.067
  0
LINE
  8
0
 10
11.1013
 20
-39.067
 11
10.2709
 21
-38.668
  0
LINE
  8
0
 10
10.2709
 20
-38.668
 11
9.44543
 21
-38.2588
  0
LINE
  8
0
 10
9.44543
 20
-38.2588
 11
8.62506
 21
-37.8395
  0
LINE
  8
0
 10
8.62506
 20
-37.8395
 11
7.80989
 21
-37.4102
  0
LINE
  8
0
 10
7.80989
 20
-37.4102
 11
7.00006
 21
-36.971
  0
LINE
  8
0
 10
7.00006
 20
-36.971
 11
6.19566
 21
-36.5218
  0
LINE
  8
0
 10
6.19566
 20
-36.5218
 11
5.39687
 21
-36.0628
  0
LINE
  8
0
 10
5.39687
 20
-36.0628
 11
4.60374
 21
-35.594
  0
LINE
  8
0
 10
4.60374
 20
-35.594
 11
3.81644
 21
-35.1155
  0
LINE
  8
0
 10
3.81644
 20
-35.1155
 11
3.03505
 21
-34.6274
  0
LINE
  8
0
 10
3.03505
 20
-34.6274
 11
2.25974
 21
-34.1297
  0
LINE
  8
0
 10
2.25974
 20
-34.1297
 11
1.49057
 21
-33.6226
  0
LINE
  8
0
 10
1.49057
 20
-33.6226
 11
0.727692
 21
-33.106
  0
LINE
  8
0
 10
0.727692
 20
-33.106
 11
-0.0287781
 21
-32.5802
  0
LINE
  8
0
 10
-0.0287781
 20
-32.5802
 11
-0.778763
 21
-32.0451
  0
LINE
  8
0
 10
-0.778763
 20
-32.0451
 11
-1.52211
 21
-31.5008
  0
LINE
  8
0
 10
-1.52211
 20
-31.5008
 11
-2.25873
 21
-30.9474
  0
LINE
  8
0
 10
-2.25873
 20
-30.9474
 11
-2.98849
 21
-30.3851
  0
LINE
  8
0
 10
-2.98849
 20
-30.3851
 11
-3.7113
 21
-29.8138
  0
LINE
  8
0
 10
-3.7113
 20
-29.8138
 11
-4.42706
 21
-29.2337
  0
LINE
  8
0
 10
-4.42706
 20
-29.2337
 11
-5.13564
 21
-28.6449
  0
LINE
  8
0
 10
-5.13564
 20
-28.6449
 11
-5.83693
 21
-28.0474
  0
LINE
  8
0
 10
-5.83693
 20
-28.0474
 11
-6.53085
 21
-27.4414
  0
LINE
  8
0
 10
-6.53085
 20
-27.4414
 11
-7.21727
 21
-26.8269
  0
LINE
  8
0
 10
-7.21727
 20
-26.8269
 11
-7.8961
 21
-26.204
  0
LINE
  8
0
 10
-7.8961
 20
-26.204
 11
-8.56725
 21
-25.5728
  0
LINE
  8
0
 10
-8.56725
 20
-25.5728
 11
-9.23058
 21
-24.9335
  0
LINE
  8
0
 10
-9.23058
 20
-24.9335
 11
-9.88602
 21
-24.286
  0
LINE
  8
0
 10
-9.88602
 20
-24.286
 11
-10.5335
 21
-23.6306
  0
LINE
  8
0
 10
-10.5335
 20
-23.6306
 11
-11.1728
 21
-22.9673
  0
LINE
  8
0
 10
-11.1728
 20
-22.9673
 11
-11.804
 21
-22.2961
  0
LINE
  8
0
 10
-11.804
 20
-22.2961
 11
-12.4269
 21
-21.6173
  0
LINE
  8
0
 10
-12.4269
 20
-21.6173
 11
-13.0414
 21
-20.9309
  0
LINE
  8
0
 10
-13.0414
 20
-20.9309
 11
-13.6474
 21
-20.2369
  0
LINE
  8
0
 10
-13.6474
 20
-20.2369
 11
-14.2449
 21
-19.5356
  0
LINE
  8
0
 10
-14.2449
 20
-19.5356
 11
-14.8337
 21
-18.8271
  0
LINE
  8
0
 10
-14.8337
 20
-18.8271
 11
-15.4138
 21
-18.1113
  0
LINE
  8
0
 10
-15.4138
 20
-18.1113
 11
-15.9851
 21
-17.3885
  0
LINE
  8
0
 10
-15.9851
 20
-17.3885
 11
-16.5474
 21
-16.6587
  0
LINE
  8
0
 10
-16.5474
 20
-16.6587
 11
-17.1008
 21
-15.9221
  0
LINE
  8
0
 10
-17.1008
 20
-15.9221
 11
-17.6451
 21
-15.1788
  0
LINE
  8
0
 10
-17.6451
 20
-15.1788
 11
-18.1802
 21
-14.4288
  0
LINE
  8
0
 10
-18.1802
 20
-14.4288
 11
-18.706
 21
-13.6723
  0
LINE
  8
0
 10
-18.706
 20
-13.6723
 11
-19.2226
 21
-12.9094
  0
LINE
  8
0
 10
-19.2226
 20
-12.9094
 11
-19.7297
 21
-12.1403
  0
LINE
  8
0
 10
-19.7297
 20
-12.1403
 11
-20.2274
 21
-11.3649
  0
LINE
  8
0
 10
-20.2274
 20
-11.3649
 11
-20.7155
 21
-10.5836
  0
LINE
  8
0
 10
-20.7155
 20
-10.5836
 11
-21.194
 21
-9.79625
  0
LINE
  8
0
 10
-21.194
 20
-9.79625
 11
-21.6628
 21
-9.00313
  0
LINE
  8
0
 10
-21.6628
 20
-9.00313
 11
-22.1218
 21
-8.20433
  0
LINE
  8
0
 10
-22.1218
 20
-8.20433
 11
-22.571
 21
-7.39993
  0
LINE
  8
0
 10
-22.571
 20
-7.39993
 11
-23.0102
 21
-6.5901
  0
LINE
  8
0
 10
-23.0102
 20
-6.5901
 11
-23.4395
 21
-5.77493
  0
LINE
  8
0
 10
-23.4395
 20
-5.77493
 11
-23.8588
 21
-4.95456
  0
LINE
  8
0
 10
-23.8588
 20
-4.95456
 11
-24.268
 21
-4.1291
  0
LINE
  8
0
 10
-24.268
 20
-4.1291
 11
-24.667
 21
-3.29869
  0
LINE
  8
0
 10
-24.667
 20
-3.29869
 11
-25.0558
 21
-2.46344
  0
LINE
  8
0
 10
-25.0558
 20
-2.46344
 11
-25.4343
 21
-1.62349
  0
LINE
  8
0
 10
-25.4343
 20
-1.62349
 11
-25.8025
 21
-0.778946
  0
LINE
  8
0
 10
-25.8025
 20
-0.778946
 11
-26.1519
 21
0.0503235
  0
LINE
  8
0
 10
-26.1519
 20
0.0503235
 11
-26.1519
 21
57.5497
  0
LINE
  8
0
 10
-26.1519
 20
57.5497
 11
-25.8025
 21
58.3789
  0
LINE
  8
0
 10
-25.8025
 20
58.3789
 11
-25.4343
 21
59.2235
  0
LINE
  8
0
 10
-25.4343
 20
59.2235
 11
-25.0558
 21
60.0634
  0
LINE
  8
0
 10
-25.0558
 20
60.0634
 11
-24.667
 21
60.8987
  0
LINE
  8
0
 10
-24.667
 20
60.8987
 11
-24.268
 21
61.7291
  0
LINE
  8
0
 10
-24.268
 20
61.7291
 11
-23.8588
 21
62.5546
  0
LINE
  8
0
 10
-23.8588
 20
62.5546
 11
-23.4395
 21
63.3749
  0
LINE
  8
0
 10
-23.4395
 20
63.3749
 11
-23.0102
 21
64.1901
  0
LINE
  8
0
 10
-23.0102
 20
64.1901
 11
-22.571
 21
64.9999
  0
LINE
  8
0
 10
-22.571
 20
64.9999
 11
-22.1218
 21
65.8043
  0
LINE
  8
0
 10
-22.1218
 20
65.8043
 11
-21.6628
 21
66.6031
  0
LINE
  8
0
 10
-21.6628
 20
66.6031
 11
-21.194
 21
67.3962
  0
LINE
  8
0
 10
-21.194
 20
67.3962
 11
-20.7155
 21
68.1835
  0
LINE
  8
0
 10
-20.7155
 20
68.1835
 11
-20.2274
 21
68.9649
  0
LINE
  8
0
 10
-20.2274
 20
68.9649
 11
-19.7297
 21
69.7402
  0
LINE
  8
0
 10
-19.7297
 20
69.7402
 11
-19.2226
 21
70.5094
  0
LINE
  8
0
 10
-19.2226
 20
70.5094
 11
-18.706
 21
71.2723
  0
LINE
  8
0
 10
-18.706
 20
71.2723
 11
-18.1802
 21
72.0288
  0
LINE
  8
0
 10
-18.1802
 20
72.0288
 11
-17.6451
 21
72.7788
  0
LINE
  8
0
 10
-17.6451
 20
72.7788
 11
-17.1008
 21
73.5221
  0
LINE
  8
0
 10
-17.1008
 20
73.5221
 11
-16.5474
 21
74.2587
  0
LINE
  8
0
 10
-16.5474
 20
74.2587
 11
-15.9851
 21
74.9885
  0
LINE
  8
0
 10
-15.9851
 20
74.9885
 11
-15.4138
 21
75.7113
  0
LINE
  8
0
 10
-15.4138
 20
75.7113
 11
-14.8337
 21
76.4271
  0
LINE
  8
0
 10
-14.8337
 20
76.4271
 11
-14.2449
 21
77.1356
  0
LINE
  8
0
 10
-14.2449
 20
77.1356
 11
-13.6474
 21
77.8369
  0
LINE
  8
0
 10
-13.6474
 20
77.8369
 11
-13.0414
 21
78.5309
  0
LINE
  8
0
 10
-13.0414
 20
78.5309
 11
-12.4269
 21
79.2173
  0
LINE
  8
0
 10
-12.4269
 20
79.2173
 11
-11.804
 21
79.8961
  0
LINE
  8
0
 10
-11.804
 20
79.8961
 11
-11.1728
 21
80.5672
  0
LINE
  8
0
 10
-11.1728
 20
80.5672
 11
-10.5335
 21
81.2306
  0
LINE
  8
0
 10
-10.5335
 20
81.2306
 11
-9.88602
 21
81.886
  0
LINE
  8
0
 10
-9.88602
 20
81.886
 11
-9.23058
 21
82.5335
  0
LINE
  8
0
 10
-9.23058
 20
82.5335
 11
-8.56725
 21
83.1728
  0
LINE
  8
0
 10
-8.56725
 20
83.1728
 11
-7.8961
 21
83.804
  0
LINE
  8
0
 10
-7.8961
 20
83.804
 11
-7.21727
 21
84.4269
  0
LINE
  8
0
 10
-7.21727
 20
84.4269
 11
-6.53085
 21
85.0414
  0
LINE
  8
0
 10
-6.53085
 20
85.0414
 11
-5.83693
 21
85.6474
  0
LINE
  8
0
 10
-5.83693
 20
85.6474
 11
-5.13564
 21
86.2449
  0
LINE
  8
0
 10
-5.13564
 20
86.2449
 11
-4.42706
 21
86.8337
  0
LINE
  8
0
 10
-4.42706
 20
86.8337
 11
-3.7113
 21
87.4138
  0
LINE
  8
0
 10
-3.7113
 20
87.4138
 11
-2.98849
 21
87.9851
  0
LINE
  8
0
 10
-2.98849
 20
87.9851
 11
-2.25873
 21
88.5474
  0
LINE
  8
0
 10
-2.25873
 20
88.5474
 11
-1.52211
 21
89.1008
  0
LINE
  8
0
 10
-1.52211
 20
89.1008
 11
-0.778763
 21
89.6451
  0
LINE
  8
0
 10
-0.778763
 20
89.6451
 11
-0.0287781
 21
90.1802
  0
LINE
  8
0
 10
-0.0287781
 20
90.1802
 11
0.727692
 21
90.706
  0
LINE
  8
0
 10
0.727692
 20
90.706
 11
1.49057
 21
91.2226
  0
LINE
  8
0
 10
1.49057
 20
91.2226
 11
2.25974
 21
91.7297
  0
LINE
  8
0
 10
2.25974
 20
91.7297
 11
3.03505
 21
92.2274
  0
LINE
  8
0
 10
3.03505
 20
92.2274
 11
3.81644
 21
92.7155
  0
LINE
  8
0
 10
3.81644
 20
92.7155
 11
4.60374
 21
93.194
  0
LINE
  8
0
 10
4.60374
 20
93.194
 11
5.39687
 21
93.6628
  0
LINE
  8
0
 10
5.39687
 20
93.6628
 11
6.19566
 21
94.1218
  0
LINE
  8
0
 10
6.19566
 20
94.1218
 11
7.00006
 21
94.571
  0
LINE
  8
0
 10
7.00006
 20
94.571
 11
7.80989
 21
95.0102
  0
LINE
  8
0
 10
7.80989
 20
95.0102
 11
8.62506
 21
95.4395
  0
LINE
  8
0
 10
8.62506
 20
95.4395
 11
9.44543
 21
95.8588
  0
LINE
  8
0
 10
9.44543
 20
95.8588
 11
10.2709
 21
96.268
  0
LINE
  8
0
 10
10.2709
 20
96.268
 11
11.1013
 21
96.667
  0
LINE
  8
0
 10
11.1013
 20
96.667
 11
11.9366
 21
97.0558
  0
LINE
  8
0
 10
11.9366
 20
97.0558
 11
12.7765
 21
97.4343
  0
LINE
  8
0
 10
12.7765
 20
97.4343
 11
13.621
 21
97.8025
  0
LINE
  8
0
 10
13.621
 20
97.8025
 11
14.47
 21
98.1602
  0
LINE
  8
0
 10
14.47
 20
98.1602
 11
15.3234
 21
98.5076
  0
LINE
  8
0
 10
15.3234
 20
98.5076
 11
16.1809
 21
98.8444
  0
LINE
  8
0
 10
16.1809
 20
98.8444
 11
17.0425
 21
99.1707
  0
LINE
  8
0
 10
17.0425
 20
99.1707
 11
17.908
 21
99.4864
  0
LINE
  8
0
 10
17.908
 20
99.4864
 11
18.7773
 21
99.7915
  0
LINE
  8
0
 10
18.7773
 20
99.7915
 11
19.6503
 21
100.086
  0
LINE
  8
0
 10
19.6503
 20
100.086
 11
20.5269
 21
100.369
  0
LINE
  8
0
 10
20.5269
 20
100.369
 11
21.4069
 21
100.642
  0
LINE
  8
0
 10
21.4069
 20
100.642
 11
22.2901
 21
100.904
  0
LINE
  8
0
 10
22.2901
 20
100.904
 11
23.1765
 21
101.155
  0
LINE
  8
0
 10
23.1765
 20
101.155
 11
24.066
 21
101.396
  0
LINE
  8
0
 10
24.066
 20
101.396
 11
24.9583
 21
101.625
  0
LINE
  8
0
 10
24.9583
 20
101.625
 11
25.8533
 21
101.843
  0
LINE
  8
0
 10
25.8533
 20
101.843
 11
26.751
 21
102.051
  0
LINE
  8
0
 10
26.751
 20
102.051
 11
27.6511
 21
102.247
  0
LINE
  8
0
 10
27.6511
 20
102.247
 11
28.5536
 21
102.432
  0
LINE
  8
0
 10
28.5536
 20
102.432
 11
29.4583
 21
102.607
  0
LINE
  8
0
 10
29.4583
 20
102.607
 11
30.365
 21
102.77
  0
LINE
  8
0
 10
30.365
 20
102.77
 11
31.2737
 21
102.922
  0
LINE
  8
0
 10
31.2737
 20
102.922
 11
32.1842
 21
103.062
  0
LINE
  8
0
 10
32.1842
 20
103.062
 11
33.0964
 21
103.192
  0
LINE
  8
0
 10
33.0964
 20
103.192
 11
34.01
 21
103.31
  0
LINE
  8
0
 10
34.01
 20
103.31
 11
34.9251
 21
103.418
  0
LINE
  8
0
 10
34.9251
 20
103.418
 11
35.8414
 21
103.513
  0
LINE
  8
0
 10
35.8414
 20
103.513
 11
36.7588
 21
103.598
  0
LINE
  8
0
 10
36.7588
 20
103.598
 11
37.6771
 21
103.672
  0
LINE
  8
0
 10
37.6771
 20
103.672
 11
38.5963
 21
103.734
  0
LINE
  8
0
 10
38.5963
 20
103.734
 11
39.5163
 21
103.785
  0
LINE
  8
0
 10
39.5163
 20
103.785
 11
40.4367
 21
103.824
  0
LINE
  8
0
 10
40.4367
 20
103.824
 11
41.3576
 21
103.852
  0
LINE
  8
0
 10
41.3576
 20
103.852
 11
42.2787
 21
103.869
  0
LINE
  8
0
 10
42.2787
 20
103.869
 11
43.2
 21
103.875
  0
LINE
  8
0
 10
43.2
 20
103.875
 11
44.1213
 21
103.869
  0
LINE
  8
0
 10
44.1213
 20
103.869
 11
45.0424
 21
103.852
  0
LINE
  8
0
 10
45.0424
 20
103.852
 11
45.9633
 21
103.824
  0
LINE
  8
0
 10
45.9633
 20
103.824
 11
46.8837
 21
103.785
  0
LINE
  8
0
 10
46.8837
 20
103.785
 11
47.8036
 21
103.734
  0
LINE
  8
0
 10
47.8036
 20
103.734
 11
48.7229
 21
103.672
  0
LINE
  8
0
 10
48.7229
 20
103.672
 11
49.6412
 21
103.598
  0
LINE
  8
0
 10
49.6412
 20
103.598
 11
50.5586
 21
103.513
  0
LINE
  8
0
 10
50.5586
 20
103.513
 11
51.4749
 21
103.418
  0
LINE
  8
0
 10
51.4749
 20
103.418
 11
52.39
 21
103.31
  0
LINE
  8
0
 10
52.39
 20
103.31
 11
53.3036
 21
103.192
  0
LINE
  8
0
 10
53.3036
 20
103.192
 11
54.2158
 21
103.062
  0
LINE
  8
0
 10
54.2158
 20
103.062
 11
55.1263
 21
102.922
  0
LINE
  8
0
 10
55.1263
 20
102.922
 11
56.035
 21
102.77
  0
LINE
  8
0
 10
56.035
 20
102.77
 11
56.9417
 21
102.607
  0
LINE
  8
0
 10
56.9417
 20
102.607
 11
57.8464
 21
102.432
  0
LINE
  8
0
 10
57.8464
 20
102.432
 11
58.7489
 21
102.247
  0
LINE
  8
0
 10
58.7489
 20
102.247
 11
59.649
 21
102.051
  0
LINE
  8
0
 10
59.649
 20
102.051
 11
60.5467
 21
101.843
  0
LINE
  8
0
 10
60.5467
 20
101.843
 11
61.4417
 21
101.625
  0
LINE
  8
0
 10
61.4417
 20
101.625
 11
62.334
 21
101.396
  0
LINE
  8
0
 10
62.334
 20
101.396
 11
63.2234
 21
101.155
  0
LINE
  8
0
 10
63.2234
 20
101.155
 11
64.1099
 21
100.904
  0
LINE
  8
0
 10
64.1099
 20
100.904
 11
64.9931
 21
100.642
  0
LINE
  8
0
 10
64.9931
 20
100.642
 11
65.8731
 21
100.369
  0
LINE
  8
0
 10
65.8731
 20
100.369
 11
66.7496
 21
100.086
  0
LINE
  8
0
 10
66.7496
 20
100.086
 11
67.6227
 21
99.7915
  0
LINE
  8
0
 10
67.6227
 20
99.7915
 11
68.492
 21
99.4864
  0
LINE
  8
0
 10
68.492
 20
99.4864
 11
69.3575
 21
99.1707
  0
LINE
  8
0
 10
69.3575
 20
99.1707
 11
70.2191
 21
98.8444
  0
LINE
  8
0
 10
70.2191
 20
98.8444
 11
71.0766
 21
98.5076
  0
LINE
  8
0
 10
71.0766
 20
98.5076
 11
71.9299
 21
98.1602
  0
LINE
  8
0
 10
71.9299
 20
98.1602
 11
72.7789
 21
97.8025
  0
LINE
  8
0
 10
72.7789
 20
97.8025
 11
73.6235
 21
97.4343
  0
LINE
  8
0
 10
73.6235
 20
97.4343
 11
74.4634
 21
97.0558
  0
LINE
  8
0
 10
74.4634
 20
97.0558
 11
75.2987
 21
96.667
  0
LINE
  8
0
 10
75.2987
 20
96.667
 11
76.1291
 21
96.268
  0
LINE
  8
0
 10
76.1291
 20
96.268
 11
76.9546
 21
95.8588
  0
LINE
  8
0
 10
76.9546
 20
95.8588
 11
77.7749
 21
95.4395
  0
LINE
  8
0
 10
77.7749
 20
95.4395
 11
78.5901
 21
95.0102
  0
LINE
  8
0
 10
78.5901
 20
95.0102
 11
79.3999
 21
94.571
  0
LINE
  8
0
 10
79.3999
 20
94.571
 11
80.2043
 21
94.1218
  0
LINE
  8
0
 10
80.2043
 20
94.1218
 11
81.0031
 21
93.6628
  0
LINE
  8
0
 10
81.0031
 20
93.6628
 11
81.7962
 21
93.194
  0
LINE
  8
0
 10
81.7962
 20
93.194
 11
82.5836
 21
92.7155
  0
LINE
  8
0
 10
82.5836
 20
92.7155
 11
83.3649
 21
92.2274
  0
LINE
  8
0
 10
83.3649
 20
92.2274
 11
84.1403
 21
91.7297
  0
LINE
  8
0
 10
84.1403
 20
91.7297
 11
84.9094
 21
91.2226
  0
LINE
  8
0
 10
84.9094
 20
91.2226
 11
85.6723
 21
90.706
  0
LINE
  8
0
 10
85.6723
 20
90.706
 11
86.4288
 21
90.1802
  0
LINE
  8
0
 10
86.4288
 20
90.1802
 11
87.1788
 21
89.6451
  0
LINE
  8
0
 10
87.1788
 20
89.6451
 11
87.9221
 21
89.1008
  0
LINE
  8
0
 10
87.9221
 20
89.1008
 11
88.6587
 21
88.5474
  0
LINE
  8
0
 10
88.6587
 20
88.5474
 11
89.3885
 21
87.9851
  0
LINE
  8
0
 10
89.3885
 20
87.9851
 11
90.1113
 21
87.4138
  0
LINE
  8
0
 10
90.1113
 20
87.4138
 11
90.8271
 21
86.8337
  0
LINE
  8
0
 10
90.8271
 20
86.8337
 11
91.5356
 21
86.2449
  0
LINE
  8
0
 10
91.5356
 20
86.2449
 11
92.2369
 21
85.6474
  0
LINE
  8
0
 10
92.2369
 20
85.6474
 11
92.9309
 21
85.0414
  0
LINE
  8
0
 10
92.9309
 20
85.0414
 11
93.6173
 21
84.4269
  0
LINE
  8
0
 10
93.6173
 20
84.4269
 11
94.2961
 21
83.804
  0
LINE
  8
0
 10
94.2961
 20
83.804
 11
94.9673
 21
83.1728
  0
LINE
  8
0
 10
94.9673
 20
83.1728
 11
95.6306
 21
82.5335
  0
LINE
  8
0
 10
95.6306
 20
82.5335
 11
96.286
 21
81.886
  0
LINE
  8
0
 10
96.286
 20
81.886
 11
96.9335
 21
81.2306
  0
LINE
  8
0
 10
96.9335
 20
81.2306
 11
97.5728
 21
80.5672
  0
LINE
  8
0
 10
97.5728
 20
80.5672
 11
98.204
 21
79.8961
  0
LINE
  8
0
 10
98.204
 20
79.8961
 11
98.8269
 21
79.2173
  0
LINE
  8
0
 10
98.8269
 20
79.2173
 11
99.4414
 21
78.5309
  0
LINE
  8
0
 10
99.4414
 20
78.5309
 11
100.047
 21
77.8369
  0
LINE
  8
0
 10
100.047
 20
77.8369
 11
100.645
 21
77.1356
  0
LINE
  8
0
 10
100.645
 20
77.1356
 11
101.234
 21
76.4271
  0
LINE
  8
0
 10
101.234
 20
76.4271
 11
101.814
 21
75.7113
  0
LINE
  8
0
 10
101.814
 20
75.7113
 11
102.385
 21
74.9885
  0
LINE
  8
0
 10
102.385
 20
74.9885
 11
102.947
 21
74.2587
  0
LINE
  8
0
 10
102.947
 20
74.2587
 11
103.501
 21
73.5221
  0
LINE
  8
0
 10
103.501
 20
73.5221
 11
104.045
 21
72.7788
  0
LINE
  8
0
 10
104.045
 20
72.7788
 11
104.58
 21
72.0288
  0
LINE
  8
0
 10
104.58
 20
72.0288
 11
105.106
 21
71.2723
  0
LINE
  8
0
 10
105.106
 20
71.2723
 11
105.623
 21
70.5094
  0
LINE
  8
0
 10
105.623
 20
70.5094
 11
106.13
 21
69.7402
  0
LINE
  8
0
 10
106.13
 20
69.7402
 11
106.627
 21
68.9649
  0
LINE
  8
0
 10
106.627
 20
68.9649
 11
107.115
 21
68.1835
  0
LINE
  8
0
 10
107.115
 20
68.1835
 11
107.594
 21
67.3962
  0
LINE
  8
0
 10
107.594
 20
67.3962
 11
108.063
 21
66.6031
  0
LINE
  8
0
 10
108.063
 20
66.6031
 11
108.522
 21
65.8043
  0
LINE
  8
0
 10
108.522
 20
65.8043
 11
108.971
 21
64.9999
  0
LINE
  8
0
 10
108.971
 20
64.9999
 11
109.41
 21
64.1901
  0
LINE
  8
0
 10
109.41
 20
64.1901
 11
109.84
 21
63.3749
  0
LINE
  8
0
 10
109.84
 20
63.3749
 11
110.259
 21
62.5546
  0
LINE
  8
0
 10
110.259
 20
62.5546
 11
110.668
 21
61.7291
  0
LINE
  8
0
 10
110.668
 20
61.7291
 11
111.067
 21
60.8987
  0
LINE
  8
0
 10
111.067
 20
60.8987
 11
111.456
 21
60.0634
  0
LINE
  8
0
 10
111.456
 20
60.0634
 11
111.834
 21
59.2235
  0
LINE
  8
0
 10
111.834
 20
59.2235
 11
112.202
 21
58.3789
  0
LINE
  8
0
 10
112.202
 20
58.3789
 11
112.56
 21
57.5299
  0
LINE
  8
0
 10
112.56
 20
57.5299
 11
112.908
 21
56.6766
  0
LINE
  8
0
 10
112.908
 20
56.6766
 11
113.244
 21
55.8191
  0
LINE
  8
0
 10
113.244
 20
55.8191
 11
113.571
 21
54.9575
  0
LINE
  8
0
 10
113.571
 20
54.9575
 11
113.886
 21
54.092
  0
LINE
  8
0
 10
113.886
 20
54.092
 11
114.191
 21
53.2227
  0
LINE
  8
0
 10
114.191
 20
53.2227
 11
114.486
 21
52.3496
  0
LINE
  8
0
 10
114.486
 20
52.3496
 11
114.769
 21
51.4731
  0
LINE
  8
0
 10
114.769
 20
51.4731
 11
115.042
 21
50.5931
  0
LINE
  8
0
 10
115.042
 20
50.5931
 11
115.304
 21
49.7099
  0
LINE
  8
0
 10
115.304
 20
49.7099
 11
115.555
 21
48.8234
  0
LINE
  8
0
 10
115.555
 20
48.8234
 11
115.796
 21
47.934
  0
LINE
  8
0
 10
115.796
 20
47.934
 11
116.025
 21
47.0417
  0
LINE
  8
0
 10
116.025
 20
47.0417
 11
116.243
 21
46.1467
  0
LINE
  8
0
 10
116.243
 20
46.1467
 11
116.451
 21
45.249
  0
LINE
  8
0
 10
116.451
 20
45.249
 11
116.647
 21
44.3489
  0
LINE
  8
0
 10
116.647
 20
44.3489
 11
116.832
 21
43.4464
  0
LINE
  8
0
 10
116.832
 20
43.4464
 11
117.007
 21
42.5417
  0
LINE
  8
0
 10
117.007
 20
42.5417
 11
117.17
 21
41.6349
  0
LINE
  8
0
 10
117.17
 20
41.6349
 11
117.322
 21
40.7263
  0
LINE
  8
0
 10
117.322
 20
40.7263
 11
117.462
 21
39.8158
  0
LINE
  8
0
 10
117.462
 20
39.8158
 11
117.592
 21
38.9036
  0
LINE
  8
0
 10
117.592
 20
38.9036
 11
117.71
 21
37.99
  0
LINE
  8
0
 10
117.71
 20
37.99
 11
117.818
 21
37.0749
  0
LINE
  8
0
 10
117.818
 20
37.0749
 11
117.913
 21
36.1586
  0
LINE
  8
0
 10
117.913
 20
36.1586
 11
117.998
 21
35.2412
  0
LINE
  8
0
 10
117.998
 20
35.2412
 11
118.072
 21
34.3228
  0
LINE
  8
0
 10
118.072
 20
34.3228
 11
118.134
 21
33.4036
  0
LINE
  8
0
 10
118.134
 20
33.4036
 11
118.185
 21
32.4837
  0
LINE
  8
0
 10
118.185
 20
32.4837
 11
118.224
 21
31.5633
  0
LINE
  8
0
 10
118.224
 20
31.5633
 11
118.252
 21
30.6424
  0
LINE
  8
0
 10
118.252
 20
30.6424
 11
118.269
 21
29.7213
  0
LINE
  8
0
 10
118.269
 20
29.7213
 11
118.275
 21
28.8
  0
LINE
  8
0
 10
118.275
 20
28.8
 11
118.269
 21
27.8787
  0
LINE
  8
0
 10
118.269
 20
27.8787
 11
118.252
 21
26.9576
  0
LINE
  8
0
 10
118.252
 20
26.9576
 11
118.224
 21
26.0367
  0
LINE
  8
0
 10
118.224
 20
26.0367
 11
118.185
 21
25.1162
  0
LINE
  8
0
 10
118.185
 20
25.1162
 11
118.134
 21
24.1963
  0
LINE
  8
0
 10
118.134
 20
24.1963
 11
118.072
 21
23.2771
  0
LINE
  8
0
 10
118.072
 20
23.2771
 11
117.998
 21
22.3588
  0
LINE
  8
0
 10
117.998
 20
22.3588
 11
117.913
 21
21.4414
  0
LINE
  8
0
 10
117.913
 20
21.4414
 11
117.818
 21
20.5251
  0
LINE
  8
0
 10
117.818
 20
20.5251
 11
117.71
 21
19.61
  0
LINE
  8
0
 10
117.71
 20
19.61
 11
117.592
 21
18.6964
  0
LINE
  8
0
 10
117.592
 20
18.6964
 11
117.462
 21
17.7842
  0
LINE
  8
0
 10
117.462
 20
17.7842
 11
117.322
 21
16.8737
  0
LINE
  8
0
 10
117.322
 20
16.8737
 11
117.17
 21
15.965
  0
LINE
  8
0
 10
117.17
 20
15.965
 11
117.007
 21
15.0583
  0
LINE
  8
0
 10
117.007
 20
15.0583
 11
116.832
 21
14.1536
  0
LINE
  8
0
 10
116.832
 20
14.1536
 11
116.647
 21
13.2511
  0
LINE
  8
0
 10
116.647
 20
13.2511
 11
116.451
 21
12.351
  0
LINE
  8
0
 10
116.451
 20
12.351
 11
116.243
 21
11.4533
  0
LINE
  8
0
 10
116.243
 20
11.4533
 11
116.025
 21
10.5583
  0
LINE
  8
0
 10
116.025
 20
10.5583
 11
115.796
 21
9.66595
  0
LINE
  8
0
 10
115.796
 20
9.66595
 11
115.555
 21
8.77654
  0
LINE
  8
0
 10
115.555
 20
8.77654
 11
115.304
 21
7.89012
  0
LINE
  8
0
 10
115.304
 20
7.89012
 11
115.042
 21
7.00687
  0
LINE
  8
0
 10
115.042
 20
7.00687
 11
114.769
 21
6.12689
  0
LINE
  8
0
 10
114.769
 20
6.12689
 11
114.486
 21
5.25034
  0
LINE
  8
0
 10
114.486
 20
5.25034
 11
114.191
 21
4.37732
  0
LINE
  8
0
 10
114.191
 20
4.37732
 11
113.886
 21
3.508
  0
LINE
  8
0
 10
113.886
 20
3.508
 11
113.571
 21
2.64246
  0
LINE
  8
0
 10
113.571
 20
2.64246
 11
113.244
 21
1.78087
  0
LINE
  8
0
 10
113.244
 20
1.78087
 11
112.908
 21
0.923355
  0
LINE
  8
0
 10
112.908
 20
0.923355
 11
112.56
 21
0.0700378
  0
LINE
  8
0
 10
112.56
 20
0.0700378
 11
112.202
 21
-0.778946
  0
LINE
  8
0
 10
112.202
 20
-0.778946
 11
111.834
 21
-1.62349
  0
LINE
  8
0
 10
111.834
 20
-1.62349
 11
111.456
 21
-2.46344
  0
LINE
  8
0
 10
111.456
 20
-2.46344
 11
111.067
 21
-3.29869
  0
LINE
  8
0
 10
111.067
 20
-3.29869
 11
110.668
 21
-4.1291
  0
LINE
  8
0
 10
110.668
 20
-4.1291
 11
110.259
 21
-4.95456
  0
LINE
  8
0
 10
110.259
 20
-4.95456
 11
109.84
 21
-5.77493
  0
LINE
  8
0
 10
109.84
 20
-5.77493
 11
109.41
 21
-6.5901
  0
LINE
  8
0
 10
109.41
 20
-6.5901
 11
108.971
 21
-7.39993
  0
LINE
  8
0
 10
108.971
 20
-7.39993
 11
108.522
 21
-8.20433
  0
LINE
  8
0
 10
108.522
 20
-8.20433
 11
108.063
 21
-9.00313
  0
LINE
  8
0
 10
108.063
 20
-9.00313
 11
107.594
 21
-9.79625
  0
LINE
  8
0
 10
107.594
 20
-9.79625
 11
107.115
 21
-10.5836
  0
LINE
  8
0
 10
107.115
 20
-10.5836
 11
106.627
 21
-11.3649
  0
LINE
  8
0
 10
106.627
 20
-11.3649
 11
106.13
 21
-12.1403
  0
LINE
  8
0
 10
106.13
 20
-12.1403
 11
105.623
 21
-12.9094
  0
LINE
  8
0
 10
105.623
 20
-12.9094
 11
105.106
 21
-13.6723
  0
LINE
  8
0
 10
105.106
 20
-13.6723
 11
104.58
 21
-14.4288
  0
LINE
  8
0
 10
104.58
 20
-14.4288
 11
104.045
 21
-15.1788
  0
LINE
  8
0
 10
104.045
 20
-15.1788
 11
103.501
 21
-15.9221
  0
LINE
  8
0
 10
103.501
 20
-15.9221
 11
102.947
 21
-16.6587
  0
LINE
  8
0
 10
102.947
 20
-16.6587
 11
102.385
 21
-17.3885
  0
LINE
  8
0
 10
102.385
 20
-17.3885
 11
101.814
 21
-18.1113
  0
LINE
  8
0
 10
101.814
 20
-18.1113
 11
101.234
 21
-18.8271
  0
LINE
  8
0
 10
101.234
 20
-18.8271
 11
100.645
 21
-19.5356
  0
LINE
  8
0
 10
100.645
 20
-19.5356
 11
100.047
 21
-20.2369
  0
LINE
  8
0
 10
100.047
 20
-20.2369
 11
99.4414
 21
-20.9309
  0
LINE
  8
0
 10
99.4414
 20
-20.9309
 11
98.8269
 21
-21.6173
  0
LINE
  8
0
 10
98.8269
 20
-21.6173
 11
98.204
 21
-22.2961
  0
LINE
  8
0
 10
98.204
 20
-22.2961
 11
97.5728
 21
-22.9673
  0
LINE
  8
0
 10
97.5728
 20
-22.9673
 11
96.9335
 21
-23.6306
  0
LINE
  8
0
 10
96.9335
 20
-23.6306
 11
96.286
 21
-24.286
  0
LINE
  8
0
 10
96.286
 20
-24.286
 11
95.6306
 21
-24.9335
  0
LINE
  8
0
 10
95.6306
 20
-24.9335
 11
94.9673
 21
-25.5728
  0
LINE
  8
0
 10
94.9673
 20
-25.5728
 11
94.2961
 21
-26.204
  0
LINE
  8
0
 10
94.2961
 20
-26.204
 11
93.6173
 21
-26.8269
  0
LINE
  8
0
 10
93.6173
 20
-26.8269
 11
92.9309
 21
-27.4414
  0
LINE
  8
0
 10
92.9309
 20
-27.4414
 11
92.2369
 21
-28.0474
  0
LINE
  8
0
 10
92.2369
 20
-28.0474
 11
91.5356
 21
-28.6449
  0
LINE
  8
0
 10
91.5356
 20
-28.6449
 11
90.8271
 21
-29.2337
  0
LINE
  8
0
 10
90.8271
 20
-29.2337
 11
90.1113
 21
-29.8138
  0
LINE
  8
0
 10
90.1113
 20
-29.8138
 11
89.3885
 21
-30.3851
  0
LINE
  8
0
 10
89.3885
 20
-30.3851
 11
88.6587
 21
-30.9474
  0
LINE
  8
0
 10
88.6587
 20
-30.9474
 11
87.9221
 21
-31.5008
  0
LINE
  8
0
 10
87.9221
 20
-31.5008
 11
87.1788
 21
-32.0451
  0
LINE
  8
0
 10
87.1788
 20
-32.0451
 11
86.4288
 21
-32.5802
  0
LINE
  8
0
 10
86.4288
 20
-32.5802
 11
85.6723
 21
-33.106
  0
LINE
  8
0
 10
85.6723
 20
-33.106
 11
84.9094
 21
-33.6226
  0
LINE
  8
0
 10
84.9094
 20
-33.6226
 11
84.1403
 21
-34.1297
  0
LINE
  8
0
 10
84.1403
 20
-34.1297
 11
83.3649
 21
-34.6274
  0
LINE
  8
0
 10
83.3649
 20
-34.6274
 11
82.5836
 21
-35.1155
  0
LINE
  8
0
 10
82.5836
 20
-35.1155
 11
81.7962
 21
-35.594
  0
LINE
  8
0
 10
81.7962
 20
-35.594
 11
81.0031
 21
-36.0628
  0
LINE
  8
0
 10
81.0031
 20
-36.0628
 11
80.2043
 21
-36.5218
  0
LINE
  8
0
 10
80.2043
 20
-36.5218
 11
79.3999
 21
-36.971
  0
LINE
  8
0
 10
79.3999
 20
-36.971
 11
78.5901
 21
-37.4102
  0
LINE
  8
0
 10
78.5901
 20
-37.4102
 11
77.7749
 21
-37.8395
  0
LINE
  8
0
 10
77.7749
 20
-37.8395
 11
76.9546
 21
-38.2588
  0
LINE
  8
0
 10
76.9546
 20
-38.2588
 11
76.1291
 21
-38.668
  0
LINE
  8
0
 10
76.1291
 20
-38.668
 11
75.2987
 21
-39.067
  0
LINE
  8
0
 10
75.2987
 20
-39.067
 11
74.4634
 21
-39.4558
  0
LINE
  8
0
 10
74.4634
 20
-39.4558
 11
73.6235
 21
-39.8343
  0
LINE
  8
0
 10
73.6235
 20
-39.8343
 11
72.7789
 21
-40.2025
  0
LINE
  8
0
 10
72.7789
 20
-40.2025
 11
71.9299
 21
-40.5602
  0
LINE
  8
0
 10
71.9299
 20
-40.5602
 11
71.0766
 21
-40.9076
  0
LINE
  8
0
 10
71.0766
 20
-40.9076
 11
70.2191
 21
-41.2444
  0
LINE
  8
0
 10
70.2191
 20
-41.2444
 11
69.3575
 21
-41.5707
  0
LINE
  8
0
 10
69.3575
 20
-41.5707
 11
68.492
 21
-41.8864
  0
LINE
  8
0
 10
68.492
 20
-41.8864
 11
67.6227
 21
-42.1915
  0
LINE
  8
0
 10
67.6227
 20
-42.1915
 11
66.7496
 21
-42.4858
  0
LINE
  8
0
 10
66.7496
 20
-42.4858
 11
65.8731
 21
-42.7694
  0
LINE
  8
0
 10
65.8731
 20
-42.7694
 11
64.9931
 21
-43.0423
  0
LINE
  8
0
 10
64.9931
 20
-43.0423
 11
64.1099
 21
-43.3043
  0
LINE
  8
0
 10
64.1099
 20
-43.3043
 11
63.2234
 21
-43.5555
  0
LINE
  8
0
 10
63.2234
 20
-43.5555
 11
62.334
 21
-43.7957
  0
LINE
  8
0
 10
62.334
 20
-43.7957
 11
61.4417
 21
-44.0251
  0
LINE
  8
0
 10
61.4417
 20
-44.0251
 11
60.5467
 21
-44.2435
  0
LINE
  8
0
 10
60.5467
 20
-44.2435
 11
59.649
 21
-44.4508
  0
LINE
  8
0
 10
59.649
 20
-44.4508
 11
58.7489
 21
-44.6472
  0
LINE
  8
0
 10
58.7489
 20
-44.6472
 11
57.8464
 21
-44.8324
  0
LINE
  8
0
 10
57.8464
 20
-44.8324
 11
56.9417
 21
-45.0066
  0
LINE
  8
0
 10
56.9417
 20
-45.0066
 11
56.035
 21
-45.1697
  0
LINE
  8
0
 10
56.035
 20
-45.1697
 11
55.1263
 21
-45.3216
  0
LINE
  8
0
 10
55.1263
 20
-45.3216
 11
54.2158
 21
-45.4624
  0
LINE
  8
0
 10
54.2158
 20
-45.4624
 11
53.3036
 21
-45.592
  0
LINE
  8
0
 10
53.3036
 20
-45.592
 11
52.39
 21
-45.7104
  0
LINE
  8
0
 10
52.39
 20
-45.7104
 11
51.4749
 21
-45.8176
  0
LINE
  8
0
 10
51.4749
 20
-45.8176
 11
50.5586
 21
-45.9135
  0
LINE
  8
0
 10
50.5586
 20
-45.9135
 11
49.6412
 21
-45.9982
  0
LINE
  8
0
 10
49.6412
 20
-45.9982
 11
48.7229
 21
-46.0716
  0
LINE
  8
0
 10
48.7229
 20
-46.0716
 11
47.8036
 21
-46.1337
  0
LINE
  8
0
 10
47.8036
 20
-46.1337
 11
46.8837
 21
-46.1846
  0
LINE
  8
0
 10
46.8837
 20
-46.1846
 11
45.9633
 21
-46.2241
  0
LINE
  8
0
 10
45.9633
 20
-46.2241
 11
45.0424
 21
-46.2524
  0
LINE
  8
0
 10
45.0424
 20
-46.2524
 11
44.1213
 21
-46.2693
  0
LINE
  8
0
 10
44.1213
 20
-46.2693
 11
43.2
 21
-46.275
  0
LINE
  8
0
 10
43.2
 20
-46.275
 11
42.2787
 21
-46.2693
  0
LINE
  8
0
 10
44.1194
 20
-46.1194
 11
45.0387
 21
-46.1024
  0
LINE
  8
0
 10
45.0387
 20
-46.1024
 11
45.9578
 21
-46.0742
  0
LINE
  8
0
 10
45.9578
 20
-46.0742
 11
46.8764
 21
-46.0347
  0
LINE
  8
0
 10
46.8764
 20
-46.0347
 11
47.7944
 21
-45.984
  0
LINE
  8
0
 10
47.7944
 20
-45.984
 11
48.7118
 21
-45.922
  0
LINE
  8
0
 10
48.7118
 20
-45.922
 11
49.6284
 21
-45.8487
  0
LINE
  8
0
 10
49.6284
 20
-45.8487
 11
50.5439
 21
-45.7642
  0
LINE
  8
0
 10
50.5439
 20
-45.7642
 11
51.4584
 21
-45.6685
  0
LINE
  8
0
 10
51.4584
 20
-45.6685
 11
52.3716
 21
-45.5615
  0
LINE
  8
0
 10
52.3716
 20
-45.5615
 11
53.2834
 21
-45.4434
  0
LINE
  8
0
 10
53.2834
 20
-45.4434
 11
54.1938
 21
-45.314
  0
LINE
  8
0
 10
54.1938
 20
-45.314
 11
55.1024
 21
-45.1736
  0
LINE
  8
0
 10
55.1024
 20
-45.1736
 11
56.0093
 21
-45.0219
  0
LINE
  8
0
 10
56.0093
 20
-45.0219
 11
56.9142
 21
-44.8592
  0
LINE
  8
0
 10
56.9142
 20
-44.8592
 11
57.8171
 21
-44.6853
  0
LINE
  8
0
 10
57.8171
 20
-44.6853
 11
58.7178
 21
-44.5004
  0
LINE
  8
0
 10
58.7178
 20
-44.5004
 11
59.6161
 21
-44.3045
  0
LINE
  8
0
 10
59.6161
 20
-44.3045
 11
60.512
 21
-44.0975
  0
LINE
  8
0
 10
60.512
 20
-44.0975
 11
61.4053
 21
-43.8796
  0
LINE
  8
0
 10
61.4053
 20
-43.8796
 11
62.2958
 21
-43.6507
  0
LINE
  8
0
 10
62.2958
 20
-43.6507
 11
63.1834
 21
-43.4109
  0
LINE
  8
0
 10
63.1834
 20
-43.4109
 11
64.0681
 21
-43.1602
  0
LINE
  8
0
 10
64.0681
 20
-43.1602
 11
64.9496
 21
-42.8987
  0
LINE
  8
0
 10
64.9496
 20
-42.8987
 11
65.8278
 21
-42.6264
  0
LINE
  8
0
 10
65.8278
 20
-42.6264
 11
66.7026
 21
-42.3434
  0
LINE
  8
0
 10
66.7026
 20
-42.3434
 11
67.5739
 21
-42.0496
  0
LINE
  8
0
 10
67.5739
 20
-42.0496
 11
68.4415
 21
-41.7452
  0
LINE
  8
0
 10
68.4415
 20
-41.7452
 11
69.3053
 21
-41.4301
  0
LINE
  8
0
 10
69.3053
 20
-41.4301
 11
70.1651
 21
-41.1045
  0
LINE
  8
0
 10
70.1651
 20
-41.1045
 11
71.0209
 21
-40.7683
  0
LINE
  8
0
 10
71.0209
 20
-40.7683
 11
71.8725
 21
-40.4217
  0
LINE
  8
0
 10
71.8725
 20
-40.4217
 11
72.7198
 21
-40.0646
  0
LINE
  8
0
 10
72.7198
 20
-40.0646
 11
73.5627
 21
-39.6972
  0
LINE
  8
0
 10
73.5627
 20
-39.6972
 11
74.401
 21
-39.3194
  0
LINE
  8
0
 10
74.401
 20
-39.3194
 11
75.2346
 21
-38.9314
  0
LINE
  8
0
 10
75.2346
 20
-38.9314
 11
76.0633
 21
-38.5332
  0
LINE
  8
0
 10
76.0633
 20
-38.5332
 11
76.8871
 21
-38.1248
  0
LINE
  8
0
 10
76.8871
 20
-38.1248
 11
77.7059
 21
-37.7064
  0
LINE
  8
0
 10
77.7059
 20
-37.7064
 11
78.5194
 21
-37.2779
  0
LINE
  8
0
 10
78.5194
 20
-37.2779
 11
79.3276
 21
-36.8395
  0
LINE
  8
0
 10
79.3276
 20
-36.8395
 11
80.1304
 21
-36.3913
  0
LINE
  8
0
 10
80.1304
 20
-36.3913
 11
80.9276
 21
-35.9332
  0
LINE
  8
0
 10
80.9276
 20
-35.9332
 11
81.7191
 21
-35.4653
  0
LINE
  8
0
 10
81.7191
 20
-35.4653
 11
82.5049
 21
-34.9878
  0
LINE
  8
0
 10
82.5049
 20
-34.9878
 11
83.2847
 21
-34.5006
  0
LINE
  8
0
 10
83.2847
 20
-34.5006
 11
84.0585
 21
-34.004
  0
LINE
  8
0
 10
84.0585
 20
-34.004
 11
84.8261
 21
-33.4978
  0
LINE
  8
0
 10
84.8261
 20
-33.4978
 11
85.5874
 21
-32.9823
  0
LINE
  8
0
 10
85.5874
 20
-32.9823
 11
86.3424
 21
-32.4575
  0
LINE
  8
0
 10
86.3424
 20
-32.4575
 11
87.0909
 21
-31.9235
  0
LINE
  8
0
 10
87.0909
 20
-31.9235
 11
87.8328
 21
-31.3803
  0
LINE
  8
0
 10
87.8328
 20
-31.3803
 11
88.5679
 21
-30.8281
  0
LINE
  8
0
 10
88.5679
 20
-30.8281
 11
89.2962
 21
-30.2668
  0
LINE
  8
0
 10
89.2962
 20
-30.2668
 11
90.0176
 21
-29.6967
  0
LINE
  8
0
 10
90.0176
 20
-29.6967
 11
90.7319
 21
-29.1178
  0
LINE
  8
0
 10
90.7319
 20
-29.1178
 11
91.4391
 21
-28.5302
  0
LINE
  8
0
 10
91.4391
 20
-28.5302
 11
92.139
 21
-27.9339
  0
LINE
  8
0
 10
92.139
 20
-27.9339
 11
92.8315
 21
-27.329
  0
LINE
  8
0
 10
92.8315
 20
-27.329
 11
93.5165
 21
-26.7158
  0
LINE
  8
0
 10
93.5165
 20
-26.7158
 11
94.194
 21
-26.0941
  0
LINE
  8
0
 10
94.194
 20
-26.0941
 11
94.8638
 21
-25.4642
  0
LINE
  8
0
 10
94.8638
 20
-25.4642
 11
95.5258
 21
-24.8261
  0
LINE
  8
0
 10
95.5258
 20
-24.8261
 11
96.18
 21
-24.18
  0
LINE
  8
0
 10
96.18
 20
-24.18
 11
96.8261
 21
-23.5258
  0
LINE
  8
0
 10
96.8261
 20
-23.5258
 11
97.4642
 21
-22.8638
  0
LINE
  8
0
 10
97.4642
 20
-22.8638
 11
98.0941
 21
-22.194
  0
LINE
  8
0
 10
98.0941
 20
-22.194
 11
98.7158
 21
-21.5165
  0
LINE
  8
0
 10
98.7158
 20
-21.5165
 11
99.329
 21
-20.8315
  0
LINE
  8
0
 10
99.329
 20
-20.8315
 11
99.9339
 21
-20.139
  0
LINE
  8
0
 10
99.9339
 20
-20.139
 11
100.53
 21
-19.4391
  0
LINE
  8
0
 10
100.53
 20
-19.4391
 11
101.118
 21
-18.7319
  0
LINE
  8
0
 10
101.118
 20
-18.7319
 11
101.697
 21
-18.0176
  0
LINE
  8
0
 10
101.697
 20
-18.0176
 11
102.267
 21
-17.2962
  0
LINE
  8
0
 10
102.267
 20
-17.2962
 11
102.828
 21
-16.5679
  0
LINE
  8
0
 10
102.828
 20
-16.5679
 11
103.38
 21
-15.8328
  0
LINE
  8
0
 10
103.38
 20
-15.8328
 11
103.923
 21
-15.0909
  0
LINE
  8
0
 10
103.923
 20
-15.0909
 11
104.458
 21
-14.3424
  0
LINE
  8
0
 10
104.458
 20
-14.3424
 11
104.982
 21
-13.5874
  0
LINE
  8
0
 10
104.982
 20
-13.5874
 11
105.498
 21
-12.8261
  0
LINE
  8
0
 10
105.498
 20
-12.8261
 11
106.004
 21
-12.0585
  0
LINE
  8
0
 10
106.004
 20
-12.0585
 11
106.501
 21
-11.2847
  0
LINE
  8
0
 10
106.501
 20
-11.2847
 11
106.988
 21
-10.5049
  0
LINE
  8
0
 10
106.988
 20
-10.5049
 11
107.465
 21
-9.71915
  0
LINE
  8
0
 10
107.465
 20
-9.71915
 11
107.933
 21
-8.9276
  0
LINE
  8
0
 10
107.933
 20
-8.9276
 11
108.391
 21
-8.13039
  0
LINE
  8
0
 10
108.391
 20
-8.13039
 11
108.84
 21
-7.32761
  0
LINE
  8
0
 10
108.84
 20
-7.32761
 11
109.278
 21
-6.51939
  0
LINE
  8
0
 10
109.278
 20
-6.51939
 11
109.706
 21
-5.70586
  0
LINE
  8
0
 10
109.706
 20
-5.70586
 11
110.125
 21
-4.88712
  0
LINE
  8
0
 10
110.125
 20
-4.88712
 11
110.533
 21
-4.06331
  0
LINE
  8
0
 10
110.533
 20
-4.06331
 11
110.931
 21
-3.23456
  0
LINE
  8
0
 10
110.931
 20
-3.23456
 11
111.319
 21
-2.40097
  0
LINE
  8
0
 10
111.319
 20
-2.40097
 11
111.697
 21
-1.5627
  0
LINE
  8
0
 10
111.697
 20
-1.5627
 11
112.065
 21
-0.719849
  0
LINE
  8
0
 10
112.065
 20
-0.719849
 11
112.422
 21
0.127441
  0
LINE
  8
0
 10
112.422
 20
0.127441
 11
112.768
 21
0.97905
  0
LINE
  8
0
 10
112.768
 20
0.97905
 11
113.104
 21
1.83485
  0
LINE
  8
0
 10
113.104
 20
1.83485
 11
113.43
 21
2.69472
  0
LINE
  8
0
 10
113.43
 20
2.69472
 11
113.745
 21
3.55852
  0
LINE
  8
0
 10
113.745
 20
3.55852
 11
114.05
 21
4.42612
  0
LINE
  8
0
 10
114.05
 20
4.42612
 11
114.343
 21
5.29739
  0
LINE
  8
0
 10
114.343
 20
5.29739
 11
114.626
 21
6.1722
  0
LINE
  8
0
 10
114.626
 20
6.1722
 11
114.899
 21
7.05042
  0
LINE
  8
0
 10
114.899
 20
7.05042
 11
115.16
 21
7.9319
  0
LINE
  8
0
 10
115.16
 20
7.9319
 11
115.411
 21
8.81654
  0
LINE
  8
0
 10
115.411
 20
8.81654
 11
115.651
 21
9.70418
  0
LINE
  8
0
 10
115.651
 20
9.70418
 11
115.88
 21
10.5947
  0
LINE
  8
0
 10
115.88
 20
10.5947
 11
116.098
 21
11.488
  0
LINE
  8
0
 10
116.098
 20
11.488
 11
116.304
 21
12.3838
  0
LINE
  8
0
 10
116.304
 20
12.3838
 11
116.5
 21
13.2822
  0
LINE
  8
0
 10
116.5
 20
13.2822
 11
116.685
 21
14.1828
  0
LINE
  8
0
 10
116.685
 20
14.1828
 11
116.859
 21
15.0857
  0
LINE
  8
0
 10
116.859
 20
15.0857
 11
117.022
 21
15.9907
  0
LINE
  8
0
 10
117.022
 20
15.9907
 11
117.174
 21
16.8976
  0
LINE
  8
0
 10
117.174
 20
16.8976
 11
117.314
 21
17.8062
  0
LINE
  8
0
 10
117.314
 20
17.8062
 11
117.443
 21
18.7165
  0
LINE
  8
0
 10
117.443
 20
18.7165
 11
117.562
 21
19.6284
  0
LINE
  8
0
 10
117.562
 20
19.6284
 11
117.668
 21
20.5416
  0
LINE
  8
0
 10
117.668
 20
20.5416
 11
117.764
 21
21.4561
  0
LINE
  8
0
 10
117.764
 20
21.4561
 11
117.849
 21
22.3716
  0
LINE
  8
0
 10
117.849
 20
22.3716
 11
117.922
 21
23.2882
  0
LINE
  8
0
 10
117.922
 20
23.2882
 11
117.984
 21
24.2055
  0
LINE
  8
0
 10
117.984
 20
24.2055
 11
118.035
 21
25.1236
  0
LINE
  8
0
 10
118.035
 20
25.1236
 11
118.074
 21
26.0422
  0
LINE
  8
0
 10
118.074
 20
26.0422
 11
118.102
 21
26.9612
  0
LINE
  8
0
 10
118.102
 20
26.9612
 11
118.119
 21
27.8806
  0
LINE
  8
0
 10
118.119
 20
27.8806
 11
118.125
 21
28.8
  0
LINE
  8
0
 10
118.125
 20
28.8
 11
118.119
 21
29.7194
  0
LINE
  8
0
 10
118.119
 20
29.7194
 11
118.102
 21
30.6387
  0
LINE
  8
0
 10
118.102
 20
30.6387
 11
118.074
 21
31.5578
  0
LINE
  8
0
 10
118.074
 20
31.5578
 11
118.035
 21
32.4764
  0
LINE
  8
0
 10
118.035
 20
32.4764
 11
117.984
 21
33.3944
  0
LINE
  8
0
 10
117.984
 20
33.3944
 11
117.922
 21
34.3118
  0
LINE
  8
0
 10
117.922
 20
34.3118
 11
117.849
 21
35.2283
  0
LINE
  8
0
 10
117.849
 20
35.2283
 11
117.764
 21
36.1439
  0
LINE
  8
0
 10
117.764
 20
36.1439
 11
117.668
 21
37.0584
  0
LINE
  8
0
 10
117.668
 20
37.0584
 11
117.562
 21
37.9716
  0
LINE
  8
0
 10
117.562
 20
37.9716
 11
117.443
 21
38.8834
  0
LINE
  8
0
 10
117.443
 20
38.8834
 11
117.314
 21
39.7938
  0
LINE
  8
0
 10
117.314
 20
39.7938
 11
117.174
 21
40.7024
  0
LINE
  8
0
 10
117.174
 20
40.7024
 11
117.022
 21
41.6093
  0
LINE
  8
0
 10
117.022
 20
41.6093
 11
116.859
 21
42.5142
  0
LINE
  8
0
 10
116.859
 20
42.5142
 11
116.685
 21
43.4171
  0
LINE
  8
0
 10
116.685
 20
43.4171
 11
116.5
 21
44.3178
  0
LINE
  8
0
 10
116.5
 20
44.3178
 11
116.304
 21
45.2161
  0
LINE
  8
0
 10
116.304
 20
45.2161
 11
116.098
 21
46.112
  0
LINE
  8
0
 10
116.098
 20
46.112
 11
115.88
 21
47.0053
  0
LINE
  8
0
 10
115.88
 20
47.0053
 11
115.651
 21
47.8958
  0
LINE
  8
0
 10
115.651
 20
47.8958
 11
115.411
 21
48.7834
  0
LINE
  8
0
 10
115.411
 20
48.7834
 11
115.16
 21
49.6681
  0
LINE
  8
0
 10
115.16
 20
49.6681
 11
114.899
 21
50.5496
  0
LINE
  8
0
 10
114.899
 20
50.5496
 11
114.626
 21
51.4278
  0
LINE
  8
0
 10
114.626
 20
51.4278
 11
114.343
 21
52.3026
  0
LINE
  8
0
 10
114.343
 20
52.3026
 11
114.05
 21
53.1739
  0
LINE
  8
0
 10
114.05
 20
53.1739
 11
113.745
 21
54.0415
  0
LINE
  8
0
 10
113.745
 20
54.0415
 11
113.43
 21
54.9053
  0
LINE
  8
0
 10
113.43
 20
54.9053
 11
113.104
 21
55.7651
  0
LINE
  8
0
 10
113.104
 20
55.7651
 11
112.768
 21
56.6209
  0
LINE
  8
0
 10
112.768
 20
56.6209
 11
112.422
 21
57.4725
  0
LINE
  8
0
 10
112.422
 20
57.4725
 11
112.065
 21
58.3198
  0
LINE
  8
0
 10
112.065
 20
58.3198
 11
111.697
 21
59.1627
  0
LINE
  8
0
 10
111.697
 20
59.1627
 11
111.319
 21
60.001
  0
LINE
  8
0
 10
111.319
 20
60.001
 11
110.931
 21
60.8345
  0
LINE
  8
0
 10
110.931
 20
60.8345
 11
110.533
 21
61.6633
  0
LINE
  8
0
 10
110.533
 20
61.6633
 11
110.125
 21
62.4871
  0
LINE
  8
0
 10
110.125
 20
62.4871
 11
109.706
 21
63.3058
  0
LINE
  8
0
 10
109.706
 20
63.3058
 11
109.278
 21
64.1194
  0
LINE
  8
0
 10
109.278
 20
64.1194
 11
108.84
 21
64.9276
  0
LINE
  8
0
 10
108.84
 20
64.9276
 11
108.391
 21
65.7304
  0
LINE
  8
0
 10
108.391
 20
65.7304
 11
107.933
 21
66.5276
  0
LINE
  8
0
 10
107.933
 20
66.5276
 11
107.465
 21
67.3191
  0
LINE
  8
0
 10
107.465
 20
67.3191
 11
106.988
 21
68.1049
  0
LINE
  8
0
 10
106.988
 20
68.1049
 11
106.501
 21
68.8847
  0
LINE
  8
0
 10
106.501
 20
68.8847
 11
106.004
 21
69.6585
  0
LINE
  8
0
 10
106.004
 20
69.6585
 11
105.498
 21
70.4261
  0
LINE
  8
0
 10
105.498
 20
70.4261
 11
104.982
 21
71.1874
  0
LINE
  8
0
 10
104.982
 20
71.1874
 11
104.458
 21
71.9424
  0
LINE
  8
0
 10
104.458
 20
71.9424
 11
103.923
 21
72.6909
  0
LINE
  8
0
 10
103.923
 20
72.6909
 11
103.38
 21
73.4328
  0
LINE
  8
0
 10
103.38
 20
73.4328
 11
102.828
 21
74.1679
  0
LINE
  8
0
 10
102.828
 20
74.1679
 11
102.267
 21
74.8962
  0
LINE
  8
0
 10
102.267
 20
74.8962
 11
101.697
 21
75.6176
  0
LINE
  8
0
 10
101.697
 20
75.6176
 11
101.118
 21
76.3319
  0
LINE
  8
0
 10
101.118
 20
76.3319
 11
100.53
 21
77.0391
  0
LINE
  8
0
 10
100.53
 20
77.0391
 11
99.9339
 21
77.739
  0
LINE
  8
0
 10
99.9339
 20
77.739
 11
99.329
 21
78.4315
  0
LINE
  8
0
 10
99.329
 20
78.4315
 11
98.7158
 21
79.1165
  0
LINE
  8
0
 10
98.7158
 20
79.1165
 11
98.0941
 21
79.794
  0
LINE
  8
0
 10
98.0941
 20
79.794
 11
97.4642
 21
80.4638
  0
LINE
  8
0
 10
97.4642
 20
80.4638
 11
96.8261
 21
81.1258
  0
LINE
  8
0
 10
96.8261
 20
81.1258
 11
96.18
 21
81.78
  0
LINE
  8
0
 10
96.18
 20
81.78
 11
95.5258
 21
82.4261
  0
LINE
  8
0
 10
95.5258
 20
82.4261
 11
94.8638
 21
83.0642
  0
LINE
  8
0
 10
94.8638
 20
83.0642
 11
94.194
 21
83.6941
  0
LINE
  8
0
 10
94.194
 20
83.6941
 11
93.5165
 21
84.3158
  0
LINE
  8
0
 10
93.5165
 20
84.3158
 11
92.8315
 21
84.929
  0
LINE
  8
0
 10
92.8315
 20
84.929
 11
92.139
 21
85.5339
  0
LINE
  8
0
 10
92.139
 20
85.5339
 11
91.4391
 21
86.1301
  0
LINE
  8
0
 10
91.4391
 20
86.1301
 11
90.7319
 21
86.7178
  0
LINE
  8
0
 10
90.7319
 20
86.7178
 11
90.0176
 21
87.2967
  0
LINE
  8
0
 10
90.0176
 20
87.2967
 11
89.2962
 21
87.8668
  0
LINE
  8
0
 10
89.2962
 20
87.8668
 11
88.5679
 21
88.4281
  0
LINE
  8
0
 10
88.5679
 20
88.4281
 11
87.8328
 21
88.9803
  0
LINE
  8
0
 10
87.8328
 20
88.9803
 11
87.0909
 21
89.5235
  0
LINE
  8
0
 10
87.0909
 20
89.5235
 11
86.3424
 21
90.0575
  0
LINE
  8
0
 10
86.3424
 20
90.0575
 11
85.5874
 21
90.5823
  0
LINE
  8
0
 10
85.5874
 20
90.5823
 11
84.8261
 21
91.0978
  0
LINE
  8
0
 10
84.8261
 20
91.0978
 11
84.0585
 21
91.604
  0
LINE
  8
0
 10
84.0585
 20
91.604
 11
83.2847
 21
92.1006
  0
LINE
  8
0
 10
83.2847
 20
92.1006
 11
82.5049
 21
92.5878
  0
LINE
  8
0
 10
82.5049
 20
92.5878
 11
81.7191
 21
93.0653
  0
LINE
  8
0
 10
81.7191
 20
93.0653
 11
80.9276
 21
93.5332
  0
LINE
  8
0
 10
80.9276
 20
93.5332
 11
80.1304
 21
93.9913
  0
LINE
  8
0
 10
80.1304
 20
93.9913
 11
79.3276
 21
94.4395
  0
LINE
  8
0
 10
79.3276
 20
94.4395
 11
78.5194
 21
94.8779
  0
LINE
  8
0
 10
78.5194
 20
94.8779
 11
77.7059
 21
95.3064
  0
LINE
  8
0
 10
77.7059
 20
95.3064
 11
76.8871
 21
95.7248
  0
LINE
  8
0
 10
76.8871
 20
95.7248
 11
76.0633
 21
96.1332
  0
LINE
  8
0
 10
76.0633
 20
96.1332
 11
75.2346
 21
96.5314
  0
LINE
  8
0
 10
75.2346
 20
96.5314
 11
74.401
 21
96.9194
  0
LINE
  8
0
 10
74.401
 20
96.9194
 11
73.5627
 21
97.2971
  0
LINE
  8
0
 10
73.5627
 20
97.2971
 11
72.7198
 21
97.6646
  0
LINE
  8
0
 10
72.7198
 20
97.6646
 11
71.8725
 21
98.0217
  0
LINE
  8
0
 10
71.8725
 20
98.0217
 11
71.0209
 21
98.3683
  0
LINE
  8
0
 10
71.0209
 20
98.3683
 11
70.1651
 21
98.7045
  0
LINE
  8
0
 10
70.1651
 20
98.7045
 11
69.3053
 21
99.0301
  0
LINE
  8
0
 10
69.3053
 20
99.0301
 11
68.4415
 21
99.3452
  0
LINE
  8
0
 10
68.4415
 20
99.3452
 11
67.5739
 21
99.6496
  0
LINE
  8
0
 10
67.5739
 20
99.6496
 11
66.7026
 21
99.9434
  0
LINE
  8
0
 10
66.7026
 20
99.9434
 11
65.8278
 21
100.226
  0
LINE
  8
0
 10
65.8278
 20
100.226
 11
64.9496
 21
100.499
  0
LINE
  8
0
 10
64.9496
 20
100.499
 11
64.0681
 21
100.76
  0
LINE
  8
0
 10
64.0681
 20
100.76
 11
63.1834
 21
101.011
  0
LINE
  8
0
 10
63.1834
 20
101.011
 11
62.2958
 21
101.251
  0
LINE
  8
0
 10
62.2958
 20
101.251
 11
61.4053
 21
101.48
  0
LINE
  8
0
 10
61.4053
 20
101.48
 11
60.512
 21
101.698
  0
LINE
  8
0
 10
60.512
 20
101.698
 11
59.6161
 21
101.904
  0
LINE
  8
0
 10
59.6161
 20
101.904
 11
58.7178
 21
102.1
  0
LINE
  8
0
 10
58.7178
 20
102.1
 11
57.8171
 21
102.285
  0
LINE
  8
0
 10
57.8171
 20
102.285
 11
56.9142
 21
102.459
  0
LINE
  8
0
 10
56.9142
 20
102.459
 11
56.0093
 21
102.622
  0
LINE
  8
0
 10
56.0093
 20
102.622
 11
55.1024
 21
102.774
  0
LINE
  8
0
 10
55.1024
 20
102.774
 11
54.1938
 21
102.914
  0
LINE
  8
0
 10
54.1938
 20
102.914
 11
53.2834
 21
103.043
  0
LINE
  8
0
 10
53.2834
 20
103.043
 11
52.3716
 21
103.162
  0
LINE
  8
0
 10
52.3716
 20
103.162
 11
51.4584
 21
103.268
  0
LINE
  8
0
 10
51.4584
 20
103.268
 11
50.5439
 21
103.364
  0
LINE
  8
0
 10
50.5439
 20
103.364
 11
49.6284
 21
103.449
  0
LINE
  8
0
 10
49.6284
 20
103.449
 11
48.7118
 21
103.522
  0
LINE
  8
0
 10
48.7118
 20
103.522
 11
47.7944
 21
103.584
  0
LINE
  8
0
 10
47.7944
 20
103.584
 11
46.8764
 21
103.635
  0
LINE
  8
0
 10
46.8764
 20
103.635
 11
45.9578
 21
103.674
  0
LINE
  8
0
 10
45.9578
 20
103.674
 11
45.0387
 21
103.702
  0
LINE
  8
0
 10
45.0387
 20
103.702
 11
44.1194
 21
103.719
  0
LINE
  8
0
 10
44.1194
 20
103.719
 11
43.2
 21
103.725
  0
LINE
  8
0
 10
43.2
 20
103.725
 11
42.2806
 21
103.719
  0
LINE
  8
0
 10
42.2806
 20
103.719
 11
41.3613
 21
103.702
  0
LINE
  8
0
 10
41.3613
 20
103.702
 11
40.4422
 21
103.674
  0
LINE
  8
0
 10
40.4422
 20
103.674
 11
39.5236
 21
103.635
  0
LINE
  8
0
 10
39.5236
 20
103.635
 11
38.6055
 21
103.584
  0
LINE
  8
0
 10
38.6055
 20
103.584
 11
37.6882
 21
103.522
  0
LINE
  8
0
 10
37.6882
 20
103.522
 11
36.7716
 21
103.449
  0
LINE
  8
0
 10
36.7716
 20
103.449
 11
35.8561
 21
103.364
  0
LINE
  8
0
 10
35.8561
 20
103.364
 11
34.9416
 21
103.268
  0
LINE
  8
0
 10
34.9416
 20
103.268
 11
34.0284
 21
103.162
  0
LINE
  8
0
 10
34.0284
 20
103.162
 11
33.1165
 21
103.043
  0
LINE
  8
0
 10
33.1165
 20
103.043
 11
32.2062
 21
102.914
  0
LINE
  8
0
 10
32.2062
 20
102.914
 11
31.2976
 21
102.774
  0
LINE
  8
0
 10
31.2976
 20
102.774
 11
30.3907
 21
102.622
  0
LINE
  8
0
 10
30.3907
 20
102.622
 11
29.4857
 21
102.459
  0
LINE
  8
0
 10
29.4857
 20
102.459
 11
28.5829
 21
102.285
  0
LINE
  8
0
 10
28.5829
 20
102.285
 11
27.6822
 21
102.1
  0
LINE
  8
0
 10
27.6822
 20
102.1
 11
26.7838
 21
101.904
  0
LINE
  8
0
 10
26.7838
 20
101.904
 11
25.888
 21
101.698
  0
LINE
  8
0
 10
25.888
 20
101.698
 11
24.9947
 21
101.48
  0
LINE
  8
0
 10
24.9947
 20
101.48
 11
24.1042
 21
101.251
  0
LINE
  8
0
 10
24.1042
 20
101.251
 11
23.2166
 21
101.011
  0
LINE
  8
0
 10
23.2166
 20
101.011
 11
22.3319
 21
100.76
  0
LINE
  8
0
 10
22.3319
 20
100.76
 11
21.4504
 21
100.499
  0
LINE
  8
0
 10
21.4504
 20
100.499
 11
20.5722
 21
100.226
  0
LINE
  8
0
 10
20.5722
 20
100.226
 11
19.6974
 21
99.9434
  0
LINE
  8
0
 10
19.6974
 20
99.9434
 11
18.8261
 21
99.6496
  0
LINE
  8
0
 10
18.8261
 20
99.6496
 11
17.9585
 21
99.3452
  0
LINE
  8
0
 10
17.9585
 20
99.3452
 11
17.0947
 21
99.0301
  0
LINE
  8
0
 10
17.0947
 20
99.0301
 11
16.2349
 21
98.7045
  0
LINE
  8
0
 10
16.2349
 20
98.7045
 11
15.3791
 21
98.3683
  0
LINE
  8
0
 10
15.3791
 20
98.3683
 11
14.5275
 21
98.0217
  0
LINE
  8
0
 10
14.5275
 20
98.0217
 11
13.6801
 21
97.6646
  0
LINE
  8
0
 10
13.6801
 20
97.6646
 11
12.8373
 21
97.2971
  0
LINE
  8
0
 10
12.8373
 20
97.2971
 11
11.999
 21
96.9194
  0
LINE
  8
0
 10
11.999
 20
96.9194
 11
11.1654
 21
96.5314
  0
LINE
  8
0
 10
11.1654
 20
96.5314
 11
10.3367
 21
96.1332
  0
LINE
  8
0
 10
10.3367
 20
96.1332
 11
9.51288
 21
95.7248
  0
LINE
  8
0
 10
9.51288
 20
95.7248
 11
8.69414
 21
95.3064
  0
LINE
  8
0
 10
8.69414
 20
95.3064
 11
7.8806
 21
94.8779
  0
LINE
  8
0
 10
7.8806
 20
94.8779
 11
7.07239
 21
94.4395
  0
LINE
  8
0
 10
7.07239
 20
94.4395
 11
6.26961
 21
93.9913
  0
LINE
  8
0
 10
6.26961
 20
93.9913
 11
5.4724
 21
93.5332
  0
LINE
  8
0
 10
5.4724
 20
93.5332
 11
4.68085
 21
93.0653
  0
LINE
  8
0
 10
4.68085
 20
93.0653
 11
3.89513
 21
92.5878
  0
LINE
  8
0
 10
3.89513
 20
92.5878
 11
3.11531
 21
92.1006
  0
LINE
  8
0
 10
3.11531
 20
92.1006
 11
2.34152
 21
91.604
  0
LINE
  8
0
 10
2.34152
 20
91.604
 11
1.5739
 21
91.0978
  0
LINE
  8
0
 10
1.5739
 20
91.0978
 11
0.812546
 21
90.5823
  0
LINE
  8
0
 10
0.812546
 20
90.5823
 11
0.0575714
 21
90.0575
  0
LINE
  8
0
 10
0.0575714
 20
90.0575
 11
-0.690887
 21
89.5235
  0
LINE
  8
0
 10
-0.690887
 20
89.5235
 11
-1.43275
 21
88.9803
  0
LINE
  8
0
 10
-1.43275
 20
88.9803
 11
-2.16789
 21
88.4281
  0
LINE
  8
0
 10
-2.16789
 20
88.4281
 11
-2.89621
 21
87.8668
  0
LINE
  8
0
 10
-2.89621
 20
87.8668
 11
-3.61758
 21
87.2967
  0
LINE
  8
0
 10
-3.61758
 20
87.2967
 11
-4.33189
 21
86.7178
  0
LINE
  8
0
 10
-4.33189
 20
86.7178
 11
-5.03906
 21
86.1301
  0
LINE
  8
0
 10
-5.03906
 20
86.1301
 11
-5.73895
 21
85.5339
  0
LINE
  8
0
 10
-5.73895
 20
85.5339
 11
-6.43149
 21
84.929
  0
LINE
  8
0
 10
-6.43149
 20
84.929
 11
-7.11653
 21
84.3158
  0
LINE
  8
0
 10
-7.11653
 20
84.3158
 11
-7.79401
 21
83.6941
  0
LINE
  8
0
 10
-7.79401
 20
83.6941
 11
-8.46381
 21
83.0642
  0
LINE
  8
0
 10
-8.46381
 20
83.0642
 11
-9.12582
 21
82.4261
  0
LINE
  8
0
 10
-9.12582
 20
82.4261
 11
-9.77995
 21
81.78
  0
LINE
  8
0
 10
-9.77995
 20
81.78
 11
-10.4261
 21
81.1258
  0
LINE
  8
0
 10
-10.4261
 20
81.1258
 11
-11.0642
 21
80.4638
  0
LINE
  8
0
 10
-11.0642
 20
80.4638
 11
-11.6941
 21
79.794
  0
LINE
  8
0
 10
-11.6941
 20
79.794
 11
-12.3158
 21
79.1165
  0
LINE
  8
0
 10
-12.3158
 20
79.1165
 11
-12.929
 21
78.4315
  0
LINE
  8
0
 10
-12.929
 20
78.4315
 11
-13.5339
 21
77.739
  0
LINE
  8
0
 10
-13.5339
 20
77.739
 11
-14.1301
 21
77.0391
  0
LINE
  8
0
 10
-14.1301
 20
77.0391
 11
-14.7178
 21
76.3319
  0
LINE
  8
0
 10
-14.7178
 20
76.3319
 11
-15.2967
 21
75.6176
  0
LINE
  8
0
 10
-15.2967
 20
75.6176
 11
-15.8668
 21
74.8962
  0
LINE
  8
0
 10
-15.8668
 20
74.8962
 11
-16.4281
 21
74.1679
  0
LINE
  8
0
 10
-16.4281
 20
74.1679
 11
-16.9803
 21
73.4328
  0
LINE
  8
0
 10
-16.9803
 20
73.4328
 11
-17.5235
 21
72.6909
  0
LINE
  8
0
 10
-17.5235
 20
72.6909
 11
-18.0575
 21
71.9424
  0
LINE
  8
0
 10
-18.0575
 20
71.9424
 11
-18.5823
 21
71.1874
  0
LINE
  8
0
 10
-18.5823
 20
71.1874
 11
-19.0978
 21
70.4261
  0
LINE
  8
0
 10
-19.0978
 20
70.4261
 11
-19.604
 21
69.6585
  0
LINE
  8
0
 10
-19.604
 20
69.6585
 11
-20.1006
 21
68.8847
  0
LINE
  8
0
 10
-20.1006
 20
68.8847
 11
-20.5878
 21
68.1049
  0
LINE
  8
0
 10
-20.5878
 20
68.1049
 11
-21.0653
 21
67.3191
  0
LINE
  8
0
 10
-21.0653
 20
67.3191
 11
-21.5332
 21
66.5276
  0
LINE
  8
0
 10
-21.5332
 20
66.5276
 11
-21.9913
 21
65.7304
  0
LINE
  8
0
 10
-21.9913
 20
65.7304
 11
-22.4395
 21
64.9276
  0
LINE
  8
0
 10
-22.4395
 20
64.9276
 11
-22.8779
 21
64.1194
  0
LINE
  8
0
 10
-22.8779
 20
64.1194
 11
-23.3064
 21
63.3058
  0
LINE
  8
0
 10
-23.3064
 20
63.3058
 11
-23.7248
 21
62.4871
  0
LINE
  8
0
 10
-23.7248
 20
62.4871
 11
-24.1332
 21
61.6633
  0
LINE
  8
0
 10
-24.1332
 20
61.6633
 11
-24.5314
 21
60.8345
  0
LINE
  8
0
 10
-24.5314
 20
60.8345
 11
-24.9194
 21
60.001
  0
LINE
  8
0
 10
-24.9194
 20
60.001
 11
-25.2971
 21
59.1627
  0
LINE
  8
0
 10
-25.2971
 20
59.1627
 11
-25.6646
 21
58.3198
  0
LINE
  8
0
 10
-25.6646
 20
58.3198
 11
-25.9895
 21
57.5488
  0
LINE
  8
0
 10
-25.9895
 20
57.5488
 11
-25.9895
 21
0.0511932
  0
LINE
  8
0
 10
-25.9895
 20
0.0511932
 11
-25.6646
 21
-0.719849
  0
LINE
  8
0
 10
-25.6646
 20
-0.719849
 11
-25.2971
 21
-1.5627
  0
LINE
  8
0
 10
-25.2971
 20
-1.5627
 11
-24.9194
 21
-2.40097
  0
LINE
  8
0
 10
-24.9194
 20
-2.40097
 11
-24.5314
 21
-3.23456
  0
LINE
  8
0
 10
-24.5314
 20
-3.23456
 11
-24.1332
 21
-4.06331
  0
LINE
  8
0
 10
-24.1332
 20
-4.06331
 11
-23.7248
 21
-4.88712
  0
LINE
  8
0
 10
-23.7248
 20
-4.88712
 11
-23.3064
 21
-5.70586
  0
LINE
  8
0
 10
-23.3064
 20
-5.70586
 11
-22.8779
 21
-6.51939
  0
LINE
  8
0
 10
-22.8779
 20
-6.51939
 11
-22.4395
 21
-7.32761
  0
LINE
  8
0
 10
-22.4395
 20
-7.32761
 11
-21.9913
 21
-8.13039
  0
LINE
  8
0
 10
-21.9913
 20
-8.13039
 11
-21.5332
 21
-8.9276
  0
LINE
  8
0
 10
-21.5332
 20
-8.9276
 11
-21.0653
 21
-9.71915
  0
LINE
  8
0
 10
-21.0653
 20
-9.71915
 11
-20.5878
 21
-10.5049
  0
LINE
  8
0
 10
-20.5878
 20
-10.5049
 11
-20.1006
 21
-11.2847
  0
LINE
  8
0
 10
-20.1006
 20
-11.2847
 11
-19.604
 21
-12.0585
  0
LINE
  8
0
 10
-19.604
 20
-12.0585
 11
-19.0978
 21
-12.8261
  0
LINE
  8
0
 10
-19.0978
 20
-12.8261
 11
-18.5823
 21
-13.5874
  0
LINE
  8
0
 10
-18.5823
 20
-13.5874
 11
-18.0575
 21
-14.3424
  0
LINE
  8
0
 10
-18.0575
 20
-14.3424
 11
-17.5235
 21
-15.0909
  0
LINE
  8
0
 10
-17.5235
 20
-15.0909
 11
-16.9803
 21
-15.8328
  0
LINE
  8
0
 10
-16.9803
 20
-15.8328
 11
-16.4281
 21
-16.5679
  0
LINE
  8
0
 10
-16.4281
 20
-16.5679
 11
-15.8668
 21
-17.2962
  0
LINE
  8
0
 10
-15.8668
 20
-17.2962
 11
-15.2967
 21
-18.0176
  0
LINE
  8
0
 10
-15.2967
 20
-18.0176
 11
-14.7178
 21
-18.7319
  0
LINE
  8
0
 10
-14.7178
 20
-18.7319
 11
-14.1301
 21
-19.4391
  0
LINE
  8
0
 10
-14.1301
 20
-19.4391
 11
-13.5339
 21
-20.139
  0
LINE
  8
0
 10
-13.5339
 20
-20.139
 11
-12.929
 21
-20.8315
  0
LINE
  8
0
 10
-12.929
 20
-20.8315
 11
-12.3158
 21
-21.5165
  0
LINE
  8
0
 10
-12.3158
 20
-21.5165
 11
-11.6941
 21
-22.194
  0
LINE
  8
0
 10
-11.6941
 20
-22.194
 11
-11.0642
 21
-22.8638
  0
LINE
  8
0
 10
-11.0642
 20
-22.8638
 11
-10.4261
 21
-23.5258
  0
LINE
  8
0
 10
-10.4261
 20
-23.5258
 11
-9.77995
 21
-24.18
  0
LINE
  8
0
 10
-9.77995
 20
-24.18
 11
-9.12582
 21
-24.8261
  0
LINE
  8
0
 10
-9.12582
 20
-24.8261
 11
-8.46381
 21
-25.4642
  0
LINE
  8
0
 10
-8.46381
 20
-25.4642
 11
-7.79401
 21
-26.0941
  0
LINE
  8
0
 10
-7.79401
 20
-26.0941
 11
-7.11653
 21
-26.7158
  0
LINE
  8
0
 10
-7.11653
 20
-26.7158
 11
-6.43149
 21
-27.329
  0
LINE
  8
0
 10
-6.43149
 20
-27.329
 11
-5.73895
 21
-27.9339
  0
LINE
  8
0
 10
-5.73895
 20
-27.9339
 11
-5.03906
 21
-28.5302
  0
LINE
  8
0
 10
-5.03906
 20
-28.5302
 11
-4.33189
 21
-29.1178
  0
LINE
  8
0
 10
-4.33189
 20
-29.1178
 11
-3.61758
 21
-29.6967
  0
LINE
  8
0
 10
-3.61758
 20
-29.6967
 11
-2.89621
 21
-30.2668
  0
LINE
  8
0
 10
-2.89621
 20
-30.2668
 11
-2.16789
 21
-30.8281
  0
LINE
  8
0
 10
-2.16789
 20
-30.8281
 11
-1.43275
 21
-31.3803
  0
LINE
  8
0
 10
-1.43275
 20
-31.3803
 11
-0.690887
 21
-31.9235
  0
LINE
  8
0
 10
-0.690887
 20
-31.9235
 11
0.0575714
 21
-32.4575
  0
LINE
  8
0
 10
0.0575714
 20
-32.4575
 11
0.812546
 21
-32.9823
  0
LINE
  8
0
 10
0.812546
 20
-32.9823
 11
1.5739
 21
-33.4978
  0
LINE
  8
0
 10
1.5739
 20
-33.4978
 11
2.34152
 21
-34.004
  0
LINE
  8
0
 10
2.34152
 20
-34.004
 11
3.11531
 21
-34.5006
  0
LINE
  8
0
 10
3.11531
 20
-34.5006
 11
3.89513
 21
-34.9878
  0
LINE
  8
0
 10
3.89513
 20
-34.9878
 11
4.68085
 21
-35.4653
  0
LINE
  8
0
 10
4.68085
 20
-35.4653
 11
5.4724
 21
-35.9332
  0
LINE
  8
0
 10
5.4724
 20
-35.9332
 11
6.26961
 21
-36.3913
  0
LINE
  8
0
 10
6.26961
 20
-36.3913
 11
7.07239
 21
-36.8395
  0
LINE
  8
0
 10
7.07239
 20
-36.8395
 11
7.8806
 21
-37.2779
  0
LINE
  8
0
 10
7.8806
 20
-37.2779
 11
8.69414
 21
-37.7064
  0
LINE
  8
0
 10
8.69414
 20
-37.7064
 11
9.51288
 21
-38.1248
  0
LINE
  8
0
 10
9.51288
 20
-38.1248
 11
10.3367
 21
-38.5332
  0
LINE
  8
0
 10
10.3367
 20
-38.5332
 11
11.1654
 21
-38.9314
  0
LINE
  8
0
 10
11.1654
 20
-38.9314
 11
11.999
 21
-39.3194
  0
LINE
  8
0
 10
11.999
 20
-39.3194
 11
12.8373
 21
-39.6972
  0
LINE
  8
0
 10
12.8373
 20
-39.6972
 11
13.6801
 21
-40.0646
  0
LINE
  8
0
 10
13.6801
 20
-40.0646
 11
14.5275
 21
-40.4217
  0
LINE
  8
0
 10
14.5275
 20
-40.4217
 11
15.3791
 21
-40.7683
  0
LINE
  8
0
 10
15.3791
 20
-40.7683
 11
16.2349
 21
-41.1045
  0
LINE
  8
0
 10
16.2349
 20
-41.1045
 11
17.0947
 21
-41.4301
  0
LINE
  8
0
 10
17.0947
 20
-41.4301
 11
17.9585
 21
-41.7452
  0
LINE
  8
0
 10
17.9585
 20
-41.7452
 11
18.8261
 21
-42.0496
  0
LINE
  8
0
 10
18.8261
 20
-42.0496
 11
19.6974
 21
-42.3434
  0
LINE
  8
0
 10
19.6974
 20
-42.3434
 11
20.5722
 21
-42.6264
  0
LINE
  8
0
 10
20.5722
 20
-42.6264
 11
21.4504
 21
-42.8987
  0
LINE
  8
0
 10
21.4504
 20
-42.8987
 11
22.3319
 21
-43.1602
  0
LINE
  8
0
 10
22.3319
 20
-43.1602
 11
23.2166
 21
-43.4109
  0
LINE
  8
0
 10
23.2166
 20
-43.4109
 11
24.1042
 21
-43.6507
  0
LINE
  8
0
 10
24.1042
 20
-43.6507
 11
24.9947
 21
-43.8796
  0
LINE
  8
0
 10
24.9947
 20
-43.8796
 11
25.888
 21
-44.0975
  0
LINE
  8
0
 10
25.888
 20
-44.0975
 11
26.7838
 21
-44.3045
  0
LINE
  8
0
 10
26.7838
 20
-44.3045
 11
27.6822
 21
-44.5004
  0
LINE
  8
0
 10
27.6822
 20
-44.5004
 11
28.5829
 21
-44.6853
  0
LINE
  8
0
 10
28.5829
 20
-44.6853
 11
29.4857
 21
-44.8592
  0
LINE
  8
0
 10
29.4857
 20
-44.8592
 11
30.3907
 21
-45.0219
  0
LINE
  8
0
 10
30.3907
 20
-45.0219
 11
31.2976
 21
-45.1736
  0
LINE
  8
0
 10
31.2976
 20
-45.1736
 11
32.2062
 21
-45.314
  0
LINE
  8
0
 10
32.2062
 20
-45.314
 11
33.1165
 21
-45.4434
  0
LINE
  8
0
 10
33.1165
 20
-45.4434
 11
34.0284
 21
-45.5615
  0
LINE
  8
0
 10
34.0284
 20
-45.5615
 11
34.9416
 21
-45.6685
  0
LINE
  8
0
 10
34.9416
 20
-45.6685
 11
35.8561
 21
-45.7642
  0
LINE
  8
0
 10
35.8561
 20
-45.7642
 11
36.7716
 21
-45.8487
  0
LINE
  8
0
 10
36.7716
 20
-45.8487
 11
37.6882
 21
-45.922
  0
LINE
  8
0
 10
37.6882
 20
-45.922
 11
38.6055
 21
-45.984
  0
LINE
  8
0
 10
38.6055
 20
-45.984
 11
39.5236
 21
-46.0347
  0
LINE
  8
0
 10
39.5236
 20
-46.0347
 11
40.4422
 21
-46.0742
  0
LINE
  8
0
 10
40.4422
 20
-46.0742
 11
41.3613
 21
-46.1024
  0
LINE
  8
0
 10
41.3613
 20
-46.1024
 11
42.2806
 21
-46.1194
  0
LINE
  8
0
 10
42.2806
 20
-46.1194
 11
43.2
 21
-46.125
  0
LINE
  8
0
 10
43.2
 20
-46.125
 11
44.1194
 21
-46.1194
  0
LINE
  8
0
 10
43.15
 20
62.25
 11
43.15
 21
62.95
  0
LINE
  8
0
 10
43.15
 20
62.95
 11
42.45
 21
62.95
  0
LINE
  8
0
 10
42.45
 20
62.95
 11
42.45
 21
63.05
  0
LINE
  8
0
 10
42.45
 20
63.05
 11
43.15
 21
63.05
  0
LINE
  8
0
 10
43.15
 20
63.05
 11
43.15
 21
63.75
  0
LINE
  8
0
 10
43.15
 20
63.75
 11
43.25
 21
63.75
  0
LINE
  8
0
 10
43.25
 20
63.75
 11
43.25
 21
63.05
  0
LINE
  8
0
 10
43.25
 20
63.05
 11
43.95
 21
63.05
  0
LINE
  8
0
 10
43.95
 20
63.05
 11
43.95
 21
62.95
  0
LINE
  8
0
 10
43.95
 20
62.95
 11
43.25
 21
62.95
  0
LINE
  8
0
 10
43.25
 20
62.95
 11
43.25
 21
62.25
  0
LINE
  8
0
 10
43.25
 20
62.25
 11
43.15
 21
62.25
  0
LINE
  8
0
 10
55.08
 20
51.372
 11
55.08
 21
51.38
  0
LINE
  8
0
 10
55.08
 20
51.38
 11
60.12
 21
51.38
  0
LINE
  8
0
 10
60.12
 20
51.38
 11
60.12
 21
51.372
  0
LINE
  8
0
 10
60.12
 20
51.372
 11
55.08
 21
51.372
  0
LINE
  8
0
 10
40.68
 20
51.372
 11
40.68
 21
51.38
  0
LINE
  8
0
 10
40.68
 20
51.38
 11
45.72
 21
51.38
  0
LINE
  8
0
 10
45.72
 20
51.38
 11
45.72
 21
51.372
  0
LINE
  8
0
 10
45.72
 20
51.372
 11
40.68
 21
51.372
  0
LINE
  8
0
 10
26.28
 20
51.372
 11
26.28
 21
51.38
  0
LINE
  8
0
 10
26.28
 20
51.38
 11
31.32
 21
51.38
  0
LINE
  8
0
 10
31.32
 20
51.38
 11
31.32
 21
51.372
  0
LINE
  8
0
 10
31.32
 20
51.372
 11
26.28
 21
51.372
  0
LINE
  8
0
 10
69.48
 20
51.372
 11
69.48
 21
51.38
  0
LINE
  8
0
 10
69.48
 20
51.38
 11
74.52
 21
51.38
  0
LINE
  8
0
 10
74.52
 20
51.38
 11
74.52
 21
51.372
  0
LINE
  8
0
 10
74.52
 20
51.372
 11
69.48
 21
51.372
  0
LINE
  8
0
 10
11.88
 20
51.372
 11
11.88
 21
51.38
  0
LINE
  8
0
 10
11.88
 20
51.38
 11
16.92
 21
51.38
  0
LINE
  8
0
 10
16.92
 20
51.38
 11
16.92
 21
51.372
  0
LINE
  8
0
 10
16.92
 20
51.372
 11
11.88
 21
51.372
  0
LINE
  8
0
 10
-2.51999
 20
51.372
 11
-2.51999
 21
51.38
  0
LINE
  8
0
 10
-2.51999
 20
51.38
 11
2.51999
 21
51.38
  0
LINE
  8
0
 10
2.51999
 20
51.38
 11
2.51999
 21
51.372
  0
LINE
  8
0
 10
2.51999
 20
51.372
 11
-2.51999
 21
51.372
  0
LINE
  8
0
 10
40.68
 20
51.34
 11
40.68
 21
51.348
  0
LINE
  8
0
 10
40.68
 20
51.348
 11
45.72
 21
51.348
  0
LINE
  8
0
 10
45.72
 20
51.348
 11
45.72
 21
51.34
  0
LINE
  8
0
 10
45.72
 20
51.34
 11
40.68
 21
51.34
  0
LINE
  8
0
 10
11.88
 20
51.34
 11
11.88
 21
51.348
  0
LINE
  8
0
 10
11.88
 20
51.348
 11
16.92
 21
51.348
  0
LINE
  8
0
 10
16.92
 20
51.348
 11
16.92
 21
51.34
  0
LINE
  8
0
 10
16.92
 20
51.34
 11
11.88
 21
51.34
  0
LINE
  8
0
 10
26.28
 20
51.34
 11
26.28
 21
51.348
  0
LINE
  8
0
 10
26.28
 20
51.348
 11
31.32
 21
51.348
  0
LINE
  8
0
 10
31.32
 20
51.348
 11
31.32
 21
51.34
  0
LINE
  8
0
 10
31.32
 20
51.34
 11
26.28
 21
51.34
  0
LINE
  8
0
 10
55.08
 20
51.34
 11
55.08
 21
51.348
  0
LINE
  8
0
 10
55.08
 20
51.348
 11
60.12
 21
51.348
  0
LINE
  8
0
 10
60.12
 20
51.348
 11
60.12
 21
51.34
  0
LINE
  8
0
 10
60.12
 20
51.34
 11
55.08
 21
51.34
  0
LINE
  8
0
 10
-2.51999
 20
51.34
 11
-2.51999
 21
51.348
  0
LINE
  8
0
 10
-2.51999
 20
51.348
 11
2.51999
 21
51.348
  0
LINE
  8
0
 10
2.51999
 20
51.348
 11
2.51999
 21
51.34
  0
LINE
  8
0
 10
2.51999
 20
51.34
 11
-2.51999
 21
51.34
  0
LINE
  8
0
 10
69.48
 20
51.34
 11
69.48
 21
51.348
  0
LINE
  8
0
 10
69.48
 20
51.348
 11
74.52
 21
51.348
  0
LINE
  8
0
 10
74.52
 20
51.348
 11
74.52
 21
51.34
  0
LINE
  8
0
 10
74.52
 20
51.34
 11
69.48
 21
51.34
  0
LINE
  8
0
 10
11.88
 20
51.308
 11
11.88
 21
51.316
  0
LINE
  8
0
 10
11.88
 20
51.316
 11
16.92
 21
51.316
  0
LINE
  8
0
 10
16.92
 20
51.316
 11
16.92
 21
51.308
  0
LINE
  8
0
 10
16.92
 20
51.308
 11
11.88
 21
51.308
  0
LINE
  8
0
 10
55.08
 20
51.308
 11
55.08
 21
51.316
  0
LINE
  8
0
 10
55.08
 20
51.316
 11
60.12
 21
51.316
  0
LINE
  8
0
 10
60.12
 20
51.316
 11
60.12
 21
51.308
  0
LINE
  8
0
 10
60.12
 20
51.308
 11
55.08
 21
51.308
  0
LINE
  8
0
 10
69.48
 20
51.308
 11
69.48
 21
51.316
  0
LINE
  8
0
 10
69.48
 20
51.316
 11
74.52
 21
51.316
  0
LINE
  8
0
 10
74.52
 20
51.316
 11
74.52
 21
51.308
  0
LINE
  8
0
 10
74.52
 20
51.308
 11
69.48
 21
51.308
  0
LINE
  8
0
 10
26.28
 20
51.308
 11
26.28
 21
51.316
  0
LINE
  8
0
 10
26.28
 20
51.316
 11
31.32
 21
51.316
  0
LINE
  8
0
 10
31.32
 20
51.316
 11
31.32
 21
51.308
  0
LINE
  8
0
 10
31.32
 20
51.308
 11
26.28
 21
51.308
  0
LINE
  8
0
 10
40.68
 20
51.308
 11
40.68
 21
51.316
  0
LINE
  8
0
 10
40.68
 20
51.316
 11
45.72
 21
51.316
  0
LINE
  8
0
 10
45.72
 20
51.316
 11
45.72
 21
51.308
  0
LINE
  8
0
 10
45.72
 20
51.308
 11
40.68
 21
51.308
  0
LINE
  8
0
 10
-2.51999
 20
51.308
 11
-2.51999
 21
51.316
  0
LINE
  8
0
 10
-2.51999
 20
51.316
 11
2.51999
 21
51.316
  0
LINE
  8
0
 10
2.51999
 20
51.316
 11
2.51999
 21
51.308
  0
LINE
  8
0
 10
2.51999
 20
51.308
 11
-2.51999
 21
51.308
  0
LINE
  8
0
 10
-2.51999
 20
51.276
 11
-2.51999
 21
51.284
  0
LINE
  8
0
 10
-2.51999
 20
51.284
 11
2.51999
 21
51.284
  0
LINE
  8
0
 10
2.51999
 20
51.284
 11
2.51999
 21
51.276
  0
LINE
  8
0
 10
2.51999
 20
51.276
 11
-2.51999
 21
51.276
  0
LINE
  8
0
 10
26.28
 20
51.276
 11
26.28
 21
51.284
  0
LINE
  8
0
 10
26.28
 20
51.284
 11
31.32
 21
51.284
  0
LINE
  8
0
 10
31.32
 20
51.284
 11
31.32
 21
51.276
  0
LINE
  8
0
 10
31.32
 20
51.276
 11
26.28
 21
51.276
  0
LINE
  8
0
 10
40.68
 20
51.276
 11
40.68
 21
51.284
  0
LINE
  8
0
 10
40.68
 20
51.284
 11
45.72
 21
51.284
  0
LINE
  8
0
 10
45.72
 20
51.284
 11
45.72
 21
51.276
  0
LINE
  8
0
 10
45.72
 20
51.276
 11
40.68
 21
51.276
  0
LINE
  8
0
 10
55.08
 20
51.276
 11
55.08
 21
51.284
  0
LINE
  8
0
 10
55.08
 20
51.284
 11
60.12
 21
51.284
  0
LINE
  8
0
 10
60.12
 20
51.284
 11
60.12
 21
51.276
  0
LINE
  8
0
 10
60.12
 20
51.276
 11
55.08
 21
51.276
  0
LINE
  8
0
 10
11.88
 20
51.276
 11
11.88
 21
51.284
  0
LINE
  8
0
 10
11.88
 20
51.284
 11
16.92
 21
51.284
  0
LINE
  8
0
 10
16.92
 20
51.284
 11
16.92
 21
51.276
  0
LINE
  8
0
 10
16.92
 20
51.276
 11
11.88
 21
51.276
  0
LINE
  8
0
 10
69.48
 20
51.276
 11
69.48
 21
51.284
  0
LINE
  8
0
 10
69.48
 20
51.284
 11
74.52
 21
51.284
  0
LINE
  8
0
 10
74.52
 20
51.284
 11
74.52
 21
51.276
  0
LINE
  8
0
 10
74.52
 20
51.276
 11
69.48
 21
51.276
  0
LINE
  8
0
 10
55.08
 20
51.244
 11
55.08
 21
51.252
  0
LINE
  8
0
 10
55.08
 20
51.252
 11
60.12
 21
51.252
  0
LINE
  8
0
 10
60.12
 20
51.252
 11
60.12
 21
51.244
  0
LINE
  8
0
 10
60.12
 20
51.244
 11
55.08
 21
51.244
  0
LINE
  8
0
 10
69.48
 20
51.244
 11
69.48
 21
51.252
  0
LINE
  8
0
 10
69.48
 20
51.252
 11
74.52
 21
51.252
  0
LINE
  8
0
 10
74.52
 20
51.252
 11
74.52
 21
51.244
  0
LINE
  8
0
 10
74.52
 20
51.244
 11
69.48
 21
51.244
  0
LINE
  8
0
 10
-2.51999
 20
51.244
 11
-2.51999
 21
51.252
  0
LINE
  8
0
 10
-2.51999
 20
51.252
 11
2.51999
 21
51.252
  0
LINE
  8
0
 10
2.51999
 20
51.252
 11
2.51999
 21
51.244
  0
LINE
  8
0
 10
2.51999
 20
51.244
 11
-2.51999
 21
51.244
  0
LINE
  8
0
 10
40.68
 20
51.244
 11
40.68
 21
51.252
  0
LINE
  8
0
 10
40.68
 20
51.252
 11
45.72
 21
51.252
  0
LINE
  8
0
 10
45.72
 20
51.252
 11
45.72
 21
51.244
  0
LINE
  8
0
 10
45.72
 20
51.244
 11
40.68
 21
51.244
  0
LINE
  8
0
 10
26.28
 20
51.244
 11
26.28
 21
51.252
  0
LINE
  8
0
 10
26.28
 20
51.252
 11
31.32
 21
51.252
  0
LINE
  8
0
 10
31.32
 20
51.252
 11
31.32
 21
51.244
  0
LINE
  8
0
 10
31.32
 20
51.244
 11
26.28
 21
51.244
  0
LINE
  8
0
 10
11.88
 20
51.244
 11
11.88
 21
51.252
  0
LINE
  8
0
 10
11.88
 20
51.252
 11
16.92
 21
51.252
  0
LINE
  8
0
 10
16.92
 20
51.252
 11
16.92
 21
51.244
  0
LINE
  8
0
 10
16.92
 20
51.244
 11
11.88
 21
51.244
  0
LINE
  8
0
 10
26.28
 20
51.212
 11
26.28
 21
51.22
  0
LINE
  8
0
 10
26.28
 20
51.22
 11
31.32
 21
51.22
  0
LINE
  8
0
 10
31.32
 20
51.22
 11
31.32
 21
51.212
  0
LINE
  8
0
 10
31.32
 20
51.212
 11
26.28
 21
51.212
  0
LINE
  8
0
 10
40.68
 20
51.212
 11
40.68
 21
51.22
  0
LINE
  8
0
 10
40.68
 20
51.22
 11
45.72
 21
51.22
  0
LINE
  8
0
 10
45.72
 20
51.22
 11
45.72
 21
51.212
  0
LINE
  8
0
 10
45.72
 20
51.212
 11
40.68
 21
51.212
  0
LINE
  8
0
 10
69.48
 20
51.212
 11
69.48
 21
51.22
  0
LINE
  8
0
 10
69.48
 20
51.22
 11
74.52
 21
51.22
  0
LINE
  8
0
 10
74.52
 20
51.22
 11
74.52
 21
51.212
  0
LINE
  8
0
 10
74.52
 20
51.212
 11
69.48
 21
51.212
  0
LINE
  8
0
 10
11.88
 20
51.212
 11
11.88
 21
51.22
  0
LINE
  8
0
 10
11.88
 20
51.22
 11
16.92
 21
51.22
  0
LINE
  8
0
 10
16.92
 20
51.22
 11
16.92
 21
51.212
  0
LINE
  8
0
 10
16.92
 20
51.212
 11
11.88
 21
51.212
  0
LINE
  8
0
 10
-2.51999
 20
51.212
 11
-2.51999
 21
51.22
  0
LINE
  8
0
 10
-2.51999
 20
51.22
 11
2.51999
 21
51.22
  0
LINE
  8
0
 10
2.51999
 20
51.22
 11
2.51999
 21
51.212
  0
LINE
  8
0
 10
2.51999
 20
51.212
 11
-2.51999
 21
51.212
  0
LINE
  8
0
 10
55.08
 20
51.212
 11
55.08
 21
51.22
  0
LINE
  8
0
 10
55.08
 20
51.22
 11
60.12
 21
51.22
  0
LINE
  8
0
 10
60.12
 20
51.22
 11
60.12
 21
51.212
  0
LINE
  8
0
 10
60.12
 20
51.212
 11
55.08
 21
51.212
  0
LINE
  8
0
 10
11.88
 20
51.18
 11
11.88
 21
51.188
  0
LINE
  8
0
 10
11.88
 20
51.188
 11
16.92
 21
51.188
  0
LINE
  8
0
 10
16.92
 20
51.188
 11
16.92
 21
51.18
  0
LINE
  8
0
 10
16.92
 20
51.18
 11
11.88
 21
51.18
  0
LINE
  8
0
 10
26.28
 20
51.18
 11
26.28
 21
51.188
  0
LINE
  8
0
 10
26.28
 20
51.188
 11
31.32
 21
51.188
  0
LINE
  8
0
 10
31.32
 20
51.188
 11
31.32
 21
51.18
  0
LINE
  8
0
 10
31.32
 20
51.18
 11
26.28
 21
51.18
  0
LINE
  8
0
 10
40.68
 20
51.18
 11
40.68
 21
51.188
  0
LINE
  8
0
 10
40.68
 20
51.188
 11
45.72
 21
51.188
  0
LINE
  8
0
 10
45.72
 20
51.188
 11
45.72
 21
51.18
  0
LINE
  8
0
 10
45.72
 20
51.18
 11
40.68
 21
51.18
  0
LINE
  8
0
 10
69.48
 20
51.18
 11
69.48
 21
51.188
  0
LINE
  8
0
 10
69.48
 20
51.188
 11
74.52
 21
51.188
  0
LINE
  8
0
 10
74.52
 20
51.188
 11
74.52
 21
51.18
  0
LINE
  8
0
 10
74.52
 20
51.18
 11
69.48
 21
51.18
  0
LINE
  8
0
 10
-2.51999
 20
51.18
 11
-2.51999
 21
51.188
  0
LINE
  8
0
 10
-2.51999
 20
51.188
 11
2.51999
 21
51.188
  0
LINE
  8
0
 10
2.51999
 20
51.188
 11
2.51999
 21
51.18
  0
LINE
  8
0
 10
2.51999
 20
51.18
 11
-2.51999
 21
51.18
  0
LINE
  8
0
 10
55.08
 20
51.18
 11
55.08
 21
51.188
  0
LINE
  8
0
 10
55.08
 20
51.188
 11
60.12
 21
51.188
  0
LINE
  8
0
 10
60.12
 20
51.188
 11
60.12
 21
51.18
  0
LINE
  8
0
 10
60.12
 20
51.18
 11
55.08
 21
51.18
  0
LINE
  8
0
 10
40.68
 20
51.148
 11
40.68
 21
51.156
  0
LINE
  8
0
 10
40.68
 20
51.156
 11
45.72
 21
51.156
  0
LINE
  8
0
 10
45.72
 20
51.156
 11
45.72
 21
51.148
  0
LINE
  8
0
 10
45.72
 20
51.148
 11
40.68
 21
51.148
  0
LINE
  8
0
 10
55.08
 20
51.148
 11
55.08
 21
51.156
  0
LINE
  8
0
 10
55.08
 20
51.156
 11
60.12
 21
51.156
  0
LINE
  8
0
 10
60.12
 20
51.156
 11
60.12
 21
51.148
  0
LINE
  8
0
 10
60.12
 20
51.148
 11
55.08
 21
51.148
  0
LINE
  8
0
 10
11.88
 20
51.148
 11
11.88
 21
51.156
  0
LINE
  8
0
 10
11.88
 20
51.156
 11
16.92
 21
51.156
  0
LINE
  8
0
 10
16.92
 20
51.156
 11
16.92
 21
51.148
  0
LINE
  8
0
 10
16.92
 20
51.148
 11
11.88
 21
51.148
  0
LINE
  8
0
 10
26.28
 20
51.148
 11
26.28
 21
51.156
  0
LINE
  8
0
 10
26.28
 20
51.156
 11
31.32
 21
51.156
  0
LINE
  8
0
 10
31.32
 20
51.156
 11
31.32
 21
51.148
  0
LINE
  8
0
 10
31.32
 20
51.148
 11
26.28
 21
51.148
  0
LINE
  8
0
 10
-2.51999
 20
51.148
 11
-2.51999
 21
51.156
  0
LINE
  8
0
 10
-2.51999
 20
51.156
 11
2.51999
 21
51.156
  0
LINE
  8
0
 10
2.51999
 20
51.156
 11
2.51999
 21
51.148
  0
LINE
  8
0
 10
2.51999
 20
51.148
 11
-2.51999
 21
51.148
  0
LINE
  8
0
 10
69.48
 20
51.148
 11
69.48
 21
51.156
  0
LINE
  8
0
 10
69.48
 20
51.156
 11
74.52
 21
51.156
  0
LINE
  8
0
 10
74.52
 20
51.156
 11
74.52
 21
51.148
  0
LINE
  8
0
 10
74.52
 20
51.148
 11
69.48
 21
51.148
  0
LINE
  8
0
 10
40.68
 20
51.116
 11
40.68
 21
51.124
  0
LINE
  8
0
 10
40.68
 20
51.124
 11
45.72
 21
51.124
  0
LINE
  8
0
 10
45.72
 20
51.124
 11
45.72
 21
51.116
  0
LINE
  8
0
 10
45.72
 20
51.116
 11
40.68
 21
51.116
  0
LINE
  8
0
 10
11.88
 20
51.116
 11
11.88
 21
51.124
  0
LINE
  8
0
 10
11.88
 20
51.124
 11
16.92
 21
51.124
  0
LINE
  8
0
 10
16.92
 20
51.124
 11
16.92
 21
51.116
  0
LINE
  8
0
 10
16.92
 20
51.116
 11
11.88
 21
51.116
  0
LINE
  8
0
 10
-2.51999
 20
51.116
 11
-2.51999
 21
51.124
  0
LINE
  8
0
 10
-2.51999
 20
51.124
 11
2.51999
 21
51.124
  0
LINE
  8
0
 10
2.51999
 20
51.124
 11
2.51999
 21
51.116
  0
LINE
  8
0
 10
2.51999
 20
51.116
 11
-2.51999
 21
51.116
  0
LINE
  8
0
 10
69.48
 20
51.116
 11
69.48
 21
51.124
  0
LINE
  8
0
 10
69.48
 20
51.124
 11
74.52
 21
51.124
  0
LINE
  8
0
 10
74.52
 20
51.124
 11
74.52
 21
51.116
  0
LINE
  8
0
 10
74.52
 20
51.116
 11
69.48
 21
51.116
  0
LINE
  8
0
 10
26.28
 20
51.116
 11
26.28
 21
51.124
  0
LINE
  8
0
 10
26.28
 20
51.124
 11
31.32
 21
51.124
  0
LINE
  8
0
 10
31.32
 20
51.124
 11
31.32
 21
51.116
  0
LINE
  8
0
 10
31.32
 20
51.116
 11
26.28
 21
51.116
  0
LINE
  8
0
 10
55.08
 20
51.116
 11
55.08
 21
51.124
  0
LINE
  8
0
 10
55.08
 20
51.124
 11
60.12
 21
51.124
  0
LINE
  8
0
 10
60.12
 20
51.124
 11
60.12
 21
51.116
  0
LINE
  8
0
 10
60.12
 20
51.116
 11
55.08
 21
51.116
  0
LINE
  8
0
 10
11.88
 20
51.084
 11
11.88
 21
51.092
  0
LINE
  8
0
 10
11.88
 20
51.092
 11
16.92
 21
51.092
  0
LINE
  8
0
 10
16.92
 20
51.092
 11
16.92
 21
51.084
  0
LINE
  8
0
 10
16.92
 20
51.084
 11
11.88
 21
51.084
  0
LINE
  8
0
 10
-2.51999
 20
51.084
 11
-2.51999
 21
51.092
  0
LINE
  8
0
 10
-2.51999
 20
51.092
 11
2.51999
 21
51.092
  0
LINE
  8
0
 10
2.51999
 20
51.092
 11
2.51999
 21
51.084
  0
LINE
  8
0
 10
2.51999
 20
51.084
 11
-2.51999
 21
51.084
  0
LINE
  8
0
 10
69.48
 20
51.084
 11
69.48
 21
51.092
  0
LINE
  8
0
 10
69.48
 20
51.092
 11
74.52
 21
51.092
  0
LINE
  8
0
 10
74.52
 20
51.092
 11
74.52
 21
51.084
  0
LINE
  8
0
 10
74.52
 20
51.084
 11
69.48
 21
51.084
  0
LINE
  8
0
 10
26.28
 20
51.084
 11
26.28
 21
51.092
  0
LINE
  8
0
 10
26.28
 20
51.092
 11
31.32
 21
51.092
  0
LINE
  8
0
 10
31.32
 20
51.092
 11
31.32
 21
51.084
  0
LINE
  8
0
 10
31.32
 20
51.084
 11
26.28
 21
51.084
  0
LINE
  8
0
 10
40.68
 20
51.084
 11
40.68
 21
51.092
  0
LINE
  8
0
 10
40.68
 20
51.092
 11
45.72
 21
51.092
  0
LINE
  8
0
 10
45.72
 20
51.092
 11
45.72
 21
51.084
  0
LINE
  8
0
 10
45.72
 20
51.084
 11
40.68
 21
51.084
  0
LINE
  8
0
 10
55.08
 20
51.084
 11
55.08
 21
51.092
  0
LINE
  8
0
 10
55.08
 20
51.092
 11
60.12
 21
51.092
  0
LINE
  8
0
 10
60.12
 20
51.092
 11
60.12
 21
51.084
  0
LINE
  8
0
 10
60.12
 20
51.084
 11
55.08
 21
51.084
  0
LINE
  8
0
 10
-2.51999
 20
51.052
 11
-2.51999
 21
51.06
  0
LINE
  8
0
 10
-2.51999
 20
51.06
 11
2.51999
 21
51.06
  0
LINE
  8
0
 10
2.51999
 20
51.06
 11
2.51999
 21
51.052
  0
LINE
  8
0
 10
2.51999
 20
51.052
 11
-2.51999
 21
51.052
  0
LINE
  8
0
 10
26.28
 20
51.052
 11
26.28
 21
51.06
  0
LINE
  8
0
 10
26.28
 20
51.06
 11
31.32
 21
51.06
  0
LINE
  8
0
 10
31.32
 20
51.06
 11
31.32
 21
51.052
  0
LINE
  8
0
 10
31.32
 20
51.052
 11
26.28
 21
51.052
  0
LINE
  8
0
 10
40.68
 20
51.052
 11
40.68
 21
51.06
  0
LINE
  8
0
 10
40.68
 20
51.06
 11
45.72
 21
51.06
  0
LINE
  8
0
 10
45.72
 20
51.06
 11
45.72
 21
51.052
  0
LINE
  8
0
 10
45.72
 20
51.052
 11
40.68
 21
51.052
  0
LINE
  8
0
 10
69.48
 20
51.052
 11
69.48
 21
51.06
  0
LINE
  8
0
 10
69.48
 20
51.06
 11
74.52
 21
51.06
  0
LINE
  8
0
 10
74.52
 20
51.06
 11
74.52
 21
51.052
  0
LINE
  8
0
 10
74.52
 20
51.052
 11
69.48
 21
51.052
  0
LINE
  8
0
 10
11.88
 20
51.052
 11
11.88
 21
51.06
  0
LINE
  8
0
 10
11.88
 20
51.06
 11
16.92
 21
51.06
  0
LINE
  8
0
 10
16.92
 20
51.06
 11
16.92
 21
51.052
  0
LINE
  8
0
 10
16.92
 20
51.052
 11
11.88
 21
51.052
  0
LINE
  8
0
 10
55.08
 20
51.052
 11
55.08
 21
51.06
  0
LINE
  8
0
 10
55.08
 20
51.06
 11
60.12
 21
51.06
  0
LINE
  8
0
 10
60.12
 20
51.06
 11
60.12
 21
51.052
  0
LINE
  8
0
 10
60.12
 20
51.052
 11
55.08
 21
51.052
  0
LINE
  8
0
 10
69.48
 20
51.02
 11
69.48
 21
51.028
  0
LINE
  8
0
 10
69.48
 20
51.028
 11
74.52
 21
51.028
  0
LINE
  8
0
 10
74.52
 20
51.028
 11
74.52
 21
51.02
  0
LINE
  8
0
 10
74.52
 20
51.02
 11
69.48
 21
51.02
  0
LINE
  8
0
 10
11.88
 20
51.02
 11
11.88
 21
51.028
  0
LINE
  8
0
 10
11.88
 20
51.028
 11
16.92
 21
51.028
  0
LINE
  8
0
 10
16.92
 20
51.028
 11
16.92
 21
51.02
  0
LINE
  8
0
 10
16.92
 20
51.02
 11
11.88
 21
51.02
  0
LINE
  8
0
 10
55.08
 20
51.02
 11
55.08
 21
51.028
  0
LINE
  8
0
 10
55.08
 20
51.028
 11
60.12
 21
51.028
  0
LINE
  8
0
 10
60.12
 20
51.028
 11
60.12
 21
51.02
  0
LINE
  8
0
 10
60.12
 20
51.02
 11
55.08
 21
51.02
  0
LINE
  8
0
 10
-2.51999
 20
51.02
 11
-2.51999
 21
51.028
  0
LINE
  8
0
 10
-2.51999
 20
51.028
 11
2.51999
 21
51.028
  0
LINE
  8
0
 10
2.51999
 20
51.028
 11
2.51999
 21
51.02
  0
LINE
  8
0
 10
2.51999
 20
51.02
 11
-2.51999
 21
51.02
  0
LINE
  8
0
 10
40.68
 20
51.02
 11
40.68
 21
51.028
  0
LINE
  8
0
 10
40.68
 20
51.028
 11
45.72
 21
51.028
  0
LINE
  8
0
 10
45.72
 20
51.028
 11
45.72
 21
51.02
  0
LINE
  8
0
 10
45.72
 20
51.02
 11
40.68
 21
51.02
  0
LINE
  8
0
 10
26.28
 20
51.02
 11
26.28
 21
51.028
  0
LINE
  8
0
 10
26.28
 20
51.028
 11
31.32
 21
51.028
  0
LINE
  8
0
 10
31.32
 20
51.028
 11
31.32
 21
51.02
  0
LINE
  8
0
 10
31.32
 20
51.02
 11
26.28
 21
51.02
  0
LINE
  8
0
 10
11.88
 20
50.988
 11
11.88
 21
50.996
  0
LINE
  8
0
 10
11.88
 20
50.996
 11
16.92
 21
50.996
  0
LINE
  8
0
 10
16.92
 20
50.996
 11
16.92
 21
50.988
  0
LINE
  8
0
 10
16.92
 20
50.988
 11
11.88
 21
50.988
  0
LINE
  8
0
 10
40.68
 20
50.988
 11
40.68
 21
50.996
  0
LINE
  8
0
 10
40.68
 20
50.996
 11
45.72
 21
50.996
  0
LINE
  8
0
 10
45.72
 20
50.996
 11
45.72
 21
50.988
  0
LINE
  8
0
 10
45.72
 20
50.988
 11
40.68
 21
50.988
  0
LINE
  8
0
 10
-2.51999
 20
50.988
 11
-2.51999
 21
50.996
  0
LINE
  8
0
 10
-2.51999
 20
50.996
 11
2.51999
 21
50.996
  0
LINE
  8
0
 10
2.51999
 20
50.996
 11
2.51999
 21
50.988
  0
LINE
  8
0
 10
2.51999
 20
50.988
 11
-2.51999
 21
50.988
  0
LINE
  8
0
 10
55.08
 20
50.988
 11
55.08
 21
50.996
  0
LINE
  8
0
 10
55.08
 20
50.996
 11
60.12
 21
50.996
  0
LINE
  8
0
 10
60.12
 20
50.996
 11
60.12
 21
50.988
  0
LINE
  8
0
 10
60.12
 20
50.988
 11
55.08
 21
50.988
  0
LINE
  8
0
 10
69.48
 20
50.988
 11
69.48
 21
50.996
  0
LINE
  8
0
 10
69.48
 20
50.996
 11
74.52
 21
50.996
  0
LINE
  8
0
 10
74.52
 20
50.996
 11
74.52
 21
50.988
  0
LINE
  8
0
 10
74.52
 20
50.988
 11
69.48
 21
50.988
  0
LINE
  8
0
 10
26.28
 20
50.988
 11
26.28
 21
50.996
  0
LINE
  8
0
 10
26.28
 20
50.996
 11
31.32
 21
50.996
  0
LINE
  8
0
 10
31.32
 20
50.996
 11
31.32
 21
50.988
  0
LINE
  8
0
 10
31.32
 20
50.988
 11
26.28
 21
50.988
  0
LINE
  8
0
 10
-2.51999
 20
50.956
 11
-2.51999
 21
50.964
  0
LINE
  8
0
 10
-2.51999
 20
50.964
 11
2.51999
 21
50.964
  0
LINE
  8
0
 10
2.51999
 20
50.964
 11
2.51999
 21
50.956
  0
LINE
  8
0
 10
2.51999
 20
50.956
 11
-2.51999
 21
50.956
  0
LINE
  8
0
 10
26.28
 20
50.956
 11
26.28
 21
50.964
  0
LINE
  8
0
 10
26.28
 20
50.964
 11
31.32
 21
50.964
  0
LINE
  8
0
 10
31.32
 20
50.964
 11
31.32
 21
50.956
  0
LINE
  8
0
 10
31.32
 20
50.956
 11
26.28
 21
50.956
  0
LINE
  8
0
 10
55.08
 20
50.956
 11
55.08
 21
50.964
  0
LINE
  8
0
 10
55.08
 20
50.964
 11
60.12
 21
50.964
  0
LINE
  8
0
 10
60.12
 20
50.964
 11
60.12
 21
50.956
  0
LINE
  8
0
 10
60.12
 20
50.956
 11
55.08
 21
50.956
  0
LINE
  8
0
 10
40.68
 20
50.956
 11
40.68
 21
50.964
  0
LINE
  8
0
 10
40.68
 20
50.964
 11
45.72
 21
50.964
  0
LINE
  8
0
 10
45.72
 20
50.964
 11
45.72
 21
50.956
  0
LINE
  8
0
 10
45.72
 20
50.956
 11
40.68
 21
50.956
  0
LINE
  8
0
 10
11.88
 20
50.956
 11
11.88
 21
50.964
  0
LINE
  8
0
 10
11.88
 20
50.964
 11
16.92
 21
50.964
  0
LINE
  8
0
 10
16.92
 20
50.964
 11
16.92
 21
50.956
  0
LINE
  8
0
 10
16.92
 20
50.956
 11
11.88
 21
50.956
  0
LINE
  8
0
 10
69.48
 20
50.956
 11
69.48
 21
50.964
  0
LINE
  8
0
 10
69.48
 20
50.964
 11
74.52
 21
50.964
  0
LINE
  8
0
 10
74.52
 20
50.964
 11
74.52
 21
50.956
  0
LINE
  8
0
 10
74.52
 20
50.956
 11
69.48
 21
50.956
  0
LINE
  8
0
 10
26.28
 20
50.924
 11
26.28
 21
50.932
  0
LINE
  8
0
 10
26.28
 20
50.932
 11
31.32
 21
50.932
  0
LINE
  8
0
 10
31.32
 20
50.932
 11
31.32
 21
50.924
  0
LINE
  8
0
 10
31.32
 20
50.924
 11
26.28
 21
50.924
  0
LINE
  8
0
 10
11.88
 20
50.924
 11
11.88
 21
50.932
  0
LINE
  8
0
 10
11.88
 20
50.932
 11
16.92
 21
50.932
  0
LINE
  8
0
 10
16.92
 20
50.932
 11
16.92
 21
50.924
  0
LINE
  8
0
 10
16.92
 20
50.924
 11
11.88
 21
50.924
  0
LINE
  8
0
 10
55.08
 20
50.924
 11
55.08
 21
50.932
  0
LINE
  8
0
 10
55.08
 20
50.932
 11
60.12
 21
50.932
  0
LINE
  8
0
 10
60.12
 20
50.932
 11
60.12
 21
50.924
  0
LINE
  8
0
 10
60.12
 20
50.924
 11
55.08
 21
50.924
  0
LINE
  8
0
 10
69.48
 20
50.924
 11
69.48
 21
50.932
  0
LINE
  8
0
 10
69.48
 20
50.932
 11
74.52
 21
50.932
  0
LINE
  8
0
 10
74.52
 20
50.932
 11
74.52
 21
50.924
  0
LINE
  8
0
 10
74.52
 20
50.924
 11
69.48
 21
50.924
  0
LINE
  8
0
 10
-2.51999
 20
50.924
 11
-2.51999
 21
50.932
  0
LINE
  8
0
 10
-2.51999
 20
50.932
 11
2.51999
 21
50.932
  0
LINE
  8
0
 10
2.51999
 20
50.932
 11
2.51999
 21
50.924
  0
LINE
  8
0
 10
2.51999
 20
50.924
 11
-2.51999
 21
50.924
  0
LINE
  8
0
 10
40.68
 20
50.924
 11
40.68
 21
50.932
  0
LINE
  8
0
 10
40.68
 20
50.932
 11
45.72
 21
50.932
  0
LINE
  8
0
 10
45.72
 20
50.932
 11
45.72
 21
50.924
  0
LINE
  8
0
 10
45.72
 20
50.924
 11
40.68
 21
50.924
  0
LINE
  8
0
 10
40.68
 20
50.892
 11
40.68
 21
50.9
  0
LINE
  8
0
 10
40.68
 20
50.9
 11
45.72
 21
50.9
  0
LINE
  8
0
 10
45.72
 20
50.9
 11
45.72
 21
50.892
  0
LINE
  8
0
 10
45.72
 20
50.892
 11
40.68
 21
50.892
  0
LINE
  8
0
 10
69.48
 20
50.892
 11
69.48
 21
50.9
  0
LINE
  8
0
 10
69.48
 20
50.9
 11
74.52
 21
50.9
  0
LINE
  8
0
 10
74.52
 20
50.9
 11
74.52
 21
50.892
  0
LINE
  8
0
 10
74.52
 20
50.892
 11
69.48
 21
50.892
  0
LINE
  8
0
 10
-2.51999
 20
50.892
 11
-2.51999
 21
50.9
  0
LINE
  8
0
 10
-2.51999
 20
50.9
 11
2.51999
 21
50.9
  0
LINE
  8
0
 10
2.51999
 20
50.9
 11
2.51999
 21
50.892
  0
LINE
  8
0
 10
2.51999
 20
50.892
 11
-2.51999
 21
50.892
  0
LINE
  8
0
 10
55.08
 20
50.892
 11
55.08
 21
50.9
  0
LINE
  8
0
 10
55.08
 20
50.9
 11
60.12
 21
50.9
  0
LINE
  8
0
 10
60.12
 20
50.9
 11
60.12
 21
50.892
  0
LINE
  8
0
 10
60.12
 20
50.892
 11
55.08
 21
50.892
  0
LINE
  8
0
 10
11.88
 20
50.892
 11
11.88
 21
50.9
  0
LINE
  8
0
 10
11.88
 20
50.9
 11
16.92
 21
50.9
  0
LINE
  8
0
 10
16.92
 20
50.9
 11
16.92
 21
50.892
  0
LINE
  8
0
 10
16.92
 20
50.892
 11
11.88
 21
50.892
  0
LINE
  8
0
 10
26.28
 20
50.892
 11
26.28
 21
50.9
  0
LINE
  8
0
 10
26.28
 20
50.9
 11
31.32
 21
50.9
  0
LINE
  8
0
 10
31.32
 20
50.9
 11
31.32
 21
50.892
  0
LINE
  8
0
 10
31.32
 20
50.892
 11
26.28
 21
50.892
  0
LINE
  8
0
 10
-2.51999
 20
50.86
 11
-2.51999
 21
50.868
  0
LINE
  8
0
 10
-2.51999
 20
50.868
 11
2.51999
 21
50.868
  0
LINE
  8
0
 10
2.51999
 20
50.868
 11
2.51999
 21
50.86
  0
LINE
  8
0
 10
2.51999
 20
50.86
 11
-2.51999
 21
50.86
  0
LINE
  8
0
 10
40.68
 20
50.86
 11
40.68
 21
50.868
  0
LINE
  8
0
 10
40.68
 20
50.868
 11
45.72
 21
50.868
  0
LINE
  8
0
 10
45.72
 20
50.868
 11
45.72
 21
50.86
  0
LINE
  8
0
 10
45.72
 20
50.86
 11
40.68
 21
50.86
  0
LINE
  8
0
 10
11.88
 20
50.86
 11
11.88
 21
50.868
  0
LINE
  8
0
 10
11.88
 20
50.868
 11
16.92
 21
50.868
  0
LINE
  8
0
 10
16.92
 20
50.868
 11
16.92
 21
50.86
  0
LINE
  8
0
 10
16.92
 20
50.86
 11
11.88
 21
50.86
  0
LINE
  8
0
 10
69.48
 20
50.86
 11
69.48
 21
50.868
  0
LINE
  8
0
 10
69.48
 20
50.868
 11
74.52
 21
50.868
  0
LINE
  8
0
 10
74.52
 20
50.868
 11
74.52
 21
50.86
  0
LINE
  8
0
 10
74.52
 20
50.86
 11
69.48
 21
50.86
  0
LINE
  8
0
 10
55.08
 20
50.86
 11
55.08
 21
50.868
  0
LINE
  8
0
 10
55.08
 20
50.868
 11
60.12
 21
50.868
  0
LINE
  8
0
 10
60.12
 20
50.868
 11
60.12
 21
50.86
  0
LINE
  8
0
 10
60.12
 20
50.86
 11
55.08
 21
50.86
  0
LINE
  8
0
 10
26.28
 20
50.86
 11
26.28
 21
50.868
  0
LINE
  8
0
 10
26.28
 20
50.868
 11
31.32
 21
50.868
  0
LINE
  8
0
 10
31.32
 20
50.868
 11
31.32
 21
50.86
  0
LINE
  8
0
 10
31.32
 20
50.86
 11
26.28
 21
50.86
  0
LINE
  8
0
 10
11.88
 20
50.828
 11
11.88
 21
50.836
  0
LINE
  8
0
 10
11.88
 20
50.836
 11
16.92
 21
50.836
  0
LINE
  8
0
 10
16.92
 20
50.836
 11
16.92
 21
50.828
  0
LINE
  8
0
 10
16.92
 20
50.828
 11
11.88
 21
50.828
  0
LINE
  8
0
 10
-2.51999
 20
50.828
 11
-2.51999
 21
50.836
  0
LINE
  8
0
 10
-2.51999
 20
50.836
 11
2.51999
 21
50.836
  0
LINE
  8
0
 10
2.51999
 20
50.836
 11
2.51999
 21
50.828
  0
LINE
  8
0
 10
2.51999
 20
50.828
 11
-2.51999
 21
50.828
  0
LINE
  8
0
 10
69.48
 20
50.828
 11
69.48
 21
50.836
  0
LINE
  8
0
 10
69.48
 20
50.836
 11
74.52
 21
50.836
  0
LINE
  8
0
 10
74.52
 20
50.836
 11
74.52
 21
50.828
  0
LINE
  8
0
 10
74.52
 20
50.828
 11
69.48
 21
50.828
  0
LINE
  8
0
 10
26.28
 20
50.828
 11
26.28
 21
50.836
  0
LINE
  8
0
 10
26.28
 20
50.836
 11
31.32
 21
50.836
  0
LINE
  8
0
 10
31.32
 20
50.836
 11
31.32
 21
50.828
  0
LINE
  8
0
 10
31.32
 20
50.828
 11
26.28
 21
50.828
  0
LINE
  8
0
 10
55.08
 20
50.828
 11
55.08
 21
50.836
  0
LINE
  8
0
 10
55.08
 20
50.836
 11
60.12
 21
50.836
  0
LINE
  8
0
 10
60.12
 20
50.836
 11
60.12
 21
50.828
  0
LINE
  8
0
 10
60.12
 20
50.828
 11
55.08
 21
50.828
  0
LINE
  8
0
 10
40.68
 20
50.828
 11
40.68
 21
50.836
  0
LINE
  8
0
 10
40.68
 20
50.836
 11
45.72
 21
50.836
  0
LINE
  8
0
 10
45.72
 20
50.836
 11
45.72
 21
50.828
  0
LINE
  8
0
 10
45.72
 20
50.828
 11
40.68
 21
50.828
  0
LINE
  8
0
 10
55.08
 20
50.796
 11
55.08
 21
50.804
  0
LINE
  8
0
 10
55.08
 20
50.804
 11
60.12
 21
50.804
  0
LINE
  8
0
 10
60.12
 20
50.804
 11
60.12
 21
50.796
  0
LINE
  8
0
 10
60.12
 20
50.796
 11
55.08
 21
50.796
  0
LINE
  8
0
 10
40.68
 20
50.796
 11
40.68
 21
50.804
  0
LINE
  8
0
 10
40.68
 20
50.804
 11
45.72
 21
50.804
  0
LINE
  8
0
 10
45.72
 20
50.804
 11
45.72
 21
50.796
  0
LINE
  8
0
 10
45.72
 20
50.796
 11
40.68
 21
50.796
  0
LINE
  8
0
 10
-2.51999
 20
50.796
 11
-2.51999
 21
50.804
  0
LINE
  8
0
 10
-2.51999
 20
50.804
 11
2.51999
 21
50.804
  0
LINE
  8
0
 10
2.51999
 20
50.804
 11
2.51999
 21
50.796
  0
LINE
  8
0
 10
2.51999
 20
50.796
 11
-2.51999
 21
50.796
  0
LINE
  8
0
 10
11.88
 20
50.796
 11
11.88
 21
50.804
  0
LINE
  8
0
 10
11.88
 20
50.804
 11
16.92
 21
50.804
  0
LINE
  8
0
 10
16.92
 20
50.804
 11
16.92
 21
50.796
  0
LINE
  8
0
 10
16.92
 20
50.796
 11
11.88
 21
50.796
  0
LINE
  8
0
 10
26.28
 20
50.796
 11
26.28
 21
50.804
  0
LINE
  8
0
 10
26.28
 20
50.804
 11
31.32
 21
50.804
  0
LINE
  8
0
 10
31.32
 20
50.804
 11
31.32
 21
50.796
  0
LINE
  8
0
 10
31.32
 20
50.796
 11
26.28
 21
50.796
  0
LINE
  8
0
 10
69.48
 20
50.796
 11
69.48
 21
50.804
  0
LINE
  8
0
 10
69.48
 20
50.804
 11
74.52
 21
50.804
  0
LINE
  8
0
 10
74.52
 20
50.804
 11
74.52
 21
50.796
  0
LINE
  8
0
 10
74.52
 20
50.796
 11
69.48
 21
50.796
  0
LINE
  8
0
 10
-2.51999
 20
50.764
 11
-2.51999
 21
50.772
  0
LINE
  8
0
 10
-2.51999
 20
50.772
 11
2.51999
 21
50.772
  0
LINE
  8
0
 10
2.51999
 20
50.772
 11
2.51999
 21
50.764
  0
LINE
  8
0
 10
2.51999
 20
50.764
 11
-2.51999
 21
50.764
  0
LINE
  8
0
 10
40.68
 20
50.764
 11
40.68
 21
50.772
  0
LINE
  8
0
 10
40.68
 20
50.772
 11
45.72
 21
50.772
  0
LINE
  8
0
 10
45.72
 20
50.772
 11
45.72
 21
50.764
  0
LINE
  8
0
 10
45.72
 20
50.764
 11
40.68
 21
50.764
  0
LINE
  8
0
 10
69.48
 20
50.764
 11
69.48
 21
50.772
  0
LINE
  8
0
 10
69.48
 20
50.772
 11
74.52
 21
50.772
  0
LINE
  8
0
 10
74.52
 20
50.772
 11
74.52
 21
50.764
  0
LINE
  8
0
 10
74.52
 20
50.764
 11
69.48
 21
50.764
  0
LINE
  8
0
 10
26.28
 20
50.764
 11
26.28
 21
50.772
  0
LINE
  8
0
 10
26.28
 20
50.772
 11
31.32
 21
50.772
  0
LINE
  8
0
 10
31.32
 20
50.772
 11
31.32
 21
50.764
  0
LINE
  8
0
 10
31.32
 20
50.764
 11
26.28
 21
50.764
  0
LINE
  8
0
 10
11.88
 20
50.764
 11
11.88
 21
50.772
  0
LINE
  8
0
 10
11.88
 20
50.772
 11
16.92
 21
50.772
  0
LINE
  8
0
 10
16.92
 20
50.772
 11
16.92
 21
50.764
  0
LINE
  8
0
 10
16.92
 20
50.764
 11
11.88
 21
50.764
  0
LINE
  8
0
 10
55.08
 20
50.764
 11
55.08
 21
50.772
  0
LINE
  8
0
 10
55.08
 20
50.772
 11
60.12
 21
50.772
  0
LINE
  8
0
 10
60.12
 20
50.772
 11
60.12
 21
50.764
  0
LINE
  8
0
 10
60.12
 20
50.764
 11
55.08
 21
50.764
  0
LINE
  8
0
 10
69.48
 20
50.732
 11
69.48
 21
50.74
  0
LINE
  8
0
 10
69.48
 20
50.74
 11
74.52
 21
50.74
  0
LINE
  8
0
 10
74.52
 20
50.74
 11
74.52
 21
50.732
  0
LINE
  8
0
 10
74.52
 20
50.732
 11
69.48
 21
50.732
  0
LINE
  8
0
 10
11.88
 20
50.732
 11
11.88
 21
50.74
  0
LINE
  8
0
 10
11.88
 20
50.74
 11
16.92
 21
50.74
  0
LINE
  8
0
 10
16.92
 20
50.74
 11
16.92
 21
50.732
  0
LINE
  8
0
 10
16.92
 20
50.732
 11
11.88
 21
50.732
  0
LINE
  8
0
 10
-2.51999
 20
50.732
 11
-2.51999
 21
50.74
  0
LINE
  8
0
 10
-2.51999
 20
50.74
 11
2.51999
 21
50.74
  0
LINE
  8
0
 10
2.51999
 20
50.74
 11
2.51999
 21
50.732
  0
LINE
  8
0
 10
2.51999
 20
50.732
 11
-2.51999
 21
50.732
  0
LINE
  8
0
 10
55.08
 20
50.732
 11
55.08
 21
50.74
  0
LINE
  8
0
 10
55.08
 20
50.74
 11
60.12
 21
50.74
  0
LINE
  8
0
 10
60.12
 20
50.74
 11
60.12
 21
50.732
  0
LINE
  8
0
 10
60.12
 20
50.732
 11
55.08
 21
50.732
  0
LINE
  8
0
 10
40.68
 20
50.732
 11
40.68
 21
50.74
  0
LINE
  8
0
 10
40.68
 20
50.74
 11
45.72
 21
50.74
  0
LINE
  8
0
 10
45.72
 20
50.74
 11
45.72
 21
50.732
  0
LINE
  8
0
 10
45.72
 20
50.732
 11
40.68
 21
50.732
  0
LINE
  8
0
 10
26.28
 20
50.732
 11
26.28
 21
50.74
  0
LINE
  8
0
 10
26.28
 20
50.74
 11
31.32
 21
50.74
  0
LINE
  8
0
 10
31.32
 20
50.74
 11
31.32
 21
50.732
  0
LINE
  8
0
 10
31.32
 20
50.732
 11
26.28
 21
50.732
  0
LINE
  8
0
 10
26.28
 20
50.7
 11
26.28
 21
50.708
  0
LINE
  8
0
 10
26.28
 20
50.708
 11
31.32
 21
50.708
  0
LINE
  8
0
 10
31.32
 20
50.708
 11
31.32
 21
50.7
  0
LINE
  8
0
 10
31.32
 20
50.7
 11
26.28
 21
50.7
  0
LINE
  8
0
 10
69.48
 20
50.7
 11
69.48
 21
50.708
  0
LINE
  8
0
 10
69.48
 20
50.708
 11
74.52
 21
50.708
  0
LINE
  8
0
 10
74.52
 20
50.708
 11
74.52
 21
50.7
  0
LINE
  8
0
 10
74.52
 20
50.7
 11
69.48
 21
50.7
  0
LINE
  8
0
 10
40.68
 20
50.7
 11
40.68
 21
50.708
  0
LINE
  8
0
 10
40.68
 20
50.708
 11
45.72
 21
50.708
  0
LINE
  8
0
 10
45.72
 20
50.708
 11
45.72
 21
50.7
  0
LINE
  8
0
 10
45.72
 20
50.7
 11
40.68
 21
50.7
  0
LINE
  8
0
 10
11.88
 20
50.7
 11
11.88
 21
50.708
  0
LINE
  8
0
 10
11.88
 20
50.708
 11
16.92
 21
50.708
  0
LINE
  8
0
 10
16.92
 20
50.708
 11
16.92
 21
50.7
  0
LINE
  8
0
 10
16.92
 20
50.7
 11
11.88
 21
50.7
  0
LINE
  8
0
 10
-2.51999
 20
50.7
 11
-2.51999
 21
50.708
  0
LINE
  8
0
 10
-2.51999
 20
50.708
 11
2.51999
 21
50.708
  0
LINE
  8
0
 10
2.51999
 20
50.708
 11
2.51999
 21
50.7
  0
LINE
  8
0
 10
2.51999
 20
50.7
 11
-2.51999
 21
50.7
  0
LINE
  8
0
 10
55.08
 20
50.7
 11
55.08
 21
50.708
  0
LINE
  8
0
 10
55.08
 20
50.708
 11
60.12
 21
50.708
  0
LINE
  8
0
 10
60.12
 20
50.708
 11
60.12
 21
50.7
  0
LINE
  8
0
 10
60.12
 20
50.7
 11
55.08
 21
50.7
  0
LINE
  8
0
 10
69.48
 20
50.668
 11
69.48
 21
50.676
  0
LINE
  8
0
 10
69.48
 20
50.676
 11
74.52
 21
50.676
  0
LINE
  8
0
 10
74.52
 20
50.676
 11
74.52
 21
50.668
  0
LINE
  8
0
 10
74.52
 20
50.668
 11
69.48
 21
50.668
  0
LINE
  8
0
 10
26.28
 20
50.668
 11
26.28
 21
50.676
  0
LINE
  8
0
 10
26.28
 20
50.676
 11
31.32
 21
50.676
  0
LINE
  8
0
 10
31.32
 20
50.676
 11
31.32
 21
50.668
  0
LINE
  8
0
 10
31.32
 20
50.668
 11
26.28
 21
50.668
  0
LINE
  8
0
 10
-2.51999
 20
50.668
 11
-2.51999
 21
50.676
  0
LINE
  8
0
 10
-2.51999
 20
50.676
 11
2.51999
 21
50.676
  0
LINE
  8
0
 10
2.51999
 20
50.676
 11
2.51999
 21
50.668
  0
LINE
  8
0
 10
2.51999
 20
50.668
 11
-2.51999
 21
50.668
  0
LINE
  8
0
 10
40.68
 20
50.668
 11
40.68
 21
50.676
  0
LINE
  8
0
 10
40.68
 20
50.676
 11
45.72
 21
50.676
  0
LINE
  8
0
 10
45.72
 20
50.676
 11
45.72
 21
50.668
  0
LINE
  8
0
 10
45.72
 20
50.668
 11
40.68
 21
50.668
  0
LINE
  8
0
 10
55.08
 20
50.668
 11
55.08
 21
50.676
  0
LINE
  8
0
 10
55.08
 20
50.676
 11
60.12
 21
50.676
  0
LINE
  8
0
 10
60.12
 20
50.676
 11
60.12
 21
50.668
  0
LINE
  8
0
 10
60.12
 20
50.668
 11
55.08
 21
50.668
  0
LINE
  8
0
 10
11.88
 20
50.668
 11
11.88
 21
50.676
  0
LINE
  8
0
 10
11.88
 20
50.676
 11
16.92
 21
50.676
  0
LINE
  8
0
 10
16.92
 20
50.676
 11
16.92
 21
50.668
  0
LINE
  8
0
 10
16.92
 20
50.668
 11
11.88
 21
50.668
  0
LINE
  8
0
 10
-2.51999
 20
50.636
 11
-2.51999
 21
50.644
  0
LINE
  8
0
 10
-2.51999
 20
50.644
 11
2.51999
 21
50.644
  0
LINE
  8
0
 10
2.51999
 20
50.644
 11
2.51999
 21
50.636
  0
LINE
  8
0
 10
2.51999
 20
50.636
 11
-2.51999
 21
50.636
  0
LINE
  8
0
 10
11.88
 20
50.636
 11
11.88
 21
50.644
  0
LINE
  8
0
 10
11.88
 20
50.644
 11
16.92
 21
50.644
  0
LINE
  8
0
 10
16.92
 20
50.644
 11
16.92
 21
50.636
  0
LINE
  8
0
 10
16.92
 20
50.636
 11
11.88
 21
50.636
  0
LINE
  8
0
 10
69.48
 20
50.636
 11
69.48
 21
50.644
  0
LINE
  8
0
 10
69.48
 20
50.644
 11
74.52
 21
50.644
  0
LINE
  8
0
 10
74.52
 20
50.644
 11
74.52
 21
50.636
  0
LINE
  8
0
 10
74.52
 20
50.636
 11
69.48
 21
50.636
  0
LINE
  8
0
 10
55.08
 20
50.636
 11
55.08
 21
50.644
  0
LINE
  8
0
 10
55.08
 20
50.644
 11
60.12
 21
50.644
  0
LINE
  8
0
 10
60.12
 20
50.644
 11
60.12
 21
50.636
  0
LINE
  8
0
 10
60.12
 20
50.636
 11
55.08
 21
50.636
  0
LINE
  8
0
 10
26.28
 20
50.636
 11
26.28
 21
50.644
  0
LINE
  8
0
 10
26.28
 20
50.644
 11
31.32
 21
50.644
  0
LINE
  8
0
 10
31.32
 20
50.644
 11
31.32
 21
50.636
  0
LINE
  8
0
 10
31.32
 20
50.636
 11
26.28
 21
50.636
  0
LINE
  8
0
 10
40.68
 20
50.636
 11
40.68
 21
50.644
  0
LINE
  8
0
 10
40.68
 20
50.644
 11
45.72
 21
50.644
  0
LINE
  8
0
 10
45.72
 20
50.644
 11
45.72
 21
50.636
  0
LINE
  8
0
 10
45.72
 20
50.636
 11
40.68
 21
50.636
  0
LINE
  8
0
 10
-2.51999
 20
50.604
 11
-2.51999
 21
50.612
  0
LINE
  8
0
 10
-2.51999
 20
50.612
 11
2.51999
 21
50.612
  0
LINE
  8
0
 10
2.51999
 20
50.612
 11
2.51999
 21
50.604
  0
LINE
  8
0
 10
2.51999
 20
50.604
 11
-2.51999
 21
50.604
  0
LINE
  8
0
 10
55.08
 20
50.604
 11
55.08
 21
50.612
  0
LINE
  8
0
 10
55.08
 20
50.612
 11
60.12
 21
50.612
  0
LINE
  8
0
 10
60.12
 20
50.612
 11
60.12
 21
50.604
  0
LINE
  8
0
 10
60.12
 20
50.604
 11
55.08
 21
50.604
  0
LINE
  8
0
 10
26.28
 20
50.604
 11
26.28
 21
50.612
  0
LINE
  8
0
 10
26.28
 20
50.612
 11
31.32
 21
50.612
  0
LINE
  8
0
 10
31.32
 20
50.612
 11
31.32
 21
50.604
  0
LINE
  8
0
 10
31.32
 20
50.604
 11
26.28
 21
50.604
  0
LINE
  8
0
 10
69.48
 20
50.604
 11
69.48
 21
50.612
  0
LINE
  8
0
 10
69.48
 20
50.612
 11
74.52
 21
50.612
  0
LINE
  8
0
 10
74.52
 20
50.612
 11
74.52
 21
50.604
  0
LINE
  8
0
 10
74.52
 20
50.604
 11
69.48
 21
50.604
  0
LINE
  8
0
 10
11.88
 20
50.604
 11
11.88
 21
50.612
  0
LINE
  8
0
 10
11.88
 20
50.612
 11
16.92
 21
50.612
  0
LINE
  8
0
 10
16.92
 20
50.612
 11
16.92
 21
50.604
  0
LINE
  8
0
 10
16.92
 20
50.604
 11
11.88
 21
50.604
  0
LINE
  8
0
 10
40.68
 20
50.604
 11
40.68
 21
50.612
  0
LINE
  8
0
 10
40.68
 20
50.612
 11
45.72
 21
50.612
  0
LINE
  8
0
 10
45.72
 20
50.612
 11
45.72
 21
50.604
  0
LINE
  8
0
 10
45.72
 20
50.604
 11
40.68
 21
50.604
  0
LINE
  8
0
 10
-2.51999
 20
50.572
 11
-2.51999
 21
50.58
  0
LINE
  8
0
 10
-2.51999
 20
50.58
 11
2.51999
 21
50.58
  0
LINE
  8
0
 10
2.51999
 20
50.58
 11
2.51999
 21
50.572
  0
LINE
  8
0
 10
2.51999
 20
50.572
 11
-2.51999
 21
50.572
  0
LINE
  8
0
 10
26.28
 20
50.572
 11
26.28
 21
50.58
  0
LINE
  8
0
 10
26.28
 20
50.58
 11
31.32
 21
50.58
  0
LINE
  8
0
 10
31.32
 20
50.58
 11
31.32
 21
50.572
  0
LINE
  8
0
 10
31.32
 20
50.572
 11
26.28
 21
50.572
  0
LINE
  8
0
 10
69.48
 20
50.572
 11
69.48
 21
50.58
  0
LINE
  8
0
 10
69.48
 20
50.58
 11
74.52
 21
50.58
  0
LINE
  8
0
 10
74.52
 20
50.58
 11
74.52
 21
50.572
  0
LINE
  8
0
 10
74.52
 20
50.572
 11
69.48
 21
50.572
  0
LINE
  8
0
 10
40.68
 20
50.572
 11
40.68
 21
50.58
  0
LINE
  8
0
 10
40.68
 20
50.58
 11
45.72
 21
50.58
  0
LINE
  8
0
 10
45.72
 20
50.58
 11
45.72
 21
50.572
  0
LINE
  8
0
 10
45.72
 20
50.572
 11
40.68
 21
50.572
  0
LINE
  8
0
 10
11.88
 20
50.572
 11
11.88
 21
50.58
  0
LINE
  8
0
 10
11.88
 20
50.58
 11
16.92
 21
50.58
  0
LINE
  8
0
 10
16.92
 20
50.58
 11
16.92
 21
50.572
  0
LINE
  8
0
 10
16.92
 20
50.572
 11
11.88
 21
50.572
  0
LINE
  8
0
 10
55.08
 20
50.572
 11
55.08
 21
50.58
  0
LINE
  8
0
 10
55.08
 20
50.58
 11
60.12
 21
50.58
  0
LINE
  8
0
 10
60.12
 20
50.58
 11
60.12
 21
50.572
  0
LINE
  8
0
 10
60.12
 20
50.572
 11
55.08
 21
50.572
  0
LINE
  8
0
 10
26.28
 20
50.54
 11
26.28
 21
50.548
  0
LINE
  8
0
 10
26.28
 20
50.548
 11
31.32
 21
50.548
  0
LINE
  8
0
 10
31.32
 20
50.548
 11
31.32
 21
50.54
  0
LINE
  8
0
 10
31.32
 20
50.54
 11
26.28
 21
50.54
  0
LINE
  8
0
 10
69.48
 20
50.54
 11
69.48
 21
50.548
  0
LINE
  8
0
 10
69.48
 20
50.548
 11
74.52
 21
50.548
  0
LINE
  8
0
 10
74.52
 20
50.548
 11
74.52
 21
50.54
  0
LINE
  8
0
 10
74.52
 20
50.54
 11
69.48
 21
50.54
  0
LINE
  8
0
 10
55.08
 20
50.54
 11
55.08
 21
50.548
  0
LINE
  8
0
 10
55.08
 20
50.548
 11
60.12
 21
50.548
  0
LINE
  8
0
 10
60.12
 20
50.548
 11
60.12
 21
50.54
  0
LINE
  8
0
 10
60.12
 20
50.54
 11
55.08
 21
50.54
  0
LINE
  8
0
 10
40.68
 20
50.54
 11
40.68
 21
50.548
  0
LINE
  8
0
 10
40.68
 20
50.548
 11
45.72
 21
50.548
  0
LINE
  8
0
 10
45.72
 20
50.548
 11
45.72
 21
50.54
  0
LINE
  8
0
 10
45.72
 20
50.54
 11
40.68
 21
50.54
  0
LINE
  8
0
 10
-2.51999
 20
50.54
 11
-2.51999
 21
50.548
  0
LINE
  8
0
 10
-2.51999
 20
50.548
 11
2.51999
 21
50.548
  0
LINE
  8
0
 10
2.51999
 20
50.548
 11
2.51999
 21
50.54
  0
LINE
  8
0
 10
2.51999
 20
50.54
 11
-2.51999
 21
50.54
  0
LINE
  8
0
 10
11.88
 20
50.54
 11
11.88
 21
50.548
  0
LINE
  8
0
 10
11.88
 20
50.548
 11
16.92
 21
50.548
  0
LINE
  8
0
 10
16.92
 20
50.548
 11
16.92
 21
50.54
  0
LINE
  8
0
 10
16.92
 20
50.54
 11
11.88
 21
50.54
  0
LINE
  8
0
 10
-2.51999
 20
50.508
 11
-2.51999
 21
50.516
  0
LINE
  8
0
 10
-2.51999
 20
50.516
 11
2.51999
 21
50.516
  0
LINE
  8
0
 10
2.51999
 20
50.516
 11
2.51999
 21
50.508
  0
LINE
  8
0
 10
2.51999
 20
50.508
 11
-2.51999
 21
50.508
  0
LINE
  8
0
 10
11.88
 20
50.508
 11
11.88
 21
50.516
  0
LINE
  8
0
 10
11.88
 20
50.516
 11
16.92
 21
50.516
  0
LINE
  8
0
 10
16.92
 20
50.516
 11
16.92
 21
50.508
  0
LINE
  8
0
 10
16.92
 20
50.508
 11
11.88
 21
50.508
  0
LINE
  8
0
 10
55.08
 20
50.508
 11
55.08
 21
50.516
  0
LINE
  8
0
 10
55.08
 20
50.516
 11
60.12
 21
50.516
  0
LINE
  8
0
 10
60.12
 20
50.516
 11
60.12
 21
50.508
  0
LINE
  8
0
 10
60.12
 20
50.508
 11
55.08
 21
50.508
  0
LINE
  8
0
 10
69.48
 20
50.508
 11
69.48
 21
50.516
  0
LINE
  8
0
 10
69.48
 20
50.516
 11
74.52
 21
50.516
  0
LINE
  8
0
 10
74.52
 20
50.516
 11
74.52
 21
50.508
  0
LINE
  8
0
 10
74.52
 20
50.508
 11
69.48
 21
50.508
  0
LINE
  8
0
 10
40.68
 20
50.508
 11
40.68
 21
50.516
  0
LINE
  8
0
 10
40.68
 20
50.516
 11
45.72
 21
50.516
  0
LINE
  8
0
 10
45.72
 20
50.516
 11
45.72
 21
50.508
  0
LINE
  8
0
 10
45.72
 20
50.508
 11
40.68
 21
50.508
  0
LINE
  8
0
 10
26.28
 20
50.508
 11
26.28
 21
50.516
  0
LINE
  8
0
 10
26.28
 20
50.516
 11
31.32
 21
50.516
  0
LINE
  8
0
 10
31.32
 20
50.516
 11
31.32
 21
50.508
  0
LINE
  8
0
 10
31.32
 20
50.508
 11
26.28
 21
50.508
  0
LINE
  8
0
 10
40.68
 20
50.476
 11
40.68
 21
50.484
  0
LINE
  8
0
 10
40.68
 20
50.484
 11
45.72
 21
50.484
  0
LINE
  8
0
 10
45.72
 20
50.484
 11
45.72
 21
50.476
  0
LINE
  8
0
 10
45.72
 20
50.476
 11
40.68
 21
50.476
  0
LINE
  8
0
 10
11.88
 20
50.476
 11
11.88
 21
50.484
  0
LINE
  8
0
 10
11.88
 20
50.484
 11
16.92
 21
50.484
  0
LINE
  8
0
 10
16.92
 20
50.484
 11
16.92
 21
50.476
  0
LINE
  8
0
 10
16.92
 20
50.476
 11
11.88
 21
50.476
  0
LINE
  8
0
 10
-2.51999
 20
50.476
 11
-2.51999
 21
50.484
  0
LINE
  8
0
 10
-2.51999
 20
50.484
 11
2.51999
 21
50.484
  0
LINE
  8
0
 10
2.51999
 20
50.484
 11
2.51999
 21
50.476
  0
LINE
  8
0
 10
2.51999
 20
50.476
 11
-2.51999
 21
50.476
  0
LINE
  8
0
 10
26.28
 20
50.476
 11
26.28
 21
50.484
  0
LINE
  8
0
 10
26.28
 20
50.484
 11
31.32
 21
50.484
  0
LINE
  8
0
 10
31.32
 20
50.484
 11
31.32
 21
50.476
  0
LINE
  8
0
 10
31.32
 20
50.476
 11
26.28
 21
50.476
  0
LINE
  8
0
 10
69.48
 20
50.476
 11
69.48
 21
50.484
  0
LINE
  8
0
 10
69.48
 20
50.484
 11
74.52
 21
50.484
  0
LINE
  8
0
 10
74.52
 20
50.484
 11
74.52
 21
50.476
  0
LINE
  8
0
 10
74.52
 20
50.476
 11
69.48
 21
50.476
  0
LINE
  8
0
 10
55.08
 20
50.476
 11
55.08
 21
50.484
  0
LINE
  8
0
 10
55.08
 20
50.484
 11
60.12
 21
50.484
  0
LINE
  8
0
 10
60.12
 20
50.484
 11
60.12
 21
50.476
  0
LINE
  8
0
 10
60.12
 20
50.476
 11
55.08
 21
50.476
  0
LINE
  8
0
 10
11.88
 20
50.444
 11
11.88
 21
50.452
  0
LINE
  8
0
 10
11.88
 20
50.452
 11
16.92
 21
50.452
  0
LINE
  8
0
 10
16.92
 20
50.452
 11
16.92
 21
50.444
  0
LINE
  8
0
 10
16.92
 20
50.444
 11
11.88
 21
50.444
  0
LINE
  8
0
 10
69.48
 20
50.444
 11
69.48
 21
50.452
  0
LINE
  8
0
 10
69.48
 20
50.452
 11
74.52
 21
50.452
  0
LINE
  8
0
 10
74.52
 20
50.452
 11
74.52
 21
50.444
  0
LINE
  8
0
 10
74.52
 20
50.444
 11
69.48
 21
50.444
  0
LINE
  8
0
 10
40.68
 20
50.444
 11
40.68
 21
50.452
  0
LINE
  8
0
 10
40.68
 20
50.452
 11
45.72
 21
50.452
  0
LINE
  8
0
 10
45.72
 20
50.452
 11
45.72
 21
50.444
  0
LINE
  8
0
 10
45.72
 20
50.444
 11
40.68
 21
50.444
  0
LINE
  8
0
 10
26.28
 20
50.444
 11
26.28
 21
50.452
  0
LINE
  8
0
 10
26.28
 20
50.452
 11
31.32
 21
50.452
  0
LINE
  8
0
 10
31.32
 20
50.452
 11
31.32
 21
50.444
  0
LINE
  8
0
 10
31.32
 20
50.444
 11
26.28
 21
50.444
  0
LINE
  8
0
 10
55.08
 20
50.444
 11
55.08
 21
50.452
  0
LINE
  8
0
 10
55.08
 20
50.452
 11
60.12
 21
50.452
  0
LINE
  8
0
 10
60.12
 20
50.452
 11
60.12
 21
50.444
  0
LINE
  8
0
 10
60.12
 20
50.444
 11
55.08
 21
50.444
  0
LINE
  8
0
 10
-2.51999
 20
50.444
 11
-2.51999
 21
50.452
  0
LINE
  8
0
 10
-2.51999
 20
50.452
 11
2.51999
 21
50.452
  0
LINE
  8
0
 10
2.51999
 20
50.452
 11
2.51999
 21
50.444
  0
LINE
  8
0
 10
2.51999
 20
50.444
 11
-2.51999
 21
50.444
  0
LINE
  8
0
 10
11.88
 20
50.412
 11
11.88
 21
50.42
  0
LINE
  8
0
 10
11.88
 20
50.42
 11
16.92
 21
50.42
  0
LINE
  8
0
 10
16.92
 20
50.42
 11
16.92
 21
50.412
  0
LINE
  8
0
 10
16.92
 20
50.412
 11
11.88
 21
50.412
  0
LINE
  8
0
 10
55.08
 20
50.412
 11
55.08
 21
50.42
  0
LINE
  8
0
 10
55.08
 20
50.42
 11
60.12
 21
50.42
  0
LINE
  8
0
 10
60.12
 20
50.42
 11
60.12
 21
50.412
  0
LINE
  8
0
 10
60.12
 20
50.412
 11
55.08
 21
50.412
  0
LINE
  8
0
 10
-2.51999
 20
50.412
 11
-2.51999
 21
50.42
  0
LINE
  8
0
 10
-2.51999
 20
50.42
 11
2.51999
 21
50.42
  0
LINE
  8
0
 10
2.51999
 20
50.42
 11
2.51999
 21
50.412
  0
LINE
  8
0
 10
2.51999
 20
50.412
 11
-2.51999
 21
50.412
  0
LINE
  8
0
 10
26.28
 20
50.412
 11
26.28
 21
50.42
  0
LINE
  8
0
 10
26.28
 20
50.42
 11
31.32
 21
50.42
  0
LINE
  8
0
 10
31.32
 20
50.42
 11
31.32
 21
50.412
  0
LINE
  8
0
 10
31.32
 20
50.412
 11
26.28
 21
50.412
  0
LINE
  8
0
 10
40.68
 20
50.412
 11
40.68
 21
50.42
  0
LINE
  8
0
 10
40.68
 20
50.42
 11
45.72
 21
50.42
  0
LINE
  8
0
 10
45.72
 20
50.42
 11
45.72
 21
50.412
  0
LINE
  8
0
 10
45.72
 20
50.412
 11
40.68
 21
50.412
  0
LINE
  8
0
 10
69.48
 20
50.412
 11
69.48
 21
50.42
  0
LINE
  8
0
 10
69.48
 20
50.42
 11
74.52
 21
50.42
  0
LINE
  8
0
 10
74.52
 20
50.42
 11
74.52
 21
50.412
  0
LINE
  8
0
 10
74.52
 20
50.412
 11
69.48
 21
50.412
  0
LINE
  8
0
 10
69.48
 20
50.38
 11
69.48
 21
50.388
  0
LINE
  8
0
 10
69.48
 20
50.388
 11
74.52
 21
50.388
  0
LINE
  8
0
 10
74.52
 20
50.388
 11
74.52
 21
50.38
  0
LINE
  8
0
 10
74.52
 20
50.38
 11
69.48
 21
50.38
  0
LINE
  8
0
 10
11.88
 20
50.38
 11
11.88
 21
50.388
  0
LINE
  8
0
 10
11.88
 20
50.388
 11
16.92
 21
50.388
  0
LINE
  8
0
 10
16.92
 20
50.388
 11
16.92
 21
50.38
  0
LINE
  8
0
 10
16.92
 20
50.38
 11
11.88
 21
50.38
  0
LINE
  8
0
 10
-2.51999
 20
50.38
 11
-2.51999
 21
50.388
  0
LINE
  8
0
 10
-2.51999
 20
50.388
 11
2.51999
 21
50.388
  0
LINE
  8
0
 10
2.51999
 20
50.388
 11
2.51999
 21
50.38
  0
LINE
  8
0
 10
2.51999
 20
50.38
 11
-2.51999
 21
50.38
  0
LINE
  8
0
 10
40.68
 20
50.38
 11
40.68
 21
50.388
  0
LINE
  8
0
 10
40.68
 20
50.388
 11
45.72
 21
50.388
  0
LINE
  8
0
 10
45.72
 20
50.388
 11
45.72
 21
50.38
  0
LINE
  8
0
 10
45.72
 20
50.38
 11
40.68
 21
50.38
  0
LINE
  8
0
 10
26.28
 20
50.38
 11
26.28
 21
50.388
  0
LINE
  8
0
 10
26.28
 20
50.388
 11
31.32
 21
50.388
  0
LINE
  8
0
 10
31.32
 20
50.388
 11
31.32
 21
50.38
  0
LINE
  8
0
 10
31.32
 20
50.38
 11
26.28
 21
50.38
  0
LINE
  8
0
 10
55.08
 20
50.38
 11
55.08
 21
50.388
  0
LINE
  8
0
 10
55.08
 20
50.388
 11
60.12
 21
50.388
  0
LINE
  8
0
 10
60.12
 20
50.388
 11
60.12
 21
50.38
  0
LINE
  8
0
 10
60.12
 20
50.38
 11
55.08
 21
50.38
  0
LINE
  8
0
 10
26.28
 20
50.348
 11
26.28
 21
50.356
  0
LINE
  8
0
 10
26.28
 20
50.356
 11
31.32
 21
50.356
  0
LINE
  8
0
 10
31.32
 20
50.356
 11
31.32
 21
50.348
  0
LINE
  8
0
 10
31.32
 20
50.348
 11
26.28
 21
50.348
  0
LINE
  8
0
 10
40.68
 20
50.348
 11
40.68
 21
50.356
  0
LINE
  8
0
 10
40.68
 20
50.356
 11
45.72
 21
50.356
  0
LINE
  8
0
 10
45.72
 20
50.356
 11
45.72
 21
50.348
  0
LINE
  8
0
 10
45.72
 20
50.348
 11
40.68
 21
50.348
  0
LINE
  8
0
 10
69.48
 20
50.348
 11
69.48
 21
50.356
  0
LINE
  8
0
 10
69.48
 20
50.356
 11
74.52
 21
50.356
  0
LINE
  8
0
 10
74.52
 20
50.356
 11
74.52
 21
50.348
  0
LINE
  8
0
 10
74.52
 20
50.348
 11
69.48
 21
50.348
  0
LINE
  8
0
 10
11.88
 20
50.348
 11
11.88
 21
50.356
  0
LINE
  8
0
 10
11.88
 20
50.356
 11
16.92
 21
50.356
  0
LINE
  8
0
 10
16.92
 20
50.356
 11
16.92
 21
50.348
  0
LINE
  8
0
 10
16.92
 20
50.348
 11
11.88
 21
50.348
  0
LINE
  8
0
 10
-2.51999
 20
50.348
 11
-2.51999
 21
50.356
  0
LINE
  8
0
 10
-2.51999
 20
50.356
 11
2.51999
 21
50.356
  0
LINE
  8
0
 10
2.51999
 20
50.356
 11
2.51999
 21
50.348
  0
LINE
  8
0
 10
2.51999
 20
50.348
 11
-2.51999
 21
50.348
  0
LINE
  8
0
 10
55.08
 20
50.348
 11
55.08
 21
50.356
  0
LINE
  8
0
 10
55.08
 20
50.356
 11
60.12
 21
50.356
  0
LINE
  8
0
 10
60.12
 20
50.356
 11
60.12
 21
50.348
  0
LINE
  8
0
 10
60.12
 20
50.348
 11
55.08
 21
50.348
  0
LINE
  8
0
 10
-2.51999
 20
50.316
 11
-2.51999
 21
50.324
  0
LINE
  8
0
 10
-2.51999
 20
50.324
 11
2.51999
 21
50.324
  0
LINE
  8
0
 10
2.51999
 20
50.324
 11
2.51999
 21
50.316
  0
LINE
  8
0
 10
2.51999
 20
50.316
 11
-2.51999
 21
50.316
  0
LINE
  8
0
 10
55.08
 20
50.316
 11
55.08
 21
50.324
  0
LINE
  8
0
 10
55.08
 20
50.324
 11
60.12
 21
50.324
  0
LINE
  8
0
 10
60.12
 20
50.324
 11
60.12
 21
50.316
  0
LINE
  8
0
 10
60.12
 20
50.316
 11
55.08
 21
50.316
  0
LINE
  8
0
 10
26.28
 20
50.316
 11
26.28
 21
50.324
  0
LINE
  8
0
 10
26.28
 20
50.324
 11
31.32
 21
50.324
  0
LINE
  8
0
 10
31.32
 20
50.324
 11
31.32
 21
50.316
  0
LINE
  8
0
 10
31.32
 20
50.316
 11
26.28
 21
50.316
  0
LINE
  8
0
 10
40.68
 20
50.316
 11
40.68
 21
50.324
  0
LINE
  8
0
 10
40.68
 20
50.324
 11
45.72
 21
50.324
  0
LINE
  8
0
 10
45.72
 20
50.324
 11
45.72
 21
50.316
  0
LINE
  8
0
 10
45.72
 20
50.316
 11
40.68
 21
50.316
  0
LINE
  8
0
 10
11.88
 20
50.316
 11
11.88
 21
50.324
  0
LINE
  8
0
 10
11.88
 20
50.324
 11
16.92
 21
50.324
  0
LINE
  8
0
 10
16.92
 20
50.324
 11
16.92
 21
50.316
  0
LINE
  8
0
 10
16.92
 20
50.316
 11
11.88
 21
50.316
  0
LINE
  8
0
 10
69.48
 20
50.316
 11
69.48
 21
50.324
  0
LINE
  8
0
 10
69.48
 20
50.324
 11
74.52
 21
50.324
  0
LINE
  8
0
 10
74.52
 20
50.324
 11
74.52
 21
50.316
  0
LINE
  8
0
 10
74.52
 20
50.316
 11
69.48
 21
50.316
  0
LINE
  8
0
 10
40.68
 20
50.284
 11
40.68
 21
50.292
  0
LINE
  8
0
 10
40.68
 20
50.292
 11
45.72
 21
50.292
  0
LINE
  8
0
 10
45.72
 20
50.292
 11
45.72
 21
50.284
  0
LINE
  8
0
 10
45.72
 20
50.284
 11
40.68
 21
50.284
  0
LINE
  8
0
 10
11.88
 20
50.284
 11
11.88
 21
50.292
  0
LINE
  8
0
 10
11.88
 20
50.292
 11
16.92
 21
50.292
  0
LINE
  8
0
 10
16.92
 20
50.292
 11
16.92
 21
50.284
  0
LINE
  8
0
 10
16.92
 20
50.284
 11
11.88
 21
50.284
  0
LINE
  8
0
 10
69.48
 20
50.284
 11
69.48
 21
50.292
  0
LINE
  8
0
 10
69.48
 20
50.292
 11
74.52
 21
50.292
  0
LINE
  8
0
 10
74.52
 20
50.292
 11
74.52
 21
50.284
  0
LINE
  8
0
 10
74.52
 20
50.284
 11
69.48
 21
50.284
  0
LINE
  8
0
 10
-2.51999
 20
50.284
 11
-2.51999
 21
50.292
  0
LINE
  8
0
 10
-2.51999
 20
50.292
 11
2.51999
 21
50.292
  0
LINE
  8
0
 10
2.51999
 20
50.292
 11
2.51999
 21
50.284
  0
LINE
  8
0
 10
2.51999
 20
50.284
 11
-2.51999
 21
50.284
  0
LINE
  8
0
 10
26.28
 20
50.284
 11
26.28
 21
50.292
  0
LINE
  8
0
 10
26.28
 20
50.292
 11
31.32
 21
50.292
  0
LINE
  8
0
 10
31.32
 20
50.292
 11
31.32
 21
50.284
  0
LINE
  8
0
 10
31.32
 20
50.284
 11
26.28
 21
50.284
  0
LINE
  8
0
 10
55.08
 20
50.284
 11
55.08
 21
50.292
  0
LINE
  8
0
 10
55.08
 20
50.292
 11
60.12
 21
50.292
  0
LINE
  8
0
 10
60.12
 20
50.292
 11
60.12
 21
50.284
  0
LINE
  8
0
 10
60.12
 20
50.284
 11
55.08
 21
50.284
  0
LINE
  8
0
 10
-2.51999
 20
50.252
 11
-2.51999
 21
50.26
  0
LINE
  8
0
 10
-2.51999
 20
50.26
 11
2.51999
 21
50.26
  0
LINE
  8
0
 10
2.51999
 20
50.26
 11
2.51999
 21
50.252
  0
LINE
  8
0
 10
2.51999
 20
50.252
 11
-2.51999
 21
50.252
  0
LINE
  8
0
 10
69.48
 20
50.252
 11
69.48
 21
50.26
  0
LINE
  8
0
 10
69.48
 20
50.26
 11
74.52
 21
50.26
  0
LINE
  8
0
 10
74.52
 20
50.26
 11
74.52
 21
50.252
  0
LINE
  8
0
 10
74.52
 20
50.252
 11
69.48
 21
50.252
  0
LINE
  8
0
 10
11.88
 20
50.252
 11
11.88
 21
50.26
  0
LINE
  8
0
 10
11.88
 20
50.26
 11
16.92
 21
50.26
  0
LINE
  8
0
 10
16.92
 20
50.26
 11
16.92
 21
50.252
  0
LINE
  8
0
 10
16.92
 20
50.252
 11
11.88
 21
50.252
  0
LINE
  8
0
 10
55.08
 20
50.252
 11
55.08
 21
50.26
  0
LINE
  8
0
 10
55.08
 20
50.26
 11
60.12
 21
50.26
  0
LINE
  8
0
 10
60.12
 20
50.26
 11
60.12
 21
50.252
  0
LINE
  8
0
 10
60.12
 20
50.252
 11
55.08
 21
50.252
  0
LINE
  8
0
 10
26.28
 20
50.252
 11
26.28
 21
50.26
  0
LINE
  8
0
 10
26.28
 20
50.26
 11
31.32
 21
50.26
  0
LINE
  8
0
 10
31.32
 20
50.26
 11
31.32
 21
50.252
  0
LINE
  8
0
 10
31.32
 20
50.252
 11
26.28
 21
50.252
  0
LINE
  8
0
 10
40.68
 20
50.252
 11
40.68
 21
50.26
  0
LINE
  8
0
 10
40.68
 20
50.26
 11
45.72
 21
50.26
  0
LINE
  8
0
 10
45.72
 20
50.26
 11
45.72
 21
50.252
  0
LINE
  8
0
 10
45.72
 20
50.252
 11
40.68
 21
50.252
  0
LINE
  8
0
 10
26.28
 20
50.22
 11
26.28
 21
50.228
  0
LINE
  8
0
 10
26.28
 20
50.228
 11
31.32
 21
50.228
  0
LINE
  8
0
 10
31.32
 20
50.228
 11
31.32
 21
50.22
  0
LINE
  8
0
 10
31.32
 20
50.22
 11
26.28
 21
50.22
  0
LINE
  8
0
 10
55.08
 20
50.22
 11
55.08
 21
50.228
  0
LINE
  8
0
 10
55.08
 20
50.228
 11
60.12
 21
50.228
  0
LINE
  8
0
 10
60.12
 20
50.228
 11
60.12
 21
50.22
  0
LINE
  8
0
 10
60.12
 20
50.22
 11
55.08
 21
50.22
  0
LINE
  8
0
 10
11.88
 20
50.22
 11
11.88
 21
50.228
  0
LINE
  8
0
 10
11.88
 20
50.228
 11
16.92
 21
50.228
  0
LINE
  8
0
 10
16.92
 20
50.228
 11
16.92
 21
50.22
  0
LINE
  8
0
 10
16.92
 20
50.22
 11
11.88
 21
50.22
  0
LINE
  8
0
 10
40.68
 20
50.22
 11
40.68
 21
50.228
  0
LINE
  8
0
 10
40.68
 20
50.228
 11
45.72
 21
50.228
  0
LINE
  8
0
 10
45.72
 20
50.228
 11
45.72
 21
50.22
  0
LINE
  8
0
 10
45.72
 20
50.22
 11
40.68
 21
50.22
  0
LINE
  8
0
 10
69.48
 20
50.22
 11
69.48
 21
50.228
  0
LINE
  8
0
 10
69.48
 20
50.228
 11
74.52
 21
50.228
  0
LINE
  8
0
 10
74.52
 20
50.228
 11
74.52
 21
50.22
  0
LINE
  8
0
 10
74.52
 20
50.22
 11
69.48
 21
50.22
  0
LINE
  8
0
 10
-2.51999
 20
50.22
 11
-2.51999
 21
50.228
  0
LINE
  8
0
 10
-2.51999
 20
50.228
 11
2.51999
 21
50.228
  0
LINE
  8
0
 10
2.51999
 20
50.228
 11
2.51999
 21
50.22
  0
LINE
  8
0
 10
2.51999
 20
50.22
 11
-2.51999
 21
50.22
  0
LINE
  8
0
 10
40.68
 20
50.188
 11
40.68
 21
50.196
  0
LINE
  8
0
 10
40.68
 20
50.196
 11
45.72
 21
50.196
  0
LINE
  8
0
 10
45.72
 20
50.196
 11
45.72
 21
50.188
  0
LINE
  8
0
 10
45.72
 20
50.188
 11
40.68
 21
50.188
  0
LINE
  8
0
 10
55.08
 20
50.188
 11
55.08
 21
50.196
  0
LINE
  8
0
 10
55.08
 20
50.196
 11
60.12
 21
50.196
  0
LINE
  8
0
 10
60.12
 20
50.196
 11
60.12
 21
50.188
  0
LINE
  8
0
 10
60.12
 20
50.188
 11
55.08
 21
50.188
  0
LINE
  8
0
 10
26.28
 20
50.188
 11
26.28
 21
50.196
  0
LINE
  8
0
 10
26.28
 20
50.196
 11
31.32
 21
50.196
  0
LINE
  8
0
 10
31.32
 20
50.196
 11
31.32
 21
50.188
  0
LINE
  8
0
 10
31.32
 20
50.188
 11
26.28
 21
50.188
  0
LINE
  8
0
 10
11.88
 20
50.188
 11
11.88
 21
50.196
  0
LINE
  8
0
 10
11.88
 20
50.196
 11
16.92
 21
50.196
  0
LINE
  8
0
 10
16.92
 20
50.196
 11
16.92
 21
50.188
  0
LINE
  8
0
 10
16.92
 20
50.188
 11
11.88
 21
50.188
  0
LINE
  8
0
 10
-2.51999
 20
50.188
 11
-2.51999
 21
50.196
  0
LINE
  8
0
 10
-2.51999
 20
50.196
 11
2.51999
 21
50.196
  0
LINE
  8
0
 10
2.51999
 20
50.196
 11
2.51999
 21
50.188
  0
LINE
  8
0
 10
2.51999
 20
50.188
 11
-2.51999
 21
50.188
  0
LINE
  8
0
 10
69.48
 20
50.188
 11
69.48
 21
50.196
  0
LINE
  8
0
 10
69.48
 20
50.196
 11
74.52
 21
50.196
  0
LINE
  8
0
 10
74.52
 20
50.196
 11
74.52
 21
50.188
  0
LINE
  8
0
 10
74.52
 20
50.188
 11
69.48
 21
50.188
  0
LINE
  8
0
 10
55.08
 20
50.156
 11
55.08
 21
50.164
  0
LINE
  8
0
 10
55.08
 20
50.164
 11
60.12
 21
50.164
  0
LINE
  8
0
 10
60.12
 20
50.164
 11
60.12
 21
50.156
  0
LINE
  8
0
 10
60.12
 20
50.156
 11
55.08
 21
50.156
  0
LINE
  8
0
 10
26.28
 20
50.156
 11
26.28
 21
50.164
  0
LINE
  8
0
 10
26.28
 20
50.164
 11
31.32
 21
50.164
  0
LINE
  8
0
 10
31.32
 20
50.164
 11
31.32
 21
50.156
  0
LINE
  8
0
 10
31.32
 20
50.156
 11
26.28
 21
50.156
  0
LINE
  8
0
 10
69.48
 20
50.156
 11
69.48
 21
50.164
  0
LINE
  8
0
 10
69.48
 20
50.164
 11
74.52
 21
50.164
  0
LINE
  8
0
 10
74.52
 20
50.164
 11
74.52
 21
50.156
  0
LINE
  8
0
 10
74.52
 20
50.156
 11
69.48
 21
50.156
  0
LINE
  8
0
 10
40.68
 20
50.156
 11
40.68
 21
50.164
  0
LINE
  8
0
 10
40.68
 20
50.164
 11
45.72
 21
50.164
  0
LINE
  8
0
 10
45.72
 20
50.164
 11
45.72
 21
50.156
  0
LINE
  8
0
 10
45.72
 20
50.156
 11
40.68
 21
50.156
  0
LINE
  8
0
 10
11.88
 20
50.156
 11
11.88
 21
50.164
  0
LINE
  8
0
 10
11.88
 20
50.164
 11
16.92
 21
50.164
  0
LINE
  8
0
 10
16.92
 20
50.164
 11
16.92
 21
50.156
  0
LINE
  8
0
 10
16.92
 20
50.156
 11
11.88
 21
50.156
  0
LINE
  8
0
 10
-2.51999
 20
50.156
 11
-2.51999
 21
50.164
  0
LINE
  8
0
 10
-2.51999
 20
50.164
 11
2.51999
 21
50.164
  0
LINE
  8
0
 10
2.51999
 20
50.164
 11
2.51999
 21
50.156
  0
LINE
  8
0
 10
2.51999
 20
50.156
 11
-2.51999
 21
50.156
  0
LINE
  8
0
 10
26.28
 20
50.124
 11
26.28
 21
50.132
  0
LINE
  8
0
 10
26.28
 20
50.132
 11
31.32
 21
50.132
  0
LINE
  8
0
 10
31.32
 20
50.132
 11
31.32
 21
50.124
  0
LINE
  8
0
 10
31.32
 20
50.124
 11
26.28
 21
50.124
  0
LINE
  8
0
 10
69.48
 20
50.124
 11
69.48
 21
50.132
  0
LINE
  8
0
 10
69.48
 20
50.132
 11
74.52
 21
50.132
  0
LINE
  8
0
 10
74.52
 20
50.132
 11
74.52
 21
50.124
  0
LINE
  8
0
 10
74.52
 20
50.124
 11
69.48
 21
50.124
  0
LINE
  8
0
 10
40.68
 20
50.124
 11
40.68
 21
50.132
  0
LINE
  8
0
 10
40.68
 20
50.132
 11
45.72
 21
50.132
  0
LINE
  8
0
 10
45.72
 20
50.132
 11
45.72
 21
50.124
  0
LINE
  8
0
 10
45.72
 20
50.124
 11
40.68
 21
50.124
  0
LINE
  8
0
 10
55.08
 20
50.124
 11
55.08
 21
50.132
  0
LINE
  8
0
 10
55.08
 20
50.132
 11
60.12
 21
50.132
  0
LINE
  8
0
 10
60.12
 20
50.132
 11
60.12
 21
50.124
  0
LINE
  8
0
 10
60.12
 20
50.124
 11
55.08
 21
50.124
  0
LINE
  8
0
 10
11.88
 20
50.124
 11
11.88
 21
50.132
  0
LINE
  8
0
 10
11.88
 20
50.132
 11
16.92
 21
50.132
  0
LINE
  8
0
 10
16.92
 20
50.132
 11
16.92
 21
50.124
  0
LINE
  8
0
 10
16.92
 20
50.124
 11
11.88
 21
50.124
  0
LINE
  8
0
 10
-2.51999
 20
50.124
 11
-2.51999
 21
50.132
  0
LINE
  8
0
 10
-2.51999
 20
50.132
 11
2.51999
 21
50.132
  0
LINE
  8
0
 10
2.51999
 20
50.132
 11
2.51999
 21
50.124
  0
LINE
  8
0
 10
2.51999
 20
50.124
 11
-2.51999
 21
50.124
  0
LINE
  8
0
 10
-2.51999
 20
50.092
 11
-2.51999
 21
50.1
  0
LINE
  8
0
 10
-2.51999
 20
50.1
 11
2.51999
 21
50.1
  0
LINE
  8
0
 10
2.51999
 20
50.1
 11
2.51999
 21
50.092
  0
LINE
  8
0
 10
2.51999
 20
50.092
 11
-2.51999
 21
50.092
  0
LINE
  8
0
 10
55.08
 20
50.092
 11
55.08
 21
50.1
  0
LINE
  8
0
 10
55.08
 20
50.1
 11
60.12
 21
50.1
  0
LINE
  8
0
 10
60.12
 20
50.1
 11
60.12
 21
50.092
  0
LINE
  8
0
 10
60.12
 20
50.092
 11
55.08
 21
50.092
  0
LINE
  8
0
 10
40.68
 20
50.092
 11
40.68
 21
50.1
  0
LINE
  8
0
 10
40.68
 20
50.1
 11
45.72
 21
50.1
  0
LINE
  8
0
 10
45.72
 20
50.1
 11
45.72
 21
50.092
  0
LINE
  8
0
 10
45.72
 20
50.092
 11
40.68
 21
50.092
  0
LINE
  8
0
 10
69.48
 20
50.092
 11
69.48
 21
50.1
  0
LINE
  8
0
 10
69.48
 20
50.1
 11
74.52
 21
50.1
  0
LINE
  8
0
 10
74.52
 20
50.1
 11
74.52
 21
50.092
  0
LINE
  8
0
 10
74.52
 20
50.092
 11
69.48
 21
50.092
  0
LINE
  8
0
 10
11.88
 20
50.092
 11
11.88
 21
50.1
  0
LINE
  8
0
 10
11.88
 20
50.1
 11
16.92
 21
50.1
  0
LINE
  8
0
 10
16.92
 20
50.1
 11
16.92
 21
50.092
  0
LINE
  8
0
 10
16.92
 20
50.092
 11
11.88
 21
50.092
  0
LINE
  8
0
 10
26.28
 20
50.092
 11
26.28
 21
50.1
  0
LINE
  8
0
 10
26.28
 20
50.1
 11
31.32
 21
50.1
  0
LINE
  8
0
 10
31.32
 20
50.1
 11
31.32
 21
50.092
  0
LINE
  8
0
 10
31.32
 20
50.092
 11
26.28
 21
50.092
  0
LINE
  8
0
 10
26.28
 20
50.06
 11
26.28
 21
50.068
  0
LINE
  8
0
 10
26.28
 20
50.068
 11
31.32
 21
50.068
  0
LINE
  8
0
 10
31.32
 20
50.068
 11
31.32
 21
50.06
  0
LINE
  8
0
 10
31.32
 20
50.06
 11
26.28
 21
50.06
  0
LINE
  8
0
 10
69.48
 20
50.06
 11
69.48
 21
50.068
  0
LINE
  8
0
 10
69.48
 20
50.068
 11
74.52
 21
50.068
  0
LINE
  8
0
 10
74.52
 20
50.068
 11
74.52
 21
50.06
  0
LINE
  8
0
 10
74.52
 20
50.06
 11
69.48
 21
50.06
  0
LINE
  8
0
 10
11.88
 20
50.06
 11
11.88
 21
50.068
  0
LINE
  8
0
 10
11.88
 20
50.068
 11
16.92
 21
50.068
  0
LINE
  8
0
 10
16.92
 20
50.068
 11
16.92
 21
50.06
  0
LINE
  8
0
 10
16.92
 20
50.06
 11
11.88
 21
50.06
  0
LINE
  8
0
 10
55.08
 20
50.06
 11
55.08
 21
50.068
  0
LINE
  8
0
 10
55.08
 20
50.068
 11
60.12
 21
50.068
  0
LINE
  8
0
 10
60.12
 20
50.068
 11
60.12
 21
50.06
  0
LINE
  8
0
 10
60.12
 20
50.06
 11
55.08
 21
50.06
  0
LINE
  8
0
 10
40.68
 20
50.06
 11
40.68
 21
50.068
  0
LINE
  8
0
 10
40.68
 20
50.068
 11
45.72
 21
50.068
  0
LINE
  8
0
 10
45.72
 20
50.068
 11
45.72
 21
50.06
  0
LINE
  8
0
 10
45.72
 20
50.06
 11
40.68
 21
50.06
  0
LINE
  8
0
 10
-2.51999
 20
50.06
 11
-2.51999
 21
50.068
  0
LINE
  8
0
 10
-2.51999
 20
50.068
 11
2.51999
 21
50.068
  0
LINE
  8
0
 10
2.51999
 20
50.068
 11
2.51999
 21
50.06
  0
LINE
  8
0
 10
2.51999
 20
50.06
 11
-2.51999
 21
50.06
  0
LINE
  8
0
 10
-2.51999
 20
50.028
 11
-2.51999
 21
50.036
  0
LINE
  8
0
 10
-2.51999
 20
50.036
 11
2.51999
 21
50.036
  0
LINE
  8
0
 10
2.51999
 20
50.036
 11
2.51999
 21
50.028
  0
LINE
  8
0
 10
2.51999
 20
50.028
 11
-2.51999
 21
50.028
  0
LINE
  8
0
 10
40.68
 20
50.028
 11
40.68
 21
50.036
  0
LINE
  8
0
 10
40.68
 20
50.036
 11
45.72
 21
50.036
  0
LINE
  8
0
 10
45.72
 20
50.036
 11
45.72
 21
50.028
  0
LINE
  8
0
 10
45.72
 20
50.028
 11
40.68
 21
50.028
  0
LINE
  8
0
 10
11.88
 20
50.028
 11
11.88
 21
50.036
  0
LINE
  8
0
 10
11.88
 20
50.036
 11
16.92
 21
50.036
  0
LINE
  8
0
 10
16.92
 20
50.036
 11
16.92
 21
50.028
  0
LINE
  8
0
 10
16.92
 20
50.028
 11
11.88
 21
50.028
  0
LINE
  8
0
 10
26.28
 20
50.028
 11
26.28
 21
50.036
  0
LINE
  8
0
 10
26.28
 20
50.036
 11
31.32
 21
50.036
  0
LINE
  8
0
 10
31.32
 20
50.036
 11
31.32
 21
50.028
  0
LINE
  8
0
 10
31.32
 20
50.028
 11
26.28
 21
50.028
  0
LINE
  8
0
 10
69.48
 20
50.028
 11
69.48
 21
50.036
  0
LINE
  8
0
 10
69.48
 20
50.036
 11
74.52
 21
50.036
  0
LINE
  8
0
 10
74.52
 20
50.036
 11
74.52
 21
50.028
  0
LINE
  8
0
 10
74.52
 20
50.028
 11
69.48
 21
50.028
  0
LINE
  8
0
 10
55.08
 20
50.028
 11
55.08
 21
50.036
  0
LINE
  8
0
 10
55.08
 20
50.036
 11
60.12
 21
50.036
  0
LINE
  8
0
 10
60.12
 20
50.036
 11
60.12
 21
50.028
  0
LINE
  8
0
 10
60.12
 20
50.028
 11
55.08
 21
50.028
  0
LINE
  8
0
 10
40.68
 20
49.996
 11
40.68
 21
50.004
  0
LINE
  8
0
 10
40.68
 20
50.004
 11
45.72
 21
50.004
  0
LINE
  8
0
 10
45.72
 20
50.004
 11
45.72
 21
49.996
  0
LINE
  8
0
 10
45.72
 20
49.996
 11
40.68
 21
49.996
  0
LINE
  8
0
 10
55.08
 20
49.996
 11
55.08
 21
50.004
  0
LINE
  8
0
 10
55.08
 20
50.004
 11
60.12
 21
50.004
  0
LINE
  8
0
 10
60.12
 20
50.004
 11
60.12
 21
49.996
  0
LINE
  8
0
 10
60.12
 20
49.996
 11
55.08
 21
49.996
  0
LINE
  8
0
 10
69.48
 20
49.996
 11
69.48
 21
50.004
  0
LINE
  8
0
 10
69.48
 20
50.004
 11
74.52
 21
50.004
  0
LINE
  8
0
 10
74.52
 20
50.004
 11
74.52
 21
49.996
  0
LINE
  8
0
 10
74.52
 20
49.996
 11
69.48
 21
49.996
  0
LINE
  8
0
 10
11.88
 20
49.996
 11
11.88
 21
50.004
  0
LINE
  8
0
 10
11.88
 20
50.004
 11
16.92
 21
50.004
  0
LINE
  8
0
 10
16.92
 20
50.004
 11
16.92
 21
49.996
  0
LINE
  8
0
 10
16.92
 20
49.996
 11
11.88
 21
49.996
  0
LINE
  8
0
 10
-2.51999
 20
49.996
 11
-2.51999
 21
50.004
  0
LINE
  8
0
 10
-2.51999
 20
50.004
 11
2.51999
 21
50.004
  0
LINE
  8
0
 10
2.51999
 20
50.004
 11
2.51999
 21
49.996
  0
LINE
  8
0
 10
2.51999
 20
49.996
 11
-2.51999
 21
49.996
  0
LINE
  8
0
 10
26.28
 20
49.996
 11
26.28
 21
50.004
  0
LINE
  8
0
 10
26.28
 20
50.004
 11
31.32
 21
50.004
  0
LINE
  8
0
 10
31.32
 20
50.004
 11
31.32
 21
49.996
  0
LINE
  8
0
 10
31.32
 20
49.996
 11
26.28
 21
49.996
  0
LINE
  8
0
 10
40.68
 20
49.964
 11
40.68
 21
49.972
  0
LINE
  8
0
 10
40.68
 20
49.972
 11
45.72
 21
49.972
  0
LINE
  8
0
 10
45.72
 20
49.972
 11
45.72
 21
49.964
  0
LINE
  8
0
 10
45.72
 20
49.964
 11
40.68
 21
49.964
  0
LINE
  8
0
 10
26.28
 20
49.964
 11
26.28
 21
49.972
  0
LINE
  8
0
 10
26.28
 20
49.972
 11
31.32
 21
49.972
  0
LINE
  8
0
 10
31.32
 20
49.972
 11
31.32
 21
49.964
  0
LINE
  8
0
 10
31.32
 20
49.964
 11
26.28
 21
49.964
  0
LINE
  8
0
 10
69.48
 20
49.964
 11
69.48
 21
49.972
  0
LINE
  8
0
 10
69.48
 20
49.972
 11
74.52
 21
49.972
  0
LINE
  8
0
 10
74.52
 20
49.972
 11
74.52
 21
49.964
  0
LINE
  8
0
 10
74.52
 20
49.964
 11
69.48
 21
49.964
  0
LINE
  8
0
 10
11.88
 20
49.964
 11
11.88
 21
49.972
  0
LINE
  8
0
 10
11.88
 20
49.972
 11
16.92
 21
49.972
  0
LINE
  8
0
 10
16.92
 20
49.972
 11
16.92
 21
49.964
  0
LINE
  8
0
 10
16.92
 20
49.964
 11
11.88
 21
49.964
  0
LINE
  8
0
 10
-2.51999
 20
49.964
 11
-2.51999
 21
49.972
  0
LINE
  8
0
 10
-2.51999
 20
49.972
 11
2.51999
 21
49.972
  0
LINE
  8
0
 10
2.51999
 20
49.972
 11
2.51999
 21
49.964
  0
LINE
  8
0
 10
2.51999
 20
49.964
 11
-2.51999
 21
49.964
  0
LINE
  8
0
 10
55.08
 20
49.964
 11
55.08
 21
49.972
  0
LINE
  8
0
 10
55.08
 20
49.972
 11
60.12
 21
49.972
  0
LINE
  8
0
 10
60.12
 20
49.972
 11
60.12
 21
49.964
  0
LINE
  8
0
 10
60.12
 20
49.964
 11
55.08
 21
49.964
  0
LINE
  8
0
 10
55.08
 20
49.932
 11
55.08
 21
49.94
  0
LINE
  8
0
 10
55.08
 20
49.94
 11
60.12
 21
49.94
  0
LINE
  8
0
 10
60.12
 20
49.94
 11
60.12
 21
49.932
  0
LINE
  8
0
 10
60.12
 20
49.932
 11
55.08
 21
49.932
  0
LINE
  8
0
 10
69.48
 20
49.932
 11
69.48
 21
49.94
  0
LINE
  8
0
 10
69.48
 20
49.94
 11
74.52
 21
49.94
  0
LINE
  8
0
 10
74.52
 20
49.94
 11
74.52
 21
49.932
  0
LINE
  8
0
 10
74.52
 20
49.932
 11
69.48
 21
49.932
  0
LINE
  8
0
 10
26.28
 20
49.932
 11
26.28
 21
49.94
  0
LINE
  8
0
 10
26.28
 20
49.94
 11
31.32
 21
49.94
  0
LINE
  8
0
 10
31.32
 20
49.94
 11
31.32
 21
49.932
  0
LINE
  8
0
 10
31.32
 20
49.932
 11
26.28
 21
49.932
  0
LINE
  8
0
 10
11.88
 20
49.932
 11
11.88
 21
49.94
  0
LINE
  8
0
 10
11.88
 20
49.94
 11
16.92
 21
49.94
  0
LINE
  8
0
 10
16.92
 20
49.94
 11
16.92
 21
49.932
  0
LINE
  8
0
 10
16.92
 20
49.932
 11
11.88
 21
49.932
  0
LINE
  8
0
 10
40.68
 20
49.932
 11
40.68
 21
49.94
  0
LINE
  8
0
 10
40.68
 20
49.94
 11
45.72
 21
49.94
  0
LINE
  8
0
 10
45.72
 20
49.94
 11
45.72
 21
49.932
  0
LINE
  8
0
 10
45.72
 20
49.932
 11
40.68
 21
49.932
  0
LINE
  8
0
 10
-2.51999
 20
49.932
 11
-2.51999
 21
49.94
  0
LINE
  8
0
 10
-2.51999
 20
49.94
 11
2.51999
 21
49.94
  0
LINE
  8
0
 10
2.51999
 20
49.94
 11
2.51999
 21
49.932
  0
LINE
  8
0
 10
2.51999
 20
49.932
 11
-2.51999
 21
49.932
  0
LINE
  8
0
 10
69.48
 20
49.9
 11
69.48
 21
49.908
  0
LINE
  8
0
 10
69.48
 20
49.908
 11
74.52
 21
49.908
  0
LINE
  8
0
 10
74.52
 20
49.908
 11
74.52
 21
49.9
  0
LINE
  8
0
 10
74.52
 20
49.9
 11
69.48
 21
49.9
  0
LINE
  8
0
 10
55.08
 20
49.9
 11
55.08
 21
49.908
  0
LINE
  8
0
 10
55.08
 20
49.908
 11
60.12
 21
49.908
  0
LINE
  8
0
 10
60.12
 20
49.908
 11
60.12
 21
49.9
  0
LINE
  8
0
 10
60.12
 20
49.9
 11
55.08
 21
49.9
  0
LINE
  8
0
 10
26.28
 20
49.9
 11
26.28
 21
49.908
  0
LINE
  8
0
 10
26.28
 20
49.908
 11
31.32
 21
49.908
  0
LINE
  8
0
 10
31.32
 20
49.908
 11
31.32
 21
49.9
  0
LINE
  8
0
 10
31.32
 20
49.9
 11
26.28
 21
49.9
  0
LINE
  8
0
 10
11.88
 20
49.9
 11
11.88
 21
49.908
  0
LINE
  8
0
 10
11.88
 20
49.908
 11
16.92
 21
49.908
  0
LINE
  8
0
 10
16.92
 20
49.908
 11
16.92
 21
49.9
  0
LINE
  8
0
 10
16.92
 20
49.9
 11
11.88
 21
49.9
  0
LINE
  8
0
 10
-2.51999
 20
49.9
 11
-2.51999
 21
49.908
  0
LINE
  8
0
 10
-2.51999
 20
49.908
 11
2.51999
 21
49.908
  0
LINE
  8
0
 10
2.51999
 20
49.908
 11
2.51999
 21
49.9
  0
LINE
  8
0
 10
2.51999
 20
49.9
 11
-2.51999
 21
49.9
  0
LINE
  8
0
 10
40.68
 20
49.9
 11
40.68
 21
49.908
  0
LINE
  8
0
 10
40.68
 20
49.908
 11
45.72
 21
49.908
  0
LINE
  8
0
 10
45.72
 20
49.908
 11
45.72
 21
49.9
  0
LINE
  8
0
 10
45.72
 20
49.9
 11
40.68
 21
49.9
  0
LINE
  8
0
 10
69.48
 20
49.868
 11
69.48
 21
49.876
  0
LINE
  8
0
 10
69.48
 20
49.876
 11
74.52
 21
49.876
  0
LINE
  8
0
 10
74.52
 20
49.876
 11
74.52
 21
49.868
  0
LINE
  8
0
 10
74.52
 20
49.868
 11
69.48
 21
49.868
  0
LINE
  8
0
 10
11.88
 20
49.868
 11
11.88
 21
49.876
  0
LINE
  8
0
 10
11.88
 20
49.876
 11
16.92
 21
49.876
  0
LINE
  8
0
 10
16.92
 20
49.876
 11
16.92
 21
49.868
  0
LINE
  8
0
 10
16.92
 20
49.868
 11
11.88
 21
49.868
  0
LINE
  8
0
 10
55.08
 20
49.868
 11
55.08
 21
49.876
  0
LINE
  8
0
 10
55.08
 20
49.876
 11
60.12
 21
49.876
  0
LINE
  8
0
 10
60.12
 20
49.876
 11
60.12
 21
49.868
  0
LINE
  8
0
 10
60.12
 20
49.868
 11
55.08
 21
49.868
  0
LINE
  8
0
 10
26.28
 20
49.868
 11
26.28
 21
49.876
  0
LINE
  8
0
 10
26.28
 20
49.876
 11
31.32
 21
49.876
  0
LINE
  8
0
 10
31.32
 20
49.876
 11
31.32
 21
49.868
  0
LINE
  8
0
 10
31.32
 20
49.868
 11
26.28
 21
49.868
  0
LINE
  8
0
 10
-2.51999
 20
49.868
 11
-2.51999
 21
49.876
  0
LINE
  8
0
 10
-2.51999
 20
49.876
 11
2.51999
 21
49.876
  0
LINE
  8
0
 10
2.51999
 20
49.876
 11
2.51999
 21
49.868
  0
LINE
  8
0
 10
2.51999
 20
49.868
 11
-2.51999
 21
49.868
  0
LINE
  8
0
 10
40.68
 20
49.868
 11
40.68
 21
49.876
  0
LINE
  8
0
 10
40.68
 20
49.876
 11
45.72
 21
49.876
  0
LINE
  8
0
 10
45.72
 20
49.876
 11
45.72
 21
49.868
  0
LINE
  8
0
 10
45.72
 20
49.868
 11
40.68
 21
49.868
  0
LINE
  8
0
 10
11.88
 20
49.836
 11
11.88
 21
49.844
  0
LINE
  8
0
 10
11.88
 20
49.844
 11
16.92
 21
49.844
  0
LINE
  8
0
 10
16.92
 20
49.844
 11
16.92
 21
49.836
  0
LINE
  8
0
 10
16.92
 20
49.836
 11
11.88
 21
49.836
  0
LINE
  8
0
 10
55.08
 20
49.836
 11
55.08
 21
49.844
  0
LINE
  8
0
 10
55.08
 20
49.844
 11
60.12
 21
49.844
  0
LINE
  8
0
 10
60.12
 20
49.844
 11
60.12
 21
49.836
  0
LINE
  8
0
 10
60.12
 20
49.836
 11
55.08
 21
49.836
  0
LINE
  8
0
 10
26.28
 20
49.836
 11
26.28
 21
49.844
  0
LINE
  8
0
 10
26.28
 20
49.844
 11
31.32
 21
49.844
  0
LINE
  8
0
 10
31.32
 20
49.844
 11
31.32
 21
49.836
  0
LINE
  8
0
 10
31.32
 20
49.836
 11
26.28
 21
49.836
  0
LINE
  8
0
 10
69.48
 20
49.836
 11
69.48
 21
49.844
  0
LINE
  8
0
 10
69.48
 20
49.844
 11
74.52
 21
49.844
  0
LINE
  8
0
 10
74.52
 20
49.844
 11
74.52
 21
49.836
  0
LINE
  8
0
 10
74.52
 20
49.836
 11
69.48
 21
49.836
  0
LINE
  8
0
 10
-2.51999
 20
49.836
 11
-2.51999
 21
49.844
  0
LINE
  8
0
 10
-2.51999
 20
49.844
 11
2.51999
 21
49.844
  0
LINE
  8
0
 10
2.51999
 20
49.844
 11
2.51999
 21
49.836
  0
LINE
  8
0
 10
2.51999
 20
49.836
 11
-2.51999
 21
49.836
  0
LINE
  8
0
 10
40.68
 20
49.836
 11
40.68
 21
49.844
  0
LINE
  8
0
 10
40.68
 20
49.844
 11
45.72
 21
49.844
  0
LINE
  8
0
 10
45.72
 20
49.844
 11
45.72
 21
49.836
  0
LINE
  8
0
 10
45.72
 20
49.836
 11
40.68
 21
49.836
  0
LINE
  8
0
 10
69.48
 20
49.804
 11
69.48
 21
49.812
  0
LINE
  8
0
 10
69.48
 20
49.812
 11
74.52
 21
49.812
  0
LINE
  8
0
 10
74.52
 20
49.812
 11
74.52
 21
49.804
  0
LINE
  8
0
 10
74.52
 20
49.804
 11
69.48
 21
49.804
  0
LINE
  8
0
 10
11.88
 20
49.804
 11
11.88
 21
49.812
  0
LINE
  8
0
 10
11.88
 20
49.812
 11
16.92
 21
49.812
  0
LINE
  8
0
 10
16.92
 20
49.812
 11
16.92
 21
49.804
  0
LINE
  8
0
 10
16.92
 20
49.804
 11
11.88
 21
49.804
  0
LINE
  8
0
 10
-2.51999
 20
49.804
 11
-2.51999
 21
49.812
  0
LINE
  8
0
 10
-2.51999
 20
49.812
 11
2.51999
 21
49.812
  0
LINE
  8
0
 10
2.51999
 20
49.812
 11
2.51999
 21
49.804
  0
LINE
  8
0
 10
2.51999
 20
49.804
 11
-2.51999
 21
49.804
  0
LINE
  8
0
 10
55.08
 20
49.804
 11
55.08
 21
49.812
  0
LINE
  8
0
 10
55.08
 20
49.812
 11
60.12
 21
49.812
  0
LINE
  8
0
 10
60.12
 20
49.812
 11
60.12
 21
49.804
  0
LINE
  8
0
 10
60.12
 20
49.804
 11
55.08
 21
49.804
  0
LINE
  8
0
 10
26.28
 20
49.804
 11
26.28
 21
49.812
  0
LINE
  8
0
 10
26.28
 20
49.812
 11
31.32
 21
49.812
  0
LINE
  8
0
 10
31.32
 20
49.812
 11
31.32
 21
49.804
  0
LINE
  8
0
 10
31.32
 20
49.804
 11
26.28
 21
49.804
  0
LINE
  8
0
 10
40.68
 20
49.804
 11
40.68
 21
49.812
  0
LINE
  8
0
 10
40.68
 20
49.812
 11
45.72
 21
49.812
  0
LINE
  8
0
 10
45.72
 20
49.812
 11
45.72
 21
49.804
  0
LINE
  8
0
 10
45.72
 20
49.804
 11
40.68
 21
49.804
  0
LINE
  8
0
 10
26.28
 20
49.772
 11
26.28
 21
49.78
  0
LINE
  8
0
 10
26.28
 20
49.78
 11
31.32
 21
49.78
  0
LINE
  8
0
 10
31.32
 20
49.78
 11
31.32
 21
49.772
  0
LINE
  8
0
 10
31.32
 20
49.772
 11
26.28
 21
49.772
  0
LINE
  8
0
 10
40.68
 20
49.772
 11
40.68
 21
49.78
  0
LINE
  8
0
 10
40.68
 20
49.78
 11
45.72
 21
49.78
  0
LINE
  8
0
 10
45.72
 20
49.78
 11
45.72
 21
49.772
  0
LINE
  8
0
 10
45.72
 20
49.772
 11
40.68
 21
49.772
  0
LINE
  8
0
 10
55.08
 20
49.772
 11
55.08
 21
49.78
  0
LINE
  8
0
 10
55.08
 20
49.78
 11
60.12
 21
49.78
  0
LINE
  8
0
 10
60.12
 20
49.78
 11
60.12
 21
49.772
  0
LINE
  8
0
 10
60.12
 20
49.772
 11
55.08
 21
49.772
  0
LINE
  8
0
 10
69.48
 20
49.772
 11
69.48
 21
49.78
  0
LINE
  8
0
 10
69.48
 20
49.78
 11
74.52
 21
49.78
  0
LINE
  8
0
 10
74.52
 20
49.78
 11
74.52
 21
49.772
  0
LINE
  8
0
 10
74.52
 20
49.772
 11
69.48
 21
49.772
  0
LINE
  8
0
 10
-2.51999
 20
49.772
 11
-2.51999
 21
49.78
  0
LINE
  8
0
 10
-2.51999
 20
49.78
 11
2.51999
 21
49.78
  0
LINE
  8
0
 10
2.51999
 20
49.78
 11
2.51999
 21
49.772
  0
LINE
  8
0
 10
2.51999
 20
49.772
 11
-2.51999
 21
49.772
  0
LINE
  8
0
 10
11.88
 20
49.772
 11
11.88
 21
49.78
  0
LINE
  8
0
 10
11.88
 20
49.78
 11
16.92
 21
49.78
  0
LINE
  8
0
 10
16.92
 20
49.78
 11
16.92
 21
49.772
  0
LINE
  8
0
 10
16.92
 20
49.772
 11
11.88
 21
49.772
  0
LINE
  8
0
 10
26.28
 20
49.74
 11
26.28
 21
49.748
  0
LINE
  8
0
 10
26.28
 20
49.748
 11
31.32
 21
49.748
  0
LINE
  8
0
 10
31.32
 20
49.748
 11
31.32
 21
49.74
  0
LINE
  8
0
 10
31.32
 20
49.74
 11
26.28
 21
49.74
  0
LINE
  8
0
 10
-2.51999
 20
49.74
 11
-2.51999
 21
49.748
  0
LINE
  8
0
 10
-2.51999
 20
49.748
 11
2.51999
 21
49.748
  0
LINE
  8
0
 10
2.51999
 20
49.748
 11
2.51999
 21
49.74
  0
LINE
  8
0
 10
2.51999
 20
49.74
 11
-2.51999
 21
49.74
  0
LINE
  8
0
 10
69.48
 20
49.74
 11
69.48
 21
49.748
  0
LINE
  8
0
 10
69.48
 20
49.748
 11
74.52
 21
49.748
  0
LINE
  8
0
 10
74.52
 20
49.748
 11
74.52
 21
49.74
  0
LINE
  8
0
 10
74.52
 20
49.74
 11
69.48
 21
49.74
  0
LINE
  8
0
 10
55.08
 20
49.74
 11
55.08
 21
49.748
  0
LINE
  8
0
 10
55.08
 20
49.748
 11
60.12
 21
49.748
  0
LINE
  8
0
 10
60.12
 20
49.748
 11
60.12
 21
49.74
  0
LINE
  8
0
 10
60.12
 20
49.74
 11
55.08
 21
49.74
  0
LINE
  8
0
 10
11.88
 20
49.74
 11
11.88
 21
49.748
  0
LINE
  8
0
 10
11.88
 20
49.748
 11
16.92
 21
49.748
  0
LINE
  8
0
 10
16.92
 20
49.748
 11
16.92
 21
49.74
  0
LINE
  8
0
 10
16.92
 20
49.74
 11
11.88
 21
49.74
  0
LINE
  8
0
 10
40.68
 20
49.74
 11
40.68
 21
49.748
  0
LINE
  8
0
 10
40.68
 20
49.748
 11
45.72
 21
49.748
  0
LINE
  8
0
 10
45.72
 20
49.748
 11
45.72
 21
49.74
  0
LINE
  8
0
 10
45.72
 20
49.74
 11
40.68
 21
49.74
  0
LINE
  8
0
 10
55.08
 20
49.708
 11
55.08
 21
49.716
  0
LINE
  8
0
 10
55.08
 20
49.716
 11
60.12
 21
49.716
  0
LINE
  8
0
 10
60.12
 20
49.716
 11
60.12
 21
49.708
  0
LINE
  8
0
 10
60.12
 20
49.708
 11
55.08
 21
49.708
  0
LINE
  8
0
 10
69.48
 20
49.708
 11
69.48
 21
49.716
  0
LINE
  8
0
 10
69.48
 20
49.716
 11
74.52
 21
49.716
  0
LINE
  8
0
 10
74.52
 20
49.716
 11
74.52
 21
49.708
  0
LINE
  8
0
 10
74.52
 20
49.708
 11
69.48
 21
49.708
  0
LINE
  8
0
 10
11.88
 20
49.708
 11
11.88
 21
49.716
  0
LINE
  8
0
 10
11.88
 20
49.716
 11
16.92
 21
49.716
  0
LINE
  8
0
 10
16.92
 20
49.716
 11
16.92
 21
49.708
  0
LINE
  8
0
 10
16.92
 20
49.708
 11
11.88
 21
49.708
  0
LINE
  8
0
 10
26.28
 20
49.708
 11
26.28
 21
49.716
  0
LINE
  8
0
 10
26.28
 20
49.716
 11
31.32
 21
49.716
  0
LINE
  8
0
 10
31.32
 20
49.716
 11
31.32
 21
49.708
  0
LINE
  8
0
 10
31.32
 20
49.708
 11
26.28
 21
49.708
  0
LINE
  8
0
 10
40.68
 20
49.708
 11
40.68
 21
49.716
  0
LINE
  8
0
 10
40.68
 20
49.716
 11
45.72
 21
49.716
  0
LINE
  8
0
 10
45.72
 20
49.716
 11
45.72
 21
49.708
  0
LINE
  8
0
 10
45.72
 20
49.708
 11
40.68
 21
49.708
  0
LINE
  8
0
 10
-2.51999
 20
49.708
 11
-2.51999
 21
49.716
  0
LINE
  8
0
 10
-2.51999
 20
49.716
 11
2.51999
 21
49.716
  0
LINE
  8
0
 10
2.51999
 20
49.716
 11
2.51999
 21
49.708
  0
LINE
  8
0
 10
2.51999
 20
49.708
 11
-2.51999
 21
49.708
  0
LINE
  8
0
 10
69.48
 20
49.676
 11
69.48
 21
49.684
  0
LINE
  8
0
 10
69.48
 20
49.684
 11
74.52
 21
49.684
  0
LINE
  8
0
 10
74.52
 20
49.684
 11
74.52
 21
49.676
  0
LINE
  8
0
 10
74.52
 20
49.676
 11
69.48
 21
49.676
  0
LINE
  8
0
 10
40.68
 20
49.676
 11
40.68
 21
49.684
  0
LINE
  8
0
 10
40.68
 20
49.684
 11
45.72
 21
49.684
  0
LINE
  8
0
 10
45.72
 20
49.684
 11
45.72
 21
49.676
  0
LINE
  8
0
 10
45.72
 20
49.676
 11
40.68
 21
49.676
  0
LINE
  8
0
 10
55.08
 20
49.676
 11
55.08
 21
49.684
  0
LINE
  8
0
 10
55.08
 20
49.684
 11
60.12
 21
49.684
  0
LINE
  8
0
 10
60.12
 20
49.684
 11
60.12
 21
49.676
  0
LINE
  8
0
 10
60.12
 20
49.676
 11
55.08
 21
49.676
  0
LINE
  8
0
 10
26.28
 20
49.676
 11
26.28
 21
49.684
  0
LINE
  8
0
 10
26.28
 20
49.684
 11
31.32
 21
49.684
  0
LINE
  8
0
 10
31.32
 20
49.684
 11
31.32
 21
49.676
  0
LINE
  8
0
 10
31.32
 20
49.676
 11
26.28
 21
49.676
  0
LINE
  8
0
 10
11.88
 20
49.676
 11
11.88
 21
49.684
  0
LINE
  8
0
 10
11.88
 20
49.684
 11
16.92
 21
49.684
  0
LINE
  8
0
 10
16.92
 20
49.684
 11
16.92
 21
49.676
  0
LINE
  8
0
 10
16.92
 20
49.676
 11
11.88
 21
49.676
  0
LINE
  8
0
 10
-2.51999
 20
49.676
 11
-2.51999
 21
49.684
  0
LINE
  8
0
 10
-2.51999
 20
49.684
 11
2.51999
 21
49.684
  0
LINE
  8
0
 10
2.51999
 20
49.684
 11
2.51999
 21
49.676
  0
LINE
  8
0
 10
2.51999
 20
49.676
 11
-2.51999
 21
49.676
  0
LINE
  8
0
 10
40.68
 20
49.644
 11
40.68
 21
49.652
  0
LINE
  8
0
 10
40.68
 20
49.652
 11
45.72
 21
49.652
  0
LINE
  8
0
 10
45.72
 20
49.652
 11
45.72
 21
49.644
  0
LINE
  8
0
 10
45.72
 20
49.644
 11
40.68
 21
49.644
  0
LINE
  8
0
 10
55.08
 20
49.644
 11
55.08
 21
49.652
  0
LINE
  8
0
 10
55.08
 20
49.652
 11
60.12
 21
49.652
  0
LINE
  8
0
 10
60.12
 20
49.652
 11
60.12
 21
49.644
  0
LINE
  8
0
 10
60.12
 20
49.644
 11
55.08
 21
49.644
  0
LINE
  8
0
 10
-2.51999
 20
49.644
 11
-2.51999
 21
49.652
  0
LINE
  8
0
 10
-2.51999
 20
49.652
 11
2.51999
 21
49.652
  0
LINE
  8
0
 10
2.51999
 20
49.652
 11
2.51999
 21
49.644
  0
LINE
  8
0
 10
2.51999
 20
49.644
 11
-2.51999
 21
49.644
  0
LINE
  8
0
 10
26.28
 20
49.644
 11
26.28
 21
49.652
  0
LINE
  8
0
 10
26.28
 20
49.652
 11
31.32
 21
49.652
  0
LINE
  8
0
 10
31.32
 20
49.652
 11
31.32
 21
49.644
  0
LINE
  8
0
 10
31.32
 20
49.644
 11
26.28
 21
49.644
  0
LINE
  8
0
 10
69.48
 20
49.644
 11
69.48
 21
49.652
  0
LINE
  8
0
 10
69.48
 20
49.652
 11
74.52
 21
49.652
  0
LINE
  8
0
 10
74.52
 20
49.652
 11
74.52
 21
49.644
  0
LINE
  8
0
 10
74.52
 20
49.644
 11
69.48
 21
49.644
  0
LINE
  8
0
 10
11.88
 20
49.644
 11
11.88
 21
49.652
  0
LINE
  8
0
 10
11.88
 20
49.652
 11
16.92
 21
49.652
  0
LINE
  8
0
 10
16.92
 20
49.652
 11
16.92
 21
49.644
  0
LINE
  8
0
 10
16.92
 20
49.644
 11
11.88
 21
49.644
  0
LINE
  8
0
 10
40.68
 20
49.612
 11
40.68
 21
49.62
  0
LINE
  8
0
 10
40.68
 20
49.62
 11
45.72
 21
49.62
  0
LINE
  8
0
 10
45.72
 20
49.62
 11
45.72
 21
49.612
  0
LINE
  8
0
 10
45.72
 20
49.612
 11
40.68
 21
49.612
  0
LINE
  8
0
 10
55.08
 20
49.612
 11
55.08
 21
49.62
  0
LINE
  8
0
 10
55.08
 20
49.62
 11
60.12
 21
49.62
  0
LINE
  8
0
 10
60.12
 20
49.62
 11
60.12
 21
49.612
  0
LINE
  8
0
 10
60.12
 20
49.612
 11
55.08
 21
49.612
  0
LINE
  8
0
 10
11.88
 20
49.612
 11
11.88
 21
49.62
  0
LINE
  8
0
 10
11.88
 20
49.62
 11
16.92
 21
49.62
  0
LINE
  8
0
 10
16.92
 20
49.62
 11
16.92
 21
49.612
  0
LINE
  8
0
 10
16.92
 20
49.612
 11
11.88
 21
49.612
  0
LINE
  8
0
 10
26.28
 20
49.612
 11
26.28
 21
49.62
  0
LINE
  8
0
 10
26.28
 20
49.62
 11
31.32
 21
49.62
  0
LINE
  8
0
 10
31.32
 20
49.62
 11
31.32
 21
49.612
  0
LINE
  8
0
 10
31.32
 20
49.612
 11
26.28
 21
49.612
  0
LINE
  8
0
 10
-2.51999
 20
49.612
 11
-2.51999
 21
49.62
  0
LINE
  8
0
 10
-2.51999
 20
49.62
 11
2.51999
 21
49.62
  0
LINE
  8
0
 10
2.51999
 20
49.62
 11
2.51999
 21
49.612
  0
LINE
  8
0
 10
2.51999
 20
49.612
 11
-2.51999
 21
49.612
  0
LINE
  8
0
 10
69.48
 20
49.612
 11
69.48
 21
49.62
  0
LINE
  8
0
 10
69.48
 20
49.62
 11
74.52
 21
49.62
  0
LINE
  8
0
 10
74.52
 20
49.62
 11
74.52
 21
49.612
  0
LINE
  8
0
 10
74.52
 20
49.612
 11
69.48
 21
49.612
  0
LINE
  8
0
 10
26.28
 20
49.58
 11
26.28
 21
49.588
  0
LINE
  8
0
 10
26.28
 20
49.588
 11
31.32
 21
49.588
  0
LINE
  8
0
 10
31.32
 20
49.588
 11
31.32
 21
49.58
  0
LINE
  8
0
 10
31.32
 20
49.58
 11
26.28
 21
49.58
  0
LINE
  8
0
 10
-2.51999
 20
49.58
 11
-2.51999
 21
49.588
  0
LINE
  8
0
 10
-2.51999
 20
49.588
 11
2.51999
 21
49.588
  0
LINE
  8
0
 10
2.51999
 20
49.588
 11
2.51999
 21
49.58
  0
LINE
  8
0
 10
2.51999
 20
49.58
 11
-2.51999
 21
49.58
  0
LINE
  8
0
 10
69.48
 20
49.58
 11
69.48
 21
49.588
  0
LINE
  8
0
 10
69.48
 20
49.588
 11
74.52
 21
49.588
  0
LINE
  8
0
 10
74.52
 20
49.588
 11
74.52
 21
49.58
  0
LINE
  8
0
 10
74.52
 20
49.58
 11
69.48
 21
49.58
  0
LINE
  8
0
 10
55.08
 20
49.58
 11
55.08
 21
49.588
  0
LINE
  8
0
 10
55.08
 20
49.588
 11
60.12
 21
49.588
  0
LINE
  8
0
 10
60.12
 20
49.588
 11
60.12
 21
49.58
  0
LINE
  8
0
 10
60.12
 20
49.58
 11
55.08
 21
49.58
  0
LINE
  8
0
 10
40.68
 20
49.58
 11
40.68
 21
49.588
  0
LINE
  8
0
 10
40.68
 20
49.588
 11
45.72
 21
49.588
  0
LINE
  8
0
 10
45.72
 20
49.588
 11
45.72
 21
49.58
  0
LINE
  8
0
 10
45.72
 20
49.58
 11
40.68
 21
49.58
  0
LINE
  8
0
 10
11.88
 20
49.58
 11
11.88
 21
49.588
  0
LINE
  8
0
 10
11.88
 20
49.588
 11
16.92
 21
49.588
  0
LINE
  8
0
 10
16.92
 20
49.588
 11
16.92
 21
49.58
  0
LINE
  8
0
 10
16.92
 20
49.58
 11
11.88
 21
49.58
  0
LINE
  8
0
 10
11.88
 20
49.548
 11
11.88
 21
49.556
  0
LINE
  8
0
 10
11.88
 20
49.556
 11
16.92
 21
49.556
  0
LINE
  8
0
 10
16.92
 20
49.556
 11
16.92
 21
49.548
  0
LINE
  8
0
 10
16.92
 20
49.548
 11
11.88
 21
49.548
  0
LINE
  8
0
 10
55.08
 20
49.548
 11
55.08
 21
49.556
  0
LINE
  8
0
 10
55.08
 20
49.556
 11
60.12
 21
49.556
  0
LINE
  8
0
 10
60.12
 20
49.556
 11
60.12
 21
49.548
  0
LINE
  8
0
 10
60.12
 20
49.548
 11
55.08
 21
49.548
  0
LINE
  8
0
 10
-2.51999
 20
49.548
 11
-2.51999
 21
49.556
  0
LINE
  8
0
 10
-2.51999
 20
49.556
 11
2.51999
 21
49.556
  0
LINE
  8
0
 10
2.51999
 20
49.556
 11
2.51999
 21
49.548
  0
LINE
  8
0
 10
2.51999
 20
49.548
 11
-2.51999
 21
49.548
  0
LINE
  8
0
 10
69.48
 20
49.548
 11
69.48
 21
49.556
  0
LINE
  8
0
 10
69.48
 20
49.556
 11
74.52
 21
49.556
  0
LINE
  8
0
 10
74.52
 20
49.556
 11
74.52
 21
49.548
  0
LINE
  8
0
 10
74.52
 20
49.548
 11
69.48
 21
49.548
  0
LINE
  8
0
 10
26.28
 20
49.548
 11
26.28
 21
49.556
  0
LINE
  8
0
 10
26.28
 20
49.556
 11
31.32
 21
49.556
  0
LINE
  8
0
 10
31.32
 20
49.556
 11
31.32
 21
49.548
  0
LINE
  8
0
 10
31.32
 20
49.548
 11
26.28
 21
49.548
  0
LINE
  8
0
 10
40.68
 20
49.548
 11
40.68
 21
49.556
  0
LINE
  8
0
 10
40.68
 20
49.556
 11
45.72
 21
49.556
  0
LINE
  8
0
 10
45.72
 20
49.556
 11
45.72
 21
49.548
  0
LINE
  8
0
 10
45.72
 20
49.548
 11
40.68
 21
49.548
  0
LINE
  8
0
 10
55.08
 20
49.516
 11
55.08
 21
49.524
  0
LINE
  8
0
 10
55.08
 20
49.524
 11
60.12
 21
49.524
  0
LINE
  8
0
 10
60.12
 20
49.524
 11
60.12
 21
49.516
  0
LINE
  8
0
 10
60.12
 20
49.516
 11
55.08
 21
49.516
  0
LINE
  8
0
 10
40.68
 20
49.516
 11
40.68
 21
49.524
  0
LINE
  8
0
 10
40.68
 20
49.524
 11
45.72
 21
49.524
  0
LINE
  8
0
 10
45.72
 20
49.524
 11
45.72
 21
49.516
  0
LINE
  8
0
 10
45.72
 20
49.516
 11
40.68
 21
49.516
  0
LINE
  8
0
 10
-2.51999
 20
49.516
 11
-2.51999
 21
49.524
  0
LINE
  8
0
 10
-2.51999
 20
49.524
 11
2.51999
 21
49.524
  0
LINE
  8
0
 10
2.51999
 20
49.524
 11
2.51999
 21
49.516
  0
LINE
  8
0
 10
2.51999
 20
49.516
 11
-2.51999
 21
49.516
  0
LINE
  8
0
 10
26.28
 20
49.516
 11
26.28
 21
49.524
  0
LINE
  8
0
 10
26.28
 20
49.524
 11
31.32
 21
49.524
  0
LINE
  8
0
 10
31.32
 20
49.524
 11
31.32
 21
49.516
  0
LINE
  8
0
 10
31.32
 20
49.516
 11
26.28
 21
49.516
  0
LINE
  8
0
 10
11.88
 20
49.516
 11
11.88
 21
49.524
  0
LINE
  8
0
 10
11.88
 20
49.524
 11
16.92
 21
49.524
  0
LINE
  8
0
 10
16.92
 20
49.524
 11
16.92
 21
49.516
  0
LINE
  8
0
 10
16.92
 20
49.516
 11
11.88
 21
49.516
  0
LINE
  8
0
 10
69.48
 20
49.516
 11
69.48
 21
49.524
  0
LINE
  8
0
 10
69.48
 20
49.524
 11
74.52
 21
49.524
  0
LINE
  8
0
 10
74.52
 20
49.524
 11
74.52
 21
49.516
  0
LINE
  8
0
 10
74.52
 20
49.516
 11
69.48
 21
49.516
  0
LINE
  8
0
 10
-2.51999
 20
49.484
 11
-2.51999
 21
49.492
  0
LINE
  8
0
 10
-2.51999
 20
49.492
 11
2.51999
 21
49.492
  0
LINE
  8
0
 10
2.51999
 20
49.492
 11
2.51999
 21
49.484
  0
LINE
  8
0
 10
2.51999
 20
49.484
 11
-2.51999
 21
49.484
  0
LINE
  8
0
 10
69.48
 20
49.484
 11
69.48
 21
49.492
  0
LINE
  8
0
 10
69.48
 20
49.492
 11
74.52
 21
49.492
  0
LINE
  8
0
 10
74.52
 20
49.492
 11
74.52
 21
49.484
  0
LINE
  8
0
 10
74.52
 20
49.484
 11
69.48
 21
49.484
  0
LINE
  8
0
 10
26.28
 20
49.484
 11
26.28
 21
49.492
  0
LINE
  8
0
 10
26.28
 20
49.492
 11
31.32
 21
49.492
  0
LINE
  8
0
 10
31.32
 20
49.492
 11
31.32
 21
49.484
  0
LINE
  8
0
 10
31.32
 20
49.484
 11
26.28
 21
49.484
  0
LINE
  8
0
 10
55.08
 20
49.484
 11
55.08
 21
49.492
  0
LINE
  8
0
 10
55.08
 20
49.492
 11
60.12
 21
49.492
  0
LINE
  8
0
 10
60.12
 20
49.492
 11
60.12
 21
49.484
  0
LINE
  8
0
 10
60.12
 20
49.484
 11
55.08
 21
49.484
  0
LINE
  8
0
 10
11.88
 20
49.484
 11
11.88
 21
49.492
  0
LINE
  8
0
 10
11.88
 20
49.492
 11
16.92
 21
49.492
  0
LINE
  8
0
 10
16.92
 20
49.492
 11
16.92
 21
49.484
  0
LINE
  8
0
 10
16.92
 20
49.484
 11
11.88
 21
49.484
  0
LINE
  8
0
 10
40.68
 20
49.484
 11
40.68
 21
49.492
  0
LINE
  8
0
 10
40.68
 20
49.492
 11
45.72
 21
49.492
  0
LINE
  8
0
 10
45.72
 20
49.492
 11
45.72
 21
49.484
  0
LINE
  8
0
 10
45.72
 20
49.484
 11
40.68
 21
49.484
  0
LINE
  8
0
 10
-2.51999
 20
49.452
 11
-2.51999
 21
49.46
  0
LINE
  8
0
 10
-2.51999
 20
49.46
 11
2.51999
 21
49.46
  0
LINE
  8
0
 10
2.51999
 20
49.46
 11
2.51999
 21
49.452
  0
LINE
  8
0
 10
2.51999
 20
49.452
 11
-2.51999
 21
49.452
  0
LINE
  8
0
 10
40.68
 20
49.452
 11
40.68
 21
49.46
  0
LINE
  8
0
 10
40.68
 20
49.46
 11
45.72
 21
49.46
  0
LINE
  8
0
 10
45.72
 20
49.46
 11
45.72
 21
49.452
  0
LINE
  8
0
 10
45.72
 20
49.452
 11
40.68
 21
49.452
  0
LINE
  8
0
 10
69.48
 20
49.452
 11
69.48
 21
49.46
  0
LINE
  8
0
 10
69.48
 20
49.46
 11
74.52
 21
49.46
  0
LINE
  8
0
 10
74.52
 20
49.46
 11
74.52
 21
49.452
  0
LINE
  8
0
 10
74.52
 20
49.452
 11
69.48
 21
49.452
  0
LINE
  8
0
 10
26.28
 20
49.452
 11
26.28
 21
49.46
  0
LINE
  8
0
 10
26.28
 20
49.46
 11
31.32
 21
49.46
  0
LINE
  8
0
 10
31.32
 20
49.46
 11
31.32
 21
49.452
  0
LINE
  8
0
 10
31.32
 20
49.452
 11
26.28
 21
49.452
  0
LINE
  8
0
 10
11.88
 20
49.452
 11
11.88
 21
49.46
  0
LINE
  8
0
 10
11.88
 20
49.46
 11
16.92
 21
49.46
  0
LINE
  8
0
 10
16.92
 20
49.46
 11
16.92
 21
49.452
  0
LINE
  8
0
 10
16.92
 20
49.452
 11
11.88
 21
49.452
  0
LINE
  8
0
 10
55.08
 20
49.452
 11
55.08
 21
49.46
  0
LINE
  8
0
 10
55.08
 20
49.46
 11
60.12
 21
49.46
  0
LINE
  8
0
 10
60.12
 20
49.46
 11
60.12
 21
49.452
  0
LINE
  8
0
 10
60.12
 20
49.452
 11
55.08
 21
49.452
  0
LINE
  8
0
 10
26.28
 20
49.42
 11
26.28
 21
49.428
  0
LINE
  8
0
 10
26.28
 20
49.428
 11
31.32
 21
49.428
  0
LINE
  8
0
 10
31.32
 20
49.428
 11
31.32
 21
49.42
  0
LINE
  8
0
 10
31.32
 20
49.42
 11
26.28
 21
49.42
  0
LINE
  8
0
 10
40.68
 20
49.42
 11
40.68
 21
49.428
  0
LINE
  8
0
 10
40.68
 20
49.428
 11
45.72
 21
49.428
  0
LINE
  8
0
 10
45.72
 20
49.428
 11
45.72
 21
49.42
  0
LINE
  8
0
 10
45.72
 20
49.42
 11
40.68
 21
49.42
  0
LINE
  8
0
 10
-2.51999
 20
49.42
 11
-2.51999
 21
49.428
  0
LINE
  8
0
 10
-2.51999
 20
49.428
 11
2.51999
 21
49.428
  0
LINE
  8
0
 10
2.51999
 20
49.428
 11
2.51999
 21
49.42
  0
LINE
  8
0
 10
2.51999
 20
49.42
 11
-2.51999
 21
49.42
  0
LINE
  8
0
 10
55.08
 20
49.42
 11
55.08
 21
49.428
  0
LINE
  8
0
 10
55.08
 20
49.428
 11
60.12
 21
49.428
  0
LINE
  8
0
 10
60.12
 20
49.428
 11
60.12
 21
49.42
  0
LINE
  8
0
 10
60.12
 20
49.42
 11
55.08
 21
49.42
  0
LINE
  8
0
 10
11.88
 20
49.42
 11
11.88
 21
49.428
  0
LINE
  8
0
 10
11.88
 20
49.428
 11
16.92
 21
49.428
  0
LINE
  8
0
 10
16.92
 20
49.428
 11
16.92
 21
49.42
  0
LINE
  8
0
 10
16.92
 20
49.42
 11
11.88
 21
49.42
  0
LINE
  8
0
 10
69.48
 20
49.42
 11
69.48
 21
49.428
  0
LINE
  8
0
 10
69.48
 20
49.428
 11
74.52
 21
49.428
  0
LINE
  8
0
 10
74.52
 20
49.428
 11
74.52
 21
49.42
  0
LINE
  8
0
 10
74.52
 20
49.42
 11
69.48
 21
49.42
  0
LINE
  8
0
 10
69.48
 20
44.172
 11
69.48
 21
44.18
  0
LINE
  8
0
 10
69.48
 20
44.18
 11
74.52
 21
44.18
  0
LINE
  8
0
 10
74.52
 20
44.18
 11
74.52
 21
44.172
  0
LINE
  8
0
 10
74.52
 20
44.172
 11
69.48
 21
44.172
  0
LINE
  8
0
 10
11.88
 20
44.172
 11
11.88
 21
44.18
  0
LINE
  8
0
 10
11.88
 20
44.18
 11
16.92
 21
44.18
  0
LINE
  8
0
 10
16.92
 20
44.18
 11
16.92
 21
44.172
  0
LINE
  8
0
 10
16.92
 20
44.172
 11
11.88
 21
44.172
  0
LINE
  8
0
 10
-2.51999
 20
44.172
 11
-2.51999
 21
44.18
  0
LINE
  8
0
 10
-2.51999
 20
44.18
 11
2.51999
 21
44.18
  0
LINE
  8
0
 10
2.51999
 20
44.18
 11
2.51999
 21
44.172
  0
LINE
  8
0
 10
2.51999
 20
44.172
 11
-2.51999
 21
44.172
  0
LINE
  8
0
 10
26.28
 20
44.172
 11
26.28
 21
44.18
  0
LINE
  8
0
 10
26.28
 20
44.18
 11
31.32
 21
44.18
  0
LINE
  8
0
 10
31.32
 20
44.18
 11
31.32
 21
44.172
  0
LINE
  8
0
 10
31.32
 20
44.172
 11
26.28
 21
44.172
  0
LINE
  8
0
 10
40.68
 20
44.172
 11
40.68
 21
44.18
  0
LINE
  8
0
 10
40.68
 20
44.18
 11
45.72
 21
44.18
  0
LINE
  8
0
 10
45.72
 20
44.18
 11
45.72
 21
44.172
  0
LINE
  8
0
 10
45.72
 20
44.172
 11
40.68
 21
44.172
  0
LINE
  8
0
 10
55.08
 20
44.172
 11
55.08
 21
44.18
  0
LINE
  8
0
 10
55.08
 20
44.18
 11
60.12
 21
44.18
  0
LINE
  8
0
 10
60.12
 20
44.18
 11
60.12
 21
44.172
  0
LINE
  8
0
 10
60.12
 20
44.172
 11
55.08
 21
44.172
  0
LINE
  8
0
 10
11.88
 20
44.14
 11
11.88
 21
44.148
  0
LINE
  8
0
 10
11.88
 20
44.148
 11
16.92
 21
44.148
  0
LINE
  8
0
 10
16.92
 20
44.148
 11
16.92
 21
44.14
  0
LINE
  8
0
 10
16.92
 20
44.14
 11
11.88
 21
44.14
  0
LINE
  8
0
 10
40.68
 20
44.14
 11
40.68
 21
44.148
  0
LINE
  8
0
 10
40.68
 20
44.148
 11
45.72
 21
44.148
  0
LINE
  8
0
 10
45.72
 20
44.148
 11
45.72
 21
44.14
  0
LINE
  8
0
 10
45.72
 20
44.14
 11
40.68
 21
44.14
  0
LINE
  8
0
 10
69.48
 20
44.14
 11
69.48
 21
44.148
  0
LINE
  8
0
 10
69.48
 20
44.148
 11
74.52
 21
44.148
  0
LINE
  8
0
 10
74.52
 20
44.148
 11
74.52
 21
44.14
  0
LINE
  8
0
 10
74.52
 20
44.14
 11
69.48
 21
44.14
  0
LINE
  8
0
 10
26.28
 20
44.14
 11
26.28
 21
44.148
  0
LINE
  8
0
 10
26.28
 20
44.148
 11
31.32
 21
44.148
  0
LINE
  8
0
 10
31.32
 20
44.148
 11
31.32
 21
44.14
  0
LINE
  8
0
 10
31.32
 20
44.14
 11
26.28
 21
44.14
  0
LINE
  8
0
 10
55.08
 20
44.14
 11
55.08
 21
44.148
  0
LINE
  8
0
 10
55.08
 20
44.148
 11
60.12
 21
44.148
  0
LINE
  8
0
 10
60.12
 20
44.148
 11
60.12
 21
44.14
  0
LINE
  8
0
 10
60.12
 20
44.14
 11
55.08
 21
44.14
  0
LINE
  8
0
 10
-2.51999
 20
44.14
 11
-2.51999
 21
44.148
  0
LINE
  8
0
 10
-2.51999
 20
44.148
 11
2.51999
 21
44.148
  0
LINE
  8
0
 10
2.51999
 20
44.148
 11
2.51999
 21
44.14
  0
LINE
  8
0
 10
2.51999
 20
44.14
 11
-2.51999
 21
44.14
  0
LINE
  8
0
 10
-2.51999
 20
44.108
 11
-2.51999
 21
44.116
  0
LINE
  8
0
 10
-2.51999
 20
44.116
 11
2.51999
 21
44.116
  0
LINE
  8
0
 10
2.51999
 20
44.116
 11
2.51999
 21
44.108
  0
LINE
  8
0
 10
2.51999
 20
44.108
 11
-2.51999
 21
44.108
  0
LINE
  8
0
 10
69.48
 20
44.108
 11
69.48
 21
44.116
  0
LINE
  8
0
 10
69.48
 20
44.116
 11
74.52
 21
44.116
  0
LINE
  8
0
 10
74.52
 20
44.116
 11
74.52
 21
44.108
  0
LINE
  8
0
 10
74.52
 20
44.108
 11
69.48
 21
44.108
  0
LINE
  8
0
 10
55.08
 20
44.108
 11
55.08
 21
44.116
  0
LINE
  8
0
 10
55.08
 20
44.116
 11
60.12
 21
44.116
  0
LINE
  8
0
 10
60.12
 20
44.116
 11
60.12
 21
44.108
  0
LINE
  8
0
 10
60.12
 20
44.108
 11
55.08
 21
44.108
  0
LINE
  8
0
 10
26.28
 20
44.108
 11
26.28
 21
44.116
  0
LINE
  8
0
 10
26.28
 20
44.116
 11
31.32
 21
44.116
  0
LINE
  8
0
 10
31.32
 20
44.116
 11
31.32
 21
44.108
  0
LINE
  8
0
 10
31.32
 20
44.108
 11
26.28
 21
44.108
  0
LINE
  8
0
 10
40.68
 20
44.108
 11
40.68
 21
44.116
  0
LINE
  8
0
 10
40.68
 20
44.116
 11
45.72
 21
44.116
  0
LINE
  8
0
 10
45.72
 20
44.116
 11
45.72
 21
44.108
  0
LINE
  8
0
 10
45.72
 20
44.108
 11
40.68
 21
44.108
  0
LINE
  8
0
 10
11.88
 20
44.108
 11
11.88
 21
44.116
  0
LINE
  8
0
 10
11.88
 20
44.116
 11
16.92
 21
44.116
  0
LINE
  8
0
 10
16.92
 20
44.116
 11
16.92
 21
44.108
  0
LINE
  8
0
 10
16.92
 20
44.108
 11
11.88
 21
44.108
  0
LINE
  8
0
 10
55.08
 20
44.076
 11
55.08
 21
44.084
  0
LINE
  8
0
 10
55.08
 20
44.084
 11
60.12
 21
44.084
  0
LINE
  8
0
 10
60.12
 20
44.084
 11
60.12
 21
44.076
  0
LINE
  8
0
 10
60.12
 20
44.076
 11
55.08
 21
44.076
  0
LINE
  8
0
 10
69.48
 20
44.076
 11
69.48
 21
44.084
  0
LINE
  8
0
 10
69.48
 20
44.084
 11
74.52
 21
44.084
  0
LINE
  8
0
 10
74.52
 20
44.084
 11
74.52
 21
44.076
  0
LINE
  8
0
 10
74.52
 20
44.076
 11
69.48
 21
44.076
  0
LINE
  8
0
 10
-2.51999
 20
44.076
 11
-2.51999
 21
44.084
  0
LINE
  8
0
 10
-2.51999
 20
44.084
 11
2.51999
 21
44.084
  0
LINE
  8
0
 10
2.51999
 20
44.084
 11
2.51999
 21
44.076
  0
LINE
  8
0
 10
2.51999
 20
44.076
 11
-2.51999
 21
44.076
  0
LINE
  8
0
 10
40.68
 20
44.076
 11
40.68
 21
44.084
  0
LINE
  8
0
 10
40.68
 20
44.084
 11
45.72
 21
44.084
  0
LINE
  8
0
 10
45.72
 20
44.084
 11
45.72
 21
44.076
  0
LINE
  8
0
 10
45.72
 20
44.076
 11
40.68
 21
44.076
  0
LINE
  8
0
 10
11.88
 20
44.076
 11
11.88
 21
44.084
  0
LINE
  8
0
 10
11.88
 20
44.084
 11
16.92
 21
44.084
  0
LINE
  8
0
 10
16.92
 20
44.084
 11
16.92
 21
44.076
  0
LINE
  8
0
 10
16.92
 20
44.076
 11
11.88
 21
44.076
  0
LINE
  8
0
 10
26.28
 20
44.076
 11
26.28
 21
44.084
  0
LINE
  8
0
 10
26.28
 20
44.084
 11
31.32
 21
44.084
  0
LINE
  8
0
 10
31.32
 20
44.084
 11
31.32
 21
44.076
  0
LINE
  8
0
 10
31.32
 20
44.076
 11
26.28
 21
44.076
  0
LINE
  8
0
 10
69.48
 20
44.044
 11
69.48
 21
44.052
  0
LINE
  8
0
 10
69.48
 20
44.052
 11
74.52
 21
44.052
  0
LINE
  8
0
 10
74.52
 20
44.052
 11
74.52
 21
44.044
  0
LINE
  8
0
 10
74.52
 20
44.044
 11
69.48
 21
44.044
  0
LINE
  8
0
 10
55.08
 20
44.044
 11
55.08
 21
44.052
  0
LINE
  8
0
 10
55.08
 20
44.052
 11
60.12
 21
44.052
  0
LINE
  8
0
 10
60.12
 20
44.052
 11
60.12
 21
44.044
  0
LINE
  8
0
 10
60.12
 20
44.044
 11
55.08
 21
44.044
  0
LINE
  8
0
 10
11.88
 20
44.044
 11
11.88
 21
44.052
  0
LINE
  8
0
 10
11.88
 20
44.052
 11
16.92
 21
44.052
  0
LINE
  8
0
 10
16.92
 20
44.052
 11
16.92
 21
44.044
  0
LINE
  8
0
 10
16.92
 20
44.044
 11
11.88
 21
44.044
  0
LINE
  8
0
 10
-2.51999
 20
44.044
 11
-2.51999
 21
44.052
  0
LINE
  8
0
 10
-2.51999
 20
44.052
 11
2.51999
 21
44.052
  0
LINE
  8
0
 10
2.51999
 20
44.052
 11
2.51999
 21
44.044
  0
LINE
  8
0
 10
2.51999
 20
44.044
 11
-2.51999
 21
44.044
  0
LINE
  8
0
 10
40.68
 20
44.044
 11
40.68
 21
44.052
  0
LINE
  8
0
 10
40.68
 20
44.052
 11
45.72
 21
44.052
  0
LINE
  8
0
 10
45.72
 20
44.052
 11
45.72
 21
44.044
  0
LINE
  8
0
 10
45.72
 20
44.044
 11
40.68
 21
44.044
  0
LINE
  8
0
 10
26.28
 20
44.044
 11
26.28
 21
44.052
  0
LINE
  8
0
 10
26.28
 20
44.052
 11
31.32
 21
44.052
  0
LINE
  8
0
 10
31.32
 20
44.052
 11
31.32
 21
44.044
  0
LINE
  8
0
 10
31.32
 20
44.044
 11
26.28
 21
44.044
  0
LINE
  8
0
 10
55.08
 20
44.012
 11
55.08
 21
44.02
  0
LINE
  8
0
 10
55.08
 20
44.02
 11
60.12
 21
44.02
  0
LINE
  8
0
 10
60.12
 20
44.02
 11
60.12
 21
44.012
  0
LINE
  8
0
 10
60.12
 20
44.012
 11
55.08
 21
44.012
  0
LINE
  8
0
 10
11.88
 20
44.012
 11
11.88
 21
44.02
  0
LINE
  8
0
 10
11.88
 20
44.02
 11
16.92
 21
44.02
  0
LINE
  8
0
 10
16.92
 20
44.02
 11
16.92
 21
44.012
  0
LINE
  8
0
 10
16.92
 20
44.012
 11
11.88
 21
44.012
  0
LINE
  8
0
 10
40.68
 20
44.012
 11
40.68
 21
44.02
  0
LINE
  8
0
 10
40.68
 20
44.02
 11
45.72
 21
44.02
  0
LINE
  8
0
 10
45.72
 20
44.02
 11
45.72
 21
44.012
  0
LINE
  8
0
 10
45.72
 20
44.012
 11
40.68
 21
44.012
  0
LINE
  8
0
 10
26.28
 20
44.012
 11
26.28
 21
44.02
  0
LINE
  8
0
 10
26.28
 20
44.02
 11
31.32
 21
44.02
  0
LINE
  8
0
 10
31.32
 20
44.02
 11
31.32
 21
44.012
  0
LINE
  8
0
 10
31.32
 20
44.012
 11
26.28
 21
44.012
  0
LINE
  8
0
 10
-2.51999
 20
44.012
 11
-2.51999
 21
44.02
  0
LINE
  8
0
 10
-2.51999
 20
44.02
 11
2.51999
 21
44.02
  0
LINE
  8
0
 10
2.51999
 20
44.02
 11
2.51999
 21
44.012
  0
LINE
  8
0
 10
2.51999
 20
44.012
 11
-2.51999
 21
44.012
  0
LINE
  8
0
 10
69.48
 20
44.012
 11
69.48
 21
44.02
  0
LINE
  8
0
 10
69.48
 20
44.02
 11
74.52
 21
44.02
  0
LINE
  8
0
 10
74.52
 20
44.02
 11
74.52
 21
44.012
  0
LINE
  8
0
 10
74.52
 20
44.012
 11
69.48
 21
44.012
  0
LINE
  8
0
 10
-2.51999
 20
43.98
 11
-2.51999
 21
43.988
  0
LINE
  8
0
 10
-2.51999
 20
43.988
 11
2.51999
 21
43.988
  0
LINE
  8
0
 10
2.51999
 20
43.988
 11
2.51999
 21
43.98
  0
LINE
  8
0
 10
2.51999
 20
43.98
 11
-2.51999
 21
43.98
  0
LINE
  8
0
 10
69.48
 20
43.98
 11
69.48
 21
43.988
  0
LINE
  8
0
 10
69.48
 20
43.988
 11
74.52
 21
43.988
  0
LINE
  8
0
 10
74.52
 20
43.988
 11
74.52
 21
43.98
  0
LINE
  8
0
 10
74.52
 20
43.98
 11
69.48
 21
43.98
  0
LINE
  8
0
 10
55.08
 20
43.98
 11
55.08
 21
43.988
  0
LINE
  8
0
 10
55.08
 20
43.988
 11
60.12
 21
43.988
  0
LINE
  8
0
 10
60.12
 20
43.988
 11
60.12
 21
43.98
  0
LINE
  8
0
 10
60.12
 20
43.98
 11
55.08
 21
43.98
  0
LINE
  8
0
 10
11.88
 20
43.98
 11
11.88
 21
43.988
  0
LINE
  8
0
 10
11.88
 20
43.988
 11
16.92
 21
43.988
  0
LINE
  8
0
 10
16.92
 20
43.988
 11
16.92
 21
43.98
  0
LINE
  8
0
 10
16.92
 20
43.98
 11
11.88
 21
43.98
  0
LINE
  8
0
 10
26.28
 20
43.98
 11
26.28
 21
43.988
  0
LINE
  8
0
 10
26.28
 20
43.988
 11
31.32
 21
43.988
  0
LINE
  8
0
 10
31.32
 20
43.988
 11
31.32
 21
43.98
  0
LINE
  8
0
 10
31.32
 20
43.98
 11
26.28
 21
43.98
  0
LINE
  8
0
 10
40.68
 20
43.98
 11
40.68
 21
43.988
  0
LINE
  8
0
 10
40.68
 20
43.988
 11
45.72
 21
43.988
  0
LINE
  8
0
 10
45.72
 20
43.988
 11
45.72
 21
43.98
  0
LINE
  8
0
 10
45.72
 20
43.98
 11
40.68
 21
43.98
  0
LINE
  8
0
 10
26.28
 20
43.948
 11
26.28
 21
43.956
  0
LINE
  8
0
 10
26.28
 20
43.956
 11
31.32
 21
43.956
  0
LINE
  8
0
 10
31.32
 20
43.956
 11
31.32
 21
43.948
  0
LINE
  8
0
 10
31.32
 20
43.948
 11
26.28
 21
43.948
  0
LINE
  8
0
 10
-2.51999
 20
43.948
 11
-2.51999
 21
43.956
  0
LINE
  8
0
 10
-2.51999
 20
43.956
 11
2.51999
 21
43.956
  0
LINE
  8
0
 10
2.51999
 20
43.956
 11
2.51999
 21
43.948
  0
LINE
  8
0
 10
2.51999
 20
43.948
 11
-2.51999
 21
43.948
  0
LINE
  8
0
 10
55.08
 20
43.948
 11
55.08
 21
43.956
  0
LINE
  8
0
 10
55.08
 20
43.956
 11
60.12
 21
43.956
  0
LINE
  8
0
 10
60.12
 20
43.956
 11
60.12
 21
43.948
  0
LINE
  8
0
 10
60.12
 20
43.948
 11
55.08
 21
43.948
  0
LINE
  8
0
 10
69.48
 20
43.948
 11
69.48
 21
43.956
  0
LINE
  8
0
 10
69.48
 20
43.956
 11
74.52
 21
43.956
  0
LINE
  8
0
 10
74.52
 20
43.956
 11
74.52
 21
43.948
  0
LINE
  8
0
 10
74.52
 20
43.948
 11
69.48
 21
43.948
  0
LINE
  8
0
 10
40.68
 20
43.948
 11
40.68
 21
43.956
  0
LINE
  8
0
 10
40.68
 20
43.956
 11
45.72
 21
43.956
  0
LINE
  8
0
 10
45.72
 20
43.956
 11
45.72
 21
43.948
  0
LINE
  8
0
 10
45.72
 20
43.948
 11
40.68
 21
43.948
  0
LINE
  8
0
 10
11.88
 20
43.948
 11
11.88
 21
43.956
  0
LINE
  8
0
 10
11.88
 20
43.956
 11
16.92
 21
43.956
  0
LINE
  8
0
 10
16.92
 20
43.956
 11
16.92
 21
43.948
  0
LINE
  8
0
 10
16.92
 20
43.948
 11
11.88
 21
43.948
  0
LINE
  8
0
 10
69.48
 20
43.916
 11
69.48
 21
43.924
  0
LINE
  8
0
 10
69.48
 20
43.924
 11
74.52
 21
43.924
  0
LINE
  8
0
 10
74.52
 20
43.924
 11
74.52
 21
43.916
  0
LINE
  8
0
 10
74.52
 20
43.916
 11
69.48
 21
43.916
  0
LINE
  8
0
 10
-2.51999
 20
43.916
 11
-2.51999
 21
43.924
  0
LINE
  8
0
 10
-2.51999
 20
43.924
 11
2.51999
 21
43.924
  0
LINE
  8
0
 10
2.51999
 20
43.924
 11
2.51999
 21
43.916
  0
LINE
  8
0
 10
2.51999
 20
43.916
 11
-2.51999
 21
43.916
  0
LINE
  8
0
 10
11.88
 20
43.916
 11
11.88
 21
43.924
  0
LINE
  8
0
 10
11.88
 20
43.924
 11
16.92
 21
43.924
  0
LINE
  8
0
 10
16.92
 20
43.924
 11
16.92
 21
43.916
  0
LINE
  8
0
 10
16.92
 20
43.916
 11
11.88
 21
43.916
  0
LINE
  8
0
 10
40.68
 20
43.916
 11
40.68
 21
43.924
  0
LINE
  8
0
 10
40.68
 20
43.924
 11
45.72
 21
43.924
  0
LINE
  8
0
 10
45.72
 20
43.924
 11
45.72
 21
43.916
  0
LINE
  8
0
 10
45.72
 20
43.916
 11
40.68
 21
43.916
  0
LINE
  8
0
 10
55.08
 20
43.916
 11
55.08
 21
43.924
  0
LINE
  8
0
 10
55.08
 20
43.924
 11
60.12
 21
43.924
  0
LINE
  8
0
 10
60.12
 20
43.924
 11
60.12
 21
43.916
  0
LINE
  8
0
 10
60.12
 20
43.916
 11
55.08
 21
43.916
  0
LINE
  8
0
 10
26.28
 20
43.916
 11
26.28
 21
43.924
  0
LINE
  8
0
 10
26.28
 20
43.924
 11
31.32
 21
43.924
  0
LINE
  8
0
 10
31.32
 20
43.924
 11
31.32
 21
43.916
  0
LINE
  8
0
 10
31.32
 20
43.916
 11
26.28
 21
43.916
  0
LINE
  8
0
 10
-2.51999
 20
43.884
 11
-2.51999
 21
43.892
  0
LINE
  8
0
 10
-2.51999
 20
43.892
 11
2.51999
 21
43.892
  0
LINE
  8
0
 10
2.51999
 20
43.892
 11
2.51999
 21
43.884
  0
LINE
  8
0
 10
2.51999
 20
43.884
 11
-2.51999
 21
43.884
  0
LINE
  8
0
 10
26.28
 20
43.884
 11
26.28
 21
43.892
  0
LINE
  8
0
 10
26.28
 20
43.892
 11
31.32
 21
43.892
  0
LINE
  8
0
 10
31.32
 20
43.892
 11
31.32
 21
43.884
  0
LINE
  8
0
 10
31.32
 20
43.884
 11
26.28
 21
43.884
  0
LINE
  8
0
 10
55.08
 20
43.884
 11
55.08
 21
43.892
  0
LINE
  8
0
 10
55.08
 20
43.892
 11
60.12
 21
43.892
  0
LINE
  8
0
 10
60.12
 20
43.892
 11
60.12
 21
43.884
  0
LINE
  8
0
 10
60.12
 20
43.884
 11
55.08
 21
43.884
  0
LINE
  8
0
 10
69.48
 20
43.884
 11
69.48
 21
43.892
  0
LINE
  8
0
 10
69.48
 20
43.892
 11
74.52
 21
43.892
  0
LINE
  8
0
 10
74.52
 20
43.892
 11
74.52
 21
43.884
  0
LINE
  8
0
 10
74.52
 20
43.884
 11
69.48
 21
43.884
  0
LINE
  8
0
 10
11.88
 20
43.884
 11
11.88
 21
43.892
  0
LINE
  8
0
 10
11.88
 20
43.892
 11
16.92
 21
43.892
  0
LINE
  8
0
 10
16.92
 20
43.892
 11
16.92
 21
43.884
  0
LINE
  8
0
 10
16.92
 20
43.884
 11
11.88
 21
43.884
  0
LINE
  8
0
 10
40.68
 20
43.884
 11
40.68
 21
43.892
  0
LINE
  8
0
 10
40.68
 20
43.892
 11
45.72
 21
43.892
  0
LINE
  8
0
 10
45.72
 20
43.892
 11
45.72
 21
43.884
  0
LINE
  8
0
 10
45.72
 20
43.884
 11
40.68
 21
43.884
  0
LINE
  8
0
 10
69.48
 20
43.852
 11
69.48
 21
43.86
  0
LINE
  8
0
 10
69.48
 20
43.86
 11
74.52
 21
43.86
  0
LINE
  8
0
 10
74.52
 20
43.86
 11
74.52
 21
43.852
  0
LINE
  8
0
 10
74.52
 20
43.852
 11
69.48
 21
43.852
  0
LINE
  8
0
 10
26.28
 20
43.852
 11
26.28
 21
43.86
  0
LINE
  8
0
 10
26.28
 20
43.86
 11
31.32
 21
43.86
  0
LINE
  8
0
 10
31.32
 20
43.86
 11
31.32
 21
43.852
  0
LINE
  8
0
 10
31.32
 20
43.852
 11
26.28
 21
43.852
  0
LINE
  8
0
 10
55.08
 20
43.852
 11
55.08
 21
43.86
  0
LINE
  8
0
 10
55.08
 20
43.86
 11
60.12
 21
43.86
  0
LINE
  8
0
 10
60.12
 20
43.86
 11
60.12
 21
43.852
  0
LINE
  8
0
 10
60.12
 20
43.852
 11
55.08
 21
43.852
  0
LINE
  8
0
 10
40.68
 20
43.852
 11
40.68
 21
43.86
  0
LINE
  8
0
 10
40.68
 20
43.86
 11
45.72
 21
43.86
  0
LINE
  8
0
 10
45.72
 20
43.86
 11
45.72
 21
43.852
  0
LINE
  8
0
 10
45.72
 20
43.852
 11
40.68
 21
43.852
  0
LINE
  8
0
 10
-2.51999
 20
43.852
 11
-2.51999
 21
43.86
  0
LINE
  8
0
 10
-2.51999
 20
43.86
 11
2.51999
 21
43.86
  0
LINE
  8
0
 10
2.51999
 20
43.86
 11
2.51999
 21
43.852
  0
LINE
  8
0
 10
2.51999
 20
43.852
 11
-2.51999
 21
43.852
  0
LINE
  8
0
 10
11.88
 20
43.852
 11
11.88
 21
43.86
  0
LINE
  8
0
 10
11.88
 20
43.86
 11
16.92
 21
43.86
  0
LINE
  8
0
 10
16.92
 20
43.86
 11
16.92
 21
43.852
  0
LINE
  8
0
 10
16.92
 20
43.852
 11
11.88
 21
43.852
  0
LINE
  8
0
 10
40.68
 20
43.82
 11
40.68
 21
43.828
  0
LINE
  8
0
 10
40.68
 20
43.828
 11
45.72
 21
43.828
  0
LINE
  8
0
 10
45.72
 20
43.828
 11
45.72
 21
43.82
  0
LINE
  8
0
 10
45.72
 20
43.82
 11
40.68
 21
43.82
  0
LINE
  8
0
 10
11.88
 20
43.82
 11
11.88
 21
43.828
  0
LINE
  8
0
 10
11.88
 20
43.828
 11
16.92
 21
43.828
  0
LINE
  8
0
 10
16.92
 20
43.828
 11
16.92
 21
43.82
  0
LINE
  8
0
 10
16.92
 20
43.82
 11
11.88
 21
43.82
  0
LINE
  8
0
 10
26.28
 20
43.82
 11
26.28
 21
43.828
  0
LINE
  8
0
 10
26.28
 20
43.828
 11
31.32
 21
43.828
  0
LINE
  8
0
 10
31.32
 20
43.828
 11
31.32
 21
43.82
  0
LINE
  8
0
 10
31.32
 20
43.82
 11
26.28
 21
43.82
  0
LINE
  8
0
 10
55.08
 20
43.82
 11
55.08
 21
43.828
  0
LINE
  8
0
 10
55.08
 20
43.828
 11
60.12
 21
43.828
  0
LINE
  8
0
 10
60.12
 20
43.828
 11
60.12
 21
43.82
  0
LINE
  8
0
 10
60.12
 20
43.82
 11
55.08
 21
43.82
  0
LINE
  8
0
 10
-2.51999
 20
43.82
 11
-2.51999
 21
43.828
  0
LINE
  8
0
 10
-2.51999
 20
43.828
 11
2.51999
 21
43.828
  0
LINE
  8
0
 10
2.51999
 20
43.828
 11
2.51999
 21
43.82
  0
LINE
  8
0
 10
2.51999
 20
43.82
 11
-2.51999
 21
43.82
  0
LINE
  8
0
 10
69.48
 20
43.82
 11
69.48
 21
43.828
  0
LINE
  8
0
 10
69.48
 20
43.828
 11
74.52
 21
43.828
  0
LINE
  8
0
 10
74.52
 20
43.828
 11
74.52
 21
43.82
  0
LINE
  8
0
 10
74.52
 20
43.82
 11
69.48
 21
43.82
  0
LINE
  8
0
 10
55.08
 20
43.788
 11
55.08
 21
43.796
  0
LINE
  8
0
 10
55.08
 20
43.796
 11
60.12
 21
43.796
  0
LINE
  8
0
 10
60.12
 20
43.796
 11
60.12
 21
43.788
  0
LINE
  8
0
 10
60.12
 20
43.788
 11
55.08
 21
43.788
  0
LINE
  8
0
 10
26.28
 20
43.788
 11
26.28
 21
43.796
  0
LINE
  8
0
 10
26.28
 20
43.796
 11
31.32
 21
43.796
  0
LINE
  8
0
 10
31.32
 20
43.796
 11
31.32
 21
43.788
  0
LINE
  8
0
 10
31.32
 20
43.788
 11
26.28
 21
43.788
  0
LINE
  8
0
 10
-2.51999
 20
43.788
 11
-2.51999
 21
43.796
  0
LINE
  8
0
 10
-2.51999
 20
43.796
 11
2.51999
 21
43.796
  0
LINE
  8
0
 10
2.51999
 20
43.796
 11
2.51999
 21
43.788
  0
LINE
  8
0
 10
2.51999
 20
43.788
 11
-2.51999
 21
43.788
  0
LINE
  8
0
 10
69.48
 20
43.788
 11
69.48
 21
43.796
  0
LINE
  8
0
 10
69.48
 20
43.796
 11
74.52
 21
43.796
  0
LINE
  8
0
 10
74.52
 20
43.796
 11
74.52
 21
43.788
  0
LINE
  8
0
 10
74.52
 20
43.788
 11
69.48
 21
43.788
  0
LINE
  8
0
 10
40.68
 20
43.788
 11
40.68
 21
43.796
  0
LINE
  8
0
 10
40.68
 20
43.796
 11
45.72
 21
43.796
  0
LINE
  8
0
 10
45.72
 20
43.796
 11
45.72
 21
43.788
  0
LINE
  8
0
 10
45.72
 20
43.788
 11
40.68
 21
43.788
  0
LINE
  8
0
 10
11.88
 20
43.788
 11
11.88
 21
43.796
  0
LINE
  8
0
 10
11.88
 20
43.796
 11
16.92
 21
43.796
  0
LINE
  8
0
 10
16.92
 20
43.796
 11
16.92
 21
43.788
  0
LINE
  8
0
 10
16.92
 20
43.788
 11
11.88
 21
43.788
  0
LINE
  8
0
 10
40.68
 20
43.756
 11
40.68
 21
43.764
  0
LINE
  8
0
 10
40.68
 20
43.764
 11
45.72
 21
43.764
  0
LINE
  8
0
 10
45.72
 20
43.764
 11
45.72
 21
43.756
  0
LINE
  8
0
 10
45.72
 20
43.756
 11
40.68
 21
43.756
  0
LINE
  8
0
 10
-2.51999
 20
43.756
 11
-2.51999
 21
43.764
  0
LINE
  8
0
 10
-2.51999
 20
43.764
 11
2.51999
 21
43.764
  0
LINE
  8
0
 10
2.51999
 20
43.764
 11
2.51999
 21
43.756
  0
LINE
  8
0
 10
2.51999
 20
43.756
 11
-2.51999
 21
43.756
  0
LINE
  8
0
 10
55.08
 20
43.756
 11
55.08
 21
43.764
  0
LINE
  8
0
 10
55.08
 20
43.764
 11
60.12
 21
43.764
  0
LINE
  8
0
 10
60.12
 20
43.764
 11
60.12
 21
43.756
  0
LINE
  8
0
 10
60.12
 20
43.756
 11
55.08
 21
43.756
  0
LINE
  8
0
 10
11.88
 20
43.756
 11
11.88
 21
43.764
  0
LINE
  8
0
 10
11.88
 20
43.764
 11
16.92
 21
43.764
  0
LINE
  8
0
 10
16.92
 20
43.764
 11
16.92
 21
43.756
  0
LINE
  8
0
 10
16.92
 20
43.756
 11
11.88
 21
43.756
  0
LINE
  8
0
 10
26.28
 20
43.756
 11
26.28
 21
43.764
  0
LINE
  8
0
 10
26.28
 20
43.764
 11
31.32
 21
43.764
  0
LINE
  8
0
 10
31.32
 20
43.764
 11
31.32
 21
43.756
  0
LINE
  8
0
 10
31.32
 20
43.756
 11
26.28
 21
43.756
  0
LINE
  8
0
 10
69.48
 20
43.756
 11
69.48
 21
43.764
  0
LINE
  8
0
 10
69.48
 20
43.764
 11
74.52
 21
43.764
  0
LINE
  8
0
 10
74.52
 20
43.764
 11
74.52
 21
43.756
  0
LINE
  8
0
 10
74.52
 20
43.756
 11
69.48
 21
43.756
  0
LINE
  8
0
 10
26.28
 20
43.724
 11
26.28
 21
43.732
  0
LINE
  8
0
 10
26.28
 20
43.732
 11
31.32
 21
43.732
  0
LINE
  8
0
 10
31.32
 20
43.732
 11
31.32
 21
43.724
  0
LINE
  8
0
 10
31.32
 20
43.724
 11
26.28
 21
43.724
  0
LINE
  8
0
 10
69.48
 20
43.724
 11
69.48
 21
43.732
  0
LINE
  8
0
 10
69.48
 20
43.732
 11
74.52
 21
43.732
  0
LINE
  8
0
 10
74.52
 20
43.732
 11
74.52
 21
43.724
  0
LINE
  8
0
 10
74.52
 20
43.724
 11
69.48
 21
43.724
  0
LINE
  8
0
 10
40.68
 20
43.724
 11
40.68
 21
43.732
  0
LINE
  8
0
 10
40.68
 20
43.732
 11
45.72
 21
43.732
  0
LINE
  8
0
 10
45.72
 20
43.732
 11
45.72
 21
43.724
  0
LINE
  8
0
 10
45.72
 20
43.724
 11
40.68
 21
43.724
  0
LINE
  8
0
 10
-2.51999
 20
43.724
 11
-2.51999
 21
43.732
  0
LINE
  8
0
 10
-2.51999
 20
43.732
 11
2.51999
 21
43.732
  0
LINE
  8
0
 10
2.51999
 20
43.732
 11
2.51999
 21
43.724
  0
LINE
  8
0
 10
2.51999
 20
43.724
 11
-2.51999
 21
43.724
  0
LINE
  8
0
 10
55.08
 20
43.724
 11
55.08
 21
43.732
  0
LINE
  8
0
 10
55.08
 20
43.732
 11
60.12
 21
43.732
  0
LINE
  8
0
 10
60.12
 20
43.732
 11
60.12
 21
43.724
  0
LINE
  8
0
 10
60.12
 20
43.724
 11
55.08
 21
43.724
  0
LINE
  8
0
 10
11.88
 20
43.724
 11
11.88
 21
43.732
  0
LINE
  8
0
 10
11.88
 20
43.732
 11
16.92
 21
43.732
  0
LINE
  8
0
 10
16.92
 20
43.732
 11
16.92
 21
43.724
  0
LINE
  8
0
 10
16.92
 20
43.724
 11
11.88
 21
43.724
  0
LINE
  8
0
 10
55.08
 20
43.692
 11
55.08
 21
43.7
  0
LINE
  8
0
 10
55.08
 20
43.7
 11
60.12
 21
43.7
  0
LINE
  8
0
 10
60.12
 20
43.7
 11
60.12
 21
43.692
  0
LINE
  8
0
 10
60.12
 20
43.692
 11
55.08
 21
43.692
  0
LINE
  8
0
 10
40.68
 20
43.692
 11
40.68
 21
43.7
  0
LINE
  8
0
 10
40.68
 20
43.7
 11
45.72
 21
43.7
  0
LINE
  8
0
 10
45.72
 20
43.7
 11
45.72
 21
43.692
  0
LINE
  8
0
 10
45.72
 20
43.692
 11
40.68
 21
43.692
  0
LINE
  8
0
 10
26.28
 20
43.692
 11
26.28
 21
43.7
  0
LINE
  8
0
 10
26.28
 20
43.7
 11
31.32
 21
43.7
  0
LINE
  8
0
 10
31.32
 20
43.7
 11
31.32
 21
43.692
  0
LINE
  8
0
 10
31.32
 20
43.692
 11
26.28
 21
43.692
  0
LINE
  8
0
 10
69.48
 20
43.692
 11
69.48
 21
43.7
  0
LINE
  8
0
 10
69.48
 20
43.7
 11
74.52
 21
43.7
  0
LINE
  8
0
 10
74.52
 20
43.7
 11
74.52
 21
43.692
  0
LINE
  8
0
 10
74.52
 20
43.692
 11
69.48
 21
43.692
  0
LINE
  8
0
 10
11.88
 20
43.692
 11
11.88
 21
43.7
  0
LINE
  8
0
 10
11.88
 20
43.7
 11
16.92
 21
43.7
  0
LINE
  8
0
 10
16.92
 20
43.7
 11
16.92
 21
43.692
  0
LINE
  8
0
 10
16.92
 20
43.692
 11
11.88
 21
43.692
  0
LINE
  8
0
 10
-2.51999
 20
43.692
 11
-2.51999
 21
43.7
  0
LINE
  8
0
 10
-2.51999
 20
43.7
 11
2.51999
 21
43.7
  0
LINE
  8
0
 10
2.51999
 20
43.7
 11
2.51999
 21
43.692
  0
LINE
  8
0
 10
2.51999
 20
43.692
 11
-2.51999
 21
43.692
  0
LINE
  8
0
 10
-2.51999
 20
43.66
 11
-2.51999
 21
43.668
  0
LINE
  8
0
 10
-2.51999
 20
43.668
 11
2.51999
 21
43.668
  0
LINE
  8
0
 10
2.51999
 20
43.668
 11
2.51999
 21
43.66
  0
LINE
  8
0
 10
2.51999
 20
43.66
 11
-2.51999
 21
43.66
  0
LINE
  8
0
 10
69.48
 20
43.66
 11
69.48
 21
43.668
  0
LINE
  8
0
 10
69.48
 20
43.668
 11
74.52
 21
43.668
  0
LINE
  8
0
 10
74.52
 20
43.668
 11
74.52
 21
43.66
  0
LINE
  8
0
 10
74.52
 20
43.66
 11
69.48
 21
43.66
  0
LINE
  8
0
 10
11.88
 20
43.66
 11
11.88
 21
43.668
  0
LINE
  8
0
 10
11.88
 20
43.668
 11
16.92
 21
43.668
  0
LINE
  8
0
 10
16.92
 20
43.668
 11
16.92
 21
43.66
  0
LINE
  8
0
 10
16.92
 20
43.66
 11
11.88
 21
43.66
  0
LINE
  8
0
 10
40.68
 20
43.66
 11
40.68
 21
43.668
  0
LINE
  8
0
 10
40.68
 20
43.668
 11
45.72
 21
43.668
  0
LINE
  8
0
 10
45.72
 20
43.668
 11
45.72
 21
43.66
  0
LINE
  8
0
 10
45.72
 20
43.66
 11
40.68
 21
43.66
  0
LINE
  8
0
 10
55.08
 20
43.66
 11
55.08
 21
43.668
  0
LINE
  8
0
 10
55.08
 20
43.668
 11
60.12
 21
43.668
  0
LINE
  8
0
 10
60.12
 20
43.668
 11
60.12
 21
43.66
  0
LINE
  8
0
 10
60.12
 20
43.66
 11
55.08
 21
43.66
  0
LINE
  8
0
 10
26.28
 20
43.66
 11
26.28
 21
43.668
  0
LINE
  8
0
 10
26.28
 20
43.668
 11
31.32
 21
43.668
  0
LINE
  8
0
 10
31.32
 20
43.668
 11
31.32
 21
43.66
  0
LINE
  8
0
 10
31.32
 20
43.66
 11
26.28
 21
43.66
  0
LINE
  8
0
 10
11.88
 20
43.628
 11
11.88
 21
43.636
  0
LINE
  8
0
 10
11.88
 20
43.636
 11
16.92
 21
43.636
  0
LINE
  8
0
 10
16.92
 20
43.636
 11
16.92
 21
43.628
  0
LINE
  8
0
 10
16.92
 20
43.628
 11
11.88
 21
43.628
  0
LINE
  8
0
 10
-2.51999
 20
43.628
 11
-2.51999
 21
43.636
  0
LINE
  8
0
 10
-2.51999
 20
43.636
 11
2.51999
 21
43.636
  0
LINE
  8
0
 10
2.51999
 20
43.636
 11
2.51999
 21
43.628
  0
LINE
  8
0
 10
2.51999
 20
43.628
 11
-2.51999
 21
43.628
  0
LINE
  8
0
 10
26.28
 20
43.628
 11
26.28
 21
43.636
  0
LINE
  8
0
 10
26.28
 20
43.636
 11
31.32
 21
43.636
  0
LINE
  8
0
 10
31.32
 20
43.636
 11
31.32
 21
43.628
  0
LINE
  8
0
 10
31.32
 20
43.628
 11
26.28
 21
43.628
  0
LINE
  8
0
 10
40.68
 20
43.628
 11
40.68
 21
43.636
  0
LINE
  8
0
 10
40.68
 20
43.636
 11
45.72
 21
43.636
  0
LINE
  8
0
 10
45.72
 20
43.636
 11
45.72
 21
43.628
  0
LINE
  8
0
 10
45.72
 20
43.628
 11
40.68
 21
43.628
  0
LINE
  8
0
 10
55.08
 20
43.628
 11
55.08
 21
43.636
  0
LINE
  8
0
 10
55.08
 20
43.636
 11
60.12
 21
43.636
  0
LINE
  8
0
 10
60.12
 20
43.636
 11
60.12
 21
43.628
  0
LINE
  8
0
 10
60.12
 20
43.628
 11
55.08
 21
43.628
  0
LINE
  8
0
 10
69.48
 20
43.628
 11
69.48
 21
43.636
  0
LINE
  8
0
 10
69.48
 20
43.636
 11
74.52
 21
43.636
  0
LINE
  8
0
 10
74.52
 20
43.636
 11
74.52
 21
43.628
  0
LINE
  8
0
 10
74.52
 20
43.628
 11
69.48
 21
43.628
  0
LINE
  8
0
 10
11.88
 20
43.596
 11
11.88
 21
43.604
  0
LINE
  8
0
 10
11.88
 20
43.604
 11
16.92
 21
43.604
  0
LINE
  8
0
 10
16.92
 20
43.604
 11
16.92
 21
43.596
  0
LINE
  8
0
 10
16.92
 20
43.596
 11
11.88
 21
43.596
  0
LINE
  8
0
 10
55.08
 20
43.596
 11
55.08
 21
43.604
  0
LINE
  8
0
 10
55.08
 20
43.604
 11
60.12
 21
43.604
  0
LINE
  8
0
 10
60.12
 20
43.604
 11
60.12
 21
43.596
  0
LINE
  8
0
 10
60.12
 20
43.596
 11
55.08
 21
43.596
  0
LINE
  8
0
 10
26.28
 20
43.596
 11
26.28
 21
43.604
  0
LINE
  8
0
 10
26.28
 20
43.604
 11
31.32
 21
43.604
  0
LINE
  8
0
 10
31.32
 20
43.604
 11
31.32
 21
43.596
  0
LINE
  8
0
 10
31.32
 20
43.596
 11
26.28
 21
43.596
  0
LINE
  8
0
 10
69.48
 20
43.596
 11
69.48
 21
43.604
  0
LINE
  8
0
 10
69.48
 20
43.604
 11
74.52
 21
43.604
  0
LINE
  8
0
 10
74.52
 20
43.604
 11
74.52
 21
43.596
  0
LINE
  8
0
 10
74.52
 20
43.596
 11
69.48
 21
43.596
  0
LINE
  8
0
 10
40.68
 20
43.596
 11
40.68
 21
43.604
  0
LINE
  8
0
 10
40.68
 20
43.604
 11
45.72
 21
43.604
  0
LINE
  8
0
 10
45.72
 20
43.604
 11
45.72
 21
43.596
  0
LINE
  8
0
 10
45.72
 20
43.596
 11
40.68
 21
43.596
  0
LINE
  8
0
 10
-2.51999
 20
43.596
 11
-2.51999
 21
43.604
  0
LINE
  8
0
 10
-2.51999
 20
43.604
 11
2.51999
 21
43.604
  0
LINE
  8
0
 10
2.51999
 20
43.604
 11
2.51999
 21
43.596
  0
LINE
  8
0
 10
2.51999
 20
43.596
 11
-2.51999
 21
43.596
  0
LINE
  8
0
 10
11.88
 20
43.564
 11
11.88
 21
43.572
  0
LINE
  8
0
 10
11.88
 20
43.572
 11
16.92
 21
43.572
  0
LINE
  8
0
 10
16.92
 20
43.572
 11
16.92
 21
43.564
  0
LINE
  8
0
 10
16.92
 20
43.564
 11
11.88
 21
43.564
  0
LINE
  8
0
 10
26.28
 20
43.564
 11
26.28
 21
43.572
  0
LINE
  8
0
 10
26.28
 20
43.572
 11
31.32
 21
43.572
  0
LINE
  8
0
 10
31.32
 20
43.572
 11
31.32
 21
43.564
  0
LINE
  8
0
 10
31.32
 20
43.564
 11
26.28
 21
43.564
  0
LINE
  8
0
 10
69.48
 20
43.564
 11
69.48
 21
43.572
  0
LINE
  8
0
 10
69.48
 20
43.572
 11
74.52
 21
43.572
  0
LINE
  8
0
 10
74.52
 20
43.572
 11
74.52
 21
43.564
  0
LINE
  8
0
 10
74.52
 20
43.564
 11
69.48
 21
43.564
  0
LINE
  8
0
 10
40.68
 20
43.564
 11
40.68
 21
43.572
  0
LINE
  8
0
 10
40.68
 20
43.572
 11
45.72
 21
43.572
  0
LINE
  8
0
 10
45.72
 20
43.572
 11
45.72
 21
43.564
  0
LINE
  8
0
 10
45.72
 20
43.564
 11
40.68
 21
43.564
  0
LINE
  8
0
 10
55.08
 20
43.564
 11
55.08
 21
43.572
  0
LINE
  8
0
 10
55.08
 20
43.572
 11
60.12
 21
43.572
  0
LINE
  8
0
 10
60.12
 20
43.572
 11
60.12
 21
43.564
  0
LINE
  8
0
 10
60.12
 20
43.564
 11
55.08
 21
43.564
  0
LINE
  8
0
 10
-2.51999
 20
43.564
 11
-2.51999
 21
43.572
  0
LINE
  8
0
 10
-2.51999
 20
43.572
 11
2.51999
 21
43.572
  0
LINE
  8
0
 10
2.51999
 20
43.572
 11
2.51999
 21
43.564
  0
LINE
  8
0
 10
2.51999
 20
43.564
 11
-2.51999
 21
43.564
  0
LINE
  8
0
 10
55.08
 20
43.532
 11
55.08
 21
43.54
  0
LINE
  8
0
 10
55.08
 20
43.54
 11
60.12
 21
43.54
  0
LINE
  8
0
 10
60.12
 20
43.54
 11
60.12
 21
43.532
  0
LINE
  8
0
 10
60.12
 20
43.532
 11
55.08
 21
43.532
  0
LINE
  8
0
 10
-2.51999
 20
43.532
 11
-2.51999
 21
43.54
  0
LINE
  8
0
 10
-2.51999
 20
43.54
 11
2.51999
 21
43.54
  0
LINE
  8
0
 10
2.51999
 20
43.54
 11
2.51999
 21
43.532
  0
LINE
  8
0
 10
2.51999
 20
43.532
 11
-2.51999
 21
43.532
  0
LINE
  8
0
 10
11.88
 20
43.532
 11
11.88
 21
43.54
  0
LINE
  8
0
 10
11.88
 20
43.54
 11
16.92
 21
43.54
  0
LINE
  8
0
 10
16.92
 20
43.54
 11
16.92
 21
43.532
  0
LINE
  8
0
 10
16.92
 20
43.532
 11
11.88
 21
43.532
  0
LINE
  8
0
 10
26.28
 20
43.532
 11
26.28
 21
43.54
  0
LINE
  8
0
 10
26.28
 20
43.54
 11
31.32
 21
43.54
  0
LINE
  8
0
 10
31.32
 20
43.54
 11
31.32
 21
43.532
  0
LINE
  8
0
 10
31.32
 20
43.532
 11
26.28
 21
43.532
  0
LINE
  8
0
 10
69.48
 20
43.532
 11
69.48
 21
43.54
  0
LINE
  8
0
 10
69.48
 20
43.54
 11
74.52
 21
43.54
  0
LINE
  8
0
 10
74.52
 20
43.54
 11
74.52
 21
43.532
  0
LINE
  8
0
 10
74.52
 20
43.532
 11
69.48
 21
43.532
  0
LINE
  8
0
 10
40.68
 20
43.532
 11
40.68
 21
43.54
  0
LINE
  8
0
 10
40.68
 20
43.54
 11
45.72
 21
43.54
  0
LINE
  8
0
 10
45.72
 20
43.54
 11
45.72
 21
43.532
  0
LINE
  8
0
 10
45.72
 20
43.532
 11
40.68
 21
43.532
  0
LINE
  8
0
 10
-2.51999
 20
43.5
 11
-2.51999
 21
43.508
  0
LINE
  8
0
 10
-2.51999
 20
43.508
 11
2.51999
 21
43.508
  0
LINE
  8
0
 10
2.51999
 20
43.508
 11
2.51999
 21
43.5
  0
LINE
  8
0
 10
2.51999
 20
43.5
 11
-2.51999
 21
43.5
  0
LINE
  8
0
 10
55.08
 20
43.5
 11
55.08
 21
43.508
  0
LINE
  8
0
 10
55.08
 20
43.508
 11
60.12
 21
43.508
  0
LINE
  8
0
 10
60.12
 20
43.508
 11
60.12
 21
43.5
  0
LINE
  8
0
 10
60.12
 20
43.5
 11
55.08
 21
43.5
  0
LINE
  8
0
 10
26.28
 20
43.5
 11
26.28
 21
43.508
  0
LINE
  8
0
 10
26.28
 20
43.508
 11
31.32
 21
43.508
  0
LINE
  8
0
 10
31.32
 20
43.508
 11
31.32
 21
43.5
  0
LINE
  8
0
 10
31.32
 20
43.5
 11
26.28
 21
43.5
  0
LINE
  8
0
 10
40.68
 20
43.5
 11
40.68
 21
43.508
  0
LINE
  8
0
 10
40.68
 20
43.508
 11
45.72
 21
43.508
  0
LINE
  8
0
 10
45.72
 20
43.508
 11
45.72
 21
43.5
  0
LINE
  8
0
 10
45.72
 20
43.5
 11
40.68
 21
43.5
  0
LINE
  8
0
 10
69.48
 20
43.5
 11
69.48
 21
43.508
  0
LINE
  8
0
 10
69.48
 20
43.508
 11
74.52
 21
43.508
  0
LINE
  8
0
 10
74.52
 20
43.508
 11
74.52
 21
43.5
  0
LINE
  8
0
 10
74.52
 20
43.5
 11
69.48
 21
43.5
  0
LINE
  8
0
 10
11.88
 20
43.5
 11
11.88
 21
43.508
  0
LINE
  8
0
 10
11.88
 20
43.508
 11
16.92
 21
43.508
  0
LINE
  8
0
 10
16.92
 20
43.508
 11
16.92
 21
43.5
  0
LINE
  8
0
 10
16.92
 20
43.5
 11
11.88
 21
43.5
  0
LINE
  8
0
 10
40.68
 20
43.468
 11
40.68
 21
43.476
  0
LINE
  8
0
 10
40.68
 20
43.476
 11
45.72
 21
43.476
  0
LINE
  8
0
 10
45.72
 20
43.476
 11
45.72
 21
43.468
  0
LINE
  8
0
 10
45.72
 20
43.468
 11
40.68
 21
43.468
  0
LINE
  8
0
 10
11.88
 20
43.468
 11
11.88
 21
43.476
  0
LINE
  8
0
 10
11.88
 20
43.476
 11
16.92
 21
43.476
  0
LINE
  8
0
 10
16.92
 20
43.476
 11
16.92
 21
43.468
  0
LINE
  8
0
 10
16.92
 20
43.468
 11
11.88
 21
43.468
  0
LINE
  8
0
 10
-2.51999
 20
43.468
 11
-2.51999
 21
43.476
  0
LINE
  8
0
 10
-2.51999
 20
43.476
 11
2.51999
 21
43.476
  0
LINE
  8
0
 10
2.51999
 20
43.476
 11
2.51999
 21
43.468
  0
LINE
  8
0
 10
2.51999
 20
43.468
 11
-2.51999
 21
43.468
  0
LINE
  8
0
 10
55.08
 20
43.468
 11
55.08
 21
43.476
  0
LINE
  8
0
 10
55.08
 20
43.476
 11
60.12
 21
43.476
  0
LINE
  8
0
 10
60.12
 20
43.476
 11
60.12
 21
43.468
  0
LINE
  8
0
 10
60.12
 20
43.468
 11
55.08
 21
43.468
  0
LINE
  8
0
 10
26.28
 20
43.468
 11
26.28
 21
43.476
  0
LINE
  8
0
 10
26.28
 20
43.476
 11
31.32
 21
43.476
  0
LINE
  8
0
 10
31.32
 20
43.476
 11
31.32
 21
43.468
  0
LINE
  8
0
 10
31.32
 20
43.468
 11
26.28
 21
43.468
  0
LINE
  8
0
 10
69.48
 20
43.468
 11
69.48
 21
43.476
  0
LINE
  8
0
 10
69.48
 20
43.476
 11
74.52
 21
43.476
  0
LINE
  8
0
 10
74.52
 20
43.476
 11
74.52
 21
43.468
  0
LINE
  8
0
 10
74.52
 20
43.468
 11
69.48
 21
43.468
  0
LINE
  8
0
 10
11.88
 20
43.436
 11
11.88
 21
43.444
  0
LINE
  8
0
 10
11.88
 20
43.444
 11
16.92
 21
43.444
  0
LINE
  8
0
 10
16.92
 20
43.444
 11
16.92
 21
43.436
  0
LINE
  8
0
 10
16.92
 20
43.436
 11
11.88
 21
43.436
  0
LINE
  8
0
 10
26.28
 20
43.436
 11
26.28
 21
43.444
  0
LINE
  8
0
 10
26.28
 20
43.444
 11
31.32
 21
43.444
  0
LINE
  8
0
 10
31.32
 20
43.444
 11
31.32
 21
43.436
  0
LINE
  8
0
 10
31.32
 20
43.436
 11
26.28
 21
43.436
  0
LINE
  8
0
 10
40.68
 20
43.436
 11
40.68
 21
43.444
  0
LINE
  8
0
 10
40.68
 20
43.444
 11
45.72
 21
43.444
  0
LINE
  8
0
 10
45.72
 20
43.444
 11
45.72
 21
43.436
  0
LINE
  8
0
 10
45.72
 20
43.436
 11
40.68
 21
43.436
  0
LINE
  8
0
 10
-2.51999
 20
43.436
 11
-2.51999
 21
43.444
  0
LINE
  8
0
 10
-2.51999
 20
43.444
 11
2.51999
 21
43.444
  0
LINE
  8
0
 10
2.51999
 20
43.444
 11
2.51999
 21
43.436
  0
LINE
  8
0
 10
2.51999
 20
43.436
 11
-2.51999
 21
43.436
  0
LINE
  8
0
 10
69.48
 20
43.436
 11
69.48
 21
43.444
  0
LINE
  8
0
 10
69.48
 20
43.444
 11
74.52
 21
43.444
  0
LINE
  8
0
 10
74.52
 20
43.444
 11
74.52
 21
43.436
  0
LINE
  8
0
 10
74.52
 20
43.436
 11
69.48
 21
43.436
  0
LINE
  8
0
 10
55.08
 20
43.436
 11
55.08
 21
43.444
  0
LINE
  8
0
 10
55.08
 20
43.444
 11
60.12
 21
43.444
  0
LINE
  8
0
 10
60.12
 20
43.444
 11
60.12
 21
43.436
  0
LINE
  8
0
 10
60.12
 20
43.436
 11
55.08
 21
43.436
  0
LINE
  8
0
 10
40.68
 20
43.404
 11
40.68
 21
43.412
  0
LINE
  8
0
 10
40.68
 20
43.412
 11
45.72
 21
43.412
  0
LINE
  8
0
 10
45.72
 20
43.412
 11
45.72
 21
43.404
  0
LINE
  8
0
 10
45.72
 20
43.404
 11
40.68
 21
43.404
  0
LINE
  8
0
 10
-2.51999
 20
43.404
 11
-2.51999
 21
43.412
  0
LINE
  8
0
 10
-2.51999
 20
43.412
 11
2.51999
 21
43.412
  0
LINE
  8
0
 10
2.51999
 20
43.412
 11
2.51999
 21
43.404
  0
LINE
  8
0
 10
2.51999
 20
43.404
 11
-2.51999
 21
43.404
  0
LINE
  8
0
 10
26.28
 20
43.404
 11
26.28
 21
43.412
  0
LINE
  8
0
 10
26.28
 20
43.412
 11
31.32
 21
43.412
  0
LINE
  8
0
 10
31.32
 20
43.412
 11
31.32
 21
43.404
  0
LINE
  8
0
 10
31.32
 20
43.404
 11
26.28
 21
43.404
  0
LINE
  8
0
 10
69.48
 20
43.404
 11
69.48
 21
43.412
  0
LINE
  8
0
 10
69.48
 20
43.412
 11
74.52
 21
43.412
  0
LINE
  8
0
 10
74.52
 20
43.412
 11
74.52
 21
43.404
  0
LINE
  8
0
 10
74.52
 20
43.404
 11
69.48
 21
43.404
  0
LINE
  8
0
 10
11.88
 20
43.404
 11
11.88
 21
43.412
  0
LINE
  8
0
 10
11.88
 20
43.412
 11
16.92
 21
43.412
  0
LINE
  8
0
 10
16.92
 20
43.412
 11
16.92
 21
43.404
  0
LINE
  8
0
 10
16.92
 20
43.404
 11
11.88
 21
43.404
  0
LINE
  8
0
 10
55.08
 20
43.404
 11
55.08
 21
43.412
  0
LINE
  8
0
 10
55.08
 20
43.412
 11
60.12
 21
43.412
  0
LINE
  8
0
 10
60.12
 20
43.412
 11
60.12
 21
43.404
  0
LINE
  8
0
 10
60.12
 20
43.404
 11
55.08
 21
43.404
  0
LINE
  8
0
 10
40.68
 20
43.372
 11
40.68
 21
43.38
  0
LINE
  8
0
 10
40.68
 20
43.38
 11
45.72
 21
43.38
  0
LINE
  8
0
 10
45.72
 20
43.38
 11
45.72
 21
43.372
  0
LINE
  8
0
 10
45.72
 20
43.372
 11
40.68
 21
43.372
  0
LINE
  8
0
 10
26.28
 20
43.372
 11
26.28
 21
43.38
  0
LINE
  8
0
 10
26.28
 20
43.38
 11
31.32
 21
43.38
  0
LINE
  8
0
 10
31.32
 20
43.38
 11
31.32
 21
43.372
  0
LINE
  8
0
 10
31.32
 20
43.372
 11
26.28
 21
43.372
  0
LINE
  8
0
 10
55.08
 20
43.372
 11
55.08
 21
43.38
  0
LINE
  8
0
 10
55.08
 20
43.38
 11
60.12
 21
43.38
  0
LINE
  8
0
 10
60.12
 20
43.38
 11
60.12
 21
43.372
  0
LINE
  8
0
 10
60.12
 20
43.372
 11
55.08
 21
43.372
  0
LINE
  8
0
 10
69.48
 20
43.372
 11
69.48
 21
43.38
  0
LINE
  8
0
 10
69.48
 20
43.38
 11
74.52
 21
43.38
  0
LINE
  8
0
 10
74.52
 20
43.38
 11
74.52
 21
43.372
  0
LINE
  8
0
 10
74.52
 20
43.372
 11
69.48
 21
43.372
  0
LINE
  8
0
 10
-2.51999
 20
43.372
 11
-2.51999
 21
43.38
  0
LINE
  8
0
 10
-2.51999
 20
43.38
 11
2.51999
 21
43.38
  0
LINE
  8
0
 10
2.51999
 20
43.38
 11
2.51999
 21
43.372
  0
LINE
  8
0
 10
2.51999
 20
43.372
 11
-2.51999
 21
43.372
  0
LINE
  8
0
 10
11.88
 20
43.372
 11
11.88
 21
43.38
  0
LINE
  8
0
 10
11.88
 20
43.38
 11
16.92
 21
43.38
  0
LINE
  8
0
 10
16.92
 20
43.38
 11
16.92
 21
43.372
  0
LINE
  8
0
 10
16.92
 20
43.372
 11
11.88
 21
43.372
  0
LINE
  8
0
 10
26.28
 20
43.34
 11
26.28
 21
43.348
  0
LINE
  8
0
 10
26.28
 20
43.348
 11
31.32
 21
43.348
  0
LINE
  8
0
 10
31.32
 20
43.348
 11
31.32
 21
43.34
  0
LINE
  8
0
 10
31.32
 20
43.34
 11
26.28
 21
43.34
  0
LINE
  8
0
 10
69.48
 20
43.34
 11
69.48
 21
43.348
  0
LINE
  8
0
 10
69.48
 20
43.348
 11
74.52
 21
43.348
  0
LINE
  8
0
 10
74.52
 20
43.348
 11
74.52
 21
43.34
  0
LINE
  8
0
 10
74.52
 20
43.34
 11
69.48
 21
43.34
  0
LINE
  8
0
 10
55.08
 20
43.34
 11
55.08
 21
43.348
  0
LINE
  8
0
 10
55.08
 20
43.348
 11
60.12
 21
43.348
  0
LINE
  8
0
 10
60.12
 20
43.348
 11
60.12
 21
43.34
  0
LINE
  8
0
 10
60.12
 20
43.34
 11
55.08
 21
43.34
  0
LINE
  8
0
 10
-2.51999
 20
43.34
 11
-2.51999
 21
43.348
  0
LINE
  8
0
 10
-2.51999
 20
43.348
 11
2.51999
 21
43.348
  0
LINE
  8
0
 10
2.51999
 20
43.348
 11
2.51999
 21
43.34
  0
LINE
  8
0
 10
2.51999
 20
43.34
 11
-2.51999
 21
43.34
  0
LINE
  8
0
 10
40.68
 20
43.34
 11
40.68
 21
43.348
  0
LINE
  8
0
 10
40.68
 20
43.348
 11
45.72
 21
43.348
  0
LINE
  8
0
 10
45.72
 20
43.348
 11
45.72
 21
43.34
  0
LINE
  8
0
 10
45.72
 20
43.34
 11
40.68
 21
43.34
  0
LINE
  8
0
 10
11.88
 20
43.34
 11
11.88
 21
43.348
  0
LINE
  8
0
 10
11.88
 20
43.348
 11
16.92
 21
43.348
  0
LINE
  8
0
 10
16.92
 20
43.348
 11
16.92
 21
43.34
  0
LINE
  8
0
 10
16.92
 20
43.34
 11
11.88
 21
43.34
  0
LINE
  8
0
 10
55.08
 20
43.308
 11
55.08
 21
43.316
  0
LINE
  8
0
 10
55.08
 20
43.316
 11
60.12
 21
43.316
  0
LINE
  8
0
 10
60.12
 20
43.316
 11
60.12
 21
43.308
  0
LINE
  8
0
 10
60.12
 20
43.308
 11
55.08
 21
43.308
  0
LINE
  8
0
 10
40.68
 20
43.308
 11
40.68
 21
43.316
  0
LINE
  8
0
 10
40.68
 20
43.316
 11
45.72
 21
43.316
  0
LINE
  8
0
 10
45.72
 20
43.316
 11
45.72
 21
43.308
  0
LINE
  8
0
 10
45.72
 20
43.308
 11
40.68
 21
43.308
  0
LINE
  8
0
 10
69.48
 20
43.308
 11
69.48
 21
43.316
  0
LINE
  8
0
 10
69.48
 20
43.316
 11
74.52
 21
43.316
  0
LINE
  8
0
 10
74.52
 20
43.316
 11
74.52
 21
43.308
  0
LINE
  8
0
 10
74.52
 20
43.308
 11
69.48
 21
43.308
  0
LINE
  8
0
 10
11.88
 20
43.308
 11
11.88
 21
43.316
  0
LINE
  8
0
 10
11.88
 20
43.316
 11
16.92
 21
43.316
  0
LINE
  8
0
 10
16.92
 20
43.316
 11
16.92
 21
43.308
  0
LINE
  8
0
 10
16.92
 20
43.308
 11
11.88
 21
43.308
  0
LINE
  8
0
 10
-2.51999
 20
43.308
 11
-2.51999
 21
43.316
  0
LINE
  8
0
 10
-2.51999
 20
43.316
 11
2.51999
 21
43.316
  0
LINE
  8
0
 10
2.51999
 20
43.316
 11
2.51999
 21
43.308
  0
LINE
  8
0
 10
2.51999
 20
43.308
 11
-2.51999
 21
43.308
  0
LINE
  8
0
 10
26.28
 20
43.308
 11
26.28
 21
43.316
  0
LINE
  8
0
 10
26.28
 20
43.316
 11
31.32
 21
43.316
  0
LINE
  8
0
 10
31.32
 20
43.316
 11
31.32
 21
43.308
  0
LINE
  8
0
 10
31.32
 20
43.308
 11
26.28
 21
43.308
  0
LINE
  8
0
 10
11.88
 20
43.276
 11
11.88
 21
43.284
  0
LINE
  8
0
 10
11.88
 20
43.284
 11
16.92
 21
43.284
  0
LINE
  8
0
 10
16.92
 20
43.284
 11
16.92
 21
43.276
  0
LINE
  8
0
 10
16.92
 20
43.276
 11
11.88
 21
43.276
  0
LINE
  8
0
 10
26.28
 20
43.276
 11
26.28
 21
43.284
  0
LINE
  8
0
 10
26.28
 20
43.284
 11
31.32
 21
43.284
  0
LINE
  8
0
 10
31.32
 20
43.284
 11
31.32
 21
43.276
  0
LINE
  8
0
 10
31.32
 20
43.276
 11
26.28
 21
43.276
  0
LINE
  8
0
 10
69.48
 20
43.276
 11
69.48
 21
43.284
  0
LINE
  8
0
 10
69.48
 20
43.284
 11
74.52
 21
43.284
  0
LINE
  8
0
 10
74.52
 20
43.284
 11
74.52
 21
43.276
  0
LINE
  8
0
 10
74.52
 20
43.276
 11
69.48
 21
43.276
  0
LINE
  8
0
 10
40.68
 20
43.276
 11
40.68
 21
43.284
  0
LINE
  8
0
 10
40.68
 20
43.284
 11
45.72
 21
43.284
  0
LINE
  8
0
 10
45.72
 20
43.284
 11
45.72
 21
43.276
  0
LINE
  8
0
 10
45.72
 20
43.276
 11
40.68
 21
43.276
  0
LINE
  8
0
 10
-2.51999
 20
43.276
 11
-2.51999
 21
43.284
  0
LINE
  8
0
 10
-2.51999
 20
43.284
 11
2.51999
 21
43.284
  0
LINE
  8
0
 10
2.51999
 20
43.284
 11
2.51999
 21
43.276
  0
LINE
  8
0
 10
2.51999
 20
43.276
 11
-2.51999
 21
43.276
  0
LINE
  8
0
 10
55.08
 20
43.276
 11
55.08
 21
43.284
  0
LINE
  8
0
 10
55.08
 20
43.284
 11
60.12
 21
43.284
  0
LINE
  8
0
 10
60.12
 20
43.284
 11
60.12
 21
43.276
  0
LINE
  8
0
 10
60.12
 20
43.276
 11
55.08
 21
43.276
  0
LINE
  8
0
 10
11.88
 20
43.244
 11
11.88
 21
43.252
  0
LINE
  8
0
 10
11.88
 20
43.252
 11
16.92
 21
43.252
  0
LINE
  8
0
 10
16.92
 20
43.252
 11
16.92
 21
43.244
  0
LINE
  8
0
 10
16.92
 20
43.244
 11
11.88
 21
43.244
  0
LINE
  8
0
 10
-2.51999
 20
43.244
 11
-2.51999
 21
43.252
  0
LINE
  8
0
 10
-2.51999
 20
43.252
 11
2.51999
 21
43.252
  0
LINE
  8
0
 10
2.51999
 20
43.252
 11
2.51999
 21
43.244
  0
LINE
  8
0
 10
2.51999
 20
43.244
 11
-2.51999
 21
43.244
  0
LINE
  8
0
 10
55.08
 20
43.244
 11
55.08
 21
43.252
  0
LINE
  8
0
 10
55.08
 20
43.252
 11
60.12
 21
43.252
  0
LINE
  8
0
 10
60.12
 20
43.252
 11
60.12
 21
43.244
  0
LINE
  8
0
 10
60.12
 20
43.244
 11
55.08
 21
43.244
  0
LINE
  8
0
 10
26.28
 20
43.244
 11
26.28
 21
43.252
  0
LINE
  8
0
 10
26.28
 20
43.252
 11
31.32
 21
43.252
  0
LINE
  8
0
 10
31.32
 20
43.252
 11
31.32
 21
43.244
  0
LINE
  8
0
 10
31.32
 20
43.244
 11
26.28
 21
43.244
  0
LINE
  8
0
 10
69.48
 20
43.244
 11
69.48
 21
43.252
  0
LINE
  8
0
 10
69.48
 20
43.252
 11
74.52
 21
43.252
  0
LINE
  8
0
 10
74.52
 20
43.252
 11
74.52
 21
43.244
  0
LINE
  8
0
 10
74.52
 20
43.244
 11
69.48
 21
43.244
  0
LINE
  8
0
 10
40.68
 20
43.244
 11
40.68
 21
43.252
  0
LINE
  8
0
 10
40.68
 20
43.252
 11
45.72
 21
43.252
  0
LINE
  8
0
 10
45.72
 20
43.252
 11
45.72
 21
43.244
  0
LINE
  8
0
 10
45.72
 20
43.244
 11
40.68
 21
43.244
  0
LINE
  8
0
 10
11.88
 20
43.212
 11
11.88
 21
43.22
  0
LINE
  8
0
 10
11.88
 20
43.22
 11
16.92
 21
43.22
  0
LINE
  8
0
 10
16.92
 20
43.22
 11
16.92
 21
43.212
  0
LINE
  8
0
 10
16.92
 20
43.212
 11
11.88
 21
43.212
  0
LINE
  8
0
 10
40.68
 20
43.212
 11
40.68
 21
43.22
  0
LINE
  8
0
 10
40.68
 20
43.22
 11
45.72
 21
43.22
  0
LINE
  8
0
 10
45.72
 20
43.22
 11
45.72
 21
43.212
  0
LINE
  8
0
 10
45.72
 20
43.212
 11
40.68
 21
43.212
  0
LINE
  8
0
 10
-2.51999
 20
43.212
 11
-2.51999
 21
43.22
  0
LINE
  8
0
 10
-2.51999
 20
43.22
 11
2.51999
 21
43.22
  0
LINE
  8
0
 10
2.51999
 20
43.22
 11
2.51999
 21
43.212
  0
LINE
  8
0
 10
2.51999
 20
43.212
 11
-2.51999
 21
43.212
  0
LINE
  8
0
 10
55.08
 20
43.212
 11
55.08
 21
43.22
  0
LINE
  8
0
 10
55.08
 20
43.22
 11
60.12
 21
43.22
  0
LINE
  8
0
 10
60.12
 20
43.22
 11
60.12
 21
43.212
  0
LINE
  8
0
 10
60.12
 20
43.212
 11
55.08
 21
43.212
  0
LINE
  8
0
 10
26.28
 20
43.212
 11
26.28
 21
43.22
  0
LINE
  8
0
 10
26.28
 20
43.22
 11
31.32
 21
43.22
  0
LINE
  8
0
 10
31.32
 20
43.22
 11
31.32
 21
43.212
  0
LINE
  8
0
 10
31.32
 20
43.212
 11
26.28
 21
43.212
  0
LINE
  8
0
 10
69.48
 20
43.212
 11
69.48
 21
43.22
  0
LINE
  8
0
 10
69.48
 20
43.22
 11
74.52
 21
43.22
  0
LINE
  8
0
 10
74.52
 20
43.22
 11
74.52
 21
43.212
  0
LINE
  8
0
 10
74.52
 20
43.212
 11
69.48
 21
43.212
  0
LINE
  8
0
 10
40.68
 20
43.18
 11
40.68
 21
43.188
  0
LINE
  8
0
 10
40.68
 20
43.188
 11
45.72
 21
43.188
  0
LINE
  8
0
 10
45.72
 20
43.188
 11
45.72
 21
43.18
  0
LINE
  8
0
 10
45.72
 20
43.18
 11
40.68
 21
43.18
  0
LINE
  8
0
 10
-2.51999
 20
43.18
 11
-2.51999
 21
43.188
  0
LINE
  8
0
 10
-2.51999
 20
43.188
 11
2.51999
 21
43.188
  0
LINE
  8
0
 10
2.51999
 20
43.188
 11
2.51999
 21
43.18
  0
LINE
  8
0
 10
2.51999
 20
43.18
 11
-2.51999
 21
43.18
  0
LINE
  8
0
 10
55.08
 20
43.18
 11
55.08
 21
43.188
  0
LINE
  8
0
 10
55.08
 20
43.188
 11
60.12
 21
43.188
  0
LINE
  8
0
 10
60.12
 20
43.188
 11
60.12
 21
43.18
  0
LINE
  8
0
 10
60.12
 20
43.18
 11
55.08
 21
43.18
  0
LINE
  8
0
 10
26.28
 20
43.18
 11
26.28
 21
43.188
  0
LINE
  8
0
 10
26.28
 20
43.188
 11
31.32
 21
43.188
  0
LINE
  8
0
 10
31.32
 20
43.188
 11
31.32
 21
43.18
  0
LINE
  8
0
 10
31.32
 20
43.18
 11
26.28
 21
43.18
  0
LINE
  8
0
 10
11.88
 20
43.18
 11
11.88
 21
43.188
  0
LINE
  8
0
 10
11.88
 20
43.188
 11
16.92
 21
43.188
  0
LINE
  8
0
 10
16.92
 20
43.188
 11
16.92
 21
43.18
  0
LINE
  8
0
 10
16.92
 20
43.18
 11
11.88
 21
43.18
  0
LINE
  8
0
 10
69.48
 20
43.18
 11
69.48
 21
43.188
  0
LINE
  8
0
 10
69.48
 20
43.188
 11
74.52
 21
43.188
  0
LINE
  8
0
 10
74.52
 20
43.188
 11
74.52
 21
43.18
  0
LINE
  8
0
 10
74.52
 20
43.18
 11
69.48
 21
43.18
  0
LINE
  8
0
 10
11.88
 20
43.148
 11
11.88
 21
43.156
  0
LINE
  8
0
 10
11.88
 20
43.156
 11
16.92
 21
43.156
  0
LINE
  8
0
 10
16.92
 20
43.156
 11
16.92
 21
43.148
  0
LINE
  8
0
 10
16.92
 20
43.148
 11
11.88
 21
43.148
  0
LINE
  8
0
 10
26.28
 20
43.148
 11
26.28
 21
43.156
  0
LINE
  8
0
 10
26.28
 20
43.156
 11
31.32
 21
43.156
  0
LINE
  8
0
 10
31.32
 20
43.156
 11
31.32
 21
43.148
  0
LINE
  8
0
 10
31.32
 20
43.148
 11
26.28
 21
43.148
  0
LINE
  8
0
 10
40.68
 20
43.148
 11
40.68
 21
43.156
  0
LINE
  8
0
 10
40.68
 20
43.156
 11
45.72
 21
43.156
  0
LINE
  8
0
 10
45.72
 20
43.156
 11
45.72
 21
43.148
  0
LINE
  8
0
 10
45.72
 20
43.148
 11
40.68
 21
43.148
  0
LINE
  8
0
 10
-2.51999
 20
43.148
 11
-2.51999
 21
43.156
  0
LINE
  8
0
 10
-2.51999
 20
43.156
 11
2.51999
 21
43.156
  0
LINE
  8
0
 10
2.51999
 20
43.156
 11
2.51999
 21
43.148
  0
LINE
  8
0
 10
2.51999
 20
43.148
 11
-2.51999
 21
43.148
  0
LINE
  8
0
 10
55.08
 20
43.148
 11
55.08
 21
43.156
  0
LINE
  8
0
 10
55.08
 20
43.156
 11
60.12
 21
43.156
  0
LINE
  8
0
 10
60.12
 20
43.156
 11
60.12
 21
43.148
  0
LINE
  8
0
 10
60.12
 20
43.148
 11
55.08
 21
43.148
  0
LINE
  8
0
 10
69.48
 20
43.148
 11
69.48
 21
43.156
  0
LINE
  8
0
 10
69.48
 20
43.156
 11
74.52
 21
43.156
  0
LINE
  8
0
 10
74.52
 20
43.156
 11
74.52
 21
43.148
  0
LINE
  8
0
 10
74.52
 20
43.148
 11
69.48
 21
43.148
  0
LINE
  8
0
 10
69.48
 20
43.116
 11
69.48
 21
43.124
  0
LINE
  8
0
 10
69.48
 20
43.124
 11
74.52
 21
43.124
  0
LINE
  8
0
 10
74.52
 20
43.124
 11
74.52
 21
43.116
  0
LINE
  8
0
 10
74.52
 20
43.116
 11
69.48
 21
43.116
  0
LINE
  8
0
 10
-2.51999
 20
43.116
 11
-2.51999
 21
43.124
  0
LINE
  8
0
 10
-2.51999
 20
43.124
 11
2.51999
 21
43.124
  0
LINE
  8
0
 10
2.51999
 20
43.124
 11
2.51999
 21
43.116
  0
LINE
  8
0
 10
2.51999
 20
43.116
 11
-2.51999
 21
43.116
  0
LINE
  8
0
 10
40.68
 20
43.116
 11
40.68
 21
43.124
  0
LINE
  8
0
 10
40.68
 20
43.124
 11
45.72
 21
43.124
  0
LINE
  8
0
 10
45.72
 20
43.124
 11
45.72
 21
43.116
  0
LINE
  8
0
 10
45.72
 20
43.116
 11
40.68
 21
43.116
  0
LINE
  8
0
 10
55.08
 20
43.116
 11
55.08
 21
43.124
  0
LINE
  8
0
 10
55.08
 20
43.124
 11
60.12
 21
43.124
  0
LINE
  8
0
 10
60.12
 20
43.124
 11
60.12
 21
43.116
  0
LINE
  8
0
 10
60.12
 20
43.116
 11
55.08
 21
43.116
  0
LINE
  8
0
 10
26.28
 20
43.116
 11
26.28
 21
43.124
  0
LINE
  8
0
 10
26.28
 20
43.124
 11
31.32
 21
43.124
  0
LINE
  8
0
 10
31.32
 20
43.124
 11
31.32
 21
43.116
  0
LINE
  8
0
 10
31.32
 20
43.116
 11
26.28
 21
43.116
  0
LINE
  8
0
 10
11.88
 20
43.116
 11
11.88
 21
43.124
  0
LINE
  8
0
 10
11.88
 20
43.124
 11
16.92
 21
43.124
  0
LINE
  8
0
 10
16.92
 20
43.124
 11
16.92
 21
43.116
  0
LINE
  8
0
 10
16.92
 20
43.116
 11
11.88
 21
43.116
  0
LINE
  8
0
 10
26.28
 20
43.084
 11
26.28
 21
43.092
  0
LINE
  8
0
 10
26.28
 20
43.092
 11
31.32
 21
43.092
  0
LINE
  8
0
 10
31.32
 20
43.092
 11
31.32
 21
43.084
  0
LINE
  8
0
 10
31.32
 20
43.084
 11
26.28
 21
43.084
  0
LINE
  8
0
 10
11.88
 20
43.084
 11
11.88
 21
43.092
  0
LINE
  8
0
 10
11.88
 20
43.092
 11
16.92
 21
43.092
  0
LINE
  8
0
 10
16.92
 20
43.092
 11
16.92
 21
43.084
  0
LINE
  8
0
 10
16.92
 20
43.084
 11
11.88
 21
43.084
  0
LINE
  8
0
 10
69.48
 20
43.084
 11
69.48
 21
43.092
  0
LINE
  8
0
 10
69.48
 20
43.092
 11
74.52
 21
43.092
  0
LINE
  8
0
 10
74.52
 20
43.092
 11
74.52
 21
43.084
  0
LINE
  8
0
 10
74.52
 20
43.084
 11
69.48
 21
43.084
  0
LINE
  8
0
 10
40.68
 20
43.084
 11
40.68
 21
43.092
  0
LINE
  8
0
 10
40.68
 20
43.092
 11
45.72
 21
43.092
  0
LINE
  8
0
 10
45.72
 20
43.092
 11
45.72
 21
43.084
  0
LINE
  8
0
 10
45.72
 20
43.084
 11
40.68
 21
43.084
  0
LINE
  8
0
 10
-2.51999
 20
43.084
 11
-2.51999
 21
43.092
  0
LINE
  8
0
 10
-2.51999
 20
43.092
 11
2.51999
 21
43.092
  0
LINE
  8
0
 10
2.51999
 20
43.092
 11
2.51999
 21
43.084
  0
LINE
  8
0
 10
2.51999
 20
43.084
 11
-2.51999
 21
43.084
  0
LINE
  8
0
 10
55.08
 20
43.084
 11
55.08
 21
43.092
  0
LINE
  8
0
 10
55.08
 20
43.092
 11
60.12
 21
43.092
  0
LINE
  8
0
 10
60.12
 20
43.092
 11
60.12
 21
43.084
  0
LINE
  8
0
 10
60.12
 20
43.084
 11
55.08
 21
43.084
  0
LINE
  8
0
 10
26.28
 20
43.052
 11
26.28
 21
43.06
  0
LINE
  8
0
 10
26.28
 20
43.06
 11
31.32
 21
43.06
  0
LINE
  8
0
 10
31.32
 20
43.06
 11
31.32
 21
43.052
  0
LINE
  8
0
 10
31.32
 20
43.052
 11
26.28
 21
43.052
  0
LINE
  8
0
 10
40.68
 20
43.052
 11
40.68
 21
43.06
  0
LINE
  8
0
 10
40.68
 20
43.06
 11
45.72
 21
43.06
  0
LINE
  8
0
 10
45.72
 20
43.06
 11
45.72
 21
43.052
  0
LINE
  8
0
 10
45.72
 20
43.052
 11
40.68
 21
43.052
  0
LINE
  8
0
 10
55.08
 20
43.052
 11
55.08
 21
43.06
  0
LINE
  8
0
 10
55.08
 20
43.06
 11
60.12
 21
43.06
  0
LINE
  8
0
 10
60.12
 20
43.06
 11
60.12
 21
43.052
  0
LINE
  8
0
 10
60.12
 20
43.052
 11
55.08
 21
43.052
  0
LINE
  8
0
 10
-2.51999
 20
43.052
 11
-2.51999
 21
43.06
  0
LINE
  8
0
 10
-2.51999
 20
43.06
 11
2.51999
 21
43.06
  0
LINE
  8
0
 10
2.51999
 20
43.06
 11
2.51999
 21
43.052
  0
LINE
  8
0
 10
2.51999
 20
43.052
 11
-2.51999
 21
43.052
  0
LINE
  8
0
 10
69.48
 20
43.052
 11
69.48
 21
43.06
  0
LINE
  8
0
 10
69.48
 20
43.06
 11
74.52
 21
43.06
  0
LINE
  8
0
 10
74.52
 20
43.06
 11
74.52
 21
43.052
  0
LINE
  8
0
 10
74.52
 20
43.052
 11
69.48
 21
43.052
  0
LINE
  8
0
 10
11.88
 20
43.052
 11
11.88
 21
43.06
  0
LINE
  8
0
 10
11.88
 20
43.06
 11
16.92
 21
43.06
  0
LINE
  8
0
 10
16.92
 20
43.06
 11
16.92
 21
43.052
  0
LINE
  8
0
 10
16.92
 20
43.052
 11
11.88
 21
43.052
  0
LINE
  8
0
 10
26.28
 20
43.02
 11
26.28
 21
43.028
  0
LINE
  8
0
 10
26.28
 20
43.028
 11
31.32
 21
43.028
  0
LINE
  8
0
 10
31.32
 20
43.028
 11
31.32
 21
43.02
  0
LINE
  8
0
 10
31.32
 20
43.02
 11
26.28
 21
43.02
  0
LINE
  8
0
 10
69.48
 20
43.02
 11
69.48
 21
43.028
  0
LINE
  8
0
 10
69.48
 20
43.028
 11
74.52
 21
43.028
  0
LINE
  8
0
 10
74.52
 20
43.028
 11
74.52
 21
43.02
  0
LINE
  8
0
 10
74.52
 20
43.02
 11
69.48
 21
43.02
  0
LINE
  8
0
 10
-2.51999
 20
43.02
 11
-2.51999
 21
43.028
  0
LINE
  8
0
 10
-2.51999
 20
43.028
 11
2.51999
 21
43.028
  0
LINE
  8
0
 10
2.51999
 20
43.028
 11
2.51999
 21
43.02
  0
LINE
  8
0
 10
2.51999
 20
43.02
 11
-2.51999
 21
43.02
  0
LINE
  8
0
 10
55.08
 20
43.02
 11
55.08
 21
43.028
  0
LINE
  8
0
 10
55.08
 20
43.028
 11
60.12
 21
43.028
  0
LINE
  8
0
 10
60.12
 20
43.028
 11
60.12
 21
43.02
  0
LINE
  8
0
 10
60.12
 20
43.02
 11
55.08
 21
43.02
  0
LINE
  8
0
 10
40.68
 20
43.02
 11
40.68
 21
43.028
  0
LINE
  8
0
 10
40.68
 20
43.028
 11
45.72
 21
43.028
  0
LINE
  8
0
 10
45.72
 20
43.028
 11
45.72
 21
43.02
  0
LINE
  8
0
 10
45.72
 20
43.02
 11
40.68
 21
43.02
  0
LINE
  8
0
 10
11.88
 20
43.02
 11
11.88
 21
43.028
  0
LINE
  8
0
 10
11.88
 20
43.028
 11
16.92
 21
43.028
  0
LINE
  8
0
 10
16.92
 20
43.028
 11
16.92
 21
43.02
  0
LINE
  8
0
 10
16.92
 20
43.02
 11
11.88
 21
43.02
  0
LINE
  8
0
 10
55.08
 20
42.988
 11
55.08
 21
42.996
  0
LINE
  8
0
 10
55.08
 20
42.996
 11
60.12
 21
42.996
  0
LINE
  8
0
 10
60.12
 20
42.996
 11
60.12
 21
42.988
  0
LINE
  8
0
 10
60.12
 20
42.988
 11
55.08
 21
42.988
  0
LINE
  8
0
 10
40.68
 20
42.988
 11
40.68
 21
42.996
  0
LINE
  8
0
 10
40.68
 20
42.996
 11
45.72
 21
42.996
  0
LINE
  8
0
 10
45.72
 20
42.996
 11
45.72
 21
42.988
  0
LINE
  8
0
 10
45.72
 20
42.988
 11
40.68
 21
42.988
  0
LINE
  8
0
 10
26.28
 20
42.988
 11
26.28
 21
42.996
  0
LINE
  8
0
 10
26.28
 20
42.996
 11
31.32
 21
42.996
  0
LINE
  8
0
 10
31.32
 20
42.996
 11
31.32
 21
42.988
  0
LINE
  8
0
 10
31.32
 20
42.988
 11
26.28
 21
42.988
  0
LINE
  8
0
 10
69.48
 20
42.988
 11
69.48
 21
42.996
  0
LINE
  8
0
 10
69.48
 20
42.996
 11
74.52
 21
42.996
  0
LINE
  8
0
 10
74.52
 20
42.996
 11
74.52
 21
42.988
  0
LINE
  8
0
 10
74.52
 20
42.988
 11
69.48
 21
42.988
  0
LINE
  8
0
 10
-2.51999
 20
42.988
 11
-2.51999
 21
42.996
  0
LINE
  8
0
 10
-2.51999
 20
42.996
 11
2.51999
 21
42.996
  0
LINE
  8
0
 10
2.51999
 20
42.996
 11
2.51999
 21
42.988
  0
LINE
  8
0
 10
2.51999
 20
42.988
 11
-2.51999
 21
42.988
  0
LINE
  8
0
 10
11.88
 20
42.988
 11
11.88
 21
42.996
  0
LINE
  8
0
 10
11.88
 20
42.996
 11
16.92
 21
42.996
  0
LINE
  8
0
 10
16.92
 20
42.996
 11
16.92
 21
42.988
  0
LINE
  8
0
 10
16.92
 20
42.988
 11
11.88
 21
42.988
  0
LINE
  8
0
 10
40.68
 20
42.956
 11
40.68
 21
42.964
  0
LINE
  8
0
 10
40.68
 20
42.964
 11
45.72
 21
42.964
  0
LINE
  8
0
 10
45.72
 20
42.964
 11
45.72
 21
42.956
  0
LINE
  8
0
 10
45.72
 20
42.956
 11
40.68
 21
42.956
  0
LINE
  8
0
 10
55.08
 20
42.956
 11
55.08
 21
42.964
  0
LINE
  8
0
 10
55.08
 20
42.964
 11
60.12
 21
42.964
  0
LINE
  8
0
 10
60.12
 20
42.964
 11
60.12
 21
42.956
  0
LINE
  8
0
 10
60.12
 20
42.956
 11
55.08
 21
42.956
  0
LINE
  8
0
 10
26.28
 20
42.956
 11
26.28
 21
42.964
  0
LINE
  8
0
 10
26.28
 20
42.964
 11
31.32
 21
42.964
  0
LINE
  8
0
 10
31.32
 20
42.964
 11
31.32
 21
42.956
  0
LINE
  8
0
 10
31.32
 20
42.956
 11
26.28
 21
42.956
  0
LINE
  8
0
 10
69.48
 20
42.956
 11
69.48
 21
42.964
  0
LINE
  8
0
 10
69.48
 20
42.964
 11
74.52
 21
42.964
  0
LINE
  8
0
 10
74.52
 20
42.964
 11
74.52
 21
42.956
  0
LINE
  8
0
 10
74.52
 20
42.956
 11
69.48
 21
42.956
  0
LINE
  8
0
 10
-2.51999
 20
42.956
 11
-2.51999
 21
42.964
  0
LINE
  8
0
 10
-2.51999
 20
42.964
 11
2.51999
 21
42.964
  0
LINE
  8
0
 10
2.51999
 20
42.964
 11
2.51999
 21
42.956
  0
LINE
  8
0
 10
2.51999
 20
42.956
 11
-2.51999
 21
42.956
  0
LINE
  8
0
 10
11.88
 20
42.956
 11
11.88
 21
42.964
  0
LINE
  8
0
 10
11.88
 20
42.964
 11
16.92
 21
42.964
  0
LINE
  8
0
 10
16.92
 20
42.964
 11
16.92
 21
42.956
  0
LINE
  8
0
 10
16.92
 20
42.956
 11
11.88
 21
42.956
  0
LINE
  8
0
 10
-2.51999
 20
42.924
 11
-2.51999
 21
42.932
  0
LINE
  8
0
 10
-2.51999
 20
42.932
 11
2.51999
 21
42.932
  0
LINE
  8
0
 10
2.51999
 20
42.932
 11
2.51999
 21
42.924
  0
LINE
  8
0
 10
2.51999
 20
42.924
 11
-2.51999
 21
42.924
  0
LINE
  8
0
 10
40.68
 20
42.924
 11
40.68
 21
42.932
  0
LINE
  8
0
 10
40.68
 20
42.932
 11
45.72
 21
42.932
  0
LINE
  8
0
 10
45.72
 20
42.932
 11
45.72
 21
42.924
  0
LINE
  8
0
 10
45.72
 20
42.924
 11
40.68
 21
42.924
  0
LINE
  8
0
 10
55.08
 20
42.924
 11
55.08
 21
42.932
  0
LINE
  8
0
 10
55.08
 20
42.932
 11
60.12
 21
42.932
  0
LINE
  8
0
 10
60.12
 20
42.932
 11
60.12
 21
42.924
  0
LINE
  8
0
 10
60.12
 20
42.924
 11
55.08
 21
42.924
  0
LINE
  8
0
 10
26.28
 20
42.924
 11
26.28
 21
42.932
  0
LINE
  8
0
 10
26.28
 20
42.932
 11
31.32
 21
42.932
  0
LINE
  8
0
 10
31.32
 20
42.932
 11
31.32
 21
42.924
  0
LINE
  8
0
 10
31.32
 20
42.924
 11
26.28
 21
42.924
  0
LINE
  8
0
 10
11.88
 20
42.924
 11
11.88
 21
42.932
  0
LINE
  8
0
 10
11.88
 20
42.932
 11
16.92
 21
42.932
  0
LINE
  8
0
 10
16.92
 20
42.932
 11
16.92
 21
42.924
  0
LINE
  8
0
 10
16.92
 20
42.924
 11
11.88
 21
42.924
  0
LINE
  8
0
 10
69.48
 20
42.924
 11
69.48
 21
42.932
  0
LINE
  8
0
 10
69.48
 20
42.932
 11
74.52
 21
42.932
  0
LINE
  8
0
 10
74.52
 20
42.932
 11
74.52
 21
42.924
  0
LINE
  8
0
 10
74.52
 20
42.924
 11
69.48
 21
42.924
  0
LINE
  8
0
 10
55.08
 20
42.892
 11
55.08
 21
42.9
  0
LINE
  8
0
 10
55.08
 20
42.9
 11
60.12
 21
42.9
  0
LINE
  8
0
 10
60.12
 20
42.9
 11
60.12
 21
42.892
  0
LINE
  8
0
 10
60.12
 20
42.892
 11
55.08
 21
42.892
  0
LINE
  8
0
 10
69.48
 20
42.892
 11
69.48
 21
42.9
  0
LINE
  8
0
 10
69.48
 20
42.9
 11
74.52
 21
42.9
  0
LINE
  8
0
 10
74.52
 20
42.9
 11
74.52
 21
42.892
  0
LINE
  8
0
 10
74.52
 20
42.892
 11
69.48
 21
42.892
  0
LINE
  8
0
 10
26.28
 20
42.892
 11
26.28
 21
42.9
  0
LINE
  8
0
 10
26.28
 20
42.9
 11
31.32
 21
42.9
  0
LINE
  8
0
 10
31.32
 20
42.9
 11
31.32
 21
42.892
  0
LINE
  8
0
 10
31.32
 20
42.892
 11
26.28
 21
42.892
  0
LINE
  8
0
 10
40.68
 20
42.892
 11
40.68
 21
42.9
  0
LINE
  8
0
 10
40.68
 20
42.9
 11
45.72
 21
42.9
  0
LINE
  8
0
 10
45.72
 20
42.9
 11
45.72
 21
42.892
  0
LINE
  8
0
 10
45.72
 20
42.892
 11
40.68
 21
42.892
  0
LINE
  8
0
 10
11.88
 20
42.892
 11
11.88
 21
42.9
  0
LINE
  8
0
 10
11.88
 20
42.9
 11
16.92
 21
42.9
  0
LINE
  8
0
 10
16.92
 20
42.9
 11
16.92
 21
42.892
  0
LINE
  8
0
 10
16.92
 20
42.892
 11
11.88
 21
42.892
  0
LINE
  8
0
 10
-2.51999
 20
42.892
 11
-2.51999
 21
42.9
  0
LINE
  8
0
 10
-2.51999
 20
42.9
 11
2.51999
 21
42.9
  0
LINE
  8
0
 10
2.51999
 20
42.9
 11
2.51999
 21
42.892
  0
LINE
  8
0
 10
2.51999
 20
42.892
 11
-2.51999
 21
42.892
  0
LINE
  8
0
 10
11.88
 20
42.86
 11
11.88
 21
42.868
  0
LINE
  8
0
 10
11.88
 20
42.868
 11
16.92
 21
42.868
  0
LINE
  8
0
 10
16.92
 20
42.868
 11
16.92
 21
42.86
  0
LINE
  8
0
 10
16.92
 20
42.86
 11
11.88
 21
42.86
  0
LINE
  8
0
 10
-2.51999
 20
42.86
 11
-2.51999
 21
42.868
  0
LINE
  8
0
 10
-2.51999
 20
42.868
 11
2.51999
 21
42.868
  0
LINE
  8
0
 10
2.51999
 20
42.868
 11
2.51999
 21
42.86
  0
LINE
  8
0
 10
2.51999
 20
42.86
 11
-2.51999
 21
42.86
  0
LINE
  8
0
 10
26.28
 20
42.86
 11
26.28
 21
42.868
  0
LINE
  8
0
 10
26.28
 20
42.868
 11
31.32
 21
42.868
  0
LINE
  8
0
 10
31.32
 20
42.868
 11
31.32
 21
42.86
  0
LINE
  8
0
 10
31.32
 20
42.86
 11
26.28
 21
42.86
  0
LINE
  8
0
 10
69.48
 20
42.86
 11
69.48
 21
42.868
  0
LINE
  8
0
 10
69.48
 20
42.868
 11
74.52
 21
42.868
  0
LINE
  8
0
 10
74.52
 20
42.868
 11
74.52
 21
42.86
  0
LINE
  8
0
 10
74.52
 20
42.86
 11
69.48
 21
42.86
  0
LINE
  8
0
 10
40.68
 20
42.86
 11
40.68
 21
42.868
  0
LINE
  8
0
 10
40.68
 20
42.868
 11
45.72
 21
42.868
  0
LINE
  8
0
 10
45.72
 20
42.868
 11
45.72
 21
42.86
  0
LINE
  8
0
 10
45.72
 20
42.86
 11
40.68
 21
42.86
  0
LINE
  8
0
 10
55.08
 20
42.86
 11
55.08
 21
42.868
  0
LINE
  8
0
 10
55.08
 20
42.868
 11
60.12
 21
42.868
  0
LINE
  8
0
 10
60.12
 20
42.868
 11
60.12
 21
42.86
  0
LINE
  8
0
 10
60.12
 20
42.86
 11
55.08
 21
42.86
  0
LINE
  8
0
 10
55.08
 20
42.828
 11
55.08
 21
42.836
  0
LINE
  8
0
 10
55.08
 20
42.836
 11
60.12
 21
42.836
  0
LINE
  8
0
 10
60.12
 20
42.836
 11
60.12
 21
42.828
  0
LINE
  8
0
 10
60.12
 20
42.828
 11
55.08
 21
42.828
  0
LINE
  8
0
 10
40.68
 20
42.828
 11
40.68
 21
42.836
  0
LINE
  8
0
 10
40.68
 20
42.836
 11
45.72
 21
42.836
  0
LINE
  8
0
 10
45.72
 20
42.836
 11
45.72
 21
42.828
  0
LINE
  8
0
 10
45.72
 20
42.828
 11
40.68
 21
42.828
  0
LINE
  8
0
 10
26.28
 20
42.828
 11
26.28
 21
42.836
  0
LINE
  8
0
 10
26.28
 20
42.836
 11
31.32
 21
42.836
  0
LINE
  8
0
 10
31.32
 20
42.836
 11
31.32
 21
42.828
  0
LINE
  8
0
 10
31.32
 20
42.828
 11
26.28
 21
42.828
  0
LINE
  8
0
 10
-2.51999
 20
42.828
 11
-2.51999
 21
42.836
  0
LINE
  8
0
 10
-2.51999
 20
42.836
 11
2.51999
 21
42.836
  0
LINE
  8
0
 10
2.51999
 20
42.836
 11
2.51999
 21
42.828
  0
LINE
  8
0
 10
2.51999
 20
42.828
 11
-2.51999
 21
42.828
  0
LINE
  8
0
 10
69.48
 20
42.828
 11
69.48
 21
42.836
  0
LINE
  8
0
 10
69.48
 20
42.836
 11
74.52
 21
42.836
  0
LINE
  8
0
 10
74.52
 20
42.836
 11
74.52
 21
42.828
  0
LINE
  8
0
 10
74.52
 20
42.828
 11
69.48
 21
42.828
  0
LINE
  8
0
 10
11.88
 20
42.828
 11
11.88
 21
42.836
  0
LINE
  8
0
 10
11.88
 20
42.836
 11
16.92
 21
42.836
  0
LINE
  8
0
 10
16.92
 20
42.836
 11
16.92
 21
42.828
  0
LINE
  8
0
 10
16.92
 20
42.828
 11
11.88
 21
42.828
  0
LINE
  8
0
 10
69.48
 20
42.796
 11
69.48
 21
42.804
  0
LINE
  8
0
 10
69.48
 20
42.804
 11
74.52
 21
42.804
  0
LINE
  8
0
 10
74.52
 20
42.804
 11
74.52
 21
42.796
  0
LINE
  8
0
 10
74.52
 20
42.796
 11
69.48
 21
42.796
  0
LINE
  8
0
 10
40.68
 20
42.796
 11
40.68
 21
42.804
  0
LINE
  8
0
 10
40.68
 20
42.804
 11
45.72
 21
42.804
  0
LINE
  8
0
 10
45.72
 20
42.804
 11
45.72
 21
42.796
  0
LINE
  8
0
 10
45.72
 20
42.796
 11
40.68
 21
42.796
  0
LINE
  8
0
 10
55.08
 20
42.796
 11
55.08
 21
42.804
  0
LINE
  8
0
 10
55.08
 20
42.804
 11
60.12
 21
42.804
  0
LINE
  8
0
 10
60.12
 20
42.804
 11
60.12
 21
42.796
  0
LINE
  8
0
 10
60.12
 20
42.796
 11
55.08
 21
42.796
  0
LINE
  8
0
 10
11.88
 20
42.796
 11
11.88
 21
42.804
  0
LINE
  8
0
 10
11.88
 20
42.804
 11
16.92
 21
42.804
  0
LINE
  8
0
 10
16.92
 20
42.804
 11
16.92
 21
42.796
  0
LINE
  8
0
 10
16.92
 20
42.796
 11
11.88
 21
42.796
  0
LINE
  8
0
 10
26.28
 20
42.796
 11
26.28
 21
42.804
  0
LINE
  8
0
 10
26.28
 20
42.804
 11
31.32
 21
42.804
  0
LINE
  8
0
 10
31.32
 20
42.804
 11
31.32
 21
42.796
  0
LINE
  8
0
 10
31.32
 20
42.796
 11
26.28
 21
42.796
  0
LINE
  8
0
 10
-2.51999
 20
42.796
 11
-2.51999
 21
42.804
  0
LINE
  8
0
 10
-2.51999
 20
42.804
 11
2.51999
 21
42.804
  0
LINE
  8
0
 10
2.51999
 20
42.804
 11
2.51999
 21
42.796
  0
LINE
  8
0
 10
2.51999
 20
42.796
 11
-2.51999
 21
42.796
  0
LINE
  8
0
 10
55.08
 20
42.764
 11
55.08
 21
42.772
  0
LINE
  8
0
 10
55.08
 20
42.772
 11
60.12
 21
42.772
  0
LINE
  8
0
 10
60.12
 20
42.772
 11
60.12
 21
42.764
  0
LINE
  8
0
 10
60.12
 20
42.764
 11
55.08
 21
42.764
  0
LINE
  8
0
 10
69.48
 20
42.764
 11
69.48
 21
42.772
  0
LINE
  8
0
 10
69.48
 20
42.772
 11
74.52
 21
42.772
  0
LINE
  8
0
 10
74.52
 20
42.772
 11
74.52
 21
42.764
  0
LINE
  8
0
 10
74.52
 20
42.764
 11
69.48
 21
42.764
  0
LINE
  8
0
 10
26.28
 20
42.764
 11
26.28
 21
42.772
  0
LINE
  8
0
 10
26.28
 20
42.772
 11
31.32
 21
42.772
  0
LINE
  8
0
 10
31.32
 20
42.772
 11
31.32
 21
42.764
  0
LINE
  8
0
 10
31.32
 20
42.764
 11
26.28
 21
42.764
  0
LINE
  8
0
 10
40.68
 20
42.764
 11
40.68
 21
42.772
  0
LINE
  8
0
 10
40.68
 20
42.772
 11
45.72
 21
42.772
  0
LINE
  8
0
 10
45.72
 20
42.772
 11
45.72
 21
42.764
  0
LINE
  8
0
 10
45.72
 20
42.764
 11
40.68
 21
42.764
  0
LINE
  8
0
 10
11.88
 20
42.764
 11
11.88
 21
42.772
  0
LINE
  8
0
 10
11.88
 20
42.772
 11
16.92
 21
42.772
  0
LINE
  8
0
 10
16.92
 20
42.772
 11
16.92
 21
42.764
  0
LINE
  8
0
 10
16.92
 20
42.764
 11
11.88
 21
42.764
  0
LINE
  8
0
 10
-2.51999
 20
42.764
 11
-2.51999
 21
42.772
  0
LINE
  8
0
 10
-2.51999
 20
42.772
 11
2.51999
 21
42.772
  0
LINE
  8
0
 10
2.51999
 20
42.772
 11
2.51999
 21
42.764
  0
LINE
  8
0
 10
2.51999
 20
42.764
 11
-2.51999
 21
42.764
  0
LINE
  8
0
 10
26.28
 20
42.732
 11
26.28
 21
42.74
  0
LINE
  8
0
 10
26.28
 20
42.74
 11
31.32
 21
42.74
  0
LINE
  8
0
 10
31.32
 20
42.74
 11
31.32
 21
42.732
  0
LINE
  8
0
 10
31.32
 20
42.732
 11
26.28
 21
42.732
  0
LINE
  8
0
 10
55.08
 20
42.732
 11
55.08
 21
42.74
  0
LINE
  8
0
 10
55.08
 20
42.74
 11
60.12
 21
42.74
  0
LINE
  8
0
 10
60.12
 20
42.74
 11
60.12
 21
42.732
  0
LINE
  8
0
 10
60.12
 20
42.732
 11
55.08
 21
42.732
  0
LINE
  8
0
 10
-2.51999
 20
42.732
 11
-2.51999
 21
42.74
  0
LINE
  8
0
 10
-2.51999
 20
42.74
 11
2.51999
 21
42.74
  0
LINE
  8
0
 10
2.51999
 20
42.74
 11
2.51999
 21
42.732
  0
LINE
  8
0
 10
2.51999
 20
42.732
 11
-2.51999
 21
42.732
  0
LINE
  8
0
 10
69.48
 20
42.732
 11
69.48
 21
42.74
  0
LINE
  8
0
 10
69.48
 20
42.74
 11
74.52
 21
42.74
  0
LINE
  8
0
 10
74.52
 20
42.74
 11
74.52
 21
42.732
  0
LINE
  8
0
 10
74.52
 20
42.732
 11
69.48
 21
42.732
  0
LINE
  8
0
 10
40.68
 20
42.732
 11
40.68
 21
42.74
  0
LINE
  8
0
 10
40.68
 20
42.74
 11
45.72
 21
42.74
  0
LINE
  8
0
 10
45.72
 20
42.74
 11
45.72
 21
42.732
  0
LINE
  8
0
 10
45.72
 20
42.732
 11
40.68
 21
42.732
  0
LINE
  8
0
 10
11.88
 20
42.732
 11
11.88
 21
42.74
  0
LINE
  8
0
 10
11.88
 20
42.74
 11
16.92
 21
42.74
  0
LINE
  8
0
 10
16.92
 20
42.74
 11
16.92
 21
42.732
  0
LINE
  8
0
 10
16.92
 20
42.732
 11
11.88
 21
42.732
  0
LINE
  8
0
 10
-2.51999
 20
42.7
 11
-2.51999
 21
42.708
  0
LINE
  8
0
 10
-2.51999
 20
42.708
 11
2.51999
 21
42.708
  0
LINE
  8
0
 10
2.51999
 20
42.708
 11
2.51999
 21
42.7
  0
LINE
  8
0
 10
2.51999
 20
42.7
 11
-2.51999
 21
42.7
  0
LINE
  8
0
 10
55.08
 20
42.7
 11
55.08
 21
42.708
  0
LINE
  8
0
 10
55.08
 20
42.708
 11
60.12
 21
42.708
  0
LINE
  8
0
 10
60.12
 20
42.708
 11
60.12
 21
42.7
  0
LINE
  8
0
 10
60.12
 20
42.7
 11
55.08
 21
42.7
  0
LINE
  8
0
 10
40.68
 20
42.7
 11
40.68
 21
42.708
  0
LINE
  8
0
 10
40.68
 20
42.708
 11
45.72
 21
42.708
  0
LINE
  8
0
 10
45.72
 20
42.708
 11
45.72
 21
42.7
  0
LINE
  8
0
 10
45.72
 20
42.7
 11
40.68
 21
42.7
  0
LINE
  8
0
 10
11.88
 20
42.7
 11
11.88
 21
42.708
  0
LINE
  8
0
 10
11.88
 20
42.708
 11
16.92
 21
42.708
  0
LINE
  8
0
 10
16.92
 20
42.708
 11
16.92
 21
42.7
  0
LINE
  8
0
 10
16.92
 20
42.7
 11
11.88
 21
42.7
  0
LINE
  8
0
 10
69.48
 20
42.7
 11
69.48
 21
42.708
  0
LINE
  8
0
 10
69.48
 20
42.708
 11
74.52
 21
42.708
  0
LINE
  8
0
 10
74.52
 20
42.708
 11
74.52
 21
42.7
  0
LINE
  8
0
 10
74.52
 20
42.7
 11
69.48
 21
42.7
  0
LINE
  8
0
 10
26.28
 20
42.7
 11
26.28
 21
42.708
  0
LINE
  8
0
 10
26.28
 20
42.708
 11
31.32
 21
42.708
  0
LINE
  8
0
 10
31.32
 20
42.708
 11
31.32
 21
42.7
  0
LINE
  8
0
 10
31.32
 20
42.7
 11
26.28
 21
42.7
  0
LINE
  8
0
 10
69.48
 20
42.668
 11
69.48
 21
42.676
  0
LINE
  8
0
 10
69.48
 20
42.676
 11
74.52
 21
42.676
  0
LINE
  8
0
 10
74.52
 20
42.676
 11
74.52
 21
42.668
  0
LINE
  8
0
 10
74.52
 20
42.668
 11
69.48
 21
42.668
  0
LINE
  8
0
 10
11.88
 20
42.668
 11
11.88
 21
42.676
  0
LINE
  8
0
 10
11.88
 20
42.676
 11
16.92
 21
42.676
  0
LINE
  8
0
 10
16.92
 20
42.676
 11
16.92
 21
42.668
  0
LINE
  8
0
 10
16.92
 20
42.668
 11
11.88
 21
42.668
  0
LINE
  8
0
 10
-2.51999
 20
42.668
 11
-2.51999
 21
42.676
  0
LINE
  8
0
 10
-2.51999
 20
42.676
 11
2.51999
 21
42.676
  0
LINE
  8
0
 10
2.51999
 20
42.676
 11
2.51999
 21
42.668
  0
LINE
  8
0
 10
2.51999
 20
42.668
 11
-2.51999
 21
42.668
  0
LINE
  8
0
 10
26.28
 20
42.668
 11
26.28
 21
42.676
  0
LINE
  8
0
 10
26.28
 20
42.676
 11
31.32
 21
42.676
  0
LINE
  8
0
 10
31.32
 20
42.676
 11
31.32
 21
42.668
  0
LINE
  8
0
 10
31.32
 20
42.668
 11
26.28
 21
42.668
  0
LINE
  8
0
 10
55.08
 20
42.668
 11
55.08
 21
42.676
  0
LINE
  8
0
 10
55.08
 20
42.676
 11
60.12
 21
42.676
  0
LINE
  8
0
 10
60.12
 20
42.676
 11
60.12
 21
42.668
  0
LINE
  8
0
 10
60.12
 20
42.668
 11
55.08
 21
42.668
  0
LINE
  8
0
 10
40.68
 20
42.668
 11
40.68
 21
42.676
  0
LINE
  8
0
 10
40.68
 20
42.676
 11
45.72
 21
42.676
  0
LINE
  8
0
 10
45.72
 20
42.676
 11
45.72
 21
42.668
  0
LINE
  8
0
 10
45.72
 20
42.668
 11
40.68
 21
42.668
  0
LINE
  8
0
 10
40.68
 20
42.636
 11
40.68
 21
42.644
  0
LINE
  8
0
 10
40.68
 20
42.644
 11
45.72
 21
42.644
  0
LINE
  8
0
 10
45.72
 20
42.644
 11
45.72
 21
42.636
  0
LINE
  8
0
 10
45.72
 20
42.636
 11
40.68
 21
42.636
  0
LINE
  8
0
 10
55.08
 20
42.636
 11
55.08
 21
42.644
  0
LINE
  8
0
 10
55.08
 20
42.644
 11
60.12
 21
42.644
  0
LINE
  8
0
 10
60.12
 20
42.644
 11
60.12
 21
42.636
  0
LINE
  8
0
 10
60.12
 20
42.636
 11
55.08
 21
42.636
  0
LINE
  8
0
 10
69.48
 20
42.636
 11
69.48
 21
42.644
  0
LINE
  8
0
 10
69.48
 20
42.644
 11
74.52
 21
42.644
  0
LINE
  8
0
 10
74.52
 20
42.644
 11
74.52
 21
42.636
  0
LINE
  8
0
 10
74.52
 20
42.636
 11
69.48
 21
42.636
  0
LINE
  8
0
 10
-2.51999
 20
42.636
 11
-2.51999
 21
42.644
  0
LINE
  8
0
 10
-2.51999
 20
42.644
 11
2.51999
 21
42.644
  0
LINE
  8
0
 10
2.51999
 20
42.644
 11
2.51999
 21
42.636
  0
LINE
  8
0
 10
2.51999
 20
42.636
 11
-2.51999
 21
42.636
  0
LINE
  8
0
 10
26.28
 20
42.636
 11
26.28
 21
42.644
  0
LINE
  8
0
 10
26.28
 20
42.644
 11
31.32
 21
42.644
  0
LINE
  8
0
 10
31.32
 20
42.644
 11
31.32
 21
42.636
  0
LINE
  8
0
 10
31.32
 20
42.636
 11
26.28
 21
42.636
  0
LINE
  8
0
 10
11.88
 20
42.636
 11
11.88
 21
42.644
  0
LINE
  8
0
 10
11.88
 20
42.644
 11
16.92
 21
42.644
  0
LINE
  8
0
 10
16.92
 20
42.644
 11
16.92
 21
42.636
  0
LINE
  8
0
 10
16.92
 20
42.636
 11
11.88
 21
42.636
  0
LINE
  8
0
 10
-2.51999
 20
42.604
 11
-2.51999
 21
42.612
  0
LINE
  8
0
 10
-2.51999
 20
42.612
 11
2.51999
 21
42.612
  0
LINE
  8
0
 10
2.51999
 20
42.612
 11
2.51999
 21
42.604
  0
LINE
  8
0
 10
2.51999
 20
42.604
 11
-2.51999
 21
42.604
  0
LINE
  8
0
 10
40.68
 20
42.604
 11
40.68
 21
42.612
  0
LINE
  8
0
 10
40.68
 20
42.612
 11
45.72
 21
42.612
  0
LINE
  8
0
 10
45.72
 20
42.612
 11
45.72
 21
42.604
  0
LINE
  8
0
 10
45.72
 20
42.604
 11
40.68
 21
42.604
  0
LINE
  8
0
 10
55.08
 20
42.604
 11
55.08
 21
42.612
  0
LINE
  8
0
 10
55.08
 20
42.612
 11
60.12
 21
42.612
  0
LINE
  8
0
 10
60.12
 20
42.612
 11
60.12
 21
42.604
  0
LINE
  8
0
 10
60.12
 20
42.604
 11
55.08
 21
42.604
  0
LINE
  8
0
 10
11.88
 20
42.604
 11
11.88
 21
42.612
  0
LINE
  8
0
 10
11.88
 20
42.612
 11
16.92
 21
42.612
  0
LINE
  8
0
 10
16.92
 20
42.612
 11
16.92
 21
42.604
  0
LINE
  8
0
 10
16.92
 20
42.604
 11
11.88
 21
42.604
  0
LINE
  8
0
 10
69.48
 20
42.604
 11
69.48
 21
42.612
  0
LINE
  8
0
 10
69.48
 20
42.612
 11
74.52
 21
42.612
  0
LINE
  8
0
 10
74.52
 20
42.612
 11
74.52
 21
42.604
  0
LINE
  8
0
 10
74.52
 20
42.604
 11
69.48
 21
42.604
  0
LINE
  8
0
 10
26.28
 20
42.604
 11
26.28
 21
42.612
  0
LINE
  8
0
 10
26.28
 20
42.612
 11
31.32
 21
42.612
  0
LINE
  8
0
 10
31.32
 20
42.612
 11
31.32
 21
42.604
  0
LINE
  8
0
 10
31.32
 20
42.604
 11
26.28
 21
42.604
  0
LINE
  8
0
 10
40.68
 20
42.572
 11
40.68
 21
42.58
  0
LINE
  8
0
 10
40.68
 20
42.58
 11
45.72
 21
42.58
  0
LINE
  8
0
 10
45.72
 20
42.58
 11
45.72
 21
42.572
  0
LINE
  8
0
 10
45.72
 20
42.572
 11
40.68
 21
42.572
  0
LINE
  8
0
 10
11.88
 20
42.572
 11
11.88
 21
42.58
  0
LINE
  8
0
 10
11.88
 20
42.58
 11
16.92
 21
42.58
  0
LINE
  8
0
 10
16.92
 20
42.58
 11
16.92
 21
42.572
  0
LINE
  8
0
 10
16.92
 20
42.572
 11
11.88
 21
42.572
  0
LINE
  8
0
 10
26.28
 20
42.572
 11
26.28
 21
42.58
  0
LINE
  8
0
 10
26.28
 20
42.58
 11
31.32
 21
42.58
  0
LINE
  8
0
 10
31.32
 20
42.58
 11
31.32
 21
42.572
  0
LINE
  8
0
 10
31.32
 20
42.572
 11
26.28
 21
42.572
  0
LINE
  8
0
 10
69.48
 20
42.572
 11
69.48
 21
42.58
  0
LINE
  8
0
 10
69.48
 20
42.58
 11
74.52
 21
42.58
  0
LINE
  8
0
 10
74.52
 20
42.58
 11
74.52
 21
42.572
  0
LINE
  8
0
 10
74.52
 20
42.572
 11
69.48
 21
42.572
  0
LINE
  8
0
 10
55.08
 20
42.572
 11
55.08
 21
42.58
  0
LINE
  8
0
 10
55.08
 20
42.58
 11
60.12
 21
42.58
  0
LINE
  8
0
 10
60.12
 20
42.58
 11
60.12
 21
42.572
  0
LINE
  8
0
 10
60.12
 20
42.572
 11
55.08
 21
42.572
  0
LINE
  8
0
 10
-2.51999
 20
42.572
 11
-2.51999
 21
42.58
  0
LINE
  8
0
 10
-2.51999
 20
42.58
 11
2.51999
 21
42.58
  0
LINE
  8
0
 10
2.51999
 20
42.58
 11
2.51999
 21
42.572
  0
LINE
  8
0
 10
2.51999
 20
42.572
 11
-2.51999
 21
42.572
  0
LINE
  8
0
 10
40.68
 20
42.54
 11
40.68
 21
42.548
  0
LINE
  8
0
 10
40.68
 20
42.548
 11
45.72
 21
42.548
  0
LINE
  8
0
 10
45.72
 20
42.548
 11
45.72
 21
42.54
  0
LINE
  8
0
 10
45.72
 20
42.54
 11
40.68
 21
42.54
  0
LINE
  8
0
 10
69.48
 20
42.54
 11
69.48
 21
42.548
  0
LINE
  8
0
 10
69.48
 20
42.548
 11
74.52
 21
42.548
  0
LINE
  8
0
 10
74.52
 20
42.548
 11
74.52
 21
42.54
  0
LINE
  8
0
 10
74.52
 20
42.54
 11
69.48
 21
42.54
  0
LINE
  8
0
 10
26.28
 20
42.54
 11
26.28
 21
42.548
  0
LINE
  8
0
 10
26.28
 20
42.548
 11
31.32
 21
42.548
  0
LINE
  8
0
 10
31.32
 20
42.548
 11
31.32
 21
42.54
  0
LINE
  8
0
 10
31.32
 20
42.54
 11
26.28
 21
42.54
  0
LINE
  8
0
 10
-2.51999
 20
42.54
 11
-2.51999
 21
42.548
  0
LINE
  8
0
 10
-2.51999
 20
42.548
 11
2.51999
 21
42.548
  0
LINE
  8
0
 10
2.51999
 20
42.548
 11
2.51999
 21
42.54
  0
LINE
  8
0
 10
2.51999
 20
42.54
 11
-2.51999
 21
42.54
  0
LINE
  8
0
 10
11.88
 20
42.54
 11
11.88
 21
42.548
  0
LINE
  8
0
 10
11.88
 20
42.548
 11
16.92
 21
42.548
  0
LINE
  8
0
 10
16.92
 20
42.548
 11
16.92
 21
42.54
  0
LINE
  8
0
 10
16.92
 20
42.54
 11
11.88
 21
42.54
  0
LINE
  8
0
 10
55.08
 20
42.54
 11
55.08
 21
42.548
  0
LINE
  8
0
 10
55.08
 20
42.548
 11
60.12
 21
42.548
  0
LINE
  8
0
 10
60.12
 20
42.548
 11
60.12
 21
42.54
  0
LINE
  8
0
 10
60.12
 20
42.54
 11
55.08
 21
42.54
  0
LINE
  8
0
 10
69.48
 20
42.508
 11
69.48
 21
42.516
  0
LINE
  8
0
 10
69.48
 20
42.516
 11
74.52
 21
42.516
  0
LINE
  8
0
 10
74.52
 20
42.516
 11
74.52
 21
42.508
  0
LINE
  8
0
 10
74.52
 20
42.508
 11
69.48
 21
42.508
  0
LINE
  8
0
 10
55.08
 20
42.508
 11
55.08
 21
42.516
  0
LINE
  8
0
 10
55.08
 20
42.516
 11
60.12
 21
42.516
  0
LINE
  8
0
 10
60.12
 20
42.516
 11
60.12
 21
42.508
  0
LINE
  8
0
 10
60.12
 20
42.508
 11
55.08
 21
42.508
  0
LINE
  8
0
 10
-2.51999
 20
42.508
 11
-2.51999
 21
42.516
  0
LINE
  8
0
 10
-2.51999
 20
42.516
 11
2.51999
 21
42.516
  0
LINE
  8
0
 10
2.51999
 20
42.516
 11
2.51999
 21
42.508
  0
LINE
  8
0
 10
2.51999
 20
42.508
 11
-2.51999
 21
42.508
  0
LINE
  8
0
 10
40.68
 20
42.508
 11
40.68
 21
42.516
  0
LINE
  8
0
 10
40.68
 20
42.516
 11
45.72
 21
42.516
  0
LINE
  8
0
 10
45.72
 20
42.516
 11
45.72
 21
42.508
  0
LINE
  8
0
 10
45.72
 20
42.508
 11
40.68
 21
42.508
  0
LINE
  8
0
 10
26.28
 20
42.508
 11
26.28
 21
42.516
  0
LINE
  8
0
 10
26.28
 20
42.516
 11
31.32
 21
42.516
  0
LINE
  8
0
 10
31.32
 20
42.516
 11
31.32
 21
42.508
  0
LINE
  8
0
 10
31.32
 20
42.508
 11
26.28
 21
42.508
  0
LINE
  8
0
 10
11.88
 20
42.508
 11
11.88
 21
42.516
  0
LINE
  8
0
 10
11.88
 20
42.516
 11
16.92
 21
42.516
  0
LINE
  8
0
 10
16.92
 20
42.516
 11
16.92
 21
42.508
  0
LINE
  8
0
 10
16.92
 20
42.508
 11
11.88
 21
42.508
  0
LINE
  8
0
 10
26.28
 20
42.476
 11
26.28
 21
42.484
  0
LINE
  8
0
 10
26.28
 20
42.484
 11
31.32
 21
42.484
  0
LINE
  8
0
 10
31.32
 20
42.484
 11
31.32
 21
42.476
  0
LINE
  8
0
 10
31.32
 20
42.476
 11
26.28
 21
42.476
  0
LINE
  8
0
 10
40.68
 20
42.476
 11
40.68
 21
42.484
  0
LINE
  8
0
 10
40.68
 20
42.484
 11
45.72
 21
42.484
  0
LINE
  8
0
 10
45.72
 20
42.484
 11
45.72
 21
42.476
  0
LINE
  8
0
 10
45.72
 20
42.476
 11
40.68
 21
42.476
  0
LINE
  8
0
 10
-2.51999
 20
42.476
 11
-2.51999
 21
42.484
  0
LINE
  8
0
 10
-2.51999
 20
42.484
 11
2.51999
 21
42.484
  0
LINE
  8
0
 10
2.51999
 20
42.484
 11
2.51999
 21
42.476
  0
LINE
  8
0
 10
2.51999
 20
42.476
 11
-2.51999
 21
42.476
  0
LINE
  8
0
 10
69.48
 20
42.476
 11
69.48
 21
42.484
  0
LINE
  8
0
 10
69.48
 20
42.484
 11
74.52
 21
42.484
  0
LINE
  8
0
 10
74.52
 20
42.484
 11
74.52
 21
42.476
  0
LINE
  8
0
 10
74.52
 20
42.476
 11
69.48
 21
42.476
  0
LINE
  8
0
 10
55.08
 20
42.476
 11
55.08
 21
42.484
  0
LINE
  8
0
 10
55.08
 20
42.484
 11
60.12
 21
42.484
  0
LINE
  8
0
 10
60.12
 20
42.484
 11
60.12
 21
42.476
  0
LINE
  8
0
 10
60.12
 20
42.476
 11
55.08
 21
42.476
  0
LINE
  8
0
 10
11.88
 20
42.476
 11
11.88
 21
42.484
  0
LINE
  8
0
 10
11.88
 20
42.484
 11
16.92
 21
42.484
  0
LINE
  8
0
 10
16.92
 20
42.484
 11
16.92
 21
42.476
  0
LINE
  8
0
 10
16.92
 20
42.476
 11
11.88
 21
42.476
  0
LINE
  8
0
 10
-2.51999
 20
42.444
 11
-2.51999
 21
42.452
  0
LINE
  8
0
 10
-2.51999
 20
42.452
 11
2.51999
 21
42.452
  0
LINE
  8
0
 10
2.51999
 20
42.452
 11
2.51999
 21
42.444
  0
LINE
  8
0
 10
2.51999
 20
42.444
 11
-2.51999
 21
42.444
  0
LINE
  8
0
 10
55.08
 20
42.444
 11
55.08
 21
42.452
  0
LINE
  8
0
 10
55.08
 20
42.452
 11
60.12
 21
42.452
  0
LINE
  8
0
 10
60.12
 20
42.452
 11
60.12
 21
42.444
  0
LINE
  8
0
 10
60.12
 20
42.444
 11
55.08
 21
42.444
  0
LINE
  8
0
 10
40.68
 20
42.444
 11
40.68
 21
42.452
  0
LINE
  8
0
 10
40.68
 20
42.452
 11
45.72
 21
42.452
  0
LINE
  8
0
 10
45.72
 20
42.452
 11
45.72
 21
42.444
  0
LINE
  8
0
 10
45.72
 20
42.444
 11
40.68
 21
42.444
  0
LINE
  8
0
 10
69.48
 20
42.444
 11
69.48
 21
42.452
  0
LINE
  8
0
 10
69.48
 20
42.452
 11
74.52
 21
42.452
  0
LINE
  8
0
 10
74.52
 20
42.452
 11
74.52
 21
42.444
  0
LINE
  8
0
 10
74.52
 20
42.444
 11
69.48
 21
42.444
  0
LINE
  8
0
 10
11.88
 20
42.444
 11
11.88
 21
42.452
  0
LINE
  8
0
 10
11.88
 20
42.452
 11
16.92
 21
42.452
  0
LINE
  8
0
 10
16.92
 20
42.452
 11
16.92
 21
42.444
  0
LINE
  8
0
 10
16.92
 20
42.444
 11
11.88
 21
42.444
  0
LINE
  8
0
 10
26.28
 20
42.444
 11
26.28
 21
42.452
  0
LINE
  8
0
 10
26.28
 20
42.452
 11
31.32
 21
42.452
  0
LINE
  8
0
 10
31.32
 20
42.452
 11
31.32
 21
42.444
  0
LINE
  8
0
 10
31.32
 20
42.444
 11
26.28
 21
42.444
  0
LINE
  8
0
 10
40.68
 20
42.412
 11
40.68
 21
42.42
  0
LINE
  8
0
 10
40.68
 20
42.42
 11
45.72
 21
42.42
  0
LINE
  8
0
 10
45.72
 20
42.42
 11
45.72
 21
42.412
  0
LINE
  8
0
 10
45.72
 20
42.412
 11
40.68
 21
42.412
  0
LINE
  8
0
 10
55.08
 20
42.412
 11
55.08
 21
42.42
  0
LINE
  8
0
 10
55.08
 20
42.42
 11
60.12
 21
42.42
  0
LINE
  8
0
 10
60.12
 20
42.42
 11
60.12
 21
42.412
  0
LINE
  8
0
 10
60.12
 20
42.412
 11
55.08
 21
42.412
  0
LINE
  8
0
 10
11.88
 20
42.412
 11
11.88
 21
42.42
  0
LINE
  8
0
 10
11.88
 20
42.42
 11
16.92
 21
42.42
  0
LINE
  8
0
 10
16.92
 20
42.42
 11
16.92
 21
42.412
  0
LINE
  8
0
 10
16.92
 20
42.412
 11
11.88
 21
42.412
  0
LINE
  8
0
 10
26.28
 20
42.412
 11
26.28
 21
42.42
  0
LINE
  8
0
 10
26.28
 20
42.42
 11
31.32
 21
42.42
  0
LINE
  8
0
 10
31.32
 20
42.42
 11
31.32
 21
42.412
  0
LINE
  8
0
 10
31.32
 20
42.412
 11
26.28
 21
42.412
  0
LINE
  8
0
 10
69.48
 20
42.412
 11
69.48
 21
42.42
  0
LINE
  8
0
 10
69.48
 20
42.42
 11
74.52
 21
42.42
  0
LINE
  8
0
 10
74.52
 20
42.42
 11
74.52
 21
42.412
  0
LINE
  8
0
 10
74.52
 20
42.412
 11
69.48
 21
42.412
  0
LINE
  8
0
 10
-2.51999
 20
42.412
 11
-2.51999
 21
42.42
  0
LINE
  8
0
 10
-2.51999
 20
42.42
 11
2.51999
 21
42.42
  0
LINE
  8
0
 10
2.51999
 20
42.42
 11
2.51999
 21
42.412
  0
LINE
  8
0
 10
2.51999
 20
42.412
 11
-2.51999
 21
42.412
  0
LINE
  8
0
 10
69.48
 20
42.38
 11
69.48
 21
42.388
  0
LINE
  8
0
 10
69.48
 20
42.388
 11
74.52
 21
42.388
  0
LINE
  8
0
 10
74.52
 20
42.388
 11
74.52
 21
42.38
  0
LINE
  8
0
 10
74.52
 20
42.38
 11
69.48
 21
42.38
  0
LINE
  8
0
 10
55.08
 20
42.38
 11
55.08
 21
42.388
  0
LINE
  8
0
 10
55.08
 20
42.388
 11
60.12
 21
42.388
  0
LINE
  8
0
 10
60.12
 20
42.388
 11
60.12
 21
42.38
  0
LINE
  8
0
 10
60.12
 20
42.38
 11
55.08
 21
42.38
  0
LINE
  8
0
 10
40.68
 20
42.38
 11
40.68
 21
42.388
  0
LINE
  8
0
 10
40.68
 20
42.388
 11
45.72
 21
42.388
  0
LINE
  8
0
 10
45.72
 20
42.388
 11
45.72
 21
42.38
  0
LINE
  8
0
 10
45.72
 20
42.38
 11
40.68
 21
42.38
  0
LINE
  8
0
 10
11.88
 20
42.38
 11
11.88
 21
42.388
  0
LINE
  8
0
 10
11.88
 20
42.388
 11
16.92
 21
42.388
  0
LINE
  8
0
 10
16.92
 20
42.388
 11
16.92
 21
42.38
  0
LINE
  8
0
 10
16.92
 20
42.38
 11
11.88
 21
42.38
  0
LINE
  8
0
 10
26.28
 20
42.38
 11
26.28
 21
42.388
  0
LINE
  8
0
 10
26.28
 20
42.388
 11
31.32
 21
42.388
  0
LINE
  8
0
 10
31.32
 20
42.388
 11
31.32
 21
42.38
  0
LINE
  8
0
 10
31.32
 20
42.38
 11
26.28
 21
42.38
  0
LINE
  8
0
 10
-2.51999
 20
42.38
 11
-2.51999
 21
42.388
  0
LINE
  8
0
 10
-2.51999
 20
42.388
 11
2.51999
 21
42.388
  0
LINE
  8
0
 10
2.51999
 20
42.388
 11
2.51999
 21
42.38
  0
LINE
  8
0
 10
2.51999
 20
42.38
 11
-2.51999
 21
42.38
  0
LINE
  8
0
 10
-2.51999
 20
42.348
 11
-2.51999
 21
42.356
  0
LINE
  8
0
 10
-2.51999
 20
42.356
 11
2.51999
 21
42.356
  0
LINE
  8
0
 10
2.51999
 20
42.356
 11
2.51999
 21
42.348
  0
LINE
  8
0
 10
2.51999
 20
42.348
 11
-2.51999
 21
42.348
  0
LINE
  8
0
 10
11.88
 20
42.348
 11
11.88
 21
42.356
  0
LINE
  8
0
 10
11.88
 20
42.356
 11
16.92
 21
42.356
  0
LINE
  8
0
 10
16.92
 20
42.356
 11
16.92
 21
42.348
  0
LINE
  8
0
 10
16.92
 20
42.348
 11
11.88
 21
42.348
  0
LINE
  8
0
 10
26.28
 20
42.348
 11
26.28
 21
42.356
  0
LINE
  8
0
 10
26.28
 20
42.356
 11
31.32
 21
42.356
  0
LINE
  8
0
 10
31.32
 20
42.356
 11
31.32
 21
42.348
  0
LINE
  8
0
 10
31.32
 20
42.348
 11
26.28
 21
42.348
  0
LINE
  8
0
 10
55.08
 20
42.348
 11
55.08
 21
42.356
  0
LINE
  8
0
 10
55.08
 20
42.356
 11
60.12
 21
42.356
  0
LINE
  8
0
 10
60.12
 20
42.356
 11
60.12
 21
42.348
  0
LINE
  8
0
 10
60.12
 20
42.348
 11
55.08
 21
42.348
  0
LINE
  8
0
 10
69.48
 20
42.348
 11
69.48
 21
42.356
  0
LINE
  8
0
 10
69.48
 20
42.356
 11
74.52
 21
42.356
  0
LINE
  8
0
 10
74.52
 20
42.356
 11
74.52
 21
42.348
  0
LINE
  8
0
 10
74.52
 20
42.348
 11
69.48
 21
42.348
  0
LINE
  8
0
 10
40.68
 20
42.348
 11
40.68
 21
42.356
  0
LINE
  8
0
 10
40.68
 20
42.356
 11
45.72
 21
42.356
  0
LINE
  8
0
 10
45.72
 20
42.356
 11
45.72
 21
42.348
  0
LINE
  8
0
 10
45.72
 20
42.348
 11
40.68
 21
42.348
  0
LINE
  8
0
 10
69.48
 20
42.316
 11
69.48
 21
42.324
  0
LINE
  8
0
 10
69.48
 20
42.324
 11
74.52
 21
42.324
  0
LINE
  8
0
 10
74.52
 20
42.324
 11
74.52
 21
42.316
  0
LINE
  8
0
 10
74.52
 20
42.316
 11
69.48
 21
42.316
  0
LINE
  8
0
 10
55.08
 20
42.316
 11
55.08
 21
42.324
  0
LINE
  8
0
 10
55.08
 20
42.324
 11
60.12
 21
42.324
  0
LINE
  8
0
 10
60.12
 20
42.324
 11
60.12
 21
42.316
  0
LINE
  8
0
 10
60.12
 20
42.316
 11
55.08
 21
42.316
  0
LINE
  8
0
 10
40.68
 20
42.316
 11
40.68
 21
42.324
  0
LINE
  8
0
 10
40.68
 20
42.324
 11
45.72
 21
42.324
  0
LINE
  8
0
 10
45.72
 20
42.324
 11
45.72
 21
42.316
  0
LINE
  8
0
 10
45.72
 20
42.316
 11
40.68
 21
42.316
  0
LINE
  8
0
 10
26.28
 20
42.316
 11
26.28
 21
42.324
  0
LINE
  8
0
 10
26.28
 20
42.324
 11
31.32
 21
42.324
  0
LINE
  8
0
 10
31.32
 20
42.324
 11
31.32
 21
42.316
  0
LINE
  8
0
 10
31.32
 20
42.316
 11
26.28
 21
42.316
  0
LINE
  8
0
 10
-2.51999
 20
42.316
 11
-2.51999
 21
42.324
  0
LINE
  8
0
 10
-2.51999
 20
42.324
 11
2.51999
 21
42.324
  0
LINE
  8
0
 10
2.51999
 20
42.324
 11
2.51999
 21
42.316
  0
LINE
  8
0
 10
2.51999
 20
42.316
 11
-2.51999
 21
42.316
  0
LINE
  8
0
 10
11.88
 20
42.316
 11
11.88
 21
42.324
  0
LINE
  8
0
 10
11.88
 20
42.324
 11
16.92
 21
42.324
  0
LINE
  8
0
 10
16.92
 20
42.324
 11
16.92
 21
42.316
  0
LINE
  8
0
 10
16.92
 20
42.316
 11
11.88
 21
42.316
  0
LINE
  8
0
 10
26.28
 20
42.284
 11
26.28
 21
42.292
  0
LINE
  8
0
 10
26.28
 20
42.292
 11
31.32
 21
42.292
  0
LINE
  8
0
 10
31.32
 20
42.292
 11
31.32
 21
42.284
  0
LINE
  8
0
 10
31.32
 20
42.284
 11
26.28
 21
42.284
  0
LINE
  8
0
 10
69.48
 20
42.284
 11
69.48
 21
42.292
  0
LINE
  8
0
 10
69.48
 20
42.292
 11
74.52
 21
42.292
  0
LINE
  8
0
 10
74.52
 20
42.292
 11
74.52
 21
42.284
  0
LINE
  8
0
 10
74.52
 20
42.284
 11
69.48
 21
42.284
  0
LINE
  8
0
 10
-2.51999
 20
42.284
 11
-2.51999
 21
42.292
  0
LINE
  8
0
 10
-2.51999
 20
42.292
 11
2.51999
 21
42.292
  0
LINE
  8
0
 10
2.51999
 20
42.292
 11
2.51999
 21
42.284
  0
LINE
  8
0
 10
2.51999
 20
42.284
 11
-2.51999
 21
42.284
  0
LINE
  8
0
 10
40.68
 20
42.284
 11
40.68
 21
42.292
  0
LINE
  8
0
 10
40.68
 20
42.292
 11
45.72
 21
42.292
  0
LINE
  8
0
 10
45.72
 20
42.292
 11
45.72
 21
42.284
  0
LINE
  8
0
 10
45.72
 20
42.284
 11
40.68
 21
42.284
  0
LINE
  8
0
 10
11.88
 20
42.284
 11
11.88
 21
42.292
  0
LINE
  8
0
 10
11.88
 20
42.292
 11
16.92
 21
42.292
  0
LINE
  8
0
 10
16.92
 20
42.292
 11
16.92
 21
42.284
  0
LINE
  8
0
 10
16.92
 20
42.284
 11
11.88
 21
42.284
  0
LINE
  8
0
 10
55.08
 20
42.284
 11
55.08
 21
42.292
  0
LINE
  8
0
 10
55.08
 20
42.292
 11
60.12
 21
42.292
  0
LINE
  8
0
 10
60.12
 20
42.292
 11
60.12
 21
42.284
  0
LINE
  8
0
 10
60.12
 20
42.284
 11
55.08
 21
42.284
  0
LINE
  8
0
 10
26.28
 20
42.252
 11
26.28
 21
42.26
  0
LINE
  8
0
 10
26.28
 20
42.26
 11
31.32
 21
42.26
  0
LINE
  8
0
 10
31.32
 20
42.26
 11
31.32
 21
42.252
  0
LINE
  8
0
 10
31.32
 20
42.252
 11
26.28
 21
42.252
  0
LINE
  8
0
 10
69.48
 20
42.252
 11
69.48
 21
42.26
  0
LINE
  8
0
 10
69.48
 20
42.26
 11
74.52
 21
42.26
  0
LINE
  8
0
 10
74.52
 20
42.26
 11
74.52
 21
42.252
  0
LINE
  8
0
 10
74.52
 20
42.252
 11
69.48
 21
42.252
  0
LINE
  8
0
 10
11.88
 20
42.252
 11
11.88
 21
42.26
  0
LINE
  8
0
 10
11.88
 20
42.26
 11
16.92
 21
42.26
  0
LINE
  8
0
 10
16.92
 20
42.26
 11
16.92
 21
42.252
  0
LINE
  8
0
 10
16.92
 20
42.252
 11
11.88
 21
42.252
  0
LINE
  8
0
 10
-2.51999
 20
42.252
 11
-2.51999
 21
42.26
  0
LINE
  8
0
 10
-2.51999
 20
42.26
 11
2.51999
 21
42.26
  0
LINE
  8
0
 10
2.51999
 20
42.26
 11
2.51999
 21
42.252
  0
LINE
  8
0
 10
2.51999
 20
42.252
 11
-2.51999
 21
42.252
  0
LINE
  8
0
 10
55.08
 20
42.252
 11
55.08
 21
42.26
  0
LINE
  8
0
 10
55.08
 20
42.26
 11
60.12
 21
42.26
  0
LINE
  8
0
 10
60.12
 20
42.26
 11
60.12
 21
42.252
  0
LINE
  8
0
 10
60.12
 20
42.252
 11
55.08
 21
42.252
  0
LINE
  8
0
 10
40.68
 20
42.252
 11
40.68
 21
42.26
  0
LINE
  8
0
 10
40.68
 20
42.26
 11
45.72
 21
42.26
  0
LINE
  8
0
 10
45.72
 20
42.26
 11
45.72
 21
42.252
  0
LINE
  8
0
 10
45.72
 20
42.252
 11
40.68
 21
42.252
  0
LINE
  8
0
 10
11.88
 20
42.22
 11
11.88
 21
42.228
  0
LINE
  8
0
 10
11.88
 20
42.228
 11
16.92
 21
42.228
  0
LINE
  8
0
 10
16.92
 20
42.228
 11
16.92
 21
42.22
  0
LINE
  8
0
 10
16.92
 20
42.22
 11
11.88
 21
42.22
  0
LINE
  8
0
 10
26.28
 20
42.22
 11
26.28
 21
42.228
  0
LINE
  8
0
 10
26.28
 20
42.228
 11
31.32
 21
42.228
  0
LINE
  8
0
 10
31.32
 20
42.228
 11
31.32
 21
42.22
  0
LINE
  8
0
 10
31.32
 20
42.22
 11
26.28
 21
42.22
  0
LINE
  8
0
 10
40.68
 20
42.22
 11
40.68
 21
42.228
  0
LINE
  8
0
 10
40.68
 20
42.228
 11
45.72
 21
42.228
  0
LINE
  8
0
 10
45.72
 20
42.228
 11
45.72
 21
42.22
  0
LINE
  8
0
 10
45.72
 20
42.22
 11
40.68
 21
42.22
  0
LINE
  8
0
 10
-2.51999
 20
42.22
 11
-2.51999
 21
42.228
  0
LINE
  8
0
 10
-2.51999
 20
42.228
 11
2.51999
 21
42.228
  0
LINE
  8
0
 10
2.51999
 20
42.228
 11
2.51999
 21
42.22
  0
LINE
  8
0
 10
2.51999
 20
42.22
 11
-2.51999
 21
42.22
  0
LINE
  8
0
 10
55.08
 20
42.22
 11
55.08
 21
42.228
  0
LINE
  8
0
 10
55.08
 20
42.228
 11
60.12
 21
42.228
  0
LINE
  8
0
 10
60.12
 20
42.228
 11
60.12
 21
42.22
  0
LINE
  8
0
 10
60.12
 20
42.22
 11
55.08
 21
42.22
  0
LINE
  8
0
 10
69.48
 20
42.22
 11
69.48
 21
42.228
  0
LINE
  8
0
 10
69.48
 20
42.228
 11
74.52
 21
42.228
  0
LINE
  8
0
 10
74.52
 20
42.228
 11
74.52
 21
42.22
  0
LINE
  8
0
 10
74.52
 20
42.22
 11
69.48
 21
42.22
  0
LINE
  8
0
 10
11.88
 20
36.972
 11
11.88
 21
36.98
  0
LINE
  8
0
 10
11.88
 20
36.98
 11
16.92
 21
36.98
  0
LINE
  8
0
 10
16.92
 20
36.98
 11
16.92
 21
36.972
  0
LINE
  8
0
 10
16.92
 20
36.972
 11
11.88
 21
36.972
  0
LINE
  8
0
 10
26.28
 20
36.972
 11
26.28
 21
36.98
  0
LINE
  8
0
 10
26.28
 20
36.98
 11
31.32
 21
36.98
  0
LINE
  8
0
 10
31.32
 20
36.98
 11
31.32
 21
36.972
  0
LINE
  8
0
 10
31.32
 20
36.972
 11
26.28
 21
36.972
  0
LINE
  8
0
 10
69.48
 20
36.972
 11
69.48
 21
36.98
  0
LINE
  8
0
 10
69.48
 20
36.98
 11
74.52
 21
36.98
  0
LINE
  8
0
 10
74.52
 20
36.98
 11
74.52
 21
36.972
  0
LINE
  8
0
 10
74.52
 20
36.972
 11
69.48
 21
36.972
  0
LINE
  8
0
 10
40.68
 20
36.972
 11
40.68
 21
36.98
  0
LINE
  8
0
 10
40.68
 20
36.98
 11
45.72
 21
36.98
  0
LINE
  8
0
 10
45.72
 20
36.98
 11
45.72
 21
36.972
  0
LINE
  8
0
 10
45.72
 20
36.972
 11
40.68
 21
36.972
  0
LINE
  8
0
 10
55.08
 20
36.972
 11
55.08
 21
36.98
  0
LINE
  8
0
 10
55.08
 20
36.98
 11
60.12
 21
36.98
  0
LINE
  8
0
 10
60.12
 20
36.98
 11
60.12
 21
36.972
  0
LINE
  8
0
 10
60.12
 20
36.972
 11
55.08
 21
36.972
  0
LINE
  8
0
 10
-2.51999
 20
36.972
 11
-2.51999
 21
36.98
  0
LINE
  8
0
 10
-2.51999
 20
36.98
 11
2.51999
 21
36.98
  0
LINE
  8
0
 10
2.51999
 20
36.98
 11
2.51999
 21
36.972
  0
LINE
  8
0
 10
2.51999
 20
36.972
 11
-2.51999
 21
36.972
  0
LINE
  8
0
 10
69.48
 20
36.94
 11
69.48
 21
36.948
  0
LINE
  8
0
 10
69.48
 20
36.948
 11
74.52
 21
36.948
  0
LINE
  8
0
 10
74.52
 20
36.948
 11
74.52
 21
36.94
  0
LINE
  8
0
 10
74.52
 20
36.94
 11
69.48
 21
36.94
  0
LINE
  8
0
 10
11.88
 20
36.94
 11
11.88
 21
36.948
  0
LINE
  8
0
 10
11.88
 20
36.948
 11
16.92
 21
36.948
  0
LINE
  8
0
 10
16.92
 20
36.948
 11
16.92
 21
36.94
  0
LINE
  8
0
 10
16.92
 20
36.94
 11
11.88
 21
36.94
  0
LINE
  8
0
 10
55.08
 20
36.94
 11
55.08
 21
36.948
  0
LINE
  8
0
 10
55.08
 20
36.948
 11
60.12
 21
36.948
  0
LINE
  8
0
 10
60.12
 20
36.948
 11
60.12
 21
36.94
  0
LINE
  8
0
 10
60.12
 20
36.94
 11
55.08
 21
36.94
  0
LINE
  8
0
 10
26.28
 20
36.94
 11
26.28
 21
36.948
  0
LINE
  8
0
 10
26.28
 20
36.948
 11
31.32
 21
36.948
  0
LINE
  8
0
 10
31.32
 20
36.948
 11
31.32
 21
36.94
  0
LINE
  8
0
 10
31.32
 20
36.94
 11
26.28
 21
36.94
  0
LINE
  8
0
 10
-2.51999
 20
36.94
 11
-2.51999
 21
36.948
  0
LINE
  8
0
 10
-2.51999
 20
36.948
 11
2.51999
 21
36.948
  0
LINE
  8
0
 10
2.51999
 20
36.948
 11
2.51999
 21
36.94
  0
LINE
  8
0
 10
2.51999
 20
36.94
 11
-2.51999
 21
36.94
  0
LINE
  8
0
 10
40.68
 20
36.94
 11
40.68
 21
36.948
  0
LINE
  8
0
 10
40.68
 20
36.948
 11
45.72
 21
36.948
  0
LINE
  8
0
 10
45.72
 20
36.948
 11
45.72
 21
36.94
  0
LINE
  8
0
 10
45.72
 20
36.94
 11
40.68
 21
36.94
  0
LINE
  8
0
 10
55.08
 20
36.908
 11
55.08
 21
36.916
  0
LINE
  8
0
 10
55.08
 20
36.916
 11
60.12
 21
36.916
  0
LINE
  8
0
 10
60.12
 20
36.916
 11
60.12
 21
36.908
  0
LINE
  8
0
 10
60.12
 20
36.908
 11
55.08
 21
36.908
  0
LINE
  8
0
 10
-2.51999
 20
36.908
 11
-2.51999
 21
36.916
  0
LINE
  8
0
 10
-2.51999
 20
36.916
 11
2.51999
 21
36.916
  0
LINE
  8
0
 10
2.51999
 20
36.916
 11
2.51999
 21
36.908
  0
LINE
  8
0
 10
2.51999
 20
36.908
 11
-2.51999
 21
36.908
  0
LINE
  8
0
 10
40.68
 20
36.908
 11
40.68
 21
36.916
  0
LINE
  8
0
 10
40.68
 20
36.916
 11
45.72
 21
36.916
  0
LINE
  8
0
 10
45.72
 20
36.916
 11
45.72
 21
36.908
  0
LINE
  8
0
 10
45.72
 20
36.908
 11
40.68
 21
36.908
  0
LINE
  8
0
 10
26.28
 20
36.908
 11
26.28
 21
36.916
  0
LINE
  8
0
 10
26.28
 20
36.916
 11
31.32
 21
36.916
  0
LINE
  8
0
 10
31.32
 20
36.916
 11
31.32
 21
36.908
  0
LINE
  8
0
 10
31.32
 20
36.908
 11
26.28
 21
36.908
  0
LINE
  8
0
 10
69.48
 20
36.908
 11
69.48
 21
36.916
  0
LINE
  8
0
 10
69.48
 20
36.916
 11
74.52
 21
36.916
  0
LINE
  8
0
 10
74.52
 20
36.916
 11
74.52
 21
36.908
  0
LINE
  8
0
 10
74.52
 20
36.908
 11
69.48
 21
36.908
  0
LINE
  8
0
 10
11.88
 20
36.908
 11
11.88
 21
36.916
  0
LINE
  8
0
 10
11.88
 20
36.916
 11
16.92
 21
36.916
  0
LINE
  8
0
 10
16.92
 20
36.916
 11
16.92
 21
36.908
  0
LINE
  8
0
 10
16.92
 20
36.908
 11
11.88
 21
36.908
  0
LINE
  8
0
 10
55.08
 20
36.876
 11
55.08
 21
36.884
  0
LINE
  8
0
 10
55.08
 20
36.884
 11
60.12
 21
36.884
  0
LINE
  8
0
 10
60.12
 20
36.884
 11
60.12
 21
36.876
  0
LINE
  8
0
 10
60.12
 20
36.876
 11
55.08
 21
36.876
  0
LINE
  8
0
 10
69.48
 20
36.876
 11
69.48
 21
36.884
  0
LINE
  8
0
 10
69.48
 20
36.884
 11
74.52
 21
36.884
  0
LINE
  8
0
 10
74.52
 20
36.884
 11
74.52
 21
36.876
  0
LINE
  8
0
 10
74.52
 20
36.876
 11
69.48
 21
36.876
  0
LINE
  8
0
 10
11.88
 20
36.876
 11
11.88
 21
36.884
  0
LINE
  8
0
 10
11.88
 20
36.884
 11
16.92
 21
36.884
  0
LINE
  8
0
 10
16.92
 20
36.884
 11
16.92
 21
36.876
  0
LINE
  8
0
 10
16.92
 20
36.876
 11
11.88
 21
36.876
  0
LINE
  8
0
 10
40.68
 20
36.876
 11
40.68
 21
36.884
  0
LINE
  8
0
 10
40.68
 20
36.884
 11
45.72
 21
36.884
  0
LINE
  8
0
 10
45.72
 20
36.884
 11
45.72
 21
36.876
  0
LINE
  8
0
 10
45.72
 20
36.876
 11
40.68
 21
36.876
  0
LINE
  8
0
 10
-2.51999
 20
36.876
 11
-2.51999
 21
36.884
  0
LINE
  8
0
 10
-2.51999
 20
36.884
 11
2.51999
 21
36.884
  0
LINE
  8
0
 10
2.51999
 20
36.884
 11
2.51999
 21
36.876
  0
LINE
  8
0
 10
2.51999
 20
36.876
 11
-2.51999
 21
36.876
  0
LINE
  8
0
 10
26.28
 20
36.876
 11
26.28
 21
36.884
  0
LINE
  8
0
 10
26.28
 20
36.884
 11
31.32
 21
36.884
  0
LINE
  8
0
 10
31.32
 20
36.884
 11
31.32
 21
36.876
  0
LINE
  8
0
 10
31.32
 20
36.876
 11
26.28
 21
36.876
  0
LINE
  8
0
 10
11.88
 20
36.844
 11
11.88
 21
36.852
  0
LINE
  8
0
 10
11.88
 20
36.852
 11
16.92
 21
36.852
  0
LINE
  8
0
 10
16.92
 20
36.852
 11
16.92
 21
36.844
  0
LINE
  8
0
 10
16.92
 20
36.844
 11
11.88
 21
36.844
  0
LINE
  8
0
 10
26.28
 20
36.844
 11
26.28
 21
36.852
  0
LINE
  8
0
 10
26.28
 20
36.852
 11
31.32
 21
36.852
  0
LINE
  8
0
 10
31.32
 20
36.852
 11
31.32
 21
36.844
  0
LINE
  8
0
 10
31.32
 20
36.844
 11
26.28
 21
36.844
  0
LINE
  8
0
 10
69.48
 20
36.844
 11
69.48
 21
36.852
  0
LINE
  8
0
 10
69.48
 20
36.852
 11
74.52
 21
36.852
  0
LINE
  8
0
 10
74.52
 20
36.852
 11
74.52
 21
36.844
  0
LINE
  8
0
 10
74.52
 20
36.844
 11
69.48
 21
36.844
  0
LINE
  8
0
 10
-2.51999
 20
36.844
 11
-2.51999
 21
36.852
  0
LINE
  8
0
 10
-2.51999
 20
36.852
 11
2.51999
 21
36.852
  0
LINE
  8
0
 10
2.51999
 20
36.852
 11
2.51999
 21
36.844
  0
LINE
  8
0
 10
2.51999
 20
36.844
 11
-2.51999
 21
36.844
  0
LINE
  8
0
 10
40.68
 20
36.844
 11
40.68
 21
36.852
  0
LINE
  8
0
 10
40.68
 20
36.852
 11
45.72
 21
36.852
  0
LINE
  8
0
 10
45.72
 20
36.852
 11
45.72
 21
36.844
  0
LINE
  8
0
 10
45.72
 20
36.844
 11
40.68
 21
36.844
  0
LINE
  8
0
 10
55.08
 20
36.844
 11
55.08
 21
36.852
  0
LINE
  8
0
 10
55.08
 20
36.852
 11
60.12
 21
36.852
  0
LINE
  8
0
 10
60.12
 20
36.852
 11
60.12
 21
36.844
  0
LINE
  8
0
 10
60.12
 20
36.844
 11
55.08
 21
36.844
  0
LINE
  8
0
 10
55.08
 20
36.812
 11
55.08
 21
36.82
  0
LINE
  8
0
 10
55.08
 20
36.82
 11
60.12
 21
36.82
  0
LINE
  8
0
 10
60.12
 20
36.82
 11
60.12
 21
36.812
  0
LINE
  8
0
 10
60.12
 20
36.812
 11
55.08
 21
36.812
  0
LINE
  8
0
 10
11.88
 20
36.812
 11
11.88
 21
36.82
  0
LINE
  8
0
 10
11.88
 20
36.82
 11
16.92
 21
36.82
  0
LINE
  8
0
 10
16.92
 20
36.82
 11
16.92
 21
36.812
  0
LINE
  8
0
 10
16.92
 20
36.812
 11
11.88
 21
36.812
  0
LINE
  8
0
 10
69.48
 20
36.812
 11
69.48
 21
36.82
  0
LINE
  8
0
 10
69.48
 20
36.82
 11
74.52
 21
36.82
  0
LINE
  8
0
 10
74.52
 20
36.82
 11
74.52
 21
36.812
  0
LINE
  8
0
 10
74.52
 20
36.812
 11
69.48
 21
36.812
  0
LINE
  8
0
 10
26.28
 20
36.812
 11
26.28
 21
36.82
  0
LINE
  8
0
 10
26.28
 20
36.82
 11
31.32
 21
36.82
  0
LINE
  8
0
 10
31.32
 20
36.82
 11
31.32
 21
36.812
  0
LINE
  8
0
 10
31.32
 20
36.812
 11
26.28
 21
36.812
  0
LINE
  8
0
 10
-2.51999
 20
36.812
 11
-2.51999
 21
36.82
  0
LINE
  8
0
 10
-2.51999
 20
36.82
 11
2.51999
 21
36.82
  0
LINE
  8
0
 10
2.51999
 20
36.82
 11
2.51999
 21
36.812
  0
LINE
  8
0
 10
2.51999
 20
36.812
 11
-2.51999
 21
36.812
  0
LINE
  8
0
 10
40.68
 20
36.812
 11
40.68
 21
36.82
  0
LINE
  8
0
 10
40.68
 20
36.82
 11
45.72
 21
36.82
  0
LINE
  8
0
 10
45.72
 20
36.82
 11
45.72
 21
36.812
  0
LINE
  8
0
 10
45.72
 20
36.812
 11
40.68
 21
36.812
  0
LINE
  8
0
 10
69.48
 20
36.78
 11
69.48
 21
36.788
  0
LINE
  8
0
 10
69.48
 20
36.788
 11
74.52
 21
36.788
  0
LINE
  8
0
 10
74.52
 20
36.788
 11
74.52
 21
36.78
  0
LINE
  8
0
 10
74.52
 20
36.78
 11
69.48
 21
36.78
  0
LINE
  8
0
 10
-2.51999
 20
36.78
 11
-2.51999
 21
36.788
  0
LINE
  8
0
 10
-2.51999
 20
36.788
 11
2.51999
 21
36.788
  0
LINE
  8
0
 10
2.51999
 20
36.788
 11
2.51999
 21
36.78
  0
LINE
  8
0
 10
2.51999
 20
36.78
 11
-2.51999
 21
36.78
  0
LINE
  8
0
 10
11.88
 20
36.78
 11
11.88
 21
36.788
  0
LINE
  8
0
 10
11.88
 20
36.788
 11
16.92
 21
36.788
  0
LINE
  8
0
 10
16.92
 20
36.788
 11
16.92
 21
36.78
  0
LINE
  8
0
 10
16.92
 20
36.78
 11
11.88
 21
36.78
  0
LINE
  8
0
 10
55.08
 20
36.78
 11
55.08
 21
36.788
  0
LINE
  8
0
 10
55.08
 20
36.788
 11
60.12
 21
36.788
  0
LINE
  8
0
 10
60.12
 20
36.788
 11
60.12
 21
36.78
  0
LINE
  8
0
 10
60.12
 20
36.78
 11
55.08
 21
36.78
  0
LINE
  8
0
 10
40.68
 20
36.78
 11
40.68
 21
36.788
  0
LINE
  8
0
 10
40.68
 20
36.788
 11
45.72
 21
36.788
  0
LINE
  8
0
 10
45.72
 20
36.788
 11
45.72
 21
36.78
  0
LINE
  8
0
 10
45.72
 20
36.78
 11
40.68
 21
36.78
  0
LINE
  8
0
 10
26.28
 20
36.78
 11
26.28
 21
36.788
  0
LINE
  8
0
 10
26.28
 20
36.788
 11
31.32
 21
36.788
  0
LINE
  8
0
 10
31.32
 20
36.788
 11
31.32
 21
36.78
  0
LINE
  8
0
 10
31.32
 20
36.78
 11
26.28
 21
36.78
  0
LINE
  8
0
 10
-2.51999
 20
36.748
 11
-2.51999
 21
36.756
  0
LINE
  8
0
 10
-2.51999
 20
36.756
 11
2.51999
 21
36.756
  0
LINE
  8
0
 10
2.51999
 20
36.756
 11
2.51999
 21
36.748
  0
LINE
  8
0
 10
2.51999
 20
36.748
 11
-2.51999
 21
36.748
  0
LINE
  8
0
 10
11.88
 20
36.748
 11
11.88
 21
36.756
  0
LINE
  8
0
 10
11.88
 20
36.756
 11
16.92
 21
36.756
  0
LINE
  8
0
 10
16.92
 20
36.756
 11
16.92
 21
36.748
  0
LINE
  8
0
 10
16.92
 20
36.748
 11
11.88
 21
36.748
  0
LINE
  8
0
 10
55.08
 20
36.748
 11
55.08
 21
36.756
  0
LINE
  8
0
 10
55.08
 20
36.756
 11
60.12
 21
36.756
  0
LINE
  8
0
 10
60.12
 20
36.756
 11
60.12
 21
36.748
  0
LINE
  8
0
 10
60.12
 20
36.748
 11
55.08
 21
36.748
  0
LINE
  8
0
 10
69.48
 20
36.748
 11
69.48
 21
36.756
  0
LINE
  8
0
 10
69.48
 20
36.756
 11
74.52
 21
36.756
  0
LINE
  8
0
 10
74.52
 20
36.756
 11
74.52
 21
36.748
  0
LINE
  8
0
 10
74.52
 20
36.748
 11
69.48
 21
36.748
  0
LINE
  8
0
 10
40.68
 20
36.748
 11
40.68
 21
36.756
  0
LINE
  8
0
 10
40.68
 20
36.756
 11
45.72
 21
36.756
  0
LINE
  8
0
 10
45.72
 20
36.756
 11
45.72
 21
36.748
  0
LINE
  8
0
 10
45.72
 20
36.748
 11
40.68
 21
36.748
  0
LINE
  8
0
 10
26.28
 20
36.748
 11
26.28
 21
36.756
  0
LINE
  8
0
 10
26.28
 20
36.756
 11
31.32
 21
36.756
  0
LINE
  8
0
 10
31.32
 20
36.756
 11
31.32
 21
36.748
  0
LINE
  8
0
 10
31.32
 20
36.748
 11
26.28
 21
36.748
  0
LINE
  8
0
 10
-2.51999
 20
36.716
 11
-2.51999
 21
36.724
  0
LINE
  8
0
 10
-2.51999
 20
36.724
 11
2.51999
 21
36.724
  0
LINE
  8
0
 10
2.51999
 20
36.724
 11
2.51999
 21
36.716
  0
LINE
  8
0
 10
2.51999
 20
36.716
 11
-2.51999
 21
36.716
  0
LINE
  8
0
 10
11.88
 20
36.716
 11
11.88
 21
36.724
  0
LINE
  8
0
 10
11.88
 20
36.724
 11
16.92
 21
36.724
  0
LINE
  8
0
 10
16.92
 20
36.724
 11
16.92
 21
36.716
  0
LINE
  8
0
 10
16.92
 20
36.716
 11
11.88
 21
36.716
  0
LINE
  8
0
 10
69.48
 20
36.716
 11
69.48
 21
36.724
  0
LINE
  8
0
 10
69.48
 20
36.724
 11
74.52
 21
36.724
  0
LINE
  8
0
 10
74.52
 20
36.724
 11
74.52
 21
36.716
  0
LINE
  8
0
 10
74.52
 20
36.716
 11
69.48
 21
36.716
  0
LINE
  8
0
 10
26.28
 20
36.716
 11
26.28
 21
36.724
  0
LINE
  8
0
 10
26.28
 20
36.724
 11
31.32
 21
36.724
  0
LINE
  8
0
 10
31.32
 20
36.724
 11
31.32
 21
36.716
  0
LINE
  8
0
 10
31.32
 20
36.716
 11
26.28
 21
36.716
  0
LINE
  8
0
 10
40.68
 20
36.716
 11
40.68
 21
36.724
  0
LINE
  8
0
 10
40.68
 20
36.724
 11
45.72
 21
36.724
  0
LINE
  8
0
 10
45.72
 20
36.724
 11
45.72
 21
36.716
  0
LINE
  8
0
 10
45.72
 20
36.716
 11
40.68
 21
36.716
  0
LINE
  8
0
 10
55.08
 20
36.716
 11
55.08
 21
36.724
  0
LINE
  8
0
 10
55.08
 20
36.724
 11
60.12
 21
36.724
  0
LINE
  8
0
 10
60.12
 20
36.724
 11
60.12
 21
36.716
  0
LINE
  8
0
 10
60.12
 20
36.716
 11
55.08
 21
36.716
  0
LINE
  8
0
 10
26.28
 20
36.684
 11
26.28
 21
36.692
  0
LINE
  8
0
 10
26.28
 20
36.692
 11
31.32
 21
36.692
  0
LINE
  8
0
 10
31.32
 20
36.692
 11
31.32
 21
36.684
  0
LINE
  8
0
 10
31.32
 20
36.684
 11
26.28
 21
36.684
  0
LINE
  8
0
 10
40.68
 20
36.684
 11
40.68
 21
36.692
  0
LINE
  8
0
 10
40.68
 20
36.692
 11
45.72
 21
36.692
  0
LINE
  8
0
 10
45.72
 20
36.692
 11
45.72
 21
36.684
  0
LINE
  8
0
 10
45.72
 20
36.684
 11
40.68
 21
36.684
  0
LINE
  8
0
 10
11.88
 20
36.684
 11
11.88
 21
36.692
  0
LINE
  8
0
 10
11.88
 20
36.692
 11
16.92
 21
36.692
  0
LINE
  8
0
 10
16.92
 20
36.692
 11
16.92
 21
36.684
  0
LINE
  8
0
 10
16.92
 20
36.684
 11
11.88
 21
36.684
  0
LINE
  8
0
 10
-2.51999
 20
36.684
 11
-2.51999
 21
36.692
  0
LINE
  8
0
 10
-2.51999
 20
36.692
 11
2.51999
 21
36.692
  0
LINE
  8
0
 10
2.51999
 20
36.692
 11
2.51999
 21
36.684
  0
LINE
  8
0
 10
2.51999
 20
36.684
 11
-2.51999
 21
36.684
  0
LINE
  8
0
 10
55.08
 20
36.684
 11
55.08
 21
36.692
  0
LINE
  8
0
 10
55.08
 20
36.692
 11
60.12
 21
36.692
  0
LINE
  8
0
 10
60.12
 20
36.692
 11
60.12
 21
36.684
  0
LINE
  8
0
 10
60.12
 20
36.684
 11
55.08
 21
36.684
  0
LINE
  8
0
 10
69.48
 20
36.684
 11
69.48
 21
36.692
  0
LINE
  8
0
 10
69.48
 20
36.692
 11
74.52
 21
36.692
  0
LINE
  8
0
 10
74.52
 20
36.692
 11
74.52
 21
36.684
  0
LINE
  8
0
 10
74.52
 20
36.684
 11
69.48
 21
36.684
  0
LINE
  8
0
 10
40.68
 20
36.652
 11
40.68
 21
36.66
  0
LINE
  8
0
 10
40.68
 20
36.66
 11
45.72
 21
36.66
  0
LINE
  8
0
 10
45.72
 20
36.66
 11
45.72
 21
36.652
  0
LINE
  8
0
 10
45.72
 20
36.652
 11
40.68
 21
36.652
  0
LINE
  8
0
 10
55.08
 20
36.652
 11
55.08
 21
36.66
  0
LINE
  8
0
 10
55.08
 20
36.66
 11
60.12
 21
36.66
  0
LINE
  8
0
 10
60.12
 20
36.66
 11
60.12
 21
36.652
  0
LINE
  8
0
 10
60.12
 20
36.652
 11
55.08
 21
36.652
  0
LINE
  8
0
 10
-2.51999
 20
36.652
 11
-2.51999
 21
36.66
  0
LINE
  8
0
 10
-2.51999
 20
36.66
 11
2.51999
 21
36.66
  0
LINE
  8
0
 10
2.51999
 20
36.66
 11
2.51999
 21
36.652
  0
LINE
  8
0
 10
2.51999
 20
36.652
 11
-2.51999
 21
36.652
  0
LINE
  8
0
 10
26.28
 20
36.652
 11
26.28
 21
36.66
  0
LINE
  8
0
 10
26.28
 20
36.66
 11
31.32
 21
36.66
  0
LINE
  8
0
 10
31.32
 20
36.66
 11
31.32
 21
36.652
  0
LINE
  8
0
 10
31.32
 20
36.652
 11
26.28
 21
36.652
  0
LINE
  8
0
 10
11.88
 20
36.652
 11
11.88
 21
36.66
  0
LINE
  8
0
 10
11.88
 20
36.66
 11
16.92
 21
36.66
  0
LINE
  8
0
 10
16.92
 20
36.66
 11
16.92
 21
36.652
  0
LINE
  8
0
 10
16.92
 20
36.652
 11
11.88
 21
36.652
  0
LINE
  8
0
 10
69.48
 20
36.652
 11
69.48
 21
36.66
  0
LINE
  8
0
 10
69.48
 20
36.66
 11
74.52
 21
36.66
  0
LINE
  8
0
 10
74.52
 20
36.66
 11
74.52
 21
36.652
  0
LINE
  8
0
 10
74.52
 20
36.652
 11
69.48
 21
36.652
  0
LINE
  8
0
 10
11.88
 20
36.62
 11
11.88
 21
36.628
  0
LINE
  8
0
 10
11.88
 20
36.628
 11
16.92
 21
36.628
  0
LINE
  8
0
 10
16.92
 20
36.628
 11
16.92
 21
36.62
  0
LINE
  8
0
 10
16.92
 20
36.62
 11
11.88
 21
36.62
  0
LINE
  8
0
 10
40.68
 20
36.62
 11
40.68
 21
36.628
  0
LINE
  8
0
 10
40.68
 20
36.628
 11
45.72
 21
36.628
  0
LINE
  8
0
 10
45.72
 20
36.628
 11
45.72
 21
36.62
  0
LINE
  8
0
 10
45.72
 20
36.62
 11
40.68
 21
36.62
  0
LINE
  8
0
 10
-2.51999
 20
36.62
 11
-2.51999
 21
36.628
  0
LINE
  8
0
 10
-2.51999
 20
36.628
 11
2.51999
 21
36.628
  0
LINE
  8
0
 10
2.51999
 20
36.628
 11
2.51999
 21
36.62
  0
LINE
  8
0
 10
2.51999
 20
36.62
 11
-2.51999
 21
36.62
  0
LINE
  8
0
 10
26.28
 20
36.62
 11
26.28
 21
36.628
  0
LINE
  8
0
 10
26.28
 20
36.628
 11
31.32
 21
36.628
  0
LINE
  8
0
 10
31.32
 20
36.628
 11
31.32
 21
36.62
  0
LINE
  8
0
 10
31.32
 20
36.62
 11
26.28
 21
36.62
  0
LINE
  8
0
 10
69.48
 20
36.62
 11
69.48
 21
36.628
  0
LINE
  8
0
 10
69.48
 20
36.628
 11
74.52
 21
36.628
  0
LINE
  8
0
 10
74.52
 20
36.628
 11
74.52
 21
36.62
  0
LINE
  8
0
 10
74.52
 20
36.62
 11
69.48
 21
36.62
  0
LINE
  8
0
 10
55.08
 20
36.62
 11
55.08
 21
36.628
  0
LINE
  8
0
 10
55.08
 20
36.628
 11
60.12
 21
36.628
  0
LINE
  8
0
 10
60.12
 20
36.628
 11
60.12
 21
36.62
  0
LINE
  8
0
 10
60.12
 20
36.62
 11
55.08
 21
36.62
  0
LINE
  8
0
 10
11.88
 20
36.588
 11
11.88
 21
36.596
  0
LINE
  8
0
 10
11.88
 20
36.596
 11
16.92
 21
36.596
  0
LINE
  8
0
 10
16.92
 20
36.596
 11
16.92
 21
36.588
  0
LINE
  8
0
 10
16.92
 20
36.588
 11
11.88
 21
36.588
  0
LINE
  8
0
 10
-2.51999
 20
36.588
 11
-2.51999
 21
36.596
  0
LINE
  8
0
 10
-2.51999
 20
36.596
 11
2.51999
 21
36.596
  0
LINE
  8
0
 10
2.51999
 20
36.596
 11
2.51999
 21
36.588
  0
LINE
  8
0
 10
2.51999
 20
36.588
 11
-2.51999
 21
36.588
  0
LINE
  8
0
 10
55.08
 20
36.588
 11
55.08
 21
36.596
  0
LINE
  8
0
 10
55.08
 20
36.596
 11
60.12
 21
36.596
  0
LINE
  8
0
 10
60.12
 20
36.596
 11
60.12
 21
36.588
  0
LINE
  8
0
 10
60.12
 20
36.588
 11
55.08
 21
36.588
  0
LINE
  8
0
 10
26.28
 20
36.588
 11
26.28
 21
36.596
  0
LINE
  8
0
 10
26.28
 20
36.596
 11
31.32
 21
36.596
  0
LINE
  8
0
 10
31.32
 20
36.596
 11
31.32
 21
36.588
  0
LINE
  8
0
 10
31.32
 20
36.588
 11
26.28
 21
36.588
  0
LINE
  8
0
 10
40.68
 20
36.588
 11
40.68
 21
36.596
  0
LINE
  8
0
 10
40.68
 20
36.596
 11
45.72
 21
36.596
  0
LINE
  8
0
 10
45.72
 20
36.596
 11
45.72
 21
36.588
  0
LINE
  8
0
 10
45.72
 20
36.588
 11
40.68
 21
36.588
  0
LINE
  8
0
 10
69.48
 20
36.588
 11
69.48
 21
36.596
  0
LINE
  8
0
 10
69.48
 20
36.596
 11
74.52
 21
36.596
  0
LINE
  8
0
 10
74.52
 20
36.596
 11
74.52
 21
36.588
  0
LINE
  8
0
 10
74.52
 20
36.588
 11
69.48
 21
36.588
  0
LINE
  8
0
 10
26.28
 20
36.556
 11
26.28
 21
36.564
  0
LINE
  8
0
 10
26.28
 20
36.564
 11
31.32
 21
36.564
  0
LINE
  8
0
 10
31.32
 20
36.564
 11
31.32
 21
36.556
  0
LINE
  8
0
 10
31.32
 20
36.556
 11
26.28
 21
36.556
  0
LINE
  8
0
 10
69.48
 20
36.556
 11
69.48
 21
36.564
  0
LINE
  8
0
 10
69.48
 20
36.564
 11
74.52
 21
36.564
  0
LINE
  8
0
 10
74.52
 20
36.564
 11
74.52
 21
36.556
  0
LINE
  8
0
 10
74.52
 20
36.556
 11
69.48
 21
36.556
  0
LINE
  8
0
 10
40.68
 20
36.556
 11
40.68
 21
36.564
  0
LINE
  8
0
 10
40.68
 20
36.564
 11
45.72
 21
36.564
  0
LINE
  8
0
 10
45.72
 20
36.564
 11
45.72
 21
36.556
  0
LINE
  8
0
 10
45.72
 20
36.556
 11
40.68
 21
36.556
  0
LINE
  8
0
 10
11.88
 20
36.556
 11
11.88
 21
36.564
  0
LINE
  8
0
 10
11.88
 20
36.564
 11
16.92
 21
36.564
  0
LINE
  8
0
 10
16.92
 20
36.564
 11
16.92
 21
36.556
  0
LINE
  8
0
 10
16.92
 20
36.556
 11
11.88
 21
36.556
  0
LINE
  8
0
 10
55.08
 20
36.556
 11
55.08
 21
36.564
  0
LINE
  8
0
 10
55.08
 20
36.564
 11
60.12
 21
36.564
  0
LINE
  8
0
 10
60.12
 20
36.564
 11
60.12
 21
36.556
  0
LINE
  8
0
 10
60.12
 20
36.556
 11
55.08
 21
36.556
  0
LINE
  8
0
 10
-2.51999
 20
36.556
 11
-2.51999
 21
36.564
  0
LINE
  8
0
 10
-2.51999
 20
36.564
 11
2.51999
 21
36.564
  0
LINE
  8
0
 10
2.51999
 20
36.564
 11
2.51999
 21
36.556
  0
LINE
  8
0
 10
2.51999
 20
36.556
 11
-2.51999
 21
36.556
  0
LINE
  8
0
 10
40.68
 20
36.524
 11
40.68
 21
36.532
  0
LINE
  8
0
 10
40.68
 20
36.532
 11
45.72
 21
36.532
  0
LINE
  8
0
 10
45.72
 20
36.532
 11
45.72
 21
36.524
  0
LINE
  8
0
 10
45.72
 20
36.524
 11
40.68
 21
36.524
  0
LINE
  8
0
 10
69.48
 20
36.524
 11
69.48
 21
36.532
  0
LINE
  8
0
 10
69.48
 20
36.532
 11
74.52
 21
36.532
  0
LINE
  8
0
 10
74.52
 20
36.532
 11
74.52
 21
36.524
  0
LINE
  8
0
 10
74.52
 20
36.524
 11
69.48
 21
36.524
  0
LINE
  8
0
 10
26.28
 20
36.524
 11
26.28
 21
36.532
  0
LINE
  8
0
 10
26.28
 20
36.532
 11
31.32
 21
36.532
  0
LINE
  8
0
 10
31.32
 20
36.532
 11
31.32
 21
36.524
  0
LINE
  8
0
 10
31.32
 20
36.524
 11
26.28
 21
36.524
  0
LINE
  8
0
 10
11.88
 20
36.524
 11
11.88
 21
36.532
  0
LINE
  8
0
 10
11.88
 20
36.532
 11
16.92
 21
36.532
  0
LINE
  8
0
 10
16.92
 20
36.532
 11
16.92
 21
36.524
  0
LINE
  8
0
 10
16.92
 20
36.524
 11
11.88
 21
36.524
  0
LINE
  8
0
 10
55.08
 20
36.524
 11
55.08
 21
36.532
  0
LINE
  8
0
 10
55.08
 20
36.532
 11
60.12
 21
36.532
  0
LINE
  8
0
 10
60.12
 20
36.532
 11
60.12
 21
36.524
  0
LINE
  8
0
 10
60.12
 20
36.524
 11
55.08
 21
36.524
  0
LINE
  8
0
 10
-2.51999
 20
36.524
 11
-2.51999
 21
36.532
  0
LINE
  8
0
 10
-2.51999
 20
36.532
 11
2.51999
 21
36.532
  0
LINE
  8
0
 10
2.51999
 20
36.532
 11
2.51999
 21
36.524
  0
LINE
  8
0
 10
2.51999
 20
36.524
 11
-2.51999
 21
36.524
  0
LINE
  8
0
 10
55.08
 20
36.492
 11
55.08
 21
36.5
  0
LINE
  8
0
 10
55.08
 20
36.5
 11
60.12
 21
36.5
  0
LINE
  8
0
 10
60.12
 20
36.5
 11
60.12
 21
36.492
  0
LINE
  8
0
 10
60.12
 20
36.492
 11
55.08
 21
36.492
  0
LINE
  8
0
 10
69.48
 20
36.492
 11
69.48
 21
36.5
  0
LINE
  8
0
 10
69.48
 20
36.5
 11
74.52
 21
36.5
  0
LINE
  8
0
 10
74.52
 20
36.5
 11
74.52
 21
36.492
  0
LINE
  8
0
 10
74.52
 20
36.492
 11
69.48
 21
36.492
  0
LINE
  8
0
 10
11.88
 20
36.492
 11
11.88
 21
36.5
  0
LINE
  8
0
 10
11.88
 20
36.5
 11
16.92
 21
36.5
  0
LINE
  8
0
 10
16.92
 20
36.5
 11
16.92
 21
36.492
  0
LINE
  8
0
 10
16.92
 20
36.492
 11
11.88
 21
36.492
  0
LINE
  8
0
 10
40.68
 20
36.492
 11
40.68
 21
36.5
  0
LINE
  8
0
 10
40.68
 20
36.5
 11
45.72
 21
36.5
  0
LINE
  8
0
 10
45.72
 20
36.5
 11
45.72
 21
36.492
  0
LINE
  8
0
 10
45.72
 20
36.492
 11
40.68
 21
36.492
  0
LINE
  8
0
 10
26.28
 20
36.492
 11
26.28
 21
36.5
  0
LINE
  8
0
 10
26.28
 20
36.5
 11
31.32
 21
36.5
  0
LINE
  8
0
 10
31.32
 20
36.5
 11
31.32
 21
36.492
  0
LINE
  8
0
 10
31.32
 20
36.492
 11
26.28
 21
36.492
  0
LINE
  8
0
 10
-2.51999
 20
36.492
 11
-2.51999
 21
36.5
  0
LINE
  8
0
 10
-2.51999
 20
36.5
 11
2.51999
 21
36.5
  0
LINE
  8
0
 10
2.51999
 20
36.5
 11
2.51999
 21
36.492
  0
LINE
  8
0
 10
2.51999
 20
36.492
 11
-2.51999
 21
36.492
  0
LINE
  8
0
 10
26.28
 20
36.46
 11
26.28
 21
36.468
  0
LINE
  8
0
 10
26.28
 20
36.468
 11
31.32
 21
36.468
  0
LINE
  8
0
 10
31.32
 20
36.468
 11
31.32
 21
36.46
  0
LINE
  8
0
 10
31.32
 20
36.46
 11
26.28
 21
36.46
  0
LINE
  8
0
 10
55.08
 20
36.46
 11
55.08
 21
36.468
  0
LINE
  8
0
 10
55.08
 20
36.468
 11
60.12
 21
36.468
  0
LINE
  8
0
 10
60.12
 20
36.468
 11
60.12
 21
36.46
  0
LINE
  8
0
 10
60.12
 20
36.46
 11
55.08
 21
36.46
  0
LINE
  8
0
 10
69.48
 20
36.46
 11
69.48
 21
36.468
  0
LINE
  8
0
 10
69.48
 20
36.468
 11
74.52
 21
36.468
  0
LINE
  8
0
 10
74.52
 20
36.468
 11
74.52
 21
36.46
  0
LINE
  8
0
 10
74.52
 20
36.46
 11
69.48
 21
36.46
  0
LINE
  8
0
 10
-2.51999
 20
36.46
 11
-2.51999
 21
36.468
  0
LINE
  8
0
 10
-2.51999
 20
36.468
 11
2.51999
 21
36.468
  0
LINE
  8
0
 10
2.51999
 20
36.468
 11
2.51999
 21
36.46
  0
LINE
  8
0
 10
2.51999
 20
36.46
 11
-2.51999
 21
36.46
  0
LINE
  8
0
 10
11.88
 20
36.46
 11
11.88
 21
36.468
  0
LINE
  8
0
 10
11.88
 20
36.468
 11
16.92
 21
36.468
  0
LINE
  8
0
 10
16.92
 20
36.468
 11
16.92
 21
36.46
  0
LINE
  8
0
 10
16.92
 20
36.46
 11
11.88
 21
36.46
  0
LINE
  8
0
 10
40.68
 20
36.46
 11
40.68
 21
36.468
  0
LINE
  8
0
 10
40.68
 20
36.468
 11
45.72
 21
36.468
  0
LINE
  8
0
 10
45.72
 20
36.468
 11
45.72
 21
36.46
  0
LINE
  8
0
 10
45.72
 20
36.46
 11
40.68
 21
36.46
  0
LINE
  8
0
 10
26.28
 20
36.428
 11
26.28
 21
36.436
  0
LINE
  8
0
 10
26.28
 20
36.436
 11
31.32
 21
36.436
  0
LINE
  8
0
 10
31.32
 20
36.436
 11
31.32
 21
36.428
  0
LINE
  8
0
 10
31.32
 20
36.428
 11
26.28
 21
36.428
  0
LINE
  8
0
 10
40.68
 20
36.428
 11
40.68
 21
36.436
  0
LINE
  8
0
 10
40.68
 20
36.436
 11
45.72
 21
36.436
  0
LINE
  8
0
 10
45.72
 20
36.436
 11
45.72
 21
36.428
  0
LINE
  8
0
 10
45.72
 20
36.428
 11
40.68
 21
36.428
  0
LINE
  8
0
 10
69.48
 20
36.428
 11
69.48
 21
36.436
  0
LINE
  8
0
 10
69.48
 20
36.436
 11
74.52
 21
36.436
  0
LINE
  8
0
 10
74.52
 20
36.436
 11
74.52
 21
36.428
  0
LINE
  8
0
 10
74.52
 20
36.428
 11
69.48
 21
36.428
  0
LINE
  8
0
 10
11.88
 20
36.428
 11
11.88
 21
36.436
  0
LINE
  8
0
 10
11.88
 20
36.436
 11
16.92
 21
36.436
  0
LINE
  8
0
 10
16.92
 20
36.436
 11
16.92
 21
36.428
  0
LINE
  8
0
 10
16.92
 20
36.428
 11
11.88
 21
36.428
  0
LINE
  8
0
 10
-2.51999
 20
36.428
 11
-2.51999
 21
36.436
  0
LINE
  8
0
 10
-2.51999
 20
36.436
 11
2.51999
 21
36.436
  0
LINE
  8
0
 10
2.51999
 20
36.436
 11
2.51999
 21
36.428
  0
LINE
  8
0
 10
2.51999
 20
36.428
 11
-2.51999
 21
36.428
  0
LINE
  8
0
 10
55.08
 20
36.428
 11
55.08
 21
36.436
  0
LINE
  8
0
 10
55.08
 20
36.436
 11
60.12
 21
36.436
  0
LINE
  8
0
 10
60.12
 20
36.436
 11
60.12
 21
36.428
  0
LINE
  8
0
 10
60.12
 20
36.428
 11
55.08
 21
36.428
  0
LINE
  8
0
 10
40.68
 20
36.396
 11
40.68
 21
36.404
  0
LINE
  8
0
 10
40.68
 20
36.404
 11
45.72
 21
36.404
  0
LINE
  8
0
 10
45.72
 20
36.404
 11
45.72
 21
36.396
  0
LINE
  8
0
 10
45.72
 20
36.396
 11
40.68
 21
36.396
  0
LINE
  8
0
 10
55.08
 20
36.396
 11
55.08
 21
36.404
  0
LINE
  8
0
 10
55.08
 20
36.404
 11
60.12
 21
36.404
  0
LINE
  8
0
 10
60.12
 20
36.404
 11
60.12
 21
36.396
  0
LINE
  8
0
 10
60.12
 20
36.396
 11
55.08
 21
36.396
  0
LINE
  8
0
 10
11.88
 20
36.396
 11
11.88
 21
36.404
  0
LINE
  8
0
 10
11.88
 20
36.404
 11
16.92
 21
36.404
  0
LINE
  8
0
 10
16.92
 20
36.404
 11
16.92
 21
36.396
  0
LINE
  8
0
 10
16.92
 20
36.396
 11
11.88
 21
36.396
  0
LINE
  8
0
 10
26.28
 20
36.396
 11
26.28
 21
36.404
  0
LINE
  8
0
 10
26.28
 20
36.404
 11
31.32
 21
36.404
  0
LINE
  8
0
 10
31.32
 20
36.404
 11
31.32
 21
36.396
  0
LINE
  8
0
 10
31.32
 20
36.396
 11
26.28
 21
36.396
  0
LINE
  8
0
 10
69.48
 20
36.396
 11
69.48
 21
36.404
  0
LINE
  8
0
 10
69.48
 20
36.404
 11
74.52
 21
36.404
  0
LINE
  8
0
 10
74.52
 20
36.404
 11
74.52
 21
36.396
  0
LINE
  8
0
 10
74.52
 20
36.396
 11
69.48
 21
36.396
  0
LINE
  8
0
 10
-2.51999
 20
36.396
 11
-2.51999
 21
36.404
  0
LINE
  8
0
 10
-2.51999
 20
36.404
 11
2.51999
 21
36.404
  0
LINE
  8
0
 10
2.51999
 20
36.404
 11
2.51999
 21
36.396
  0
LINE
  8
0
 10
2.51999
 20
36.396
 11
-2.51999
 21
36.396
  0
LINE
  8
0
 10
69.48
 20
36.364
 11
69.48
 21
36.372
  0
LINE
  8
0
 10
69.48
 20
36.372
 11
74.52
 21
36.372
  0
LINE
  8
0
 10
74.52
 20
36.372
 11
74.52
 21
36.364
  0
LINE
  8
0
 10
74.52
 20
36.364
 11
69.48
 21
36.364
  0
LINE
  8
0
 10
55.08
 20
36.364
 11
55.08
 21
36.372
  0
LINE
  8
0
 10
55.08
 20
36.372
 11
60.12
 21
36.372
  0
LINE
  8
0
 10
60.12
 20
36.372
 11
60.12
 21
36.364
  0
LINE
  8
0
 10
60.12
 20
36.364
 11
55.08
 21
36.364
  0
LINE
  8
0
 10
40.68
 20
36.364
 11
40.68
 21
36.372
  0
LINE
  8
0
 10
40.68
 20
36.372
 11
45.72
 21
36.372
  0
LINE
  8
0
 10
45.72
 20
36.372
 11
45.72
 21
36.364
  0
LINE
  8
0
 10
45.72
 20
36.364
 11
40.68
 21
36.364
  0
LINE
  8
0
 10
11.88
 20
36.364
 11
11.88
 21
36.372
  0
LINE
  8
0
 10
11.88
 20
36.372
 11
16.92
 21
36.372
  0
LINE
  8
0
 10
16.92
 20
36.372
 11
16.92
 21
36.364
  0
LINE
  8
0
 10
16.92
 20
36.364
 11
11.88
 21
36.364
  0
LINE
  8
0
 10
-2.51999
 20
36.364
 11
-2.51999
 21
36.372
  0
LINE
  8
0
 10
-2.51999
 20
36.372
 11
2.51999
 21
36.372
  0
LINE
  8
0
 10
2.51999
 20
36.372
 11
2.51999
 21
36.364
  0
LINE
  8
0
 10
2.51999
 20
36.364
 11
-2.51999
 21
36.364
  0
LINE
  8
0
 10
26.28
 20
36.364
 11
26.28
 21
36.372
  0
LINE
  8
0
 10
26.28
 20
36.372
 11
31.32
 21
36.372
  0
LINE
  8
0
 10
31.32
 20
36.372
 11
31.32
 21
36.364
  0
LINE
  8
0
 10
31.32
 20
36.364
 11
26.28
 21
36.364
  0
LINE
  8
0
 10
40.68
 20
36.332
 11
40.68
 21
36.34
  0
LINE
  8
0
 10
40.68
 20
36.34
 11
45.72
 21
36.34
  0
LINE
  8
0
 10
45.72
 20
36.34
 11
45.72
 21
36.332
  0
LINE
  8
0
 10
45.72
 20
36.332
 11
40.68
 21
36.332
  0
LINE
  8
0
 10
-2.51999
 20
36.332
 11
-2.51999
 21
36.34
  0
LINE
  8
0
 10
-2.51999
 20
36.34
 11
2.51999
 21
36.34
  0
LINE
  8
0
 10
2.51999
 20
36.34
 11
2.51999
 21
36.332
  0
LINE
  8
0
 10
2.51999
 20
36.332
 11
-2.51999
 21
36.332
  0
LINE
  8
0
 10
26.28
 20
36.332
 11
26.28
 21
36.34
  0
LINE
  8
0
 10
26.28
 20
36.34
 11
31.32
 21
36.34
  0
LINE
  8
0
 10
31.32
 20
36.34
 11
31.32
 21
36.332
  0
LINE
  8
0
 10
31.32
 20
36.332
 11
26.28
 21
36.332
  0
LINE
  8
0
 10
11.88
 20
36.332
 11
11.88
 21
36.34
  0
LINE
  8
0
 10
11.88
 20
36.34
 11
16.92
 21
36.34
  0
LINE
  8
0
 10
16.92
 20
36.34
 11
16.92
 21
36.332
  0
LINE
  8
0
 10
16.92
 20
36.332
 11
11.88
 21
36.332
  0
LINE
  8
0
 10
69.48
 20
36.332
 11
69.48
 21
36.34
  0
LINE
  8
0
 10
69.48
 20
36.34
 11
74.52
 21
36.34
  0
LINE
  8
0
 10
74.52
 20
36.34
 11
74.52
 21
36.332
  0
LINE
  8
0
 10
74.52
 20
36.332
 11
69.48
 21
36.332
  0
LINE
  8
0
 10
55.08
 20
36.332
 11
55.08
 21
36.34
  0
LINE
  8
0
 10
55.08
 20
36.34
 11
60.12
 21
36.34
  0
LINE
  8
0
 10
60.12
 20
36.34
 11
60.12
 21
36.332
  0
LINE
  8
0
 10
60.12
 20
36.332
 11
55.08
 21
36.332
  0
LINE
  8
0
 10
26.28
 20
36.3
 11
26.28
 21
36.308
  0
LINE
  8
0
 10
26.28
 20
36.308
 11
31.32
 21
36.308
  0
LINE
  8
0
 10
31.32
 20
36.308
 11
31.32
 21
36.3
  0
LINE
  8
0
 10
31.32
 20
36.3
 11
26.28
 21
36.3
  0
LINE
  8
0
 10
69.48
 20
36.3
 11
69.48
 21
36.308
  0
LINE
  8
0
 10
69.48
 20
36.308
 11
74.52
 21
36.308
  0
LINE
  8
0
 10
74.52
 20
36.308
 11
74.52
 21
36.3
  0
LINE
  8
0
 10
74.52
 20
36.3
 11
69.48
 21
36.3
  0
LINE
  8
0
 10
-2.51999
 20
36.3
 11
-2.51999
 21
36.308
  0
LINE
  8
0
 10
-2.51999
 20
36.308
 11
2.51999
 21
36.308
  0
LINE
  8
0
 10
2.51999
 20
36.308
 11
2.51999
 21
36.3
  0
LINE
  8
0
 10
2.51999
 20
36.3
 11
-2.51999
 21
36.3
  0
LINE
  8
0
 10
40.68
 20
36.3
 11
40.68
 21
36.308
  0
LINE
  8
0
 10
40.68
 20
36.308
 11
45.72
 21
36.308
  0
LINE
  8
0
 10
45.72
 20
36.308
 11
45.72
 21
36.3
  0
LINE
  8
0
 10
45.72
 20
36.3
 11
40.68
 21
36.3
  0
LINE
  8
0
 10
11.88
 20
36.3
 11
11.88
 21
36.308
  0
LINE
  8
0
 10
11.88
 20
36.308
 11
16.92
 21
36.308
  0
LINE
  8
0
 10
16.92
 20
36.308
 11
16.92
 21
36.3
  0
LINE
  8
0
 10
16.92
 20
36.3
 11
11.88
 21
36.3
  0
LINE
  8
0
 10
55.08
 20
36.3
 11
55.08
 21
36.308
  0
LINE
  8
0
 10
55.08
 20
36.308
 11
60.12
 21
36.308
  0
LINE
  8
0
 10
60.12
 20
36.308
 11
60.12
 21
36.3
  0
LINE
  8
0
 10
60.12
 20
36.3
 11
55.08
 21
36.3
  0
LINE
  8
0
 10
11.88
 20
36.268
 11
11.88
 21
36.276
  0
LINE
  8
0
 10
11.88
 20
36.276
 11
16.92
 21
36.276
  0
LINE
  8
0
 10
16.92
 20
36.276
 11
16.92
 21
36.268
  0
LINE
  8
0
 10
16.92
 20
36.268
 11
11.88
 21
36.268
  0
LINE
  8
0
 10
40.68
 20
36.268
 11
40.68
 21
36.276
  0
LINE
  8
0
 10
40.68
 20
36.276
 11
45.72
 21
36.276
  0
LINE
  8
0
 10
45.72
 20
36.276
 11
45.72
 21
36.268
  0
LINE
  8
0
 10
45.72
 20
36.268
 11
40.68
 21
36.268
  0
LINE
  8
0
 10
69.48
 20
36.268
 11
69.48
 21
36.276
  0
LINE
  8
0
 10
69.48
 20
36.276
 11
74.52
 21
36.276
  0
LINE
  8
0
 10
74.52
 20
36.276
 11
74.52
 21
36.268
  0
LINE
  8
0
 10
74.52
 20
36.268
 11
69.48
 21
36.268
  0
LINE
  8
0
 10
26.28
 20
36.268
 11
26.28
 21
36.276
  0
LINE
  8
0
 10
26.28
 20
36.276
 11
31.32
 21
36.276
  0
LINE
  8
0
 10
31.32
 20
36.276
 11
31.32
 21
36.268
  0
LINE
  8
0
 10
31.32
 20
36.268
 11
26.28
 21
36.268
  0
LINE
  8
0
 10
55.08
 20
36.268
 11
55.08
 21
36.276
  0
LINE
  8
0
 10
55.08
 20
36.276
 11
60.12
 21
36.276
  0
LINE
  8
0
 10
60.12
 20
36.276
 11
60.12
 21
36.268
  0
LINE
  8
0
 10
60.12
 20
36.268
 11
55.08
 21
36.268
  0
LINE
  8
0
 10
-2.51999
 20
36.268
 11
-2.51999
 21
36.276
  0
LINE
  8
0
 10
-2.51999
 20
36.276
 11
2.51999
 21
36.276
  0
LINE
  8
0
 10
2.51999
 20
36.276
 11
2.51999
 21
36.268
  0
LINE
  8
0
 10
2.51999
 20
36.268
 11
-2.51999
 21
36.268
  0
LINE
  8
0
 10
69.48
 20
36.236
 11
69.48
 21
36.244
  0
LINE
  8
0
 10
69.48
 20
36.244
 11
74.52
 21
36.244
  0
LINE
  8
0
 10
74.52
 20
36.244
 11
74.52
 21
36.236
  0
LINE
  8
0
 10
74.52
 20
36.236
 11
69.48
 21
36.236
  0
LINE
  8
0
 10
55.08
 20
36.236
 11
55.08
 21
36.244
  0
LINE
  8
0
 10
55.08
 20
36.244
 11
60.12
 21
36.244
  0
LINE
  8
0
 10
60.12
 20
36.244
 11
60.12
 21
36.236
  0
LINE
  8
0
 10
60.12
 20
36.236
 11
55.08
 21
36.236
  0
LINE
  8
0
 10
26.28
 20
36.236
 11
26.28
 21
36.244
  0
LINE
  8
0
 10
26.28
 20
36.244
 11
31.32
 21
36.244
  0
LINE
  8
0
 10
31.32
 20
36.244
 11
31.32
 21
36.236
  0
LINE
  8
0
 10
31.32
 20
36.236
 11
26.28
 21
36.236
  0
LINE
  8
0
 10
40.68
 20
36.236
 11
40.68
 21
36.244
  0
LINE
  8
0
 10
40.68
 20
36.244
 11
45.72
 21
36.244
  0
LINE
  8
0
 10
45.72
 20
36.244
 11
45.72
 21
36.236
  0
LINE
  8
0
 10
45.72
 20
36.236
 11
40.68
 21
36.236
  0
LINE
  8
0
 10
-2.51999
 20
36.236
 11
-2.51999
 21
36.244
  0
LINE
  8
0
 10
-2.51999
 20
36.244
 11
2.51999
 21
36.244
  0
LINE
  8
0
 10
2.51999
 20
36.244
 11
2.51999
 21
36.236
  0
LINE
  8
0
 10
2.51999
 20
36.236
 11
-2.51999
 21
36.236
  0
LINE
  8
0
 10
11.88
 20
36.236
 11
11.88
 21
36.244
  0
LINE
  8
0
 10
11.88
 20
36.244
 11
16.92
 21
36.244
  0
LINE
  8
0
 10
16.92
 20
36.244
 11
16.92
 21
36.236
  0
LINE
  8
0
 10
16.92
 20
36.236
 11
11.88
 21
36.236
  0
LINE
  8
0
 10
55.08
 20
36.204
 11
55.08
 21
36.212
  0
LINE
  8
0
 10
55.08
 20
36.212
 11
60.12
 21
36.212
  0
LINE
  8
0
 10
60.12
 20
36.212
 11
60.12
 21
36.204
  0
LINE
  8
0
 10
60.12
 20
36.204
 11
55.08
 21
36.204
  0
LINE
  8
0
 10
40.68
 20
36.204
 11
40.68
 21
36.212
  0
LINE
  8
0
 10
40.68
 20
36.212
 11
45.72
 21
36.212
  0
LINE
  8
0
 10
45.72
 20
36.212
 11
45.72
 21
36.204
  0
LINE
  8
0
 10
45.72
 20
36.204
 11
40.68
 21
36.204
  0
LINE
  8
0
 10
11.88
 20
36.204
 11
11.88
 21
36.212
  0
LINE
  8
0
 10
11.88
 20
36.212
 11
16.92
 21
36.212
  0
LINE
  8
0
 10
16.92
 20
36.212
 11
16.92
 21
36.204
  0
LINE
  8
0
 10
16.92
 20
36.204
 11
11.88
 21
36.204
  0
LINE
  8
0
 10
-2.51999
 20
36.204
 11
-2.51999
 21
36.212
  0
LINE
  8
0
 10
-2.51999
 20
36.212
 11
2.51999
 21
36.212
  0
LINE
  8
0
 10
2.51999
 20
36.212
 11
2.51999
 21
36.204
  0
LINE
  8
0
 10
2.51999
 20
36.204
 11
-2.51999
 21
36.204
  0
LINE
  8
0
 10
69.48
 20
36.204
 11
69.48
 21
36.212
  0
LINE
  8
0
 10
69.48
 20
36.212
 11
74.52
 21
36.212
  0
LINE
  8
0
 10
74.52
 20
36.212
 11
74.52
 21
36.204
  0
LINE
  8
0
 10
74.52
 20
36.204
 11
69.48
 21
36.204
  0
LINE
  8
0
 10
26.28
 20
36.204
 11
26.28
 21
36.212
  0
LINE
  8
0
 10
26.28
 20
36.212
 11
31.32
 21
36.212
  0
LINE
  8
0
 10
31.32
 20
36.212
 11
31.32
 21
36.204
  0
LINE
  8
0
 10
31.32
 20
36.204
 11
26.28
 21
36.204
  0
LINE
  8
0
 10
11.88
 20
36.172
 11
11.88
 21
36.18
  0
LINE
  8
0
 10
11.88
 20
36.18
 11
16.92
 21
36.18
  0
LINE
  8
0
 10
16.92
 20
36.18
 11
16.92
 21
36.172
  0
LINE
  8
0
 10
16.92
 20
36.172
 11
11.88
 21
36.172
  0
LINE
  8
0
 10
69.48
 20
36.172
 11
69.48
 21
36.18
  0
LINE
  8
0
 10
69.48
 20
36.18
 11
74.52
 21
36.18
  0
LINE
  8
0
 10
74.52
 20
36.18
 11
74.52
 21
36.172
  0
LINE
  8
0
 10
74.52
 20
36.172
 11
69.48
 21
36.172
  0
LINE
  8
0
 10
26.28
 20
36.172
 11
26.28
 21
36.18
  0
LINE
  8
0
 10
26.28
 20
36.18
 11
31.32
 21
36.18
  0
LINE
  8
0
 10
31.32
 20
36.18
 11
31.32
 21
36.172
  0
LINE
  8
0
 10
31.32
 20
36.172
 11
26.28
 21
36.172
  0
LINE
  8
0
 10
40.68
 20
36.172
 11
40.68
 21
36.18
  0
LINE
  8
0
 10
40.68
 20
36.18
 11
45.72
 21
36.18
  0
LINE
  8
0
 10
45.72
 20
36.18
 11
45.72
 21
36.172
  0
LINE
  8
0
 10
45.72
 20
36.172
 11
40.68
 21
36.172
  0
LINE
  8
0
 10
-2.51999
 20
36.172
 11
-2.51999
 21
36.18
  0
LINE
  8
0
 10
-2.51999
 20
36.18
 11
2.51999
 21
36.18
  0
LINE
  8
0
 10
2.51999
 20
36.18
 11
2.51999
 21
36.172
  0
LINE
  8
0
 10
2.51999
 20
36.172
 11
-2.51999
 21
36.172
  0
LINE
  8
0
 10
55.08
 20
36.172
 11
55.08
 21
36.18
  0
LINE
  8
0
 10
55.08
 20
36.18
 11
60.12
 21
36.18
  0
LINE
  8
0
 10
60.12
 20
36.18
 11
60.12
 21
36.172
  0
LINE
  8
0
 10
60.12
 20
36.172
 11
55.08
 21
36.172
  0
LINE
  8
0
 10
26.28
 20
36.14
 11
26.28
 21
36.148
  0
LINE
  8
0
 10
26.28
 20
36.148
 11
31.32
 21
36.148
  0
LINE
  8
0
 10
31.32
 20
36.148
 11
31.32
 21
36.14
  0
LINE
  8
0
 10
31.32
 20
36.14
 11
26.28
 21
36.14
  0
LINE
  8
0
 10
11.88
 20
36.14
 11
11.88
 21
36.148
  0
LINE
  8
0
 10
11.88
 20
36.148
 11
16.92
 21
36.148
  0
LINE
  8
0
 10
16.92
 20
36.148
 11
16.92
 21
36.14
  0
LINE
  8
0
 10
16.92
 20
36.14
 11
11.88
 21
36.14
  0
LINE
  8
0
 10
-2.51999
 20
36.14
 11
-2.51999
 21
36.148
  0
LINE
  8
0
 10
-2.51999
 20
36.148
 11
2.51999
 21
36.148
  0
LINE
  8
0
 10
2.51999
 20
36.148
 11
2.51999
 21
36.14
  0
LINE
  8
0
 10
2.51999
 20
36.14
 11
-2.51999
 21
36.14
  0
LINE
  8
0
 10
40.68
 20
36.14
 11
40.68
 21
36.148
  0
LINE
  8
0
 10
40.68
 20
36.148
 11
45.72
 21
36.148
  0
LINE
  8
0
 10
45.72
 20
36.148
 11
45.72
 21
36.14
  0
LINE
  8
0
 10
45.72
 20
36.14
 11
40.68
 21
36.14
  0
LINE
  8
0
 10
55.08
 20
36.14
 11
55.08
 21
36.148
  0
LINE
  8
0
 10
55.08
 20
36.148
 11
60.12
 21
36.148
  0
LINE
  8
0
 10
60.12
 20
36.148
 11
60.12
 21
36.14
  0
LINE
  8
0
 10
60.12
 20
36.14
 11
55.08
 21
36.14
  0
LINE
  8
0
 10
69.48
 20
36.14
 11
69.48
 21
36.148
  0
LINE
  8
0
 10
69.48
 20
36.148
 11
74.52
 21
36.148
  0
LINE
  8
0
 10
74.52
 20
36.148
 11
74.52
 21
36.14
  0
LINE
  8
0
 10
74.52
 20
36.14
 11
69.48
 21
36.14
  0
LINE
  8
0
 10
69.48
 20
36.108
 11
69.48
 21
36.116
  0
LINE
  8
0
 10
69.48
 20
36.116
 11
74.52
 21
36.116
  0
LINE
  8
0
 10
74.52
 20
36.116
 11
74.52
 21
36.108
  0
LINE
  8
0
 10
74.52
 20
36.108
 11
69.48
 21
36.108
  0
LINE
  8
0
 10
-2.51999
 20
36.108
 11
-2.51999
 21
36.116
  0
LINE
  8
0
 10
-2.51999
 20
36.116
 11
2.51999
 21
36.116
  0
LINE
  8
0
 10
2.51999
 20
36.116
 11
2.51999
 21
36.108
  0
LINE
  8
0
 10
2.51999
 20
36.108
 11
-2.51999
 21
36.108
  0
LINE
  8
0
 10
55.08
 20
36.108
 11
55.08
 21
36.116
  0
LINE
  8
0
 10
55.08
 20
36.116
 11
60.12
 21
36.116
  0
LINE
  8
0
 10
60.12
 20
36.116
 11
60.12
 21
36.108
  0
LINE
  8
0
 10
60.12
 20
36.108
 11
55.08
 21
36.108
  0
LINE
  8
0
 10
40.68
 20
36.108
 11
40.68
 21
36.116
  0
LINE
  8
0
 10
40.68
 20
36.116
 11
45.72
 21
36.116
  0
LINE
  8
0
 10
45.72
 20
36.116
 11
45.72
 21
36.108
  0
LINE
  8
0
 10
45.72
 20
36.108
 11
40.68
 21
36.108
  0
LINE
  8
0
 10
11.88
 20
36.108
 11
11.88
 21
36.116
  0
LINE
  8
0
 10
11.88
 20
36.116
 11
16.92
 21
36.116
  0
LINE
  8
0
 10
16.92
 20
36.116
 11
16.92
 21
36.108
  0
LINE
  8
0
 10
16.92
 20
36.108
 11
11.88
 21
36.108
  0
LINE
  8
0
 10
26.28
 20
36.108
 11
26.28
 21
36.116
  0
LINE
  8
0
 10
26.28
 20
36.116
 11
31.32
 21
36.116
  0
LINE
  8
0
 10
31.32
 20
36.116
 11
31.32
 21
36.108
  0
LINE
  8
0
 10
31.32
 20
36.108
 11
26.28
 21
36.108
  0
LINE
  8
0
 10
-2.51999
 20
36.076
 11
-2.51999
 21
36.084
  0
LINE
  8
0
 10
-2.51999
 20
36.084
 11
2.51999
 21
36.084
  0
LINE
  8
0
 10
2.51999
 20
36.084
 11
2.51999
 21
36.076
  0
LINE
  8
0
 10
2.51999
 20
36.076
 11
-2.51999
 21
36.076
  0
LINE
  8
0
 10
26.28
 20
36.076
 11
26.28
 21
36.084
  0
LINE
  8
0
 10
26.28
 20
36.084
 11
31.32
 21
36.084
  0
LINE
  8
0
 10
31.32
 20
36.084
 11
31.32
 21
36.076
  0
LINE
  8
0
 10
31.32
 20
36.076
 11
26.28
 21
36.076
  0
LINE
  8
0
 10
11.88
 20
36.076
 11
11.88
 21
36.084
  0
LINE
  8
0
 10
11.88
 20
36.084
 11
16.92
 21
36.084
  0
LINE
  8
0
 10
16.92
 20
36.084
 11
16.92
 21
36.076
  0
LINE
  8
0
 10
16.92
 20
36.076
 11
11.88
 21
36.076
  0
LINE
  8
0
 10
40.68
 20
36.076
 11
40.68
 21
36.084
  0
LINE
  8
0
 10
40.68
 20
36.084
 11
45.72
 21
36.084
  0
LINE
  8
0
 10
45.72
 20
36.084
 11
45.72
 21
36.076
  0
LINE
  8
0
 10
45.72
 20
36.076
 11
40.68
 21
36.076
  0
LINE
  8
0
 10
55.08
 20
36.076
 11
55.08
 21
36.084
  0
LINE
  8
0
 10
55.08
 20
36.084
 11
60.12
 21
36.084
  0
LINE
  8
0
 10
60.12
 20
36.084
 11
60.12
 21
36.076
  0
LINE
  8
0
 10
60.12
 20
36.076
 11
55.08
 21
36.076
  0
LINE
  8
0
 10
69.48
 20
36.076
 11
69.48
 21
36.084
  0
LINE
  8
0
 10
69.48
 20
36.084
 11
74.52
 21
36.084
  0
LINE
  8
0
 10
74.52
 20
36.084
 11
74.52
 21
36.076
  0
LINE
  8
0
 10
74.52
 20
36.076
 11
69.48
 21
36.076
  0
LINE
  8
0
 10
55.08
 20
36.044
 11
55.08
 21
36.052
  0
LINE
  8
0
 10
55.08
 20
36.052
 11
60.12
 21
36.052
  0
LINE
  8
0
 10
60.12
 20
36.052
 11
60.12
 21
36.044
  0
LINE
  8
0
 10
60.12
 20
36.044
 11
55.08
 21
36.044
  0
LINE
  8
0
 10
11.88
 20
36.044
 11
11.88
 21
36.052
  0
LINE
  8
0
 10
11.88
 20
36.052
 11
16.92
 21
36.052
  0
LINE
  8
0
 10
16.92
 20
36.052
 11
16.92
 21
36.044
  0
LINE
  8
0
 10
16.92
 20
36.044
 11
11.88
 21
36.044
  0
LINE
  8
0
 10
69.48
 20
36.044
 11
69.48
 21
36.052
  0
LINE
  8
0
 10
69.48
 20
36.052
 11
74.52
 21
36.052
  0
LINE
  8
0
 10
74.52
 20
36.052
 11
74.52
 21
36.044
  0
LINE
  8
0
 10
74.52
 20
36.044
 11
69.48
 21
36.044
  0
LINE
  8
0
 10
40.68
 20
36.044
 11
40.68
 21
36.052
  0
LINE
  8
0
 10
40.68
 20
36.052
 11
45.72
 21
36.052
  0
LINE
  8
0
 10
45.72
 20
36.052
 11
45.72
 21
36.044
  0
LINE
  8
0
 10
45.72
 20
36.044
 11
40.68
 21
36.044
  0
LINE
  8
0
 10
-2.51999
 20
36.044
 11
-2.51999
 21
36.052
  0
LINE
  8
0
 10
-2.51999
 20
36.052
 11
2.51999
 21
36.052
  0
LINE
  8
0
 10
2.51999
 20
36.052
 11
2.51999
 21
36.044
  0
LINE
  8
0
 10
2.51999
 20
36.044
 11
-2.51999
 21
36.044
  0
LINE
  8
0
 10
26.28
 20
36.044
 11
26.28
 21
36.052
  0
LINE
  8
0
 10
26.28
 20
36.052
 11
31.32
 21
36.052
  0
LINE
  8
0
 10
31.32
 20
36.052
 11
31.32
 21
36.044
  0
LINE
  8
0
 10
31.32
 20
36.044
 11
26.28
 21
36.044
  0
LINE
  8
0
 10
26.28
 20
36.012
 11
26.28
 21
36.02
  0
LINE
  8
0
 10
26.28
 20
36.02
 11
31.32
 21
36.02
  0
LINE
  8
0
 10
31.32
 20
36.02
 11
31.32
 21
36.012
  0
LINE
  8
0
 10
31.32
 20
36.012
 11
26.28
 21
36.012
  0
LINE
  8
0
 10
69.48
 20
36.012
 11
69.48
 21
36.02
  0
LINE
  8
0
 10
69.48
 20
36.02
 11
74.52
 21
36.02
  0
LINE
  8
0
 10
74.52
 20
36.02
 11
74.52
 21
36.012
  0
LINE
  8
0
 10
74.52
 20
36.012
 11
69.48
 21
36.012
  0
LINE
  8
0
 10
11.88
 20
36.012
 11
11.88
 21
36.02
  0
LINE
  8
0
 10
11.88
 20
36.02
 11
16.92
 21
36.02
  0
LINE
  8
0
 10
16.92
 20
36.02
 11
16.92
 21
36.012
  0
LINE
  8
0
 10
16.92
 20
36.012
 11
11.88
 21
36.012
  0
LINE
  8
0
 10
40.68
 20
36.012
 11
40.68
 21
36.02
  0
LINE
  8
0
 10
40.68
 20
36.02
 11
45.72
 21
36.02
  0
LINE
  8
0
 10
45.72
 20
36.02
 11
45.72
 21
36.012
  0
LINE
  8
0
 10
45.72
 20
36.012
 11
40.68
 21
36.012
  0
LINE
  8
0
 10
55.08
 20
36.012
 11
55.08
 21
36.02
  0
LINE
  8
0
 10
55.08
 20
36.02
 11
60.12
 21
36.02
  0
LINE
  8
0
 10
60.12
 20
36.02
 11
60.12
 21
36.012
  0
LINE
  8
0
 10
60.12
 20
36.012
 11
55.08
 21
36.012
  0
LINE
  8
0
 10
-2.51999
 20
36.012
 11
-2.51999
 21
36.02
  0
LINE
  8
0
 10
-2.51999
 20
36.02
 11
2.51999
 21
36.02
  0
LINE
  8
0
 10
2.51999
 20
36.02
 11
2.51999
 21
36.012
  0
LINE
  8
0
 10
2.51999
 20
36.012
 11
-2.51999
 21
36.012
  0
LINE
  8
0
 10
40.68
 20
35.98
 11
40.68
 21
35.988
  0
LINE
  8
0
 10
40.68
 20
35.988
 11
45.72
 21
35.988
  0
LINE
  8
0
 10
45.72
 20
35.988
 11
45.72
 21
35.98
  0
LINE
  8
0
 10
45.72
 20
35.98
 11
40.68
 21
35.98
  0
LINE
  8
0
 10
55.08
 20
35.98
 11
55.08
 21
35.988
  0
LINE
  8
0
 10
55.08
 20
35.988
 11
60.12
 21
35.988
  0
LINE
  8
0
 10
60.12
 20
35.988
 11
60.12
 21
35.98
  0
LINE
  8
0
 10
60.12
 20
35.98
 11
55.08
 21
35.98
  0
LINE
  8
0
 10
11.88
 20
35.98
 11
11.88
 21
35.988
  0
LINE
  8
0
 10
11.88
 20
35.988
 11
16.92
 21
35.988
  0
LINE
  8
0
 10
16.92
 20
35.988
 11
16.92
 21
35.98
  0
LINE
  8
0
 10
16.92
 20
35.98
 11
11.88
 21
35.98
  0
LINE
  8
0
 10
69.48
 20
35.98
 11
69.48
 21
35.988
  0
LINE
  8
0
 10
69.48
 20
35.988
 11
74.52
 21
35.988
  0
LINE
  8
0
 10
74.52
 20
35.988
 11
74.52
 21
35.98
  0
LINE
  8
0
 10
74.52
 20
35.98
 11
69.48
 21
35.98
  0
LINE
  8
0
 10
26.28
 20
35.98
 11
26.28
 21
35.988
  0
LINE
  8
0
 10
26.28
 20
35.988
 11
31.32
 21
35.988
  0
LINE
  8
0
 10
31.32
 20
35.988
 11
31.32
 21
35.98
  0
LINE
  8
0
 10
31.32
 20
35.98
 11
26.28
 21
35.98
  0
LINE
  8
0
 10
-2.51999
 20
35.98
 11
-2.51999
 21
35.988
  0
LINE
  8
0
 10
-2.51999
 20
35.988
 11
2.51999
 21
35.988
  0
LINE
  8
0
 10
2.51999
 20
35.988
 11
2.51999
 21
35.98
  0
LINE
  8
0
 10
2.51999
 20
35.98
 11
-2.51999
 21
35.98
  0
LINE
  8
0
 10
26.28
 20
35.948
 11
26.28
 21
35.956
  0
LINE
  8
0
 10
26.28
 20
35.956
 11
31.32
 21
35.956
  0
LINE
  8
0
 10
31.32
 20
35.956
 11
31.32
 21
35.948
  0
LINE
  8
0
 10
31.32
 20
35.948
 11
26.28
 21
35.948
  0
LINE
  8
0
 10
-2.51999
 20
35.948
 11
-2.51999
 21
35.956
  0
LINE
  8
0
 10
-2.51999
 20
35.956
 11
2.51999
 21
35.956
  0
LINE
  8
0
 10
2.51999
 20
35.956
 11
2.51999
 21
35.948
  0
LINE
  8
0
 10
2.51999
 20
35.948
 11
-2.51999
 21
35.948
  0
LINE
  8
0
 10
69.48
 20
35.948
 11
69.48
 21
35.956
  0
LINE
  8
0
 10
69.48
 20
35.956
 11
74.52
 21
35.956
  0
LINE
  8
0
 10
74.52
 20
35.956
 11
74.52
 21
35.948
  0
LINE
  8
0
 10
74.52
 20
35.948
 11
69.48
 21
35.948
  0
LINE
  8
0
 10
55.08
 20
35.948
 11
55.08
 21
35.956
  0
LINE
  8
0
 10
55.08
 20
35.956
 11
60.12
 21
35.956
  0
LINE
  8
0
 10
60.12
 20
35.956
 11
60.12
 21
35.948
  0
LINE
  8
0
 10
60.12
 20
35.948
 11
55.08
 21
35.948
  0
LINE
  8
0
 10
40.68
 20
35.948
 11
40.68
 21
35.956
  0
LINE
  8
0
 10
40.68
 20
35.956
 11
45.72
 21
35.956
  0
LINE
  8
0
 10
45.72
 20
35.956
 11
45.72
 21
35.948
  0
LINE
  8
0
 10
45.72
 20
35.948
 11
40.68
 21
35.948
  0
LINE
  8
0
 10
11.88
 20
35.948
 11
11.88
 21
35.956
  0
LINE
  8
0
 10
11.88
 20
35.956
 11
16.92
 21
35.956
  0
LINE
  8
0
 10
16.92
 20
35.956
 11
16.92
 21
35.948
  0
LINE
  8
0
 10
16.92
 20
35.948
 11
11.88
 21
35.948
  0
LINE
  8
0
 10
26.28
 20
35.916
 11
26.28
 21
35.924
  0
LINE
  8
0
 10
26.28
 20
35.924
 11
31.32
 21
35.924
  0
LINE
  8
0
 10
31.32
 20
35.924
 11
31.32
 21
35.916
  0
LINE
  8
0
 10
31.32
 20
35.916
 11
26.28
 21
35.916
  0
LINE
  8
0
 10
11.88
 20
35.916
 11
11.88
 21
35.924
  0
LINE
  8
0
 10
11.88
 20
35.924
 11
16.92
 21
35.924
  0
LINE
  8
0
 10
16.92
 20
35.924
 11
16.92
 21
35.916
  0
LINE
  8
0
 10
16.92
 20
35.916
 11
11.88
 21
35.916
  0
LINE
  8
0
 10
40.68
 20
35.916
 11
40.68
 21
35.924
  0
LINE
  8
0
 10
40.68
 20
35.924
 11
45.72
 21
35.924
  0
LINE
  8
0
 10
45.72
 20
35.924
 11
45.72
 21
35.916
  0
LINE
  8
0
 10
45.72
 20
35.916
 11
40.68
 21
35.916
  0
LINE
  8
0
 10
-2.51999
 20
35.916
 11
-2.51999
 21
35.924
  0
LINE
  8
0
 10
-2.51999
 20
35.924
 11
2.51999
 21
35.924
  0
LINE
  8
0
 10
2.51999
 20
35.924
 11
2.51999
 21
35.916
  0
LINE
  8
0
 10
2.51999
 20
35.916
 11
-2.51999
 21
35.916
  0
LINE
  8
0
 10
69.48
 20
35.916
 11
69.48
 21
35.924
  0
LINE
  8
0
 10
69.48
 20
35.924
 11
74.52
 21
35.924
  0
LINE
  8
0
 10
74.52
 20
35.924
 11
74.52
 21
35.916
  0
LINE
  8
0
 10
74.52
 20
35.916
 11
69.48
 21
35.916
  0
LINE
  8
0
 10
55.08
 20
35.916
 11
55.08
 21
35.924
  0
LINE
  8
0
 10
55.08
 20
35.924
 11
60.12
 21
35.924
  0
LINE
  8
0
 10
60.12
 20
35.924
 11
60.12
 21
35.916
  0
LINE
  8
0
 10
60.12
 20
35.916
 11
55.08
 21
35.916
  0
LINE
  8
0
 10
40.68
 20
35.884
 11
40.68
 21
35.892
  0
LINE
  8
0
 10
40.68
 20
35.892
 11
45.72
 21
35.892
  0
LINE
  8
0
 10
45.72
 20
35.892
 11
45.72
 21
35.884
  0
LINE
  8
0
 10
45.72
 20
35.884
 11
40.68
 21
35.884
  0
LINE
  8
0
 10
-2.51999
 20
35.884
 11
-2.51999
 21
35.892
  0
LINE
  8
0
 10
-2.51999
 20
35.892
 11
2.51999
 21
35.892
  0
LINE
  8
0
 10
2.51999
 20
35.892
 11
2.51999
 21
35.884
  0
LINE
  8
0
 10
2.51999
 20
35.884
 11
-2.51999
 21
35.884
  0
LINE
  8
0
 10
69.48
 20
35.884
 11
69.48
 21
35.892
  0
LINE
  8
0
 10
69.48
 20
35.892
 11
74.52
 21
35.892
  0
LINE
  8
0
 10
74.52
 20
35.892
 11
74.52
 21
35.884
  0
LINE
  8
0
 10
74.52
 20
35.884
 11
69.48
 21
35.884
  0
LINE
  8
0
 10
11.88
 20
35.884
 11
11.88
 21
35.892
  0
LINE
  8
0
 10
11.88
 20
35.892
 11
16.92
 21
35.892
  0
LINE
  8
0
 10
16.92
 20
35.892
 11
16.92
 21
35.884
  0
LINE
  8
0
 10
16.92
 20
35.884
 11
11.88
 21
35.884
  0
LINE
  8
0
 10
55.08
 20
35.884
 11
55.08
 21
35.892
  0
LINE
  8
0
 10
55.08
 20
35.892
 11
60.12
 21
35.892
  0
LINE
  8
0
 10
60.12
 20
35.892
 11
60.12
 21
35.884
  0
LINE
  8
0
 10
60.12
 20
35.884
 11
55.08
 21
35.884
  0
LINE
  8
0
 10
26.28
 20
35.884
 11
26.28
 21
35.892
  0
LINE
  8
0
 10
26.28
 20
35.892
 11
31.32
 21
35.892
  0
LINE
  8
0
 10
31.32
 20
35.892
 11
31.32
 21
35.884
  0
LINE
  8
0
 10
31.32
 20
35.884
 11
26.28
 21
35.884
  0
LINE
  8
0
 10
69.48
 20
35.852
 11
69.48
 21
35.86
  0
LINE
  8
0
 10
69.48
 20
35.86
 11
74.52
 21
35.86
  0
LINE
  8
0
 10
74.52
 20
35.86
 11
74.52
 21
35.852
  0
LINE
  8
0
 10
74.52
 20
35.852
 11
69.48
 21
35.852
  0
LINE
  8
0
 10
11.88
 20
35.852
 11
11.88
 21
35.86
  0
LINE
  8
0
 10
11.88
 20
35.86
 11
16.92
 21
35.86
  0
LINE
  8
0
 10
16.92
 20
35.86
 11
16.92
 21
35.852
  0
LINE
  8
0
 10
16.92
 20
35.852
 11
11.88
 21
35.852
  0
LINE
  8
0
 10
40.68
 20
35.852
 11
40.68
 21
35.86
  0
LINE
  8
0
 10
40.68
 20
35.86
 11
45.72
 21
35.86
  0
LINE
  8
0
 10
45.72
 20
35.86
 11
45.72
 21
35.852
  0
LINE
  8
0
 10
45.72
 20
35.852
 11
40.68
 21
35.852
  0
LINE
  8
0
 10
55.08
 20
35.852
 11
55.08
 21
35.86
  0
LINE
  8
0
 10
55.08
 20
35.86
 11
60.12
 21
35.86
  0
LINE
  8
0
 10
60.12
 20
35.86
 11
60.12
 21
35.852
  0
LINE
  8
0
 10
60.12
 20
35.852
 11
55.08
 21
35.852
  0
LINE
  8
0
 10
26.28
 20
35.852
 11
26.28
 21
35.86
  0
LINE
  8
0
 10
26.28
 20
35.86
 11
31.32
 21
35.86
  0
LINE
  8
0
 10
31.32
 20
35.86
 11
31.32
 21
35.852
  0
LINE
  8
0
 10
31.32
 20
35.852
 11
26.28
 21
35.852
  0
LINE
  8
0
 10
-2.51999
 20
35.852
 11
-2.51999
 21
35.86
  0
LINE
  8
0
 10
-2.51999
 20
35.86
 11
2.51999
 21
35.86
  0
LINE
  8
0
 10
2.51999
 20
35.86
 11
2.51999
 21
35.852
  0
LINE
  8
0
 10
2.51999
 20
35.852
 11
-2.51999
 21
35.852
  0
LINE
  8
0
 10
55.08
 20
35.82
 11
55.08
 21
35.828
  0
LINE
  8
0
 10
55.08
 20
35.828
 11
60.12
 21
35.828
  0
LINE
  8
0
 10
60.12
 20
35.828
 11
60.12
 21
35.82
  0
LINE
  8
0
 10
60.12
 20
35.82
 11
55.08
 21
35.82
  0
LINE
  8
0
 10
-2.51999
 20
35.82
 11
-2.51999
 21
35.828
  0
LINE
  8
0
 10
-2.51999
 20
35.828
 11
2.51999
 21
35.828
  0
LINE
  8
0
 10
2.51999
 20
35.828
 11
2.51999
 21
35.82
  0
LINE
  8
0
 10
2.51999
 20
35.82
 11
-2.51999
 21
35.82
  0
LINE
  8
0
 10
26.28
 20
35.82
 11
26.28
 21
35.828
  0
LINE
  8
0
 10
26.28
 20
35.828
 11
31.32
 21
35.828
  0
LINE
  8
0
 10
31.32
 20
35.828
 11
31.32
 21
35.82
  0
LINE
  8
0
 10
31.32
 20
35.82
 11
26.28
 21
35.82
  0
LINE
  8
0
 10
40.68
 20
35.82
 11
40.68
 21
35.828
  0
LINE
  8
0
 10
40.68
 20
35.828
 11
45.72
 21
35.828
  0
LINE
  8
0
 10
45.72
 20
35.828
 11
45.72
 21
35.82
  0
LINE
  8
0
 10
45.72
 20
35.82
 11
40.68
 21
35.82
  0
LINE
  8
0
 10
11.88
 20
35.82
 11
11.88
 21
35.828
  0
LINE
  8
0
 10
11.88
 20
35.828
 11
16.92
 21
35.828
  0
LINE
  8
0
 10
16.92
 20
35.828
 11
16.92
 21
35.82
  0
LINE
  8
0
 10
16.92
 20
35.82
 11
11.88
 21
35.82
  0
LINE
  8
0
 10
69.48
 20
35.82
 11
69.48
 21
35.828
  0
LINE
  8
0
 10
69.48
 20
35.828
 11
74.52
 21
35.828
  0
LINE
  8
0
 10
74.52
 20
35.828
 11
74.52
 21
35.82
  0
LINE
  8
0
 10
74.52
 20
35.82
 11
69.48
 21
35.82
  0
LINE
  8
0
 10
-2.51999
 20
35.788
 11
-2.51999
 21
35.796
  0
LINE
  8
0
 10
-2.51999
 20
35.796
 11
2.51999
 21
35.796
  0
LINE
  8
0
 10
2.51999
 20
35.796
 11
2.51999
 21
35.788
  0
LINE
  8
0
 10
2.51999
 20
35.788
 11
-2.51999
 21
35.788
  0
LINE
  8
0
 10
26.28
 20
35.788
 11
26.28
 21
35.796
  0
LINE
  8
0
 10
26.28
 20
35.796
 11
31.32
 21
35.796
  0
LINE
  8
0
 10
31.32
 20
35.796
 11
31.32
 21
35.788
  0
LINE
  8
0
 10
31.32
 20
35.788
 11
26.28
 21
35.788
  0
LINE
  8
0
 10
40.68
 20
35.788
 11
40.68
 21
35.796
  0
LINE
  8
0
 10
40.68
 20
35.796
 11
45.72
 21
35.796
  0
LINE
  8
0
 10
45.72
 20
35.796
 11
45.72
 21
35.788
  0
LINE
  8
0
 10
45.72
 20
35.788
 11
40.68
 21
35.788
  0
LINE
  8
0
 10
69.48
 20
35.788
 11
69.48
 21
35.796
  0
LINE
  8
0
 10
69.48
 20
35.796
 11
74.52
 21
35.796
  0
LINE
  8
0
 10
74.52
 20
35.796
 11
74.52
 21
35.788
  0
LINE
  8
0
 10
74.52
 20
35.788
 11
69.48
 21
35.788
  0
LINE
  8
0
 10
11.88
 20
35.788
 11
11.88
 21
35.796
  0
LINE
  8
0
 10
11.88
 20
35.796
 11
16.92
 21
35.796
  0
LINE
  8
0
 10
16.92
 20
35.796
 11
16.92
 21
35.788
  0
LINE
  8
0
 10
16.92
 20
35.788
 11
11.88
 21
35.788
  0
LINE
  8
0
 10
55.08
 20
35.788
 11
55.08
 21
35.796
  0
LINE
  8
0
 10
55.08
 20
35.796
 11
60.12
 21
35.796
  0
LINE
  8
0
 10
60.12
 20
35.796
 11
60.12
 21
35.788
  0
LINE
  8
0
 10
60.12
 20
35.788
 11
55.08
 21
35.788
  0
LINE
  8
0
 10
55.08
 20
35.756
 11
55.08
 21
35.764
  0
LINE
  8
0
 10
55.08
 20
35.764
 11
60.12
 21
35.764
  0
LINE
  8
0
 10
60.12
 20
35.764
 11
60.12
 21
35.756
  0
LINE
  8
0
 10
60.12
 20
35.756
 11
55.08
 21
35.756
  0
LINE
  8
0
 10
-2.51999
 20
35.756
 11
-2.51999
 21
35.764
  0
LINE
  8
0
 10
-2.51999
 20
35.764
 11
2.51999
 21
35.764
  0
LINE
  8
0
 10
2.51999
 20
35.764
 11
2.51999
 21
35.756
  0
LINE
  8
0
 10
2.51999
 20
35.756
 11
-2.51999
 21
35.756
  0
LINE
  8
0
 10
26.28
 20
35.756
 11
26.28
 21
35.764
  0
LINE
  8
0
 10
26.28
 20
35.764
 11
31.32
 21
35.764
  0
LINE
  8
0
 10
31.32
 20
35.764
 11
31.32
 21
35.756
  0
LINE
  8
0
 10
31.32
 20
35.756
 11
26.28
 21
35.756
  0
LINE
  8
0
 10
69.48
 20
35.756
 11
69.48
 21
35.764
  0
LINE
  8
0
 10
69.48
 20
35.764
 11
74.52
 21
35.764
  0
LINE
  8
0
 10
74.52
 20
35.764
 11
74.52
 21
35.756
  0
LINE
  8
0
 10
74.52
 20
35.756
 11
69.48
 21
35.756
  0
LINE
  8
0
 10
40.68
 20
35.756
 11
40.68
 21
35.764
  0
LINE
  8
0
 10
40.68
 20
35.764
 11
45.72
 21
35.764
  0
LINE
  8
0
 10
45.72
 20
35.764
 11
45.72
 21
35.756
  0
LINE
  8
0
 10
45.72
 20
35.756
 11
40.68
 21
35.756
  0
LINE
  8
0
 10
11.88
 20
35.756
 11
11.88
 21
35.764
  0
LINE
  8
0
 10
11.88
 20
35.764
 11
16.92
 21
35.764
  0
LINE
  8
0
 10
16.92
 20
35.764
 11
16.92
 21
35.756
  0
LINE
  8
0
 10
16.92
 20
35.756
 11
11.88
 21
35.756
  0
LINE
  8
0
 10
26.28
 20
35.724
 11
26.28
 21
35.732
  0
LINE
  8
0
 10
26.28
 20
35.732
 11
31.32
 21
35.732
  0
LINE
  8
0
 10
31.32
 20
35.732
 11
31.32
 21
35.724
  0
LINE
  8
0
 10
31.32
 20
35.724
 11
26.28
 21
35.724
  0
LINE
  8
0
 10
11.88
 20
35.724
 11
11.88
 21
35.732
  0
LINE
  8
0
 10
11.88
 20
35.732
 11
16.92
 21
35.732
  0
LINE
  8
0
 10
16.92
 20
35.732
 11
16.92
 21
35.724
  0
LINE
  8
0
 10
16.92
 20
35.724
 11
11.88
 21
35.724
  0
LINE
  8
0
 10
69.48
 20
35.724
 11
69.48
 21
35.732
  0
LINE
  8
0
 10
69.48
 20
35.732
 11
74.52
 21
35.732
  0
LINE
  8
0
 10
74.52
 20
35.732
 11
74.52
 21
35.724
  0
LINE
  8
0
 10
74.52
 20
35.724
 11
69.48
 21
35.724
  0
LINE
  8
0
 10
-2.51999
 20
35.724
 11
-2.51999
 21
35.732
  0
LINE
  8
0
 10
-2.51999
 20
35.732
 11
2.51999
 21
35.732
  0
LINE
  8
0
 10
2.51999
 20
35.732
 11
2.51999
 21
35.724
  0
LINE
  8
0
 10
2.51999
 20
35.724
 11
-2.51999
 21
35.724
  0
LINE
  8
0
 10
55.08
 20
35.724
 11
55.08
 21
35.732
  0
LINE
  8
0
 10
55.08
 20
35.732
 11
60.12
 21
35.732
  0
LINE
  8
0
 10
60.12
 20
35.732
 11
60.12
 21
35.724
  0
LINE
  8
0
 10
60.12
 20
35.724
 11
55.08
 21
35.724
  0
LINE
  8
0
 10
40.68
 20
35.724
 11
40.68
 21
35.732
  0
LINE
  8
0
 10
40.68
 20
35.732
 11
45.72
 21
35.732
  0
LINE
  8
0
 10
45.72
 20
35.732
 11
45.72
 21
35.724
  0
LINE
  8
0
 10
45.72
 20
35.724
 11
40.68
 21
35.724
  0
LINE
  8
0
 10
-2.51999
 20
35.692
 11
-2.51999
 21
35.7
  0
LINE
  8
0
 10
-2.51999
 20
35.7
 11
2.51999
 21
35.7
  0
LINE
  8
0
 10
2.51999
 20
35.7
 11
2.51999
 21
35.692
  0
LINE
  8
0
 10
2.51999
 20
35.692
 11
-2.51999
 21
35.692
  0
LINE
  8
0
 10
40.68
 20
35.692
 11
40.68
 21
35.7
  0
LINE
  8
0
 10
40.68
 20
35.7
 11
45.72
 21
35.7
  0
LINE
  8
0
 10
45.72
 20
35.7
 11
45.72
 21
35.692
  0
LINE
  8
0
 10
45.72
 20
35.692
 11
40.68
 21
35.692
  0
LINE
  8
0
 10
55.08
 20
35.692
 11
55.08
 21
35.7
  0
LINE
  8
0
 10
55.08
 20
35.7
 11
60.12
 21
35.7
  0
LINE
  8
0
 10
60.12
 20
35.7
 11
60.12
 21
35.692
  0
LINE
  8
0
 10
60.12
 20
35.692
 11
55.08
 21
35.692
  0
LINE
  8
0
 10
11.88
 20
35.692
 11
11.88
 21
35.7
  0
LINE
  8
0
 10
11.88
 20
35.7
 11
16.92
 21
35.7
  0
LINE
  8
0
 10
16.92
 20
35.7
 11
16.92
 21
35.692
  0
LINE
  8
0
 10
16.92
 20
35.692
 11
11.88
 21
35.692
  0
LINE
  8
0
 10
26.28
 20
35.692
 11
26.28
 21
35.7
  0
LINE
  8
0
 10
26.28
 20
35.7
 11
31.32
 21
35.7
  0
LINE
  8
0
 10
31.32
 20
35.7
 11
31.32
 21
35.692
  0
LINE
  8
0
 10
31.32
 20
35.692
 11
26.28
 21
35.692
  0
LINE
  8
0
 10
69.48
 20
35.692
 11
69.48
 21
35.7
  0
LINE
  8
0
 10
69.48
 20
35.7
 11
74.52
 21
35.7
  0
LINE
  8
0
 10
74.52
 20
35.7
 11
74.52
 21
35.692
  0
LINE
  8
0
 10
74.52
 20
35.692
 11
69.48
 21
35.692
  0
LINE
  8
0
 10
11.88
 20
35.66
 11
11.88
 21
35.668
  0
LINE
  8
0
 10
11.88
 20
35.668
 11
16.92
 21
35.668
  0
LINE
  8
0
 10
16.92
 20
35.668
 11
16.92
 21
35.66
  0
LINE
  8
0
 10
16.92
 20
35.66
 11
11.88
 21
35.66
  0
LINE
  8
0
 10
-2.51999
 20
35.66
 11
-2.51999
 21
35.668
  0
LINE
  8
0
 10
-2.51999
 20
35.668
 11
2.51999
 21
35.668
  0
LINE
  8
0
 10
2.51999
 20
35.668
 11
2.51999
 21
35.66
  0
LINE
  8
0
 10
2.51999
 20
35.66
 11
-2.51999
 21
35.66
  0
LINE
  8
0
 10
69.48
 20
35.66
 11
69.48
 21
35.668
  0
LINE
  8
0
 10
69.48
 20
35.668
 11
74.52
 21
35.668
  0
LINE
  8
0
 10
74.52
 20
35.668
 11
74.52
 21
35.66
  0
LINE
  8
0
 10
74.52
 20
35.66
 11
69.48
 21
35.66
  0
LINE
  8
0
 10
26.28
 20
35.66
 11
26.28
 21
35.668
  0
LINE
  8
0
 10
26.28
 20
35.668
 11
31.32
 21
35.668
  0
LINE
  8
0
 10
31.32
 20
35.668
 11
31.32
 21
35.66
  0
LINE
  8
0
 10
31.32
 20
35.66
 11
26.28
 21
35.66
  0
LINE
  8
0
 10
55.08
 20
35.66
 11
55.08
 21
35.668
  0
LINE
  8
0
 10
55.08
 20
35.668
 11
60.12
 21
35.668
  0
LINE
  8
0
 10
60.12
 20
35.668
 11
60.12
 21
35.66
  0
LINE
  8
0
 10
60.12
 20
35.66
 11
55.08
 21
35.66
  0
LINE
  8
0
 10
40.68
 20
35.66
 11
40.68
 21
35.668
  0
LINE
  8
0
 10
40.68
 20
35.668
 11
45.72
 21
35.668
  0
LINE
  8
0
 10
45.72
 20
35.668
 11
45.72
 21
35.66
  0
LINE
  8
0
 10
45.72
 20
35.66
 11
40.68
 21
35.66
  0
LINE
  8
0
 10
55.08
 20
35.628
 11
55.08
 21
35.636
  0
LINE
  8
0
 10
55.08
 20
35.636
 11
60.12
 21
35.636
  0
LINE
  8
0
 10
60.12
 20
35.636
 11
60.12
 21
35.628
  0
LINE
  8
0
 10
60.12
 20
35.628
 11
55.08
 21
35.628
  0
LINE
  8
0
 10
-2.51999
 20
35.628
 11
-2.51999
 21
35.636
  0
LINE
  8
0
 10
-2.51999
 20
35.636
 11
2.51999
 21
35.636
  0
LINE
  8
0
 10
2.51999
 20
35.636
 11
2.51999
 21
35.628
  0
LINE
  8
0
 10
2.51999
 20
35.628
 11
-2.51999
 21
35.628
  0
LINE
  8
0
 10
69.48
 20
35.628
 11
69.48
 21
35.636
  0
LINE
  8
0
 10
69.48
 20
35.636
 11
74.52
 21
35.636
  0
LINE
  8
0
 10
74.52
 20
35.636
 11
74.52
 21
35.628
  0
LINE
  8
0
 10
74.52
 20
35.628
 11
69.48
 21
35.628
  0
LINE
  8
0
 10
11.88
 20
35.628
 11
11.88
 21
35.636
  0
LINE
  8
0
 10
11.88
 20
35.636
 11
16.92
 21
35.636
  0
LINE
  8
0
 10
16.92
 20
35.636
 11
16.92
 21
35.628
  0
LINE
  8
0
 10
16.92
 20
35.628
 11
11.88
 21
35.628
  0
LINE
  8
0
 10
40.68
 20
35.628
 11
40.68
 21
35.636
  0
LINE
  8
0
 10
40.68
 20
35.636
 11
45.72
 21
35.636
  0
LINE
  8
0
 10
45.72
 20
35.636
 11
45.72
 21
35.628
  0
LINE
  8
0
 10
45.72
 20
35.628
 11
40.68
 21
35.628
  0
LINE
  8
0
 10
26.28
 20
35.628
 11
26.28
 21
35.636
  0
LINE
  8
0
 10
26.28
 20
35.636
 11
31.32
 21
35.636
  0
LINE
  8
0
 10
31.32
 20
35.636
 11
31.32
 21
35.628
  0
LINE
  8
0
 10
31.32
 20
35.628
 11
26.28
 21
35.628
  0
LINE
  8
0
 10
55.08
 20
35.596
 11
55.08
 21
35.604
  0
LINE
  8
0
 10
55.08
 20
35.604
 11
60.12
 21
35.604
  0
LINE
  8
0
 10
60.12
 20
35.604
 11
60.12
 21
35.596
  0
LINE
  8
0
 10
60.12
 20
35.596
 11
55.08
 21
35.596
  0
LINE
  8
0
 10
11.88
 20
35.596
 11
11.88
 21
35.604
  0
LINE
  8
0
 10
11.88
 20
35.604
 11
16.92
 21
35.604
  0
LINE
  8
0
 10
16.92
 20
35.604
 11
16.92
 21
35.596
  0
LINE
  8
0
 10
16.92
 20
35.596
 11
11.88
 21
35.596
  0
LINE
  8
0
 10
26.28
 20
35.596
 11
26.28
 21
35.604
  0
LINE
  8
0
 10
26.28
 20
35.604
 11
31.32
 21
35.604
  0
LINE
  8
0
 10
31.32
 20
35.604
 11
31.32
 21
35.596
  0
LINE
  8
0
 10
31.32
 20
35.596
 11
26.28
 21
35.596
  0
LINE
  8
0
 10
-2.51999
 20
35.596
 11
-2.51999
 21
35.604
  0
LINE
  8
0
 10
-2.51999
 20
35.604
 11
2.51999
 21
35.604
  0
LINE
  8
0
 10
2.51999
 20
35.604
 11
2.51999
 21
35.596
  0
LINE
  8
0
 10
2.51999
 20
35.596
 11
-2.51999
 21
35.596
  0
LINE
  8
0
 10
40.68
 20
35.596
 11
40.68
 21
35.604
  0
LINE
  8
0
 10
40.68
 20
35.604
 11
45.72
 21
35.604
  0
LINE
  8
0
 10
45.72
 20
35.604
 11
45.72
 21
35.596
  0
LINE
  8
0
 10
45.72
 20
35.596
 11
40.68
 21
35.596
  0
LINE
  8
0
 10
69.48
 20
35.596
 11
69.48
 21
35.604
  0
LINE
  8
0
 10
69.48
 20
35.604
 11
74.52
 21
35.604
  0
LINE
  8
0
 10
74.52
 20
35.604
 11
74.52
 21
35.596
  0
LINE
  8
0
 10
74.52
 20
35.596
 11
69.48
 21
35.596
  0
LINE
  8
0
 10
-2.51999
 20
35.564
 11
-2.51999
 21
35.572
  0
LINE
  8
0
 10
-2.51999
 20
35.572
 11
2.51999
 21
35.572
  0
LINE
  8
0
 10
2.51999
 20
35.572
 11
2.51999
 21
35.564
  0
LINE
  8
0
 10
2.51999
 20
35.564
 11
-2.51999
 21
35.564
  0
LINE
  8
0
 10
55.08
 20
35.564
 11
55.08
 21
35.572
  0
LINE
  8
0
 10
55.08
 20
35.572
 11
60.12
 21
35.572
  0
LINE
  8
0
 10
60.12
 20
35.572
 11
60.12
 21
35.564
  0
LINE
  8
0
 10
60.12
 20
35.564
 11
55.08
 21
35.564
  0
LINE
  8
0
 10
69.48
 20
35.564
 11
69.48
 21
35.572
  0
LINE
  8
0
 10
69.48
 20
35.572
 11
74.52
 21
35.572
  0
LINE
  8
0
 10
74.52
 20
35.572
 11
74.52
 21
35.564
  0
LINE
  8
0
 10
74.52
 20
35.564
 11
69.48
 21
35.564
  0
LINE
  8
0
 10
11.88
 20
35.564
 11
11.88
 21
35.572
  0
LINE
  8
0
 10
11.88
 20
35.572
 11
16.92
 21
35.572
  0
LINE
  8
0
 10
16.92
 20
35.572
 11
16.92
 21
35.564
  0
LINE
  8
0
 10
16.92
 20
35.564
 11
11.88
 21
35.564
  0
LINE
  8
0
 10
40.68
 20
35.564
 11
40.68
 21
35.572
  0
LINE
  8
0
 10
40.68
 20
35.572
 11
45.72
 21
35.572
  0
LINE
  8
0
 10
45.72
 20
35.572
 11
45.72
 21
35.564
  0
LINE
  8
0
 10
45.72
 20
35.564
 11
40.68
 21
35.564
  0
LINE
  8
0
 10
26.28
 20
35.564
 11
26.28
 21
35.572
  0
LINE
  8
0
 10
26.28
 20
35.572
 11
31.32
 21
35.572
  0
LINE
  8
0
 10
31.32
 20
35.572
 11
31.32
 21
35.564
  0
LINE
  8
0
 10
31.32
 20
35.564
 11
26.28
 21
35.564
  0
LINE
  8
0
 10
40.68
 20
35.532
 11
40.68
 21
35.54
  0
LINE
  8
0
 10
40.68
 20
35.54
 11
45.72
 21
35.54
  0
LINE
  8
0
 10
45.72
 20
35.54
 11
45.72
 21
35.532
  0
LINE
  8
0
 10
45.72
 20
35.532
 11
40.68
 21
35.532
  0
LINE
  8
0
 10
55.08
 20
35.532
 11
55.08
 21
35.54
  0
LINE
  8
0
 10
55.08
 20
35.54
 11
60.12
 21
35.54
  0
LINE
  8
0
 10
60.12
 20
35.54
 11
60.12
 21
35.532
  0
LINE
  8
0
 10
60.12
 20
35.532
 11
55.08
 21
35.532
  0
LINE
  8
0
 10
-2.51999
 20
35.532
 11
-2.51999
 21
35.54
  0
LINE
  8
0
 10
-2.51999
 20
35.54
 11
2.51999
 21
35.54
  0
LINE
  8
0
 10
2.51999
 20
35.54
 11
2.51999
 21
35.532
  0
LINE
  8
0
 10
2.51999
 20
35.532
 11
-2.51999
 21
35.532
  0
LINE
  8
0
 10
69.48
 20
35.532
 11
69.48
 21
35.54
  0
LINE
  8
0
 10
69.48
 20
35.54
 11
74.52
 21
35.54
  0
LINE
  8
0
 10
74.52
 20
35.54
 11
74.52
 21
35.532
  0
LINE
  8
0
 10
74.52
 20
35.532
 11
69.48
 21
35.532
  0
LINE
  8
0
 10
11.88
 20
35.532
 11
11.88
 21
35.54
  0
LINE
  8
0
 10
11.88
 20
35.54
 11
16.92
 21
35.54
  0
LINE
  8
0
 10
16.92
 20
35.54
 11
16.92
 21
35.532
  0
LINE
  8
0
 10
16.92
 20
35.532
 11
11.88
 21
35.532
  0
LINE
  8
0
 10
26.28
 20
35.532
 11
26.28
 21
35.54
  0
LINE
  8
0
 10
26.28
 20
35.54
 11
31.32
 21
35.54
  0
LINE
  8
0
 10
31.32
 20
35.54
 11
31.32
 21
35.532
  0
LINE
  8
0
 10
31.32
 20
35.532
 11
26.28
 21
35.532
  0
LINE
  8
0
 10
26.28
 20
35.5
 11
26.28
 21
35.508
  0
LINE
  8
0
 10
26.28
 20
35.508
 11
31.32
 21
35.508
  0
LINE
  8
0
 10
31.32
 20
35.508
 11
31.32
 21
35.5
  0
LINE
  8
0
 10
31.32
 20
35.5
 11
26.28
 21
35.5
  0
LINE
  8
0
 10
40.68
 20
35.5
 11
40.68
 21
35.508
  0
LINE
  8
0
 10
40.68
 20
35.508
 11
45.72
 21
35.508
  0
LINE
  8
0
 10
45.72
 20
35.508
 11
45.72
 21
35.5
  0
LINE
  8
0
 10
45.72
 20
35.5
 11
40.68
 21
35.5
  0
LINE
  8
0
 10
11.88
 20
35.5
 11
11.88
 21
35.508
  0
LINE
  8
0
 10
11.88
 20
35.508
 11
16.92
 21
35.508
  0
LINE
  8
0
 10
16.92
 20
35.508
 11
16.92
 21
35.5
  0
LINE
  8
0
 10
16.92
 20
35.5
 11
11.88
 21
35.5
  0
LINE
  8
0
 10
69.48
 20
35.5
 11
69.48
 21
35.508
  0
LINE
  8
0
 10
69.48
 20
35.508
 11
74.52
 21
35.508
  0
LINE
  8
0
 10
74.52
 20
35.508
 11
74.52
 21
35.5
  0
LINE
  8
0
 10
74.52
 20
35.5
 11
69.48
 21
35.5
  0
LINE
  8
0
 10
55.08
 20
35.5
 11
55.08
 21
35.508
  0
LINE
  8
0
 10
55.08
 20
35.508
 11
60.12
 21
35.508
  0
LINE
  8
0
 10
60.12
 20
35.508
 11
60.12
 21
35.5
  0
LINE
  8
0
 10
60.12
 20
35.5
 11
55.08
 21
35.5
  0
LINE
  8
0
 10
-2.51999
 20
35.5
 11
-2.51999
 21
35.508
  0
LINE
  8
0
 10
-2.51999
 20
35.508
 11
2.51999
 21
35.508
  0
LINE
  8
0
 10
2.51999
 20
35.508
 11
2.51999
 21
35.5
  0
LINE
  8
0
 10
2.51999
 20
35.5
 11
-2.51999
 21
35.5
  0
LINE
  8
0
 10
55.08
 20
35.468
 11
55.08
 21
35.476
  0
LINE
  8
0
 10
55.08
 20
35.476
 11
60.12
 21
35.476
  0
LINE
  8
0
 10
60.12
 20
35.476
 11
60.12
 21
35.468
  0
LINE
  8
0
 10
60.12
 20
35.468
 11
55.08
 21
35.468
  0
LINE
  8
0
 10
40.68
 20
35.468
 11
40.68
 21
35.476
  0
LINE
  8
0
 10
40.68
 20
35.476
 11
45.72
 21
35.476
  0
LINE
  8
0
 10
45.72
 20
35.476
 11
45.72
 21
35.468
  0
LINE
  8
0
 10
45.72
 20
35.468
 11
40.68
 21
35.468
  0
LINE
  8
0
 10
26.28
 20
35.468
 11
26.28
 21
35.476
  0
LINE
  8
0
 10
26.28
 20
35.476
 11
31.32
 21
35.476
  0
LINE
  8
0
 10
31.32
 20
35.476
 11
31.32
 21
35.468
  0
LINE
  8
0
 10
31.32
 20
35.468
 11
26.28
 21
35.468
  0
LINE
  8
0
 10
69.48
 20
35.468
 11
69.48
 21
35.476
  0
LINE
  8
0
 10
69.48
 20
35.476
 11
74.52
 21
35.476
  0
LINE
  8
0
 10
74.52
 20
35.476
 11
74.52
 21
35.468
  0
LINE
  8
0
 10
74.52
 20
35.468
 11
69.48
 21
35.468
  0
LINE
  8
0
 10
-2.51999
 20
35.468
 11
-2.51999
 21
35.476
  0
LINE
  8
0
 10
-2.51999
 20
35.476
 11
2.51999
 21
35.476
  0
LINE
  8
0
 10
2.51999
 20
35.476
 11
2.51999
 21
35.468
  0
LINE
  8
0
 10
2.51999
 20
35.468
 11
-2.51999
 21
35.468
  0
LINE
  8
0
 10
11.88
 20
35.468
 11
11.88
 21
35.476
  0
LINE
  8
0
 10
11.88
 20
35.476
 11
16.92
 21
35.476
  0
LINE
  8
0
 10
16.92
 20
35.476
 11
16.92
 21
35.468
  0
LINE
  8
0
 10
16.92
 20
35.468
 11
11.88
 21
35.468
  0
LINE
  8
0
 10
69.48
 20
35.436
 11
69.48
 21
35.444
  0
LINE
  8
0
 10
69.48
 20
35.444
 11
74.52
 21
35.444
  0
LINE
  8
0
 10
74.52
 20
35.444
 11
74.52
 21
35.436
  0
LINE
  8
0
 10
74.52
 20
35.436
 11
69.48
 21
35.436
  0
LINE
  8
0
 10
26.28
 20
35.436
 11
26.28
 21
35.444
  0
LINE
  8
0
 10
26.28
 20
35.444
 11
31.32
 21
35.444
  0
LINE
  8
0
 10
31.32
 20
35.444
 11
31.32
 21
35.436
  0
LINE
  8
0
 10
31.32
 20
35.436
 11
26.28
 21
35.436
  0
LINE
  8
0
 10
40.68
 20
35.436
 11
40.68
 21
35.444
  0
LINE
  8
0
 10
40.68
 20
35.444
 11
45.72
 21
35.444
  0
LINE
  8
0
 10
45.72
 20
35.444
 11
45.72
 21
35.436
  0
LINE
  8
0
 10
45.72
 20
35.436
 11
40.68
 21
35.436
  0
LINE
  8
0
 10
11.88
 20
35.436
 11
11.88
 21
35.444
  0
LINE
  8
0
 10
11.88
 20
35.444
 11
16.92
 21
35.444
  0
LINE
  8
0
 10
16.92
 20
35.444
 11
16.92
 21
35.436
  0
LINE
  8
0
 10
16.92
 20
35.436
 11
11.88
 21
35.436
  0
LINE
  8
0
 10
-2.51999
 20
35.436
 11
-2.51999
 21
35.444
  0
LINE
  8
0
 10
-2.51999
 20
35.444
 11
2.51999
 21
35.444
  0
LINE
  8
0
 10
2.51999
 20
35.444
 11
2.51999
 21
35.436
  0
LINE
  8
0
 10
2.51999
 20
35.436
 11
-2.51999
 21
35.436
  0
LINE
  8
0
 10
55.08
 20
35.436
 11
55.08
 21
35.444
  0
LINE
  8
0
 10
55.08
 20
35.444
 11
60.12
 21
35.444
  0
LINE
  8
0
 10
60.12
 20
35.444
 11
60.12
 21
35.436
  0
LINE
  8
0
 10
60.12
 20
35.436
 11
55.08
 21
35.436
  0
LINE
  8
0
 10
26.28
 20
35.404
 11
26.28
 21
35.412
  0
LINE
  8
0
 10
26.28
 20
35.412
 11
31.32
 21
35.412
  0
LINE
  8
0
 10
31.32
 20
35.412
 11
31.32
 21
35.404
  0
LINE
  8
0
 10
31.32
 20
35.404
 11
26.28
 21
35.404
  0
LINE
  8
0
 10
55.08
 20
35.404
 11
55.08
 21
35.412
  0
LINE
  8
0
 10
55.08
 20
35.412
 11
60.12
 21
35.412
  0
LINE
  8
0
 10
60.12
 20
35.412
 11
60.12
 21
35.404
  0
LINE
  8
0
 10
60.12
 20
35.404
 11
55.08
 21
35.404
  0
LINE
  8
0
 10
40.68
 20
35.404
 11
40.68
 21
35.412
  0
LINE
  8
0
 10
40.68
 20
35.412
 11
45.72
 21
35.412
  0
LINE
  8
0
 10
45.72
 20
35.412
 11
45.72
 21
35.404
  0
LINE
  8
0
 10
45.72
 20
35.404
 11
40.68
 21
35.404
  0
LINE
  8
0
 10
-2.51999
 20
35.404
 11
-2.51999
 21
35.412
  0
LINE
  8
0
 10
-2.51999
 20
35.412
 11
2.51999
 21
35.412
  0
LINE
  8
0
 10
2.51999
 20
35.412
 11
2.51999
 21
35.404
  0
LINE
  8
0
 10
2.51999
 20
35.404
 11
-2.51999
 21
35.404
  0
LINE
  8
0
 10
69.48
 20
35.404
 11
69.48
 21
35.412
  0
LINE
  8
0
 10
69.48
 20
35.412
 11
74.52
 21
35.412
  0
LINE
  8
0
 10
74.52
 20
35.412
 11
74.52
 21
35.404
  0
LINE
  8
0
 10
74.52
 20
35.404
 11
69.48
 21
35.404
  0
LINE
  8
0
 10
11.88
 20
35.404
 11
11.88
 21
35.412
  0
LINE
  8
0
 10
11.88
 20
35.412
 11
16.92
 21
35.412
  0
LINE
  8
0
 10
16.92
 20
35.412
 11
16.92
 21
35.404
  0
LINE
  8
0
 10
16.92
 20
35.404
 11
11.88
 21
35.404
  0
LINE
  8
0
 10
55.08
 20
35.372
 11
55.08
 21
35.38
  0
LINE
  8
0
 10
55.08
 20
35.38
 11
60.12
 21
35.38
  0
LINE
  8
0
 10
60.12
 20
35.38
 11
60.12
 21
35.372
  0
LINE
  8
0
 10
60.12
 20
35.372
 11
55.08
 21
35.372
  0
LINE
  8
0
 10
11.88
 20
35.372
 11
11.88
 21
35.38
  0
LINE
  8
0
 10
11.88
 20
35.38
 11
16.92
 21
35.38
  0
LINE
  8
0
 10
16.92
 20
35.38
 11
16.92
 21
35.372
  0
LINE
  8
0
 10
16.92
 20
35.372
 11
11.88
 21
35.372
  0
LINE
  8
0
 10
-2.51999
 20
35.372
 11
-2.51999
 21
35.38
  0
LINE
  8
0
 10
-2.51999
 20
35.38
 11
2.51999
 21
35.38
  0
LINE
  8
0
 10
2.51999
 20
35.38
 11
2.51999
 21
35.372
  0
LINE
  8
0
 10
2.51999
 20
35.372
 11
-2.51999
 21
35.372
  0
LINE
  8
0
 10
40.68
 20
35.372
 11
40.68
 21
35.38
  0
LINE
  8
0
 10
40.68
 20
35.38
 11
45.72
 21
35.38
  0
LINE
  8
0
 10
45.72
 20
35.38
 11
45.72
 21
35.372
  0
LINE
  8
0
 10
45.72
 20
35.372
 11
40.68
 21
35.372
  0
LINE
  8
0
 10
26.28
 20
35.372
 11
26.28
 21
35.38
  0
LINE
  8
0
 10
26.28
 20
35.38
 11
31.32
 21
35.38
  0
LINE
  8
0
 10
31.32
 20
35.38
 11
31.32
 21
35.372
  0
LINE
  8
0
 10
31.32
 20
35.372
 11
26.28
 21
35.372
  0
LINE
  8
0
 10
69.48
 20
35.372
 11
69.48
 21
35.38
  0
LINE
  8
0
 10
69.48
 20
35.38
 11
74.52
 21
35.38
  0
LINE
  8
0
 10
74.52
 20
35.38
 11
74.52
 21
35.372
  0
LINE
  8
0
 10
74.52
 20
35.372
 11
69.48
 21
35.372
  0
LINE
  8
0
 10
40.68
 20
35.34
 11
40.68
 21
35.348
  0
LINE
  8
0
 10
40.68
 20
35.348
 11
45.72
 21
35.348
  0
LINE
  8
0
 10
45.72
 20
35.348
 11
45.72
 21
35.34
  0
LINE
  8
0
 10
45.72
 20
35.34
 11
40.68
 21
35.34
  0
LINE
  8
0
 10
-2.51999
 20
35.34
 11
-2.51999
 21
35.348
  0
LINE
  8
0
 10
-2.51999
 20
35.348
 11
2.51999
 21
35.348
  0
LINE
  8
0
 10
2.51999
 20
35.348
 11
2.51999
 21
35.34
  0
LINE
  8
0
 10
2.51999
 20
35.34
 11
-2.51999
 21
35.34
  0
LINE
  8
0
 10
55.08
 20
35.34
 11
55.08
 21
35.348
  0
LINE
  8
0
 10
55.08
 20
35.348
 11
60.12
 21
35.348
  0
LINE
  8
0
 10
60.12
 20
35.348
 11
60.12
 21
35.34
  0
LINE
  8
0
 10
60.12
 20
35.34
 11
55.08
 21
35.34
  0
LINE
  8
0
 10
26.28
 20
35.34
 11
26.28
 21
35.348
  0
LINE
  8
0
 10
26.28
 20
35.348
 11
31.32
 21
35.348
  0
LINE
  8
0
 10
31.32
 20
35.348
 11
31.32
 21
35.34
  0
LINE
  8
0
 10
31.32
 20
35.34
 11
26.28
 21
35.34
  0
LINE
  8
0
 10
69.48
 20
35.34
 11
69.48
 21
35.348
  0
LINE
  8
0
 10
69.48
 20
35.348
 11
74.52
 21
35.348
  0
LINE
  8
0
 10
74.52
 20
35.348
 11
74.52
 21
35.34
  0
LINE
  8
0
 10
74.52
 20
35.34
 11
69.48
 21
35.34
  0
LINE
  8
0
 10
11.88
 20
35.34
 11
11.88
 21
35.348
  0
LINE
  8
0
 10
11.88
 20
35.348
 11
16.92
 21
35.348
  0
LINE
  8
0
 10
16.92
 20
35.348
 11
16.92
 21
35.34
  0
LINE
  8
0
 10
16.92
 20
35.34
 11
11.88
 21
35.34
  0
LINE
  8
0
 10
69.48
 20
35.308
 11
69.48
 21
35.316
  0
LINE
  8
0
 10
69.48
 20
35.316
 11
74.52
 21
35.316
  0
LINE
  8
0
 10
74.52
 20
35.316
 11
74.52
 21
35.308
  0
LINE
  8
0
 10
74.52
 20
35.308
 11
69.48
 21
35.308
  0
LINE
  8
0
 10
40.68
 20
35.308
 11
40.68
 21
35.316
  0
LINE
  8
0
 10
40.68
 20
35.316
 11
45.72
 21
35.316
  0
LINE
  8
0
 10
45.72
 20
35.316
 11
45.72
 21
35.308
  0
LINE
  8
0
 10
45.72
 20
35.308
 11
40.68
 21
35.308
  0
LINE
  8
0
 10
11.88
 20
35.308
 11
11.88
 21
35.316
  0
LINE
  8
0
 10
11.88
 20
35.316
 11
16.92
 21
35.316
  0
LINE
  8
0
 10
16.92
 20
35.316
 11
16.92
 21
35.308
  0
LINE
  8
0
 10
16.92
 20
35.308
 11
11.88
 21
35.308
  0
LINE
  8
0
 10
26.28
 20
35.308
 11
26.28
 21
35.316
  0
LINE
  8
0
 10
26.28
 20
35.316
 11
31.32
 21
35.316
  0
LINE
  8
0
 10
31.32
 20
35.316
 11
31.32
 21
35.308
  0
LINE
  8
0
 10
31.32
 20
35.308
 11
26.28
 21
35.308
  0
LINE
  8
0
 10
-2.51999
 20
35.308
 11
-2.51999
 21
35.316
  0
LINE
  8
0
 10
-2.51999
 20
35.316
 11
2.51999
 21
35.316
  0
LINE
  8
0
 10
2.51999
 20
35.316
 11
2.51999
 21
35.308
  0
LINE
  8
0
 10
2.51999
 20
35.308
 11
-2.51999
 21
35.308
  0
LINE
  8
0
 10
55.08
 20
35.308
 11
55.08
 21
35.316
  0
LINE
  8
0
 10
55.08
 20
35.316
 11
60.12
 21
35.316
  0
LINE
  8
0
 10
60.12
 20
35.316
 11
60.12
 21
35.308
  0
LINE
  8
0
 10
60.12
 20
35.308
 11
55.08
 21
35.308
  0
LINE
  8
0
 10
69.48
 20
35.276
 11
69.48
 21
35.284
  0
LINE
  8
0
 10
69.48
 20
35.284
 11
74.52
 21
35.284
  0
LINE
  8
0
 10
74.52
 20
35.284
 11
74.52
 21
35.276
  0
LINE
  8
0
 10
74.52
 20
35.276
 11
69.48
 21
35.276
  0
LINE
  8
0
 10
26.28
 20
35.276
 11
26.28
 21
35.284
  0
LINE
  8
0
 10
26.28
 20
35.284
 11
31.32
 21
35.284
  0
LINE
  8
0
 10
31.32
 20
35.284
 11
31.32
 21
35.276
  0
LINE
  8
0
 10
31.32
 20
35.276
 11
26.28
 21
35.276
  0
LINE
  8
0
 10
40.68
 20
35.276
 11
40.68
 21
35.284
  0
LINE
  8
0
 10
40.68
 20
35.284
 11
45.72
 21
35.284
  0
LINE
  8
0
 10
45.72
 20
35.284
 11
45.72
 21
35.276
  0
LINE
  8
0
 10
45.72
 20
35.276
 11
40.68
 21
35.276
  0
LINE
  8
0
 10
-2.51999
 20
35.276
 11
-2.51999
 21
35.284
  0
LINE
  8
0
 10
-2.51999
 20
35.284
 11
2.51999
 21
35.284
  0
LINE
  8
0
 10
2.51999
 20
35.284
 11
2.51999
 21
35.276
  0
LINE
  8
0
 10
2.51999
 20
35.276
 11
-2.51999
 21
35.276
  0
LINE
  8
0
 10
55.08
 20
35.276
 11
55.08
 21
35.284
  0
LINE
  8
0
 10
55.08
 20
35.284
 11
60.12
 21
35.284
  0
LINE
  8
0
 10
60.12
 20
35.284
 11
60.12
 21
35.276
  0
LINE
  8
0
 10
60.12
 20
35.276
 11
55.08
 21
35.276
  0
LINE
  8
0
 10
11.88
 20
35.276
 11
11.88
 21
35.284
  0
LINE
  8
0
 10
11.88
 20
35.284
 11
16.92
 21
35.284
  0
LINE
  8
0
 10
16.92
 20
35.284
 11
16.92
 21
35.276
  0
LINE
  8
0
 10
16.92
 20
35.276
 11
11.88
 21
35.276
  0
LINE
  8
0
 10
69.48
 20
35.244
 11
69.48
 21
35.252
  0
LINE
  8
0
 10
69.48
 20
35.252
 11
74.52
 21
35.252
  0
LINE
  8
0
 10
74.52
 20
35.252
 11
74.52
 21
35.244
  0
LINE
  8
0
 10
74.52
 20
35.244
 11
69.48
 21
35.244
  0
LINE
  8
0
 10
40.68
 20
35.244
 11
40.68
 21
35.252
  0
LINE
  8
0
 10
40.68
 20
35.252
 11
45.72
 21
35.252
  0
LINE
  8
0
 10
45.72
 20
35.252
 11
45.72
 21
35.244
  0
LINE
  8
0
 10
45.72
 20
35.244
 11
40.68
 21
35.244
  0
LINE
  8
0
 10
26.28
 20
35.244
 11
26.28
 21
35.252
  0
LINE
  8
0
 10
26.28
 20
35.252
 11
31.32
 21
35.252
  0
LINE
  8
0
 10
31.32
 20
35.252
 11
31.32
 21
35.244
  0
LINE
  8
0
 10
31.32
 20
35.244
 11
26.28
 21
35.244
  0
LINE
  8
0
 10
-2.51999
 20
35.244
 11
-2.51999
 21
35.252
  0
LINE
  8
0
 10
-2.51999
 20
35.252
 11
2.51999
 21
35.252
  0
LINE
  8
0
 10
2.51999
 20
35.252
 11
2.51999
 21
35.244
  0
LINE
  8
0
 10
2.51999
 20
35.244
 11
-2.51999
 21
35.244
  0
LINE
  8
0
 10
55.08
 20
35.244
 11
55.08
 21
35.252
  0
LINE
  8
0
 10
55.08
 20
35.252
 11
60.12
 21
35.252
  0
LINE
  8
0
 10
60.12
 20
35.252
 11
60.12
 21
35.244
  0
LINE
  8
0
 10
60.12
 20
35.244
 11
55.08
 21
35.244
  0
LINE
  8
0
 10
11.88
 20
35.244
 11
11.88
 21
35.252
  0
LINE
  8
0
 10
11.88
 20
35.252
 11
16.92
 21
35.252
  0
LINE
  8
0
 10
16.92
 20
35.252
 11
16.92
 21
35.244
  0
LINE
  8
0
 10
16.92
 20
35.244
 11
11.88
 21
35.244
  0
LINE
  8
0
 10
69.48
 20
35.212
 11
69.48
 21
35.22
  0
LINE
  8
0
 10
69.48
 20
35.22
 11
74.52
 21
35.22
  0
LINE
  8
0
 10
74.52
 20
35.22
 11
74.52
 21
35.212
  0
LINE
  8
0
 10
74.52
 20
35.212
 11
69.48
 21
35.212
  0
LINE
  8
0
 10
11.88
 20
35.212
 11
11.88
 21
35.22
  0
LINE
  8
0
 10
11.88
 20
35.22
 11
16.92
 21
35.22
  0
LINE
  8
0
 10
16.92
 20
35.22
 11
16.92
 21
35.212
  0
LINE
  8
0
 10
16.92
 20
35.212
 11
11.88
 21
35.212
  0
LINE
  8
0
 10
-2.51999
 20
35.212
 11
-2.51999
 21
35.22
  0
LINE
  8
0
 10
-2.51999
 20
35.22
 11
2.51999
 21
35.22
  0
LINE
  8
0
 10
2.51999
 20
35.22
 11
2.51999
 21
35.212
  0
LINE
  8
0
 10
2.51999
 20
35.212
 11
-2.51999
 21
35.212
  0
LINE
  8
0
 10
55.08
 20
35.212
 11
55.08
 21
35.22
  0
LINE
  8
0
 10
55.08
 20
35.22
 11
60.12
 21
35.22
  0
LINE
  8
0
 10
60.12
 20
35.22
 11
60.12
 21
35.212
  0
LINE
  8
0
 10
60.12
 20
35.212
 11
55.08
 21
35.212
  0
LINE
  8
0
 10
26.28
 20
35.212
 11
26.28
 21
35.22
  0
LINE
  8
0
 10
26.28
 20
35.22
 11
31.32
 21
35.22
  0
LINE
  8
0
 10
31.32
 20
35.22
 11
31.32
 21
35.212
  0
LINE
  8
0
 10
31.32
 20
35.212
 11
26.28
 21
35.212
  0
LINE
  8
0
 10
40.68
 20
35.212
 11
40.68
 21
35.22
  0
LINE
  8
0
 10
40.68
 20
35.22
 11
45.72
 21
35.22
  0
LINE
  8
0
 10
45.72
 20
35.22
 11
45.72
 21
35.212
  0
LINE
  8
0
 10
45.72
 20
35.212
 11
40.68
 21
35.212
  0
LINE
  8
0
 10
55.08
 20
35.18
 11
55.08
 21
35.188
  0
LINE
  8
0
 10
55.08
 20
35.188
 11
60.12
 21
35.188
  0
LINE
  8
0
 10
60.12
 20
35.188
 11
60.12
 21
35.18
  0
LINE
  8
0
 10
60.12
 20
35.18
 11
55.08
 21
35.18
  0
LINE
  8
0
 10
11.88
 20
35.18
 11
11.88
 21
35.188
  0
LINE
  8
0
 10
11.88
 20
35.188
 11
16.92
 21
35.188
  0
LINE
  8
0
 10
16.92
 20
35.188
 11
16.92
 21
35.18
  0
LINE
  8
0
 10
16.92
 20
35.18
 11
11.88
 21
35.18
  0
LINE
  8
0
 10
69.48
 20
35.18
 11
69.48
 21
35.188
  0
LINE
  8
0
 10
69.48
 20
35.188
 11
74.52
 21
35.188
  0
LINE
  8
0
 10
74.52
 20
35.188
 11
74.52
 21
35.18
  0
LINE
  8
0
 10
74.52
 20
35.18
 11
69.48
 21
35.18
  0
LINE
  8
0
 10
26.28
 20
35.18
 11
26.28
 21
35.188
  0
LINE
  8
0
 10
26.28
 20
35.188
 11
31.32
 21
35.188
  0
LINE
  8
0
 10
31.32
 20
35.188
 11
31.32
 21
35.18
  0
LINE
  8
0
 10
31.32
 20
35.18
 11
26.28
 21
35.18
  0
LINE
  8
0
 10
-2.51999
 20
35.18
 11
-2.51999
 21
35.188
  0
LINE
  8
0
 10
-2.51999
 20
35.188
 11
2.51999
 21
35.188
  0
LINE
  8
0
 10
2.51999
 20
35.188
 11
2.51999
 21
35.18
  0
LINE
  8
0
 10
2.51999
 20
35.18
 11
-2.51999
 21
35.18
  0
LINE
  8
0
 10
40.68
 20
35.18
 11
40.68
 21
35.188
  0
LINE
  8
0
 10
40.68
 20
35.188
 11
45.72
 21
35.188
  0
LINE
  8
0
 10
45.72
 20
35.188
 11
45.72
 21
35.18
  0
LINE
  8
0
 10
45.72
 20
35.18
 11
40.68
 21
35.18
  0
LINE
  8
0
 10
11.88
 20
35.148
 11
11.88
 21
35.156
  0
LINE
  8
0
 10
11.88
 20
35.156
 11
16.92
 21
35.156
  0
LINE
  8
0
 10
16.92
 20
35.156
 11
16.92
 21
35.148
  0
LINE
  8
0
 10
16.92
 20
35.148
 11
11.88
 21
35.148
  0
LINE
  8
0
 10
-2.51999
 20
35.148
 11
-2.51999
 21
35.156
  0
LINE
  8
0
 10
-2.51999
 20
35.156
 11
2.51999
 21
35.156
  0
LINE
  8
0
 10
2.51999
 20
35.156
 11
2.51999
 21
35.148
  0
LINE
  8
0
 10
2.51999
 20
35.148
 11
-2.51999
 21
35.148
  0
LINE
  8
0
 10
55.08
 20
35.148
 11
55.08
 21
35.156
  0
LINE
  8
0
 10
55.08
 20
35.156
 11
60.12
 21
35.156
  0
LINE
  8
0
 10
60.12
 20
35.156
 11
60.12
 21
35.148
  0
LINE
  8
0
 10
60.12
 20
35.148
 11
55.08
 21
35.148
  0
LINE
  8
0
 10
26.28
 20
35.148
 11
26.28
 21
35.156
  0
LINE
  8
0
 10
26.28
 20
35.156
 11
31.32
 21
35.156
  0
LINE
  8
0
 10
31.32
 20
35.156
 11
31.32
 21
35.148
  0
LINE
  8
0
 10
31.32
 20
35.148
 11
26.28
 21
35.148
  0
LINE
  8
0
 10
40.68
 20
35.148
 11
40.68
 21
35.156
  0
LINE
  8
0
 10
40.68
 20
35.156
 11
45.72
 21
35.156
  0
LINE
  8
0
 10
45.72
 20
35.156
 11
45.72
 21
35.148
  0
LINE
  8
0
 10
45.72
 20
35.148
 11
40.68
 21
35.148
  0
LINE
  8
0
 10
69.48
 20
35.148
 11
69.48
 21
35.156
  0
LINE
  8
0
 10
69.48
 20
35.156
 11
74.52
 21
35.156
  0
LINE
  8
0
 10
74.52
 20
35.156
 11
74.52
 21
35.148
  0
LINE
  8
0
 10
74.52
 20
35.148
 11
69.48
 21
35.148
  0
LINE
  8
0
 10
26.28
 20
35.116
 11
26.28
 21
35.124
  0
LINE
  8
0
 10
26.28
 20
35.124
 11
31.32
 21
35.124
  0
LINE
  8
0
 10
31.32
 20
35.124
 11
31.32
 21
35.116
  0
LINE
  8
0
 10
31.32
 20
35.116
 11
26.28
 21
35.116
  0
LINE
  8
0
 10
-2.51999
 20
35.116
 11
-2.51999
 21
35.124
  0
LINE
  8
0
 10
-2.51999
 20
35.124
 11
2.51999
 21
35.124
  0
LINE
  8
0
 10
2.51999
 20
35.124
 11
2.51999
 21
35.116
  0
LINE
  8
0
 10
2.51999
 20
35.116
 11
-2.51999
 21
35.116
  0
LINE
  8
0
 10
69.48
 20
35.116
 11
69.48
 21
35.124
  0
LINE
  8
0
 10
69.48
 20
35.124
 11
74.52
 21
35.124
  0
LINE
  8
0
 10
74.52
 20
35.124
 11
74.52
 21
35.116
  0
LINE
  8
0
 10
74.52
 20
35.116
 11
69.48
 21
35.116
  0
LINE
  8
0
 10
11.88
 20
35.116
 11
11.88
 21
35.124
  0
LINE
  8
0
 10
11.88
 20
35.124
 11
16.92
 21
35.124
  0
LINE
  8
0
 10
16.92
 20
35.124
 11
16.92
 21
35.116
  0
LINE
  8
0
 10
16.92
 20
35.116
 11
11.88
 21
35.116
  0
LINE
  8
0
 10
55.08
 20
35.116
 11
55.08
 21
35.124
  0
LINE
  8
0
 10
55.08
 20
35.124
 11
60.12
 21
35.124
  0
LINE
  8
0
 10
60.12
 20
35.124
 11
60.12
 21
35.116
  0
LINE
  8
0
 10
60.12
 20
35.116
 11
55.08
 21
35.116
  0
LINE
  8
0
 10
40.68
 20
35.116
 11
40.68
 21
35.124
  0
LINE
  8
0
 10
40.68
 20
35.124
 11
45.72
 21
35.124
  0
LINE
  8
0
 10
45.72
 20
35.124
 11
45.72
 21
35.116
  0
LINE
  8
0
 10
45.72
 20
35.116
 11
40.68
 21
35.116
  0
LINE
  8
0
 10
11.88
 20
35.084
 11
11.88
 21
35.092
  0
LINE
  8
0
 10
11.88
 20
35.092
 11
16.92
 21
35.092
  0
LINE
  8
0
 10
16.92
 20
35.092
 11
16.92
 21
35.084
  0
LINE
  8
0
 10
16.92
 20
35.084
 11
11.88
 21
35.084
  0
LINE
  8
0
 10
55.08
 20
35.084
 11
55.08
 21
35.092
  0
LINE
  8
0
 10
55.08
 20
35.092
 11
60.12
 21
35.092
  0
LINE
  8
0
 10
60.12
 20
35.092
 11
60.12
 21
35.084
  0
LINE
  8
0
 10
60.12
 20
35.084
 11
55.08
 21
35.084
  0
LINE
  8
0
 10
40.68
 20
35.084
 11
40.68
 21
35.092
  0
LINE
  8
0
 10
40.68
 20
35.092
 11
45.72
 21
35.092
  0
LINE
  8
0
 10
45.72
 20
35.092
 11
45.72
 21
35.084
  0
LINE
  8
0
 10
45.72
 20
35.084
 11
40.68
 21
35.084
  0
LINE
  8
0
 10
-2.51999
 20
35.084
 11
-2.51999
 21
35.092
  0
LINE
  8
0
 10
-2.51999
 20
35.092
 11
2.51999
 21
35.092
  0
LINE
  8
0
 10
2.51999
 20
35.092
 11
2.51999
 21
35.084
  0
LINE
  8
0
 10
2.51999
 20
35.084
 11
-2.51999
 21
35.084
  0
LINE
  8
0
 10
69.48
 20
35.084
 11
69.48
 21
35.092
  0
LINE
  8
0
 10
69.48
 20
35.092
 11
74.52
 21
35.092
  0
LINE
  8
0
 10
74.52
 20
35.092
 11
74.52
 21
35.084
  0
LINE
  8
0
 10
74.52
 20
35.084
 11
69.48
 21
35.084
  0
LINE
  8
0
 10
26.28
 20
35.084
 11
26.28
 21
35.092
  0
LINE
  8
0
 10
26.28
 20
35.092
 11
31.32
 21
35.092
  0
LINE
  8
0
 10
31.32
 20
35.092
 11
31.32
 21
35.084
  0
LINE
  8
0
 10
31.32
 20
35.084
 11
26.28
 21
35.084
  0
LINE
  8
0
 10
11.88
 20
35.052
 11
11.88
 21
35.06
  0
LINE
  8
0
 10
11.88
 20
35.06
 11
16.92
 21
35.06
  0
LINE
  8
0
 10
16.92
 20
35.06
 11
16.92
 21
35.052
  0
LINE
  8
0
 10
16.92
 20
35.052
 11
11.88
 21
35.052
  0
LINE
  8
0
 10
26.28
 20
35.052
 11
26.28
 21
35.06
  0
LINE
  8
0
 10
26.28
 20
35.06
 11
31.32
 21
35.06
  0
LINE
  8
0
 10
31.32
 20
35.06
 11
31.32
 21
35.052
  0
LINE
  8
0
 10
31.32
 20
35.052
 11
26.28
 21
35.052
  0
LINE
  8
0
 10
40.68
 20
35.052
 11
40.68
 21
35.06
  0
LINE
  8
0
 10
40.68
 20
35.06
 11
45.72
 21
35.06
  0
LINE
  8
0
 10
45.72
 20
35.06
 11
45.72
 21
35.052
  0
LINE
  8
0
 10
45.72
 20
35.052
 11
40.68
 21
35.052
  0
LINE
  8
0
 10
55.08
 20
35.052
 11
55.08
 21
35.06
  0
LINE
  8
0
 10
55.08
 20
35.06
 11
60.12
 21
35.06
  0
LINE
  8
0
 10
60.12
 20
35.06
 11
60.12
 21
35.052
  0
LINE
  8
0
 10
60.12
 20
35.052
 11
55.08
 21
35.052
  0
LINE
  8
0
 10
-2.51999
 20
35.052
 11
-2.51999
 21
35.06
  0
LINE
  8
0
 10
-2.51999
 20
35.06
 11
2.51999
 21
35.06
  0
LINE
  8
0
 10
2.51999
 20
35.06
 11
2.51999
 21
35.052
  0
LINE
  8
0
 10
2.51999
 20
35.052
 11
-2.51999
 21
35.052
  0
LINE
  8
0
 10
69.48
 20
35.052
 11
69.48
 21
35.06
  0
LINE
  8
0
 10
69.48
 20
35.06
 11
74.52
 21
35.06
  0
LINE
  8
0
 10
74.52
 20
35.06
 11
74.52
 21
35.052
  0
LINE
  8
0
 10
74.52
 20
35.052
 11
69.48
 21
35.052
  0
LINE
  8
0
 10
-2.51999
 20
35.02
 11
-2.51999
 21
35.028
  0
LINE
  8
0
 10
-2.51999
 20
35.028
 11
2.51999
 21
35.028
  0
LINE
  8
0
 10
2.51999
 20
35.028
 11
2.51999
 21
35.02
  0
LINE
  8
0
 10
2.51999
 20
35.02
 11
-2.51999
 21
35.02
  0
LINE
  8
0
 10
40.68
 20
35.02
 11
40.68
 21
35.028
  0
LINE
  8
0
 10
40.68
 20
35.028
 11
45.72
 21
35.028
  0
LINE
  8
0
 10
45.72
 20
35.028
 11
45.72
 21
35.02
  0
LINE
  8
0
 10
45.72
 20
35.02
 11
40.68
 21
35.02
  0
LINE
  8
0
 10
69.48
 20
35.02
 11
69.48
 21
35.028
  0
LINE
  8
0
 10
69.48
 20
35.028
 11
74.52
 21
35.028
  0
LINE
  8
0
 10
74.52
 20
35.028
 11
74.52
 21
35.02
  0
LINE
  8
0
 10
74.52
 20
35.02
 11
69.48
 21
35.02
  0
LINE
  8
0
 10
26.28
 20
35.02
 11
26.28
 21
35.028
  0
LINE
  8
0
 10
26.28
 20
35.028
 11
31.32
 21
35.028
  0
LINE
  8
0
 10
31.32
 20
35.028
 11
31.32
 21
35.02
  0
LINE
  8
0
 10
31.32
 20
35.02
 11
26.28
 21
35.02
  0
LINE
  8
0
 10
11.88
 20
35.02
 11
11.88
 21
35.028
  0
LINE
  8
0
 10
11.88
 20
35.028
 11
16.92
 21
35.028
  0
LINE
  8
0
 10
16.92
 20
35.028
 11
16.92
 21
35.02
  0
LINE
  8
0
 10
16.92
 20
35.02
 11
11.88
 21
35.02
  0
LINE
  8
0
 10
55.08
 20
35.02
 11
55.08
 21
35.028
  0
LINE
  8
0
 10
55.08
 20
35.028
 11
60.12
 21
35.028
  0
LINE
  8
0
 10
60.12
 20
35.028
 11
60.12
 21
35.02
  0
LINE
  8
0
 10
60.12
 20
35.02
 11
55.08
 21
35.02
  0
LINE
  8
0
 10
26.28
 20
29.772
 11
26.28
 21
29.78
  0
LINE
  8
0
 10
26.28
 20
29.78
 11
31.32
 21
29.78
  0
LINE
  8
0
 10
31.32
 20
29.78
 11
31.32
 21
29.772
  0
LINE
  8
0
 10
31.32
 20
29.772
 11
26.28
 21
29.772
  0
LINE
  8
0
 10
40.68
 20
29.772
 11
40.68
 21
29.78
  0
LINE
  8
0
 10
40.68
 20
29.78
 11
45.72
 21
29.78
  0
LINE
  8
0
 10
45.72
 20
29.78
 11
45.72
 21
29.772
  0
LINE
  8
0
 10
45.72
 20
29.772
 11
40.68
 21
29.772
  0
LINE
  8
0
 10
11.88
 20
29.772
 11
11.88
 21
29.78
  0
LINE
  8
0
 10
11.88
 20
29.78
 11
16.92
 21
29.78
  0
LINE
  8
0
 10
16.92
 20
29.78
 11
16.92
 21
29.772
  0
LINE
  8
0
 10
16.92
 20
29.772
 11
11.88
 21
29.772
  0
LINE
  8
0
 10
-2.51999
 20
29.772
 11
-2.51999
 21
29.78
  0
LINE
  8
0
 10
-2.51999
 20
29.78
 11
2.51999
 21
29.78
  0
LINE
  8
0
 10
2.51999
 20
29.78
 11
2.51999
 21
29.772
  0
LINE
  8
0
 10
2.51999
 20
29.772
 11
-2.51999
 21
29.772
  0
LINE
  8
0
 10
69.48
 20
29.772
 11
69.48
 21
29.78
  0
LINE
  8
0
 10
69.48
 20
29.78
 11
74.52
 21
29.78
  0
LINE
  8
0
 10
74.52
 20
29.78
 11
74.52
 21
29.772
  0
LINE
  8
0
 10
74.52
 20
29.772
 11
69.48
 21
29.772
  0
LINE
  8
0
 10
55.08
 20
29.772
 11
55.08
 21
29.78
  0
LINE
  8
0
 10
55.08
 20
29.78
 11
60.12
 21
29.78
  0
LINE
  8
0
 10
60.12
 20
29.78
 11
60.12
 21
29.772
  0
LINE
  8
0
 10
60.12
 20
29.772
 11
55.08
 21
29.772
  0
LINE
  8
0
 10
26.28
 20
29.74
 11
26.28
 21
29.748
  0
LINE
  8
0
 10
26.28
 20
29.748
 11
31.32
 21
29.748
  0
LINE
  8
0
 10
31.32
 20
29.748
 11
31.32
 21
29.74
  0
LINE
  8
0
 10
31.32
 20
29.74
 11
26.28
 21
29.74
  0
LINE
  8
0
 10
55.08
 20
29.74
 11
55.08
 21
29.748
  0
LINE
  8
0
 10
55.08
 20
29.748
 11
60.12
 21
29.748
  0
LINE
  8
0
 10
60.12
 20
29.748
 11
60.12
 21
29.74
  0
LINE
  8
0
 10
60.12
 20
29.74
 11
55.08
 21
29.74
  0
LINE
  8
0
 10
69.48
 20
29.74
 11
69.48
 21
29.748
  0
LINE
  8
0
 10
69.48
 20
29.748
 11
74.52
 21
29.748
  0
LINE
  8
0
 10
74.52
 20
29.748
 11
74.52
 21
29.74
  0
LINE
  8
0
 10
74.52
 20
29.74
 11
69.48
 21
29.74
  0
LINE
  8
0
 10
40.68
 20
29.74
 11
40.68
 21
29.748
  0
LINE
  8
0
 10
40.68
 20
29.748
 11
45.72
 21
29.748
  0
LINE
  8
0
 10
45.72
 20
29.748
 11
45.72
 21
29.74
  0
LINE
  8
0
 10
45.72
 20
29.74
 11
40.68
 21
29.74
  0
LINE
  8
0
 10
11.88
 20
29.74
 11
11.88
 21
29.748
  0
LINE
  8
0
 10
11.88
 20
29.748
 11
16.92
 21
29.748
  0
LINE
  8
0
 10
16.92
 20
29.748
 11
16.92
 21
29.74
  0
LINE
  8
0
 10
16.92
 20
29.74
 11
11.88
 21
29.74
  0
LINE
  8
0
 10
-2.51999
 20
29.74
 11
-2.51999
 21
29.748
  0
LINE
  8
0
 10
-2.51999
 20
29.748
 11
2.51999
 21
29.748
  0
LINE
  8
0
 10
2.51999
 20
29.748
 11
2.51999
 21
29.74
  0
LINE
  8
0
 10
2.51999
 20
29.74
 11
-2.51999
 21
29.74
  0
LINE
  8
0
 10
11.88
 20
29.708
 11
11.88
 21
29.716
  0
LINE
  8
0
 10
11.88
 20
29.716
 11
16.92
 21
29.716
  0
LINE
  8
0
 10
16.92
 20
29.716
 11
16.92
 21
29.708
  0
LINE
  8
0
 10
16.92
 20
29.708
 11
11.88
 21
29.708
  0
LINE
  8
0
 10
40.68
 20
29.708
 11
40.68
 21
29.716
  0
LINE
  8
0
 10
40.68
 20
29.716
 11
45.72
 21
29.716
  0
LINE
  8
0
 10
45.72
 20
29.716
 11
45.72
 21
29.708
  0
LINE
  8
0
 10
45.72
 20
29.708
 11
40.68
 21
29.708
  0
LINE
  8
0
 10
-2.51999
 20
29.708
 11
-2.51999
 21
29.716
  0
LINE
  8
0
 10
-2.51999
 20
29.716
 11
2.51999
 21
29.716
  0
LINE
  8
0
 10
2.51999
 20
29.716
 11
2.51999
 21
29.708
  0
LINE
  8
0
 10
2.51999
 20
29.708
 11
-2.51999
 21
29.708
  0
LINE
  8
0
 10
26.28
 20
29.708
 11
26.28
 21
29.716
  0
LINE
  8
0
 10
26.28
 20
29.716
 11
31.32
 21
29.716
  0
LINE
  8
0
 10
31.32
 20
29.716
 11
31.32
 21
29.708
  0
LINE
  8
0
 10
31.32
 20
29.708
 11
26.28
 21
29.708
  0
LINE
  8
0
 10
55.08
 20
29.708
 11
55.08
 21
29.716
  0
LINE
  8
0
 10
55.08
 20
29.716
 11
60.12
 21
29.716
  0
LINE
  8
0
 10
60.12
 20
29.716
 11
60.12
 21
29.708
  0
LINE
  8
0
 10
60.12
 20
29.708
 11
55.08
 21
29.708
  0
LINE
  8
0
 10
69.48
 20
29.708
 11
69.48
 21
29.716
  0
LINE
  8
0
 10
69.48
 20
29.716
 11
74.52
 21
29.716
  0
LINE
  8
0
 10
74.52
 20
29.716
 11
74.52
 21
29.708
  0
LINE
  8
0
 10
74.52
 20
29.708
 11
69.48
 21
29.708
  0
LINE
  8
0
 10
11.88
 20
29.676
 11
11.88
 21
29.684
  0
LINE
  8
0
 10
11.88
 20
29.684
 11
16.92
 21
29.684
  0
LINE
  8
0
 10
16.92
 20
29.684
 11
16.92
 21
29.676
  0
LINE
  8
0
 10
16.92
 20
29.676
 11
11.88
 21
29.676
  0
LINE
  8
0
 10
26.28
 20
29.676
 11
26.28
 21
29.684
  0
LINE
  8
0
 10
26.28
 20
29.684
 11
31.32
 21
29.684
  0
LINE
  8
0
 10
31.32
 20
29.684
 11
31.32
 21
29.676
  0
LINE
  8
0
 10
31.32
 20
29.676
 11
26.28
 21
29.676
  0
LINE
  8
0
 10
69.48
 20
29.676
 11
69.48
 21
29.684
  0
LINE
  8
0
 10
69.48
 20
29.684
 11
74.52
 21
29.684
  0
LINE
  8
0
 10
74.52
 20
29.684
 11
74.52
 21
29.676
  0
LINE
  8
0
 10
74.52
 20
29.676
 11
69.48
 21
29.676
  0
LINE
  8
0
 10
-2.51999
 20
29.676
 11
-2.51999
 21
29.684
  0
LINE
  8
0
 10
-2.51999
 20
29.684
 11
2.51999
 21
29.684
  0
LINE
  8
0
 10
2.51999
 20
29.684
 11
2.51999
 21
29.676
  0
LINE
  8
0
 10
2.51999
 20
29.676
 11
-2.51999
 21
29.676
  0
LINE
  8
0
 10
40.68
 20
29.676
 11
40.68
 21
29.684
  0
LINE
  8
0
 10
40.68
 20
29.684
 11
45.72
 21
29.684
  0
LINE
  8
0
 10
45.72
 20
29.684
 11
45.72
 21
29.676
  0
LINE
  8
0
 10
45.72
 20
29.676
 11
40.68
 21
29.676
  0
LINE
  8
0
 10
55.08
 20
29.676
 11
55.08
 21
29.684
  0
LINE
  8
0
 10
55.08
 20
29.684
 11
60.12
 21
29.684
  0
LINE
  8
0
 10
60.12
 20
29.684
 11
60.12
 21
29.676
  0
LINE
  8
0
 10
60.12
 20
29.676
 11
55.08
 21
29.676
  0
LINE
  8
0
 10
11.88
 20
29.644
 11
11.88
 21
29.652
  0
LINE
  8
0
 10
11.88
 20
29.652
 11
16.92
 21
29.652
  0
LINE
  8
0
 10
16.92
 20
29.652
 11
16.92
 21
29.644
  0
LINE
  8
0
 10
16.92
 20
29.644
 11
11.88
 21
29.644
  0
LINE
  8
0
 10
55.08
 20
29.644
 11
55.08
 21
29.652
  0
LINE
  8
0
 10
55.08
 20
29.652
 11
60.12
 21
29.652
  0
LINE
  8
0
 10
60.12
 20
29.652
 11
60.12
 21
29.644
  0
LINE
  8
0
 10
60.12
 20
29.644
 11
55.08
 21
29.644
  0
LINE
  8
0
 10
26.28
 20
29.644
 11
26.28
 21
29.652
  0
LINE
  8
0
 10
26.28
 20
29.652
 11
31.32
 21
29.652
  0
LINE
  8
0
 10
31.32
 20
29.652
 11
31.32
 21
29.644
  0
LINE
  8
0
 10
31.32
 20
29.644
 11
26.28
 21
29.644
  0
LINE
  8
0
 10
69.48
 20
29.644
 11
69.48
 21
29.652
  0
LINE
  8
0
 10
69.48
 20
29.652
 11
74.52
 21
29.652
  0
LINE
  8
0
 10
74.52
 20
29.652
 11
74.52
 21
29.644
  0
LINE
  8
0
 10
74.52
 20
29.644
 11
69.48
 21
29.644
  0
LINE
  8
0
 10
-2.51999
 20
29.644
 11
-2.51999
 21
29.652
  0
LINE
  8
0
 10
-2.51999
 20
29.652
 11
2.51999
 21
29.652
  0
LINE
  8
0
 10
2.51999
 20
29.652
 11
2.51999
 21
29.644
  0
LINE
  8
0
 10
2.51999
 20
29.644
 11
-2.51999
 21
29.644
  0
LINE
  8
0
 10
40.68
 20
29.644
 11
40.68
 21
29.652
  0
LINE
  8
0
 10
40.68
 20
29.652
 11
45.72
 21
29.652
  0
LINE
  8
0
 10
45.72
 20
29.652
 11
45.72
 21
29.644
  0
LINE
  8
0
 10
45.72
 20
29.644
 11
40.68
 21
29.644
  0
LINE
  8
0
 10
55.08
 20
29.612
 11
55.08
 21
29.62
  0
LINE
  8
0
 10
55.08
 20
29.62
 11
60.12
 21
29.62
  0
LINE
  8
0
 10
60.12
 20
29.62
 11
60.12
 21
29.612
  0
LINE
  8
0
 10
60.12
 20
29.612
 11
55.08
 21
29.612
  0
LINE
  8
0
 10
-2.51999
 20
29.612
 11
-2.51999
 21
29.62
  0
LINE
  8
0
 10
-2.51999
 20
29.62
 11
2.51999
 21
29.62
  0
LINE
  8
0
 10
2.51999
 20
29.62
 11
2.51999
 21
29.612
  0
LINE
  8
0
 10
2.51999
 20
29.612
 11
-2.51999
 21
29.612
  0
LINE
  8
0
 10
11.88
 20
29.612
 11
11.88
 21
29.62
  0
LINE
  8
0
 10
11.88
 20
29.62
 11
16.92
 21
29.62
  0
LINE
  8
0
 10
16.92
 20
29.62
 11
16.92
 21
29.612
  0
LINE
  8
0
 10
16.92
 20
29.612
 11
11.88
 21
29.612
  0
LINE
  8
0
 10
69.48
 20
29.612
 11
69.48
 21
29.62
  0
LINE
  8
0
 10
69.48
 20
29.62
 11
74.52
 21
29.62
  0
LINE
  8
0
 10
74.52
 20
29.62
 11
74.52
 21
29.612
  0
LINE
  8
0
 10
74.52
 20
29.612
 11
69.48
 21
29.612
  0
LINE
  8
0
 10
26.28
 20
29.612
 11
26.28
 21
29.62
  0
LINE
  8
0
 10
26.28
 20
29.62
 11
31.32
 21
29.62
  0
LINE
  8
0
 10
31.32
 20
29.62
 11
31.32
 21
29.612
  0
LINE
  8
0
 10
31.32
 20
29.612
 11
26.28
 21
29.612
  0
LINE
  8
0
 10
40.68
 20
29.612
 11
40.68
 21
29.62
  0
LINE
  8
0
 10
40.68
 20
29.62
 11
45.72
 21
29.62
  0
LINE
  8
0
 10
45.72
 20
29.62
 11
45.72
 21
29.612
  0
LINE
  8
0
 10
45.72
 20
29.612
 11
40.68
 21
29.612
  0
LINE
  8
0
 10
11.88
 20
29.58
 11
11.88
 21
29.588
  0
LINE
  8
0
 10
11.88
 20
29.588
 11
16.92
 21
29.588
  0
LINE
  8
0
 10
16.92
 20
29.588
 11
16.92
 21
29.58
  0
LINE
  8
0
 10
16.92
 20
29.58
 11
11.88
 21
29.58
  0
LINE
  8
0
 10
40.68
 20
29.58
 11
40.68
 21
29.588
  0
LINE
  8
0
 10
40.68
 20
29.588
 11
45.72
 21
29.588
  0
LINE
  8
0
 10
45.72
 20
29.588
 11
45.72
 21
29.58
  0
LINE
  8
0
 10
45.72
 20
29.58
 11
40.68
 21
29.58
  0
LINE
  8
0
 10
69.48
 20
29.58
 11
69.48
 21
29.588
  0
LINE
  8
0
 10
69.48
 20
29.588
 11
74.52
 21
29.588
  0
LINE
  8
0
 10
74.52
 20
29.588
 11
74.52
 21
29.58
  0
LINE
  8
0
 10
74.52
 20
29.58
 11
69.48
 21
29.58
  0
LINE
  8
0
 10
26.28
 20
29.58
 11
26.28
 21
29.588
  0
LINE
  8
0
 10
26.28
 20
29.588
 11
31.32
 21
29.588
  0
LINE
  8
0
 10
31.32
 20
29.588
 11
31.32
 21
29.58
  0
LINE
  8
0
 10
31.32
 20
29.58
 11
26.28
 21
29.58
  0
LINE
  8
0
 10
-2.51999
 20
29.58
 11
-2.51999
 21
29.588
  0
LINE
  8
0
 10
-2.51999
 20
29.588
 11
2.51999
 21
29.588
  0
LINE
  8
0
 10
2.51999
 20
29.588
 11
2.51999
 21
29.58
  0
LINE
  8
0
 10
2.51999
 20
29.58
 11
-2.51999
 21
29.58
  0
LINE
  8
0
 10
55.08
 20
29.58
 11
55.08
 21
29.588
  0
LINE
  8
0
 10
55.08
 20
29.588
 11
60.12
 21
29.588
  0
LINE
  8
0
 10
60.12
 20
29.588
 11
60.12
 21
29.58
  0
LINE
  8
0
 10
60.12
 20
29.58
 11
55.08
 21
29.58
  0
LINE
  8
0
 10
69.48
 20
29.548
 11
69.48
 21
29.556
  0
LINE
  8
0
 10
69.48
 20
29.556
 11
74.52
 21
29.556
  0
LINE
  8
0
 10
74.52
 20
29.556
 11
74.52
 21
29.548
  0
LINE
  8
0
 10
74.52
 20
29.548
 11
69.48
 21
29.548
  0
LINE
  8
0
 10
40.68
 20
29.548
 11
40.68
 21
29.556
  0
LINE
  8
0
 10
40.68
 20
29.556
 11
45.72
 21
29.556
  0
LINE
  8
0
 10
45.72
 20
29.556
 11
45.72
 21
29.548
  0
LINE
  8
0
 10
45.72
 20
29.548
 11
40.68
 21
29.548
  0
LINE
  8
0
 10
11.88
 20
29.548
 11
11.88
 21
29.556
  0
LINE
  8
0
 10
11.88
 20
29.556
 11
16.92
 21
29.556
  0
LINE
  8
0
 10
16.92
 20
29.556
 11
16.92
 21
29.548
  0
LINE
  8
0
 10
16.92
 20
29.548
 11
11.88
 21
29.548
  0
LINE
  8
0
 10
26.28
 20
29.548
 11
26.28
 21
29.556
  0
LINE
  8
0
 10
26.28
 20
29.556
 11
31.32
 21
29.556
  0
LINE
  8
0
 10
31.32
 20
29.556
 11
31.32
 21
29.548
  0
LINE
  8
0
 10
31.32
 20
29.548
 11
26.28
 21
29.548
  0
LINE
  8
0
 10
-2.51999
 20
29.548
 11
-2.51999
 21
29.556
  0
LINE
  8
0
 10
-2.51999
 20
29.556
 11
2.51999
 21
29.556
  0
LINE
  8
0
 10
2.51999
 20
29.556
 11
2.51999
 21
29.548
  0
LINE
  8
0
 10
2.51999
 20
29.548
 11
-2.51999
 21
29.548
  0
LINE
  8
0
 10
55.08
 20
29.548
 11
55.08
 21
29.556
  0
LINE
  8
0
 10
55.08
 20
29.556
 11
60.12
 21
29.556
  0
LINE
  8
0
 10
60.12
 20
29.556
 11
60.12
 21
29.548
  0
LINE
  8
0
 10
60.12
 20
29.548
 11
55.08
 21
29.548
  0
LINE
  8
0
 10
-2.51999
 20
29.516
 11
-2.51999
 21
29.524
  0
LINE
  8
0
 10
-2.51999
 20
29.524
 11
2.51999
 21
29.524
  0
LINE
  8
0
 10
2.51999
 20
29.524
 11
2.51999
 21
29.516
  0
LINE
  8
0
 10
2.51999
 20
29.516
 11
-2.51999
 21
29.516
  0
LINE
  8
0
 10
40.68
 20
29.516
 11
40.68
 21
29.524
  0
LINE
  8
0
 10
40.68
 20
29.524
 11
45.72
 21
29.524
  0
LINE
  8
0
 10
45.72
 20
29.524
 11
45.72
 21
29.516
  0
LINE
  8
0
 10
45.72
 20
29.516
 11
40.68
 21
29.516
  0
LINE
  8
0
 10
26.28
 20
29.516
 11
26.28
 21
29.524
  0
LINE
  8
0
 10
26.28
 20
29.524
 11
31.32
 21
29.524
  0
LINE
  8
0
 10
31.32
 20
29.524
 11
31.32
 21
29.516
  0
LINE
  8
0
 10
31.32
 20
29.516
 11
26.28
 21
29.516
  0
LINE
  8
0
 10
69.48
 20
29.516
 11
69.48
 21
29.524
  0
LINE
  8
0
 10
69.48
 20
29.524
 11
74.52
 21
29.524
  0
LINE
  8
0
 10
74.52
 20
29.524
 11
74.52
 21
29.516
  0
LINE
  8
0
 10
74.52
 20
29.516
 11
69.48
 21
29.516
  0
LINE
  8
0
 10
11.88
 20
29.516
 11
11.88
 21
29.524
  0
LINE
  8
0
 10
11.88
 20
29.524
 11
16.92
 21
29.524
  0
LINE
  8
0
 10
16.92
 20
29.524
 11
16.92
 21
29.516
  0
LINE
  8
0
 10
16.92
 20
29.516
 11
11.88
 21
29.516
  0
LINE
  8
0
 10
55.08
 20
29.516
 11
55.08
 21
29.524
  0
LINE
  8
0
 10
55.08
 20
29.524
 11
60.12
 21
29.524
  0
LINE
  8
0
 10
60.12
 20
29.524
 11
60.12
 21
29.516
  0
LINE
  8
0
 10
60.12
 20
29.516
 11
55.08
 21
29.516
  0
LINE
  8
0
 10
-2.51999
 20
29.484
 11
-2.51999
 21
29.492
  0
LINE
  8
0
 10
-2.51999
 20
29.492
 11
2.51999
 21
29.492
  0
LINE
  8
0
 10
2.51999
 20
29.492
 11
2.51999
 21
29.484
  0
LINE
  8
0
 10
2.51999
 20
29.484
 11
-2.51999
 21
29.484
  0
LINE
  8
0
 10
26.28
 20
29.484
 11
26.28
 21
29.492
  0
LINE
  8
0
 10
26.28
 20
29.492
 11
31.32
 21
29.492
  0
LINE
  8
0
 10
31.32
 20
29.492
 11
31.32
 21
29.484
  0
LINE
  8
0
 10
31.32
 20
29.484
 11
26.28
 21
29.484
  0
LINE
  8
0
 10
40.68
 20
29.484
 11
40.68
 21
29.492
  0
LINE
  8
0
 10
40.68
 20
29.492
 11
45.72
 21
29.492
  0
LINE
  8
0
 10
45.72
 20
29.492
 11
45.72
 21
29.484
  0
LINE
  8
0
 10
45.72
 20
29.484
 11
40.68
 21
29.484
  0
LINE
  8
0
 10
55.08
 20
29.484
 11
55.08
 21
29.492
  0
LINE
  8
0
 10
55.08
 20
29.492
 11
60.12
 21
29.492
  0
LINE
  8
0
 10
60.12
 20
29.492
 11
60.12
 21
29.484
  0
LINE
  8
0
 10
60.12
 20
29.484
 11
55.08
 21
29.484
  0
LINE
  8
0
 10
11.88
 20
29.484
 11
11.88
 21
29.492
  0
LINE
  8
0
 10
11.88
 20
29.492
 11
16.92
 21
29.492
  0
LINE
  8
0
 10
16.92
 20
29.492
 11
16.92
 21
29.484
  0
LINE
  8
0
 10
16.92
 20
29.484
 11
11.88
 21
29.484
  0
LINE
  8
0
 10
69.48
 20
29.484
 11
69.48
 21
29.492
  0
LINE
  8
0
 10
69.48
 20
29.492
 11
74.52
 21
29.492
  0
LINE
  8
0
 10
74.52
 20
29.492
 11
74.52
 21
29.484
  0
LINE
  8
0
 10
74.52
 20
29.484
 11
69.48
 21
29.484
  0
LINE
  8
0
 10
40.68
 20
29.452
 11
40.68
 21
29.46
  0
LINE
  8
0
 10
40.68
 20
29.46
 11
45.72
 21
29.46
  0
LINE
  8
0
 10
45.72
 20
29.46
 11
45.72
 21
29.452
  0
LINE
  8
0
 10
45.72
 20
29.452
 11
40.68
 21
29.452
  0
LINE
  8
0
 10
11.88
 20
29.452
 11
11.88
 21
29.46
  0
LINE
  8
0
 10
11.88
 20
29.46
 11
16.92
 21
29.46
  0
LINE
  8
0
 10
16.92
 20
29.46
 11
16.92
 21
29.452
  0
LINE
  8
0
 10
16.92
 20
29.452
 11
11.88
 21
29.452
  0
LINE
  8
0
 10
-2.51999
 20
29.452
 11
-2.51999
 21
29.46
  0
LINE
  8
0
 10
-2.51999
 20
29.46
 11
2.51999
 21
29.46
  0
LINE
  8
0
 10
2.51999
 20
29.46
 11
2.51999
 21
29.452
  0
LINE
  8
0
 10
2.51999
 20
29.452
 11
-2.51999
 21
29.452
  0
LINE
  8
0
 10
69.48
 20
29.452
 11
69.48
 21
29.46
  0
LINE
  8
0
 10
69.48
 20
29.46
 11
74.52
 21
29.46
  0
LINE
  8
0
 10
74.52
 20
29.46
 11
74.52
 21
29.452
  0
LINE
  8
0
 10
74.52
 20
29.452
 11
69.48
 21
29.452
  0
LINE
  8
0
 10
26.28
 20
29.452
 11
26.28
 21
29.46
  0
LINE
  8
0
 10
26.28
 20
29.46
 11
31.32
 21
29.46
  0
LINE
  8
0
 10
31.32
 20
29.46
 11
31.32
 21
29.452
  0
LINE
  8
0
 10
31.32
 20
29.452
 11
26.28
 21
29.452
  0
LINE
  8
0
 10
55.08
 20
29.452
 11
55.08
 21
29.46
  0
LINE
  8
0
 10
55.08
 20
29.46
 11
60.12
 21
29.46
  0
LINE
  8
0
 10
60.12
 20
29.46
 11
60.12
 21
29.452
  0
LINE
  8
0
 10
60.12
 20
29.452
 11
55.08
 21
29.452
  0
LINE
  8
0
 10
11.88
 20
29.42
 11
11.88
 21
29.428
  0
LINE
  8
0
 10
11.88
 20
29.428
 11
16.92
 21
29.428
  0
LINE
  8
0
 10
16.92
 20
29.428
 11
16.92
 21
29.42
  0
LINE
  8
0
 10
16.92
 20
29.42
 11
11.88
 21
29.42
  0
LINE
  8
0
 10
-2.51999
 20
29.42
 11
-2.51999
 21
29.428
  0
LINE
  8
0
 10
-2.51999
 20
29.428
 11
2.51999
 21
29.428
  0
LINE
  8
0
 10
2.51999
 20
29.428
 11
2.51999
 21
29.42
  0
LINE
  8
0
 10
2.51999
 20
29.42
 11
-2.51999
 21
29.42
  0
LINE
  8
0
 10
26.28
 20
29.42
 11
26.28
 21
29.428
  0
LINE
  8
0
 10
26.28
 20
29.428
 11
31.32
 21
29.428
  0
LINE
  8
0
 10
31.32
 20
29.428
 11
31.32
 21
29.42
  0
LINE
  8
0
 10
31.32
 20
29.42
 11
26.28
 21
29.42
  0
LINE
  8
0
 10
55.08
 20
29.42
 11
55.08
 21
29.428
  0
LINE
  8
0
 10
55.08
 20
29.428
 11
60.12
 21
29.428
  0
LINE
  8
0
 10
60.12
 20
29.428
 11
60.12
 21
29.42
  0
LINE
  8
0
 10
60.12
 20
29.42
 11
55.08
 21
29.42
  0
LINE
  8
0
 10
69.48
 20
29.42
 11
69.48
 21
29.428
  0
LINE
  8
0
 10
69.48
 20
29.428
 11
74.52
 21
29.428
  0
LINE
  8
0
 10
74.52
 20
29.428
 11
74.52
 21
29.42
  0
LINE
  8
0
 10
74.52
 20
29.42
 11
69.48
 21
29.42
  0
LINE
  8
0
 10
40.68
 20
29.42
 11
40.68
 21
29.428
  0
LINE
  8
0
 10
40.68
 20
29.428
 11
45.72
 21
29.428
  0
LINE
  8
0
 10
45.72
 20
29.428
 11
45.72
 21
29.42
  0
LINE
  8
0
 10
45.72
 20
29.42
 11
40.68
 21
29.42
  0
LINE
  8
0
 10
55.08
 20
29.388
 11
55.08
 21
29.396
  0
LINE
  8
0
 10
55.08
 20
29.396
 11
60.12
 21
29.396
  0
LINE
  8
0
 10
60.12
 20
29.396
 11
60.12
 21
29.388
  0
LINE
  8
0
 10
60.12
 20
29.388
 11
55.08
 21
29.388
  0
LINE
  8
0
 10
69.48
 20
29.388
 11
69.48
 21
29.396
  0
LINE
  8
0
 10
69.48
 20
29.396
 11
74.52
 21
29.396
  0
LINE
  8
0
 10
74.52
 20
29.396
 11
74.52
 21
29.388
  0
LINE
  8
0
 10
74.52
 20
29.388
 11
69.48
 21
29.388
  0
LINE
  8
0
 10
11.88
 20
29.388
 11
11.88
 21
29.396
  0
LINE
  8
0
 10
11.88
 20
29.396
 11
16.92
 21
29.396
  0
LINE
  8
0
 10
16.92
 20
29.396
 11
16.92
 21
29.388
  0
LINE
  8
0
 10
16.92
 20
29.388
 11
11.88
 21
29.388
  0
LINE
  8
0
 10
40.68
 20
29.388
 11
40.68
 21
29.396
  0
LINE
  8
0
 10
40.68
 20
29.396
 11
45.72
 21
29.396
  0
LINE
  8
0
 10
45.72
 20
29.396
 11
45.72
 21
29.388
  0
LINE
  8
0
 10
45.72
 20
29.388
 11
40.68
 21
29.388
  0
LINE
  8
0
 10
26.28
 20
29.388
 11
26.28
 21
29.396
  0
LINE
  8
0
 10
26.28
 20
29.396
 11
31.32
 21
29.396
  0
LINE
  8
0
 10
31.32
 20
29.396
 11
31.32
 21
29.388
  0
LINE
  8
0
 10
31.32
 20
29.388
 11
26.28
 21
29.388
  0
LINE
  8
0
 10
-2.51999
 20
29.388
 11
-2.51999
 21
29.396
  0
LINE
  8
0
 10
-2.51999
 20
29.396
 11
2.51999
 21
29.396
  0
LINE
  8
0
 10
2.51999
 20
29.396
 11
2.51999
 21
29.388
  0
LINE
  8
0
 10
2.51999
 20
29.388
 11
-2.51999
 21
29.388
  0
LINE
  8
0
 10
55.08
 20
29.356
 11
55.08
 21
29.364
  0
LINE
  8
0
 10
55.08
 20
29.364
 11
60.12
 21
29.364
  0
LINE
  8
0
 10
60.12
 20
29.364
 11
60.12
 21
29.356
  0
LINE
  8
0
 10
60.12
 20
29.356
 11
55.08
 21
29.356
  0
LINE
  8
0
 10
26.28
 20
29.356
 11
26.28
 21
29.364
  0
LINE
  8
0
 10
26.28
 20
29.364
 11
31.32
 21
29.364
  0
LINE
  8
0
 10
31.32
 20
29.364
 11
31.32
 21
29.356
  0
LINE
  8
0
 10
31.32
 20
29.356
 11
26.28
 21
29.356
  0
LINE
  8
0
 10
11.88
 20
29.356
 11
11.88
 21
29.364
  0
LINE
  8
0
 10
11.88
 20
29.364
 11
16.92
 21
29.364
  0
LINE
  8
0
 10
16.92
 20
29.364
 11
16.92
 21
29.356
  0
LINE
  8
0
 10
16.92
 20
29.356
 11
11.88
 21
29.356
  0
LINE
  8
0
 10
69.48
 20
29.356
 11
69.48
 21
29.364
  0
LINE
  8
0
 10
69.48
 20
29.364
 11
74.52
 21
29.364
  0
LINE
  8
0
 10
74.52
 20
29.364
 11
74.52
 21
29.356
  0
LINE
  8
0
 10
74.52
 20
29.356
 11
69.48
 21
29.356
  0
LINE
  8
0
 10
-2.51999
 20
29.356
 11
-2.51999
 21
29.364
  0
LINE
  8
0
 10
-2.51999
 20
29.364
 11
2.51999
 21
29.364
  0
LINE
  8
0
 10
2.51999
 20
29.364
 11
2.51999
 21
29.356
  0
LINE
  8
0
 10
2.51999
 20
29.356
 11
-2.51999
 21
29.356
  0
LINE
  8
0
 10
40.68
 20
29.356
 11
40.68
 21
29.364
  0
LINE
  8
0
 10
40.68
 20
29.364
 11
45.72
 21
29.364
  0
LINE
  8
0
 10
45.72
 20
29.364
 11
45.72
 21
29.356
  0
LINE
  8
0
 10
45.72
 20
29.356
 11
40.68
 21
29.356
  0
LINE
  8
0
 10
69.48
 20
29.324
 11
69.48
 21
29.332
  0
LINE
  8
0
 10
69.48
 20
29.332
 11
74.52
 21
29.332
  0
LINE
  8
0
 10
74.52
 20
29.332
 11
74.52
 21
29.324
  0
LINE
  8
0
 10
74.52
 20
29.324
 11
69.48
 21
29.324
  0
LINE
  8
0
 10
-2.51999
 20
29.324
 11
-2.51999
 21
29.332
  0
LINE
  8
0
 10
-2.51999
 20
29.332
 11
2.51999
 21
29.332
  0
LINE
  8
0
 10
2.51999
 20
29.332
 11
2.51999
 21
29.324
  0
LINE
  8
0
 10
2.51999
 20
29.324
 11
-2.51999
 21
29.324
  0
LINE
  8
0
 10
55.08
 20
29.324
 11
55.08
 21
29.332
  0
LINE
  8
0
 10
55.08
 20
29.332
 11
60.12
 21
29.332
  0
LINE
  8
0
 10
60.12
 20
29.332
 11
60.12
 21
29.324
  0
LINE
  8
0
 10
60.12
 20
29.324
 11
55.08
 21
29.324
  0
LINE
  8
0
 10
11.88
 20
29.324
 11
11.88
 21
29.332
  0
LINE
  8
0
 10
11.88
 20
29.332
 11
16.92
 21
29.332
  0
LINE
  8
0
 10
16.92
 20
29.332
 11
16.92
 21
29.324
  0
LINE
  8
0
 10
16.92
 20
29.324
 11
11.88
 21
29.324
  0
LINE
  8
0
 10
40.68
 20
29.324
 11
40.68
 21
29.332
  0
LINE
  8
0
 10
40.68
 20
29.332
 11
45.72
 21
29.332
  0
LINE
  8
0
 10
45.72
 20
29.332
 11
45.72
 21
29.324
  0
LINE
  8
0
 10
45.72
 20
29.324
 11
40.68
 21
29.324
  0
LINE
  8
0
 10
26.28
 20
29.324
 11
26.28
 21
29.332
  0
LINE
  8
0
 10
26.28
 20
29.332
 11
31.32
 21
29.332
  0
LINE
  8
0
 10
31.32
 20
29.332
 11
31.32
 21
29.324
  0
LINE
  8
0
 10
31.32
 20
29.324
 11
26.28
 21
29.324
  0
LINE
  8
0
 10
-2.51999
 20
29.292
 11
-2.51999
 21
29.3
  0
LINE
  8
0
 10
-2.51999
 20
29.3
 11
2.51999
 21
29.3
  0
LINE
  8
0
 10
2.51999
 20
29.3
 11
2.51999
 21
29.292
  0
LINE
  8
0
 10
2.51999
 20
29.292
 11
-2.51999
 21
29.292
  0
LINE
  8
0
 10
26.28
 20
29.292
 11
26.28
 21
29.3
  0
LINE
  8
0
 10
26.28
 20
29.3
 11
31.32
 21
29.3
  0
LINE
  8
0
 10
31.32
 20
29.3
 11
31.32
 21
29.292
  0
LINE
  8
0
 10
31.32
 20
29.292
 11
26.28
 21
29.292
  0
LINE
  8
0
 10
40.68
 20
29.292
 11
40.68
 21
29.3
  0
LINE
  8
0
 10
40.68
 20
29.3
 11
45.72
 21
29.3
  0
LINE
  8
0
 10
45.72
 20
29.3
 11
45.72
 21
29.292
  0
LINE
  8
0
 10
45.72
 20
29.292
 11
40.68
 21
29.292
  0
LINE
  8
0
 10
69.48
 20
29.292
 11
69.48
 21
29.3
  0
LINE
  8
0
 10
69.48
 20
29.3
 11
74.52
 21
29.3
  0
LINE
  8
0
 10
74.52
 20
29.3
 11
74.52
 21
29.292
  0
LINE
  8
0
 10
74.52
 20
29.292
 11
69.48
 21
29.292
  0
LINE
  8
0
 10
55.08
 20
29.292
 11
55.08
 21
29.3
  0
LINE
  8
0
 10
55.08
 20
29.3
 11
60.12
 21
29.3
  0
LINE
  8
0
 10
60.12
 20
29.3
 11
60.12
 21
29.292
  0
LINE
  8
0
 10
60.12
 20
29.292
 11
55.08
 21
29.292
  0
LINE
  8
0
 10
11.88
 20
29.292
 11
11.88
 21
29.3
  0
LINE
  8
0
 10
11.88
 20
29.3
 11
16.92
 21
29.3
  0
LINE
  8
0
 10
16.92
 20
29.3
 11
16.92
 21
29.292
  0
LINE
  8
0
 10
16.92
 20
29.292
 11
11.88
 21
29.292
  0
LINE
  8
0
 10
-2.51999
 20
29.26
 11
-2.51999
 21
29.268
  0
LINE
  8
0
 10
-2.51999
 20
29.268
 11
2.51999
 21
29.268
  0
LINE
  8
0
 10
2.51999
 20
29.268
 11
2.51999
 21
29.26
  0
LINE
  8
0
 10
2.51999
 20
29.26
 11
-2.51999
 21
29.26
  0
LINE
  8
0
 10
26.28
 20
29.26
 11
26.28
 21
29.268
  0
LINE
  8
0
 10
26.28
 20
29.268
 11
31.32
 21
29.268
  0
LINE
  8
0
 10
31.32
 20
29.268
 11
31.32
 21
29.26
  0
LINE
  8
0
 10
31.32
 20
29.26
 11
26.28
 21
29.26
  0
LINE
  8
0
 10
11.88
 20
29.26
 11
11.88
 21
29.268
  0
LINE
  8
0
 10
11.88
 20
29.268
 11
16.92
 21
29.268
  0
LINE
  8
0
 10
16.92
 20
29.268
 11
16.92
 21
29.26
  0
LINE
  8
0
 10
16.92
 20
29.26
 11
11.88
 21
29.26
  0
LINE
  8
0
 10
55.08
 20
29.26
 11
55.08
 21
29.268
  0
LINE
  8
0
 10
55.08
 20
29.268
 11
60.12
 21
29.268
  0
LINE
  8
0
 10
60.12
 20
29.268
 11
60.12
 21
29.26
  0
LINE
  8
0
 10
60.12
 20
29.26
 11
55.08
 21
29.26
  0
LINE
  8
0
 10
40.68
 20
29.26
 11
40.68
 21
29.268
  0
LINE
  8
0
 10
40.68
 20
29.268
 11
45.72
 21
29.268
  0
LINE
  8
0
 10
45.72
 20
29.268
 11
45.72
 21
29.26
  0
LINE
  8
0
 10
45.72
 20
29.26
 11
40.68
 21
29.26
  0
LINE
  8
0
 10
69.48
 20
29.26
 11
69.48
 21
29.268
  0
LINE
  8
0
 10
69.48
 20
29.268
 11
74.52
 21
29.268
  0
LINE
  8
0
 10
74.52
 20
29.268
 11
74.52
 21
29.26
  0
LINE
  8
0
 10
74.52
 20
29.26
 11
69.48
 21
29.26
  0
LINE
  8
0
 10
69.48
 20
29.228
 11
69.48
 21
29.236
  0
LINE
  8
0
 10
69.48
 20
29.236
 11
74.52
 21
29.236
  0
LINE
  8
0
 10
74.52
 20
29.236
 11
74.52
 21
29.228
  0
LINE
  8
0
 10
74.52
 20
29.228
 11
69.48
 21
29.228
  0
LINE
  8
0
 10
40.68
 20
29.228
 11
40.68
 21
29.236
  0
LINE
  8
0
 10
40.68
 20
29.236
 11
45.72
 21
29.236
  0
LINE
  8
0
 10
45.72
 20
29.236
 11
45.72
 21
29.228
  0
LINE
  8
0
 10
45.72
 20
29.228
 11
40.68
 21
29.228
  0
LINE
  8
0
 10
55.08
 20
29.228
 11
55.08
 21
29.236
  0
LINE
  8
0
 10
55.08
 20
29.236
 11
60.12
 21
29.236
  0
LINE
  8
0
 10
60.12
 20
29.236
 11
60.12
 21
29.228
  0
LINE
  8
0
 10
60.12
 20
29.228
 11
55.08
 21
29.228
  0
LINE
  8
0
 10
26.28
 20
29.228
 11
26.28
 21
29.236
  0
LINE
  8
0
 10
26.28
 20
29.236
 11
31.32
 21
29.236
  0
LINE
  8
0
 10
31.32
 20
29.236
 11
31.32
 21
29.228
  0
LINE
  8
0
 10
31.32
 20
29.228
 11
26.28
 21
29.228
  0
LINE
  8
0
 10
11.88
 20
29.228
 11
11.88
 21
29.236
  0
LINE
  8
0
 10
11.88
 20
29.236
 11
16.92
 21
29.236
  0
LINE
  8
0
 10
16.92
 20
29.236
 11
16.92
 21
29.228
  0
LINE
  8
0
 10
16.92
 20
29.228
 11
11.88
 21
29.228
  0
LINE
  8
0
 10
-2.51999
 20
29.228
 11
-2.51999
 21
29.236
  0
LINE
  8
0
 10
-2.51999
 20
29.236
 11
2.51999
 21
29.236
  0
LINE
  8
0
 10
2.51999
 20
29.236
 11
2.51999
 21
29.228
  0
LINE
  8
0
 10
2.51999
 20
29.228
 11
-2.51999
 21
29.228
  0
LINE
  8
0
 10
11.88
 20
29.196
 11
11.88
 21
29.204
  0
LINE
  8
0
 10
11.88
 20
29.204
 11
16.92
 21
29.204
  0
LINE
  8
0
 10
16.92
 20
29.204
 11
16.92
 21
29.196
  0
LINE
  8
0
 10
16.92
 20
29.196
 11
11.88
 21
29.196
  0
LINE
  8
0
 10
26.28
 20
29.196
 11
26.28
 21
29.204
  0
LINE
  8
0
 10
26.28
 20
29.204
 11
31.32
 21
29.204
  0
LINE
  8
0
 10
31.32
 20
29.204
 11
31.32
 21
29.196
  0
LINE
  8
0
 10
31.32
 20
29.196
 11
26.28
 21
29.196
  0
LINE
  8
0
 10
55.08
 20
29.196
 11
55.08
 21
29.204
  0
LINE
  8
0
 10
55.08
 20
29.204
 11
60.12
 21
29.204
  0
LINE
  8
0
 10
60.12
 20
29.204
 11
60.12
 21
29.196
  0
LINE
  8
0
 10
60.12
 20
29.196
 11
55.08
 21
29.196
  0
LINE
  8
0
 10
69.48
 20
29.196
 11
69.48
 21
29.204
  0
LINE
  8
0
 10
69.48
 20
29.204
 11
74.52
 21
29.204
  0
LINE
  8
0
 10
74.52
 20
29.204
 11
74.52
 21
29.196
  0
LINE
  8
0
 10
74.52
 20
29.196
 11
69.48
 21
29.196
  0
LINE
  8
0
 10
-2.51999
 20
29.196
 11
-2.51999
 21
29.204
  0
LINE
  8
0
 10
-2.51999
 20
29.204
 11
2.51999
 21
29.204
  0
LINE
  8
0
 10
2.51999
 20
29.204
 11
2.51999
 21
29.196
  0
LINE
  8
0
 10
2.51999
 20
29.196
 11
-2.51999
 21
29.196
  0
LINE
  8
0
 10
40.68
 20
29.196
 11
40.68
 21
29.204
  0
LINE
  8
0
 10
40.68
 20
29.204
 11
45.72
 21
29.204
  0
LINE
  8
0
 10
45.72
 20
29.204
 11
45.72
 21
29.196
  0
LINE
  8
0
 10
45.72
 20
29.196
 11
40.68
 21
29.196
  0
LINE
  8
0
 10
-2.51999
 20
29.164
 11
-2.51999
 21
29.172
  0
LINE
  8
0
 10
-2.51999
 20
29.172
 11
2.51999
 21
29.172
  0
LINE
  8
0
 10
2.51999
 20
29.172
 11
2.51999
 21
29.164
  0
LINE
  8
0
 10
2.51999
 20
29.164
 11
-2.51999
 21
29.164
  0
LINE
  8
0
 10
55.08
 20
29.164
 11
55.08
 21
29.172
  0
LINE
  8
0
 10
55.08
 20
29.172
 11
60.12
 21
29.172
  0
LINE
  8
0
 10
60.12
 20
29.172
 11
60.12
 21
29.164
  0
LINE
  8
0
 10
60.12
 20
29.164
 11
55.08
 21
29.164
  0
LINE
  8
0
 10
26.28
 20
29.164
 11
26.28
 21
29.172
  0
LINE
  8
0
 10
26.28
 20
29.172
 11
31.32
 21
29.172
  0
LINE
  8
0
 10
31.32
 20
29.172
 11
31.32
 21
29.164
  0
LINE
  8
0
 10
31.32
 20
29.164
 11
26.28
 21
29.164
  0
LINE
  8
0
 10
69.48
 20
29.164
 11
69.48
 21
29.172
  0
LINE
  8
0
 10
69.48
 20
29.172
 11
74.52
 21
29.172
  0
LINE
  8
0
 10
74.52
 20
29.172
 11
74.52
 21
29.164
  0
LINE
  8
0
 10
74.52
 20
29.164
 11
69.48
 21
29.164
  0
LINE
  8
0
 10
40.68
 20
29.164
 11
40.68
 21
29.172
  0
LINE
  8
0
 10
40.68
 20
29.172
 11
45.72
 21
29.172
  0
LINE
  8
0
 10
45.72
 20
29.172
 11
45.72
 21
29.164
  0
LINE
  8
0
 10
45.72
 20
29.164
 11
40.68
 21
29.164
  0
LINE
  8
0
 10
11.88
 20
29.164
 11
11.88
 21
29.172
  0
LINE
  8
0
 10
11.88
 20
29.172
 11
16.92
 21
29.172
  0
LINE
  8
0
 10
16.92
 20
29.172
 11
16.92
 21
29.164
  0
LINE
  8
0
 10
16.92
 20
29.164
 11
11.88
 21
29.164
  0
LINE
  8
0
 10
55.08
 20
29.132
 11
55.08
 21
29.14
  0
LINE
  8
0
 10
55.08
 20
29.14
 11
60.12
 21
29.14
  0
LINE
  8
0
 10
60.12
 20
29.14
 11
60.12
 21
29.132
  0
LINE
  8
0
 10
60.12
 20
29.132
 11
55.08
 21
29.132
  0
LINE
  8
0
 10
69.48
 20
29.132
 11
69.48
 21
29.14
  0
LINE
  8
0
 10
69.48
 20
29.14
 11
74.52
 21
29.14
  0
LINE
  8
0
 10
74.52
 20
29.14
 11
74.52
 21
29.132
  0
LINE
  8
0
 10
74.52
 20
29.132
 11
69.48
 21
29.132
  0
LINE
  8
0
 10
-2.51999
 20
29.132
 11
-2.51999
 21
29.14
  0
LINE
  8
0
 10
-2.51999
 20
29.14
 11
2.51999
 21
29.14
  0
LINE
  8
0
 10
2.51999
 20
29.14
 11
2.51999
 21
29.132
  0
LINE
  8
0
 10
2.51999
 20
29.132
 11
-2.51999
 21
29.132
  0
LINE
  8
0
 10
11.88
 20
29.132
 11
11.88
 21
29.14
  0
LINE
  8
0
 10
11.88
 20
29.14
 11
16.92
 21
29.14
  0
LINE
  8
0
 10
16.92
 20
29.14
 11
16.92
 21
29.132
  0
LINE
  8
0
 10
16.92
 20
29.132
 11
11.88
 21
29.132
  0
LINE
  8
0
 10
40.68
 20
29.132
 11
40.68
 21
29.14
  0
LINE
  8
0
 10
40.68
 20
29.14
 11
45.72
 21
29.14
  0
LINE
  8
0
 10
45.72
 20
29.14
 11
45.72
 21
29.132
  0
LINE
  8
0
 10
45.72
 20
29.132
 11
40.68
 21
29.132
  0
LINE
  8
0
 10
26.28
 20
29.132
 11
26.28
 21
29.14
  0
LINE
  8
0
 10
26.28
 20
29.14
 11
31.32
 21
29.14
  0
LINE
  8
0
 10
31.32
 20
29.14
 11
31.32
 21
29.132
  0
LINE
  8
0
 10
31.32
 20
29.132
 11
26.28
 21
29.132
  0
LINE
  8
0
 10
26.28
 20
29.1
 11
26.28
 21
29.108
  0
LINE
  8
0
 10
26.28
 20
29.108
 11
31.32
 21
29.108
  0
LINE
  8
0
 10
31.32
 20
29.108
 11
31.32
 21
29.1
  0
LINE
  8
0
 10
31.32
 20
29.1
 11
26.28
 21
29.1
  0
LINE
  8
0
 10
40.68
 20
29.1
 11
40.68
 21
29.108
  0
LINE
  8
0
 10
40.68
 20
29.108
 11
45.72
 21
29.108
  0
LINE
  8
0
 10
45.72
 20
29.108
 11
45.72
 21
29.1
  0
LINE
  8
0
 10
45.72
 20
29.1
 11
40.68
 21
29.1
  0
LINE
  8
0
 10
69.48
 20
29.1
 11
69.48
 21
29.108
  0
LINE
  8
0
 10
69.48
 20
29.108
 11
74.52
 21
29.108
  0
LINE
  8
0
 10
74.52
 20
29.108
 11
74.52
 21
29.1
  0
LINE
  8
0
 10
74.52
 20
29.1
 11
69.48
 21
29.1
  0
LINE
  8
0
 10
11.88
 20
29.1
 11
11.88
 21
29.108
  0
LINE
  8
0
 10
11.88
 20
29.108
 11
16.92
 21
29.108
  0
LINE
  8
0
 10
16.92
 20
29.108
 11
16.92
 21
29.1
  0
LINE
  8
0
 10
16.92
 20
29.1
 11
11.88
 21
29.1
  0
LINE
  8
0
 10
55.08
 20
29.1
 11
55.08
 21
29.108
  0
LINE
  8
0
 10
55.08
 20
29.108
 11
60.12
 21
29.108
  0
LINE
  8
0
 10
60.12
 20
29.108
 11
60.12
 21
29.1
  0
LINE
  8
0
 10
60.12
 20
29.1
 11
55.08
 21
29.1
  0
LINE
  8
0
 10
-2.51999
 20
29.1
 11
-2.51999
 21
29.108
  0
LINE
  8
0
 10
-2.51999
 20
29.108
 11
2.51999
 21
29.108
  0
LINE
  8
0
 10
2.51999
 20
29.108
 11
2.51999
 21
29.1
  0
LINE
  8
0
 10
2.51999
 20
29.1
 11
-2.51999
 21
29.1
  0
LINE
  8
0
 10
26.28
 20
29.068
 11
26.28
 21
29.076
  0
LINE
  8
0
 10
26.28
 20
29.076
 11
31.32
 21
29.076
  0
LINE
  8
0
 10
31.32
 20
29.076
 11
31.32
 21
29.068
  0
LINE
  8
0
 10
31.32
 20
29.068
 11
26.28
 21
29.068
  0
LINE
  8
0
 10
69.48
 20
29.068
 11
69.48
 21
29.076
  0
LINE
  8
0
 10
69.48
 20
29.076
 11
74.52
 21
29.076
  0
LINE
  8
0
 10
74.52
 20
29.076
 11
74.52
 21
29.068
  0
LINE
  8
0
 10
74.52
 20
29.068
 11
69.48
 21
29.068
  0
LINE
  8
0
 10
11.88
 20
29.068
 11
11.88
 21
29.076
  0
LINE
  8
0
 10
11.88
 20
29.076
 11
16.92
 21
29.076
  0
LINE
  8
0
 10
16.92
 20
29.076
 11
16.92
 21
29.068
  0
LINE
  8
0
 10
16.92
 20
29.068
 11
11.88
 21
29.068
  0
LINE
  8
0
 10
40.68
 20
29.068
 11
40.68
 21
29.076
  0
LINE
  8
0
 10
40.68
 20
29.076
 11
45.72
 21
29.076
  0
LINE
  8
0
 10
45.72
 20
29.076
 11
45.72
 21
29.068
  0
LINE
  8
0
 10
45.72
 20
29.068
 11
40.68
 21
29.068
  0
LINE
  8
0
 10
55.08
 20
29.068
 11
55.08
 21
29.076
  0
LINE
  8
0
 10
55.08
 20
29.076
 11
60.12
 21
29.076
  0
LINE
  8
0
 10
60.12
 20
29.076
 11
60.12
 21
29.068
  0
LINE
  8
0
 10
60.12
 20
29.068
 11
55.08
 21
29.068
  0
LINE
  8
0
 10
-2.51999
 20
29.068
 11
-2.51999
 21
29.076
  0
LINE
  8
0
 10
-2.51999
 20
29.076
 11
2.51999
 21
29.076
  0
LINE
  8
0
 10
2.51999
 20
29.076
 11
2.51999
 21
29.068
  0
LINE
  8
0
 10
2.51999
 20
29.068
 11
-2.51999
 21
29.068
  0
LINE
  8
0
 10
69.48
 20
29.036
 11
69.48
 21
29.044
  0
LINE
  8
0
 10
69.48
 20
29.044
 11
74.52
 21
29.044
  0
LINE
  8
0
 10
74.52
 20
29.044
 11
74.52
 21
29.036
  0
LINE
  8
0
 10
74.52
 20
29.036
 11
69.48
 21
29.036
  0
LINE
  8
0
 10
55.08
 20
29.036
 11
55.08
 21
29.044
  0
LINE
  8
0
 10
55.08
 20
29.044
 11
60.12
 21
29.044
  0
LINE
  8
0
 10
60.12
 20
29.044
 11
60.12
 21
29.036
  0
LINE
  8
0
 10
60.12
 20
29.036
 11
55.08
 21
29.036
  0
LINE
  8
0
 10
26.28
 20
29.036
 11
26.28
 21
29.044
  0
LINE
  8
0
 10
26.28
 20
29.044
 11
31.32
 21
29.044
  0
LINE
  8
0
 10
31.32
 20
29.044
 11
31.32
 21
29.036
  0
LINE
  8
0
 10
31.32
 20
29.036
 11
26.28
 21
29.036
  0
LINE
  8
0
 10
40.68
 20
29.036
 11
40.68
 21
29.044
  0
LINE
  8
0
 10
40.68
 20
29.044
 11
45.72
 21
29.044
  0
LINE
  8
0
 10
45.72
 20
29.044
 11
45.72
 21
29.036
  0
LINE
  8
0
 10
45.72
 20
29.036
 11
40.68
 21
29.036
  0
LINE
  8
0
 10
11.88
 20
29.036
 11
11.88
 21
29.044
  0
LINE
  8
0
 10
11.88
 20
29.044
 11
16.92
 21
29.044
  0
LINE
  8
0
 10
16.92
 20
29.044
 11
16.92
 21
29.036
  0
LINE
  8
0
 10
16.92
 20
29.036
 11
11.88
 21
29.036
  0
LINE
  8
0
 10
-2.51999
 20
29.036
 11
-2.51999
 21
29.044
  0
LINE
  8
0
 10
-2.51999
 20
29.044
 11
2.51999
 21
29.044
  0
LINE
  8
0
 10
2.51999
 20
29.044
 11
2.51999
 21
29.036
  0
LINE
  8
0
 10
2.51999
 20
29.036
 11
-2.51999
 21
29.036
  0
LINE
  8
0
 10
26.28
 20
29.004
 11
26.28
 21
29.012
  0
LINE
  8
0
 10
26.28
 20
29.012
 11
31.32
 21
29.012
  0
LINE
  8
0
 10
31.32
 20
29.012
 11
31.32
 21
29.004
  0
LINE
  8
0
 10
31.32
 20
29.004
 11
26.28
 21
29.004
  0
LINE
  8
0
 10
-2.51999
 20
29.004
 11
-2.51999
 21
29.012
  0
LINE
  8
0
 10
-2.51999
 20
29.012
 11
2.51999
 21
29.012
  0
LINE
  8
0
 10
2.51999
 20
29.012
 11
2.51999
 21
29.004
  0
LINE
  8
0
 10
2.51999
 20
29.004
 11
-2.51999
 21
29.004
  0
LINE
  8
0
 10
40.68
 20
29.004
 11
40.68
 21
29.012
  0
LINE
  8
0
 10
40.68
 20
29.012
 11
45.72
 21
29.012
  0
LINE
  8
0
 10
45.72
 20
29.012
 11
45.72
 21
29.004
  0
LINE
  8
0
 10
45.72
 20
29.004
 11
40.68
 21
29.004
  0
LINE
  8
0
 10
11.88
 20
29.004
 11
11.88
 21
29.012
  0
LINE
  8
0
 10
11.88
 20
29.012
 11
16.92
 21
29.012
  0
LINE
  8
0
 10
16.92
 20
29.012
 11
16.92
 21
29.004
  0
LINE
  8
0
 10
16.92
 20
29.004
 11
11.88
 21
29.004
  0
LINE
  8
0
 10
69.48
 20
29.004
 11
69.48
 21
29.012
  0
LINE
  8
0
 10
69.48
 20
29.012
 11
74.52
 21
29.012
  0
LINE
  8
0
 10
74.52
 20
29.012
 11
74.52
 21
29.004
  0
LINE
  8
0
 10
74.52
 20
29.004
 11
69.48
 21
29.004
  0
LINE
  8
0
 10
55.08
 20
29.004
 11
55.08
 21
29.012
  0
LINE
  8
0
 10
55.08
 20
29.012
 11
60.12
 21
29.012
  0
LINE
  8
0
 10
60.12
 20
29.012
 11
60.12
 21
29.004
  0
LINE
  8
0
 10
60.12
 20
29.004
 11
55.08
 21
29.004
  0
LINE
  8
0
 10
26.28
 20
28.972
 11
26.28
 21
28.98
  0
LINE
  8
0
 10
26.28
 20
28.98
 11
31.32
 21
28.98
  0
LINE
  8
0
 10
31.32
 20
28.98
 11
31.32
 21
28.972
  0
LINE
  8
0
 10
31.32
 20
28.972
 11
26.28
 21
28.972
  0
LINE
  8
0
 10
11.88
 20
28.972
 11
11.88
 21
28.98
  0
LINE
  8
0
 10
11.88
 20
28.98
 11
16.92
 21
28.98
  0
LINE
  8
0
 10
16.92
 20
28.98
 11
16.92
 21
28.972
  0
LINE
  8
0
 10
16.92
 20
28.972
 11
11.88
 21
28.972
  0
LINE
  8
0
 10
55.08
 20
28.972
 11
55.08
 21
28.98
  0
LINE
  8
0
 10
55.08
 20
28.98
 11
60.12
 21
28.98
  0
LINE
  8
0
 10
60.12
 20
28.98
 11
60.12
 21
28.972
  0
LINE
  8
0
 10
60.12
 20
28.972
 11
55.08
 21
28.972
  0
LINE
  8
0
 10
69.48
 20
28.972
 11
69.48
 21
28.98
  0
LINE
  8
0
 10
69.48
 20
28.98
 11
74.52
 21
28.98
  0
LINE
  8
0
 10
74.52
 20
28.98
 11
74.52
 21
28.972
  0
LINE
  8
0
 10
74.52
 20
28.972
 11
69.48
 21
28.972
  0
LINE
  8
0
 10
-2.51999
 20
28.972
 11
-2.51999
 21
28.98
  0
LINE
  8
0
 10
-2.51999
 20
28.98
 11
2.51999
 21
28.98
  0
LINE
  8
0
 10
2.51999
 20
28.98
 11
2.51999
 21
28.972
  0
LINE
  8
0
 10
2.51999
 20
28.972
 11
-2.51999
 21
28.972
  0
LINE
  8
0
 10
40.68
 20
28.972
 11
40.68
 21
28.98
  0
LINE
  8
0
 10
40.68
 20
28.98
 11
45.72
 21
28.98
  0
LINE
  8
0
 10
45.72
 20
28.98
 11
45.72
 21
28.972
  0
LINE
  8
0
 10
45.72
 20
28.972
 11
40.68
 21
28.972
  0
LINE
  8
0
 10
11.88
 20
28.94
 11
11.88
 21
28.948
  0
LINE
  8
0
 10
11.88
 20
28.948
 11
16.92
 21
28.948
  0
LINE
  8
0
 10
16.92
 20
28.948
 11
16.92
 21
28.94
  0
LINE
  8
0
 10
16.92
 20
28.94
 11
11.88
 21
28.94
  0
LINE
  8
0
 10
-2.51999
 20
28.94
 11
-2.51999
 21
28.948
  0
LINE
  8
0
 10
-2.51999
 20
28.948
 11
2.51999
 21
28.948
  0
LINE
  8
0
 10
2.51999
 20
28.948
 11
2.51999
 21
28.94
  0
LINE
  8
0
 10
2.51999
 20
28.94
 11
-2.51999
 21
28.94
  0
LINE
  8
0
 10
26.28
 20
28.94
 11
26.28
 21
28.948
  0
LINE
  8
0
 10
26.28
 20
28.948
 11
31.32
 21
28.948
  0
LINE
  8
0
 10
31.32
 20
28.948
 11
31.32
 21
28.94
  0
LINE
  8
0
 10
31.32
 20
28.94
 11
26.28
 21
28.94
  0
LINE
  8
0
 10
40.68
 20
28.94
 11
40.68
 21
28.948
  0
LINE
  8
0
 10
40.68
 20
28.948
 11
45.72
 21
28.948
  0
LINE
  8
0
 10
45.72
 20
28.948
 11
45.72
 21
28.94
  0
LINE
  8
0
 10
45.72
 20
28.94
 11
40.68
 21
28.94
  0
LINE
  8
0
 10
69.48
 20
28.94
 11
69.48
 21
28.948
  0
LINE
  8
0
 10
69.48
 20
28.948
 11
74.52
 21
28.948
  0
LINE
  8
0
 10
74.52
 20
28.948
 11
74.52
 21
28.94
  0
LINE
  8
0
 10
74.52
 20
28.94
 11
69.48
 21
28.94
  0
LINE
  8
0
 10
55.08
 20
28.94
 11
55.08
 21
28.948
  0
LINE
  8
0
 10
55.08
 20
28.948
 11
60.12
 21
28.948
  0
LINE
  8
0
 10
60.12
 20
28.948
 11
60.12
 21
28.94
  0
LINE
  8
0
 10
60.12
 20
28.94
 11
55.08
 21
28.94
  0
LINE
  8
0
 10
26.28
 20
28.908
 11
26.28
 21
28.916
  0
LINE
  8
0
 10
26.28
 20
28.916
 11
31.32
 21
28.916
  0
LINE
  8
0
 10
31.32
 20
28.916
 11
31.32
 21
28.908
  0
LINE
  8
0
 10
31.32
 20
28.908
 11
26.28
 21
28.908
  0
LINE
  8
0
 10
40.68
 20
28.908
 11
40.68
 21
28.916
  0
LINE
  8
0
 10
40.68
 20
28.916
 11
45.72
 21
28.916
  0
LINE
  8
0
 10
45.72
 20
28.916
 11
45.72
 21
28.908
  0
LINE
  8
0
 10
45.72
 20
28.908
 11
40.68
 21
28.908
  0
LINE
  8
0
 10
55.08
 20
28.908
 11
55.08
 21
28.916
  0
LINE
  8
0
 10
55.08
 20
28.916
 11
60.12
 21
28.916
  0
LINE
  8
0
 10
60.12
 20
28.916
 11
60.12
 21
28.908
  0
LINE
  8
0
 10
60.12
 20
28.908
 11
55.08
 21
28.908
  0
LINE
  8
0
 10
69.48
 20
28.908
 11
69.48
 21
28.916
  0
LINE
  8
0
 10
69.48
 20
28.916
 11
74.52
 21
28.916
  0
LINE
  8
0
 10
74.52
 20
28.916
 11
74.52
 21
28.908
  0
LINE
  8
0
 10
74.52
 20
28.908
 11
69.48
 21
28.908
  0
LINE
  8
0
 10
11.88
 20
28.908
 11
11.88
 21
28.916
  0
LINE
  8
0
 10
11.88
 20
28.916
 11
16.92
 21
28.916
  0
LINE
  8
0
 10
16.92
 20
28.916
 11
16.92
 21
28.908
  0
LINE
  8
0
 10
16.92
 20
28.908
 11
11.88
 21
28.908
  0
LINE
  8
0
 10
-2.51999
 20
28.908
 11
-2.51999
 21
28.916
  0
LINE
  8
0
 10
-2.51999
 20
28.916
 11
2.51999
 21
28.916
  0
LINE
  8
0
 10
2.51999
 20
28.916
 11
2.51999
 21
28.908
  0
LINE
  8
0
 10
2.51999
 20
28.908
 11
-2.51999
 21
28.908
  0
LINE
  8
0
 10
40.68
 20
28.876
 11
40.68
 21
28.884
  0
LINE
  8
0
 10
40.68
 20
28.884
 11
45.72
 21
28.884
  0
LINE
  8
0
 10
45.72
 20
28.884
 11
45.72
 21
28.876
  0
LINE
  8
0
 10
45.72
 20
28.876
 11
40.68
 21
28.876
  0
LINE
  8
0
 10
26.28
 20
28.876
 11
26.28
 21
28.884
  0
LINE
  8
0
 10
26.28
 20
28.884
 11
31.32
 21
28.884
  0
LINE
  8
0
 10
31.32
 20
28.884
 11
31.32
 21
28.876
  0
LINE
  8
0
 10
31.32
 20
28.876
 11
26.28
 21
28.876
  0
LINE
  8
0
 10
11.88
 20
28.876
 11
11.88
 21
28.884
  0
LINE
  8
0
 10
11.88
 20
28.884
 11
16.92
 21
28.884
  0
LINE
  8
0
 10
16.92
 20
28.884
 11
16.92
 21
28.876
  0
LINE
  8
0
 10
16.92
 20
28.876
 11
11.88
 21
28.876
  0
LINE
  8
0
 10
55.08
 20
28.876
 11
55.08
 21
28.884
  0
LINE
  8
0
 10
55.08
 20
28.884
 11
60.12
 21
28.884
  0
LINE
  8
0
 10
60.12
 20
28.884
 11
60.12
 21
28.876
  0
LINE
  8
0
 10
60.12
 20
28.876
 11
55.08
 21
28.876
  0
LINE
  8
0
 10
69.48
 20
28.876
 11
69.48
 21
28.884
  0
LINE
  8
0
 10
69.48
 20
28.884
 11
74.52
 21
28.884
  0
LINE
  8
0
 10
74.52
 20
28.884
 11
74.52
 21
28.876
  0
LINE
  8
0
 10
74.52
 20
28.876
 11
69.48
 21
28.876
  0
LINE
  8
0
 10
-2.51999
 20
28.876
 11
-2.51999
 21
28.884
  0
LINE
  8
0
 10
-2.51999
 20
28.884
 11
2.51999
 21
28.884
  0
LINE
  8
0
 10
2.51999
 20
28.884
 11
2.51999
 21
28.876
  0
LINE
  8
0
 10
2.51999
 20
28.876
 11
-2.51999
 21
28.876
  0
LINE
  8
0
 10
11.88
 20
28.844
 11
11.88
 21
28.852
  0
LINE
  8
0
 10
11.88
 20
28.852
 11
16.92
 21
28.852
  0
LINE
  8
0
 10
16.92
 20
28.852
 11
16.92
 21
28.844
  0
LINE
  8
0
 10
16.92
 20
28.844
 11
11.88
 21
28.844
  0
LINE
  8
0
 10
69.48
 20
28.844
 11
69.48
 21
28.852
  0
LINE
  8
0
 10
69.48
 20
28.852
 11
74.52
 21
28.852
  0
LINE
  8
0
 10
74.52
 20
28.852
 11
74.52
 21
28.844
  0
LINE
  8
0
 10
74.52
 20
28.844
 11
69.48
 21
28.844
  0
LINE
  8
0
 10
55.08
 20
28.844
 11
55.08
 21
28.852
  0
LINE
  8
0
 10
55.08
 20
28.852
 11
60.12
 21
28.852
  0
LINE
  8
0
 10
60.12
 20
28.852
 11
60.12
 21
28.844
  0
LINE
  8
0
 10
60.12
 20
28.844
 11
55.08
 21
28.844
  0
LINE
  8
0
 10
-2.51999
 20
28.844
 11
-2.51999
 21
28.852
  0
LINE
  8
0
 10
-2.51999
 20
28.852
 11
2.51999
 21
28.852
  0
LINE
  8
0
 10
2.51999
 20
28.852
 11
2.51999
 21
28.844
  0
LINE
  8
0
 10
2.51999
 20
28.844
 11
-2.51999
 21
28.844
  0
LINE
  8
0
 10
26.28
 20
28.844
 11
26.28
 21
28.852
  0
LINE
  8
0
 10
26.28
 20
28.852
 11
31.32
 21
28.852
  0
LINE
  8
0
 10
31.32
 20
28.852
 11
31.32
 21
28.844
  0
LINE
  8
0
 10
31.32
 20
28.844
 11
26.28
 21
28.844
  0
LINE
  8
0
 10
40.68
 20
28.844
 11
40.68
 21
28.852
  0
LINE
  8
0
 10
40.68
 20
28.852
 11
45.72
 21
28.852
  0
LINE
  8
0
 10
45.72
 20
28.852
 11
45.72
 21
28.844
  0
LINE
  8
0
 10
45.72
 20
28.844
 11
40.68
 21
28.844
  0
LINE
  8
0
 10
11.88
 20
28.812
 11
11.88
 21
28.82
  0
LINE
  8
0
 10
11.88
 20
28.82
 11
16.92
 21
28.82
  0
LINE
  8
0
 10
16.92
 20
28.82
 11
16.92
 21
28.812
  0
LINE
  8
0
 10
16.92
 20
28.812
 11
11.88
 21
28.812
  0
LINE
  8
0
 10
55.08
 20
28.812
 11
55.08
 21
28.82
  0
LINE
  8
0
 10
55.08
 20
28.82
 11
60.12
 21
28.82
  0
LINE
  8
0
 10
60.12
 20
28.82
 11
60.12
 21
28.812
  0
LINE
  8
0
 10
60.12
 20
28.812
 11
55.08
 21
28.812
  0
LINE
  8
0
 10
69.48
 20
28.812
 11
69.48
 21
28.82
  0
LINE
  8
0
 10
69.48
 20
28.82
 11
74.52
 21
28.82
  0
LINE
  8
0
 10
74.52
 20
28.82
 11
74.52
 21
28.812
  0
LINE
  8
0
 10
74.52
 20
28.812
 11
69.48
 21
28.812
  0
LINE
  8
0
 10
-2.51999
 20
28.812
 11
-2.51999
 21
28.82
  0
LINE
  8
0
 10
-2.51999
 20
28.82
 11
2.51999
 21
28.82
  0
LINE
  8
0
 10
2.51999
 20
28.82
 11
2.51999
 21
28.812
  0
LINE
  8
0
 10
2.51999
 20
28.812
 11
-2.51999
 21
28.812
  0
LINE
  8
0
 10
40.68
 20
28.812
 11
40.68
 21
28.82
  0
LINE
  8
0
 10
40.68
 20
28.82
 11
45.72
 21
28.82
  0
LINE
  8
0
 10
45.72
 20
28.82
 11
45.72
 21
28.812
  0
LINE
  8
0
 10
45.72
 20
28.812
 11
40.68
 21
28.812
  0
LINE
  8
0
 10
26.28
 20
28.812
 11
26.28
 21
28.82
  0
LINE
  8
0
 10
26.28
 20
28.82
 11
31.32
 21
28.82
  0
LINE
  8
0
 10
31.32
 20
28.82
 11
31.32
 21
28.812
  0
LINE
  8
0
 10
31.32
 20
28.812
 11
26.28
 21
28.812
  0
LINE
  8
0
 10
-2.51999
 20
28.78
 11
-2.51999
 21
28.788
  0
LINE
  8
0
 10
-2.51999
 20
28.788
 11
2.51999
 21
28.788
  0
LINE
  8
0
 10
2.51999
 20
28.788
 11
2.51999
 21
28.78
  0
LINE
  8
0
 10
2.51999
 20
28.78
 11
-2.51999
 21
28.78
  0
LINE
  8
0
 10
40.68
 20
28.78
 11
40.68
 21
28.788
  0
LINE
  8
0
 10
40.68
 20
28.788
 11
45.72
 21
28.788
  0
LINE
  8
0
 10
45.72
 20
28.788
 11
45.72
 21
28.78
  0
LINE
  8
0
 10
45.72
 20
28.78
 11
40.68
 21
28.78
  0
LINE
  8
0
 10
26.28
 20
28.78
 11
26.28
 21
28.788
  0
LINE
  8
0
 10
26.28
 20
28.788
 11
31.32
 21
28.788
  0
LINE
  8
0
 10
31.32
 20
28.788
 11
31.32
 21
28.78
  0
LINE
  8
0
 10
31.32
 20
28.78
 11
26.28
 21
28.78
  0
LINE
  8
0
 10
55.08
 20
28.78
 11
55.08
 21
28.788
  0
LINE
  8
0
 10
55.08
 20
28.788
 11
60.12
 21
28.788
  0
LINE
  8
0
 10
60.12
 20
28.788
 11
60.12
 21
28.78
  0
LINE
  8
0
 10
60.12
 20
28.78
 11
55.08
 21
28.78
  0
LINE
  8
0
 10
11.88
 20
28.78
 11
11.88
 21
28.788
  0
LINE
  8
0
 10
11.88
 20
28.788
 11
16.92
 21
28.788
  0
LINE
  8
0
 10
16.92
 20
28.788
 11
16.92
 21
28.78
  0
LINE
  8
0
 10
16.92
 20
28.78
 11
11.88
 21
28.78
  0
LINE
  8
0
 10
69.48
 20
28.78
 11
69.48
 21
28.788
  0
LINE
  8
0
 10
69.48
 20
28.788
 11
74.52
 21
28.788
  0
LINE
  8
0
 10
74.52
 20
28.788
 11
74.52
 21
28.78
  0
LINE
  8
0
 10
74.52
 20
28.78
 11
69.48
 21
28.78
  0
LINE
  8
0
 10
55.08
 20
28.748
 11
55.08
 21
28.756
  0
LINE
  8
0
 10
55.08
 20
28.756
 11
60.12
 21
28.756
  0
LINE
  8
0
 10
60.12
 20
28.756
 11
60.12
 21
28.748
  0
LINE
  8
0
 10
60.12
 20
28.748
 11
55.08
 21
28.748
  0
LINE
  8
0
 10
26.28
 20
28.748
 11
26.28
 21
28.756
  0
LINE
  8
0
 10
26.28
 20
28.756
 11
31.32
 21
28.756
  0
LINE
  8
0
 10
31.32
 20
28.756
 11
31.32
 21
28.748
  0
LINE
  8
0
 10
31.32
 20
28.748
 11
26.28
 21
28.748
  0
LINE
  8
0
 10
40.68
 20
28.748
 11
40.68
 21
28.756
  0
LINE
  8
0
 10
40.68
 20
28.756
 11
45.72
 21
28.756
  0
LINE
  8
0
 10
45.72
 20
28.756
 11
45.72
 21
28.748
  0
LINE
  8
0
 10
45.72
 20
28.748
 11
40.68
 21
28.748
  0
LINE
  8
0
 10
69.48
 20
28.748
 11
69.48
 21
28.756
  0
LINE
  8
0
 10
69.48
 20
28.756
 11
74.52
 21
28.756
  0
LINE
  8
0
 10
74.52
 20
28.756
 11
74.52
 21
28.748
  0
LINE
  8
0
 10
74.52
 20
28.748
 11
69.48
 21
28.748
  0
LINE
  8
0
 10
-2.51999
 20
28.748
 11
-2.51999
 21
28.756
  0
LINE
  8
0
 10
-2.51999
 20
28.756
 11
2.51999
 21
28.756
  0
LINE
  8
0
 10
2.51999
 20
28.756
 11
2.51999
 21
28.748
  0
LINE
  8
0
 10
2.51999
 20
28.748
 11
-2.51999
 21
28.748
  0
LINE
  8
0
 10
11.88
 20
28.748
 11
11.88
 21
28.756
  0
LINE
  8
0
 10
11.88
 20
28.756
 11
16.92
 21
28.756
  0
LINE
  8
0
 10
16.92
 20
28.756
 11
16.92
 21
28.748
  0
LINE
  8
0
 10
16.92
 20
28.748
 11
11.88
 21
28.748
  0
LINE
  8
0
 10
-2.51999
 20
28.716
 11
-2.51999
 21
28.724
  0
LINE
  8
0
 10
-2.51999
 20
28.724
 11
2.51999
 21
28.724
  0
LINE
  8
0
 10
2.51999
 20
28.724
 11
2.51999
 21
28.716
  0
LINE
  8
0
 10
2.51999
 20
28.716
 11
-2.51999
 21
28.716
  0
LINE
  8
0
 10
40.68
 20
28.716
 11
40.68
 21
28.724
  0
LINE
  8
0
 10
40.68
 20
28.724
 11
45.72
 21
28.724
  0
LINE
  8
0
 10
45.72
 20
28.724
 11
45.72
 21
28.716
  0
LINE
  8
0
 10
45.72
 20
28.716
 11
40.68
 21
28.716
  0
LINE
  8
0
 10
11.88
 20
28.716
 11
11.88
 21
28.724
  0
LINE
  8
0
 10
11.88
 20
28.724
 11
16.92
 21
28.724
  0
LINE
  8
0
 10
16.92
 20
28.724
 11
16.92
 21
28.716
  0
LINE
  8
0
 10
16.92
 20
28.716
 11
11.88
 21
28.716
  0
LINE
  8
0
 10
69.48
 20
28.716
 11
69.48
 21
28.724
  0
LINE
  8
0
 10
69.48
 20
28.724
 11
74.52
 21
28.724
  0
LINE
  8
0
 10
74.52
 20
28.724
 11
74.52
 21
28.716
  0
LINE
  8
0
 10
74.52
 20
28.716
 11
69.48
 21
28.716
  0
LINE
  8
0
 10
26.28
 20
28.716
 11
26.28
 21
28.724
  0
LINE
  8
0
 10
26.28
 20
28.724
 11
31.32
 21
28.724
  0
LINE
  8
0
 10
31.32
 20
28.724
 11
31.32
 21
28.716
  0
LINE
  8
0
 10
31.32
 20
28.716
 11
26.28
 21
28.716
  0
LINE
  8
0
 10
55.08
 20
28.716
 11
55.08
 21
28.724
  0
LINE
  8
0
 10
55.08
 20
28.724
 11
60.12
 21
28.724
  0
LINE
  8
0
 10
60.12
 20
28.724
 11
60.12
 21
28.716
  0
LINE
  8
0
 10
60.12
 20
28.716
 11
55.08
 21
28.716
  0
LINE
  8
0
 10
69.48
 20
28.684
 11
69.48
 21
28.692
  0
LINE
  8
0
 10
69.48
 20
28.692
 11
74.52
 21
28.692
  0
LINE
  8
0
 10
74.52
 20
28.692
 11
74.52
 21
28.684
  0
LINE
  8
0
 10
74.52
 20
28.684
 11
69.48
 21
28.684
  0
LINE
  8
0
 10
11.88
 20
28.684
 11
11.88
 21
28.692
  0
LINE
  8
0
 10
11.88
 20
28.692
 11
16.92
 21
28.692
  0
LINE
  8
0
 10
16.92
 20
28.692
 11
16.92
 21
28.684
  0
LINE
  8
0
 10
16.92
 20
28.684
 11
11.88
 21
28.684
  0
LINE
  8
0
 10
26.28
 20
28.684
 11
26.28
 21
28.692
  0
LINE
  8
0
 10
26.28
 20
28.692
 11
31.32
 21
28.692
  0
LINE
  8
0
 10
31.32
 20
28.692
 11
31.32
 21
28.684
  0
LINE
  8
0
 10
31.32
 20
28.684
 11
26.28
 21
28.684
  0
LINE
  8
0
 10
55.08
 20
28.684
 11
55.08
 21
28.692
  0
LINE
  8
0
 10
55.08
 20
28.692
 11
60.12
 21
28.692
  0
LINE
  8
0
 10
60.12
 20
28.692
 11
60.12
 21
28.684
  0
LINE
  8
0
 10
60.12
 20
28.684
 11
55.08
 21
28.684
  0
LINE
  8
0
 10
-2.51999
 20
28.684
 11
-2.51999
 21
28.692
  0
LINE
  8
0
 10
-2.51999
 20
28.692
 11
2.51999
 21
28.692
  0
LINE
  8
0
 10
2.51999
 20
28.692
 11
2.51999
 21
28.684
  0
LINE
  8
0
 10
2.51999
 20
28.684
 11
-2.51999
 21
28.684
  0
LINE
  8
0
 10
40.68
 20
28.684
 11
40.68
 21
28.692
  0
LINE
  8
0
 10
40.68
 20
28.692
 11
45.72
 21
28.692
  0
LINE
  8
0
 10
45.72
 20
28.692
 11
45.72
 21
28.684
  0
LINE
  8
0
 10
45.72
 20
28.684
 11
40.68
 21
28.684
  0
LINE
  8
0
 10
69.48
 20
28.652
 11
69.48
 21
28.66
  0
LINE
  8
0
 10
69.48
 20
28.66
 11
74.52
 21
28.66
  0
LINE
  8
0
 10
74.52
 20
28.66
 11
74.52
 21
28.652
  0
LINE
  8
0
 10
74.52
 20
28.652
 11
69.48
 21
28.652
  0
LINE
  8
0
 10
55.08
 20
28.652
 11
55.08
 21
28.66
  0
LINE
  8
0
 10
55.08
 20
28.66
 11
60.12
 21
28.66
  0
LINE
  8
0
 10
60.12
 20
28.66
 11
60.12
 21
28.652
  0
LINE
  8
0
 10
60.12
 20
28.652
 11
55.08
 21
28.652
  0
LINE
  8
0
 10
26.28
 20
28.652
 11
26.28
 21
28.66
  0
LINE
  8
0
 10
26.28
 20
28.66
 11
31.32
 21
28.66
  0
LINE
  8
0
 10
31.32
 20
28.66
 11
31.32
 21
28.652
  0
LINE
  8
0
 10
31.32
 20
28.652
 11
26.28
 21
28.652
  0
LINE
  8
0
 10
-2.51999
 20
28.652
 11
-2.51999
 21
28.66
  0
LINE
  8
0
 10
-2.51999
 20
28.66
 11
2.51999
 21
28.66
  0
LINE
  8
0
 10
2.51999
 20
28.66
 11
2.51999
 21
28.652
  0
LINE
  8
0
 10
2.51999
 20
28.652
 11
-2.51999
 21
28.652
  0
LINE
  8
0
 10
40.68
 20
28.652
 11
40.68
 21
28.66
  0
LINE
  8
0
 10
40.68
 20
28.66
 11
45.72
 21
28.66
  0
LINE
  8
0
 10
45.72
 20
28.66
 11
45.72
 21
28.652
  0
LINE
  8
0
 10
45.72
 20
28.652
 11
40.68
 21
28.652
  0
LINE
  8
0
 10
11.88
 20
28.652
 11
11.88
 21
28.66
  0
LINE
  8
0
 10
11.88
 20
28.66
 11
16.92
 21
28.66
  0
LINE
  8
0
 10
16.92
 20
28.66
 11
16.92
 21
28.652
  0
LINE
  8
0
 10
16.92
 20
28.652
 11
11.88
 21
28.652
  0
LINE
  8
0
 10
11.88
 20
28.62
 11
11.88
 21
28.628
  0
LINE
  8
0
 10
11.88
 20
28.628
 11
16.92
 21
28.628
  0
LINE
  8
0
 10
16.92
 20
28.628
 11
16.92
 21
28.62
  0
LINE
  8
0
 10
16.92
 20
28.62
 11
11.88
 21
28.62
  0
LINE
  8
0
 10
55.08
 20
28.62
 11
55.08
 21
28.628
  0
LINE
  8
0
 10
55.08
 20
28.628
 11
60.12
 21
28.628
  0
LINE
  8
0
 10
60.12
 20
28.628
 11
60.12
 21
28.62
  0
LINE
  8
0
 10
60.12
 20
28.62
 11
55.08
 21
28.62
  0
LINE
  8
0
 10
26.28
 20
28.62
 11
26.28
 21
28.628
  0
LINE
  8
0
 10
26.28
 20
28.628
 11
31.32
 21
28.628
  0
LINE
  8
0
 10
31.32
 20
28.628
 11
31.32
 21
28.62
  0
LINE
  8
0
 10
31.32
 20
28.62
 11
26.28
 21
28.62
  0
LINE
  8
0
 10
40.68
 20
28.62
 11
40.68
 21
28.628
  0
LINE
  8
0
 10
40.68
 20
28.628
 11
45.72
 21
28.628
  0
LINE
  8
0
 10
45.72
 20
28.628
 11
45.72
 21
28.62
  0
LINE
  8
0
 10
45.72
 20
28.62
 11
40.68
 21
28.62
  0
LINE
  8
0
 10
-2.51999
 20
28.62
 11
-2.51999
 21
28.628
  0
LINE
  8
0
 10
-2.51999
 20
28.628
 11
2.51999
 21
28.628
  0
LINE
  8
0
 10
2.51999
 20
28.628
 11
2.51999
 21
28.62
  0
LINE
  8
0
 10
2.51999
 20
28.62
 11
-2.51999
 21
28.62
  0
LINE
  8
0
 10
69.48
 20
28.62
 11
69.48
 21
28.628
  0
LINE
  8
0
 10
69.48
 20
28.628
 11
74.52
 21
28.628
  0
LINE
  8
0
 10
74.52
 20
28.628
 11
74.52
 21
28.62
  0
LINE
  8
0
 10
74.52
 20
28.62
 11
69.48
 21
28.62
  0
LINE
  8
0
 10
11.88
 20
28.588
 11
11.88
 21
28.596
  0
LINE
  8
0
 10
11.88
 20
28.596
 11
16.92
 21
28.596
  0
LINE
  8
0
 10
16.92
 20
28.596
 11
16.92
 21
28.588
  0
LINE
  8
0
 10
16.92
 20
28.588
 11
11.88
 21
28.588
  0
LINE
  8
0
 10
26.28
 20
28.588
 11
26.28
 21
28.596
  0
LINE
  8
0
 10
26.28
 20
28.596
 11
31.32
 21
28.596
  0
LINE
  8
0
 10
31.32
 20
28.596
 11
31.32
 21
28.588
  0
LINE
  8
0
 10
31.32
 20
28.588
 11
26.28
 21
28.588
  0
LINE
  8
0
 10
-2.51999
 20
28.588
 11
-2.51999
 21
28.596
  0
LINE
  8
0
 10
-2.51999
 20
28.596
 11
2.51999
 21
28.596
  0
LINE
  8
0
 10
2.51999
 20
28.596
 11
2.51999
 21
28.588
  0
LINE
  8
0
 10
2.51999
 20
28.588
 11
-2.51999
 21
28.588
  0
LINE
  8
0
 10
69.48
 20
28.588
 11
69.48
 21
28.596
  0
LINE
  8
0
 10
69.48
 20
28.596
 11
74.52
 21
28.596
  0
LINE
  8
0
 10
74.52
 20
28.596
 11
74.52
 21
28.588
  0
LINE
  8
0
 10
74.52
 20
28.588
 11
69.48
 21
28.588
  0
LINE
  8
0
 10
40.68
 20
28.588
 11
40.68
 21
28.596
  0
LINE
  8
0
 10
40.68
 20
28.596
 11
45.72
 21
28.596
  0
LINE
  8
0
 10
45.72
 20
28.596
 11
45.72
 21
28.588
  0
LINE
  8
0
 10
45.72
 20
28.588
 11
40.68
 21
28.588
  0
LINE
  8
0
 10
55.08
 20
28.588
 11
55.08
 21
28.596
  0
LINE
  8
0
 10
55.08
 20
28.596
 11
60.12
 21
28.596
  0
LINE
  8
0
 10
60.12
 20
28.596
 11
60.12
 21
28.588
  0
LINE
  8
0
 10
60.12
 20
28.588
 11
55.08
 21
28.588
  0
LINE
  8
0
 10
40.68
 20
28.556
 11
40.68
 21
28.564
  0
LINE
  8
0
 10
40.68
 20
28.564
 11
45.72
 21
28.564
  0
LINE
  8
0
 10
45.72
 20
28.564
 11
45.72
 21
28.556
  0
LINE
  8
0
 10
45.72
 20
28.556
 11
40.68
 21
28.556
  0
LINE
  8
0
 10
-2.51999
 20
28.556
 11
-2.51999
 21
28.564
  0
LINE
  8
0
 10
-2.51999
 20
28.564
 11
2.51999
 21
28.564
  0
LINE
  8
0
 10
2.51999
 20
28.564
 11
2.51999
 21
28.556
  0
LINE
  8
0
 10
2.51999
 20
28.556
 11
-2.51999
 21
28.556
  0
LINE
  8
0
 10
26.28
 20
28.556
 11
26.28
 21
28.564
  0
LINE
  8
0
 10
26.28
 20
28.564
 11
31.32
 21
28.564
  0
LINE
  8
0
 10
31.32
 20
28.564
 11
31.32
 21
28.556
  0
LINE
  8
0
 10
31.32
 20
28.556
 11
26.28
 21
28.556
  0
LINE
  8
0
 10
55.08
 20
28.556
 11
55.08
 21
28.564
  0
LINE
  8
0
 10
55.08
 20
28.564
 11
60.12
 21
28.564
  0
LINE
  8
0
 10
60.12
 20
28.564
 11
60.12
 21
28.556
  0
LINE
  8
0
 10
60.12
 20
28.556
 11
55.08
 21
28.556
  0
LINE
  8
0
 10
69.48
 20
28.556
 11
69.48
 21
28.564
  0
LINE
  8
0
 10
69.48
 20
28.564
 11
74.52
 21
28.564
  0
LINE
  8
0
 10
74.52
 20
28.564
 11
74.52
 21
28.556
  0
LINE
  8
0
 10
74.52
 20
28.556
 11
69.48
 21
28.556
  0
LINE
  8
0
 10
11.88
 20
28.556
 11
11.88
 21
28.564
  0
LINE
  8
0
 10
11.88
 20
28.564
 11
16.92
 21
28.564
  0
LINE
  8
0
 10
16.92
 20
28.564
 11
16.92
 21
28.556
  0
LINE
  8
0
 10
16.92
 20
28.556
 11
11.88
 21
28.556
  0
LINE
  8
0
 10
55.08
 20
28.524
 11
55.08
 21
28.532
  0
LINE
  8
0
 10
55.08
 20
28.532
 11
60.12
 21
28.532
  0
LINE
  8
0
 10
60.12
 20
28.532
 11
60.12
 21
28.524
  0
LINE
  8
0
 10
60.12
 20
28.524
 11
55.08
 21
28.524
  0
LINE
  8
0
 10
11.88
 20
28.524
 11
11.88
 21
28.532
  0
LINE
  8
0
 10
11.88
 20
28.532
 11
16.92
 21
28.532
  0
LINE
  8
0
 10
16.92
 20
28.532
 11
16.92
 21
28.524
  0
LINE
  8
0
 10
16.92
 20
28.524
 11
11.88
 21
28.524
  0
LINE
  8
0
 10
26.28
 20
28.524
 11
26.28
 21
28.532
  0
LINE
  8
0
 10
26.28
 20
28.532
 11
31.32
 21
28.532
  0
LINE
  8
0
 10
31.32
 20
28.532
 11
31.32
 21
28.524
  0
LINE
  8
0
 10
31.32
 20
28.524
 11
26.28
 21
28.524
  0
LINE
  8
0
 10
40.68
 20
28.524
 11
40.68
 21
28.532
  0
LINE
  8
0
 10
40.68
 20
28.532
 11
45.72
 21
28.532
  0
LINE
  8
0
 10
45.72
 20
28.532
 11
45.72
 21
28.524
  0
LINE
  8
0
 10
45.72
 20
28.524
 11
40.68
 21
28.524
  0
LINE
  8
0
 10
69.48
 20
28.524
 11
69.48
 21
28.532
  0
LINE
  8
0
 10
69.48
 20
28.532
 11
74.52
 21
28.532
  0
LINE
  8
0
 10
74.52
 20
28.532
 11
74.52
 21
28.524
  0
LINE
  8
0
 10
74.52
 20
28.524
 11
69.48
 21
28.524
  0
LINE
  8
0
 10
-2.51999
 20
28.524
 11
-2.51999
 21
28.532
  0
LINE
  8
0
 10
-2.51999
 20
28.532
 11
2.51999
 21
28.532
  0
LINE
  8
0
 10
2.51999
 20
28.532
 11
2.51999
 21
28.524
  0
LINE
  8
0
 10
2.51999
 20
28.524
 11
-2.51999
 21
28.524
  0
LINE
  8
0
 10
-2.51999
 20
28.492
 11
-2.51999
 21
28.5
  0
LINE
  8
0
 10
-2.51999
 20
28.5
 11
2.51999
 21
28.5
  0
LINE
  8
0
 10
2.51999
 20
28.5
 11
2.51999
 21
28.492
  0
LINE
  8
0
 10
2.51999
 20
28.492
 11
-2.51999
 21
28.492
  0
LINE
  8
0
 10
69.48
 20
28.492
 11
69.48
 21
28.5
  0
LINE
  8
0
 10
69.48
 20
28.5
 11
74.52
 21
28.5
  0
LINE
  8
0
 10
74.52
 20
28.5
 11
74.52
 21
28.492
  0
LINE
  8
0
 10
74.52
 20
28.492
 11
69.48
 21
28.492
  0
LINE
  8
0
 10
26.28
 20
28.492
 11
26.28
 21
28.5
  0
LINE
  8
0
 10
26.28
 20
28.5
 11
31.32
 21
28.5
  0
LINE
  8
0
 10
31.32
 20
28.5
 11
31.32
 21
28.492
  0
LINE
  8
0
 10
31.32
 20
28.492
 11
26.28
 21
28.492
  0
LINE
  8
0
 10
55.08
 20
28.492
 11
55.08
 21
28.5
  0
LINE
  8
0
 10
55.08
 20
28.5
 11
60.12
 21
28.5
  0
LINE
  8
0
 10
60.12
 20
28.5
 11
60.12
 21
28.492
  0
LINE
  8
0
 10
60.12
 20
28.492
 11
55.08
 21
28.492
  0
LINE
  8
0
 10
40.68
 20
28.492
 11
40.68
 21
28.5
  0
LINE
  8
0
 10
40.68
 20
28.5
 11
45.72
 21
28.5
  0
LINE
  8
0
 10
45.72
 20
28.5
 11
45.72
 21
28.492
  0
LINE
  8
0
 10
45.72
 20
28.492
 11
40.68
 21
28.492
  0
LINE
  8
0
 10
11.88
 20
28.492
 11
11.88
 21
28.5
  0
LINE
  8
0
 10
11.88
 20
28.5
 11
16.92
 21
28.5
  0
LINE
  8
0
 10
16.92
 20
28.5
 11
16.92
 21
28.492
  0
LINE
  8
0
 10
16.92
 20
28.492
 11
11.88
 21
28.492
  0
LINE
  8
0
 10
11.88
 20
28.46
 11
11.88
 21
28.468
  0
LINE
  8
0
 10
11.88
 20
28.468
 11
16.92
 21
28.468
  0
LINE
  8
0
 10
16.92
 20
28.468
 11
16.92
 21
28.46
  0
LINE
  8
0
 10
16.92
 20
28.46
 11
11.88
 21
28.46
  0
LINE
  8
0
 10
26.28
 20
28.46
 11
26.28
 21
28.468
  0
LINE
  8
0
 10
26.28
 20
28.468
 11
31.32
 21
28.468
  0
LINE
  8
0
 10
31.32
 20
28.468
 11
31.32
 21
28.46
  0
LINE
  8
0
 10
31.32
 20
28.46
 11
26.28
 21
28.46
  0
LINE
  8
0
 10
55.08
 20
28.46
 11
55.08
 21
28.468
  0
LINE
  8
0
 10
55.08
 20
28.468
 11
60.12
 21
28.468
  0
LINE
  8
0
 10
60.12
 20
28.468
 11
60.12
 21
28.46
  0
LINE
  8
0
 10
60.12
 20
28.46
 11
55.08
 21
28.46
  0
LINE
  8
0
 10
69.48
 20
28.46
 11
69.48
 21
28.468
  0
LINE
  8
0
 10
69.48
 20
28.468
 11
74.52
 21
28.468
  0
LINE
  8
0
 10
74.52
 20
28.468
 11
74.52
 21
28.46
  0
LINE
  8
0
 10
74.52
 20
28.46
 11
69.48
 21
28.46
  0
LINE
  8
0
 10
40.68
 20
28.46
 11
40.68
 21
28.468
  0
LINE
  8
0
 10
40.68
 20
28.468
 11
45.72
 21
28.468
  0
LINE
  8
0
 10
45.72
 20
28.468
 11
45.72
 21
28.46
  0
LINE
  8
0
 10
45.72
 20
28.46
 11
40.68
 21
28.46
  0
LINE
  8
0
 10
-2.51999
 20
28.46
 11
-2.51999
 21
28.468
  0
LINE
  8
0
 10
-2.51999
 20
28.468
 11
2.51999
 21
28.468
  0
LINE
  8
0
 10
2.51999
 20
28.468
 11
2.51999
 21
28.46
  0
LINE
  8
0
 10
2.51999
 20
28.46
 11
-2.51999
 21
28.46
  0
LINE
  8
0
 10
40.68
 20
28.428
 11
40.68
 21
28.436
  0
LINE
  8
0
 10
40.68
 20
28.436
 11
45.72
 21
28.436
  0
LINE
  8
0
 10
45.72
 20
28.436
 11
45.72
 21
28.428
  0
LINE
  8
0
 10
45.72
 20
28.428
 11
40.68
 21
28.428
  0
LINE
  8
0
 10
26.28
 20
28.428
 11
26.28
 21
28.436
  0
LINE
  8
0
 10
26.28
 20
28.436
 11
31.32
 21
28.436
  0
LINE
  8
0
 10
31.32
 20
28.436
 11
31.32
 21
28.428
  0
LINE
  8
0
 10
31.32
 20
28.428
 11
26.28
 21
28.428
  0
LINE
  8
0
 10
69.48
 20
28.428
 11
69.48
 21
28.436
  0
LINE
  8
0
 10
69.48
 20
28.436
 11
74.52
 21
28.436
  0
LINE
  8
0
 10
74.52
 20
28.436
 11
74.52
 21
28.428
  0
LINE
  8
0
 10
74.52
 20
28.428
 11
69.48
 21
28.428
  0
LINE
  8
0
 10
55.08
 20
28.428
 11
55.08
 21
28.436
  0
LINE
  8
0
 10
55.08
 20
28.436
 11
60.12
 21
28.436
  0
LINE
  8
0
 10
60.12
 20
28.436
 11
60.12
 21
28.428
  0
LINE
  8
0
 10
60.12
 20
28.428
 11
55.08
 21
28.428
  0
LINE
  8
0
 10
-2.51999
 20
28.428
 11
-2.51999
 21
28.436
  0
LINE
  8
0
 10
-2.51999
 20
28.436
 11
2.51999
 21
28.436
  0
LINE
  8
0
 10
2.51999
 20
28.436
 11
2.51999
 21
28.428
  0
LINE
  8
0
 10
2.51999
 20
28.428
 11
-2.51999
 21
28.428
  0
LINE
  8
0
 10
11.88
 20
28.428
 11
11.88
 21
28.436
  0
LINE
  8
0
 10
11.88
 20
28.436
 11
16.92
 21
28.436
  0
LINE
  8
0
 10
16.92
 20
28.436
 11
16.92
 21
28.428
  0
LINE
  8
0
 10
16.92
 20
28.428
 11
11.88
 21
28.428
  0
LINE
  8
0
 10
55.08
 20
28.396
 11
55.08
 21
28.404
  0
LINE
  8
0
 10
55.08
 20
28.404
 11
60.12
 21
28.404
  0
LINE
  8
0
 10
60.12
 20
28.404
 11
60.12
 21
28.396
  0
LINE
  8
0
 10
60.12
 20
28.396
 11
55.08
 21
28.396
  0
LINE
  8
0
 10
69.48
 20
28.396
 11
69.48
 21
28.404
  0
LINE
  8
0
 10
69.48
 20
28.404
 11
74.52
 21
28.404
  0
LINE
  8
0
 10
74.52
 20
28.404
 11
74.52
 21
28.396
  0
LINE
  8
0
 10
74.52
 20
28.396
 11
69.48
 21
28.396
  0
LINE
  8
0
 10
11.88
 20
28.396
 11
11.88
 21
28.404
  0
LINE
  8
0
 10
11.88
 20
28.404
 11
16.92
 21
28.404
  0
LINE
  8
0
 10
16.92
 20
28.404
 11
16.92
 21
28.396
  0
LINE
  8
0
 10
16.92
 20
28.396
 11
11.88
 21
28.396
  0
LINE
  8
0
 10
26.28
 20
28.396
 11
26.28
 21
28.404
  0
LINE
  8
0
 10
26.28
 20
28.404
 11
31.32
 21
28.404
  0
LINE
  8
0
 10
31.32
 20
28.404
 11
31.32
 21
28.396
  0
LINE
  8
0
 10
31.32
 20
28.396
 11
26.28
 21
28.396
  0
LINE
  8
0
 10
40.68
 20
28.396
 11
40.68
 21
28.404
  0
LINE
  8
0
 10
40.68
 20
28.404
 11
45.72
 21
28.404
  0
LINE
  8
0
 10
45.72
 20
28.404
 11
45.72
 21
28.396
  0
LINE
  8
0
 10
45.72
 20
28.396
 11
40.68
 21
28.396
  0
LINE
  8
0
 10
-2.51999
 20
28.396
 11
-2.51999
 21
28.404
  0
LINE
  8
0
 10
-2.51999
 20
28.404
 11
2.51999
 21
28.404
  0
LINE
  8
0
 10
2.51999
 20
28.404
 11
2.51999
 21
28.396
  0
LINE
  8
0
 10
2.51999
 20
28.396
 11
-2.51999
 21
28.396
  0
LINE
  8
0
 10
55.08
 20
28.364
 11
55.08
 21
28.372
  0
LINE
  8
0
 10
55.08
 20
28.372
 11
60.12
 21
28.372
  0
LINE
  8
0
 10
60.12
 20
28.372
 11
60.12
 21
28.364
  0
LINE
  8
0
 10
60.12
 20
28.364
 11
55.08
 21
28.364
  0
LINE
  8
0
 10
11.88
 20
28.364
 11
11.88
 21
28.372
  0
LINE
  8
0
 10
11.88
 20
28.372
 11
16.92
 21
28.372
  0
LINE
  8
0
 10
16.92
 20
28.372
 11
16.92
 21
28.364
  0
LINE
  8
0
 10
16.92
 20
28.364
 11
11.88
 21
28.364
  0
LINE
  8
0
 10
26.28
 20
28.364
 11
26.28
 21
28.372
  0
LINE
  8
0
 10
26.28
 20
28.372
 11
31.32
 21
28.372
  0
LINE
  8
0
 10
31.32
 20
28.372
 11
31.32
 21
28.364
  0
LINE
  8
0
 10
31.32
 20
28.364
 11
26.28
 21
28.364
  0
LINE
  8
0
 10
-2.51999
 20
28.364
 11
-2.51999
 21
28.372
  0
LINE
  8
0
 10
-2.51999
 20
28.372
 11
2.51999
 21
28.372
  0
LINE
  8
0
 10
2.51999
 20
28.372
 11
2.51999
 21
28.364
  0
LINE
  8
0
 10
2.51999
 20
28.364
 11
-2.51999
 21
28.364
  0
LINE
  8
0
 10
40.68
 20
28.364
 11
40.68
 21
28.372
  0
LINE
  8
0
 10
40.68
 20
28.372
 11
45.72
 21
28.372
  0
LINE
  8
0
 10
45.72
 20
28.372
 11
45.72
 21
28.364
  0
LINE
  8
0
 10
45.72
 20
28.364
 11
40.68
 21
28.364
  0
LINE
  8
0
 10
69.48
 20
28.364
 11
69.48
 21
28.372
  0
LINE
  8
0
 10
69.48
 20
28.372
 11
74.52
 21
28.372
  0
LINE
  8
0
 10
74.52
 20
28.372
 11
74.52
 21
28.364
  0
LINE
  8
0
 10
74.52
 20
28.364
 11
69.48
 21
28.364
  0
LINE
  8
0
 10
-2.51999
 20
28.332
 11
-2.51999
 21
28.34
  0
LINE
  8
0
 10
-2.51999
 20
28.34
 11
2.51999
 21
28.34
  0
LINE
  8
0
 10
2.51999
 20
28.34
 11
2.51999
 21
28.332
  0
LINE
  8
0
 10
2.51999
 20
28.332
 11
-2.51999
 21
28.332
  0
LINE
  8
0
 10
11.88
 20
28.332
 11
11.88
 21
28.34
  0
LINE
  8
0
 10
11.88
 20
28.34
 11
16.92
 21
28.34
  0
LINE
  8
0
 10
16.92
 20
28.34
 11
16.92
 21
28.332
  0
LINE
  8
0
 10
16.92
 20
28.332
 11
11.88
 21
28.332
  0
LINE
  8
0
 10
40.68
 20
28.332
 11
40.68
 21
28.34
  0
LINE
  8
0
 10
40.68
 20
28.34
 11
45.72
 21
28.34
  0
LINE
  8
0
 10
45.72
 20
28.34
 11
45.72
 21
28.332
  0
LINE
  8
0
 10
45.72
 20
28.332
 11
40.68
 21
28.332
  0
LINE
  8
0
 10
55.08
 20
28.332
 11
55.08
 21
28.34
  0
LINE
  8
0
 10
55.08
 20
28.34
 11
60.12
 21
28.34
  0
LINE
  8
0
 10
60.12
 20
28.34
 11
60.12
 21
28.332
  0
LINE
  8
0
 10
60.12
 20
28.332
 11
55.08
 21
28.332
  0
LINE
  8
0
 10
69.48
 20
28.332
 11
69.48
 21
28.34
  0
LINE
  8
0
 10
69.48
 20
28.34
 11
74.52
 21
28.34
  0
LINE
  8
0
 10
74.52
 20
28.34
 11
74.52
 21
28.332
  0
LINE
  8
0
 10
74.52
 20
28.332
 11
69.48
 21
28.332
  0
LINE
  8
0
 10
26.28
 20
28.332
 11
26.28
 21
28.34
  0
LINE
  8
0
 10
26.28
 20
28.34
 11
31.32
 21
28.34
  0
LINE
  8
0
 10
31.32
 20
28.34
 11
31.32
 21
28.332
  0
LINE
  8
0
 10
31.32
 20
28.332
 11
26.28
 21
28.332
  0
LINE
  8
0
 10
26.28
 20
28.3
 11
26.28
 21
28.308
  0
LINE
  8
0
 10
26.28
 20
28.308
 11
31.32
 21
28.308
  0
LINE
  8
0
 10
31.32
 20
28.308
 11
31.32
 21
28.3
  0
LINE
  8
0
 10
31.32
 20
28.3
 11
26.28
 21
28.3
  0
LINE
  8
0
 10
40.68
 20
28.3
 11
40.68
 21
28.308
  0
LINE
  8
0
 10
40.68
 20
28.308
 11
45.72
 21
28.308
  0
LINE
  8
0
 10
45.72
 20
28.308
 11
45.72
 21
28.3
  0
LINE
  8
0
 10
45.72
 20
28.3
 11
40.68
 21
28.3
  0
LINE
  8
0
 10
-2.51999
 20
28.3
 11
-2.51999
 21
28.308
  0
LINE
  8
0
 10
-2.51999
 20
28.308
 11
2.51999
 21
28.308
  0
LINE
  8
0
 10
2.51999
 20
28.308
 11
2.51999
 21
28.3
  0
LINE
  8
0
 10
2.51999
 20
28.3
 11
-2.51999
 21
28.3
  0
LINE
  8
0
 10
11.88
 20
28.3
 11
11.88
 21
28.308
  0
LINE
  8
0
 10
11.88
 20
28.308
 11
16.92
 21
28.308
  0
LINE
  8
0
 10
16.92
 20
28.308
 11
16.92
 21
28.3
  0
LINE
  8
0
 10
16.92
 20
28.3
 11
11.88
 21
28.3
  0
LINE
  8
0
 10
55.08
 20
28.3
 11
55.08
 21
28.308
  0
LINE
  8
0
 10
55.08
 20
28.308
 11
60.12
 21
28.308
  0
LINE
  8
0
 10
60.12
 20
28.308
 11
60.12
 21
28.3
  0
LINE
  8
0
 10
60.12
 20
28.3
 11
55.08
 21
28.3
  0
LINE
  8
0
 10
69.48
 20
28.3
 11
69.48
 21
28.308
  0
LINE
  8
0
 10
69.48
 20
28.308
 11
74.52
 21
28.308
  0
LINE
  8
0
 10
74.52
 20
28.308
 11
74.52
 21
28.3
  0
LINE
  8
0
 10
74.52
 20
28.3
 11
69.48
 21
28.3
  0
LINE
  8
0
 10
40.68
 20
28.268
 11
40.68
 21
28.276
  0
LINE
  8
0
 10
40.68
 20
28.276
 11
45.72
 21
28.276
  0
LINE
  8
0
 10
45.72
 20
28.276
 11
45.72
 21
28.268
  0
LINE
  8
0
 10
45.72
 20
28.268
 11
40.68
 21
28.268
  0
LINE
  8
0
 10
69.48
 20
28.268
 11
69.48
 21
28.276
  0
LINE
  8
0
 10
69.48
 20
28.276
 11
74.52
 21
28.276
  0
LINE
  8
0
 10
74.52
 20
28.276
 11
74.52
 21
28.268
  0
LINE
  8
0
 10
74.52
 20
28.268
 11
69.48
 21
28.268
  0
LINE
  8
0
 10
11.88
 20
28.268
 11
11.88
 21
28.276
  0
LINE
  8
0
 10
11.88
 20
28.276
 11
16.92
 21
28.276
  0
LINE
  8
0
 10
16.92
 20
28.276
 11
16.92
 21
28.268
  0
LINE
  8
0
 10
16.92
 20
28.268
 11
11.88
 21
28.268
  0
LINE
  8
0
 10
26.28
 20
28.268
 11
26.28
 21
28.276
  0
LINE
  8
0
 10
26.28
 20
28.276
 11
31.32
 21
28.276
  0
LINE
  8
0
 10
31.32
 20
28.276
 11
31.32
 21
28.268
  0
LINE
  8
0
 10
31.32
 20
28.268
 11
26.28
 21
28.268
  0
LINE
  8
0
 10
55.08
 20
28.268
 11
55.08
 21
28.276
  0
LINE
  8
0
 10
55.08
 20
28.276
 11
60.12
 21
28.276
  0
LINE
  8
0
 10
60.12
 20
28.276
 11
60.12
 21
28.268
  0
LINE
  8
0
 10
60.12
 20
28.268
 11
55.08
 21
28.268
  0
LINE
  8
0
 10
-2.51999
 20
28.268
 11
-2.51999
 21
28.276
  0
LINE
  8
0
 10
-2.51999
 20
28.276
 11
2.51999
 21
28.276
  0
LINE
  8
0
 10
2.51999
 20
28.276
 11
2.51999
 21
28.268
  0
LINE
  8
0
 10
2.51999
 20
28.268
 11
-2.51999
 21
28.268
  0
LINE
  8
0
 10
11.88
 20
28.236
 11
11.88
 21
28.244
  0
LINE
  8
0
 10
11.88
 20
28.244
 11
16.92
 21
28.244
  0
LINE
  8
0
 10
16.92
 20
28.244
 11
16.92
 21
28.236
  0
LINE
  8
0
 10
16.92
 20
28.236
 11
11.88
 21
28.236
  0
LINE
  8
0
 10
26.28
 20
28.236
 11
26.28
 21
28.244
  0
LINE
  8
0
 10
26.28
 20
28.244
 11
31.32
 21
28.244
  0
LINE
  8
0
 10
31.32
 20
28.244
 11
31.32
 21
28.236
  0
LINE
  8
0
 10
31.32
 20
28.236
 11
26.28
 21
28.236
  0
LINE
  8
0
 10
-2.51999
 20
28.236
 11
-2.51999
 21
28.244
  0
LINE
  8
0
 10
-2.51999
 20
28.244
 11
2.51999
 21
28.244
  0
LINE
  8
0
 10
2.51999
 20
28.244
 11
2.51999
 21
28.236
  0
LINE
  8
0
 10
2.51999
 20
28.236
 11
-2.51999
 21
28.236
  0
LINE
  8
0
 10
55.08
 20
28.236
 11
55.08
 21
28.244
  0
LINE
  8
0
 10
55.08
 20
28.244
 11
60.12
 21
28.244
  0
LINE
  8
0
 10
60.12
 20
28.244
 11
60.12
 21
28.236
  0
LINE
  8
0
 10
60.12
 20
28.236
 11
55.08
 21
28.236
  0
LINE
  8
0
 10
69.48
 20
28.236
 11
69.48
 21
28.244
  0
LINE
  8
0
 10
69.48
 20
28.244
 11
74.52
 21
28.244
  0
LINE
  8
0
 10
74.52
 20
28.244
 11
74.52
 21
28.236
  0
LINE
  8
0
 10
74.52
 20
28.236
 11
69.48
 21
28.236
  0
LINE
  8
0
 10
40.68
 20
28.236
 11
40.68
 21
28.244
  0
LINE
  8
0
 10
40.68
 20
28.244
 11
45.72
 21
28.244
  0
LINE
  8
0
 10
45.72
 20
28.244
 11
45.72
 21
28.236
  0
LINE
  8
0
 10
45.72
 20
28.236
 11
40.68
 21
28.236
  0
LINE
  8
0
 10
11.88
 20
28.204
 11
11.88
 21
28.212
  0
LINE
  8
0
 10
11.88
 20
28.212
 11
16.92
 21
28.212
  0
LINE
  8
0
 10
16.92
 20
28.212
 11
16.92
 21
28.204
  0
LINE
  8
0
 10
16.92
 20
28.204
 11
11.88
 21
28.204
  0
LINE
  8
0
 10
-2.51999
 20
28.204
 11
-2.51999
 21
28.212
  0
LINE
  8
0
 10
-2.51999
 20
28.212
 11
2.51999
 21
28.212
  0
LINE
  8
0
 10
2.51999
 20
28.212
 11
2.51999
 21
28.204
  0
LINE
  8
0
 10
2.51999
 20
28.204
 11
-2.51999
 21
28.204
  0
LINE
  8
0
 10
26.28
 20
28.204
 11
26.28
 21
28.212
  0
LINE
  8
0
 10
26.28
 20
28.212
 11
31.32
 21
28.212
  0
LINE
  8
0
 10
31.32
 20
28.212
 11
31.32
 21
28.204
  0
LINE
  8
0
 10
31.32
 20
28.204
 11
26.28
 21
28.204
  0
LINE
  8
0
 10
69.48
 20
28.204
 11
69.48
 21
28.212
  0
LINE
  8
0
 10
69.48
 20
28.212
 11
74.52
 21
28.212
  0
LINE
  8
0
 10
74.52
 20
28.212
 11
74.52
 21
28.204
  0
LINE
  8
0
 10
74.52
 20
28.204
 11
69.48
 21
28.204
  0
LINE
  8
0
 10
55.08
 20
28.204
 11
55.08
 21
28.212
  0
LINE
  8
0
 10
55.08
 20
28.212
 11
60.12
 21
28.212
  0
LINE
  8
0
 10
60.12
 20
28.212
 11
60.12
 21
28.204
  0
LINE
  8
0
 10
60.12
 20
28.204
 11
55.08
 21
28.204
  0
LINE
  8
0
 10
40.68
 20
28.204
 11
40.68
 21
28.212
  0
LINE
  8
0
 10
40.68
 20
28.212
 11
45.72
 21
28.212
  0
LINE
  8
0
 10
45.72
 20
28.212
 11
45.72
 21
28.204
  0
LINE
  8
0
 10
45.72
 20
28.204
 11
40.68
 21
28.204
  0
LINE
  8
0
 10
26.28
 20
28.172
 11
26.28
 21
28.18
  0
LINE
  8
0
 10
26.28
 20
28.18
 11
31.32
 21
28.18
  0
LINE
  8
0
 10
31.32
 20
28.18
 11
31.32
 21
28.172
  0
LINE
  8
0
 10
31.32
 20
28.172
 11
26.28
 21
28.172
  0
LINE
  8
0
 10
55.08
 20
28.172
 11
55.08
 21
28.18
  0
LINE
  8
0
 10
55.08
 20
28.18
 11
60.12
 21
28.18
  0
LINE
  8
0
 10
60.12
 20
28.18
 11
60.12
 21
28.172
  0
LINE
  8
0
 10
60.12
 20
28.172
 11
55.08
 21
28.172
  0
LINE
  8
0
 10
69.48
 20
28.172
 11
69.48
 21
28.18
  0
LINE
  8
0
 10
69.48
 20
28.18
 11
74.52
 21
28.18
  0
LINE
  8
0
 10
74.52
 20
28.18
 11
74.52
 21
28.172
  0
LINE
  8
0
 10
74.52
 20
28.172
 11
69.48
 21
28.172
  0
LINE
  8
0
 10
40.68
 20
28.172
 11
40.68
 21
28.18
  0
LINE
  8
0
 10
40.68
 20
28.18
 11
45.72
 21
28.18
  0
LINE
  8
0
 10
45.72
 20
28.18
 11
45.72
 21
28.172
  0
LINE
  8
0
 10
45.72
 20
28.172
 11
40.68
 21
28.172
  0
LINE
  8
0
 10
11.88
 20
28.172
 11
11.88
 21
28.18
  0
LINE
  8
0
 10
11.88
 20
28.18
 11
16.92
 21
28.18
  0
LINE
  8
0
 10
16.92
 20
28.18
 11
16.92
 21
28.172
  0
LINE
  8
0
 10
16.92
 20
28.172
 11
11.88
 21
28.172
  0
LINE
  8
0
 10
-2.51999
 20
28.172
 11
-2.51999
 21
28.18
  0
LINE
  8
0
 10
-2.51999
 20
28.18
 11
2.51999
 21
28.18
  0
LINE
  8
0
 10
2.51999
 20
28.18
 11
2.51999
 21
28.172
  0
LINE
  8
0
 10
2.51999
 20
28.172
 11
-2.51999
 21
28.172
  0
LINE
  8
0
 10
69.48
 20
28.14
 11
69.48
 21
28.148
  0
LINE
  8
0
 10
69.48
 20
28.148
 11
74.52
 21
28.148
  0
LINE
  8
0
 10
74.52
 20
28.148
 11
74.52
 21
28.14
  0
LINE
  8
0
 10
74.52
 20
28.14
 11
69.48
 21
28.14
  0
LINE
  8
0
 10
26.28
 20
28.14
 11
26.28
 21
28.148
  0
LINE
  8
0
 10
26.28
 20
28.148
 11
31.32
 21
28.148
  0
LINE
  8
0
 10
31.32
 20
28.148
 11
31.32
 21
28.14
  0
LINE
  8
0
 10
31.32
 20
28.14
 11
26.28
 21
28.14
  0
LINE
  8
0
 10
40.68
 20
28.14
 11
40.68
 21
28.148
  0
LINE
  8
0
 10
40.68
 20
28.148
 11
45.72
 21
28.148
  0
LINE
  8
0
 10
45.72
 20
28.148
 11
45.72
 21
28.14
  0
LINE
  8
0
 10
45.72
 20
28.14
 11
40.68
 21
28.14
  0
LINE
  8
0
 10
11.88
 20
28.14
 11
11.88
 21
28.148
  0
LINE
  8
0
 10
11.88
 20
28.148
 11
16.92
 21
28.148
  0
LINE
  8
0
 10
16.92
 20
28.148
 11
16.92
 21
28.14
  0
LINE
  8
0
 10
16.92
 20
28.14
 11
11.88
 21
28.14
  0
LINE
  8
0
 10
55.08
 20
28.14
 11
55.08
 21
28.148
  0
LINE
  8
0
 10
55.08
 20
28.148
 11
60.12
 21
28.148
  0
LINE
  8
0
 10
60.12
 20
28.148
 11
60.12
 21
28.14
  0
LINE
  8
0
 10
60.12
 20
28.14
 11
55.08
 21
28.14
  0
LINE
  8
0
 10
-2.51999
 20
28.14
 11
-2.51999
 21
28.148
  0
LINE
  8
0
 10
-2.51999
 20
28.148
 11
2.51999
 21
28.148
  0
LINE
  8
0
 10
2.51999
 20
28.148
 11
2.51999
 21
28.14
  0
LINE
  8
0
 10
2.51999
 20
28.14
 11
-2.51999
 21
28.14
  0
LINE
  8
0
 10
-2.51999
 20
28.108
 11
-2.51999
 21
28.116
  0
LINE
  8
0
 10
-2.51999
 20
28.116
 11
2.51999
 21
28.116
  0
LINE
  8
0
 10
2.51999
 20
28.116
 11
2.51999
 21
28.108
  0
LINE
  8
0
 10
2.51999
 20
28.108
 11
-2.51999
 21
28.108
  0
LINE
  8
0
 10
11.88
 20
28.108
 11
11.88
 21
28.116
  0
LINE
  8
0
 10
11.88
 20
28.116
 11
16.92
 21
28.116
  0
LINE
  8
0
 10
16.92
 20
28.116
 11
16.92
 21
28.108
  0
LINE
  8
0
 10
16.92
 20
28.108
 11
11.88
 21
28.108
  0
LINE
  8
0
 10
55.08
 20
28.108
 11
55.08
 21
28.116
  0
LINE
  8
0
 10
55.08
 20
28.116
 11
60.12
 21
28.116
  0
LINE
  8
0
 10
60.12
 20
28.116
 11
60.12
 21
28.108
  0
LINE
  8
0
 10
60.12
 20
28.108
 11
55.08
 21
28.108
  0
LINE
  8
0
 10
26.28
 20
28.108
 11
26.28
 21
28.116
  0
LINE
  8
0
 10
26.28
 20
28.116
 11
31.32
 21
28.116
  0
LINE
  8
0
 10
31.32
 20
28.116
 11
31.32
 21
28.108
  0
LINE
  8
0
 10
31.32
 20
28.108
 11
26.28
 21
28.108
  0
LINE
  8
0
 10
40.68
 20
28.108
 11
40.68
 21
28.116
  0
LINE
  8
0
 10
40.68
 20
28.116
 11
45.72
 21
28.116
  0
LINE
  8
0
 10
45.72
 20
28.116
 11
45.72
 21
28.108
  0
LINE
  8
0
 10
45.72
 20
28.108
 11
40.68
 21
28.108
  0
LINE
  8
0
 10
69.48
 20
28.108
 11
69.48
 21
28.116
  0
LINE
  8
0
 10
69.48
 20
28.116
 11
74.52
 21
28.116
  0
LINE
  8
0
 10
74.52
 20
28.116
 11
74.52
 21
28.108
  0
LINE
  8
0
 10
74.52
 20
28.108
 11
69.48
 21
28.108
  0
LINE
  8
0
 10
55.08
 20
28.076
 11
55.08
 21
28.084
  0
LINE
  8
0
 10
55.08
 20
28.084
 11
60.12
 21
28.084
  0
LINE
  8
0
 10
60.12
 20
28.084
 11
60.12
 21
28.076
  0
LINE
  8
0
 10
60.12
 20
28.076
 11
55.08
 21
28.076
  0
LINE
  8
0
 10
-2.51999
 20
28.076
 11
-2.51999
 21
28.084
  0
LINE
  8
0
 10
-2.51999
 20
28.084
 11
2.51999
 21
28.084
  0
LINE
  8
0
 10
2.51999
 20
28.084
 11
2.51999
 21
28.076
  0
LINE
  8
0
 10
2.51999
 20
28.076
 11
-2.51999
 21
28.076
  0
LINE
  8
0
 10
11.88
 20
28.076
 11
11.88
 21
28.084
  0
LINE
  8
0
 10
11.88
 20
28.084
 11
16.92
 21
28.084
  0
LINE
  8
0
 10
16.92
 20
28.084
 11
16.92
 21
28.076
  0
LINE
  8
0
 10
16.92
 20
28.076
 11
11.88
 21
28.076
  0
LINE
  8
0
 10
26.28
 20
28.076
 11
26.28
 21
28.084
  0
LINE
  8
0
 10
26.28
 20
28.084
 11
31.32
 21
28.084
  0
LINE
  8
0
 10
31.32
 20
28.084
 11
31.32
 21
28.076
  0
LINE
  8
0
 10
31.32
 20
28.076
 11
26.28
 21
28.076
  0
LINE
  8
0
 10
40.68
 20
28.076
 11
40.68
 21
28.084
  0
LINE
  8
0
 10
40.68
 20
28.084
 11
45.72
 21
28.084
  0
LINE
  8
0
 10
45.72
 20
28.084
 11
45.72
 21
28.076
  0
LINE
  8
0
 10
45.72
 20
28.076
 11
40.68
 21
28.076
  0
LINE
  8
0
 10
69.48
 20
28.076
 11
69.48
 21
28.084
  0
LINE
  8
0
 10
69.48
 20
28.084
 11
74.52
 21
28.084
  0
LINE
  8
0
 10
74.52
 20
28.084
 11
74.52
 21
28.076
  0
LINE
  8
0
 10
74.52
 20
28.076
 11
69.48
 21
28.076
  0
LINE
  8
0
 10
26.28
 20
28.044
 11
26.28
 21
28.052
  0
LINE
  8
0
 10
26.28
 20
28.052
 11
31.32
 21
28.052
  0
LINE
  8
0
 10
31.32
 20
28.052
 11
31.32
 21
28.044
  0
LINE
  8
0
 10
31.32
 20
28.044
 11
26.28
 21
28.044
  0
LINE
  8
0
 10
11.88
 20
28.044
 11
11.88
 21
28.052
  0
LINE
  8
0
 10
11.88
 20
28.052
 11
16.92
 21
28.052
  0
LINE
  8
0
 10
16.92
 20
28.052
 11
16.92
 21
28.044
  0
LINE
  8
0
 10
16.92
 20
28.044
 11
11.88
 21
28.044
  0
LINE
  8
0
 10
40.68
 20
28.044
 11
40.68
 21
28.052
  0
LINE
  8
0
 10
40.68
 20
28.052
 11
45.72
 21
28.052
  0
LINE
  8
0
 10
45.72
 20
28.052
 11
45.72
 21
28.044
  0
LINE
  8
0
 10
45.72
 20
28.044
 11
40.68
 21
28.044
  0
LINE
  8
0
 10
69.48
 20
28.044
 11
69.48
 21
28.052
  0
LINE
  8
0
 10
69.48
 20
28.052
 11
74.52
 21
28.052
  0
LINE
  8
0
 10
74.52
 20
28.052
 11
74.52
 21
28.044
  0
LINE
  8
0
 10
74.52
 20
28.044
 11
69.48
 21
28.044
  0
LINE
  8
0
 10
55.08
 20
28.044
 11
55.08
 21
28.052
  0
LINE
  8
0
 10
55.08
 20
28.052
 11
60.12
 21
28.052
  0
LINE
  8
0
 10
60.12
 20
28.052
 11
60.12
 21
28.044
  0
LINE
  8
0
 10
60.12
 20
28.044
 11
55.08
 21
28.044
  0
LINE
  8
0
 10
-2.51999
 20
28.044
 11
-2.51999
 21
28.052
  0
LINE
  8
0
 10
-2.51999
 20
28.052
 11
2.51999
 21
28.052
  0
LINE
  8
0
 10
2.51999
 20
28.052
 11
2.51999
 21
28.044
  0
LINE
  8
0
 10
2.51999
 20
28.044
 11
-2.51999
 21
28.044
  0
LINE
  8
0
 10
55.08
 20
28.012
 11
55.08
 21
28.02
  0
LINE
  8
0
 10
55.08
 20
28.02
 11
60.12
 21
28.02
  0
LINE
  8
0
 10
60.12
 20
28.02
 11
60.12
 21
28.012
  0
LINE
  8
0
 10
60.12
 20
28.012
 11
55.08
 21
28.012
  0
LINE
  8
0
 10
40.68
 20
28.012
 11
40.68
 21
28.02
  0
LINE
  8
0
 10
40.68
 20
28.02
 11
45.72
 21
28.02
  0
LINE
  8
0
 10
45.72
 20
28.02
 11
45.72
 21
28.012
  0
LINE
  8
0
 10
45.72
 20
28.012
 11
40.68
 21
28.012
  0
LINE
  8
0
 10
26.28
 20
28.012
 11
26.28
 21
28.02
  0
LINE
  8
0
 10
26.28
 20
28.02
 11
31.32
 21
28.02
  0
LINE
  8
0
 10
31.32
 20
28.02
 11
31.32
 21
28.012
  0
LINE
  8
0
 10
31.32
 20
28.012
 11
26.28
 21
28.012
  0
LINE
  8
0
 10
-2.51999
 20
28.012
 11
-2.51999
 21
28.02
  0
LINE
  8
0
 10
-2.51999
 20
28.02
 11
2.51999
 21
28.02
  0
LINE
  8
0
 10
2.51999
 20
28.02
 11
2.51999
 21
28.012
  0
LINE
  8
0
 10
2.51999
 20
28.012
 11
-2.51999
 21
28.012
  0
LINE
  8
0
 10
69.48
 20
28.012
 11
69.48
 21
28.02
  0
LINE
  8
0
 10
69.48
 20
28.02
 11
74.52
 21
28.02
  0
LINE
  8
0
 10
74.52
 20
28.02
 11
74.52
 21
28.012
  0
LINE
  8
0
 10
74.52
 20
28.012
 11
69.48
 21
28.012
  0
LINE
  8
0
 10
11.88
 20
28.012
 11
11.88
 21
28.02
  0
LINE
  8
0
 10
11.88
 20
28.02
 11
16.92
 21
28.02
  0
LINE
  8
0
 10
16.92
 20
28.02
 11
16.92
 21
28.012
  0
LINE
  8
0
 10
16.92
 20
28.012
 11
11.88
 21
28.012
  0
LINE
  8
0
 10
55.08
 20
27.98
 11
55.08
 21
27.988
  0
LINE
  8
0
 10
55.08
 20
27.988
 11
60.12
 21
27.988
  0
LINE
  8
0
 10
60.12
 20
27.988
 11
60.12
 21
27.98
  0
LINE
  8
0
 10
60.12
 20
27.98
 11
55.08
 21
27.98
  0
LINE
  8
0
 10
11.88
 20
27.98
 11
11.88
 21
27.988
  0
LINE
  8
0
 10
11.88
 20
27.988
 11
16.92
 21
27.988
  0
LINE
  8
0
 10
16.92
 20
27.988
 11
16.92
 21
27.98
  0
LINE
  8
0
 10
16.92
 20
27.98
 11
11.88
 21
27.98
  0
LINE
  8
0
 10
-2.51999
 20
27.98
 11
-2.51999
 21
27.988
  0
LINE
  8
0
 10
-2.51999
 20
27.988
 11
2.51999
 21
27.988
  0
LINE
  8
0
 10
2.51999
 20
27.988
 11
2.51999
 21
27.98
  0
LINE
  8
0
 10
2.51999
 20
27.98
 11
-2.51999
 21
27.98
  0
LINE
  8
0
 10
26.28
 20
27.98
 11
26.28
 21
27.988
  0
LINE
  8
0
 10
26.28
 20
27.988
 11
31.32
 21
27.988
  0
LINE
  8
0
 10
31.32
 20
27.988
 11
31.32
 21
27.98
  0
LINE
  8
0
 10
31.32
 20
27.98
 11
26.28
 21
27.98
  0
LINE
  8
0
 10
69.48
 20
27.98
 11
69.48
 21
27.988
  0
LINE
  8
0
 10
69.48
 20
27.988
 11
74.52
 21
27.988
  0
LINE
  8
0
 10
74.52
 20
27.988
 11
74.52
 21
27.98
  0
LINE
  8
0
 10
74.52
 20
27.98
 11
69.48
 21
27.98
  0
LINE
  8
0
 10
40.68
 20
27.98
 11
40.68
 21
27.988
  0
LINE
  8
0
 10
40.68
 20
27.988
 11
45.72
 21
27.988
  0
LINE
  8
0
 10
45.72
 20
27.988
 11
45.72
 21
27.98
  0
LINE
  8
0
 10
45.72
 20
27.98
 11
40.68
 21
27.98
  0
LINE
  8
0
 10
69.48
 20
27.948
 11
69.48
 21
27.956
  0
LINE
  8
0
 10
69.48
 20
27.956
 11
74.52
 21
27.956
  0
LINE
  8
0
 10
74.52
 20
27.956
 11
74.52
 21
27.948
  0
LINE
  8
0
 10
74.52
 20
27.948
 11
69.48
 21
27.948
  0
LINE
  8
0
 10
11.88
 20
27.948
 11
11.88
 21
27.956
  0
LINE
  8
0
 10
11.88
 20
27.956
 11
16.92
 21
27.956
  0
LINE
  8
0
 10
16.92
 20
27.956
 11
16.92
 21
27.948
  0
LINE
  8
0
 10
16.92
 20
27.948
 11
11.88
 21
27.948
  0
LINE
  8
0
 10
-2.51999
 20
27.948
 11
-2.51999
 21
27.956
  0
LINE
  8
0
 10
-2.51999
 20
27.956
 11
2.51999
 21
27.956
  0
LINE
  8
0
 10
2.51999
 20
27.956
 11
2.51999
 21
27.948
  0
LINE
  8
0
 10
2.51999
 20
27.948
 11
-2.51999
 21
27.948
  0
LINE
  8
0
 10
55.08
 20
27.948
 11
55.08
 21
27.956
  0
LINE
  8
0
 10
55.08
 20
27.956
 11
60.12
 21
27.956
  0
LINE
  8
0
 10
60.12
 20
27.956
 11
60.12
 21
27.948
  0
LINE
  8
0
 10
60.12
 20
27.948
 11
55.08
 21
27.948
  0
LINE
  8
0
 10
40.68
 20
27.948
 11
40.68
 21
27.956
  0
LINE
  8
0
 10
40.68
 20
27.956
 11
45.72
 21
27.956
  0
LINE
  8
0
 10
45.72
 20
27.956
 11
45.72
 21
27.948
  0
LINE
  8
0
 10
45.72
 20
27.948
 11
40.68
 21
27.948
  0
LINE
  8
0
 10
26.28
 20
27.948
 11
26.28
 21
27.956
  0
LINE
  8
0
 10
26.28
 20
27.956
 11
31.32
 21
27.956
  0
LINE
  8
0
 10
31.32
 20
27.956
 11
31.32
 21
27.948
  0
LINE
  8
0
 10
31.32
 20
27.948
 11
26.28
 21
27.948
  0
LINE
  8
0
 10
11.88
 20
27.916
 11
11.88
 21
27.924
  0
LINE
  8
0
 10
11.88
 20
27.924
 11
16.92
 21
27.924
  0
LINE
  8
0
 10
16.92
 20
27.924
 11
16.92
 21
27.916
  0
LINE
  8
0
 10
16.92
 20
27.916
 11
11.88
 21
27.916
  0
LINE
  8
0
 10
-2.51999
 20
27.916
 11
-2.51999
 21
27.924
  0
LINE
  8
0
 10
-2.51999
 20
27.924
 11
2.51999
 21
27.924
  0
LINE
  8
0
 10
2.51999
 20
27.924
 11
2.51999
 21
27.916
  0
LINE
  8
0
 10
2.51999
 20
27.916
 11
-2.51999
 21
27.916
  0
LINE
  8
0
 10
40.68
 20
27.916
 11
40.68
 21
27.924
  0
LINE
  8
0
 10
40.68
 20
27.924
 11
45.72
 21
27.924
  0
LINE
  8
0
 10
45.72
 20
27.924
 11
45.72
 21
27.916
  0
LINE
  8
0
 10
45.72
 20
27.916
 11
40.68
 21
27.916
  0
LINE
  8
0
 10
26.28
 20
27.916
 11
26.28
 21
27.924
  0
LINE
  8
0
 10
26.28
 20
27.924
 11
31.32
 21
27.924
  0
LINE
  8
0
 10
31.32
 20
27.924
 11
31.32
 21
27.916
  0
LINE
  8
0
 10
31.32
 20
27.916
 11
26.28
 21
27.916
  0
LINE
  8
0
 10
69.48
 20
27.916
 11
69.48
 21
27.924
  0
LINE
  8
0
 10
69.48
 20
27.924
 11
74.52
 21
27.924
  0
LINE
  8
0
 10
74.52
 20
27.924
 11
74.52
 21
27.916
  0
LINE
  8
0
 10
74.52
 20
27.916
 11
69.48
 21
27.916
  0
LINE
  8
0
 10
55.08
 20
27.916
 11
55.08
 21
27.924
  0
LINE
  8
0
 10
55.08
 20
27.924
 11
60.12
 21
27.924
  0
LINE
  8
0
 10
60.12
 20
27.924
 11
60.12
 21
27.916
  0
LINE
  8
0
 10
60.12
 20
27.916
 11
55.08
 21
27.916
  0
LINE
  8
0
 10
26.28
 20
27.884
 11
26.28
 21
27.892
  0
LINE
  8
0
 10
26.28
 20
27.892
 11
31.32
 21
27.892
  0
LINE
  8
0
 10
31.32
 20
27.892
 11
31.32
 21
27.884
  0
LINE
  8
0
 10
31.32
 20
27.884
 11
26.28
 21
27.884
  0
LINE
  8
0
 10
55.08
 20
27.884
 11
55.08
 21
27.892
  0
LINE
  8
0
 10
55.08
 20
27.892
 11
60.12
 21
27.892
  0
LINE
  8
0
 10
60.12
 20
27.892
 11
60.12
 21
27.884
  0
LINE
  8
0
 10
60.12
 20
27.884
 11
55.08
 21
27.884
  0
LINE
  8
0
 10
40.68
 20
27.884
 11
40.68
 21
27.892
  0
LINE
  8
0
 10
40.68
 20
27.892
 11
45.72
 21
27.892
  0
LINE
  8
0
 10
45.72
 20
27.892
 11
45.72
 21
27.884
  0
LINE
  8
0
 10
45.72
 20
27.884
 11
40.68
 21
27.884
  0
LINE
  8
0
 10
11.88
 20
27.884
 11
11.88
 21
27.892
  0
LINE
  8
0
 10
11.88
 20
27.892
 11
16.92
 21
27.892
  0
LINE
  8
0
 10
16.92
 20
27.892
 11
16.92
 21
27.884
  0
LINE
  8
0
 10
16.92
 20
27.884
 11
11.88
 21
27.884
  0
LINE
  8
0
 10
-2.51999
 20
27.884
 11
-2.51999
 21
27.892
  0
LINE
  8
0
 10
-2.51999
 20
27.892
 11
2.51999
 21
27.892
  0
LINE
  8
0
 10
2.51999
 20
27.892
 11
2.51999
 21
27.884
  0
LINE
  8
0
 10
2.51999
 20
27.884
 11
-2.51999
 21
27.884
  0
LINE
  8
0
 10
69.48
 20
27.884
 11
69.48
 21
27.892
  0
LINE
  8
0
 10
69.48
 20
27.892
 11
74.52
 21
27.892
  0
LINE
  8
0
 10
74.52
 20
27.892
 11
74.52
 21
27.884
  0
LINE
  8
0
 10
74.52
 20
27.884
 11
69.48
 21
27.884
  0
LINE
  8
0
 10
40.68
 20
27.852
 11
40.68
 21
27.86
  0
LINE
  8
0
 10
40.68
 20
27.86
 11
45.72
 21
27.86
  0
LINE
  8
0
 10
45.72
 20
27.86
 11
45.72
 21
27.852
  0
LINE
  8
0
 10
45.72
 20
27.852
 11
40.68
 21
27.852
  0
LINE
  8
0
 10
26.28
 20
27.852
 11
26.28
 21
27.86
  0
LINE
  8
0
 10
26.28
 20
27.86
 11
31.32
 21
27.86
  0
LINE
  8
0
 10
31.32
 20
27.86
 11
31.32
 21
27.852
  0
LINE
  8
0
 10
31.32
 20
27.852
 11
26.28
 21
27.852
  0
LINE
  8
0
 10
55.08
 20
27.852
 11
55.08
 21
27.86
  0
LINE
  8
0
 10
55.08
 20
27.86
 11
60.12
 21
27.86
  0
LINE
  8
0
 10
60.12
 20
27.86
 11
60.12
 21
27.852
  0
LINE
  8
0
 10
60.12
 20
27.852
 11
55.08
 21
27.852
  0
LINE
  8
0
 10
11.88
 20
27.852
 11
11.88
 21
27.86
  0
LINE
  8
0
 10
11.88
 20
27.86
 11
16.92
 21
27.86
  0
LINE
  8
0
 10
16.92
 20
27.86
 11
16.92
 21
27.852
  0
LINE
  8
0
 10
16.92
 20
27.852
 11
11.88
 21
27.852
  0
LINE
  8
0
 10
69.48
 20
27.852
 11
69.48
 21
27.86
  0
LINE
  8
0
 10
69.48
 20
27.86
 11
74.52
 21
27.86
  0
LINE
  8
0
 10
74.52
 20
27.86
 11
74.52
 21
27.852
  0
LINE
  8
0
 10
74.52
 20
27.852
 11
69.48
 21
27.852
  0
LINE
  8
0
 10
-2.51999
 20
27.852
 11
-2.51999
 21
27.86
  0
LINE
  8
0
 10
-2.51999
 20
27.86
 11
2.51999
 21
27.86
  0
LINE
  8
0
 10
2.51999
 20
27.86
 11
2.51999
 21
27.852
  0
LINE
  8
0
 10
2.51999
 20
27.852
 11
-2.51999
 21
27.852
  0
LINE
  8
0
 10
11.88
 20
27.82
 11
11.88
 21
27.828
  0
LINE
  8
0
 10
11.88
 20
27.828
 11
16.92
 21
27.828
  0
LINE
  8
0
 10
16.92
 20
27.828
 11
16.92
 21
27.82
  0
LINE
  8
0
 10
16.92
 20
27.82
 11
11.88
 21
27.82
  0
LINE
  8
0
 10
69.48
 20
27.82
 11
69.48
 21
27.828
  0
LINE
  8
0
 10
69.48
 20
27.828
 11
74.52
 21
27.828
  0
LINE
  8
0
 10
74.52
 20
27.828
 11
74.52
 21
27.82
  0
LINE
  8
0
 10
74.52
 20
27.82
 11
69.48
 21
27.82
  0
LINE
  8
0
 10
26.28
 20
27.82
 11
26.28
 21
27.828
  0
LINE
  8
0
 10
26.28
 20
27.828
 11
31.32
 21
27.828
  0
LINE
  8
0
 10
31.32
 20
27.828
 11
31.32
 21
27.82
  0
LINE
  8
0
 10
31.32
 20
27.82
 11
26.28
 21
27.82
  0
LINE
  8
0
 10
55.08
 20
27.82
 11
55.08
 21
27.828
  0
LINE
  8
0
 10
55.08
 20
27.828
 11
60.12
 21
27.828
  0
LINE
  8
0
 10
60.12
 20
27.828
 11
60.12
 21
27.82
  0
LINE
  8
0
 10
60.12
 20
27.82
 11
55.08
 21
27.82
  0
LINE
  8
0
 10
40.68
 20
27.82
 11
40.68
 21
27.828
  0
LINE
  8
0
 10
40.68
 20
27.828
 11
45.72
 21
27.828
  0
LINE
  8
0
 10
45.72
 20
27.828
 11
45.72
 21
27.82
  0
LINE
  8
0
 10
45.72
 20
27.82
 11
40.68
 21
27.82
  0
LINE
  8
0
 10
-2.51999
 20
27.82
 11
-2.51999
 21
27.828
  0
LINE
  8
0
 10
-2.51999
 20
27.828
 11
2.51999
 21
27.828
  0
LINE
  8
0
 10
2.51999
 20
27.828
 11
2.51999
 21
27.82
  0
LINE
  8
0
 10
2.51999
 20
27.82
 11
-2.51999
 21
27.82
  0
LINE
  8
0
 10
40.68
 20
22.572
 11
40.68
 21
22.58
  0
LINE
  8
0
 10
40.68
 20
22.58
 11
45.72
 21
22.58
  0
LINE
  8
0
 10
45.72
 20
22.58
 11
45.72
 21
22.572
  0
LINE
  8
0
 10
45.72
 20
22.572
 11
40.68
 21
22.572
  0
LINE
  8
0
 10
69.48
 20
22.572
 11
69.48
 21
22.58
  0
LINE
  8
0
 10
69.48
 20
22.58
 11
74.52
 21
22.58
  0
LINE
  8
0
 10
74.52
 20
22.58
 11
74.52
 21
22.572
  0
LINE
  8
0
 10
74.52
 20
22.572
 11
69.48
 21
22.572
  0
LINE
  8
0
 10
-2.51999
 20
22.572
 11
-2.51999
 21
22.58
  0
LINE
  8
0
 10
-2.51999
 20
22.58
 11
2.51999
 21
22.58
  0
LINE
  8
0
 10
2.51999
 20
22.58
 11
2.51999
 21
22.572
  0
LINE
  8
0
 10
2.51999
 20
22.572
 11
-2.51999
 21
22.572
  0
LINE
  8
0
 10
55.08
 20
22.572
 11
55.08
 21
22.58
  0
LINE
  8
0
 10
55.08
 20
22.58
 11
60.12
 21
22.58
  0
LINE
  8
0
 10
60.12
 20
22.58
 11
60.12
 21
22.572
  0
LINE
  8
0
 10
60.12
 20
22.572
 11
55.08
 21
22.572
  0
LINE
  8
0
 10
11.88
 20
22.572
 11
11.88
 21
22.58
  0
LINE
  8
0
 10
11.88
 20
22.58
 11
16.92
 21
22.58
  0
LINE
  8
0
 10
16.92
 20
22.58
 11
16.92
 21
22.572
  0
LINE
  8
0
 10
16.92
 20
22.572
 11
11.88
 21
22.572
  0
LINE
  8
0
 10
26.28
 20
22.572
 11
26.28
 21
22.58
  0
LINE
  8
0
 10
26.28
 20
22.58
 11
31.32
 21
22.58
  0
LINE
  8
0
 10
31.32
 20
22.58
 11
31.32
 21
22.572
  0
LINE
  8
0
 10
31.32
 20
22.572
 11
26.28
 21
22.572
  0
LINE
  8
0
 10
26.28
 20
22.54
 11
26.28
 21
22.548
  0
LINE
  8
0
 10
26.28
 20
22.548
 11
31.32
 21
22.548
  0
LINE
  8
0
 10
31.32
 20
22.548
 11
31.32
 21
22.54
  0
LINE
  8
0
 10
31.32
 20
22.54
 11
26.28
 21
22.54
  0
LINE
  8
0
 10
69.48
 20
22.54
 11
69.48
 21
22.548
  0
LINE
  8
0
 10
69.48
 20
22.548
 11
74.52
 21
22.548
  0
LINE
  8
0
 10
74.52
 20
22.548
 11
74.52
 21
22.54
  0
LINE
  8
0
 10
74.52
 20
22.54
 11
69.48
 21
22.54
  0
LINE
  8
0
 10
55.08
 20
22.54
 11
55.08
 21
22.548
  0
LINE
  8
0
 10
55.08
 20
22.548
 11
60.12
 21
22.548
  0
LINE
  8
0
 10
60.12
 20
22.548
 11
60.12
 21
22.54
  0
LINE
  8
0
 10
60.12
 20
22.54
 11
55.08
 21
22.54
  0
LINE
  8
0
 10
-2.51999
 20
22.54
 11
-2.51999
 21
22.548
  0
LINE
  8
0
 10
-2.51999
 20
22.548
 11
2.51999
 21
22.548
  0
LINE
  8
0
 10
2.51999
 20
22.548
 11
2.51999
 21
22.54
  0
LINE
  8
0
 10
2.51999
 20
22.54
 11
-2.51999
 21
22.54
  0
LINE
  8
0
 10
40.68
 20
22.54
 11
40.68
 21
22.548
  0
LINE
  8
0
 10
40.68
 20
22.548
 11
45.72
 21
22.548
  0
LINE
  8
0
 10
45.72
 20
22.548
 11
45.72
 21
22.54
  0
LINE
  8
0
 10
45.72
 20
22.54
 11
40.68
 21
22.54
  0
LINE
  8
0
 10
11.88
 20
22.54
 11
11.88
 21
22.548
  0
LINE
  8
0
 10
11.88
 20
22.548
 11
16.92
 21
22.548
  0
LINE
  8
0
 10
16.92
 20
22.548
 11
16.92
 21
22.54
  0
LINE
  8
0
 10
16.92
 20
22.54
 11
11.88
 21
22.54
  0
LINE
  8
0
 10
69.48
 20
22.508
 11
69.48
 21
22.516
  0
LINE
  8
0
 10
69.48
 20
22.516
 11
74.52
 21
22.516
  0
LINE
  8
0
 10
74.52
 20
22.516
 11
74.52
 21
22.508
  0
LINE
  8
0
 10
74.52
 20
22.508
 11
69.48
 21
22.508
  0
LINE
  8
0
 10
-2.51999
 20
22.508
 11
-2.51999
 21
22.516
  0
LINE
  8
0
 10
-2.51999
 20
22.516
 11
2.51999
 21
22.516
  0
LINE
  8
0
 10
2.51999
 20
22.516
 11
2.51999
 21
22.508
  0
LINE
  8
0
 10
2.51999
 20
22.508
 11
-2.51999
 21
22.508
  0
LINE
  8
0
 10
11.88
 20
22.508
 11
11.88
 21
22.516
  0
LINE
  8
0
 10
11.88
 20
22.516
 11
16.92
 21
22.516
  0
LINE
  8
0
 10
16.92
 20
22.516
 11
16.92
 21
22.508
  0
LINE
  8
0
 10
16.92
 20
22.508
 11
11.88
 21
22.508
  0
LINE
  8
0
 10
55.08
 20
22.508
 11
55.08
 21
22.516
  0
LINE
  8
0
 10
55.08
 20
22.516
 11
60.12
 21
22.516
  0
LINE
  8
0
 10
60.12
 20
22.516
 11
60.12
 21
22.508
  0
LINE
  8
0
 10
60.12
 20
22.508
 11
55.08
 21
22.508
  0
LINE
  8
0
 10
40.68
 20
22.508
 11
40.68
 21
22.516
  0
LINE
  8
0
 10
40.68
 20
22.516
 11
45.72
 21
22.516
  0
LINE
  8
0
 10
45.72
 20
22.516
 11
45.72
 21
22.508
  0
LINE
  8
0
 10
45.72
 20
22.508
 11
40.68
 21
22.508
  0
LINE
  8
0
 10
26.28
 20
22.508
 11
26.28
 21
22.516
  0
LINE
  8
0
 10
26.28
 20
22.516
 11
31.32
 21
22.516
  0
LINE
  8
0
 10
31.32
 20
22.516
 11
31.32
 21
22.508
  0
LINE
  8
0
 10
31.32
 20
22.508
 11
26.28
 21
22.508
  0
LINE
  8
0
 10
11.88
 20
22.476
 11
11.88
 21
22.484
  0
LINE
  8
0
 10
11.88
 20
22.484
 11
16.92
 21
22.484
  0
LINE
  8
0
 10
16.92
 20
22.484
 11
16.92
 21
22.476
  0
LINE
  8
0
 10
16.92
 20
22.476
 11
11.88
 21
22.476
  0
LINE
  8
0
 10
40.68
 20
22.476
 11
40.68
 21
22.484
  0
LINE
  8
0
 10
40.68
 20
22.484
 11
45.72
 21
22.484
  0
LINE
  8
0
 10
45.72
 20
22.484
 11
45.72
 21
22.476
  0
LINE
  8
0
 10
45.72
 20
22.476
 11
40.68
 21
22.476
  0
LINE
  8
0
 10
26.28
 20
22.476
 11
26.28
 21
22.484
  0
LINE
  8
0
 10
26.28
 20
22.484
 11
31.32
 21
22.484
  0
LINE
  8
0
 10
31.32
 20
22.484
 11
31.32
 21
22.476
  0
LINE
  8
0
 10
31.32
 20
22.476
 11
26.28
 21
22.476
  0
LINE
  8
0
 10
55.08
 20
22.476
 11
55.08
 21
22.484
  0
LINE
  8
0
 10
55.08
 20
22.484
 11
60.12
 21
22.484
  0
LINE
  8
0
 10
60.12
 20
22.484
 11
60.12
 21
22.476
  0
LINE
  8
0
 10
60.12
 20
22.476
 11
55.08
 21
22.476
  0
LINE
  8
0
 10
69.48
 20
22.476
 11
69.48
 21
22.484
  0
LINE
  8
0
 10
69.48
 20
22.484
 11
74.52
 21
22.484
  0
LINE
  8
0
 10
74.52
 20
22.484
 11
74.52
 21
22.476
  0
LINE
  8
0
 10
74.52
 20
22.476
 11
69.48
 21
22.476
  0
LINE
  8
0
 10
-2.51999
 20
22.476
 11
-2.51999
 21
22.484
  0
LINE
  8
0
 10
-2.51999
 20
22.484
 11
2.51999
 21
22.484
  0
LINE
  8
0
 10
2.51999
 20
22.484
 11
2.51999
 21
22.476
  0
LINE
  8
0
 10
2.51999
 20
22.476
 11
-2.51999
 21
22.476
  0
LINE
  8
0
 10
-2.51999
 20
22.444
 11
-2.51999
 21
22.452
  0
LINE
  8
0
 10
-2.51999
 20
22.452
 11
2.51999
 21
22.452
  0
LINE
  8
0
 10
2.51999
 20
22.452
 11
2.51999
 21
22.444
  0
LINE
  8
0
 10
2.51999
 20
22.444
 11
-2.51999
 21
22.444
  0
LINE
  8
0
 10
55.08
 20
22.444
 11
55.08
 21
22.452
  0
LINE
  8
0
 10
55.08
 20
22.452
 11
60.12
 21
22.452
  0
LINE
  8
0
 10
60.12
 20
22.452
 11
60.12
 21
22.444
  0
LINE
  8
0
 10
60.12
 20
22.444
 11
55.08
 21
22.444
  0
LINE
  8
0
 10
26.28
 20
22.444
 11
26.28
 21
22.452
  0
LINE
  8
0
 10
26.28
 20
22.452
 11
31.32
 21
22.452
  0
LINE
  8
0
 10
31.32
 20
22.452
 11
31.32
 21
22.444
  0
LINE
  8
0
 10
31.32
 20
22.444
 11
26.28
 21
22.444
  0
LINE
  8
0
 10
69.48
 20
22.444
 11
69.48
 21
22.452
  0
LINE
  8
0
 10
69.48
 20
22.452
 11
74.52
 21
22.452
  0
LINE
  8
0
 10
74.52
 20
22.452
 11
74.52
 21
22.444
  0
LINE
  8
0
 10
74.52
 20
22.444
 11
69.48
 21
22.444
  0
LINE
  8
0
 10
40.68
 20
22.444
 11
40.68
 21
22.452
  0
LINE
  8
0
 10
40.68
 20
22.452
 11
45.72
 21
22.452
  0
LINE
  8
0
 10
45.72
 20
22.452
 11
45.72
 21
22.444
  0
LINE
  8
0
 10
45.72
 20
22.444
 11
40.68
 21
22.444
  0
LINE
  8
0
 10
11.88
 20
22.444
 11
11.88
 21
22.452
  0
LINE
  8
0
 10
11.88
 20
22.452
 11
16.92
 21
22.452
  0
LINE
  8
0
 10
16.92
 20
22.452
 11
16.92
 21
22.444
  0
LINE
  8
0
 10
16.92
 20
22.444
 11
11.88
 21
22.444
  0
LINE
  8
0
 10
11.88
 20
22.412
 11
11.88
 21
22.42
  0
LINE
  8
0
 10
11.88
 20
22.42
 11
16.92
 21
22.42
  0
LINE
  8
0
 10
16.92
 20
22.42
 11
16.92
 21
22.412
  0
LINE
  8
0
 10
16.92
 20
22.412
 11
11.88
 21
22.412
  0
LINE
  8
0
 10
55.08
 20
22.412
 11
55.08
 21
22.42
  0
LINE
  8
0
 10
55.08
 20
22.42
 11
60.12
 21
22.42
  0
LINE
  8
0
 10
60.12
 20
22.42
 11
60.12
 21
22.412
  0
LINE
  8
0
 10
60.12
 20
22.412
 11
55.08
 21
22.412
  0
LINE
  8
0
 10
-2.51999
 20
22.412
 11
-2.51999
 21
22.42
  0
LINE
  8
0
 10
-2.51999
 20
22.42
 11
2.51999
 21
22.42
  0
LINE
  8
0
 10
2.51999
 20
22.42
 11
2.51999
 21
22.412
  0
LINE
  8
0
 10
2.51999
 20
22.412
 11
-2.51999
 21
22.412
  0
LINE
  8
0
 10
26.28
 20
22.412
 11
26.28
 21
22.42
  0
LINE
  8
0
 10
26.28
 20
22.42
 11
31.32
 21
22.42
  0
LINE
  8
0
 10
31.32
 20
22.42
 11
31.32
 21
22.412
  0
LINE
  8
0
 10
31.32
 20
22.412
 11
26.28
 21
22.412
  0
LINE
  8
0
 10
40.68
 20
22.412
 11
40.68
 21
22.42
  0
LINE
  8
0
 10
40.68
 20
22.42
 11
45.72
 21
22.42
  0
LINE
  8
0
 10
45.72
 20
22.42
 11
45.72
 21
22.412
  0
LINE
  8
0
 10
45.72
 20
22.412
 11
40.68
 21
22.412
  0
LINE
  8
0
 10
69.48
 20
22.412
 11
69.48
 21
22.42
  0
LINE
  8
0
 10
69.48
 20
22.42
 11
74.52
 21
22.42
  0
LINE
  8
0
 10
74.52
 20
22.42
 11
74.52
 21
22.412
  0
LINE
  8
0
 10
74.52
 20
22.412
 11
69.48
 21
22.412
  0
LINE
  8
0
 10
-2.51999
 20
22.38
 11
-2.51999
 21
22.388
  0
LINE
  8
0
 10
-2.51999
 20
22.388
 11
2.51999
 21
22.388
  0
LINE
  8
0
 10
2.51999
 20
22.388
 11
2.51999
 21
22.38
  0
LINE
  8
0
 10
2.51999
 20
22.38
 11
-2.51999
 21
22.38
  0
LINE
  8
0
 10
55.08
 20
22.38
 11
55.08
 21
22.388
  0
LINE
  8
0
 10
55.08
 20
22.388
 11
60.12
 21
22.388
  0
LINE
  8
0
 10
60.12
 20
22.388
 11
60.12
 21
22.38
  0
LINE
  8
0
 10
60.12
 20
22.38
 11
55.08
 21
22.38
  0
LINE
  8
0
 10
40.68
 20
22.38
 11
40.68
 21
22.388
  0
LINE
  8
0
 10
40.68
 20
22.388
 11
45.72
 21
22.388
  0
LINE
  8
0
 10
45.72
 20
22.388
 11
45.72
 21
22.38
  0
LINE
  8
0
 10
45.72
 20
22.38
 11
40.68
 21
22.38
  0
LINE
  8
0
 10
26.28
 20
22.38
 11
26.28
 21
22.388
  0
LINE
  8
0
 10
26.28
 20
22.388
 11
31.32
 21
22.388
  0
LINE
  8
0
 10
31.32
 20
22.388
 11
31.32
 21
22.38
  0
LINE
  8
0
 10
31.32
 20
22.38
 11
26.28
 21
22.38
  0
LINE
  8
0
 10
69.48
 20
22.38
 11
69.48
 21
22.388
  0
LINE
  8
0
 10
69.48
 20
22.388
 11
74.52
 21
22.388
  0
LINE
  8
0
 10
74.52
 20
22.388
 11
74.52
 21
22.38
  0
LINE
  8
0
 10
74.52
 20
22.38
 11
69.48
 21
22.38
  0
LINE
  8
0
 10
11.88
 20
22.38
 11
11.88
 21
22.388
  0
LINE
  8
0
 10
11.88
 20
22.388
 11
16.92
 21
22.388
  0
LINE
  8
0
 10
16.92
 20
22.388
 11
16.92
 21
22.38
  0
LINE
  8
0
 10
16.92
 20
22.38
 11
11.88
 21
22.38
  0
LINE
  8
0
 10
69.48
 20
22.348
 11
69.48
 21
22.356
  0
LINE
  8
0
 10
69.48
 20
22.356
 11
74.52
 21
22.356
  0
LINE
  8
0
 10
74.52
 20
22.356
 11
74.52
 21
22.348
  0
LINE
  8
0
 10
74.52
 20
22.348
 11
69.48
 21
22.348
  0
LINE
  8
0
 10
-2.51999
 20
22.348
 11
-2.51999
 21
22.356
  0
LINE
  8
0
 10
-2.51999
 20
22.356
 11
2.51999
 21
22.356
  0
LINE
  8
0
 10
2.51999
 20
22.356
 11
2.51999
 21
22.348
  0
LINE
  8
0
 10
2.51999
 20
22.348
 11
-2.51999
 21
22.348
  0
LINE
  8
0
 10
11.88
 20
22.348
 11
11.88
 21
22.356
  0
LINE
  8
0
 10
11.88
 20
22.356
 11
16.92
 21
22.356
  0
LINE
  8
0
 10
16.92
 20
22.356
 11
16.92
 21
22.348
  0
LINE
  8
0
 10
16.92
 20
22.348
 11
11.88
 21
22.348
  0
LINE
  8
0
 10
26.28
 20
22.348
 11
26.28
 21
22.356
  0
LINE
  8
0
 10
26.28
 20
22.356
 11
31.32
 21
22.356
  0
LINE
  8
0
 10
31.32
 20
22.356
 11
31.32
 21
22.348
  0
LINE
  8
0
 10
31.32
 20
22.348
 11
26.28
 21
22.348
  0
LINE
  8
0
 10
40.68
 20
22.348
 11
40.68
 21
22.356
  0
LINE
  8
0
 10
40.68
 20
22.356
 11
45.72
 21
22.356
  0
LINE
  8
0
 10
45.72
 20
22.356
 11
45.72
 21
22.348
  0
LINE
  8
0
 10
45.72
 20
22.348
 11
40.68
 21
22.348
  0
LINE
  8
0
 10
55.08
 20
22.348
 11
55.08
 21
22.356
  0
LINE
  8
0
 10
55.08
 20
22.356
 11
60.12
 21
22.356
  0
LINE
  8
0
 10
60.12
 20
22.356
 11
60.12
 21
22.348
  0
LINE
  8
0
 10
60.12
 20
22.348
 11
55.08
 21
22.348
  0
LINE
  8
0
 10
55.08
 20
22.316
 11
55.08
 21
22.324
  0
LINE
  8
0
 10
55.08
 20
22.324
 11
60.12
 21
22.324
  0
LINE
  8
0
 10
60.12
 20
22.324
 11
60.12
 21
22.316
  0
LINE
  8
0
 10
60.12
 20
22.316
 11
55.08
 21
22.316
  0
LINE
  8
0
 10
11.88
 20
22.316
 11
11.88
 21
22.324
  0
LINE
  8
0
 10
11.88
 20
22.324
 11
16.92
 21
22.324
  0
LINE
  8
0
 10
16.92
 20
22.324
 11
16.92
 21
22.316
  0
LINE
  8
0
 10
16.92
 20
22.316
 11
11.88
 21
22.316
  0
LINE
  8
0
 10
26.28
 20
22.316
 11
26.28
 21
22.324
  0
LINE
  8
0
 10
26.28
 20
22.324
 11
31.32
 21
22.324
  0
LINE
  8
0
 10
31.32
 20
22.324
 11
31.32
 21
22.316
  0
LINE
  8
0
 10
31.32
 20
22.316
 11
26.28
 21
22.316
  0
LINE
  8
0
 10
40.68
 20
22.316
 11
40.68
 21
22.324
  0
LINE
  8
0
 10
40.68
 20
22.324
 11
45.72
 21
22.324
  0
LINE
  8
0
 10
45.72
 20
22.324
 11
45.72
 21
22.316
  0
LINE
  8
0
 10
45.72
 20
22.316
 11
40.68
 21
22.316
  0
LINE
  8
0
 10
69.48
 20
22.316
 11
69.48
 21
22.324
  0
LINE
  8
0
 10
69.48
 20
22.324
 11
74.52
 21
22.324
  0
LINE
  8
0
 10
74.52
 20
22.324
 11
74.52
 21
22.316
  0
LINE
  8
0
 10
74.52
 20
22.316
 11
69.48
 21
22.316
  0
LINE
  8
0
 10
-2.51999
 20
22.316
 11
-2.51999
 21
22.324
  0
LINE
  8
0
 10
-2.51999
 20
22.324
 11
2.51999
 21
22.324
  0
LINE
  8
0
 10
2.51999
 20
22.324
 11
2.51999
 21
22.316
  0
LINE
  8
0
 10
2.51999
 20
22.316
 11
-2.51999
 21
22.316
  0
LINE
  8
0
 10
11.88
 20
22.284
 11
11.88
 21
22.292
  0
LINE
  8
0
 10
11.88
 20
22.292
 11
16.92
 21
22.292
  0
LINE
  8
0
 10
16.92
 20
22.292
 11
16.92
 21
22.284
  0
LINE
  8
0
 10
16.92
 20
22.284
 11
11.88
 21
22.284
  0
LINE
  8
0
 10
26.28
 20
22.284
 11
26.28
 21
22.292
  0
LINE
  8
0
 10
26.28
 20
22.292
 11
31.32
 21
22.292
  0
LINE
  8
0
 10
31.32
 20
22.292
 11
31.32
 21
22.284
  0
LINE
  8
0
 10
31.32
 20
22.284
 11
26.28
 21
22.284
  0
LINE
  8
0
 10
40.68
 20
22.284
 11
40.68
 21
22.292
  0
LINE
  8
0
 10
40.68
 20
22.292
 11
45.72
 21
22.292
  0
LINE
  8
0
 10
45.72
 20
22.292
 11
45.72
 21
22.284
  0
LINE
  8
0
 10
45.72
 20
22.284
 11
40.68
 21
22.284
  0
LINE
  8
0
 10
-2.51999
 20
22.284
 11
-2.51999
 21
22.292
  0
LINE
  8
0
 10
-2.51999
 20
22.292
 11
2.51999
 21
22.292
  0
LINE
  8
0
 10
2.51999
 20
22.292
 11
2.51999
 21
22.284
  0
LINE
  8
0
 10
2.51999
 20
22.284
 11
-2.51999
 21
22.284
  0
LINE
  8
0
 10
69.48
 20
22.284
 11
69.48
 21
22.292
  0
LINE
  8
0
 10
69.48
 20
22.292
 11
74.52
 21
22.292
  0
LINE
  8
0
 10
74.52
 20
22.292
 11
74.52
 21
22.284
  0
LINE
  8
0
 10
74.52
 20
22.284
 11
69.48
 21
22.284
  0
LINE
  8
0
 10
55.08
 20
22.284
 11
55.08
 21
22.292
  0
LINE
  8
0
 10
55.08
 20
22.292
 11
60.12
 21
22.292
  0
LINE
  8
0
 10
60.12
 20
22.292
 11
60.12
 21
22.284
  0
LINE
  8
0
 10
60.12
 20
22.284
 11
55.08
 21
22.284
  0
LINE
  8
0
 10
11.88
 20
22.252
 11
11.88
 21
22.26
  0
LINE
  8
0
 10
11.88
 20
22.26
 11
16.92
 21
22.26
  0
LINE
  8
0
 10
16.92
 20
22.26
 11
16.92
 21
22.252
  0
LINE
  8
0
 10
16.92
 20
22.252
 11
11.88
 21
22.252
  0
LINE
  8
0
 10
55.08
 20
22.252
 11
55.08
 21
22.26
  0
LINE
  8
0
 10
55.08
 20
22.26
 11
60.12
 21
22.26
  0
LINE
  8
0
 10
60.12
 20
22.26
 11
60.12
 21
22.252
  0
LINE
  8
0
 10
60.12
 20
22.252
 11
55.08
 21
22.252
  0
LINE
  8
0
 10
40.68
 20
22.252
 11
40.68
 21
22.26
  0
LINE
  8
0
 10
40.68
 20
22.26
 11
45.72
 21
22.26
  0
LINE
  8
0
 10
45.72
 20
22.26
 11
45.72
 21
22.252
  0
LINE
  8
0
 10
45.72
 20
22.252
 11
40.68
 21
22.252
  0
LINE
  8
0
 10
69.48
 20
22.252
 11
69.48
 21
22.26
  0
LINE
  8
0
 10
69.48
 20
22.26
 11
74.52
 21
22.26
  0
LINE
  8
0
 10
74.52
 20
22.26
 11
74.52
 21
22.252
  0
LINE
  8
0
 10
74.52
 20
22.252
 11
69.48
 21
22.252
  0
LINE
  8
0
 10
26.28
 20
22.252
 11
26.28
 21
22.26
  0
LINE
  8
0
 10
26.28
 20
22.26
 11
31.32
 21
22.26
  0
LINE
  8
0
 10
31.32
 20
22.26
 11
31.32
 21
22.252
  0
LINE
  8
0
 10
31.32
 20
22.252
 11
26.28
 21
22.252
  0
LINE
  8
0
 10
-2.51999
 20
22.252
 11
-2.51999
 21
22.26
  0
LINE
  8
0
 10
-2.51999
 20
22.26
 11
2.51999
 21
22.26
  0
LINE
  8
0
 10
2.51999
 20
22.26
 11
2.51999
 21
22.252
  0
LINE
  8
0
 10
2.51999
 20
22.252
 11
-2.51999
 21
22.252
  0
LINE
  8
0
 10
11.88
 20
22.22
 11
11.88
 21
22.228
  0
LINE
  8
0
 10
11.88
 20
22.228
 11
16.92
 21
22.228
  0
LINE
  8
0
 10
16.92
 20
22.228
 11
16.92
 21
22.22
  0
LINE
  8
0
 10
16.92
 20
22.22
 11
11.88
 21
22.22
  0
LINE
  8
0
 10
-2.51999
 20
22.22
 11
-2.51999
 21
22.228
  0
LINE
  8
0
 10
-2.51999
 20
22.228
 11
2.51999
 21
22.228
  0
LINE
  8
0
 10
2.51999
 20
22.228
 11
2.51999
 21
22.22
  0
LINE
  8
0
 10
2.51999
 20
22.22
 11
-2.51999
 21
22.22
  0
LINE
  8
0
 10
69.48
 20
22.22
 11
69.48
 21
22.228
  0
LINE
  8
0
 10
69.48
 20
22.228
 11
74.52
 21
22.228
  0
LINE
  8
0
 10
74.52
 20
22.228
 11
74.52
 21
22.22
  0
LINE
  8
0
 10
74.52
 20
22.22
 11
69.48
 21
22.22
  0
LINE
  8
0
 10
26.28
 20
22.22
 11
26.28
 21
22.228
  0
LINE
  8
0
 10
26.28
 20
22.228
 11
31.32
 21
22.228
  0
LINE
  8
0
 10
31.32
 20
22.228
 11
31.32
 21
22.22
  0
LINE
  8
0
 10
31.32
 20
22.22
 11
26.28
 21
22.22
  0
LINE
  8
0
 10
40.68
 20
22.22
 11
40.68
 21
22.228
  0
LINE
  8
0
 10
40.68
 20
22.228
 11
45.72
 21
22.228
  0
LINE
  8
0
 10
45.72
 20
22.228
 11
45.72
 21
22.22
  0
LINE
  8
0
 10
45.72
 20
22.22
 11
40.68
 21
22.22
  0
LINE
  8
0
 10
55.08
 20
22.22
 11
55.08
 21
22.228
  0
LINE
  8
0
 10
55.08
 20
22.228
 11
60.12
 21
22.228
  0
LINE
  8
0
 10
60.12
 20
22.228
 11
60.12
 21
22.22
  0
LINE
  8
0
 10
60.12
 20
22.22
 11
55.08
 21
22.22
  0
LINE
  8
0
 10
-2.51999
 20
22.188
 11
-2.51999
 21
22.196
  0
LINE
  8
0
 10
-2.51999
 20
22.196
 11
2.51999
 21
22.196
  0
LINE
  8
0
 10
2.51999
 20
22.196
 11
2.51999
 21
22.188
  0
LINE
  8
0
 10
2.51999
 20
22.188
 11
-2.51999
 21
22.188
  0
LINE
  8
0
 10
11.88
 20
22.188
 11
11.88
 21
22.196
  0
LINE
  8
0
 10
11.88
 20
22.196
 11
16.92
 21
22.196
  0
LINE
  8
0
 10
16.92
 20
22.196
 11
16.92
 21
22.188
  0
LINE
  8
0
 10
16.92
 20
22.188
 11
11.88
 21
22.188
  0
LINE
  8
0
 10
55.08
 20
22.188
 11
55.08
 21
22.196
  0
LINE
  8
0
 10
55.08
 20
22.196
 11
60.12
 21
22.196
  0
LINE
  8
0
 10
60.12
 20
22.196
 11
60.12
 21
22.188
  0
LINE
  8
0
 10
60.12
 20
22.188
 11
55.08
 21
22.188
  0
LINE
  8
0
 10
69.48
 20
22.188
 11
69.48
 21
22.196
  0
LINE
  8
0
 10
69.48
 20
22.196
 11
74.52
 21
22.196
  0
LINE
  8
0
 10
74.52
 20
22.196
 11
74.52
 21
22.188
  0
LINE
  8
0
 10
74.52
 20
22.188
 11
69.48
 21
22.188
  0
LINE
  8
0
 10
26.28
 20
22.188
 11
26.28
 21
22.196
  0
LINE
  8
0
 10
26.28
 20
22.196
 11
31.32
 21
22.196
  0
LINE
  8
0
 10
31.32
 20
22.196
 11
31.32
 21
22.188
  0
LINE
  8
0
 10
31.32
 20
22.188
 11
26.28
 21
22.188
  0
LINE
  8
0
 10
40.68
 20
22.188
 11
40.68
 21
22.196
  0
LINE
  8
0
 10
40.68
 20
22.196
 11
45.72
 21
22.196
  0
LINE
  8
0
 10
45.72
 20
22.196
 11
45.72
 21
22.188
  0
LINE
  8
0
 10
45.72
 20
22.188
 11
40.68
 21
22.188
  0
LINE
  8
0
 10
40.68
 20
22.156
 11
40.68
 21
22.164
  0
LINE
  8
0
 10
40.68
 20
22.164
 11
45.72
 21
22.164
  0
LINE
  8
0
 10
45.72
 20
22.164
 11
45.72
 21
22.156
  0
LINE
  8
0
 10
45.72
 20
22.156
 11
40.68
 21
22.156
  0
LINE
  8
0
 10
69.48
 20
22.156
 11
69.48
 21
22.164
  0
LINE
  8
0
 10
69.48
 20
22.164
 11
74.52
 21
22.164
  0
LINE
  8
0
 10
74.52
 20
22.164
 11
74.52
 21
22.156
  0
LINE
  8
0
 10
74.52
 20
22.156
 11
69.48
 21
22.156
  0
LINE
  8
0
 10
-2.51999
 20
22.156
 11
-2.51999
 21
22.164
  0
LINE
  8
0
 10
-2.51999
 20
22.164
 11
2.51999
 21
22.164
  0
LINE
  8
0
 10
2.51999
 20
22.164
 11
2.51999
 21
22.156
  0
LINE
  8
0
 10
2.51999
 20
22.156
 11
-2.51999
 21
22.156
  0
LINE
  8
0
 10
11.88
 20
22.156
 11
11.88
 21
22.164
  0
LINE
  8
0
 10
11.88
 20
22.164
 11
16.92
 21
22.164
  0
LINE
  8
0
 10
16.92
 20
22.164
 11
16.92
 21
22.156
  0
LINE
  8
0
 10
16.92
 20
22.156
 11
11.88
 21
22.156
  0
LINE
  8
0
 10
55.08
 20
22.156
 11
55.08
 21
22.164
  0
LINE
  8
0
 10
55.08
 20
22.164
 11
60.12
 21
22.164
  0
LINE
  8
0
 10
60.12
 20
22.164
 11
60.12
 21
22.156
  0
LINE
  8
0
 10
60.12
 20
22.156
 11
55.08
 21
22.156
  0
LINE
  8
0
 10
26.28
 20
22.156
 11
26.28
 21
22.164
  0
LINE
  8
0
 10
26.28
 20
22.164
 11
31.32
 21
22.164
  0
LINE
  8
0
 10
31.32
 20
22.164
 11
31.32
 21
22.156
  0
LINE
  8
0
 10
31.32
 20
22.156
 11
26.28
 21
22.156
  0
LINE
  8
0
 10
69.48
 20
22.124
 11
69.48
 21
22.132
  0
LINE
  8
0
 10
69.48
 20
22.132
 11
74.52
 21
22.132
  0
LINE
  8
0
 10
74.52
 20
22.132
 11
74.52
 21
22.124
  0
LINE
  8
0
 10
74.52
 20
22.124
 11
69.48
 21
22.124
  0
LINE
  8
0
 10
40.68
 20
22.124
 11
40.68
 21
22.132
  0
LINE
  8
0
 10
40.68
 20
22.132
 11
45.72
 21
22.132
  0
LINE
  8
0
 10
45.72
 20
22.132
 11
45.72
 21
22.124
  0
LINE
  8
0
 10
45.72
 20
22.124
 11
40.68
 21
22.124
  0
LINE
  8
0
 10
11.88
 20
22.124
 11
11.88
 21
22.132
  0
LINE
  8
0
 10
11.88
 20
22.132
 11
16.92
 21
22.132
  0
LINE
  8
0
 10
16.92
 20
22.132
 11
16.92
 21
22.124
  0
LINE
  8
0
 10
16.92
 20
22.124
 11
11.88
 21
22.124
  0
LINE
  8
0
 10
26.28
 20
22.124
 11
26.28
 21
22.132
  0
LINE
  8
0
 10
26.28
 20
22.132
 11
31.32
 21
22.132
  0
LINE
  8
0
 10
31.32
 20
22.132
 11
31.32
 21
22.124
  0
LINE
  8
0
 10
31.32
 20
22.124
 11
26.28
 21
22.124
  0
LINE
  8
0
 10
-2.51999
 20
22.124
 11
-2.51999
 21
22.132
  0
LINE
  8
0
 10
-2.51999
 20
22.132
 11
2.51999
 21
22.132
  0
LINE
  8
0
 10
2.51999
 20
22.132
 11
2.51999
 21
22.124
  0
LINE
  8
0
 10
2.51999
 20
22.124
 11
-2.51999
 21
22.124
  0
LINE
  8
0
 10
55.08
 20
22.124
 11
55.08
 21
22.132
  0
LINE
  8
0
 10
55.08
 20
22.132
 11
60.12
 21
22.132
  0
LINE
  8
0
 10
60.12
 20
22.132
 11
60.12
 21
22.124
  0
LINE
  8
0
 10
60.12
 20
22.124
 11
55.08
 21
22.124
  0
LINE
  8
0
 10
11.88
 20
22.092
 11
11.88
 21
22.1
  0
LINE
  8
0
 10
11.88
 20
22.1
 11
16.92
 21
22.1
  0
LINE
  8
0
 10
16.92
 20
22.1
 11
16.92
 21
22.092
  0
LINE
  8
0
 10
16.92
 20
22.092
 11
11.88
 21
22.092
  0
LINE
  8
0
 10
55.08
 20
22.092
 11
55.08
 21
22.1
  0
LINE
  8
0
 10
55.08
 20
22.1
 11
60.12
 21
22.1
  0
LINE
  8
0
 10
60.12
 20
22.1
 11
60.12
 21
22.092
  0
LINE
  8
0
 10
60.12
 20
22.092
 11
55.08
 21
22.092
  0
LINE
  8
0
 10
-2.51999
 20
22.092
 11
-2.51999
 21
22.1
  0
LINE
  8
0
 10
-2.51999
 20
22.1
 11
2.51999
 21
22.1
  0
LINE
  8
0
 10
2.51999
 20
22.1
 11
2.51999
 21
22.092
  0
LINE
  8
0
 10
2.51999
 20
22.092
 11
-2.51999
 21
22.092
  0
LINE
  8
0
 10
69.48
 20
22.092
 11
69.48
 21
22.1
  0
LINE
  8
0
 10
69.48
 20
22.1
 11
74.52
 21
22.1
  0
LINE
  8
0
 10
74.52
 20
22.1
 11
74.52
 21
22.092
  0
LINE
  8
0
 10
74.52
 20
22.092
 11
69.48
 21
22.092
  0
LINE
  8
0
 10
40.68
 20
22.092
 11
40.68
 21
22.1
  0
LINE
  8
0
 10
40.68
 20
22.1
 11
45.72
 21
22.1
  0
LINE
  8
0
 10
45.72
 20
22.1
 11
45.72
 21
22.092
  0
LINE
  8
0
 10
45.72
 20
22.092
 11
40.68
 21
22.092
  0
LINE
  8
0
 10
26.28
 20
22.092
 11
26.28
 21
22.1
  0
LINE
  8
0
 10
26.28
 20
22.1
 11
31.32
 21
22.1
  0
LINE
  8
0
 10
31.32
 20
22.1
 11
31.32
 21
22.092
  0
LINE
  8
0
 10
31.32
 20
22.092
 11
26.28
 21
22.092
  0
LINE
  8
0
 10
40.68
 20
22.06
 11
40.68
 21
22.068
  0
LINE
  8
0
 10
40.68
 20
22.068
 11
45.72
 21
22.068
  0
LINE
  8
0
 10
45.72
 20
22.068
 11
45.72
 21
22.06
  0
LINE
  8
0
 10
45.72
 20
22.06
 11
40.68
 21
22.06
  0
LINE
  8
0
 10
55.08
 20
22.06
 11
55.08
 21
22.068
  0
LINE
  8
0
 10
55.08
 20
22.068
 11
60.12
 21
22.068
  0
LINE
  8
0
 10
60.12
 20
22.068
 11
60.12
 21
22.06
  0
LINE
  8
0
 10
60.12
 20
22.06
 11
55.08
 21
22.06
  0
LINE
  8
0
 10
-2.51999
 20
22.06
 11
-2.51999
 21
22.068
  0
LINE
  8
0
 10
-2.51999
 20
22.068
 11
2.51999
 21
22.068
  0
LINE
  8
0
 10
2.51999
 20
22.068
 11
2.51999
 21
22.06
  0
LINE
  8
0
 10
2.51999
 20
22.06
 11
-2.51999
 21
22.06
  0
LINE
  8
0
 10
11.88
 20
22.06
 11
11.88
 21
22.068
  0
LINE
  8
0
 10
11.88
 20
22.068
 11
16.92
 21
22.068
  0
LINE
  8
0
 10
16.92
 20
22.068
 11
16.92
 21
22.06
  0
LINE
  8
0
 10
16.92
 20
22.06
 11
11.88
 21
22.06
  0
LINE
  8
0
 10
69.48
 20
22.06
 11
69.48
 21
22.068
  0
LINE
  8
0
 10
69.48
 20
22.068
 11
74.52
 21
22.068
  0
LINE
  8
0
 10
74.52
 20
22.068
 11
74.52
 21
22.06
  0
LINE
  8
0
 10
74.52
 20
22.06
 11
69.48
 21
22.06
  0
LINE
  8
0
 10
26.28
 20
22.06
 11
26.28
 21
22.068
  0
LINE
  8
0
 10
26.28
 20
22.068
 11
31.32
 21
22.068
  0
LINE
  8
0
 10
31.32
 20
22.068
 11
31.32
 21
22.06
  0
LINE
  8
0
 10
31.32
 20
22.06
 11
26.28
 21
22.06
  0
LINE
  8
0
 10
69.48
 20
22.028
 11
69.48
 21
22.036
  0
LINE
  8
0
 10
69.48
 20
22.036
 11
74.52
 21
22.036
  0
LINE
  8
0
 10
74.52
 20
22.036
 11
74.52
 21
22.028
  0
LINE
  8
0
 10
74.52
 20
22.028
 11
69.48
 21
22.028
  0
LINE
  8
0
 10
11.88
 20
22.028
 11
11.88
 21
22.036
  0
LINE
  8
0
 10
11.88
 20
22.036
 11
16.92
 21
22.036
  0
LINE
  8
0
 10
16.92
 20
22.036
 11
16.92
 21
22.028
  0
LINE
  8
0
 10
16.92
 20
22.028
 11
11.88
 21
22.028
  0
LINE
  8
0
 10
55.08
 20
22.028
 11
55.08
 21
22.036
  0
LINE
  8
0
 10
55.08
 20
22.036
 11
60.12
 21
22.036
  0
LINE
  8
0
 10
60.12
 20
22.036
 11
60.12
 21
22.028
  0
LINE
  8
0
 10
60.12
 20
22.028
 11
55.08
 21
22.028
  0
LINE
  8
0
 10
40.68
 20
22.028
 11
40.68
 21
22.036
  0
LINE
  8
0
 10
40.68
 20
22.036
 11
45.72
 21
22.036
  0
LINE
  8
0
 10
45.72
 20
22.036
 11
45.72
 21
22.028
  0
LINE
  8
0
 10
45.72
 20
22.028
 11
40.68
 21
22.028
  0
LINE
  8
0
 10
-2.51999
 20
22.028
 11
-2.51999
 21
22.036
  0
LINE
  8
0
 10
-2.51999
 20
22.036
 11
2.51999
 21
22.036
  0
LINE
  8
0
 10
2.51999
 20
22.036
 11
2.51999
 21
22.028
  0
LINE
  8
0
 10
2.51999
 20
22.028
 11
-2.51999
 21
22.028
  0
LINE
  8
0
 10
26.28
 20
22.028
 11
26.28
 21
22.036
  0
LINE
  8
0
 10
26.28
 20
22.036
 11
31.32
 21
22.036
  0
LINE
  8
0
 10
31.32
 20
22.036
 11
31.32
 21
22.028
  0
LINE
  8
0
 10
31.32
 20
22.028
 11
26.28
 21
22.028
  0
LINE
  8
0
 10
69.48
 20
21.996
 11
69.48
 21
22.004
  0
LINE
  8
0
 10
69.48
 20
22.004
 11
74.52
 21
22.004
  0
LINE
  8
0
 10
74.52
 20
22.004
 11
74.52
 21
21.996
  0
LINE
  8
0
 10
74.52
 20
21.996
 11
69.48
 21
21.996
  0
LINE
  8
0
 10
-2.51999
 20
21.996
 11
-2.51999
 21
22.004
  0
LINE
  8
0
 10
-2.51999
 20
22.004
 11
2.51999
 21
22.004
  0
LINE
  8
0
 10
2.51999
 20
22.004
 11
2.51999
 21
21.996
  0
LINE
  8
0
 10
2.51999
 20
21.996
 11
-2.51999
 21
21.996
  0
LINE
  8
0
 10
11.88
 20
21.996
 11
11.88
 21
22.004
  0
LINE
  8
0
 10
11.88
 20
22.004
 11
16.92
 21
22.004
  0
LINE
  8
0
 10
16.92
 20
22.004
 11
16.92
 21
21.996
  0
LINE
  8
0
 10
16.92
 20
21.996
 11
11.88
 21
21.996
  0
LINE
  8
0
 10
40.68
 20
21.996
 11
40.68
 21
22.004
  0
LINE
  8
0
 10
40.68
 20
22.004
 11
45.72
 21
22.004
  0
LINE
  8
0
 10
45.72
 20
22.004
 11
45.72
 21
21.996
  0
LINE
  8
0
 10
45.72
 20
21.996
 11
40.68
 21
21.996
  0
LINE
  8
0
 10
55.08
 20
21.996
 11
55.08
 21
22.004
  0
LINE
  8
0
 10
55.08
 20
22.004
 11
60.12
 21
22.004
  0
LINE
  8
0
 10
60.12
 20
22.004
 11
60.12
 21
21.996
  0
LINE
  8
0
 10
60.12
 20
21.996
 11
55.08
 21
21.996
  0
LINE
  8
0
 10
26.28
 20
21.996
 11
26.28
 21
22.004
  0
LINE
  8
0
 10
26.28
 20
22.004
 11
31.32
 21
22.004
  0
LINE
  8
0
 10
31.32
 20
22.004
 11
31.32
 21
21.996
  0
LINE
  8
0
 10
31.32
 20
21.996
 11
26.28
 21
21.996
  0
LINE
  8
0
 10
26.28
 20
21.964
 11
26.28
 21
21.972
  0
LINE
  8
0
 10
26.28
 20
21.972
 11
31.32
 21
21.972
  0
LINE
  8
0
 10
31.32
 20
21.972
 11
31.32
 21
21.964
  0
LINE
  8
0
 10
31.32
 20
21.964
 11
26.28
 21
21.964
  0
LINE
  8
0
 10
-2.51999
 20
21.964
 11
-2.51999
 21
21.972
  0
LINE
  8
0
 10
-2.51999
 20
21.972
 11
2.51999
 21
21.972
  0
LINE
  8
0
 10
2.51999
 20
21.972
 11
2.51999
 21
21.964
  0
LINE
  8
0
 10
2.51999
 20
21.964
 11
-2.51999
 21
21.964
  0
LINE
  8
0
 10
69.48
 20
21.964
 11
69.48
 21
21.972
  0
LINE
  8
0
 10
69.48
 20
21.972
 11
74.52
 21
21.972
  0
LINE
  8
0
 10
74.52
 20
21.972
 11
74.52
 21
21.964
  0
LINE
  8
0
 10
74.52
 20
21.964
 11
69.48
 21
21.964
  0
LINE
  8
0
 10
11.88
 20
21.964
 11
11.88
 21
21.972
  0
LINE
  8
0
 10
11.88
 20
21.972
 11
16.92
 21
21.972
  0
LINE
  8
0
 10
16.92
 20
21.972
 11
16.92
 21
21.964
  0
LINE
  8
0
 10
16.92
 20
21.964
 11
11.88
 21
21.964
  0
LINE
  8
0
 10
40.68
 20
21.964
 11
40.68
 21
21.972
  0
LINE
  8
0
 10
40.68
 20
21.972
 11
45.72
 21
21.972
  0
LINE
  8
0
 10
45.72
 20
21.972
 11
45.72
 21
21.964
  0
LINE
  8
0
 10
45.72
 20
21.964
 11
40.68
 21
21.964
  0
LINE
  8
0
 10
55.08
 20
21.964
 11
55.08
 21
21.972
  0
LINE
  8
0
 10
55.08
 20
21.972
 11
60.12
 21
21.972
  0
LINE
  8
0
 10
60.12
 20
21.972
 11
60.12
 21
21.964
  0
LINE
  8
0
 10
60.12
 20
21.964
 11
55.08
 21
21.964
  0
LINE
  8
0
 10
11.88
 20
21.932
 11
11.88
 21
21.94
  0
LINE
  8
0
 10
11.88
 20
21.94
 11
16.92
 21
21.94
  0
LINE
  8
0
 10
16.92
 20
21.94
 11
16.92
 21
21.932
  0
LINE
  8
0
 10
16.92
 20
21.932
 11
11.88
 21
21.932
  0
LINE
  8
0
 10
40.68
 20
21.932
 11
40.68
 21
21.94
  0
LINE
  8
0
 10
40.68
 20
21.94
 11
45.72
 21
21.94
  0
LINE
  8
0
 10
45.72
 20
21.94
 11
45.72
 21
21.932
  0
LINE
  8
0
 10
45.72
 20
21.932
 11
40.68
 21
21.932
  0
LINE
  8
0
 10
69.48
 20
21.932
 11
69.48
 21
21.94
  0
LINE
  8
0
 10
69.48
 20
21.94
 11
74.52
 21
21.94
  0
LINE
  8
0
 10
74.52
 20
21.94
 11
74.52
 21
21.932
  0
LINE
  8
0
 10
74.52
 20
21.932
 11
69.48
 21
21.932
  0
LINE
  8
0
 10
-2.51999
 20
21.932
 11
-2.51999
 21
21.94
  0
LINE
  8
0
 10
-2.51999
 20
21.94
 11
2.51999
 21
21.94
  0
LINE
  8
0
 10
2.51999
 20
21.94
 11
2.51999
 21
21.932
  0
LINE
  8
0
 10
2.51999
 20
21.932
 11
-2.51999
 21
21.932
  0
LINE
  8
0
 10
55.08
 20
21.932
 11
55.08
 21
21.94
  0
LINE
  8
0
 10
55.08
 20
21.94
 11
60.12
 21
21.94
  0
LINE
  8
0
 10
60.12
 20
21.94
 11
60.12
 21
21.932
  0
LINE
  8
0
 10
60.12
 20
21.932
 11
55.08
 21
21.932
  0
LINE
  8
0
 10
26.28
 20
21.932
 11
26.28
 21
21.94
  0
LINE
  8
0
 10
26.28
 20
21.94
 11
31.32
 21
21.94
  0
LINE
  8
0
 10
31.32
 20
21.94
 11
31.32
 21
21.932
  0
LINE
  8
0
 10
31.32
 20
21.932
 11
26.28
 21
21.932
  0
LINE
  8
0
 10
55.08
 20
21.9
 11
55.08
 21
21.908
  0
LINE
  8
0
 10
55.08
 20
21.908
 11
60.12
 21
21.908
  0
LINE
  8
0
 10
60.12
 20
21.908
 11
60.12
 21
21.9
  0
LINE
  8
0
 10
60.12
 20
21.9
 11
55.08
 21
21.9
  0
LINE
  8
0
 10
11.88
 20
21.9
 11
11.88
 21
21.908
  0
LINE
  8
0
 10
11.88
 20
21.908
 11
16.92
 21
21.908
  0
LINE
  8
0
 10
16.92
 20
21.908
 11
16.92
 21
21.9
  0
LINE
  8
0
 10
16.92
 20
21.9
 11
11.88
 21
21.9
  0
LINE
  8
0
 10
40.68
 20
21.9
 11
40.68
 21
21.908
  0
LINE
  8
0
 10
40.68
 20
21.908
 11
45.72
 21
21.908
  0
LINE
  8
0
 10
45.72
 20
21.908
 11
45.72
 21
21.9
  0
LINE
  8
0
 10
45.72
 20
21.9
 11
40.68
 21
21.9
  0
LINE
  8
0
 10
69.48
 20
21.9
 11
69.48
 21
21.908
  0
LINE
  8
0
 10
69.48
 20
21.908
 11
74.52
 21
21.908
  0
LINE
  8
0
 10
74.52
 20
21.908
 11
74.52
 21
21.9
  0
LINE
  8
0
 10
74.52
 20
21.9
 11
69.48
 21
21.9
  0
LINE
  8
0
 10
26.28
 20
21.9
 11
26.28
 21
21.908
  0
LINE
  8
0
 10
26.28
 20
21.908
 11
31.32
 21
21.908
  0
LINE
  8
0
 10
31.32
 20
21.908
 11
31.32
 21
21.9
  0
LINE
  8
0
 10
31.32
 20
21.9
 11
26.28
 21
21.9
  0
LINE
  8
0
 10
-2.51999
 20
21.9
 11
-2.51999
 21
21.908
  0
LINE
  8
0
 10
-2.51999
 20
21.908
 11
2.51999
 21
21.908
  0
LINE
  8
0
 10
2.51999
 20
21.908
 11
2.51999
 21
21.9
  0
LINE
  8
0
 10
2.51999
 20
21.9
 11
-2.51999
 21
21.9
  0
LINE
  8
0
 10
26.28
 20
21.868
 11
26.28
 21
21.876
  0
LINE
  8
0
 10
26.28
 20
21.876
 11
31.32
 21
21.876
  0
LINE
  8
0
 10
31.32
 20
21.876
 11
31.32
 21
21.868
  0
LINE
  8
0
 10
31.32
 20
21.868
 11
26.28
 21
21.868
  0
LINE
  8
0
 10
11.88
 20
21.868
 11
11.88
 21
21.876
  0
LINE
  8
0
 10
11.88
 20
21.876
 11
16.92
 21
21.876
  0
LINE
  8
0
 10
16.92
 20
21.876
 11
16.92
 21
21.868
  0
LINE
  8
0
 10
16.92
 20
21.868
 11
11.88
 21
21.868
  0
LINE
  8
0
 10
69.48
 20
21.868
 11
69.48
 21
21.876
  0
LINE
  8
0
 10
69.48
 20
21.876
 11
74.52
 21
21.876
  0
LINE
  8
0
 10
74.52
 20
21.876
 11
74.52
 21
21.868
  0
LINE
  8
0
 10
74.52
 20
21.868
 11
69.48
 21
21.868
  0
LINE
  8
0
 10
40.68
 20
21.868
 11
40.68
 21
21.876
  0
LINE
  8
0
 10
40.68
 20
21.876
 11
45.72
 21
21.876
  0
LINE
  8
0
 10
45.72
 20
21.876
 11
45.72
 21
21.868
  0
LINE
  8
0
 10
45.72
 20
21.868
 11
40.68
 21
21.868
  0
LINE
  8
0
 10
-2.51999
 20
21.868
 11
-2.51999
 21
21.876
  0
LINE
  8
0
 10
-2.51999
 20
21.876
 11
2.51999
 21
21.876
  0
LINE
  8
0
 10
2.51999
 20
21.876
 11
2.51999
 21
21.868
  0
LINE
  8
0
 10
2.51999
 20
21.868
 11
-2.51999
 21
21.868
  0
LINE
  8
0
 10
55.08
 20
21.868
 11
55.08
 21
21.876
  0
LINE
  8
0
 10
55.08
 20
21.876
 11
60.12
 21
21.876
  0
LINE
  8
0
 10
60.12
 20
21.876
 11
60.12
 21
21.868
  0
LINE
  8
0
 10
60.12
 20
21.868
 11
55.08
 21
21.868
  0
LINE
  8
0
 10
11.88
 20
21.836
 11
11.88
 21
21.844
  0
LINE
  8
0
 10
11.88
 20
21.844
 11
16.92
 21
21.844
  0
LINE
  8
0
 10
16.92
 20
21.844
 11
16.92
 21
21.836
  0
LINE
  8
0
 10
16.92
 20
21.836
 11
11.88
 21
21.836
  0
LINE
  8
0
 10
-2.51999
 20
21.836
 11
-2.51999
 21
21.844
  0
LINE
  8
0
 10
-2.51999
 20
21.844
 11
2.51999
 21
21.844
  0
LINE
  8
0
 10
2.51999
 20
21.844
 11
2.51999
 21
21.836
  0
LINE
  8
0
 10
2.51999
 20
21.836
 11
-2.51999
 21
21.836
  0
LINE
  8
0
 10
26.28
 20
21.836
 11
26.28
 21
21.844
  0
LINE
  8
0
 10
26.28
 20
21.844
 11
31.32
 21
21.844
  0
LINE
  8
0
 10
31.32
 20
21.844
 11
31.32
 21
21.836
  0
LINE
  8
0
 10
31.32
 20
21.836
 11
26.28
 21
21.836
  0
LINE
  8
0
 10
69.48
 20
21.836
 11
69.48
 21
21.844
  0
LINE
  8
0
 10
69.48
 20
21.844
 11
74.52
 21
21.844
  0
LINE
  8
0
 10
74.52
 20
21.844
 11
74.52
 21
21.836
  0
LINE
  8
0
 10
74.52
 20
21.836
 11
69.48
 21
21.836
  0
LINE
  8
0
 10
40.68
 20
21.836
 11
40.68
 21
21.844
  0
LINE
  8
0
 10
40.68
 20
21.844
 11
45.72
 21
21.844
  0
LINE
  8
0
 10
45.72
 20
21.844
 11
45.72
 21
21.836
  0
LINE
  8
0
 10
45.72
 20
21.836
 11
40.68
 21
21.836
  0
LINE
  8
0
 10
55.08
 20
21.836
 11
55.08
 21
21.844
  0
LINE
  8
0
 10
55.08
 20
21.844
 11
60.12
 21
21.844
  0
LINE
  8
0
 10
60.12
 20
21.844
 11
60.12
 21
21.836
  0
LINE
  8
0
 10
60.12
 20
21.836
 11
55.08
 21
21.836
  0
LINE
  8
0
 10
-2.51999
 20
21.804
 11
-2.51999
 21
21.812
  0
LINE
  8
0
 10
-2.51999
 20
21.812
 11
2.51999
 21
21.812
  0
LINE
  8
0
 10
2.51999
 20
21.812
 11
2.51999
 21
21.804
  0
LINE
  8
0
 10
2.51999
 20
21.804
 11
-2.51999
 21
21.804
  0
LINE
  8
0
 10
26.28
 20
21.804
 11
26.28
 21
21.812
  0
LINE
  8
0
 10
26.28
 20
21.812
 11
31.32
 21
21.812
  0
LINE
  8
0
 10
31.32
 20
21.812
 11
31.32
 21
21.804
  0
LINE
  8
0
 10
31.32
 20
21.804
 11
26.28
 21
21.804
  0
LINE
  8
0
 10
55.08
 20
21.804
 11
55.08
 21
21.812
  0
LINE
  8
0
 10
55.08
 20
21.812
 11
60.12
 21
21.812
  0
LINE
  8
0
 10
60.12
 20
21.812
 11
60.12
 21
21.804
  0
LINE
  8
0
 10
60.12
 20
21.804
 11
55.08
 21
21.804
  0
LINE
  8
0
 10
11.88
 20
21.804
 11
11.88
 21
21.812
  0
LINE
  8
0
 10
11.88
 20
21.812
 11
16.92
 21
21.812
  0
LINE
  8
0
 10
16.92
 20
21.812
 11
16.92
 21
21.804
  0
LINE
  8
0
 10
16.92
 20
21.804
 11
11.88
 21
21.804
  0
LINE
  8
0
 10
40.68
 20
21.804
 11
40.68
 21
21.812
  0
LINE
  8
0
 10
40.68
 20
21.812
 11
45.72
 21
21.812
  0
LINE
  8
0
 10
45.72
 20
21.812
 11
45.72
 21
21.804
  0
LINE
  8
0
 10
45.72
 20
21.804
 11
40.68
 21
21.804
  0
LINE
  8
0
 10
69.48
 20
21.804
 11
69.48
 21
21.812
  0
LINE
  8
0
 10
69.48
 20
21.812
 11
74.52
 21
21.812
  0
LINE
  8
0
 10
74.52
 20
21.812
 11
74.52
 21
21.804
  0
LINE
  8
0
 10
74.52
 20
21.804
 11
69.48
 21
21.804
  0
LINE
  8
0
 10
40.68
 20
21.772
 11
40.68
 21
21.78
  0
LINE
  8
0
 10
40.68
 20
21.78
 11
45.72
 21
21.78
  0
LINE
  8
0
 10
45.72
 20
21.78
 11
45.72
 21
21.772
  0
LINE
  8
0
 10
45.72
 20
21.772
 11
40.68
 21
21.772
  0
LINE
  8
0
 10
26.28
 20
21.772
 11
26.28
 21
21.78
  0
LINE
  8
0
 10
26.28
 20
21.78
 11
31.32
 21
21.78
  0
LINE
  8
0
 10
31.32
 20
21.78
 11
31.32
 21
21.772
  0
LINE
  8
0
 10
31.32
 20
21.772
 11
26.28
 21
21.772
  0
LINE
  8
0
 10
11.88
 20
21.772
 11
11.88
 21
21.78
  0
LINE
  8
0
 10
11.88
 20
21.78
 11
16.92
 21
21.78
  0
LINE
  8
0
 10
16.92
 20
21.78
 11
16.92
 21
21.772
  0
LINE
  8
0
 10
16.92
 20
21.772
 11
11.88
 21
21.772
  0
LINE
  8
0
 10
69.48
 20
21.772
 11
69.48
 21
21.78
  0
LINE
  8
0
 10
69.48
 20
21.78
 11
74.52
 21
21.78
  0
LINE
  8
0
 10
74.52
 20
21.78
 11
74.52
 21
21.772
  0
LINE
  8
0
 10
74.52
 20
21.772
 11
69.48
 21
21.772
  0
LINE
  8
0
 10
55.08
 20
21.772
 11
55.08
 21
21.78
  0
LINE
  8
0
 10
55.08
 20
21.78
 11
60.12
 21
21.78
  0
LINE
  8
0
 10
60.12
 20
21.78
 11
60.12
 21
21.772
  0
LINE
  8
0
 10
60.12
 20
21.772
 11
55.08
 21
21.772
  0
LINE
  8
0
 10
-2.51999
 20
21.772
 11
-2.51999
 21
21.78
  0
LINE
  8
0
 10
-2.51999
 20
21.78
 11
2.51999
 21
21.78
  0
LINE
  8
0
 10
2.51999
 20
21.78
 11
2.51999
 21
21.772
  0
LINE
  8
0
 10
2.51999
 20
21.772
 11
-2.51999
 21
21.772
  0
LINE
  8
0
 10
-2.51999
 20
21.74
 11
-2.51999
 21
21.748
  0
LINE
  8
0
 10
-2.51999
 20
21.748
 11
2.51999
 21
21.748
  0
LINE
  8
0
 10
2.51999
 20
21.748
 11
2.51999
 21
21.74
  0
LINE
  8
0
 10
2.51999
 20
21.74
 11
-2.51999
 21
21.74
  0
LINE
  8
0
 10
26.28
 20
21.74
 11
26.28
 21
21.748
  0
LINE
  8
0
 10
26.28
 20
21.748
 11
31.32
 21
21.748
  0
LINE
  8
0
 10
31.32
 20
21.748
 11
31.32
 21
21.74
  0
LINE
  8
0
 10
31.32
 20
21.74
 11
26.28
 21
21.74
  0
LINE
  8
0
 10
11.88
 20
21.74
 11
11.88
 21
21.748
  0
LINE
  8
0
 10
11.88
 20
21.748
 11
16.92
 21
21.748
  0
LINE
  8
0
 10
16.92
 20
21.748
 11
16.92
 21
21.74
  0
LINE
  8
0
 10
16.92
 20
21.74
 11
11.88
 21
21.74
  0
LINE
  8
0
 10
40.68
 20
21.74
 11
40.68
 21
21.748
  0
LINE
  8
0
 10
40.68
 20
21.748
 11
45.72
 21
21.748
  0
LINE
  8
0
 10
45.72
 20
21.748
 11
45.72
 21
21.74
  0
LINE
  8
0
 10
45.72
 20
21.74
 11
40.68
 21
21.74
  0
LINE
  8
0
 10
55.08
 20
21.74
 11
55.08
 21
21.748
  0
LINE
  8
0
 10
55.08
 20
21.748
 11
60.12
 21
21.748
  0
LINE
  8
0
 10
60.12
 20
21.748
 11
60.12
 21
21.74
  0
LINE
  8
0
 10
60.12
 20
21.74
 11
55.08
 21
21.74
  0
LINE
  8
0
 10
69.48
 20
21.74
 11
69.48
 21
21.748
  0
LINE
  8
0
 10
69.48
 20
21.748
 11
74.52
 21
21.748
  0
LINE
  8
0
 10
74.52
 20
21.748
 11
74.52
 21
21.74
  0
LINE
  8
0
 10
74.52
 20
21.74
 11
69.48
 21
21.74
  0
LINE
  8
0
 10
69.48
 20
21.708
 11
69.48
 21
21.716
  0
LINE
  8
0
 10
69.48
 20
21.716
 11
74.52
 21
21.716
  0
LINE
  8
0
 10
74.52
 20
21.716
 11
74.52
 21
21.708
  0
LINE
  8
0
 10
74.52
 20
21.708
 11
69.48
 21
21.708
  0
LINE
  8
0
 10
40.68
 20
21.708
 11
40.68
 21
21.716
  0
LINE
  8
0
 10
40.68
 20
21.716
 11
45.72
 21
21.716
  0
LINE
  8
0
 10
45.72
 20
21.716
 11
45.72
 21
21.708
  0
LINE
  8
0
 10
45.72
 20
21.708
 11
40.68
 21
21.708
  0
LINE
  8
0
 10
-2.51999
 20
21.708
 11
-2.51999
 21
21.716
  0
LINE
  8
0
 10
-2.51999
 20
21.716
 11
2.51999
 21
21.716
  0
LINE
  8
0
 10
2.51999
 20
21.716
 11
2.51999
 21
21.708
  0
LINE
  8
0
 10
2.51999
 20
21.708
 11
-2.51999
 21
21.708
  0
LINE
  8
0
 10
26.28
 20
21.708
 11
26.28
 21
21.716
  0
LINE
  8
0
 10
26.28
 20
21.716
 11
31.32
 21
21.716
  0
LINE
  8
0
 10
31.32
 20
21.716
 11
31.32
 21
21.708
  0
LINE
  8
0
 10
31.32
 20
21.708
 11
26.28
 21
21.708
  0
LINE
  8
0
 10
55.08
 20
21.708
 11
55.08
 21
21.716
  0
LINE
  8
0
 10
55.08
 20
21.716
 11
60.12
 21
21.716
  0
LINE
  8
0
 10
60.12
 20
21.716
 11
60.12
 21
21.708
  0
LINE
  8
0
 10
60.12
 20
21.708
 11
55.08
 21
21.708
  0
LINE
  8
0
 10
11.88
 20
21.708
 11
11.88
 21
21.716
  0
LINE
  8
0
 10
11.88
 20
21.716
 11
16.92
 21
21.716
  0
LINE
  8
0
 10
16.92
 20
21.716
 11
16.92
 21
21.708
  0
LINE
  8
0
 10
16.92
 20
21.708
 11
11.88
 21
21.708
  0
LINE
  8
0
 10
55.08
 20
21.676
 11
55.08
 21
21.684
  0
LINE
  8
0
 10
55.08
 20
21.684
 11
60.12
 21
21.684
  0
LINE
  8
0
 10
60.12
 20
21.684
 11
60.12
 21
21.676
  0
LINE
  8
0
 10
60.12
 20
21.676
 11
55.08
 21
21.676
  0
LINE
  8
0
 10
40.68
 20
21.676
 11
40.68
 21
21.684
  0
LINE
  8
0
 10
40.68
 20
21.684
 11
45.72
 21
21.684
  0
LINE
  8
0
 10
45.72
 20
21.684
 11
45.72
 21
21.676
  0
LINE
  8
0
 10
45.72
 20
21.676
 11
40.68
 21
21.676
  0
LINE
  8
0
 10
26.28
 20
21.676
 11
26.28
 21
21.684
  0
LINE
  8
0
 10
26.28
 20
21.684
 11
31.32
 21
21.684
  0
LINE
  8
0
 10
31.32
 20
21.684
 11
31.32
 21
21.676
  0
LINE
  8
0
 10
31.32
 20
21.676
 11
26.28
 21
21.676
  0
LINE
  8
0
 10
-2.51999
 20
21.676
 11
-2.51999
 21
21.684
  0
LINE
  8
0
 10
-2.51999
 20
21.684
 11
2.51999
 21
21.684
  0
LINE
  8
0
 10
2.51999
 20
21.684
 11
2.51999
 21
21.676
  0
LINE
  8
0
 10
2.51999
 20
21.676
 11
-2.51999
 21
21.676
  0
LINE
  8
0
 10
69.48
 20
21.676
 11
69.48
 21
21.684
  0
LINE
  8
0
 10
69.48
 20
21.684
 11
74.52
 21
21.684
  0
LINE
  8
0
 10
74.52
 20
21.684
 11
74.52
 21
21.676
  0
LINE
  8
0
 10
74.52
 20
21.676
 11
69.48
 21
21.676
  0
LINE
  8
0
 10
11.88
 20
21.676
 11
11.88
 21
21.684
  0
LINE
  8
0
 10
11.88
 20
21.684
 11
16.92
 21
21.684
  0
LINE
  8
0
 10
16.92
 20
21.684
 11
16.92
 21
21.676
  0
LINE
  8
0
 10
16.92
 20
21.676
 11
11.88
 21
21.676
  0
LINE
  8
0
 10
26.28
 20
21.644
 11
26.28
 21
21.652
  0
LINE
  8
0
 10
26.28
 20
21.652
 11
31.32
 21
21.652
  0
LINE
  8
0
 10
31.32
 20
21.652
 11
31.32
 21
21.644
  0
LINE
  8
0
 10
31.32
 20
21.644
 11
26.28
 21
21.644
  0
LINE
  8
0
 10
11.88
 20
21.644
 11
11.88
 21
21.652
  0
LINE
  8
0
 10
11.88
 20
21.652
 11
16.92
 21
21.652
  0
LINE
  8
0
 10
16.92
 20
21.652
 11
16.92
 21
21.644
  0
LINE
  8
0
 10
16.92
 20
21.644
 11
11.88
 21
21.644
  0
LINE
  8
0
 10
69.48
 20
21.644
 11
69.48
 21
21.652
  0
LINE
  8
0
 10
69.48
 20
21.652
 11
74.52
 21
21.652
  0
LINE
  8
0
 10
74.52
 20
21.652
 11
74.52
 21
21.644
  0
LINE
  8
0
 10
74.52
 20
21.644
 11
69.48
 21
21.644
  0
LINE
  8
0
 10
40.68
 20
21.644
 11
40.68
 21
21.652
  0
LINE
  8
0
 10
40.68
 20
21.652
 11
45.72
 21
21.652
  0
LINE
  8
0
 10
45.72
 20
21.652
 11
45.72
 21
21.644
  0
LINE
  8
0
 10
45.72
 20
21.644
 11
40.68
 21
21.644
  0
LINE
  8
0
 10
55.08
 20
21.644
 11
55.08
 21
21.652
  0
LINE
  8
0
 10
55.08
 20
21.652
 11
60.12
 21
21.652
  0
LINE
  8
0
 10
60.12
 20
21.652
 11
60.12
 21
21.644
  0
LINE
  8
0
 10
60.12
 20
21.644
 11
55.08
 21
21.644
  0
LINE
  8
0
 10
-2.51999
 20
21.644
 11
-2.51999
 21
21.652
  0
LINE
  8
0
 10
-2.51999
 20
21.652
 11
2.51999
 21
21.652
  0
LINE
  8
0
 10
2.51999
 20
21.652
 11
2.51999
 21
21.644
  0
LINE
  8
0
 10
2.51999
 20
21.644
 11
-2.51999
 21
21.644
  0
LINE
  8
0
 10
26.28
 20
21.612
 11
26.28
 21
21.62
  0
LINE
  8
0
 10
26.28
 20
21.62
 11
31.32
 21
21.62
  0
LINE
  8
0
 10
31.32
 20
21.62
 11
31.32
 21
21.612
  0
LINE
  8
0
 10
31.32
 20
21.612
 11
26.28
 21
21.612
  0
LINE
  8
0
 10
55.08
 20
21.612
 11
55.08
 21
21.62
  0
LINE
  8
0
 10
55.08
 20
21.62
 11
60.12
 21
21.62
  0
LINE
  8
0
 10
60.12
 20
21.62
 11
60.12
 21
21.612
  0
LINE
  8
0
 10
60.12
 20
21.612
 11
55.08
 21
21.612
  0
LINE
  8
0
 10
69.48
 20
21.612
 11
69.48
 21
21.62
  0
LINE
  8
0
 10
69.48
 20
21.62
 11
74.52
 21
21.62
  0
LINE
  8
0
 10
74.52
 20
21.62
 11
74.52
 21
21.612
  0
LINE
  8
0
 10
74.52
 20
21.612
 11
69.48
 21
21.612
  0
LINE
  8
0
 10
-2.51999
 20
21.612
 11
-2.51999
 21
21.62
  0
LINE
  8
0
 10
-2.51999
 20
21.62
 11
2.51999
 21
21.62
  0
LINE
  8
0
 10
2.51999
 20
21.62
 11
2.51999
 21
21.612
  0
LINE
  8
0
 10
2.51999
 20
21.612
 11
-2.51999
 21
21.612
  0
LINE
  8
0
 10
11.88
 20
21.612
 11
11.88
 21
21.62
  0
LINE
  8
0
 10
11.88
 20
21.62
 11
16.92
 21
21.62
  0
LINE
  8
0
 10
16.92
 20
21.62
 11
16.92
 21
21.612
  0
LINE
  8
0
 10
16.92
 20
21.612
 11
11.88
 21
21.612
  0
LINE
  8
0
 10
40.68
 20
21.612
 11
40.68
 21
21.62
  0
LINE
  8
0
 10
40.68
 20
21.62
 11
45.72
 21
21.62
  0
LINE
  8
0
 10
45.72
 20
21.62
 11
45.72
 21
21.612
  0
LINE
  8
0
 10
45.72
 20
21.612
 11
40.68
 21
21.612
  0
LINE
  8
0
 10
55.08
 20
21.58
 11
55.08
 21
21.588
  0
LINE
  8
0
 10
55.08
 20
21.588
 11
60.12
 21
21.588
  0
LINE
  8
0
 10
60.12
 20
21.588
 11
60.12
 21
21.58
  0
LINE
  8
0
 10
60.12
 20
21.58
 11
55.08
 21
21.58
  0
LINE
  8
0
 10
-2.51999
 20
21.58
 11
-2.51999
 21
21.588
  0
LINE
  8
0
 10
-2.51999
 20
21.588
 11
2.51999
 21
21.588
  0
LINE
  8
0
 10
2.51999
 20
21.588
 11
2.51999
 21
21.58
  0
LINE
  8
0
 10
2.51999
 20
21.58
 11
-2.51999
 21
21.58
  0
LINE
  8
0
 10
11.88
 20
21.58
 11
11.88
 21
21.588
  0
LINE
  8
0
 10
11.88
 20
21.588
 11
16.92
 21
21.588
  0
LINE
  8
0
 10
16.92
 20
21.588
 11
16.92
 21
21.58
  0
LINE
  8
0
 10
16.92
 20
21.58
 11
11.88
 21
21.58
  0
LINE
  8
0
 10
40.68
 20
21.58
 11
40.68
 21
21.588
  0
LINE
  8
0
 10
40.68
 20
21.588
 11
45.72
 21
21.588
  0
LINE
  8
0
 10
45.72
 20
21.588
 11
45.72
 21
21.58
  0
LINE
  8
0
 10
45.72
 20
21.58
 11
40.68
 21
21.58
  0
LINE
  8
0
 10
69.48
 20
21.58
 11
69.48
 21
21.588
  0
LINE
  8
0
 10
69.48
 20
21.588
 11
74.52
 21
21.588
  0
LINE
  8
0
 10
74.52
 20
21.588
 11
74.52
 21
21.58
  0
LINE
  8
0
 10
74.52
 20
21.58
 11
69.48
 21
21.58
  0
LINE
  8
0
 10
26.28
 20
21.58
 11
26.28
 21
21.588
  0
LINE
  8
0
 10
26.28
 20
21.588
 11
31.32
 21
21.588
  0
LINE
  8
0
 10
31.32
 20
21.588
 11
31.32
 21
21.58
  0
LINE
  8
0
 10
31.32
 20
21.58
 11
26.28
 21
21.58
  0
LINE
  8
0
 10
69.48
 20
21.548
 11
69.48
 21
21.556
  0
LINE
  8
0
 10
69.48
 20
21.556
 11
74.52
 21
21.556
  0
LINE
  8
0
 10
74.52
 20
21.556
 11
74.52
 21
21.548
  0
LINE
  8
0
 10
74.52
 20
21.548
 11
69.48
 21
21.548
  0
LINE
  8
0
 10
11.88
 20
21.548
 11
11.88
 21
21.556
  0
LINE
  8
0
 10
11.88
 20
21.556
 11
16.92
 21
21.556
  0
LINE
  8
0
 10
16.92
 20
21.556
 11
16.92
 21
21.548
  0
LINE
  8
0
 10
16.92
 20
21.548
 11
11.88
 21
21.548
  0
LINE
  8
0
 10
40.68
 20
21.548
 11
40.68
 21
21.556
  0
LINE
  8
0
 10
40.68
 20
21.556
 11
45.72
 21
21.556
  0
LINE
  8
0
 10
45.72
 20
21.556
 11
45.72
 21
21.548
  0
LINE
  8
0
 10
45.72
 20
21.548
 11
40.68
 21
21.548
  0
LINE
  8
0
 10
55.08
 20
21.548
 11
55.08
 21
21.556
  0
LINE
  8
0
 10
55.08
 20
21.556
 11
60.12
 21
21.556
  0
LINE
  8
0
 10
60.12
 20
21.556
 11
60.12
 21
21.548
  0
LINE
  8
0
 10
60.12
 20
21.548
 11
55.08
 21
21.548
  0
LINE
  8
0
 10
26.28
 20
21.548
 11
26.28
 21
21.556
  0
LINE
  8
0
 10
26.28
 20
21.556
 11
31.32
 21
21.556
  0
LINE
  8
0
 10
31.32
 20
21.556
 11
31.32
 21
21.548
  0
LINE
  8
0
 10
31.32
 20
21.548
 11
26.28
 21
21.548
  0
LINE
  8
0
 10
-2.51999
 20
21.548
 11
-2.51999
 21
21.556
  0
LINE
  8
0
 10
-2.51999
 20
21.556
 11
2.51999
 21
21.556
  0
LINE
  8
0
 10
2.51999
 20
21.556
 11
2.51999
 21
21.548
  0
LINE
  8
0
 10
2.51999
 20
21.548
 11
-2.51999
 21
21.548
  0
LINE
  8
0
 10
11.88
 20
21.516
 11
11.88
 21
21.524
  0
LINE
  8
0
 10
11.88
 20
21.524
 11
16.92
 21
21.524
  0
LINE
  8
0
 10
16.92
 20
21.524
 11
16.92
 21
21.516
  0
LINE
  8
0
 10
16.92
 20
21.516
 11
11.88
 21
21.516
  0
LINE
  8
0
 10
26.28
 20
21.516
 11
26.28
 21
21.524
  0
LINE
  8
0
 10
26.28
 20
21.524
 11
31.32
 21
21.524
  0
LINE
  8
0
 10
31.32
 20
21.524
 11
31.32
 21
21.516
  0
LINE
  8
0
 10
31.32
 20
21.516
 11
26.28
 21
21.516
  0
LINE
  8
0
 10
40.68
 20
21.516
 11
40.68
 21
21.524
  0
LINE
  8
0
 10
40.68
 20
21.524
 11
45.72
 21
21.524
  0
LINE
  8
0
 10
45.72
 20
21.524
 11
45.72
 21
21.516
  0
LINE
  8
0
 10
45.72
 20
21.516
 11
40.68
 21
21.516
  0
LINE
  8
0
 10
69.48
 20
21.516
 11
69.48
 21
21.524
  0
LINE
  8
0
 10
69.48
 20
21.524
 11
74.52
 21
21.524
  0
LINE
  8
0
 10
74.52
 20
21.524
 11
74.52
 21
21.516
  0
LINE
  8
0
 10
74.52
 20
21.516
 11
69.48
 21
21.516
  0
LINE
  8
0
 10
55.08
 20
21.516
 11
55.08
 21
21.524
  0
LINE
  8
0
 10
55.08
 20
21.524
 11
60.12
 21
21.524
  0
LINE
  8
0
 10
60.12
 20
21.524
 11
60.12
 21
21.516
  0
LINE
  8
0
 10
60.12
 20
21.516
 11
55.08
 21
21.516
  0
LINE
  8
0
 10
-2.51999
 20
21.516
 11
-2.51999
 21
21.524
  0
LINE
  8
0
 10
-2.51999
 20
21.524
 11
2.51999
 21
21.524
  0
LINE
  8
0
 10
2.51999
 20
21.524
 11
2.51999
 21
21.516
  0
LINE
  8
0
 10
2.51999
 20
21.516
 11
-2.51999
 21
21.516
  0
LINE
  8
0
 10
-2.51999
 20
21.484
 11
-2.51999
 21
21.492
  0
LINE
  8
0
 10
-2.51999
 20
21.492
 11
2.51999
 21
21.492
  0
LINE
  8
0
 10
2.51999
 20
21.492
 11
2.51999
 21
21.484
  0
LINE
  8
0
 10
2.51999
 20
21.484
 11
-2.51999
 21
21.484
  0
LINE
  8
0
 10
55.08
 20
21.484
 11
55.08
 21
21.492
  0
LINE
  8
0
 10
55.08
 20
21.492
 11
60.12
 21
21.492
  0
LINE
  8
0
 10
60.12
 20
21.492
 11
60.12
 21
21.484
  0
LINE
  8
0
 10
60.12
 20
21.484
 11
55.08
 21
21.484
  0
LINE
  8
0
 10
69.48
 20
21.484
 11
69.48
 21
21.492
  0
LINE
  8
0
 10
69.48
 20
21.492
 11
74.52
 21
21.492
  0
LINE
  8
0
 10
74.52
 20
21.492
 11
74.52
 21
21.484
  0
LINE
  8
0
 10
74.52
 20
21.484
 11
69.48
 21
21.484
  0
LINE
  8
0
 10
40.68
 20
21.484
 11
40.68
 21
21.492
  0
LINE
  8
0
 10
40.68
 20
21.492
 11
45.72
 21
21.492
  0
LINE
  8
0
 10
45.72
 20
21.492
 11
45.72
 21
21.484
  0
LINE
  8
0
 10
45.72
 20
21.484
 11
40.68
 21
21.484
  0
LINE
  8
0
 10
11.88
 20
21.484
 11
11.88
 21
21.492
  0
LINE
  8
0
 10
11.88
 20
21.492
 11
16.92
 21
21.492
  0
LINE
  8
0
 10
16.92
 20
21.492
 11
16.92
 21
21.484
  0
LINE
  8
0
 10
16.92
 20
21.484
 11
11.88
 21
21.484
  0
LINE
  8
0
 10
26.28
 20
21.484
 11
26.28
 21
21.492
  0
LINE
  8
0
 10
26.28
 20
21.492
 11
31.32
 21
21.492
  0
LINE
  8
0
 10
31.32
 20
21.492
 11
31.32
 21
21.484
  0
LINE
  8
0
 10
31.32
 20
21.484
 11
26.28
 21
21.484
  0
LINE
  8
0
 10
-2.51999
 20
21.452
 11
-2.51999
 21
21.46
  0
LINE
  8
0
 10
-2.51999
 20
21.46
 11
2.51999
 21
21.46
  0
LINE
  8
0
 10
2.51999
 20
21.46
 11
2.51999
 21
21.452
  0
LINE
  8
0
 10
2.51999
 20
21.452
 11
-2.51999
 21
21.452
  0
LINE
  8
0
 10
26.28
 20
21.452
 11
26.28
 21
21.46
  0
LINE
  8
0
 10
26.28
 20
21.46
 11
31.32
 21
21.46
  0
LINE
  8
0
 10
31.32
 20
21.46
 11
31.32
 21
21.452
  0
LINE
  8
0
 10
31.32
 20
21.452
 11
26.28
 21
21.452
  0
LINE
  8
0
 10
69.48
 20
21.452
 11
69.48
 21
21.46
  0
LINE
  8
0
 10
69.48
 20
21.46
 11
74.52
 21
21.46
  0
LINE
  8
0
 10
74.52
 20
21.46
 11
74.52
 21
21.452
  0
LINE
  8
0
 10
74.52
 20
21.452
 11
69.48
 21
21.452
  0
LINE
  8
0
 10
55.08
 20
21.452
 11
55.08
 21
21.46
  0
LINE
  8
0
 10
55.08
 20
21.46
 11
60.12
 21
21.46
  0
LINE
  8
0
 10
60.12
 20
21.46
 11
60.12
 21
21.452
  0
LINE
  8
0
 10
60.12
 20
21.452
 11
55.08
 21
21.452
  0
LINE
  8
0
 10
40.68
 20
21.452
 11
40.68
 21
21.46
  0
LINE
  8
0
 10
40.68
 20
21.46
 11
45.72
 21
21.46
  0
LINE
  8
0
 10
45.72
 20
21.46
 11
45.72
 21
21.452
  0
LINE
  8
0
 10
45.72
 20
21.452
 11
40.68
 21
21.452
  0
LINE
  8
0
 10
11.88
 20
21.452
 11
11.88
 21
21.46
  0
LINE
  8
0
 10
11.88
 20
21.46
 11
16.92
 21
21.46
  0
LINE
  8
0
 10
16.92
 20
21.46
 11
16.92
 21
21.452
  0
LINE
  8
0
 10
16.92
 20
21.452
 11
11.88
 21
21.452
  0
LINE
  8
0
 10
40.68
 20
21.42
 11
40.68
 21
21.428
  0
LINE
  8
0
 10
40.68
 20
21.428
 11
45.72
 21
21.428
  0
LINE
  8
0
 10
45.72
 20
21.428
 11
45.72
 21
21.42
  0
LINE
  8
0
 10
45.72
 20
21.42
 11
40.68
 21
21.42
  0
LINE
  8
0
 10
55.08
 20
21.42
 11
55.08
 21
21.428
  0
LINE
  8
0
 10
55.08
 20
21.428
 11
60.12
 21
21.428
  0
LINE
  8
0
 10
60.12
 20
21.428
 11
60.12
 21
21.42
  0
LINE
  8
0
 10
60.12
 20
21.42
 11
55.08
 21
21.42
  0
LINE
  8
0
 10
11.88
 20
21.42
 11
11.88
 21
21.428
  0
LINE
  8
0
 10
11.88
 20
21.428
 11
16.92
 21
21.428
  0
LINE
  8
0
 10
16.92
 20
21.428
 11
16.92
 21
21.42
  0
LINE
  8
0
 10
16.92
 20
21.42
 11
11.88
 21
21.42
  0
LINE
  8
0
 10
-2.51999
 20
21.42
 11
-2.51999
 21
21.428
  0
LINE
  8
0
 10
-2.51999
 20
21.428
 11
2.51999
 21
21.428
  0
LINE
  8
0
 10
2.51999
 20
21.428
 11
2.51999
 21
21.42
  0
LINE
  8
0
 10
2.51999
 20
21.42
 11
-2.51999
 21
21.42
  0
LINE
  8
0
 10
26.28
 20
21.42
 11
26.28
 21
21.428
  0
LINE
  8
0
 10
26.28
 20
21.428
 11
31.32
 21
21.428
  0
LINE
  8
0
 10
31.32
 20
21.428
 11
31.32
 21
21.42
  0
LINE
  8
0
 10
31.32
 20
21.42
 11
26.28
 21
21.42
  0
LINE
  8
0
 10
69.48
 20
21.42
 11
69.48
 21
21.428
  0
LINE
  8
0
 10
69.48
 20
21.428
 11
74.52
 21
21.428
  0
LINE
  8
0
 10
74.52
 20
21.428
 11
74.52
 21
21.42
  0
LINE
  8
0
 10
74.52
 20
21.42
 11
69.48
 21
21.42
  0
LINE
  8
0
 10
26.28
 20
21.388
 11
26.28
 21
21.396
  0
LINE
  8
0
 10
26.28
 20
21.396
 11
31.32
 21
21.396
  0
LINE
  8
0
 10
31.32
 20
21.396
 11
31.32
 21
21.388
  0
LINE
  8
0
 10
31.32
 20
21.388
 11
26.28
 21
21.388
  0
LINE
  8
0
 10
55.08
 20
21.388
 11
55.08
 21
21.396
  0
LINE
  8
0
 10
55.08
 20
21.396
 11
60.12
 21
21.396
  0
LINE
  8
0
 10
60.12
 20
21.396
 11
60.12
 21
21.388
  0
LINE
  8
0
 10
60.12
 20
21.388
 11
55.08
 21
21.388
  0
LINE
  8
0
 10
11.88
 20
21.388
 11
11.88
 21
21.396
  0
LINE
  8
0
 10
11.88
 20
21.396
 11
16.92
 21
21.396
  0
LINE
  8
0
 10
16.92
 20
21.396
 11
16.92
 21
21.388
  0
LINE
  8
0
 10
16.92
 20
21.388
 11
11.88
 21
21.388
  0
LINE
  8
0
 10
40.68
 20
21.388
 11
40.68
 21
21.396
  0
LINE
  8
0
 10
40.68
 20
21.396
 11
45.72
 21
21.396
  0
LINE
  8
0
 10
45.72
 20
21.396
 11
45.72
 21
21.388
  0
LINE
  8
0
 10
45.72
 20
21.388
 11
40.68
 21
21.388
  0
LINE
  8
0
 10
69.48
 20
21.388
 11
69.48
 21
21.396
  0
LINE
  8
0
 10
69.48
 20
21.396
 11
74.52
 21
21.396
  0
LINE
  8
0
 10
74.52
 20
21.396
 11
74.52
 21
21.388
  0
LINE
  8
0
 10
74.52
 20
21.388
 11
69.48
 21
21.388
  0
LINE
  8
0
 10
-2.51999
 20
21.388
 11
-2.51999
 21
21.396
  0
LINE
  8
0
 10
-2.51999
 20
21.396
 11
2.51999
 21
21.396
  0
LINE
  8
0
 10
2.51999
 20
21.396
 11
2.51999
 21
21.388
  0
LINE
  8
0
 10
2.51999
 20
21.388
 11
-2.51999
 21
21.388
  0
LINE
  8
0
 10
40.68
 20
21.356
 11
40.68
 21
21.364
  0
LINE
  8
0
 10
40.68
 20
21.364
 11
45.72
 21
21.364
  0
LINE
  8
0
 10
45.72
 20
21.364
 11
45.72
 21
21.356
  0
LINE
  8
0
 10
45.72
 20
21.356
 11
40.68
 21
21.356
  0
LINE
  8
0
 10
26.28
 20
21.356
 11
26.28
 21
21.364
  0
LINE
  8
0
 10
26.28
 20
21.364
 11
31.32
 21
21.364
  0
LINE
  8
0
 10
31.32
 20
21.364
 11
31.32
 21
21.356
  0
LINE
  8
0
 10
31.32
 20
21.356
 11
26.28
 21
21.356
  0
LINE
  8
0
 10
55.08
 20
21.356
 11
55.08
 21
21.364
  0
LINE
  8
0
 10
55.08
 20
21.364
 11
60.12
 21
21.364
  0
LINE
  8
0
 10
60.12
 20
21.364
 11
60.12
 21
21.356
  0
LINE
  8
0
 10
60.12
 20
21.356
 11
55.08
 21
21.356
  0
LINE
  8
0
 10
-2.51999
 20
21.356
 11
-2.51999
 21
21.364
  0
LINE
  8
0
 10
-2.51999
 20
21.364
 11
2.51999
 21
21.364
  0
LINE
  8
0
 10
2.51999
 20
21.364
 11
2.51999
 21
21.356
  0
LINE
  8
0
 10
2.51999
 20
21.356
 11
-2.51999
 21
21.356
  0
LINE
  8
0
 10
11.88
 20
21.356
 11
11.88
 21
21.364
  0
LINE
  8
0
 10
11.88
 20
21.364
 11
16.92
 21
21.364
  0
LINE
  8
0
 10
16.92
 20
21.364
 11
16.92
 21
21.356
  0
LINE
  8
0
 10
16.92
 20
21.356
 11
11.88
 21
21.356
  0
LINE
  8
0
 10
69.48
 20
21.356
 11
69.48
 21
21.364
  0
LINE
  8
0
 10
69.48
 20
21.364
 11
74.52
 21
21.364
  0
LINE
  8
0
 10
74.52
 20
21.364
 11
74.52
 21
21.356
  0
LINE
  8
0
 10
74.52
 20
21.356
 11
69.48
 21
21.356
  0
LINE
  8
0
 10
26.28
 20
21.324
 11
26.28
 21
21.332
  0
LINE
  8
0
 10
26.28
 20
21.332
 11
31.32
 21
21.332
  0
LINE
  8
0
 10
31.32
 20
21.332
 11
31.32
 21
21.324
  0
LINE
  8
0
 10
31.32
 20
21.324
 11
26.28
 21
21.324
  0
LINE
  8
0
 10
69.48
 20
21.324
 11
69.48
 21
21.332
  0
LINE
  8
0
 10
69.48
 20
21.332
 11
74.52
 21
21.332
  0
LINE
  8
0
 10
74.52
 20
21.332
 11
74.52
 21
21.324
  0
LINE
  8
0
 10
74.52
 20
21.324
 11
69.48
 21
21.324
  0
LINE
  8
0
 10
-2.51999
 20
21.324
 11
-2.51999
 21
21.332
  0
LINE
  8
0
 10
-2.51999
 20
21.332
 11
2.51999
 21
21.332
  0
LINE
  8
0
 10
2.51999
 20
21.332
 11
2.51999
 21
21.324
  0
LINE
  8
0
 10
2.51999
 20
21.324
 11
-2.51999
 21
21.324
  0
LINE
  8
0
 10
55.08
 20
21.324
 11
55.08
 21
21.332
  0
LINE
  8
0
 10
55.08
 20
21.332
 11
60.12
 21
21.332
  0
LINE
  8
0
 10
60.12
 20
21.332
 11
60.12
 21
21.324
  0
LINE
  8
0
 10
60.12
 20
21.324
 11
55.08
 21
21.324
  0
LINE
  8
0
 10
11.88
 20
21.324
 11
11.88
 21
21.332
  0
LINE
  8
0
 10
11.88
 20
21.332
 11
16.92
 21
21.332
  0
LINE
  8
0
 10
16.92
 20
21.332
 11
16.92
 21
21.324
  0
LINE
  8
0
 10
16.92
 20
21.324
 11
11.88
 21
21.324
  0
LINE
  8
0
 10
40.68
 20
21.324
 11
40.68
 21
21.332
  0
LINE
  8
0
 10
40.68
 20
21.332
 11
45.72
 21
21.332
  0
LINE
  8
0
 10
45.72
 20
21.332
 11
45.72
 21
21.324
  0
LINE
  8
0
 10
45.72
 20
21.324
 11
40.68
 21
21.324
  0
LINE
  8
0
 10
11.88
 20
21.292
 11
11.88
 21
21.3
  0
LINE
  8
0
 10
11.88
 20
21.3
 11
16.92
 21
21.3
  0
LINE
  8
0
 10
16.92
 20
21.3
 11
16.92
 21
21.292
  0
LINE
  8
0
 10
16.92
 20
21.292
 11
11.88
 21
21.292
  0
LINE
  8
0
 10
-2.51999
 20
21.292
 11
-2.51999
 21
21.3
  0
LINE
  8
0
 10
-2.51999
 20
21.3
 11
2.51999
 21
21.3
  0
LINE
  8
0
 10
2.51999
 20
21.3
 11
2.51999
 21
21.292
  0
LINE
  8
0
 10
2.51999
 20
21.292
 11
-2.51999
 21
21.292
  0
LINE
  8
0
 10
40.68
 20
21.292
 11
40.68
 21
21.3
  0
LINE
  8
0
 10
40.68
 20
21.3
 11
45.72
 21
21.3
  0
LINE
  8
0
 10
45.72
 20
21.3
 11
45.72
 21
21.292
  0
LINE
  8
0
 10
45.72
 20
21.292
 11
40.68
 21
21.292
  0
LINE
  8
0
 10
69.48
 20
21.292
 11
69.48
 21
21.3
  0
LINE
  8
0
 10
69.48
 20
21.3
 11
74.52
 21
21.3
  0
LINE
  8
0
 10
74.52
 20
21.3
 11
74.52
 21
21.292
  0
LINE
  8
0
 10
74.52
 20
21.292
 11
69.48
 21
21.292
  0
LINE
  8
0
 10
26.28
 20
21.292
 11
26.28
 21
21.3
  0
LINE
  8
0
 10
26.28
 20
21.3
 11
31.32
 21
21.3
  0
LINE
  8
0
 10
31.32
 20
21.3
 11
31.32
 21
21.292
  0
LINE
  8
0
 10
31.32
 20
21.292
 11
26.28
 21
21.292
  0
LINE
  8
0
 10
55.08
 20
21.292
 11
55.08
 21
21.3
  0
LINE
  8
0
 10
55.08
 20
21.3
 11
60.12
 21
21.3
  0
LINE
  8
0
 10
60.12
 20
21.3
 11
60.12
 21
21.292
  0
LINE
  8
0
 10
60.12
 20
21.292
 11
55.08
 21
21.292
  0
LINE
  8
0
 10
40.68
 20
21.26
 11
40.68
 21
21.268
  0
LINE
  8
0
 10
40.68
 20
21.268
 11
45.72
 21
21.268
  0
LINE
  8
0
 10
45.72
 20
21.268
 11
45.72
 21
21.26
  0
LINE
  8
0
 10
45.72
 20
21.26
 11
40.68
 21
21.26
  0
LINE
  8
0
 10
26.28
 20
21.26
 11
26.28
 21
21.268
  0
LINE
  8
0
 10
26.28
 20
21.268
 11
31.32
 21
21.268
  0
LINE
  8
0
 10
31.32
 20
21.268
 11
31.32
 21
21.26
  0
LINE
  8
0
 10
31.32
 20
21.26
 11
26.28
 21
21.26
  0
LINE
  8
0
 10
69.48
 20
21.26
 11
69.48
 21
21.268
  0
LINE
  8
0
 10
69.48
 20
21.268
 11
74.52
 21
21.268
  0
LINE
  8
0
 10
74.52
 20
21.268
 11
74.52
 21
21.26
  0
LINE
  8
0
 10
74.52
 20
21.26
 11
69.48
 21
21.26
  0
LINE
  8
0
 10
11.88
 20
21.26
 11
11.88
 21
21.268
  0
LINE
  8
0
 10
11.88
 20
21.268
 11
16.92
 21
21.268
  0
LINE
  8
0
 10
16.92
 20
21.268
 11
16.92
 21
21.26
  0
LINE
  8
0
 10
16.92
 20
21.26
 11
11.88
 21
21.26
  0
LINE
  8
0
 10
55.08
 20
21.26
 11
55.08
 21
21.268
  0
LINE
  8
0
 10
55.08
 20
21.268
 11
60.12
 21
21.268
  0
LINE
  8
0
 10
60.12
 20
21.268
 11
60.12
 21
21.26
  0
LINE
  8
0
 10
60.12
 20
21.26
 11
55.08
 21
21.26
  0
LINE
  8
0
 10
-2.51999
 20
21.26
 11
-2.51999
 21
21.268
  0
LINE
  8
0
 10
-2.51999
 20
21.268
 11
2.51999
 21
21.268
  0
LINE
  8
0
 10
2.51999
 20
21.268
 11
2.51999
 21
21.26
  0
LINE
  8
0
 10
2.51999
 20
21.26
 11
-2.51999
 21
21.26
  0
LINE
  8
0
 10
55.08
 20
21.228
 11
55.08
 21
21.236
  0
LINE
  8
0
 10
55.08
 20
21.236
 11
60.12
 21
21.236
  0
LINE
  8
0
 10
60.12
 20
21.236
 11
60.12
 21
21.228
  0
LINE
  8
0
 10
60.12
 20
21.228
 11
55.08
 21
21.228
  0
LINE
  8
0
 10
69.48
 20
21.228
 11
69.48
 21
21.236
  0
LINE
  8
0
 10
69.48
 20
21.236
 11
74.52
 21
21.236
  0
LINE
  8
0
 10
74.52
 20
21.236
 11
74.52
 21
21.228
  0
LINE
  8
0
 10
74.52
 20
21.228
 11
69.48
 21
21.228
  0
LINE
  8
0
 10
-2.51999
 20
21.228
 11
-2.51999
 21
21.236
  0
LINE
  8
0
 10
-2.51999
 20
21.236
 11
2.51999
 21
21.236
  0
LINE
  8
0
 10
2.51999
 20
21.236
 11
2.51999
 21
21.228
  0
LINE
  8
0
 10
2.51999
 20
21.228
 11
-2.51999
 21
21.228
  0
LINE
  8
0
 10
11.88
 20
21.228
 11
11.88
 21
21.236
  0
LINE
  8
0
 10
11.88
 20
21.236
 11
16.92
 21
21.236
  0
LINE
  8
0
 10
16.92
 20
21.236
 11
16.92
 21
21.228
  0
LINE
  8
0
 10
16.92
 20
21.228
 11
11.88
 21
21.228
  0
LINE
  8
0
 10
26.28
 20
21.228
 11
26.28
 21
21.236
  0
LINE
  8
0
 10
26.28
 20
21.236
 11
31.32
 21
21.236
  0
LINE
  8
0
 10
31.32
 20
21.236
 11
31.32
 21
21.228
  0
LINE
  8
0
 10
31.32
 20
21.228
 11
26.28
 21
21.228
  0
LINE
  8
0
 10
40.68
 20
21.228
 11
40.68
 21
21.236
  0
LINE
  8
0
 10
40.68
 20
21.236
 11
45.72
 21
21.236
  0
LINE
  8
0
 10
45.72
 20
21.236
 11
45.72
 21
21.228
  0
LINE
  8
0
 10
45.72
 20
21.228
 11
40.68
 21
21.228
  0
LINE
  8
0
 10
26.28
 20
21.196
 11
26.28
 21
21.204
  0
LINE
  8
0
 10
26.28
 20
21.204
 11
31.32
 21
21.204
  0
LINE
  8
0
 10
31.32
 20
21.204
 11
31.32
 21
21.196
  0
LINE
  8
0
 10
31.32
 20
21.196
 11
26.28
 21
21.196
  0
LINE
  8
0
 10
11.88
 20
21.196
 11
11.88
 21
21.204
  0
LINE
  8
0
 10
11.88
 20
21.204
 11
16.92
 21
21.204
  0
LINE
  8
0
 10
16.92
 20
21.204
 11
16.92
 21
21.196
  0
LINE
  8
0
 10
16.92
 20
21.196
 11
11.88
 21
21.196
  0
LINE
  8
0
 10
40.68
 20
21.196
 11
40.68
 21
21.204
  0
LINE
  8
0
 10
40.68
 20
21.204
 11
45.72
 21
21.204
  0
LINE
  8
0
 10
45.72
 20
21.204
 11
45.72
 21
21.196
  0
LINE
  8
0
 10
45.72
 20
21.196
 11
40.68
 21
21.196
  0
LINE
  8
0
 10
55.08
 20
21.196
 11
55.08
 21
21.204
  0
LINE
  8
0
 10
55.08
 20
21.204
 11
60.12
 21
21.204
  0
LINE
  8
0
 10
60.12
 20
21.204
 11
60.12
 21
21.196
  0
LINE
  8
0
 10
60.12
 20
21.196
 11
55.08
 21
21.196
  0
LINE
  8
0
 10
69.48
 20
21.196
 11
69.48
 21
21.204
  0
LINE
  8
0
 10
69.48
 20
21.204
 11
74.52
 21
21.204
  0
LINE
  8
0
 10
74.52
 20
21.204
 11
74.52
 21
21.196
  0
LINE
  8
0
 10
74.52
 20
21.196
 11
69.48
 21
21.196
  0
LINE
  8
0
 10
-2.51999
 20
21.196
 11
-2.51999
 21
21.204
  0
LINE
  8
0
 10
-2.51999
 20
21.204
 11
2.51999
 21
21.204
  0
LINE
  8
0
 10
2.51999
 20
21.204
 11
2.51999
 21
21.196
  0
LINE
  8
0
 10
2.51999
 20
21.196
 11
-2.51999
 21
21.196
  0
LINE
  8
0
 10
26.28
 20
21.164
 11
26.28
 21
21.172
  0
LINE
  8
0
 10
26.28
 20
21.172
 11
31.32
 21
21.172
  0
LINE
  8
0
 10
31.32
 20
21.172
 11
31.32
 21
21.164
  0
LINE
  8
0
 10
31.32
 20
21.164
 11
26.28
 21
21.164
  0
LINE
  8
0
 10
55.08
 20
21.164
 11
55.08
 21
21.172
  0
LINE
  8
0
 10
55.08
 20
21.172
 11
60.12
 21
21.172
  0
LINE
  8
0
 10
60.12
 20
21.172
 11
60.12
 21
21.164
  0
LINE
  8
0
 10
60.12
 20
21.164
 11
55.08
 21
21.164
  0
LINE
  8
0
 10
40.68
 20
21.164
 11
40.68
 21
21.172
  0
LINE
  8
0
 10
40.68
 20
21.172
 11
45.72
 21
21.172
  0
LINE
  8
0
 10
45.72
 20
21.172
 11
45.72
 21
21.164
  0
LINE
  8
0
 10
45.72
 20
21.164
 11
40.68
 21
21.164
  0
LINE
  8
0
 10
69.48
 20
21.164
 11
69.48
 21
21.172
  0
LINE
  8
0
 10
69.48
 20
21.172
 11
74.52
 21
21.172
  0
LINE
  8
0
 10
74.52
 20
21.172
 11
74.52
 21
21.164
  0
LINE
  8
0
 10
74.52
 20
21.164
 11
69.48
 21
21.164
  0
LINE
  8
0
 10
11.88
 20
21.164
 11
11.88
 21
21.172
  0
LINE
  8
0
 10
11.88
 20
21.172
 11
16.92
 21
21.172
  0
LINE
  8
0
 10
16.92
 20
21.172
 11
16.92
 21
21.164
  0
LINE
  8
0
 10
16.92
 20
21.164
 11
11.88
 21
21.164
  0
LINE
  8
0
 10
-2.51999
 20
21.164
 11
-2.51999
 21
21.172
  0
LINE
  8
0
 10
-2.51999
 20
21.172
 11
2.51999
 21
21.172
  0
LINE
  8
0
 10
2.51999
 20
21.172
 11
2.51999
 21
21.164
  0
LINE
  8
0
 10
2.51999
 20
21.164
 11
-2.51999
 21
21.164
  0
LINE
  8
0
 10
55.08
 20
21.132
 11
55.08
 21
21.14
  0
LINE
  8
0
 10
55.08
 20
21.14
 11
60.12
 21
21.14
  0
LINE
  8
0
 10
60.12
 20
21.14
 11
60.12
 21
21.132
  0
LINE
  8
0
 10
60.12
 20
21.132
 11
55.08
 21
21.132
  0
LINE
  8
0
 10
26.28
 20
21.132
 11
26.28
 21
21.14
  0
LINE
  8
0
 10
26.28
 20
21.14
 11
31.32
 21
21.14
  0
LINE
  8
0
 10
31.32
 20
21.14
 11
31.32
 21
21.132
  0
LINE
  8
0
 10
31.32
 20
21.132
 11
26.28
 21
21.132
  0
LINE
  8
0
 10
40.68
 20
21.132
 11
40.68
 21
21.14
  0
LINE
  8
0
 10
40.68
 20
21.14
 11
45.72
 21
21.14
  0
LINE
  8
0
 10
45.72
 20
21.14
 11
45.72
 21
21.132
  0
LINE
  8
0
 10
45.72
 20
21.132
 11
40.68
 21
21.132
  0
LINE
  8
0
 10
11.88
 20
21.132
 11
11.88
 21
21.14
  0
LINE
  8
0
 10
11.88
 20
21.14
 11
16.92
 21
21.14
  0
LINE
  8
0
 10
16.92
 20
21.14
 11
16.92
 21
21.132
  0
LINE
  8
0
 10
16.92
 20
21.132
 11
11.88
 21
21.132
  0
LINE
  8
0
 10
-2.51999
 20
21.132
 11
-2.51999
 21
21.14
  0
LINE
  8
0
 10
-2.51999
 20
21.14
 11
2.51999
 21
21.14
  0
LINE
  8
0
 10
2.51999
 20
21.14
 11
2.51999
 21
21.132
  0
LINE
  8
0
 10
2.51999
 20
21.132
 11
-2.51999
 21
21.132
  0
LINE
  8
0
 10
69.48
 20
21.132
 11
69.48
 21
21.14
  0
LINE
  8
0
 10
69.48
 20
21.14
 11
74.52
 21
21.14
  0
LINE
  8
0
 10
74.52
 20
21.14
 11
74.52
 21
21.132
  0
LINE
  8
0
 10
74.52
 20
21.132
 11
69.48
 21
21.132
  0
LINE
  8
0
 10
26.28
 20
21.1
 11
26.28
 21
21.108
  0
LINE
  8
0
 10
26.28
 20
21.108
 11
31.32
 21
21.108
  0
LINE
  8
0
 10
31.32
 20
21.108
 11
31.32
 21
21.1
  0
LINE
  8
0
 10
31.32
 20
21.1
 11
26.28
 21
21.1
  0
LINE
  8
0
 10
55.08
 20
21.1
 11
55.08
 21
21.108
  0
LINE
  8
0
 10
55.08
 20
21.108
 11
60.12
 21
21.108
  0
LINE
  8
0
 10
60.12
 20
21.108
 11
60.12
 21
21.1
  0
LINE
  8
0
 10
60.12
 20
21.1
 11
55.08
 21
21.1
  0
LINE
  8
0
 10
69.48
 20
21.1
 11
69.48
 21
21.108
  0
LINE
  8
0
 10
69.48
 20
21.108
 11
74.52
 21
21.108
  0
LINE
  8
0
 10
74.52
 20
21.108
 11
74.52
 21
21.1
  0
LINE
  8
0
 10
74.52
 20
21.1
 11
69.48
 21
21.1
  0
LINE
  8
0
 10
11.88
 20
21.1
 11
11.88
 21
21.108
  0
LINE
  8
0
 10
11.88
 20
21.108
 11
16.92
 21
21.108
  0
LINE
  8
0
 10
16.92
 20
21.108
 11
16.92
 21
21.1
  0
LINE
  8
0
 10
16.92
 20
21.1
 11
11.88
 21
21.1
  0
LINE
  8
0
 10
-2.51999
 20
21.1
 11
-2.51999
 21
21.108
  0
LINE
  8
0
 10
-2.51999
 20
21.108
 11
2.51999
 21
21.108
  0
LINE
  8
0
 10
2.51999
 20
21.108
 11
2.51999
 21
21.1
  0
LINE
  8
0
 10
2.51999
 20
21.1
 11
-2.51999
 21
21.1
  0
LINE
  8
0
 10
40.68
 20
21.1
 11
40.68
 21
21.108
  0
LINE
  8
0
 10
40.68
 20
21.108
 11
45.72
 21
21.108
  0
LINE
  8
0
 10
45.72
 20
21.108
 11
45.72
 21
21.1
  0
LINE
  8
0
 10
45.72
 20
21.1
 11
40.68
 21
21.1
  0
LINE
  8
0
 10
40.68
 20
21.068
 11
40.68
 21
21.076
  0
LINE
  8
0
 10
40.68
 20
21.076
 11
45.72
 21
21.076
  0
LINE
  8
0
 10
45.72
 20
21.076
 11
45.72
 21
21.068
  0
LINE
  8
0
 10
45.72
 20
21.068
 11
40.68
 21
21.068
  0
LINE
  8
0
 10
26.28
 20
21.068
 11
26.28
 21
21.076
  0
LINE
  8
0
 10
26.28
 20
21.076
 11
31.32
 21
21.076
  0
LINE
  8
0
 10
31.32
 20
21.076
 11
31.32
 21
21.068
  0
LINE
  8
0
 10
31.32
 20
21.068
 11
26.28
 21
21.068
  0
LINE
  8
0
 10
-2.51999
 20
21.068
 11
-2.51999
 21
21.076
  0
LINE
  8
0
 10
-2.51999
 20
21.076
 11
2.51999
 21
21.076
  0
LINE
  8
0
 10
2.51999
 20
21.076
 11
2.51999
 21
21.068
  0
LINE
  8
0
 10
2.51999
 20
21.068
 11
-2.51999
 21
21.068
  0
LINE
  8
0
 10
69.48
 20
21.068
 11
69.48
 21
21.076
  0
LINE
  8
0
 10
69.48
 20
21.076
 11
74.52
 21
21.076
  0
LINE
  8
0
 10
74.52
 20
21.076
 11
74.52
 21
21.068
  0
LINE
  8
0
 10
74.52
 20
21.068
 11
69.48
 21
21.068
  0
LINE
  8
0
 10
11.88
 20
21.068
 11
11.88
 21
21.076
  0
LINE
  8
0
 10
11.88
 20
21.076
 11
16.92
 21
21.076
  0
LINE
  8
0
 10
16.92
 20
21.076
 11
16.92
 21
21.068
  0
LINE
  8
0
 10
16.92
 20
21.068
 11
11.88
 21
21.068
  0
LINE
  8
0
 10
55.08
 20
21.068
 11
55.08
 21
21.076
  0
LINE
  8
0
 10
55.08
 20
21.076
 11
60.12
 21
21.076
  0
LINE
  8
0
 10
60.12
 20
21.076
 11
60.12
 21
21.068
  0
LINE
  8
0
 10
60.12
 20
21.068
 11
55.08
 21
21.068
  0
LINE
  8
0
 10
69.48
 20
21.036
 11
69.48
 21
21.044
  0
LINE
  8
0
 10
69.48
 20
21.044
 11
74.52
 21
21.044
  0
LINE
  8
0
 10
74.52
 20
21.044
 11
74.52
 21
21.036
  0
LINE
  8
0
 10
74.52
 20
21.036
 11
69.48
 21
21.036
  0
LINE
  8
0
 10
-2.51999
 20
21.036
 11
-2.51999
 21
21.044
  0
LINE
  8
0
 10
-2.51999
 20
21.044
 11
2.51999
 21
21.044
  0
LINE
  8
0
 10
2.51999
 20
21.044
 11
2.51999
 21
21.036
  0
LINE
  8
0
 10
2.51999
 20
21.036
 11
-2.51999
 21
21.036
  0
LINE
  8
0
 10
55.08
 20
21.036
 11
55.08
 21
21.044
  0
LINE
  8
0
 10
55.08
 20
21.044
 11
60.12
 21
21.044
  0
LINE
  8
0
 10
60.12
 20
21.044
 11
60.12
 21
21.036
  0
LINE
  8
0
 10
60.12
 20
21.036
 11
55.08
 21
21.036
  0
LINE
  8
0
 10
40.68
 20
21.036
 11
40.68
 21
21.044
  0
LINE
  8
0
 10
40.68
 20
21.044
 11
45.72
 21
21.044
  0
LINE
  8
0
 10
45.72
 20
21.044
 11
45.72
 21
21.036
  0
LINE
  8
0
 10
45.72
 20
21.036
 11
40.68
 21
21.036
  0
LINE
  8
0
 10
11.88
 20
21.036
 11
11.88
 21
21.044
  0
LINE
  8
0
 10
11.88
 20
21.044
 11
16.92
 21
21.044
  0
LINE
  8
0
 10
16.92
 20
21.044
 11
16.92
 21
21.036
  0
LINE
  8
0
 10
16.92
 20
21.036
 11
11.88
 21
21.036
  0
LINE
  8
0
 10
26.28
 20
21.036
 11
26.28
 21
21.044
  0
LINE
  8
0
 10
26.28
 20
21.044
 11
31.32
 21
21.044
  0
LINE
  8
0
 10
31.32
 20
21.044
 11
31.32
 21
21.036
  0
LINE
  8
0
 10
31.32
 20
21.036
 11
26.28
 21
21.036
  0
LINE
  8
0
 10
26.28
 20
21.004
 11
26.28
 21
21.012
  0
LINE
  8
0
 10
26.28
 20
21.012
 11
31.32
 21
21.012
  0
LINE
  8
0
 10
31.32
 20
21.012
 11
31.32
 21
21.004
  0
LINE
  8
0
 10
31.32
 20
21.004
 11
26.28
 21
21.004
  0
LINE
  8
0
 10
-2.51999
 20
21.004
 11
-2.51999
 21
21.012
  0
LINE
  8
0
 10
-2.51999
 20
21.012
 11
2.51999
 21
21.012
  0
LINE
  8
0
 10
2.51999
 20
21.012
 11
2.51999
 21
21.004
  0
LINE
  8
0
 10
2.51999
 20
21.004
 11
-2.51999
 21
21.004
  0
LINE
  8
0
 10
69.48
 20
21.004
 11
69.48
 21
21.012
  0
LINE
  8
0
 10
69.48
 20
21.012
 11
74.52
 21
21.012
  0
LINE
  8
0
 10
74.52
 20
21.012
 11
74.52
 21
21.004
  0
LINE
  8
0
 10
74.52
 20
21.004
 11
69.48
 21
21.004
  0
LINE
  8
0
 10
55.08
 20
21.004
 11
55.08
 21
21.012
  0
LINE
  8
0
 10
55.08
 20
21.012
 11
60.12
 21
21.012
  0
LINE
  8
0
 10
60.12
 20
21.012
 11
60.12
 21
21.004
  0
LINE
  8
0
 10
60.12
 20
21.004
 11
55.08
 21
21.004
  0
LINE
  8
0
 10
40.68
 20
21.004
 11
40.68
 21
21.012
  0
LINE
  8
0
 10
40.68
 20
21.012
 11
45.72
 21
21.012
  0
LINE
  8
0
 10
45.72
 20
21.012
 11
45.72
 21
21.004
  0
LINE
  8
0
 10
45.72
 20
21.004
 11
40.68
 21
21.004
  0
LINE
  8
0
 10
11.88
 20
21.004
 11
11.88
 21
21.012
  0
LINE
  8
0
 10
11.88
 20
21.012
 11
16.92
 21
21.012
  0
LINE
  8
0
 10
16.92
 20
21.012
 11
16.92
 21
21.004
  0
LINE
  8
0
 10
16.92
 20
21.004
 11
11.88
 21
21.004
  0
LINE
  8
0
 10
-2.51999
 20
20.972
 11
-2.51999
 21
20.98
  0
LINE
  8
0
 10
-2.51999
 20
20.98
 11
2.51999
 21
20.98
  0
LINE
  8
0
 10
2.51999
 20
20.98
 11
2.51999
 21
20.972
  0
LINE
  8
0
 10
2.51999
 20
20.972
 11
-2.51999
 21
20.972
  0
LINE
  8
0
 10
26.28
 20
20.972
 11
26.28
 21
20.98
  0
LINE
  8
0
 10
26.28
 20
20.98
 11
31.32
 21
20.98
  0
LINE
  8
0
 10
31.32
 20
20.98
 11
31.32
 21
20.972
  0
LINE
  8
0
 10
31.32
 20
20.972
 11
26.28
 21
20.972
  0
LINE
  8
0
 10
11.88
 20
20.972
 11
11.88
 21
20.98
  0
LINE
  8
0
 10
11.88
 20
20.98
 11
16.92
 21
20.98
  0
LINE
  8
0
 10
16.92
 20
20.98
 11
16.92
 21
20.972
  0
LINE
  8
0
 10
16.92
 20
20.972
 11
11.88
 21
20.972
  0
LINE
  8
0
 10
69.48
 20
20.972
 11
69.48
 21
20.98
  0
LINE
  8
0
 10
69.48
 20
20.98
 11
74.52
 21
20.98
  0
LINE
  8
0
 10
74.52
 20
20.98
 11
74.52
 21
20.972
  0
LINE
  8
0
 10
74.52
 20
20.972
 11
69.48
 21
20.972
  0
LINE
  8
0
 10
40.68
 20
20.972
 11
40.68
 21
20.98
  0
LINE
  8
0
 10
40.68
 20
20.98
 11
45.72
 21
20.98
  0
LINE
  8
0
 10
45.72
 20
20.98
 11
45.72
 21
20.972
  0
LINE
  8
0
 10
45.72
 20
20.972
 11
40.68
 21
20.972
  0
LINE
  8
0
 10
55.08
 20
20.972
 11
55.08
 21
20.98
  0
LINE
  8
0
 10
55.08
 20
20.98
 11
60.12
 21
20.98
  0
LINE
  8
0
 10
60.12
 20
20.98
 11
60.12
 21
20.972
  0
LINE
  8
0
 10
60.12
 20
20.972
 11
55.08
 21
20.972
  0
LINE
  8
0
 10
40.68
 20
20.94
 11
40.68
 21
20.948
  0
LINE
  8
0
 10
40.68
 20
20.948
 11
45.72
 21
20.948
  0
LINE
  8
0
 10
45.72
 20
20.948
 11
45.72
 21
20.94
  0
LINE
  8
0
 10
45.72
 20
20.94
 11
40.68
 21
20.94
  0
LINE
  8
0
 10
69.48
 20
20.94
 11
69.48
 21
20.948
  0
LINE
  8
0
 10
69.48
 20
20.948
 11
74.52
 21
20.948
  0
LINE
  8
0
 10
74.52
 20
20.948
 11
74.52
 21
20.94
  0
LINE
  8
0
 10
74.52
 20
20.94
 11
69.48
 21
20.94
  0
LINE
  8
0
 10
-2.51999
 20
20.94
 11
-2.51999
 21
20.948
  0
LINE
  8
0
 10
-2.51999
 20
20.948
 11
2.51999
 21
20.948
  0
LINE
  8
0
 10
2.51999
 20
20.948
 11
2.51999
 21
20.94
  0
LINE
  8
0
 10
2.51999
 20
20.94
 11
-2.51999
 21
20.94
  0
LINE
  8
0
 10
26.28
 20
20.94
 11
26.28
 21
20.948
  0
LINE
  8
0
 10
26.28
 20
20.948
 11
31.32
 21
20.948
  0
LINE
  8
0
 10
31.32
 20
20.948
 11
31.32
 21
20.94
  0
LINE
  8
0
 10
31.32
 20
20.94
 11
26.28
 21
20.94
  0
LINE
  8
0
 10
11.88
 20
20.94
 11
11.88
 21
20.948
  0
LINE
  8
0
 10
11.88
 20
20.948
 11
16.92
 21
20.948
  0
LINE
  8
0
 10
16.92
 20
20.948
 11
16.92
 21
20.94
  0
LINE
  8
0
 10
16.92
 20
20.94
 11
11.88
 21
20.94
  0
LINE
  8
0
 10
55.08
 20
20.94
 11
55.08
 21
20.948
  0
LINE
  8
0
 10
55.08
 20
20.948
 11
60.12
 21
20.948
  0
LINE
  8
0
 10
60.12
 20
20.948
 11
60.12
 21
20.94
  0
LINE
  8
0
 10
60.12
 20
20.94
 11
55.08
 21
20.94
  0
LINE
  8
0
 10
-2.51999
 20
20.908
 11
-2.51999
 21
20.916
  0
LINE
  8
0
 10
-2.51999
 20
20.916
 11
2.51999
 21
20.916
  0
LINE
  8
0
 10
2.51999
 20
20.916
 11
2.51999
 21
20.908
  0
LINE
  8
0
 10
2.51999
 20
20.908
 11
-2.51999
 21
20.908
  0
LINE
  8
0
 10
26.28
 20
20.908
 11
26.28
 21
20.916
  0
LINE
  8
0
 10
26.28
 20
20.916
 11
31.32
 21
20.916
  0
LINE
  8
0
 10
31.32
 20
20.916
 11
31.32
 21
20.908
  0
LINE
  8
0
 10
31.32
 20
20.908
 11
26.28
 21
20.908
  0
LINE
  8
0
 10
69.48
 20
20.908
 11
69.48
 21
20.916
  0
LINE
  8
0
 10
69.48
 20
20.916
 11
74.52
 21
20.916
  0
LINE
  8
0
 10
74.52
 20
20.916
 11
74.52
 21
20.908
  0
LINE
  8
0
 10
74.52
 20
20.908
 11
69.48
 21
20.908
  0
LINE
  8
0
 10
55.08
 20
20.908
 11
55.08
 21
20.916
  0
LINE
  8
0
 10
55.08
 20
20.916
 11
60.12
 21
20.916
  0
LINE
  8
0
 10
60.12
 20
20.916
 11
60.12
 21
20.908
  0
LINE
  8
0
 10
60.12
 20
20.908
 11
55.08
 21
20.908
  0
LINE
  8
0
 10
11.88
 20
20.908
 11
11.88
 21
20.916
  0
LINE
  8
0
 10
11.88
 20
20.916
 11
16.92
 21
20.916
  0
LINE
  8
0
 10
16.92
 20
20.916
 11
16.92
 21
20.908
  0
LINE
  8
0
 10
16.92
 20
20.908
 11
11.88
 21
20.908
  0
LINE
  8
0
 10
40.68
 20
20.908
 11
40.68
 21
20.916
  0
LINE
  8
0
 10
40.68
 20
20.916
 11
45.72
 21
20.916
  0
LINE
  8
0
 10
45.72
 20
20.916
 11
45.72
 21
20.908
  0
LINE
  8
0
 10
45.72
 20
20.908
 11
40.68
 21
20.908
  0
LINE
  8
0
 10
-2.51999
 20
20.876
 11
-2.51999
 21
20.884
  0
LINE
  8
0
 10
-2.51999
 20
20.884
 11
2.51999
 21
20.884
  0
LINE
  8
0
 10
2.51999
 20
20.884
 11
2.51999
 21
20.876
  0
LINE
  8
0
 10
2.51999
 20
20.876
 11
-2.51999
 21
20.876
  0
LINE
  8
0
 10
40.68
 20
20.876
 11
40.68
 21
20.884
  0
LINE
  8
0
 10
40.68
 20
20.884
 11
45.72
 21
20.884
  0
LINE
  8
0
 10
45.72
 20
20.884
 11
45.72
 21
20.876
  0
LINE
  8
0
 10
45.72
 20
20.876
 11
40.68
 21
20.876
  0
LINE
  8
0
 10
11.88
 20
20.876
 11
11.88
 21
20.884
  0
LINE
  8
0
 10
11.88
 20
20.884
 11
16.92
 21
20.884
  0
LINE
  8
0
 10
16.92
 20
20.884
 11
16.92
 21
20.876
  0
LINE
  8
0
 10
16.92
 20
20.876
 11
11.88
 21
20.876
  0
LINE
  8
0
 10
55.08
 20
20.876
 11
55.08
 21
20.884
  0
LINE
  8
0
 10
55.08
 20
20.884
 11
60.12
 21
20.884
  0
LINE
  8
0
 10
60.12
 20
20.884
 11
60.12
 21
20.876
  0
LINE
  8
0
 10
60.12
 20
20.876
 11
55.08
 21
20.876
  0
LINE
  8
0
 10
69.48
 20
20.876
 11
69.48
 21
20.884
  0
LINE
  8
0
 10
69.48
 20
20.884
 11
74.52
 21
20.884
  0
LINE
  8
0
 10
74.52
 20
20.884
 11
74.52
 21
20.876
  0
LINE
  8
0
 10
74.52
 20
20.876
 11
69.48
 21
20.876
  0
LINE
  8
0
 10
26.28
 20
20.876
 11
26.28
 21
20.884
  0
LINE
  8
0
 10
26.28
 20
20.884
 11
31.32
 21
20.884
  0
LINE
  8
0
 10
31.32
 20
20.884
 11
31.32
 21
20.876
  0
LINE
  8
0
 10
31.32
 20
20.876
 11
26.28
 21
20.876
  0
LINE
  8
0
 10
11.88
 20
20.844
 11
11.88
 21
20.852
  0
LINE
  8
0
 10
11.88
 20
20.852
 11
16.92
 21
20.852
  0
LINE
  8
0
 10
16.92
 20
20.852
 11
16.92
 21
20.844
  0
LINE
  8
0
 10
16.92
 20
20.844
 11
11.88
 21
20.844
  0
LINE
  8
0
 10
69.48
 20
20.844
 11
69.48
 21
20.852
  0
LINE
  8
0
 10
69.48
 20
20.852
 11
74.52
 21
20.852
  0
LINE
  8
0
 10
74.52
 20
20.852
 11
74.52
 21
20.844
  0
LINE
  8
0
 10
74.52
 20
20.844
 11
69.48
 21
20.844
  0
LINE
  8
0
 10
40.68
 20
20.844
 11
40.68
 21
20.852
  0
LINE
  8
0
 10
40.68
 20
20.852
 11
45.72
 21
20.852
  0
LINE
  8
0
 10
45.72
 20
20.852
 11
45.72
 21
20.844
  0
LINE
  8
0
 10
45.72
 20
20.844
 11
40.68
 21
20.844
  0
LINE
  8
0
 10
55.08
 20
20.844
 11
55.08
 21
20.852
  0
LINE
  8
0
 10
55.08
 20
20.852
 11
60.12
 21
20.852
  0
LINE
  8
0
 10
60.12
 20
20.852
 11
60.12
 21
20.844
  0
LINE
  8
0
 10
60.12
 20
20.844
 11
55.08
 21
20.844
  0
LINE
  8
0
 10
-2.51999
 20
20.844
 11
-2.51999
 21
20.852
  0
LINE
  8
0
 10
-2.51999
 20
20.852
 11
2.51999
 21
20.852
  0
LINE
  8
0
 10
2.51999
 20
20.852
 11
2.51999
 21
20.844
  0
LINE
  8
0
 10
2.51999
 20
20.844
 11
-2.51999
 21
20.844
  0
LINE
  8
0
 10
26.28
 20
20.844
 11
26.28
 21
20.852
  0
LINE
  8
0
 10
26.28
 20
20.852
 11
31.32
 21
20.852
  0
LINE
  8
0
 10
31.32
 20
20.852
 11
31.32
 21
20.844
  0
LINE
  8
0
 10
31.32
 20
20.844
 11
26.28
 21
20.844
  0
LINE
  8
0
 10
-2.51999
 20
20.812
 11
-2.51999
 21
20.82
  0
LINE
  8
0
 10
-2.51999
 20
20.82
 11
2.51999
 21
20.82
  0
LINE
  8
0
 10
2.51999
 20
20.82
 11
2.51999
 21
20.812
  0
LINE
  8
0
 10
2.51999
 20
20.812
 11
-2.51999
 21
20.812
  0
LINE
  8
0
 10
26.28
 20
20.812
 11
26.28
 21
20.82
  0
LINE
  8
0
 10
26.28
 20
20.82
 11
31.32
 21
20.82
  0
LINE
  8
0
 10
31.32
 20
20.82
 11
31.32
 21
20.812
  0
LINE
  8
0
 10
31.32
 20
20.812
 11
26.28
 21
20.812
  0
LINE
  8
0
 10
55.08
 20
20.812
 11
55.08
 21
20.82
  0
LINE
  8
0
 10
55.08
 20
20.82
 11
60.12
 21
20.82
  0
LINE
  8
0
 10
60.12
 20
20.82
 11
60.12
 21
20.812
  0
LINE
  8
0
 10
60.12
 20
20.812
 11
55.08
 21
20.812
  0
LINE
  8
0
 10
69.48
 20
20.812
 11
69.48
 21
20.82
  0
LINE
  8
0
 10
69.48
 20
20.82
 11
74.52
 21
20.82
  0
LINE
  8
0
 10
74.52
 20
20.82
 11
74.52
 21
20.812
  0
LINE
  8
0
 10
74.52
 20
20.812
 11
69.48
 21
20.812
  0
LINE
  8
0
 10
11.88
 20
20.812
 11
11.88
 21
20.82
  0
LINE
  8
0
 10
11.88
 20
20.82
 11
16.92
 21
20.82
  0
LINE
  8
0
 10
16.92
 20
20.82
 11
16.92
 21
20.812
  0
LINE
  8
0
 10
16.92
 20
20.812
 11
11.88
 21
20.812
  0
LINE
  8
0
 10
40.68
 20
20.812
 11
40.68
 21
20.82
  0
LINE
  8
0
 10
40.68
 20
20.82
 11
45.72
 21
20.82
  0
LINE
  8
0
 10
45.72
 20
20.82
 11
45.72
 21
20.812
  0
LINE
  8
0
 10
45.72
 20
20.812
 11
40.68
 21
20.812
  0
LINE
  8
0
 10
11.88
 20
20.78
 11
11.88
 21
20.788
  0
LINE
  8
0
 10
11.88
 20
20.788
 11
16.92
 21
20.788
  0
LINE
  8
0
 10
16.92
 20
20.788
 11
16.92
 21
20.78
  0
LINE
  8
0
 10
16.92
 20
20.78
 11
11.88
 21
20.78
  0
LINE
  8
0
 10
55.08
 20
20.78
 11
55.08
 21
20.788
  0
LINE
  8
0
 10
55.08
 20
20.788
 11
60.12
 21
20.788
  0
LINE
  8
0
 10
60.12
 20
20.788
 11
60.12
 21
20.78
  0
LINE
  8
0
 10
60.12
 20
20.78
 11
55.08
 21
20.78
  0
LINE
  8
0
 10
40.68
 20
20.78
 11
40.68
 21
20.788
  0
LINE
  8
0
 10
40.68
 20
20.788
 11
45.72
 21
20.788
  0
LINE
  8
0
 10
45.72
 20
20.788
 11
45.72
 21
20.78
  0
LINE
  8
0
 10
45.72
 20
20.78
 11
40.68
 21
20.78
  0
LINE
  8
0
 10
-2.51999
 20
20.78
 11
-2.51999
 21
20.788
  0
LINE
  8
0
 10
-2.51999
 20
20.788
 11
2.51999
 21
20.788
  0
LINE
  8
0
 10
2.51999
 20
20.788
 11
2.51999
 21
20.78
  0
LINE
  8
0
 10
2.51999
 20
20.78
 11
-2.51999
 21
20.78
  0
LINE
  8
0
 10
69.48
 20
20.78
 11
69.48
 21
20.788
  0
LINE
  8
0
 10
69.48
 20
20.788
 11
74.52
 21
20.788
  0
LINE
  8
0
 10
74.52
 20
20.788
 11
74.52
 21
20.78
  0
LINE
  8
0
 10
74.52
 20
20.78
 11
69.48
 21
20.78
  0
LINE
  8
0
 10
26.28
 20
20.78
 11
26.28
 21
20.788
  0
LINE
  8
0
 10
26.28
 20
20.788
 11
31.32
 21
20.788
  0
LINE
  8
0
 10
31.32
 20
20.788
 11
31.32
 21
20.78
  0
LINE
  8
0
 10
31.32
 20
20.78
 11
26.28
 21
20.78
  0
LINE
  8
0
 10
55.08
 20
20.748
 11
55.08
 21
20.756
  0
LINE
  8
0
 10
55.08
 20
20.756
 11
60.12
 21
20.756
  0
LINE
  8
0
 10
60.12
 20
20.756
 11
60.12
 21
20.748
  0
LINE
  8
0
 10
60.12
 20
20.748
 11
55.08
 21
20.748
  0
LINE
  8
0
 10
40.68
 20
20.748
 11
40.68
 21
20.756
  0
LINE
  8
0
 10
40.68
 20
20.756
 11
45.72
 21
20.756
  0
LINE
  8
0
 10
45.72
 20
20.756
 11
45.72
 21
20.748
  0
LINE
  8
0
 10
45.72
 20
20.748
 11
40.68
 21
20.748
  0
LINE
  8
0
 10
11.88
 20
20.748
 11
11.88
 21
20.756
  0
LINE
  8
0
 10
11.88
 20
20.756
 11
16.92
 21
20.756
  0
LINE
  8
0
 10
16.92
 20
20.756
 11
16.92
 21
20.748
  0
LINE
  8
0
 10
16.92
 20
20.748
 11
11.88
 21
20.748
  0
LINE
  8
0
 10
-2.51999
 20
20.748
 11
-2.51999
 21
20.756
  0
LINE
  8
0
 10
-2.51999
 20
20.756
 11
2.51999
 21
20.756
  0
LINE
  8
0
 10
2.51999
 20
20.756
 11
2.51999
 21
20.748
  0
LINE
  8
0
 10
2.51999
 20
20.748
 11
-2.51999
 21
20.748
  0
LINE
  8
0
 10
26.28
 20
20.748
 11
26.28
 21
20.756
  0
LINE
  8
0
 10
26.28
 20
20.756
 11
31.32
 21
20.756
  0
LINE
  8
0
 10
31.32
 20
20.756
 11
31.32
 21
20.748
  0
LINE
  8
0
 10
31.32
 20
20.748
 11
26.28
 21
20.748
  0
LINE
  8
0
 10
69.48
 20
20.748
 11
69.48
 21
20.756
  0
LINE
  8
0
 10
69.48
 20
20.756
 11
74.52
 21
20.756
  0
LINE
  8
0
 10
74.52
 20
20.756
 11
74.52
 21
20.748
  0
LINE
  8
0
 10
74.52
 20
20.748
 11
69.48
 21
20.748
  0
LINE
  8
0
 10
-2.51999
 20
20.716
 11
-2.51999
 21
20.724
  0
LINE
  8
0
 10
-2.51999
 20
20.724
 11
2.51999
 21
20.724
  0
LINE
  8
0
 10
2.51999
 20
20.724
 11
2.51999
 21
20.716
  0
LINE
  8
0
 10
2.51999
 20
20.716
 11
-2.51999
 21
20.716
  0
LINE
  8
0
 10
69.48
 20
20.716
 11
69.48
 21
20.724
  0
LINE
  8
0
 10
69.48
 20
20.724
 11
74.52
 21
20.724
  0
LINE
  8
0
 10
74.52
 20
20.724
 11
74.52
 21
20.716
  0
LINE
  8
0
 10
74.52
 20
20.716
 11
69.48
 21
20.716
  0
LINE
  8
0
 10
11.88
 20
20.716
 11
11.88
 21
20.724
  0
LINE
  8
0
 10
11.88
 20
20.724
 11
16.92
 21
20.724
  0
LINE
  8
0
 10
16.92
 20
20.724
 11
16.92
 21
20.716
  0
LINE
  8
0
 10
16.92
 20
20.716
 11
11.88
 21
20.716
  0
LINE
  8
0
 10
55.08
 20
20.716
 11
55.08
 21
20.724
  0
LINE
  8
0
 10
55.08
 20
20.724
 11
60.12
 21
20.724
  0
LINE
  8
0
 10
60.12
 20
20.724
 11
60.12
 21
20.716
  0
LINE
  8
0
 10
60.12
 20
20.716
 11
55.08
 21
20.716
  0
LINE
  8
0
 10
40.68
 20
20.716
 11
40.68
 21
20.724
  0
LINE
  8
0
 10
40.68
 20
20.724
 11
45.72
 21
20.724
  0
LINE
  8
0
 10
45.72
 20
20.724
 11
45.72
 21
20.716
  0
LINE
  8
0
 10
45.72
 20
20.716
 11
40.68
 21
20.716
  0
LINE
  8
0
 10
26.28
 20
20.716
 11
26.28
 21
20.724
  0
LINE
  8
0
 10
26.28
 20
20.724
 11
31.32
 21
20.724
  0
LINE
  8
0
 10
31.32
 20
20.724
 11
31.32
 21
20.716
  0
LINE
  8
0
 10
31.32
 20
20.716
 11
26.28
 21
20.716
  0
LINE
  8
0
 10
-2.51999
 20
20.684
 11
-2.51999
 21
20.692
  0
LINE
  8
0
 10
-2.51999
 20
20.692
 11
2.51999
 21
20.692
  0
LINE
  8
0
 10
2.51999
 20
20.692
 11
2.51999
 21
20.684
  0
LINE
  8
0
 10
2.51999
 20
20.684
 11
-2.51999
 21
20.684
  0
LINE
  8
0
 10
11.88
 20
20.684
 11
11.88
 21
20.692
  0
LINE
  8
0
 10
11.88
 20
20.692
 11
16.92
 21
20.692
  0
LINE
  8
0
 10
16.92
 20
20.692
 11
16.92
 21
20.684
  0
LINE
  8
0
 10
16.92
 20
20.684
 11
11.88
 21
20.684
  0
LINE
  8
0
 10
40.68
 20
20.684
 11
40.68
 21
20.692
  0
LINE
  8
0
 10
40.68
 20
20.692
 11
45.72
 21
20.692
  0
LINE
  8
0
 10
45.72
 20
20.692
 11
45.72
 21
20.684
  0
LINE
  8
0
 10
45.72
 20
20.684
 11
40.68
 21
20.684
  0
LINE
  8
0
 10
69.48
 20
20.684
 11
69.48
 21
20.692
  0
LINE
  8
0
 10
69.48
 20
20.692
 11
74.52
 21
20.692
  0
LINE
  8
0
 10
74.52
 20
20.692
 11
74.52
 21
20.684
  0
LINE
  8
0
 10
74.52
 20
20.684
 11
69.48
 21
20.684
  0
LINE
  8
0
 10
55.08
 20
20.684
 11
55.08
 21
20.692
  0
LINE
  8
0
 10
55.08
 20
20.692
 11
60.12
 21
20.692
  0
LINE
  8
0
 10
60.12
 20
20.692
 11
60.12
 21
20.684
  0
LINE
  8
0
 10
60.12
 20
20.684
 11
55.08
 21
20.684
  0
LINE
  8
0
 10
26.28
 20
20.684
 11
26.28
 21
20.692
  0
LINE
  8
0
 10
26.28
 20
20.692
 11
31.32
 21
20.692
  0
LINE
  8
0
 10
31.32
 20
20.692
 11
31.32
 21
20.684
  0
LINE
  8
0
 10
31.32
 20
20.684
 11
26.28
 21
20.684
  0
LINE
  8
0
 10
40.68
 20
20.652
 11
40.68
 21
20.66
  0
LINE
  8
0
 10
40.68
 20
20.66
 11
45.72
 21
20.66
  0
LINE
  8
0
 10
45.72
 20
20.66
 11
45.72
 21
20.652
  0
LINE
  8
0
 10
45.72
 20
20.652
 11
40.68
 21
20.652
  0
LINE
  8
0
 10
-2.51999
 20
20.652
 11
-2.51999
 21
20.66
  0
LINE
  8
0
 10
-2.51999
 20
20.66
 11
2.51999
 21
20.66
  0
LINE
  8
0
 10
2.51999
 20
20.66
 11
2.51999
 21
20.652
  0
LINE
  8
0
 10
2.51999
 20
20.652
 11
-2.51999
 21
20.652
  0
LINE
  8
0
 10
69.48
 20
20.652
 11
69.48
 21
20.66
  0
LINE
  8
0
 10
69.48
 20
20.66
 11
74.52
 21
20.66
  0
LINE
  8
0
 10
74.52
 20
20.66
 11
74.52
 21
20.652
  0
LINE
  8
0
 10
74.52
 20
20.652
 11
69.48
 21
20.652
  0
LINE
  8
0
 10
55.08
 20
20.652
 11
55.08
 21
20.66
  0
LINE
  8
0
 10
55.08
 20
20.66
 11
60.12
 21
20.66
  0
LINE
  8
0
 10
60.12
 20
20.66
 11
60.12
 21
20.652
  0
LINE
  8
0
 10
60.12
 20
20.652
 11
55.08
 21
20.652
  0
LINE
  8
0
 10
11.88
 20
20.652
 11
11.88
 21
20.66
  0
LINE
  8
0
 10
11.88
 20
20.66
 11
16.92
 21
20.66
  0
LINE
  8
0
 10
16.92
 20
20.66
 11
16.92
 21
20.652
  0
LINE
  8
0
 10
16.92
 20
20.652
 11
11.88
 21
20.652
  0
LINE
  8
0
 10
26.28
 20
20.652
 11
26.28
 21
20.66
  0
LINE
  8
0
 10
26.28
 20
20.66
 11
31.32
 21
20.66
  0
LINE
  8
0
 10
31.32
 20
20.66
 11
31.32
 21
20.652
  0
LINE
  8
0
 10
31.32
 20
20.652
 11
26.28
 21
20.652
  0
LINE
  8
0
 10
26.28
 20
20.62
 11
26.28
 21
20.628
  0
LINE
  8
0
 10
26.28
 20
20.628
 11
31.32
 21
20.628
  0
LINE
  8
0
 10
31.32
 20
20.628
 11
31.32
 21
20.62
  0
LINE
  8
0
 10
31.32
 20
20.62
 11
26.28
 21
20.62
  0
LINE
  8
0
 10
-2.51999
 20
20.62
 11
-2.51999
 21
20.628
  0
LINE
  8
0
 10
-2.51999
 20
20.628
 11
2.51999
 21
20.628
  0
LINE
  8
0
 10
2.51999
 20
20.628
 11
2.51999
 21
20.62
  0
LINE
  8
0
 10
2.51999
 20
20.62
 11
-2.51999
 21
20.62
  0
LINE
  8
0
 10
55.08
 20
20.62
 11
55.08
 21
20.628
  0
LINE
  8
0
 10
55.08
 20
20.628
 11
60.12
 21
20.628
  0
LINE
  8
0
 10
60.12
 20
20.628
 11
60.12
 21
20.62
  0
LINE
  8
0
 10
60.12
 20
20.62
 11
55.08
 21
20.62
  0
LINE
  8
0
 10
40.68
 20
20.62
 11
40.68
 21
20.628
  0
LINE
  8
0
 10
40.68
 20
20.628
 11
45.72
 21
20.628
  0
LINE
  8
0
 10
45.72
 20
20.628
 11
45.72
 21
20.62
  0
LINE
  8
0
 10
45.72
 20
20.62
 11
40.68
 21
20.62
  0
LINE
  8
0
 10
11.88
 20
20.62
 11
11.88
 21
20.628
  0
LINE
  8
0
 10
11.88
 20
20.628
 11
16.92
 21
20.628
  0
LINE
  8
0
 10
16.92
 20
20.628
 11
16.92
 21
20.62
  0
LINE
  8
0
 10
16.92
 20
20.62
 11
11.88
 21
20.62
  0
LINE
  8
0
 10
69.48
 20
20.62
 11
69.48
 21
20.628
  0
LINE
  8
0
 10
69.48
 20
20.628
 11
74.52
 21
20.628
  0
LINE
  8
0
 10
74.52
 20
20.628
 11
74.52
 21
20.62
  0
LINE
  8
0
 10
74.52
 20
20.62
 11
69.48
 21
20.62
  0
LINE
  8
0
 10
26.28
 20
15.372
 11
26.28
 21
15.38
  0
LINE
  8
0
 10
26.28
 20
15.38
 11
31.32
 21
15.38
  0
LINE
  8
0
 10
31.32
 20
15.38
 11
31.32
 21
15.372
  0
LINE
  8
0
 10
31.32
 20
15.372
 11
26.28
 21
15.372
  0
LINE
  8
0
 10
69.48
 20
15.372
 11
69.48
 21
15.38
  0
LINE
  8
0
 10
69.48
 20
15.38
 11
74.52
 21
15.38
  0
LINE
  8
0
 10
74.52
 20
15.38
 11
74.52
 21
15.372
  0
LINE
  8
0
 10
74.52
 20
15.372
 11
69.48
 21
15.372
  0
LINE
  8
0
 10
55.08
 20
15.372
 11
55.08
 21
15.38
  0
LINE
  8
0
 10
55.08
 20
15.38
 11
60.12
 21
15.38
  0
LINE
  8
0
 10
60.12
 20
15.38
 11
60.12
 21
15.372
  0
LINE
  8
0
 10
60.12
 20
15.372
 11
55.08
 21
15.372
  0
LINE
  8
0
 10
40.68
 20
15.372
 11
40.68
 21
15.38
  0
LINE
  8
0
 10
40.68
 20
15.38
 11
45.72
 21
15.38
  0
LINE
  8
0
 10
45.72
 20
15.38
 11
45.72
 21
15.372
  0
LINE
  8
0
 10
45.72
 20
15.372
 11
40.68
 21
15.372
  0
LINE
  8
0
 10
-2.51999
 20
15.372
 11
-2.51999
 21
15.38
  0
LINE
  8
0
 10
-2.51999
 20
15.38
 11
2.51999
 21
15.38
  0
LINE
  8
0
 10
2.51999
 20
15.38
 11
2.51999
 21
15.372
  0
LINE
  8
0
 10
2.51999
 20
15.372
 11
-2.51999
 21
15.372
  0
LINE
  8
0
 10
11.88
 20
15.372
 11
11.88
 21
15.38
  0
LINE
  8
0
 10
11.88
 20
15.38
 11
16.92
 21
15.38
  0
LINE
  8
0
 10
16.92
 20
15.38
 11
16.92
 21
15.372
  0
LINE
  8
0
 10
16.92
 20
15.372
 11
11.88
 21
15.372
  0
LINE
  8
0
 10
-2.51999
 20
15.34
 11
-2.51999
 21
15.348
  0
LINE
  8
0
 10
-2.51999
 20
15.348
 11
2.51999
 21
15.348
  0
LINE
  8
0
 10
2.51999
 20
15.348
 11
2.51999
 21
15.34
  0
LINE
  8
0
 10
2.51999
 20
15.34
 11
-2.51999
 21
15.34
  0
LINE
  8
0
 10
55.08
 20
15.34
 11
55.08
 21
15.348
  0
LINE
  8
0
 10
55.08
 20
15.348
 11
60.12
 21
15.348
  0
LINE
  8
0
 10
60.12
 20
15.348
 11
60.12
 21
15.34
  0
LINE
  8
0
 10
60.12
 20
15.34
 11
55.08
 21
15.34
  0
LINE
  8
0
 10
40.68
 20
15.34
 11
40.68
 21
15.348
  0
LINE
  8
0
 10
40.68
 20
15.348
 11
45.72
 21
15.348
  0
LINE
  8
0
 10
45.72
 20
15.348
 11
45.72
 21
15.34
  0
LINE
  8
0
 10
45.72
 20
15.34
 11
40.68
 21
15.34
  0
LINE
  8
0
 10
69.48
 20
15.34
 11
69.48
 21
15.348
  0
LINE
  8
0
 10
69.48
 20
15.348
 11
74.52
 21
15.348
  0
LINE
  8
0
 10
74.52
 20
15.348
 11
74.52
 21
15.34
  0
LINE
  8
0
 10
74.52
 20
15.34
 11
69.48
 21
15.34
  0
LINE
  8
0
 10
26.28
 20
15.34
 11
26.28
 21
15.348
  0
LINE
  8
0
 10
26.28
 20
15.348
 11
31.32
 21
15.348
  0
LINE
  8
0
 10
31.32
 20
15.348
 11
31.32
 21
15.34
  0
LINE
  8
0
 10
31.32
 20
15.34
 11
26.28
 21
15.34
  0
LINE
  8
0
 10
11.88
 20
15.34
 11
11.88
 21
15.348
  0
LINE
  8
0
 10
11.88
 20
15.348
 11
16.92
 21
15.348
  0
LINE
  8
0
 10
16.92
 20
15.348
 11
16.92
 21
15.34
  0
LINE
  8
0
 10
16.92
 20
15.34
 11
11.88
 21
15.34
  0
LINE
  8
0
 10
69.48
 20
15.308
 11
69.48
 21
15.316
  0
LINE
  8
0
 10
69.48
 20
15.316
 11
74.52
 21
15.316
  0
LINE
  8
0
 10
74.52
 20
15.316
 11
74.52
 21
15.308
  0
LINE
  8
0
 10
74.52
 20
15.308
 11
69.48
 21
15.308
  0
LINE
  8
0
 10
26.28
 20
15.308
 11
26.28
 21
15.316
  0
LINE
  8
0
 10
26.28
 20
15.316
 11
31.32
 21
15.316
  0
LINE
  8
0
 10
31.32
 20
15.316
 11
31.32
 21
15.308
  0
LINE
  8
0
 10
31.32
 20
15.308
 11
26.28
 21
15.308
  0
LINE
  8
0
 10
11.88
 20
15.308
 11
11.88
 21
15.316
  0
LINE
  8
0
 10
11.88
 20
15.316
 11
16.92
 21
15.316
  0
LINE
  8
0
 10
16.92
 20
15.316
 11
16.92
 21
15.308
  0
LINE
  8
0
 10
16.92
 20
15.308
 11
11.88
 21
15.308
  0
LINE
  8
0
 10
55.08
 20
15.308
 11
55.08
 21
15.316
  0
LINE
  8
0
 10
55.08
 20
15.316
 11
60.12
 21
15.316
  0
LINE
  8
0
 10
60.12
 20
15.316
 11
60.12
 21
15.308
  0
LINE
  8
0
 10
60.12
 20
15.308
 11
55.08
 21
15.308
  0
LINE
  8
0
 10
-2.51999
 20
15.308
 11
-2.51999
 21
15.316
  0
LINE
  8
0
 10
-2.51999
 20
15.316
 11
2.51999
 21
15.316
  0
LINE
  8
0
 10
2.51999
 20
15.316
 11
2.51999
 21
15.308
  0
LINE
  8
0
 10
2.51999
 20
15.308
 11
-2.51999
 21
15.308
  0
LINE
  8
0
 10
40.68
 20
15.308
 11
40.68
 21
15.316
  0
LINE
  8
0
 10
40.68
 20
15.316
 11
45.72
 21
15.316
  0
LINE
  8
0
 10
45.72
 20
15.316
 11
45.72
 21
15.308
  0
LINE
  8
0
 10
45.72
 20
15.308
 11
40.68
 21
15.308
  0
LINE
  8
0
 10
40.68
 20
15.276
 11
40.68
 21
15.284
  0
LINE
  8
0
 10
40.68
 20
15.284
 11
45.72
 21
15.284
  0
LINE
  8
0
 10
45.72
 20
15.284
 11
45.72
 21
15.276
  0
LINE
  8
0
 10
45.72
 20
15.276
 11
40.68
 21
15.276
  0
LINE
  8
0
 10
69.48
 20
15.276
 11
69.48
 21
15.284
  0
LINE
  8
0
 10
69.48
 20
15.284
 11
74.52
 21
15.284
  0
LINE
  8
0
 10
74.52
 20
15.284
 11
74.52
 21
15.276
  0
LINE
  8
0
 10
74.52
 20
15.276
 11
69.48
 21
15.276
  0
LINE
  8
0
 10
11.88
 20
15.276
 11
11.88
 21
15.284
  0
LINE
  8
0
 10
11.88
 20
15.284
 11
16.92
 21
15.284
  0
LINE
  8
0
 10
16.92
 20
15.284
 11
16.92
 21
15.276
  0
LINE
  8
0
 10
16.92
 20
15.276
 11
11.88
 21
15.276
  0
LINE
  8
0
 10
-2.51999
 20
15.276
 11
-2.51999
 21
15.284
  0
LINE
  8
0
 10
-2.51999
 20
15.284
 11
2.51999
 21
15.284
  0
LINE
  8
0
 10
2.51999
 20
15.284
 11
2.51999
 21
15.276
  0
LINE
  8
0
 10
2.51999
 20
15.276
 11
-2.51999
 21
15.276
  0
LINE
  8
0
 10
26.28
 20
15.276
 11
26.28
 21
15.284
  0
LINE
  8
0
 10
26.28
 20
15.284
 11
31.32
 21
15.284
  0
LINE
  8
0
 10
31.32
 20
15.284
 11
31.32
 21
15.276
  0
LINE
  8
0
 10
31.32
 20
15.276
 11
26.28
 21
15.276
  0
LINE
  8
0
 10
55.08
 20
15.276
 11
55.08
 21
15.284
  0
LINE
  8
0
 10
55.08
 20
15.284
 11
60.12
 21
15.284
  0
LINE
  8
0
 10
60.12
 20
15.284
 11
60.12
 21
15.276
  0
LINE
  8
0
 10
60.12
 20
15.276
 11
55.08
 21
15.276
  0
LINE
  8
0
 10
-2.51999
 20
15.244
 11
-2.51999
 21
15.252
  0
LINE
  8
0
 10
-2.51999
 20
15.252
 11
2.51999
 21
15.252
  0
LINE
  8
0
 10
2.51999
 20
15.252
 11
2.51999
 21
15.244
  0
LINE
  8
0
 10
2.51999
 20
15.244
 11
-2.51999
 21
15.244
  0
LINE
  8
0
 10
69.48
 20
15.244
 11
69.48
 21
15.252
  0
LINE
  8
0
 10
69.48
 20
15.252
 11
74.52
 21
15.252
  0
LINE
  8
0
 10
74.52
 20
15.252
 11
74.52
 21
15.244
  0
LINE
  8
0
 10
74.52
 20
15.244
 11
69.48
 21
15.244
  0
LINE
  8
0
 10
55.08
 20
15.244
 11
55.08
 21
15.252
  0
LINE
  8
0
 10
55.08
 20
15.252
 11
60.12
 21
15.252
  0
LINE
  8
0
 10
60.12
 20
15.252
 11
60.12
 21
15.244
  0
LINE
  8
0
 10
60.12
 20
15.244
 11
55.08
 21
15.244
  0
LINE
  8
0
 10
26.28
 20
15.244
 11
26.28
 21
15.252
  0
LINE
  8
0
 10
26.28
 20
15.252
 11
31.32
 21
15.252
  0
LINE
  8
0
 10
31.32
 20
15.252
 11
31.32
 21
15.244
  0
LINE
  8
0
 10
31.32
 20
15.244
 11
26.28
 21
15.244
  0
LINE
  8
0
 10
11.88
 20
15.244
 11
11.88
 21
15.252
  0
LINE
  8
0
 10
11.88
 20
15.252
 11
16.92
 21
15.252
  0
LINE
  8
0
 10
16.92
 20
15.252
 11
16.92
 21
15.244
  0
LINE
  8
0
 10
16.92
 20
15.244
 11
11.88
 21
15.244
  0
LINE
  8
0
 10
40.68
 20
15.244
 11
40.68
 21
15.252
  0
LINE
  8
0
 10
40.68
 20
15.252
 11
45.72
 21
15.252
  0
LINE
  8
0
 10
45.72
 20
15.252
 11
45.72
 21
15.244
  0
LINE
  8
0
 10
45.72
 20
15.244
 11
40.68
 21
15.244
  0
LINE
  8
0
 10
26.28
 20
15.212
 11
26.28
 21
15.22
  0
LINE
  8
0
 10
26.28
 20
15.22
 11
31.32
 21
15.22
  0
LINE
  8
0
 10
31.32
 20
15.22
 11
31.32
 21
15.212
  0
LINE
  8
0
 10
31.32
 20
15.212
 11
26.28
 21
15.212
  0
LINE
  8
0
 10
55.08
 20
15.212
 11
55.08
 21
15.22
  0
LINE
  8
0
 10
55.08
 20
15.22
 11
60.12
 21
15.22
  0
LINE
  8
0
 10
60.12
 20
15.22
 11
60.12
 21
15.212
  0
LINE
  8
0
 10
60.12
 20
15.212
 11
55.08
 21
15.212
  0
LINE
  8
0
 10
11.88
 20
15.212
 11
11.88
 21
15.22
  0
LINE
  8
0
 10
11.88
 20
15.22
 11
16.92
 21
15.22
  0
LINE
  8
0
 10
16.92
 20
15.22
 11
16.92
 21
15.212
  0
LINE
  8
0
 10
16.92
 20
15.212
 11
11.88
 21
15.212
  0
LINE
  8
0
 10
69.48
 20
15.212
 11
69.48
 21
15.22
  0
LINE
  8
0
 10
69.48
 20
15.22
 11
74.52
 21
15.22
  0
LINE
  8
0
 10
74.52
 20
15.22
 11
74.52
 21
15.212
  0
LINE
  8
0
 10
74.52
 20
15.212
 11
69.48
 21
15.212
  0
LINE
  8
0
 10
40.68
 20
15.212
 11
40.68
 21
15.22
  0
LINE
  8
0
 10
40.68
 20
15.22
 11
45.72
 21
15.22
  0
LINE
  8
0
 10
45.72
 20
15.22
 11
45.72
 21
15.212
  0
LINE
  8
0
 10
45.72
 20
15.212
 11
40.68
 21
15.212
  0
LINE
  8
0
 10
-2.51999
 20
15.212
 11
-2.51999
 21
15.22
  0
LINE
  8
0
 10
-2.51999
 20
15.22
 11
2.51999
 21
15.22
  0
LINE
  8
0
 10
2.51999
 20
15.22
 11
2.51999
 21
15.212
  0
LINE
  8
0
 10
2.51999
 20
15.212
 11
-2.51999
 21
15.212
  0
LINE
  8
0
 10
55.08
 20
15.18
 11
55.08
 21
15.188
  0
LINE
  8
0
 10
55.08
 20
15.188
 11
60.12
 21
15.188
  0
LINE
  8
0
 10
60.12
 20
15.188
 11
60.12
 21
15.18
  0
LINE
  8
0
 10
60.12
 20
15.18
 11
55.08
 21
15.18
  0
LINE
  8
0
 10
69.48
 20
15.18
 11
69.48
 21
15.188
  0
LINE
  8
0
 10
69.48
 20
15.188
 11
74.52
 21
15.188
  0
LINE
  8
0
 10
74.52
 20
15.188
 11
74.52
 21
15.18
  0
LINE
  8
0
 10
74.52
 20
15.18
 11
69.48
 21
15.18
  0
LINE
  8
0
 10
26.28
 20
15.18
 11
26.28
 21
15.188
  0
LINE
  8
0
 10
26.28
 20
15.188
 11
31.32
 21
15.188
  0
LINE
  8
0
 10
31.32
 20
15.188
 11
31.32
 21
15.18
  0
LINE
  8
0
 10
31.32
 20
15.18
 11
26.28
 21
15.18
  0
LINE
  8
0
 10
40.68
 20
15.18
 11
40.68
 21
15.188
  0
LINE
  8
0
 10
40.68
 20
15.188
 11
45.72
 21
15.188
  0
LINE
  8
0
 10
45.72
 20
15.188
 11
45.72
 21
15.18
  0
LINE
  8
0
 10
45.72
 20
15.18
 11
40.68
 21
15.18
  0
LINE
  8
0
 10
11.88
 20
15.18
 11
11.88
 21
15.188
  0
LINE
  8
0
 10
11.88
 20
15.188
 11
16.92
 21
15.188
  0
LINE
  8
0
 10
16.92
 20
15.188
 11
16.92
 21
15.18
  0
LINE
  8
0
 10
16.92
 20
15.18
 11
11.88
 21
15.18
  0
LINE
  8
0
 10
-2.51999
 20
15.18
 11
-2.51999
 21
15.188
  0
LINE
  8
0
 10
-2.51999
 20
15.188
 11
2.51999
 21
15.188
  0
LINE
  8
0
 10
2.51999
 20
15.188
 11
2.51999
 21
15.18
  0
LINE
  8
0
 10
2.51999
 20
15.18
 11
-2.51999
 21
15.18
  0
LINE
  8
0
 10
69.48
 20
15.148
 11
69.48
 21
15.156
  0
LINE
  8
0
 10
69.48
 20
15.156
 11
74.52
 21
15.156
  0
LINE
  8
0
 10
74.52
 20
15.156
 11
74.52
 21
15.148
  0
LINE
  8
0
 10
74.52
 20
15.148
 11
69.48
 21
15.148
  0
LINE
  8
0
 10
40.68
 20
15.148
 11
40.68
 21
15.156
  0
LINE
  8
0
 10
40.68
 20
15.156
 11
45.72
 21
15.156
  0
LINE
  8
0
 10
45.72
 20
15.156
 11
45.72
 21
15.148
  0
LINE
  8
0
 10
45.72
 20
15.148
 11
40.68
 21
15.148
  0
LINE
  8
0
 10
26.28
 20
15.148
 11
26.28
 21
15.156
  0
LINE
  8
0
 10
26.28
 20
15.156
 11
31.32
 21
15.156
  0
LINE
  8
0
 10
31.32
 20
15.156
 11
31.32
 21
15.148
  0
LINE
  8
0
 10
31.32
 20
15.148
 11
26.28
 21
15.148
  0
LINE
  8
0
 10
-2.51999
 20
15.148
 11
-2.51999
 21
15.156
  0
LINE
  8
0
 10
-2.51999
 20
15.156
 11
2.51999
 21
15.156
  0
LINE
  8
0
 10
2.51999
 20
15.156
 11
2.51999
 21
15.148
  0
LINE
  8
0
 10
2.51999
 20
15.148
 11
-2.51999
 21
15.148
  0
LINE
  8
0
 10
11.88
 20
15.148
 11
11.88
 21
15.156
  0
LINE
  8
0
 10
11.88
 20
15.156
 11
16.92
 21
15.156
  0
LINE
  8
0
 10
16.92
 20
15.156
 11
16.92
 21
15.148
  0
LINE
  8
0
 10
16.92
 20
15.148
 11
11.88
 21
15.148
  0
LINE
  8
0
 10
55.08
 20
15.148
 11
55.08
 21
15.156
  0
LINE
  8
0
 10
55.08
 20
15.156
 11
60.12
 21
15.156
  0
LINE
  8
0
 10
60.12
 20
15.156
 11
60.12
 21
15.148
  0
LINE
  8
0
 10
60.12
 20
15.148
 11
55.08
 21
15.148
  0
LINE
  8
0
 10
55.08
 20
15.116
 11
55.08
 21
15.124
  0
LINE
  8
0
 10
55.08
 20
15.124
 11
60.12
 21
15.124
  0
LINE
  8
0
 10
60.12
 20
15.124
 11
60.12
 21
15.116
  0
LINE
  8
0
 10
60.12
 20
15.116
 11
55.08
 21
15.116
  0
LINE
  8
0
 10
11.88
 20
15.116
 11
11.88
 21
15.124
  0
LINE
  8
0
 10
11.88
 20
15.124
 11
16.92
 21
15.124
  0
LINE
  8
0
 10
16.92
 20
15.124
 11
16.92
 21
15.116
  0
LINE
  8
0
 10
16.92
 20
15.116
 11
11.88
 21
15.116
  0
LINE
  8
0
 10
69.48
 20
15.116
 11
69.48
 21
15.124
  0
LINE
  8
0
 10
69.48
 20
15.124
 11
74.52
 21
15.124
  0
LINE
  8
0
 10
74.52
 20
15.124
 11
74.52
 21
15.116
  0
LINE
  8
0
 10
74.52
 20
15.116
 11
69.48
 21
15.116
  0
LINE
  8
0
 10
-2.51999
 20
15.116
 11
-2.51999
 21
15.124
  0
LINE
  8
0
 10
-2.51999
 20
15.124
 11
2.51999
 21
15.124
  0
LINE
  8
0
 10
2.51999
 20
15.124
 11
2.51999
 21
15.116
  0
LINE
  8
0
 10
2.51999
 20
15.116
 11
-2.51999
 21
15.116
  0
LINE
  8
0
 10
26.28
 20
15.116
 11
26.28
 21
15.124
  0
LINE
  8
0
 10
26.28
 20
15.124
 11
31.32
 21
15.124
  0
LINE
  8
0
 10
31.32
 20
15.124
 11
31.32
 21
15.116
  0
LINE
  8
0
 10
31.32
 20
15.116
 11
26.28
 21
15.116
  0
LINE
  8
0
 10
40.68
 20
15.116
 11
40.68
 21
15.124
  0
LINE
  8
0
 10
40.68
 20
15.124
 11
45.72
 21
15.124
  0
LINE
  8
0
 10
45.72
 20
15.124
 11
45.72
 21
15.116
  0
LINE
  8
0
 10
45.72
 20
15.116
 11
40.68
 21
15.116
  0
LINE
  8
0
 10
40.68
 20
15.084
 11
40.68
 21
15.092
  0
LINE
  8
0
 10
40.68
 20
15.092
 11
45.72
 21
15.092
  0
LINE
  8
0
 10
45.72
 20
15.092
 11
45.72
 21
15.084
  0
LINE
  8
0
 10
45.72
 20
15.084
 11
40.68
 21
15.084
  0
LINE
  8
0
 10
11.88
 20
15.084
 11
11.88
 21
15.092
  0
LINE
  8
0
 10
11.88
 20
15.092
 11
16.92
 21
15.092
  0
LINE
  8
0
 10
16.92
 20
15.092
 11
16.92
 21
15.084
  0
LINE
  8
0
 10
16.92
 20
15.084
 11
11.88
 21
15.084
  0
LINE
  8
0
 10
26.28
 20
15.084
 11
26.28
 21
15.092
  0
LINE
  8
0
 10
26.28
 20
15.092
 11
31.32
 21
15.092
  0
LINE
  8
0
 10
31.32
 20
15.092
 11
31.32
 21
15.084
  0
LINE
  8
0
 10
31.32
 20
15.084
 11
26.28
 21
15.084
  0
LINE
  8
0
 10
69.48
 20
15.084
 11
69.48
 21
15.092
  0
LINE
  8
0
 10
69.48
 20
15.092
 11
74.52
 21
15.092
  0
LINE
  8
0
 10
74.52
 20
15.092
 11
74.52
 21
15.084
  0
LINE
  8
0
 10
74.52
 20
15.084
 11
69.48
 21
15.084
  0
LINE
  8
0
 10
55.08
 20
15.084
 11
55.08
 21
15.092
  0
LINE
  8
0
 10
55.08
 20
15.092
 11
60.12
 21
15.092
  0
LINE
  8
0
 10
60.12
 20
15.092
 11
60.12
 21
15.084
  0
LINE
  8
0
 10
60.12
 20
15.084
 11
55.08
 21
15.084
  0
LINE
  8
0
 10
-2.51999
 20
15.084
 11
-2.51999
 21
15.092
  0
LINE
  8
0
 10
-2.51999
 20
15.092
 11
2.51999
 21
15.092
  0
LINE
  8
0
 10
2.51999
 20
15.092
 11
2.51999
 21
15.084
  0
LINE
  8
0
 10
2.51999
 20
15.084
 11
-2.51999
 21
15.084
  0
LINE
  8
0
 10
26.28
 20
15.052
 11
26.28
 21
15.06
  0
LINE
  8
0
 10
26.28
 20
15.06
 11
31.32
 21
15.06
  0
LINE
  8
0
 10
31.32
 20
15.06
 11
31.32
 21
15.052
  0
LINE
  8
0
 10
31.32
 20
15.052
 11
26.28
 21
15.052
  0
LINE
  8
0
 10
40.68
 20
15.052
 11
40.68
 21
15.06
  0
LINE
  8
0
 10
40.68
 20
15.06
 11
45.72
 21
15.06
  0
LINE
  8
0
 10
45.72
 20
15.06
 11
45.72
 21
15.052
  0
LINE
  8
0
 10
45.72
 20
15.052
 11
40.68
 21
15.052
  0
LINE
  8
0
 10
69.48
 20
15.052
 11
69.48
 21
15.06
  0
LINE
  8
0
 10
69.48
 20
15.06
 11
74.52
 21
15.06
  0
LINE
  8
0
 10
74.52
 20
15.06
 11
74.52
 21
15.052
  0
LINE
  8
0
 10
74.52
 20
15.052
 11
69.48
 21
15.052
  0
LINE
  8
0
 10
11.88
 20
15.052
 11
11.88
 21
15.06
  0
LINE
  8
0
 10
11.88
 20
15.06
 11
16.92
 21
15.06
  0
LINE
  8
0
 10
16.92
 20
15.06
 11
16.92
 21
15.052
  0
LINE
  8
0
 10
16.92
 20
15.052
 11
11.88
 21
15.052
  0
LINE
  8
0
 10
-2.51999
 20
15.052
 11
-2.51999
 21
15.06
  0
LINE
  8
0
 10
-2.51999
 20
15.06
 11
2.51999
 21
15.06
  0
LINE
  8
0
 10
2.51999
 20
15.06
 11
2.51999
 21
15.052
  0
LINE
  8
0
 10
2.51999
 20
15.052
 11
-2.51999
 21
15.052
  0
LINE
  8
0
 10
55.08
 20
15.052
 11
55.08
 21
15.06
  0
LINE
  8
0
 10
55.08
 20
15.06
 11
60.12
 21
15.06
  0
LINE
  8
0
 10
60.12
 20
15.06
 11
60.12
 21
15.052
  0
LINE
  8
0
 10
60.12
 20
15.052
 11
55.08
 21
15.052
  0
LINE
  8
0
 10
40.68
 20
15.02
 11
40.68
 21
15.028
  0
LINE
  8
0
 10
40.68
 20
15.028
 11
45.72
 21
15.028
  0
LINE
  8
0
 10
45.72
 20
15.028
 11
45.72
 21
15.02
  0
LINE
  8
0
 10
45.72
 20
15.02
 11
40.68
 21
15.02
  0
LINE
  8
0
 10
55.08
 20
15.02
 11
55.08
 21
15.028
  0
LINE
  8
0
 10
55.08
 20
15.028
 11
60.12
 21
15.028
  0
LINE
  8
0
 10
60.12
 20
15.028
 11
60.12
 21
15.02
  0
LINE
  8
0
 10
60.12
 20
15.02
 11
55.08
 21
15.02
  0
LINE
  8
0
 10
11.88
 20
15.02
 11
11.88
 21
15.028
  0
LINE
  8
0
 10
11.88
 20
15.028
 11
16.92
 21
15.028
  0
LINE
  8
0
 10
16.92
 20
15.028
 11
16.92
 21
15.02
  0
LINE
  8
0
 10
16.92
 20
15.02
 11
11.88
 21
15.02
  0
LINE
  8
0
 10
-2.51999
 20
15.02
 11
-2.51999
 21
15.028
  0
LINE
  8
0
 10
-2.51999
 20
15.028
 11
2.51999
 21
15.028
  0
LINE
  8
0
 10
2.51999
 20
15.028
 11
2.51999
 21
15.02
  0
LINE
  8
0
 10
2.51999
 20
15.02
 11
-2.51999
 21
15.02
  0
LINE
  8
0
 10
26.28
 20
15.02
 11
26.28
 21
15.028
  0
LINE
  8
0
 10
26.28
 20
15.028
 11
31.32
 21
15.028
  0
LINE
  8
0
 10
31.32
 20
15.028
 11
31.32
 21
15.02
  0
LINE
  8
0
 10
31.32
 20
15.02
 11
26.28
 21
15.02
  0
LINE
  8
0
 10
69.48
 20
15.02
 11
69.48
 21
15.028
  0
LINE
  8
0
 10
69.48
 20
15.028
 11
74.52
 21
15.028
  0
LINE
  8
0
 10
74.52
 20
15.028
 11
74.52
 21
15.02
  0
LINE
  8
0
 10
74.52
 20
15.02
 11
69.48
 21
15.02
  0
LINE
  8
0
 10
26.28
 20
14.988
 11
26.28
 21
14.996
  0
LINE
  8
0
 10
26.28
 20
14.996
 11
31.32
 21
14.996
  0
LINE
  8
0
 10
31.32
 20
14.996
 11
31.32
 21
14.988
  0
LINE
  8
0
 10
31.32
 20
14.988
 11
26.28
 21
14.988
  0
LINE
  8
0
 10
11.88
 20
14.988
 11
11.88
 21
14.996
  0
LINE
  8
0
 10
11.88
 20
14.996
 11
16.92
 21
14.996
  0
LINE
  8
0
 10
16.92
 20
14.996
 11
16.92
 21
14.988
  0
LINE
  8
0
 10
16.92
 20
14.988
 11
11.88
 21
14.988
  0
LINE
  8
0
 10
40.68
 20
14.988
 11
40.68
 21
14.996
  0
LINE
  8
0
 10
40.68
 20
14.996
 11
45.72
 21
14.996
  0
LINE
  8
0
 10
45.72
 20
14.996
 11
45.72
 21
14.988
  0
LINE
  8
0
 10
45.72
 20
14.988
 11
40.68
 21
14.988
  0
LINE
  8
0
 10
-2.51999
 20
14.988
 11
-2.51999
 21
14.996
  0
LINE
  8
0
 10
-2.51999
 20
14.996
 11
2.51999
 21
14.996
  0
LINE
  8
0
 10
2.51999
 20
14.996
 11
2.51999
 21
14.988
  0
LINE
  8
0
 10
2.51999
 20
14.988
 11
-2.51999
 21
14.988
  0
LINE
  8
0
 10
69.48
 20
14.988
 11
69.48
 21
14.996
  0
LINE
  8
0
 10
69.48
 20
14.996
 11
74.52
 21
14.996
  0
LINE
  8
0
 10
74.52
 20
14.996
 11
74.52
 21
14.988
  0
LINE
  8
0
 10
74.52
 20
14.988
 11
69.48
 21
14.988
  0
LINE
  8
0
 10
55.08
 20
14.988
 11
55.08
 21
14.996
  0
LINE
  8
0
 10
55.08
 20
14.996
 11
60.12
 21
14.996
  0
LINE
  8
0
 10
60.12
 20
14.996
 11
60.12
 21
14.988
  0
LINE
  8
0
 10
60.12
 20
14.988
 11
55.08
 21
14.988
  0
LINE
  8
0
 10
40.68
 20
14.956
 11
40.68
 21
14.964
  0
LINE
  8
0
 10
40.68
 20
14.964
 11
45.72
 21
14.964
  0
LINE
  8
0
 10
45.72
 20
14.964
 11
45.72
 21
14.956
  0
LINE
  8
0
 10
45.72
 20
14.956
 11
40.68
 21
14.956
  0
LINE
  8
0
 10
26.28
 20
14.956
 11
26.28
 21
14.964
  0
LINE
  8
0
 10
26.28
 20
14.964
 11
31.32
 21
14.964
  0
LINE
  8
0
 10
31.32
 20
14.964
 11
31.32
 21
14.956
  0
LINE
  8
0
 10
31.32
 20
14.956
 11
26.28
 21
14.956
  0
LINE
  8
0
 10
-2.51999
 20
14.956
 11
-2.51999
 21
14.964
  0
LINE
  8
0
 10
-2.51999
 20
14.964
 11
2.51999
 21
14.964
  0
LINE
  8
0
 10
2.51999
 20
14.964
 11
2.51999
 21
14.956
  0
LINE
  8
0
 10
2.51999
 20
14.956
 11
-2.51999
 21
14.956
  0
LINE
  8
0
 10
69.48
 20
14.956
 11
69.48
 21
14.964
  0
LINE
  8
0
 10
69.48
 20
14.964
 11
74.52
 21
14.964
  0
LINE
  8
0
 10
74.52
 20
14.964
 11
74.52
 21
14.956
  0
LINE
  8
0
 10
74.52
 20
14.956
 11
69.48
 21
14.956
  0
LINE
  8
0
 10
55.08
 20
14.956
 11
55.08
 21
14.964
  0
LINE
  8
0
 10
55.08
 20
14.964
 11
60.12
 21
14.964
  0
LINE
  8
0
 10
60.12
 20
14.964
 11
60.12
 21
14.956
  0
LINE
  8
0
 10
60.12
 20
14.956
 11
55.08
 21
14.956
  0
LINE
  8
0
 10
11.88
 20
14.956
 11
11.88
 21
14.964
  0
LINE
  8
0
 10
11.88
 20
14.964
 11
16.92
 21
14.964
  0
LINE
  8
0
 10
16.92
 20
14.964
 11
16.92
 21
14.956
  0
LINE
  8
0
 10
16.92
 20
14.956
 11
11.88
 21
14.956
  0
LINE
  8
0
 10
69.48
 20
14.924
 11
69.48
 21
14.932
  0
LINE
  8
0
 10
69.48
 20
14.932
 11
74.52
 21
14.932
  0
LINE
  8
0
 10
74.52
 20
14.932
 11
74.52
 21
14.924
  0
LINE
  8
0
 10
74.52
 20
14.924
 11
69.48
 21
14.924
  0
LINE
  8
0
 10
-2.51999
 20
14.924
 11
-2.51999
 21
14.932
  0
LINE
  8
0
 10
-2.51999
 20
14.932
 11
2.51999
 21
14.932
  0
LINE
  8
0
 10
2.51999
 20
14.932
 11
2.51999
 21
14.924
  0
LINE
  8
0
 10
2.51999
 20
14.924
 11
-2.51999
 21
14.924
  0
LINE
  8
0
 10
55.08
 20
14.924
 11
55.08
 21
14.932
  0
LINE
  8
0
 10
55.08
 20
14.932
 11
60.12
 21
14.932
  0
LINE
  8
0
 10
60.12
 20
14.932
 11
60.12
 21
14.924
  0
LINE
  8
0
 10
60.12
 20
14.924
 11
55.08
 21
14.924
  0
LINE
  8
0
 10
26.28
 20
14.924
 11
26.28
 21
14.932
  0
LINE
  8
0
 10
26.28
 20
14.932
 11
31.32
 21
14.932
  0
LINE
  8
0
 10
31.32
 20
14.932
 11
31.32
 21
14.924
  0
LINE
  8
0
 10
31.32
 20
14.924
 11
26.28
 21
14.924
  0
LINE
  8
0
 10
40.68
 20
14.924
 11
40.68
 21
14.932
  0
LINE
  8
0
 10
40.68
 20
14.932
 11
45.72
 21
14.932
  0
LINE
  8
0
 10
45.72
 20
14.932
 11
45.72
 21
14.924
  0
LINE
  8
0
 10
45.72
 20
14.924
 11
40.68
 21
14.924
  0
LINE
  8
0
 10
11.88
 20
14.924
 11
11.88
 21
14.932
  0
LINE
  8
0
 10
11.88
 20
14.932
 11
16.92
 21
14.932
  0
LINE
  8
0
 10
16.92
 20
14.932
 11
16.92
 21
14.924
  0
LINE
  8
0
 10
16.92
 20
14.924
 11
11.88
 21
14.924
  0
LINE
  8
0
 10
-2.51999
 20
14.892
 11
-2.51999
 21
14.9
  0
LINE
  8
0
 10
-2.51999
 20
14.9
 11
2.51999
 21
14.9
  0
LINE
  8
0
 10
2.51999
 20
14.9
 11
2.51999
 21
14.892
  0
LINE
  8
0
 10
2.51999
 20
14.892
 11
-2.51999
 21
14.892
  0
LINE
  8
0
 10
26.28
 20
14.892
 11
26.28
 21
14.9
  0
LINE
  8
0
 10
26.28
 20
14.9
 11
31.32
 21
14.9
  0
LINE
  8
0
 10
31.32
 20
14.9
 11
31.32
 21
14.892
  0
LINE
  8
0
 10
31.32
 20
14.892
 11
26.28
 21
14.892
  0
LINE
  8
0
 10
69.48
 20
14.892
 11
69.48
 21
14.9
  0
LINE
  8
0
 10
69.48
 20
14.9
 11
74.52
 21
14.9
  0
LINE
  8
0
 10
74.52
 20
14.9
 11
74.52
 21
14.892
  0
LINE
  8
0
 10
74.52
 20
14.892
 11
69.48
 21
14.892
  0
LINE
  8
0
 10
55.08
 20
14.892
 11
55.08
 21
14.9
  0
LINE
  8
0
 10
55.08
 20
14.9
 11
60.12
 21
14.9
  0
LINE
  8
0
 10
60.12
 20
14.9
 11
60.12
 21
14.892
  0
LINE
  8
0
 10
60.12
 20
14.892
 11
55.08
 21
14.892
  0
LINE
  8
0
 10
11.88
 20
14.892
 11
11.88
 21
14.9
  0
LINE
  8
0
 10
11.88
 20
14.9
 11
16.92
 21
14.9
  0
LINE
  8
0
 10
16.92
 20
14.9
 11
16.92
 21
14.892
  0
LINE
  8
0
 10
16.92
 20
14.892
 11
11.88
 21
14.892
  0
LINE
  8
0
 10
40.68
 20
14.892
 11
40.68
 21
14.9
  0
LINE
  8
0
 10
40.68
 20
14.9
 11
45.72
 21
14.9
  0
LINE
  8
0
 10
45.72
 20
14.9
 11
45.72
 21
14.892
  0
LINE
  8
0
 10
45.72
 20
14.892
 11
40.68
 21
14.892
  0
LINE
  8
0
 10
40.68
 20
14.86
 11
40.68
 21
14.868
  0
LINE
  8
0
 10
40.68
 20
14.868
 11
45.72
 21
14.868
  0
LINE
  8
0
 10
45.72
 20
14.868
 11
45.72
 21
14.86
  0
LINE
  8
0
 10
45.72
 20
14.86
 11
40.68
 21
14.86
  0
LINE
  8
0
 10
11.88
 20
14.86
 11
11.88
 21
14.868
  0
LINE
  8
0
 10
11.88
 20
14.868
 11
16.92
 21
14.868
  0
LINE
  8
0
 10
16.92
 20
14.868
 11
16.92
 21
14.86
  0
LINE
  8
0
 10
16.92
 20
14.86
 11
11.88
 21
14.86
  0
LINE
  8
0
 10
55.08
 20
14.86
 11
55.08
 21
14.868
  0
LINE
  8
0
 10
55.08
 20
14.868
 11
60.12
 21
14.868
  0
LINE
  8
0
 10
60.12
 20
14.868
 11
60.12
 21
14.86
  0
LINE
  8
0
 10
60.12
 20
14.86
 11
55.08
 21
14.86
  0
LINE
  8
0
 10
26.28
 20
14.86
 11
26.28
 21
14.868
  0
LINE
  8
0
 10
26.28
 20
14.868
 11
31.32
 21
14.868
  0
LINE
  8
0
 10
31.32
 20
14.868
 11
31.32
 21
14.86
  0
LINE
  8
0
 10
31.32
 20
14.86
 11
26.28
 21
14.86
  0
LINE
  8
0
 10
-2.51999
 20
14.86
 11
-2.51999
 21
14.868
  0
LINE
  8
0
 10
-2.51999
 20
14.868
 11
2.51999
 21
14.868
  0
LINE
  8
0
 10
2.51999
 20
14.868
 11
2.51999
 21
14.86
  0
LINE
  8
0
 10
2.51999
 20
14.86
 11
-2.51999
 21
14.86
  0
LINE
  8
0
 10
69.48
 20
14.86
 11
69.48
 21
14.868
  0
LINE
  8
0
 10
69.48
 20
14.868
 11
74.52
 21
14.868
  0
LINE
  8
0
 10
74.52
 20
14.868
 11
74.52
 21
14.86
  0
LINE
  8
0
 10
74.52
 20
14.86
 11
69.48
 21
14.86
  0
LINE
  8
0
 10
-2.51999
 20
14.828
 11
-2.51999
 21
14.836
  0
LINE
  8
0
 10
-2.51999
 20
14.836
 11
2.51999
 21
14.836
  0
LINE
  8
0
 10
2.51999
 20
14.836
 11
2.51999
 21
14.828
  0
LINE
  8
0
 10
2.51999
 20
14.828
 11
-2.51999
 21
14.828
  0
LINE
  8
0
 10
11.88
 20
14.828
 11
11.88
 21
14.836
  0
LINE
  8
0
 10
11.88
 20
14.836
 11
16.92
 21
14.836
  0
LINE
  8
0
 10
16.92
 20
14.836
 11
16.92
 21
14.828
  0
LINE
  8
0
 10
16.92
 20
14.828
 11
11.88
 21
14.828
  0
LINE
  8
0
 10
26.28
 20
14.828
 11
26.28
 21
14.836
  0
LINE
  8
0
 10
26.28
 20
14.836
 11
31.32
 21
14.836
  0
LINE
  8
0
 10
31.32
 20
14.836
 11
31.32
 21
14.828
  0
LINE
  8
0
 10
31.32
 20
14.828
 11
26.28
 21
14.828
  0
LINE
  8
0
 10
69.48
 20
14.828
 11
69.48
 21
14.836
  0
LINE
  8
0
 10
69.48
 20
14.836
 11
74.52
 21
14.836
  0
LINE
  8
0
 10
74.52
 20
14.836
 11
74.52
 21
14.828
  0
LINE
  8
0
 10
74.52
 20
14.828
 11
69.48
 21
14.828
  0
LINE
  8
0
 10
55.08
 20
14.828
 11
55.08
 21
14.836
  0
LINE
  8
0
 10
55.08
 20
14.836
 11
60.12
 21
14.836
  0
LINE
  8
0
 10
60.12
 20
14.836
 11
60.12
 21
14.828
  0
LINE
  8
0
 10
60.12
 20
14.828
 11
55.08
 21
14.828
  0
LINE
  8
0
 10
40.68
 20
14.828
 11
40.68
 21
14.836
  0
LINE
  8
0
 10
40.68
 20
14.836
 11
45.72
 21
14.836
  0
LINE
  8
0
 10
45.72
 20
14.836
 11
45.72
 21
14.828
  0
LINE
  8
0
 10
45.72
 20
14.828
 11
40.68
 21
14.828
  0
LINE
  8
0
 10
-2.51999
 20
14.796
 11
-2.51999
 21
14.804
  0
LINE
  8
0
 10
-2.51999
 20
14.804
 11
2.51999
 21
14.804
  0
LINE
  8
0
 10
2.51999
 20
14.804
 11
2.51999
 21
14.796
  0
LINE
  8
0
 10
2.51999
 20
14.796
 11
-2.51999
 21
14.796
  0
LINE
  8
0
 10
26.28
 20
14.796
 11
26.28
 21
14.804
  0
LINE
  8
0
 10
26.28
 20
14.804
 11
31.32
 21
14.804
  0
LINE
  8
0
 10
31.32
 20
14.804
 11
31.32
 21
14.796
  0
LINE
  8
0
 10
31.32
 20
14.796
 11
26.28
 21
14.796
  0
LINE
  8
0
 10
40.68
 20
14.796
 11
40.68
 21
14.804
  0
LINE
  8
0
 10
40.68
 20
14.804
 11
45.72
 21
14.804
  0
LINE
  8
0
 10
45.72
 20
14.804
 11
45.72
 21
14.796
  0
LINE
  8
0
 10
45.72
 20
14.796
 11
40.68
 21
14.796
  0
LINE
  8
0
 10
11.88
 20
14.796
 11
11.88
 21
14.804
  0
LINE
  8
0
 10
11.88
 20
14.804
 11
16.92
 21
14.804
  0
LINE
  8
0
 10
16.92
 20
14.804
 11
16.92
 21
14.796
  0
LINE
  8
0
 10
16.92
 20
14.796
 11
11.88
 21
14.796
  0
LINE
  8
0
 10
55.08
 20
14.796
 11
55.08
 21
14.804
  0
LINE
  8
0
 10
55.08
 20
14.804
 11
60.12
 21
14.804
  0
LINE
  8
0
 10
60.12
 20
14.804
 11
60.12
 21
14.796
  0
LINE
  8
0
 10
60.12
 20
14.796
 11
55.08
 21
14.796
  0
LINE
  8
0
 10
69.48
 20
14.796
 11
69.48
 21
14.804
  0
LINE
  8
0
 10
69.48
 20
14.804
 11
74.52
 21
14.804
  0
LINE
  8
0
 10
74.52
 20
14.804
 11
74.52
 21
14.796
  0
LINE
  8
0
 10
74.52
 20
14.796
 11
69.48
 21
14.796
  0
LINE
  8
0
 10
-2.51999
 20
14.764
 11
-2.51999
 21
14.772
  0
LINE
  8
0
 10
-2.51999
 20
14.772
 11
2.51999
 21
14.772
  0
LINE
  8
0
 10
2.51999
 20
14.772
 11
2.51999
 21
14.764
  0
LINE
  8
0
 10
2.51999
 20
14.764
 11
-2.51999
 21
14.764
  0
LINE
  8
0
 10
40.68
 20
14.764
 11
40.68
 21
14.772
  0
LINE
  8
0
 10
40.68
 20
14.772
 11
45.72
 21
14.772
  0
LINE
  8
0
 10
45.72
 20
14.772
 11
45.72
 21
14.764
  0
LINE
  8
0
 10
45.72
 20
14.764
 11
40.68
 21
14.764
  0
LINE
  8
0
 10
26.28
 20
14.764
 11
26.28
 21
14.772
  0
LINE
  8
0
 10
26.28
 20
14.772
 11
31.32
 21
14.772
  0
LINE
  8
0
 10
31.32
 20
14.772
 11
31.32
 21
14.764
  0
LINE
  8
0
 10
31.32
 20
14.764
 11
26.28
 21
14.764
  0
LINE
  8
0
 10
69.48
 20
14.764
 11
69.48
 21
14.772
  0
LINE
  8
0
 10
69.48
 20
14.772
 11
74.52
 21
14.772
  0
LINE
  8
0
 10
74.52
 20
14.772
 11
74.52
 21
14.764
  0
LINE
  8
0
 10
74.52
 20
14.764
 11
69.48
 21
14.764
  0
LINE
  8
0
 10
55.08
 20
14.764
 11
55.08
 21
14.772
  0
LINE
  8
0
 10
55.08
 20
14.772
 11
60.12
 21
14.772
  0
LINE
  8
0
 10
60.12
 20
14.772
 11
60.12
 21
14.764
  0
LINE
  8
0
 10
60.12
 20
14.764
 11
55.08
 21
14.764
  0
LINE
  8
0
 10
11.88
 20
14.764
 11
11.88
 21
14.772
  0
LINE
  8
0
 10
11.88
 20
14.772
 11
16.92
 21
14.772
  0
LINE
  8
0
 10
16.92
 20
14.772
 11
16.92
 21
14.764
  0
LINE
  8
0
 10
16.92
 20
14.764
 11
11.88
 21
14.764
  0
LINE
  8
0
 10
69.48
 20
14.732
 11
69.48
 21
14.74
  0
LINE
  8
0
 10
69.48
 20
14.74
 11
74.52
 21
14.74
  0
LINE
  8
0
 10
74.52
 20
14.74
 11
74.52
 21
14.732
  0
LINE
  8
0
 10
74.52
 20
14.732
 11
69.48
 21
14.732
  0
LINE
  8
0
 10
26.28
 20
14.732
 11
26.28
 21
14.74
  0
LINE
  8
0
 10
26.28
 20
14.74
 11
31.32
 21
14.74
  0
LINE
  8
0
 10
31.32
 20
14.74
 11
31.32
 21
14.732
  0
LINE
  8
0
 10
31.32
 20
14.732
 11
26.28
 21
14.732
  0
LINE
  8
0
 10
-2.51999
 20
14.732
 11
-2.51999
 21
14.74
  0
LINE
  8
0
 10
-2.51999
 20
14.74
 11
2.51999
 21
14.74
  0
LINE
  8
0
 10
2.51999
 20
14.74
 11
2.51999
 21
14.732
  0
LINE
  8
0
 10
2.51999
 20
14.732
 11
-2.51999
 21
14.732
  0
LINE
  8
0
 10
11.88
 20
14.732
 11
11.88
 21
14.74
  0
LINE
  8
0
 10
11.88
 20
14.74
 11
16.92
 21
14.74
  0
LINE
  8
0
 10
16.92
 20
14.74
 11
16.92
 21
14.732
  0
LINE
  8
0
 10
16.92
 20
14.732
 11
11.88
 21
14.732
  0
LINE
  8
0
 10
40.68
 20
14.732
 11
40.68
 21
14.74
  0
LINE
  8
0
 10
40.68
 20
14.74
 11
45.72
 21
14.74
  0
LINE
  8
0
 10
45.72
 20
14.74
 11
45.72
 21
14.732
  0
LINE
  8
0
 10
45.72
 20
14.732
 11
40.68
 21
14.732
  0
LINE
  8
0
 10
55.08
 20
14.732
 11
55.08
 21
14.74
  0
LINE
  8
0
 10
55.08
 20
14.74
 11
60.12
 21
14.74
  0
LINE
  8
0
 10
60.12
 20
14.74
 11
60.12
 21
14.732
  0
LINE
  8
0
 10
60.12
 20
14.732
 11
55.08
 21
14.732
  0
LINE
  8
0
 10
55.08
 20
14.7
 11
55.08
 21
14.708
  0
LINE
  8
0
 10
55.08
 20
14.708
 11
60.12
 21
14.708
  0
LINE
  8
0
 10
60.12
 20
14.708
 11
60.12
 21
14.7
  0
LINE
  8
0
 10
60.12
 20
14.7
 11
55.08
 21
14.7
  0
LINE
  8
0
 10
-2.51999
 20
14.7
 11
-2.51999
 21
14.708
  0
LINE
  8
0
 10
-2.51999
 20
14.708
 11
2.51999
 21
14.708
  0
LINE
  8
0
 10
2.51999
 20
14.708
 11
2.51999
 21
14.7
  0
LINE
  8
0
 10
2.51999
 20
14.7
 11
-2.51999
 21
14.7
  0
LINE
  8
0
 10
11.88
 20
14.7
 11
11.88
 21
14.708
  0
LINE
  8
0
 10
11.88
 20
14.708
 11
16.92
 21
14.708
  0
LINE
  8
0
 10
16.92
 20
14.708
 11
16.92
 21
14.7
  0
LINE
  8
0
 10
16.92
 20
14.7
 11
11.88
 21
14.7
  0
LINE
  8
0
 10
40.68
 20
14.7
 11
40.68
 21
14.708
  0
LINE
  8
0
 10
40.68
 20
14.708
 11
45.72
 21
14.708
  0
LINE
  8
0
 10
45.72
 20
14.708
 11
45.72
 21
14.7
  0
LINE
  8
0
 10
45.72
 20
14.7
 11
40.68
 21
14.7
  0
LINE
  8
0
 10
26.28
 20
14.7
 11
26.28
 21
14.708
  0
LINE
  8
0
 10
26.28
 20
14.708
 11
31.32
 21
14.708
  0
LINE
  8
0
 10
31.32
 20
14.708
 11
31.32
 21
14.7
  0
LINE
  8
0
 10
31.32
 20
14.7
 11
26.28
 21
14.7
  0
LINE
  8
0
 10
69.48
 20
14.7
 11
69.48
 21
14.708
  0
LINE
  8
0
 10
69.48
 20
14.708
 11
74.52
 21
14.708
  0
LINE
  8
0
 10
74.52
 20
14.708
 11
74.52
 21
14.7
  0
LINE
  8
0
 10
74.52
 20
14.7
 11
69.48
 21
14.7
  0
LINE
  8
0
 10
69.48
 20
14.668
 11
69.48
 21
14.676
  0
LINE
  8
0
 10
69.48
 20
14.676
 11
74.52
 21
14.676
  0
LINE
  8
0
 10
74.52
 20
14.676
 11
74.52
 21
14.668
  0
LINE
  8
0
 10
74.52
 20
14.668
 11
69.48
 21
14.668
  0
LINE
  8
0
 10
40.68
 20
14.668
 11
40.68
 21
14.676
  0
LINE
  8
0
 10
40.68
 20
14.676
 11
45.72
 21
14.676
  0
LINE
  8
0
 10
45.72
 20
14.676
 11
45.72
 21
14.668
  0
LINE
  8
0
 10
45.72
 20
14.668
 11
40.68
 21
14.668
  0
LINE
  8
0
 10
-2.51999
 20
14.668
 11
-2.51999
 21
14.676
  0
LINE
  8
0
 10
-2.51999
 20
14.676
 11
2.51999
 21
14.676
  0
LINE
  8
0
 10
2.51999
 20
14.676
 11
2.51999
 21
14.668
  0
LINE
  8
0
 10
2.51999
 20
14.668
 11
-2.51999
 21
14.668
  0
LINE
  8
0
 10
55.08
 20
14.668
 11
55.08
 21
14.676
  0
LINE
  8
0
 10
55.08
 20
14.676
 11
60.12
 21
14.676
  0
LINE
  8
0
 10
60.12
 20
14.676
 11
60.12
 21
14.668
  0
LINE
  8
0
 10
60.12
 20
14.668
 11
55.08
 21
14.668
  0
LINE
  8
0
 10
11.88
 20
14.668
 11
11.88
 21
14.676
  0
LINE
  8
0
 10
11.88
 20
14.676
 11
16.92
 21
14.676
  0
LINE
  8
0
 10
16.92
 20
14.676
 11
16.92
 21
14.668
  0
LINE
  8
0
 10
16.92
 20
14.668
 11
11.88
 21
14.668
  0
LINE
  8
0
 10
26.28
 20
14.668
 11
26.28
 21
14.676
  0
LINE
  8
0
 10
26.28
 20
14.676
 11
31.32
 21
14.676
  0
LINE
  8
0
 10
31.32
 20
14.676
 11
31.32
 21
14.668
  0
LINE
  8
0
 10
31.32
 20
14.668
 11
26.28
 21
14.668
  0
LINE
  8
0
 10
-2.51999
 20
14.636
 11
-2.51999
 21
14.644
  0
LINE
  8
0
 10
-2.51999
 20
14.644
 11
2.51999
 21
14.644
  0
LINE
  8
0
 10
2.51999
 20
14.644
 11
2.51999
 21
14.636
  0
LINE
  8
0
 10
2.51999
 20
14.636
 11
-2.51999
 21
14.636
  0
LINE
  8
0
 10
11.88
 20
14.636
 11
11.88
 21
14.644
  0
LINE
  8
0
 10
11.88
 20
14.644
 11
16.92
 21
14.644
  0
LINE
  8
0
 10
16.92
 20
14.644
 11
16.92
 21
14.636
  0
LINE
  8
0
 10
16.92
 20
14.636
 11
11.88
 21
14.636
  0
LINE
  8
0
 10
26.28
 20
14.636
 11
26.28
 21
14.644
  0
LINE
  8
0
 10
26.28
 20
14.644
 11
31.32
 21
14.644
  0
LINE
  8
0
 10
31.32
 20
14.644
 11
31.32
 21
14.636
  0
LINE
  8
0
 10
31.32
 20
14.636
 11
26.28
 21
14.636
  0
LINE
  8
0
 10
40.68
 20
14.636
 11
40.68
 21
14.644
  0
LINE
  8
0
 10
40.68
 20
14.644
 11
45.72
 21
14.644
  0
LINE
  8
0
 10
45.72
 20
14.644
 11
45.72
 21
14.636
  0
LINE
  8
0
 10
45.72
 20
14.636
 11
40.68
 21
14.636
  0
LINE
  8
0
 10
69.48
 20
14.636
 11
69.48
 21
14.644
  0
LINE
  8
0
 10
69.48
 20
14.644
 11
74.52
 21
14.644
  0
LINE
  8
0
 10
74.52
 20
14.644
 11
74.52
 21
14.636
  0
LINE
  8
0
 10
74.52
 20
14.636
 11
69.48
 21
14.636
  0
LINE
  8
0
 10
55.08
 20
14.636
 11
55.08
 21
14.644
  0
LINE
  8
0
 10
55.08
 20
14.644
 11
60.12
 21
14.644
  0
LINE
  8
0
 10
60.12
 20
14.644
 11
60.12
 21
14.636
  0
LINE
  8
0
 10
60.12
 20
14.636
 11
55.08
 21
14.636
  0
LINE
  8
0
 10
26.28
 20
14.604
 11
26.28
 21
14.612
  0
LINE
  8
0
 10
26.28
 20
14.612
 11
31.32
 21
14.612
  0
LINE
  8
0
 10
31.32
 20
14.612
 11
31.32
 21
14.604
  0
LINE
  8
0
 10
31.32
 20
14.604
 11
26.28
 21
14.604
  0
LINE
  8
0
 10
-2.51999
 20
14.604
 11
-2.51999
 21
14.612
  0
LINE
  8
0
 10
-2.51999
 20
14.612
 11
2.51999
 21
14.612
  0
LINE
  8
0
 10
2.51999
 20
14.612
 11
2.51999
 21
14.604
  0
LINE
  8
0
 10
2.51999
 20
14.604
 11
-2.51999
 21
14.604
  0
LINE
  8
0
 10
11.88
 20
14.604
 11
11.88
 21
14.612
  0
LINE
  8
0
 10
11.88
 20
14.612
 11
16.92
 21
14.612
  0
LINE
  8
0
 10
16.92
 20
14.612
 11
16.92
 21
14.604
  0
LINE
  8
0
 10
16.92
 20
14.604
 11
11.88
 21
14.604
  0
LINE
  8
0
 10
69.48
 20
14.604
 11
69.48
 21
14.612
  0
LINE
  8
0
 10
69.48
 20
14.612
 11
74.52
 21
14.612
  0
LINE
  8
0
 10
74.52
 20
14.612
 11
74.52
 21
14.604
  0
LINE
  8
0
 10
74.52
 20
14.604
 11
69.48
 21
14.604
  0
LINE
  8
0
 10
40.68
 20
14.604
 11
40.68
 21
14.612
  0
LINE
  8
0
 10
40.68
 20
14.612
 11
45.72
 21
14.612
  0
LINE
  8
0
 10
45.72
 20
14.612
 11
45.72
 21
14.604
  0
LINE
  8
0
 10
45.72
 20
14.604
 11
40.68
 21
14.604
  0
LINE
  8
0
 10
55.08
 20
14.604
 11
55.08
 21
14.612
  0
LINE
  8
0
 10
55.08
 20
14.612
 11
60.12
 21
14.612
  0
LINE
  8
0
 10
60.12
 20
14.612
 11
60.12
 21
14.604
  0
LINE
  8
0
 10
60.12
 20
14.604
 11
55.08
 21
14.604
  0
LINE
  8
0
 10
40.68
 20
14.572
 11
40.68
 21
14.58
  0
LINE
  8
0
 10
40.68
 20
14.58
 11
45.72
 21
14.58
  0
LINE
  8
0
 10
45.72
 20
14.58
 11
45.72
 21
14.572
  0
LINE
  8
0
 10
45.72
 20
14.572
 11
40.68
 21
14.572
  0
LINE
  8
0
 10
11.88
 20
14.572
 11
11.88
 21
14.58
  0
LINE
  8
0
 10
11.88
 20
14.58
 11
16.92
 21
14.58
  0
LINE
  8
0
 10
16.92
 20
14.58
 11
16.92
 21
14.572
  0
LINE
  8
0
 10
16.92
 20
14.572
 11
11.88
 21
14.572
  0
LINE
  8
0
 10
55.08
 20
14.572
 11
55.08
 21
14.58
  0
LINE
  8
0
 10
55.08
 20
14.58
 11
60.12
 21
14.58
  0
LINE
  8
0
 10
60.12
 20
14.58
 11
60.12
 21
14.572
  0
LINE
  8
0
 10
60.12
 20
14.572
 11
55.08
 21
14.572
  0
LINE
  8
0
 10
69.48
 20
14.572
 11
69.48
 21
14.58
  0
LINE
  8
0
 10
69.48
 20
14.58
 11
74.52
 21
14.58
  0
LINE
  8
0
 10
74.52
 20
14.58
 11
74.52
 21
14.572
  0
LINE
  8
0
 10
74.52
 20
14.572
 11
69.48
 21
14.572
  0
LINE
  8
0
 10
-2.51999
 20
14.572
 11
-2.51999
 21
14.58
  0
LINE
  8
0
 10
-2.51999
 20
14.58
 11
2.51999
 21
14.58
  0
LINE
  8
0
 10
2.51999
 20
14.58
 11
2.51999
 21
14.572
  0
LINE
  8
0
 10
2.51999
 20
14.572
 11
-2.51999
 21
14.572
  0
LINE
  8
0
 10
26.28
 20
14.572
 11
26.28
 21
14.58
  0
LINE
  8
0
 10
26.28
 20
14.58
 11
31.32
 21
14.58
  0
LINE
  8
0
 10
31.32
 20
14.58
 11
31.32
 21
14.572
  0
LINE
  8
0
 10
31.32
 20
14.572
 11
26.28
 21
14.572
  0
LINE
  8
0
 10
11.88
 20
14.54
 11
11.88
 21
14.548
  0
LINE
  8
0
 10
11.88
 20
14.548
 11
16.92
 21
14.548
  0
LINE
  8
0
 10
16.92
 20
14.548
 11
16.92
 21
14.54
  0
LINE
  8
0
 10
16.92
 20
14.54
 11
11.88
 21
14.54
  0
LINE
  8
0
 10
26.28
 20
14.54
 11
26.28
 21
14.548
  0
LINE
  8
0
 10
26.28
 20
14.548
 11
31.32
 21
14.548
  0
LINE
  8
0
 10
31.32
 20
14.548
 11
31.32
 21
14.54
  0
LINE
  8
0
 10
31.32
 20
14.54
 11
26.28
 21
14.54
  0
LINE
  8
0
 10
69.48
 20
14.54
 11
69.48
 21
14.548
  0
LINE
  8
0
 10
69.48
 20
14.548
 11
74.52
 21
14.548
  0
LINE
  8
0
 10
74.52
 20
14.548
 11
74.52
 21
14.54
  0
LINE
  8
0
 10
74.52
 20
14.54
 11
69.48
 21
14.54
  0
LINE
  8
0
 10
55.08
 20
14.54
 11
55.08
 21
14.548
  0
LINE
  8
0
 10
55.08
 20
14.548
 11
60.12
 21
14.548
  0
LINE
  8
0
 10
60.12
 20
14.548
 11
60.12
 21
14.54
  0
LINE
  8
0
 10
60.12
 20
14.54
 11
55.08
 21
14.54
  0
LINE
  8
0
 10
-2.51999
 20
14.54
 11
-2.51999
 21
14.548
  0
LINE
  8
0
 10
-2.51999
 20
14.548
 11
2.51999
 21
14.548
  0
LINE
  8
0
 10
2.51999
 20
14.548
 11
2.51999
 21
14.54
  0
LINE
  8
0
 10
2.51999
 20
14.54
 11
-2.51999
 21
14.54
  0
LINE
  8
0
 10
40.68
 20
14.54
 11
40.68
 21
14.548
  0
LINE
  8
0
 10
40.68
 20
14.548
 11
45.72
 21
14.548
  0
LINE
  8
0
 10
45.72
 20
14.548
 11
45.72
 21
14.54
  0
LINE
  8
0
 10
45.72
 20
14.54
 11
40.68
 21
14.54
  0
LINE
  8
0
 10
26.28
 20
14.508
 11
26.28
 21
14.516
  0
LINE
  8
0
 10
26.28
 20
14.516
 11
31.32
 21
14.516
  0
LINE
  8
0
 10
31.32
 20
14.516
 11
31.32
 21
14.508
  0
LINE
  8
0
 10
31.32
 20
14.508
 11
26.28
 21
14.508
  0
LINE
  8
0
 10
40.68
 20
14.508
 11
40.68
 21
14.516
  0
LINE
  8
0
 10
40.68
 20
14.516
 11
45.72
 21
14.516
  0
LINE
  8
0
 10
45.72
 20
14.516
 11
45.72
 21
14.508
  0
LINE
  8
0
 10
45.72
 20
14.508
 11
40.68
 21
14.508
  0
LINE
  8
0
 10
-2.51999
 20
14.508
 11
-2.51999
 21
14.516
  0
LINE
  8
0
 10
-2.51999
 20
14.516
 11
2.51999
 21
14.516
  0
LINE
  8
0
 10
2.51999
 20
14.516
 11
2.51999
 21
14.508
  0
LINE
  8
0
 10
2.51999
 20
14.508
 11
-2.51999
 21
14.508
  0
LINE
  8
0
 10
55.08
 20
14.508
 11
55.08
 21
14.516
  0
LINE
  8
0
 10
55.08
 20
14.516
 11
60.12
 21
14.516
  0
LINE
  8
0
 10
60.12
 20
14.516
 11
60.12
 21
14.508
  0
LINE
  8
0
 10
60.12
 20
14.508
 11
55.08
 21
14.508
  0
LINE
  8
0
 10
11.88
 20
14.508
 11
11.88
 21
14.516
  0
LINE
  8
0
 10
11.88
 20
14.516
 11
16.92
 21
14.516
  0
LINE
  8
0
 10
16.92
 20
14.516
 11
16.92
 21
14.508
  0
LINE
  8
0
 10
16.92
 20
14.508
 11
11.88
 21
14.508
  0
LINE
  8
0
 10
69.48
 20
14.508
 11
69.48
 21
14.516
  0
LINE
  8
0
 10
69.48
 20
14.516
 11
74.52
 21
14.516
  0
LINE
  8
0
 10
74.52
 20
14.516
 11
74.52
 21
14.508
  0
LINE
  8
0
 10
74.52
 20
14.508
 11
69.48
 21
14.508
  0
LINE
  8
0
 10
26.28
 20
14.476
 11
26.28
 21
14.484
  0
LINE
  8
0
 10
26.28
 20
14.484
 11
31.32
 21
14.484
  0
LINE
  8
0
 10
31.32
 20
14.484
 11
31.32
 21
14.476
  0
LINE
  8
0
 10
31.32
 20
14.476
 11
26.28
 21
14.476
  0
LINE
  8
0
 10
-2.51999
 20
14.476
 11
-2.51999
 21
14.484
  0
LINE
  8
0
 10
-2.51999
 20
14.484
 11
2.51999
 21
14.484
  0
LINE
  8
0
 10
2.51999
 20
14.484
 11
2.51999
 21
14.476
  0
LINE
  8
0
 10
2.51999
 20
14.476
 11
-2.51999
 21
14.476
  0
LINE
  8
0
 10
69.48
 20
14.476
 11
69.48
 21
14.484
  0
LINE
  8
0
 10
69.48
 20
14.484
 11
74.52
 21
14.484
  0
LINE
  8
0
 10
74.52
 20
14.484
 11
74.52
 21
14.476
  0
LINE
  8
0
 10
74.52
 20
14.476
 11
69.48
 21
14.476
  0
LINE
  8
0
 10
11.88
 20
14.476
 11
11.88
 21
14.484
  0
LINE
  8
0
 10
11.88
 20
14.484
 11
16.92
 21
14.484
  0
LINE
  8
0
 10
16.92
 20
14.484
 11
16.92
 21
14.476
  0
LINE
  8
0
 10
16.92
 20
14.476
 11
11.88
 21
14.476
  0
LINE
  8
0
 10
40.68
 20
14.476
 11
40.68
 21
14.484
  0
LINE
  8
0
 10
40.68
 20
14.484
 11
45.72
 21
14.484
  0
LINE
  8
0
 10
45.72
 20
14.484
 11
45.72
 21
14.476
  0
LINE
  8
0
 10
45.72
 20
14.476
 11
40.68
 21
14.476
  0
LINE
  8
0
 10
55.08
 20
14.476
 11
55.08
 21
14.484
  0
LINE
  8
0
 10
55.08
 20
14.484
 11
60.12
 21
14.484
  0
LINE
  8
0
 10
60.12
 20
14.484
 11
60.12
 21
14.476
  0
LINE
  8
0
 10
60.12
 20
14.476
 11
55.08
 21
14.476
  0
LINE
  8
0
 10
40.68
 20
14.444
 11
40.68
 21
14.452
  0
LINE
  8
0
 10
40.68
 20
14.452
 11
45.72
 21
14.452
  0
LINE
  8
0
 10
45.72
 20
14.452
 11
45.72
 21
14.444
  0
LINE
  8
0
 10
45.72
 20
14.444
 11
40.68
 21
14.444
  0
LINE
  8
0
 10
69.48
 20
14.444
 11
69.48
 21
14.452
  0
LINE
  8
0
 10
69.48
 20
14.452
 11
74.52
 21
14.452
  0
LINE
  8
0
 10
74.52
 20
14.452
 11
74.52
 21
14.444
  0
LINE
  8
0
 10
74.52
 20
14.444
 11
69.48
 21
14.444
  0
LINE
  8
0
 10
-2.51999
 20
14.444
 11
-2.51999
 21
14.452
  0
LINE
  8
0
 10
-2.51999
 20
14.452
 11
2.51999
 21
14.452
  0
LINE
  8
0
 10
2.51999
 20
14.452
 11
2.51999
 21
14.444
  0
LINE
  8
0
 10
2.51999
 20
14.444
 11
-2.51999
 21
14.444
  0
LINE
  8
0
 10
55.08
 20
14.444
 11
55.08
 21
14.452
  0
LINE
  8
0
 10
55.08
 20
14.452
 11
60.12
 21
14.452
  0
LINE
  8
0
 10
60.12
 20
14.452
 11
60.12
 21
14.444
  0
LINE
  8
0
 10
60.12
 20
14.444
 11
55.08
 21
14.444
  0
LINE
  8
0
 10
11.88
 20
14.444
 11
11.88
 21
14.452
  0
LINE
  8
0
 10
11.88
 20
14.452
 11
16.92
 21
14.452
  0
LINE
  8
0
 10
16.92
 20
14.452
 11
16.92
 21
14.444
  0
LINE
  8
0
 10
16.92
 20
14.444
 11
11.88
 21
14.444
  0
LINE
  8
0
 10
26.28
 20
14.444
 11
26.28
 21
14.452
  0
LINE
  8
0
 10
26.28
 20
14.452
 11
31.32
 21
14.452
  0
LINE
  8
0
 10
31.32
 20
14.452
 11
31.32
 21
14.444
  0
LINE
  8
0
 10
31.32
 20
14.444
 11
26.28
 21
14.444
  0
LINE
  8
0
 10
26.28
 20
14.412
 11
26.28
 21
14.42
  0
LINE
  8
0
 10
26.28
 20
14.42
 11
31.32
 21
14.42
  0
LINE
  8
0
 10
31.32
 20
14.42
 11
31.32
 21
14.412
  0
LINE
  8
0
 10
31.32
 20
14.412
 11
26.28
 21
14.412
  0
LINE
  8
0
 10
11.88
 20
14.412
 11
11.88
 21
14.42
  0
LINE
  8
0
 10
11.88
 20
14.42
 11
16.92
 21
14.42
  0
LINE
  8
0
 10
16.92
 20
14.42
 11
16.92
 21
14.412
  0
LINE
  8
0
 10
16.92
 20
14.412
 11
11.88
 21
14.412
  0
LINE
  8
0
 10
69.48
 20
14.412
 11
69.48
 21
14.42
  0
LINE
  8
0
 10
69.48
 20
14.42
 11
74.52
 21
14.42
  0
LINE
  8
0
 10
74.52
 20
14.42
 11
74.52
 21
14.412
  0
LINE
  8
0
 10
74.52
 20
14.412
 11
69.48
 21
14.412
  0
LINE
  8
0
 10
-2.51999
 20
14.412
 11
-2.51999
 21
14.42
  0
LINE
  8
0
 10
-2.51999
 20
14.42
 11
2.51999
 21
14.42
  0
LINE
  8
0
 10
2.51999
 20
14.42
 11
2.51999
 21
14.412
  0
LINE
  8
0
 10
2.51999
 20
14.412
 11
-2.51999
 21
14.412
  0
LINE
  8
0
 10
55.08
 20
14.412
 11
55.08
 21
14.42
  0
LINE
  8
0
 10
55.08
 20
14.42
 11
60.12
 21
14.42
  0
LINE
  8
0
 10
60.12
 20
14.42
 11
60.12
 21
14.412
  0
LINE
  8
0
 10
60.12
 20
14.412
 11
55.08
 21
14.412
  0
LINE
  8
0
 10
40.68
 20
14.412
 11
40.68
 21
14.42
  0
LINE
  8
0
 10
40.68
 20
14.42
 11
45.72
 21
14.42
  0
LINE
  8
0
 10
45.72
 20
14.42
 11
45.72
 21
14.412
  0
LINE
  8
0
 10
45.72
 20
14.412
 11
40.68
 21
14.412
  0
LINE
  8
0
 10
11.88
 20
14.38
 11
11.88
 21
14.388
  0
LINE
  8
0
 10
11.88
 20
14.388
 11
16.92
 21
14.388
  0
LINE
  8
0
 10
16.92
 20
14.388
 11
16.92
 21
14.38
  0
LINE
  8
0
 10
16.92
 20
14.38
 11
11.88
 21
14.38
  0
LINE
  8
0
 10
40.68
 20
14.38
 11
40.68
 21
14.388
  0
LINE
  8
0
 10
40.68
 20
14.388
 11
45.72
 21
14.388
  0
LINE
  8
0
 10
45.72
 20
14.388
 11
45.72
 21
14.38
  0
LINE
  8
0
 10
45.72
 20
14.38
 11
40.68
 21
14.38
  0
LINE
  8
0
 10
-2.51999
 20
14.38
 11
-2.51999
 21
14.388
  0
LINE
  8
0
 10
-2.51999
 20
14.388
 11
2.51999
 21
14.388
  0
LINE
  8
0
 10
2.51999
 20
14.388
 11
2.51999
 21
14.38
  0
LINE
  8
0
 10
2.51999
 20
14.38
 11
-2.51999
 21
14.38
  0
LINE
  8
0
 10
26.28
 20
14.38
 11
26.28
 21
14.388
  0
LINE
  8
0
 10
26.28
 20
14.388
 11
31.32
 21
14.388
  0
LINE
  8
0
 10
31.32
 20
14.388
 11
31.32
 21
14.38
  0
LINE
  8
0
 10
31.32
 20
14.38
 11
26.28
 21
14.38
  0
LINE
  8
0
 10
55.08
 20
14.38
 11
55.08
 21
14.388
  0
LINE
  8
0
 10
55.08
 20
14.388
 11
60.12
 21
14.388
  0
LINE
  8
0
 10
60.12
 20
14.388
 11
60.12
 21
14.38
  0
LINE
  8
0
 10
60.12
 20
14.38
 11
55.08
 21
14.38
  0
LINE
  8
0
 10
69.48
 20
14.38
 11
69.48
 21
14.388
  0
LINE
  8
0
 10
69.48
 20
14.388
 11
74.52
 21
14.388
  0
LINE
  8
0
 10
74.52
 20
14.388
 11
74.52
 21
14.38
  0
LINE
  8
0
 10
74.52
 20
14.38
 11
69.48
 21
14.38
  0
LINE
  8
0
 10
11.88
 20
14.348
 11
11.88
 21
14.356
  0
LINE
  8
0
 10
11.88
 20
14.356
 11
16.92
 21
14.356
  0
LINE
  8
0
 10
16.92
 20
14.356
 11
16.92
 21
14.348
  0
LINE
  8
0
 10
16.92
 20
14.348
 11
11.88
 21
14.348
  0
LINE
  8
0
 10
26.28
 20
14.348
 11
26.28
 21
14.356
  0
LINE
  8
0
 10
26.28
 20
14.356
 11
31.32
 21
14.356
  0
LINE
  8
0
 10
31.32
 20
14.356
 11
31.32
 21
14.348
  0
LINE
  8
0
 10
31.32
 20
14.348
 11
26.28
 21
14.348
  0
LINE
  8
0
 10
55.08
 20
14.348
 11
55.08
 21
14.356
  0
LINE
  8
0
 10
55.08
 20
14.356
 11
60.12
 21
14.356
  0
LINE
  8
0
 10
60.12
 20
14.356
 11
60.12
 21
14.348
  0
LINE
  8
0
 10
60.12
 20
14.348
 11
55.08
 21
14.348
  0
LINE
  8
0
 10
69.48
 20
14.348
 11
69.48
 21
14.356
  0
LINE
  8
0
 10
69.48
 20
14.356
 11
74.52
 21
14.356
  0
LINE
  8
0
 10
74.52
 20
14.356
 11
74.52
 21
14.348
  0
LINE
  8
0
 10
74.52
 20
14.348
 11
69.48
 21
14.348
  0
LINE
  8
0
 10
40.68
 20
14.348
 11
40.68
 21
14.356
  0
LINE
  8
0
 10
40.68
 20
14.356
 11
45.72
 21
14.356
  0
LINE
  8
0
 10
45.72
 20
14.356
 11
45.72
 21
14.348
  0
LINE
  8
0
 10
45.72
 20
14.348
 11
40.68
 21
14.348
  0
LINE
  8
0
 10
-2.51999
 20
14.348
 11
-2.51999
 21
14.356
  0
LINE
  8
0
 10
-2.51999
 20
14.356
 11
2.51999
 21
14.356
  0
LINE
  8
0
 10
2.51999
 20
14.356
 11
2.51999
 21
14.348
  0
LINE
  8
0
 10
2.51999
 20
14.348
 11
-2.51999
 21
14.348
  0
LINE
  8
0
 10
-2.51999
 20
14.316
 11
-2.51999
 21
14.324
  0
LINE
  8
0
 10
-2.51999
 20
14.324
 11
2.51999
 21
14.324
  0
LINE
  8
0
 10
2.51999
 20
14.324
 11
2.51999
 21
14.316
  0
LINE
  8
0
 10
2.51999
 20
14.316
 11
-2.51999
 21
14.316
  0
LINE
  8
0
 10
69.48
 20
14.316
 11
69.48
 21
14.324
  0
LINE
  8
0
 10
69.48
 20
14.324
 11
74.52
 21
14.324
  0
LINE
  8
0
 10
74.52
 20
14.324
 11
74.52
 21
14.316
  0
LINE
  8
0
 10
74.52
 20
14.316
 11
69.48
 21
14.316
  0
LINE
  8
0
 10
40.68
 20
14.316
 11
40.68
 21
14.324
  0
LINE
  8
0
 10
40.68
 20
14.324
 11
45.72
 21
14.324
  0
LINE
  8
0
 10
45.72
 20
14.324
 11
45.72
 21
14.316
  0
LINE
  8
0
 10
45.72
 20
14.316
 11
40.68
 21
14.316
  0
LINE
  8
0
 10
26.28
 20
14.316
 11
26.28
 21
14.324
  0
LINE
  8
0
 10
26.28
 20
14.324
 11
31.32
 21
14.324
  0
LINE
  8
0
 10
31.32
 20
14.324
 11
31.32
 21
14.316
  0
LINE
  8
0
 10
31.32
 20
14.316
 11
26.28
 21
14.316
  0
LINE
  8
0
 10
55.08
 20
14.316
 11
55.08
 21
14.324
  0
LINE
  8
0
 10
55.08
 20
14.324
 11
60.12
 21
14.324
  0
LINE
  8
0
 10
60.12
 20
14.324
 11
60.12
 21
14.316
  0
LINE
  8
0
 10
60.12
 20
14.316
 11
55.08
 21
14.316
  0
LINE
  8
0
 10
11.88
 20
14.316
 11
11.88
 21
14.324
  0
LINE
  8
0
 10
11.88
 20
14.324
 11
16.92
 21
14.324
  0
LINE
  8
0
 10
16.92
 20
14.324
 11
16.92
 21
14.316
  0
LINE
  8
0
 10
16.92
 20
14.316
 11
11.88
 21
14.316
  0
LINE
  8
0
 10
55.08
 20
14.284
 11
55.08
 21
14.292
  0
LINE
  8
0
 10
55.08
 20
14.292
 11
60.12
 21
14.292
  0
LINE
  8
0
 10
60.12
 20
14.292
 11
60.12
 21
14.284
  0
LINE
  8
0
 10
60.12
 20
14.284
 11
55.08
 21
14.284
  0
LINE
  8
0
 10
11.88
 20
14.284
 11
11.88
 21
14.292
  0
LINE
  8
0
 10
11.88
 20
14.292
 11
16.92
 21
14.292
  0
LINE
  8
0
 10
16.92
 20
14.292
 11
16.92
 21
14.284
  0
LINE
  8
0
 10
16.92
 20
14.284
 11
11.88
 21
14.284
  0
LINE
  8
0
 10
69.48
 20
14.284
 11
69.48
 21
14.292
  0
LINE
  8
0
 10
69.48
 20
14.292
 11
74.52
 21
14.292
  0
LINE
  8
0
 10
74.52
 20
14.292
 11
74.52
 21
14.284
  0
LINE
  8
0
 10
74.52
 20
14.284
 11
69.48
 21
14.284
  0
LINE
  8
0
 10
40.68
 20
14.284
 11
40.68
 21
14.292
  0
LINE
  8
0
 10
40.68
 20
14.292
 11
45.72
 21
14.292
  0
LINE
  8
0
 10
45.72
 20
14.292
 11
45.72
 21
14.284
  0
LINE
  8
0
 10
45.72
 20
14.284
 11
40.68
 21
14.284
  0
LINE
  8
0
 10
26.28
 20
14.284
 11
26.28
 21
14.292
  0
LINE
  8
0
 10
26.28
 20
14.292
 11
31.32
 21
14.292
  0
LINE
  8
0
 10
31.32
 20
14.292
 11
31.32
 21
14.284
  0
LINE
  8
0
 10
31.32
 20
14.284
 11
26.28
 21
14.284
  0
LINE
  8
0
 10
-2.51999
 20
14.284
 11
-2.51999
 21
14.292
  0
LINE
  8
0
 10
-2.51999
 20
14.292
 11
2.51999
 21
14.292
  0
LINE
  8
0
 10
2.51999
 20
14.292
 11
2.51999
 21
14.284
  0
LINE
  8
0
 10
2.51999
 20
14.284
 11
-2.51999
 21
14.284
  0
LINE
  8
0
 10
26.28
 20
14.252
 11
26.28
 21
14.26
  0
LINE
  8
0
 10
26.28
 20
14.26
 11
31.32
 21
14.26
  0
LINE
  8
0
 10
31.32
 20
14.26
 11
31.32
 21
14.252
  0
LINE
  8
0
 10
31.32
 20
14.252
 11
26.28
 21
14.252
  0
LINE
  8
0
 10
40.68
 20
14.252
 11
40.68
 21
14.26
  0
LINE
  8
0
 10
40.68
 20
14.26
 11
45.72
 21
14.26
  0
LINE
  8
0
 10
45.72
 20
14.26
 11
45.72
 21
14.252
  0
LINE
  8
0
 10
45.72
 20
14.252
 11
40.68
 21
14.252
  0
LINE
  8
0
 10
69.48
 20
14.252
 11
69.48
 21
14.26
  0
LINE
  8
0
 10
69.48
 20
14.26
 11
74.52
 21
14.26
  0
LINE
  8
0
 10
74.52
 20
14.26
 11
74.52
 21
14.252
  0
LINE
  8
0
 10
74.52
 20
14.252
 11
69.48
 21
14.252
  0
LINE
  8
0
 10
55.08
 20
14.252
 11
55.08
 21
14.26
  0
LINE
  8
0
 10
55.08
 20
14.26
 11
60.12
 21
14.26
  0
LINE
  8
0
 10
60.12
 20
14.26
 11
60.12
 21
14.252
  0
LINE
  8
0
 10
60.12
 20
14.252
 11
55.08
 21
14.252
  0
LINE
  8
0
 10
11.88
 20
14.252
 11
11.88
 21
14.26
  0
LINE
  8
0
 10
11.88
 20
14.26
 11
16.92
 21
14.26
  0
LINE
  8
0
 10
16.92
 20
14.26
 11
16.92
 21
14.252
  0
LINE
  8
0
 10
16.92
 20
14.252
 11
11.88
 21
14.252
  0
LINE
  8
0
 10
-2.51999
 20
14.252
 11
-2.51999
 21
14.26
  0
LINE
  8
0
 10
-2.51999
 20
14.26
 11
2.51999
 21
14.26
  0
LINE
  8
0
 10
2.51999
 20
14.26
 11
2.51999
 21
14.252
  0
LINE
  8
0
 10
2.51999
 20
14.252
 11
-2.51999
 21
14.252
  0
LINE
  8
0
 10
11.88
 20
14.22
 11
11.88
 21
14.228
  0
LINE
  8
0
 10
11.88
 20
14.228
 11
16.92
 21
14.228
  0
LINE
  8
0
 10
16.92
 20
14.228
 11
16.92
 21
14.22
  0
LINE
  8
0
 10
16.92
 20
14.22
 11
11.88
 21
14.22
  0
LINE
  8
0
 10
40.68
 20
14.22
 11
40.68
 21
14.228
  0
LINE
  8
0
 10
40.68
 20
14.228
 11
45.72
 21
14.228
  0
LINE
  8
0
 10
45.72
 20
14.228
 11
45.72
 21
14.22
  0
LINE
  8
0
 10
45.72
 20
14.22
 11
40.68
 21
14.22
  0
LINE
  8
0
 10
69.48
 20
14.22
 11
69.48
 21
14.228
  0
LINE
  8
0
 10
69.48
 20
14.228
 11
74.52
 21
14.228
  0
LINE
  8
0
 10
74.52
 20
14.228
 11
74.52
 21
14.22
  0
LINE
  8
0
 10
74.52
 20
14.22
 11
69.48
 21
14.22
  0
LINE
  8
0
 10
-2.51999
 20
14.22
 11
-2.51999
 21
14.228
  0
LINE
  8
0
 10
-2.51999
 20
14.228
 11
2.51999
 21
14.228
  0
LINE
  8
0
 10
2.51999
 20
14.228
 11
2.51999
 21
14.22
  0
LINE
  8
0
 10
2.51999
 20
14.22
 11
-2.51999
 21
14.22
  0
LINE
  8
0
 10
55.08
 20
14.22
 11
55.08
 21
14.228
  0
LINE
  8
0
 10
55.08
 20
14.228
 11
60.12
 21
14.228
  0
LINE
  8
0
 10
60.12
 20
14.228
 11
60.12
 21
14.22
  0
LINE
  8
0
 10
60.12
 20
14.22
 11
55.08
 21
14.22
  0
LINE
  8
0
 10
26.28
 20
14.22
 11
26.28
 21
14.228
  0
LINE
  8
0
 10
26.28
 20
14.228
 11
31.32
 21
14.228
  0
LINE
  8
0
 10
31.32
 20
14.228
 11
31.32
 21
14.22
  0
LINE
  8
0
 10
31.32
 20
14.22
 11
26.28
 21
14.22
  0
LINE
  8
0
 10
69.48
 20
14.188
 11
69.48
 21
14.196
  0
LINE
  8
0
 10
69.48
 20
14.196
 11
74.52
 21
14.196
  0
LINE
  8
0
 10
74.52
 20
14.196
 11
74.52
 21
14.188
  0
LINE
  8
0
 10
74.52
 20
14.188
 11
69.48
 21
14.188
  0
LINE
  8
0
 10
11.88
 20
14.188
 11
11.88
 21
14.196
  0
LINE
  8
0
 10
11.88
 20
14.196
 11
16.92
 21
14.196
  0
LINE
  8
0
 10
16.92
 20
14.196
 11
16.92
 21
14.188
  0
LINE
  8
0
 10
16.92
 20
14.188
 11
11.88
 21
14.188
  0
LINE
  8
0
 10
40.68
 20
14.188
 11
40.68
 21
14.196
  0
LINE
  8
0
 10
40.68
 20
14.196
 11
45.72
 21
14.196
  0
LINE
  8
0
 10
45.72
 20
14.196
 11
45.72
 21
14.188
  0
LINE
  8
0
 10
45.72
 20
14.188
 11
40.68
 21
14.188
  0
LINE
  8
0
 10
55.08
 20
14.188
 11
55.08
 21
14.196
  0
LINE
  8
0
 10
55.08
 20
14.196
 11
60.12
 21
14.196
  0
LINE
  8
0
 10
60.12
 20
14.196
 11
60.12
 21
14.188
  0
LINE
  8
0
 10
60.12
 20
14.188
 11
55.08
 21
14.188
  0
LINE
  8
0
 10
26.28
 20
14.188
 11
26.28
 21
14.196
  0
LINE
  8
0
 10
26.28
 20
14.196
 11
31.32
 21
14.196
  0
LINE
  8
0
 10
31.32
 20
14.196
 11
31.32
 21
14.188
  0
LINE
  8
0
 10
31.32
 20
14.188
 11
26.28
 21
14.188
  0
LINE
  8
0
 10
-2.51999
 20
14.188
 11
-2.51999
 21
14.196
  0
LINE
  8
0
 10
-2.51999
 20
14.196
 11
2.51999
 21
14.196
  0
LINE
  8
0
 10
2.51999
 20
14.196
 11
2.51999
 21
14.188
  0
LINE
  8
0
 10
2.51999
 20
14.188
 11
-2.51999
 21
14.188
  0
LINE
  8
0
 10
11.88
 20
14.156
 11
11.88
 21
14.164
  0
LINE
  8
0
 10
11.88
 20
14.164
 11
16.92
 21
14.164
  0
LINE
  8
0
 10
16.92
 20
14.164
 11
16.92
 21
14.156
  0
LINE
  8
0
 10
16.92
 20
14.156
 11
11.88
 21
14.156
  0
LINE
  8
0
 10
40.68
 20
14.156
 11
40.68
 21
14.164
  0
LINE
  8
0
 10
40.68
 20
14.164
 11
45.72
 21
14.164
  0
LINE
  8
0
 10
45.72
 20
14.164
 11
45.72
 21
14.156
  0
LINE
  8
0
 10
45.72
 20
14.156
 11
40.68
 21
14.156
  0
LINE
  8
0
 10
69.48
 20
14.156
 11
69.48
 21
14.164
  0
LINE
  8
0
 10
69.48
 20
14.164
 11
74.52
 21
14.164
  0
LINE
  8
0
 10
74.52
 20
14.164
 11
74.52
 21
14.156
  0
LINE
  8
0
 10
74.52
 20
14.156
 11
69.48
 21
14.156
  0
LINE
  8
0
 10
-2.51999
 20
14.156
 11
-2.51999
 21
14.164
  0
LINE
  8
0
 10
-2.51999
 20
14.164
 11
2.51999
 21
14.164
  0
LINE
  8
0
 10
2.51999
 20
14.164
 11
2.51999
 21
14.156
  0
LINE
  8
0
 10
2.51999
 20
14.156
 11
-2.51999
 21
14.156
  0
LINE
  8
0
 10
55.08
 20
14.156
 11
55.08
 21
14.164
  0
LINE
  8
0
 10
55.08
 20
14.164
 11
60.12
 21
14.164
  0
LINE
  8
0
 10
60.12
 20
14.164
 11
60.12
 21
14.156
  0
LINE
  8
0
 10
60.12
 20
14.156
 11
55.08
 21
14.156
  0
LINE
  8
0
 10
26.28
 20
14.156
 11
26.28
 21
14.164
  0
LINE
  8
0
 10
26.28
 20
14.164
 11
31.32
 21
14.164
  0
LINE
  8
0
 10
31.32
 20
14.164
 11
31.32
 21
14.156
  0
LINE
  8
0
 10
31.32
 20
14.156
 11
26.28
 21
14.156
  0
LINE
  8
0
 10
55.08
 20
14.124
 11
55.08
 21
14.132
  0
LINE
  8
0
 10
55.08
 20
14.132
 11
60.12
 21
14.132
  0
LINE
  8
0
 10
60.12
 20
14.132
 11
60.12
 21
14.124
  0
LINE
  8
0
 10
60.12
 20
14.124
 11
55.08
 21
14.124
  0
LINE
  8
0
 10
-2.51999
 20
14.124
 11
-2.51999
 21
14.132
  0
LINE
  8
0
 10
-2.51999
 20
14.132
 11
2.51999
 21
14.132
  0
LINE
  8
0
 10
2.51999
 20
14.132
 11
2.51999
 21
14.124
  0
LINE
  8
0
 10
2.51999
 20
14.124
 11
-2.51999
 21
14.124
  0
LINE
  8
0
 10
40.68
 20
14.124
 11
40.68
 21
14.132
  0
LINE
  8
0
 10
40.68
 20
14.132
 11
45.72
 21
14.132
  0
LINE
  8
0
 10
45.72
 20
14.132
 11
45.72
 21
14.124
  0
LINE
  8
0
 10
45.72
 20
14.124
 11
40.68
 21
14.124
  0
LINE
  8
0
 10
69.48
 20
14.124
 11
69.48
 21
14.132
  0
LINE
  8
0
 10
69.48
 20
14.132
 11
74.52
 21
14.132
  0
LINE
  8
0
 10
74.52
 20
14.132
 11
74.52
 21
14.124
  0
LINE
  8
0
 10
74.52
 20
14.124
 11
69.48
 21
14.124
  0
LINE
  8
0
 10
11.88
 20
14.124
 11
11.88
 21
14.132
  0
LINE
  8
0
 10
11.88
 20
14.132
 11
16.92
 21
14.132
  0
LINE
  8
0
 10
16.92
 20
14.132
 11
16.92
 21
14.124
  0
LINE
  8
0
 10
16.92
 20
14.124
 11
11.88
 21
14.124
  0
LINE
  8
0
 10
26.28
 20
14.124
 11
26.28
 21
14.132
  0
LINE
  8
0
 10
26.28
 20
14.132
 11
31.32
 21
14.132
  0
LINE
  8
0
 10
31.32
 20
14.132
 11
31.32
 21
14.124
  0
LINE
  8
0
 10
31.32
 20
14.124
 11
26.28
 21
14.124
  0
LINE
  8
0
 10
-2.51999
 20
14.092
 11
-2.51999
 21
14.1
  0
LINE
  8
0
 10
-2.51999
 20
14.1
 11
2.51999
 21
14.1
  0
LINE
  8
0
 10
2.51999
 20
14.1
 11
2.51999
 21
14.092
  0
LINE
  8
0
 10
2.51999
 20
14.092
 11
-2.51999
 21
14.092
  0
LINE
  8
0
 10
55.08
 20
14.092
 11
55.08
 21
14.1
  0
LINE
  8
0
 10
55.08
 20
14.1
 11
60.12
 21
14.1
  0
LINE
  8
0
 10
60.12
 20
14.1
 11
60.12
 21
14.092
  0
LINE
  8
0
 10
60.12
 20
14.092
 11
55.08
 21
14.092
  0
LINE
  8
0
 10
11.88
 20
14.092
 11
11.88
 21
14.1
  0
LINE
  8
0
 10
11.88
 20
14.1
 11
16.92
 21
14.1
  0
LINE
  8
0
 10
16.92
 20
14.1
 11
16.92
 21
14.092
  0
LINE
  8
0
 10
16.92
 20
14.092
 11
11.88
 21
14.092
  0
LINE
  8
0
 10
69.48
 20
14.092
 11
69.48
 21
14.1
  0
LINE
  8
0
 10
69.48
 20
14.1
 11
74.52
 21
14.1
  0
LINE
  8
0
 10
74.52
 20
14.1
 11
74.52
 21
14.092
  0
LINE
  8
0
 10
74.52
 20
14.092
 11
69.48
 21
14.092
  0
LINE
  8
0
 10
40.68
 20
14.092
 11
40.68
 21
14.1
  0
LINE
  8
0
 10
40.68
 20
14.1
 11
45.72
 21
14.1
  0
LINE
  8
0
 10
45.72
 20
14.1
 11
45.72
 21
14.092
  0
LINE
  8
0
 10
45.72
 20
14.092
 11
40.68
 21
14.092
  0
LINE
  8
0
 10
26.28
 20
14.092
 11
26.28
 21
14.1
  0
LINE
  8
0
 10
26.28
 20
14.1
 11
31.32
 21
14.1
  0
LINE
  8
0
 10
31.32
 20
14.1
 11
31.32
 21
14.092
  0
LINE
  8
0
 10
31.32
 20
14.092
 11
26.28
 21
14.092
  0
LINE
  8
0
 10
40.68
 20
14.06
 11
40.68
 21
14.068
  0
LINE
  8
0
 10
40.68
 20
14.068
 11
45.72
 21
14.068
  0
LINE
  8
0
 10
45.72
 20
14.068
 11
45.72
 21
14.06
  0
LINE
  8
0
 10
45.72
 20
14.06
 11
40.68
 21
14.06
  0
LINE
  8
0
 10
11.88
 20
14.06
 11
11.88
 21
14.068
  0
LINE
  8
0
 10
11.88
 20
14.068
 11
16.92
 21
14.068
  0
LINE
  8
0
 10
16.92
 20
14.068
 11
16.92
 21
14.06
  0
LINE
  8
0
 10
16.92
 20
14.06
 11
11.88
 21
14.06
  0
LINE
  8
0
 10
-2.51999
 20
14.06
 11
-2.51999
 21
14.068
  0
LINE
  8
0
 10
-2.51999
 20
14.068
 11
2.51999
 21
14.068
  0
LINE
  8
0
 10
2.51999
 20
14.068
 11
2.51999
 21
14.06
  0
LINE
  8
0
 10
2.51999
 20
14.06
 11
-2.51999
 21
14.06
  0
LINE
  8
0
 10
26.28
 20
14.06
 11
26.28
 21
14.068
  0
LINE
  8
0
 10
26.28
 20
14.068
 11
31.32
 21
14.068
  0
LINE
  8
0
 10
31.32
 20
14.068
 11
31.32
 21
14.06
  0
LINE
  8
0
 10
31.32
 20
14.06
 11
26.28
 21
14.06
  0
LINE
  8
0
 10
55.08
 20
14.06
 11
55.08
 21
14.068
  0
LINE
  8
0
 10
55.08
 20
14.068
 11
60.12
 21
14.068
  0
LINE
  8
0
 10
60.12
 20
14.068
 11
60.12
 21
14.06
  0
LINE
  8
0
 10
60.12
 20
14.06
 11
55.08
 21
14.06
  0
LINE
  8
0
 10
69.48
 20
14.06
 11
69.48
 21
14.068
  0
LINE
  8
0
 10
69.48
 20
14.068
 11
74.52
 21
14.068
  0
LINE
  8
0
 10
74.52
 20
14.068
 11
74.52
 21
14.06
  0
LINE
  8
0
 10
74.52
 20
14.06
 11
69.48
 21
14.06
  0
LINE
  8
0
 10
40.68
 20
14.028
 11
40.68
 21
14.036
  0
LINE
  8
0
 10
40.68
 20
14.036
 11
45.72
 21
14.036
  0
LINE
  8
0
 10
45.72
 20
14.036
 11
45.72
 21
14.028
  0
LINE
  8
0
 10
45.72
 20
14.028
 11
40.68
 21
14.028
  0
LINE
  8
0
 10
-2.51999
 20
14.028
 11
-2.51999
 21
14.036
  0
LINE
  8
0
 10
-2.51999
 20
14.036
 11
2.51999
 21
14.036
  0
LINE
  8
0
 10
2.51999
 20
14.036
 11
2.51999
 21
14.028
  0
LINE
  8
0
 10
2.51999
 20
14.028
 11
-2.51999
 21
14.028
  0
LINE
  8
0
 10
69.48
 20
14.028
 11
69.48
 21
14.036
  0
LINE
  8
0
 10
69.48
 20
14.036
 11
74.52
 21
14.036
  0
LINE
  8
0
 10
74.52
 20
14.036
 11
74.52
 21
14.028
  0
LINE
  8
0
 10
74.52
 20
14.028
 11
69.48
 21
14.028
  0
LINE
  8
0
 10
11.88
 20
14.028
 11
11.88
 21
14.036
  0
LINE
  8
0
 10
11.88
 20
14.036
 11
16.92
 21
14.036
  0
LINE
  8
0
 10
16.92
 20
14.036
 11
16.92
 21
14.028
  0
LINE
  8
0
 10
16.92
 20
14.028
 11
11.88
 21
14.028
  0
LINE
  8
0
 10
26.28
 20
14.028
 11
26.28
 21
14.036
  0
LINE
  8
0
 10
26.28
 20
14.036
 11
31.32
 21
14.036
  0
LINE
  8
0
 10
31.32
 20
14.036
 11
31.32
 21
14.028
  0
LINE
  8
0
 10
31.32
 20
14.028
 11
26.28
 21
14.028
  0
LINE
  8
0
 10
55.08
 20
14.028
 11
55.08
 21
14.036
  0
LINE
  8
0
 10
55.08
 20
14.036
 11
60.12
 21
14.036
  0
LINE
  8
0
 10
60.12
 20
14.036
 11
60.12
 21
14.028
  0
LINE
  8
0
 10
60.12
 20
14.028
 11
55.08
 21
14.028
  0
LINE
  8
0
 10
55.08
 20
13.996
 11
55.08
 21
14.004
  0
LINE
  8
0
 10
55.08
 20
14.004
 11
60.12
 21
14.004
  0
LINE
  8
0
 10
60.12
 20
14.004
 11
60.12
 21
13.996
  0
LINE
  8
0
 10
60.12
 20
13.996
 11
55.08
 21
13.996
  0
LINE
  8
0
 10
26.28
 20
13.996
 11
26.28
 21
14.004
  0
LINE
  8
0
 10
26.28
 20
14.004
 11
31.32
 21
14.004
  0
LINE
  8
0
 10
31.32
 20
14.004
 11
31.32
 21
13.996
  0
LINE
  8
0
 10
31.32
 20
13.996
 11
26.28
 21
13.996
  0
LINE
  8
0
 10
-2.51999
 20
13.996
 11
-2.51999
 21
14.004
  0
LINE
  8
0
 10
-2.51999
 20
14.004
 11
2.51999
 21
14.004
  0
LINE
  8
0
 10
2.51999
 20
14.004
 11
2.51999
 21
13.996
  0
LINE
  8
0
 10
2.51999
 20
13.996
 11
-2.51999
 21
13.996
  0
LINE
  8
0
 10
69.48
 20
13.996
 11
69.48
 21
14.004
  0
LINE
  8
0
 10
69.48
 20
14.004
 11
74.52
 21
14.004
  0
LINE
  8
0
 10
74.52
 20
14.004
 11
74.52
 21
13.996
  0
LINE
  8
0
 10
74.52
 20
13.996
 11
69.48
 21
13.996
  0
LINE
  8
0
 10
40.68
 20
13.996
 11
40.68
 21
14.004
  0
LINE
  8
0
 10
40.68
 20
14.004
 11
45.72
 21
14.004
  0
LINE
  8
0
 10
45.72
 20
14.004
 11
45.72
 21
13.996
  0
LINE
  8
0
 10
45.72
 20
13.996
 11
40.68
 21
13.996
  0
LINE
  8
0
 10
11.88
 20
13.996
 11
11.88
 21
14.004
  0
LINE
  8
0
 10
11.88
 20
14.004
 11
16.92
 21
14.004
  0
LINE
  8
0
 10
16.92
 20
14.004
 11
16.92
 21
13.996
  0
LINE
  8
0
 10
16.92
 20
13.996
 11
11.88
 21
13.996
  0
LINE
  8
0
 10
55.08
 20
13.964
 11
55.08
 21
13.972
  0
LINE
  8
0
 10
55.08
 20
13.972
 11
60.12
 21
13.972
  0
LINE
  8
0
 10
60.12
 20
13.972
 11
60.12
 21
13.964
  0
LINE
  8
0
 10
60.12
 20
13.964
 11
55.08
 21
13.964
  0
LINE
  8
0
 10
40.68
 20
13.964
 11
40.68
 21
13.972
  0
LINE
  8
0
 10
40.68
 20
13.972
 11
45.72
 21
13.972
  0
LINE
  8
0
 10
45.72
 20
13.972
 11
45.72
 21
13.964
  0
LINE
  8
0
 10
45.72
 20
13.964
 11
40.68
 21
13.964
  0
LINE
  8
0
 10
69.48
 20
13.964
 11
69.48
 21
13.972
  0
LINE
  8
0
 10
69.48
 20
13.972
 11
74.52
 21
13.972
  0
LINE
  8
0
 10
74.52
 20
13.972
 11
74.52
 21
13.964
  0
LINE
  8
0
 10
74.52
 20
13.964
 11
69.48
 21
13.964
  0
LINE
  8
0
 10
11.88
 20
13.964
 11
11.88
 21
13.972
  0
LINE
  8
0
 10
11.88
 20
13.972
 11
16.92
 21
13.972
  0
LINE
  8
0
 10
16.92
 20
13.972
 11
16.92
 21
13.964
  0
LINE
  8
0
 10
16.92
 20
13.964
 11
11.88
 21
13.964
  0
LINE
  8
0
 10
-2.51999
 20
13.964
 11
-2.51999
 21
13.972
  0
LINE
  8
0
 10
-2.51999
 20
13.972
 11
2.51999
 21
13.972
  0
LINE
  8
0
 10
2.51999
 20
13.972
 11
2.51999
 21
13.964
  0
LINE
  8
0
 10
2.51999
 20
13.964
 11
-2.51999
 21
13.964
  0
LINE
  8
0
 10
26.28
 20
13.964
 11
26.28
 21
13.972
  0
LINE
  8
0
 10
26.28
 20
13.972
 11
31.32
 21
13.972
  0
LINE
  8
0
 10
31.32
 20
13.972
 11
31.32
 21
13.964
  0
LINE
  8
0
 10
31.32
 20
13.964
 11
26.28
 21
13.964
  0
LINE
  8
0
 10
11.88
 20
13.932
 11
11.88
 21
13.94
  0
LINE
  8
0
 10
11.88
 20
13.94
 11
16.92
 21
13.94
  0
LINE
  8
0
 10
16.92
 20
13.94
 11
16.92
 21
13.932
  0
LINE
  8
0
 10
16.92
 20
13.932
 11
11.88
 21
13.932
  0
LINE
  8
0
 10
-2.51999
 20
13.932
 11
-2.51999
 21
13.94
  0
LINE
  8
0
 10
-2.51999
 20
13.94
 11
2.51999
 21
13.94
  0
LINE
  8
0
 10
2.51999
 20
13.94
 11
2.51999
 21
13.932
  0
LINE
  8
0
 10
2.51999
 20
13.932
 11
-2.51999
 21
13.932
  0
LINE
  8
0
 10
55.08
 20
13.932
 11
55.08
 21
13.94
  0
LINE
  8
0
 10
55.08
 20
13.94
 11
60.12
 21
13.94
  0
LINE
  8
0
 10
60.12
 20
13.94
 11
60.12
 21
13.932
  0
LINE
  8
0
 10
60.12
 20
13.932
 11
55.08
 21
13.932
  0
LINE
  8
0
 10
26.28
 20
13.932
 11
26.28
 21
13.94
  0
LINE
  8
0
 10
26.28
 20
13.94
 11
31.32
 21
13.94
  0
LINE
  8
0
 10
31.32
 20
13.94
 11
31.32
 21
13.932
  0
LINE
  8
0
 10
31.32
 20
13.932
 11
26.28
 21
13.932
  0
LINE
  8
0
 10
69.48
 20
13.932
 11
69.48
 21
13.94
  0
LINE
  8
0
 10
69.48
 20
13.94
 11
74.52
 21
13.94
  0
LINE
  8
0
 10
74.52
 20
13.94
 11
74.52
 21
13.932
  0
LINE
  8
0
 10
74.52
 20
13.932
 11
69.48
 21
13.932
  0
LINE
  8
0
 10
40.68
 20
13.932
 11
40.68
 21
13.94
  0
LINE
  8
0
 10
40.68
 20
13.94
 11
45.72
 21
13.94
  0
LINE
  8
0
 10
45.72
 20
13.94
 11
45.72
 21
13.932
  0
LINE
  8
0
 10
45.72
 20
13.932
 11
40.68
 21
13.932
  0
LINE
  8
0
 10
55.08
 20
13.9
 11
55.08
 21
13.908
  0
LINE
  8
0
 10
55.08
 20
13.908
 11
60.12
 21
13.908
  0
LINE
  8
0
 10
60.12
 20
13.908
 11
60.12
 21
13.9
  0
LINE
  8
0
 10
60.12
 20
13.9
 11
55.08
 21
13.9
  0
LINE
  8
0
 10
69.48
 20
13.9
 11
69.48
 21
13.908
  0
LINE
  8
0
 10
69.48
 20
13.908
 11
74.52
 21
13.908
  0
LINE
  8
0
 10
74.52
 20
13.908
 11
74.52
 21
13.9
  0
LINE
  8
0
 10
74.52
 20
13.9
 11
69.48
 21
13.9
  0
LINE
  8
0
 10
40.68
 20
13.9
 11
40.68
 21
13.908
  0
LINE
  8
0
 10
40.68
 20
13.908
 11
45.72
 21
13.908
  0
LINE
  8
0
 10
45.72
 20
13.908
 11
45.72
 21
13.9
  0
LINE
  8
0
 10
45.72
 20
13.9
 11
40.68
 21
13.9
  0
LINE
  8
0
 10
-2.51999
 20
13.9
 11
-2.51999
 21
13.908
  0
LINE
  8
0
 10
-2.51999
 20
13.908
 11
2.51999
 21
13.908
  0
LINE
  8
0
 10
2.51999
 20
13.908
 11
2.51999
 21
13.9
  0
LINE
  8
0
 10
2.51999
 20
13.9
 11
-2.51999
 21
13.9
  0
LINE
  8
0
 10
26.28
 20
13.9
 11
26.28
 21
13.908
  0
LINE
  8
0
 10
26.28
 20
13.908
 11
31.32
 21
13.908
  0
LINE
  8
0
 10
31.32
 20
13.908
 11
31.32
 21
13.9
  0
LINE
  8
0
 10
31.32
 20
13.9
 11
26.28
 21
13.9
  0
LINE
  8
0
 10
11.88
 20
13.9
 11
11.88
 21
13.908
  0
LINE
  8
0
 10
11.88
 20
13.908
 11
16.92
 21
13.908
  0
LINE
  8
0
 10
16.92
 20
13.908
 11
16.92
 21
13.9
  0
LINE
  8
0
 10
16.92
 20
13.9
 11
11.88
 21
13.9
  0
LINE
  8
0
 10
11.88
 20
13.868
 11
11.88
 21
13.876
  0
LINE
  8
0
 10
11.88
 20
13.876
 11
16.92
 21
13.876
  0
LINE
  8
0
 10
16.92
 20
13.876
 11
16.92
 21
13.868
  0
LINE
  8
0
 10
16.92
 20
13.868
 11
11.88
 21
13.868
  0
LINE
  8
0
 10
40.68
 20
13.868
 11
40.68
 21
13.876
  0
LINE
  8
0
 10
40.68
 20
13.876
 11
45.72
 21
13.876
  0
LINE
  8
0
 10
45.72
 20
13.876
 11
45.72
 21
13.868
  0
LINE
  8
0
 10
45.72
 20
13.868
 11
40.68
 21
13.868
  0
LINE
  8
0
 10
-2.51999
 20
13.868
 11
-2.51999
 21
13.876
  0
LINE
  8
0
 10
-2.51999
 20
13.876
 11
2.51999
 21
13.876
  0
LINE
  8
0
 10
2.51999
 20
13.876
 11
2.51999
 21
13.868
  0
LINE
  8
0
 10
2.51999
 20
13.868
 11
-2.51999
 21
13.868
  0
LINE
  8
0
 10
26.28
 20
13.868
 11
26.28
 21
13.876
  0
LINE
  8
0
 10
26.28
 20
13.876
 11
31.32
 21
13.876
  0
LINE
  8
0
 10
31.32
 20
13.876
 11
31.32
 21
13.868
  0
LINE
  8
0
 10
31.32
 20
13.868
 11
26.28
 21
13.868
  0
LINE
  8
0
 10
69.48
 20
13.868
 11
69.48
 21
13.876
  0
LINE
  8
0
 10
69.48
 20
13.876
 11
74.52
 21
13.876
  0
LINE
  8
0
 10
74.52
 20
13.876
 11
74.52
 21
13.868
  0
LINE
  8
0
 10
74.52
 20
13.868
 11
69.48
 21
13.868
  0
LINE
  8
0
 10
55.08
 20
13.868
 11
55.08
 21
13.876
  0
LINE
  8
0
 10
55.08
 20
13.876
 11
60.12
 21
13.876
  0
LINE
  8
0
 10
60.12
 20
13.876
 11
60.12
 21
13.868
  0
LINE
  8
0
 10
60.12
 20
13.868
 11
55.08
 21
13.868
  0
LINE
  8
0
 10
55.08
 20
13.836
 11
55.08
 21
13.844
  0
LINE
  8
0
 10
55.08
 20
13.844
 11
60.12
 21
13.844
  0
LINE
  8
0
 10
60.12
 20
13.844
 11
60.12
 21
13.836
  0
LINE
  8
0
 10
60.12
 20
13.836
 11
55.08
 21
13.836
  0
LINE
  8
0
 10
-2.51999
 20
13.836
 11
-2.51999
 21
13.844
  0
LINE
  8
0
 10
-2.51999
 20
13.844
 11
2.51999
 21
13.844
  0
LINE
  8
0
 10
2.51999
 20
13.844
 11
2.51999
 21
13.836
  0
LINE
  8
0
 10
2.51999
 20
13.836
 11
-2.51999
 21
13.836
  0
LINE
  8
0
 10
11.88
 20
13.836
 11
11.88
 21
13.844
  0
LINE
  8
0
 10
11.88
 20
13.844
 11
16.92
 21
13.844
  0
LINE
  8
0
 10
16.92
 20
13.844
 11
16.92
 21
13.836
  0
LINE
  8
0
 10
16.92
 20
13.836
 11
11.88
 21
13.836
  0
LINE
  8
0
 10
69.48
 20
13.836
 11
69.48
 21
13.844
  0
LINE
  8
0
 10
69.48
 20
13.844
 11
74.52
 21
13.844
  0
LINE
  8
0
 10
74.52
 20
13.844
 11
74.52
 21
13.836
  0
LINE
  8
0
 10
74.52
 20
13.836
 11
69.48
 21
13.836
  0
LINE
  8
0
 10
40.68
 20
13.836
 11
40.68
 21
13.844
  0
LINE
  8
0
 10
40.68
 20
13.844
 11
45.72
 21
13.844
  0
LINE
  8
0
 10
45.72
 20
13.844
 11
45.72
 21
13.836
  0
LINE
  8
0
 10
45.72
 20
13.836
 11
40.68
 21
13.836
  0
LINE
  8
0
 10
26.28
 20
13.836
 11
26.28
 21
13.844
  0
LINE
  8
0
 10
26.28
 20
13.844
 11
31.32
 21
13.844
  0
LINE
  8
0
 10
31.32
 20
13.844
 11
31.32
 21
13.836
  0
LINE
  8
0
 10
31.32
 20
13.836
 11
26.28
 21
13.836
  0
LINE
  8
0
 10
69.48
 20
13.804
 11
69.48
 21
13.812
  0
LINE
  8
0
 10
69.48
 20
13.812
 11
74.52
 21
13.812
  0
LINE
  8
0
 10
74.52
 20
13.812
 11
74.52
 21
13.804
  0
LINE
  8
0
 10
74.52
 20
13.804
 11
69.48
 21
13.804
  0
LINE
  8
0
 10
26.28
 20
13.804
 11
26.28
 21
13.812
  0
LINE
  8
0
 10
26.28
 20
13.812
 11
31.32
 21
13.812
  0
LINE
  8
0
 10
31.32
 20
13.812
 11
31.32
 21
13.804
  0
LINE
  8
0
 10
31.32
 20
13.804
 11
26.28
 21
13.804
  0
LINE
  8
0
 10
55.08
 20
13.804
 11
55.08
 21
13.812
  0
LINE
  8
0
 10
55.08
 20
13.812
 11
60.12
 21
13.812
  0
LINE
  8
0
 10
60.12
 20
13.812
 11
60.12
 21
13.804
  0
LINE
  8
0
 10
60.12
 20
13.804
 11
55.08
 21
13.804
  0
LINE
  8
0
 10
11.88
 20
13.804
 11
11.88
 21
13.812
  0
LINE
  8
0
 10
11.88
 20
13.812
 11
16.92
 21
13.812
  0
LINE
  8
0
 10
16.92
 20
13.812
 11
16.92
 21
13.804
  0
LINE
  8
0
 10
16.92
 20
13.804
 11
11.88
 21
13.804
  0
LINE
  8
0
 10
-2.51999
 20
13.804
 11
-2.51999
 21
13.812
  0
LINE
  8
0
 10
-2.51999
 20
13.812
 11
2.51999
 21
13.812
  0
LINE
  8
0
 10
2.51999
 20
13.812
 11
2.51999
 21
13.804
  0
LINE
  8
0
 10
2.51999
 20
13.804
 11
-2.51999
 21
13.804
  0
LINE
  8
0
 10
40.68
 20
13.804
 11
40.68
 21
13.812
  0
LINE
  8
0
 10
40.68
 20
13.812
 11
45.72
 21
13.812
  0
LINE
  8
0
 10
45.72
 20
13.812
 11
45.72
 21
13.804
  0
LINE
  8
0
 10
45.72
 20
13.804
 11
40.68
 21
13.804
  0
LINE
  8
0
 10
69.48
 20
13.772
 11
69.48
 21
13.78
  0
LINE
  8
0
 10
69.48
 20
13.78
 11
74.52
 21
13.78
  0
LINE
  8
0
 10
74.52
 20
13.78
 11
74.52
 21
13.772
  0
LINE
  8
0
 10
74.52
 20
13.772
 11
69.48
 21
13.772
  0
LINE
  8
0
 10
-2.51999
 20
13.772
 11
-2.51999
 21
13.78
  0
LINE
  8
0
 10
-2.51999
 20
13.78
 11
2.51999
 21
13.78
  0
LINE
  8
0
 10
2.51999
 20
13.78
 11
2.51999
 21
13.772
  0
LINE
  8
0
 10
2.51999
 20
13.772
 11
-2.51999
 21
13.772
  0
LINE
  8
0
 10
55.08
 20
13.772
 11
55.08
 21
13.78
  0
LINE
  8
0
 10
55.08
 20
13.78
 11
60.12
 21
13.78
  0
LINE
  8
0
 10
60.12
 20
13.78
 11
60.12
 21
13.772
  0
LINE
  8
0
 10
60.12
 20
13.772
 11
55.08
 21
13.772
  0
LINE
  8
0
 10
40.68
 20
13.772
 11
40.68
 21
13.78
  0
LINE
  8
0
 10
40.68
 20
13.78
 11
45.72
 21
13.78
  0
LINE
  8
0
 10
45.72
 20
13.78
 11
45.72
 21
13.772
  0
LINE
  8
0
 10
45.72
 20
13.772
 11
40.68
 21
13.772
  0
LINE
  8
0
 10
26.28
 20
13.772
 11
26.28
 21
13.78
  0
LINE
  8
0
 10
26.28
 20
13.78
 11
31.32
 21
13.78
  0
LINE
  8
0
 10
31.32
 20
13.78
 11
31.32
 21
13.772
  0
LINE
  8
0
 10
31.32
 20
13.772
 11
26.28
 21
13.772
  0
LINE
  8
0
 10
11.88
 20
13.772
 11
11.88
 21
13.78
  0
LINE
  8
0
 10
11.88
 20
13.78
 11
16.92
 21
13.78
  0
LINE
  8
0
 10
16.92
 20
13.78
 11
16.92
 21
13.772
  0
LINE
  8
0
 10
16.92
 20
13.772
 11
11.88
 21
13.772
  0
LINE
  8
0
 10
69.48
 20
13.74
 11
69.48
 21
13.748
  0
LINE
  8
0
 10
69.48
 20
13.748
 11
74.52
 21
13.748
  0
LINE
  8
0
 10
74.52
 20
13.748
 11
74.52
 21
13.74
  0
LINE
  8
0
 10
74.52
 20
13.74
 11
69.48
 21
13.74
  0
LINE
  8
0
 10
-2.51999
 20
13.74
 11
-2.51999
 21
13.748
  0
LINE
  8
0
 10
-2.51999
 20
13.748
 11
2.51999
 21
13.748
  0
LINE
  8
0
 10
2.51999
 20
13.748
 11
2.51999
 21
13.74
  0
LINE
  8
0
 10
2.51999
 20
13.74
 11
-2.51999
 21
13.74
  0
LINE
  8
0
 10
11.88
 20
13.74
 11
11.88
 21
13.748
  0
LINE
  8
0
 10
11.88
 20
13.748
 11
16.92
 21
13.748
  0
LINE
  8
0
 10
16.92
 20
13.748
 11
16.92
 21
13.74
  0
LINE
  8
0
 10
16.92
 20
13.74
 11
11.88
 21
13.74
  0
LINE
  8
0
 10
26.28
 20
13.74
 11
26.28
 21
13.748
  0
LINE
  8
0
 10
26.28
 20
13.748
 11
31.32
 21
13.748
  0
LINE
  8
0
 10
31.32
 20
13.748
 11
31.32
 21
13.74
  0
LINE
  8
0
 10
31.32
 20
13.74
 11
26.28
 21
13.74
  0
LINE
  8
0
 10
40.68
 20
13.74
 11
40.68
 21
13.748
  0
LINE
  8
0
 10
40.68
 20
13.748
 11
45.72
 21
13.748
  0
LINE
  8
0
 10
45.72
 20
13.748
 11
45.72
 21
13.74
  0
LINE
  8
0
 10
45.72
 20
13.74
 11
40.68
 21
13.74
  0
LINE
  8
0
 10
55.08
 20
13.74
 11
55.08
 21
13.748
  0
LINE
  8
0
 10
55.08
 20
13.748
 11
60.12
 21
13.748
  0
LINE
  8
0
 10
60.12
 20
13.748
 11
60.12
 21
13.74
  0
LINE
  8
0
 10
60.12
 20
13.74
 11
55.08
 21
13.74
  0
LINE
  8
0
 10
55.08
 20
13.708
 11
55.08
 21
13.716
  0
LINE
  8
0
 10
55.08
 20
13.716
 11
60.12
 21
13.716
  0
LINE
  8
0
 10
60.12
 20
13.716
 11
60.12
 21
13.708
  0
LINE
  8
0
 10
60.12
 20
13.708
 11
55.08
 21
13.708
  0
LINE
  8
0
 10
40.68
 20
13.708
 11
40.68
 21
13.716
  0
LINE
  8
0
 10
40.68
 20
13.716
 11
45.72
 21
13.716
  0
LINE
  8
0
 10
45.72
 20
13.716
 11
45.72
 21
13.708
  0
LINE
  8
0
 10
45.72
 20
13.708
 11
40.68
 21
13.708
  0
LINE
  8
0
 10
26.28
 20
13.708
 11
26.28
 21
13.716
  0
LINE
  8
0
 10
26.28
 20
13.716
 11
31.32
 21
13.716
  0
LINE
  8
0
 10
31.32
 20
13.716
 11
31.32
 21
13.708
  0
LINE
  8
0
 10
31.32
 20
13.708
 11
26.28
 21
13.708
  0
LINE
  8
0
 10
11.88
 20
13.708
 11
11.88
 21
13.716
  0
LINE
  8
0
 10
11.88
 20
13.716
 11
16.92
 21
13.716
  0
LINE
  8
0
 10
16.92
 20
13.716
 11
16.92
 21
13.708
  0
LINE
  8
0
 10
16.92
 20
13.708
 11
11.88
 21
13.708
  0
LINE
  8
0
 10
-2.51999
 20
13.708
 11
-2.51999
 21
13.716
  0
LINE
  8
0
 10
-2.51999
 20
13.716
 11
2.51999
 21
13.716
  0
LINE
  8
0
 10
2.51999
 20
13.716
 11
2.51999
 21
13.708
  0
LINE
  8
0
 10
2.51999
 20
13.708
 11
-2.51999
 21
13.708
  0
LINE
  8
0
 10
69.48
 20
13.708
 11
69.48
 21
13.716
  0
LINE
  8
0
 10
69.48
 20
13.716
 11
74.52
 21
13.716
  0
LINE
  8
0
 10
74.52
 20
13.716
 11
74.52
 21
13.708
  0
LINE
  8
0
 10
74.52
 20
13.708
 11
69.48
 21
13.708
  0
LINE
  8
0
 10
26.28
 20
13.676
 11
26.28
 21
13.684
  0
LINE
  8
0
 10
26.28
 20
13.684
 11
31.32
 21
13.684
  0
LINE
  8
0
 10
31.32
 20
13.684
 11
31.32
 21
13.676
  0
LINE
  8
0
 10
31.32
 20
13.676
 11
26.28
 21
13.676
  0
LINE
  8
0
 10
40.68
 20
13.676
 11
40.68
 21
13.684
  0
LINE
  8
0
 10
40.68
 20
13.684
 11
45.72
 21
13.684
  0
LINE
  8
0
 10
45.72
 20
13.684
 11
45.72
 21
13.676
  0
LINE
  8
0
 10
45.72
 20
13.676
 11
40.68
 21
13.676
  0
LINE
  8
0
 10
69.48
 20
13.676
 11
69.48
 21
13.684
  0
LINE
  8
0
 10
69.48
 20
13.684
 11
74.52
 21
13.684
  0
LINE
  8
0
 10
74.52
 20
13.684
 11
74.52
 21
13.676
  0
LINE
  8
0
 10
74.52
 20
13.676
 11
69.48
 21
13.676
  0
LINE
  8
0
 10
55.08
 20
13.676
 11
55.08
 21
13.684
  0
LINE
  8
0
 10
55.08
 20
13.684
 11
60.12
 21
13.684
  0
LINE
  8
0
 10
60.12
 20
13.684
 11
60.12
 21
13.676
  0
LINE
  8
0
 10
60.12
 20
13.676
 11
55.08
 21
13.676
  0
LINE
  8
0
 10
-2.51999
 20
13.676
 11
-2.51999
 21
13.684
  0
LINE
  8
0
 10
-2.51999
 20
13.684
 11
2.51999
 21
13.684
  0
LINE
  8
0
 10
2.51999
 20
13.684
 11
2.51999
 21
13.676
  0
LINE
  8
0
 10
2.51999
 20
13.676
 11
-2.51999
 21
13.676
  0
LINE
  8
0
 10
11.88
 20
13.676
 11
11.88
 21
13.684
  0
LINE
  8
0
 10
11.88
 20
13.684
 11
16.92
 21
13.684
  0
LINE
  8
0
 10
16.92
 20
13.684
 11
16.92
 21
13.676
  0
LINE
  8
0
 10
16.92
 20
13.676
 11
11.88
 21
13.676
  0
LINE
  8
0
 10
-2.51999
 20
13.644
 11
-2.51999
 21
13.652
  0
LINE
  8
0
 10
-2.51999
 20
13.652
 11
2.51999
 21
13.652
  0
LINE
  8
0
 10
2.51999
 20
13.652
 11
2.51999
 21
13.644
  0
LINE
  8
0
 10
2.51999
 20
13.644
 11
-2.51999
 21
13.644
  0
LINE
  8
0
 10
55.08
 20
13.644
 11
55.08
 21
13.652
  0
LINE
  8
0
 10
55.08
 20
13.652
 11
60.12
 21
13.652
  0
LINE
  8
0
 10
60.12
 20
13.652
 11
60.12
 21
13.644
  0
LINE
  8
0
 10
60.12
 20
13.644
 11
55.08
 21
13.644
  0
LINE
  8
0
 10
40.68
 20
13.644
 11
40.68
 21
13.652
  0
LINE
  8
0
 10
40.68
 20
13.652
 11
45.72
 21
13.652
  0
LINE
  8
0
 10
45.72
 20
13.652
 11
45.72
 21
13.644
  0
LINE
  8
0
 10
45.72
 20
13.644
 11
40.68
 21
13.644
  0
LINE
  8
0
 10
69.48
 20
13.644
 11
69.48
 21
13.652
  0
LINE
  8
0
 10
69.48
 20
13.652
 11
74.52
 21
13.652
  0
LINE
  8
0
 10
74.52
 20
13.652
 11
74.52
 21
13.644
  0
LINE
  8
0
 10
74.52
 20
13.644
 11
69.48
 21
13.644
  0
LINE
  8
0
 10
11.88
 20
13.644
 11
11.88
 21
13.652
  0
LINE
  8
0
 10
11.88
 20
13.652
 11
16.92
 21
13.652
  0
LINE
  8
0
 10
16.92
 20
13.652
 11
16.92
 21
13.644
  0
LINE
  8
0
 10
16.92
 20
13.644
 11
11.88
 21
13.644
  0
LINE
  8
0
 10
26.28
 20
13.644
 11
26.28
 21
13.652
  0
LINE
  8
0
 10
26.28
 20
13.652
 11
31.32
 21
13.652
  0
LINE
  8
0
 10
31.32
 20
13.652
 11
31.32
 21
13.644
  0
LINE
  8
0
 10
31.32
 20
13.644
 11
26.28
 21
13.644
  0
LINE
  8
0
 10
69.48
 20
13.612
 11
69.48
 21
13.62
  0
LINE
  8
0
 10
69.48
 20
13.62
 11
74.52
 21
13.62
  0
LINE
  8
0
 10
74.52
 20
13.62
 11
74.52
 21
13.612
  0
LINE
  8
0
 10
74.52
 20
13.612
 11
69.48
 21
13.612
  0
LINE
  8
0
 10
40.68
 20
13.612
 11
40.68
 21
13.62
  0
LINE
  8
0
 10
40.68
 20
13.62
 11
45.72
 21
13.62
  0
LINE
  8
0
 10
45.72
 20
13.62
 11
45.72
 21
13.612
  0
LINE
  8
0
 10
45.72
 20
13.612
 11
40.68
 21
13.612
  0
LINE
  8
0
 10
26.28
 20
13.612
 11
26.28
 21
13.62
  0
LINE
  8
0
 10
26.28
 20
13.62
 11
31.32
 21
13.62
  0
LINE
  8
0
 10
31.32
 20
13.62
 11
31.32
 21
13.612
  0
LINE
  8
0
 10
31.32
 20
13.612
 11
26.28
 21
13.612
  0
LINE
  8
0
 10
11.88
 20
13.612
 11
11.88
 21
13.62
  0
LINE
  8
0
 10
11.88
 20
13.62
 11
16.92
 21
13.62
  0
LINE
  8
0
 10
16.92
 20
13.62
 11
16.92
 21
13.612
  0
LINE
  8
0
 10
16.92
 20
13.612
 11
11.88
 21
13.612
  0
LINE
  8
0
 10
-2.51999
 20
13.612
 11
-2.51999
 21
13.62
  0
LINE
  8
0
 10
-2.51999
 20
13.62
 11
2.51999
 21
13.62
  0
LINE
  8
0
 10
2.51999
 20
13.62
 11
2.51999
 21
13.612
  0
LINE
  8
0
 10
2.51999
 20
13.612
 11
-2.51999
 21
13.612
  0
LINE
  8
0
 10
55.08
 20
13.612
 11
55.08
 21
13.62
  0
LINE
  8
0
 10
55.08
 20
13.62
 11
60.12
 21
13.62
  0
LINE
  8
0
 10
60.12
 20
13.62
 11
60.12
 21
13.612
  0
LINE
  8
0
 10
60.12
 20
13.612
 11
55.08
 21
13.612
  0
LINE
  8
0
 10
40.68
 20
13.58
 11
40.68
 21
13.588
  0
LINE
  8
0
 10
40.68
 20
13.588
 11
45.72
 21
13.588
  0
LINE
  8
0
 10
45.72
 20
13.588
 11
45.72
 21
13.58
  0
LINE
  8
0
 10
45.72
 20
13.58
 11
40.68
 21
13.58
  0
LINE
  8
0
 10
26.28
 20
13.58
 11
26.28
 21
13.588
  0
LINE
  8
0
 10
26.28
 20
13.588
 11
31.32
 21
13.588
  0
LINE
  8
0
 10
31.32
 20
13.588
 11
31.32
 21
13.58
  0
LINE
  8
0
 10
31.32
 20
13.58
 11
26.28
 21
13.58
  0
LINE
  8
0
 10
55.08
 20
13.58
 11
55.08
 21
13.588
  0
LINE
  8
0
 10
55.08
 20
13.588
 11
60.12
 21
13.588
  0
LINE
  8
0
 10
60.12
 20
13.588
 11
60.12
 21
13.58
  0
LINE
  8
0
 10
60.12
 20
13.58
 11
55.08
 21
13.58
  0
LINE
  8
0
 10
11.88
 20
13.58
 11
11.88
 21
13.588
  0
LINE
  8
0
 10
11.88
 20
13.588
 11
16.92
 21
13.588
  0
LINE
  8
0
 10
16.92
 20
13.588
 11
16.92
 21
13.58
  0
LINE
  8
0
 10
16.92
 20
13.58
 11
11.88
 21
13.58
  0
LINE
  8
0
 10
-2.51999
 20
13.58
 11
-2.51999
 21
13.588
  0
LINE
  8
0
 10
-2.51999
 20
13.588
 11
2.51999
 21
13.588
  0
LINE
  8
0
 10
2.51999
 20
13.588
 11
2.51999
 21
13.58
  0
LINE
  8
0
 10
2.51999
 20
13.58
 11
-2.51999
 21
13.58
  0
LINE
  8
0
 10
69.48
 20
13.58
 11
69.48
 21
13.588
  0
LINE
  8
0
 10
69.48
 20
13.588
 11
74.52
 21
13.588
  0
LINE
  8
0
 10
74.52
 20
13.588
 11
74.52
 21
13.58
  0
LINE
  8
0
 10
74.52
 20
13.58
 11
69.48
 21
13.58
  0
LINE
  8
0
 10
-2.51999
 20
13.548
 11
-2.51999
 21
13.556
  0
LINE
  8
0
 10
-2.51999
 20
13.556
 11
2.51999
 21
13.556
  0
LINE
  8
0
 10
2.51999
 20
13.556
 11
2.51999
 21
13.548
  0
LINE
  8
0
 10
2.51999
 20
13.548
 11
-2.51999
 21
13.548
  0
LINE
  8
0
 10
55.08
 20
13.548
 11
55.08
 21
13.556
  0
LINE
  8
0
 10
55.08
 20
13.556
 11
60.12
 21
13.556
  0
LINE
  8
0
 10
60.12
 20
13.556
 11
60.12
 21
13.548
  0
LINE
  8
0
 10
60.12
 20
13.548
 11
55.08
 21
13.548
  0
LINE
  8
0
 10
11.88
 20
13.548
 11
11.88
 21
13.556
  0
LINE
  8
0
 10
11.88
 20
13.556
 11
16.92
 21
13.556
  0
LINE
  8
0
 10
16.92
 20
13.556
 11
16.92
 21
13.548
  0
LINE
  8
0
 10
16.92
 20
13.548
 11
11.88
 21
13.548
  0
LINE
  8
0
 10
69.48
 20
13.548
 11
69.48
 21
13.556
  0
LINE
  8
0
 10
69.48
 20
13.556
 11
74.52
 21
13.556
  0
LINE
  8
0
 10
74.52
 20
13.556
 11
74.52
 21
13.548
  0
LINE
  8
0
 10
74.52
 20
13.548
 11
69.48
 21
13.548
  0
LINE
  8
0
 10
40.68
 20
13.548
 11
40.68
 21
13.556
  0
LINE
  8
0
 10
40.68
 20
13.556
 11
45.72
 21
13.556
  0
LINE
  8
0
 10
45.72
 20
13.556
 11
45.72
 21
13.548
  0
LINE
  8
0
 10
45.72
 20
13.548
 11
40.68
 21
13.548
  0
LINE
  8
0
 10
26.28
 20
13.548
 11
26.28
 21
13.556
  0
LINE
  8
0
 10
26.28
 20
13.556
 11
31.32
 21
13.556
  0
LINE
  8
0
 10
31.32
 20
13.556
 11
31.32
 21
13.548
  0
LINE
  8
0
 10
31.32
 20
13.548
 11
26.28
 21
13.548
  0
LINE
  8
0
 10
69.48
 20
13.516
 11
69.48
 21
13.524
  0
LINE
  8
0
 10
69.48
 20
13.524
 11
74.52
 21
13.524
  0
LINE
  8
0
 10
74.52
 20
13.524
 11
74.52
 21
13.516
  0
LINE
  8
0
 10
74.52
 20
13.516
 11
69.48
 21
13.516
  0
LINE
  8
0
 10
-2.51999
 20
13.516
 11
-2.51999
 21
13.524
  0
LINE
  8
0
 10
-2.51999
 20
13.524
 11
2.51999
 21
13.524
  0
LINE
  8
0
 10
2.51999
 20
13.524
 11
2.51999
 21
13.516
  0
LINE
  8
0
 10
2.51999
 20
13.516
 11
-2.51999
 21
13.516
  0
LINE
  8
0
 10
11.88
 20
13.516
 11
11.88
 21
13.524
  0
LINE
  8
0
 10
11.88
 20
13.524
 11
16.92
 21
13.524
  0
LINE
  8
0
 10
16.92
 20
13.524
 11
16.92
 21
13.516
  0
LINE
  8
0
 10
16.92
 20
13.516
 11
11.88
 21
13.516
  0
LINE
  8
0
 10
55.08
 20
13.516
 11
55.08
 21
13.524
  0
LINE
  8
0
 10
55.08
 20
13.524
 11
60.12
 21
13.524
  0
LINE
  8
0
 10
60.12
 20
13.524
 11
60.12
 21
13.516
  0
LINE
  8
0
 10
60.12
 20
13.516
 11
55.08
 21
13.516
  0
LINE
  8
0
 10
26.28
 20
13.516
 11
26.28
 21
13.524
  0
LINE
  8
0
 10
26.28
 20
13.524
 11
31.32
 21
13.524
  0
LINE
  8
0
 10
31.32
 20
13.524
 11
31.32
 21
13.516
  0
LINE
  8
0
 10
31.32
 20
13.516
 11
26.28
 21
13.516
  0
LINE
  8
0
 10
40.68
 20
13.516
 11
40.68
 21
13.524
  0
LINE
  8
0
 10
40.68
 20
13.524
 11
45.72
 21
13.524
  0
LINE
  8
0
 10
45.72
 20
13.524
 11
45.72
 21
13.516
  0
LINE
  8
0
 10
45.72
 20
13.516
 11
40.68
 21
13.516
  0
LINE
  8
0
 10
55.08
 20
13.484
 11
55.08
 21
13.492
  0
LINE
  8
0
 10
55.08
 20
13.492
 11
60.12
 21
13.492
  0
LINE
  8
0
 10
60.12
 20
13.492
 11
60.12
 21
13.484
  0
LINE
  8
0
 10
60.12
 20
13.484
 11
55.08
 21
13.484
  0
LINE
  8
0
 10
11.88
 20
13.484
 11
11.88
 21
13.492
  0
LINE
  8
0
 10
11.88
 20
13.492
 11
16.92
 21
13.492
  0
LINE
  8
0
 10
16.92
 20
13.492
 11
16.92
 21
13.484
  0
LINE
  8
0
 10
16.92
 20
13.484
 11
11.88
 21
13.484
  0
LINE
  8
0
 10
40.68
 20
13.484
 11
40.68
 21
13.492
  0
LINE
  8
0
 10
40.68
 20
13.492
 11
45.72
 21
13.492
  0
LINE
  8
0
 10
45.72
 20
13.492
 11
45.72
 21
13.484
  0
LINE
  8
0
 10
45.72
 20
13.484
 11
40.68
 21
13.484
  0
LINE
  8
0
 10
-2.51999
 20
13.484
 11
-2.51999
 21
13.492
  0
LINE
  8
0
 10
-2.51999
 20
13.492
 11
2.51999
 21
13.492
  0
LINE
  8
0
 10
2.51999
 20
13.492
 11
2.51999
 21
13.484
  0
LINE
  8
0
 10
2.51999
 20
13.484
 11
-2.51999
 21
13.484
  0
LINE
  8
0
 10
26.28
 20
13.484
 11
26.28
 21
13.492
  0
LINE
  8
0
 10
26.28
 20
13.492
 11
31.32
 21
13.492
  0
LINE
  8
0
 10
31.32
 20
13.492
 11
31.32
 21
13.484
  0
LINE
  8
0
 10
31.32
 20
13.484
 11
26.28
 21
13.484
  0
LINE
  8
0
 10
69.48
 20
13.484
 11
69.48
 21
13.492
  0
LINE
  8
0
 10
69.48
 20
13.492
 11
74.52
 21
13.492
  0
LINE
  8
0
 10
74.52
 20
13.492
 11
74.52
 21
13.484
  0
LINE
  8
0
 10
74.52
 20
13.484
 11
69.48
 21
13.484
  0
LINE
  8
0
 10
-2.51999
 20
13.452
 11
-2.51999
 21
13.46
  0
LINE
  8
0
 10
-2.51999
 20
13.46
 11
2.51999
 21
13.46
  0
LINE
  8
0
 10
2.51999
 20
13.46
 11
2.51999
 21
13.452
  0
LINE
  8
0
 10
2.51999
 20
13.452
 11
-2.51999
 21
13.452
  0
LINE
  8
0
 10
69.48
 20
13.452
 11
69.48
 21
13.46
  0
LINE
  8
0
 10
69.48
 20
13.46
 11
74.52
 21
13.46
  0
LINE
  8
0
 10
74.52
 20
13.46
 11
74.52
 21
13.452
  0
LINE
  8
0
 10
74.52
 20
13.452
 11
69.48
 21
13.452
  0
LINE
  8
0
 10
55.08
 20
13.452
 11
55.08
 21
13.46
  0
LINE
  8
0
 10
55.08
 20
13.46
 11
60.12
 21
13.46
  0
LINE
  8
0
 10
60.12
 20
13.46
 11
60.12
 21
13.452
  0
LINE
  8
0
 10
60.12
 20
13.452
 11
55.08
 21
13.452
  0
LINE
  8
0
 10
40.68
 20
13.452
 11
40.68
 21
13.46
  0
LINE
  8
0
 10
40.68
 20
13.46
 11
45.72
 21
13.46
  0
LINE
  8
0
 10
45.72
 20
13.46
 11
45.72
 21
13.452
  0
LINE
  8
0
 10
45.72
 20
13.452
 11
40.68
 21
13.452
  0
LINE
  8
0
 10
26.28
 20
13.452
 11
26.28
 21
13.46
  0
LINE
  8
0
 10
26.28
 20
13.46
 11
31.32
 21
13.46
  0
LINE
  8
0
 10
31.32
 20
13.46
 11
31.32
 21
13.452
  0
LINE
  8
0
 10
31.32
 20
13.452
 11
26.28
 21
13.452
  0
LINE
  8
0
 10
11.88
 20
13.452
 11
11.88
 21
13.46
  0
LINE
  8
0
 10
11.88
 20
13.46
 11
16.92
 21
13.46
  0
LINE
  8
0
 10
16.92
 20
13.46
 11
16.92
 21
13.452
  0
LINE
  8
0
 10
16.92
 20
13.452
 11
11.88
 21
13.452
  0
LINE
  8
0
 10
-2.51999
 20
13.42
 11
-2.51999
 21
13.428
  0
LINE
  8
0
 10
-2.51999
 20
13.428
 11
2.51999
 21
13.428
  0
LINE
  8
0
 10
2.51999
 20
13.428
 11
2.51999
 21
13.42
  0
LINE
  8
0
 10
2.51999
 20
13.42
 11
-2.51999
 21
13.42
  0
LINE
  8
0
 10
69.48
 20
13.42
 11
69.48
 21
13.428
  0
LINE
  8
0
 10
69.48
 20
13.428
 11
74.52
 21
13.428
  0
LINE
  8
0
 10
74.52
 20
13.428
 11
74.52
 21
13.42
  0
LINE
  8
0
 10
74.52
 20
13.42
 11
69.48
 21
13.42
  0
LINE
  8
0
 10
26.28
 20
13.42
 11
26.28
 21
13.428
  0
LINE
  8
0
 10
26.28
 20
13.428
 11
31.32
 21
13.428
  0
LINE
  8
0
 10
31.32
 20
13.428
 11
31.32
 21
13.42
  0
LINE
  8
0
 10
31.32
 20
13.42
 11
26.28
 21
13.42
  0
LINE
  8
0
 10
40.68
 20
13.42
 11
40.68
 21
13.428
  0
LINE
  8
0
 10
40.68
 20
13.428
 11
45.72
 21
13.428
  0
LINE
  8
0
 10
45.72
 20
13.428
 11
45.72
 21
13.42
  0
LINE
  8
0
 10
45.72
 20
13.42
 11
40.68
 21
13.42
  0
LINE
  8
0
 10
55.08
 20
13.42
 11
55.08
 21
13.428
  0
LINE
  8
0
 10
55.08
 20
13.428
 11
60.12
 21
13.428
  0
LINE
  8
0
 10
60.12
 20
13.428
 11
60.12
 21
13.42
  0
LINE
  8
0
 10
60.12
 20
13.42
 11
55.08
 21
13.42
  0
LINE
  8
0
 10
11.88
 20
13.42
 11
11.88
 21
13.428
  0
LINE
  8
0
 10
11.88
 20
13.428
 11
16.92
 21
13.428
  0
LINE
  8
0
 10
16.92
 20
13.428
 11
16.92
 21
13.42
  0
LINE
  8
0
 10
16.92
 20
13.42
 11
11.88
 21
13.42
  0
LINE
  8
0
 10
-2.51999
 20
8.172
 11
-2.51999
 21
8.17999
  0
LINE
  8
0
 10
-2.51999
 20
8.17999
 11
2.51999
 21
8.17999
  0
LINE
  8
0
 10
2.51999
 20
8.17999
 11
2.51999
 21
8.172
  0
LINE
  8
0
 10
2.51999
 20
8.172
 11
-2.51999
 21
8.172
  0
LINE
  8
0
 10
69.48
 20
8.172
 11
69.48
 21
8.17999
  0
LINE
  8
0
 10
69.48
 20
8.17999
 11
74.52
 21
8.17999
  0
LINE
  8
0
 10
74.52
 20
8.17999
 11
74.52
 21
8.172
  0
LINE
  8
0
 10
74.52
 20
8.172
 11
69.48
 21
8.172
  0
LINE
  8
0
 10
55.08
 20
8.172
 11
55.08
 21
8.17999
  0
LINE
  8
0
 10
55.08
 20
8.17999
 11
60.12
 21
8.17999
  0
LINE
  8
0
 10
60.12
 20
8.17999
 11
60.12
 21
8.172
  0
LINE
  8
0
 10
60.12
 20
8.172
 11
55.08
 21
8.172
  0
LINE
  8
0
 10
40.68
 20
8.172
 11
40.68
 21
8.17999
  0
LINE
  8
0
 10
40.68
 20
8.17999
 11
45.72
 21
8.17999
  0
LINE
  8
0
 10
45.72
 20
8.17999
 11
45.72
 21
8.172
  0
LINE
  8
0
 10
45.72
 20
8.172
 11
40.68
 21
8.172
  0
LINE
  8
0
 10
26.28
 20
8.172
 11
26.28
 21
8.17999
  0
LINE
  8
0
 10
26.28
 20
8.17999
 11
31.32
 21
8.17999
  0
LINE
  8
0
 10
31.32
 20
8.17999
 11
31.32
 21
8.172
  0
LINE
  8
0
 10
31.32
 20
8.172
 11
26.28
 21
8.172
  0
LINE
  8
0
 10
11.88
 20
8.172
 11
11.88
 21
8.17999
  0
LINE
  8
0
 10
11.88
 20
8.17999
 11
16.92
 21
8.17999
  0
LINE
  8
0
 10
16.92
 20
8.17999
 11
16.92
 21
8.172
  0
LINE
  8
0
 10
16.92
 20
8.172
 11
11.88
 21
8.172
  0
LINE
  8
0
 10
55.08
 20
8.13998
 11
55.08
 21
8.14799
  0
LINE
  8
0
 10
55.08
 20
8.14799
 11
60.12
 21
8.14799
  0
LINE
  8
0
 10
60.12
 20
8.14799
 11
60.12
 21
8.13998
  0
LINE
  8
0
 10
60.12
 20
8.13998
 11
55.08
 21
8.13998
  0
LINE
  8
0
 10
69.48
 20
8.13998
 11
69.48
 21
8.14799
  0
LINE
  8
0
 10
69.48
 20
8.14799
 11
74.52
 21
8.14799
  0
LINE
  8
0
 10
74.52
 20
8.14799
 11
74.52
 21
8.13998
  0
LINE
  8
0
 10
74.52
 20
8.13998
 11
69.48
 21
8.13998
  0
LINE
  8
0
 10
40.68
 20
8.13998
 11
40.68
 21
8.14799
  0
LINE
  8
0
 10
40.68
 20
8.14799
 11
45.72
 21
8.14799
  0
LINE
  8
0
 10
45.72
 20
8.14799
 11
45.72
 21
8.13998
  0
LINE
  8
0
 10
45.72
 20
8.13998
 11
40.68
 21
8.13998
  0
LINE
  8
0
 10
26.28
 20
8.13998
 11
26.28
 21
8.14799
  0
LINE
  8
0
 10
26.28
 20
8.14799
 11
31.32
 21
8.14799
  0
LINE
  8
0
 10
31.32
 20
8.14799
 11
31.32
 21
8.13998
  0
LINE
  8
0
 10
31.32
 20
8.13998
 11
26.28
 21
8.13998
  0
LINE
  8
0
 10
11.88
 20
8.13998
 11
11.88
 21
8.14799
  0
LINE
  8
0
 10
11.88
 20
8.14799
 11
16.92
 21
8.14799
  0
LINE
  8
0
 10
16.92
 20
8.14799
 11
16.92
 21
8.13998
  0
LINE
  8
0
 10
16.92
 20
8.13998
 11
11.88
 21
8.13998
  0
LINE
  8
0
 10
-2.51999
 20
8.13998
 11
-2.51999
 21
8.14799
  0
LINE
  8
0
 10
-2.51999
 20
8.14799
 11
2.51999
 21
8.14799
  0
LINE
  8
0
 10
2.51999
 20
8.14799
 11
2.51999
 21
8.13998
  0
LINE
  8
0
 10
2.51999
 20
8.13998
 11
-2.51999
 21
8.13998
  0
LINE
  8
0
 10
69.48
 20
8.10799
 11
69.48
 21
8.11598
  0
LINE
  8
0
 10
69.48
 20
8.11598
 11
74.52
 21
8.11598
  0
LINE
  8
0
 10
74.52
 20
8.11598
 11
74.52
 21
8.10799
  0
LINE
  8
0
 10
74.52
 20
8.10799
 11
69.48
 21
8.10799
  0
LINE
  8
0
 10
-2.51999
 20
8.10799
 11
-2.51999
 21
8.11598
  0
LINE
  8
0
 10
-2.51999
 20
8.11598
 11
2.51999
 21
8.11598
  0
LINE
  8
0
 10
2.51999
 20
8.11598
 11
2.51999
 21
8.10799
  0
LINE
  8
0
 10
2.51999
 20
8.10799
 11
-2.51999
 21
8.10799
  0
LINE
  8
0
 10
55.08
 20
8.10799
 11
55.08
 21
8.11598
  0
LINE
  8
0
 10
55.08
 20
8.11598
 11
60.12
 21
8.11598
  0
LINE
  8
0
 10
60.12
 20
8.11598
 11
60.12
 21
8.10799
  0
LINE
  8
0
 10
60.12
 20
8.10799
 11
55.08
 21
8.10799
  0
LINE
  8
0
 10
40.68
 20
8.10799
 11
40.68
 21
8.11598
  0
LINE
  8
0
 10
40.68
 20
8.11598
 11
45.72
 21
8.11598
  0
LINE
  8
0
 10
45.72
 20
8.11598
 11
45.72
 21
8.10799
  0
LINE
  8
0
 10
45.72
 20
8.10799
 11
40.68
 21
8.10799
  0
LINE
  8
0
 10
11.88
 20
8.10799
 11
11.88
 21
8.11598
  0
LINE
  8
0
 10
11.88
 20
8.11598
 11
16.92
 21
8.11598
  0
LINE
  8
0
 10
16.92
 20
8.11598
 11
16.92
 21
8.10799
  0
LINE
  8
0
 10
16.92
 20
8.10799
 11
11.88
 21
8.10799
  0
LINE
  8
0
 10
26.28
 20
8.10799
 11
26.28
 21
8.11598
  0
LINE
  8
0
 10
26.28
 20
8.11598
 11
31.32
 21
8.11598
  0
LINE
  8
0
 10
31.32
 20
8.11598
 11
31.32
 21
8.10799
  0
LINE
  8
0
 10
31.32
 20
8.10799
 11
26.28
 21
8.10799
  0
LINE
  8
0
 10
69.48
 20
8.07599
 11
69.48
 21
8.08398
  0
LINE
  8
0
 10
69.48
 20
8.08398
 11
74.52
 21
8.08398
  0
LINE
  8
0
 10
74.52
 20
8.08398
 11
74.52
 21
8.07599
  0
LINE
  8
0
 10
74.52
 20
8.07599
 11
69.48
 21
8.07599
  0
LINE
  8
0
 10
55.08
 20
8.07599
 11
55.08
 21
8.08398
  0
LINE
  8
0
 10
55.08
 20
8.08398
 11
60.12
 21
8.08398
  0
LINE
  8
0
 10
60.12
 20
8.08398
 11
60.12
 21
8.07599
  0
LINE
  8
0
 10
60.12
 20
8.07599
 11
55.08
 21
8.07599
  0
LINE
  8
0
 10
-2.51999
 20
8.07599
 11
-2.51999
 21
8.08398
  0
LINE
  8
0
 10
-2.51999
 20
8.08398
 11
2.51999
 21
8.08398
  0
LINE
  8
0
 10
2.51999
 20
8.08398
 11
2.51999
 21
8.07599
  0
LINE
  8
0
 10
2.51999
 20
8.07599
 11
-2.51999
 21
8.07599
  0
LINE
  8
0
 10
11.88
 20
8.07599
 11
11.88
 21
8.08398
  0
LINE
  8
0
 10
11.88
 20
8.08398
 11
16.92
 21
8.08398
  0
LINE
  8
0
 10
16.92
 20
8.08398
 11
16.92
 21
8.07599
  0
LINE
  8
0
 10
16.92
 20
8.07599
 11
11.88
 21
8.07599
  0
LINE
  8
0
 10
40.68
 20
8.07599
 11
40.68
 21
8.08398
  0
LINE
  8
0
 10
40.68
 20
8.08398
 11
45.72
 21
8.08398
  0
LINE
  8
0
 10
45.72
 20
8.08398
 11
45.72
 21
8.07599
  0
LINE
  8
0
 10
45.72
 20
8.07599
 11
40.68
 21
8.07599
  0
LINE
  8
0
 10
26.28
 20
8.07599
 11
26.28
 21
8.08398
  0
LINE
  8
0
 10
26.28
 20
8.08398
 11
31.32
 21
8.08398
  0
LINE
  8
0
 10
31.32
 20
8.08398
 11
31.32
 21
8.07599
  0
LINE
  8
0
 10
31.32
 20
8.07599
 11
26.28
 21
8.07599
  0
LINE
  8
0
 10
40.68
 20
8.04399
 11
40.68
 21
8.05199
  0
LINE
  8
0
 10
40.68
 20
8.05199
 11
45.72
 21
8.05199
  0
LINE
  8
0
 10
45.72
 20
8.05199
 11
45.72
 21
8.04399
  0
LINE
  8
0
 10
45.72
 20
8.04399
 11
40.68
 21
8.04399
  0
LINE
  8
0
 10
26.28
 20
8.04399
 11
26.28
 21
8.05199
  0
LINE
  8
0
 10
26.28
 20
8.05199
 11
31.32
 21
8.05199
  0
LINE
  8
0
 10
31.32
 20
8.05199
 11
31.32
 21
8.04399
  0
LINE
  8
0
 10
31.32
 20
8.04399
 11
26.28
 21
8.04399
  0
LINE
  8
0
 10
11.88
 20
8.04399
 11
11.88
 21
8.05199
  0
LINE
  8
0
 10
11.88
 20
8.05199
 11
16.92
 21
8.05199
  0
LINE
  8
0
 10
16.92
 20
8.05199
 11
16.92
 21
8.04399
  0
LINE
  8
0
 10
16.92
 20
8.04399
 11
11.88
 21
8.04399
  0
LINE
  8
0
 10
69.48
 20
8.04399
 11
69.48
 21
8.05199
  0
LINE
  8
0
 10
69.48
 20
8.05199
 11
74.52
 21
8.05199
  0
LINE
  8
0
 10
74.52
 20
8.05199
 11
74.52
 21
8.04399
  0
LINE
  8
0
 10
74.52
 20
8.04399
 11
69.48
 21
8.04399
  0
LINE
  8
0
 10
-2.51999
 20
8.04399
 11
-2.51999
 21
8.05199
  0
LINE
  8
0
 10
-2.51999
 20
8.05199
 11
2.51999
 21
8.05199
  0
LINE
  8
0
 10
2.51999
 20
8.05199
 11
2.51999
 21
8.04399
  0
LINE
  8
0
 10
2.51999
 20
8.04399
 11
-2.51999
 21
8.04399
  0
LINE
  8
0
 10
55.08
 20
8.04399
 11
55.08
 21
8.05199
  0
LINE
  8
0
 10
55.08
 20
8.05199
 11
60.12
 21
8.05199
  0
LINE
  8
0
 10
60.12
 20
8.05199
 11
60.12
 21
8.04399
  0
LINE
  8
0
 10
60.12
 20
8.04399
 11
55.08
 21
8.04399
  0
LINE
  8
0
 10
11.88
 20
8.01199
 11
11.88
 21
8.01999
  0
LINE
  8
0
 10
11.88
 20
8.01999
 11
16.92
 21
8.01999
  0
LINE
  8
0
 10
16.92
 20
8.01999
 11
16.92
 21
8.01199
  0
LINE
  8
0
 10
16.92
 20
8.01199
 11
11.88
 21
8.01199
  0
LINE
  8
0
 10
69.48
 20
8.01199
 11
69.48
 21
8.01999
  0
LINE
  8
0
 10
69.48
 20
8.01999
 11
74.52
 21
8.01999
  0
LINE
  8
0
 10
74.52
 20
8.01999
 11
74.52
 21
8.01199
  0
LINE
  8
0
 10
74.52
 20
8.01199
 11
69.48
 21
8.01199
  0
LINE
  8
0
 10
55.08
 20
8.01199
 11
55.08
 21
8.01999
  0
LINE
  8
0
 10
55.08
 20
8.01999
 11
60.12
 21
8.01999
  0
LINE
  8
0
 10
60.12
 20
8.01999
 11
60.12
 21
8.01199
  0
LINE
  8
0
 10
60.12
 20
8.01199
 11
55.08
 21
8.01199
  0
LINE
  8
0
 10
-2.51999
 20
8.01199
 11
-2.51999
 21
8.01999
  0
LINE
  8
0
 10
-2.51999
 20
8.01999
 11
2.51999
 21
8.01999
  0
LINE
  8
0
 10
2.51999
 20
8.01999
 11
2.51999
 21
8.01199
  0
LINE
  8
0
 10
2.51999
 20
8.01199
 11
-2.51999
 21
8.01199
  0
LINE
  8
0
 10
26.28
 20
8.01199
 11
26.28
 21
8.01999
  0
LINE
  8
0
 10
26.28
 20
8.01999
 11
31.32
 21
8.01999
  0
LINE
  8
0
 10
31.32
 20
8.01999
 11
31.32
 21
8.01199
  0
LINE
  8
0
 10
31.32
 20
8.01199
 11
26.28
 21
8.01199
  0
LINE
  8
0
 10
40.68
 20
8.01199
 11
40.68
 21
8.01999
  0
LINE
  8
0
 10
40.68
 20
8.01999
 11
45.72
 21
8.01999
  0
LINE
  8
0
 10
45.72
 20
8.01999
 11
45.72
 21
8.01199
  0
LINE
  8
0
 10
45.72
 20
8.01199
 11
40.68
 21
8.01199
  0
LINE
  8
0
 10
55.08
 20
7.97998
 11
55.08
 21
7.98798
  0
LINE
  8
0
 10
55.08
 20
7.98798
 11
60.12
 21
7.98798
  0
LINE
  8
0
 10
60.12
 20
7.98798
 11
60.12
 21
7.97998
  0
LINE
  8
0
 10
60.12
 20
7.97998
 11
55.08
 21
7.97998
  0
LINE
  8
0
 10
-2.51999
 20
7.97998
 11
-2.51999
 21
7.98798
  0
LINE
  8
0
 10
-2.51999
 20
7.98798
 11
2.51999
 21
7.98798
  0
LINE
  8
0
 10
2.51999
 20
7.98798
 11
2.51999
 21
7.97998
  0
LINE
  8
0
 10
2.51999
 20
7.97998
 11
-2.51999
 21
7.97998
  0
LINE
  8
0
 10
11.88
 20
7.97998
 11
11.88
 21
7.98798
  0
LINE
  8
0
 10
11.88
 20
7.98798
 11
16.92
 21
7.98798
  0
LINE
  8
0
 10
16.92
 20
7.98798
 11
16.92
 21
7.97998
  0
LINE
  8
0
 10
16.92
 20
7.97998
 11
11.88
 21
7.97998
  0
LINE
  8
0
 10
40.68
 20
7.97998
 11
40.68
 21
7.98798
  0
LINE
  8
0
 10
40.68
 20
7.98798
 11
45.72
 21
7.98798
  0
LINE
  8
0
 10
45.72
 20
7.98798
 11
45.72
 21
7.97998
  0
LINE
  8
0
 10
45.72
 20
7.97998
 11
40.68
 21
7.97998
  0
LINE
  8
0
 10
69.48
 20
7.97998
 11
69.48
 21
7.98798
  0
LINE
  8
0
 10
69.48
 20
7.98798
 11
74.52
 21
7.98798
  0
LINE
  8
0
 10
74.52
 20
7.98798
 11
74.52
 21
7.97998
  0
LINE
  8
0
 10
74.52
 20
7.97998
 11
69.48
 21
7.97998
  0
LINE
  8
0
 10
26.28
 20
7.97998
 11
26.28
 21
7.98798
  0
LINE
  8
0
 10
26.28
 20
7.98798
 11
31.32
 21
7.98798
  0
LINE
  8
0
 10
31.32
 20
7.98798
 11
31.32
 21
7.97998
  0
LINE
  8
0
 10
31.32
 20
7.97998
 11
26.28
 21
7.97998
  0
LINE
  8
0
 10
-2.51999
 20
7.948
 11
-2.51999
 21
7.95599
  0
LINE
  8
0
 10
-2.51999
 20
7.95599
 11
2.51999
 21
7.95599
  0
LINE
  8
0
 10
2.51999
 20
7.95599
 11
2.51999
 21
7.948
  0
LINE
  8
0
 10
2.51999
 20
7.948
 11
-2.51999
 21
7.948
  0
LINE
  8
0
 10
40.68
 20
7.948
 11
40.68
 21
7.95599
  0
LINE
  8
0
 10
40.68
 20
7.95599
 11
45.72
 21
7.95599
  0
LINE
  8
0
 10
45.72
 20
7.95599
 11
45.72
 21
7.948
  0
LINE
  8
0
 10
45.72
 20
7.948
 11
40.68
 21
7.948
  0
LINE
  8
0
 10
26.28
 20
7.948
 11
26.28
 21
7.95599
  0
LINE
  8
0
 10
26.28
 20
7.95599
 11
31.32
 21
7.95599
  0
LINE
  8
0
 10
31.32
 20
7.95599
 11
31.32
 21
7.948
  0
LINE
  8
0
 10
31.32
 20
7.948
 11
26.28
 21
7.948
  0
LINE
  8
0
 10
55.08
 20
7.948
 11
55.08
 21
7.95599
  0
LINE
  8
0
 10
55.08
 20
7.95599
 11
60.12
 21
7.95599
  0
LINE
  8
0
 10
60.12
 20
7.95599
 11
60.12
 21
7.948
  0
LINE
  8
0
 10
60.12
 20
7.948
 11
55.08
 21
7.948
  0
LINE
  8
0
 10
69.48
 20
7.948
 11
69.48
 21
7.95599
  0
LINE
  8
0
 10
69.48
 20
7.95599
 11
74.52
 21
7.95599
  0
LINE
  8
0
 10
74.52
 20
7.95599
 11
74.52
 21
7.948
  0
LINE
  8
0
 10
74.52
 20
7.948
 11
69.48
 21
7.948
  0
LINE
  8
0
 10
11.88
 20
7.948
 11
11.88
 21
7.95599
  0
LINE
  8
0
 10
11.88
 20
7.95599
 11
16.92
 21
7.95599
  0
LINE
  8
0
 10
16.92
 20
7.95599
 11
16.92
 21
7.948
  0
LINE
  8
0
 10
16.92
 20
7.948
 11
11.88
 21
7.948
  0
LINE
  8
0
 10
11.88
 20
7.91599
 11
11.88
 21
7.924
  0
LINE
  8
0
 10
11.88
 20
7.924
 11
16.92
 21
7.924
  0
LINE
  8
0
 10
16.92
 20
7.924
 11
16.92
 21
7.91599
  0
LINE
  8
0
 10
16.92
 20
7.91599
 11
11.88
 21
7.91599
  0
LINE
  8
0
 10
-2.51999
 20
7.91599
 11
-2.51999
 21
7.924
  0
LINE
  8
0
 10
-2.51999
 20
7.924
 11
2.51999
 21
7.924
  0
LINE
  8
0
 10
2.51999
 20
7.924
 11
2.51999
 21
7.91599
  0
LINE
  8
0
 10
2.51999
 20
7.91599
 11
-2.51999
 21
7.91599
  0
LINE
  8
0
 10
40.68
 20
7.91599
 11
40.68
 21
7.924
  0
LINE
  8
0
 10
40.68
 20
7.924
 11
45.72
 21
7.924
  0
LINE
  8
0
 10
45.72
 20
7.924
 11
45.72
 21
7.91599
  0
LINE
  8
0
 10
45.72
 20
7.91599
 11
40.68
 21
7.91599
  0
LINE
  8
0
 10
26.28
 20
7.91599
 11
26.28
 21
7.924
  0
LINE
  8
0
 10
26.28
 20
7.924
 11
31.32
 21
7.924
  0
LINE
  8
0
 10
31.32
 20
7.924
 11
31.32
 21
7.91599
  0
LINE
  8
0
 10
31.32
 20
7.91599
 11
26.28
 21
7.91599
  0
LINE
  8
0
 10
55.08
 20
7.91599
 11
55.08
 21
7.924
  0
LINE
  8
0
 10
55.08
 20
7.924
 11
60.12
 21
7.924
  0
LINE
  8
0
 10
60.12
 20
7.924
 11
60.12
 21
7.91599
  0
LINE
  8
0
 10
60.12
 20
7.91599
 11
55.08
 21
7.91599
  0
LINE
  8
0
 10
69.48
 20
7.91599
 11
69.48
 21
7.924
  0
LINE
  8
0
 10
69.48
 20
7.924
 11
74.52
 21
7.924
  0
LINE
  8
0
 10
74.52
 20
7.924
 11
74.52
 21
7.91599
  0
LINE
  8
0
 10
74.52
 20
7.91599
 11
69.48
 21
7.91599
  0
LINE
  8
0
 10
11.88
 20
7.88399
 11
11.88
 21
7.89198
  0
LINE
  8
0
 10
11.88
 20
7.89198
 11
16.92
 21
7.89198
  0
LINE
  8
0
 10
16.92
 20
7.89198
 11
16.92
 21
7.88399
  0
LINE
  8
0
 10
16.92
 20
7.88399
 11
11.88
 21
7.88399
  0
LINE
  8
0
 10
-2.51999
 20
7.88399
 11
-2.51999
 21
7.89198
  0
LINE
  8
0
 10
-2.51999
 20
7.89198
 11
2.51999
 21
7.89198
  0
LINE
  8
0
 10
2.51999
 20
7.89198
 11
2.51999
 21
7.88399
  0
LINE
  8
0
 10
2.51999
 20
7.88399
 11
-2.51999
 21
7.88399
  0
LINE
  8
0
 10
55.08
 20
7.88399
 11
55.08
 21
7.89198
  0
LINE
  8
0
 10
55.08
 20
7.89198
 11
60.12
 21
7.89198
  0
LINE
  8
0
 10
60.12
 20
7.89198
 11
60.12
 21
7.88399
  0
LINE
  8
0
 10
60.12
 20
7.88399
 11
55.08
 21
7.88399
  0
LINE
  8
0
 10
26.28
 20
7.88399
 11
26.28
 21
7.89198
  0
LINE
  8
0
 10
26.28
 20
7.89198
 11
31.32
 21
7.89198
  0
LINE
  8
0
 10
31.32
 20
7.89198
 11
31.32
 21
7.88399
  0
LINE
  8
0
 10
31.32
 20
7.88399
 11
26.28
 21
7.88399
  0
LINE
  8
0
 10
40.68
 20
7.88399
 11
40.68
 21
7.89198
  0
LINE
  8
0
 10
40.68
 20
7.89198
 11
45.72
 21
7.89198
  0
LINE
  8
0
 10
45.72
 20
7.89198
 11
45.72
 21
7.88399
  0
LINE
  8
0
 10
45.72
 20
7.88399
 11
40.68
 21
7.88399
  0
LINE
  8
0
 10
69.48
 20
7.88399
 11
69.48
 21
7.89198
  0
LINE
  8
0
 10
69.48
 20
7.89198
 11
74.52
 21
7.89198
  0
LINE
  8
0
 10
74.52
 20
7.89198
 11
74.52
 21
7.88399
  0
LINE
  8
0
 10
74.52
 20
7.88399
 11
69.48
 21
7.88399
  0
LINE
  8
0
 10
55.08
 20
7.85199
 11
55.08
 21
7.85999
  0
LINE
  8
0
 10
55.08
 20
7.85999
 11
60.12
 21
7.85999
  0
LINE
  8
0
 10
60.12
 20
7.85999
 11
60.12
 21
7.85199
  0
LINE
  8
0
 10
60.12
 20
7.85199
 11
55.08
 21
7.85199
  0
LINE
  8
0
 10
26.28
 20
7.85199
 11
26.28
 21
7.85999
  0
LINE
  8
0
 10
26.28
 20
7.85999
 11
31.32
 21
7.85999
  0
LINE
  8
0
 10
31.32
 20
7.85999
 11
31.32
 21
7.85199
  0
LINE
  8
0
 10
31.32
 20
7.85199
 11
26.28
 21
7.85199
  0
LINE
  8
0
 10
-2.51999
 20
7.85199
 11
-2.51999
 21
7.85999
  0
LINE
  8
0
 10
-2.51999
 20
7.85999
 11
2.51999
 21
7.85999
  0
LINE
  8
0
 10
2.51999
 20
7.85999
 11
2.51999
 21
7.85199
  0
LINE
  8
0
 10
2.51999
 20
7.85199
 11
-2.51999
 21
7.85199
  0
LINE
  8
0
 10
69.48
 20
7.85199
 11
69.48
 21
7.85999
  0
LINE
  8
0
 10
69.48
 20
7.85999
 11
74.52
 21
7.85999
  0
LINE
  8
0
 10
74.52
 20
7.85999
 11
74.52
 21
7.85199
  0
LINE
  8
0
 10
74.52
 20
7.85199
 11
69.48
 21
7.85199
  0
LINE
  8
0
 10
40.68
 20
7.85199
 11
40.68
 21
7.85999
  0
LINE
  8
0
 10
40.68
 20
7.85999
 11
45.72
 21
7.85999
  0
LINE
  8
0
 10
45.72
 20
7.85999
 11
45.72
 21
7.85199
  0
LINE
  8
0
 10
45.72
 20
7.85199
 11
40.68
 21
7.85199
  0
LINE
  8
0
 10
11.88
 20
7.85199
 11
11.88
 21
7.85999
  0
LINE
  8
0
 10
11.88
 20
7.85999
 11
16.92
 21
7.85999
  0
LINE
  8
0
 10
16.92
 20
7.85999
 11
16.92
 21
7.85199
  0
LINE
  8
0
 10
16.92
 20
7.85199
 11
11.88
 21
7.85199
  0
LINE
  8
0
 10
40.68
 20
7.81999
 11
40.68
 21
7.82799
  0
LINE
  8
0
 10
40.68
 20
7.82799
 11
45.72
 21
7.82799
  0
LINE
  8
0
 10
45.72
 20
7.82799
 11
45.72
 21
7.81999
  0
LINE
  8
0
 10
45.72
 20
7.81999
 11
40.68
 21
7.81999
  0
LINE
  8
0
 10
-2.51999
 20
7.81999
 11
-2.51999
 21
7.82799
  0
LINE
  8
0
 10
-2.51999
 20
7.82799
 11
2.51999
 21
7.82799
  0
LINE
  8
0
 10
2.51999
 20
7.82799
 11
2.51999
 21
7.81999
  0
LINE
  8
0
 10
2.51999
 20
7.81999
 11
-2.51999
 21
7.81999
  0
LINE
  8
0
 10
26.28
 20
7.81999
 11
26.28
 21
7.82799
  0
LINE
  8
0
 10
26.28
 20
7.82799
 11
31.32
 21
7.82799
  0
LINE
  8
0
 10
31.32
 20
7.82799
 11
31.32
 21
7.81999
  0
LINE
  8
0
 10
31.32
 20
7.81999
 11
26.28
 21
7.81999
  0
LINE
  8
0
 10
69.48
 20
7.81999
 11
69.48
 21
7.82799
  0
LINE
  8
0
 10
69.48
 20
7.82799
 11
74.52
 21
7.82799
  0
LINE
  8
0
 10
74.52
 20
7.82799
 11
74.52
 21
7.81999
  0
LINE
  8
0
 10
74.52
 20
7.81999
 11
69.48
 21
7.81999
  0
LINE
  8
0
 10
11.88
 20
7.81999
 11
11.88
 21
7.82799
  0
LINE
  8
0
 10
11.88
 20
7.82799
 11
16.92
 21
7.82799
  0
LINE
  8
0
 10
16.92
 20
7.82799
 11
16.92
 21
7.81999
  0
LINE
  8
0
 10
16.92
 20
7.81999
 11
11.88
 21
7.81999
  0
LINE
  8
0
 10
55.08
 20
7.81999
 11
55.08
 21
7.82799
  0
LINE
  8
0
 10
55.08
 20
7.82799
 11
60.12
 21
7.82799
  0
LINE
  8
0
 10
60.12
 20
7.82799
 11
60.12
 21
7.81999
  0
LINE
  8
0
 10
60.12
 20
7.81999
 11
55.08
 21
7.81999
  0
LINE
  8
0
 10
40.68
 20
7.78798
 11
40.68
 21
7.79599
  0
LINE
  8
0
 10
40.68
 20
7.79599
 11
45.72
 21
7.79599
  0
LINE
  8
0
 10
45.72
 20
7.79599
 11
45.72
 21
7.78798
  0
LINE
  8
0
 10
45.72
 20
7.78798
 11
40.68
 21
7.78798
  0
LINE
  8
0
 10
69.48
 20
7.78798
 11
69.48
 21
7.79599
  0
LINE
  8
0
 10
69.48
 20
7.79599
 11
74.52
 21
7.79599
  0
LINE
  8
0
 10
74.52
 20
7.79599
 11
74.52
 21
7.78798
  0
LINE
  8
0
 10
74.52
 20
7.78798
 11
69.48
 21
7.78798
  0
LINE
  8
0
 10
-2.51999
 20
7.78798
 11
-2.51999
 21
7.79599
  0
LINE
  8
0
 10
-2.51999
 20
7.79599
 11
2.51999
 21
7.79599
  0
LINE
  8
0
 10
2.51999
 20
7.79599
 11
2.51999
 21
7.78798
  0
LINE
  8
0
 10
2.51999
 20
7.78798
 11
-2.51999
 21
7.78798
  0
LINE
  8
0
 10
11.88
 20
7.78798
 11
11.88
 21
7.79599
  0
LINE
  8
0
 10
11.88
 20
7.79599
 11
16.92
 21
7.79599
  0
LINE
  8
0
 10
16.92
 20
7.79599
 11
16.92
 21
7.78798
  0
LINE
  8
0
 10
16.92
 20
7.78798
 11
11.88
 21
7.78798
  0
LINE
  8
0
 10
26.28
 20
7.78798
 11
26.28
 21
7.79599
  0
LINE
  8
0
 10
26.28
 20
7.79599
 11
31.32
 21
7.79599
  0
LINE
  8
0
 10
31.32
 20
7.79599
 11
31.32
 21
7.78798
  0
LINE
  8
0
 10
31.32
 20
7.78798
 11
26.28
 21
7.78798
  0
LINE
  8
0
 10
55.08
 20
7.78798
 11
55.08
 21
7.79599
  0
LINE
  8
0
 10
55.08
 20
7.79599
 11
60.12
 21
7.79599
  0
LINE
  8
0
 10
60.12
 20
7.79599
 11
60.12
 21
7.78798
  0
LINE
  8
0
 10
60.12
 20
7.78798
 11
55.08
 21
7.78798
  0
LINE
  8
0
 10
40.68
 20
7.75598
 11
40.68
 21
7.76398
  0
LINE
  8
0
 10
40.68
 20
7.76398
 11
45.72
 21
7.76398
  0
LINE
  8
0
 10
45.72
 20
7.76398
 11
45.72
 21
7.75598
  0
LINE
  8
0
 10
45.72
 20
7.75598
 11
40.68
 21
7.75598
  0
LINE
  8
0
 10
-2.51999
 20
7.75598
 11
-2.51999
 21
7.76398
  0
LINE
  8
0
 10
-2.51999
 20
7.76398
 11
2.51999
 21
7.76398
  0
LINE
  8
0
 10
2.51999
 20
7.76398
 11
2.51999
 21
7.75598
  0
LINE
  8
0
 10
2.51999
 20
7.75598
 11
-2.51999
 21
7.75598
  0
LINE
  8
0
 10
26.28
 20
7.75598
 11
26.28
 21
7.76398
  0
LINE
  8
0
 10
26.28
 20
7.76398
 11
31.32
 21
7.76398
  0
LINE
  8
0
 10
31.32
 20
7.76398
 11
31.32
 21
7.75598
  0
LINE
  8
0
 10
31.32
 20
7.75598
 11
26.28
 21
7.75598
  0
LINE
  8
0
 10
55.08
 20
7.75598
 11
55.08
 21
7.76398
  0
LINE
  8
0
 10
55.08
 20
7.76398
 11
60.12
 21
7.76398
  0
LINE
  8
0
 10
60.12
 20
7.76398
 11
60.12
 21
7.75598
  0
LINE
  8
0
 10
60.12
 20
7.75598
 11
55.08
 21
7.75598
  0
LINE
  8
0
 10
69.48
 20
7.75598
 11
69.48
 21
7.76398
  0
LINE
  8
0
 10
69.48
 20
7.76398
 11
74.52
 21
7.76398
  0
LINE
  8
0
 10
74.52
 20
7.76398
 11
74.52
 21
7.75598
  0
LINE
  8
0
 10
74.52
 20
7.75598
 11
69.48
 21
7.75598
  0
LINE
  8
0
 10
11.88
 20
7.75598
 11
11.88
 21
7.76398
  0
LINE
  8
0
 10
11.88
 20
7.76398
 11
16.92
 21
7.76398
  0
LINE
  8
0
 10
16.92
 20
7.76398
 11
16.92
 21
7.75598
  0
LINE
  8
0
 10
16.92
 20
7.75598
 11
11.88
 21
7.75598
  0
LINE
  8
0
 10
69.48
 20
7.724
 11
69.48
 21
7.73199
  0
LINE
  8
0
 10
69.48
 20
7.73199
 11
74.52
 21
7.73199
  0
LINE
  8
0
 10
74.52
 20
7.73199
 11
74.52
 21
7.724
  0
LINE
  8
0
 10
74.52
 20
7.724
 11
69.48
 21
7.724
  0
LINE
  8
0
 10
55.08
 20
7.724
 11
55.08
 21
7.73199
  0
LINE
  8
0
 10
55.08
 20
7.73199
 11
60.12
 21
7.73199
  0
LINE
  8
0
 10
60.12
 20
7.73199
 11
60.12
 21
7.724
  0
LINE
  8
0
 10
60.12
 20
7.724
 11
55.08
 21
7.724
  0
LINE
  8
0
 10
40.68
 20
7.724
 11
40.68
 21
7.73199
  0
LINE
  8
0
 10
40.68
 20
7.73199
 11
45.72
 21
7.73199
  0
LINE
  8
0
 10
45.72
 20
7.73199
 11
45.72
 21
7.724
  0
LINE
  8
0
 10
45.72
 20
7.724
 11
40.68
 21
7.724
  0
LINE
  8
0
 10
26.28
 20
7.724
 11
26.28
 21
7.73199
  0
LINE
  8
0
 10
26.28
 20
7.73199
 11
31.32
 21
7.73199
  0
LINE
  8
0
 10
31.32
 20
7.73199
 11
31.32
 21
7.724
  0
LINE
  8
0
 10
31.32
 20
7.724
 11
26.28
 21
7.724
  0
LINE
  8
0
 10
11.88
 20
7.724
 11
11.88
 21
7.73199
  0
LINE
  8
0
 10
11.88
 20
7.73199
 11
16.92
 21
7.73199
  0
LINE
  8
0
 10
16.92
 20
7.73199
 11
16.92
 21
7.724
  0
LINE
  8
0
 10
16.92
 20
7.724
 11
11.88
 21
7.724
  0
LINE
  8
0
 10
-2.51999
 20
7.724
 11
-2.51999
 21
7.73199
  0
LINE
  8
0
 10
-2.51999
 20
7.73199
 11
2.51999
 21
7.73199
  0
LINE
  8
0
 10
2.51999
 20
7.73199
 11
2.51999
 21
7.724
  0
LINE
  8
0
 10
2.51999
 20
7.724
 11
-2.51999
 21
7.724
  0
LINE
  8
0
 10
69.48
 20
7.69199
 11
69.48
 21
7.7
  0
LINE
  8
0
 10
69.48
 20
7.7
 11
74.52
 21
7.7
  0
LINE
  8
0
 10
74.52
 20
7.7
 11
74.52
 21
7.69199
  0
LINE
  8
0
 10
74.52
 20
7.69199
 11
69.48
 21
7.69199
  0
LINE
  8
0
 10
11.88
 20
7.69199
 11
11.88
 21
7.7
  0
LINE
  8
0
 10
11.88
 20
7.7
 11
16.92
 21
7.7
  0
LINE
  8
0
 10
16.92
 20
7.7
 11
16.92
 21
7.69199
  0
LINE
  8
0
 10
16.92
 20
7.69199
 11
11.88
 21
7.69199
  0
LINE
  8
0
 10
26.28
 20
7.69199
 11
26.28
 21
7.7
  0
LINE
  8
0
 10
26.28
 20
7.7
 11
31.32
 21
7.7
  0
LINE
  8
0
 10
31.32
 20
7.7
 11
31.32
 21
7.69199
  0
LINE
  8
0
 10
31.32
 20
7.69199
 11
26.28
 21
7.69199
  0
LINE
  8
0
 10
40.68
 20
7.69199
 11
40.68
 21
7.7
  0
LINE
  8
0
 10
40.68
 20
7.7
 11
45.72
 21
7.7
  0
LINE
  8
0
 10
45.72
 20
7.7
 11
45.72
 21
7.69199
  0
LINE
  8
0
 10
45.72
 20
7.69199
 11
40.68
 21
7.69199
  0
LINE
  8
0
 10
-2.51999
 20
7.69199
 11
-2.51999
 21
7.7
  0
LINE
  8
0
 10
-2.51999
 20
7.7
 11
2.51999
 21
7.7
  0
LINE
  8
0
 10
2.51999
 20
7.7
 11
2.51999
 21
7.69199
  0
LINE
  8
0
 10
2.51999
 20
7.69199
 11
-2.51999
 21
7.69199
  0
LINE
  8
0
 10
55.08
 20
7.69199
 11
55.08
 21
7.7
  0
LINE
  8
0
 10
55.08
 20
7.7
 11
60.12
 21
7.7
  0
LINE
  8
0
 10
60.12
 20
7.7
 11
60.12
 21
7.69199
  0
LINE
  8
0
 10
60.12
 20
7.69199
 11
55.08
 21
7.69199
  0
LINE
  8
0
 10
69.48
 20
7.65999
 11
69.48
 21
7.66798
  0
LINE
  8
0
 10
69.48
 20
7.66798
 11
74.52
 21
7.66798
  0
LINE
  8
0
 10
74.52
 20
7.66798
 11
74.52
 21
7.65999
  0
LINE
  8
0
 10
74.52
 20
7.65999
 11
69.48
 21
7.65999
  0
LINE
  8
0
 10
40.68
 20
7.65999
 11
40.68
 21
7.66798
  0
LINE
  8
0
 10
40.68
 20
7.66798
 11
45.72
 21
7.66798
  0
LINE
  8
0
 10
45.72
 20
7.66798
 11
45.72
 21
7.65999
  0
LINE
  8
0
 10
45.72
 20
7.65999
 11
40.68
 21
7.65999
  0
LINE
  8
0
 10
11.88
 20
7.65999
 11
11.88
 21
7.66798
  0
LINE
  8
0
 10
11.88
 20
7.66798
 11
16.92
 21
7.66798
  0
LINE
  8
0
 10
16.92
 20
7.66798
 11
16.92
 21
7.65999
  0
LINE
  8
0
 10
16.92
 20
7.65999
 11
11.88
 21
7.65999
  0
LINE
  8
0
 10
55.08
 20
7.65999
 11
55.08
 21
7.66798
  0
LINE
  8
0
 10
55.08
 20
7.66798
 11
60.12
 21
7.66798
  0
LINE
  8
0
 10
60.12
 20
7.66798
 11
60.12
 21
7.65999
  0
LINE
  8
0
 10
60.12
 20
7.65999
 11
55.08
 21
7.65999
  0
LINE
  8
0
 10
26.28
 20
7.65999
 11
26.28
 21
7.66798
  0
LINE
  8
0
 10
26.28
 20
7.66798
 11
31.32
 21
7.66798
  0
LINE
  8
0
 10
31.32
 20
7.66798
 11
31.32
 21
7.65999
  0
LINE
  8
0
 10
31.32
 20
7.65999
 11
26.28
 21
7.65999
  0
LINE
  8
0
 10
-2.51999
 20
7.65999
 11
-2.51999
 21
7.66798
  0
LINE
  8
0
 10
-2.51999
 20
7.66798
 11
2.51999
 21
7.66798
  0
LINE
  8
0
 10
2.51999
 20
7.66798
 11
2.51999
 21
7.65999
  0
LINE
  8
0
 10
2.51999
 20
7.65999
 11
-2.51999
 21
7.65999
  0
LINE
  8
0
 10
26.28
 20
7.62799
 11
26.28
 21
7.63599
  0
LINE
  8
0
 10
26.28
 20
7.63599
 11
31.32
 21
7.63599
  0
LINE
  8
0
 10
31.32
 20
7.63599
 11
31.32
 21
7.62799
  0
LINE
  8
0
 10
31.32
 20
7.62799
 11
26.28
 21
7.62799
  0
LINE
  8
0
 10
-2.51999
 20
7.62799
 11
-2.51999
 21
7.63599
  0
LINE
  8
0
 10
-2.51999
 20
7.63599
 11
2.51999
 21
7.63599
  0
LINE
  8
0
 10
2.51999
 20
7.63599
 11
2.51999
 21
7.62799
  0
LINE
  8
0
 10
2.51999
 20
7.62799
 11
-2.51999
 21
7.62799
  0
LINE
  8
0
 10
69.48
 20
7.62799
 11
69.48
 21
7.63599
  0
LINE
  8
0
 10
69.48
 20
7.63599
 11
74.52
 21
7.63599
  0
LINE
  8
0
 10
74.52
 20
7.63599
 11
74.52
 21
7.62799
  0
LINE
  8
0
 10
74.52
 20
7.62799
 11
69.48
 21
7.62799
  0
LINE
  8
0
 10
40.68
 20
7.62799
 11
40.68
 21
7.63599
  0
LINE
  8
0
 10
40.68
 20
7.63599
 11
45.72
 21
7.63599
  0
LINE
  8
0
 10
45.72
 20
7.63599
 11
45.72
 21
7.62799
  0
LINE
  8
0
 10
45.72
 20
7.62799
 11
40.68
 21
7.62799
  0
LINE
  8
0
 10
11.88
 20
7.62799
 11
11.88
 21
7.63599
  0
LINE
  8
0
 10
11.88
 20
7.63599
 11
16.92
 21
7.63599
  0
LINE
  8
0
 10
16.92
 20
7.63599
 11
16.92
 21
7.62799
  0
LINE
  8
0
 10
16.92
 20
7.62799
 11
11.88
 21
7.62799
  0
LINE
  8
0
 10
55.08
 20
7.62799
 11
55.08
 21
7.63599
  0
LINE
  8
0
 10
55.08
 20
7.63599
 11
60.12
 21
7.63599
  0
LINE
  8
0
 10
60.12
 20
7.63599
 11
60.12
 21
7.62799
  0
LINE
  8
0
 10
60.12
 20
7.62799
 11
55.08
 21
7.62799
  0
LINE
  8
0
 10
26.28
 20
7.59599
 11
26.28
 21
7.60399
  0
LINE
  8
0
 10
26.28
 20
7.60399
 11
31.32
 21
7.60399
  0
LINE
  8
0
 10
31.32
 20
7.60399
 11
31.32
 21
7.59599
  0
LINE
  8
0
 10
31.32
 20
7.59599
 11
26.28
 21
7.59599
  0
LINE
  8
0
 10
11.88
 20
7.59599
 11
11.88
 21
7.60399
  0
LINE
  8
0
 10
11.88
 20
7.60399
 11
16.92
 21
7.60399
  0
LINE
  8
0
 10
16.92
 20
7.60399
 11
16.92
 21
7.59599
  0
LINE
  8
0
 10
16.92
 20
7.59599
 11
11.88
 21
7.59599
  0
LINE
  8
0
 10
69.48
 20
7.59599
 11
69.48
 21
7.60399
  0
LINE
  8
0
 10
69.48
 20
7.60399
 11
74.52
 21
7.60399
  0
LINE
  8
0
 10
74.52
 20
7.60399
 11
74.52
 21
7.59599
  0
LINE
  8
0
 10
74.52
 20
7.59599
 11
69.48
 21
7.59599
  0
LINE
  8
0
 10
-2.51999
 20
7.59599
 11
-2.51999
 21
7.60399
  0
LINE
  8
0
 10
-2.51999
 20
7.60399
 11
2.51999
 21
7.60399
  0
LINE
  8
0
 10
2.51999
 20
7.60399
 11
2.51999
 21
7.59599
  0
LINE
  8
0
 10
2.51999
 20
7.59599
 11
-2.51999
 21
7.59599
  0
LINE
  8
0
 10
40.68
 20
7.59599
 11
40.68
 21
7.60399
  0
LINE
  8
0
 10
40.68
 20
7.60399
 11
45.72
 21
7.60399
  0
LINE
  8
0
 10
45.72
 20
7.60399
 11
45.72
 21
7.59599
  0
LINE
  8
0
 10
45.72
 20
7.59599
 11
40.68
 21
7.59599
  0
LINE
  8
0
 10
55.08
 20
7.59599
 11
55.08
 21
7.60399
  0
LINE
  8
0
 10
55.08
 20
7.60399
 11
60.12
 21
7.60399
  0
LINE
  8
0
 10
60.12
 20
7.60399
 11
60.12
 21
7.59599
  0
LINE
  8
0
 10
60.12
 20
7.59599
 11
55.08
 21
7.59599
  0
LINE
  8
0
 10
55.08
 20
7.56398
 11
55.08
 21
7.57199
  0
LINE
  8
0
 10
55.08
 20
7.57199
 11
60.12
 21
7.57199
  0
LINE
  8
0
 10
60.12
 20
7.57199
 11
60.12
 21
7.56398
  0
LINE
  8
0
 10
60.12
 20
7.56398
 11
55.08
 21
7.56398
  0
LINE
  8
0
 10
40.68
 20
7.56398
 11
40.68
 21
7.57199
  0
LINE
  8
0
 10
40.68
 20
7.57199
 11
45.72
 21
7.57199
  0
LINE
  8
0
 10
45.72
 20
7.57199
 11
45.72
 21
7.56398
  0
LINE
  8
0
 10
45.72
 20
7.56398
 11
40.68
 21
7.56398
  0
LINE
  8
0
 10
69.48
 20
7.56398
 11
69.48
 21
7.57199
  0
LINE
  8
0
 10
69.48
 20
7.57199
 11
74.52
 21
7.57199
  0
LINE
  8
0
 10
74.52
 20
7.57199
 11
74.52
 21
7.56398
  0
LINE
  8
0
 10
74.52
 20
7.56398
 11
69.48
 21
7.56398
  0
LINE
  8
0
 10
-2.51999
 20
7.56398
 11
-2.51999
 21
7.57199
  0
LINE
  8
0
 10
-2.51999
 20
7.57199
 11
2.51999
 21
7.57199
  0
LINE
  8
0
 10
2.51999
 20
7.57199
 11
2.51999
 21
7.56398
  0
LINE
  8
0
 10
2.51999
 20
7.56398
 11
-2.51999
 21
7.56398
  0
LINE
  8
0
 10
11.88
 20
7.56398
 11
11.88
 21
7.57199
  0
LINE
  8
0
 10
11.88
 20
7.57199
 11
16.92
 21
7.57199
  0
LINE
  8
0
 10
16.92
 20
7.57199
 11
16.92
 21
7.56398
  0
LINE
  8
0
 10
16.92
 20
7.56398
 11
11.88
 21
7.56398
  0
LINE
  8
0
 10
26.28
 20
7.56398
 11
26.28
 21
7.57199
  0
LINE
  8
0
 10
26.28
 20
7.57199
 11
31.32
 21
7.57199
  0
LINE
  8
0
 10
31.32
 20
7.57199
 11
31.32
 21
7.56398
  0
LINE
  8
0
 10
31.32
 20
7.56398
 11
26.28
 21
7.56398
  0
LINE
  8
0
 10
69.48
 20
7.53198
 11
69.48
 21
7.53998
  0
LINE
  8
0
 10
69.48
 20
7.53998
 11
74.52
 21
7.53998
  0
LINE
  8
0
 10
74.52
 20
7.53998
 11
74.52
 21
7.53198
  0
LINE
  8
0
 10
74.52
 20
7.53198
 11
69.48
 21
7.53198
  0
LINE
  8
0
 10
40.68
 20
7.53198
 11
40.68
 21
7.53998
  0
LINE
  8
0
 10
40.68
 20
7.53998
 11
45.72
 21
7.53998
  0
LINE
  8
0
 10
45.72
 20
7.53998
 11
45.72
 21
7.53198
  0
LINE
  8
0
 10
45.72
 20
7.53198
 11
40.68
 21
7.53198
  0
LINE
  8
0
 10
55.08
 20
7.53198
 11
55.08
 21
7.53998
  0
LINE
  8
0
 10
55.08
 20
7.53998
 11
60.12
 21
7.53998
  0
LINE
  8
0
 10
60.12
 20
7.53998
 11
60.12
 21
7.53198
  0
LINE
  8
0
 10
60.12
 20
7.53198
 11
55.08
 21
7.53198
  0
LINE
  8
0
 10
-2.51999
 20
7.53198
 11
-2.51999
 21
7.53998
  0
LINE
  8
0
 10
-2.51999
 20
7.53998
 11
2.51999
 21
7.53998
  0
LINE
  8
0
 10
2.51999
 20
7.53998
 11
2.51999
 21
7.53198
  0
LINE
  8
0
 10
2.51999
 20
7.53198
 11
-2.51999
 21
7.53198
  0
LINE
  8
0
 10
26.28
 20
7.53198
 11
26.28
 21
7.53998
  0
LINE
  8
0
 10
26.28
 20
7.53998
 11
31.32
 21
7.53998
  0
LINE
  8
0
 10
31.32
 20
7.53998
 11
31.32
 21
7.53198
  0
LINE
  8
0
 10
31.32
 20
7.53198
 11
26.28
 21
7.53198
  0
LINE
  8
0
 10
11.88
 20
7.53198
 11
11.88
 21
7.53998
  0
LINE
  8
0
 10
11.88
 20
7.53998
 11
16.92
 21
7.53998
  0
LINE
  8
0
 10
16.92
 20
7.53998
 11
16.92
 21
7.53198
  0
LINE
  8
0
 10
16.92
 20
7.53198
 11
11.88
 21
7.53198
  0
LINE
  8
0
 10
26.28
 20
7.5
 11
26.28
 21
7.508
  0
LINE
  8
0
 10
26.28
 20
7.508
 11
31.32
 21
7.508
  0
LINE
  8
0
 10
31.32
 20
7.508
 11
31.32
 21
7.5
  0
LINE
  8
0
 10
31.32
 20
7.5
 11
26.28
 21
7.5
  0
LINE
  8
0
 10
40.68
 20
7.5
 11
40.68
 21
7.508
  0
LINE
  8
0
 10
40.68
 20
7.508
 11
45.72
 21
7.508
  0
LINE
  8
0
 10
45.72
 20
7.508
 11
45.72
 21
7.5
  0
LINE
  8
0
 10
45.72
 20
7.5
 11
40.68
 21
7.5
  0
LINE
  8
0
 10
69.48
 20
7.5
 11
69.48
 21
7.508
  0
LINE
  8
0
 10
69.48
 20
7.508
 11
74.52
 21
7.508
  0
LINE
  8
0
 10
74.52
 20
7.508
 11
74.52
 21
7.5
  0
LINE
  8
0
 10
74.52
 20
7.5
 11
69.48
 21
7.5
  0
LINE
  8
0
 10
55.08
 20
7.5
 11
55.08
 21
7.508
  0
LINE
  8
0
 10
55.08
 20
7.508
 11
60.12
 21
7.508
  0
LINE
  8
0
 10
60.12
 20
7.508
 11
60.12
 21
7.5
  0
LINE
  8
0
 10
60.12
 20
7.5
 11
55.08
 21
7.5
  0
LINE
  8
0
 10
11.88
 20
7.5
 11
11.88
 21
7.508
  0
LINE
  8
0
 10
11.88
 20
7.508
 11
16.92
 21
7.508
  0
LINE
  8
0
 10
16.92
 20
7.508
 11
16.92
 21
7.5
  0
LINE
  8
0
 10
16.92
 20
7.5
 11
11.88
 21
7.5
  0
LINE
  8
0
 10
-2.51999
 20
7.5
 11
-2.51999
 21
7.508
  0
LINE
  8
0
 10
-2.51999
 20
7.508
 11
2.51999
 21
7.508
  0
LINE
  8
0
 10
2.51999
 20
7.508
 11
2.51999
 21
7.5
  0
LINE
  8
0
 10
2.51999
 20
7.5
 11
-2.51999
 21
7.5
  0
LINE
  8
0
 10
40.68
 20
7.46799
 11
40.68
 21
7.47598
  0
LINE
  8
0
 10
40.68
 20
7.47598
 11
45.72
 21
7.47598
  0
LINE
  8
0
 10
45.72
 20
7.47598
 11
45.72
 21
7.46799
  0
LINE
  8
0
 10
45.72
 20
7.46799
 11
40.68
 21
7.46799
  0
LINE
  8
0
 10
26.28
 20
7.46799
 11
26.28
 21
7.47598
  0
LINE
  8
0
 10
26.28
 20
7.47598
 11
31.32
 21
7.47598
  0
LINE
  8
0
 10
31.32
 20
7.47598
 11
31.32
 21
7.46799
  0
LINE
  8
0
 10
31.32
 20
7.46799
 11
26.28
 21
7.46799
  0
LINE
  8
0
 10
55.08
 20
7.46799
 11
55.08
 21
7.47598
  0
LINE
  8
0
 10
55.08
 20
7.47598
 11
60.12
 21
7.47598
  0
LINE
  8
0
 10
60.12
 20
7.47598
 11
60.12
 21
7.46799
  0
LINE
  8
0
 10
60.12
 20
7.46799
 11
55.08
 21
7.46799
  0
LINE
  8
0
 10
-2.51999
 20
7.46799
 11
-2.51999
 21
7.47598
  0
LINE
  8
0
 10
-2.51999
 20
7.47598
 11
2.51999
 21
7.47598
  0
LINE
  8
0
 10
2.51999
 20
7.47598
 11
2.51999
 21
7.46799
  0
LINE
  8
0
 10
2.51999
 20
7.46799
 11
-2.51999
 21
7.46799
  0
LINE
  8
0
 10
69.48
 20
7.46799
 11
69.48
 21
7.47598
  0
LINE
  8
0
 10
69.48
 20
7.47598
 11
74.52
 21
7.47598
  0
LINE
  8
0
 10
74.52
 20
7.47598
 11
74.52
 21
7.46799
  0
LINE
  8
0
 10
74.52
 20
7.46799
 11
69.48
 21
7.46799
  0
LINE
  8
0
 10
11.88
 20
7.46799
 11
11.88
 21
7.47598
  0
LINE
  8
0
 10
11.88
 20
7.47598
 11
16.92
 21
7.47598
  0
LINE
  8
0
 10
16.92
 20
7.47598
 11
16.92
 21
7.46799
  0
LINE
  8
0
 10
16.92
 20
7.46799
 11
11.88
 21
7.46799
  0
LINE
  8
0
 10
69.48
 20
7.43599
 11
69.48
 21
7.44398
  0
LINE
  8
0
 10
69.48
 20
7.44398
 11
74.52
 21
7.44398
  0
LINE
  8
0
 10
74.52
 20
7.44398
 11
74.52
 21
7.43599
  0
LINE
  8
0
 10
74.52
 20
7.43599
 11
69.48
 21
7.43599
  0
LINE
  8
0
 10
11.88
 20
7.43599
 11
11.88
 21
7.44398
  0
LINE
  8
0
 10
11.88
 20
7.44398
 11
16.92
 21
7.44398
  0
LINE
  8
0
 10
16.92
 20
7.44398
 11
16.92
 21
7.43599
  0
LINE
  8
0
 10
16.92
 20
7.43599
 11
11.88
 21
7.43599
  0
LINE
  8
0
 10
26.28
 20
7.43599
 11
26.28
 21
7.44398
  0
LINE
  8
0
 10
26.28
 20
7.44398
 11
31.32
 21
7.44398
  0
LINE
  8
0
 10
31.32
 20
7.44398
 11
31.32
 21
7.43599
  0
LINE
  8
0
 10
31.32
 20
7.43599
 11
26.28
 21
7.43599
  0
LINE
  8
0
 10
-2.51999
 20
7.43599
 11
-2.51999
 21
7.44398
  0
LINE
  8
0
 10
-2.51999
 20
7.44398
 11
2.51999
 21
7.44398
  0
LINE
  8
0
 10
2.51999
 20
7.44398
 11
2.51999
 21
7.43599
  0
LINE
  8
0
 10
2.51999
 20
7.43599
 11
-2.51999
 21
7.43599
  0
LINE
  8
0
 10
40.68
 20
7.43599
 11
40.68
 21
7.44398
  0
LINE
  8
0
 10
40.68
 20
7.44398
 11
45.72
 21
7.44398
  0
LINE
  8
0
 10
45.72
 20
7.44398
 11
45.72
 21
7.43599
  0
LINE
  8
0
 10
45.72
 20
7.43599
 11
40.68
 21
7.43599
  0
LINE
  8
0
 10
55.08
 20
7.43599
 11
55.08
 21
7.44398
  0
LINE
  8
0
 10
55.08
 20
7.44398
 11
60.12
 21
7.44398
  0
LINE
  8
0
 10
60.12
 20
7.44398
 11
60.12
 21
7.43599
  0
LINE
  8
0
 10
60.12
 20
7.43599
 11
55.08
 21
7.43599
  0
LINE
  8
0
 10
55.08
 20
7.40399
 11
55.08
 21
7.41199
  0
LINE
  8
0
 10
55.08
 20
7.41199
 11
60.12
 21
7.41199
  0
LINE
  8
0
 10
60.12
 20
7.41199
 11
60.12
 21
7.40399
  0
LINE
  8
0
 10
60.12
 20
7.40399
 11
55.08
 21
7.40399
  0
LINE
  8
0
 10
69.48
 20
7.40399
 11
69.48
 21
7.41199
  0
LINE
  8
0
 10
69.48
 20
7.41199
 11
74.52
 21
7.41199
  0
LINE
  8
0
 10
74.52
 20
7.41199
 11
74.52
 21
7.40399
  0
LINE
  8
0
 10
74.52
 20
7.40399
 11
69.48
 21
7.40399
  0
LINE
  8
0
 10
26.28
 20
7.40399
 11
26.28
 21
7.41199
  0
LINE
  8
0
 10
26.28
 20
7.41199
 11
31.32
 21
7.41199
  0
LINE
  8
0
 10
31.32
 20
7.41199
 11
31.32
 21
7.40399
  0
LINE
  8
0
 10
31.32
 20
7.40399
 11
26.28
 21
7.40399
  0
LINE
  8
0
 10
40.68
 20
7.40399
 11
40.68
 21
7.41199
  0
LINE
  8
0
 10
40.68
 20
7.41199
 11
45.72
 21
7.41199
  0
LINE
  8
0
 10
45.72
 20
7.41199
 11
45.72
 21
7.40399
  0
LINE
  8
0
 10
45.72
 20
7.40399
 11
40.68
 21
7.40399
  0
LINE
  8
0
 10
-2.51999
 20
7.40399
 11
-2.51999
 21
7.41199
  0
LINE
  8
0
 10
-2.51999
 20
7.41199
 11
2.51999
 21
7.41199
  0
LINE
  8
0
 10
2.51999
 20
7.41199
 11
2.51999
 21
7.40399
  0
LINE
  8
0
 10
2.51999
 20
7.40399
 11
-2.51999
 21
7.40399
  0
LINE
  8
0
 10
11.88
 20
7.40399
 11
11.88
 21
7.41199
  0
LINE
  8
0
 10
11.88
 20
7.41199
 11
16.92
 21
7.41199
  0
LINE
  8
0
 10
16.92
 20
7.41199
 11
16.92
 21
7.40399
  0
LINE
  8
0
 10
16.92
 20
7.40399
 11
11.88
 21
7.40399
  0
LINE
  8
0
 10
11.88
 20
7.37199
 11
11.88
 21
7.37999
  0
LINE
  8
0
 10
11.88
 20
7.37999
 11
16.92
 21
7.37999
  0
LINE
  8
0
 10
16.92
 20
7.37999
 11
16.92
 21
7.37199
  0
LINE
  8
0
 10
16.92
 20
7.37199
 11
11.88
 21
7.37199
  0
LINE
  8
0
 10
55.08
 20
7.37199
 11
55.08
 21
7.37999
  0
LINE
  8
0
 10
55.08
 20
7.37999
 11
60.12
 21
7.37999
  0
LINE
  8
0
 10
60.12
 20
7.37999
 11
60.12
 21
7.37199
  0
LINE
  8
0
 10
60.12
 20
7.37199
 11
55.08
 21
7.37199
  0
LINE
  8
0
 10
40.68
 20
7.37199
 11
40.68
 21
7.37999
  0
LINE
  8
0
 10
40.68
 20
7.37999
 11
45.72
 21
7.37999
  0
LINE
  8
0
 10
45.72
 20
7.37999
 11
45.72
 21
7.37199
  0
LINE
  8
0
 10
45.72
 20
7.37199
 11
40.68
 21
7.37199
  0
LINE
  8
0
 10
-2.51999
 20
7.37199
 11
-2.51999
 21
7.37999
  0
LINE
  8
0
 10
-2.51999
 20
7.37999
 11
2.51999
 21
7.37999
  0
LINE
  8
0
 10
2.51999
 20
7.37999
 11
2.51999
 21
7.37199
  0
LINE
  8
0
 10
2.51999
 20
7.37199
 11
-2.51999
 21
7.37199
  0
LINE
  8
0
 10
26.28
 20
7.37199
 11
26.28
 21
7.37999
  0
LINE
  8
0
 10
26.28
 20
7.37999
 11
31.32
 21
7.37999
  0
LINE
  8
0
 10
31.32
 20
7.37999
 11
31.32
 21
7.37199
  0
LINE
  8
0
 10
31.32
 20
7.37199
 11
26.28
 21
7.37199
  0
LINE
  8
0
 10
69.48
 20
7.37199
 11
69.48
 21
7.37999
  0
LINE
  8
0
 10
69.48
 20
7.37999
 11
74.52
 21
7.37999
  0
LINE
  8
0
 10
74.52
 20
7.37999
 11
74.52
 21
7.37199
  0
LINE
  8
0
 10
74.52
 20
7.37199
 11
69.48
 21
7.37199
  0
LINE
  8
0
 10
11.88
 20
7.33998
 11
11.88
 21
7.34799
  0
LINE
  8
0
 10
11.88
 20
7.34799
 11
16.92
 21
7.34799
  0
LINE
  8
0
 10
16.92
 20
7.34799
 11
16.92
 21
7.33998
  0
LINE
  8
0
 10
16.92
 20
7.33998
 11
11.88
 21
7.33998
  0
LINE
  8
0
 10
69.48
 20
7.33998
 11
69.48
 21
7.34799
  0
LINE
  8
0
 10
69.48
 20
7.34799
 11
74.52
 21
7.34799
  0
LINE
  8
0
 10
74.52
 20
7.34799
 11
74.52
 21
7.33998
  0
LINE
  8
0
 10
74.52
 20
7.33998
 11
69.48
 21
7.33998
  0
LINE
  8
0
 10
26.28
 20
7.33998
 11
26.28
 21
7.34799
  0
LINE
  8
0
 10
26.28
 20
7.34799
 11
31.32
 21
7.34799
  0
LINE
  8
0
 10
31.32
 20
7.34799
 11
31.32
 21
7.33998
  0
LINE
  8
0
 10
31.32
 20
7.33998
 11
26.28
 21
7.33998
  0
LINE
  8
0
 10
-2.51999
 20
7.33998
 11
-2.51999
 21
7.34799
  0
LINE
  8
0
 10
-2.51999
 20
7.34799
 11
2.51999
 21
7.34799
  0
LINE
  8
0
 10
2.51999
 20
7.34799
 11
2.51999
 21
7.33998
  0
LINE
  8
0
 10
2.51999
 20
7.33998
 11
-2.51999
 21
7.33998
  0
LINE
  8
0
 10
40.68
 20
7.33998
 11
40.68
 21
7.34799
  0
LINE
  8
0
 10
40.68
 20
7.34799
 11
45.72
 21
7.34799
  0
LINE
  8
0
 10
45.72
 20
7.34799
 11
45.72
 21
7.33998
  0
LINE
  8
0
 10
45.72
 20
7.33998
 11
40.68
 21
7.33998
  0
LINE
  8
0
 10
55.08
 20
7.33998
 11
55.08
 21
7.34799
  0
LINE
  8
0
 10
55.08
 20
7.34799
 11
60.12
 21
7.34799
  0
LINE
  8
0
 10
60.12
 20
7.34799
 11
60.12
 21
7.33998
  0
LINE
  8
0
 10
60.12
 20
7.33998
 11
55.08
 21
7.33998
  0
LINE
  8
0
 10
-2.51999
 20
7.30798
 11
-2.51999
 21
7.31598
  0
LINE
  8
0
 10
-2.51999
 20
7.31598
 11
2.51999
 21
7.31598
  0
LINE
  8
0
 10
2.51999
 20
7.31598
 11
2.51999
 21
7.30798
  0
LINE
  8
0
 10
2.51999
 20
7.30798
 11
-2.51999
 21
7.30798
  0
LINE
  8
0
 10
69.48
 20
7.30798
 11
69.48
 21
7.31598
  0
LINE
  8
0
 10
69.48
 20
7.31598
 11
74.52
 21
7.31598
  0
LINE
  8
0
 10
74.52
 20
7.31598
 11
74.52
 21
7.30798
  0
LINE
  8
0
 10
74.52
 20
7.30798
 11
69.48
 21
7.30798
  0
LINE
  8
0
 10
11.88
 20
7.30798
 11
11.88
 21
7.31598
  0
LINE
  8
0
 10
11.88
 20
7.31598
 11
16.92
 21
7.31598
  0
LINE
  8
0
 10
16.92
 20
7.31598
 11
16.92
 21
7.30798
  0
LINE
  8
0
 10
16.92
 20
7.30798
 11
11.88
 21
7.30798
  0
LINE
  8
0
 10
26.28
 20
7.30798
 11
26.28
 21
7.31598
  0
LINE
  8
0
 10
26.28
 20
7.31598
 11
31.32
 21
7.31598
  0
LINE
  8
0
 10
31.32
 20
7.31598
 11
31.32
 21
7.30798
  0
LINE
  8
0
 10
31.32
 20
7.30798
 11
26.28
 21
7.30798
  0
LINE
  8
0
 10
55.08
 20
7.30798
 11
55.08
 21
7.31598
  0
LINE
  8
0
 10
55.08
 20
7.31598
 11
60.12
 21
7.31598
  0
LINE
  8
0
 10
60.12
 20
7.31598
 11
60.12
 21
7.30798
  0
LINE
  8
0
 10
60.12
 20
7.30798
 11
55.08
 21
7.30798
  0
LINE
  8
0
 10
40.68
 20
7.30798
 11
40.68
 21
7.31598
  0
LINE
  8
0
 10
40.68
 20
7.31598
 11
45.72
 21
7.31598
  0
LINE
  8
0
 10
45.72
 20
7.31598
 11
45.72
 21
7.30798
  0
LINE
  8
0
 10
45.72
 20
7.30798
 11
40.68
 21
7.30798
  0
LINE
  8
0
 10
40.68
 20
7.27599
 11
40.68
 21
7.284
  0
LINE
  8
0
 10
40.68
 20
7.284
 11
45.72
 21
7.284
  0
LINE
  8
0
 10
45.72
 20
7.284
 11
45.72
 21
7.27599
  0
LINE
  8
0
 10
45.72
 20
7.27599
 11
40.68
 21
7.27599
  0
LINE
  8
0
 10
69.48
 20
7.27599
 11
69.48
 21
7.284
  0
LINE
  8
0
 10
69.48
 20
7.284
 11
74.52
 21
7.284
  0
LINE
  8
0
 10
74.52
 20
7.284
 11
74.52
 21
7.27599
  0
LINE
  8
0
 10
74.52
 20
7.27599
 11
69.48
 21
7.27599
  0
LINE
  8
0
 10
-2.51999
 20
7.27599
 11
-2.51999
 21
7.284
  0
LINE
  8
0
 10
-2.51999
 20
7.284
 11
2.51999
 21
7.284
  0
LINE
  8
0
 10
2.51999
 20
7.284
 11
2.51999
 21
7.27599
  0
LINE
  8
0
 10
2.51999
 20
7.27599
 11
-2.51999
 21
7.27599
  0
LINE
  8
0
 10
26.28
 20
7.27599
 11
26.28
 21
7.284
  0
LINE
  8
0
 10
26.28
 20
7.284
 11
31.32
 21
7.284
  0
LINE
  8
0
 10
31.32
 20
7.284
 11
31.32
 21
7.27599
  0
LINE
  8
0
 10
31.32
 20
7.27599
 11
26.28
 21
7.27599
  0
LINE
  8
0
 10
55.08
 20
7.27599
 11
55.08
 21
7.284
  0
LINE
  8
0
 10
55.08
 20
7.284
 11
60.12
 21
7.284
  0
LINE
  8
0
 10
60.12
 20
7.284
 11
60.12
 21
7.27599
  0
LINE
  8
0
 10
60.12
 20
7.27599
 11
55.08
 21
7.27599
  0
LINE
  8
0
 10
11.88
 20
7.27599
 11
11.88
 21
7.284
  0
LINE
  8
0
 10
11.88
 20
7.284
 11
16.92
 21
7.284
  0
LINE
  8
0
 10
16.92
 20
7.284
 11
16.92
 21
7.27599
  0
LINE
  8
0
 10
16.92
 20
7.27599
 11
11.88
 21
7.27599
  0
LINE
  8
0
 10
-2.51999
 20
7.24399
 11
-2.51999
 21
7.25198
  0
LINE
  8
0
 10
-2.51999
 20
7.25198
 11
2.51999
 21
7.25198
  0
LINE
  8
0
 10
2.51999
 20
7.25198
 11
2.51999
 21
7.24399
  0
LINE
  8
0
 10
2.51999
 20
7.24399
 11
-2.51999
 21
7.24399
  0
LINE
  8
0
 10
55.08
 20
7.24399
 11
55.08
 21
7.25198
  0
LINE
  8
0
 10
55.08
 20
7.25198
 11
60.12
 21
7.25198
  0
LINE
  8
0
 10
60.12
 20
7.25198
 11
60.12
 21
7.24399
  0
LINE
  8
0
 10
60.12
 20
7.24399
 11
55.08
 21
7.24399
  0
LINE
  8
0
 10
26.28
 20
7.24399
 11
26.28
 21
7.25198
  0
LINE
  8
0
 10
26.28
 20
7.25198
 11
31.32
 21
7.25198
  0
LINE
  8
0
 10
31.32
 20
7.25198
 11
31.32
 21
7.24399
  0
LINE
  8
0
 10
31.32
 20
7.24399
 11
26.28
 21
7.24399
  0
LINE
  8
0
 10
69.48
 20
7.24399
 11
69.48
 21
7.25198
  0
LINE
  8
0
 10
69.48
 20
7.25198
 11
74.52
 21
7.25198
  0
LINE
  8
0
 10
74.52
 20
7.25198
 11
74.52
 21
7.24399
  0
LINE
  8
0
 10
74.52
 20
7.24399
 11
69.48
 21
7.24399
  0
LINE
  8
0
 10
40.68
 20
7.24399
 11
40.68
 21
7.25198
  0
LINE
  8
0
 10
40.68
 20
7.25198
 11
45.72
 21
7.25198
  0
LINE
  8
0
 10
45.72
 20
7.25198
 11
45.72
 21
7.24399
  0
LINE
  8
0
 10
45.72
 20
7.24399
 11
40.68
 21
7.24399
  0
LINE
  8
0
 10
11.88
 20
7.24399
 11
11.88
 21
7.25198
  0
LINE
  8
0
 10
11.88
 20
7.25198
 11
16.92
 21
7.25198
  0
LINE
  8
0
 10
16.92
 20
7.25198
 11
16.92
 21
7.24399
  0
LINE
  8
0
 10
16.92
 20
7.24399
 11
11.88
 21
7.24399
  0
LINE
  8
0
 10
69.48
 20
7.21199
 11
69.48
 21
7.21999
  0
LINE
  8
0
 10
69.48
 20
7.21999
 11
74.52
 21
7.21999
  0
LINE
  8
0
 10
74.52
 20
7.21999
 11
74.52
 21
7.21199
  0
LINE
  8
0
 10
74.52
 20
7.21199
 11
69.48
 21
7.21199
  0
LINE
  8
0
 10
55.08
 20
7.21199
 11
55.08
 21
7.21999
  0
LINE
  8
0
 10
55.08
 20
7.21999
 11
60.12
 21
7.21999
  0
LINE
  8
0
 10
60.12
 20
7.21999
 11
60.12
 21
7.21199
  0
LINE
  8
0
 10
60.12
 20
7.21199
 11
55.08
 21
7.21199
  0
LINE
  8
0
 10
11.88
 20
7.21199
 11
11.88
 21
7.21999
  0
LINE
  8
0
 10
11.88
 20
7.21999
 11
16.92
 21
7.21999
  0
LINE
  8
0
 10
16.92
 20
7.21999
 11
16.92
 21
7.21199
  0
LINE
  8
0
 10
16.92
 20
7.21199
 11
11.88
 21
7.21199
  0
LINE
  8
0
 10
-2.51999
 20
7.21199
 11
-2.51999
 21
7.21999
  0
LINE
  8
0
 10
-2.51999
 20
7.21999
 11
2.51999
 21
7.21999
  0
LINE
  8
0
 10
2.51999
 20
7.21999
 11
2.51999
 21
7.21199
  0
LINE
  8
0
 10
2.51999
 20
7.21199
 11
-2.51999
 21
7.21199
  0
LINE
  8
0
 10
26.28
 20
7.21199
 11
26.28
 21
7.21999
  0
LINE
  8
0
 10
26.28
 20
7.21999
 11
31.32
 21
7.21999
  0
LINE
  8
0
 10
31.32
 20
7.21999
 11
31.32
 21
7.21199
  0
LINE
  8
0
 10
31.32
 20
7.21199
 11
26.28
 21
7.21199
  0
LINE
  8
0
 10
40.68
 20
7.21199
 11
40.68
 21
7.21999
  0
LINE
  8
0
 10
40.68
 20
7.21999
 11
45.72
 21
7.21999
  0
LINE
  8
0
 10
45.72
 20
7.21999
 11
45.72
 21
7.21199
  0
LINE
  8
0
 10
45.72
 20
7.21199
 11
40.68
 21
7.21199
  0
LINE
  8
0
 10
-2.51999
 20
7.17999
 11
-2.51999
 21
7.18799
  0
LINE
  8
0
 10
-2.51999
 20
7.18799
 11
2.51999
 21
7.18799
  0
LINE
  8
0
 10
2.51999
 20
7.18799
 11
2.51999
 21
7.17999
  0
LINE
  8
0
 10
2.51999
 20
7.17999
 11
-2.51999
 21
7.17999
  0
LINE
  8
0
 10
40.68
 20
7.17999
 11
40.68
 21
7.18799
  0
LINE
  8
0
 10
40.68
 20
7.18799
 11
45.72
 21
7.18799
  0
LINE
  8
0
 10
45.72
 20
7.18799
 11
45.72
 21
7.17999
  0
LINE
  8
0
 10
45.72
 20
7.17999
 11
40.68
 21
7.17999
  0
LINE
  8
0
 10
69.48
 20
7.17999
 11
69.48
 21
7.18799
  0
LINE
  8
0
 10
69.48
 20
7.18799
 11
74.52
 21
7.18799
  0
LINE
  8
0
 10
74.52
 20
7.18799
 11
74.52
 21
7.17999
  0
LINE
  8
0
 10
74.52
 20
7.17999
 11
69.48
 21
7.17999
  0
LINE
  8
0
 10
11.88
 20
7.17999
 11
11.88
 21
7.18799
  0
LINE
  8
0
 10
11.88
 20
7.18799
 11
16.92
 21
7.18799
  0
LINE
  8
0
 10
16.92
 20
7.18799
 11
16.92
 21
7.17999
  0
LINE
  8
0
 10
16.92
 20
7.17999
 11
11.88
 21
7.17999
  0
LINE
  8
0
 10
55.08
 20
7.17999
 11
55.08
 21
7.18799
  0
LINE
  8
0
 10
55.08
 20
7.18799
 11
60.12
 21
7.18799
  0
LINE
  8
0
 10
60.12
 20
7.18799
 11
60.12
 21
7.17999
  0
LINE
  8
0
 10
60.12
 20
7.17999
 11
55.08
 21
7.17999
  0
LINE
  8
0
 10
26.28
 20
7.17999
 11
26.28
 21
7.18799
  0
LINE
  8
0
 10
26.28
 20
7.18799
 11
31.32
 21
7.18799
  0
LINE
  8
0
 10
31.32
 20
7.18799
 11
31.32
 21
7.17999
  0
LINE
  8
0
 10
31.32
 20
7.17999
 11
26.28
 21
7.17999
  0
LINE
  8
0
 10
55.08
 20
7.14801
 11
55.08
 21
7.15601
  0
LINE
  8
0
 10
55.08
 20
7.15601
 11
60.12
 21
7.15601
  0
LINE
  8
0
 10
60.12
 20
7.15601
 11
60.12
 21
7.14801
  0
LINE
  8
0
 10
60.12
 20
7.14801
 11
55.08
 21
7.14801
  0
LINE
  8
0
 10
11.88
 20
7.14801
 11
11.88
 21
7.15601
  0
LINE
  8
0
 10
11.88
 20
7.15601
 11
16.92
 21
7.15601
  0
LINE
  8
0
 10
16.92
 20
7.15601
 11
16.92
 21
7.14801
  0
LINE
  8
0
 10
16.92
 20
7.14801
 11
11.88
 21
7.14801
  0
LINE
  8
0
 10
26.28
 20
7.14801
 11
26.28
 21
7.15601
  0
LINE
  8
0
 10
26.28
 20
7.15601
 11
31.32
 21
7.15601
  0
LINE
  8
0
 10
31.32
 20
7.15601
 11
31.32
 21
7.14801
  0
LINE
  8
0
 10
31.32
 20
7.14801
 11
26.28
 21
7.14801
  0
LINE
  8
0
 10
69.48
 20
7.14801
 11
69.48
 21
7.15601
  0
LINE
  8
0
 10
69.48
 20
7.15601
 11
74.52
 21
7.15601
  0
LINE
  8
0
 10
74.52
 20
7.15601
 11
74.52
 21
7.14801
  0
LINE
  8
0
 10
74.52
 20
7.14801
 11
69.48
 21
7.14801
  0
LINE
  8
0
 10
-2.51999
 20
7.14801
 11
-2.51999
 21
7.15601
  0
LINE
  8
0
 10
-2.51999
 20
7.15601
 11
2.51999
 21
7.15601
  0
LINE
  8
0
 10
2.51999
 20
7.15601
 11
2.51999
 21
7.14801
  0
LINE
  8
0
 10
2.51999
 20
7.14801
 11
-2.51999
 21
7.14801
  0
LINE
  8
0
 10
40.68
 20
7.14801
 11
40.68
 21
7.15601
  0
LINE
  8
0
 10
40.68
 20
7.15601
 11
45.72
 21
7.15601
  0
LINE
  8
0
 10
45.72
 20
7.15601
 11
45.72
 21
7.14801
  0
LINE
  8
0
 10
45.72
 20
7.14801
 11
40.68
 21
7.14801
  0
LINE
  8
0
 10
69.48
 20
7.116
 11
69.48
 21
7.12401
  0
LINE
  8
0
 10
69.48
 20
7.12401
 11
74.52
 21
7.12401
  0
LINE
  8
0
 10
74.52
 20
7.12401
 11
74.52
 21
7.116
  0
LINE
  8
0
 10
74.52
 20
7.116
 11
69.48
 21
7.116
  0
LINE
  8
0
 10
-2.51999
 20
7.116
 11
-2.51999
 21
7.12401
  0
LINE
  8
0
 10
-2.51999
 20
7.12401
 11
2.51999
 21
7.12401
  0
LINE
  8
0
 10
2.51999
 20
7.12401
 11
2.51999
 21
7.116
  0
LINE
  8
0
 10
2.51999
 20
7.116
 11
-2.51999
 21
7.116
  0
LINE
  8
0
 10
11.88
 20
7.116
 11
11.88
 21
7.12401
  0
LINE
  8
0
 10
11.88
 20
7.12401
 11
16.92
 21
7.12401
  0
LINE
  8
0
 10
16.92
 20
7.12401
 11
16.92
 21
7.116
  0
LINE
  8
0
 10
16.92
 20
7.116
 11
11.88
 21
7.116
  0
LINE
  8
0
 10
26.28
 20
7.116
 11
26.28
 21
7.12401
  0
LINE
  8
0
 10
26.28
 20
7.12401
 11
31.32
 21
7.12401
  0
LINE
  8
0
 10
31.32
 20
7.12401
 11
31.32
 21
7.116
  0
LINE
  8
0
 10
31.32
 20
7.116
 11
26.28
 21
7.116
  0
LINE
  8
0
 10
55.08
 20
7.116
 11
55.08
 21
7.12401
  0
LINE
  8
0
 10
55.08
 20
7.12401
 11
60.12
 21
7.12401
  0
LINE
  8
0
 10
60.12
 20
7.12401
 11
60.12
 21
7.116
  0
LINE
  8
0
 10
60.12
 20
7.116
 11
55.08
 21
7.116
  0
LINE
  8
0
 10
40.68
 20
7.116
 11
40.68
 21
7.12401
  0
LINE
  8
0
 10
40.68
 20
7.12401
 11
45.72
 21
7.12401
  0
LINE
  8
0
 10
45.72
 20
7.12401
 11
45.72
 21
7.116
  0
LINE
  8
0
 10
45.72
 20
7.116
 11
40.68
 21
7.116
  0
LINE
  8
0
 10
26.28
 20
7.084
 11
26.28
 21
7.092
  0
LINE
  8
0
 10
26.28
 20
7.092
 11
31.32
 21
7.092
  0
LINE
  8
0
 10
31.32
 20
7.092
 11
31.32
 21
7.084
  0
LINE
  8
0
 10
31.32
 20
7.084
 11
26.28
 21
7.084
  0
LINE
  8
0
 10
40.68
 20
7.084
 11
40.68
 21
7.092
  0
LINE
  8
0
 10
40.68
 20
7.092
 11
45.72
 21
7.092
  0
LINE
  8
0
 10
45.72
 20
7.092
 11
45.72
 21
7.084
  0
LINE
  8
0
 10
45.72
 20
7.084
 11
40.68
 21
7.084
  0
LINE
  8
0
 10
-2.51999
 20
7.084
 11
-2.51999
 21
7.092
  0
LINE
  8
0
 10
-2.51999
 20
7.092
 11
2.51999
 21
7.092
  0
LINE
  8
0
 10
2.51999
 20
7.092
 11
2.51999
 21
7.084
  0
LINE
  8
0
 10
2.51999
 20
7.084
 11
-2.51999
 21
7.084
  0
LINE
  8
0
 10
11.88
 20
7.084
 11
11.88
 21
7.092
  0
LINE
  8
0
 10
11.88
 20
7.092
 11
16.92
 21
7.092
  0
LINE
  8
0
 10
16.92
 20
7.092
 11
16.92
 21
7.084
  0
LINE
  8
0
 10
16.92
 20
7.084
 11
11.88
 21
7.084
  0
LINE
  8
0
 10
69.48
 20
7.084
 11
69.48
 21
7.092
  0
LINE
  8
0
 10
69.48
 20
7.092
 11
74.52
 21
7.092
  0
LINE
  8
0
 10
74.52
 20
7.092
 11
74.52
 21
7.084
  0
LINE
  8
0
 10
74.52
 20
7.084
 11
69.48
 21
7.084
  0
LINE
  8
0
 10
55.08
 20
7.084
 11
55.08
 21
7.092
  0
LINE
  8
0
 10
55.08
 20
7.092
 11
60.12
 21
7.092
  0
LINE
  8
0
 10
60.12
 20
7.092
 11
60.12
 21
7.084
  0
LINE
  8
0
 10
60.12
 20
7.084
 11
55.08
 21
7.084
  0
LINE
  8
0
 10
55.08
 20
7.052
 11
55.08
 21
7.06
  0
LINE
  8
0
 10
55.08
 20
7.06
 11
60.12
 21
7.06
  0
LINE
  8
0
 10
60.12
 20
7.06
 11
60.12
 21
7.052
  0
LINE
  8
0
 10
60.12
 20
7.052
 11
55.08
 21
7.052
  0
LINE
  8
0
 10
40.68
 20
7.052
 11
40.68
 21
7.06
  0
LINE
  8
0
 10
40.68
 20
7.06
 11
45.72
 21
7.06
  0
LINE
  8
0
 10
45.72
 20
7.06
 11
45.72
 21
7.052
  0
LINE
  8
0
 10
45.72
 20
7.052
 11
40.68
 21
7.052
  0
LINE
  8
0
 10
26.28
 20
7.052
 11
26.28
 21
7.06
  0
LINE
  8
0
 10
26.28
 20
7.06
 11
31.32
 21
7.06
  0
LINE
  8
0
 10
31.32
 20
7.06
 11
31.32
 21
7.052
  0
LINE
  8
0
 10
31.32
 20
7.052
 11
26.28
 21
7.052
  0
LINE
  8
0
 10
11.88
 20
7.052
 11
11.88
 21
7.06
  0
LINE
  8
0
 10
11.88
 20
7.06
 11
16.92
 21
7.06
  0
LINE
  8
0
 10
16.92
 20
7.06
 11
16.92
 21
7.052
  0
LINE
  8
0
 10
16.92
 20
7.052
 11
11.88
 21
7.052
  0
LINE
  8
0
 10
-2.51999
 20
7.052
 11
-2.51999
 21
7.06
  0
LINE
  8
0
 10
-2.51999
 20
7.06
 11
2.51999
 21
7.06
  0
LINE
  8
0
 10
2.51999
 20
7.06
 11
2.51999
 21
7.052
  0
LINE
  8
0
 10
2.51999
 20
7.052
 11
-2.51999
 21
7.052
  0
LINE
  8
0
 10
69.48
 20
7.052
 11
69.48
 21
7.06
  0
LINE
  8
0
 10
69.48
 20
7.06
 11
74.52
 21
7.06
  0
LINE
  8
0
 10
74.52
 20
7.06
 11
74.52
 21
7.052
  0
LINE
  8
0
 10
74.52
 20
7.052
 11
69.48
 21
7.052
  0
LINE
  8
0
 10
55.08
 20
7.02
 11
55.08
 21
7.028
  0
LINE
  8
0
 10
55.08
 20
7.028
 11
60.12
 21
7.028
  0
LINE
  8
0
 10
60.12
 20
7.028
 11
60.12
 21
7.02
  0
LINE
  8
0
 10
60.12
 20
7.02
 11
55.08
 21
7.02
  0
LINE
  8
0
 10
26.28
 20
7.02
 11
26.28
 21
7.028
  0
LINE
  8
0
 10
26.28
 20
7.028
 11
31.32
 21
7.028
  0
LINE
  8
0
 10
31.32
 20
7.028
 11
31.32
 21
7.02
  0
LINE
  8
0
 10
31.32
 20
7.02
 11
26.28
 21
7.02
  0
LINE
  8
0
 10
11.88
 20
7.02
 11
11.88
 21
7.028
  0
LINE
  8
0
 10
11.88
 20
7.028
 11
16.92
 21
7.028
  0
LINE
  8
0
 10
16.92
 20
7.028
 11
16.92
 21
7.02
  0
LINE
  8
0
 10
16.92
 20
7.02
 11
11.88
 21
7.02
  0
LINE
  8
0
 10
-2.51999
 20
7.02
 11
-2.51999
 21
7.028
  0
LINE
  8
0
 10
-2.51999
 20
7.028
 11
2.51999
 21
7.028
  0
LINE
  8
0
 10
2.51999
 20
7.028
 11
2.51999
 21
7.02
  0
LINE
  8
0
 10
2.51999
 20
7.02
 11
-2.51999
 21
7.02
  0
LINE
  8
0
 10
40.68
 20
7.02
 11
40.68
 21
7.028
  0
LINE
  8
0
 10
40.68
 20
7.028
 11
45.72
 21
7.028
  0
LINE
  8
0
 10
45.72
 20
7.028
 11
45.72
 21
7.02
  0
LINE
  8
0
 10
45.72
 20
7.02
 11
40.68
 21
7.02
  0
LINE
  8
0
 10
69.48
 20
7.02
 11
69.48
 21
7.028
  0
LINE
  8
0
 10
69.48
 20
7.028
 11
74.52
 21
7.028
  0
LINE
  8
0
 10
74.52
 20
7.028
 11
74.52
 21
7.02
  0
LINE
  8
0
 10
74.52
 20
7.02
 11
69.48
 21
7.02
  0
LINE
  8
0
 10
55.08
 20
6.98799
 11
55.08
 21
6.996
  0
LINE
  8
0
 10
55.08
 20
6.996
 11
60.12
 21
6.996
  0
LINE
  8
0
 10
60.12
 20
6.996
 11
60.12
 21
6.98799
  0
LINE
  8
0
 10
60.12
 20
6.98799
 11
55.08
 21
6.98799
  0
LINE
  8
0
 10
26.28
 20
6.98799
 11
26.28
 21
6.996
  0
LINE
  8
0
 10
26.28
 20
6.996
 11
31.32
 21
6.996
  0
LINE
  8
0
 10
31.32
 20
6.996
 11
31.32
 21
6.98799
  0
LINE
  8
0
 10
31.32
 20
6.98799
 11
26.28
 21
6.98799
  0
LINE
  8
0
 10
11.88
 20
6.98799
 11
11.88
 21
6.996
  0
LINE
  8
0
 10
11.88
 20
6.996
 11
16.92
 21
6.996
  0
LINE
  8
0
 10
16.92
 20
6.996
 11
16.92
 21
6.98799
  0
LINE
  8
0
 10
16.92
 20
6.98799
 11
11.88
 21
6.98799
  0
LINE
  8
0
 10
69.48
 20
6.98799
 11
69.48
 21
6.996
  0
LINE
  8
0
 10
69.48
 20
6.996
 11
74.52
 21
6.996
  0
LINE
  8
0
 10
74.52
 20
6.996
 11
74.52
 21
6.98799
  0
LINE
  8
0
 10
74.52
 20
6.98799
 11
69.48
 21
6.98799
  0
LINE
  8
0
 10
-2.51999
 20
6.98799
 11
-2.51999
 21
6.996
  0
LINE
  8
0
 10
-2.51999
 20
6.996
 11
2.51999
 21
6.996
  0
LINE
  8
0
 10
2.51999
 20
6.996
 11
2.51999
 21
6.98799
  0
LINE
  8
0
 10
2.51999
 20
6.98799
 11
-2.51999
 21
6.98799
  0
LINE
  8
0
 10
40.68
 20
6.98799
 11
40.68
 21
6.996
  0
LINE
  8
0
 10
40.68
 20
6.996
 11
45.72
 21
6.996
  0
LINE
  8
0
 10
45.72
 20
6.996
 11
45.72
 21
6.98799
  0
LINE
  8
0
 10
45.72
 20
6.98799
 11
40.68
 21
6.98799
  0
LINE
  8
0
 10
40.68
 20
6.95599
 11
40.68
 21
6.96399
  0
LINE
  8
0
 10
40.68
 20
6.96399
 11
45.72
 21
6.96399
  0
LINE
  8
0
 10
45.72
 20
6.96399
 11
45.72
 21
6.95599
  0
LINE
  8
0
 10
45.72
 20
6.95599
 11
40.68
 21
6.95599
  0
LINE
  8
0
 10
11.88
 20
6.95599
 11
11.88
 21
6.96399
  0
LINE
  8
0
 10
11.88
 20
6.96399
 11
16.92
 21
6.96399
  0
LINE
  8
0
 10
16.92
 20
6.96399
 11
16.92
 21
6.95599
  0
LINE
  8
0
 10
16.92
 20
6.95599
 11
11.88
 21
6.95599
  0
LINE
  8
0
 10
69.48
 20
6.95599
 11
69.48
 21
6.96399
  0
LINE
  8
0
 10
69.48
 20
6.96399
 11
74.52
 21
6.96399
  0
LINE
  8
0
 10
74.52
 20
6.96399
 11
74.52
 21
6.95599
  0
LINE
  8
0
 10
74.52
 20
6.95599
 11
69.48
 21
6.95599
  0
LINE
  8
0
 10
55.08
 20
6.95599
 11
55.08
 21
6.96399
  0
LINE
  8
0
 10
55.08
 20
6.96399
 11
60.12
 21
6.96399
  0
LINE
  8
0
 10
60.12
 20
6.96399
 11
60.12
 21
6.95599
  0
LINE
  8
0
 10
60.12
 20
6.95599
 11
55.08
 21
6.95599
  0
LINE
  8
0
 10
26.28
 20
6.95599
 11
26.28
 21
6.96399
  0
LINE
  8
0
 10
26.28
 20
6.96399
 11
31.32
 21
6.96399
  0
LINE
  8
0
 10
31.32
 20
6.96399
 11
31.32
 21
6.95599
  0
LINE
  8
0
 10
31.32
 20
6.95599
 11
26.28
 21
6.95599
  0
LINE
  8
0
 10
-2.51999
 20
6.95599
 11
-2.51999
 21
6.96399
  0
LINE
  8
0
 10
-2.51999
 20
6.96399
 11
2.51999
 21
6.96399
  0
LINE
  8
0
 10
2.51999
 20
6.96399
 11
2.51999
 21
6.95599
  0
LINE
  8
0
 10
2.51999
 20
6.95599
 11
-2.51999
 21
6.95599
  0
LINE
  8
0
 10
55.08
 20
6.92401
 11
55.08
 21
6.93201
  0
LINE
  8
0
 10
55.08
 20
6.93201
 11
60.12
 21
6.93201
  0
LINE
  8
0
 10
60.12
 20
6.93201
 11
60.12
 21
6.92401
  0
LINE
  8
0
 10
60.12
 20
6.92401
 11
55.08
 21
6.92401
  0
LINE
  8
0
 10
26.28
 20
6.92401
 11
26.28
 21
6.93201
  0
LINE
  8
0
 10
26.28
 20
6.93201
 11
31.32
 21
6.93201
  0
LINE
  8
0
 10
31.32
 20
6.93201
 11
31.32
 21
6.92401
  0
LINE
  8
0
 10
31.32
 20
6.92401
 11
26.28
 21
6.92401
  0
LINE
  8
0
 10
40.68
 20
6.92401
 11
40.68
 21
6.93201
  0
LINE
  8
0
 10
40.68
 20
6.93201
 11
45.72
 21
6.93201
  0
LINE
  8
0
 10
45.72
 20
6.93201
 11
45.72
 21
6.92401
  0
LINE
  8
0
 10
45.72
 20
6.92401
 11
40.68
 21
6.92401
  0
LINE
  8
0
 10
-2.51999
 20
6.92401
 11
-2.51999
 21
6.93201
  0
LINE
  8
0
 10
-2.51999
 20
6.93201
 11
2.51999
 21
6.93201
  0
LINE
  8
0
 10
2.51999
 20
6.93201
 11
2.51999
 21
6.92401
  0
LINE
  8
0
 10
2.51999
 20
6.92401
 11
-2.51999
 21
6.92401
  0
LINE
  8
0
 10
11.88
 20
6.92401
 11
11.88
 21
6.93201
  0
LINE
  8
0
 10
11.88
 20
6.93201
 11
16.92
 21
6.93201
  0
LINE
  8
0
 10
16.92
 20
6.93201
 11
16.92
 21
6.92401
  0
LINE
  8
0
 10
16.92
 20
6.92401
 11
11.88
 21
6.92401
  0
LINE
  8
0
 10
69.48
 20
6.92401
 11
69.48
 21
6.93201
  0
LINE
  8
0
 10
69.48
 20
6.93201
 11
74.52
 21
6.93201
  0
LINE
  8
0
 10
74.52
 20
6.93201
 11
74.52
 21
6.92401
  0
LINE
  8
0
 10
74.52
 20
6.92401
 11
69.48
 21
6.92401
  0
LINE
  8
0
 10
-2.51999
 20
6.892
 11
-2.51999
 21
6.89999
  0
LINE
  8
0
 10
-2.51999
 20
6.89999
 11
2.51999
 21
6.89999
  0
LINE
  8
0
 10
2.51999
 20
6.89999
 11
2.51999
 21
6.892
  0
LINE
  8
0
 10
2.51999
 20
6.892
 11
-2.51999
 21
6.892
  0
LINE
  8
0
 10
55.08
 20
6.892
 11
55.08
 21
6.89999
  0
LINE
  8
0
 10
55.08
 20
6.89999
 11
60.12
 21
6.89999
  0
LINE
  8
0
 10
60.12
 20
6.89999
 11
60.12
 21
6.892
  0
LINE
  8
0
 10
60.12
 20
6.892
 11
55.08
 21
6.892
  0
LINE
  8
0
 10
11.88
 20
6.892
 11
11.88
 21
6.89999
  0
LINE
  8
0
 10
11.88
 20
6.89999
 11
16.92
 21
6.89999
  0
LINE
  8
0
 10
16.92
 20
6.89999
 11
16.92
 21
6.892
  0
LINE
  8
0
 10
16.92
 20
6.892
 11
11.88
 21
6.892
  0
LINE
  8
0
 10
26.28
 20
6.892
 11
26.28
 21
6.89999
  0
LINE
  8
0
 10
26.28
 20
6.89999
 11
31.32
 21
6.89999
  0
LINE
  8
0
 10
31.32
 20
6.89999
 11
31.32
 21
6.892
  0
LINE
  8
0
 10
31.32
 20
6.892
 11
26.28
 21
6.892
  0
LINE
  8
0
 10
69.48
 20
6.892
 11
69.48
 21
6.89999
  0
LINE
  8
0
 10
69.48
 20
6.89999
 11
74.52
 21
6.89999
  0
LINE
  8
0
 10
74.52
 20
6.89999
 11
74.52
 21
6.892
  0
LINE
  8
0
 10
74.52
 20
6.892
 11
69.48
 21
6.892
  0
LINE
  8
0
 10
40.68
 20
6.892
 11
40.68
 21
6.89999
  0
LINE
  8
0
 10
40.68
 20
6.89999
 11
45.72
 21
6.89999
  0
LINE
  8
0
 10
45.72
 20
6.89999
 11
45.72
 21
6.892
  0
LINE
  8
0
 10
45.72
 20
6.892
 11
40.68
 21
6.892
  0
LINE
  8
0
 10
-2.51999
 20
6.86
 11
-2.51999
 21
6.868
  0
LINE
  8
0
 10
-2.51999
 20
6.868
 11
2.51999
 21
6.868
  0
LINE
  8
0
 10
2.51999
 20
6.868
 11
2.51999
 21
6.86
  0
LINE
  8
0
 10
2.51999
 20
6.86
 11
-2.51999
 21
6.86
  0
LINE
  8
0
 10
40.68
 20
6.86
 11
40.68
 21
6.868
  0
LINE
  8
0
 10
40.68
 20
6.868
 11
45.72
 21
6.868
  0
LINE
  8
0
 10
45.72
 20
6.868
 11
45.72
 21
6.86
  0
LINE
  8
0
 10
45.72
 20
6.86
 11
40.68
 21
6.86
  0
LINE
  8
0
 10
26.28
 20
6.86
 11
26.28
 21
6.868
  0
LINE
  8
0
 10
26.28
 20
6.868
 11
31.32
 21
6.868
  0
LINE
  8
0
 10
31.32
 20
6.868
 11
31.32
 21
6.86
  0
LINE
  8
0
 10
31.32
 20
6.86
 11
26.28
 21
6.86
  0
LINE
  8
0
 10
69.48
 20
6.86
 11
69.48
 21
6.868
  0
LINE
  8
0
 10
69.48
 20
6.868
 11
74.52
 21
6.868
  0
LINE
  8
0
 10
74.52
 20
6.868
 11
74.52
 21
6.86
  0
LINE
  8
0
 10
74.52
 20
6.86
 11
69.48
 21
6.86
  0
LINE
  8
0
 10
55.08
 20
6.86
 11
55.08
 21
6.868
  0
LINE
  8
0
 10
55.08
 20
6.868
 11
60.12
 21
6.868
  0
LINE
  8
0
 10
60.12
 20
6.868
 11
60.12
 21
6.86
  0
LINE
  8
0
 10
60.12
 20
6.86
 11
55.08
 21
6.86
  0
LINE
  8
0
 10
11.88
 20
6.86
 11
11.88
 21
6.868
  0
LINE
  8
0
 10
11.88
 20
6.868
 11
16.92
 21
6.868
  0
LINE
  8
0
 10
16.92
 20
6.868
 11
16.92
 21
6.86
  0
LINE
  8
0
 10
16.92
 20
6.86
 11
11.88
 21
6.86
  0
LINE
  8
0
 10
11.88
 20
6.828
 11
11.88
 21
6.836
  0
LINE
  8
0
 10
11.88
 20
6.836
 11
16.92
 21
6.836
  0
LINE
  8
0
 10
16.92
 20
6.836
 11
16.92
 21
6.828
  0
LINE
  8
0
 10
16.92
 20
6.828
 11
11.88
 21
6.828
  0
LINE
  8
0
 10
-2.51999
 20
6.828
 11
-2.51999
 21
6.836
  0
LINE
  8
0
 10
-2.51999
 20
6.836
 11
2.51999
 21
6.836
  0
LINE
  8
0
 10
2.51999
 20
6.836
 11
2.51999
 21
6.828
  0
LINE
  8
0
 10
2.51999
 20
6.828
 11
-2.51999
 21
6.828
  0
LINE
  8
0
 10
69.48
 20
6.828
 11
69.48
 21
6.836
  0
LINE
  8
0
 10
69.48
 20
6.836
 11
74.52
 21
6.836
  0
LINE
  8
0
 10
74.52
 20
6.836
 11
74.52
 21
6.828
  0
LINE
  8
0
 10
74.52
 20
6.828
 11
69.48
 21
6.828
  0
LINE
  8
0
 10
55.08
 20
6.828
 11
55.08
 21
6.836
  0
LINE
  8
0
 10
55.08
 20
6.836
 11
60.12
 21
6.836
  0
LINE
  8
0
 10
60.12
 20
6.836
 11
60.12
 21
6.828
  0
LINE
  8
0
 10
60.12
 20
6.828
 11
55.08
 21
6.828
  0
LINE
  8
0
 10
40.68
 20
6.828
 11
40.68
 21
6.836
  0
LINE
  8
0
 10
40.68
 20
6.836
 11
45.72
 21
6.836
  0
LINE
  8
0
 10
45.72
 20
6.836
 11
45.72
 21
6.828
  0
LINE
  8
0
 10
45.72
 20
6.828
 11
40.68
 21
6.828
  0
LINE
  8
0
 10
26.28
 20
6.828
 11
26.28
 21
6.836
  0
LINE
  8
0
 10
26.28
 20
6.836
 11
31.32
 21
6.836
  0
LINE
  8
0
 10
31.32
 20
6.836
 11
31.32
 21
6.828
  0
LINE
  8
0
 10
31.32
 20
6.828
 11
26.28
 21
6.828
  0
LINE
  8
0
 10
26.28
 20
6.79601
 11
26.28
 21
6.804
  0
LINE
  8
0
 10
26.28
 20
6.804
 11
31.32
 21
6.804
  0
LINE
  8
0
 10
31.32
 20
6.804
 11
31.32
 21
6.79601
  0
LINE
  8
0
 10
31.32
 20
6.79601
 11
26.28
 21
6.79601
  0
LINE
  8
0
 10
40.68
 20
6.79601
 11
40.68
 21
6.804
  0
LINE
  8
0
 10
40.68
 20
6.804
 11
45.72
 21
6.804
  0
LINE
  8
0
 10
45.72
 20
6.804
 11
45.72
 21
6.79601
  0
LINE
  8
0
 10
45.72
 20
6.79601
 11
40.68
 21
6.79601
  0
LINE
  8
0
 10
55.08
 20
6.79601
 11
55.08
 21
6.804
  0
LINE
  8
0
 10
55.08
 20
6.804
 11
60.12
 21
6.804
  0
LINE
  8
0
 10
60.12
 20
6.804
 11
60.12
 21
6.79601
  0
LINE
  8
0
 10
60.12
 20
6.79601
 11
55.08
 21
6.79601
  0
LINE
  8
0
 10
-2.51999
 20
6.79601
 11
-2.51999
 21
6.804
  0
LINE
  8
0
 10
-2.51999
 20
6.804
 11
2.51999
 21
6.804
  0
LINE
  8
0
 10
2.51999
 20
6.804
 11
2.51999
 21
6.79601
  0
LINE
  8
0
 10
2.51999
 20
6.79601
 11
-2.51999
 21
6.79601
  0
LINE
  8
0
 10
69.48
 20
6.79601
 11
69.48
 21
6.804
  0
LINE
  8
0
 10
69.48
 20
6.804
 11
74.52
 21
6.804
  0
LINE
  8
0
 10
74.52
 20
6.804
 11
74.52
 21
6.79601
  0
LINE
  8
0
 10
74.52
 20
6.79601
 11
69.48
 21
6.79601
  0
LINE
  8
0
 10
11.88
 20
6.79601
 11
11.88
 21
6.804
  0
LINE
  8
0
 10
11.88
 20
6.804
 11
16.92
 21
6.804
  0
LINE
  8
0
 10
16.92
 20
6.804
 11
16.92
 21
6.79601
  0
LINE
  8
0
 10
16.92
 20
6.79601
 11
11.88
 21
6.79601
  0
LINE
  8
0
 10
55.08
 20
6.76399
 11
55.08
 21
6.772
  0
LINE
  8
0
 10
55.08
 20
6.772
 11
60.12
 21
6.772
  0
LINE
  8
0
 10
60.12
 20
6.772
 11
60.12
 21
6.76399
  0
LINE
  8
0
 10
60.12
 20
6.76399
 11
55.08
 21
6.76399
  0
LINE
  8
0
 10
26.28
 20
6.76399
 11
26.28
 21
6.772
  0
LINE
  8
0
 10
26.28
 20
6.772
 11
31.32
 21
6.772
  0
LINE
  8
0
 10
31.32
 20
6.772
 11
31.32
 21
6.76399
  0
LINE
  8
0
 10
31.32
 20
6.76399
 11
26.28
 21
6.76399
  0
LINE
  8
0
 10
40.68
 20
6.76399
 11
40.68
 21
6.772
  0
LINE
  8
0
 10
40.68
 20
6.772
 11
45.72
 21
6.772
  0
LINE
  8
0
 10
45.72
 20
6.772
 11
45.72
 21
6.76399
  0
LINE
  8
0
 10
45.72
 20
6.76399
 11
40.68
 21
6.76399
  0
LINE
  8
0
 10
-2.51999
 20
6.76399
 11
-2.51999
 21
6.772
  0
LINE
  8
0
 10
-2.51999
 20
6.772
 11
2.51999
 21
6.772
  0
LINE
  8
0
 10
2.51999
 20
6.772
 11
2.51999
 21
6.76399
  0
LINE
  8
0
 10
2.51999
 20
6.76399
 11
-2.51999
 21
6.76399
  0
LINE
  8
0
 10
11.88
 20
6.76399
 11
11.88
 21
6.772
  0
LINE
  8
0
 10
11.88
 20
6.772
 11
16.92
 21
6.772
  0
LINE
  8
0
 10
16.92
 20
6.772
 11
16.92
 21
6.76399
  0
LINE
  8
0
 10
16.92
 20
6.76399
 11
11.88
 21
6.76399
  0
LINE
  8
0
 10
69.48
 20
6.76399
 11
69.48
 21
6.772
  0
LINE
  8
0
 10
69.48
 20
6.772
 11
74.52
 21
6.772
  0
LINE
  8
0
 10
74.52
 20
6.772
 11
74.52
 21
6.76399
  0
LINE
  8
0
 10
74.52
 20
6.76399
 11
69.48
 21
6.76399
  0
LINE
  8
0
 10
26.28
 20
6.73199
 11
26.28
 21
6.73999
  0
LINE
  8
0
 10
26.28
 20
6.73999
 11
31.32
 21
6.73999
  0
LINE
  8
0
 10
31.32
 20
6.73999
 11
31.32
 21
6.73199
  0
LINE
  8
0
 10
31.32
 20
6.73199
 11
26.28
 21
6.73199
  0
LINE
  8
0
 10
55.08
 20
6.73199
 11
55.08
 21
6.73999
  0
LINE
  8
0
 10
55.08
 20
6.73999
 11
60.12
 21
6.73999
  0
LINE
  8
0
 10
60.12
 20
6.73999
 11
60.12
 21
6.73199
  0
LINE
  8
0
 10
60.12
 20
6.73199
 11
55.08
 21
6.73199
  0
LINE
  8
0
 10
69.48
 20
6.73199
 11
69.48
 21
6.73999
  0
LINE
  8
0
 10
69.48
 20
6.73999
 11
74.52
 21
6.73999
  0
LINE
  8
0
 10
74.52
 20
6.73999
 11
74.52
 21
6.73199
  0
LINE
  8
0
 10
74.52
 20
6.73199
 11
69.48
 21
6.73199
  0
LINE
  8
0
 10
-2.51999
 20
6.73199
 11
-2.51999
 21
6.73999
  0
LINE
  8
0
 10
-2.51999
 20
6.73999
 11
2.51999
 21
6.73999
  0
LINE
  8
0
 10
2.51999
 20
6.73999
 11
2.51999
 21
6.73199
  0
LINE
  8
0
 10
2.51999
 20
6.73199
 11
-2.51999
 21
6.73199
  0
LINE
  8
0
 10
40.68
 20
6.73199
 11
40.68
 21
6.73999
  0
LINE
  8
0
 10
40.68
 20
6.73999
 11
45.72
 21
6.73999
  0
LINE
  8
0
 10
45.72
 20
6.73999
 11
45.72
 21
6.73199
  0
LINE
  8
0
 10
45.72
 20
6.73199
 11
40.68
 21
6.73199
  0
LINE
  8
0
 10
11.88
 20
6.73199
 11
11.88
 21
6.73999
  0
LINE
  8
0
 10
11.88
 20
6.73999
 11
16.92
 21
6.73999
  0
LINE
  8
0
 10
16.92
 20
6.73999
 11
16.92
 21
6.73199
  0
LINE
  8
0
 10
16.92
 20
6.73199
 11
11.88
 21
6.73199
  0
LINE
  8
0
 10
40.68
 20
6.7
 11
40.68
 21
6.70801
  0
LINE
  8
0
 10
40.68
 20
6.70801
 11
45.72
 21
6.70801
  0
LINE
  8
0
 10
45.72
 20
6.70801
 11
45.72
 21
6.7
  0
LINE
  8
0
 10
45.72
 20
6.7
 11
40.68
 21
6.7
  0
LINE
  8
0
 10
-2.51999
 20
6.7
 11
-2.51999
 21
6.70801
  0
LINE
  8
0
 10
-2.51999
 20
6.70801
 11
2.51999
 21
6.70801
  0
LINE
  8
0
 10
2.51999
 20
6.70801
 11
2.51999
 21
6.7
  0
LINE
  8
0
 10
2.51999
 20
6.7
 11
-2.51999
 21
6.7
  0
LINE
  8
0
 10
55.08
 20
6.7
 11
55.08
 21
6.70801
  0
LINE
  8
0
 10
55.08
 20
6.70801
 11
60.12
 21
6.70801
  0
LINE
  8
0
 10
60.12
 20
6.70801
 11
60.12
 21
6.7
  0
LINE
  8
0
 10
60.12
 20
6.7
 11
55.08
 21
6.7
  0
LINE
  8
0
 10
69.48
 20
6.7
 11
69.48
 21
6.70801
  0
LINE
  8
0
 10
69.48
 20
6.70801
 11
74.52
 21
6.70801
  0
LINE
  8
0
 10
74.52
 20
6.70801
 11
74.52
 21
6.7
  0
LINE
  8
0
 10
74.52
 20
6.7
 11
69.48
 21
6.7
  0
LINE
  8
0
 10
11.88
 20
6.7
 11
11.88
 21
6.70801
  0
LINE
  8
0
 10
11.88
 20
6.70801
 11
16.92
 21
6.70801
  0
LINE
  8
0
 10
16.92
 20
6.70801
 11
16.92
 21
6.7
  0
LINE
  8
0
 10
16.92
 20
6.7
 11
11.88
 21
6.7
  0
LINE
  8
0
 10
26.28
 20
6.7
 11
26.28
 21
6.70801
  0
LINE
  8
0
 10
26.28
 20
6.70801
 11
31.32
 21
6.70801
  0
LINE
  8
0
 10
31.32
 20
6.70801
 11
31.32
 21
6.7
  0
LINE
  8
0
 10
31.32
 20
6.7
 11
26.28
 21
6.7
  0
LINE
  8
0
 10
26.28
 20
6.668
 11
26.28
 21
6.67599
  0
LINE
  8
0
 10
26.28
 20
6.67599
 11
31.32
 21
6.67599
  0
LINE
  8
0
 10
31.32
 20
6.67599
 11
31.32
 21
6.668
  0
LINE
  8
0
 10
31.32
 20
6.668
 11
26.28
 21
6.668
  0
LINE
  8
0
 10
55.08
 20
6.668
 11
55.08
 21
6.67599
  0
LINE
  8
0
 10
55.08
 20
6.67599
 11
60.12
 21
6.67599
  0
LINE
  8
0
 10
60.12
 20
6.67599
 11
60.12
 21
6.668
  0
LINE
  8
0
 10
60.12
 20
6.668
 11
55.08
 21
6.668
  0
LINE
  8
0
 10
11.88
 20
6.668
 11
11.88
 21
6.67599
  0
LINE
  8
0
 10
11.88
 20
6.67599
 11
16.92
 21
6.67599
  0
LINE
  8
0
 10
16.92
 20
6.67599
 11
16.92
 21
6.668
  0
LINE
  8
0
 10
16.92
 20
6.668
 11
11.88
 21
6.668
  0
LINE
  8
0
 10
40.68
 20
6.668
 11
40.68
 21
6.67599
  0
LINE
  8
0
 10
40.68
 20
6.67599
 11
45.72
 21
6.67599
  0
LINE
  8
0
 10
45.72
 20
6.67599
 11
45.72
 21
6.668
  0
LINE
  8
0
 10
45.72
 20
6.668
 11
40.68
 21
6.668
  0
LINE
  8
0
 10
-2.51999
 20
6.668
 11
-2.51999
 21
6.67599
  0
LINE
  8
0
 10
-2.51999
 20
6.67599
 11
2.51999
 21
6.67599
  0
LINE
  8
0
 10
2.51999
 20
6.67599
 11
2.51999
 21
6.668
  0
LINE
  8
0
 10
2.51999
 20
6.668
 11
-2.51999
 21
6.668
  0
LINE
  8
0
 10
69.48
 20
6.668
 11
69.48
 21
6.67599
  0
LINE
  8
0
 10
69.48
 20
6.67599
 11
74.52
 21
6.67599
  0
LINE
  8
0
 10
74.52
 20
6.67599
 11
74.52
 21
6.668
  0
LINE
  8
0
 10
74.52
 20
6.668
 11
69.48
 21
6.668
  0
LINE
  8
0
 10
40.68
 20
6.636
 11
40.68
 21
6.644
  0
LINE
  8
0
 10
40.68
 20
6.644
 11
45.72
 21
6.644
  0
LINE
  8
0
 10
45.72
 20
6.644
 11
45.72
 21
6.636
  0
LINE
  8
0
 10
45.72
 20
6.636
 11
40.68
 21
6.636
  0
LINE
  8
0
 10
-2.51999
 20
6.636
 11
-2.51999
 21
6.644
  0
LINE
  8
0
 10
-2.51999
 20
6.644
 11
2.51999
 21
6.644
  0
LINE
  8
0
 10
2.51999
 20
6.644
 11
2.51999
 21
6.636
  0
LINE
  8
0
 10
2.51999
 20
6.636
 11
-2.51999
 21
6.636
  0
LINE
  8
0
 10
69.48
 20
6.636
 11
69.48
 21
6.644
  0
LINE
  8
0
 10
69.48
 20
6.644
 11
74.52
 21
6.644
  0
LINE
  8
0
 10
74.52
 20
6.644
 11
74.52
 21
6.636
  0
LINE
  8
0
 10
74.52
 20
6.636
 11
69.48
 21
6.636
  0
LINE
  8
0
 10
11.88
 20
6.636
 11
11.88
 21
6.644
  0
LINE
  8
0
 10
11.88
 20
6.644
 11
16.92
 21
6.644
  0
LINE
  8
0
 10
16.92
 20
6.644
 11
16.92
 21
6.636
  0
LINE
  8
0
 10
16.92
 20
6.636
 11
11.88
 21
6.636
  0
LINE
  8
0
 10
26.28
 20
6.636
 11
26.28
 21
6.644
  0
LINE
  8
0
 10
26.28
 20
6.644
 11
31.32
 21
6.644
  0
LINE
  8
0
 10
31.32
 20
6.644
 11
31.32
 21
6.636
  0
LINE
  8
0
 10
31.32
 20
6.636
 11
26.28
 21
6.636
  0
LINE
  8
0
 10
55.08
 20
6.636
 11
55.08
 21
6.644
  0
LINE
  8
0
 10
55.08
 20
6.644
 11
60.12
 21
6.644
  0
LINE
  8
0
 10
60.12
 20
6.644
 11
60.12
 21
6.636
  0
LINE
  8
0
 10
60.12
 20
6.636
 11
55.08
 21
6.636
  0
LINE
  8
0
 10
69.48
 20
6.604
 11
69.48
 21
6.612
  0
LINE
  8
0
 10
69.48
 20
6.612
 11
74.52
 21
6.612
  0
LINE
  8
0
 10
74.52
 20
6.612
 11
74.52
 21
6.604
  0
LINE
  8
0
 10
74.52
 20
6.604
 11
69.48
 21
6.604
  0
LINE
  8
0
 10
26.28
 20
6.604
 11
26.28
 21
6.612
  0
LINE
  8
0
 10
26.28
 20
6.612
 11
31.32
 21
6.612
  0
LINE
  8
0
 10
31.32
 20
6.612
 11
31.32
 21
6.604
  0
LINE
  8
0
 10
31.32
 20
6.604
 11
26.28
 21
6.604
  0
LINE
  8
0
 10
40.68
 20
6.604
 11
40.68
 21
6.612
  0
LINE
  8
0
 10
40.68
 20
6.612
 11
45.72
 21
6.612
  0
LINE
  8
0
 10
45.72
 20
6.612
 11
45.72
 21
6.604
  0
LINE
  8
0
 10
45.72
 20
6.604
 11
40.68
 21
6.604
  0
LINE
  8
0
 10
11.88
 20
6.604
 11
11.88
 21
6.612
  0
LINE
  8
0
 10
11.88
 20
6.612
 11
16.92
 21
6.612
  0
LINE
  8
0
 10
16.92
 20
6.612
 11
16.92
 21
6.604
  0
LINE
  8
0
 10
16.92
 20
6.604
 11
11.88
 21
6.604
  0
LINE
  8
0
 10
55.08
 20
6.604
 11
55.08
 21
6.612
  0
LINE
  8
0
 10
55.08
 20
6.612
 11
60.12
 21
6.612
  0
LINE
  8
0
 10
60.12
 20
6.612
 11
60.12
 21
6.604
  0
LINE
  8
0
 10
60.12
 20
6.604
 11
55.08
 21
6.604
  0
LINE
  8
0
 10
-2.51999
 20
6.604
 11
-2.51999
 21
6.612
  0
LINE
  8
0
 10
-2.51999
 20
6.612
 11
2.51999
 21
6.612
  0
LINE
  8
0
 10
2.51999
 20
6.612
 11
2.51999
 21
6.604
  0
LINE
  8
0
 10
2.51999
 20
6.604
 11
-2.51999
 21
6.604
  0
LINE
  8
0
 10
26.28
 20
6.57201
 11
26.28
 21
6.58
  0
LINE
  8
0
 10
26.28
 20
6.58
 11
31.32
 21
6.58
  0
LINE
  8
0
 10
31.32
 20
6.58
 11
31.32
 21
6.57201
  0
LINE
  8
0
 10
31.32
 20
6.57201
 11
26.28
 21
6.57201
  0
LINE
  8
0
 10
11.88
 20
6.57201
 11
11.88
 21
6.58
  0
LINE
  8
0
 10
11.88
 20
6.58
 11
16.92
 21
6.58
  0
LINE
  8
0
 10
16.92
 20
6.58
 11
16.92
 21
6.57201
  0
LINE
  8
0
 10
16.92
 20
6.57201
 11
11.88
 21
6.57201
  0
LINE
  8
0
 10
69.48
 20
6.57201
 11
69.48
 21
6.58
  0
LINE
  8
0
 10
69.48
 20
6.58
 11
74.52
 21
6.58
  0
LINE
  8
0
 10
74.52
 20
6.58
 11
74.52
 21
6.57201
  0
LINE
  8
0
 10
74.52
 20
6.57201
 11
69.48
 21
6.57201
  0
LINE
  8
0
 10
-2.51999
 20
6.57201
 11
-2.51999
 21
6.58
  0
LINE
  8
0
 10
-2.51999
 20
6.58
 11
2.51999
 21
6.58
  0
LINE
  8
0
 10
2.51999
 20
6.58
 11
2.51999
 21
6.57201
  0
LINE
  8
0
 10
2.51999
 20
6.57201
 11
-2.51999
 21
6.57201
  0
LINE
  8
0
 10
40.68
 20
6.57201
 11
40.68
 21
6.58
  0
LINE
  8
0
 10
40.68
 20
6.58
 11
45.72
 21
6.58
  0
LINE
  8
0
 10
45.72
 20
6.58
 11
45.72
 21
6.57201
  0
LINE
  8
0
 10
45.72
 20
6.57201
 11
40.68
 21
6.57201
  0
LINE
  8
0
 10
55.08
 20
6.57201
 11
55.08
 21
6.58
  0
LINE
  8
0
 10
55.08
 20
6.58
 11
60.12
 21
6.58
  0
LINE
  8
0
 10
60.12
 20
6.58
 11
60.12
 21
6.57201
  0
LINE
  8
0
 10
60.12
 20
6.57201
 11
55.08
 21
6.57201
  0
LINE
  8
0
 10
-2.51999
 20
6.53999
 11
-2.51999
 21
6.548
  0
LINE
  8
0
 10
-2.51999
 20
6.548
 11
2.51999
 21
6.548
  0
LINE
  8
0
 10
2.51999
 20
6.548
 11
2.51999
 21
6.53999
  0
LINE
  8
0
 10
2.51999
 20
6.53999
 11
-2.51999
 21
6.53999
  0
LINE
  8
0
 10
55.08
 20
6.53999
 11
55.08
 21
6.548
  0
LINE
  8
0
 10
55.08
 20
6.548
 11
60.12
 21
6.548
  0
LINE
  8
0
 10
60.12
 20
6.548
 11
60.12
 21
6.53999
  0
LINE
  8
0
 10
60.12
 20
6.53999
 11
55.08
 21
6.53999
  0
LINE
  8
0
 10
69.48
 20
6.53999
 11
69.48
 21
6.548
  0
LINE
  8
0
 10
69.48
 20
6.548
 11
74.52
 21
6.548
  0
LINE
  8
0
 10
74.52
 20
6.548
 11
74.52
 21
6.53999
  0
LINE
  8
0
 10
74.52
 20
6.53999
 11
69.48
 21
6.53999
  0
LINE
  8
0
 10
26.28
 20
6.53999
 11
26.28
 21
6.548
  0
LINE
  8
0
 10
26.28
 20
6.548
 11
31.32
 21
6.548
  0
LINE
  8
0
 10
31.32
 20
6.548
 11
31.32
 21
6.53999
  0
LINE
  8
0
 10
31.32
 20
6.53999
 11
26.28
 21
6.53999
  0
LINE
  8
0
 10
11.88
 20
6.53999
 11
11.88
 21
6.548
  0
LINE
  8
0
 10
11.88
 20
6.548
 11
16.92
 21
6.548
  0
LINE
  8
0
 10
16.92
 20
6.548
 11
16.92
 21
6.53999
  0
LINE
  8
0
 10
16.92
 20
6.53999
 11
11.88
 21
6.53999
  0
LINE
  8
0
 10
40.68
 20
6.53999
 11
40.68
 21
6.548
  0
LINE
  8
0
 10
40.68
 20
6.548
 11
45.72
 21
6.548
  0
LINE
  8
0
 10
45.72
 20
6.548
 11
45.72
 21
6.53999
  0
LINE
  8
0
 10
45.72
 20
6.53999
 11
40.68
 21
6.53999
  0
LINE
  8
0
 10
55.08
 20
6.508
 11
55.08
 21
6.51599
  0
LINE
  8
0
 10
55.08
 20
6.51599
 11
60.12
 21
6.51599
  0
LINE
  8
0
 10
60.12
 20
6.51599
 11
60.12
 21
6.508
  0
LINE
  8
0
 10
60.12
 20
6.508
 11
55.08
 21
6.508
  0
LINE
  8
0
 10
26.28
 20
6.508
 11
26.28
 21
6.51599
  0
LINE
  8
0
 10
26.28
 20
6.51599
 11
31.32
 21
6.51599
  0
LINE
  8
0
 10
31.32
 20
6.51599
 11
31.32
 21
6.508
  0
LINE
  8
0
 10
31.32
 20
6.508
 11
26.28
 21
6.508
  0
LINE
  8
0
 10
-2.51999
 20
6.508
 11
-2.51999
 21
6.51599
  0
LINE
  8
0
 10
-2.51999
 20
6.51599
 11
2.51999
 21
6.51599
  0
LINE
  8
0
 10
2.51999
 20
6.51599
 11
2.51999
 21
6.508
  0
LINE
  8
0
 10
2.51999
 20
6.508
 11
-2.51999
 21
6.508
  0
LINE
  8
0
 10
40.68
 20
6.508
 11
40.68
 21
6.51599
  0
LINE
  8
0
 10
40.68
 20
6.51599
 11
45.72
 21
6.51599
  0
LINE
  8
0
 10
45.72
 20
6.51599
 11
45.72
 21
6.508
  0
LINE
  8
0
 10
45.72
 20
6.508
 11
40.68
 21
6.508
  0
LINE
  8
0
 10
11.88
 20
6.508
 11
11.88
 21
6.51599
  0
LINE
  8
0
 10
11.88
 20
6.51599
 11
16.92
 21
6.51599
  0
LINE
  8
0
 10
16.92
 20
6.51599
 11
16.92
 21
6.508
  0
LINE
  8
0
 10
16.92
 20
6.508
 11
11.88
 21
6.508
  0
LINE
  8
0
 10
69.48
 20
6.508
 11
69.48
 21
6.51599
  0
LINE
  8
0
 10
69.48
 20
6.51599
 11
74.52
 21
6.51599
  0
LINE
  8
0
 10
74.52
 20
6.51599
 11
74.52
 21
6.508
  0
LINE
  8
0
 10
74.52
 20
6.508
 11
69.48
 21
6.508
  0
LINE
  8
0
 10
-2.51999
 20
6.476
 11
-2.51999
 21
6.48401
  0
LINE
  8
0
 10
-2.51999
 20
6.48401
 11
2.51999
 21
6.48401
  0
LINE
  8
0
 10
2.51999
 20
6.48401
 11
2.51999
 21
6.476
  0
LINE
  8
0
 10
2.51999
 20
6.476
 11
-2.51999
 21
6.476
  0
LINE
  8
0
 10
11.88
 20
6.476
 11
11.88
 21
6.48401
  0
LINE
  8
0
 10
11.88
 20
6.48401
 11
16.92
 21
6.48401
  0
LINE
  8
0
 10
16.92
 20
6.48401
 11
16.92
 21
6.476
  0
LINE
  8
0
 10
16.92
 20
6.476
 11
11.88
 21
6.476
  0
LINE
  8
0
 10
69.48
 20
6.476
 11
69.48
 21
6.48401
  0
LINE
  8
0
 10
69.48
 20
6.48401
 11
74.52
 21
6.48401
  0
LINE
  8
0
 10
74.52
 20
6.48401
 11
74.52
 21
6.476
  0
LINE
  8
0
 10
74.52
 20
6.476
 11
69.48
 21
6.476
  0
LINE
  8
0
 10
26.28
 20
6.476
 11
26.28
 21
6.48401
  0
LINE
  8
0
 10
26.28
 20
6.48401
 11
31.32
 21
6.48401
  0
LINE
  8
0
 10
31.32
 20
6.48401
 11
31.32
 21
6.476
  0
LINE
  8
0
 10
31.32
 20
6.476
 11
26.28
 21
6.476
  0
LINE
  8
0
 10
40.68
 20
6.476
 11
40.68
 21
6.48401
  0
LINE
  8
0
 10
40.68
 20
6.48401
 11
45.72
 21
6.48401
  0
LINE
  8
0
 10
45.72
 20
6.48401
 11
45.72
 21
6.476
  0
LINE
  8
0
 10
45.72
 20
6.476
 11
40.68
 21
6.476
  0
LINE
  8
0
 10
55.08
 20
6.476
 11
55.08
 21
6.48401
  0
LINE
  8
0
 10
55.08
 20
6.48401
 11
60.12
 21
6.48401
  0
LINE
  8
0
 10
60.12
 20
6.48401
 11
60.12
 21
6.476
  0
LINE
  8
0
 10
60.12
 20
6.476
 11
55.08
 21
6.476
  0
LINE
  8
0
 10
55.08
 20
6.444
 11
55.08
 21
6.452
  0
LINE
  8
0
 10
55.08
 20
6.452
 11
60.12
 21
6.452
  0
LINE
  8
0
 10
60.12
 20
6.452
 11
60.12
 21
6.444
  0
LINE
  8
0
 10
60.12
 20
6.444
 11
55.08
 21
6.444
  0
LINE
  8
0
 10
11.88
 20
6.444
 11
11.88
 21
6.452
  0
LINE
  8
0
 10
11.88
 20
6.452
 11
16.92
 21
6.452
  0
LINE
  8
0
 10
16.92
 20
6.452
 11
16.92
 21
6.444
  0
LINE
  8
0
 10
16.92
 20
6.444
 11
11.88
 21
6.444
  0
LINE
  8
0
 10
26.28
 20
6.444
 11
26.28
 21
6.452
  0
LINE
  8
0
 10
26.28
 20
6.452
 11
31.32
 21
6.452
  0
LINE
  8
0
 10
31.32
 20
6.452
 11
31.32
 21
6.444
  0
LINE
  8
0
 10
31.32
 20
6.444
 11
26.28
 21
6.444
  0
LINE
  8
0
 10
-2.51999
 20
6.444
 11
-2.51999
 21
6.452
  0
LINE
  8
0
 10
-2.51999
 20
6.452
 11
2.51999
 21
6.452
  0
LINE
  8
0
 10
2.51999
 20
6.452
 11
2.51999
 21
6.444
  0
LINE
  8
0
 10
2.51999
 20
6.444
 11
-2.51999
 21
6.444
  0
LINE
  8
0
 10
69.48
 20
6.444
 11
69.48
 21
6.452
  0
LINE
  8
0
 10
69.48
 20
6.452
 11
74.52
 21
6.452
  0
LINE
  8
0
 10
74.52
 20
6.452
 11
74.52
 21
6.444
  0
LINE
  8
0
 10
74.52
 20
6.444
 11
69.48
 21
6.444
  0
LINE
  8
0
 10
40.68
 20
6.444
 11
40.68
 21
6.452
  0
LINE
  8
0
 10
40.68
 20
6.452
 11
45.72
 21
6.452
  0
LINE
  8
0
 10
45.72
 20
6.452
 11
45.72
 21
6.444
  0
LINE
  8
0
 10
45.72
 20
6.444
 11
40.68
 21
6.444
  0
LINE
  8
0
 10
11.88
 20
6.412
 11
11.88
 21
6.42
  0
LINE
  8
0
 10
11.88
 20
6.42
 11
16.92
 21
6.42
  0
LINE
  8
0
 10
16.92
 20
6.42
 11
16.92
 21
6.412
  0
LINE
  8
0
 10
16.92
 20
6.412
 11
11.88
 21
6.412
  0
LINE
  8
0
 10
40.68
 20
6.412
 11
40.68
 21
6.42
  0
LINE
  8
0
 10
40.68
 20
6.42
 11
45.72
 21
6.42
  0
LINE
  8
0
 10
45.72
 20
6.42
 11
45.72
 21
6.412
  0
LINE
  8
0
 10
45.72
 20
6.412
 11
40.68
 21
6.412
  0
LINE
  8
0
 10
69.48
 20
6.412
 11
69.48
 21
6.42
  0
LINE
  8
0
 10
69.48
 20
6.42
 11
74.52
 21
6.42
  0
LINE
  8
0
 10
74.52
 20
6.42
 11
74.52
 21
6.412
  0
LINE
  8
0
 10
74.52
 20
6.412
 11
69.48
 21
6.412
  0
LINE
  8
0
 10
55.08
 20
6.412
 11
55.08
 21
6.42
  0
LINE
  8
0
 10
55.08
 20
6.42
 11
60.12
 21
6.42
  0
LINE
  8
0
 10
60.12
 20
6.42
 11
60.12
 21
6.412
  0
LINE
  8
0
 10
60.12
 20
6.412
 11
55.08
 21
6.412
  0
LINE
  8
0
 10
26.28
 20
6.412
 11
26.28
 21
6.42
  0
LINE
  8
0
 10
26.28
 20
6.42
 11
31.32
 21
6.42
  0
LINE
  8
0
 10
31.32
 20
6.42
 11
31.32
 21
6.412
  0
LINE
  8
0
 10
31.32
 20
6.412
 11
26.28
 21
6.412
  0
LINE
  8
0
 10
-2.51999
 20
6.412
 11
-2.51999
 21
6.42
  0
LINE
  8
0
 10
-2.51999
 20
6.42
 11
2.51999
 21
6.42
  0
LINE
  8
0
 10
2.51999
 20
6.42
 11
2.51999
 21
6.412
  0
LINE
  8
0
 10
2.51999
 20
6.412
 11
-2.51999
 21
6.412
  0
LINE
  8
0
 10
55.08
 20
6.38
 11
55.08
 21
6.388
  0
LINE
  8
0
 10
55.08
 20
6.388
 11
60.12
 21
6.388
  0
LINE
  8
0
 10
60.12
 20
6.388
 11
60.12
 21
6.38
  0
LINE
  8
0
 10
60.12
 20
6.38
 11
55.08
 21
6.38
  0
LINE
  8
0
 10
40.68
 20
6.38
 11
40.68
 21
6.388
  0
LINE
  8
0
 10
40.68
 20
6.388
 11
45.72
 21
6.388
  0
LINE
  8
0
 10
45.72
 20
6.388
 11
45.72
 21
6.38
  0
LINE
  8
0
 10
45.72
 20
6.38
 11
40.68
 21
6.38
  0
LINE
  8
0
 10
11.88
 20
6.38
 11
11.88
 21
6.388
  0
LINE
  8
0
 10
11.88
 20
6.388
 11
16.92
 21
6.388
  0
LINE
  8
0
 10
16.92
 20
6.388
 11
16.92
 21
6.38
  0
LINE
  8
0
 10
16.92
 20
6.38
 11
11.88
 21
6.38
  0
LINE
  8
0
 10
-2.51999
 20
6.38
 11
-2.51999
 21
6.388
  0
LINE
  8
0
 10
-2.51999
 20
6.388
 11
2.51999
 21
6.388
  0
LINE
  8
0
 10
2.51999
 20
6.388
 11
2.51999
 21
6.38
  0
LINE
  8
0
 10
2.51999
 20
6.38
 11
-2.51999
 21
6.38
  0
LINE
  8
0
 10
69.48
 20
6.38
 11
69.48
 21
6.388
  0
LINE
  8
0
 10
69.48
 20
6.388
 11
74.52
 21
6.388
  0
LINE
  8
0
 10
74.52
 20
6.388
 11
74.52
 21
6.38
  0
LINE
  8
0
 10
74.52
 20
6.38
 11
69.48
 21
6.38
  0
LINE
  8
0
 10
26.28
 20
6.38
 11
26.28
 21
6.388
  0
LINE
  8
0
 10
26.28
 20
6.388
 11
31.32
 21
6.388
  0
LINE
  8
0
 10
31.32
 20
6.388
 11
31.32
 21
6.38
  0
LINE
  8
0
 10
31.32
 20
6.38
 11
26.28
 21
6.38
  0
LINE
  8
0
 10
69.48
 20
6.34801
 11
69.48
 21
6.356
  0
LINE
  8
0
 10
69.48
 20
6.356
 11
74.52
 21
6.356
  0
LINE
  8
0
 10
74.52
 20
6.356
 11
74.52
 21
6.34801
  0
LINE
  8
0
 10
74.52
 20
6.34801
 11
69.48
 21
6.34801
  0
LINE
  8
0
 10
-2.51999
 20
6.34801
 11
-2.51999
 21
6.356
  0
LINE
  8
0
 10
-2.51999
 20
6.356
 11
2.51999
 21
6.356
  0
LINE
  8
0
 10
2.51999
 20
6.356
 11
2.51999
 21
6.34801
  0
LINE
  8
0
 10
2.51999
 20
6.34801
 11
-2.51999
 21
6.34801
  0
LINE
  8
0
 10
26.28
 20
6.34801
 11
26.28
 21
6.356
  0
LINE
  8
0
 10
26.28
 20
6.356
 11
31.32
 21
6.356
  0
LINE
  8
0
 10
31.32
 20
6.356
 11
31.32
 21
6.34801
  0
LINE
  8
0
 10
31.32
 20
6.34801
 11
26.28
 21
6.34801
  0
LINE
  8
0
 10
55.08
 20
6.34801
 11
55.08
 21
6.356
  0
LINE
  8
0
 10
55.08
 20
6.356
 11
60.12
 21
6.356
  0
LINE
  8
0
 10
60.12
 20
6.356
 11
60.12
 21
6.34801
  0
LINE
  8
0
 10
60.12
 20
6.34801
 11
55.08
 21
6.34801
  0
LINE
  8
0
 10
40.68
 20
6.34801
 11
40.68
 21
6.356
  0
LINE
  8
0
 10
40.68
 20
6.356
 11
45.72
 21
6.356
  0
LINE
  8
0
 10
45.72
 20
6.356
 11
45.72
 21
6.34801
  0
LINE
  8
0
 10
45.72
 20
6.34801
 11
40.68
 21
6.34801
  0
LINE
  8
0
 10
11.88
 20
6.34801
 11
11.88
 21
6.356
  0
LINE
  8
0
 10
11.88
 20
6.356
 11
16.92
 21
6.356
  0
LINE
  8
0
 10
16.92
 20
6.356
 11
16.92
 21
6.34801
  0
LINE
  8
0
 10
16.92
 20
6.34801
 11
11.88
 21
6.34801
  0
LINE
  8
0
 10
26.28
 20
6.31599
 11
26.28
 21
6.32401
  0
LINE
  8
0
 10
26.28
 20
6.32401
 11
31.32
 21
6.32401
  0
LINE
  8
0
 10
31.32
 20
6.32401
 11
31.32
 21
6.31599
  0
LINE
  8
0
 10
31.32
 20
6.31599
 11
26.28
 21
6.31599
  0
LINE
  8
0
 10
11.88
 20
6.31599
 11
11.88
 21
6.32401
  0
LINE
  8
0
 10
11.88
 20
6.32401
 11
16.92
 21
6.32401
  0
LINE
  8
0
 10
16.92
 20
6.32401
 11
16.92
 21
6.31599
  0
LINE
  8
0
 10
16.92
 20
6.31599
 11
11.88
 21
6.31599
  0
LINE
  8
0
 10
69.48
 20
6.31599
 11
69.48
 21
6.32401
  0
LINE
  8
0
 10
69.48
 20
6.32401
 11
74.52
 21
6.32401
  0
LINE
  8
0
 10
74.52
 20
6.32401
 11
74.52
 21
6.31599
  0
LINE
  8
0
 10
74.52
 20
6.31599
 11
69.48
 21
6.31599
  0
LINE
  8
0
 10
-2.51999
 20
6.31599
 11
-2.51999
 21
6.32401
  0
LINE
  8
0
 10
-2.51999
 20
6.32401
 11
2.51999
 21
6.32401
  0
LINE
  8
0
 10
2.51999
 20
6.32401
 11
2.51999
 21
6.31599
  0
LINE
  8
0
 10
2.51999
 20
6.31599
 11
-2.51999
 21
6.31599
  0
LINE
  8
0
 10
55.08
 20
6.31599
 11
55.08
 21
6.32401
  0
LINE
  8
0
 10
55.08
 20
6.32401
 11
60.12
 21
6.32401
  0
LINE
  8
0
 10
60.12
 20
6.32401
 11
60.12
 21
6.31599
  0
LINE
  8
0
 10
60.12
 20
6.31599
 11
55.08
 21
6.31599
  0
LINE
  8
0
 10
40.68
 20
6.31599
 11
40.68
 21
6.32401
  0
LINE
  8
0
 10
40.68
 20
6.32401
 11
45.72
 21
6.32401
  0
LINE
  8
0
 10
45.72
 20
6.32401
 11
45.72
 21
6.31599
  0
LINE
  8
0
 10
45.72
 20
6.31599
 11
40.68
 21
6.31599
  0
LINE
  8
0
 10
11.88
 20
6.284
 11
11.88
 21
6.29199
  0
LINE
  8
0
 10
11.88
 20
6.29199
 11
16.92
 21
6.29199
  0
LINE
  8
0
 10
16.92
 20
6.29199
 11
16.92
 21
6.284
  0
LINE
  8
0
 10
16.92
 20
6.284
 11
11.88
 21
6.284
  0
LINE
  8
0
 10
26.28
 20
6.284
 11
26.28
 21
6.29199
  0
LINE
  8
0
 10
26.28
 20
6.29199
 11
31.32
 21
6.29199
  0
LINE
  8
0
 10
31.32
 20
6.29199
 11
31.32
 21
6.284
  0
LINE
  8
0
 10
31.32
 20
6.284
 11
26.28
 21
6.284
  0
LINE
  8
0
 10
40.68
 20
6.284
 11
40.68
 21
6.29199
  0
LINE
  8
0
 10
40.68
 20
6.29199
 11
45.72
 21
6.29199
  0
LINE
  8
0
 10
45.72
 20
6.29199
 11
45.72
 21
6.284
  0
LINE
  8
0
 10
45.72
 20
6.284
 11
40.68
 21
6.284
  0
LINE
  8
0
 10
-2.51999
 20
6.284
 11
-2.51999
 21
6.29199
  0
LINE
  8
0
 10
-2.51999
 20
6.29199
 11
2.51999
 21
6.29199
  0
LINE
  8
0
 10
2.51999
 20
6.29199
 11
2.51999
 21
6.284
  0
LINE
  8
0
 10
2.51999
 20
6.284
 11
-2.51999
 21
6.284
  0
LINE
  8
0
 10
69.48
 20
6.284
 11
69.48
 21
6.29199
  0
LINE
  8
0
 10
69.48
 20
6.29199
 11
74.52
 21
6.29199
  0
LINE
  8
0
 10
74.52
 20
6.29199
 11
74.52
 21
6.284
  0
LINE
  8
0
 10
74.52
 20
6.284
 11
69.48
 21
6.284
  0
LINE
  8
0
 10
55.08
 20
6.284
 11
55.08
 21
6.29199
  0
LINE
  8
0
 10
55.08
 20
6.29199
 11
60.12
 21
6.29199
  0
LINE
  8
0
 10
60.12
 20
6.29199
 11
60.12
 21
6.284
  0
LINE
  8
0
 10
60.12
 20
6.284
 11
55.08
 21
6.284
  0
LINE
  8
0
 10
11.88
 20
6.252
 11
11.88
 21
6.26001
  0
LINE
  8
0
 10
11.88
 20
6.26001
 11
16.92
 21
6.26001
  0
LINE
  8
0
 10
16.92
 20
6.26001
 11
16.92
 21
6.252
  0
LINE
  8
0
 10
16.92
 20
6.252
 11
11.88
 21
6.252
  0
LINE
  8
0
 10
69.48
 20
6.252
 11
69.48
 21
6.26001
  0
LINE
  8
0
 10
69.48
 20
6.26001
 11
74.52
 21
6.26001
  0
LINE
  8
0
 10
74.52
 20
6.26001
 11
74.52
 21
6.252
  0
LINE
  8
0
 10
74.52
 20
6.252
 11
69.48
 21
6.252
  0
LINE
  8
0
 10
40.68
 20
6.252
 11
40.68
 21
6.26001
  0
LINE
  8
0
 10
40.68
 20
6.26001
 11
45.72
 21
6.26001
  0
LINE
  8
0
 10
45.72
 20
6.26001
 11
45.72
 21
6.252
  0
LINE
  8
0
 10
45.72
 20
6.252
 11
40.68
 21
6.252
  0
LINE
  8
0
 10
26.28
 20
6.252
 11
26.28
 21
6.26001
  0
LINE
  8
0
 10
26.28
 20
6.26001
 11
31.32
 21
6.26001
  0
LINE
  8
0
 10
31.32
 20
6.26001
 11
31.32
 21
6.252
  0
LINE
  8
0
 10
31.32
 20
6.252
 11
26.28
 21
6.252
  0
LINE
  8
0
 10
-2.51999
 20
6.252
 11
-2.51999
 21
6.26001
  0
LINE
  8
0
 10
-2.51999
 20
6.26001
 11
2.51999
 21
6.26001
  0
LINE
  8
0
 10
2.51999
 20
6.26001
 11
2.51999
 21
6.252
  0
LINE
  8
0
 10
2.51999
 20
6.252
 11
-2.51999
 21
6.252
  0
LINE
  8
0
 10
55.08
 20
6.252
 11
55.08
 21
6.26001
  0
LINE
  8
0
 10
55.08
 20
6.26001
 11
60.12
 21
6.26001
  0
LINE
  8
0
 10
60.12
 20
6.26001
 11
60.12
 21
6.252
  0
LINE
  8
0
 10
60.12
 20
6.252
 11
55.08
 21
6.252
  0
LINE
  8
0
 10
55.08
 20
6.22
 11
55.08
 21
6.228
  0
LINE
  8
0
 10
55.08
 20
6.228
 11
60.12
 21
6.228
  0
LINE
  8
0
 10
60.12
 20
6.228
 11
60.12
 21
6.22
  0
LINE
  8
0
 10
60.12
 20
6.22
 11
55.08
 21
6.22
  0
LINE
  8
0
 10
26.28
 20
6.22
 11
26.28
 21
6.228
  0
LINE
  8
0
 10
26.28
 20
6.228
 11
31.32
 21
6.228
  0
LINE
  8
0
 10
31.32
 20
6.228
 11
31.32
 21
6.22
  0
LINE
  8
0
 10
31.32
 20
6.22
 11
26.28
 21
6.22
  0
LINE
  8
0
 10
69.48
 20
6.22
 11
69.48
 21
6.228
  0
LINE
  8
0
 10
69.48
 20
6.228
 11
74.52
 21
6.228
  0
LINE
  8
0
 10
74.52
 20
6.228
 11
74.52
 21
6.22
  0
LINE
  8
0
 10
74.52
 20
6.22
 11
69.48
 21
6.22
  0
LINE
  8
0
 10
-2.51999
 20
6.22
 11
-2.51999
 21
6.228
  0
LINE
  8
0
 10
-2.51999
 20
6.228
 11
2.51999
 21
6.228
  0
LINE
  8
0
 10
2.51999
 20
6.228
 11
2.51999
 21
6.22
  0
LINE
  8
0
 10
2.51999
 20
6.22
 11
-2.51999
 21
6.22
  0
LINE
  8
0
 10
40.68
 20
6.22
 11
40.68
 21
6.228
  0
LINE
  8
0
 10
40.68
 20
6.228
 11
45.72
 21
6.228
  0
LINE
  8
0
 10
45.72
 20
6.228
 11
45.72
 21
6.22
  0
LINE
  8
0
 10
45.72
 20
6.22
 11
40.68
 21
6.22
  0
LINE
  8
0
 10
11.88
 20
6.22
 11
11.88
 21
6.228
  0
LINE
  8
0
 10
11.88
 20
6.228
 11
16.92
 21
6.228
  0
LINE
  8
0
 10
16.92
 20
6.228
 11
16.92
 21
6.22
  0
LINE
  8
0
 10
16.92
 20
6.22
 11
11.88
 21
6.22
  0
LINE
  8
0
 10
40.68
 20
0.971985
 11
40.68
 21
0.97998
  0
LINE
  8
0
 10
40.68
 20
0.97998
 11
45.72
 21
0.97998
  0
LINE
  8
0
 10
45.72
 20
0.97998
 11
45.72
 21
0.971985
  0
LINE
  8
0
 10
45.72
 20
0.971985
 11
40.68
 21
0.971985
  0
LINE
  8
0
 10
-2.51999
 20
0.971985
 11
-2.51999
 21
0.97998
  0
LINE
  8
0
 10
-2.51999
 20
0.97998
 11
2.51999
 21
0.97998
  0
LINE
  8
0
 10
2.51999
 20
0.97998
 11
2.51999
 21
0.971985
  0
LINE
  8
0
 10
2.51999
 20
0.971985
 11
-2.51999
 21
0.971985
  0
LINE
  8
0
 10
26.28
 20
0.971985
 11
26.28
 21
0.97998
  0
LINE
  8
0
 10
26.28
 20
0.97998
 11
31.32
 21
0.97998
  0
LINE
  8
0
 10
31.32
 20
0.97998
 11
31.32
 21
0.971985
  0
LINE
  8
0
 10
31.32
 20
0.971985
 11
26.28
 21
0.971985
  0
LINE
  8
0
 10
69.48
 20
0.971985
 11
69.48
 21
0.97998
  0
LINE
  8
0
 10
69.48
 20
0.97998
 11
74.52
 21
0.97998
  0
LINE
  8
0
 10
74.52
 20
0.97998
 11
74.52
 21
0.971985
  0
LINE
  8
0
 10
74.52
 20
0.971985
 11
69.48
 21
0.971985
  0
LINE
  8
0
 10
11.88
 20
0.971985
 11
11.88
 21
0.97998
  0
LINE
  8
0
 10
11.88
 20
0.97998
 11
16.92
 21
0.97998
  0
LINE
  8
0
 10
16.92
 20
0.97998
 11
16.92
 21
0.971985
  0
LINE
  8
0
 10
16.92
 20
0.971985
 11
11.88
 21
0.971985
  0
LINE
  8
0
 10
55.08
 20
0.971985
 11
55.08
 21
0.97998
  0
LINE
  8
0
 10
55.08
 20
0.97998
 11
60.12
 21
0.97998
  0
LINE
  8
0
 10
60.12
 20
0.97998
 11
60.12
 21
0.971985
  0
LINE
  8
0
 10
60.12
 20
0.971985
 11
55.08
 21
0.971985
  0
LINE
  8
0
 10
26.28
 20
0.939987
 11
26.28
 21
0.947998
  0
LINE
  8
0
 10
26.28
 20
0.947998
 11
31.32
 21
0.947998
  0
LINE
  8
0
 10
31.32
 20
0.947998
 11
31.32
 21
0.939987
  0
LINE
  8
0
 10
31.32
 20
0.939987
 11
26.28
 21
0.939987
  0
LINE
  8
0
 10
11.88
 20
0.939987
 11
11.88
 21
0.947998
  0
LINE
  8
0
 10
11.88
 20
0.947998
 11
16.92
 21
0.947998
  0
LINE
  8
0
 10
16.92
 20
0.947998
 11
16.92
 21
0.939987
  0
LINE
  8
0
 10
16.92
 20
0.939987
 11
11.88
 21
0.939987
  0
LINE
  8
0
 10
40.68
 20
0.939987
 11
40.68
 21
0.947998
  0
LINE
  8
0
 10
40.68
 20
0.947998
 11
45.72
 21
0.947998
  0
LINE
  8
0
 10
45.72
 20
0.947998
 11
45.72
 21
0.939987
  0
LINE
  8
0
 10
45.72
 20
0.939987
 11
40.68
 21
0.939987
  0
LINE
  8
0
 10
55.08
 20
0.939987
 11
55.08
 21
0.947998
  0
LINE
  8
0
 10
55.08
 20
0.947998
 11
60.12
 21
0.947998
  0
LINE
  8
0
 10
60.12
 20
0.947998
 11
60.12
 21
0.939987
  0
LINE
  8
0
 10
60.12
 20
0.939987
 11
55.08
 21
0.939987
  0
LINE
  8
0
 10
-2.51999
 20
0.939987
 11
-2.51999
 21
0.947998
  0
LINE
  8
0
 10
-2.51999
 20
0.947998
 11
2.51999
 21
0.947998
  0
LINE
  8
0
 10
2.51999
 20
0.947998
 11
2.51999
 21
0.939987
  0
LINE
  8
0
 10
2.51999
 20
0.939987
 11
-2.51999
 21
0.939987
  0
LINE
  8
0
 10
69.48
 20
0.939987
 11
69.48
 21
0.947998
  0
LINE
  8
0
 10
69.48
 20
0.947998
 11
74.52
 21
0.947998
  0
LINE
  8
0
 10
74.52
 20
0.947998
 11
74.52
 21
0.939987
  0
LINE
  8
0
 10
74.52
 20
0.939987
 11
69.48
 21
0.939987
  0
LINE
  8
0
 10
11.88
 20
0.90799
 11
11.88
 21
0.915985
  0
LINE
  8
0
 10
11.88
 20
0.915985
 11
16.92
 21
0.915985
  0
LINE
  8
0
 10
16.92
 20
0.915985
 11
16.92
 21
0.90799
  0
LINE
  8
0
 10
16.92
 20
0.90799
 11
11.88
 21
0.90799
  0
LINE
  8
0
 10
26.28
 20
0.90799
 11
26.28
 21
0.915985
  0
LINE
  8
0
 10
26.28
 20
0.915985
 11
31.32
 21
0.915985
  0
LINE
  8
0
 10
31.32
 20
0.915985
 11
31.32
 21
0.90799
  0
LINE
  8
0
 10
31.32
 20
0.90799
 11
26.28
 21
0.90799
  0
LINE
  8
0
 10
55.08
 20
0.90799
 11
55.08
 21
0.915985
  0
LINE
  8
0
 10
55.08
 20
0.915985
 11
60.12
 21
0.915985
  0
LINE
  8
0
 10
60.12
 20
0.915985
 11
60.12
 21
0.90799
  0
LINE
  8
0
 10
60.12
 20
0.90799
 11
55.08
 21
0.90799
  0
LINE
  8
0
 10
-2.51999
 20
0.90799
 11
-2.51999
 21
0.915985
  0
LINE
  8
0
 10
-2.51999
 20
0.915985
 11
2.51999
 21
0.915985
  0
LINE
  8
0
 10
2.51999
 20
0.915985
 11
2.51999
 21
0.90799
  0
LINE
  8
0
 10
2.51999
 20
0.90799
 11
-2.51999
 21
0.90799
  0
LINE
  8
0
 10
40.68
 20
0.90799
 11
40.68
 21
0.915985
  0
LINE
  8
0
 10
40.68
 20
0.915985
 11
45.72
 21
0.915985
  0
LINE
  8
0
 10
45.72
 20
0.915985
 11
45.72
 21
0.90799
  0
LINE
  8
0
 10
45.72
 20
0.90799
 11
40.68
 21
0.90799
  0
LINE
  8
0
 10
69.48
 20
0.90799
 11
69.48
 21
0.915985
  0
LINE
  8
0
 10
69.48
 20
0.915985
 11
74.52
 21
0.915985
  0
LINE
  8
0
 10
74.52
 20
0.915985
 11
74.52
 21
0.90799
  0
LINE
  8
0
 10
74.52
 20
0.90799
 11
69.48
 21
0.90799
  0
LINE
  8
0
 10
40.68
 20
0.875977
 11
40.68
 21
0.883987
  0
LINE
  8
0
 10
40.68
 20
0.883987
 11
45.72
 21
0.883987
  0
LINE
  8
0
 10
45.72
 20
0.883987
 11
45.72
 21
0.875977
  0
LINE
  8
0
 10
45.72
 20
0.875977
 11
40.68
 21
0.875977
  0
LINE
  8
0
 10
69.48
 20
0.875977
 11
69.48
 21
0.883987
  0
LINE
  8
0
 10
69.48
 20
0.883987
 11
74.52
 21
0.883987
  0
LINE
  8
0
 10
74.52
 20
0.883987
 11
74.52
 21
0.875977
  0
LINE
  8
0
 10
74.52
 20
0.875977
 11
69.48
 21
0.875977
  0
LINE
  8
0
 10
-2.51999
 20
0.875977
 11
-2.51999
 21
0.883987
  0
LINE
  8
0
 10
-2.51999
 20
0.883987
 11
2.51999
 21
0.883987
  0
LINE
  8
0
 10
2.51999
 20
0.883987
 11
2.51999
 21
0.875977
  0
LINE
  8
0
 10
2.51999
 20
0.875977
 11
-2.51999
 21
0.875977
  0
LINE
  8
0
 10
11.88
 20
0.875977
 11
11.88
 21
0.883987
  0
LINE
  8
0
 10
11.88
 20
0.883987
 11
16.92
 21
0.883987
  0
LINE
  8
0
 10
16.92
 20
0.883987
 11
16.92
 21
0.875977
  0
LINE
  8
0
 10
16.92
 20
0.875977
 11
11.88
 21
0.875977
  0
LINE
  8
0
 10
55.08
 20
0.875977
 11
55.08
 21
0.883987
  0
LINE
  8
0
 10
55.08
 20
0.883987
 11
60.12
 21
0.883987
  0
LINE
  8
0
 10
60.12
 20
0.883987
 11
60.12
 21
0.875977
  0
LINE
  8
0
 10
60.12
 20
0.875977
 11
55.08
 21
0.875977
  0
LINE
  8
0
 10
26.28
 20
0.875977
 11
26.28
 21
0.883987
  0
LINE
  8
0
 10
26.28
 20
0.883987
 11
31.32
 21
0.883987
  0
LINE
  8
0
 10
31.32
 20
0.883987
 11
31.32
 21
0.875977
  0
LINE
  8
0
 10
31.32
 20
0.875977
 11
26.28
 21
0.875977
  0
LINE
  8
0
 10
-2.51999
 20
0.843994
 11
-2.51999
 21
0.85199
  0
LINE
  8
0
 10
-2.51999
 20
0.85199
 11
2.51999
 21
0.85199
  0
LINE
  8
0
 10
2.51999
 20
0.85199
 11
2.51999
 21
0.843994
  0
LINE
  8
0
 10
2.51999
 20
0.843994
 11
-2.51999
 21
0.843994
  0
LINE
  8
0
 10
40.68
 20
0.843994
 11
40.68
 21
0.85199
  0
LINE
  8
0
 10
40.68
 20
0.85199
 11
45.72
 21
0.85199
  0
LINE
  8
0
 10
45.72
 20
0.85199
 11
45.72
 21
0.843994
  0
LINE
  8
0
 10
45.72
 20
0.843994
 11
40.68
 21
0.843994
  0
LINE
  8
0
 10
11.88
 20
0.843994
 11
11.88
 21
0.85199
  0
LINE
  8
0
 10
11.88
 20
0.85199
 11
16.92
 21
0.85199
  0
LINE
  8
0
 10
16.92
 20
0.85199
 11
16.92
 21
0.843994
  0
LINE
  8
0
 10
16.92
 20
0.843994
 11
11.88
 21
0.843994
  0
LINE
  8
0
 10
69.48
 20
0.843994
 11
69.48
 21
0.85199
  0
LINE
  8
0
 10
69.48
 20
0.85199
 11
74.52
 21
0.85199
  0
LINE
  8
0
 10
74.52
 20
0.85199
 11
74.52
 21
0.843994
  0
LINE
  8
0
 10
74.52
 20
0.843994
 11
69.48
 21
0.843994
  0
LINE
  8
0
 10
55.08
 20
0.843994
 11
55.08
 21
0.85199
  0
LINE
  8
0
 10
55.08
 20
0.85199
 11
60.12
 21
0.85199
  0
LINE
  8
0
 10
60.12
 20
0.85199
 11
60.12
 21
0.843994
  0
LINE
  8
0
 10
60.12
 20
0.843994
 11
55.08
 21
0.843994
  0
LINE
  8
0
 10
26.28
 20
0.843994
 11
26.28
 21
0.85199
  0
LINE
  8
0
 10
26.28
 20
0.85199
 11
31.32
 21
0.85199
  0
LINE
  8
0
 10
31.32
 20
0.85199
 11
31.32
 21
0.843994
  0
LINE
  8
0
 10
31.32
 20
0.843994
 11
26.28
 21
0.843994
  0
LINE
  8
0
 10
69.48
 20
0.811996
 11
69.48
 21
0.819992
  0
LINE
  8
0
 10
69.48
 20
0.819992
 11
74.52
 21
0.819992
  0
LINE
  8
0
 10
74.52
 20
0.819992
 11
74.52
 21
0.811996
  0
LINE
  8
0
 10
74.52
 20
0.811996
 11
69.48
 21
0.811996
  0
LINE
  8
0
 10
26.28
 20
0.811996
 11
26.28
 21
0.819992
  0
LINE
  8
0
 10
26.28
 20
0.819992
 11
31.32
 21
0.819992
  0
LINE
  8
0
 10
31.32
 20
0.819992
 11
31.32
 21
0.811996
  0
LINE
  8
0
 10
31.32
 20
0.811996
 11
26.28
 21
0.811996
  0
LINE
  8
0
 10
-2.51999
 20
0.811996
 11
-2.51999
 21
0.819992
  0
LINE
  8
0
 10
-2.51999
 20
0.819992
 11
2.51999
 21
0.819992
  0
LINE
  8
0
 10
2.51999
 20
0.819992
 11
2.51999
 21
0.811996
  0
LINE
  8
0
 10
2.51999
 20
0.811996
 11
-2.51999
 21
0.811996
  0
LINE
  8
0
 10
40.68
 20
0.811996
 11
40.68
 21
0.819992
  0
LINE
  8
0
 10
40.68
 20
0.819992
 11
45.72
 21
0.819992
  0
LINE
  8
0
 10
45.72
 20
0.819992
 11
45.72
 21
0.811996
  0
LINE
  8
0
 10
45.72
 20
0.811996
 11
40.68
 21
0.811996
  0
LINE
  8
0
 10
55.08
 20
0.811996
 11
55.08
 21
0.819992
  0
LINE
  8
0
 10
55.08
 20
0.819992
 11
60.12
 21
0.819992
  0
LINE
  8
0
 10
60.12
 20
0.819992
 11
60.12
 21
0.811996
  0
LINE
  8
0
 10
60.12
 20
0.811996
 11
55.08
 21
0.811996
  0
LINE
  8
0
 10
11.88
 20
0.811996
 11
11.88
 21
0.819992
  0
LINE
  8
0
 10
11.88
 20
0.819992
 11
16.92
 21
0.819992
  0
LINE
  8
0
 10
16.92
 20
0.819992
 11
16.92
 21
0.811996
  0
LINE
  8
0
 10
16.92
 20
0.811996
 11
11.88
 21
0.811996
  0
LINE
  8
0
 10
55.08
 20
0.779984
 11
55.08
 21
0.787979
  0
LINE
  8
0
 10
55.08
 20
0.787979
 11
60.12
 21
0.787979
  0
LINE
  8
0
 10
60.12
 20
0.787979
 11
60.12
 21
0.779984
  0
LINE
  8
0
 10
60.12
 20
0.779984
 11
55.08
 21
0.779984
  0
LINE
  8
0
 10
26.28
 20
0.779984
 11
26.28
 21
0.787979
  0
LINE
  8
0
 10
26.28
 20
0.787979
 11
31.32
 21
0.787979
  0
LINE
  8
0
 10
31.32
 20
0.787979
 11
31.32
 21
0.779984
  0
LINE
  8
0
 10
31.32
 20
0.779984
 11
26.28
 21
0.779984
  0
LINE
  8
0
 10
11.88
 20
0.779984
 11
11.88
 21
0.787979
  0
LINE
  8
0
 10
11.88
 20
0.787979
 11
16.92
 21
0.787979
  0
LINE
  8
0
 10
16.92
 20
0.787979
 11
16.92
 21
0.779984
  0
LINE
  8
0
 10
16.92
 20
0.779984
 11
11.88
 21
0.779984
  0
LINE
  8
0
 10
40.68
 20
0.779984
 11
40.68
 21
0.787979
  0
LINE
  8
0
 10
40.68
 20
0.787979
 11
45.72
 21
0.787979
  0
LINE
  8
0
 10
45.72
 20
0.787979
 11
45.72
 21
0.779984
  0
LINE
  8
0
 10
45.72
 20
0.779984
 11
40.68
 21
0.779984
  0
LINE
  8
0
 10
69.48
 20
0.779984
 11
69.48
 21
0.787979
  0
LINE
  8
0
 10
69.48
 20
0.787979
 11
74.52
 21
0.787979
  0
LINE
  8
0
 10
74.52
 20
0.787979
 11
74.52
 21
0.779984
  0
LINE
  8
0
 10
74.52
 20
0.779984
 11
69.48
 21
0.779984
  0
LINE
  8
0
 10
-2.51999
 20
0.779984
 11
-2.51999
 21
0.787979
  0
LINE
  8
0
 10
-2.51999
 20
0.787979
 11
2.51999
 21
0.787979
  0
LINE
  8
0
 10
2.51999
 20
0.787979
 11
2.51999
 21
0.779984
  0
LINE
  8
0
 10
2.51999
 20
0.779984
 11
-2.51999
 21
0.779984
  0
LINE
  8
0
 10
11.88
 20
0.747986
 11
11.88
 21
0.755981
  0
LINE
  8
0
 10
11.88
 20
0.755981
 11
16.92
 21
0.755981
  0
LINE
  8
0
 10
16.92
 20
0.755981
 11
16.92
 21
0.747986
  0
LINE
  8
0
 10
16.92
 20
0.747986
 11
11.88
 21
0.747986
  0
LINE
  8
0
 10
69.48
 20
0.747986
 11
69.48
 21
0.755981
  0
LINE
  8
0
 10
69.48
 20
0.755981
 11
74.52
 21
0.755981
  0
LINE
  8
0
 10
74.52
 20
0.755981
 11
74.52
 21
0.747986
  0
LINE
  8
0
 10
74.52
 20
0.747986
 11
69.48
 21
0.747986
  0
LINE
  8
0
 10
55.08
 20
0.747986
 11
55.08
 21
0.755981
  0
LINE
  8
0
 10
55.08
 20
0.755981
 11
60.12
 21
0.755981
  0
LINE
  8
0
 10
60.12
 20
0.755981
 11
60.12
 21
0.747986
  0
LINE
  8
0
 10
60.12
 20
0.747986
 11
55.08
 21
0.747986
  0
LINE
  8
0
 10
-2.51999
 20
0.747986
 11
-2.51999
 21
0.755981
  0
LINE
  8
0
 10
-2.51999
 20
0.755981
 11
2.51999
 21
0.755981
  0
LINE
  8
0
 10
2.51999
 20
0.755981
 11
2.51999
 21
0.747986
  0
LINE
  8
0
 10
2.51999
 20
0.747986
 11
-2.51999
 21
0.747986
  0
LINE
  8
0
 10
40.68
 20
0.747986
 11
40.68
 21
0.755981
  0
LINE
  8
0
 10
40.68
 20
0.755981
 11
45.72
 21
0.755981
  0
LINE
  8
0
 10
45.72
 20
0.755981
 11
45.72
 21
0.747986
  0
LINE
  8
0
 10
45.72
 20
0.747986
 11
40.68
 21
0.747986
  0
LINE
  8
0
 10
26.28
 20
0.747986
 11
26.28
 21
0.755981
  0
LINE
  8
0
 10
26.28
 20
0.755981
 11
31.32
 21
0.755981
  0
LINE
  8
0
 10
31.32
 20
0.755981
 11
31.32
 21
0.747986
  0
LINE
  8
0
 10
31.32
 20
0.747986
 11
26.28
 21
0.747986
  0
LINE
  8
0
 10
11.88
 20
0.715988
 11
11.88
 21
0.723999
  0
LINE
  8
0
 10
11.88
 20
0.723999
 11
16.92
 21
0.723999
  0
LINE
  8
0
 10
16.92
 20
0.723999
 11
16.92
 21
0.715988
  0
LINE
  8
0
 10
16.92
 20
0.715988
 11
11.88
 21
0.715988
  0
LINE
  8
0
 10
26.28
 20
0.715988
 11
26.28
 21
0.723999
  0
LINE
  8
0
 10
26.28
 20
0.723999
 11
31.32
 21
0.723999
  0
LINE
  8
0
 10
31.32
 20
0.723999
 11
31.32
 21
0.715988
  0
LINE
  8
0
 10
31.32
 20
0.715988
 11
26.28
 21
0.715988
  0
LINE
  8
0
 10
69.48
 20
0.715988
 11
69.48
 21
0.723999
  0
LINE
  8
0
 10
69.48
 20
0.723999
 11
74.52
 21
0.723999
  0
LINE
  8
0
 10
74.52
 20
0.723999
 11
74.52
 21
0.715988
  0
LINE
  8
0
 10
74.52
 20
0.715988
 11
69.48
 21
0.715988
  0
LINE
  8
0
 10
40.68
 20
0.715988
 11
40.68
 21
0.723999
  0
LINE
  8
0
 10
40.68
 20
0.723999
 11
45.72
 21
0.723999
  0
LINE
  8
0
 10
45.72
 20
0.723999
 11
45.72
 21
0.715988
  0
LINE
  8
0
 10
45.72
 20
0.715988
 11
40.68
 21
0.715988
  0
LINE
  8
0
 10
-2.51999
 20
0.715988
 11
-2.51999
 21
0.723999
  0
LINE
  8
0
 10
-2.51999
 20
0.723999
 11
2.51999
 21
0.723999
  0
LINE
  8
0
 10
2.51999
 20
0.723999
 11
2.51999
 21
0.715988
  0
LINE
  8
0
 10
2.51999
 20
0.715988
 11
-2.51999
 21
0.715988
  0
LINE
  8
0
 10
55.08
 20
0.715988
 11
55.08
 21
0.723999
  0
LINE
  8
0
 10
55.08
 20
0.723999
 11
60.12
 21
0.723999
  0
LINE
  8
0
 10
60.12
 20
0.723999
 11
60.12
 21
0.715988
  0
LINE
  8
0
 10
60.12
 20
0.715988
 11
55.08
 21
0.715988
  0
LINE
  8
0
 10
55.08
 20
0.68399
 11
55.08
 21
0.691986
  0
LINE
  8
0
 10
55.08
 20
0.691986
 11
60.12
 21
0.691986
  0
LINE
  8
0
 10
60.12
 20
0.691986
 11
60.12
 21
0.68399
  0
LINE
  8
0
 10
60.12
 20
0.68399
 11
55.08
 21
0.68399
  0
LINE
  8
0
 10
26.28
 20
0.68399
 11
26.28
 21
0.691986
  0
LINE
  8
0
 10
26.28
 20
0.691986
 11
31.32
 21
0.691986
  0
LINE
  8
0
 10
31.32
 20
0.691986
 11
31.32
 21
0.68399
  0
LINE
  8
0
 10
31.32
 20
0.68399
 11
26.28
 21
0.68399
  0
LINE
  8
0
 10
11.88
 20
0.68399
 11
11.88
 21
0.691986
  0
LINE
  8
0
 10
11.88
 20
0.691986
 11
16.92
 21
0.691986
  0
LINE
  8
0
 10
16.92
 20
0.691986
 11
16.92
 21
0.68399
  0
LINE
  8
0
 10
16.92
 20
0.68399
 11
11.88
 21
0.68399
  0
LINE
  8
0
 10
69.48
 20
0.68399
 11
69.48
 21
0.691986
  0
LINE
  8
0
 10
69.48
 20
0.691986
 11
74.52
 21
0.691986
  0
LINE
  8
0
 10
74.52
 20
0.691986
 11
74.52
 21
0.68399
  0
LINE
  8
0
 10
74.52
 20
0.68399
 11
69.48
 21
0.68399
  0
LINE
  8
0
 10
-2.51999
 20
0.68399
 11
-2.51999
 21
0.691986
  0
LINE
  8
0
 10
-2.51999
 20
0.691986
 11
2.51999
 21
0.691986
  0
LINE
  8
0
 10
2.51999
 20
0.691986
 11
2.51999
 21
0.68399
  0
LINE
  8
0
 10
2.51999
 20
0.68399
 11
-2.51999
 21
0.68399
  0
LINE
  8
0
 10
40.68
 20
0.68399
 11
40.68
 21
0.691986
  0
LINE
  8
0
 10
40.68
 20
0.691986
 11
45.72
 21
0.691986
  0
LINE
  8
0
 10
45.72
 20
0.691986
 11
45.72
 21
0.68399
  0
LINE
  8
0
 10
45.72
 20
0.68399
 11
40.68
 21
0.68399
  0
LINE
  8
0
 10
69.48
 20
0.651978
 11
69.48
 21
0.659988
  0
LINE
  8
0
 10
69.48
 20
0.659988
 11
74.52
 21
0.659988
  0
LINE
  8
0
 10
74.52
 20
0.659988
 11
74.52
 21
0.651978
  0
LINE
  8
0
 10
74.52
 20
0.651978
 11
69.48
 21
0.651978
  0
LINE
  8
0
 10
-2.51999
 20
0.651978
 11
-2.51999
 21
0.659988
  0
LINE
  8
0
 10
-2.51999
 20
0.659988
 11
2.51999
 21
0.659988
  0
LINE
  8
0
 10
2.51999
 20
0.659988
 11
2.51999
 21
0.651978
  0
LINE
  8
0
 10
2.51999
 20
0.651978
 11
-2.51999
 21
0.651978
  0
LINE
  8
0
 10
55.08
 20
0.651978
 11
55.08
 21
0.659988
  0
LINE
  8
0
 10
55.08
 20
0.659988
 11
60.12
 21
0.659988
  0
LINE
  8
0
 10
60.12
 20
0.659988
 11
60.12
 21
0.651978
  0
LINE
  8
0
 10
60.12
 20
0.651978
 11
55.08
 21
0.651978
  0
LINE
  8
0
 10
11.88
 20
0.651978
 11
11.88
 21
0.659988
  0
LINE
  8
0
 10
11.88
 20
0.659988
 11
16.92
 21
0.659988
  0
LINE
  8
0
 10
16.92
 20
0.659988
 11
16.92
 21
0.651978
  0
LINE
  8
0
 10
16.92
 20
0.651978
 11
11.88
 21
0.651978
  0
LINE
  8
0
 10
26.28
 20
0.651978
 11
26.28
 21
0.659988
  0
LINE
  8
0
 10
26.28
 20
0.659988
 11
31.32
 21
0.659988
  0
LINE
  8
0
 10
31.32
 20
0.659988
 11
31.32
 21
0.651978
  0
LINE
  8
0
 10
31.32
 20
0.651978
 11
26.28
 21
0.651978
  0
LINE
  8
0
 10
40.68
 20
0.651978
 11
40.68
 21
0.659988
  0
LINE
  8
0
 10
40.68
 20
0.659988
 11
45.72
 21
0.659988
  0
LINE
  8
0
 10
45.72
 20
0.659988
 11
45.72
 21
0.651978
  0
LINE
  8
0
 10
45.72
 20
0.651978
 11
40.68
 21
0.651978
  0
LINE
  8
0
 10
69.48
 20
0.619995
 11
69.48
 21
0.627991
  0
LINE
  8
0
 10
69.48
 20
0.627991
 11
74.52
 21
0.627991
  0
LINE
  8
0
 10
74.52
 20
0.627991
 11
74.52
 21
0.619995
  0
LINE
  8
0
 10
74.52
 20
0.619995
 11
69.48
 21
0.619995
  0
LINE
  8
0
 10
55.08
 20
0.619995
 11
55.08
 21
0.627991
  0
LINE
  8
0
 10
55.08
 20
0.627991
 11
60.12
 21
0.627991
  0
LINE
  8
0
 10
60.12
 20
0.627991
 11
60.12
 21
0.619995
  0
LINE
  8
0
 10
60.12
 20
0.619995
 11
55.08
 21
0.619995
  0
LINE
  8
0
 10
40.68
 20
0.619995
 11
40.68
 21
0.627991
  0
LINE
  8
0
 10
40.68
 20
0.627991
 11
45.72
 21
0.627991
  0
LINE
  8
0
 10
45.72
 20
0.627991
 11
45.72
 21
0.619995
  0
LINE
  8
0
 10
45.72
 20
0.619995
 11
40.68
 21
0.619995
  0
LINE
  8
0
 10
-2.51999
 20
0.619995
 11
-2.51999
 21
0.627991
  0
LINE
  8
0
 10
-2.51999
 20
0.627991
 11
2.51999
 21
0.627991
  0
LINE
  8
0
 10
2.51999
 20
0.627991
 11
2.51999
 21
0.619995
  0
LINE
  8
0
 10
2.51999
 20
0.619995
 11
-2.51999
 21
0.619995
  0
LINE
  8
0
 10
26.28
 20
0.619995
 11
26.28
 21
0.627991
  0
LINE
  8
0
 10
26.28
 20
0.627991
 11
31.32
 21
0.627991
  0
LINE
  8
0
 10
31.32
 20
0.627991
 11
31.32
 21
0.619995
  0
LINE
  8
0
 10
31.32
 20
0.619995
 11
26.28
 21
0.619995
  0
LINE
  8
0
 10
11.88
 20
0.619995
 11
11.88
 21
0.627991
  0
LINE
  8
0
 10
11.88
 20
0.627991
 11
16.92
 21
0.627991
  0
LINE
  8
0
 10
16.92
 20
0.627991
 11
16.92
 21
0.619995
  0
LINE
  8
0
 10
16.92
 20
0.619995
 11
11.88
 21
0.619995
  0
LINE
  8
0
 10
69.48
 20
0.587982
 11
69.48
 21
0.595993
  0
LINE
  8
0
 10
69.48
 20
0.595993
 11
74.52
 21
0.595993
  0
LINE
  8
0
 10
74.52
 20
0.595993
 11
74.52
 21
0.587982
  0
LINE
  8
0
 10
74.52
 20
0.587982
 11
69.48
 21
0.587982
  0
LINE
  8
0
 10
11.88
 20
0.587982
 11
11.88
 21
0.595993
  0
LINE
  8
0
 10
11.88
 20
0.595993
 11
16.92
 21
0.595993
  0
LINE
  8
0
 10
16.92
 20
0.595993
 11
16.92
 21
0.587982
  0
LINE
  8
0
 10
16.92
 20
0.587982
 11
11.88
 21
0.587982
  0
LINE
  8
0
 10
26.28
 20
0.587982
 11
26.28
 21
0.595993
  0
LINE
  8
0
 10
26.28
 20
0.595993
 11
31.32
 21
0.595993
  0
LINE
  8
0
 10
31.32
 20
0.595993
 11
31.32
 21
0.587982
  0
LINE
  8
0
 10
31.32
 20
0.587982
 11
26.28
 21
0.587982
  0
LINE
  8
0
 10
-2.51999
 20
0.587982
 11
-2.51999
 21
0.595993
  0
LINE
  8
0
 10
-2.51999
 20
0.595993
 11
2.51999
 21
0.595993
  0
LINE
  8
0
 10
2.51999
 20
0.595993
 11
2.51999
 21
0.587982
  0
LINE
  8
0
 10
2.51999
 20
0.587982
 11
-2.51999
 21
0.587982
  0
LINE
  8
0
 10
55.08
 20
0.587982
 11
55.08
 21
0.595993
  0
LINE
  8
0
 10
55.08
 20
0.595993
 11
60.12
 21
0.595993
  0
LINE
  8
0
 10
60.12
 20
0.595993
 11
60.12
 21
0.587982
  0
LINE
  8
0
 10
60.12
 20
0.587982
 11
55.08
 21
0.587982
  0
LINE
  8
0
 10
40.68
 20
0.587982
 11
40.68
 21
0.595993
  0
LINE
  8
0
 10
40.68
 20
0.595993
 11
45.72
 21
0.595993
  0
LINE
  8
0
 10
45.72
 20
0.595993
 11
45.72
 21
0.587982
  0
LINE
  8
0
 10
45.72
 20
0.587982
 11
40.68
 21
0.587982
  0
LINE
  8
0
 10
11.88
 20
0.555984
 11
11.88
 21
0.56398
  0
LINE
  8
0
 10
11.88
 20
0.56398
 11
16.92
 21
0.56398
  0
LINE
  8
0
 10
16.92
 20
0.56398
 11
16.92
 21
0.555984
  0
LINE
  8
0
 10
16.92
 20
0.555984
 11
11.88
 21
0.555984
  0
LINE
  8
0
 10
69.48
 20
0.555984
 11
69.48
 21
0.56398
  0
LINE
  8
0
 10
69.48
 20
0.56398
 11
74.52
 21
0.56398
  0
LINE
  8
0
 10
74.52
 20
0.56398
 11
74.52
 21
0.555984
  0
LINE
  8
0
 10
74.52
 20
0.555984
 11
69.48
 21
0.555984
  0
LINE
  8
0
 10
40.68
 20
0.555984
 11
40.68
 21
0.56398
  0
LINE
  8
0
 10
40.68
 20
0.56398
 11
45.72
 21
0.56398
  0
LINE
  8
0
 10
45.72
 20
0.56398
 11
45.72
 21
0.555984
  0
LINE
  8
0
 10
45.72
 20
0.555984
 11
40.68
 21
0.555984
  0
LINE
  8
0
 10
-2.51999
 20
0.555984
 11
-2.51999
 21
0.56398
  0
LINE
  8
0
 10
-2.51999
 20
0.56398
 11
2.51999
 21
0.56398
  0
LINE
  8
0
 10
2.51999
 20
0.56398
 11
2.51999
 21
0.555984
  0
LINE
  8
0
 10
2.51999
 20
0.555984
 11
-2.51999
 21
0.555984
  0
LINE
  8
0
 10
26.28
 20
0.555984
 11
26.28
 21
0.56398
  0
LINE
  8
0
 10
26.28
 20
0.56398
 11
31.32
 21
0.56398
  0
LINE
  8
0
 10
31.32
 20
0.56398
 11
31.32
 21
0.555984
  0
LINE
  8
0
 10
31.32
 20
0.555984
 11
26.28
 21
0.555984
  0
LINE
  8
0
 10
55.08
 20
0.555984
 11
55.08
 21
0.56398
  0
LINE
  8
0
 10
55.08
 20
0.56398
 11
60.12
 21
0.56398
  0
LINE
  8
0
 10
60.12
 20
0.56398
 11
60.12
 21
0.555984
  0
LINE
  8
0
 10
60.12
 20
0.555984
 11
55.08
 21
0.555984
  0
LINE
  8
0
 10
11.88
 20
0.523987
 11
11.88
 21
0.531982
  0
LINE
  8
0
 10
11.88
 20
0.531982
 11
16.92
 21
0.531982
  0
LINE
  8
0
 10
16.92
 20
0.531982
 11
16.92
 21
0.523987
  0
LINE
  8
0
 10
16.92
 20
0.523987
 11
11.88
 21
0.523987
  0
LINE
  8
0
 10
69.48
 20
0.523987
 11
69.48
 21
0.531982
  0
LINE
  8
0
 10
69.48
 20
0.531982
 11
74.52
 21
0.531982
  0
LINE
  8
0
 10
74.52
 20
0.531982
 11
74.52
 21
0.523987
  0
LINE
  8
0
 10
74.52
 20
0.523987
 11
69.48
 21
0.523987
  0
LINE
  8
0
 10
-2.51999
 20
0.523987
 11
-2.51999
 21
0.531982
  0
LINE
  8
0
 10
-2.51999
 20
0.531982
 11
2.51999
 21
0.531982
  0
LINE
  8
0
 10
2.51999
 20
0.531982
 11
2.51999
 21
0.523987
  0
LINE
  8
0
 10
2.51999
 20
0.523987
 11
-2.51999
 21
0.523987
  0
LINE
  8
0
 10
40.68
 20
0.523987
 11
40.68
 21
0.531982
  0
LINE
  8
0
 10
40.68
 20
0.531982
 11
45.72
 21
0.531982
  0
LINE
  8
0
 10
45.72
 20
0.531982
 11
45.72
 21
0.523987
  0
LINE
  8
0
 10
45.72
 20
0.523987
 11
40.68
 21
0.523987
  0
LINE
  8
0
 10
26.28
 20
0.523987
 11
26.28
 21
0.531982
  0
LINE
  8
0
 10
26.28
 20
0.531982
 11
31.32
 21
0.531982
  0
LINE
  8
0
 10
31.32
 20
0.531982
 11
31.32
 21
0.523987
  0
LINE
  8
0
 10
31.32
 20
0.523987
 11
26.28
 21
0.523987
  0
LINE
  8
0
 10
55.08
 20
0.523987
 11
55.08
 21
0.531982
  0
LINE
  8
0
 10
55.08
 20
0.531982
 11
60.12
 21
0.531982
  0
LINE
  8
0
 10
60.12
 20
0.531982
 11
60.12
 21
0.523987
  0
LINE
  8
0
 10
60.12
 20
0.523987
 11
55.08
 21
0.523987
  0
LINE
  8
0
 10
26.28
 20
0.491989
 11
26.28
 21
0.5
  0
LINE
  8
0
 10
26.28
 20
0.5
 11
31.32
 21
0.5
  0
LINE
  8
0
 10
31.32
 20
0.5
 11
31.32
 21
0.491989
  0
LINE
  8
0
 10
31.32
 20
0.491989
 11
26.28
 21
0.491989
  0
LINE
  8
0
 10
-2.51999
 20
0.491989
 11
-2.51999
 21
0.5
  0
LINE
  8
0
 10
-2.51999
 20
0.5
 11
2.51999
 21
0.5
  0
LINE
  8
0
 10
2.51999
 20
0.5
 11
2.51999
 21
0.491989
  0
LINE
  8
0
 10
2.51999
 20
0.491989
 11
-2.51999
 21
0.491989
  0
LINE
  8
0
 10
69.48
 20
0.491989
 11
69.48
 21
0.5
  0
LINE
  8
0
 10
69.48
 20
0.5
 11
74.52
 21
0.5
  0
LINE
  8
0
 10
74.52
 20
0.5
 11
74.52
 21
0.491989
  0
LINE
  8
0
 10
74.52
 20
0.491989
 11
69.48
 21
0.491989
  0
LINE
  8
0
 10
55.08
 20
0.491989
 11
55.08
 21
0.5
  0
LINE
  8
0
 10
55.08
 20
0.5
 11
60.12
 21
0.5
  0
LINE
  8
0
 10
60.12
 20
0.5
 11
60.12
 21
0.491989
  0
LINE
  8
0
 10
60.12
 20
0.491989
 11
55.08
 21
0.491989
  0
LINE
  8
0
 10
40.68
 20
0.491989
 11
40.68
 21
0.5
  0
LINE
  8
0
 10
40.68
 20
0.5
 11
45.72
 21
0.5
  0
LINE
  8
0
 10
45.72
 20
0.5
 11
45.72
 21
0.491989
  0
LINE
  8
0
 10
45.72
 20
0.491989
 11
40.68
 21
0.491989
  0
LINE
  8
0
 10
11.88
 20
0.491989
 11
11.88
 21
0.5
  0
LINE
  8
0
 10
11.88
 20
0.5
 11
16.92
 21
0.5
  0
LINE
  8
0
 10
16.92
 20
0.5
 11
16.92
 21
0.491989
  0
LINE
  8
0
 10
16.92
 20
0.491989
 11
11.88
 21
0.491989
  0
LINE
  8
0
 10
69.48
 20
0.459991
 11
69.48
 21
0.467987
  0
LINE
  8
0
 10
69.48
 20
0.467987
 11
74.52
 21
0.467987
  0
LINE
  8
0
 10
74.52
 20
0.467987
 11
74.52
 21
0.459991
  0
LINE
  8
0
 10
74.52
 20
0.459991
 11
69.48
 21
0.459991
  0
LINE
  8
0
 10
11.88
 20
0.459991
 11
11.88
 21
0.467987
  0
LINE
  8
0
 10
11.88
 20
0.467987
 11
16.92
 21
0.467987
  0
LINE
  8
0
 10
16.92
 20
0.467987
 11
16.92
 21
0.459991
  0
LINE
  8
0
 10
16.92
 20
0.459991
 11
11.88
 21
0.459991
  0
LINE
  8
0
 10
40.68
 20
0.459991
 11
40.68
 21
0.467987
  0
LINE
  8
0
 10
40.68
 20
0.467987
 11
45.72
 21
0.467987
  0
LINE
  8
0
 10
45.72
 20
0.467987
 11
45.72
 21
0.459991
  0
LINE
  8
0
 10
45.72
 20
0.459991
 11
40.68
 21
0.459991
  0
LINE
  8
0
 10
26.28
 20
0.459991
 11
26.28
 21
0.467987
  0
LINE
  8
0
 10
26.28
 20
0.467987
 11
31.32
 21
0.467987
  0
LINE
  8
0
 10
31.32
 20
0.467987
 11
31.32
 21
0.459991
  0
LINE
  8
0
 10
31.32
 20
0.459991
 11
26.28
 21
0.459991
  0
LINE
  8
0
 10
55.08
 20
0.459991
 11
55.08
 21
0.467987
  0
LINE
  8
0
 10
55.08
 20
0.467987
 11
60.12
 21
0.467987
  0
LINE
  8
0
 10
60.12
 20
0.467987
 11
60.12
 21
0.459991
  0
LINE
  8
0
 10
60.12
 20
0.459991
 11
55.08
 21
0.459991
  0
LINE
  8
0
 10
-2.51999
 20
0.459991
 11
-2.51999
 21
0.467987
  0
LINE
  8
0
 10
-2.51999
 20
0.467987
 11
2.51999
 21
0.467987
  0
LINE
  8
0
 10
2.51999
 20
0.467987
 11
2.51999
 21
0.459991
  0
LINE
  8
0
 10
2.51999
 20
0.459991
 11
-2.51999
 21
0.459991
  0
LINE
  8
0
 10
-2.51999
 20
0.427979
 11
-2.51999
 21
0.435989
  0
LINE
  8
0
 10
-2.51999
 20
0.435989
 11
2.51999
 21
0.435989
  0
LINE
  8
0
 10
2.51999
 20
0.435989
 11
2.51999
 21
0.427979
  0
LINE
  8
0
 10
2.51999
 20
0.427979
 11
-2.51999
 21
0.427979
  0
LINE
  8
0
 10
26.28
 20
0.427979
 11
26.28
 21
0.435989
  0
LINE
  8
0
 10
26.28
 20
0.435989
 11
31.32
 21
0.435989
  0
LINE
  8
0
 10
31.32
 20
0.435989
 11
31.32
 21
0.427979
  0
LINE
  8
0
 10
31.32
 20
0.427979
 11
26.28
 21
0.427979
  0
LINE
  8
0
 10
11.88
 20
0.427979
 11
11.88
 21
0.435989
  0
LINE
  8
0
 10
11.88
 20
0.435989
 11
16.92
 21
0.435989
  0
LINE
  8
0
 10
16.92
 20
0.435989
 11
16.92
 21
0.427979
  0
LINE
  8
0
 10
16.92
 20
0.427979
 11
11.88
 21
0.427979
  0
LINE
  8
0
 10
69.48
 20
0.427979
 11
69.48
 21
0.435989
  0
LINE
  8
0
 10
69.48
 20
0.435989
 11
74.52
 21
0.435989
  0
LINE
  8
0
 10
74.52
 20
0.435989
 11
74.52
 21
0.427979
  0
LINE
  8
0
 10
74.52
 20
0.427979
 11
69.48
 21
0.427979
  0
LINE
  8
0
 10
55.08
 20
0.427979
 11
55.08
 21
0.435989
  0
LINE
  8
0
 10
55.08
 20
0.435989
 11
60.12
 21
0.435989
  0
LINE
  8
0
 10
60.12
 20
0.435989
 11
60.12
 21
0.427979
  0
LINE
  8
0
 10
60.12
 20
0.427979
 11
55.08
 21
0.427979
  0
LINE
  8
0
 10
40.68
 20
0.427979
 11
40.68
 21
0.435989
  0
LINE
  8
0
 10
40.68
 20
0.435989
 11
45.72
 21
0.435989
  0
LINE
  8
0
 10
45.72
 20
0.435989
 11
45.72
 21
0.427979
  0
LINE
  8
0
 10
45.72
 20
0.427979
 11
40.68
 21
0.427979
  0
LINE
  8
0
 10
26.28
 20
0.395996
 11
26.28
 21
0.403992
  0
LINE
  8
0
 10
26.28
 20
0.403992
 11
31.32
 21
0.403992
  0
LINE
  8
0
 10
31.32
 20
0.403992
 11
31.32
 21
0.395996
  0
LINE
  8
0
 10
31.32
 20
0.395996
 11
26.28
 21
0.395996
  0
LINE
  8
0
 10
55.08
 20
0.395996
 11
55.08
 21
0.403992
  0
LINE
  8
0
 10
55.08
 20
0.403992
 11
60.12
 21
0.403992
  0
LINE
  8
0
 10
60.12
 20
0.403992
 11
60.12
 21
0.395996
  0
LINE
  8
0
 10
60.12
 20
0.395996
 11
55.08
 21
0.395996
  0
LINE
  8
0
 10
69.48
 20
0.395996
 11
69.48
 21
0.403992
  0
LINE
  8
0
 10
69.48
 20
0.403992
 11
74.52
 21
0.403992
  0
LINE
  8
0
 10
74.52
 20
0.403992
 11
74.52
 21
0.395996
  0
LINE
  8
0
 10
74.52
 20
0.395996
 11
69.48
 21
0.395996
  0
LINE
  8
0
 10
11.88
 20
0.395996
 11
11.88
 21
0.403992
  0
LINE
  8
0
 10
11.88
 20
0.403992
 11
16.92
 21
0.403992
  0
LINE
  8
0
 10
16.92
 20
0.403992
 11
16.92
 21
0.395996
  0
LINE
  8
0
 10
16.92
 20
0.395996
 11
11.88
 21
0.395996
  0
LINE
  8
0
 10
-2.51999
 20
0.395996
 11
-2.51999
 21
0.403992
  0
LINE
  8
0
 10
-2.51999
 20
0.403992
 11
2.51999
 21
0.403992
  0
LINE
  8
0
 10
2.51999
 20
0.403992
 11
2.51999
 21
0.395996
  0
LINE
  8
0
 10
2.51999
 20
0.395996
 11
-2.51999
 21
0.395996
  0
LINE
  8
0
 10
40.68
 20
0.395996
 11
40.68
 21
0.403992
  0
LINE
  8
0
 10
40.68
 20
0.403992
 11
45.72
 21
0.403992
  0
LINE
  8
0
 10
45.72
 20
0.403992
 11
45.72
 21
0.395996
  0
LINE
  8
0
 10
45.72
 20
0.395996
 11
40.68
 21
0.395996
  0
LINE
  8
0
 10
-2.51999
 20
0.363983
 11
-2.51999
 21
0.371994
  0
LINE
  8
0
 10
-2.51999
 20
0.371994
 11
2.51999
 21
0.371994
  0
LINE
  8
0
 10
2.51999
 20
0.371994
 11
2.51999
 21
0.363983
  0
LINE
  8
0
 10
2.51999
 20
0.363983
 11
-2.51999
 21
0.363983
  0
LINE
  8
0
 10
69.48
 20
0.363983
 11
69.48
 21
0.371994
  0
LINE
  8
0
 10
69.48
 20
0.371994
 11
74.52
 21
0.371994
  0
LINE
  8
0
 10
74.52
 20
0.371994
 11
74.52
 21
0.363983
  0
LINE
  8
0
 10
74.52
 20
0.363983
 11
69.48
 21
0.363983
  0
LINE
  8
0
 10
11.88
 20
0.363983
 11
11.88
 21
0.371994
  0
LINE
  8
0
 10
11.88
 20
0.371994
 11
16.92
 21
0.371994
  0
LINE
  8
0
 10
16.92
 20
0.371994
 11
16.92
 21
0.363983
  0
LINE
  8
0
 10
16.92
 20
0.363983
 11
11.88
 21
0.363983
  0
LINE
  8
0
 10
55.08
 20
0.363983
 11
55.08
 21
0.371994
  0
LINE
  8
0
 10
55.08
 20
0.371994
 11
60.12
 21
0.371994
  0
LINE
  8
0
 10
60.12
 20
0.371994
 11
60.12
 21
0.363983
  0
LINE
  8
0
 10
60.12
 20
0.363983
 11
55.08
 21
0.363983
  0
LINE
  8
0
 10
26.28
 20
0.363983
 11
26.28
 21
0.371994
  0
LINE
  8
0
 10
26.28
 20
0.371994
 11
31.32
 21
0.371994
  0
LINE
  8
0
 10
31.32
 20
0.371994
 11
31.32
 21
0.363983
  0
LINE
  8
0
 10
31.32
 20
0.363983
 11
26.28
 21
0.363983
  0
LINE
  8
0
 10
40.68
 20
0.363983
 11
40.68
 21
0.371994
  0
LINE
  8
0
 10
40.68
 20
0.371994
 11
45.72
 21
0.371994
  0
LINE
  8
0
 10
45.72
 20
0.371994
 11
45.72
 21
0.363983
  0
LINE
  8
0
 10
45.72
 20
0.363983
 11
40.68
 21
0.363983
  0
LINE
  8
0
 10
40.68
 20
0.331985
 11
40.68
 21
0.339981
  0
LINE
  8
0
 10
40.68
 20
0.339981
 11
45.72
 21
0.339981
  0
LINE
  8
0
 10
45.72
 20
0.339981
 11
45.72
 21
0.331985
  0
LINE
  8
0
 10
45.72
 20
0.331985
 11
40.68
 21
0.331985
  0
LINE
  8
0
 10
69.48
 20
0.331985
 11
69.48
 21
0.339981
  0
LINE
  8
0
 10
69.48
 20
0.339981
 11
74.52
 21
0.339981
  0
LINE
  8
0
 10
74.52
 20
0.339981
 11
74.52
 21
0.331985
  0
LINE
  8
0
 10
74.52
 20
0.331985
 11
69.48
 21
0.331985
  0
LINE
  8
0
 10
26.28
 20
0.331985
 11
26.28
 21
0.339981
  0
LINE
  8
0
 10
26.28
 20
0.339981
 11
31.32
 21
0.339981
  0
LINE
  8
0
 10
31.32
 20
0.339981
 11
31.32
 21
0.331985
  0
LINE
  8
0
 10
31.32
 20
0.331985
 11
26.28
 21
0.331985
  0
LINE
  8
0
 10
-2.51999
 20
0.331985
 11
-2.51999
 21
0.339981
  0
LINE
  8
0
 10
-2.51999
 20
0.339981
 11
2.51999
 21
0.339981
  0
LINE
  8
0
 10
2.51999
 20
0.339981
 11
2.51999
 21
0.331985
  0
LINE
  8
0
 10
2.51999
 20
0.331985
 11
-2.51999
 21
0.331985
  0
LINE
  8
0
 10
55.08
 20
0.331985
 11
55.08
 21
0.339981
  0
LINE
  8
0
 10
55.08
 20
0.339981
 11
60.12
 21
0.339981
  0
LINE
  8
0
 10
60.12
 20
0.339981
 11
60.12
 21
0.331985
  0
LINE
  8
0
 10
60.12
 20
0.331985
 11
55.08
 21
0.331985
  0
LINE
  8
0
 10
11.88
 20
0.331985
 11
11.88
 21
0.339981
  0
LINE
  8
0
 10
11.88
 20
0.339981
 11
16.92
 21
0.339981
  0
LINE
  8
0
 10
16.92
 20
0.339981
 11
16.92
 21
0.331985
  0
LINE
  8
0
 10
16.92
 20
0.331985
 11
11.88
 21
0.331985
  0
LINE
  8
0
 10
11.88
 20
0.299988
 11
11.88
 21
0.307983
  0
LINE
  8
0
 10
11.88
 20
0.307983
 11
16.92
 21
0.307983
  0
LINE
  8
0
 10
16.92
 20
0.307983
 11
16.92
 21
0.299988
  0
LINE
  8
0
 10
16.92
 20
0.299988
 11
11.88
 21
0.299988
  0
LINE
  8
0
 10
26.28
 20
0.299988
 11
26.28
 21
0.307983
  0
LINE
  8
0
 10
26.28
 20
0.307983
 11
31.32
 21
0.307983
  0
LINE
  8
0
 10
31.32
 20
0.307983
 11
31.32
 21
0.299988
  0
LINE
  8
0
 10
31.32
 20
0.299988
 11
26.28
 21
0.299988
  0
LINE
  8
0
 10
-2.51999
 20
0.299988
 11
-2.51999
 21
0.307983
  0
LINE
  8
0
 10
-2.51999
 20
0.307983
 11
2.51999
 21
0.307983
  0
LINE
  8
0
 10
2.51999
 20
0.307983
 11
2.51999
 21
0.299988
  0
LINE
  8
0
 10
2.51999
 20
0.299988
 11
-2.51999
 21
0.299988
  0
LINE
  8
0
 10
69.48
 20
0.299988
 11
69.48
 21
0.307983
  0
LINE
  8
0
 10
69.48
 20
0.307983
 11
74.52
 21
0.307983
  0
LINE
  8
0
 10
74.52
 20
0.307983
 11
74.52
 21
0.299988
  0
LINE
  8
0
 10
74.52
 20
0.299988
 11
69.48
 21
0.299988
  0
LINE
  8
0
 10
40.68
 20
0.299988
 11
40.68
 21
0.307983
  0
LINE
  8
0
 10
40.68
 20
0.307983
 11
45.72
 21
0.307983
  0
LINE
  8
0
 10
45.72
 20
0.307983
 11
45.72
 21
0.299988
  0
LINE
  8
0
 10
45.72
 20
0.299988
 11
40.68
 21
0.299988
  0
LINE
  8
0
 10
55.08
 20
0.299988
 11
55.08
 21
0.307983
  0
LINE
  8
0
 10
55.08
 20
0.307983
 11
60.12
 21
0.307983
  0
LINE
  8
0
 10
60.12
 20
0.307983
 11
60.12
 21
0.299988
  0
LINE
  8
0
 10
60.12
 20
0.299988
 11
55.08
 21
0.299988
  0
LINE
  8
0
 10
26.28
 20
0.26799
 11
26.28
 21
0.275986
  0
LINE
  8
0
 10
26.28
 20
0.275986
 11
31.32
 21
0.275986
  0
LINE
  8
0
 10
31.32
 20
0.275986
 11
31.32
 21
0.26799
  0
LINE
  8
0
 10
31.32
 20
0.26799
 11
26.28
 21
0.26799
  0
LINE
  8
0
 10
69.48
 20
0.26799
 11
69.48
 21
0.275986
  0
LINE
  8
0
 10
69.48
 20
0.275986
 11
74.52
 21
0.275986
  0
LINE
  8
0
 10
74.52
 20
0.275986
 11
74.52
 21
0.26799
  0
LINE
  8
0
 10
74.52
 20
0.26799
 11
69.48
 21
0.26799
  0
LINE
  8
0
 10
55.08
 20
0.26799
 11
55.08
 21
0.275986
  0
LINE
  8
0
 10
55.08
 20
0.275986
 11
60.12
 21
0.275986
  0
LINE
  8
0
 10
60.12
 20
0.275986
 11
60.12
 21
0.26799
  0
LINE
  8
0
 10
60.12
 20
0.26799
 11
55.08
 21
0.26799
  0
LINE
  8
0
 10
-2.51999
 20
0.26799
 11
-2.51999
 21
0.275986
  0
LINE
  8
0
 10
-2.51999
 20
0.275986
 11
2.51999
 21
0.275986
  0
LINE
  8
0
 10
2.51999
 20
0.275986
 11
2.51999
 21
0.26799
  0
LINE
  8
0
 10
2.51999
 20
0.26799
 11
-2.51999
 21
0.26799
  0
LINE
  8
0
 10
11.88
 20
0.26799
 11
11.88
 21
0.275986
  0
LINE
  8
0
 10
11.88
 20
0.275986
 11
16.92
 21
0.275986
  0
LINE
  8
0
 10
16.92
 20
0.275986
 11
16.92
 21
0.26799
  0
LINE
  8
0
 10
16.92
 20
0.26799
 11
11.88
 21
0.26799
  0
LINE
  8
0
 10
40.68
 20
0.26799
 11
40.68
 21
0.275986
  0
LINE
  8
0
 10
40.68
 20
0.275986
 11
45.72
 21
0.275986
  0
LINE
  8
0
 10
45.72
 20
0.275986
 11
45.72
 21
0.26799
  0
LINE
  8
0
 10
45.72
 20
0.26799
 11
40.68
 21
0.26799
  0
LINE
  8
0
 10
11.88
 20
0.235992
 11
11.88
 21
0.243988
  0
LINE
  8
0
 10
11.88
 20
0.243988
 11
16.92
 21
0.243988
  0
LINE
  8
0
 10
16.92
 20
0.243988
 11
16.92
 21
0.235992
  0
LINE
  8
0
 10
16.92
 20
0.235992
 11
11.88
 21
0.235992
  0
LINE
  8
0
 10
26.28
 20
0.235992
 11
26.28
 21
0.243988
  0
LINE
  8
0
 10
26.28
 20
0.243988
 11
31.32
 21
0.243988
  0
LINE
  8
0
 10
31.32
 20
0.243988
 11
31.32
 21
0.235992
  0
LINE
  8
0
 10
31.32
 20
0.235992
 11
26.28
 21
0.235992
  0
LINE
  8
0
 10
69.48
 20
0.235992
 11
69.48
 21
0.243988
  0
LINE
  8
0
 10
69.48
 20
0.243988
 11
74.52
 21
0.243988
  0
LINE
  8
0
 10
74.52
 20
0.243988
 11
74.52
 21
0.235992
  0
LINE
  8
0
 10
74.52
 20
0.235992
 11
69.48
 21
0.235992
  0
LINE
  8
0
 10
55.08
 20
0.235992
 11
55.08
 21
0.243988
  0
LINE
  8
0
 10
55.08
 20
0.243988
 11
60.12
 21
0.243988
  0
LINE
  8
0
 10
60.12
 20
0.243988
 11
60.12
 21
0.235992
  0
LINE
  8
0
 10
60.12
 20
0.235992
 11
55.08
 21
0.235992
  0
LINE
  8
0
 10
-2.51999
 20
0.235992
 11
-2.51999
 21
0.243988
  0
LINE
  8
0
 10
-2.51999
 20
0.243988
 11
2.51999
 21
0.243988
  0
LINE
  8
0
 10
2.51999
 20
0.243988
 11
2.51999
 21
0.235992
  0
LINE
  8
0
 10
2.51999
 20
0.235992
 11
-2.51999
 21
0.235992
  0
LINE
  8
0
 10
40.68
 20
0.235992
 11
40.68
 21
0.243988
  0
LINE
  8
0
 10
40.68
 20
0.243988
 11
45.72
 21
0.243988
  0
LINE
  8
0
 10
45.72
 20
0.243988
 11
45.72
 21
0.235992
  0
LINE
  8
0
 10
45.72
 20
0.235992
 11
40.68
 21
0.235992
  0
LINE
  8
0
 10
11.88
 20
0.203979
 11
11.88
 21
0.21199
  0
LINE
  8
0
 10
11.88
 20
0.21199
 11
16.92
 21
0.21199
  0
LINE
  8
0
 10
16.92
 20
0.21199
 11
16.92
 21
0.203979
  0
LINE
  8
0
 10
16.92
 20
0.203979
 11
11.88
 21
0.203979
  0
LINE
  8
0
 10
26.28
 20
0.203979
 11
26.28
 21
0.21199
  0
LINE
  8
0
 10
26.28
 20
0.21199
 11
31.32
 21
0.21199
  0
LINE
  8
0
 10
31.32
 20
0.21199
 11
31.32
 21
0.203979
  0
LINE
  8
0
 10
31.32
 20
0.203979
 11
26.28
 21
0.203979
  0
LINE
  8
0
 10
40.68
 20
0.203979
 11
40.68
 21
0.21199
  0
LINE
  8
0
 10
40.68
 20
0.21199
 11
45.72
 21
0.21199
  0
LINE
  8
0
 10
45.72
 20
0.21199
 11
45.72
 21
0.203979
  0
LINE
  8
0
 10
45.72
 20
0.203979
 11
40.68
 21
0.203979
  0
LINE
  8
0
 10
69.48
 20
0.203979
 11
69.48
 21
0.21199
  0
LINE
  8
0
 10
69.48
 20
0.21199
 11
74.52
 21
0.21199
  0
LINE
  8
0
 10
74.52
 20
0.21199
 11
74.52
 21
0.203979
  0
LINE
  8
0
 10
74.52
 20
0.203979
 11
69.48
 21
0.203979
  0
LINE
  8
0
 10
55.08
 20
0.203979
 11
55.08
 21
0.21199
  0
LINE
  8
0
 10
55.08
 20
0.21199
 11
60.12
 21
0.21199
  0
LINE
  8
0
 10
60.12
 20
0.21199
 11
60.12
 21
0.203979
  0
LINE
  8
0
 10
60.12
 20
0.203979
 11
55.08
 21
0.203979
  0
LINE
  8
0
 10
-2.51999
 20
0.203979
 11
-2.51999
 21
0.21199
  0
LINE
  8
0
 10
-2.51999
 20
0.21199
 11
2.51999
 21
0.21199
  0
LINE
  8
0
 10
2.51999
 20
0.21199
 11
2.51999
 21
0.203979
  0
LINE
  8
0
 10
2.51999
 20
0.203979
 11
-2.51999
 21
0.203979
  0
LINE
  8
0
 10
40.68
 20
0.171997
 11
40.68
 21
0.179993
  0
LINE
  8
0
 10
40.68
 20
0.179993
 11
45.72
 21
0.179993
  0
LINE
  8
0
 10
45.72
 20
0.179993
 11
45.72
 21
0.171997
  0
LINE
  8
0
 10
45.72
 20
0.171997
 11
40.68
 21
0.171997
  0
LINE
  8
0
 10
69.48
 20
0.171997
 11
69.48
 21
0.179993
  0
LINE
  8
0
 10
69.48
 20
0.179993
 11
74.52
 21
0.179993
  0
LINE
  8
0
 10
74.52
 20
0.179993
 11
74.52
 21
0.171997
  0
LINE
  8
0
 10
74.52
 20
0.171997
 11
69.48
 21
0.171997
  0
LINE
  8
0
 10
55.08
 20
0.171997
 11
55.08
 21
0.179993
  0
LINE
  8
0
 10
55.08
 20
0.179993
 11
60.12
 21
0.179993
  0
LINE
  8
0
 10
60.12
 20
0.179993
 11
60.12
 21
0.171997
  0
LINE
  8
0
 10
60.12
 20
0.171997
 11
55.08
 21
0.171997
  0
LINE
  8
0
 10
11.88
 20
0.171997
 11
11.88
 21
0.179993
  0
LINE
  8
0
 10
11.88
 20
0.179993
 11
16.92
 21
0.179993
  0
LINE
  8
0
 10
16.92
 20
0.179993
 11
16.92
 21
0.171997
  0
LINE
  8
0
 10
16.92
 20
0.171997
 11
11.88
 21
0.171997
  0
LINE
  8
0
 10
-2.51999
 20
0.171997
 11
-2.51999
 21
0.179993
  0
LINE
  8
0
 10
-2.51999
 20
0.179993
 11
2.51999
 21
0.179993
  0
LINE
  8
0
 10
2.51999
 20
0.179993
 11
2.51999
 21
0.171997
  0
LINE
  8
0
 10
2.51999
 20
0.171997
 11
-2.51999
 21
0.171997
  0
LINE
  8
0
 10
26.28
 20
0.171997
 11
26.28
 21
0.179993
  0
LINE
  8
0
 10
26.28
 20
0.179993
 11
31.32
 21
0.179993
  0
LINE
  8
0
 10
31.32
 20
0.179993
 11
31.32
 21
0.171997
  0
LINE
  8
0
 10
31.32
 20
0.171997
 11
26.28
 21
0.171997
  0
LINE
  8
0
 10
11.88
 20
0.139984
 11
11.88
 21
0.147995
  0
LINE
  8
0
 10
11.88
 20
0.147995
 11
16.92
 21
0.147995
  0
LINE
  8
0
 10
16.92
 20
0.147995
 11
16.92
 21
0.139984
  0
LINE
  8
0
 10
16.92
 20
0.139984
 11
11.88
 21
0.139984
  0
LINE
  8
0
 10
55.08
 20
0.139984
 11
55.08
 21
0.147995
  0
LINE
  8
0
 10
55.08
 20
0.147995
 11
60.12
 21
0.147995
  0
LINE
  8
0
 10
60.12
 20
0.147995
 11
60.12
 21
0.139984
  0
LINE
  8
0
 10
60.12
 20
0.139984
 11
55.08
 21
0.139984
  0
LINE
  8
0
 10
40.68
 20
0.139984
 11
40.68
 21
0.147995
  0
LINE
  8
0
 10
40.68
 20
0.147995
 11
45.72
 21
0.147995
  0
LINE
  8
0
 10
45.72
 20
0.147995
 11
45.72
 21
0.139984
  0
LINE
  8
0
 10
45.72
 20
0.139984
 11
40.68
 21
0.139984
  0
LINE
  8
0
 10
69.48
 20
0.139984
 11
69.48
 21
0.147995
  0
LINE
  8
0
 10
69.48
 20
0.147995
 11
74.52
 21
0.147995
  0
LINE
  8
0
 10
74.52
 20
0.147995
 11
74.52
 21
0.139984
  0
LINE
  8
0
 10
74.52
 20
0.139984
 11
69.48
 21
0.139984
  0
LINE
  8
0
 10
-2.51999
 20
0.139984
 11
-2.51999
 21
0.147995
  0
LINE
  8
0
 10
-2.51999
 20
0.147995
 11
2.51999
 21
0.147995
  0
LINE
  8
0
 10
2.51999
 20
0.147995
 11
2.51999
 21
0.139984
  0
LINE
  8
0
 10
2.51999
 20
0.139984
 11
-2.51999
 21
0.139984
  0
LINE
  8
0
 10
26.28
 20
0.139984
 11
26.28
 21
0.147995
  0
LINE
  8
0
 10
26.28
 20
0.147995
 11
31.32
 21
0.147995
  0
LINE
  8
0
 10
31.32
 20
0.147995
 11
31.32
 21
0.139984
  0
LINE
  8
0
 10
31.32
 20
0.139984
 11
26.28
 21
0.139984
  0
LINE
  8
0
 10
69.48
 20
0.107986
 11
69.48
 21
0.115982
  0
LINE
  8
0
 10
69.48
 20
0.115982
 11
74.52
 21
0.115982
  0
LINE
  8
0
 10
74.52
 20
0.115982
 11
74.52
 21
0.107986
  0
LINE
  8
0
 10
74.52
 20
0.107986
 11
69.48
 21
0.107986
  0
LINE
  8
0
 10
11.88
 20
0.107986
 11
11.88
 21
0.115982
  0
LINE
  8
0
 10
11.88
 20
0.115982
 11
16.92
 21
0.115982
  0
LINE
  8
0
 10
16.92
 20
0.115982
 11
16.92
 21
0.107986
  0
LINE
  8
0
 10
16.92
 20
0.107986
 11
11.88
 21
0.107986
  0
LINE
  8
0
 10
26.28
 20
0.107986
 11
26.28
 21
0.115982
  0
LINE
  8
0
 10
26.28
 20
0.115982
 11
31.32
 21
0.115982
  0
LINE
  8
0
 10
31.32
 20
0.115982
 11
31.32
 21
0.107986
  0
LINE
  8
0
 10
31.32
 20
0.107986
 11
26.28
 21
0.107986
  0
LINE
  8
0
 10
-2.51999
 20
0.107986
 11
-2.51999
 21
0.115982
  0
LINE
  8
0
 10
-2.51999
 20
0.115982
 11
2.51999
 21
0.115982
  0
LINE
  8
0
 10
2.51999
 20
0.115982
 11
2.51999
 21
0.107986
  0
LINE
  8
0
 10
2.51999
 20
0.107986
 11
-2.51999
 21
0.107986
  0
LINE
  8
0
 10
40.68
 20
0.107986
 11
40.68
 21
0.115982
  0
LINE
  8
0
 10
40.68
 20
0.115982
 11
45.72
 21
0.115982
  0
LINE
  8
0
 10
45.72
 20
0.115982
 11
45.72
 21
0.107986
  0
LINE
  8
0
 10
45.72
 20
0.107986
 11
40.68
 21
0.107986
  0
LINE
  8
0
 10
55.08
 20
0.107986
 11
55.08
 21
0.115982
  0
LINE
  8
0
 10
55.08
 20
0.115982
 11
60.12
 21
0.115982
  0
LINE
  8
0
 10
60.12
 20
0.115982
 11
60.12
 21
0.107986
  0
LINE
  8
0
 10
60.12
 20
0.107986
 11
55.08
 21
0.107986
  0
LINE
  8
0
 10
55.08
 20
0.0759888
 11
55.08
 21
0.0839844
  0
LINE
  8
0
 10
55.08
 20
0.0839844
 11
60.12
 21
0.0839844
  0
LINE
  8
0
 10
60.12
 20
0.0839844
 11
60.12
 21
0.0759888
  0
LINE
  8
0
 10
60.12
 20
0.0759888
 11
55.08
 21
0.0759888
  0
LINE
  8
0
 10
69.48
 20
0.0759888
 11
69.48
 21
0.0839844
  0
LINE
  8
0
 10
69.48
 20
0.0839844
 11
74.52
 21
0.0839844
  0
LINE
  8
0
 10
74.52
 20
0.0839844
 11
74.52
 21
0.0759888
  0
LINE
  8
0
 10
74.52
 20
0.0759888
 11
69.48
 21
0.0759888
  0
LINE
  8
0
 10
26.28
 20
0.0759888
 11
26.28
 21
0.0839844
  0
LINE
  8
0
 10
26.28
 20
0.0839844
 11
31.32
 21
0.0839844
  0
LINE
  8
0
 10
31.32
 20
0.0839844
 11
31.32
 21
0.0759888
  0
LINE
  8
0
 10
31.32
 20
0.0759888
 11
26.28
 21
0.0759888
  0
LINE
  8
0
 10
40.68
 20
0.0759888
 11
40.68
 21
0.0839844
  0
LINE
  8
0
 10
40.68
 20
0.0839844
 11
45.72
 21
0.0839844
  0
LINE
  8
0
 10
45.72
 20
0.0839844
 11
45.72
 21
0.0759888
  0
LINE
  8
0
 10
45.72
 20
0.0759888
 11
40.68
 21
0.0759888
  0
LINE
  8
0
 10
11.88
 20
0.0759888
 11
11.88
 21
0.0839844
  0
LINE
  8
0
 10
11.88
 20
0.0839844
 11
16.92
 21
0.0839844
  0
LINE
  8
0
 10
16.92
 20
0.0839844
 11
16.92
 21
0.0759888
  0
LINE
  8
0
 10
16.92
 20
0.0759888
 11
11.88
 21
0.0759888
  0
LINE
  8
0
 10
-2.51999
 20
0.0759888
 11
-2.51999
 21
0.0839844
  0
LINE
  8
0
 10
-2.51999
 20
0.0839844
 11
2.51999
 21
0.0839844
  0
LINE
  8
0
 10
2.51999
 20
0.0839844
 11
2.51999
 21
0.0759888
  0
LINE
  8
0
 10
2.51999
 20
0.0759888
 11
-2.51999
 21
0.0759888
  0
LINE
  8
0
 10
55.08
 20
0.0439911
 11
55.08
 21
0.0519867
  0
LINE
  8
0
 10
55.08
 20
0.0519867
 11
60.12
 21
0.0519867
  0
LINE
  8
0
 10
60.12
 20
0.0519867
 11
60.12
 21
0.0439911
  0
LINE
  8
0
 10
60.12
 20
0.0439911
 11
55.08
 21
0.0439911
  0
LINE
  8
0
 10
-2.51999
 20
0.0439911
 11
-2.51999
 21
0.0519867
  0
LINE
  8
0
 10
-2.51999
 20
0.0519867
 11
2.51999
 21
0.0519867
  0
LINE
  8
0
 10
2.51999
 20
0.0519867
 11
2.51999
 21
0.0439911
  0
LINE
  8
0
 10
2.51999
 20
0.0439911
 11
-2.51999
 21
0.0439911
  0
LINE
  8
0
 10
40.68
 20
0.0439911
 11
40.68
 21
0.0519867
  0
LINE
  8
0
 10
40.68
 20
0.0519867
 11
45.72
 21
0.0519867
  0
LINE
  8
0
 10
45.72
 20
0.0519867
 11
45.72
 21
0.0439911
  0
LINE
  8
0
 10
45.72
 20
0.0439911
 11
40.68
 21
0.0439911
  0
LINE
  8
0
 10
26.28
 20
0.0439911
 11
26.28
 21
0.0519867
  0
LINE
  8
0
 10
26.28
 20
0.0519867
 11
31.32
 21
0.0519867
  0
LINE
  8
0
 10
31.32
 20
0.0519867
 11
31.32
 21
0.0439911
  0
LINE
  8
0
 10
31.32
 20
0.0439911
 11
26.28
 21
0.0439911
  0
LINE
  8
0
 10
69.48
 20
0.0439911
 11
69.48
 21
0.0519867
  0
LINE
  8
0
 10
69.48
 20
0.0519867
 11
74.52
 21
0.0519867
  0
LINE
  8
0
 10
74.52
 20
0.0519867
 11
74.52
 21
0.0439911
  0
LINE
  8
0
 10
74.52
 20
0.0439911
 11
69.48
 21
0.0439911
  0
LINE
  8
0
 10
11.88
 20
0.0439911
 11
11.88
 21
0.0519867
  0
LINE
  8
0
 10
11.88
 20
0.0519867
 11
16.92
 21
0.0519867
  0
LINE
  8
0
 10
16.92
 20
0.0519867
 11
16.92
 21
0.0439911
  0
LINE
  8
0
 10
16.92
 20
0.0439911
 11
11.88
 21
0.0439911
  0
LINE
  8
0
 10
69.48
 20
0.0119934
 11
69.48
 21
0.019989
  0
LINE
  8
0
 10
69.48
 20
0.019989
 11
74.52
 21
0.019989
  0
LINE
  8
0
 10
74.52
 20
0.019989
 11
74.52
 21
0.0119934
  0
LINE
  8
0
 10
74.52
 20
0.0119934
 11
69.48
 21
0.0119934
  0
LINE
  8
0
 10
55.08
 20
0.0119934
 11
55.08
 21
0.019989
  0
LINE
  8
0
 10
55.08
 20
0.019989
 11
60.12
 21
0.019989
  0
LINE
  8
0
 10
60.12
 20
0.019989
 11
60.12
 21
0.0119934
  0
LINE
  8
0
 10
60.12
 20
0.0119934
 11
55.08
 21
0.0119934
  0
LINE
  8
0
 10
40.68
 20
0.0119934
 11
40.68
 21
0.019989
  0
LINE
  8
0
 10
40.68
 20
0.019989
 11
45.72
 21
0.019989
  0
LINE
  8
0
 10
45.72
 20
0.019989
 11
45.72
 21
0.0119934
  0
LINE
  8
0
 10
45.72
 20
0.0119934
 11
40.68
 21
0.0119934
  0
LINE
  8
0
 10
11.88
 20
0.0119934
 11
11.88
 21
0.019989
  0
LINE
  8
0
 10
11.88
 20
0.019989
 11
16.92
 21
0.019989
  0
LINE
  8
0
 10
16.92
 20
0.019989
 11
16.92
 21
0.0119934
  0
LINE
  8
0
 10
16.92
 20
0.0119934
 11
11.88
 21
0.0119934
  0
LINE
  8
0
 10
26.28
 20
0.0119934
 11
26.28
 21
0.019989
  0
LINE
  8
0
 10
26.28
 20
0.019989
 11
31.32
 21
0.019989
  0
LINE
  8
0
 10
31.32
 20
0.019989
 11
31.32
 21
0.0119934
  0
LINE
  8
0
 10
31.32
 20
0.0119934
 11
26.28
 21
0.0119934
  0
LINE
  8
0
 10
-2.51999
 20
0.0119934
 11
-2.51999
 21
0.019989
  0
LINE
  8
0
 10
-2.51999
 20
0.019989
 11
2.51999
 21
0.019989
  0
LINE
  8
0
 10
2.51999
 20
0.019989
 11
2.51999
 21
0.0119934
  0
LINE
  8
0
 10
2.51999
 20
0.0119934
 11
-2.51999
 21
0.0119934
  0
LINE
  8
0
 10
-2.51999
 20
-0.019989
 11
-2.51999
 21
-0.0119934
  0
LINE
  8
0
 10
-2.51999
 20
-0.0119934
 11
2.51999
 21
-0.0119934
  0
LINE
  8
0
 10
2.51999
 20
-0.0119934
 11
2.51999
 21
-0.019989
  0
LINE
  8
0
 10
2.51999
 20
-0.019989
 11
-2.51999
 21
-0.019989
  0
LINE
  8
0
 10
26.28
 20
-0.019989
 11
26.28
 21
-0.0119934
  0
LINE
  8
0
 10
26.28
 20
-0.0119934
 11
31.32
 21
-0.0119934
  0
LINE
  8
0
 10
31.32
 20
-0.0119934
 11
31.32
 21
-0.019989
  0
LINE
  8
0
 10
31.32
 20
-0.019989
 11
26.28
 21
-0.019989
  0
LINE
  8
0
 10
69.48
 20
-0.019989
 11
69.48
 21
-0.0119934
  0
LINE
  8
0
 10
69.48
 20
-0.0119934
 11
74.52
 21
-0.0119934
  0
LINE
  8
0
 10
74.52
 20
-0.0119934
 11
74.52
 21
-0.019989
  0
LINE
  8
0
 10
74.52
 20
-0.019989
 11
69.48
 21
-0.019989
  0
LINE
  8
0
 10
40.68
 20
-0.019989
 11
40.68
 21
-0.0119934
  0
LINE
  8
0
 10
40.68
 20
-0.0119934
 11
45.72
 21
-0.0119934
  0
LINE
  8
0
 10
45.72
 20
-0.0119934
 11
45.72
 21
-0.019989
  0
LINE
  8
0
 10
45.72
 20
-0.019989
 11
40.68
 21
-0.019989
  0
LINE
  8
0
 10
11.88
 20
-0.019989
 11
11.88
 21
-0.0119934
  0
LINE
  8
0
 10
11.88
 20
-0.0119934
 11
16.92
 21
-0.0119934
  0
LINE
  8
0
 10
16.92
 20
-0.0119934
 11
16.92
 21
-0.019989
  0
LINE
  8
0
 10
16.92
 20
-0.019989
 11
11.88
 21
-0.019989
  0
LINE
  8
0
 10
55.08
 20
-0.019989
 11
55.08
 21
-0.0119934
  0
LINE
  8
0
 10
55.08
 20
-0.0119934
 11
60.12
 21
-0.0119934
  0
LINE
  8
0
 10
60.12
 20
-0.0119934
 11
60.12
 21
-0.019989
  0
LINE
  8
0
 10
60.12
 20
-0.019989
 11
55.08
 21
-0.019989
  0
LINE
  8
0
 10
69.48
 20
-0.0519867
 11
69.48
 21
-0.0439911
  0
LINE
  8
0
 10
69.48
 20
-0.0439911
 11
74.52
 21
-0.0439911
  0
LINE
  8
0
 10
74.52
 20
-0.0439911
 11
74.52
 21
-0.0519867
  0
LINE
  8
0
 10
74.52
 20
-0.0519867
 11
69.48
 21
-0.0519867
  0
LINE
  8
0
 10
26.28
 20
-0.0519867
 11
26.28
 21
-0.0439911
  0
LINE
  8
0
 10
26.28
 20
-0.0439911
 11
31.32
 21
-0.0439911
  0
LINE
  8
0
 10
31.32
 20
-0.0439911
 11
31.32
 21
-0.0519867
  0
LINE
  8
0
 10
31.32
 20
-0.0519867
 11
26.28
 21
-0.0519867
  0
LINE
  8
0
 10
11.88
 20
-0.0519867
 11
11.88
 21
-0.0439911
  0
LINE
  8
0
 10
11.88
 20
-0.0439911
 11
16.92
 21
-0.0439911
  0
LINE
  8
0
 10
16.92
 20
-0.0439911
 11
16.92
 21
-0.0519867
  0
LINE
  8
0
 10
16.92
 20
-0.0519867
 11
11.88
 21
-0.0519867
  0
LINE
  8
0
 10
55.08
 20
-0.0519867
 11
55.08
 21
-0.0439911
  0
LINE
  8
0
 10
55.08
 20
-0.0439911
 11
60.12
 21
-0.0439911
  0
LINE
  8
0
 10
60.12
 20
-0.0439911
 11
60.12
 21
-0.0519867
  0
LINE
  8
0
 10
60.12
 20
-0.0519867
 11
55.08
 21
-0.0519867
  0
LINE
  8
0
 10
-2.51999
 20
-0.0519867
 11
-2.51999
 21
-0.0439911
  0
LINE
  8
0
 10
-2.51999
 20
-0.0439911
 11
2.51999
 21
-0.0439911
  0
LINE
  8
0
 10
2.51999
 20
-0.0439911
 11
2.51999
 21
-0.0519867
  0
LINE
  8
0
 10
2.51999
 20
-0.0519867
 11
-2.51999
 21
-0.0519867
  0
LINE
  8
0
 10
40.68
 20
-0.0519867
 11
40.68
 21
-0.0439911
  0
LINE
  8
0
 10
40.68
 20
-0.0439911
 11
45.72
 21
-0.0439911
  0
LINE
  8
0
 10
45.72
 20
-0.0439911
 11
45.72
 21
-0.0519867
  0
LINE
  8
0
 10
45.72
 20
-0.0519867
 11
40.68
 21
-0.0519867
  0
LINE
  8
0
 10
26.28
 20
-0.0839844
 11
26.28
 21
-0.0759888
  0
LINE
  8
0
 10
26.28
 20
-0.0759888
 11
31.32
 21
-0.0759888
  0
LINE
  8
0
 10
31.32
 20
-0.0759888
 11
31.32
 21
-0.0839844
  0
LINE
  8
0
 10
31.32
 20
-0.0839844
 11
26.28
 21
-0.0839844
  0
LINE
  8
0
 10
11.88
 20
-0.0839844
 11
11.88
 21
-0.0759888
  0
LINE
  8
0
 10
11.88
 20
-0.0759888
 11
16.92
 21
-0.0759888
  0
LINE
  8
0
 10
16.92
 20
-0.0759888
 11
16.92
 21
-0.0839844
  0
LINE
  8
0
 10
16.92
 20
-0.0839844
 11
11.88
 21
-0.0839844
  0
LINE
  8
0
 10
55.08
 20
-0.0839844
 11
55.08
 21
-0.0759888
  0
LINE
  8
0
 10
55.08
 20
-0.0759888
 11
60.12
 21
-0.0759888
  0
LINE
  8
0
 10
60.12
 20
-0.0759888
 11
60.12
 21
-0.0839844
  0
LINE
  8
0
 10
60.12
 20
-0.0839844
 11
55.08
 21
-0.0839844
  0
LINE
  8
0
 10
40.68
 20
-0.0839844
 11
40.68
 21
-0.0759888
  0
LINE
  8
0
 10
40.68
 20
-0.0759888
 11
45.72
 21
-0.0759888
  0
LINE
  8
0
 10
45.72
 20
-0.0759888
 11
45.72
 21
-0.0839844
  0
LINE
  8
0
 10
45.72
 20
-0.0839844
 11
40.68
 21
-0.0839844
  0
LINE
  8
0
 10
-2.51999
 20
-0.0839844
 11
-2.51999
 21
-0.0759888
  0
LINE
  8
0
 10
-2.51999
 20
-0.0759888
 11
2.51999
 21
-0.0759888
  0
LINE
  8
0
 10
2.51999
 20
-0.0759888
 11
2.51999
 21
-0.0839844
  0
LINE
  8
0
 10
2.51999
 20
-0.0839844
 11
-2.51999
 21
-0.0839844
  0
LINE
  8
0
 10
69.48
 20
-0.0839844
 11
69.48
 21
-0.0759888
  0
LINE
  8
0
 10
69.48
 20
-0.0759888
 11
74.52
 21
-0.0759888
  0
LINE
  8
0
 10
74.52
 20
-0.0759888
 11
74.52
 21
-0.0839844
  0
LINE
  8
0
 10
74.52
 20
-0.0839844
 11
69.48
 21
-0.0839844
  0
LINE
  8
0
 10
55.08
 20
-0.115982
 11
55.08
 21
-0.107986
  0
LINE
  8
0
 10
55.08
 20
-0.107986
 11
60.12
 21
-0.107986
  0
LINE
  8
0
 10
60.12
 20
-0.107986
 11
60.12
 21
-0.115982
  0
LINE
  8
0
 10
60.12
 20
-0.115982
 11
55.08
 21
-0.115982
  0
LINE
  8
0
 10
-2.51999
 20
-0.115982
 11
-2.51999
 21
-0.107986
  0
LINE
  8
0
 10
-2.51999
 20
-0.107986
 11
2.51999
 21
-0.107986
  0
LINE
  8
0
 10
2.51999
 20
-0.107986
 11
2.51999
 21
-0.115982
  0
LINE
  8
0
 10
2.51999
 20
-0.115982
 11
-2.51999
 21
-0.115982
  0
LINE
  8
0
 10
69.48
 20
-0.115982
 11
69.48
 21
-0.107986
  0
LINE
  8
0
 10
69.48
 20
-0.107986
 11
74.52
 21
-0.107986
  0
LINE
  8
0
 10
74.52
 20
-0.107986
 11
74.52
 21
-0.115982
  0
LINE
  8
0
 10
74.52
 20
-0.115982
 11
69.48
 21
-0.115982
  0
LINE
  8
0
 10
40.68
 20
-0.115982
 11
40.68
 21
-0.107986
  0
LINE
  8
0
 10
40.68
 20
-0.107986
 11
45.72
 21
-0.107986
  0
LINE
  8
0
 10
45.72
 20
-0.107986
 11
45.72
 21
-0.115982
  0
LINE
  8
0
 10
45.72
 20
-0.115982
 11
40.68
 21
-0.115982
  0
LINE
  8
0
 10
26.28
 20
-0.115982
 11
26.28
 21
-0.107986
  0
LINE
  8
0
 10
26.28
 20
-0.107986
 11
31.32
 21
-0.107986
  0
LINE
  8
0
 10
31.32
 20
-0.107986
 11
31.32
 21
-0.115982
  0
LINE
  8
0
 10
31.32
 20
-0.115982
 11
26.28
 21
-0.115982
  0
LINE
  8
0
 10
11.88
 20
-0.115982
 11
11.88
 21
-0.107986
  0
LINE
  8
0
 10
11.88
 20
-0.107986
 11
16.92
 21
-0.107986
  0
LINE
  8
0
 10
16.92
 20
-0.107986
 11
16.92
 21
-0.115982
  0
LINE
  8
0
 10
16.92
 20
-0.115982
 11
11.88
 21
-0.115982
  0
LINE
  8
0
 10
-2.51999
 20
-0.147995
 11
-2.51999
 21
-0.139984
  0
LINE
  8
0
 10
-2.51999
 20
-0.139984
 11
2.51999
 21
-0.139984
  0
LINE
  8
0
 10
2.51999
 20
-0.139984
 11
2.51999
 21
-0.147995
  0
LINE
  8
0
 10
2.51999
 20
-0.147995
 11
-2.51999
 21
-0.147995
  0
LINE
  8
0
 10
26.28
 20
-0.147995
 11
26.28
 21
-0.139984
  0
LINE
  8
0
 10
26.28
 20
-0.139984
 11
31.32
 21
-0.139984
  0
LINE
  8
0
 10
31.32
 20
-0.139984
 11
31.32
 21
-0.147995
  0
LINE
  8
0
 10
31.32
 20
-0.147995
 11
26.28
 21
-0.147995
  0
LINE
  8
0
 10
55.08
 20
-0.147995
 11
55.08
 21
-0.139984
  0
LINE
  8
0
 10
55.08
 20
-0.139984
 11
60.12
 21
-0.139984
  0
LINE
  8
0
 10
60.12
 20
-0.139984
 11
60.12
 21
-0.147995
  0
LINE
  8
0
 10
60.12
 20
-0.147995
 11
55.08
 21
-0.147995
  0
LINE
  8
0
 10
11.88
 20
-0.147995
 11
11.88
 21
-0.139984
  0
LINE
  8
0
 10
11.88
 20
-0.139984
 11
16.92
 21
-0.139984
  0
LINE
  8
0
 10
16.92
 20
-0.139984
 11
16.92
 21
-0.147995
  0
LINE
  8
0
 10
16.92
 20
-0.147995
 11
11.88
 21
-0.147995
  0
LINE
  8
0
 10
40.68
 20
-0.147995
 11
40.68
 21
-0.139984
  0
LINE
  8
0
 10
40.68
 20
-0.139984
 11
45.72
 21
-0.139984
  0
LINE
  8
0
 10
45.72
 20
-0.139984
 11
45.72
 21
-0.147995
  0
LINE
  8
0
 10
45.72
 20
-0.147995
 11
40.68
 21
-0.147995
  0
LINE
  8
0
 10
69.48
 20
-0.147995
 11
69.48
 21
-0.139984
  0
LINE
  8
0
 10
69.48
 20
-0.139984
 11
74.52
 21
-0.139984
  0
LINE
  8
0
 10
74.52
 20
-0.139984
 11
74.52
 21
-0.147995
  0
LINE
  8
0
 10
74.52
 20
-0.147995
 11
69.48
 21
-0.147995
  0
LINE
  8
0
 10
26.28
 20
-0.179993
 11
26.28
 21
-0.171997
  0
LINE
  8
0
 10
26.28
 20
-0.171997
 11
31.32
 21
-0.171997
  0
LINE
  8
0
 10
31.32
 20
-0.171997
 11
31.32
 21
-0.179993
  0
LINE
  8
0
 10
31.32
 20
-0.179993
 11
26.28
 21
-0.179993
  0
LINE
  8
0
 10
55.08
 20
-0.179993
 11
55.08
 21
-0.171997
  0
LINE
  8
0
 10
55.08
 20
-0.171997
 11
60.12
 21
-0.171997
  0
LINE
  8
0
 10
60.12
 20
-0.171997
 11
60.12
 21
-0.179993
  0
LINE
  8
0
 10
60.12
 20
-0.179993
 11
55.08
 21
-0.179993
  0
LINE
  8
0
 10
69.48
 20
-0.179993
 11
69.48
 21
-0.171997
  0
LINE
  8
0
 10
69.48
 20
-0.171997
 11
74.52
 21
-0.171997
  0
LINE
  8
0
 10
74.52
 20
-0.171997
 11
74.52
 21
-0.179993
  0
LINE
  8
0
 10
74.52
 20
-0.179993
 11
69.48
 21
-0.179993
  0
LINE
  8
0
 10
40.68
 20
-0.179993
 11
40.68
 21
-0.171997
  0
LINE
  8
0
 10
40.68
 20
-0.171997
 11
45.72
 21
-0.171997
  0
LINE
  8
0
 10
45.72
 20
-0.171997
 11
45.72
 21
-0.179993
  0
LINE
  8
0
 10
45.72
 20
-0.179993
 11
40.68
 21
-0.179993
  0
LINE
  8
0
 10
-2.51999
 20
-0.179993
 11
-2.51999
 21
-0.171997
  0
LINE
  8
0
 10
-2.51999
 20
-0.171997
 11
2.51999
 21
-0.171997
  0
LINE
  8
0
 10
2.51999
 20
-0.171997
 11
2.51999
 21
-0.179993
  0
LINE
  8
0
 10
2.51999
 20
-0.179993
 11
-2.51999
 21
-0.179993
  0
LINE
  8
0
 10
11.88
 20
-0.179993
 11
11.88
 21
-0.171997
  0
LINE
  8
0
 10
11.88
 20
-0.171997
 11
16.92
 21
-0.171997
  0
LINE
  8
0
 10
16.92
 20
-0.171997
 11
16.92
 21
-0.179993
  0
LINE
  8
0
 10
16.92
 20
-0.179993
 11
11.88
 21
-0.179993
  0
LINE
  8
0
 10
26.28
 20
-0.21199
 11
26.28
 21
-0.203979
  0
LINE
  8
0
 10
26.28
 20
-0.203979
 11
31.32
 21
-0.203979
  0
LINE
  8
0
 10
31.32
 20
-0.203979
 11
31.32
 21
-0.21199
  0
LINE
  8
0
 10
31.32
 20
-0.21199
 11
26.28
 21
-0.21199
  0
LINE
  8
0
 10
-2.51999
 20
-0.21199
 11
-2.51999
 21
-0.203979
  0
LINE
  8
0
 10
-2.51999
 20
-0.203979
 11
2.51999
 21
-0.203979
  0
LINE
  8
0
 10
2.51999
 20
-0.203979
 11
2.51999
 21
-0.21199
  0
LINE
  8
0
 10
2.51999
 20
-0.21199
 11
-2.51999
 21
-0.21199
  0
LINE
  8
0
 10
11.88
 20
-0.21199
 11
11.88
 21
-0.203979
  0
LINE
  8
0
 10
11.88
 20
-0.203979
 11
16.92
 21
-0.203979
  0
LINE
  8
0
 10
16.92
 20
-0.203979
 11
16.92
 21
-0.21199
  0
LINE
  8
0
 10
16.92
 20
-0.21199
 11
11.88
 21
-0.21199
  0
LINE
  8
0
 10
55.08
 20
-0.21199
 11
55.08
 21
-0.203979
  0
LINE
  8
0
 10
55.08
 20
-0.203979
 11
60.12
 21
-0.203979
  0
LINE
  8
0
 10
60.12
 20
-0.203979
 11
60.12
 21
-0.21199
  0
LINE
  8
0
 10
60.12
 20
-0.21199
 11
55.08
 21
-0.21199
  0
LINE
  8
0
 10
40.68
 20
-0.21199
 11
40.68
 21
-0.203979
  0
LINE
  8
0
 10
40.68
 20
-0.203979
 11
45.72
 21
-0.203979
  0
LINE
  8
0
 10
45.72
 20
-0.203979
 11
45.72
 21
-0.21199
  0
LINE
  8
0
 10
45.72
 20
-0.21199
 11
40.68
 21
-0.21199
  0
LINE
  8
0
 10
69.48
 20
-0.21199
 11
69.48
 21
-0.203979
  0
LINE
  8
0
 10
69.48
 20
-0.203979
 11
74.52
 21
-0.203979
  0
LINE
  8
0
 10
74.52
 20
-0.203979
 11
74.52
 21
-0.21199
  0
LINE
  8
0
 10
74.52
 20
-0.21199
 11
69.48
 21
-0.21199
  0
LINE
  8
0
 10
11.88
 20
-0.243988
 11
11.88
 21
-0.235992
  0
LINE
  8
0
 10
11.88
 20
-0.235992
 11
16.92
 21
-0.235992
  0
LINE
  8
0
 10
16.92
 20
-0.235992
 11
16.92
 21
-0.243988
  0
LINE
  8
0
 10
16.92
 20
-0.243988
 11
11.88
 21
-0.243988
  0
LINE
  8
0
 10
-2.51999
 20
-0.243988
 11
-2.51999
 21
-0.235992
  0
LINE
  8
0
 10
-2.51999
 20
-0.235992
 11
2.51999
 21
-0.235992
  0
LINE
  8
0
 10
2.51999
 20
-0.235992
 11
2.51999
 21
-0.243988
  0
LINE
  8
0
 10
2.51999
 20
-0.243988
 11
-2.51999
 21
-0.243988
  0
LINE
  8
0
 10
26.28
 20
-0.243988
 11
26.28
 21
-0.235992
  0
LINE
  8
0
 10
26.28
 20
-0.235992
 11
31.32
 21
-0.235992
  0
LINE
  8
0
 10
31.32
 20
-0.235992
 11
31.32
 21
-0.243988
  0
LINE
  8
0
 10
31.32
 20
-0.243988
 11
26.28
 21
-0.243988
  0
LINE
  8
0
 10
40.68
 20
-0.243988
 11
40.68
 21
-0.235992
  0
LINE
  8
0
 10
40.68
 20
-0.235992
 11
45.72
 21
-0.235992
  0
LINE
  8
0
 10
45.72
 20
-0.235992
 11
45.72
 21
-0.243988
  0
LINE
  8
0
 10
45.72
 20
-0.243988
 11
40.68
 21
-0.243988
  0
LINE
  8
0
 10
69.48
 20
-0.243988
 11
69.48
 21
-0.235992
  0
LINE
  8
0
 10
69.48
 20
-0.235992
 11
74.52
 21
-0.235992
  0
LINE
  8
0
 10
74.52
 20
-0.235992
 11
74.52
 21
-0.243988
  0
LINE
  8
0
 10
74.52
 20
-0.243988
 11
69.48
 21
-0.243988
  0
LINE
  8
0
 10
55.08
 20
-0.243988
 11
55.08
 21
-0.235992
  0
LINE
  8
0
 10
55.08
 20
-0.235992
 11
60.12
 21
-0.235992
  0
LINE
  8
0
 10
60.12
 20
-0.235992
 11
60.12
 21
-0.243988
  0
LINE
  8
0
 10
60.12
 20
-0.243988
 11
55.08
 21
-0.243988
  0
LINE
  8
0
 10
40.68
 20
-0.275986
 11
40.68
 21
-0.26799
  0
LINE
  8
0
 10
40.68
 20
-0.26799
 11
45.72
 21
-0.26799
  0
LINE
  8
0
 10
45.72
 20
-0.26799
 11
45.72
 21
-0.275986
  0
LINE
  8
0
 10
45.72
 20
-0.275986
 11
40.68
 21
-0.275986
  0
LINE
  8
0
 10
55.08
 20
-0.275986
 11
55.08
 21
-0.26799
  0
LINE
  8
0
 10
55.08
 20
-0.26799
 11
60.12
 21
-0.26799
  0
LINE
  8
0
 10
60.12
 20
-0.26799
 11
60.12
 21
-0.275986
  0
LINE
  8
0
 10
60.12
 20
-0.275986
 11
55.08
 21
-0.275986
  0
LINE
  8
0
 10
69.48
 20
-0.275986
 11
69.48
 21
-0.26799
  0
LINE
  8
0
 10
69.48
 20
-0.26799
 11
74.52
 21
-0.26799
  0
LINE
  8
0
 10
74.52
 20
-0.26799
 11
74.52
 21
-0.275986
  0
LINE
  8
0
 10
74.52
 20
-0.275986
 11
69.48
 21
-0.275986
  0
LINE
  8
0
 10
11.88
 20
-0.275986
 11
11.88
 21
-0.26799
  0
LINE
  8
0
 10
11.88
 20
-0.26799
 11
16.92
 21
-0.26799
  0
LINE
  8
0
 10
16.92
 20
-0.26799
 11
16.92
 21
-0.275986
  0
LINE
  8
0
 10
16.92
 20
-0.275986
 11
11.88
 21
-0.275986
  0
LINE
  8
0
 10
26.28
 20
-0.275986
 11
26.28
 21
-0.26799
  0
LINE
  8
0
 10
26.28
 20
-0.26799
 11
31.32
 21
-0.26799
  0
LINE
  8
0
 10
31.32
 20
-0.26799
 11
31.32
 21
-0.275986
  0
LINE
  8
0
 10
31.32
 20
-0.275986
 11
26.28
 21
-0.275986
  0
LINE
  8
0
 10
-2.51999
 20
-0.275986
 11
-2.51999
 21
-0.26799
  0
LINE
  8
0
 10
-2.51999
 20
-0.26799
 11
2.51999
 21
-0.26799
  0
LINE
  8
0
 10
2.51999
 20
-0.26799
 11
2.51999
 21
-0.275986
  0
LINE
  8
0
 10
2.51999
 20
-0.275986
 11
-2.51999
 21
-0.275986
  0
LINE
  8
0
 10
69.48
 20
-0.307983
 11
69.48
 21
-0.299988
  0
LINE
  8
0
 10
69.48
 20
-0.299988
 11
74.52
 21
-0.299988
  0
LINE
  8
0
 10
74.52
 20
-0.299988
 11
74.52
 21
-0.307983
  0
LINE
  8
0
 10
74.52
 20
-0.307983
 11
69.48
 21
-0.307983
  0
LINE
  8
0
 10
11.88
 20
-0.307983
 11
11.88
 21
-0.299988
  0
LINE
  8
0
 10
11.88
 20
-0.299988
 11
16.92
 21
-0.299988
  0
LINE
  8
0
 10
16.92
 20
-0.299988
 11
16.92
 21
-0.307983
  0
LINE
  8
0
 10
16.92
 20
-0.307983
 11
11.88
 21
-0.307983
  0
LINE
  8
0
 10
40.68
 20
-0.307983
 11
40.68
 21
-0.299988
  0
LINE
  8
0
 10
40.68
 20
-0.299988
 11
45.72
 21
-0.299988
  0
LINE
  8
0
 10
45.72
 20
-0.299988
 11
45.72
 21
-0.307983
  0
LINE
  8
0
 10
45.72
 20
-0.307983
 11
40.68
 21
-0.307983
  0
LINE
  8
0
 10
55.08
 20
-0.307983
 11
55.08
 21
-0.299988
  0
LINE
  8
0
 10
55.08
 20
-0.299988
 11
60.12
 21
-0.299988
  0
LINE
  8
0
 10
60.12
 20
-0.299988
 11
60.12
 21
-0.307983
  0
LINE
  8
0
 10
60.12
 20
-0.307983
 11
55.08
 21
-0.307983
  0
LINE
  8
0
 10
-2.51999
 20
-0.307983
 11
-2.51999
 21
-0.299988
  0
LINE
  8
0
 10
-2.51999
 20
-0.299988
 11
2.51999
 21
-0.299988
  0
LINE
  8
0
 10
2.51999
 20
-0.299988
 11
2.51999
 21
-0.307983
  0
LINE
  8
0
 10
2.51999
 20
-0.307983
 11
-2.51999
 21
-0.307983
  0
LINE
  8
0
 10
26.28
 20
-0.307983
 11
26.28
 21
-0.299988
  0
LINE
  8
0
 10
26.28
 20
-0.299988
 11
31.32
 21
-0.299988
  0
LINE
  8
0
 10
31.32
 20
-0.299988
 11
31.32
 21
-0.307983
  0
LINE
  8
0
 10
31.32
 20
-0.307983
 11
26.28
 21
-0.307983
  0
LINE
  8
0
 10
40.68
 20
-0.339981
 11
40.68
 21
-0.331985
  0
LINE
  8
0
 10
40.68
 20
-0.331985
 11
45.72
 21
-0.331985
  0
LINE
  8
0
 10
45.72
 20
-0.331985
 11
45.72
 21
-0.339981
  0
LINE
  8
0
 10
45.72
 20
-0.339981
 11
40.68
 21
-0.339981
  0
LINE
  8
0
 10
11.88
 20
-0.339981
 11
11.88
 21
-0.331985
  0
LINE
  8
0
 10
11.88
 20
-0.331985
 11
16.92
 21
-0.331985
  0
LINE
  8
0
 10
16.92
 20
-0.331985
 11
16.92
 21
-0.339981
  0
LINE
  8
0
 10
16.92
 20
-0.339981
 11
11.88
 21
-0.339981
  0
LINE
  8
0
 10
55.08
 20
-0.339981
 11
55.08
 21
-0.331985
  0
LINE
  8
0
 10
55.08
 20
-0.331985
 11
60.12
 21
-0.331985
  0
LINE
  8
0
 10
60.12
 20
-0.331985
 11
60.12
 21
-0.339981
  0
LINE
  8
0
 10
60.12
 20
-0.339981
 11
55.08
 21
-0.339981
  0
LINE
  8
0
 10
26.28
 20
-0.339981
 11
26.28
 21
-0.331985
  0
LINE
  8
0
 10
26.28
 20
-0.331985
 11
31.32
 21
-0.331985
  0
LINE
  8
0
 10
31.32
 20
-0.331985
 11
31.32
 21
-0.339981
  0
LINE
  8
0
 10
31.32
 20
-0.339981
 11
26.28
 21
-0.339981
  0
LINE
  8
0
 10
-2.51999
 20
-0.339981
 11
-2.51999
 21
-0.331985
  0
LINE
  8
0
 10
-2.51999
 20
-0.331985
 11
2.51999
 21
-0.331985
  0
LINE
  8
0
 10
2.51999
 20
-0.331985
 11
2.51999
 21
-0.339981
  0
LINE
  8
0
 10
2.51999
 20
-0.339981
 11
-2.51999
 21
-0.339981
  0
LINE
  8
0
 10
69.48
 20
-0.339981
 11
69.48
 21
-0.331985
  0
LINE
  8
0
 10
69.48
 20
-0.331985
 11
74.52
 21
-0.331985
  0
LINE
  8
0
 10
74.52
 20
-0.331985
 11
74.52
 21
-0.339981
  0
LINE
  8
0
 10
74.52
 20
-0.339981
 11
69.48
 21
-0.339981
  0
LINE
  8
0
 10
69.48
 20
-0.371994
 11
69.48
 21
-0.363983
  0
LINE
  8
0
 10
69.48
 20
-0.363983
 11
74.52
 21
-0.363983
  0
LINE
  8
0
 10
74.52
 20
-0.363983
 11
74.52
 21
-0.371994
  0
LINE
  8
0
 10
74.52
 20
-0.371994
 11
69.48
 21
-0.371994
  0
LINE
  8
0
 10
40.68
 20
-0.371994
 11
40.68
 21
-0.363983
  0
LINE
  8
0
 10
40.68
 20
-0.363983
 11
45.72
 21
-0.363983
  0
LINE
  8
0
 10
45.72
 20
-0.363983
 11
45.72
 21
-0.371994
  0
LINE
  8
0
 10
45.72
 20
-0.371994
 11
40.68
 21
-0.371994
  0
LINE
  8
0
 10
55.08
 20
-0.371994
 11
55.08
 21
-0.363983
  0
LINE
  8
0
 10
55.08
 20
-0.363983
 11
60.12
 21
-0.363983
  0
LINE
  8
0
 10
60.12
 20
-0.363983
 11
60.12
 21
-0.371994
  0
LINE
  8
0
 10
60.12
 20
-0.371994
 11
55.08
 21
-0.371994
  0
LINE
  8
0
 10
11.88
 20
-0.371994
 11
11.88
 21
-0.363983
  0
LINE
  8
0
 10
11.88
 20
-0.363983
 11
16.92
 21
-0.363983
  0
LINE
  8
0
 10
16.92
 20
-0.363983
 11
16.92
 21
-0.371994
  0
LINE
  8
0
 10
16.92
 20
-0.371994
 11
11.88
 21
-0.371994
  0
LINE
  8
0
 10
26.28
 20
-0.371994
 11
26.28
 21
-0.363983
  0
LINE
  8
0
 10
26.28
 20
-0.363983
 11
31.32
 21
-0.363983
  0
LINE
  8
0
 10
31.32
 20
-0.363983
 11
31.32
 21
-0.371994
  0
LINE
  8
0
 10
31.32
 20
-0.371994
 11
26.28
 21
-0.371994
  0
LINE
  8
0
 10
-2.51999
 20
-0.371994
 11
-2.51999
 21
-0.363983
  0
LINE
  8
0
 10
-2.51999
 20
-0.363983
 11
2.51999
 21
-0.363983
  0
LINE
  8
0
 10
2.51999
 20
-0.363983
 11
2.51999
 21
-0.371994
  0
LINE
  8
0
 10
2.51999
 20
-0.371994
 11
-2.51999
 21
-0.371994
  0
LINE
  8
0
 10
11.88
 20
-0.403992
 11
11.88
 21
-0.395996
  0
LINE
  8
0
 10
11.88
 20
-0.395996
 11
16.92
 21
-0.395996
  0
LINE
  8
0
 10
16.92
 20
-0.395996
 11
16.92
 21
-0.403992
  0
LINE
  8
0
 10
16.92
 20
-0.403992
 11
11.88
 21
-0.403992
  0
LINE
  8
0
 10
69.48
 20
-0.403992
 11
69.48
 21
-0.395996
  0
LINE
  8
0
 10
69.48
 20
-0.395996
 11
74.52
 21
-0.395996
  0
LINE
  8
0
 10
74.52
 20
-0.395996
 11
74.52
 21
-0.403992
  0
LINE
  8
0
 10
74.52
 20
-0.403992
 11
69.48
 21
-0.403992
  0
LINE
  8
0
 10
55.08
 20
-0.403992
 11
55.08
 21
-0.395996
  0
LINE
  8
0
 10
55.08
 20
-0.395996
 11
60.12
 21
-0.395996
  0
LINE
  8
0
 10
60.12
 20
-0.395996
 11
60.12
 21
-0.403992
  0
LINE
  8
0
 10
60.12
 20
-0.403992
 11
55.08
 21
-0.403992
  0
LINE
  8
0
 10
40.68
 20
-0.403992
 11
40.68
 21
-0.395996
  0
LINE
  8
0
 10
40.68
 20
-0.395996
 11
45.72
 21
-0.395996
  0
LINE
  8
0
 10
45.72
 20
-0.395996
 11
45.72
 21
-0.403992
  0
LINE
  8
0
 10
45.72
 20
-0.403992
 11
40.68
 21
-0.403992
  0
LINE
  8
0
 10
26.28
 20
-0.403992
 11
26.28
 21
-0.395996
  0
LINE
  8
0
 10
26.28
 20
-0.395996
 11
31.32
 21
-0.395996
  0
LINE
  8
0
 10
31.32
 20
-0.395996
 11
31.32
 21
-0.403992
  0
LINE
  8
0
 10
31.32
 20
-0.403992
 11
26.28
 21
-0.403992
  0
LINE
  8
0
 10
-2.51999
 20
-0.403992
 11
-2.51999
 21
-0.395996
  0
LINE
  8
0
 10
-2.51999
 20
-0.395996
 11
2.51999
 21
-0.395996
  0
LINE
  8
0
 10
2.51999
 20
-0.395996
 11
2.51999
 21
-0.403992
  0
LINE
  8
0
 10
2.51999
 20
-0.403992
 11
-2.51999
 21
-0.403992
  0
LINE
  8
0
 10
-2.51999
 20
-0.435989
 11
-2.51999
 21
-0.427979
  0
LINE
  8
0
 10
-2.51999
 20
-0.427979
 11
2.51999
 21
-0.427979
  0
LINE
  8
0
 10
2.51999
 20
-0.427979
 11
2.51999
 21
-0.435989
  0
LINE
  8
0
 10
2.51999
 20
-0.435989
 11
-2.51999
 21
-0.435989
  0
LINE
  8
0
 10
55.08
 20
-0.435989
 11
55.08
 21
-0.427979
  0
LINE
  8
0
 10
55.08
 20
-0.427979
 11
60.12
 21
-0.427979
  0
LINE
  8
0
 10
60.12
 20
-0.427979
 11
60.12
 21
-0.435989
  0
LINE
  8
0
 10
60.12
 20
-0.435989
 11
55.08
 21
-0.435989
  0
LINE
  8
0
 10
69.48
 20
-0.435989
 11
69.48
 21
-0.427979
  0
LINE
  8
0
 10
69.48
 20
-0.427979
 11
74.52
 21
-0.427979
  0
LINE
  8
0
 10
74.52
 20
-0.427979
 11
74.52
 21
-0.435989
  0
LINE
  8
0
 10
74.52
 20
-0.435989
 11
69.48
 21
-0.435989
  0
LINE
  8
0
 10
26.28
 20
-0.435989
 11
26.28
 21
-0.427979
  0
LINE
  8
0
 10
26.28
 20
-0.427979
 11
31.32
 21
-0.427979
  0
LINE
  8
0
 10
31.32
 20
-0.427979
 11
31.32
 21
-0.435989
  0
LINE
  8
0
 10
31.32
 20
-0.435989
 11
26.28
 21
-0.435989
  0
LINE
  8
0
 10
11.88
 20
-0.435989
 11
11.88
 21
-0.427979
  0
LINE
  8
0
 10
11.88
 20
-0.427979
 11
16.92
 21
-0.427979
  0
LINE
  8
0
 10
16.92
 20
-0.427979
 11
16.92
 21
-0.435989
  0
LINE
  8
0
 10
16.92
 20
-0.435989
 11
11.88
 21
-0.435989
  0
LINE
  8
0
 10
40.68
 20
-0.435989
 11
40.68
 21
-0.427979
  0
LINE
  8
0
 10
40.68
 20
-0.427979
 11
45.72
 21
-0.427979
  0
LINE
  8
0
 10
45.72
 20
-0.427979
 11
45.72
 21
-0.435989
  0
LINE
  8
0
 10
45.72
 20
-0.435989
 11
40.68
 21
-0.435989
  0
LINE
  8
0
 10
26.28
 20
-0.467987
 11
26.28
 21
-0.459991
  0
LINE
  8
0
 10
26.28
 20
-0.459991
 11
31.32
 21
-0.459991
  0
LINE
  8
0
 10
31.32
 20
-0.459991
 11
31.32
 21
-0.467987
  0
LINE
  8
0
 10
31.32
 20
-0.467987
 11
26.28
 21
-0.467987
  0
LINE
  8
0
 10
11.88
 20
-0.467987
 11
11.88
 21
-0.459991
  0
LINE
  8
0
 10
11.88
 20
-0.459991
 11
16.92
 21
-0.459991
  0
LINE
  8
0
 10
16.92
 20
-0.459991
 11
16.92
 21
-0.467987
  0
LINE
  8
0
 10
16.92
 20
-0.467987
 11
11.88
 21
-0.467987
  0
LINE
  8
0
 10
55.08
 20
-0.467987
 11
55.08
 21
-0.459991
  0
LINE
  8
0
 10
55.08
 20
-0.459991
 11
60.12
 21
-0.459991
  0
LINE
  8
0
 10
60.12
 20
-0.459991
 11
60.12
 21
-0.467987
  0
LINE
  8
0
 10
60.12
 20
-0.467987
 11
55.08
 21
-0.467987
  0
LINE
  8
0
 10
40.68
 20
-0.467987
 11
40.68
 21
-0.459991
  0
LINE
  8
0
 10
40.68
 20
-0.459991
 11
45.72
 21
-0.459991
  0
LINE
  8
0
 10
45.72
 20
-0.459991
 11
45.72
 21
-0.467987
  0
LINE
  8
0
 10
45.72
 20
-0.467987
 11
40.68
 21
-0.467987
  0
LINE
  8
0
 10
-2.51999
 20
-0.467987
 11
-2.51999
 21
-0.459991
  0
LINE
  8
0
 10
-2.51999
 20
-0.459991
 11
2.51999
 21
-0.459991
  0
LINE
  8
0
 10
2.51999
 20
-0.459991
 11
2.51999
 21
-0.467987
  0
LINE
  8
0
 10
2.51999
 20
-0.467987
 11
-2.51999
 21
-0.467987
  0
LINE
  8
0
 10
69.48
 20
-0.467987
 11
69.48
 21
-0.459991
  0
LINE
  8
0
 10
69.48
 20
-0.459991
 11
74.52
 21
-0.459991
  0
LINE
  8
0
 10
74.52
 20
-0.459991
 11
74.52
 21
-0.467987
  0
LINE
  8
0
 10
74.52
 20
-0.467987
 11
69.48
 21
-0.467987
  0
LINE
  8
0
 10
55.08
 20
-0.5
 11
55.08
 21
-0.491989
  0
LINE
  8
0
 10
55.08
 20
-0.491989
 11
60.12
 21
-0.491989
  0
LINE
  8
0
 10
60.12
 20
-0.491989
 11
60.12
 21
-0.5
  0
LINE
  8
0
 10
60.12
 20
-0.5
 11
55.08
 21
-0.5
  0
LINE
  8
0
 10
69.48
 20
-0.5
 11
69.48
 21
-0.491989
  0
LINE
  8
0
 10
69.48
 20
-0.491989
 11
74.52
 21
-0.491989
  0
LINE
  8
0
 10
74.52
 20
-0.491989
 11
74.52
 21
-0.5
  0
LINE
  8
0
 10
74.52
 20
-0.5
 11
69.48
 21
-0.5
  0
LINE
  8
0
 10
26.28
 20
-0.5
 11
26.28
 21
-0.491989
  0
LINE
  8
0
 10
26.28
 20
-0.491989
 11
31.32
 21
-0.491989
  0
LINE
  8
0
 10
31.32
 20
-0.491989
 11
31.32
 21
-0.5
  0
LINE
  8
0
 10
31.32
 20
-0.5
 11
26.28
 21
-0.5
  0
LINE
  8
0
 10
11.88
 20
-0.5
 11
11.88
 21
-0.491989
  0
LINE
  8
0
 10
11.88
 20
-0.491989
 11
16.92
 21
-0.491989
  0
LINE
  8
0
 10
16.92
 20
-0.491989
 11
16.92
 21
-0.5
  0
LINE
  8
0
 10
16.92
 20
-0.5
 11
11.88
 21
-0.5
  0
LINE
  8
0
 10
-2.51999
 20
-0.5
 11
-2.51999
 21
-0.491989
  0
LINE
  8
0
 10
-2.51999
 20
-0.491989
 11
2.51999
 21
-0.491989
  0
LINE
  8
0
 10
2.51999
 20
-0.491989
 11
2.51999
 21
-0.5
  0
LINE
  8
0
 10
2.51999
 20
-0.5
 11
-2.51999
 21
-0.5
  0
LINE
  8
0
 10
40.68
 20
-0.5
 11
40.68
 21
-0.491989
  0
LINE
  8
0
 10
40.68
 20
-0.491989
 11
45.72
 21
-0.491989
  0
LINE
  8
0
 10
45.72
 20
-0.491989
 11
45.72
 21
-0.5
  0
LINE
  8
0
 10
45.72
 20
-0.5
 11
40.68
 21
-0.5
  0
LINE
  8
0
 10
69.48
 20
-0.531982
 11
69.48
 21
-0.523987
  0
LINE
  8
0
 10
69.48
 20
-0.523987
 11
74.52
 21
-0.523987
  0
LINE
  8
0
 10
74.52
 20
-0.523987
 11
74.52
 21
-0.531982
  0
LINE
  8
0
 10
74.52
 20
-0.531982
 11
69.48
 21
-0.531982
  0
LINE
  8
0
 10
-2.51999
 20
-0.531982
 11
-2.51999
 21
-0.523987
  0
LINE
  8
0
 10
-2.51999
 20
-0.523987
 11
2.51999
 21
-0.523987
  0
LINE
  8
0
 10
2.51999
 20
-0.523987
 11
2.51999
 21
-0.531982
  0
LINE
  8
0
 10
2.51999
 20
-0.531982
 11
-2.51999
 21
-0.531982
  0
LINE
  8
0
 10
40.68
 20
-0.531982
 11
40.68
 21
-0.523987
  0
LINE
  8
0
 10
40.68
 20
-0.523987
 11
45.72
 21
-0.523987
  0
LINE
  8
0
 10
45.72
 20
-0.523987
 11
45.72
 21
-0.531982
  0
LINE
  8
0
 10
45.72
 20
-0.531982
 11
40.68
 21
-0.531982
  0
LINE
  8
0
 10
11.88
 20
-0.531982
 11
11.88
 21
-0.523987
  0
LINE
  8
0
 10
11.88
 20
-0.523987
 11
16.92
 21
-0.523987
  0
LINE
  8
0
 10
16.92
 20
-0.523987
 11
16.92
 21
-0.531982
  0
LINE
  8
0
 10
16.92
 20
-0.531982
 11
11.88
 21
-0.531982
  0
LINE
  8
0
 10
55.08
 20
-0.531982
 11
55.08
 21
-0.523987
  0
LINE
  8
0
 10
55.08
 20
-0.523987
 11
60.12
 21
-0.523987
  0
LINE
  8
0
 10
60.12
 20
-0.523987
 11
60.12
 21
-0.531982
  0
LINE
  8
0
 10
60.12
 20
-0.531982
 11
55.08
 21
-0.531982
  0
LINE
  8
0
 10
26.28
 20
-0.531982
 11
26.28
 21
-0.523987
  0
LINE
  8
0
 10
26.28
 20
-0.523987
 11
31.32
 21
-0.523987
  0
LINE
  8
0
 10
31.32
 20
-0.523987
 11
31.32
 21
-0.531982
  0
LINE
  8
0
 10
31.32
 20
-0.531982
 11
26.28
 21
-0.531982
  0
LINE
  8
0
 10
-2.51999
 20
-0.56398
 11
-2.51999
 21
-0.555984
  0
LINE
  8
0
 10
-2.51999
 20
-0.555984
 11
2.51999
 21
-0.555984
  0
LINE
  8
0
 10
2.51999
 20
-0.555984
 11
2.51999
 21
-0.56398
  0
LINE
  8
0
 10
2.51999
 20
-0.56398
 11
-2.51999
 21
-0.56398
  0
LINE
  8
0
 10
40.68
 20
-0.56398
 11
40.68
 21
-0.555984
  0
LINE
  8
0
 10
40.68
 20
-0.555984
 11
45.72
 21
-0.555984
  0
LINE
  8
0
 10
45.72
 20
-0.555984
 11
45.72
 21
-0.56398
  0
LINE
  8
0
 10
45.72
 20
-0.56398
 11
40.68
 21
-0.56398
  0
LINE
  8
0
 10
26.28
 20
-0.56398
 11
26.28
 21
-0.555984
  0
LINE
  8
0
 10
26.28
 20
-0.555984
 11
31.32
 21
-0.555984
  0
LINE
  8
0
 10
31.32
 20
-0.555984
 11
31.32
 21
-0.56398
  0
LINE
  8
0
 10
31.32
 20
-0.56398
 11
26.28
 21
-0.56398
  0
LINE
  8
0
 10
11.88
 20
-0.56398
 11
11.88
 21
-0.555984
  0
LINE
  8
0
 10
11.88
 20
-0.555984
 11
16.92
 21
-0.555984
  0
LINE
  8
0
 10
16.92
 20
-0.555984
 11
16.92
 21
-0.56398
  0
LINE
  8
0
 10
16.92
 20
-0.56398
 11
11.88
 21
-0.56398
  0
LINE
  8
0
 10
55.08
 20
-0.56398
 11
55.08
 21
-0.555984
  0
LINE
  8
0
 10
55.08
 20
-0.555984
 11
60.12
 21
-0.555984
  0
LINE
  8
0
 10
60.12
 20
-0.555984
 11
60.12
 21
-0.56398
  0
LINE
  8
0
 10
60.12
 20
-0.56398
 11
55.08
 21
-0.56398
  0
LINE
  8
0
 10
69.48
 20
-0.56398
 11
69.48
 21
-0.555984
  0
LINE
  8
0
 10
69.48
 20
-0.555984
 11
74.52
 21
-0.555984
  0
LINE
  8
0
 10
74.52
 20
-0.555984
 11
74.52
 21
-0.56398
  0
LINE
  8
0
 10
74.52
 20
-0.56398
 11
69.48
 21
-0.56398
  0
LINE
  8
0
 10
11.88
 20
-0.595993
 11
11.88
 21
-0.587982
  0
LINE
  8
0
 10
11.88
 20
-0.587982
 11
16.92
 21
-0.587982
  0
LINE
  8
0
 10
16.92
 20
-0.587982
 11
16.92
 21
-0.595993
  0
LINE
  8
0
 10
16.92
 20
-0.595993
 11
11.88
 21
-0.595993
  0
LINE
  8
0
 10
-2.51999
 20
-0.595993
 11
-2.51999
 21
-0.587982
  0
LINE
  8
0
 10
-2.51999
 20
-0.587982
 11
2.51999
 21
-0.587982
  0
LINE
  8
0
 10
2.51999
 20
-0.587982
 11
2.51999
 21
-0.595993
  0
LINE
  8
0
 10
2.51999
 20
-0.595993
 11
-2.51999
 21
-0.595993
  0
LINE
  8
0
 10
55.08
 20
-0.595993
 11
55.08
 21
-0.587982
  0
LINE
  8
0
 10
55.08
 20
-0.587982
 11
60.12
 21
-0.587982
  0
LINE
  8
0
 10
60.12
 20
-0.587982
 11
60.12
 21
-0.595993
  0
LINE
  8
0
 10
60.12
 20
-0.595993
 11
55.08
 21
-0.595993
  0
LINE
  8
0
 10
69.48
 20
-0.595993
 11
69.48
 21
-0.587982
  0
LINE
  8
0
 10
69.48
 20
-0.587982
 11
74.52
 21
-0.587982
  0
LINE
  8
0
 10
74.52
 20
-0.587982
 11
74.52
 21
-0.595993
  0
LINE
  8
0
 10
74.52
 20
-0.595993
 11
69.48
 21
-0.595993
  0
LINE
  8
0
 10
26.28
 20
-0.595993
 11
26.28
 21
-0.587982
  0
LINE
  8
0
 10
26.28
 20
-0.587982
 11
31.32
 21
-0.587982
  0
LINE
  8
0
 10
31.32
 20
-0.587982
 11
31.32
 21
-0.595993
  0
LINE
  8
0
 10
31.32
 20
-0.595993
 11
26.28
 21
-0.595993
  0
LINE
  8
0
 10
40.68
 20
-0.595993
 11
40.68
 21
-0.587982
  0
LINE
  8
0
 10
40.68
 20
-0.587982
 11
45.72
 21
-0.587982
  0
LINE
  8
0
 10
45.72
 20
-0.587982
 11
45.72
 21
-0.595993
  0
LINE
  8
0
 10
45.72
 20
-0.595993
 11
40.68
 21
-0.595993
  0
LINE
  8
0
 10
-2.51999
 20
-0.627991
 11
-2.51999
 21
-0.619995
  0
LINE
  8
0
 10
-2.51999
 20
-0.619995
 11
2.51999
 21
-0.619995
  0
LINE
  8
0
 10
2.51999
 20
-0.619995
 11
2.51999
 21
-0.627991
  0
LINE
  8
0
 10
2.51999
 20
-0.627991
 11
-2.51999
 21
-0.627991
  0
LINE
  8
0
 10
69.48
 20
-0.627991
 11
69.48
 21
-0.619995
  0
LINE
  8
0
 10
69.48
 20
-0.619995
 11
74.52
 21
-0.619995
  0
LINE
  8
0
 10
74.52
 20
-0.619995
 11
74.52
 21
-0.627991
  0
LINE
  8
0
 10
74.52
 20
-0.627991
 11
69.48
 21
-0.627991
  0
LINE
  8
0
 10
55.08
 20
-0.627991
 11
55.08
 21
-0.619995
  0
LINE
  8
0
 10
55.08
 20
-0.619995
 11
60.12
 21
-0.619995
  0
LINE
  8
0
 10
60.12
 20
-0.619995
 11
60.12
 21
-0.627991
  0
LINE
  8
0
 10
60.12
 20
-0.627991
 11
55.08
 21
-0.627991
  0
LINE
  8
0
 10
26.28
 20
-0.627991
 11
26.28
 21
-0.619995
  0
LINE
  8
0
 10
26.28
 20
-0.619995
 11
31.32
 21
-0.619995
  0
LINE
  8
0
 10
31.32
 20
-0.619995
 11
31.32
 21
-0.627991
  0
LINE
  8
0
 10
31.32
 20
-0.627991
 11
26.28
 21
-0.627991
  0
LINE
  8
0
 10
11.88
 20
-0.627991
 11
11.88
 21
-0.619995
  0
LINE
  8
0
 10
11.88
 20
-0.619995
 11
16.92
 21
-0.619995
  0
LINE
  8
0
 10
16.92
 20
-0.619995
 11
16.92
 21
-0.627991
  0
LINE
  8
0
 10
16.92
 20
-0.627991
 11
11.88
 21
-0.627991
  0
LINE
  8
0
 10
40.68
 20
-0.627991
 11
40.68
 21
-0.619995
  0
LINE
  8
0
 10
40.68
 20
-0.619995
 11
45.72
 21
-0.619995
  0
LINE
  8
0
 10
45.72
 20
-0.619995
 11
45.72
 21
-0.627991
  0
LINE
  8
0
 10
45.72
 20
-0.627991
 11
40.68
 21
-0.627991
  0
LINE
  8
0
 10
11.88
 20
-0.659988
 11
11.88
 21
-0.651978
  0
LINE
  8
0
 10
11.88
 20
-0.651978
 11
16.92
 21
-0.651978
  0
LINE
  8
0
 10
16.92
 20
-0.651978
 11
16.92
 21
-0.659988
  0
LINE
  8
0
 10
16.92
 20
-0.659988
 11
11.88
 21
-0.659988
  0
LINE
  8
0
 10
26.28
 20
-0.659988
 11
26.28
 21
-0.651978
  0
LINE
  8
0
 10
26.28
 20
-0.651978
 11
31.32
 21
-0.651978
  0
LINE
  8
0
 10
31.32
 20
-0.651978
 11
31.32
 21
-0.659988
  0
LINE
  8
0
 10
31.32
 20
-0.659988
 11
26.28
 21
-0.659988
  0
LINE
  8
0
 10
-2.51999
 20
-0.659988
 11
-2.51999
 21
-0.651978
  0
LINE
  8
0
 10
-2.51999
 20
-0.651978
 11
2.51999
 21
-0.651978
  0
LINE
  8
0
 10
2.51999
 20
-0.651978
 11
2.51999
 21
-0.659988
  0
LINE
  8
0
 10
2.51999
 20
-0.659988
 11
-2.51999
 21
-0.659988
  0
LINE
  8
0
 10
40.68
 20
-0.659988
 11
40.68
 21
-0.651978
  0
LINE
  8
0
 10
40.68
 20
-0.651978
 11
45.72
 21
-0.651978
  0
LINE
  8
0
 10
45.72
 20
-0.651978
 11
45.72
 21
-0.659988
  0
LINE
  8
0
 10
45.72
 20
-0.659988
 11
40.68
 21
-0.659988
  0
LINE
  8
0
 10
55.08
 20
-0.659988
 11
55.08
 21
-0.651978
  0
LINE
  8
0
 10
55.08
 20
-0.651978
 11
60.12
 21
-0.651978
  0
LINE
  8
0
 10
60.12
 20
-0.651978
 11
60.12
 21
-0.659988
  0
LINE
  8
0
 10
60.12
 20
-0.659988
 11
55.08
 21
-0.659988
  0
LINE
  8
0
 10
69.48
 20
-0.659988
 11
69.48
 21
-0.651978
  0
LINE
  8
0
 10
69.48
 20
-0.651978
 11
74.52
 21
-0.651978
  0
LINE
  8
0
 10
74.52
 20
-0.651978
 11
74.52
 21
-0.659988
  0
LINE
  8
0
 10
74.52
 20
-0.659988
 11
69.48
 21
-0.659988
  0
LINE
  8
0
 10
69.48
 20
-0.691986
 11
69.48
 21
-0.68399
  0
LINE
  8
0
 10
69.48
 20
-0.68399
 11
74.52
 21
-0.68399
  0
LINE
  8
0
 10
74.52
 20
-0.68399
 11
74.52
 21
-0.691986
  0
LINE
  8
0
 10
74.52
 20
-0.691986
 11
69.48
 21
-0.691986
  0
LINE
  8
0
 10
40.68
 20
-0.691986
 11
40.68
 21
-0.68399
  0
LINE
  8
0
 10
40.68
 20
-0.68399
 11
45.72
 21
-0.68399
  0
LINE
  8
0
 10
45.72
 20
-0.68399
 11
45.72
 21
-0.691986
  0
LINE
  8
0
 10
45.72
 20
-0.691986
 11
40.68
 21
-0.691986
  0
LINE
  8
0
 10
55.08
 20
-0.691986
 11
55.08
 21
-0.68399
  0
LINE
  8
0
 10
55.08
 20
-0.68399
 11
60.12
 21
-0.68399
  0
LINE
  8
0
 10
60.12
 20
-0.68399
 11
60.12
 21
-0.691986
  0
LINE
  8
0
 10
60.12
 20
-0.691986
 11
55.08
 21
-0.691986
  0
LINE
  8
0
 10
-2.51999
 20
-0.691986
 11
-2.51999
 21
-0.68399
  0
LINE
  8
0
 10
-2.51999
 20
-0.68399
 11
2.51999
 21
-0.68399
  0
LINE
  8
0
 10
2.51999
 20
-0.68399
 11
2.51999
 21
-0.691986
  0
LINE
  8
0
 10
2.51999
 20
-0.691986
 11
-2.51999
 21
-0.691986
  0
LINE
  8
0
 10
26.28
 20
-0.691986
 11
26.28
 21
-0.68399
  0
LINE
  8
0
 10
26.28
 20
-0.68399
 11
31.32
 21
-0.68399
  0
LINE
  8
0
 10
31.32
 20
-0.68399
 11
31.32
 21
-0.691986
  0
LINE
  8
0
 10
31.32
 20
-0.691986
 11
26.28
 21
-0.691986
  0
LINE
  8
0
 10
11.88
 20
-0.691986
 11
11.88
 21
-0.68399
  0
LINE
  8
0
 10
11.88
 20
-0.68399
 11
16.92
 21
-0.68399
  0
LINE
  8
0
 10
16.92
 20
-0.68399
 11
16.92
 21
-0.691986
  0
LINE
  8
0
 10
16.92
 20
-0.691986
 11
11.88
 21
-0.691986
  0
LINE
  8
0
 10
26.28
 20
-0.723999
 11
26.28
 21
-0.715988
  0
LINE
  8
0
 10
26.28
 20
-0.715988
 11
31.32
 21
-0.715988
  0
LINE
  8
0
 10
31.32
 20
-0.715988
 11
31.32
 21
-0.723999
  0
LINE
  8
0
 10
31.32
 20
-0.723999
 11
26.28
 21
-0.723999
  0
LINE
  8
0
 10
69.48
 20
-0.723999
 11
69.48
 21
-0.715988
  0
LINE
  8
0
 10
69.48
 20
-0.715988
 11
74.52
 21
-0.715988
  0
LINE
  8
0
 10
74.52
 20
-0.715988
 11
74.52
 21
-0.723999
  0
LINE
  8
0
 10
74.52
 20
-0.723999
 11
69.48
 21
-0.723999
  0
LINE
  8
0
 10
11.88
 20
-0.723999
 11
11.88
 21
-0.715988
  0
LINE
  8
0
 10
11.88
 20
-0.715988
 11
16.92
 21
-0.715988
  0
LINE
  8
0
 10
16.92
 20
-0.715988
 11
16.92
 21
-0.723999
  0
LINE
  8
0
 10
16.92
 20
-0.723999
 11
11.88
 21
-0.723999
  0
LINE
  8
0
 10
-2.51999
 20
-0.723999
 11
-2.51999
 21
-0.715988
  0
LINE
  8
0
 10
-2.51999
 20
-0.715988
 11
2.51999
 21
-0.715988
  0
LINE
  8
0
 10
2.51999
 20
-0.715988
 11
2.51999
 21
-0.723999
  0
LINE
  8
0
 10
2.51999
 20
-0.723999
 11
-2.51999
 21
-0.723999
  0
LINE
  8
0
 10
40.68
 20
-0.723999
 11
40.68
 21
-0.715988
  0
LINE
  8
0
 10
40.68
 20
-0.715988
 11
45.72
 21
-0.715988
  0
LINE
  8
0
 10
45.72
 20
-0.715988
 11
45.72
 21
-0.723999
  0
LINE
  8
0
 10
45.72
 20
-0.723999
 11
40.68
 21
-0.723999
  0
LINE
  8
0
 10
55.08
 20
-0.723999
 11
55.08
 21
-0.715988
  0
LINE
  8
0
 10
55.08
 20
-0.715988
 11
60.12
 21
-0.715988
  0
LINE
  8
0
 10
60.12
 20
-0.715988
 11
60.12
 21
-0.723999
  0
LINE
  8
0
 10
60.12
 20
-0.723999
 11
55.08
 21
-0.723999
  0
LINE
  8
0
 10
69.48
 20
-0.755981
 11
69.48
 21
-0.747986
  0
LINE
  8
0
 10
69.48
 20
-0.747986
 11
74.52
 21
-0.747986
  0
LINE
  8
0
 10
74.52
 20
-0.747986
 11
74.52
 21
-0.755981
  0
LINE
  8
0
 10
74.52
 20
-0.755981
 11
69.48
 21
-0.755981
  0
LINE
  8
0
 10
26.28
 20
-0.755981
 11
26.28
 21
-0.747986
  0
LINE
  8
0
 10
26.28
 20
-0.747986
 11
31.32
 21
-0.747986
  0
LINE
  8
0
 10
31.32
 20
-0.747986
 11
31.32
 21
-0.755981
  0
LINE
  8
0
 10
31.32
 20
-0.755981
 11
26.28
 21
-0.755981
  0
LINE
  8
0
 10
11.88
 20
-0.755981
 11
11.88
 21
-0.747986
  0
LINE
  8
0
 10
11.88
 20
-0.747986
 11
16.92
 21
-0.747986
  0
LINE
  8
0
 10
16.92
 20
-0.747986
 11
16.92
 21
-0.755981
  0
LINE
  8
0
 10
16.92
 20
-0.755981
 11
11.88
 21
-0.755981
  0
LINE
  8
0
 10
-2.51999
 20
-0.755981
 11
-2.51999
 21
-0.747986
  0
LINE
  8
0
 10
-2.51999
 20
-0.747986
 11
2.51999
 21
-0.747986
  0
LINE
  8
0
 10
2.51999
 20
-0.747986
 11
2.51999
 21
-0.755981
  0
LINE
  8
0
 10
2.51999
 20
-0.755981
 11
-2.51999
 21
-0.755981
  0
LINE
  8
0
 10
40.68
 20
-0.755981
 11
40.68
 21
-0.747986
  0
LINE
  8
0
 10
40.68
 20
-0.747986
 11
45.72
 21
-0.747986
  0
LINE
  8
0
 10
45.72
 20
-0.747986
 11
45.72
 21
-0.755981
  0
LINE
  8
0
 10
45.72
 20
-0.755981
 11
40.68
 21
-0.755981
  0
LINE
  8
0
 10
55.08
 20
-0.755981
 11
55.08
 21
-0.747986
  0
LINE
  8
0
 10
55.08
 20
-0.747986
 11
60.12
 21
-0.747986
  0
LINE
  8
0
 10
60.12
 20
-0.747986
 11
60.12
 21
-0.755981
  0
LINE
  8
0
 10
60.12
 20
-0.755981
 11
55.08
 21
-0.755981
  0
LINE
  8
0
 10
40.68
 20
-0.787979
 11
40.68
 21
-0.779984
  0
LINE
  8
0
 10
40.68
 20
-0.779984
 11
45.72
 21
-0.779984
  0
LINE
  8
0
 10
45.72
 20
-0.779984
 11
45.72
 21
-0.787979
  0
LINE
  8
0
 10
45.72
 20
-0.787979
 11
40.68
 21
-0.787979
  0
LINE
  8
0
 10
-2.51999
 20
-0.787979
 11
-2.51999
 21
-0.779984
  0
LINE
  8
0
 10
-2.51999
 20
-0.779984
 11
2.51999
 21
-0.779984
  0
LINE
  8
0
 10
2.51999
 20
-0.779984
 11
2.51999
 21
-0.787979
  0
LINE
  8
0
 10
2.51999
 20
-0.787979
 11
-2.51999
 21
-0.787979
  0
LINE
  8
0
 10
55.08
 20
-0.787979
 11
55.08
 21
-0.779984
  0
LINE
  8
0
 10
55.08
 20
-0.779984
 11
60.12
 21
-0.779984
  0
LINE
  8
0
 10
60.12
 20
-0.779984
 11
60.12
 21
-0.787979
  0
LINE
  8
0
 10
60.12
 20
-0.787979
 11
55.08
 21
-0.787979
  0
LINE
  8
0
 10
69.48
 20
-0.787979
 11
69.48
 21
-0.779984
  0
LINE
  8
0
 10
69.48
 20
-0.779984
 11
74.52
 21
-0.779984
  0
LINE
  8
0
 10
74.52
 20
-0.779984
 11
74.52
 21
-0.787979
  0
LINE
  8
0
 10
74.52
 20
-0.787979
 11
69.48
 21
-0.787979
  0
LINE
  8
0
 10
26.28
 20
-0.787979
 11
26.28
 21
-0.779984
  0
LINE
  8
0
 10
26.28
 20
-0.779984
 11
31.32
 21
-0.779984
  0
LINE
  8
0
 10
31.32
 20
-0.779984
 11
31.32
 21
-0.787979
  0
LINE
  8
0
 10
31.32
 20
-0.787979
 11
26.28
 21
-0.787979
  0
LINE
  8
0
 10
11.88
 20
-0.787979
 11
11.88
 21
-0.779984
  0
LINE
  8
0
 10
11.88
 20
-0.779984
 11
16.92
 21
-0.779984
  0
LINE
  8
0
 10
16.92
 20
-0.779984
 11
16.92
 21
-0.787979
  0
LINE
  8
0
 10
16.92
 20
-0.787979
 11
11.88
 21
-0.787979
  0
LINE
  8
0
 10
11.88
 20
-0.819992
 11
11.88
 21
-0.811996
  0
LINE
  8
0
 10
11.88
 20
-0.811996
 11
16.92
 21
-0.811996
  0
LINE
  8
0
 10
16.92
 20
-0.811996
 11
16.92
 21
-0.819992
  0
LINE
  8
0
 10
16.92
 20
-0.819992
 11
11.88
 21
-0.819992
  0
LINE
  8
0
 10
-2.51999
 20
-0.819992
 11
-2.51999
 21
-0.811996
  0
LINE
  8
0
 10
-2.51999
 20
-0.811996
 11
2.51999
 21
-0.811996
  0
LINE
  8
0
 10
2.51999
 20
-0.811996
 11
2.51999
 21
-0.819992
  0
LINE
  8
0
 10
2.51999
 20
-0.819992
 11
-2.51999
 21
-0.819992
  0
LINE
  8
0
 10
69.48
 20
-0.819992
 11
69.48
 21
-0.811996
  0
LINE
  8
0
 10
69.48
 20
-0.811996
 11
74.52
 21
-0.811996
  0
LINE
  8
0
 10
74.52
 20
-0.811996
 11
74.52
 21
-0.819992
  0
LINE
  8
0
 10
74.52
 20
-0.819992
 11
69.48
 21
-0.819992
  0
LINE
  8
0
 10
40.68
 20
-0.819992
 11
40.68
 21
-0.811996
  0
LINE
  8
0
 10
40.68
 20
-0.811996
 11
45.72
 21
-0.811996
  0
LINE
  8
0
 10
45.72
 20
-0.811996
 11
45.72
 21
-0.819992
  0
LINE
  8
0
 10
45.72
 20
-0.819992
 11
40.68
 21
-0.819992
  0
LINE
  8
0
 10
55.08
 20
-0.819992
 11
55.08
 21
-0.811996
  0
LINE
  8
0
 10
55.08
 20
-0.811996
 11
60.12
 21
-0.811996
  0
LINE
  8
0
 10
60.12
 20
-0.811996
 11
60.12
 21
-0.819992
  0
LINE
  8
0
 10
60.12
 20
-0.819992
 11
55.08
 21
-0.819992
  0
LINE
  8
0
 10
26.28
 20
-0.819992
 11
26.28
 21
-0.811996
  0
LINE
  8
0
 10
26.28
 20
-0.811996
 11
31.32
 21
-0.811996
  0
LINE
  8
0
 10
31.32
 20
-0.811996
 11
31.32
 21
-0.819992
  0
LINE
  8
0
 10
31.32
 20
-0.819992
 11
26.28
 21
-0.819992
  0
LINE
  8
0
 10
-2.51999
 20
-0.85199
 11
-2.51999
 21
-0.843994
  0
LINE
  8
0
 10
-2.51999
 20
-0.843994
 11
2.51999
 21
-0.843994
  0
LINE
  8
0
 10
2.51999
 20
-0.843994
 11
2.51999
 21
-0.85199
  0
LINE
  8
0
 10
2.51999
 20
-0.85199
 11
-2.51999
 21
-0.85199
  0
LINE
  8
0
 10
11.88
 20
-0.85199
 11
11.88
 21
-0.843994
  0
LINE
  8
0
 10
11.88
 20
-0.843994
 11
16.92
 21
-0.843994
  0
LINE
  8
0
 10
16.92
 20
-0.843994
 11
16.92
 21
-0.85199
  0
LINE
  8
0
 10
16.92
 20
-0.85199
 11
11.88
 21
-0.85199
  0
LINE
  8
0
 10
55.08
 20
-0.85199
 11
55.08
 21
-0.843994
  0
LINE
  8
0
 10
55.08
 20
-0.843994
 11
60.12
 21
-0.843994
  0
LINE
  8
0
 10
60.12
 20
-0.843994
 11
60.12
 21
-0.85199
  0
LINE
  8
0
 10
60.12
 20
-0.85199
 11
55.08
 21
-0.85199
  0
LINE
  8
0
 10
26.28
 20
-0.85199
 11
26.28
 21
-0.843994
  0
LINE
  8
0
 10
26.28
 20
-0.843994
 11
31.32
 21
-0.843994
  0
LINE
  8
0
 10
31.32
 20
-0.843994
 11
31.32
 21
-0.85199
  0
LINE
  8
0
 10
31.32
 20
-0.85199
 11
26.28
 21
-0.85199
  0
LINE
  8
0
 10
69.48
 20
-0.85199
 11
69.48
 21
-0.843994
  0
LINE
  8
0
 10
69.48
 20
-0.843994
 11
74.52
 21
-0.843994
  0
LINE
  8
0
 10
74.52
 20
-0.843994
 11
74.52
 21
-0.85199
  0
LINE
  8
0
 10
74.52
 20
-0.85199
 11
69.48
 21
-0.85199
  0
LINE
  8
0
 10
40.68
 20
-0.85199
 11
40.68
 21
-0.843994
  0
LINE
  8
0
 10
40.68
 20
-0.843994
 11
45.72
 21
-0.843994
  0
LINE
  8
0
 10
45.72
 20
-0.843994
 11
45.72
 21
-0.85199
  0
LINE
  8
0
 10
45.72
 20
-0.85199
 11
40.68
 21
-0.85199
  0
LINE
  8
0
 10
55.08
 20
-0.883987
 11
55.08
 21
-0.875977
  0
LINE
  8
0
 10
55.08
 20
-0.875977
 11
60.12
 21
-0.875977
  0
LINE
  8
0
 10
60.12
 20
-0.875977
 11
60.12
 21
-0.883987
  0
LINE
  8
0
 10
60.12
 20
-0.883987
 11
55.08
 21
-0.883987
  0
LINE
  8
0
 10
11.88
 20
-0.883987
 11
11.88
 21
-0.875977
  0
LINE
  8
0
 10
11.88
 20
-0.875977
 11
16.92
 21
-0.875977
  0
LINE
  8
0
 10
16.92
 20
-0.875977
 11
16.92
 21
-0.883987
  0
LINE
  8
0
 10
16.92
 20
-0.883987
 11
11.88
 21
-0.883987
  0
LINE
  8
0
 10
69.48
 20
-0.883987
 11
69.48
 21
-0.875977
  0
LINE
  8
0
 10
69.48
 20
-0.875977
 11
74.52
 21
-0.875977
  0
LINE
  8
0
 10
74.52
 20
-0.875977
 11
74.52
 21
-0.883987
  0
LINE
  8
0
 10
74.52
 20
-0.883987
 11
69.48
 21
-0.883987
  0
LINE
  8
0
 10
-2.51999
 20
-0.883987
 11
-2.51999
 21
-0.875977
  0
LINE
  8
0
 10
-2.51999
 20
-0.875977
 11
2.51999
 21
-0.875977
  0
LINE
  8
0
 10
2.51999
 20
-0.875977
 11
2.51999
 21
-0.883987
  0
LINE
  8
0
 10
2.51999
 20
-0.883987
 11
-2.51999
 21
-0.883987
  0
LINE
  8
0
 10
26.28
 20
-0.883987
 11
26.28
 21
-0.875977
  0
LINE
  8
0
 10
26.28
 20
-0.875977
 11
31.32
 21
-0.875977
  0
LINE
  8
0
 10
31.32
 20
-0.875977
 11
31.32
 21
-0.883987
  0
LINE
  8
0
 10
31.32
 20
-0.883987
 11
26.28
 21
-0.883987
  0
LINE
  8
0
 10
40.68
 20
-0.883987
 11
40.68
 21
-0.875977
  0
LINE
  8
0
 10
40.68
 20
-0.875977
 11
45.72
 21
-0.875977
  0
LINE
  8
0
 10
45.72
 20
-0.875977
 11
45.72
 21
-0.883987
  0
LINE
  8
0
 10
45.72
 20
-0.883987
 11
40.68
 21
-0.883987
  0
LINE
  8
0
 10
55.08
 20
-0.915985
 11
55.08
 21
-0.90799
  0
LINE
  8
0
 10
55.08
 20
-0.90799
 11
60.12
 21
-0.90799
  0
LINE
  8
0
 10
60.12
 20
-0.90799
 11
60.12
 21
-0.915985
  0
LINE
  8
0
 10
60.12
 20
-0.915985
 11
55.08
 21
-0.915985
  0
LINE
  8
0
 10
11.88
 20
-0.915985
 11
11.88
 21
-0.90799
  0
LINE
  8
0
 10
11.88
 20
-0.90799
 11
16.92
 21
-0.90799
  0
LINE
  8
0
 10
16.92
 20
-0.90799
 11
16.92
 21
-0.915985
  0
LINE
  8
0
 10
16.92
 20
-0.915985
 11
11.88
 21
-0.915985
  0
LINE
  8
0
 10
26.28
 20
-0.915985
 11
26.28
 21
-0.90799
  0
LINE
  8
0
 10
26.28
 20
-0.90799
 11
31.32
 21
-0.90799
  0
LINE
  8
0
 10
31.32
 20
-0.90799
 11
31.32
 21
-0.915985
  0
LINE
  8
0
 10
31.32
 20
-0.915985
 11
26.28
 21
-0.915985
  0
LINE
  8
0
 10
-2.51999
 20
-0.915985
 11
-2.51999
 21
-0.90799
  0
LINE
  8
0
 10
-2.51999
 20
-0.90799
 11
2.51999
 21
-0.90799
  0
LINE
  8
0
 10
2.51999
 20
-0.90799
 11
2.51999
 21
-0.915985
  0
LINE
  8
0
 10
2.51999
 20
-0.915985
 11
-2.51999
 21
-0.915985
  0
LINE
  8
0
 10
69.48
 20
-0.915985
 11
69.48
 21
-0.90799
  0
LINE
  8
0
 10
69.48
 20
-0.90799
 11
74.52
 21
-0.90799
  0
LINE
  8
0
 10
74.52
 20
-0.90799
 11
74.52
 21
-0.915985
  0
LINE
  8
0
 10
74.52
 20
-0.915985
 11
69.48
 21
-0.915985
  0
LINE
  8
0
 10
40.68
 20
-0.915985
 11
40.68
 21
-0.90799
  0
LINE
  8
0
 10
40.68
 20
-0.90799
 11
45.72
 21
-0.90799
  0
LINE
  8
0
 10
45.72
 20
-0.90799
 11
45.72
 21
-0.915985
  0
LINE
  8
0
 10
45.72
 20
-0.915985
 11
40.68
 21
-0.915985
  0
LINE
  8
0
 10
55.08
 20
-0.947998
 11
55.08
 21
-0.939987
  0
LINE
  8
0
 10
55.08
 20
-0.939987
 11
60.12
 21
-0.939987
  0
LINE
  8
0
 10
60.12
 20
-0.939987
 11
60.12
 21
-0.947998
  0
LINE
  8
0
 10
60.12
 20
-0.947998
 11
55.08
 21
-0.947998
  0
LINE
  8
0
 10
-2.51999
 20
-0.947998
 11
-2.51999
 21
-0.939987
  0
LINE
  8
0
 10
-2.51999
 20
-0.939987
 11
2.51999
 21
-0.939987
  0
LINE
  8
0
 10
2.51999
 20
-0.939987
 11
2.51999
 21
-0.947998
  0
LINE
  8
0
 10
2.51999
 20
-0.947998
 11
-2.51999
 21
-0.947998
  0
LINE
  8
0
 10
11.88
 20
-0.947998
 11
11.88
 21
-0.939987
  0
LINE
  8
0
 10
11.88
 20
-0.939987
 11
16.92
 21
-0.939987
  0
LINE
  8
0
 10
16.92
 20
-0.939987
 11
16.92
 21
-0.947998
  0
LINE
  8
0
 10
16.92
 20
-0.947998
 11
11.88
 21
-0.947998
  0
LINE
  8
0
 10
26.28
 20
-0.947998
 11
26.28
 21
-0.939987
  0
LINE
  8
0
 10
26.28
 20
-0.939987
 11
31.32
 21
-0.939987
  0
LINE
  8
0
 10
31.32
 20
-0.939987
 11
31.32
 21
-0.947998
  0
LINE
  8
0
 10
31.32
 20
-0.947998
 11
26.28
 21
-0.947998
  0
LINE
  8
0
 10
69.48
 20
-0.947998
 11
69.48
 21
-0.939987
  0
LINE
  8
0
 10
69.48
 20
-0.939987
 11
74.52
 21
-0.939987
  0
LINE
  8
0
 10
74.52
 20
-0.939987
 11
74.52
 21
-0.947998
  0
LINE
  8
0
 10
74.52
 20
-0.947998
 11
69.48
 21
-0.947998
  0
LINE
  8
0
 10
40.68
 20
-0.947998
 11
40.68
 21
-0.939987
  0
LINE
  8
0
 10
40.68
 20
-0.939987
 11
45.72
 21
-0.939987
  0
LINE
  8
0
 10
45.72
 20
-0.939987
 11
45.72
 21
-0.947998
  0
LINE
  8
0
 10
45.72
 20
-0.947998
 11
40.68
 21
-0.947998
  0
LINE
  8
0
 10
-2.51999
 20
-0.97998
 11
-2.51999
 21
-0.971985
  0
LINE
  8
0
 10
-2.51999
 20
-0.971985
 11
2.51999
 21
-0.971985
  0
LINE
  8
0
 10
2.51999
 20
-0.971985
 11
2.51999
 21
-0.97998
  0
LINE
  8
0
 10
2.51999
 20
-0.97998
 11
-2.51999
 21
-0.97998
  0
LINE
  8
0
 10
55.08
 20
-0.97998
 11
55.08
 21
-0.971985
  0
LINE
  8
0
 10
55.08
 20
-0.971985
 11
60.12
 21
-0.971985
  0
LINE
  8
0
 10
60.12
 20
-0.971985
 11
60.12
 21
-0.97998
  0
LINE
  8
0
 10
60.12
 20
-0.97998
 11
55.08
 21
-0.97998
  0
LINE
  8
0
 10
69.48
 20
-0.97998
 11
69.48
 21
-0.971985
  0
LINE
  8
0
 10
69.48
 20
-0.971985
 11
74.52
 21
-0.971985
  0
LINE
  8
0
 10
74.52
 20
-0.971985
 11
74.52
 21
-0.97998
  0
LINE
  8
0
 10
74.52
 20
-0.97998
 11
69.48
 21
-0.97998
  0
LINE
  8
0
 10
40.68
 20
-0.97998
 11
40.68
 21
-0.971985
  0
LINE
  8
0
 10
40.68
 20
-0.971985
 11
45.72
 21
-0.971985
  0
LINE
  8
0
 10
45.72
 20
-0.971985
 11
45.72
 21
-0.97998
  0
LINE
  8
0
 10
45.72
 20
-0.97998
 11
40.68
 21
-0.97998
  0
LINE
  8
0
 10
26.28
 20
-0.97998
 11
26.28
 21
-0.971985
  0
LINE
  8
0
 10
26.28
 20
-0.971985
 11
31.32
 21
-0.971985
  0
LINE
  8
0
 10
31.32
 20
-0.971985
 11
31.32
 21
-0.97998
  0
LINE
  8
0
 10
31.32
 20
-0.97998
 11
26.28
 21
-0.97998
  0
LINE
  8
0
 10
11.88
 20
-0.97998
 11
11.88
 21
-0.971985
  0
LINE
  8
0
 10
11.88
 20
-0.971985
 11
16.92
 21
-0.971985
  0
LINE
  8
0
 10
16.92
 20
-0.971985
 11
16.92
 21
-0.97998
  0
LINE
  8
0
 10
16.92
 20
-0.97998
 11
11.88
 21
-0.97998
  0
LINE
  8
0
 10
43.15
 20
-6.14999
 11
43.15
 21
-5.45
  0
LINE
  8
0
 10
43.15
 20
-5.45
 11
42.45
 21
-5.45
  0
LINE
  8
0
 10
42.45
 20
-5.45
 11
42.45
 21
-5.34999
  0
LINE
  8
0
 10
42.45
 20
-5.34999
 11
43.15
 21
-5.34999
  0
LINE
  8
0
 10
43.15
 20
-5.34999
 11
43.15
 21
-4.64999
  0
LINE
  8
0
 10
43.15
 20
-4.64999
 11
43.25
 21
-4.64999
  0
LINE
  8
0
 10
43.25
 20
-4.64999
 11
43.25
 21
-5.34999
  0
LINE
  8
0
 10
43.25
 20
-5.34999
 11
43.95
 21
-5.34999
  0
LINE
  8
0
 10
43.95
 20
-5.34999
 11
43.95
 21
-5.45
  0
LINE
  8
0
 10
43.95
 20
-5.45
 11
43.25
 21
-5.45
  0
LINE
  8
0
 10
43.25
 20
-5.45
 11
43.25
 21
-6.14999
  0
LINE
  8
0
 10
43.25
 20
-6.14999
 11
43.15
 21
-6.14999
  0
LINE
  8
0
 10
56.8569
 20
-11.8215
 11
57.0335
 21
-11.5876
  0
LINE
  8
0
 10
57.0335
 20
-11.5876
 11
57.1553
 21
-11.3414
  0
LINE
  8
0
 10
57.1553
 20
-11.3414
 11
57.2261
 21
-11.0765
  0
LINE
  8
0
 10
57.2261
 20
-11.0765
 11
57.2497
 21
-10.7864
  0
LINE
  8
0
 10
57.2497
 20
-10.7864
 11
57.2259
 21
-10.4962
  0
LINE
  8
0
 10
57.2259
 20
-10.4962
 11
57.1547
 21
-10.2309
  0
LINE
  8
0
 10
57.1547
 20
-10.2309
 11
57.0328
 21
-9.98463
  0
LINE
  8
0
 10
57.0328
 20
-9.98463
 11
56.8569
 21
-9.75136
  0
LINE
  8
0
 10
56.8569
 20
-9.75136
 11
57.0457
 21
-9.75136
  0
LINE
  8
0
 10
57.0457
 20
-9.75136
 11
57.2239
 21
-9.97989
  0
LINE
  8
0
 10
57.2239
 20
-9.97989
 11
57.3484
 21
-10.2228
  0
LINE
  8
0
 10
57.3484
 20
-10.2228
 11
57.4216
 21
-10.4882
  0
LINE
  8
0
 10
57.4216
 20
-10.4882
 11
57.446
 21
-10.7843
  0
LINE
  8
0
 10
57.446
 20
-10.7843
 11
57.446
 21
-10.7886
  0
LINE
  8
0
 10
57.446
 20
-10.7886
 11
57.4215
 21
-11.0862
  0
LINE
  8
0
 10
57.4215
 20
-11.0862
 11
57.3479
 21
-11.3517
  0
LINE
  8
0
 10
57.3479
 20
-11.3517
 11
57.2232
 21
-11.5939
  0
LINE
  8
0
 10
57.2232
 20
-11.5939
 11
57.0457
 21
-11.8215
  0
LINE
  8
0
 10
57.0457
 20
-11.8215
 11
56.8569
 21
-11.8215
  0
LINE
  8
0
 10
47.4611
 20
-11.3615
 11
47.4611
 21
-9.75136
  0
LINE
  8
0
 10
47.4611
 20
-9.75136
 11
47.6564
 21
-9.75136
  0
LINE
  8
0
 10
47.6564
 20
-9.75136
 11
47.6564
 21
-11.3615
  0
LINE
  8
0
 10
47.6564
 20
-11.3615
 11
47.4611
 21
-11.3615
  0
LINE
  8
0
 10
43.7498
 20
-11.8215
 11
43.5716
 21
-11.593
  0
LINE
  8
0
 10
43.5716
 20
-11.593
 11
43.4471
 21
-11.3501
  0
LINE
  8
0
 10
43.4471
 20
-11.3501
 11
43.3738
 21
-11.0847
  0
LINE
  8
0
 10
43.3738
 20
-11.0847
 11
43.3494
 21
-10.7886
  0
LINE
  8
0
 10
43.3494
 20
-10.7886
 11
43.3494
 21
-10.7843
  0
LINE
  8
0
 10
43.3494
 20
-10.7843
 11
43.374
 21
-10.4867
  0
LINE
  8
0
 10
43.374
 20
-10.4867
 11
43.4476
 21
-10.2212
  0
LINE
  8
0
 10
43.4476
 20
-10.2212
 11
43.5723
 21
-9.97894
  0
LINE
  8
0
 10
43.5723
 20
-9.97894
 11
43.7498
 21
-9.75136
  0
LINE
  8
0
 10
43.7498
 20
-9.75136
 11
43.9386
 21
-9.75136
  0
LINE
  8
0
 10
43.9386
 20
-9.75136
 11
43.7627
 21
-9.98409
  0
LINE
  8
0
 10
43.7627
 20
-9.98409
 11
43.6407
 21
-10.2309
  0
LINE
  8
0
 10
43.6407
 20
-10.2309
 11
43.5695
 21
-10.4967
  0
LINE
  8
0
 10
43.5695
 20
-10.4967
 11
43.5458
 21
-10.7864
  0
LINE
  8
0
 10
43.5458
 20
-10.7864
 11
43.5693
 21
-11.075
  0
LINE
  8
0
 10
43.5693
 20
-11.075
 11
43.6397
 21
-11.3398
  0
LINE
  8
0
 10
43.6397
 20
-11.3398
 11
43.7613
 21
-11.5866
  0
LINE
  8
0
 10
43.7613
 20
-11.5866
 11
43.9386
 21
-11.8215
  0
LINE
  8
0
 10
43.9386
 20
-11.8215
 11
43.7498
 21
-11.8215
  0
LINE
  8
0
 10
54.8144
 20
-11.333
 11
54.6492
 21
-11.1825
  0
LINE
  8
0
 10
54.6492
 20
-11.1825
 11
54.5499
 21
-10.9356
  0
LINE
  8
0
 10
54.5499
 20
-10.9356
 11
54.5168
 21
-10.5966
  0
LINE
  8
0
 10
54.5168
 20
-10.5966
 11
54.549
 21
-10.2521
  0
LINE
  8
0
 10
54.549
 20
-10.2521
 11
54.6454
 21
-10.0063
  0
LINE
  8
0
 10
54.6454
 20
-10.0063
 11
54.8113
 21
-9.85904
  0
LINE
  8
0
 10
54.8113
 20
-9.85904
 11
55.0517
 21
-9.80994
  0
LINE
  8
0
 10
55.0517
 20
-9.80994
 11
55.2865
 21
-9.85959
  0
LINE
  8
0
 10
55.2865
 20
-9.85959
 11
55.4505
 21
-10.0085
  0
LINE
  8
0
 10
55.4505
 20
-10.0085
 11
55.5469
 21
-10.2548
  0
LINE
  8
0
 10
55.5469
 20
-10.2548
 11
55.579
 21
-10.5966
  0
LINE
  8
0
 10
55.579
 20
-10.5966
 11
55.5453
 21
-10.9343
  0
LINE
  8
0
 10
55.5453
 20
-10.9343
 11
55.444
 21
-11.1814
  0
LINE
  8
0
 10
55.444
 20
-11.1814
 11
55.2767
 21
-11.3327
  0
LINE
  8
0
 10
55.2767
 20
-11.3327
 11
55.0452
 21
-11.3832
  0
LINE
  8
0
 10
55.0452
 20
-11.3832
 11
54.8144
 21
-11.333
  0
LINE
  8
0
 10
55.1969
 20
-11.1852
 11
55.3002
 21
-11.0696
  0
LINE
  8
0
 10
55.3002
 20
-11.0696
 11
55.3604
 21
-10.8743
  0
LINE
  8
0
 10
55.3604
 20
-10.8743
 11
55.3805
 21
-10.5966
  0
LINE
  8
0
 10
55.3805
 20
-10.5966
 11
55.3614
 21
-10.3112
  0
LINE
  8
0
 10
55.3614
 20
-10.3112
 11
55.304
 21
-10.117
  0
LINE
  8
0
 10
55.304
 20
-10.117
 11
55.2027
 21
-10.0055
  0
LINE
  8
0
 10
55.2027
 20
-10.0055
 11
55.0517
 21
-9.96837
  0
LINE
  8
0
 10
55.0517
 20
-9.96837
 11
54.897
 21
-10.005
  0
LINE
  8
0
 10
54.897
 20
-10.005
 11
54.793
 21
-10.1149
  0
LINE
  8
0
 10
54.793
 20
-10.1149
 11
54.734
 21
-10.3085
  0
LINE
  8
0
 10
54.734
 20
-10.3085
 11
54.7143
 21
-10.5966
  0
LINE
  8
0
 10
54.7143
 20
-10.5966
 11
54.7342
 21
-10.8784
  0
LINE
  8
0
 10
54.7342
 20
-10.8784
 11
54.794
 21
-11.0729
  0
LINE
  8
0
 10
54.794
 20
-11.0729
 11
54.8972
 21
-11.186
  0
LINE
  8
0
 10
54.8972
 20
-11.186
 11
55.0474
 21
-11.2237
  0
LINE
  8
0
 10
55.0474
 20
-11.2237
 11
55.1969
 21
-11.1852
  0
LINE
  8
0
 10
29.4762
 20
-11.3592
 11
29.2919
 21
-11.2872
  0
LINE
  8
0
 10
29.2919
 20
-11.2872
 11
29.1432
 21
-11.1705
  0
LINE
  8
0
 10
29.1432
 20
-11.1705
 11
29.0347
 21
-11.0126
  0
LINE
  8
0
 10
29.0347
 20
-11.0126
 11
28.9684
 21
-10.8178
  0
LINE
  8
0
 10
28.9684
 20
-10.8178
 11
28.9463
 21
-10.5901
  0
LINE
  8
0
 10
28.9463
 20
-10.5901
 11
28.9957
 21
-10.264
  0
LINE
  8
0
 10
28.9957
 20
-10.264
 11
29.1437
 21
-10.0172
  0
LINE
  8
0
 10
29.1437
 20
-10.0172
 11
29.3792
 21
-9.86176
  0
LINE
  8
0
 10
29.3792
 20
-9.86176
 11
29.6906
 21
-9.80994
  0
LINE
  8
0
 10
29.6906
 20
-9.80994
 11
29.9147
 21
-9.83382
  0
LINE
  8
0
 10
29.9147
 20
-9.83382
 11
30.0986
 21
-9.90544
  0
LINE
  8
0
 10
30.0986
 20
-9.90544
 11
30.2407
 21
-10.024
  0
LINE
  8
0
 10
30.2407
 20
-10.024
 11
30.3394
 21
-10.1886
  0
LINE
  8
0
 10
30.3394
 20
-10.1886
 11
30.1431
 21
-10.2537
  0
LINE
  8
0
 10
30.1431
 20
-10.2537
 11
30.0737
 21
-10.136
  0
LINE
  8
0
 10
30.0737
 20
-10.136
 11
29.9722
 21
-10.0497
  0
LINE
  8
0
 10
29.9722
 20
-10.0497
 11
29.8434
 21
-9.99684
  0
LINE
  8
0
 10
29.8434
 20
-9.99684
 11
29.6928
 21
-9.97922
  0
LINE
  8
0
 10
29.6928
 20
-9.97922
 11
29.4671
 21
-10.02
  0
LINE
  8
0
 10
29.4671
 20
-10.02
 11
29.2978
 21
-10.1425
  0
LINE
  8
0
 10
29.2978
 20
-10.1425
 11
29.192
 21
-10.336
  0
LINE
  8
0
 10
29.192
 20
-10.336
 11
29.1568
 21
-10.5901
  0
LINE
  8
0
 10
29.1568
 20
-10.5901
 11
29.1935
 21
-10.8435
  0
LINE
  8
0
 10
29.1935
 20
-10.8435
 11
29.3038
 21
-11.042
  0
LINE
  8
0
 10
29.3038
 20
-11.042
 11
29.4767
 21
-11.1701
  0
LINE
  8
0
 10
29.4767
 20
-11.1701
 11
29.7014
 21
-11.2128
  0
LINE
  8
0
 10
29.7014
 20
-11.2128
 11
29.9827
 21
-11.1334
  0
LINE
  8
0
 10
29.9827
 20
-11.1334
 11
30.1843
 21
-10.8949
  0
LINE
  8
0
 10
30.1843
 20
-10.8949
 11
30.3535
 21
-10.9796
  0
LINE
  8
0
 10
30.3535
 20
-10.9796
 11
30.24
 21
-11.1534
  0
LINE
  8
0
 10
30.24
 20
-11.1534
 11
30.0883
 21
-11.2801
  0
LINE
  8
0
 10
30.0883
 20
-11.2801
 11
29.9037
 21
-11.3574
  0
LINE
  8
0
 10
29.9037
 20
-11.3574
 11
29.6917
 21
-11.3832
  0
LINE
  8
0
 10
29.6917
 20
-11.3832
 11
29.4762
 21
-11.3592
  0
LINE
  8
0
 10
56.0213
 20
-11.333
 11
55.8561
 21
-11.1825
  0
LINE
  8
0
 10
55.8561
 20
-11.1825
 11
55.7568
 21
-10.9356
  0
LINE
  8
0
 10
55.7568
 20
-10.9356
 11
55.7238
 21
-10.5966
  0
LINE
  8
0
 10
55.7238
 20
-10.5966
 11
55.7559
 21
-10.2521
  0
LINE
  8
0
 10
55.7559
 20
-10.2521
 11
55.8523
 21
-10.0063
  0
LINE
  8
0
 10
55.8523
 20
-10.0063
 11
56.0182
 21
-9.85904
  0
LINE
  8
0
 10
56.0182
 20
-9.85904
 11
56.2587
 21
-9.80994
  0
LINE
  8
0
 10
56.2587
 20
-9.80994
 11
56.4934
 21
-9.85959
  0
LINE
  8
0
 10
56.4934
 20
-9.85959
 11
56.6574
 21
-10.0085
  0
LINE
  8
0
 10
56.6574
 20
-10.0085
 11
56.7538
 21
-10.2548
  0
LINE
  8
0
 10
56.7538
 20
-10.2548
 11
56.7859
 21
-10.5966
  0
LINE
  8
0
 10
56.7859
 20
-10.5966
 11
56.7522
 21
-10.9343
  0
LINE
  8
0
 10
56.7522
 20
-10.9343
 11
56.6509
 21
-11.1814
  0
LINE
  8
0
 10
56.6509
 20
-11.1814
 11
56.4836
 21
-11.3327
  0
LINE
  8
0
 10
56.4836
 20
-11.3327
 11
56.2522
 21
-11.3832
  0
LINE
  8
0
 10
56.2522
 20
-11.3832
 11
56.0213
 21
-11.333
  0
LINE
  8
0
 10
56.4038
 20
-11.1852
 11
56.5071
 21
-11.0696
  0
LINE
  8
0
 10
56.5071
 20
-11.0696
 11
56.5673
 21
-10.8743
  0
LINE
  8
0
 10
56.5673
 20
-10.8743
 11
56.5874
 21
-10.5966
  0
LINE
  8
0
 10
56.5874
 20
-10.5966
 11
56.5683
 21
-10.3112
  0
LINE
  8
0
 10
56.5683
 20
-10.3112
 11
56.5109
 21
-10.117
  0
LINE
  8
0
 10
56.5109
 20
-10.117
 11
56.4096
 21
-10.0055
  0
LINE
  8
0
 10
56.4096
 20
-10.0055
 11
56.2587
 21
-9.96837
  0
LINE
  8
0
 10
56.2587
 20
-9.96837
 11
56.1039
 21
-10.005
  0
LINE
  8
0
 10
56.1039
 20
-10.005
 11
55.9999
 21
-10.1149
  0
LINE
  8
0
 10
55.9999
 20
-10.1149
 11
55.9409
 21
-10.3085
  0
LINE
  8
0
 10
55.9409
 20
-10.3085
 11
55.9212
 21
-10.5966
  0
LINE
  8
0
 10
55.9212
 20
-10.5966
 11
55.9412
 21
-10.8784
  0
LINE
  8
0
 10
55.9412
 20
-10.8784
 11
56.001
 21
-11.0729
  0
LINE
  8
0
 10
56.001
 20
-11.0729
 11
56.1042
 21
-11.186
  0
LINE
  8
0
 10
56.1042
 20
-11.186
 11
56.2543
 21
-11.2237
  0
LINE
  8
0
 10
56.2543
 20
-11.2237
 11
56.4038
 21
-11.1852
  0
LINE
  8
0
 10
40.4985
 20
-10.4056
 11
40.3977
 21
-10.3373
  0
LINE
  8
0
 10
40.3977
 20
-10.3373
 11
40.3289
 21
-10.2372
  0
LINE
  8
0
 10
40.3289
 20
-10.2372
 11
40.306
 21
-10.1192
  0
LINE
  8
0
 10
40.306
 20
-10.1192
 11
40.3287
 21
-10.0012
  0
LINE
  8
0
 10
40.3287
 20
-10.0012
 11
40.3966
 21
-9.90111
  0
LINE
  8
0
 10
40.3966
 20
-9.90111
 11
40.4971
 21
-9.83273
  0
LINE
  8
0
 10
40.4971
 20
-9.83273
 11
40.6174
 21
-9.80994
  0
LINE
  8
0
 10
40.6174
 20
-9.80994
 11
40.7377
 21
-9.83246
  0
LINE
  8
0
 10
40.7377
 20
-9.83246
 11
40.8382
 21
-9.90001
  0
LINE
  8
0
 10
40.8382
 20
-9.90001
 11
40.9062
 21
-9.99982
  0
LINE
  8
0
 10
40.9062
 20
-9.99982
 11
40.9288
 21
-10.1192
  0
LINE
  8
0
 10
40.9288
 20
-10.1192
 11
40.9059
 21
-10.2385
  0
LINE
  8
0
 10
40.9059
 20
-10.2385
 11
40.8371
 21
-10.3383
  0
LINE
  8
0
 10
40.8371
 20
-10.3383
 11
40.7364
 21
-10.4059
  0
LINE
  8
0
 10
40.7364
 20
-10.4059
 11
40.6174
 21
-10.4284
  0
LINE
  8
0
 10
40.6174
 20
-10.4284
 11
40.4985
 21
-10.4056
  0
LINE
  8
0
 10
40.6917
 20
-10.3002
 11
40.7541
 21
-10.2575
  0
LINE
  8
0
 10
40.7541
 20
-10.2575
 11
40.7964
 21
-10.1945
  0
LINE
  8
0
 10
40.7964
 20
-10.1945
 11
40.8106
 21
-10.1192
  0
LINE
  8
0
 10
40.8106
 20
-10.1192
 11
40.7966
 21
-10.0432
  0
LINE
  8
0
 10
40.7966
 20
-10.0432
 11
40.7547
 21
-9.9803
  0
LINE
  8
0
 10
40.7547
 20
-9.9803
 11
40.6924
 21
-9.93797
  0
LINE
  8
0
 10
40.6924
 20
-9.93797
 11
40.6174
 21
-9.92387
  0
LINE
  8
0
 10
40.6174
 20
-9.92387
 11
40.5424
 21
-9.93825
  0
LINE
  8
0
 10
40.5424
 20
-9.93825
 11
40.4802
 21
-9.98138
  0
LINE
  8
0
 10
40.4802
 20
-9.98138
 11
40.4383
 21
-10.0446
  0
LINE
  8
0
 10
40.4383
 20
-10.0446
 11
40.4243
 21
-10.1192
  0
LINE
  8
0
 10
40.4243
 20
-10.1192
 11
40.4385
 21
-10.1938
  0
LINE
  8
0
 10
40.4385
 20
-10.1938
 11
40.4813
 21
-10.257
  0
LINE
  8
0
 10
40.4813
 20
-10.257
 11
40.5438
 21
-10.3001
  0
LINE
  8
0
 10
40.5438
 20
-10.3001
 11
40.6174
 21
-10.3145
  0
LINE
  8
0
 10
40.6174
 20
-10.3145
 11
40.6917
 21
-10.3002
  0
LINE
  8
0
 10
52.4161
 20
-11.3542
 11
52.2511
 21
-11.2671
  0
LINE
  8
0
 10
52.2511
 20
-11.2671
 11
52.1473
 21
-11.1266
  0
LINE
  8
0
 10
52.1473
 20
-11.1266
 11
52.1127
 21
-10.9373
  0
LINE
  8
0
 10
52.1127
 20
-10.9373
 11
52.1342
 21
-10.7995
  0
LINE
  8
0
 10
52.1342
 20
-10.7995
 11
52.1985
 21
-10.6855
  0
LINE
  8
0
 10
52.1985
 20
-10.6855
 11
52.2961
 21
-10.6036
  0
LINE
  8
0
 10
52.2961
 20
-10.6036
 11
52.4176
 21
-10.5618
  0
LINE
  8
0
 10
52.4176
 20
-10.5618
 11
52.4176
 21
-10.5575
  0
LINE
  8
0
 10
52.4176
 20
-10.5575
 11
52.306
 21
-10.5111
  0
LINE
  8
0
 10
52.306
 20
-10.5111
 11
52.2207
 21
-10.4306
  0
LINE
  8
0
 10
52.2207
 20
-10.4306
 11
52.1666
 21
-10.3245
  0
LINE
  8
0
 10
52.1666
 20
-10.3245
 11
52.1486
 21
-10.2016
  0
LINE
  8
0
 10
52.1486
 20
-10.2016
 11
52.1812
 21
-10.0435
  0
LINE
  8
0
 10
52.1812
 20
-10.0435
 11
52.2793
 21
-9.91846
  0
LINE
  8
0
 10
52.2793
 20
-9.91846
 11
52.4324
 21
-9.83708
  0
LINE
  8
0
 10
52.4324
 20
-9.83708
 11
52.6303
 21
-9.80994
  0
LINE
  8
0
 10
52.6303
 20
-9.80994
 11
52.8322
 21
-9.83653
  0
LINE
  8
0
 10
52.8322
 20
-9.83653
 11
52.9867
 21
-9.91628
  0
LINE
  8
0
 10
52.9867
 20
-9.91628
 11
53.0848
 21
-10.0413
  0
LINE
  8
0
 10
53.0848
 20
-10.0413
 11
53.1175
 21
-10.2038
  0
LINE
  8
0
 10
53.1175
 20
-10.2038
 11
53.0993
 21
-10.3267
  0
LINE
  8
0
 10
53.0993
 20
-10.3267
 11
53.0448
 21
-10.4327
  0
LINE
  8
0
 10
53.0448
 20
-10.4327
 11
52.9588
 21
-10.5122
  0
LINE
  8
0
 10
52.9588
 20
-10.5122
 11
52.8462
 21
-10.5553
  0
LINE
  8
0
 10
52.8462
 20
-10.5553
 11
52.8462
 21
-10.5597
  0
LINE
  8
0
 10
52.8462
 20
-10.5597
 11
52.9764
 21
-10.6027
  0
LINE
  8
0
 10
52.9764
 20
-10.6027
 11
53.0741
 21
-10.6839
  0
LINE
  8
0
 10
53.0741
 20
-10.6839
 11
53.1351
 21
-10.7969
  0
LINE
  8
0
 10
53.1351
 20
-10.7969
 11
53.1554
 21
-10.9351
  0
LINE
  8
0
 10
53.1554
 20
-10.9351
 11
53.1218
 21
-11.1233
  0
LINE
  8
0
 10
53.1218
 20
-11.1233
 11
53.0209
 21
-11.2649
  0
LINE
  8
0
 10
53.0209
 20
-11.2649
 11
52.8571
 21
-11.3536
  0
LINE
  8
0
 10
52.8571
 20
-11.3536
 11
52.6346
 21
-11.3832
  0
LINE
  8
0
 10
52.6346
 20
-11.3832
 11
52.4161
 21
-11.3542
  0
LINE
  8
0
 10
52.7538
 20
-10.4679
 11
52.8424
 21
-10.4203
  0
LINE
  8
0
 10
52.8424
 20
-10.4203
 11
52.8965
 21
-10.3371
  0
LINE
  8
0
 10
52.8965
 20
-10.3371
 11
52.9146
 21
-10.2147
  0
LINE
  8
0
 10
52.9146
 20
-10.2147
 11
52.8435
 21
-10.0202
  0
LINE
  8
0
 10
52.8435
 20
-10.0202
 11
52.6303
 21
-9.95534
  0
LINE
  8
0
 10
52.6303
 20
-9.95534
 11
52.5089
 21
-9.97162
  0
LINE
  8
0
 10
52.5089
 20
-9.97162
 11
52.4203
 21
-10.0204
  0
LINE
  8
0
 10
52.4203
 20
-10.0204
 11
52.3662
 21
-10.1015
  0
LINE
  8
0
 10
52.3662
 20
-10.1015
 11
52.3482
 21
-10.2147
  0
LINE
  8
0
 10
52.3482
 20
-10.2147
 11
52.3668
 21
-10.3303
  0
LINE
  8
0
 10
52.3668
 20
-10.3303
 11
52.4225
 21
-10.4149
  0
LINE
  8
0
 10
52.4225
 20
-10.4149
 11
52.5122
 21
-10.4665
  0
LINE
  8
0
 10
52.5122
 20
-10.4665
 11
52.6325
 21
-10.4837
  0
LINE
  8
0
 10
52.6325
 20
-10.4837
 11
52.7538
 21
-10.4679
  0
LINE
  8
0
 10
52.7759
 20
-11.2176
 11
52.8744
 21
-11.1602
  0
LINE
  8
0
 10
52.8744
 20
-11.1602
 11
52.933
 21
-11.0611
  0
LINE
  8
0
 10
52.933
 20
-11.0611
 11
52.9525
 21
-10.9166
  0
LINE
  8
0
 10
52.9525
 20
-10.9166
 11
52.9314
 21
-10.792
  0
LINE
  8
0
 10
52.9314
 20
-10.792
 11
52.8679
 21
-10.7024
  0
LINE
  8
0
 10
52.8679
 20
-10.7024
 11
52.7662
 21
-10.6483
  0
LINE
  8
0
 10
52.7662
 20
-10.6483
 11
52.6303
 21
-10.6302
  0
LINE
  8
0
 10
52.6303
 20
-10.6302
 11
52.4979
 21
-10.6496
  0
LINE
  8
0
 10
52.4979
 20
-10.6496
 11
52.3981
 21
-10.7078
  0
LINE
  8
0
 10
52.3981
 20
-10.7078
 11
52.3354
 21
-10.7999
  0
LINE
  8
0
 10
52.3354
 20
-10.7999
 11
52.3146
 21
-10.921
  0
LINE
  8
0
 10
52.3146
 20
-10.921
 11
52.3951
 21
-11.1578
  0
LINE
  8
0
 10
52.3951
 20
-11.1578
 11
52.6368
 21
-11.2367
  0
LINE
  8
0
 10
52.6368
 20
-11.2367
 11
52.7759
 21
-11.2176
  0
LINE
  8
0
 10
38.1442
 20
-11.333
 11
37.979
 21
-11.1825
  0
LINE
  8
0
 10
37.979
 20
-11.1825
 11
37.8797
 21
-10.9356
  0
LINE
  8
0
 10
37.8797
 20
-10.9356
 11
37.8466
 21
-10.5966
  0
LINE
  8
0
 10
37.8466
 20
-10.5966
 11
37.8788
 21
-10.2521
  0
LINE
  8
0
 10
37.8788
 20
-10.2521
 11
37.9752
 21
-10.0063
  0
LINE
  8
0
 10
37.9752
 20
-10.0063
 11
38.1411
 21
-9.85904
  0
LINE
  8
0
 10
38.1411
 20
-9.85904
 11
38.3815
 21
-9.80994
  0
LINE
  8
0
 10
38.3815
 20
-9.80994
 11
38.6163
 21
-9.85959
  0
LINE
  8
0
 10
38.6163
 20
-9.85959
 11
38.7803
 21
-10.0085
  0
LINE
  8
0
 10
38.7803
 20
-10.0085
 11
38.8767
 21
-10.2548
  0
LINE
  8
0
 10
38.8767
 20
-10.2548
 11
38.9088
 21
-10.5966
  0
LINE
  8
0
 10
38.9088
 20
-10.5966
 11
38.8751
 21
-10.9343
  0
LINE
  8
0
 10
38.8751
 20
-10.9343
 11
38.7737
 21
-11.1814
  0
LINE
  8
0
 10
38.7737
 20
-11.1814
 11
38.6065
 21
-11.3327
  0
LINE
  8
0
 10
38.6065
 20
-11.3327
 11
38.375
 21
-11.3832
  0
LINE
  8
0
 10
38.375
 20
-11.3832
 11
38.1442
 21
-11.333
  0
LINE
  8
0
 10
38.5267
 20
-11.1852
 11
38.63
 21
-11.0696
  0
LINE
  8
0
 10
38.63
 20
-11.0696
 11
38.6902
 21
-10.8743
  0
LINE
  8
0
 10
38.6902
 20
-10.8743
 11
38.7103
 21
-10.5966
  0
LINE
  8
0
 10
38.7103
 20
-10.5966
 11
38.6912
 21
-10.3112
  0
LINE
  8
0
 10
38.6912
 20
-10.3112
 11
38.6338
 21
-10.117
  0
LINE
  8
0
 10
38.6338
 20
-10.117
 11
38.5325
 21
-10.0055
  0
LINE
  8
0
 10
38.5325
 20
-10.0055
 11
38.3815
 21
-9.96837
  0
LINE
  8
0
 10
38.3815
 20
-9.96837
 11
38.2268
 21
-10.005
  0
LINE
  8
0
 10
38.2268
 20
-10.005
 11
38.1227
 21
-10.1149
  0
LINE
  8
0
 10
38.1227
 20
-10.1149
 11
38.0638
 21
-10.3085
  0
LINE
  8
0
 10
38.0638
 20
-10.3085
 11
38.0441
 21
-10.5966
  0
LINE
  8
0
 10
38.0441
 20
-10.5966
 11
38.064
 21
-10.8784
  0
LINE
  8
0
 10
38.064
 20
-10.8784
 11
38.1238
 21
-11.0729
  0
LINE
  8
0
 10
38.1238
 20
-11.0729
 11
38.2271
 21
-11.186
  0
LINE
  8
0
 10
38.2271
 20
-11.186
 11
38.3772
 21
-11.2237
  0
LINE
  8
0
 10
38.3772
 20
-11.2237
 11
38.5267
 21
-11.1852
  0
LINE
  8
0
 10
50.5907
 20
-11.333
 11
50.4255
 21
-11.1825
  0
LINE
  8
0
 10
50.4255
 20
-11.1825
 11
50.3262
 21
-10.9356
  0
LINE
  8
0
 10
50.3262
 20
-10.9356
 11
50.2931
 21
-10.5966
  0
LINE
  8
0
 10
50.2931
 20
-10.5966
 11
50.3253
 21
-10.2521
  0
LINE
  8
0
 10
50.3253
 20
-10.2521
 11
50.4217
 21
-10.0063
  0
LINE
  8
0
 10
50.4217
 20
-10.0063
 11
50.5876
 21
-9.85904
  0
LINE
  8
0
 10
50.5876
 20
-9.85904
 11
50.828
 21
-9.80994
  0
LINE
  8
0
 10
50.828
 20
-9.80994
 11
51.0628
 21
-9.85959
  0
LINE
  8
0
 10
51.0628
 20
-9.85959
 11
51.2267
 21
-10.0085
  0
LINE
  8
0
 10
51.2267
 20
-10.0085
 11
51.3232
 21
-10.2548
  0
LINE
  8
0
 10
51.3232
 20
-10.2548
 11
51.3553
 21
-10.5966
  0
LINE
  8
0
 10
51.3553
 20
-10.5966
 11
51.3216
 21
-10.9343
  0
LINE
  8
0
 10
51.3216
 20
-10.9343
 11
51.2202
 21
-11.1814
  0
LINE
  8
0
 10
51.2202
 20
-11.1814
 11
51.053
 21
-11.3327
  0
LINE
  8
0
 10
51.053
 20
-11.3327
 11
50.8215
 21
-11.3832
  0
LINE
  8
0
 10
50.8215
 20
-11.3832
 11
50.5907
 21
-11.333
  0
LINE
  8
0
 10
50.9731
 20
-11.1852
 11
51.0765
 21
-11.0696
  0
LINE
  8
0
 10
51.0765
 20
-11.0696
 11
51.1367
 21
-10.8743
  0
LINE
  8
0
 10
51.1367
 20
-10.8743
 11
51.1568
 21
-10.5966
  0
LINE
  8
0
 10
51.1568
 20
-10.5966
 11
51.1377
 21
-10.3112
  0
LINE
  8
0
 10
51.1377
 20
-10.3112
 11
51.0803
 21
-10.117
  0
LINE
  8
0
 10
51.0803
 20
-10.117
 11
50.979
 21
-10.0055
  0
LINE
  8
0
 10
50.979
 20
-10.0055
 11
50.828
 21
-9.96837
  0
LINE
  8
0
 10
50.828
 20
-9.96837
 11
50.6733
 21
-10.005
  0
LINE
  8
0
 10
50.6733
 20
-10.005
 11
50.5693
 21
-10.1149
  0
LINE
  8
0
 10
50.5693
 20
-10.1149
 11
50.5103
 21
-10.3085
  0
LINE
  8
0
 10
50.5103
 20
-10.3085
 11
50.4906
 21
-10.5966
  0
LINE
  8
0
 10
50.4906
 20
-10.5966
 11
50.5105
 21
-10.8784
  0
LINE
  8
0
 10
50.5105
 20
-10.8784
 11
50.5703
 21
-11.0729
  0
LINE
  8
0
 10
50.5703
 20
-11.0729
 11
50.6736
 21
-11.186
  0
LINE
  8
0
 10
50.6736
 20
-11.186
 11
50.8237
 21
-11.2237
  0
LINE
  8
0
 10
50.8237
 20
-11.2237
 11
50.9731
 21
-11.1852
  0
LINE
  8
0
 10
39.3511
 20
-11.333
 11
39.1859
 21
-11.1825
  0
LINE
  8
0
 10
39.1859
 20
-11.1825
 11
39.0866
 21
-10.9356
  0
LINE
  8
0
 10
39.0866
 20
-10.9356
 11
39.0535
 21
-10.5966
  0
LINE
  8
0
 10
39.0535
 20
-10.5966
 11
39.0857
 21
-10.2521
  0
LINE
  8
0
 10
39.0857
 20
-10.2521
 11
39.1821
 21
-10.0063
  0
LINE
  8
0
 10
39.1821
 20
-10.0063
 11
39.348
 21
-9.85904
  0
LINE
  8
0
 10
39.348
 20
-9.85904
 11
39.5885
 21
-9.80994
  0
LINE
  8
0
 10
39.5885
 20
-9.80994
 11
39.8232
 21
-9.85959
  0
LINE
  8
0
 10
39.8232
 20
-9.85959
 11
39.9872
 21
-10.0085
  0
LINE
  8
0
 10
39.9872
 20
-10.0085
 11
40.0836
 21
-10.2548
  0
LINE
  8
0
 10
40.0836
 20
-10.2548
 11
40.1158
 21
-10.5966
  0
LINE
  8
0
 10
40.1158
 20
-10.5966
 11
40.082
 21
-10.9343
  0
LINE
  8
0
 10
40.082
 20
-10.9343
 11
39.9807
 21
-11.1814
  0
LINE
  8
0
 10
39.9807
 20
-11.1814
 11
39.8134
 21
-11.3327
  0
LINE
  8
0
 10
39.8134
 20
-11.3327
 11
39.5819
 21
-11.3832
  0
LINE
  8
0
 10
39.5819
 20
-11.3832
 11
39.3511
 21
-11.333
  0
LINE
  8
0
 10
39.7336
 20
-11.1852
 11
39.8369
 21
-11.0696
  0
LINE
  8
0
 10
39.8369
 20
-11.0696
 11
39.8971
 21
-10.8743
  0
LINE
  8
0
 10
39.8971
 20
-10.8743
 11
39.9172
 21
-10.5966
  0
LINE
  8
0
 10
39.9172
 20
-10.5966
 11
39.8981
 21
-10.3112
  0
LINE
  8
0
 10
39.8981
 20
-10.3112
 11
39.8407
 21
-10.117
  0
LINE
  8
0
 10
39.8407
 20
-10.117
 11
39.7394
 21
-10.0055
  0
LINE
  8
0
 10
39.7394
 20
-10.0055
 11
39.5885
 21
-9.96837
  0
LINE
  8
0
 10
39.5885
 20
-9.96837
 11
39.4337
 21
-10.005
  0
LINE
  8
0
 10
39.4337
 20
-10.005
 11
39.3297
 21
-10.1149
  0
LINE
  8
0
 10
39.3297
 20
-10.1149
 11
39.2707
 21
-10.3085
  0
LINE
  8
0
 10
39.2707
 20
-10.3085
 11
39.251
 21
-10.5966
  0
LINE
  8
0
 10
39.251
 20
-10.5966
 11
39.271
 21
-10.8784
  0
LINE
  8
0
 10
39.271
 20
-10.8784
 11
39.3307
 21
-11.0729
  0
LINE
  8
0
 10
39.3307
 20
-11.0729
 11
39.434
 21
-11.186
  0
LINE
  8
0
 10
39.434
 20
-11.186
 11
39.5841
 21
-11.2237
  0
LINE
  8
0
 10
39.5841
 20
-11.2237
 11
39.7336
 21
-11.1852
  0
LINE
  8
0
 10
41.6842
 20
-11.3592
 11
41.4999
 21
-11.2872
  0
LINE
  8
0
 10
41.4999
 20
-11.2872
 11
41.3513
 21
-11.1705
  0
LINE
  8
0
 10
41.3513
 20
-11.1705
 11
41.2428
 21
-11.0126
  0
LINE
  8
0
 10
41.2428
 20
-11.0126
 11
41.1765
 21
-10.8178
  0
LINE
  8
0
 10
41.1765
 20
-10.8178
 11
41.1544
 21
-10.5901
  0
LINE
  8
0
 10
41.1544
 20
-10.5901
 11
41.2037
 21
-10.264
  0
LINE
  8
0
 10
41.2037
 20
-10.264
 11
41.3518
 21
-10.0172
  0
LINE
  8
0
 10
41.3518
 20
-10.0172
 11
41.5873
 21
-9.86176
  0
LINE
  8
0
 10
41.5873
 20
-9.86176
 11
41.8987
 21
-9.80994
  0
LINE
  8
0
 10
41.8987
 20
-9.80994
 11
42.1227
 21
-9.83382
  0
LINE
  8
0
 10
42.1227
 20
-9.83382
 11
42.3066
 21
-9.90544
  0
LINE
  8
0
 10
42.3066
 20
-9.90544
 11
42.4487
 21
-10.024
  0
LINE
  8
0
 10
42.4487
 20
-10.024
 11
42.5475
 21
-10.1886
  0
LINE
  8
0
 10
42.5475
 20
-10.1886
 11
42.3511
 21
-10.2537
  0
LINE
  8
0
 10
42.3511
 20
-10.2537
 11
42.2818
 21
-10.136
  0
LINE
  8
0
 10
42.2818
 20
-10.136
 11
42.1802
 21
-10.0497
  0
LINE
  8
0
 10
42.1802
 20
-10.0497
 11
42.0515
 21
-9.99684
  0
LINE
  8
0
 10
42.0515
 20
-9.99684
 11
41.9008
 21
-9.97922
  0
LINE
  8
0
 10
41.9008
 20
-9.97922
 11
41.6751
 21
-10.02
  0
LINE
  8
0
 10
41.6751
 20
-10.02
 11
41.5059
 21
-10.1425
  0
LINE
  8
0
 10
41.5059
 20
-10.1425
 11
41.4001
 21
-10.336
  0
LINE
  8
0
 10
41.4001
 20
-10.336
 11
41.3648
 21
-10.5901
  0
LINE
  8
0
 10
41.3648
 20
-10.5901
 11
41.4016
 21
-10.8435
  0
LINE
  8
0
 10
41.4016
 20
-10.8435
 11
41.5118
 21
-11.042
  0
LINE
  8
0
 10
41.5118
 20
-11.042
 11
41.6848
 21
-11.1701
  0
LINE
  8
0
 10
41.6848
 20
-11.1701
 11
41.9095
 21
-11.2128
  0
LINE
  8
0
 10
41.9095
 20
-11.2128
 11
42.1908
 21
-11.1334
  0
LINE
  8
0
 10
42.1908
 20
-11.1334
 11
42.3923
 21
-10.8949
  0
LINE
  8
0
 10
42.3923
 20
-10.8949
 11
42.5616
 21
-10.9796
  0
LINE
  8
0
 10
42.5616
 20
-10.9796
 11
42.4481
 21
-11.1534
  0
LINE
  8
0
 10
42.4481
 20
-11.1534
 11
42.2963
 21
-11.2801
  0
LINE
  8
0
 10
42.2963
 20
-11.2801
 11
42.1117
 21
-11.3574
  0
LINE
  8
0
 10
42.1117
 20
-11.3574
 11
41.8997
 21
-11.3832
  0
LINE
  8
0
 10
41.8997
 20
-11.3832
 11
41.6842
 21
-11.3592
  0
LINE
  8
0
 10
53.6075
 20
-11.333
 11
53.4423
 21
-11.1825
  0
LINE
  8
0
 10
53.4423
 20
-11.1825
 11
53.343
 21
-10.9356
  0
LINE
  8
0
 10
53.343
 20
-10.9356
 11
53.3099
 21
-10.5966
  0
LINE
  8
0
 10
53.3099
 20
-10.5966
 11
53.342
 21
-10.2521
  0
LINE
  8
0
 10
53.342
 20
-10.2521
 11
53.4385
 21
-10.0063
  0
LINE
  8
0
 10
53.4385
 20
-10.0063
 11
53.6044
 21
-9.85904
  0
LINE
  8
0
 10
53.6044
 20
-9.85904
 11
53.8448
 21
-9.80994
  0
LINE
  8
0
 10
53.8448
 20
-9.80994
 11
54.0796
 21
-9.85959
  0
LINE
  8
0
 10
54.0796
 20
-9.85959
 11
54.2435
 21
-10.0085
  0
LINE
  8
0
 10
54.2435
 20
-10.0085
 11
54.34
 21
-10.2548
  0
LINE
  8
0
 10
54.34
 20
-10.2548
 11
54.3721
 21
-10.5966
  0
LINE
  8
0
 10
54.3721
 20
-10.5966
 11
54.3383
 21
-10.9343
  0
LINE
  8
0
 10
54.3383
 20
-10.9343
 11
54.237
 21
-11.1814
  0
LINE
  8
0
 10
54.237
 20
-11.1814
 11
54.0698
 21
-11.3327
  0
LINE
  8
0
 10
54.0698
 20
-11.3327
 11
53.8383
 21
-11.3832
  0
LINE
  8
0
 10
53.8383
 20
-11.3832
 11
53.6075
 21
-11.333
  0
LINE
  8
0
 10
53.9899
 20
-11.1852
 11
54.0933
 21
-11.0696
  0
LINE
  8
0
 10
54.0933
 20
-11.0696
 11
54.1535
 21
-10.8743
  0
LINE
  8
0
 10
54.1535
 20
-10.8743
 11
54.1736
 21
-10.5966
  0
LINE
  8
0
 10
54.1736
 20
-10.5966
 11
54.1544
 21
-10.3112
  0
LINE
  8
0
 10
54.1544
 20
-10.3112
 11
54.0971
 21
-10.117
  0
LINE
  8
0
 10
54.0971
 20
-10.117
 11
53.9958
 21
-10.0055
  0
LINE
  8
0
 10
53.9958
 20
-10.0055
 11
53.8448
 21
-9.96837
  0
LINE
  8
0
 10
53.8448
 20
-9.96837
 11
53.6901
 21
-10.005
  0
LINE
  8
0
 10
53.6901
 20
-10.005
 11
53.586
 21
-10.1149
  0
LINE
  8
0
 10
53.586
 20
-10.1149
 11
53.527
 21
-10.3085
  0
LINE
  8
0
 10
53.527
 20
-10.3085
 11
53.5074
 21
-10.5966
  0
LINE
  8
0
 10
53.5074
 20
-10.5966
 11
53.5273
 21
-10.8784
  0
LINE
  8
0
 10
53.5273
 20
-10.8784
 11
53.5871
 21
-11.0729
  0
LINE
  8
0
 10
53.5871
 20
-11.0729
 11
53.6903
 21
-11.186
  0
LINE
  8
0
 10
53.6903
 20
-11.186
 11
53.8405
 21
-11.2237
  0
LINE
  8
0
 10
53.8405
 20
-11.2237
 11
53.9899
 21
-11.1852
  0
LINE
  8
0
 10
36.7222
 20
-11.3615
 11
36.7222
 21
-11.1955
  0
LINE
  8
0
 10
36.7222
 20
-11.1955
 11
37.1117
 21
-11.1955
  0
LINE
  8
0
 10
37.1117
 20
-11.1955
 11
37.1117
 21
-10.0193
  0
LINE
  8
0
 10
37.1117
 20
-10.0193
 11
36.7666
 21
-10.2656
  0
LINE
  8
0
 10
36.7666
 20
-10.2656
 11
36.7666
 21
-10.0812
  0
LINE
  8
0
 10
36.7666
 20
-10.0812
 11
37.128
 21
-9.83273
  0
LINE
  8
0
 10
37.128
 20
-9.83273
 11
37.3081
 21
-9.83273
  0
LINE
  8
0
 10
37.3081
 20
-9.83273
 11
37.3081
 21
-11.1955
  0
LINE
  8
0
 10
37.3081
 20
-11.1955
 11
37.6802
 21
-11.1955
  0
LINE
  8
0
 10
37.6802
 20
-11.1955
 11
37.6802
 21
-11.3615
  0
LINE
  8
0
 10
37.6802
 20
-11.3615
 11
36.7222
 21
-11.3615
  0
LINE
  8
0
 10
35.5749
 20
-11.3124
 11
35.5163
 21
-11.113
  0
LINE
  8
0
 10
35.5163
 20
-11.113
 11
35.5163
 21
-10.3297
  0
LINE
  8
0
 10
35.5163
 20
-10.3297
 11
35.3807
 21
-10.3297
  0
LINE
  8
0
 10
35.3807
 20
-10.3297
 11
35.3807
 21
-10.1875
  0
LINE
  8
0
 10
35.3807
 20
-10.1875
 11
35.5239
 21
-10.1875
  0
LINE
  8
0
 10
35.5239
 20
-10.1875
 11
35.5814
 21
-9.92496
  0
LINE
  8
0
 10
35.5814
 20
-9.92496
 11
35.7116
 21
-9.92496
  0
LINE
  8
0
 10
35.7116
 20
-9.92496
 11
35.7116
 21
-10.1875
  0
LINE
  8
0
 10
35.7116
 20
-10.1875
 11
35.9286
 21
-10.1875
  0
LINE
  8
0
 10
35.9286
 20
-10.1875
 11
35.9286
 21
-10.3297
  0
LINE
  8
0
 10
35.9286
 20
-10.3297
 11
35.7116
 21
-10.3297
  0
LINE
  8
0
 10
35.7116
 20
-10.3297
 11
35.7116
 21
-11.0707
  0
LINE
  8
0
 10
35.7116
 20
-11.0707
 11
35.7185
 21
-11.1427
  0
LINE
  8
0
 10
35.7185
 20
-11.1427
 11
35.7393
 21
-11.1895
  0
LINE
  8
0
 10
35.7393
 20
-11.1895
 11
35.7771
 21
-11.2151
  0
LINE
  8
0
 10
35.7771
 20
-11.2151
 11
35.8353
 21
-11.2237
  0
LINE
  8
0
 10
35.8353
 20
-11.2237
 11
35.883
 21
-11.2199
  0
LINE
  8
0
 10
35.883
 20
-11.2199
 11
35.9481
 21
-11.2085
  0
LINE
  8
0
 10
35.9481
 20
-11.2085
 11
35.9481
 21
-11.3528
  0
LINE
  8
0
 10
35.9481
 20
-11.3528
 11
35.8505
 21
-11.3723
  0
LINE
  8
0
 10
35.8505
 20
-11.3723
 11
35.7506
 21
-11.3788
  0
LINE
  8
0
 10
35.7506
 20
-11.3788
 11
35.5749
 21
-11.3124
  0
LINE
  8
0
 10
45.4023
 20
-11.3443
 11
45.2434
 21
-11.2275
  0
LINE
  8
0
 10
45.2434
 20
-11.2275
 11
45.1462
 21
-11.0361
  0
LINE
  8
0
 10
45.1462
 20
-11.0361
 11
45.1138
 21
-10.7734
  0
LINE
  8
0
 10
45.1138
 20
-10.7734
 11
45.1463
 21
-10.5124
  0
LINE
  8
0
 10
45.1463
 20
-10.5124
 11
45.244
 21
-10.3215
  0
LINE
  8
0
 10
45.244
 20
-10.3215
 11
45.4024
 21
-10.2048
  0
LINE
  8
0
 10
45.4024
 20
-10.2048
 11
45.6172
 21
-10.1658
  0
LINE
  8
0
 10
45.6172
 20
-10.1658
 11
45.782
 21
-10.1892
  0
LINE
  8
0
 10
45.782
 20
-10.1892
 11
45.9161
 21
-10.2592
  0
LINE
  8
0
 10
45.9161
 20
-10.2592
 11
46.0128
 21
-10.3701
  0
LINE
  8
0
 10
46.0128
 20
-10.3701
 11
46.0653
 21
-10.5163
  0
LINE
  8
0
 10
46.0653
 20
-10.5163
 11
45.8646
 21
-10.5315
  0
LINE
  8
0
 10
45.8646
 20
-10.5315
 11
45.8378
 21
-10.4438
  0
LINE
  8
0
 10
45.8378
 20
-10.4438
 11
45.7876
 21
-10.3763
  0
LINE
  8
0
 10
45.7876
 20
-10.3763
 11
45.7127
 21
-10.3332
  0
LINE
  8
0
 10
45.7127
 20
-10.3332
 11
45.6118
 21
-10.3188
  0
LINE
  8
0
 10
45.6118
 20
-10.3188
 11
45.4781
 21
-10.3446
  0
LINE
  8
0
 10
45.4781
 20
-10.3446
 11
45.3872
 21
-10.4219
  0
LINE
  8
0
 10
45.3872
 20
-10.4219
 11
45.3351
 21
-10.5602
  0
LINE
  8
0
 10
45.3351
 20
-10.5602
 11
45.3177
 21
-10.7691
  0
LINE
  8
0
 10
45.3177
 20
-10.7691
 11
45.3362
 21
-10.9731
  0
LINE
  8
0
 10
45.3362
 20
-10.9731
 11
45.3915
 21
-11.1163
  0
LINE
  8
0
 10
45.3915
 20
-11.1163
 11
45.484
 21
-11.2009
  0
LINE
  8
0
 10
45.484
 20
-11.2009
 11
45.614
 21
-11.2291
  0
LINE
  8
0
 10
45.614
 20
-11.2291
 11
45.7096
 21
-11.215
  0
LINE
  8
0
 10
45.7096
 20
-11.215
 11
45.7881
 21
-11.1727
  0
LINE
  8
0
 10
45.7881
 20
-11.1727
 11
45.8447
 21
-11.1011
  0
LINE
  8
0
 10
45.8447
 20
-11.1011
 11
45.8744
 21
-10.9991
  0
LINE
  8
0
 10
45.8744
 20
-10.9991
 11
46.0718
 21
-11.0121
  0
LINE
  8
0
 10
46.0718
 20
-11.0121
 11
46.0244
 21
-11.1643
  0
LINE
  8
0
 10
46.0244
 20
-11.1643
 11
45.9275
 21
-11.2823
  0
LINE
  8
0
 10
45.9275
 20
-11.2823
 11
45.7897
 21
-11.358
  0
LINE
  8
0
 10
45.7897
 20
-11.358
 11
45.6194
 21
-11.3832
  0
LINE
  8
0
 10
45.6194
 20
-11.3832
 11
45.4023
 21
-11.3443
  0
LINE
  8
0
 10
34.4344
 20
-11.3599
 11
34.3235
 21
-11.2899
  0
LINE
  8
0
 10
34.3235
 20
-11.2899
 11
34.2567
 21
-11.1792
  0
LINE
  8
0
 10
34.2567
 20
-11.1792
 11
34.2345
 21
-11.0338
  0
LINE
  8
0
 10
34.2345
 20
-11.0338
 11
34.2645
 21
-10.8727
  0
LINE
  8
0
 10
34.2645
 20
-10.8727
 11
34.3544
 21
-10.7539
  0
LINE
  8
0
 10
34.3544
 20
-10.7539
 11
34.511
 21
-10.679
  0
LINE
  8
0
 10
34.511
 20
-10.679
 11
34.7412
 21
-10.6497
  0
LINE
  8
0
 10
34.7412
 20
-10.6497
 11
35.0049
 21
-10.6454
  0
LINE
  8
0
 10
35.0049
 20
-10.6454
 11
35.0049
 21
-10.5814
  0
LINE
  8
0
 10
35.0049
 20
-10.5814
 11
34.9897
 21
-10.4585
  0
LINE
  8
0
 10
34.9897
 20
-10.4585
 11
34.9441
 21
-10.3763
  0
LINE
  8
0
 10
34.9441
 20
-10.3763
 11
34.866
 21
-10.3299
  0
LINE
  8
0
 10
34.866
 20
-10.3299
 11
34.7531
 21
-10.3145
  0
LINE
  8
0
 10
34.7531
 20
-10.3145
 11
34.6397
 21
-10.3256
  0
LINE
  8
0
 10
34.6397
 20
-10.3256
 11
34.5622
 21
-10.359
  0
LINE
  8
0
 10
34.5622
 20
-10.359
 11
34.5144
 21
-10.4167
  0
LINE
  8
0
 10
34.5144
 20
-10.4167
 11
34.4905
 21
-10.5011
  0
LINE
  8
0
 10
34.4905
 20
-10.5011
 11
34.2866
 21
-10.4827
  0
LINE
  8
0
 10
34.2866
 20
-10.4827
 11
34.4293
 21
-10.245
  0
LINE
  8
0
 10
34.4293
 20
-10.245
 11
34.7575
 21
-10.1658
  0
LINE
  8
0
 10
34.7575
 20
-10.1658
 11
34.9514
 21
-10.1912
  0
LINE
  8
0
 10
34.9514
 20
-10.1912
 11
35.0905
 21
-10.2673
  0
LINE
  8
0
 10
35.0905
 20
-10.2673
 11
35.1744
 21
-10.3914
  0
LINE
  8
0
 10
35.1744
 20
-10.3914
 11
35.2023
 21
-10.5608
  0
LINE
  8
0
 10
35.2023
 20
-10.5608
 11
35.2023
 21
-11.0664
  0
LINE
  8
0
 10
35.2023
 20
-11.0664
 11
35.208
 21
-11.1425
  0
LINE
  8
0
 10
35.208
 20
-11.1425
 11
35.2251
 21
-11.1971
  0
LINE
  8
0
 10
35.2251
 20
-11.1971
 11
35.2582
 21
-11.2301
  0
LINE
  8
0
 10
35.2582
 20
-11.2301
 11
35.3119
 21
-11.2411
  0
LINE
  8
0
 10
35.3119
 20
-11.2411
 11
35.342
 21
-11.2392
  0
LINE
  8
0
 10
35.342
 20
-11.2392
 11
35.3759
 21
-11.2335
  0
LINE
  8
0
 10
35.3759
 20
-11.2335
 11
35.3759
 21
-11.355
  0
LINE
  8
0
 10
35.3759
 20
-11.355
 11
35.3013
 21
-11.368
  0
LINE
  8
0
 10
35.3013
 20
-11.368
 11
35.2251
 21
-11.3723
  0
LINE
  8
0
 10
35.2251
 20
-11.3723
 11
35.1314
 21
-11.3581
  0
LINE
  8
0
 10
35.1314
 20
-11.3581
 11
35.0672
 21
-11.3154
  0
LINE
  8
0
 10
35.0672
 20
-11.3154
 11
35.0286
 21
-11.2423
  0
LINE
  8
0
 10
35.0286
 20
-11.2423
 11
35.0114
 21
-11.1369
  0
LINE
  8
0
 10
35.0114
 20
-11.1369
 11
35.0049
 21
-11.1369
  0
LINE
  8
0
 10
35.0049
 20
-11.1369
 11
34.9239
 21
-11.2518
  0
LINE
  8
0
 10
34.9239
 20
-11.2518
 11
34.8307
 21
-11.3273
  0
LINE
  8
0
 10
34.8307
 20
-11.3273
 11
34.7207
 21
-11.3692
  0
LINE
  8
0
 10
34.7207
 20
-11.3692
 11
34.5893
 21
-11.3832
  0
LINE
  8
0
 10
34.5893
 20
-11.3832
 11
34.4344
 21
-11.3599
  0
LINE
  8
0
 10
34.7352
 20
-11.2245
 11
34.8247
 21
-11.1879
  0
LINE
  8
0
 10
34.8247
 20
-11.1879
 11
34.8995
 21
-11.13
  0
LINE
  8
0
 10
34.8995
 20
-11.13
 11
34.9566
 21
-11.0539
  0
LINE
  8
0
 10
34.9566
 20
-11.0539
 11
34.9928
 21
-10.9675
  0
LINE
  8
0
 10
34.9928
 20
-10.9675
 11
35.0049
 21
-10.8787
  0
LINE
  8
0
 10
35.0049
 20
-10.8787
 11
35.0049
 21
-10.7821
  0
LINE
  8
0
 10
35.0049
 20
-10.7821
 11
34.7911
 21
-10.7864
  0
LINE
  8
0
 10
34.7911
 20
-10.7864
 11
34.67
 21
-10.7946
  0
LINE
  8
0
 10
34.67
 20
-10.7946
 11
34.5822
 21
-10.8147
  0
LINE
  8
0
 10
34.5822
 20
-10.8147
 11
34.5194
 21
-10.8477
  0
LINE
  8
0
 10
34.5194
 20
-10.8477
 11
34.4732
 21
-10.8949
  0
LINE
  8
0
 10
34.4732
 20
-10.8949
 11
34.4447
 21
-10.9576
  0
LINE
  8
0
 10
34.4447
 20
-10.9576
 11
34.4352
 21
-11.0371
  0
LINE
  8
0
 10
34.4352
 20
-11.0371
 11
34.4481
 21
-11.1217
  0
LINE
  8
0
 10
34.4481
 20
-11.1217
 11
34.4868
 21
-11.1846
  0
LINE
  8
0
 10
34.4868
 20
-11.1846
 11
34.5493
 21
-11.2237
  0
LINE
  8
0
 10
34.5493
 20
-11.2237
 11
34.6338
 21
-11.2367
  0
LINE
  8
0
 10
34.6338
 20
-11.2367
 11
34.7352
 21
-11.2245
  0
LINE
  8
0
 10
32.728
 20
-11.3444
 11
32.5608
 21
-11.228
  0
LINE
  8
0
 10
32.5608
 20
-11.228
 11
32.4587
 21
-11.0352
  0
LINE
  8
0
 10
32.4587
 20
-11.0352
 11
32.4246
 21
-10.7669
  0
LINE
  8
0
 10
32.4246
 20
-10.7669
 11
32.4587
 21
-10.5101
  0
LINE
  8
0
 10
32.4587
 20
-10.5101
 11
32.5608
 21
-10.321
  0
LINE
  8
0
 10
32.5608
 20
-10.321
 11
32.7261
 21
-10.2046
  0
LINE
  8
0
 10
32.7261
 20
-10.2046
 11
32.9498
 21
-10.1658
  0
LINE
  8
0
 10
32.9498
 20
-10.1658
 11
33.338
 21
-10.3218
  0
LINE
  8
0
 10
33.338
 20
-10.3218
 11
33.4673
 21
-10.7897
  0
LINE
  8
0
 10
33.4673
 20
-10.7897
 11
33.4673
 21
-10.8157
  0
LINE
  8
0
 10
33.4673
 20
-10.8157
 11
32.6297
 21
-10.8157
  0
LINE
  8
0
 10
32.6297
 20
-10.8157
 11
32.6506
 21
-10.9945
  0
LINE
  8
0
 10
32.6506
 20
-10.9945
 11
32.7132
 21
-11.1271
  0
LINE
  8
0
 10
32.7132
 20
-11.1271
 11
32.816
 21
-11.2093
  0
LINE
  8
0
 10
32.816
 20
-11.2093
 11
32.9574
 21
-11.2367
  0
LINE
  8
0
 10
32.9574
 20
-11.2367
 11
33.0717
 21
-11.224
  0
LINE
  8
0
 10
33.0717
 20
-11.224
 11
33.1608
 21
-11.1857
  0
LINE
  8
0
 10
33.1608
 20
-11.1857
 11
33.225
 21
-11.1279
  0
LINE
  8
0
 10
33.225
 20
-11.1279
 11
33.2644
 21
-11.0566
  0
LINE
  8
0
 10
33.2644
 20
-11.0566
 11
33.4359
 21
-11.1054
  0
LINE
  8
0
 10
33.4359
 20
-11.1054
 11
33.2636
 21
-11.3137
  0
LINE
  8
0
 10
33.2636
 20
-11.3137
 11
32.9574
 21
-11.3832
  0
LINE
  8
0
 10
32.9574
 20
-11.3832
 11
32.728
 21
-11.3444
  0
LINE
  8
0
 10
33.2338
 20
-10.5056
 11
33.1711
 21
-10.3953
  0
LINE
  8
0
 10
33.1711
 20
-10.3953
 11
33.0759
 21
-10.3314
  0
LINE
  8
0
 10
33.0759
 20
-10.3314
 11
32.9465
 21
-10.3101
  0
LINE
  8
0
 10
32.9465
 20
-10.3101
 11
32.8192
 21
-10.3339
  0
LINE
  8
0
 10
32.8192
 20
-10.3339
 11
32.7214
 21
-10.4051
  0
LINE
  8
0
 10
32.7214
 20
-10.4051
 11
32.6575
 21
-10.5178
  0
LINE
  8
0
 10
32.6575
 20
-10.5178
 11
32.6319
 21
-10.666
  0
LINE
  8
0
 10
32.6319
 20
-10.666
 11
33.2655
 21
-10.666
  0
LINE
  8
0
 10
33.2655
 20
-10.666
 11
33.2338
 21
-10.5056
  0
LINE
  8
0
 10
46.3988
 20
-11.3599
 11
46.2878
 21
-11.2899
  0
LINE
  8
0
 10
46.2878
 20
-11.2899
 11
46.2211
 21
-11.1792
  0
LINE
  8
0
 10
46.2211
 20
-11.1792
 11
46.1989
 21
-11.0338
  0
LINE
  8
0
 10
46.1989
 20
-11.0338
 11
46.2288
 21
-10.8727
  0
LINE
  8
0
 10
46.2288
 20
-10.8727
 11
46.3188
 21
-10.7539
  0
LINE
  8
0
 10
46.3188
 20
-10.7539
 11
46.4754
 21
-10.679
  0
LINE
  8
0
 10
46.4754
 20
-10.679
 11
46.7056
 21
-10.6497
  0
LINE
  8
0
 10
46.7056
 20
-10.6497
 11
46.9692
 21
-10.6454
  0
LINE
  8
0
 10
46.9692
 20
-10.6454
 11
46.9692
 21
-10.5814
  0
LINE
  8
0
 10
46.9692
 20
-10.5814
 11
46.954
 21
-10.4585
  0
LINE
  8
0
 10
46.954
 20
-10.4585
 11
46.9084
 21
-10.3763
  0
LINE
  8
0
 10
46.9084
 20
-10.3763
 11
46.8303
 21
-10.3299
  0
LINE
  8
0
 10
46.8303
 20
-10.3299
 11
46.7175
 21
-10.3145
  0
LINE
  8
0
 10
46.7175
 20
-10.3145
 11
46.6041
 21
-10.3256
  0
LINE
  8
0
 10
46.6041
 20
-10.3256
 11
46.5265
 21
-10.359
  0
LINE
  8
0
 10
46.5265
 20
-10.359
 11
46.4788
 21
-10.4167
  0
LINE
  8
0
 10
46.4788
 20
-10.4167
 11
46.4549
 21
-10.5011
  0
LINE
  8
0
 10
46.4549
 20
-10.5011
 11
46.2509
 21
-10.4827
  0
LINE
  8
0
 10
46.2509
 20
-10.4827
 11
46.3936
 21
-10.245
  0
LINE
  8
0
 10
46.3936
 20
-10.245
 11
46.7218
 21
-10.1658
  0
LINE
  8
0
 10
46.7218
 20
-10.1658
 11
46.9158
 21
-10.1912
  0
LINE
  8
0
 10
46.9158
 20
-10.1912
 11
47.0549
 21
-10.2673
  0
LINE
  8
0
 10
47.0549
 20
-10.2673
 11
47.1387
 21
-10.3914
  0
LINE
  8
0
 10
47.1387
 20
-10.3914
 11
47.1667
 21
-10.5608
  0
LINE
  8
0
 10
47.1667
 20
-10.5608
 11
47.1667
 21
-11.0664
  0
LINE
  8
0
 10
47.1667
 20
-11.0664
 11
47.1724
 21
-11.1425
  0
LINE
  8
0
 10
47.1724
 20
-11.1425
 11
47.1895
 21
-11.1971
  0
LINE
  8
0
 10
47.1895
 20
-11.1971
 11
47.2226
 21
-11.2301
  0
LINE
  8
0
 10
47.2226
 20
-11.2301
 11
47.2763
 21
-11.2411
  0
LINE
  8
0
 10
47.2763
 20
-11.2411
 11
47.3064
 21
-11.2392
  0
LINE
  8
0
 10
47.3064
 20
-11.2392
 11
47.3403
 21
-11.2335
  0
LINE
  8
0
 10
47.3403
 20
-11.2335
 11
47.3403
 21
-11.355
  0
LINE
  8
0
 10
47.3403
 20
-11.355
 11
47.2657
 21
-11.368
  0
LINE
  8
0
 10
47.2657
 20
-11.368
 11
47.1895
 21
-11.3723
  0
LINE
  8
0
 10
47.1895
 20
-11.3723
 11
47.0957
 21
-11.3581
  0
LINE
  8
0
 10
47.0957
 20
-11.3581
 11
47.0316
 21
-11.3154
  0
LINE
  8
0
 10
47.0316
 20
-11.3154
 11
46.9929
 21
-11.2423
  0
LINE
  8
0
 10
46.9929
 20
-11.2423
 11
46.9757
 21
-11.1369
  0
LINE
  8
0
 10
46.9757
 20
-11.1369
 11
46.9692
 21
-11.1369
  0
LINE
  8
0
 10
46.9692
 20
-11.1369
 11
46.8882
 21
-11.2518
  0
LINE
  8
0
 10
46.8882
 20
-11.2518
 11
46.7951
 21
-11.3273
  0
LINE
  8
0
 10
46.7951
 20
-11.3273
 11
46.6851
 21
-11.3692
  0
LINE
  8
0
 10
46.6851
 20
-11.3692
 11
46.5536
 21
-11.3832
  0
LINE
  8
0
 10
46.5536
 20
-11.3832
 11
46.3988
 21
-11.3599
  0
LINE
  8
0
 10
46.6996
 20
-11.2245
 11
46.7891
 21
-11.1879
  0
LINE
  8
0
 10
46.7891
 20
-11.1879
 11
46.8638
 21
-11.13
  0
LINE
  8
0
 10
46.8638
 20
-11.13
 11
46.9209
 21
-11.0539
  0
LINE
  8
0
 10
46.9209
 20
-11.0539
 11
46.9572
 21
-10.9675
  0
LINE
  8
0
 10
46.9572
 20
-10.9675
 11
46.9692
 21
-10.8787
  0
LINE
  8
0
 10
46.9692
 20
-10.8787
 11
46.9692
 21
-10.7821
  0
LINE
  8
0
 10
46.9692
 20
-10.7821
 11
46.7555
 21
-10.7864
  0
LINE
  8
0
 10
46.7555
 20
-10.7864
 11
46.6343
 21
-10.7946
  0
LINE
  8
0
 10
46.6343
 20
-10.7946
 11
46.5466
 21
-10.8147
  0
LINE
  8
0
 10
46.5466
 20
-10.8147
 11
46.4838
 21
-10.8477
  0
LINE
  8
0
 10
46.4838
 20
-10.8477
 11
46.4376
 21
-10.8949
  0
LINE
  8
0
 10
46.4376
 20
-10.8949
 11
46.4091
 21
-10.9576
  0
LINE
  8
0
 10
46.4091
 20
-10.9576
 11
46.3996
 21
-11.0371
  0
LINE
  8
0
 10
46.3996
 20
-11.0371
 11
46.4125
 21
-11.1217
  0
LINE
  8
0
 10
46.4125
 20
-11.1217
 11
46.4511
 21
-11.1846
  0
LINE
  8
0
 10
46.4511
 20
-11.1846
 11
46.5136
 21
-11.2237
  0
LINE
  8
0
 10
46.5136
 20
-11.2237
 11
46.5981
 21
-11.2367
  0
LINE
  8
0
 10
46.5981
 20
-11.2367
 11
46.6996
 21
-11.2245
  0
LINE
  8
0
 10
48.1913
 20
-11.3444
 11
48.0241
 21
-11.228
  0
LINE
  8
0
 10
48.0241
 20
-11.228
 11
47.922
 21
-11.0352
  0
LINE
  8
0
 10
47.922
 20
-11.0352
 11
47.8879
 21
-10.7669
  0
LINE
  8
0
 10
47.8879
 20
-10.7669
 11
47.922
 21
-10.5101
  0
LINE
  8
0
 10
47.922
 20
-10.5101
 11
48.0241
 21
-10.321
  0
LINE
  8
0
 10
48.0241
 20
-10.321
 11
48.1894
 21
-10.2046
  0
LINE
  8
0
 10
48.1894
 20
-10.2046
 11
48.4131
 21
-10.1658
  0
LINE
  8
0
 10
48.4131
 20
-10.1658
 11
48.8012
 21
-10.3218
  0
LINE
  8
0
 10
48.8012
 20
-10.3218
 11
48.9306
 21
-10.7897
  0
LINE
  8
0
 10
48.9306
 20
-10.7897
 11
48.9306
 21
-10.8157
  0
LINE
  8
0
 10
48.9306
 20
-10.8157
 11
48.093
 21
-10.8157
  0
LINE
  8
0
 10
48.093
 20
-10.8157
 11
48.1139
 21
-10.9945
  0
LINE
  8
0
 10
48.1139
 20
-10.9945
 11
48.1765
 21
-11.1271
  0
LINE
  8
0
 10
48.1765
 20
-11.1271
 11
48.2793
 21
-11.2093
  0
LINE
  8
0
 10
48.2793
 20
-11.2093
 11
48.4207
 21
-11.2367
  0
LINE
  8
0
 10
48.4207
 20
-11.2367
 11
48.535
 21
-11.224
  0
LINE
  8
0
 10
48.535
 20
-11.224
 11
48.6241
 21
-11.1857
  0
LINE
  8
0
 10
48.6241
 20
-11.1857
 11
48.6882
 21
-11.1279
  0
LINE
  8
0
 10
48.6882
 20
-11.1279
 11
48.7277
 21
-11.0566
  0
LINE
  8
0
 10
48.7277
 20
-11.0566
 11
48.8991
 21
-11.1054
  0
LINE
  8
0
 10
48.8991
 20
-11.1054
 11
48.7269
 21
-11.3137
  0
LINE
  8
0
 10
48.7269
 20
-11.3137
 11
48.4207
 21
-11.3832
  0
LINE
  8
0
 10
48.4207
 20
-11.3832
 11
48.1913
 21
-11.3444
  0
LINE
  8
0
 10
48.6971
 20
-10.5056
 11
48.6344
 21
-10.3953
  0
LINE
  8
0
 10
48.6344
 20
-10.3953
 11
48.5392
 21
-10.3314
  0
LINE
  8
0
 10
48.5392
 20
-10.3314
 11
48.4098
 21
-10.3101
  0
LINE
  8
0
 10
48.4098
 20
-10.3101
 11
48.2825
 21
-10.3339
  0
LINE
  8
0
 10
48.2825
 20
-10.3339
 11
48.1847
 21
-10.4051
  0
LINE
  8
0
 10
48.1847
 20
-10.4051
 11
48.1208
 21
-10.5178
  0
LINE
  8
0
 10
48.1208
 20
-10.5178
 11
48.0952
 21
-10.666
  0
LINE
  8
0
 10
48.0952
 20
-10.666
 11
48.7288
 21
-10.666
  0
LINE
  8
0
 10
48.7288
 20
-10.666
 11
48.6971
 21
-10.5056
  0
LINE
  8
0
 10
31.7616
 20
-11.3615
 11
31.7616
 21
-10.461
  0
LINE
  8
0
 10
31.7616
 20
-10.461
 11
31.76
 21
-10.3307
  0
LINE
  8
0
 10
31.76
 20
-10.3307
 11
31.7551
 21
-10.1875
  0
LINE
  8
0
 10
31.7551
 20
-10.1875
 11
31.9396
 21
-10.1875
  0
LINE
  8
0
 10
31.9396
 20
-10.1875
 11
31.9461
 21
-10.3473
  0
LINE
  8
0
 10
31.9461
 20
-10.3473
 11
31.9483
 21
-10.4273
  0
LINE
  8
0
 10
31.9483
 20
-10.4273
 11
31.9526
 21
-10.4273
  0
LINE
  8
0
 10
31.9526
 20
-10.4273
 11
32.0028
 21
-10.3004
  0
LINE
  8
0
 10
32.0028
 20
-10.3004
 11
32.06
 21
-10.2212
  0
LINE
  8
0
 10
32.06
 20
-10.2212
 11
32.1332
 21
-10.1797
  0
LINE
  8
0
 10
32.1332
 20
-10.1797
 11
32.2314
 21
-10.1658
  0
LINE
  8
0
 10
32.2314
 20
-10.1658
 11
32.2708
 21
-10.1685
  0
LINE
  8
0
 10
32.2708
 20
-10.1685
 11
32.3107
 21
-10.1767
  0
LINE
  8
0
 10
32.3107
 20
-10.1767
 11
32.3107
 21
-10.3557
  0
LINE
  8
0
 10
32.3107
 20
-10.3557
 11
32.2651
 21
-10.3476
  0
LINE
  8
0
 10
32.2651
 20
-10.3476
 11
32.2065
 21
-10.3448
  0
LINE
  8
0
 10
32.2065
 20
-10.3448
 11
32.0994
 21
-10.371
  0
LINE
  8
0
 10
32.0994
 20
-10.371
 11
32.021
 21
-10.4496
  0
LINE
  8
0
 10
32.021
 20
-10.4496
 11
31.973
 21
-10.5769
  0
LINE
  8
0
 10
31.973
 20
-10.5769
 11
31.957
 21
-10.7496
  0
LINE
  8
0
 10
31.957
 20
-10.7496
 11
31.957
 21
-11.3615
  0
LINE
  8
0
 10
31.957
 20
-11.3615
 11
31.7616
 21
-11.3615
  0
LINE
  8
0
 10
44.2947
 20
-11.3651
 11
44.1508
 21
-11.311
  0
LINE
  8
0
 10
44.1508
 20
-11.311
 11
44.0527
 21
-11.2187
  0
LINE
  8
0
 10
44.0527
 20
-11.2187
 11
43.9962
 21
-11.0859
  0
LINE
  8
0
 10
43.9962
 20
-11.0859
 11
44.1687
 21
-11.0522
  0
LINE
  8
0
 10
44.1687
 20
-11.0522
 11
44.2069
 21
-11.134
  0
LINE
  8
0
 10
44.2069
 20
-11.134
 11
44.2717
 21
-11.1906
  0
LINE
  8
0
 10
44.2717
 20
-11.1906
 11
44.3651
 21
-11.2236
  0
LINE
  8
0
 10
44.3651
 20
-11.2236
 11
44.4887
 21
-11.2345
  0
LINE
  8
0
 10
44.4887
 20
-11.2345
 11
44.6175
 21
-11.2231
  0
LINE
  8
0
 10
44.6175
 20
-11.2231
 11
44.7063
 21
-11.189
  0
LINE
  8
0
 10
44.7063
 20
-11.189
 11
44.758
 21
-11.132
  0
LINE
  8
0
 10
44.758
 20
-11.132
 11
44.7752
 21
-11.0522
  0
LINE
  8
0
 10
44.7752
 20
-11.0522
 11
44.7632
 21
-10.9893
  0
LINE
  8
0
 10
44.7632
 20
-10.9893
 11
44.7274
 21
-10.9394
  0
LINE
  8
0
 10
44.7274
 20
-10.9394
 11
44.6651
 21
-10.8998
  0
LINE
  8
0
 10
44.6651
 20
-10.8998
 11
44.5734
 21
-10.8678
  0
LINE
  8
0
 10
44.5734
 20
-10.8678
 11
44.4334
 21
-10.8309
  0
LINE
  8
0
 10
44.4334
 20
-10.8309
 11
44.2895
 21
-10.7879
  0
LINE
  8
0
 10
44.2895
 20
-10.7879
 11
44.1942
 21
-10.7458
  0
LINE
  8
0
 10
44.1942
 20
-10.7458
 11
44.1308
 21
-10.6995
  0
LINE
  8
0
 10
44.1308
 20
-10.6995
 11
44.0829
 21
-10.6443
  0
LINE
  8
0
 10
44.0829
 20
-10.6443
 11
44.0528
 21
-10.5779
  0
LINE
  8
0
 10
44.0528
 20
-10.5779
 11
44.0428
 21
-10.4978
  0
LINE
  8
0
 10
44.0428
 20
-10.4978
 11
44.0714
 21
-10.3564
  0
LINE
  8
0
 10
44.0714
 20
-10.3564
 11
44.1573
 21
-10.2532
  0
LINE
  8
0
 10
44.1573
 20
-10.2532
 11
44.2979
 21
-10.1901
  0
LINE
  8
0
 10
44.2979
 20
-10.1901
 11
44.4909
 21
-10.1691
  0
LINE
  8
0
 10
44.4909
 20
-10.1691
 11
44.6652
 21
-10.1862
  0
LINE
  8
0
 10
44.6652
 20
-10.1862
 11
44.7996
 21
-10.2374
  0
LINE
  8
0
 10
44.7996
 20
-10.2374
 11
44.893
 21
-10.3264
  0
LINE
  8
0
 10
44.893
 20
-10.3264
 11
44.9444
 21
-10.4566
  0
LINE
  8
0
 10
44.9444
 20
-10.4566
 11
44.7687
 21
-10.4783
  0
LINE
  8
0
 10
44.7687
 20
-10.4783
 11
44.7387
 21
-10.4093
  0
LINE
  8
0
 10
44.7387
 20
-10.4093
 11
44.6813
 21
-10.3584
  0
LINE
  8
0
 10
44.6813
 20
-10.3584
 11
44.5982
 21
-10.3271
  0
LINE
  8
0
 10
44.5982
 20
-10.3271
 11
44.4909
 21
-10.3167
  0
LINE
  8
0
 10
44.4909
 20
-10.3167
 11
44.3759
 21
-10.3267
  0
LINE
  8
0
 10
44.3759
 20
-10.3267
 11
44.2956
 21
-10.3568
  0
LINE
  8
0
 10
44.2956
 20
-10.3568
 11
44.2484
 21
-10.4072
  0
LINE
  8
0
 10
44.2484
 20
-10.4072
 11
44.2327
 21
-10.4783
  0
LINE
  8
0
 10
44.2327
 20
-10.4783
 11
44.2392
 21
-10.5239
  0
LINE
  8
0
 10
44.2392
 20
-10.5239
 11
44.2587
 21
-10.5608
  0
LINE
  8
0
 10
44.2587
 20
-10.5608
 11
44.291
 21
-10.5909
  0
LINE
  8
0
 10
44.291
 20
-10.5909
 11
44.3358
 21
-10.6161
  0
LINE
  8
0
 10
44.3358
 20
-10.6161
 11
44.415
 21
-10.6432
  0
LINE
  8
0
 10
44.415
 20
-10.6432
 11
44.5506
 21
-10.679
  0
LINE
  8
0
 10
44.5506
 20
-10.679
 11
44.6841
 21
-10.7166
  0
LINE
  8
0
 10
44.6841
 20
-10.7166
 11
44.7741
 21
-10.7512
  0
LINE
  8
0
 10
44.7741
 20
-10.7512
 11
44.8353
 21
-10.7861
  0
LINE
  8
0
 10
44.8353
 20
-10.7861
 11
44.882
 21
-10.8244
  0
LINE
  8
0
 10
44.882
 20
-10.8244
 11
44.9172
 21
-10.8677
  0
LINE
  8
0
 10
44.9172
 20
-10.8677
 11
44.9434
 21
-10.9172
  0
LINE
  8
0
 10
44.9434
 20
-10.9172
 11
44.9596
 21
-10.9735
  0
LINE
  8
0
 10
44.9596
 20
-10.9735
 11
44.9651
 21
-11.0371
  0
LINE
  8
0
 10
44.9651
 20
-11.0371
 11
44.9337
 21
-11.1841
  0
LINE
  8
0
 10
44.9337
 20
-11.1841
 11
44.8397
 21
-11.2931
  0
LINE
  8
0
 10
44.8397
 20
-11.2931
 11
44.6893
 21
-11.3607
  0
LINE
  8
0
 10
44.6893
 20
-11.3607
 11
44.4887
 21
-11.3832
  0
LINE
  8
0
 10
44.4887
 20
-11.3832
 11
44.2947
 21
-11.3651
  0
LINE
  8
0
 10
30.7499
 20
-11.3592
 11
30.6345
 21
-11.2872
  0
LINE
  8
0
 10
30.6345
 20
-11.2872
 11
30.5673
 21
-11.1598
  0
LINE
  8
0
 10
30.5673
 20
-11.1598
 11
30.545
 21
-10.9698
  0
LINE
  8
0
 10
30.545
 20
-10.9698
 11
30.545
 21
-10.1875
  0
LINE
  8
0
 10
30.545
 20
-10.1875
 11
30.7413
 21
-10.1875
  0
LINE
  8
0
 10
30.7413
 20
-10.1875
 11
30.7413
 21
-10.9318
  0
LINE
  8
0
 10
30.7413
 20
-10.9318
 11
30.747
 21
-11.0349
  0
LINE
  8
0
 10
30.747
 20
-11.0349
 11
30.7641
 21
-11.1119
  0
LINE
  8
0
 10
30.7641
 20
-11.1119
 11
30.7937
 21
-11.167
  0
LINE
  8
0
 10
30.7937
 20
-11.167
 11
30.8368
 21
-11.2042
  0
LINE
  8
0
 10
30.8368
 20
-11.2042
 11
30.8984
 21
-11.2253
  0
LINE
  8
0
 10
30.8984
 20
-11.2253
 11
30.9833
 21
-11.2324
  0
LINE
  8
0
 10
30.9833
 20
-11.2324
 11
31.1094
 21
-11.2082
  0
LINE
  8
0
 10
31.1094
 20
-11.2082
 11
31.2057
 21
-11.1358
  0
LINE
  8
0
 10
31.2057
 20
-11.1358
 11
31.2668
 21
-11.0205
  0
LINE
  8
0
 10
31.2668
 20
-11.0205
 11
31.2871
 21
-10.8678
  0
LINE
  8
0
 10
31.2871
 20
-10.8678
 11
31.2871
 21
-10.1875
  0
LINE
  8
0
 10
31.2871
 20
-10.1875
 11
31.4824
 21
-10.1875
  0
LINE
  8
0
 10
31.4824
 20
-10.1875
 11
31.4824
 21
-11.1108
  0
LINE
  8
0
 10
31.4824
 20
-11.1108
 11
31.484
 21
-11.276
  0
LINE
  8
0
 10
31.484
 20
-11.276
 11
31.4889
 21
-11.3615
  0
LINE
  8
0
 10
31.4889
 20
-11.3615
 11
31.3045
 21
-11.3615
  0
LINE
  8
0
 10
31.3045
 20
-11.3615
 11
31.3034
 21
-11.3514
  0
LINE
  8
0
 10
31.3034
 20
-11.3514
 11
31.3023
 21
-11.3322
  0
LINE
  8
0
 10
31.3023
 20
-11.3322
 11
31.3011
 21
-11.3066
  0
LINE
  8
0
 10
31.3011
 20
-11.3066
 11
31.2996
 21
-11.2774
  0
LINE
  8
0
 10
31.2996
 20
-11.2774
 11
31.2978
 21
-11.2328
  0
LINE
  8
0
 10
31.2978
 20
-11.2328
 11
31.2958
 21
-11.1608
  0
LINE
  8
0
 10
31.2958
 20
-11.1608
 11
31.2925
 21
-11.1608
  0
LINE
  8
0
 10
31.2925
 20
-11.1608
 11
31.22
 21
-11.2645
  0
LINE
  8
0
 10
31.22
 20
-11.2645
 11
31.1368
 21
-11.3327
  0
LINE
  8
0
 10
31.1368
 20
-11.3327
 11
31.0377
 21
-11.3706
  0
LINE
  8
0
 10
31.0377
 20
-11.3706
 11
30.9171
 21
-11.3832
  0
LINE
  8
0
 10
30.9171
 20
-11.3832
 11
30.7499
 21
-11.3592
  0
LINE
  8
0
 10
49.2034
 20
-10.4121
 11
49.2034
 21
-10.1875
  0
LINE
  8
0
 10
49.2034
 20
-10.1875
 11
49.4149
 21
-10.1875
  0
LINE
  8
0
 10
49.4149
 20
-10.1875
 11
49.4149
 21
-10.4121
  0
LINE
  8
0
 10
49.4149
 20
-10.4121
 11
49.2034
 21
-10.4121
  0
LINE
  8
0
 10
51.6161
 20
-11.3615
 11
51.6161
 21
-11.1239
  0
LINE
  8
0
 10
51.6161
 20
-11.1239
 11
51.8277
 21
-11.1239
  0
LINE
  8
0
 10
51.8277
 20
-11.1239
 11
51.8277
 21
-11.3615
  0
LINE
  8
0
 10
51.8277
 20
-11.3615
 11
51.6161
 21
-11.3615
  0
LINE
  8
0
 10
49.2034
 20
-11.3615
 11
49.2034
 21
-11.1369
  0
LINE
  8
0
 10
49.2034
 20
-11.1369
 11
49.4149
 21
-11.1369
  0
LINE
  8
0
 10
49.4149
 20
-11.1369
 11
49.4149
 21
-11.3615
  0
LINE
  8
0
 10
49.4149
 20
-11.3615
 11
49.2034
 21
-11.3615
  0
LINE
  8
0
 10
44.3338
 20
-14.9453
 11
44.1996
 21
-14.8329
  0
LINE
  8
0
 10
44.1996
 20
-14.8329
 11
44.1211
 21
-14.6447
  0
LINE
  8
0
 10
44.1211
 20
-14.6447
 11
44.0949
 21
-14.3794
  0
LINE
  8
0
 10
44.0949
 20
-14.3794
 11
44.2029
 21
-13.9189
  0
LINE
  8
0
 10
44.2029
 20
-13.9189
 11
44.5267
 21
-13.7653
  0
LINE
  8
0
 10
44.5267
 20
-13.7653
 11
44.6491
 21
-13.7775
  0
LINE
  8
0
 10
44.6491
 20
-13.7775
 11
44.7492
 21
-13.8142
  0
LINE
  8
0
 10
44.7492
 20
-13.8142
 11
44.8295
 21
-13.8774
  0
LINE
  8
0
 10
44.8295
 20
-13.8774
 11
44.8924
 21
-13.9693
  0
LINE
  8
0
 10
44.8924
 20
-13.9693
 11
44.8946
 21
-13.9693
  0
LINE
  8
0
 10
44.8946
 20
-13.9693
 11
44.8924
 21
-13.838
  0
LINE
  8
0
 10
44.8924
 20
-13.838
 11
44.8924
 21
-13.3509
  0
LINE
  8
0
 10
44.8924
 20
-13.3509
 11
45.0877
 21
-13.3509
  0
LINE
  8
0
 10
45.0877
 20
-13.3509
 11
45.0877
 21
-14.719
  0
LINE
  8
0
 10
45.0877
 20
-14.719
 11
45.0893
 21
-14.8712
  0
LINE
  8
0
 10
45.0893
 20
-14.8712
 11
45.0942
 21
-14.961
  0
LINE
  8
0
 10
45.0942
 20
-14.961
 11
44.9076
 21
-14.961
  0
LINE
  8
0
 10
44.9076
 20
-14.961
 11
44.9042
 21
-14.9322
  0
LINE
  8
0
 10
44.9042
 20
-14.9322
 11
44.9005
 21
-14.8807
  0
LINE
  8
0
 10
44.9005
 20
-14.8807
 11
44.8977
 21
-14.8221
  0
LINE
  8
0
 10
44.8977
 20
-14.8221
 11
44.8967
 21
-14.7722
  0
LINE
  8
0
 10
44.8967
 20
-14.7722
 11
44.8924
 21
-14.7722
  0
LINE
  8
0
 10
44.8924
 20
-14.7722
 11
44.8293
 21
-14.869
  0
LINE
  8
0
 10
44.8293
 20
-14.869
 11
44.7486
 21
-14.9339
  0
LINE
  8
0
 10
44.7486
 20
-14.9339
 11
44.6484
 21
-14.9705
  0
LINE
  8
0
 10
44.6484
 20
-14.9705
 11
44.5267
 21
-14.9827
  0
LINE
  8
0
 10
44.5267
 20
-14.9827
 11
44.3338
 21
-14.9453
  0
LINE
  8
0
 10
44.7199
 20
-14.8031
 11
44.8175
 21
-14.7169
  0
LINE
  8
0
 10
44.8175
 20
-14.7169
 11
44.8737
 21
-14.5701
  0
LINE
  8
0
 10
44.8737
 20
-14.5701
 11
44.8924
 21
-14.3599
  0
LINE
  8
0
 10
44.8924
 20
-14.3599
 11
44.8737
 21
-14.1578
  0
LINE
  8
0
 10
44.8737
 20
-14.1578
 11
44.8175
 21
-14.0181
  0
LINE
  8
0
 10
44.8175
 20
-14.0181
 11
44.7204
 21
-13.9368
  0
LINE
  8
0
 10
44.7204
 20
-13.9368
 11
44.5788
 21
-13.9096
  0
LINE
  8
0
 10
44.5788
 20
-13.9096
 11
44.4518
 21
-13.9369
  0
LINE
  8
0
 10
44.4518
 20
-13.9369
 11
44.3656
 21
-14.0187
  0
LINE
  8
0
 10
44.3656
 20
-14.0187
 11
44.3164
 21
-14.1618
  0
LINE
  8
0
 10
44.3164
 20
-14.1618
 11
44.3
 21
-14.3729
  0
LINE
  8
0
 10
44.3
 20
-14.3729
 11
44.3163
 21
-14.5842
  0
LINE
  8
0
 10
44.3163
 20
-14.5842
 11
44.3651
 21
-14.7255
  0
LINE
  8
0
 10
44.3651
 20
-14.7255
 11
44.4505
 21
-14.8053
  0
LINE
  8
0
 10
44.4505
 20
-14.8053
 11
44.5767
 21
-14.8319
  0
LINE
  8
0
 10
44.5767
 20
-14.8319
 11
44.7199
 21
-14.8031
  0
LINE
  8
0
 10
59.835
 20
-13.5375
 11
59.835
 21
-13.3509
  0
LINE
  8
0
 10
59.835
 20
-13.3509
 11
60.0303
 21
-13.3509
  0
LINE
  8
0
 10
60.0303
 20
-13.3509
 11
60.0303
 21
-13.5375
  0
LINE
  8
0
 10
60.0303
 20
-13.5375
 11
59.835
 21
-13.5375
  0
LINE
  8
0
 10
40.5327
 20
-14.961
 11
40.5327
 21
-13.3509
  0
LINE
  8
0
 10
40.5327
 20
-13.3509
 11
40.728
 21
-13.3509
  0
LINE
  8
0
 10
40.728
 20
-13.3509
 11
40.728
 21
-14.961
  0
LINE
  8
0
 10
40.728
 20
-14.961
 11
40.5327
 21
-14.961
  0
LINE
  8
0
 10
50.1838
 20
-13.5375
 11
50.1838
 21
-13.3509
  0
LINE
  8
0
 10
50.1838
 20
-13.3509
 11
50.3791
 21
-13.3509
  0
LINE
  8
0
 10
50.3791
 20
-13.3509
 11
50.3791
 21
-13.5375
  0
LINE
  8
0
 10
50.3791
 20
-13.5375
 11
50.1838
 21
-13.5375
  0
LINE
  8
0
 10
36.8409
 20
-14.961
 11
36.8409
 21
-13.9292
  0
LINE
  8
0
 10
36.8409
 20
-13.9292
 11
36.676
 21
-13.9292
  0
LINE
  8
0
 10
36.676
 20
-13.9292
 11
36.676
 21
-13.787
  0
LINE
  8
0
 10
36.676
 20
-13.787
 11
36.8409
 21
-13.787
  0
LINE
  8
0
 10
36.8409
 20
-13.787
 11
36.8409
 21
-13.6547
  0
LINE
  8
0
 10
36.8409
 20
-13.6547
 11
36.8586
 21
-13.5166
  0
LINE
  8
0
 10
36.8586
 20
-13.5166
 11
36.9115
 21
-13.4236
  0
LINE
  8
0
 10
36.9115
 20
-13.4236
 11
37.0007
 21
-13.3707
  0
LINE
  8
0
 10
37.0007
 20
-13.3707
 11
37.1274
 21
-13.353
  0
LINE
  8
0
 10
37.1274
 20
-13.353
 11
37.2025
 21
-13.3563
  0
LINE
  8
0
 10
37.2025
 20
-13.3563
 11
37.2652
 21
-13.3661
  0
LINE
  8
0
 10
37.2652
 20
-13.3661
 11
37.2652
 21
-13.5147
  0
LINE
  8
0
 10
37.2652
 20
-13.5147
 11
37.2191
 21
-13.5082
  0
LINE
  8
0
 10
37.2191
 20
-13.5082
 11
37.1784
 21
-13.506
  0
LINE
  8
0
 10
37.1784
 20
-13.506
 11
37.1138
 21
-13.5155
  0
LINE
  8
0
 10
37.1138
 20
-13.5155
 11
37.0699
 21
-13.544
  0
LINE
  8
0
 10
37.0699
 20
-13.544
 11
37.0446
 21
-13.5974
  0
LINE
  8
0
 10
37.0446
 20
-13.5974
 11
37.0362
 21
-13.6818
  0
LINE
  8
0
 10
37.0362
 20
-13.6818
 11
37.0362
 21
-13.787
  0
LINE
  8
0
 10
37.0362
 20
-13.787
 11
37.2652
 21
-13.787
  0
LINE
  8
0
 10
37.2652
 20
-13.787
 11
37.2652
 21
-13.9292
  0
LINE
  8
0
 10
37.2652
 20
-13.9292
 11
37.0362
 21
-13.9292
  0
LINE
  8
0
 10
37.0362
 20
-13.9292
 11
37.0362
 21
-14.961
  0
LINE
  8
0
 10
37.0362
 20
-14.961
 11
36.8409
 21
-14.961
  0
LINE
  8
0
 10
55.7283
 20
-14.9325
 11
55.5631
 21
-14.782
  0
LINE
  8
0
 10
55.5631
 20
-14.782
 11
55.4639
 21
-14.5351
  0
LINE
  8
0
 10
55.4639
 20
-14.5351
 11
55.4308
 21
-14.1961
  0
LINE
  8
0
 10
55.4308
 20
-14.1961
 11
55.4629
 21
-13.8516
  0
LINE
  8
0
 10
55.4629
 20
-13.8516
 11
55.5593
 21
-13.6058
  0
LINE
  8
0
 10
55.5593
 20
-13.6058
 11
55.7252
 21
-13.4585
  0
LINE
  8
0
 10
55.7252
 20
-13.4585
 11
55.9657
 21
-13.4094
  0
LINE
  8
0
 10
55.9657
 20
-13.4094
 11
56.2004
 21
-13.4591
  0
LINE
  8
0
 10
56.2004
 20
-13.4591
 11
56.3644
 21
-13.608
  0
LINE
  8
0
 10
56.3644
 20
-13.608
 11
56.4608
 21
-13.8543
  0
LINE
  8
0
 10
56.4608
 20
-13.8543
 11
56.493
 21
-14.1961
  0
LINE
  8
0
 10
56.493
 20
-14.1961
 11
56.4592
 21
-14.5338
  0
LINE
  8
0
 10
56.4592
 20
-14.5338
 11
56.3579
 21
-14.7809
  0
LINE
  8
0
 10
56.3579
 20
-14.7809
 11
56.1907
 21
-14.9322
  0
LINE
  8
0
 10
56.1907
 20
-14.9322
 11
55.9592
 21
-14.9827
  0
LINE
  8
0
 10
55.9592
 20
-14.9827
 11
55.7283
 21
-14.9325
  0
LINE
  8
0
 10
56.1108
 20
-14.7847
 11
56.2141
 21
-14.6691
  0
LINE
  8
0
 10
56.2141
 20
-14.6691
 11
56.2744
 21
-14.4738
  0
LINE
  8
0
 10
56.2744
 20
-14.4738
 11
56.2944
 21
-14.1961
  0
LINE
  8
0
 10
56.2944
 20
-14.1961
 11
56.2753
 21
-13.9107
  0
LINE
  8
0
 10
56.2753
 20
-13.9107
 11
56.2179
 21
-13.7165
  0
LINE
  8
0
 10
56.2179
 20
-13.7165
 11
56.1166
 21
-13.605
  0
LINE
  8
0
 10
56.1166
 20
-13.605
 11
55.9657
 21
-13.5679
  0
LINE
  8
0
 10
55.9657
 20
-13.5679
 11
55.8109
 21
-13.6045
  0
LINE
  8
0
 10
55.8109
 20
-13.6045
 11
55.7069
 21
-13.7144
  0
LINE
  8
0
 10
55.7069
 20
-13.7144
 11
55.6479
 21
-13.908
  0
LINE
  8
0
 10
55.6479
 20
-13.908
 11
55.6282
 21
-14.1961
  0
LINE
  8
0
 10
55.6282
 20
-14.1961
 11
55.6482
 21
-14.4779
  0
LINE
  8
0
 10
55.6482
 20
-14.4779
 11
55.708
 21
-14.6724
  0
LINE
  8
0
 10
55.708
 20
-14.6724
 11
55.8112
 21
-14.7855
  0
LINE
  8
0
 10
55.8112
 20
-14.7855
 11
55.9613
 21
-14.8232
  0
LINE
  8
0
 10
55.9613
 20
-14.8232
 11
56.1108
 21
-14.7847
  0
LINE
  8
0
 10
47.4184
 20
-14.9537
 11
47.2533
 21
-14.8666
  0
LINE
  8
0
 10
47.2533
 20
-14.8666
 11
47.1495
 21
-14.7261
  0
LINE
  8
0
 10
47.1495
 20
-14.7261
 11
47.115
 21
-14.5367
  0
LINE
  8
0
 10
47.115
 20
-14.5367
 11
47.1364
 21
-14.399
  0
LINE
  8
0
 10
47.1364
 20
-14.399
 11
47.2007
 21
-14.285
  0
LINE
  8
0
 10
47.2007
 20
-14.285
 11
47.2983
 21
-14.2031
  0
LINE
  8
0
 10
47.2983
 20
-14.2031
 11
47.4199
 21
-14.1613
  0
LINE
  8
0
 10
47.4199
 20
-14.1613
 11
47.4199
 21
-14.157
  0
LINE
  8
0
 10
47.4199
 20
-14.157
 11
47.3082
 21
-14.1106
  0
LINE
  8
0
 10
47.3082
 20
-14.1106
 11
47.2229
 21
-14.0301
  0
LINE
  8
0
 10
47.2229
 20
-14.0301
 11
47.1688
 21
-13.924
  0
LINE
  8
0
 10
47.1688
 20
-13.924
 11
47.1508
 21
-13.8011
  0
LINE
  8
0
 10
47.1508
 20
-13.8011
 11
47.1835
 21
-13.643
  0
LINE
  8
0
 10
47.1835
 20
-13.643
 11
47.2815
 21
-13.518
  0
LINE
  8
0
 10
47.2815
 20
-13.518
 11
47.4346
 21
-13.4366
  0
LINE
  8
0
 10
47.4346
 20
-13.4366
 11
47.6325
 21
-13.4094
  0
LINE
  8
0
 10
47.6325
 20
-13.4094
 11
47.8345
 21
-13.436
  0
LINE
  8
0
 10
47.8345
 20
-13.436
 11
47.9889
 21
-13.5158
  0
LINE
  8
0
 10
47.9889
 20
-13.5158
 11
48.087
 21
-13.6408
  0
LINE
  8
0
 10
48.087
 20
-13.6408
 11
48.1197
 21
-13.8033
  0
LINE
  8
0
 10
48.1197
 20
-13.8033
 11
48.1015
 21
-13.9262
  0
LINE
  8
0
 10
48.1015
 20
-13.9262
 11
48.047
 21
-14.0322
  0
LINE
  8
0
 10
48.047
 20
-14.0322
 11
47.961
 21
-14.1117
  0
LINE
  8
0
 10
47.961
 20
-14.1117
 11
47.8484
 21
-14.1548
  0
LINE
  8
0
 10
47.8484
 20
-14.1548
 11
47.8484
 21
-14.1592
  0
LINE
  8
0
 10
47.8484
 20
-14.1592
 11
47.9786
 21
-14.2022
  0
LINE
  8
0
 10
47.9786
 20
-14.2022
 11
48.0763
 21
-14.2834
  0
LINE
  8
0
 10
48.0763
 20
-14.2834
 11
48.1373
 21
-14.3964
  0
LINE
  8
0
 10
48.1373
 20
-14.3964
 11
48.1577
 21
-14.5346
  0
LINE
  8
0
 10
48.1577
 20
-14.5346
 11
48.124
 21
-14.7228
  0
LINE
  8
0
 10
48.124
 20
-14.7228
 11
48.0231
 21
-14.8644
  0
LINE
  8
0
 10
48.0231
 20
-14.8644
 11
47.8593
 21
-14.9531
  0
LINE
  8
0
 10
47.8593
 20
-14.9531
 11
47.6368
 21
-14.9827
  0
LINE
  8
0
 10
47.6368
 20
-14.9827
 11
47.4184
 21
-14.9537
  0
LINE
  8
0
 10
47.7561
 20
-14.0674
 11
47.8446
 21
-14.0198
  0
LINE
  8
0
 10
47.8446
 20
-14.0198
 11
47.8987
 21
-13.9366
  0
LINE
  8
0
 10
47.8987
 20
-13.9366
 11
47.9168
 21
-13.8141
  0
LINE
  8
0
 10
47.9168
 20
-13.8141
 11
47.8457
 21
-13.6197
  0
LINE
  8
0
 10
47.8457
 20
-13.6197
 11
47.6325
 21
-13.5548
  0
LINE
  8
0
 10
47.6325
 20
-13.5548
 11
47.5111
 21
-13.5711
  0
LINE
  8
0
 10
47.5111
 20
-13.5711
 11
47.4226
 21
-13.6199
  0
LINE
  8
0
 10
47.4226
 20
-13.6199
 11
47.3685
 21
-13.701
  0
LINE
  8
0
 10
47.3685
 20
-13.701
 11
47.3504
 21
-13.8141
  0
LINE
  8
0
 10
47.3504
 20
-13.8141
 11
47.369
 21
-13.9298
  0
LINE
  8
0
 10
47.369
 20
-13.9298
 11
47.4247
 21
-14.0143
  0
LINE
  8
0
 10
47.4247
 20
-14.0143
 11
47.5144
 21
-14.066
  0
LINE
  8
0
 10
47.5144
 20
-14.066
 11
47.6347
 21
-14.0833
  0
LINE
  8
0
 10
47.6347
 20
-14.0833
 11
47.7561
 21
-14.0674
  0
LINE
  8
0
 10
47.7782
 20
-14.8171
 11
47.8766
 21
-14.7597
  0
LINE
  8
0
 10
47.8766
 20
-14.7597
 11
47.9352
 21
-14.6606
  0
LINE
  8
0
 10
47.9352
 20
-14.6606
 11
47.9548
 21
-14.5161
  0
LINE
  8
0
 10
47.9548
 20
-14.5161
 11
47.9336
 21
-14.3915
  0
LINE
  8
0
 10
47.9336
 20
-14.3915
 11
47.8701
 21
-14.3019
  0
LINE
  8
0
 10
47.8701
 20
-14.3019
 11
47.7684
 21
-14.2477
  0
LINE
  8
0
 10
47.7684
 20
-14.2477
 11
47.6325
 21
-14.2297
  0
LINE
  8
0
 10
47.6325
 20
-14.2297
 11
47.5001
 21
-14.2491
  0
LINE
  8
0
 10
47.5001
 20
-14.2491
 11
47.4003
 21
-14.3073
  0
LINE
  8
0
 10
47.4003
 20
-14.3073
 11
47.3376
 21
-14.3994
  0
LINE
  8
0
 10
47.3376
 20
-14.3994
 11
47.3168
 21
-14.5205
  0
LINE
  8
0
 10
47.3168
 20
-14.5205
 11
47.3973
 21
-14.7573
  0
LINE
  8
0
 10
47.3973
 20
-14.7573
 11
47.639
 21
-14.8362
  0
LINE
  8
0
 10
47.639
 20
-14.8362
 11
47.7782
 21
-14.8171
  0
LINE
  8
0
 10
38.1578
 20
-14.8856
 11
37.9513
 21
-14.5943
  0
LINE
  8
0
 10
37.9513
 20
-14.5943
 11
38.1521
 21
-14.5541
  0
LINE
  8
0
 10
38.1521
 20
-14.5541
 11
38.2063
 21
-14.6736
  0
LINE
  8
0
 10
38.2063
 20
-14.6736
 11
38.2996
 21
-14.7565
  0
LINE
  8
0
 10
38.2996
 20
-14.7565
 11
38.4328
 21
-14.8049
  0
LINE
  8
0
 10
38.4328
 20
-14.8049
 11
38.6067
 21
-14.821
  0
LINE
  8
0
 10
38.6067
 20
-14.821
 11
38.7845
 21
-14.8038
  0
LINE
  8
0
 10
38.7845
 20
-14.8038
 11
38.9164
 21
-14.7521
  0
LINE
  8
0
 10
38.9164
 20
-14.7521
 11
38.9982
 21
-14.6671
  0
LINE
  8
0
 10
38.9982
 20
-14.6671
 11
39.0255
 21
-14.5498
  0
LINE
  8
0
 10
39.0255
 20
-14.5498
 11
39.0169
 21
-14.482
  0
LINE
  8
0
 10
39.0169
 20
-14.482
 11
38.9913
 21
-14.4283
  0
LINE
  8
0
 10
38.9913
 20
-14.4283
 11
38.9502
 21
-14.3857
  0
LINE
  8
0
 10
38.9502
 20
-14.3857
 11
38.8953
 21
-14.3512
  0
LINE
  8
0
 10
38.8953
 20
-14.3512
 11
38.8275
 21
-14.3233
  0
LINE
  8
0
 10
38.8275
 20
-14.3233
 11
38.7477
 21
-14.3002
  0
LINE
  8
0
 10
38.7477
 20
-14.3002
 11
38.6574
 21
-14.2788
  0
LINE
  8
0
 10
38.6574
 20
-14.2788
 11
38.5579
 21
-14.2558
  0
LINE
  8
0
 10
38.5579
 20
-14.2558
 11
38.3985
 21
-14.2156
  0
LINE
  8
0
 10
38.3985
 20
-14.2156
 11
38.2828
 21
-14.1755
  0
LINE
  8
0
 10
38.2828
 20
-14.1755
 11
38.1989
 21
-14.133
  0
LINE
  8
0
 10
38.1989
 20
-14.133
 11
38.1347
 21
-14.086
  0
LINE
  8
0
 10
38.1347
 20
-14.086
 11
38.0868
 21
-14.0324
  0
LINE
  8
0
 10
38.0868
 20
-14.0324
 11
38.0517
 21
-13.9704
  0
LINE
  8
0
 10
38.0517
 20
-13.9704
 11
38.0301
 21
-13.8993
  0
LINE
  8
0
 10
38.0301
 20
-13.8993
 11
38.0229
 21
-13.8185
  0
LINE
  8
0
 10
38.0229
 20
-13.8185
 11
38.0605
 21
-13.6446
  0
LINE
  8
0
 10
38.0605
 20
-13.6446
 11
38.1732
 21
-13.5158
  0
LINE
  8
0
 10
38.1732
 20
-13.5158
 11
38.3559
 21
-13.436
  0
LINE
  8
0
 10
38.3559
 20
-13.436
 11
38.6034
 21
-13.4094
  0
LINE
  8
0
 10
38.6034
 20
-13.4094
 11
38.8332
 21
-13.4294
  0
LINE
  8
0
 10
38.8332
 20
-13.4294
 11
39.0016
 21
-13.4892
  0
LINE
  8
0
 10
39.0016
 20
-13.4892
 11
39.1188
 21
-13.597
  0
LINE
  8
0
 10
39.1188
 20
-13.597
 11
39.1947
 21
-13.761
  0
LINE
  8
0
 10
39.1947
 20
-13.761
 11
38.9908
 21
-13.7968
  0
LINE
  8
0
 10
38.9908
 20
-13.7968
 11
38.9419
 21
-13.692
  0
LINE
  8
0
 10
38.9419
 20
-13.692
 11
38.8627
 21
-13.6205
  0
LINE
  8
0
 10
38.8627
 20
-13.6205
 11
38.7502
 21
-13.5794
  0
LINE
  8
0
 10
38.7502
 20
-13.5794
 11
38.6013
 21
-13.5657
  0
LINE
  8
0
 10
38.6013
 20
-13.5657
 11
38.4396
 21
-13.5809
  0
LINE
  8
0
 10
38.4396
 20
-13.5809
 11
38.3213
 21
-13.6265
  0
LINE
  8
0
 10
38.3213
 20
-13.6265
 11
38.2489
 21
-13.7021
  0
LINE
  8
0
 10
38.2489
 20
-13.7021
 11
38.2247
 21
-13.8076
  0
LINE
  8
0
 10
38.2247
 20
-13.8076
 11
38.2341
 21
-13.8721
  0
LINE
  8
0
 10
38.2341
 20
-13.8721
 11
38.2622
 21
-13.9243
  0
LINE
  8
0
 10
38.2622
 20
-13.9243
 11
38.3079
 21
-13.9669
  0
LINE
  8
0
 10
38.3079
 20
-13.9669
 11
38.3701
 21
-14.0024
  0
LINE
  8
0
 10
38.3701
 20
-14.0024
 11
38.4757
 21
-14.0381
  0
LINE
  8
0
 10
38.4757
 20
-14.0381
 11
38.6512
 21
-14.0811
  0
LINE
  8
0
 10
38.6512
 20
-14.0811
 11
38.7216
 21
-14.0975
  0
LINE
  8
0
 10
38.7216
 20
-14.0975
 11
38.7917
 21
-14.1142
  0
LINE
  8
0
 10
38.7917
 20
-14.1142
 11
38.8602
 21
-14.1326
  0
LINE
  8
0
 10
38.8602
 20
-14.1326
 11
38.9257
 21
-14.1543
  0
LINE
  8
0
 10
38.9257
 20
-14.1543
 11
38.9876
 21
-14.1797
  0
LINE
  8
0
 10
38.9876
 20
-14.1797
 11
39.0455
 21
-14.2091
  0
LINE
  8
0
 10
39.0455
 20
-14.2091
 11
39.0978
 21
-14.2441
  0
LINE
  8
0
 10
39.0978
 20
-14.2441
 11
39.1427
 21
-14.2861
  0
LINE
  8
0
 10
39.1427
 20
-14.2861
 11
39.1794
 21
-14.3358
  0
LINE
  8
0
 10
39.1794
 20
-14.3358
 11
39.2072
 21
-14.3936
  0
LINE
  8
0
 10
39.2072
 20
-14.3936
 11
39.2247
 21
-14.4608
  0
LINE
  8
0
 10
39.2247
 20
-14.4608
 11
39.2306
 21
-14.5389
  0
LINE
  8
0
 10
39.2306
 20
-14.5389
 11
39.1892
 21
-14.7266
  0
LINE
  8
0
 10
39.1892
 20
-14.7266
 11
39.0651
 21
-14.8666
  0
LINE
  8
0
 10
39.0651
 20
-14.8666
 11
38.8659
 21
-14.9537
  0
LINE
  8
0
 10
38.8659
 20
-14.9537
 11
38.5991
 21
-14.9827
  0
LINE
  8
0
 10
38.5991
 20
-14.9827
 11
38.1578
 21
-14.8856
  0
LINE
  8
0
 10
31.078
 20
-14.9325
 11
30.9128
 21
-14.782
  0
LINE
  8
0
 10
30.9128
 20
-14.782
 11
30.8135
 21
-14.5351
  0
LINE
  8
0
 10
30.8135
 20
-14.5351
 11
30.7804
 21
-14.1961
  0
LINE
  8
0
 10
30.7804
 20
-14.1961
 11
30.8126
 21
-13.8516
  0
LINE
  8
0
 10
30.8126
 20
-13.8516
 11
30.909
 21
-13.6058
  0
LINE
  8
0
 10
30.909
 20
-13.6058
 11
31.0749
 21
-13.4585
  0
LINE
  8
0
 10
31.0749
 20
-13.4585
 11
31.3154
 21
-13.4094
  0
LINE
  8
0
 10
31.3154
 20
-13.4094
 11
31.5501
 21
-13.4591
  0
LINE
  8
0
 10
31.5501
 20
-13.4591
 11
31.7141
 21
-13.608
  0
LINE
  8
0
 10
31.7141
 20
-13.608
 11
31.8105
 21
-13.8543
  0
LINE
  8
0
 10
31.8105
 20
-13.8543
 11
31.8427
 21
-14.1961
  0
LINE
  8
0
 10
31.8427
 20
-14.1961
 11
31.8089
 21
-14.5338
  0
LINE
  8
0
 10
31.8089
 20
-14.5338
 11
31.7076
 21
-14.7809
  0
LINE
  8
0
 10
31.7076
 20
-14.7809
 11
31.5403
 21
-14.9322
  0
LINE
  8
0
 10
31.5403
 20
-14.9322
 11
31.3088
 21
-14.9827
  0
LINE
  8
0
 10
31.3088
 20
-14.9827
 11
31.078
 21
-14.9325
  0
LINE
  8
0
 10
31.4604
 20
-14.7847
 11
31.5638
 21
-14.6691
  0
LINE
  8
0
 10
31.5638
 20
-14.6691
 11
31.624
 21
-14.4738
  0
LINE
  8
0
 10
31.624
 20
-14.4738
 11
31.6441
 21
-14.1961
  0
LINE
  8
0
 10
31.6441
 20
-14.1961
 11
31.625
 21
-13.9107
  0
LINE
  8
0
 10
31.625
 20
-13.9107
 11
31.5676
 21
-13.7165
  0
LINE
  8
0
 10
31.5676
 20
-13.7165
 11
31.4663
 21
-13.605
  0
LINE
  8
0
 10
31.4663
 20
-13.605
 11
31.3154
 21
-13.5679
  0
LINE
  8
0
 10
31.3154
 20
-13.5679
 11
31.1606
 21
-13.6045
  0
LINE
  8
0
 10
31.1606
 20
-13.6045
 11
31.0566
 21
-13.7144
  0
LINE
  8
0
 10
31.0566
 20
-13.7144
 11
30.9976
 21
-13.908
  0
LINE
  8
0
 10
30.9976
 20
-13.908
 11
30.9779
 21
-14.1961
  0
LINE
  8
0
 10
30.9779
 20
-14.1961
 11
30.9978
 21
-14.4779
  0
LINE
  8
0
 10
30.9978
 20
-14.4779
 11
31.0576
 21
-14.6724
  0
LINE
  8
0
 10
31.0576
 20
-14.6724
 11
31.1609
 21
-14.7855
  0
LINE
  8
0
 10
31.1609
 20
-14.7855
 11
31.311
 21
-14.8232
  0
LINE
  8
0
 10
31.311
 20
-14.8232
 11
31.4604
 21
-14.7847
  0
LINE
  8
0
 10
29.9034
 20
-14.9347
 11
29.7363
 21
-14.7906
  0
LINE
  8
0
 10
29.7363
 20
-14.7906
 11
29.6337
 21
-14.5549
  0
LINE
  8
0
 10
29.6337
 20
-14.5549
 11
29.5995
 21
-14.2319
  0
LINE
  8
0
 10
29.5995
 20
-14.2319
 11
29.6351
 21
-13.8809
  0
LINE
  8
0
 10
29.6351
 20
-13.8809
 11
29.7417
 21
-13.6221
  0
LINE
  8
0
 10
29.7417
 20
-13.6221
 11
29.9139
 21
-13.4626
  0
LINE
  8
0
 10
29.9139
 20
-13.4626
 11
30.1464
 21
-13.4094
  0
LINE
  8
0
 10
30.1464
 20
-13.4094
 11
30.4285
 21
-13.4873
  0
LINE
  8
0
 10
30.4285
 20
-13.4873
 11
30.5826
 21
-13.7208
  0
LINE
  8
0
 10
30.5826
 20
-13.7208
 11
30.3959
 21
-13.7545
  0
LINE
  8
0
 10
30.3959
 20
-13.7545
 11
30.3043
 21
-13.6145
  0
LINE
  8
0
 10
30.3043
 20
-13.6145
 11
30.1442
 21
-13.5679
  0
LINE
  8
0
 10
30.1442
 20
-13.5679
 11
29.996
 21
-13.6068
  0
LINE
  8
0
 10
29.996
 20
-13.6068
 11
29.8854
 21
-13.7236
  0
LINE
  8
0
 10
29.8854
 20
-13.7236
 11
29.8167
 21
-13.9141
  0
LINE
  8
0
 10
29.8167
 20
-13.9141
 11
29.7938
 21
-14.1744
  0
LINE
  8
0
 10
29.7938
 20
-14.1744
 11
29.8578
 21
-14.0874
  0
LINE
  8
0
 10
29.8578
 20
-14.0874
 11
29.9435
 21
-14.0241
  0
LINE
  8
0
 10
29.9435
 20
-14.0241
 11
30.0471
 21
-13.9855
  0
LINE
  8
0
 10
30.0471
 20
-13.9855
 11
30.1648
 21
-13.9726
  0
LINE
  8
0
 10
30.1648
 20
-13.9726
 11
30.3546
 21
-14.0057
  0
LINE
  8
0
 10
30.3546
 20
-14.0057
 11
30.5006
 21
-14.1049
  0
LINE
  8
0
 10
30.5006
 20
-14.1049
 11
30.5938
 21
-14.2601
  0
LINE
  8
0
 10
30.5938
 20
-14.2601
 11
30.6249
 21
-14.4608
  0
LINE
  8
0
 10
30.6249
 20
-14.4608
 11
30.592
 21
-14.6773
  0
LINE
  8
0
 10
30.592
 20
-14.6773
 11
30.4936
 21
-14.8427
  0
LINE
  8
0
 10
30.4936
 20
-14.8427
 11
30.3374
 21
-14.9477
  0
LINE
  8
0
 10
30.3374
 20
-14.9477
 11
30.1312
 21
-14.9827
  0
LINE
  8
0
 10
30.1312
 20
-14.9827
 11
29.9034
 21
-14.9347
  0
LINE
  8
0
 10
30.2505
 20
-14.8016
 11
30.346
 21
-14.7304
  0
LINE
  8
0
 10
30.346
 20
-14.7304
 11
30.4062
 21
-14.6177
  0
LINE
  8
0
 10
30.4062
 20
-14.6177
 11
30.4263
 21
-14.4695
  0
LINE
  8
0
 10
30.4263
 20
-14.4695
 11
30.406
 21
-14.3225
  0
LINE
  8
0
 10
30.406
 20
-14.3225
 11
30.345
 21
-14.2134
  0
LINE
  8
0
 10
30.345
 20
-14.2134
 11
30.2476
 21
-14.1459
  0
LINE
  8
0
 10
30.2476
 20
-14.1459
 11
30.1182
 21
-14.1234
  0
LINE
  8
0
 10
30.1182
 20
-14.1234
 11
29.9946
 21
-14.1433
  0
LINE
  8
0
 10
29.9946
 20
-14.1433
 11
29.8974
 21
-14.2031
  0
LINE
  8
0
 10
29.8974
 20
-14.2031
 11
29.8343
 21
-14.2979
  0
LINE
  8
0
 10
29.8343
 20
-14.2979
 11
29.8133
 21
-14.4228
  0
LINE
  8
0
 10
29.8133
 20
-14.4228
 11
29.8351
 21
-14.5837
  0
LINE
  8
0
 10
29.8351
 20
-14.5837
 11
29.9006
 21
-14.7125
  0
LINE
  8
0
 10
29.9006
 20
-14.7125
 11
30.0003
 21
-14.7971
  0
LINE
  8
0
 10
30.0003
 20
-14.7971
 11
30.1247
 21
-14.8254
  0
LINE
  8
0
 10
30.1247
 20
-14.8254
 11
30.2505
 21
-14.8016
  0
LINE
  8
0
 10
33.8906
 20
-14.961
 11
33.8906
 21
-13.4322
  0
LINE
  8
0
 10
33.8906
 20
-13.4322
 11
34.0978
 21
-13.4322
  0
LINE
  8
0
 10
34.0978
 20
-13.4322
 11
34.0978
 21
-14.7917
  0
LINE
  8
0
 10
34.0978
 20
-14.7917
 11
34.8703
 21
-14.7917
  0
LINE
  8
0
 10
34.8703
 20
-14.7917
 11
34.8703
 21
-14.961
  0
LINE
  8
0
 10
34.8703
 20
-14.961
 11
33.8906
 21
-14.961
  0
LINE
  8
0
 10
48.9968
 20
-14.961
 11
48.9968
 21
-14.6149
  0
LINE
  8
0
 10
48.9968
 20
-14.6149
 11
48.2763
 21
-14.6149
  0
LINE
  8
0
 10
48.2763
 20
-14.6149
 11
48.2763
 21
-14.463
  0
LINE
  8
0
 10
48.2763
 20
-14.463
 11
48.9761
 21
-13.4322
  0
LINE
  8
0
 10
48.9761
 20
-13.4322
 11
49.1812
 21
-13.4322
  0
LINE
  8
0
 10
49.1812
 20
-13.4322
 11
49.1812
 21
-14.4608
  0
LINE
  8
0
 10
49.1812
 20
-14.4608
 11
49.396
 21
-14.4608
  0
LINE
  8
0
 10
49.396
 20
-14.4608
 11
49.396
 21
-14.6149
  0
LINE
  8
0
 10
49.396
 20
-14.6149
 11
49.1812
 21
-14.6149
  0
LINE
  8
0
 10
49.1812
 20
-14.6149
 11
49.1812
 21
-14.961
  0
LINE
  8
0
 10
49.1812
 20
-14.961
 11
48.9968
 21
-14.961
  0
LINE
  8
0
 10
48.9968
 20
-13.6525
 11
48.9881
 21
-13.6701
  0
LINE
  8
0
 10
48.9881
 20
-13.6701
 11
48.9664
 21
-13.71
  0
LINE
  8
0
 10
48.9664
 20
-13.71
 11
48.9417
 21
-13.7534
  0
LINE
  8
0
 10
48.9417
 20
-13.7534
 11
48.9241
 21
-13.7816
  0
LINE
  8
0
 10
48.9241
 20
-13.7816
 11
48.5324
 21
-14.3588
  0
LINE
  8
0
 10
48.5324
 20
-14.3588
 11
48.4738
 21
-14.4391
  0
LINE
  8
0
 10
48.4738
 20
-14.4391
 11
48.4564
 21
-14.4608
  0
LINE
  8
0
 10
48.4564
 20
-14.4608
 11
48.9968
 21
-14.4608
  0
LINE
  8
0
 10
48.9968
 20
-14.4608
 11
48.9968
 21
-13.6525
  0
LINE
  8
0
 10
25.6419
 20
-14.9656
 11
25.49
 21
-14.9143
  0
LINE
  8
0
 10
25.49
 20
-14.9143
 11
25.3658
 21
-14.8305
  0
LINE
  8
0
 10
25.3658
 20
-14.8305
 11
25.273
 21
-14.7158
  0
LINE
  8
0
 10
25.273
 20
-14.7158
 11
25.2153
 21
-14.5731
  0
LINE
  8
0
 10
25.2153
 20
-14.5731
 11
25.196
 21
-14.4055
  0
LINE
  8
0
 10
25.196
 20
-14.4055
 11
25.196
 21
-13.4322
  0
LINE
  8
0
 10
25.196
 20
-13.4322
 11
25.4032
 21
-13.4322
  0
LINE
  8
0
 10
25.4032
 20
-13.4322
 11
25.4032
 21
-14.3881
  0
LINE
  8
0
 10
25.4032
 20
-14.3881
 11
25.4298
 21
-14.5723
  0
LINE
  8
0
 10
25.4298
 20
-14.5723
 11
25.5096
 21
-14.706
  0
LINE
  8
0
 10
25.5096
 20
-14.706
 11
25.6395
 21
-14.7874
  0
LINE
  8
0
 10
25.6395
 20
-14.7874
 11
25.8166
 21
-14.8145
  0
LINE
  8
0
 10
25.8166
 20
-14.8145
 11
25.9999
 21
-14.7864
  0
LINE
  8
0
 10
25.9999
 20
-14.7864
 11
26.1372
 21
-14.7022
  0
LINE
  8
0
 10
26.1372
 20
-14.7022
 11
26.2231
 21
-14.564
  0
LINE
  8
0
 10
26.2231
 20
-14.564
 11
26.2517
 21
-14.374
  0
LINE
  8
0
 10
26.2517
 20
-14.374
 11
26.2517
 21
-13.4322
  0
LINE
  8
0
 10
26.2517
 20
-13.4322
 11
26.4579
 21
-13.4322
  0
LINE
  8
0
 10
26.4579
 20
-13.4322
 11
26.4579
 21
-14.3859
  0
LINE
  8
0
 10
26.4579
 20
-14.3859
 11
26.4382
 21
-14.5587
  0
LINE
  8
0
 10
26.4382
 20
-14.5587
 11
26.3792
 21
-14.706
  0
LINE
  8
0
 10
26.3792
 20
-14.706
 11
26.2843
 21
-14.8247
  0
LINE
  8
0
 10
26.2843
 20
-14.8247
 11
26.1568
 21
-14.9116
  0
LINE
  8
0
 10
26.1568
 20
-14.9116
 11
26.0001
 21
-14.9649
  0
LINE
  8
0
 10
26.0001
 20
-14.9649
 11
25.8177
 21
-14.9827
  0
LINE
  8
0
 10
25.8177
 20
-14.9827
 11
25.6419
 21
-14.9656
  0
LINE
  8
0
 10
45.9807
 20
-14.961
 11
45.9807
 21
-14.795
  0
LINE
  8
0
 10
45.9807
 20
-14.795
 11
46.3702
 21
-14.795
  0
LINE
  8
0
 10
46.3702
 20
-14.795
 11
46.3702
 21
-13.6189
  0
LINE
  8
0
 10
46.3702
 20
-13.6189
 11
46.0252
 21
-13.8651
  0
LINE
  8
0
 10
46.0252
 20
-13.8651
 11
46.0252
 21
-13.6807
  0
LINE
  8
0
 10
46.0252
 20
-13.6807
 11
46.3865
 21
-13.4322
  0
LINE
  8
0
 10
46.3865
 20
-13.4322
 11
46.5667
 21
-13.4322
  0
LINE
  8
0
 10
46.5667
 20
-13.4322
 11
46.5667
 21
-14.795
  0
LINE
  8
0
 10
46.5667
 20
-14.795
 11
46.9388
 21
-14.795
  0
LINE
  8
0
 10
46.9388
 20
-14.795
 11
46.9388
 21
-14.961
  0
LINE
  8
0
 10
46.9388
 20
-14.961
 11
45.9807
 21
-14.961
  0
LINE
  8
0
 10
54.3063
 20
-14.961
 11
54.3063
 21
-14.795
  0
LINE
  8
0
 10
54.3063
 20
-14.795
 11
54.6958
 21
-14.795
  0
LINE
  8
0
 10
54.6958
 20
-14.795
 11
54.6958
 21
-13.6189
  0
LINE
  8
0
 10
54.6958
 20
-13.6189
 11
54.3508
 21
-13.8651
  0
LINE
  8
0
 10
54.3508
 20
-13.8651
 11
54.3508
 21
-13.6807
  0
LINE
  8
0
 10
54.3508
 20
-13.6807
 11
54.7121
 21
-13.4322
  0
LINE
  8
0
 10
54.7121
 20
-13.4322
 11
54.8922
 21
-13.4322
  0
LINE
  8
0
 10
54.8922
 20
-13.4322
 11
54.8922
 21
-14.795
  0
LINE
  8
0
 10
54.8922
 20
-14.795
 11
55.2643
 21
-14.795
  0
LINE
  8
0
 10
55.2643
 20
-14.795
 11
55.2643
 21
-14.961
  0
LINE
  8
0
 10
55.2643
 20
-14.961
 11
54.3063
 21
-14.961
  0
LINE
  8
0
 10
52.4964
 20
-14.961
 11
52.4964
 21
-14.795
  0
LINE
  8
0
 10
52.4964
 20
-14.795
 11
52.886
 21
-14.795
  0
LINE
  8
0
 10
52.886
 20
-14.795
 11
52.886
 21
-13.6189
  0
LINE
  8
0
 10
52.886
 20
-13.6189
 11
52.5409
 21
-13.8651
  0
LINE
  8
0
 10
52.5409
 20
-13.8651
 11
52.5409
 21
-13.6807
  0
LINE
  8
0
 10
52.5409
 20
-13.6807
 11
52.9022
 21
-13.4322
  0
LINE
  8
0
 10
52.9022
 20
-13.4322
 11
53.0824
 21
-13.4322
  0
LINE
  8
0
 10
53.0824
 20
-13.4322
 11
53.0824
 21
-14.795
  0
LINE
  8
0
 10
53.0824
 20
-14.795
 11
53.4545
 21
-14.795
  0
LINE
  8
0
 10
53.4545
 20
-14.795
 11
53.4545
 21
-14.961
  0
LINE
  8
0
 10
53.4545
 20
-14.961
 11
52.4964
 21
-14.961
  0
LINE
  8
0
 10
59.3113
 20
-14.9119
 11
59.2527
 21
-14.7125
  0
LINE
  8
0
 10
59.2527
 20
-14.7125
 11
59.2527
 21
-13.9292
  0
LINE
  8
0
 10
59.2527
 20
-13.9292
 11
59.1171
 21
-13.9292
  0
LINE
  8
0
 10
59.1171
 20
-13.9292
 11
59.1171
 21
-13.787
  0
LINE
  8
0
 10
59.1171
 20
-13.787
 11
59.2603
 21
-13.787
  0
LINE
  8
0
 10
59.2603
 20
-13.787
 11
59.3178
 21
-13.5245
  0
LINE
  8
0
 10
59.3178
 20
-13.5245
 11
59.448
 21
-13.5245
  0
LINE
  8
0
 10
59.448
 20
-13.5245
 11
59.448
 21
-13.787
  0
LINE
  8
0
 10
59.448
 20
-13.787
 11
59.665
 21
-13.787
  0
LINE
  8
0
 10
59.665
 20
-13.787
 11
59.665
 21
-13.9292
  0
LINE
  8
0
 10
59.665
 20
-13.9292
 11
59.448
 21
-13.9292
  0
LINE
  8
0
 10
59.448
 20
-13.9292
 11
59.448
 21
-14.6702
  0
LINE
  8
0
 10
59.448
 20
-14.6702
 11
59.4549
 21
-14.7422
  0
LINE
  8
0
 10
59.4549
 20
-14.7422
 11
59.4756
 21
-14.789
  0
LINE
  8
0
 10
59.4756
 20
-14.789
 11
59.5135
 21
-14.8147
  0
LINE
  8
0
 10
59.5135
 20
-14.8147
 11
59.5717
 21
-14.8232
  0
LINE
  8
0
 10
59.5717
 20
-14.8232
 11
59.6194
 21
-14.8194
  0
LINE
  8
0
 10
59.6194
 20
-14.8194
 11
59.6845
 21
-14.808
  0
LINE
  8
0
 10
59.6845
 20
-14.808
 11
59.6845
 21
-14.9523
  0
LINE
  8
0
 10
59.6845
 20
-14.9523
 11
59.5869
 21
-14.9718
  0
LINE
  8
0
 10
59.5869
 20
-14.9718
 11
59.487
 21
-14.9783
  0
LINE
  8
0
 10
59.487
 20
-14.9783
 11
59.3113
 21
-14.9119
  0
LINE
  8
0
 10
58.1708
 20
-14.9594
 11
58.0599
 21
-14.8894
  0
LINE
  8
0
 10
58.0599
 20
-14.8894
 11
57.9931
 21
-14.7787
  0
LINE
  8
0
 10
57.9931
 20
-14.7787
 11
57.9709
 21
-14.6333
  0
LINE
  8
0
 10
57.9709
 20
-14.6333
 11
58.0009
 21
-14.4722
  0
LINE
  8
0
 10
58.0009
 20
-14.4722
 11
58.0908
 21
-14.3534
  0
LINE
  8
0
 10
58.0908
 20
-14.3534
 11
58.2474
 21
-14.2785
  0
LINE
  8
0
 10
58.2474
 20
-14.2785
 11
58.4776
 21
-14.2492
  0
LINE
  8
0
 10
58.4776
 20
-14.2492
 11
58.7413
 21
-14.2449
  0
LINE
  8
0
 10
58.7413
 20
-14.2449
 11
58.7413
 21
-14.1809
  0
LINE
  8
0
 10
58.7413
 20
-14.1809
 11
58.7261
 21
-14.058
  0
LINE
  8
0
 10
58.7261
 20
-14.058
 11
58.6805
 21
-13.9758
  0
LINE
  8
0
 10
58.6805
 20
-13.9758
 11
58.6024
 21
-13.9294
  0
LINE
  8
0
 10
58.6024
 20
-13.9294
 11
58.4895
 21
-13.914
  0
LINE
  8
0
 10
58.4895
 20
-13.914
 11
58.3761
 21
-13.9251
  0
LINE
  8
0
 10
58.3761
 20
-13.9251
 11
58.2986
 21
-13.9585
  0
LINE
  8
0
 10
58.2986
 20
-13.9585
 11
58.2508
 21
-14.0162
  0
LINE
  8
0
 10
58.2508
 20
-14.0162
 11
58.2269
 21
-14.1006
  0
LINE
  8
0
 10
58.2269
 20
-14.1006
 11
58.023
 21
-14.0822
  0
LINE
  8
0
 10
58.023
 20
-14.0822
 11
58.1656
 21
-13.8445
  0
LINE
  8
0
 10
58.1656
 20
-13.8445
 11
58.4939
 21
-13.7653
  0
LINE
  8
0
 10
58.4939
 20
-13.7653
 11
58.6878
 21
-13.7907
  0
LINE
  8
0
 10
58.6878
 20
-13.7907
 11
58.827
 21
-13.8668
  0
LINE
  8
0
 10
58.827
 20
-13.8668
 11
58.9108
 21
-13.9909
  0
LINE
  8
0
 10
58.9108
 20
-13.9909
 11
58.9387
 21
-14.1603
  0
LINE
  8
0
 10
58.9387
 20
-14.1603
 11
58.9387
 21
-14.6659
  0
LINE
  8
0
 10
58.9387
 20
-14.6659
 11
58.9444
 21
-14.742
  0
LINE
  8
0
 10
58.9444
 20
-14.742
 11
58.9615
 21
-14.7966
  0
LINE
  8
0
 10
58.9615
 20
-14.7966
 11
58.9946
 21
-14.8296
  0
LINE
  8
0
 10
58.9946
 20
-14.8296
 11
59.0483
 21
-14.8406
  0
LINE
  8
0
 10
59.0483
 20
-14.8406
 11
59.0784
 21
-14.8387
  0
LINE
  8
0
 10
59.0784
 20
-14.8387
 11
59.1123
 21
-14.8329
  0
LINE
  8
0
 10
59.1123
 20
-14.8329
 11
59.1123
 21
-14.9545
  0
LINE
  8
0
 10
59.1123
 20
-14.9545
 11
59.0377
 21
-14.9675
  0
LINE
  8
0
 10
59.0377
 20
-14.9675
 11
58.9615
 21
-14.9718
  0
LINE
  8
0
 10
58.9615
 20
-14.9718
 11
58.8678
 21
-14.9576
  0
LINE
  8
0
 10
58.8678
 20
-14.9576
 11
58.8036
 21
-14.9149
  0
LINE
  8
0
 10
58.8036
 20
-14.9149
 11
58.765
 21
-14.8418
  0
LINE
  8
0
 10
58.765
 20
-14.8418
 11
58.7477
 21
-14.7364
  0
LINE
  8
0
 10
58.7477
 20
-14.7364
 11
58.7413
 21
-14.7364
  0
LINE
  8
0
 10
58.7413
 20
-14.7364
 11
58.6603
 21
-14.8513
  0
LINE
  8
0
 10
58.6603
 20
-14.8513
 11
58.5671
 21
-14.9268
  0
LINE
  8
0
 10
58.5671
 20
-14.9268
 11
58.4571
 21
-14.9687
  0
LINE
  8
0
 10
58.4571
 20
-14.9687
 11
58.3257
 21
-14.9827
  0
LINE
  8
0
 10
58.3257
 20
-14.9827
 11
58.1708
 21
-14.9594
  0
LINE
  8
0
 10
58.4716
 20
-14.824
 11
58.5611
 21
-14.7874
  0
LINE
  8
0
 10
58.5611
 20
-14.7874
 11
58.6359
 21
-14.7295
  0
LINE
  8
0
 10
58.6359
 20
-14.7295
 11
58.693
 21
-14.6534
  0
LINE
  8
0
 10
58.693
 20
-14.6534
 11
58.7292
 21
-14.567
  0
LINE
  8
0
 10
58.7292
 20
-14.567
 11
58.7413
 21
-14.4781
  0
LINE
  8
0
 10
58.7413
 20
-14.4781
 11
58.7413
 21
-14.3816
  0
LINE
  8
0
 10
58.7413
 20
-14.3816
 11
58.5275
 21
-14.3859
  0
LINE
  8
0
 10
58.5275
 20
-14.3859
 11
58.4064
 21
-14.3941
  0
LINE
  8
0
 10
58.4064
 20
-14.3941
 11
58.3186
 21
-14.4142
  0
LINE
  8
0
 10
58.3186
 20
-14.4142
 11
58.2558
 21
-14.4473
  0
LINE
  8
0
 10
58.2558
 20
-14.4473
 11
58.2096
 21
-14.4944
  0
LINE
  8
0
 10
58.2096
 20
-14.4944
 11
58.1811
 21
-14.5571
  0
LINE
  8
0
 10
58.1811
 20
-14.5571
 11
58.1716
 21
-14.6366
  0
LINE
  8
0
 10
58.1716
 20
-14.6366
 11
58.1845
 21
-14.7212
  0
LINE
  8
0
 10
58.1845
 20
-14.7212
 11
58.2231
 21
-14.7841
  0
LINE
  8
0
 10
58.2231
 20
-14.7841
 11
58.2857
 21
-14.8232
  0
LINE
  8
0
 10
58.2857
 20
-14.8232
 11
58.3702
 21
-14.8362
  0
LINE
  8
0
 10
58.3702
 20
-14.8362
 11
58.4716
 21
-14.824
  0
LINE
  8
0
 10
42.3663
 20
-14.9594
 11
42.2554
 21
-14.8894
  0
LINE
  8
0
 10
42.2554
 20
-14.8894
 11
42.1887
 21
-14.7787
  0
LINE
  8
0
 10
42.1887
 20
-14.7787
 11
42.1664
 21
-14.6333
  0
LINE
  8
0
 10
42.1664
 20
-14.6333
 11
42.1964
 21
-14.4722
  0
LINE
  8
0
 10
42.1964
 20
-14.4722
 11
42.2863
 21
-14.3534
  0
LINE
  8
0
 10
42.2863
 20
-14.3534
 11
42.443
 21
-14.2785
  0
LINE
  8
0
 10
42.443
 20
-14.2785
 11
42.6731
 21
-14.2492
  0
LINE
  8
0
 10
42.6731
 20
-14.2492
 11
42.9368
 21
-14.2449
  0
LINE
  8
0
 10
42.9368
 20
-14.2449
 11
42.9368
 21
-14.1809
  0
LINE
  8
0
 10
42.9368
 20
-14.1809
 11
42.9216
 21
-14.058
  0
LINE
  8
0
 10
42.9216
 20
-14.058
 11
42.876
 21
-13.9758
  0
LINE
  8
0
 10
42.876
 20
-13.9758
 11
42.7979
 21
-13.9294
  0
LINE
  8
0
 10
42.7979
 20
-13.9294
 11
42.6851
 21
-13.914
  0
LINE
  8
0
 10
42.6851
 20
-13.914
 11
42.5717
 21
-13.9251
  0
LINE
  8
0
 10
42.5717
 20
-13.9251
 11
42.4941
 21
-13.9585
  0
LINE
  8
0
 10
42.4941
 20
-13.9585
 11
42.4464
 21
-14.0162
  0
LINE
  8
0
 10
42.4464
 20
-14.0162
 11
42.4225
 21
-14.1006
  0
LINE
  8
0
 10
42.4225
 20
-14.1006
 11
42.2185
 21
-14.0822
  0
LINE
  8
0
 10
42.2185
 20
-14.0822
 11
42.3612
 21
-13.8445
  0
LINE
  8
0
 10
42.3612
 20
-13.8445
 11
42.6894
 21
-13.7653
  0
LINE
  8
0
 10
42.6894
 20
-13.7653
 11
42.8833
 21
-13.7907
  0
LINE
  8
0
 10
42.8833
 20
-13.7907
 11
43.0225
 21
-13.8668
  0
LINE
  8
0
 10
43.0225
 20
-13.8668
 11
43.1063
 21
-13.9909
  0
LINE
  8
0
 10
43.1063
 20
-13.9909
 11
43.1342
 21
-14.1603
  0
LINE
  8
0
 10
43.1342
 20
-14.1603
 11
43.1342
 21
-14.6659
  0
LINE
  8
0
 10
43.1342
 20
-14.6659
 11
43.14
 21
-14.742
  0
LINE
  8
0
 10
43.14
 20
-14.742
 11
43.157
 21
-14.7966
  0
LINE
  8
0
 10
43.157
 20
-14.7966
 11
43.1901
 21
-14.8296
  0
LINE
  8
0
 10
43.1901
 20
-14.8296
 11
43.2438
 21
-14.8406
  0
LINE
  8
0
 10
43.2438
 20
-14.8406
 11
43.2739
 21
-14.8387
  0
LINE
  8
0
 10
43.2739
 20
-14.8387
 11
43.3078
 21
-14.8329
  0
LINE
  8
0
 10
43.3078
 20
-14.8329
 11
43.3078
 21
-14.9545
  0
LINE
  8
0
 10
43.3078
 20
-14.9545
 11
43.2332
 21
-14.9675
  0
LINE
  8
0
 10
43.2332
 20
-14.9675
 11
43.157
 21
-14.9718
  0
LINE
  8
0
 10
43.157
 20
-14.9718
 11
43.0633
 21
-14.9576
  0
LINE
  8
0
 10
43.0633
 20
-14.9576
 11
42.9992
 21
-14.9149
  0
LINE
  8
0
 10
42.9992
 20
-14.9149
 11
42.9605
 21
-14.8418
  0
LINE
  8
0
 10
42.9605
 20
-14.8418
 11
42.9433
 21
-14.7364
  0
LINE
  8
0
 10
42.9433
 20
-14.7364
 11
42.9368
 21
-14.7364
  0
LINE
  8
0
 10
42.9368
 20
-14.7364
 11
42.8558
 21
-14.8513
  0
LINE
  8
0
 10
42.8558
 20
-14.8513
 11
42.7626
 21
-14.9268
  0
LINE
  8
0
 10
42.7626
 20
-14.9268
 11
42.6526
 21
-14.9687
  0
LINE
  8
0
 10
42.6526
 20
-14.9687
 11
42.5212
 21
-14.9827
  0
LINE
  8
0
 10
42.5212
 20
-14.9827
 11
42.3663
 21
-14.9594
  0
LINE
  8
0
 10
42.6672
 20
-14.824
 11
42.7567
 21
-14.7874
  0
LINE
  8
0
 10
42.7567
 20
-14.7874
 11
42.8314
 21
-14.7295
  0
LINE
  8
0
 10
42.8314
 20
-14.7295
 11
42.8885
 21
-14.6534
  0
LINE
  8
0
 10
42.8885
 20
-14.6534
 11
42.9247
 21
-14.567
  0
LINE
  8
0
 10
42.9247
 20
-14.567
 11
42.9368
 21
-14.4781
  0
LINE
  8
0
 10
42.9368
 20
-14.4781
 11
42.9368
 21
-14.3816
  0
LINE
  8
0
 10
42.9368
 20
-14.3816
 11
42.7231
 21
-14.3859
  0
LINE
  8
0
 10
42.7231
 20
-14.3859
 11
42.6019
 21
-14.3941
  0
LINE
  8
0
 10
42.6019
 20
-14.3941
 11
42.5142
 21
-14.4142
  0
LINE
  8
0
 10
42.5142
 20
-14.4142
 11
42.4514
 21
-14.4473
  0
LINE
  8
0
 10
42.4514
 20
-14.4473
 11
42.4051
 21
-14.4944
  0
LINE
  8
0
 10
42.4051
 20
-14.4944
 11
42.3766
 21
-14.5571
  0
LINE
  8
0
 10
42.3766
 20
-14.5571
 11
42.3672
 21
-14.6366
  0
LINE
  8
0
 10
42.3672
 20
-14.6366
 11
42.3801
 21
-14.7212
  0
LINE
  8
0
 10
42.3801
 20
-14.7212
 11
42.4187
 21
-14.7841
  0
LINE
  8
0
 10
42.4187
 20
-14.7841
 11
42.4812
 21
-14.8232
  0
LINE
  8
0
 10
42.4812
 20
-14.8232
 11
42.5657
 21
-14.8362
  0
LINE
  8
0
 10
42.5657
 20
-14.8362
 11
42.6672
 21
-14.824
  0
LINE
  8
0
 10
50.6714
 20
-14.961
 11
50.6714
 21
-14.0377
  0
LINE
  8
0
 10
50.6714
 20
-14.0377
 11
50.6698
 21
-13.8725
  0
LINE
  8
0
 10
50.6698
 20
-13.8725
 11
50.6649
 21
-13.787
  0
LINE
  8
0
 10
50.6649
 20
-13.787
 11
50.8493
 21
-13.787
  0
LINE
  8
0
 10
50.8493
 20
-13.787
 11
50.8504
 21
-13.7971
  0
LINE
  8
0
 10
50.8504
 20
-13.7971
 11
50.8515
 21
-13.8163
  0
LINE
  8
0
 10
50.8515
 20
-13.8163
 11
50.8527
 21
-13.842
  0
LINE
  8
0
 10
50.8527
 20
-13.842
 11
50.8542
 21
-13.8711
  0
LINE
  8
0
 10
50.8542
 20
-13.8711
 11
50.856
 21
-13.9157
  0
LINE
  8
0
 10
50.856
 20
-13.9157
 11
50.858
 21
-13.9877
  0
LINE
  8
0
 10
50.858
 20
-13.9877
 11
50.8613
 21
-13.9877
  0
LINE
  8
0
 10
50.8613
 20
-13.9877
 11
50.9338
 21
-13.884
  0
LINE
  8
0
 10
50.9338
 20
-13.884
 11
51.017
 21
-13.8158
  0
LINE
  8
0
 10
51.017
 20
-13.8158
 11
51.1161
 21
-13.778
  0
LINE
  8
0
 10
51.1161
 20
-13.778
 11
51.2367
 21
-13.7653
  0
LINE
  8
0
 10
51.2367
 20
-13.7653
 11
51.4039
 21
-13.7893
  0
LINE
  8
0
 10
51.4039
 20
-13.7893
 11
51.5193
 21
-13.8613
  0
LINE
  8
0
 10
51.5193
 20
-13.8613
 11
51.5864
 21
-13.9887
  0
LINE
  8
0
 10
51.5864
 20
-13.9887
 11
51.6088
 21
-14.1787
  0
LINE
  8
0
 10
51.6088
 20
-14.1787
 11
51.6088
 21
-14.961
  0
LINE
  8
0
 10
51.6088
 20
-14.961
 11
51.4124
 21
-14.961
  0
LINE
  8
0
 10
51.4124
 20
-14.961
 11
51.4124
 21
-14.2167
  0
LINE
  8
0
 10
51.4124
 20
-14.2167
 11
51.4067
 21
-14.1136
  0
LINE
  8
0
 10
51.4067
 20
-14.1136
 11
51.3896
 21
-14.0366
  0
LINE
  8
0
 10
51.3896
 20
-14.0366
 11
51.3601
 21
-13.9815
  0
LINE
  8
0
 10
51.3601
 20
-13.9815
 11
51.317
 21
-13.9444
  0
LINE
  8
0
 10
51.317
 20
-13.9444
 11
51.2554
 21
-13.9232
  0
LINE
  8
0
 10
51.2554
 20
-13.9232
 11
51.1705
 21
-13.9162
  0
LINE
  8
0
 10
51.1705
 20
-13.9162
 11
51.0444
 21
-13.9403
  0
LINE
  8
0
 10
51.0444
 20
-13.9403
 11
50.9481
 21
-14.0127
  0
LINE
  8
0
 10
50.9481
 20
-14.0127
 11
50.887
 21
-14.128
  0
LINE
  8
0
 10
50.887
 20
-14.128
 11
50.8667
 21
-14.2807
  0
LINE
  8
0
 10
50.8667
 20
-14.2807
 11
50.8667
 21
-14.961
  0
LINE
  8
0
 10
50.8667
 20
-14.961
 11
50.6714
 21
-14.961
  0
LINE
  8
0
 10
28.0746
 20
-14.9439
 11
27.9074
 21
-14.8275
  0
LINE
  8
0
 10
27.9074
 20
-14.8275
 11
27.8053
 21
-14.6347
  0
LINE
  8
0
 10
27.8053
 20
-14.6347
 11
27.7712
 21
-14.3664
  0
LINE
  8
0
 10
27.7712
 20
-14.3664
 11
27.8053
 21
-14.1096
  0
LINE
  8
0
 10
27.8053
 20
-14.1096
 11
27.9074
 21
-13.9205
  0
LINE
  8
0
 10
27.9074
 20
-13.9205
 11
28.0728
 21
-13.8041
  0
LINE
  8
0
 10
28.0728
 20
-13.8041
 11
28.2964
 21
-13.7653
  0
LINE
  8
0
 10
28.2964
 20
-13.7653
 11
28.6846
 21
-13.9213
  0
LINE
  8
0
 10
28.6846
 20
-13.9213
 11
28.8139
 21
-14.3892
  0
LINE
  8
0
 10
28.8139
 20
-14.3892
 11
28.8139
 21
-14.4152
  0
LINE
  8
0
 10
28.8139
 20
-14.4152
 11
27.9763
 21
-14.4152
  0
LINE
  8
0
 10
27.9763
 20
-14.4152
 11
27.9972
 21
-14.594
  0
LINE
  8
0
 10
27.9972
 20
-14.594
 11
28.0598
 21
-14.7266
  0
LINE
  8
0
 10
28.0598
 20
-14.7266
 11
28.1627
 21
-14.8088
  0
LINE
  8
0
 10
28.1627
 20
-14.8088
 11
28.304
 21
-14.8362
  0
LINE
  8
0
 10
28.304
 20
-14.8362
 11
28.4183
 21
-14.8235
  0
LINE
  8
0
 10
28.4183
 20
-14.8235
 11
28.5074
 21
-14.7852
  0
LINE
  8
0
 10
28.5074
 20
-14.7852
 11
28.5716
 21
-14.7274
  0
LINE
  8
0
 10
28.5716
 20
-14.7274
 11
28.611
 21
-14.6561
  0
LINE
  8
0
 10
28.611
 20
-14.6561
 11
28.7825
 21
-14.7049
  0
LINE
  8
0
 10
28.7825
 20
-14.7049
 11
28.6102
 21
-14.9132
  0
LINE
  8
0
 10
28.6102
 20
-14.9132
 11
28.304
 21
-14.9827
  0
LINE
  8
0
 10
28.304
 20
-14.9827
 11
28.0746
 21
-14.9439
  0
LINE
  8
0
 10
28.5804
 20
-14.1051
 11
28.5177
 21
-13.9948
  0
LINE
  8
0
 10
28.5177
 20
-13.9948
 11
28.4225
 21
-13.9309
  0
LINE
  8
0
 10
28.4225
 20
-13.9309
 11
28.2931
 21
-13.9096
  0
LINE
  8
0
 10
28.2931
 20
-13.9096
 11
28.1658
 21
-13.9334
  0
LINE
  8
0
 10
28.1658
 20
-13.9334
 11
28.068
 21
-14.0046
  0
LINE
  8
0
 10
28.068
 20
-14.0046
 11
28.0041
 21
-14.1173
  0
LINE
  8
0
 10
28.0041
 20
-14.1173
 11
27.9785
 21
-14.2655
  0
LINE
  8
0
 10
27.9785
 20
-14.2655
 11
28.6121
 21
-14.2655
  0
LINE
  8
0
 10
28.6121
 20
-14.2655
 11
28.5804
 21
-14.1051
  0
LINE
  8
0
 10
32.0546
 20
-14.961
 11
32.0546
 21
-14.0377
  0
LINE
  8
0
 10
32.0546
 20
-14.0377
 11
32.053
 21
-13.8725
  0
LINE
  8
0
 10
32.053
 20
-13.8725
 11
32.0481
 21
-13.787
  0
LINE
  8
0
 10
32.0481
 20
-13.787
 11
32.2326
 21
-13.787
  0
LINE
  8
0
 10
32.2326
 20
-13.787
 11
32.2336
 21
-13.7971
  0
LINE
  8
0
 10
32.2336
 20
-13.7971
 11
32.2347
 21
-13.8163
  0
LINE
  8
0
 10
32.2347
 20
-13.8163
 11
32.236
 21
-13.842
  0
LINE
  8
0
 10
32.236
 20
-13.842
 11
32.2374
 21
-13.8711
  0
LINE
  8
0
 10
32.2374
 20
-13.8711
 11
32.2392
 21
-13.9157
  0
LINE
  8
0
 10
32.2392
 20
-13.9157
 11
32.2412
 21
-13.9877
  0
LINE
  8
0
 10
32.2412
 20
-13.9877
 11
32.2445
 21
-13.9877
  0
LINE
  8
0
 10
32.2445
 20
-13.9877
 11
32.312
 21
-13.882
  0
LINE
  8
0
 10
32.312
 20
-13.882
 11
32.3888
 21
-13.8142
  0
LINE
  8
0
 10
32.3888
 20
-13.8142
 11
32.4791
 21
-13.7775
  0
LINE
  8
0
 10
32.4791
 20
-13.7775
 11
32.5874
 21
-13.7653
  0
LINE
  8
0
 10
32.5874
 20
-13.7653
 11
32.7068
 21
-13.7786
  0
LINE
  8
0
 10
32.7068
 20
-13.7786
 11
32.7984
 21
-13.8185
  0
LINE
  8
0
 10
32.7984
 20
-13.8185
 11
32.8642
 21
-13.8874
  0
LINE
  8
0
 10
32.8642
 20
-13.8874
 11
32.9063
 21
-13.9877
  0
LINE
  8
0
 10
32.9063
 20
-13.9877
 11
32.9096
 21
-13.9877
  0
LINE
  8
0
 10
32.9096
 20
-13.9877
 11
32.9767
 21
-13.886
  0
LINE
  8
0
 10
32.9767
 20
-13.886
 11
33.0566
 21
-13.8174
  0
LINE
  8
0
 10
33.0566
 20
-13.8174
 11
33.152
 21
-13.7784
  0
LINE
  8
0
 10
33.152
 20
-13.7784
 11
33.2655
 21
-13.7653
  0
LINE
  8
0
 10
33.2655
 20
-13.7653
 11
33.4191
 21
-13.7895
  0
LINE
  8
0
 10
33.4191
 20
-13.7895
 11
33.5242
 21
-13.8619
  0
LINE
  8
0
 10
33.5242
 20
-13.8619
 11
33.5849
 21
-13.9894
  0
LINE
  8
0
 10
33.5849
 20
-13.9894
 11
33.6051
 21
-14.1787
  0
LINE
  8
0
 10
33.6051
 20
-14.1787
 11
33.6051
 21
-14.961
  0
LINE
  8
0
 10
33.6051
 20
-14.961
 11
33.412
 21
-14.961
  0
LINE
  8
0
 10
33.412
 20
-14.961
 11
33.412
 21
-14.2167
  0
LINE
  8
0
 10
33.412
 20
-14.2167
 11
33.4003
 21
-14.0727
  0
LINE
  8
0
 10
33.4003
 20
-14.0727
 11
33.3653
 21
-13.9813
  0
LINE
  8
0
 10
33.3653
 20
-13.9813
 11
33.2999
 21
-13.9324
  0
LINE
  8
0
 10
33.2999
 20
-13.9324
 11
33.1971
 21
-13.9162
  0
LINE
  8
0
 10
33.1971
 20
-13.9162
 11
33.0833
 21
-13.9399
  0
LINE
  8
0
 10
33.0833
 20
-13.9399
 11
32.998
 21
-14.0111
  0
LINE
  8
0
 10
32.998
 20
-14.0111
 11
32.9447
 21
-14.126
  0
LINE
  8
0
 10
32.9447
 20
-14.126
 11
32.927
 21
-14.2807
  0
LINE
  8
0
 10
32.927
 20
-14.2807
 11
32.927
 21
-14.961
  0
LINE
  8
0
 10
32.927
 20
-14.961
 11
32.7338
 21
-14.961
  0
LINE
  8
0
 10
32.7338
 20
-14.961
 11
32.7338
 21
-14.2167
  0
LINE
  8
0
 10
32.7338
 20
-14.2167
 11
32.7222
 21
-14.0727
  0
LINE
  8
0
 10
32.7222
 20
-14.0727
 11
32.6872
 21
-13.9813
  0
LINE
  8
0
 10
32.6872
 20
-13.9813
 11
32.6218
 21
-13.9324
  0
LINE
  8
0
 10
32.6218
 20
-13.9324
 11
32.519
 21
-13.9162
  0
LINE
  8
0
 10
32.519
 20
-13.9162
 11
32.4072
 21
-13.94
  0
LINE
  8
0
 10
32.4072
 20
-13.94
 11
32.3215
 21
-14.0116
  0
LINE
  8
0
 10
32.3215
 20
-14.0116
 11
32.267
 21
-14.1266
  0
LINE
  8
0
 10
32.267
 20
-14.1266
 11
32.2488
 21
-14.2807
  0
LINE
  8
0
 10
32.2488
 20
-14.2807
 11
32.2488
 21
-14.961
  0
LINE
  8
0
 10
32.2488
 20
-14.961
 11
32.0546
 21
-14.961
  0
LINE
  8
0
 10
35.825
 20
-14.9435
 11
35.6622
 21
-14.8259
  0
LINE
  8
0
 10
35.6622
 20
-14.8259
 11
35.5638
 21
-14.6343
  0
LINE
  8
0
 10
35.5638
 20
-14.6343
 11
35.5309
 21
-14.3729
  0
LINE
  8
0
 10
35.5309
 20
-14.3729
 11
35.6625
 21
-13.9172
  0
LINE
  8
0
 10
35.6625
 20
-13.9172
 11
36.0572
 21
-13.7653
  0
LINE
  8
0
 10
36.0572
 20
-13.7653
 11
36.2907
 21
-13.8024
  0
LINE
  8
0
 10
36.2907
 20
-13.8024
 11
36.4532
 21
-13.9134
  0
LINE
  8
0
 10
36.4532
 20
-13.9134
 11
36.5484
 21
-14.1024
  0
LINE
  8
0
 10
36.5484
 20
-14.1024
 11
36.5801
 21
-14.3729
  0
LINE
  8
0
 10
36.5801
 20
-14.3729
 11
36.5462
 21
-14.6417
  0
LINE
  8
0
 10
36.5462
 20
-14.6417
 11
36.4445
 21
-14.8319
  0
LINE
  8
0
 10
36.4445
 20
-14.8319
 11
36.2782
 21
-14.945
  0
LINE
  8
0
 10
36.2782
 20
-14.945
 11
36.0507
 21
-14.9827
  0
LINE
  8
0
 10
36.0507
 20
-14.9827
 11
35.825
 21
-14.9435
  0
LINE
  8
0
 10
36.1992
 20
-14.8102
 11
36.2997
 21
-14.7255
  0
LINE
  8
0
 10
36.2997
 20
-14.7255
 11
36.3562
 21
-14.581
  0
LINE
  8
0
 10
36.3562
 20
-14.581
 11
36.3751
 21
-14.3729
  0
LINE
  8
0
 10
36.3751
 20
-14.3729
 11
36.357
 21
-14.1631
  0
LINE
  8
0
 10
36.357
 20
-14.1631
 11
36.3029
 21
-14.0198
  0
LINE
  8
0
 10
36.3029
 20
-14.0198
 11
36.2062
 21
-13.9372
  0
LINE
  8
0
 10
36.2062
 20
-13.9372
 11
36.0604
 21
-13.9096
  0
LINE
  8
0
 10
36.0604
 20
-13.9096
 11
35.9127
 21
-13.9377
  0
LINE
  8
0
 10
35.9127
 20
-13.9377
 11
35.8125
 21
-14.0219
  0
LINE
  8
0
 10
35.8125
 20
-14.0219
 11
35.7551
 21
-14.1658
  0
LINE
  8
0
 10
35.7551
 20
-14.1658
 11
35.736
 21
-14.3729
  0
LINE
  8
0
 10
35.736
 20
-14.3729
 11
35.7549
 21
-14.5762
  0
LINE
  8
0
 10
35.7549
 20
-14.5762
 11
35.8114
 21
-14.7217
  0
LINE
  8
0
 10
35.8114
 20
-14.7217
 11
35.9084
 21
-14.8092
  0
LINE
  8
0
 10
35.9084
 20
-14.8092
 11
36.0485
 21
-14.8384
  0
LINE
  8
0
 10
36.0485
 20
-14.8384
 11
36.1992
 21
-14.8102
  0
LINE
  8
0
 10
60.5558
 20
-14.9435
 11
60.3931
 21
-14.8259
  0
LINE
  8
0
 10
60.3931
 20
-14.8259
 11
60.2946
 21
-14.6343
  0
LINE
  8
0
 10
60.2946
 20
-14.6343
 11
60.2618
 21
-14.3729
  0
LINE
  8
0
 10
60.2618
 20
-14.3729
 11
60.3934
 21
-13.9172
  0
LINE
  8
0
 10
60.3934
 20
-13.9172
 11
60.788
 21
-13.7653
  0
LINE
  8
0
 10
60.788
 20
-13.7653
 11
61.0216
 21
-13.8024
  0
LINE
  8
0
 10
61.0216
 20
-13.8024
 11
61.1841
 21
-13.9134
  0
LINE
  8
0
 10
61.1841
 20
-13.9134
 11
61.2793
 21
-14.1024
  0
LINE
  8
0
 10
61.2793
 20
-14.1024
 11
61.311
 21
-14.3729
  0
LINE
  8
0
 10
61.311
 20
-14.3729
 11
61.2771
 21
-14.6417
  0
LINE
  8
0
 10
61.2771
 20
-14.6417
 11
61.1754
 21
-14.8319
  0
LINE
  8
0
 10
61.1754
 20
-14.8319
 11
61.0091
 21
-14.945
  0
LINE
  8
0
 10
61.0091
 20
-14.945
 11
60.7815
 21
-14.9827
  0
LINE
  8
0
 10
60.7815
 20
-14.9827
 11
60.5558
 21
-14.9435
  0
LINE
  8
0
 10
60.93
 20
-14.8102
 11
61.0305
 21
-14.7255
  0
LINE
  8
0
 10
61.0305
 20
-14.7255
 11
61.0871
 21
-14.581
  0
LINE
  8
0
 10
61.0871
 20
-14.581
 11
61.1059
 21
-14.3729
  0
LINE
  8
0
 10
61.1059
 20
-14.3729
 11
61.0879
 21
-14.1631
  0
LINE
  8
0
 10
61.0879
 20
-14.1631
 11
61.0338
 21
-14.0198
  0
LINE
  8
0
 10
61.0338
 20
-14.0198
 11
60.9371
 21
-13.9372
  0
LINE
  8
0
 10
60.9371
 20
-13.9372
 11
60.7913
 21
-13.9096
  0
LINE
  8
0
 10
60.7913
 20
-13.9096
 11
60.6436
 21
-13.9377
  0
LINE
  8
0
 10
60.6436
 20
-13.9377
 11
60.5434
 21
-14.0219
  0
LINE
  8
0
 10
60.5434
 20
-14.0219
 11
60.486
 21
-14.1658
  0
LINE
  8
0
 10
60.486
 20
-14.1658
 11
60.4669
 21
-14.3729
  0
LINE
  8
0
 10
60.4669
 20
-14.3729
 11
60.4857
 21
-14.5762
  0
LINE
  8
0
 10
60.4857
 20
-14.5762
 11
60.5423
 21
-14.7217
  0
LINE
  8
0
 10
60.5423
 20
-14.7217
 11
60.6392
 21
-14.8092
  0
LINE
  8
0
 10
60.6392
 20
-14.8092
 11
60.7793
 21
-14.8384
  0
LINE
  8
0
 10
60.7793
 20
-14.8384
 11
60.93
 21
-14.8102
  0
LINE
  8
0
 10
57.3079
 20
-14.961
 11
57.3079
 21
-14.0605
  0
LINE
  8
0
 10
57.3079
 20
-14.0605
 11
57.3063
 21
-13.9303
  0
LINE
  8
0
 10
57.3063
 20
-13.9303
 11
57.3014
 21
-13.787
  0
LINE
  8
0
 10
57.3014
 20
-13.787
 11
57.4858
 21
-13.787
  0
LINE
  8
0
 10
57.4858
 20
-13.787
 11
57.4923
 21
-13.9468
  0
LINE
  8
0
 10
57.4923
 20
-13.9468
 11
57.4945
 21
-14.0268
  0
LINE
  8
0
 10
57.4945
 20
-14.0268
 11
57.4988
 21
-14.0268
  0
LINE
  8
0
 10
57.4988
 20
-14.0268
 11
57.549
 21
-13.8999
  0
LINE
  8
0
 10
57.549
 20
-13.8999
 11
57.6063
 21
-13.8207
  0
LINE
  8
0
 10
57.6063
 20
-13.8207
 11
57.6795
 21
-13.7792
  0
LINE
  8
0
 10
57.6795
 20
-13.7792
 11
57.7777
 21
-13.7653
  0
LINE
  8
0
 10
57.7777
 20
-13.7653
 11
57.817
 21
-13.7681
  0
LINE
  8
0
 10
57.817
 20
-13.7681
 11
57.8569
 21
-13.7762
  0
LINE
  8
0
 10
57.8569
 20
-13.7762
 11
57.8569
 21
-13.9552
  0
LINE
  8
0
 10
57.8569
 20
-13.9552
 11
57.8113
 21
-13.9471
  0
LINE
  8
0
 10
57.8113
 20
-13.9471
 11
57.7527
 21
-13.9444
  0
LINE
  8
0
 10
57.7527
 20
-13.9444
 11
57.6456
 21
-13.9705
  0
LINE
  8
0
 10
57.6456
 20
-13.9705
 11
57.5672
 21
-14.0491
  0
LINE
  8
0
 10
57.5672
 20
-14.0491
 11
57.5192
 21
-14.1764
  0
LINE
  8
0
 10
57.5192
 20
-14.1764
 11
57.5032
 21
-14.3491
  0
LINE
  8
0
 10
57.5032
 20
-14.3491
 11
57.5032
 21
-14.961
  0
LINE
  8
0
 10
57.5032
 20
-14.961
 11
57.3079
 21
-14.961
  0
LINE
  8
0
 10
43.433
 20
-14.961
 11
43.433
 21
-14.0605
  0
LINE
  8
0
 10
43.433
 20
-14.0605
 11
43.4314
 21
-13.9303
  0
LINE
  8
0
 10
43.4314
 20
-13.9303
 11
43.4265
 21
-13.787
  0
LINE
  8
0
 10
43.4265
 20
-13.787
 11
43.611
 21
-13.787
  0
LINE
  8
0
 10
43.611
 20
-13.787
 11
43.6175
 21
-13.9468
  0
LINE
  8
0
 10
43.6175
 20
-13.9468
 11
43.6196
 21
-14.0268
  0
LINE
  8
0
 10
43.6196
 20
-14.0268
 11
43.624
 21
-14.0268
  0
LINE
  8
0
 10
43.624
 20
-14.0268
 11
43.6741
 21
-13.8999
  0
LINE
  8
0
 10
43.6741
 20
-13.8999
 11
43.7314
 21
-13.8207
  0
LINE
  8
0
 10
43.7314
 20
-13.8207
 11
43.8046
 21
-13.7792
  0
LINE
  8
0
 10
43.8046
 20
-13.7792
 11
43.9028
 21
-13.7653
  0
LINE
  8
0
 10
43.9028
 20
-13.7653
 11
43.9422
 21
-13.7681
  0
LINE
  8
0
 10
43.9422
 20
-13.7681
 11
43.982
 21
-13.7762
  0
LINE
  8
0
 10
43.982
 20
-13.7762
 11
43.982
 21
-13.9552
  0
LINE
  8
0
 10
43.982
 20
-13.9552
 11
43.9365
 21
-13.9471
  0
LINE
  8
0
 10
43.9365
 20
-13.9471
 11
43.8779
 21
-13.9444
  0
LINE
  8
0
 10
43.8779
 20
-13.9444
 11
43.7707
 21
-13.9705
  0
LINE
  8
0
 10
43.7707
 20
-13.9705
 11
43.6923
 21
-14.0491
  0
LINE
  8
0
 10
43.6923
 20
-14.0491
 11
43.6443
 21
-14.1764
  0
LINE
  8
0
 10
43.6443
 20
-14.1764
 11
43.6283
 21
-14.3491
  0
LINE
  8
0
 10
43.6283
 20
-14.3491
 11
43.6283
 21
-14.961
  0
LINE
  8
0
 10
43.6283
 20
-14.961
 11
43.433
 21
-14.961
  0
LINE
  8
0
 10
26.9521
 20
-14.9646
 11
26.8082
 21
-14.9105
  0
LINE
  8
0
 10
26.8082
 20
-14.9105
 11
26.7102
 21
-14.8182
  0
LINE
  8
0
 10
26.7102
 20
-14.8182
 11
26.6536
 21
-14.6854
  0
LINE
  8
0
 10
26.6536
 20
-14.6854
 11
26.8261
 21
-14.6517
  0
LINE
  8
0
 10
26.8261
 20
-14.6517
 11
26.8644
 21
-14.7335
  0
LINE
  8
0
 10
26.8644
 20
-14.7335
 11
26.9292
 21
-14.7901
  0
LINE
  8
0
 10
26.9292
 20
-14.7901
 11
27.0225
 21
-14.8231
  0
LINE
  8
0
 10
27.0225
 20
-14.8231
 11
27.1462
 21
-14.834
  0
LINE
  8
0
 10
27.1462
 20
-14.834
 11
27.2749
 21
-14.8226
  0
LINE
  8
0
 10
27.2749
 20
-14.8226
 11
27.3638
 21
-14.7885
  0
LINE
  8
0
 10
27.3638
 20
-14.7885
 11
27.4154
 21
-14.7315
  0
LINE
  8
0
 10
27.4154
 20
-14.7315
 11
27.4326
 21
-14.6517
  0
LINE
  8
0
 10
27.4326
 20
-14.6517
 11
27.4207
 21
-14.5888
  0
LINE
  8
0
 10
27.4207
 20
-14.5888
 11
27.3849
 21
-14.5389
  0
LINE
  8
0
 10
27.3849
 20
-14.5389
 11
27.3225
 21
-14.4993
  0
LINE
  8
0
 10
27.3225
 20
-14.4993
 11
27.2308
 21
-14.4673
  0
LINE
  8
0
 10
27.2308
 20
-14.4673
 11
27.0909
 21
-14.4304
  0
LINE
  8
0
 10
27.0909
 20
-14.4304
 11
26.947
 21
-14.3875
  0
LINE
  8
0
 10
26.947
 20
-14.3875
 11
26.8516
 21
-14.3453
  0
LINE
  8
0
 10
26.8516
 20
-14.3453
 11
26.7883
 21
-14.299
  0
LINE
  8
0
 10
26.7883
 20
-14.299
 11
26.7404
 21
-14.2438
  0
LINE
  8
0
 10
26.7404
 20
-14.2438
 11
26.7103
 21
-14.1774
  0
LINE
  8
0
 10
26.7103
 20
-14.1774
 11
26.7003
 21
-14.0973
  0
LINE
  8
0
 10
26.7003
 20
-14.0973
 11
26.7289
 21
-13.9559
  0
LINE
  8
0
 10
26.7289
 20
-13.9559
 11
26.8147
 21
-13.8527
  0
LINE
  8
0
 10
26.8147
 20
-13.8527
 11
26.9554
 21
-13.7896
  0
LINE
  8
0
 10
26.9554
 20
-13.7896
 11
27.1484
 21
-13.7686
  0
LINE
  8
0
 10
27.1484
 20
-13.7686
 11
27.3226
 21
-13.7857
  0
LINE
  8
0
 10
27.3226
 20
-13.7857
 11
27.457
 21
-13.8369
  0
LINE
  8
0
 10
27.457
 20
-13.8369
 11
27.5505
 21
-13.9259
  0
LINE
  8
0
 10
27.5505
 20
-13.9259
 11
27.6019
 21
-14.0561
  0
LINE
  8
0
 10
27.6019
 20
-14.0561
 11
27.4261
 21
-14.0778
  0
LINE
  8
0
 10
27.4261
 20
-14.0778
 11
27.3962
 21
-14.0088
  0
LINE
  8
0
 10
27.3962
 20
-14.0088
 11
27.3388
 21
-13.9579
  0
LINE
  8
0
 10
27.3388
 20
-13.9579
 11
27.2557
 21
-13.9266
  0
LINE
  8
0
 10
27.2557
 20
-13.9266
 11
27.1484
 21
-13.9162
  0
LINE
  8
0
 10
27.1484
 20
-13.9162
 11
27.0334
 21
-13.9262
  0
LINE
  8
0
 10
27.0334
 20
-13.9262
 11
26.9531
 21
-13.9563
  0
LINE
  8
0
 10
26.9531
 20
-13.9563
 11
26.9059
 21
-14.0067
  0
LINE
  8
0
 10
26.9059
 20
-14.0067
 11
26.8901
 21
-14.0778
  0
LINE
  8
0
 10
26.8901
 20
-14.0778
 11
26.8967
 21
-14.1234
  0
LINE
  8
0
 10
26.8967
 20
-14.1234
 11
26.9162
 21
-14.1603
  0
LINE
  8
0
 10
26.9162
 20
-14.1603
 11
26.9485
 21
-14.1904
  0
LINE
  8
0
 10
26.9485
 20
-14.1904
 11
26.9932
 21
-14.2156
  0
LINE
  8
0
 10
26.9932
 20
-14.2156
 11
27.0724
 21
-14.2427
  0
LINE
  8
0
 10
27.0724
 20
-14.2427
 11
27.2081
 21
-14.2785
  0
LINE
  8
0
 10
27.2081
 20
-14.2785
 11
27.3415
 21
-14.3161
  0
LINE
  8
0
 10
27.3415
 20
-14.3161
 11
27.4316
 21
-14.3507
  0
LINE
  8
0
 10
27.4316
 20
-14.3507
 11
27.4927
 21
-14.3856
  0
LINE
  8
0
 10
27.4927
 20
-14.3856
 11
27.5395
 21
-14.4239
  0
LINE
  8
0
 10
27.5395
 20
-14.4239
 11
27.5746
 21
-14.4672
  0
LINE
  8
0
 10
27.5746
 20
-14.4672
 11
27.6008
 21
-14.5167
  0
LINE
  8
0
 10
27.6008
 20
-14.5167
 11
27.6171
 21
-14.573
  0
LINE
  8
0
 10
27.6171
 20
-14.573
 11
27.6225
 21
-14.6366
  0
LINE
  8
0
 10
27.6225
 20
-14.6366
 11
27.5912
 21
-14.7836
  0
LINE
  8
0
 10
27.5912
 20
-14.7836
 11
27.4972
 21
-14.8926
  0
LINE
  8
0
 10
27.4972
 20
-14.8926
 11
27.3468
 21
-14.9602
  0
LINE
  8
0
 10
27.3468
 20
-14.9602
 11
27.1462
 21
-14.9827
  0
LINE
  8
0
 10
27.1462
 20
-14.9827
 11
26.9521
 21
-14.9646
  0
LINE
  8
0
 10
41.2872
 20
-15.4033
 11
41.1537
 21
-15.3467
  0
LINE
  8
0
 10
41.1537
 20
-15.3467
 11
41.0602
 21
-15.2554
  0
LINE
  8
0
 10
41.0602
 20
-15.2554
 11
41.0072
 21
-15.1324
  0
LINE
  8
0
 10
41.0072
 20
-15.1324
 11
41.2036
 21
-15.1042
  0
LINE
  8
0
 10
41.2036
 20
-15.1042
 11
41.235
 21
-15.1762
  0
LINE
  8
0
 10
41.235
 20
-15.1762
 11
41.2899
 21
-15.2295
  0
LINE
  8
0
 10
41.2899
 20
-15.2295
 11
41.3671
 21
-15.2625
  0
LINE
  8
0
 10
41.3671
 20
-15.2625
 11
41.4651
 21
-15.2735
  0
LINE
  8
0
 10
41.4651
 20
-15.2735
 11
41.684
 21
-15.188
  0
LINE
  8
0
 10
41.684
 20
-15.188
 11
41.757
 21
-14.9317
  0
LINE
  8
0
 10
41.757
 20
-14.9317
 11
41.757
 21
-14.7429
  0
LINE
  8
0
 10
41.757
 20
-14.7429
 11
41.7548
 21
-14.7429
  0
LINE
  8
0
 10
41.7548
 20
-14.7429
 11
41.6892
 21
-14.8418
  0
LINE
  8
0
 10
41.6892
 20
-14.8418
 11
41.6029
 21
-14.9127
  0
LINE
  8
0
 10
41.6029
 20
-14.9127
 11
41.4982
 21
-14.9554
  0
LINE
  8
0
 10
41.4982
 20
-14.9554
 11
41.3772
 21
-14.9697
  0
LINE
  8
0
 10
41.3772
 20
-14.9697
 11
41.1899
 21
-14.9339
  0
LINE
  8
0
 10
41.1899
 20
-14.9339
 11
41.0599
 21
-14.8265
  0
LINE
  8
0
 10
41.0599
 20
-14.8265
 11
40.9838
 21
-14.6423
  0
LINE
  8
0
 10
40.9838
 20
-14.6423
 11
40.9584
 21
-14.3762
  0
LINE
  8
0
 10
40.9584
 20
-14.3762
 11
40.9857
 21
-14.1056
  0
LINE
  8
0
 10
40.9857
 20
-14.1056
 11
41.0675
 21
-13.9167
  0
LINE
  8
0
 10
41.0675
 20
-13.9167
 11
41.2048
 21
-13.8056
  0
LINE
  8
0
 10
41.2048
 20
-13.8056
 11
41.3989
 21
-13.7686
  0
LINE
  8
0
 10
41.3989
 20
-13.7686
 11
41.5154
 21
-13.7828
  0
LINE
  8
0
 10
41.5154
 20
-13.7828
 11
41.6154
 21
-13.8255
  0
LINE
  8
0
 10
41.6154
 20
-13.8255
 11
41.6966
 21
-13.8946
  0
LINE
  8
0
 10
41.6966
 20
-13.8946
 11
41.757
 21
-13.9877
  0
LINE
  8
0
 10
41.757
 20
-13.9877
 11
41.7592
 21
-13.9877
  0
LINE
  8
0
 10
41.7592
 20
-13.9877
 11
41.7603
 21
-13.9433
  0
LINE
  8
0
 10
41.7603
 20
-13.9433
 11
41.7635
 21
-13.8749
  0
LINE
  8
0
 10
41.7635
 20
-13.8749
 11
41.7678
 21
-13.8128
  0
LINE
  8
0
 10
41.7678
 20
-13.8128
 11
41.7722
 21
-13.787
  0
LINE
  8
0
 10
41.7722
 20
-13.787
 11
41.9577
 21
-13.787
  0
LINE
  8
0
 10
41.9577
 20
-13.787
 11
41.9528
 21
-13.8771
  0
LINE
  8
0
 10
41.9528
 20
-13.8771
 11
41.9512
 21
-14.0301
  0
LINE
  8
0
 10
41.9512
 20
-14.0301
 11
41.9512
 21
-14.9274
  0
LINE
  8
0
 10
41.9512
 20
-14.9274
 11
41.8283
 21
-15.2984
  0
LINE
  8
0
 10
41.8283
 20
-15.2984
 11
41.4597
 21
-15.4221
  0
LINE
  8
0
 10
41.4597
 20
-15.4221
 11
41.2872
 21
-15.4033
  0
LINE
  8
0
 10
41.5305
 20
-14.8118
 11
41.6072
 21
-14.7711
  0
LINE
  8
0
 10
41.6072
 20
-14.7711
 11
41.6707
 21
-14.7051
  0
LINE
  8
0
 10
41.6707
 20
-14.7051
 11
41.7179
 21
-14.6154
  0
LINE
  8
0
 10
41.7179
 20
-14.6154
 11
41.7472
 21
-14.5043
  0
LINE
  8
0
 10
41.7472
 20
-14.5043
 11
41.757
 21
-14.374
  0
LINE
  8
0
 10
41.757
 20
-14.374
 11
41.7472
 21
-14.2407
  0
LINE
  8
0
 10
41.7472
 20
-14.2407
 11
41.7179
 21
-14.1272
  0
LINE
  8
0
 10
41.7179
 20
-14.1272
 11
41.6709
 21
-14.0358
  0
LINE
  8
0
 10
41.6709
 20
-14.0358
 11
41.6078
 21
-13.9688
  0
LINE
  8
0
 10
41.6078
 20
-13.9688
 11
41.532
 21
-13.9277
  0
LINE
  8
0
 10
41.532
 20
-13.9277
 11
41.4467
 21
-13.914
  0
LINE
  8
0
 10
41.4467
 20
-13.914
 11
41.3173
 21
-13.9411
  0
LINE
  8
0
 10
41.3173
 20
-13.9411
 11
41.2286
 21
-14.0225
  0
LINE
  8
0
 10
41.2286
 20
-14.0225
 11
41.1773
 21
-14.1646
  0
LINE
  8
0
 10
41.1773
 20
-14.1646
 11
41.1602
 21
-14.374
  0
LINE
  8
0
 10
41.1602
 20
-14.374
 11
41.1762
 21
-14.581
  0
LINE
  8
0
 10
41.1762
 20
-14.581
 11
41.2242
 21
-14.7201
  0
LINE
  8
0
 10
41.2242
 20
-14.7201
 11
41.3111
 21
-14.799
  0
LINE
  8
0
 10
41.3111
 20
-14.799
 11
41.4434
 21
-14.8254
  0
LINE
  8
0
 10
41.4434
 20
-14.8254
 11
41.5305
 21
-14.8118
  0
LINE
  8
0
 10
39.4314
 20
-15.4191
 11
39.3706
 21
-15.4102
  0
LINE
  8
0
 10
39.3706
 20
-15.4102
 11
39.3706
 21
-15.2637
  0
LINE
  8
0
 10
39.3706
 20
-15.2637
 11
39.414
 21
-15.2686
  0
LINE
  8
0
 10
39.414
 20
-15.2686
 11
39.4617
 21
-15.2702
  0
LINE
  8
0
 10
39.4617
 20
-15.2702
 11
39.625
 21
-15.2032
  0
LINE
  8
0
 10
39.625
 20
-15.2032
 11
39.7504
 21
-15.0022
  0
LINE
  8
0
 10
39.7504
 20
-15.0022
 11
39.7688
 21
-14.9556
  0
LINE
  8
0
 10
39.7688
 20
-14.9556
 11
39.3033
 21
-13.787
  0
LINE
  8
0
 10
39.3033
 20
-13.787
 11
39.5116
 21
-13.787
  0
LINE
  8
0
 10
39.5116
 20
-13.787
 11
39.759
 21
-14.4359
  0
LINE
  8
0
 10
39.759
 20
-14.4359
 11
39.772
 21
-14.4722
  0
LINE
  8
0
 10
39.772
 20
-14.4722
 11
39.7881
 21
-14.5182
  0
LINE
  8
0
 10
39.7881
 20
-14.5182
 11
39.8209
 21
-14.6138
  0
LINE
  8
0
 10
39.8209
 20
-14.6138
 11
39.8526
 21
-14.7076
  0
LINE
  8
0
 10
39.8526
 20
-14.7076
 11
39.8654
 21
-14.7483
  0
LINE
  8
0
 10
39.8654
 20
-14.7483
 11
39.9413
 21
-14.5346
  0
LINE
  8
0
 10
39.9413
 20
-14.5346
 11
40.1984
 21
-13.787
  0
LINE
  8
0
 10
40.1984
 20
-13.787
 11
40.4046
 21
-13.787
  0
LINE
  8
0
 10
40.4046
 20
-13.787
 11
39.9532
 21
-14.961
  0
LINE
  8
0
 10
39.9532
 20
-14.961
 11
39.883
 21
-15.1247
  0
LINE
  8
0
 10
39.883
 20
-15.1247
 11
39.8176
 21
-15.2404
  0
LINE
  8
0
 10
39.8176
 20
-15.2404
 11
39.7513
 21
-15.3204
  0
LINE
  8
0
 10
39.7513
 20
-15.3204
 11
39.6782
 21
-15.3771
  0
LINE
  8
0
 10
39.6782
 20
-15.3771
 11
39.5967
 21
-15.4108
  0
LINE
  8
0
 10
39.5967
 20
-15.4108
 11
39.5051
 21
-15.4221
  0
LINE
  8
0
 10
39.5051
 20
-15.4221
 11
39.4314
 21
-15.4191
  0
LINE
  8
0
 10
53.737
 20
-14.0116
 11
53.737
 21
-13.787
  0
LINE
  8
0
 10
53.737
 20
-13.787
 11
53.9486
 21
-13.787
  0
LINE
  8
0
 10
53.9486
 20
-13.787
 11
53.9486
 21
-14.0116
  0
LINE
  8
0
 10
53.9486
 20
-14.0116
 11
53.737
 21
-14.0116
  0
LINE
  8
0
 10
50.1838
 20
-14.961
 11
50.1838
 21
-13.787
  0
LINE
  8
0
 10
50.1838
 20
-13.787
 11
50.3791
 21
-13.787
  0
LINE
  8
0
 10
50.3791
 20
-13.787
 11
50.3791
 21
-14.961
  0
LINE
  8
0
 10
50.3791
 20
-14.961
 11
50.1838
 21
-14.961
  0
LINE
  8
0
 10
59.835
 20
-14.961
 11
59.835
 21
-13.787
  0
LINE
  8
0
 10
59.835
 20
-13.787
 11
60.0303
 21
-13.787
  0
LINE
  8
0
 10
60.0303
 20
-13.787
 11
60.0303
 21
-14.961
  0
LINE
  8
0
 10
60.0303
 20
-14.961
 11
59.835
 21
-14.961
  0
LINE
  8
0
 10
53.737
 20
-14.961
 11
53.737
 21
-14.7364
  0
LINE
  8
0
 10
53.737
 20
-14.7364
 11
53.9486
 21
-14.7364
  0
LINE
  8
0
 10
53.9486
 20
-14.7364
 11
53.9486
 21
-14.961
  0
LINE
  8
0
 10
53.9486
 20
-14.961
 11
53.737
 21
-14.961
  0
ENDSEC
  0
SECTION
  2
OBJECTS
  0
DICTIONARY
  0
ENDSEC
  0
EOF
