solid OpenSCAD_Model
  facet normal 1 -0 0
    outer loop
      vertex -1 -1 10
      vertex -1 73 0
      vertex -1 73 10
    endloop
  endfacet
  facet normal 1 0 0
    outer loop
      vertex -1 73 0
      vertex -1 -1 10
      vertex -1 -1 0
    endloop
  endfacet
  facet normal 0 0 1
    outer loop
      vertex 66.3931 -14.5657 10
      vertex 63.5564 -8.16626 10
      vertex 64.7013 -15.291 10
    endloop
  endfacet
  facet normal -0 0 1
    outer loop
      vertex 62.0225 -8.82381 10
      vertex 64.7013 -15.291 10
      vertex 63.5564 -8.16626 10
    endloop
  endfacet
  facet normal 0 0 1
    outer loop
      vertex 64.7013 -15.291 10
      vertex 62.0225 -8.82381 10
      vertex 62.9921 -15.9745 10
    endloop
  endfacet
  facet normal -0 0 1
    outer loop
      vertex 60.4729 -9.44351 10
      vertex 62.9921 -15.9745 10
      vertex 62.0225 -8.82381 10
    endloop
  endfacet
  facet normal 0 0 1
    outer loop
      vertex 62.9921 -15.9745 10
      vertex 60.4729 -9.44351 10
      vertex 61.2667 -16.6158 10
    endloop
  endfacet
  facet normal -0 0 1
    outer loop
      vertex 58.9085 -10.025 10
      vertex 61.2667 -16.6158 10
      vertex 60.4729 -9.44351 10
    endloop
  endfacet
  facet normal 0 0 1
    outer loop
      vertex 61.2667 -16.6158 10
      vertex 58.9085 -10.025 10
      vertex 59.5261 -17.2146 10
    endloop
  endfacet
  facet normal -0 0 1
    outer loop
      vertex 57.3304 -10.5679 10
      vertex 59.5261 -17.2146 10
      vertex 58.9085 -10.025 10
    endloop
  endfacet
  facet normal 0 0 1
    outer loop
      vertex 59.5261 -17.2146 10
      vertex 57.3304 -10.5679 10
      vertex 57.7714 -17.7705 10
    endloop
  endfacet
  facet normal -0 0 1
    outer loop
      vertex 55.7394 -11.0719 10
      vertex 57.7714 -17.7705 10
      vertex 57.3304 -10.5679 10
    endloop
  endfacet
  facet normal 0 0 1
    outer loop
      vertex 57.7714 -17.7705 10
      vertex 55.7394 -11.0719 10
      vertex 56.0035 -18.2832 10
    endloop
  endfacet
  facet normal -0 0 1
    outer loop
      vertex 54.1365 -11.5368 10
      vertex 56.0035 -18.2832 10
      vertex 55.7394 -11.0719 10
    endloop
  endfacet
  facet normal 0 0 1
    outer loop
      vertex 56.0035 -18.2832 10
      vertex 54.1365 -11.5368 10
      vertex 54.2235 -18.7523 10
    endloop
  endfacet
  facet normal -0 0 1
    outer loop
      vertex 52.5227 -11.9621 10
      vertex 54.2235 -18.7523 10
      vertex 54.1365 -11.5368 10
    endloop
  endfacet
  facet normal 0 0 1
    outer loop
      vertex 52.5227 -11.9621 10
      vertex 52.4326 -19.1777 10
      vertex 54.2235 -18.7523 10
    endloop
  endfacet
  facet normal -0 0 1
    outer loop
      vertex 50.8989 -12.3477 10
      vertex 52.4326 -19.1777 10
      vertex 52.5227 -11.9621 10
    endloop
  endfacet
  facet normal 0 0 1
    outer loop
      vertex 50.8989 -12.3477 10
      vertex 50.6318 -19.5589 10
      vertex 52.4326 -19.1777 10
    endloop
  endfacet
  facet normal -0 0 1
    outer loop
      vertex 49.2661 -12.6934 10
      vertex 50.6318 -19.5589 10
      vertex 50.8989 -12.3477 10
    endloop
  endfacet
  facet normal 0 0 1
    outer loop
      vertex 49.2661 -12.6934 10
      vertex 48.8221 -19.8958 10
      vertex 50.6318 -19.5589 10
    endloop
  endfacet
  facet normal -0 0 1
    outer loop
      vertex 47.6254 -12.9989 10
      vertex 48.8221 -19.8958 10
      vertex 49.2661 -12.6934 10
    endloop
  endfacet
  facet normal 0 0 1
    outer loop
      vertex 47.6254 -12.9989 10
      vertex 47.0048 -20.1882 10
      vertex 48.8221 -19.8958 10
    endloop
  endfacet
  facet normal -0 0 1
    outer loop
      vertex 45.9777 -13.264 10
      vertex 47.0048 -20.1882 10
      vertex 47.6254 -12.9989 10
    endloop
  endfacet
  facet normal 0 0 1
    outer loop
      vertex 45.9777 -13.264 10
      vertex 45.1808 -20.436 10
      vertex 47.0048 -20.1882 10
    endloop
  endfacet
  facet normal -0 0 1
    outer loop
      vertex 44.3239 -13.4886 10
      vertex 45.1808 -20.436 10
      vertex 45.9777 -13.264 10
    endloop
  endfacet
  facet normal 0 0 1
    outer loop
      vertex 44.3239 -13.4886 10
      vertex 43.3513 -20.6389 10
      vertex 45.1808 -20.436 10
    endloop
  endfacet
  facet normal -0 0 1
    outer loop
      vertex 42.6652 -13.6726 10
      vertex 43.3513 -20.6389 10
      vertex 44.3239 -13.4886 10
    endloop
  endfacet
  facet normal 0 0 1
    outer loop
      vertex 42.6652 -13.6726 10
      vertex 41.5173 -20.7968 10
      vertex 43.3513 -20.6389 10
    endloop
  endfacet
  facet normal -0 0 1
    outer loop
      vertex 41.0024 -13.8158 10
      vertex 41.5173 -20.7968 10
      vertex 42.6652 -13.6726 10
    endloop
  endfacet
  facet normal 0 0 1
    outer loop
      vertex 41.0024 -13.8158 10
      vertex 39.6801 -20.9097 10
      vertex 41.5173 -20.7968 10
    endloop
  endfacet
  facet normal -0 0 1
    outer loop
      vertex 39.3366 -13.9181 10
      vertex 39.6801 -20.9097 10
      vertex 41.0024 -13.8158 10
    endloop
  endfacet
  facet normal 0 0 1
    outer loop
      vertex 39.3366 -13.9181 10
      vertex 37.8406 -20.9774 10
      vertex 39.6801 -20.9097 10
    endloop
  endfacet
  facet normal -0 0 1
    outer loop
      vertex 37.6688 -13.9795 10
      vertex 37.8406 -20.9774 10
      vertex 39.3366 -13.9181 10
    endloop
  endfacet
  facet normal -0 0 1
    outer loop
      vertex 36 -14 10
      vertex 37.8406 -20.9774 10
      vertex 37.6688 -13.9795 10
    endloop
  endfacet
  facet normal 0 0 1
    outer loop
      vertex 36 -14 10
      vertex 36 -21 10
      vertex 37.8406 -20.9774 10
    endloop
  endfacet
  facet normal 0 0 1
    outer loop
      vertex 34.3312 -13.9795 10
      vertex 36 -21 10
      vertex 36 -14 10
    endloop
  endfacet
  facet normal 0 0 1
    outer loop
      vertex 34.3312 -13.9795 10
      vertex 34.1594 -20.9774 10
      vertex 36 -21 10
    endloop
  endfacet
  facet normal 0 0 1
    outer loop
      vertex 32.6634 -13.9181 10
      vertex 34.1594 -20.9774 10
      vertex 34.3312 -13.9795 10
    endloop
  endfacet
  facet normal 0 0 1
    outer loop
      vertex 32.6634 -13.9181 10
      vertex 32.3199 -20.9097 10
      vertex 34.1594 -20.9774 10
    endloop
  endfacet
  facet normal 0 0 1
    outer loop
      vertex 30.9976 -13.8158 10
      vertex 32.3199 -20.9097 10
      vertex 32.6634 -13.9181 10
    endloop
  endfacet
  facet normal 0 0 1
    outer loop
      vertex 30.9976 -13.8158 10
      vertex 30.4827 -20.7968 10
      vertex 32.3199 -20.9097 10
    endloop
  endfacet
  facet normal 0 0 1
    outer loop
      vertex 29.3348 -13.6726 10
      vertex 30.4827 -20.7968 10
      vertex 30.9976 -13.8158 10
    endloop
  endfacet
  facet normal 0 0 1
    outer loop
      vertex 29.3348 -13.6726 10
      vertex 28.6487 -20.6389 10
      vertex 30.4827 -20.7968 10
    endloop
  endfacet
  facet normal 0 0 1
    outer loop
      vertex 27.6761 -13.4886 10
      vertex 28.6487 -20.6389 10
      vertex 29.3348 -13.6726 10
    endloop
  endfacet
  facet normal 0 0 1
    outer loop
      vertex 27.6761 -13.4886 10
      vertex 26.8192 -20.436 10
      vertex 28.6487 -20.6389 10
    endloop
  endfacet
  facet normal 0 0 1
    outer loop
      vertex 26.0223 -13.264 10
      vertex 26.8192 -20.436 10
      vertex 27.6761 -13.4886 10
    endloop
  endfacet
  facet normal 0 0 1
    outer loop
      vertex 26.0223 -13.264 10
      vertex 24.9952 -20.1882 10
      vertex 26.8192 -20.436 10
    endloop
  endfacet
  facet normal 0 0 1
    outer loop
      vertex 24.3746 -12.9989 10
      vertex 24.9952 -20.1882 10
      vertex 26.0223 -13.264 10
    endloop
  endfacet
  facet normal 0 0 1
    outer loop
      vertex 24.3746 -12.9989 10
      vertex 23.1779 -19.8958 10
      vertex 24.9952 -20.1882 10
    endloop
  endfacet
  facet normal 0 0 1
    outer loop
      vertex 22.7339 -12.6934 10
      vertex 23.1779 -19.8958 10
      vertex 24.3746 -12.9989 10
    endloop
  endfacet
  facet normal 0 0 1
    outer loop
      vertex 22.7339 -12.6934 10
      vertex 21.3682 -19.5589 10
      vertex 23.1779 -19.8958 10
    endloop
  endfacet
  facet normal 0 0 1
    outer loop
      vertex 21.1011 -12.3477 10
      vertex 21.3682 -19.5589 10
      vertex 22.7339 -12.6934 10
    endloop
  endfacet
  facet normal 0 0 1
    outer loop
      vertex 21.1011 -12.3477 10
      vertex 19.5674 -19.1777 10
      vertex 21.3682 -19.5589 10
    endloop
  endfacet
  facet normal 0 0 1
    outer loop
      vertex 19.4773 -11.9621 10
      vertex 19.5674 -19.1777 10
      vertex 21.1011 -12.3477 10
    endloop
  endfacet
  facet normal 0 0 1
    outer loop
      vertex 17.7765 -18.7523 10
      vertex 19.4773 -11.9621 10
      vertex 17.8635 -11.5368 10
    endloop
  endfacet
  facet normal 0 0 1
    outer loop
      vertex 19.4773 -11.9621 10
      vertex 17.7765 -18.7523 10
      vertex 19.5674 -19.1777 10
    endloop
  endfacet
  facet normal 0 0 1
    outer loop
      vertex 15.9965 -18.2832 10
      vertex 17.8635 -11.5368 10
      vertex 16.2606 -11.0719 10
    endloop
  endfacet
  facet normal 0 0 1
    outer loop
      vertex 17.8635 -11.5368 10
      vertex 15.9965 -18.2832 10
      vertex 17.7765 -18.7523 10
    endloop
  endfacet
  facet normal 0 0 1
    outer loop
      vertex 14.2287 -17.7705 10
      vertex 16.2606 -11.0719 10
      vertex 14.6696 -10.5679 10
    endloop
  endfacet
  facet normal 0 0 1
    outer loop
      vertex 16.2606 -11.0719 10
      vertex 14.2287 -17.7705 10
      vertex 15.9965 -18.2832 10
    endloop
  endfacet
  facet normal 0 0 1
    outer loop
      vertex 12.4739 -17.2146 10
      vertex 14.6696 -10.5679 10
      vertex 13.0915 -10.025 10
    endloop
  endfacet
  facet normal 0 0 1
    outer loop
      vertex 14.6696 -10.5679 10
      vertex 12.4739 -17.2146 10
      vertex 14.2287 -17.7705 10
    endloop
  endfacet
  facet normal 0 0 1
    outer loop
      vertex 10.7333 -16.6158 10
      vertex 13.0915 -10.025 10
      vertex 11.5271 -9.44351 10
    endloop
  endfacet
  facet normal 0 0 1
    outer loop
      vertex 13.0915 -10.025 10
      vertex 10.7333 -16.6158 10
      vertex 12.4739 -17.2146 10
    endloop
  endfacet
  facet normal 0 0 1
    outer loop
      vertex 9.00787 -15.9745 10
      vertex 11.5271 -9.44351 10
      vertex 9.97753 -8.82381 10
    endloop
  endfacet
  facet normal 0 0 1
    outer loop
      vertex 11.5271 -9.44351 10
      vertex 9.00787 -15.9745 10
      vertex 10.7333 -16.6158 10
    endloop
  endfacet
  facet normal 0 0 1
    outer loop
      vertex 7.29874 -15.291 10
      vertex 9.97753 -8.82381 10
      vertex 8.44359 -8.16626 10
    endloop
  endfacet
  facet normal 0 0 1
    outer loop
      vertex 5.6069 -14.5657 10
      vertex 8.44359 -8.16626 10
      vertex 8.0806 -8 10
    endloop
  endfacet
  facet normal 0 0 1
    outer loop
      vertex 9.97753 -8.82381 10
      vertex 7.29874 -15.291 10
      vertex 9.00787 -15.9745 10
    endloop
  endfacet
  facet normal 0 0 1
    outer loop
      vertex 105.291 82.7013 10
      vertex 98.8238 80.0225 10
      vertex 98.8328 80 10
    endloop
  endfacet
  facet normal 0 0 1
    outer loop
      vertex 93.45 90.3798 10
      vertex 99.364 94.1248 10
      vertex 98.3602 95.6678 10
    endloop
  endfacet
  facet normal 0 0 1
    outer loop
      vertex 100.33 92.5577 10
      vertex 98.1663 81.5564 10
      vertex 98.8238 80.0225 10
    endloop
  endfacet
  facet normal 0 0 1
    outer loop
      vertex 100.33 92.5577 10
      vertex 97.4713 83.0737 10
      vertex 98.1663 81.5564 10
    endloop
  endfacet
  facet normal 0 0 1
    outer loop
      vertex 92.5399 91.7788 10
      vertex 98.3602 95.6678 10
      vertex 97.3189 97.1856 10
    endloop
  endfacet
  facet normal 0 0 1
    outer loop
      vertex 100.33 92.5577 10
      vertex 96.7393 84.5736 10
      vertex 97.4713 83.0737 10
    endloop
  endfacet
  facet normal 0 0 1
    outer loop
      vertex 91.5958 93.155 10
      vertex 97.3189 97.1856 10
      vertex 96.2406 98.6774 10
    endloop
  endfacet
  facet normal 0 0 1
    outer loop
      vertex 100.33 92.5577 10
      vertex 95.9706 86.055 10
      vertex 96.7393 84.5736 10
    endloop
  endfacet
  facet normal 0 0 1
    outer loop
      vertex 100.33 92.5577 10
      vertex 95.1659 87.5171 10
      vertex 95.9706 86.055 10
    endloop
  endfacet
  facet normal 0 0 1
    outer loop
      vertex 90.6181 94.5076 10
      vertex 96.2406 98.6774 10
      vertex 95.126 100.142 10
    endloop
  endfacet
  facet normal 0 0 1
    outer loop
      vertex 100.33 92.5577 10
      vertex 94.3255 88.959 10
      vertex 95.1659 87.5171 10
    endloop
  endfacet
  facet normal 0 0 1
    outer loop
      vertex 89.6076 95.8357 10
      vertex 95.126 100.142 10
      vertex 93.9758 101.579 10
    endloop
  endfacet
  facet normal 0 0 1
    outer loop
      vertex 99.364 94.1248 10
      vertex 93.45 90.3798 10
      vertex 94.3255 88.959 10
    endloop
  endfacet
  facet normal 0 0 1
    outer loop
      vertex 88.5647 97.1387 10
      vertex 93.9758 101.579 10
      vertex 92.7907 102.988 10
    endloop
  endfacet
  facet normal 0 0 1
    outer loop
      vertex 98.3602 95.6678 10
      vertex 92.5399 91.7788 10
      vertex 93.45 90.3798 10
    endloop
  endfacet
  facet normal 0 0 1
    outer loop
      vertex 97.3189 97.1856 10
      vertex 91.5958 93.155 10
      vertex 92.5399 91.7788 10
    endloop
  endfacet
  facet normal 0 0 1
    outer loop
      vertex 87.4902 98.4158 10
      vertex 92.7907 102.988 10
      vertex 91.5713 104.367 10
    endloop
  endfacet
  facet normal 0 0 1
    outer loop
      vertex 96.2406 98.6774 10
      vertex 90.6181 94.5076 10
      vertex 91.5958 93.155 10
    endloop
  endfacet
  facet normal 0 0 1
    outer loop
      vertex 86.3847 99.666 10
      vertex 91.5713 104.367 10
      vertex 90.3185 105.716 10
    endloop
  endfacet
  facet normal 0 0 1
    outer loop
      vertex 95.126 100.142 10
      vertex 89.6076 95.8357 10
      vertex 90.6181 94.5076 10
    endloop
  endfacet
  facet normal 0 0 1
    outer loop
      vertex 85.2488 100.889 10
      vertex 90.3185 105.716 10
      vertex 89.033 107.033 10
    endloop
  endfacet
  facet normal 0 0 1
    outer loop
      vertex 93.9758 101.579 10
      vertex 88.5647 97.1387 10
      vertex 89.6076 95.8357 10
    endloop
  endfacet
  facet normal 0 0 1
    outer loop
      vertex 84.0833 102.083 10
      vertex 89.033 107.033 10
      vertex 87.7155 108.319 10
    endloop
  endfacet
  facet normal 0 0 1
    outer loop
      vertex 92.7907 102.988 10
      vertex 87.4902 98.4158 10
      vertex 88.5647 97.1387 10
    endloop
  endfacet
  facet normal 0 0 1
    outer loop
      vertex 91.5713 104.367 10
      vertex 86.3847 99.666 10
      vertex 87.4902 98.4158 10
    endloop
  endfacet
  facet normal 0 0 1
    outer loop
      vertex 82.8888 103.249 10
      vertex 87.7155 108.319 10
      vertex 86.3669 109.571 10
    endloop
  endfacet
  facet normal 0 0 1
    outer loop
      vertex 90.3185 105.716 10
      vertex 85.2488 100.889 10
      vertex 86.3847 99.666 10
    endloop
  endfacet
  facet normal 0 0 1
    outer loop
      vertex 81.666 104.385 10
      vertex 86.3669 109.571 10
      vertex 84.988 110.791 10
    endloop
  endfacet
  facet normal 0 0 1
    outer loop
      vertex 89.033 107.033 10
      vertex 84.0833 102.083 10
      vertex 85.2488 100.889 10
    endloop
  endfacet
  facet normal 0 0 1
    outer loop
      vertex 80.4158 105.49 10
      vertex 84.988 110.791 10
      vertex 83.5795 111.976 10
    endloop
  endfacet
  facet normal 0 0 1
    outer loop
      vertex 87.7155 108.319 10
      vertex 82.8888 103.249 10
      vertex 84.0833 102.083 10
    endloop
  endfacet
  facet normal 0 0 1
    outer loop
      vertex 79.1387 106.565 10
      vertex 83.5795 111.976 10
      vertex 82.1424 113.126 10
    endloop
  endfacet
  facet normal 0 0 1
    outer loop
      vertex 86.3669 109.571 10
      vertex 81.666 104.385 10
      vertex 82.8888 103.249 10
    endloop
  endfacet
  facet normal 0 0 1
    outer loop
      vertex 77.8357 107.608 10
      vertex 82.1424 113.126 10
      vertex 80.6774 114.241 10
    endloop
  endfacet
  facet normal 0 0 1
    outer loop
      vertex 84.988 110.791 10
      vertex 80.4158 105.49 10
      vertex 81.666 104.385 10
    endloop
  endfacet
  facet normal 0 0 1
    outer loop
      vertex 76.5076 108.618 10
      vertex 80.6774 114.241 10
      vertex 79.1856 115.319 10
    endloop
  endfacet
  facet normal 0 0 1
    outer loop
      vertex 83.5795 111.976 10
      vertex 79.1387 106.565 10
      vertex 80.4158 105.49 10
    endloop
  endfacet
  facet normal 0 0 1
    outer loop
      vertex 82.1424 113.126 10
      vertex 77.8357 107.608 10
      vertex 79.1387 106.565 10
    endloop
  endfacet
  facet normal 0 0 1
    outer loop
      vertex 75.155 109.596 10
      vertex 79.1856 115.319 10
      vertex 77.6678 116.36 10
    endloop
  endfacet
  facet normal 0 0 1
    outer loop
      vertex 80.6774 114.241 10
      vertex 76.5076 108.618 10
      vertex 77.8357 107.608 10
    endloop
  endfacet
  facet normal 0 0 1
    outer loop
      vertex 73.7788 110.54 10
      vertex 77.6678 116.36 10
      vertex 76.1248 117.364 10
    endloop
  endfacet
  facet normal 0 0 1
    outer loop
      vertex 79.1856 115.319 10
      vertex 75.155 109.596 10
      vertex 76.5076 108.618 10
    endloop
  endfacet
  facet normal 0 0 1
    outer loop
      vertex 72.3798 111.45 10
      vertex 76.1248 117.364 10
      vertex 74.5577 118.33 10
    endloop
  endfacet
  facet normal 0 0 1
    outer loop
      vertex 77.6678 116.36 10
      vertex 73.7788 110.54 10
      vertex 75.155 109.596 10
    endloop
  endfacet
  facet normal 0 0 1
    outer loop
      vertex 70.959 112.326 10
      vertex 74.5577 118.33 10
      vertex 72.9674 119.257 10
    endloop
  endfacet
  facet normal 0 0 1
    outer loop
      vertex 76.1248 117.364 10
      vertex 72.3798 111.45 10
      vertex 73.7788 110.54 10
    endloop
  endfacet
  facet normal 0 0 1
    outer loop
      vertex 69.5171 113.166 10
      vertex 72.9674 119.257 10
      vertex 71.3548 120.144 10
    endloop
  endfacet
  facet normal 0 0 1
    outer loop
      vertex 74.5577 118.33 10
      vertex 70.959 112.326 10
      vertex 72.3798 111.45 10
    endloop
  endfacet
  facet normal 0 0 1
    outer loop
      vertex 68.055 113.971 10
      vertex 71.3548 120.144 10
      vertex 69.7208 120.992 10
    endloop
  endfacet
  facet normal 0 0 1
    outer loop
      vertex 72.9674 119.257 10
      vertex 69.5171 113.166 10
      vertex 70.959 112.326 10
    endloop
  endfacet
  facet normal 0 0 1
    outer loop
      vertex 66.5736 114.739 10
      vertex 69.7208 120.992 10
      vertex 68.0666 121.799 10
    endloop
  endfacet
  facet normal 0 0 1
    outer loop
      vertex 71.3548 120.144 10
      vertex 68.055 113.971 10
      vertex 69.5171 113.166 10
    endloop
  endfacet
  facet normal 0 0 1
    outer loop
      vertex 69.7208 120.992 10
      vertex 66.5736 114.739 10
      vertex 68.055 113.971 10
    endloop
  endfacet
  facet normal 0 0 1
    outer loop
      vertex 65.0737 115.471 10
      vertex 68.0666 121.799 10
      vertex 66.3931 122.566 10
    endloop
  endfacet
  facet normal 0 0 1
    outer loop
      vertex 68.0666 121.799 10
      vertex 65.0737 115.471 10
      vertex 66.5736 114.739 10
    endloop
  endfacet
  facet normal 0 0 1
    outer loop
      vertex 63.5564 116.166 10
      vertex 66.3931 122.566 10
      vertex 64.7013 123.291 10
    endloop
  endfacet
  facet normal 0 0 1
    outer loop
      vertex 66.3931 122.566 10
      vertex 63.5564 116.166 10
      vertex 65.0737 115.471 10
    endloop
  endfacet
  facet normal 0 0 1
    outer loop
      vertex 62.0225 116.824 10
      vertex 64.7013 123.291 10
      vertex 62.9921 123.974 10
    endloop
  endfacet
  facet normal 0 0 1
    outer loop
      vertex 64.7013 123.291 10
      vertex 62.0225 116.824 10
      vertex 63.5564 116.166 10
    endloop
  endfacet
  facet normal 0 0 1
    outer loop
      vertex 60.4729 117.444 10
      vertex 62.9921 123.974 10
      vertex 61.2667 124.616 10
    endloop
  endfacet
  facet normal 0 0 1
    outer loop
      vertex 62.9921 123.974 10
      vertex 60.4729 117.444 10
      vertex 62.0225 116.824 10
    endloop
  endfacet
  facet normal 0 0 1
    outer loop
      vertex 58.9085 118.025 10
      vertex 61.2667 124.616 10
      vertex 59.5261 125.215 10
    endloop
  endfacet
  facet normal 0 0 1
    outer loop
      vertex 61.2667 124.616 10
      vertex 58.9085 118.025 10
      vertex 60.4729 117.444 10
    endloop
  endfacet
  facet normal 0 0 1
    outer loop
      vertex 57.3304 118.568 10
      vertex 59.5261 125.215 10
      vertex 57.7714 125.771 10
    endloop
  endfacet
  facet normal 0 0 1
    outer loop
      vertex 59.5261 125.215 10
      vertex 57.3304 118.568 10
      vertex 58.9085 118.025 10
    endloop
  endfacet
  facet normal 0 0 1
    outer loop
      vertex 55.7394 119.072 10
      vertex 57.7714 125.771 10
      vertex 56.0035 126.283 10
    endloop
  endfacet
  facet normal 0 0 1
    outer loop
      vertex 57.7714 125.771 10
      vertex 55.7394 119.072 10
      vertex 57.3304 118.568 10
    endloop
  endfacet
  facet normal 0 0 1
    outer loop
      vertex 54.1365 119.537 10
      vertex 56.0035 126.283 10
      vertex 54.2235 126.752 10
    endloop
  endfacet
  facet normal 0 0 1
    outer loop
      vertex 56.0035 126.283 10
      vertex 54.1365 119.537 10
      vertex 55.7394 119.072 10
    endloop
  endfacet
  facet normal 0 0 1
    outer loop
      vertex 54.2235 126.752 10
      vertex 52.5227 119.962 10
      vertex 54.1365 119.537 10
    endloop
  endfacet
  facet normal 0 0 1
    outer loop
      vertex 52.4326 127.178 10
      vertex 52.5227 119.962 10
      vertex 54.2235 126.752 10
    endloop
  endfacet
  facet normal 0 0 1
    outer loop
      vertex 52.4326 127.178 10
      vertex 50.8989 120.348 10
      vertex 52.5227 119.962 10
    endloop
  endfacet
  facet normal 0 0 1
    outer loop
      vertex 50.6318 127.559 10
      vertex 50.8989 120.348 10
      vertex 52.4326 127.178 10
    endloop
  endfacet
  facet normal 0 0 1
    outer loop
      vertex 50.6318 127.559 10
      vertex 49.2661 120.693 10
      vertex 50.8989 120.348 10
    endloop
  endfacet
  facet normal 0 0 1
    outer loop
      vertex 48.8221 127.896 10
      vertex 49.2661 120.693 10
      vertex 50.6318 127.559 10
    endloop
  endfacet
  facet normal 0 0 1
    outer loop
      vertex 48.8221 127.896 10
      vertex 47.6254 120.999 10
      vertex 49.2661 120.693 10
    endloop
  endfacet
  facet normal 0 0 1
    outer loop
      vertex 47.0048 128.188 10
      vertex 47.6254 120.999 10
      vertex 48.8221 127.896 10
    endloop
  endfacet
  facet normal 0 0 1
    outer loop
      vertex 47.0048 128.188 10
      vertex 45.9777 121.264 10
      vertex 47.6254 120.999 10
    endloop
  endfacet
  facet normal 0 0 1
    outer loop
      vertex 45.1808 128.436 10
      vertex 45.9777 121.264 10
      vertex 47.0048 128.188 10
    endloop
  endfacet
  facet normal 0 0 1
    outer loop
      vertex 45.1808 128.436 10
      vertex 44.3239 121.489 10
      vertex 45.9777 121.264 10
    endloop
  endfacet
  facet normal 0 0 1
    outer loop
      vertex 43.3513 128.639 10
      vertex 44.3239 121.489 10
      vertex 45.1808 128.436 10
    endloop
  endfacet
  facet normal 0 0 1
    outer loop
      vertex 43.3513 128.639 10
      vertex 42.6652 121.673 10
      vertex 44.3239 121.489 10
    endloop
  endfacet
  facet normal 0 0 1
    outer loop
      vertex 41.5173 128.797 10
      vertex 42.6652 121.673 10
      vertex 43.3513 128.639 10
    endloop
  endfacet
  facet normal 0 0 1
    outer loop
      vertex 41.5173 128.797 10
      vertex 41.0024 121.816 10
      vertex 42.6652 121.673 10
    endloop
  endfacet
  facet normal 0 0 1
    outer loop
      vertex 39.6801 128.91 10
      vertex 41.0024 121.816 10
      vertex 41.5173 128.797 10
    endloop
  endfacet
  facet normal 0 0 1
    outer loop
      vertex 39.6801 128.91 10
      vertex 39.3366 121.918 10
      vertex 41.0024 121.816 10
    endloop
  endfacet
  facet normal 0 0 1
    outer loop
      vertex 37.8406 128.977 10
      vertex 39.3366 121.918 10
      vertex 39.6801 128.91 10
    endloop
  endfacet
  facet normal 0 0 1
    outer loop
      vertex 37.8406 128.977 10
      vertex 37.6688 121.98 10
      vertex 39.3366 121.918 10
    endloop
  endfacet
  facet normal 0 0 1
    outer loop
      vertex 36 129 10
      vertex 37.6688 121.98 10
      vertex 37.8406 128.977 10
    endloop
  endfacet
  facet normal 0 0 1
    outer loop
      vertex 36 129 10
      vertex 36 122 10
      vertex 37.6688 121.98 10
    endloop
  endfacet
  facet normal 0 0 1
    outer loop
      vertex 36 129 10
      vertex 34.3312 121.98 10
      vertex 36 122 10
    endloop
  endfacet
  facet normal -0 0 1
    outer loop
      vertex 34.1594 128.977 10
      vertex 34.3312 121.98 10
      vertex 36 129 10
    endloop
  endfacet
  facet normal 0 0 1
    outer loop
      vertex 34.1594 128.977 10
      vertex 32.6634 121.918 10
      vertex 34.3312 121.98 10
    endloop
  endfacet
  facet normal -0 0 1
    outer loop
      vertex 32.3199 128.91 10
      vertex 32.6634 121.918 10
      vertex 34.1594 128.977 10
    endloop
  endfacet
  facet normal 0 0 1
    outer loop
      vertex 32.3199 128.91 10
      vertex 30.9976 121.816 10
      vertex 32.6634 121.918 10
    endloop
  endfacet
  facet normal -0 0 1
    outer loop
      vertex 30.4827 128.797 10
      vertex 30.9976 121.816 10
      vertex 32.3199 128.91 10
    endloop
  endfacet
  facet normal 0 0 1
    outer loop
      vertex 30.4827 128.797 10
      vertex 29.3348 121.673 10
      vertex 30.9976 121.816 10
    endloop
  endfacet
  facet normal -0 0 1
    outer loop
      vertex 28.6487 128.639 10
      vertex 29.3348 121.673 10
      vertex 30.4827 128.797 10
    endloop
  endfacet
  facet normal 0 0 1
    outer loop
      vertex 28.6487 128.639 10
      vertex 27.6761 121.489 10
      vertex 29.3348 121.673 10
    endloop
  endfacet
  facet normal -0 0 1
    outer loop
      vertex 26.8192 128.436 10
      vertex 27.6761 121.489 10
      vertex 28.6487 128.639 10
    endloop
  endfacet
  facet normal 0 0 1
    outer loop
      vertex 26.8192 128.436 10
      vertex 26.0223 121.264 10
      vertex 27.6761 121.489 10
    endloop
  endfacet
  facet normal -0 0 1
    outer loop
      vertex 24.9952 128.188 10
      vertex 26.0223 121.264 10
      vertex 26.8192 128.436 10
    endloop
  endfacet
  facet normal 0 0 1
    outer loop
      vertex 24.9952 128.188 10
      vertex 24.3746 120.999 10
      vertex 26.0223 121.264 10
    endloop
  endfacet
  facet normal -0 0 1
    outer loop
      vertex 23.1779 127.896 10
      vertex 24.3746 120.999 10
      vertex 24.9952 128.188 10
    endloop
  endfacet
  facet normal 0 0 1
    outer loop
      vertex 23.1779 127.896 10
      vertex 22.7339 120.693 10
      vertex 24.3746 120.999 10
    endloop
  endfacet
  facet normal -0 0 1
    outer loop
      vertex 21.3682 127.559 10
      vertex 22.7339 120.693 10
      vertex 23.1779 127.896 10
    endloop
  endfacet
  facet normal 0 0 1
    outer loop
      vertex 21.3682 127.559 10
      vertex 21.1011 120.348 10
      vertex 22.7339 120.693 10
    endloop
  endfacet
  facet normal -0 0 1
    outer loop
      vertex 19.5674 127.178 10
      vertex 21.1011 120.348 10
      vertex 21.3682 127.559 10
    endloop
  endfacet
  facet normal 0 0 1
    outer loop
      vertex 19.5674 127.178 10
      vertex 19.4773 119.962 10
      vertex 21.1011 120.348 10
    endloop
  endfacet
  facet normal -0 0 1
    outer loop
      vertex 17.7765 126.752 10
      vertex 19.4773 119.962 10
      vertex 19.5674 127.178 10
    endloop
  endfacet
  facet normal 0 0 1
    outer loop
      vertex 19.4773 119.962 10
      vertex 17.7765 126.752 10
      vertex 17.8635 119.537 10
    endloop
  endfacet
  facet normal -0 0 1
    outer loop
      vertex 15.9965 126.283 10
      vertex 17.8635 119.537 10
      vertex 17.7765 126.752 10
    endloop
  endfacet
  facet normal 0 0 1
    outer loop
      vertex 17.8635 119.537 10
      vertex 15.9965 126.283 10
      vertex 16.2606 119.072 10
    endloop
  endfacet
  facet normal -0 0 1
    outer loop
      vertex 14.2287 125.771 10
      vertex 16.2606 119.072 10
      vertex 15.9965 126.283 10
    endloop
  endfacet
  facet normal 0 0 1
    outer loop
      vertex 16.2606 119.072 10
      vertex 14.2287 125.771 10
      vertex 14.6696 118.568 10
    endloop
  endfacet
  facet normal -0 0 1
    outer loop
      vertex 12.4739 125.215 10
      vertex 14.6696 118.568 10
      vertex 14.2287 125.771 10
    endloop
  endfacet
  facet normal 0 0 1
    outer loop
      vertex 14.6696 118.568 10
      vertex 12.4739 125.215 10
      vertex 13.0915 118.025 10
    endloop
  endfacet
  facet normal -0 0 1
    outer loop
      vertex 10.7333 124.616 10
      vertex 13.0915 118.025 10
      vertex 12.4739 125.215 10
    endloop
  endfacet
  facet normal 0 0 1
    outer loop
      vertex 13.0915 118.025 10
      vertex 10.7333 124.616 10
      vertex 11.5271 117.444 10
    endloop
  endfacet
  facet normal -0 0 1
    outer loop
      vertex 9.00787 123.974 10
      vertex 11.5271 117.444 10
      vertex 10.7333 124.616 10
    endloop
  endfacet
  facet normal 0 0 1
    outer loop
      vertex 11.5271 117.444 10
      vertex 9.00787 123.974 10
      vertex 9.97753 116.824 10
    endloop
  endfacet
  facet normal -0 0 1
    outer loop
      vertex 7.29874 123.291 10
      vertex 9.97753 116.824 10
      vertex 9.00787 123.974 10
    endloop
  endfacet
  facet normal 0 0 1
    outer loop
      vertex 9.97753 116.824 10
      vertex 7.29874 123.291 10
      vertex 8.44359 116.166 10
    endloop
  endfacet
  facet normal -0 0 1
    outer loop
      vertex 5.6069 122.566 10
      vertex 8.44359 116.166 10
      vertex 7.29874 123.291 10
    endloop
  endfacet
  facet normal 0 0 1
    outer loop
      vertex 8.44359 116.166 10
      vertex 5.6069 122.566 10
      vertex 6.92625 115.471 10
    endloop
  endfacet
  facet normal -0 0 1
    outer loop
      vertex 3.93337 121.799 10
      vertex 6.92625 115.471 10
      vertex 5.6069 122.566 10
    endloop
  endfacet
  facet normal 0 0 1
    outer loop
      vertex 6.92625 115.471 10
      vertex 3.93337 121.799 10
      vertex 5.42643 114.739 10
    endloop
  endfacet
  facet normal -0 0 1
    outer loop
      vertex 2.27915 120.992 10
      vertex 5.42643 114.739 10
      vertex 3.93337 121.799 10
    endloop
  endfacet
  facet normal 0 0 1
    outer loop
      vertex 5.42643 114.739 10
      vertex 2.27915 120.992 10
      vertex 3.94502 113.971 10
    endloop
  endfacet
  facet normal -0 0 1
    outer loop
      vertex 0.645246 120.144 10
      vertex 3.94502 113.971 10
      vertex 2.27915 120.992 10
    endloop
  endfacet
  facet normal 0 0 1
    outer loop
      vertex 3.94502 113.971 10
      vertex 0.645246 120.144 10
      vertex 2.48292 113.166 10
    endloop
  endfacet
  facet normal -0 0 1
    outer loop
      vertex -0.967364 119.257 10
      vertex 2.48292 113.166 10
      vertex 0.645246 120.144 10
    endloop
  endfacet
  facet normal 0 0 1
    outer loop
      vertex 2.48292 113.166 10
      vertex -0.967364 119.257 10
      vertex 1.04101 112.326 10
    endloop
  endfacet
  facet normal -0 0 1
    outer loop
      vertex -2.5577 118.33 10
      vertex 1.04101 112.326 10
      vertex -0.967364 119.257 10
    endloop
  endfacet
  facet normal 0 0 1
    outer loop
      vertex 1.04101 112.326 10
      vertex -2.5577 118.33 10
      vertex -0.379838 111.45 10
    endloop
  endfacet
  facet normal -0 0 1
    outer loop
      vertex -4.12482 117.364 10
      vertex -0.379838 111.45 10
      vertex -2.5577 118.33 10
    endloop
  endfacet
  facet normal 0 0 1
    outer loop
      vertex -0.379838 111.45 10
      vertex -4.12482 117.364 10
      vertex -1.77878 110.54 10
    endloop
  endfacet
  facet normal -0 0 1
    outer loop
      vertex -5.66777 116.36 10
      vertex -1.77878 110.54 10
      vertex -4.12482 117.364 10
    endloop
  endfacet
  facet normal 0 0 1
    outer loop
      vertex -1.77878 110.54 10
      vertex -5.66777 116.36 10
      vertex -3.15496 109.596 10
    endloop
  endfacet
  facet normal -0 0 1
    outer loop
      vertex -7.18561 115.319 10
      vertex -3.15496 109.596 10
      vertex -5.66777 116.36 10
    endloop
  endfacet
  facet normal 0 0 1
    outer loop
      vertex -3.15496 109.596 10
      vertex -7.18561 115.319 10
      vertex -4.50755 108.618 10
    endloop
  endfacet
  facet normal -0 0 1
    outer loop
      vertex -8.67745 114.241 10
      vertex -4.50755 108.618 10
      vertex -7.18561 115.319 10
    endloop
  endfacet
  facet normal 0 0 1
    outer loop
      vertex -4.50755 108.618 10
      vertex -8.67745 114.241 10
      vertex -5.83575 107.608 10
    endloop
  endfacet
  facet normal -0 0 1
    outer loop
      vertex -10.1424 113.126 10
      vertex -5.83575 107.608 10
      vertex -8.67745 114.241 10
    endloop
  endfacet
  facet normal 0 0 1
    outer loop
      vertex -5.83575 107.608 10
      vertex -10.1424 113.126 10
      vertex -7.13874 106.565 10
    endloop
  endfacet
  facet normal -0 0 1
    outer loop
      vertex -11.5795 111.976 10
      vertex -7.13874 106.565 10
      vertex -10.1424 113.126 10
    endloop
  endfacet
  facet normal 0 0 1
    outer loop
      vertex -7.13874 106.565 10
      vertex -11.5795 111.976 10
      vertex -8.41575 105.49 10
    endloop
  endfacet
  facet normal -0 0 1
    outer loop
      vertex -12.988 110.791 10
      vertex -8.41575 105.49 10
      vertex -11.5795 111.976 10
    endloop
  endfacet
  facet normal 0 0 1
    outer loop
      vertex -8.41575 105.49 10
      vertex -12.988 110.791 10
      vertex -9.66601 104.385 10
    endloop
  endfacet
  facet normal -0 0 1
    outer loop
      vertex -14.3669 109.571 10
      vertex -9.66601 104.385 10
      vertex -12.988 110.791 10
    endloop
  endfacet
  facet normal 0 0 1
    outer loop
      vertex -9.66601 104.385 10
      vertex -14.3669 109.571 10
      vertex -10.8888 103.249 10
    endloop
  endfacet
  facet normal -0 0 1
    outer loop
      vertex -15.7155 108.319 10
      vertex -10.8888 103.249 10
      vertex -14.3669 109.571 10
    endloop
  endfacet
  facet normal 0 0 1
    outer loop
      vertex -10.8888 103.249 10
      vertex -15.7155 108.319 10
      vertex -12.0833 102.083 10
    endloop
  endfacet
  facet normal -0 0 1
    outer loop
      vertex -17.033 107.033 10
      vertex -12.0833 102.083 10
      vertex -15.7155 108.319 10
    endloop
  endfacet
  facet normal 0 0 1
    outer loop
      vertex -12.0833 102.083 10
      vertex -17.033 107.033 10
      vertex -13.2488 100.889 10
    endloop
  endfacet
  facet normal -0 0 1
    outer loop
      vertex -18.3185 105.716 10
      vertex -13.2488 100.889 10
      vertex -17.033 107.033 10
    endloop
  endfacet
  facet normal 0 0 1
    outer loop
      vertex -13.2488 100.889 10
      vertex -18.3185 105.716 10
      vertex -14.3847 99.666 10
    endloop
  endfacet
  facet normal -0 0 1
    outer loop
      vertex -19.5713 104.367 10
      vertex -14.3847 99.666 10
      vertex -18.3185 105.716 10
    endloop
  endfacet
  facet normal 0 0 1
    outer loop
      vertex -14.3847 99.666 10
      vertex -19.5713 104.367 10
      vertex -15.4902 98.4158 10
    endloop
  endfacet
  facet normal -0 0 1
    outer loop
      vertex -20.7907 102.988 10
      vertex -15.4902 98.4158 10
      vertex -19.5713 104.367 10
    endloop
  endfacet
  facet normal 0 0 1
    outer loop
      vertex -15.4902 98.4158 10
      vertex -20.7907 102.988 10
      vertex -16.5647 97.1387 10
    endloop
  endfacet
  facet normal -0 0 1
    outer loop
      vertex -21.9758 101.579 10
      vertex -16.5647 97.1387 10
      vertex -20.7907 102.988 10
    endloop
  endfacet
  facet normal 0 0 1
    outer loop
      vertex -16.5647 97.1387 10
      vertex -21.9758 101.579 10
      vertex -17.6076 95.8357 10
    endloop
  endfacet
  facet normal -0 0 1
    outer loop
      vertex -23.126 100.142 10
      vertex -17.6076 95.8357 10
      vertex -21.9758 101.579 10
    endloop
  endfacet
  facet normal 0 0 1
    outer loop
      vertex -17.6076 95.8357 10
      vertex -23.126 100.142 10
      vertex -18.6181 94.5076 10
    endloop
  endfacet
  facet normal -0 0 1
    outer loop
      vertex -24.2406 98.6774 10
      vertex -18.6181 94.5076 10
      vertex -23.126 100.142 10
    endloop
  endfacet
  facet normal 0 0 1
    outer loop
      vertex -18.6181 94.5076 10
      vertex -24.2406 98.6774 10
      vertex -19.5958 93.155 10
    endloop
  endfacet
  facet normal -0 0 1
    outer loop
      vertex -25.3189 97.1856 10
      vertex -19.5958 93.155 10
      vertex -24.2406 98.6774 10
    endloop
  endfacet
  facet normal 0 0 1
    outer loop
      vertex -19.5958 93.155 10
      vertex -25.3189 97.1856 10
      vertex -20.5399 91.7788 10
    endloop
  endfacet
  facet normal -0 0 1
    outer loop
      vertex -26.3602 95.6678 10
      vertex -20.5399 91.7788 10
      vertex -25.3189 97.1856 10
    endloop
  endfacet
  facet normal 0 0 1
    outer loop
      vertex -20.5399 91.7788 10
      vertex -26.3602 95.6678 10
      vertex -21.45 90.3798 10
    endloop
  endfacet
  facet normal -0 0 1
    outer loop
      vertex -27.364 94.1248 10
      vertex -21.45 90.3798 10
      vertex -26.3602 95.6678 10
    endloop
  endfacet
  facet normal 0 0 1
    outer loop
      vertex -21.45 90.3798 10
      vertex -27.364 94.1248 10
      vertex -22.3255 88.959 10
    endloop
  endfacet
  facet normal -0 0 1
    outer loop
      vertex -28.3296 92.5577 10
      vertex -22.3255 88.959 10
      vertex -27.364 94.1248 10
    endloop
  endfacet
  facet normal 0 0 1
    outer loop
      vertex -22.3255 88.959 10
      vertex -28.3296 92.5577 10
      vertex -23.1659 87.5171 10
    endloop
  endfacet
  facet normal -0 0 1
    outer loop
      vertex -29.2565 90.9674 10
      vertex -23.1659 87.5171 10
      vertex -28.3296 92.5577 10
    endloop
  endfacet
  facet normal 0 0 1
    outer loop
      vertex -23.1659 87.5171 10
      vertex -29.2565 90.9674 10
      vertex -23.9706 86.055 10
    endloop
  endfacet
  facet normal -0 0 1
    outer loop
      vertex -30.1441 89.3548 10
      vertex -23.9706 86.055 10
      vertex -29.2565 90.9674 10
    endloop
  endfacet
  facet normal 0 0 1
    outer loop
      vertex -23.9706 86.055 10
      vertex -30.1441 89.3548 10
      vertex -24.7393 84.5736 10
    endloop
  endfacet
  facet normal -0 0 1
    outer loop
      vertex -30.9918 87.7208 10
      vertex -24.7393 84.5736 10
      vertex -30.1441 89.3548 10
    endloop
  endfacet
  facet normal 0 0 1
    outer loop
      vertex -24.7393 84.5736 10
      vertex -30.9918 87.7208 10
      vertex -25.4713 83.0737 10
    endloop
  endfacet
  facet normal -0 0 1
    outer loop
      vertex -31.7992 86.0666 10
      vertex -25.4713 83.0737 10
      vertex -30.9918 87.7208 10
    endloop
  endfacet
  facet normal 0 0 1
    outer loop
      vertex -25.4713 83.0737 10
      vertex -31.7992 86.0666 10
      vertex -26.1663 81.5564 10
    endloop
  endfacet
  facet normal -0 0 1
    outer loop
      vertex -32.5657 84.3931 10
      vertex -26.1663 81.5564 10
      vertex -31.7992 86.0666 10
    endloop
  endfacet
  facet normal 0 0 1
    outer loop
      vertex -26.1663 81.5564 10
      vertex -32.5657 84.3931 10
      vertex -26.8238 80.0225 10
    endloop
  endfacet
  facet normal -0 0 1
    outer loop
      vertex -33.291 82.7013 10
      vertex -26.8238 80.0225 10
      vertex -32.5657 84.3931 10
    endloop
  endfacet
  facet normal 0 0 1
    outer loop
      vertex -26.8238 80.0225 10
      vertex -33.291 82.7013 10
      vertex -27.4435 78.4729 10
    endloop
  endfacet
  facet normal -0 0 1
    outer loop
      vertex -33.9745 80.9921 10
      vertex -27.4435 78.4729 10
      vertex -33.291 82.7013 10
    endloop
  endfacet
  facet normal 0 0 1
    outer loop
      vertex -27.4435 78.4729 10
      vertex -33.9745 80.9921 10
      vertex -28.025 76.9085 10
    endloop
  endfacet
  facet normal -0 0 1
    outer loop
      vertex -34.6158 79.2667 10
      vertex -28.025 76.9085 10
      vertex -33.9745 80.9921 10
    endloop
  endfacet
  facet normal 0 0 1
    outer loop
      vertex -28.025 76.9085 10
      vertex -34.6158 79.2667 10
      vertex -28.5679 75.3304 10
    endloop
  endfacet
  facet normal -0 0 1
    outer loop
      vertex -35.2146 77.5261 10
      vertex -28.5679 75.3304 10
      vertex -34.6158 79.2667 10
    endloop
  endfacet
  facet normal 0 0 1
    outer loop
      vertex -28.5679 75.3304 10
      vertex -35.2146 77.5261 10
      vertex -29.0719 73.7394 10
    endloop
  endfacet
  facet normal -0 0 1
    outer loop
      vertex -35.7705 75.7713 10
      vertex -29.0719 73.7394 10
      vertex -35.2146 77.5261 10
    endloop
  endfacet
  facet normal 0 0 1
    outer loop
      vertex -29.0719 73.7394 10
      vertex -35.7705 75.7713 10
      vertex -29.5368 72.1365 10
    endloop
  endfacet
  facet normal -0 0 1
    outer loop
      vertex -36.2832 74.0035 10
      vertex -29.5368 72.1365 10
      vertex -35.7705 75.7713 10
    endloop
  endfacet
  facet normal 0 0 1
    outer loop
      vertex -29.5368 72.1365 10
      vertex -36.2832 74.0035 10
      vertex -29.9621 70.5227 10
    endloop
  endfacet
  facet normal -0 0 1
    outer loop
      vertex -36.7523 72.2235 10
      vertex -29.9621 70.5227 10
      vertex -36.2832 74.0035 10
    endloop
  endfacet
  facet normal 0 0 1
    outer loop
      vertex -29.9621 70.5227 10
      vertex -36.7523 72.2235 10
      vertex -30.3477 68.8989 10
    endloop
  endfacet
  facet normal -0 0 1
    outer loop
      vertex -37.1777 70.4326 10
      vertex -30.3477 68.8989 10
      vertex -36.7523 72.2235 10
    endloop
  endfacet
  facet normal 0 0 1
    outer loop
      vertex -30.3477 68.8989 10
      vertex -37.1777 70.4326 10
      vertex -30.6934 67.2661 10
    endloop
  endfacet
  facet normal 0 0 1
    outer loop
      vertex 101.962 70.5227 10
      vertex 109 71.1807 10
      vertex 108.752 72.2235 10
    endloop
  endfacet
  facet normal 0 0 1
    outer loop
      vertex 109 71.1807 10
      vertex 104 54 10
      vertex 109 36.8193 10
    endloop
  endfacet
  facet normal 0 0 1
    outer loop
      vertex 101.962 70.5227 10
      vertex 108.752 72.2235 10
      vertex 108.548 73 10
    endloop
  endfacet
  facet normal -0 0 1
    outer loop
      vertex 103.98 52.3312 10
      vertex 109 36.8193 10
      vertex 104 54 10
    endloop
  endfacet
  facet normal -0 0 1
    outer loop
      vertex 106.343 80 10
      vertex 112.5 76.5 10
      vertex 112.5 80 10
    endloop
  endfacet
  facet normal 0 0 1
    outer loop
      vertex 112.5 76.5 10
      vertex 109 36.8193 10
      vertex 112.5 -4.5 10
    endloop
  endfacet
  facet normal 0 0 1
    outer loop
      vertex 112.5 76.5 10
      vertex 109 73 10
      vertex 109 71.1807 10
    endloop
  endfacet
  facet normal 0 -0 1
    outer loop
      vertex 108.548 73 10
      vertex 112.5 76.5 10
      vertex 106.343 80 10
    endloop
  endfacet
  facet normal -0 0 1
    outer loop
      vertex 103.918 50.6634 10
      vertex 109 36.8193 10
      vertex 103.98 52.3312 10
    endloop
  endfacet
  facet normal -0 0 1
    outer loop
      vertex 103.673 47.3348 10
      vertex 109 36.8193 10
      vertex 103.816 48.9976 10
    endloop
  endfacet
  facet normal -0 0 1
    outer loop
      vertex 103.489 45.6761 10
      vertex 109 36.8193 10
      vertex 103.673 47.3348 10
    endloop
  endfacet
  facet normal 0 0 1
    outer loop
      vertex 112.5 76.5 10
      vertex 108.548 73 10
      vertex 109 73 10
    endloop
  endfacet
  facet normal 0 0 1
    outer loop
      vertex 101.286 73 10
      vertex 108.548 73 10
      vertex 106.343 80 10
    endloop
  endfacet
  facet normal 0 0 1
    outer loop
      vertex 98.8328 80 10
      vertex 106.343 80 10
      vertex 105.974 80.9921 10
    endloop
  endfacet
  facet normal -0 0 1
    outer loop
      vertex 103.816 48.9976 10
      vertex 109 36.8193 10
      vertex 103.918 50.6634 10
    endloop
  endfacet
  facet normal 0 0 1
    outer loop
      vertex 98.8328 80 10
      vertex 105.974 80.9921 10
      vertex 105.291 82.7013 10
    endloop
  endfacet
  facet normal -0 0 1
    outer loop
      vertex 103.264 44.0223 10
      vertex 109 36.8193 10
      vertex 103.489 45.6761 10
    endloop
  endfacet
  facet normal 0 0 1
    outer loop
      vertex 98.8238 80.0225 10
      vertex 105.291 82.7013 10
      vertex 104.566 84.3931 10
    endloop
  endfacet
  facet normal -0 0 1
    outer loop
      vertex 102.999 42.3746 10
      vertex 109 36.8193 10
      vertex 103.264 44.0223 10
    endloop
  endfacet
  facet normal -0 0 1
    outer loop
      vertex 102.693 40.7339 10
      vertex 109 36.8193 10
      vertex 102.999 42.3746 10
    endloop
  endfacet
  facet normal 0 0 1
    outer loop
      vertex 109 71.1807 10
      vertex 103.98 55.6688 10
      vertex 104 54 10
    endloop
  endfacet
  facet normal 0 0 1
    outer loop
      vertex 109 71.1807 10
      vertex 103.918 57.3366 10
      vertex 103.98 55.6688 10
    endloop
  endfacet
  facet normal 0 0 1
    outer loop
      vertex 109 71.1807 10
      vertex 103.816 59.0024 10
      vertex 103.918 57.3366 10
    endloop
  endfacet
  facet normal 0 0 1
    outer loop
      vertex 98.8238 80.0225 10
      vertex 104.566 84.3931 10
      vertex 103.799 86.0666 10
    endloop
  endfacet
  facet normal 0 0 1
    outer loop
      vertex 109 71.1807 10
      vertex 103.673 60.6652 10
      vertex 103.816 59.0024 10
    endloop
  endfacet
  facet normal 0 0 1
    outer loop
      vertex 109 71.1807 10
      vertex 103.489 62.3239 10
      vertex 103.673 60.6652 10
    endloop
  endfacet
  facet normal 0 0 1
    outer loop
      vertex 109 71.1807 10
      vertex 103.264 63.9777 10
      vertex 103.489 62.3239 10
    endloop
  endfacet
  facet normal 0 0 1
    outer loop
      vertex 109 71.1807 10
      vertex 102.999 65.6254 10
      vertex 103.264 63.9777 10
    endloop
  endfacet
  facet normal 0 0 1
    outer loop
      vertex 98.8238 80.0225 10
      vertex 103.799 86.0666 10
      vertex 102.992 87.7208 10
    endloop
  endfacet
  facet normal 0 0 1
    outer loop
      vertex 109 71.1807 10
      vertex 102.693 67.2661 10
      vertex 102.999 65.6254 10
    endloop
  endfacet
  facet normal 0 0 1
    outer loop
      vertex 109 71.1807 10
      vertex 102.348 68.8989 10
      vertex 102.693 67.2661 10
    endloop
  endfacet
  facet normal 0 0 1
    outer loop
      vertex 98.8238 80.0225 10
      vertex 102.992 87.7208 10
      vertex 102.144 89.3548 10
    endloop
  endfacet
  facet normal 0 0 1
    outer loop
      vertex 109 71.1807 10
      vertex 101.962 70.5227 10
      vertex 102.348 68.8989 10
    endloop
  endfacet
  facet normal 0 0 1
    outer loop
      vertex 108.548 73 10
      vertex 101.537 72.1365 10
      vertex 101.962 70.5227 10
    endloop
  endfacet
  facet normal 0 0 1
    outer loop
      vertex 108.548 73 10
      vertex 101.286 73 10
      vertex 101.537 72.1365 10
    endloop
  endfacet
  facet normal 0 0 1
    outer loop
      vertex 98.8238 80.0225 10
      vertex 102.144 89.3548 10
      vertex 101.257 90.9674 10
    endloop
  endfacet
  facet normal 0 0 1
    outer loop
      vertex 98.8238 80.0225 10
      vertex 101.257 90.9674 10
      vertex 100.33 92.5577 10
    endloop
  endfacet
  facet normal 0 0 1
    outer loop
      vertex 94.3255 88.959 10
      vertex 100.33 92.5577 10
      vertex 99.364 94.1248 10
    endloop
  endfacet
  facet normal 0 0 1
    outer loop
      vertex 106.343 80 10
      vertex 98.8328 80 10
      vertex 101.286 73 10
    endloop
  endfacet
  facet normal 0 0 1
    outer loop
      vertex 98.8328 80 10
      vertex -1 73 10
      vertex 101.286 73 10
    endloop
  endfacet
  facet normal -0 0 1
    outer loop
      vertex -8 2.15997 10
      vertex -1 -1 10
      vertex -1 73 10
    endloop
  endfacet
  facet normal 0 0 1
    outer loop
      vertex -8.67745 -6.24056 10
      vertex -1 -1 10
      vertex -8 2.15997 10
    endloop
  endfacet
  facet normal -0 0 1
    outer loop
      vertex -4.5 80 10
      vertex -1 73 10
      vertex 98.8328 80 10
    endloop
  endfacet
  facet normal -0 0 1
    outer loop
      vertex -4.5 76.5 10
      vertex -1 73 10
      vertex -4.5 80 10
    endloop
  endfacet
  facet normal -0 0 1
    outer loop
      vertex -8 76.5 10
      vertex -1 73 10
      vertex -4.5 76.5 10
    endloop
  endfacet
  facet normal 0 0 1
    outer loop
      vertex -1 -1 10
      vertex -4.12482 -9.36402 10
      vertex -2.5577 -10.3296 10
    endloop
  endfacet
  facet normal 0 0 1
    outer loop
      vertex -1 -1 10
      vertex -5.66777 -8.36022 10
      vertex -4.12482 -9.36402 10
    endloop
  endfacet
  facet normal 0 0 1
    outer loop
      vertex -1 73 10
      vertex -8 76.5 10
      vertex -8 2.15997 10
    endloop
  endfacet
  facet normal 0 0 1
    outer loop
      vertex -1 -1 10
      vertex -7.18561 -7.31886 10
      vertex -5.66777 -8.36022 10
    endloop
  endfacet
  facet normal 0 0 1
    outer loop
      vertex -12.988 -2.79066 10
      vertex -8 2.15997 10
      vertex -8.41575 2.5098 10
    endloop
  endfacet
  facet normal 0 0 1
    outer loop
      vertex -1 -1 10
      vertex -8.67745 -6.24056 10
      vertex -7.18561 -7.31886 10
    endloop
  endfacet
  facet normal 0 0 1
    outer loop
      vertex -12.988 -2.79066 10
      vertex -8.41575 2.5098 10
      vertex -9.66601 3.61532 10
    endloop
  endfacet
  facet normal 0 0 1
    outer loop
      vertex -8 2.15997 10
      vertex -10.1424 -5.12598 10
      vertex -8.67745 -6.24056 10
    endloop
  endfacet
  facet normal 0 0 1
    outer loop
      vertex -14.3669 -1.57133 10
      vertex -9.66601 3.61532 10
      vertex -10.8888 4.7512 10
    endloop
  endfacet
  facet normal 0 0 1
    outer loop
      vertex -8 2.15997 10
      vertex -11.5795 -3.97578 10
      vertex -10.1424 -5.12598 10
    endloop
  endfacet
  facet normal 0 0 1
    outer loop
      vertex -15.7155 -0.318531 10
      vertex -10.8888 4.7512 10
      vertex -12.0833 5.91674 10
    endloop
  endfacet
  facet normal 0 0 1
    outer loop
      vertex -8 2.15997 10
      vertex -12.988 -2.79066 10
      vertex -11.5795 -3.97578 10
    endloop
  endfacet
  facet normal 0 0 1
    outer loop
      vertex -17.033 0.966991 10
      vertex -12.0833 5.91674 10
      vertex -13.2488 7.11124 10
    endloop
  endfacet
  facet normal 0 0 1
    outer loop
      vertex -9.66601 3.61532 10
      vertex -14.3669 -1.57133 10
      vertex -12.988 -2.79066 10
    endloop
  endfacet
  facet normal 0 0 1
    outer loop
      vertex -18.3185 2.28446 10
      vertex -13.2488 7.11124 10
      vertex -14.3847 8.33399 10
    endloop
  endfacet
  facet normal 0 0 1
    outer loop
      vertex -19.5713 3.63308 10
      vertex -14.3847 8.33399 10
      vertex -15.4902 9.58425 10
    endloop
  endfacet
  facet normal 0 0 1
    outer loop
      vertex -10.8888 4.7512 10
      vertex -15.7155 -0.318531 10
      vertex -14.3669 -1.57133 10
    endloop
  endfacet
  facet normal 0 0 1
    outer loop
      vertex -20.7907 5.01204 10
      vertex -15.4902 9.58425 10
      vertex -16.5647 10.8613 10
    endloop
  endfacet
  facet normal 0 0 1
    outer loop
      vertex -12.0833 5.91674 10
      vertex -17.033 0.966991 10
      vertex -15.7155 -0.318531 10
    endloop
  endfacet
  facet normal 0 0 1
    outer loop
      vertex -21.9758 6.4205 10
      vertex -16.5647 10.8613 10
      vertex -17.6076 12.1643 10
    endloop
  endfacet
  facet normal 0 0 1
    outer loop
      vertex -13.2488 7.11124 10
      vertex -18.3185 2.28446 10
      vertex -17.033 0.966991 10
    endloop
  endfacet
  facet normal 0 0 1
    outer loop
      vertex -23.126 7.85763 10
      vertex -17.6076 12.1643 10
      vertex -18.6181 13.4924 10
    endloop
  endfacet
  facet normal 0 0 1
    outer loop
      vertex -14.3847 8.33399 10
      vertex -19.5713 3.63308 10
      vertex -18.3185 2.28446 10
    endloop
  endfacet
  facet normal 0 0 1
    outer loop
      vertex -24.2406 9.32255 10
      vertex -18.6181 13.4924 10
      vertex -19.5958 14.845 10
    endloop
  endfacet
  facet normal 0 0 1
    outer loop
      vertex -25.3189 10.8144 10
      vertex -19.5958 14.845 10
      vertex -20.5399 16.2212 10
    endloop
  endfacet
  facet normal 0 0 1
    outer loop
      vertex -15.4902 9.58425 10
      vertex -20.7907 5.01204 10
      vertex -19.5713 3.63308 10
    endloop
  endfacet
  facet normal 0 0 1
    outer loop
      vertex -26.3602 12.3322 10
      vertex -20.5399 16.2212 10
      vertex -21.45 17.6202 10
    endloop
  endfacet
  facet normal 0 0 1
    outer loop
      vertex -16.5647 10.8613 10
      vertex -21.9758 6.4205 10
      vertex -20.7907 5.01204 10
    endloop
  endfacet
  facet normal 0 0 1
    outer loop
      vertex -27.364 13.8752 10
      vertex -21.45 17.6202 10
      vertex -22.3255 19.041 10
    endloop
  endfacet
  facet normal 0 0 1
    outer loop
      vertex -17.6076 12.1643 10
      vertex -23.126 7.85763 10
      vertex -21.9758 6.4205 10
    endloop
  endfacet
  facet normal 0 0 1
    outer loop
      vertex -28.3296 15.4423 10
      vertex -22.3255 19.041 10
      vertex -23.1659 20.4829 10
    endloop
  endfacet
  facet normal 0 0 1
    outer loop
      vertex -29.2565 17.0326 10
      vertex -23.1659 20.4829 10
      vertex -23.9706 21.945 10
    endloop
  endfacet
  facet normal 0 0 1
    outer loop
      vertex -18.6181 13.4924 10
      vertex -24.2406 9.32255 10
      vertex -23.126 7.85763 10
    endloop
  endfacet
  facet normal 0 0 1
    outer loop
      vertex -30.1441 18.6452 10
      vertex -23.9706 21.945 10
      vertex -24.7393 23.4264 10
    endloop
  endfacet
  facet normal 0 0 1
    outer loop
      vertex -19.5958 14.845 10
      vertex -25.3189 10.8144 10
      vertex -24.2406 9.32255 10
    endloop
  endfacet
  facet normal 0 0 1
    outer loop
      vertex -30.9918 20.2792 10
      vertex -24.7393 23.4264 10
      vertex -25.4713 24.9263 10
    endloop
  endfacet
  facet normal 0 0 1
    outer loop
      vertex -31.7992 21.9334 10
      vertex -25.4713 24.9263 10
      vertex -26.1663 26.4436 10
    endloop
  endfacet
  facet normal 0 0 1
    outer loop
      vertex -20.5399 16.2212 10
      vertex -26.3602 12.3322 10
      vertex -25.3189 10.8144 10
    endloop
  endfacet
  facet normal 0 0 1
    outer loop
      vertex -32.5657 23.6069 10
      vertex -26.1663 26.4436 10
      vertex -26.8238 27.9775 10
    endloop
  endfacet
  facet normal 0 0 1
    outer loop
      vertex -21.45 17.6202 10
      vertex -27.364 13.8752 10
      vertex -26.3602 12.3322 10
    endloop
  endfacet
  facet normal 0 0 1
    outer loop
      vertex -33.291 25.2987 10
      vertex -26.8238 27.9775 10
      vertex -27.4435 29.5271 10
    endloop
  endfacet
  facet normal 0 0 1
    outer loop
      vertex -33.9745 27.0079 10
      vertex -27.4435 29.5271 10
      vertex -28.025 31.0915 10
    endloop
  endfacet
  facet normal 0 0 1
    outer loop
      vertex -22.3255 19.041 10
      vertex -28.3296 15.4423 10
      vertex -27.364 13.8752 10
    endloop
  endfacet
  facet normal 0 0 1
    outer loop
      vertex -34.6158 28.7333 10
      vertex -28.025 31.0915 10
      vertex -28.5679 32.6696 10
    endloop
  endfacet
  facet normal 0 0 1
    outer loop
      vertex -35.2146 30.4739 10
      vertex -28.5679 32.6696 10
      vertex -29.0719 34.2606 10
    endloop
  endfacet
  facet normal 0 0 1
    outer loop
      vertex -23.1659 20.4829 10
      vertex -29.2565 17.0326 10
      vertex -28.3296 15.4423 10
    endloop
  endfacet
  facet normal 0 0 1
    outer loop
      vertex -35.7705 32.2286 10
      vertex -29.0719 34.2606 10
      vertex -29.5368 35.8635 10
    endloop
  endfacet
  facet normal 0 0 1
    outer loop
      vertex -36.2832 33.9965 10
      vertex -29.5368 35.8635 10
      vertex -29.9621 37.4773 10
    endloop
  endfacet
  facet normal 0 0 1
    outer loop
      vertex -23.9706 21.945 10
      vertex -30.1441 18.6452 10
      vertex -29.2565 17.0326 10
    endloop
  endfacet
  facet normal 0 0 1
    outer loop
      vertex -36.7523 35.7765 10
      vertex -29.9621 37.4773 10
      vertex -30.3477 39.1011 10
    endloop
  endfacet
  facet normal 0 0 1
    outer loop
      vertex -37.1777 37.5674 10
      vertex -30.3477 39.1011 10
      vertex -30.6934 40.7339 10
    endloop
  endfacet
  facet normal 0 0 1
    outer loop
      vertex -24.7393 23.4264 10
      vertex -30.9918 20.2792 10
      vertex -30.1441 18.6452 10
    endloop
  endfacet
  facet normal 0 0 1
    outer loop
      vertex -37.5589 39.3682 10
      vertex -30.6934 40.7339 10
      vertex -30.9989 42.3746 10
    endloop
  endfacet
  facet normal 0 0 1
    outer loop
      vertex -37.8958 41.1779 10
      vertex -30.9989 42.3746 10
      vertex -31.264 44.0223 10
    endloop
  endfacet
  facet normal 0 0 1
    outer loop
      vertex -38.1882 42.9952 10
      vertex -31.264 44.0223 10
      vertex -31.4886 45.6761 10
    endloop
  endfacet
  facet normal 0 0 1
    outer loop
      vertex -38.436 44.8192 10
      vertex -31.4886 45.6761 10
      vertex -31.6726 47.3348 10
    endloop
  endfacet
  facet normal 0 0 1
    outer loop
      vertex -25.4713 24.9263 10
      vertex -31.7992 21.9334 10
      vertex -30.9918 20.2792 10
    endloop
  endfacet
  facet normal 0 0 1
    outer loop
      vertex -38.6389 46.6487 10
      vertex -31.6726 47.3348 10
      vertex -31.8158 48.9976 10
    endloop
  endfacet
  facet normal 0 0 1
    outer loop
      vertex -38.7968 48.4827 10
      vertex -31.8158 48.9976 10
      vertex -31.9181 50.6634 10
    endloop
  endfacet
  facet normal 0 0 1
    outer loop
      vertex -38.9097 50.3199 10
      vertex -31.9181 50.6634 10
      vertex -31.9795 52.3312 10
    endloop
  endfacet
  facet normal 0 0 1
    outer loop
      vertex -38.9774 52.1594 10
      vertex -31.9795 52.3312 10
      vertex -32 54 10
    endloop
  endfacet
  facet normal -0 0 1
    outer loop
      vertex -37.5589 68.6318 10
      vertex -30.6934 67.2661 10
      vertex -37.1777 70.4326 10
    endloop
  endfacet
  facet normal 0 0 1
    outer loop
      vertex -26.1663 26.4436 10
      vertex -32.5657 23.6069 10
      vertex -31.7992 21.9334 10
    endloop
  endfacet
  facet normal 0 0 1
    outer loop
      vertex -30.6934 67.2661 10
      vertex -37.5589 68.6318 10
      vertex -30.9989 65.6254 10
    endloop
  endfacet
  facet normal 0 0 1
    outer loop
      vertex -26.8238 27.9775 10
      vertex -33.291 25.2987 10
      vertex -32.5657 23.6069 10
    endloop
  endfacet
  facet normal -0 0 1
    outer loop
      vertex -37.8958 66.8221 10
      vertex -30.9989 65.6254 10
      vertex -37.5589 68.6318 10
    endloop
  endfacet
  facet normal 0 0 1
    outer loop
      vertex -27.4435 29.5271 10
      vertex -33.9745 27.0079 10
      vertex -33.291 25.2987 10
    endloop
  endfacet
  facet normal 0 0 1
    outer loop
      vertex -30.9989 65.6254 10
      vertex -37.8958 66.8221 10
      vertex -31.264 63.9777 10
    endloop
  endfacet
  facet normal 0 0 1
    outer loop
      vertex -28.025 31.0915 10
      vertex -34.6158 28.7333 10
      vertex -33.9745 27.0079 10
    endloop
  endfacet
  facet normal -0 0 1
    outer loop
      vertex -38.1882 65.0048 10
      vertex -31.264 63.9777 10
      vertex -37.8958 66.8221 10
    endloop
  endfacet
  facet normal 0 0 1
    outer loop
      vertex -28.5679 32.6696 10
      vertex -35.2146 30.4739 10
      vertex -34.6158 28.7333 10
    endloop
  endfacet
  facet normal 0 0 1
    outer loop
      vertex -31.264 63.9777 10
      vertex -38.1882 65.0048 10
      vertex -31.4886 62.3239 10
    endloop
  endfacet
  facet normal 0 0 1
    outer loop
      vertex -29.0719 34.2606 10
      vertex -35.7705 32.2286 10
      vertex -35.2146 30.4739 10
    endloop
  endfacet
  facet normal -0 0 1
    outer loop
      vertex -38.436 63.1808 10
      vertex -31.4886 62.3239 10
      vertex -38.1882 65.0048 10
    endloop
  endfacet
  facet normal 0 0 1
    outer loop
      vertex -29.5368 35.8635 10
      vertex -36.2832 33.9965 10
      vertex -35.7705 32.2286 10
    endloop
  endfacet
  facet normal 0 0 1
    outer loop
      vertex -31.4886 62.3239 10
      vertex -38.436 63.1808 10
      vertex -31.6726 60.6652 10
    endloop
  endfacet
  facet normal 0 0 1
    outer loop
      vertex -29.9621 37.4773 10
      vertex -36.7523 35.7765 10
      vertex -36.2832 33.9965 10
    endloop
  endfacet
  facet normal -0 0 1
    outer loop
      vertex -38.6389 61.3513 10
      vertex -31.6726 60.6652 10
      vertex -38.436 63.1808 10
    endloop
  endfacet
  facet normal 0 0 1
    outer loop
      vertex -30.3477 39.1011 10
      vertex -37.1777 37.5674 10
      vertex -36.7523 35.7765 10
    endloop
  endfacet
  facet normal 0 0 1
    outer loop
      vertex -31.6726 60.6652 10
      vertex -38.6389 61.3513 10
      vertex -31.8158 59.0024 10
    endloop
  endfacet
  facet normal 0 0 1
    outer loop
      vertex -30.6934 40.7339 10
      vertex -37.5589 39.3682 10
      vertex -37.1777 37.5674 10
    endloop
  endfacet
  facet normal -0 0 1
    outer loop
      vertex -38.7968 59.5173 10
      vertex -31.8158 59.0024 10
      vertex -38.6389 61.3513 10
    endloop
  endfacet
  facet normal 0 0 1
    outer loop
      vertex -30.9989 42.3746 10
      vertex -37.8958 41.1779 10
      vertex -37.5589 39.3682 10
    endloop
  endfacet
  facet normal 0 0 1
    outer loop
      vertex -31.8158 59.0024 10
      vertex -38.7968 59.5173 10
      vertex -31.9181 57.3366 10
    endloop
  endfacet
  facet normal 0 0 1
    outer loop
      vertex -31.264 44.0223 10
      vertex -38.1882 42.9952 10
      vertex -37.8958 41.1779 10
    endloop
  endfacet
  facet normal -0 0 1
    outer loop
      vertex -38.9097 57.6801 10
      vertex -31.9181 57.3366 10
      vertex -38.7968 59.5173 10
    endloop
  endfacet
  facet normal 0 0 1
    outer loop
      vertex -31.4886 45.6761 10
      vertex -38.436 44.8192 10
      vertex -38.1882 42.9952 10
    endloop
  endfacet
  facet normal 0 0 1
    outer loop
      vertex -31.9181 57.3366 10
      vertex -38.9097 57.6801 10
      vertex -31.9795 55.6688 10
    endloop
  endfacet
  facet normal 0 0 1
    outer loop
      vertex -31.6726 47.3348 10
      vertex -38.6389 46.6487 10
      vertex -38.436 44.8192 10
    endloop
  endfacet
  facet normal -0 0 1
    outer loop
      vertex -38.9774 55.8406 10
      vertex -31.9795 55.6688 10
      vertex -38.9097 57.6801 10
    endloop
  endfacet
  facet normal 0 0 1
    outer loop
      vertex -31.8158 48.9976 10
      vertex -38.7968 48.4827 10
      vertex -38.6389 46.6487 10
    endloop
  endfacet
  facet normal 0 0 1
    outer loop
      vertex -31.9795 55.6688 10
      vertex -38.9774 55.8406 10
      vertex -32 54 10
    endloop
  endfacet
  facet normal 0 0 1
    outer loop
      vertex -31.9181 50.6634 10
      vertex -38.9097 50.3199 10
      vertex -38.7968 48.4827 10
    endloop
  endfacet
  facet normal 0 0 1
    outer loop
      vertex -39 54 10
      vertex -32 54 10
      vertex -38.9774 55.8406 10
    endloop
  endfacet
  facet normal 0 0 1
    outer loop
      vertex -31.9795 52.3312 10
      vertex -38.9774 52.1594 10
      vertex -38.9097 50.3199 10
    endloop
  endfacet
  facet normal 0 0 1
    outer loop
      vertex -32 54 10
      vertex -39 54 10
      vertex -38.9774 52.1594 10
    endloop
  endfacet
  facet normal -0 0 1
    outer loop
      vertex 112.5 76.5 10
      vertex 116 -4.5 10
      vertex 116 76.5 10
    endloop
  endfacet
  facet normal 0 0 1
    outer loop
      vertex 116 -4.5 10
      vertex 112.5 76.5 10
      vertex 112.5 -4.5 10
    endloop
  endfacet
  facet normal 0 0 1
    outer loop
      vertex 112.5 76.5 10
      vertex 109 71.1807 10
      vertex 109 36.8193 10
    endloop
  endfacet
  facet normal -0 0 1
    outer loop
      vertex 109 -1 10
      vertex 112.5 -4.5 10
      vertex 109 36.8193 10
    endloop
  endfacet
  facet normal 0 0 1
    outer loop
      vertex 112.5 -4.5 10
      vertex 109 -1 10
      vertex 112.5 -8 10
    endloop
  endfacet
  facet normal -0 0 1
    outer loop
      vertex 86.9819 -1 10
      vertex 112.5 -8 10
      vertex 109 -1 10
    endloop
  endfacet
  facet normal 0 0 1
    outer loop
      vertex 89.033 0.966991 10
      vertex 84.0833 5.91674 10
      vertex 87.7155 -0.318531 10
    endloop
  endfacet
  facet normal -0 0 1
    outer loop
      vertex 82.8888 4.7512 10
      vertex 87.7155 -0.318531 10
      vertex 84.0833 5.91674 10
    endloop
  endfacet
  facet normal 0 0 1
    outer loop
      vertex 87.7155 -0.318531 10
      vertex 82.8888 4.7512 10
      vertex 86.9819 -1 10
    endloop
  endfacet
  facet normal -0 0 1
    outer loop
      vertex 81.666 3.61532 10
      vertex 86.9819 -1 10
      vertex 82.8888 4.7512 10
    endloop
  endfacet
  facet normal -0 0 1
    outer loop
      vertex 80.4158 2.5098 10
      vertex 86.9819 -1 10
      vertex 81.666 3.61532 10
    endloop
  endfacet
  facet normal -0 0 1
    outer loop
      vertex 79.1387 1.43529 10
      vertex 86.9819 -1 10
      vertex 80.4158 2.5098 10
    endloop
  endfacet
  facet normal 0 0 1
    outer loop
      vertex 86.9819 -1 10
      vertex 78.1928 -8 10
      vertex 112.5 -8 10
    endloop
  endfacet
  facet normal -0 0 1
    outer loop
      vertex 77.8357 0.392444 10
      vertex 86.9819 -1 10
      vertex 79.1387 1.43529 10
    endloop
  endfacet
  facet normal 0 0 1
    outer loop
      vertex 86.9819 -1 10
      vertex 77.8357 0.392444 10
      vertex 78.1928 -8 10
    endloop
  endfacet
  facet normal -0 0 1
    outer loop
      vertex 76.5076 -0.618112 10
      vertex 78.1928 -8 10
      vertex 77.8357 0.392444 10
    endloop
  endfacet
  facet normal -0 0 1
    outer loop
      vertex 75.9792 -1 10
      vertex 78.1928 -8 10
      vertex 76.5076 -0.618112 10
    endloop
  endfacet
  facet normal 0 0 1
    outer loop
      vertex 78.1928 -8 10
      vertex 75.9792 -1 10
      vertex 77.6678 -8.36022 10
    endloop
  endfacet
  facet normal 0 0 1
    outer loop
      vertex 77.6678 -8.36022 10
      vertex 75.9792 -1 10
      vertex 76.1248 -9.36402 10
    endloop
  endfacet
  facet normal 0 0 1
    outer loop
      vertex 75.9792 -1 10
      vertex 74.5577 -10.3296 10
      vertex 76.1248 -9.36402 10
    endloop
  endfacet
  facet normal 0 0 1
    outer loop
      vertex 75.9792 -1 10
      vertex 72.9674 -11.2565 10
      vertex 74.5577 -10.3296 10
    endloop
  endfacet
  facet normal -0 0 1
    outer loop
      vertex 63.9194 -8 10
      vertex 72.9674 -11.2565 10
      vertex 75.9792 -1 10
    endloop
  endfacet
  facet normal 0 0 1
    outer loop
      vertex 72.9674 -11.2565 10
      vertex 63.9194 -8 10
      vertex 71.3548 -12.1441 10
    endloop
  endfacet
  facet normal 0 0 1
    outer loop
      vertex 71.3548 -12.1441 10
      vertex 63.9194 -8 10
      vertex 69.7208 -12.9918 10
    endloop
  endfacet
  facet normal 0 0 1
    outer loop
      vertex 69.7208 -12.9918 10
      vertex 63.9194 -8 10
      vertex 68.0666 -13.7992 10
    endloop
  endfacet
  facet normal 0 0 1
    outer loop
      vertex 68.0666 -13.7992 10
      vertex 63.9194 -8 10
      vertex 66.3931 -14.5657 10
    endloop
  endfacet
  facet normal -0 0 1
    outer loop
      vertex 63.5564 -8.16626 10
      vertex 66.3931 -14.5657 10
      vertex 63.9194 -8 10
    endloop
  endfacet
  facet normal -0 0 1
    outer loop
      vertex -1 -1 10
      vertex 63.9194 -8 10
      vertex 75.9792 -1 10
    endloop
  endfacet
  facet normal 0 0 1
    outer loop
      vertex 8.44359 -8.16626 10
      vertex 5.6069 -14.5657 10
      vertex 7.29874 -15.291 10
    endloop
  endfacet
  facet normal 0 0 1
    outer loop
      vertex 8.0806 -8 10
      vertex 3.93337 -13.7992 10
      vertex 5.6069 -14.5657 10
    endloop
  endfacet
  facet normal 0 0 1
    outer loop
      vertex 8.0806 -8 10
      vertex 2.27915 -12.9918 10
      vertex 3.93337 -13.7992 10
    endloop
  endfacet
  facet normal 0 0 1
    outer loop
      vertex 8.0806 -8 10
      vertex 0.645246 -12.1441 10
      vertex 2.27915 -12.9918 10
    endloop
  endfacet
  facet normal 0 0 1
    outer loop
      vertex 8.0806 -8 10
      vertex -0.967364 -11.2565 10
      vertex 0.645246 -12.1441 10
    endloop
  endfacet
  facet normal 0 0 1
    outer loop
      vertex 63.9194 -8 10
      vertex -1 -1 10
      vertex 8.0806 -8 10
    endloop
  endfacet
  facet normal 0 0 1
    outer loop
      vertex -1 -1 10
      vertex -0.967364 -11.2565 10
      vertex 8.0806 -8 10
    endloop
  endfacet
  facet normal 0 0 1
    outer loop
      vertex -0.967364 -11.2565 10
      vertex -1 -1 10
      vertex -2.5577 -10.3296 10
    endloop
  endfacet
  facet normal -0 0 1
    outer loop
      vertex 102.348 39.1011 10
      vertex 109 36.8193 10
      vertex 102.693 40.7339 10
    endloop
  endfacet
  facet normal -0 0 1
    outer loop
      vertex 101.962 37.4773 10
      vertex 109 36.8193 10
      vertex 102.348 39.1011 10
    endloop
  endfacet
  facet normal 0 0 1
    outer loop
      vertex 109 36.8193 10
      vertex 101.962 37.4773 10
      vertex 108.752 35.7765 10
    endloop
  endfacet
  facet normal 0 0 1
    outer loop
      vertex 108.752 35.7765 10
      vertex 101.962 37.4773 10
      vertex 108.283 33.9965 10
    endloop
  endfacet
  facet normal -0 0 1
    outer loop
      vertex 101.537 35.8635 10
      vertex 108.283 33.9965 10
      vertex 101.962 37.4773 10
    endloop
  endfacet
  facet normal 0 0 1
    outer loop
      vertex 108.283 33.9965 10
      vertex 101.537 35.8635 10
      vertex 107.771 32.2286 10
    endloop
  endfacet
  facet normal -0 0 1
    outer loop
      vertex 101.072 34.2606 10
      vertex 107.771 32.2286 10
      vertex 101.537 35.8635 10
    endloop
  endfacet
  facet normal 0 0 1
    outer loop
      vertex 107.771 32.2286 10
      vertex 101.072 34.2606 10
      vertex 107.215 30.4739 10
    endloop
  endfacet
  facet normal -0 0 1
    outer loop
      vertex 100.568 32.6696 10
      vertex 107.215 30.4739 10
      vertex 101.072 34.2606 10
    endloop
  endfacet
  facet normal 0 0 1
    outer loop
      vertex 107.215 30.4739 10
      vertex 100.568 32.6696 10
      vertex 106.616 28.7333 10
    endloop
  endfacet
  facet normal -0 0 1
    outer loop
      vertex 100.025 31.0915 10
      vertex 106.616 28.7333 10
      vertex 100.568 32.6696 10
    endloop
  endfacet
  facet normal 0 0 1
    outer loop
      vertex 106.616 28.7333 10
      vertex 100.025 31.0915 10
      vertex 105.974 27.0079 10
    endloop
  endfacet
  facet normal -0 0 1
    outer loop
      vertex 99.4435 29.5271 10
      vertex 105.974 27.0079 10
      vertex 100.025 31.0915 10
    endloop
  endfacet
  facet normal 0 0 1
    outer loop
      vertex 105.974 27.0079 10
      vertex 99.4435 29.5271 10
      vertex 105.291 25.2987 10
    endloop
  endfacet
  facet normal -0 0 1
    outer loop
      vertex 98.8238 27.9775 10
      vertex 105.291 25.2987 10
      vertex 99.4435 29.5271 10
    endloop
  endfacet
  facet normal 0 0 1
    outer loop
      vertex 105.291 25.2987 10
      vertex 98.8238 27.9775 10
      vertex 104.566 23.6069 10
    endloop
  endfacet
  facet normal -0 0 1
    outer loop
      vertex 98.1663 26.4436 10
      vertex 104.566 23.6069 10
      vertex 98.8238 27.9775 10
    endloop
  endfacet
  facet normal 0 0 1
    outer loop
      vertex 104.566 23.6069 10
      vertex 98.1663 26.4436 10
      vertex 103.799 21.9334 10
    endloop
  endfacet
  facet normal -0 0 1
    outer loop
      vertex 97.4713 24.9263 10
      vertex 103.799 21.9334 10
      vertex 98.1663 26.4436 10
    endloop
  endfacet
  facet normal 0 0 1
    outer loop
      vertex 103.799 21.9334 10
      vertex 97.4713 24.9263 10
      vertex 102.992 20.2792 10
    endloop
  endfacet
  facet normal -0 0 1
    outer loop
      vertex 96.7393 23.4264 10
      vertex 102.992 20.2792 10
      vertex 97.4713 24.9263 10
    endloop
  endfacet
  facet normal 0 0 1
    outer loop
      vertex 102.992 20.2792 10
      vertex 96.7393 23.4264 10
      vertex 102.144 18.6452 10
    endloop
  endfacet
  facet normal -0 0 1
    outer loop
      vertex 95.9706 21.945 10
      vertex 102.144 18.6452 10
      vertex 96.7393 23.4264 10
    endloop
  endfacet
  facet normal 0 0 1
    outer loop
      vertex 102.144 18.6452 10
      vertex 95.9706 21.945 10
      vertex 101.257 17.0326 10
    endloop
  endfacet
  facet normal -0 0 1
    outer loop
      vertex 95.1659 20.4829 10
      vertex 101.257 17.0326 10
      vertex 95.9706 21.945 10
    endloop
  endfacet
  facet normal 0 0 1
    outer loop
      vertex 101.257 17.0326 10
      vertex 95.1659 20.4829 10
      vertex 100.33 15.4423 10
    endloop
  endfacet
  facet normal -0 0 1
    outer loop
      vertex 94.3255 19.041 10
      vertex 100.33 15.4423 10
      vertex 95.1659 20.4829 10
    endloop
  endfacet
  facet normal 0 0 1
    outer loop
      vertex 100.33 15.4423 10
      vertex 94.3255 19.041 10
      vertex 99.364 13.8752 10
    endloop
  endfacet
  facet normal -0 0 1
    outer loop
      vertex 93.45 17.6202 10
      vertex 99.364 13.8752 10
      vertex 94.3255 19.041 10
    endloop
  endfacet
  facet normal 0 0 1
    outer loop
      vertex 99.364 13.8752 10
      vertex 93.45 17.6202 10
      vertex 98.3602 12.3322 10
    endloop
  endfacet
  facet normal -0 0 1
    outer loop
      vertex 92.5399 16.2212 10
      vertex 98.3602 12.3322 10
      vertex 93.45 17.6202 10
    endloop
  endfacet
  facet normal 0 0 1
    outer loop
      vertex 98.3602 12.3322 10
      vertex 92.5399 16.2212 10
      vertex 97.3189 10.8144 10
    endloop
  endfacet
  facet normal -0 0 1
    outer loop
      vertex 91.5958 14.845 10
      vertex 97.3189 10.8144 10
      vertex 92.5399 16.2212 10
    endloop
  endfacet
  facet normal 0 0 1
    outer loop
      vertex 97.3189 10.8144 10
      vertex 91.5958 14.845 10
      vertex 96.2406 9.32255 10
    endloop
  endfacet
  facet normal -0 0 1
    outer loop
      vertex 90.6181 13.4924 10
      vertex 96.2406 9.32255 10
      vertex 91.5958 14.845 10
    endloop
  endfacet
  facet normal 0 0 1
    outer loop
      vertex 96.2406 9.32255 10
      vertex 90.6181 13.4924 10
      vertex 95.126 7.85763 10
    endloop
  endfacet
  facet normal -0 0 1
    outer loop
      vertex 89.6076 12.1643 10
      vertex 95.126 7.85763 10
      vertex 90.6181 13.4924 10
    endloop
  endfacet
  facet normal 0 0 1
    outer loop
      vertex 95.126 7.85763 10
      vertex 89.6076 12.1643 10
      vertex 93.9758 6.4205 10
    endloop
  endfacet
  facet normal -0 0 1
    outer loop
      vertex 88.5647 10.8613 10
      vertex 93.9758 6.4205 10
      vertex 89.6076 12.1643 10
    endloop
  endfacet
  facet normal 0 0 1
    outer loop
      vertex 93.9758 6.4205 10
      vertex 88.5647 10.8613 10
      vertex 92.7907 5.01204 10
    endloop
  endfacet
  facet normal -0 0 1
    outer loop
      vertex 87.4902 9.58425 10
      vertex 92.7907 5.01204 10
      vertex 88.5647 10.8613 10
    endloop
  endfacet
  facet normal 0 0 1
    outer loop
      vertex 92.7907 5.01204 10
      vertex 87.4902 9.58425 10
      vertex 91.5713 3.63308 10
    endloop
  endfacet
  facet normal -0 0 1
    outer loop
      vertex 86.3847 8.33399 10
      vertex 91.5713 3.63308 10
      vertex 87.4902 9.58425 10
    endloop
  endfacet
  facet normal 0 0 1
    outer loop
      vertex 91.5713 3.63308 10
      vertex 86.3847 8.33399 10
      vertex 90.3185 2.28446 10
    endloop
  endfacet
  facet normal -0 0 1
    outer loop
      vertex 85.2488 7.11124 10
      vertex 90.3185 2.28446 10
      vertex 86.3847 8.33399 10
    endloop
  endfacet
  facet normal 0 0 1
    outer loop
      vertex 90.3185 2.28446 10
      vertex 85.2488 7.11124 10
      vertex 89.033 0.966991 10
    endloop
  endfacet
  facet normal -0 0 1
    outer loop
      vertex 84.0833 5.91674 10
      vertex 89.033 0.966991 10
      vertex 85.2488 7.11124 10
    endloop
  endfacet
  facet normal -0 0 -1
    outer loop
      vertex -1 -1 0
      vertex -8.67745 -6.24056 0
      vertex -8 2.15997 0
    endloop
  endfacet
  facet normal 0 0 -1
    outer loop
      vertex -10.1424 -5.12598 0
      vertex -8 2.15997 0
      vertex -8.67745 -6.24056 0
    endloop
  endfacet
  facet normal 0 0 -1
    outer loop
      vertex -11.5795 -3.97578 0
      vertex -8 2.15997 0
      vertex -10.1424 -5.12598 0
    endloop
  endfacet
  facet normal 0 0 -1
    outer loop
      vertex -12.988 -2.79066 0
      vertex -8 2.15997 0
      vertex -11.5795 -3.97578 0
    endloop
  endfacet
  facet normal -0 0 -1
    outer loop
      vertex -8 2.15997 0
      vertex -12.988 -2.79066 0
      vertex -8.41575 2.5098 0
    endloop
  endfacet
  facet normal -0 0 -1
    outer loop
      vertex -8.41575 2.5098 0
      vertex -12.988 -2.79066 0
      vertex -9.66601 3.61532 0
    endloop
  endfacet
  facet normal 0 0 -1
    outer loop
      vertex -14.3669 -1.57133 0
      vertex -9.66601 3.61532 0
      vertex -12.988 -2.79066 0
    endloop
  endfacet
  facet normal -0 0 -1
    outer loop
      vertex -9.66601 3.61532 0
      vertex -14.3669 -1.57133 0
      vertex -10.8888 4.7512 0
    endloop
  endfacet
  facet normal 0 0 -1
    outer loop
      vertex -15.7155 -0.318531 0
      vertex -10.8888 4.7512 0
      vertex -14.3669 -1.57133 0
    endloop
  endfacet
  facet normal -0 0 -1
    outer loop
      vertex -10.8888 4.7512 0
      vertex -15.7155 -0.318531 0
      vertex -12.0833 5.91674 0
    endloop
  endfacet
  facet normal 0 0 -1
    outer loop
      vertex -17.033 0.966991 0
      vertex -12.0833 5.91674 0
      vertex -15.7155 -0.318531 0
    endloop
  endfacet
  facet normal -0 0 -1
    outer loop
      vertex -12.0833 5.91674 0
      vertex -17.033 0.966991 0
      vertex -13.2488 7.11124 0
    endloop
  endfacet
  facet normal 0 0 -1
    outer loop
      vertex -18.3185 2.28446 0
      vertex -13.2488 7.11124 0
      vertex -17.033 0.966991 0
    endloop
  endfacet
  facet normal -0 0 -1
    outer loop
      vertex -13.2488 7.11124 0
      vertex -18.3185 2.28446 0
      vertex -14.3847 8.33399 0
    endloop
  endfacet
  facet normal 0 0 -1
    outer loop
      vertex -19.5713 3.63308 0
      vertex -14.3847 8.33399 0
      vertex -18.3185 2.28446 0
    endloop
  endfacet
  facet normal -0 0 -1
    outer loop
      vertex -14.3847 8.33399 0
      vertex -19.5713 3.63308 0
      vertex -15.4902 9.58425 0
    endloop
  endfacet
  facet normal 0 0 -1
    outer loop
      vertex -20.7907 5.01204 0
      vertex -15.4902 9.58425 0
      vertex -19.5713 3.63308 0
    endloop
  endfacet
  facet normal -0 0 -1
    outer loop
      vertex -15.4902 9.58425 0
      vertex -20.7907 5.01204 0
      vertex -16.5647 10.8613 0
    endloop
  endfacet
  facet normal 0 0 -1
    outer loop
      vertex -21.9758 6.4205 0
      vertex -16.5647 10.8613 0
      vertex -20.7907 5.01204 0
    endloop
  endfacet
  facet normal -0 0 -1
    outer loop
      vertex -16.5647 10.8613 0
      vertex -21.9758 6.4205 0
      vertex -17.6076 12.1643 0
    endloop
  endfacet
  facet normal 0 0 -1
    outer loop
      vertex -23.126 7.85763 0
      vertex -17.6076 12.1643 0
      vertex -21.9758 6.4205 0
    endloop
  endfacet
  facet normal -0 0 -1
    outer loop
      vertex -17.6076 12.1643 0
      vertex -23.126 7.85763 0
      vertex -18.6181 13.4924 0
    endloop
  endfacet
  facet normal 0 0 -1
    outer loop
      vertex -24.2406 9.32255 0
      vertex -18.6181 13.4924 0
      vertex -23.126 7.85763 0
    endloop
  endfacet
  facet normal -0 0 -1
    outer loop
      vertex -18.6181 13.4924 0
      vertex -24.2406 9.32255 0
      vertex -19.5958 14.845 0
    endloop
  endfacet
  facet normal 0 0 -1
    outer loop
      vertex -25.3189 10.8144 0
      vertex -19.5958 14.845 0
      vertex -24.2406 9.32255 0
    endloop
  endfacet
  facet normal -0 0 -1
    outer loop
      vertex -19.5958 14.845 0
      vertex -25.3189 10.8144 0
      vertex -20.5399 16.2212 0
    endloop
  endfacet
  facet normal 0 0 -1
    outer loop
      vertex -26.3602 12.3322 0
      vertex -20.5399 16.2212 0
      vertex -25.3189 10.8144 0
    endloop
  endfacet
  facet normal -0 0 -1
    outer loop
      vertex -20.5399 16.2212 0
      vertex -26.3602 12.3322 0
      vertex -21.45 17.6202 0
    endloop
  endfacet
  facet normal 0 0 -1
    outer loop
      vertex -27.364 13.8752 0
      vertex -21.45 17.6202 0
      vertex -26.3602 12.3322 0
    endloop
  endfacet
  facet normal -0 0 -1
    outer loop
      vertex -21.45 17.6202 0
      vertex -27.364 13.8752 0
      vertex -22.3255 19.041 0
    endloop
  endfacet
  facet normal 0 0 -1
    outer loop
      vertex -28.3296 15.4423 0
      vertex -22.3255 19.041 0
      vertex -27.364 13.8752 0
    endloop
  endfacet
  facet normal -0 0 -1
    outer loop
      vertex -22.3255 19.041 0
      vertex -28.3296 15.4423 0
      vertex -23.1659 20.4829 0
    endloop
  endfacet
  facet normal 0 0 -1
    outer loop
      vertex -29.2565 17.0326 0
      vertex -23.1659 20.4829 0
      vertex -28.3296 15.4423 0
    endloop
  endfacet
  facet normal -0 0 -1
    outer loop
      vertex -23.1659 20.4829 0
      vertex -29.2565 17.0326 0
      vertex -23.9706 21.945 0
    endloop
  endfacet
  facet normal 0 0 -1
    outer loop
      vertex -30.1441 18.6452 0
      vertex -23.9706 21.945 0
      vertex -29.2565 17.0326 0
    endloop
  endfacet
  facet normal -0 0 -1
    outer loop
      vertex -23.9706 21.945 0
      vertex -30.1441 18.6452 0
      vertex -24.7393 23.4264 0
    endloop
  endfacet
  facet normal 0 0 -1
    outer loop
      vertex -30.9918 20.2792 0
      vertex -24.7393 23.4264 0
      vertex -30.1441 18.6452 0
    endloop
  endfacet
  facet normal -0 0 -1
    outer loop
      vertex -24.7393 23.4264 0
      vertex -30.9918 20.2792 0
      vertex -25.4713 24.9263 0
    endloop
  endfacet
  facet normal 0 0 -1
    outer loop
      vertex -31.7992 21.9334 0
      vertex -25.4713 24.9263 0
      vertex -30.9918 20.2792 0
    endloop
  endfacet
  facet normal -0 0 -1
    outer loop
      vertex -25.4713 24.9263 0
      vertex -31.7992 21.9334 0
      vertex -26.1663 26.4436 0
    endloop
  endfacet
  facet normal 0 0 -1
    outer loop
      vertex -32.5657 23.6069 0
      vertex -26.1663 26.4436 0
      vertex -31.7992 21.9334 0
    endloop
  endfacet
  facet normal -0 0 -1
    outer loop
      vertex -26.1663 26.4436 0
      vertex -32.5657 23.6069 0
      vertex -26.8238 27.9775 0
    endloop
  endfacet
  facet normal 0 0 -1
    outer loop
      vertex -33.291 25.2987 0
      vertex -26.8238 27.9775 0
      vertex -32.5657 23.6069 0
    endloop
  endfacet
  facet normal -0 0 -1
    outer loop
      vertex -26.8238 27.9775 0
      vertex -33.291 25.2987 0
      vertex -27.4435 29.5271 0
    endloop
  endfacet
  facet normal 0 0 -1
    outer loop
      vertex -33.9745 27.0079 0
      vertex -27.4435 29.5271 0
      vertex -33.291 25.2987 0
    endloop
  endfacet
  facet normal -0 0 -1
    outer loop
      vertex -27.4435 29.5271 0
      vertex -33.9745 27.0079 0
      vertex -28.025 31.0915 0
    endloop
  endfacet
  facet normal 0 0 -1
    outer loop
      vertex -34.6158 28.7333 0
      vertex -28.025 31.0915 0
      vertex -33.9745 27.0079 0
    endloop
  endfacet
  facet normal -0 0 -1
    outer loop
      vertex -28.025 31.0915 0
      vertex -34.6158 28.7333 0
      vertex -28.5679 32.6696 0
    endloop
  endfacet
  facet normal 0 0 -1
    outer loop
      vertex -35.2146 30.4739 0
      vertex -28.5679 32.6696 0
      vertex -34.6158 28.7333 0
    endloop
  endfacet
  facet normal -0 0 -1
    outer loop
      vertex -28.5679 32.6696 0
      vertex -35.2146 30.4739 0
      vertex -29.0719 34.2606 0
    endloop
  endfacet
  facet normal 0 0 -1
    outer loop
      vertex -35.7705 32.2286 0
      vertex -29.0719 34.2606 0
      vertex -35.2146 30.4739 0
    endloop
  endfacet
  facet normal -0 0 -1
    outer loop
      vertex -29.0719 34.2606 0
      vertex -35.7705 32.2286 0
      vertex -29.5368 35.8635 0
    endloop
  endfacet
  facet normal 0 0 -1
    outer loop
      vertex -36.2832 33.9965 0
      vertex -29.5368 35.8635 0
      vertex -35.7705 32.2286 0
    endloop
  endfacet
  facet normal -0 0 -1
    outer loop
      vertex -29.5368 35.8635 0
      vertex -36.2832 33.9965 0
      vertex -29.9621 37.4773 0
    endloop
  endfacet
  facet normal 0 0 -1
    outer loop
      vertex -36.7523 35.7765 0
      vertex -29.9621 37.4773 0
      vertex -36.2832 33.9965 0
    endloop
  endfacet
  facet normal -0 0 -1
    outer loop
      vertex -29.9621 37.4773 0
      vertex -36.7523 35.7765 0
      vertex -30.3477 39.1011 0
    endloop
  endfacet
  facet normal 0 0 -1
    outer loop
      vertex -37.1777 37.5674 0
      vertex -30.3477 39.1011 0
      vertex -36.7523 35.7765 0
    endloop
  endfacet
  facet normal -0 0 -1
    outer loop
      vertex -30.3477 39.1011 0
      vertex -37.1777 37.5674 0
      vertex -30.6934 40.7339 0
    endloop
  endfacet
  facet normal 0 0 -1
    outer loop
      vertex -7.18561 -7.31886 0
      vertex -1 -1 0
      vertex -5.66777 -8.36022 0
    endloop
  endfacet
  facet normal 0 0 -1
    outer loop
      vertex -8.67745 -6.24056 0
      vertex -1 -1 0
      vertex -7.18561 -7.31886 0
    endloop
  endfacet
  facet normal 0 0 -1
    outer loop
      vertex -1 -1 0
      vertex -8 2.15997 0
      vertex -4.5 76.5 0
    endloop
  endfacet
  facet normal -0 0 -1
    outer loop
      vertex -4.5 76.5 0
      vertex -8 2.15997 0
      vertex -8 76.5 0
    endloop
  endfacet
  facet normal 0 0 -1
    outer loop
      vertex 66.3931 -14.5657 0
      vertex 63.5564 -8.16626 0
      vertex 63.9194 -8 0
    endloop
  endfacet
  facet normal 0 0 -1
    outer loop
      vertex 62.0225 -8.82381 0
      vertex 64.7013 -15.291 0
      vertex 62.9921 -15.9745 0
    endloop
  endfacet
  facet normal 0 0 -1
    outer loop
      vertex 64.7013 -15.291 0
      vertex 62.0225 -8.82381 0
      vertex 63.5564 -8.16626 0
    endloop
  endfacet
  facet normal 0 0 -1
    outer loop
      vertex 60.4729 -9.44351 0
      vertex 62.9921 -15.9745 0
      vertex 61.2667 -16.6158 0
    endloop
  endfacet
  facet normal 0 0 -1
    outer loop
      vertex 62.9921 -15.9745 0
      vertex 60.4729 -9.44351 0
      vertex 62.0225 -8.82381 0
    endloop
  endfacet
  facet normal 0 0 -1
    outer loop
      vertex 58.9085 -10.025 0
      vertex 61.2667 -16.6158 0
      vertex 59.5261 -17.2146 0
    endloop
  endfacet
  facet normal 0 0 -1
    outer loop
      vertex 61.2667 -16.6158 0
      vertex 58.9085 -10.025 0
      vertex 60.4729 -9.44351 0
    endloop
  endfacet
  facet normal 0 0 -1
    outer loop
      vertex 57.3304 -10.5679 0
      vertex 59.5261 -17.2146 0
      vertex 57.7714 -17.7705 0
    endloop
  endfacet
  facet normal 0 0 -1
    outer loop
      vertex 59.5261 -17.2146 0
      vertex 57.3304 -10.5679 0
      vertex 58.9085 -10.025 0
    endloop
  endfacet
  facet normal 0 0 -1
    outer loop
      vertex 55.7394 -11.0719 0
      vertex 57.7714 -17.7705 0
      vertex 56.0035 -18.2832 0
    endloop
  endfacet
  facet normal 0 0 -1
    outer loop
      vertex 57.7714 -17.7705 0
      vertex 55.7394 -11.0719 0
      vertex 57.3304 -10.5679 0
    endloop
  endfacet
  facet normal 0 0 -1
    outer loop
      vertex 54.1365 -11.5368 0
      vertex 56.0035 -18.2832 0
      vertex 54.2235 -18.7523 0
    endloop
  endfacet
  facet normal 0 0 -1
    outer loop
      vertex 56.0035 -18.2832 0
      vertex 54.1365 -11.5368 0
      vertex 55.7394 -11.0719 0
    endloop
  endfacet
  facet normal 0 0 -1
    outer loop
      vertex 54.2235 -18.7523 0
      vertex 52.5227 -11.9621 0
      vertex 54.1365 -11.5368 0
    endloop
  endfacet
  facet normal 0 0 -1
    outer loop
      vertex 52.4326 -19.1777 0
      vertex 52.5227 -11.9621 0
      vertex 54.2235 -18.7523 0
    endloop
  endfacet
  facet normal 0 0 -1
    outer loop
      vertex 52.4326 -19.1777 0
      vertex 50.8989 -12.3477 0
      vertex 52.5227 -11.9621 0
    endloop
  endfacet
  facet normal 0 0 -1
    outer loop
      vertex 50.6318 -19.5589 0
      vertex 50.8989 -12.3477 0
      vertex 52.4326 -19.1777 0
    endloop
  endfacet
  facet normal 0 0 -1
    outer loop
      vertex 50.6318 -19.5589 0
      vertex 49.2661 -12.6934 0
      vertex 50.8989 -12.3477 0
    endloop
  endfacet
  facet normal 0 0 -1
    outer loop
      vertex 48.8221 -19.8958 0
      vertex 49.2661 -12.6934 0
      vertex 50.6318 -19.5589 0
    endloop
  endfacet
  facet normal 0 0 -1
    outer loop
      vertex 48.8221 -19.8958 0
      vertex 47.6254 -12.9989 0
      vertex 49.2661 -12.6934 0
    endloop
  endfacet
  facet normal 0 0 -1
    outer loop
      vertex 47.0048 -20.1882 0
      vertex 47.6254 -12.9989 0
      vertex 48.8221 -19.8958 0
    endloop
  endfacet
  facet normal 0 0 -1
    outer loop
      vertex 47.0048 -20.1882 0
      vertex 45.9777 -13.264 0
      vertex 47.6254 -12.9989 0
    endloop
  endfacet
  facet normal 0 0 -1
    outer loop
      vertex 45.1808 -20.436 0
      vertex 45.9777 -13.264 0
      vertex 47.0048 -20.1882 0
    endloop
  endfacet
  facet normal 0 0 -1
    outer loop
      vertex 45.1808 -20.436 0
      vertex 44.3239 -13.4886 0
      vertex 45.9777 -13.264 0
    endloop
  endfacet
  facet normal 0 0 -1
    outer loop
      vertex 43.3513 -20.6389 0
      vertex 44.3239 -13.4886 0
      vertex 45.1808 -20.436 0
    endloop
  endfacet
  facet normal 0 0 -1
    outer loop
      vertex 43.3513 -20.6389 0
      vertex 42.6652 -13.6726 0
      vertex 44.3239 -13.4886 0
    endloop
  endfacet
  facet normal 0 0 -1
    outer loop
      vertex 41.5173 -20.7968 0
      vertex 42.6652 -13.6726 0
      vertex 43.3513 -20.6389 0
    endloop
  endfacet
  facet normal 0 0 -1
    outer loop
      vertex 41.5173 -20.7968 0
      vertex 41.0024 -13.8158 0
      vertex 42.6652 -13.6726 0
    endloop
  endfacet
  facet normal 0 0 -1
    outer loop
      vertex 39.6801 -20.9097 0
      vertex 41.0024 -13.8158 0
      vertex 41.5173 -20.7968 0
    endloop
  endfacet
  facet normal 0 0 -1
    outer loop
      vertex 39.6801 -20.9097 0
      vertex 39.3366 -13.9181 0
      vertex 41.0024 -13.8158 0
    endloop
  endfacet
  facet normal 0 0 -1
    outer loop
      vertex 37.8406 -20.9774 0
      vertex 39.3366 -13.9181 0
      vertex 39.6801 -20.9097 0
    endloop
  endfacet
  facet normal 0 0 -1
    outer loop
      vertex 37.8406 -20.9774 0
      vertex 37.6688 -13.9795 0
      vertex 39.3366 -13.9181 0
    endloop
  endfacet
  facet normal 0 0 -1
    outer loop
      vertex 36 -21 0
      vertex 37.6688 -13.9795 0
      vertex 37.8406 -20.9774 0
    endloop
  endfacet
  facet normal 0 0 -1
    outer loop
      vertex 36 -21 0
      vertex 36 -14 0
      vertex 37.6688 -13.9795 0
    endloop
  endfacet
  facet normal 0 0 -1
    outer loop
      vertex 36 -21 0
      vertex 34.3312 -13.9795 0
      vertex 36 -14 0
    endloop
  endfacet
  facet normal 0 0 -1
    outer loop
      vertex 34.1594 -20.9774 0
      vertex 34.3312 -13.9795 0
      vertex 36 -21 0
    endloop
  endfacet
  facet normal 0 0 -1
    outer loop
      vertex 34.1594 -20.9774 0
      vertex 32.6634 -13.9181 0
      vertex 34.3312 -13.9795 0
    endloop
  endfacet
  facet normal 0 0 -1
    outer loop
      vertex 32.3199 -20.9097 0
      vertex 32.6634 -13.9181 0
      vertex 34.1594 -20.9774 0
    endloop
  endfacet
  facet normal 0 0 -1
    outer loop
      vertex 32.3199 -20.9097 0
      vertex 30.9976 -13.8158 0
      vertex 32.6634 -13.9181 0
    endloop
  endfacet
  facet normal 0 0 -1
    outer loop
      vertex 30.4827 -20.7968 0
      vertex 30.9976 -13.8158 0
      vertex 32.3199 -20.9097 0
    endloop
  endfacet
  facet normal 0 0 -1
    outer loop
      vertex 30.4827 -20.7968 0
      vertex 29.3348 -13.6726 0
      vertex 30.9976 -13.8158 0
    endloop
  endfacet
  facet normal 0 0 -1
    outer loop
      vertex 28.6487 -20.6389 0
      vertex 29.3348 -13.6726 0
      vertex 30.4827 -20.7968 0
    endloop
  endfacet
  facet normal 0 0 -1
    outer loop
      vertex 28.6487 -20.6389 0
      vertex 27.6761 -13.4886 0
      vertex 29.3348 -13.6726 0
    endloop
  endfacet
  facet normal 0 0 -1
    outer loop
      vertex 26.8192 -20.436 0
      vertex 27.6761 -13.4886 0
      vertex 28.6487 -20.6389 0
    endloop
  endfacet
  facet normal 0 0 -1
    outer loop
      vertex 26.8192 -20.436 0
      vertex 26.0223 -13.264 0
      vertex 27.6761 -13.4886 0
    endloop
  endfacet
  facet normal 0 0 -1
    outer loop
      vertex 24.9952 -20.1882 0
      vertex 26.0223 -13.264 0
      vertex 26.8192 -20.436 0
    endloop
  endfacet
  facet normal 0 0 -1
    outer loop
      vertex 24.9952 -20.1882 0
      vertex 24.3746 -12.9989 0
      vertex 26.0223 -13.264 0
    endloop
  endfacet
  facet normal 0 0 -1
    outer loop
      vertex 23.1779 -19.8958 0
      vertex 24.3746 -12.9989 0
      vertex 24.9952 -20.1882 0
    endloop
  endfacet
  facet normal 0 0 -1
    outer loop
      vertex 23.1779 -19.8958 0
      vertex 22.7339 -12.6934 0
      vertex 24.3746 -12.9989 0
    endloop
  endfacet
  facet normal 0 0 -1
    outer loop
      vertex 21.3682 -19.5589 0
      vertex 22.7339 -12.6934 0
      vertex 23.1779 -19.8958 0
    endloop
  endfacet
  facet normal 0 0 -1
    outer loop
      vertex 21.3682 -19.5589 0
      vertex 21.1011 -12.3477 0
      vertex 22.7339 -12.6934 0
    endloop
  endfacet
  facet normal 0 0 -1
    outer loop
      vertex 19.5674 -19.1777 0
      vertex 21.1011 -12.3477 0
      vertex 21.3682 -19.5589 0
    endloop
  endfacet
  facet normal 0 0 -1
    outer loop
      vertex 19.5674 -19.1777 0
      vertex 19.4773 -11.9621 0
      vertex 21.1011 -12.3477 0
    endloop
  endfacet
  facet normal 0 0 -1
    outer loop
      vertex 17.7765 -18.7523 0
      vertex 19.4773 -11.9621 0
      vertex 19.5674 -19.1777 0
    endloop
  endfacet
  facet normal -0 0 -1
    outer loop
      vertex 19.4773 -11.9621 0
      vertex 17.7765 -18.7523 0
      vertex 17.8635 -11.5368 0
    endloop
  endfacet
  facet normal 0 0 -1
    outer loop
      vertex 15.9965 -18.2832 0
      vertex 17.8635 -11.5368 0
      vertex 17.7765 -18.7523 0
    endloop
  endfacet
  facet normal -0 0 -1
    outer loop
      vertex 17.8635 -11.5368 0
      vertex 15.9965 -18.2832 0
      vertex 16.2606 -11.0719 0
    endloop
  endfacet
  facet normal 0 0 -1
    outer loop
      vertex 14.2287 -17.7705 0
      vertex 16.2606 -11.0719 0
      vertex 15.9965 -18.2832 0
    endloop
  endfacet
  facet normal -0 0 -1
    outer loop
      vertex 16.2606 -11.0719 0
      vertex 14.2287 -17.7705 0
      vertex 14.6696 -10.5679 0
    endloop
  endfacet
  facet normal 0 0 -1
    outer loop
      vertex 12.4739 -17.2146 0
      vertex 14.6696 -10.5679 0
      vertex 14.2287 -17.7705 0
    endloop
  endfacet
  facet normal -0 0 -1
    outer loop
      vertex 14.6696 -10.5679 0
      vertex 12.4739 -17.2146 0
      vertex 13.0915 -10.025 0
    endloop
  endfacet
  facet normal 0 0 -1
    outer loop
      vertex 10.7333 -16.6158 0
      vertex 13.0915 -10.025 0
      vertex 12.4739 -17.2146 0
    endloop
  endfacet
  facet normal -0 0 -1
    outer loop
      vertex 13.0915 -10.025 0
      vertex 10.7333 -16.6158 0
      vertex 11.5271 -9.44351 0
    endloop
  endfacet
  facet normal 0 0 -1
    outer loop
      vertex 9.00787 -15.9745 0
      vertex 11.5271 -9.44351 0
      vertex 10.7333 -16.6158 0
    endloop
  endfacet
  facet normal -0 0 -1
    outer loop
      vertex 11.5271 -9.44351 0
      vertex 9.00787 -15.9745 0
      vertex 9.97753 -8.82381 0
    endloop
  endfacet
  facet normal 0 0 -1
    outer loop
      vertex 7.29874 -15.291 0
      vertex 9.97753 -8.82381 0
      vertex 9.00787 -15.9745 0
    endloop
  endfacet
  facet normal -0 0 -1
    outer loop
      vertex 9.97753 -8.82381 0
      vertex 7.29874 -15.291 0
      vertex 8.44359 -8.16626 0
    endloop
  endfacet
  facet normal 0 0 -1
    outer loop
      vertex 5.6069 -14.5657 0
      vertex 8.44359 -8.16626 0
      vertex 7.29874 -15.291 0
    endloop
  endfacet
  facet normal 0 0 -1
    outer loop
      vertex 102.999 65.6254 0
      vertex 109 71.1807 0
      vertex 103.264 63.9777 0
    endloop
  endfacet
  facet normal 0 0 -1
    outer loop
      vertex 102.693 67.2661 0
      vertex 109 71.1807 0
      vertex 102.999 65.6254 0
    endloop
  endfacet
  facet normal 0 0 -1
    outer loop
      vertex 102.348 68.8989 0
      vertex 109 71.1807 0
      vertex 102.693 67.2661 0
    endloop
  endfacet
  facet normal 0 0 -1
    outer loop
      vertex 101.962 70.5227 0
      vertex 109 71.1807 0
      vertex 102.348 68.8989 0
    endloop
  endfacet
  facet normal -0 0 -1
    outer loop
      vertex 109 71.1807 0
      vertex 101.962 70.5227 0
      vertex 108.752 72.2235 0
    endloop
  endfacet
  facet normal -0 0 -1
    outer loop
      vertex 108.752 72.2235 0
      vertex 101.962 70.5227 0
      vertex 108.548 73 0
    endloop
  endfacet
  facet normal 0 0 -1
    outer loop
      vertex 101.537 72.1365 0
      vertex 108.548 73 0
      vertex 101.962 70.5227 0
    endloop
  endfacet
  facet normal 0 0 -1
    outer loop
      vertex 101.286 73 0
      vertex 108.548 73 0
      vertex 101.537 72.1365 0
    endloop
  endfacet
  facet normal 0 0 -1
    outer loop
      vertex 108.548 73 0
      vertex 101.286 73 0
      vertex 106.343 80 0
    endloop
  endfacet
  facet normal 0 0 -1
    outer loop
      vertex 98.8328 80 0
      vertex 106.343 80 0
      vertex 101.286 73 0
    endloop
  endfacet
  facet normal 0 0 -1
    outer loop
      vertex 106.343 80 0
      vertex 98.8328 80 0
      vertex 105.974 80.9921 0
    endloop
  endfacet
  facet normal -0 0 -1
    outer loop
      vertex 105.974 80.9921 0
      vertex 98.8328 80 0
      vertex 105.291 82.7013 0
    endloop
  endfacet
  facet normal 0 0 -1
    outer loop
      vertex 98.8238 80.0225 0
      vertex 105.291 82.7013 0
      vertex 98.8328 80 0
    endloop
  endfacet
  facet normal -0 0 -1
    outer loop
      vertex 105.291 82.7013 0
      vertex 98.8238 80.0225 0
      vertex 104.566 84.3931 0
    endloop
  endfacet
  facet normal 0 0 -1
    outer loop
      vertex 98.1663 81.5564 0
      vertex 104.566 84.3931 0
      vertex 98.8238 80.0225 0
    endloop
  endfacet
  facet normal -0 0 -1
    outer loop
      vertex 104.566 84.3931 0
      vertex 98.1663 81.5564 0
      vertex 103.799 86.0666 0
    endloop
  endfacet
  facet normal 0 0 -1
    outer loop
      vertex 97.4713 83.0737 0
      vertex 103.799 86.0666 0
      vertex 98.1663 81.5564 0
    endloop
  endfacet
  facet normal -0 0 -1
    outer loop
      vertex 103.799 86.0666 0
      vertex 97.4713 83.0737 0
      vertex 102.992 87.7208 0
    endloop
  endfacet
  facet normal 0 0 -1
    outer loop
      vertex 96.7393 84.5736 0
      vertex 102.992 87.7208 0
      vertex 97.4713 83.0737 0
    endloop
  endfacet
  facet normal 0 0 -1
    outer loop
      vertex -1 73 0
      vertex 98.8328 80 0
      vertex 101.286 73 0
    endloop
  endfacet
  facet normal 0 0 -1
    outer loop
      vertex -5.66777 -8.36022 0
      vertex -1 -1 0
      vertex -4.12482 -9.36402 0
    endloop
  endfacet
  facet normal 0 0 -1
    outer loop
      vertex -1 -1 0
      vertex -4.5 76.5 0
      vertex -1 73 0
    endloop
  endfacet
  facet normal 0 0 -1
    outer loop
      vertex -4.5 80 0
      vertex -1 73 0
      vertex -4.5 76.5 0
    endloop
  endfacet
  facet normal 0 0 -1
    outer loop
      vertex -1 73 0
      vertex -4.5 80 0
      vertex 98.8328 80 0
    endloop
  endfacet
  facet normal -0 0 -1
    outer loop
      vertex 102.992 87.7208 0
      vertex 96.7393 84.5736 0
      vertex 102.144 89.3548 0
    endloop
  endfacet
  facet normal 0 0 -1
    outer loop
      vertex 95.9706 86.055 0
      vertex 102.144 89.3548 0
      vertex 96.7393 84.5736 0
    endloop
  endfacet
  facet normal -0 0 -1
    outer loop
      vertex 102.144 89.3548 0
      vertex 95.9706 86.055 0
      vertex 101.257 90.9674 0
    endloop
  endfacet
  facet normal 0 0 -1
    outer loop
      vertex 95.1659 87.5171 0
      vertex 101.257 90.9674 0
      vertex 95.9706 86.055 0
    endloop
  endfacet
  facet normal -0 0 -1
    outer loop
      vertex 101.257 90.9674 0
      vertex 95.1659 87.5171 0
      vertex 100.33 92.5577 0
    endloop
  endfacet
  facet normal 0 0 -1
    outer loop
      vertex 94.3255 88.959 0
      vertex 100.33 92.5577 0
      vertex 95.1659 87.5171 0
    endloop
  endfacet
  facet normal -0 0 -1
    outer loop
      vertex 100.33 92.5577 0
      vertex 94.3255 88.959 0
      vertex 99.364 94.1248 0
    endloop
  endfacet
  facet normal 0 0 -1
    outer loop
      vertex 93.45 90.3798 0
      vertex 99.364 94.1248 0
      vertex 94.3255 88.959 0
    endloop
  endfacet
  facet normal -0 0 -1
    outer loop
      vertex 99.364 94.1248 0
      vertex 93.45 90.3798 0
      vertex 98.3602 95.6678 0
    endloop
  endfacet
  facet normal 0 0 -1
    outer loop
      vertex 92.5399 91.7788 0
      vertex 98.3602 95.6678 0
      vertex 93.45 90.3798 0
    endloop
  endfacet
  facet normal -0 0 -1
    outer loop
      vertex 98.3602 95.6678 0
      vertex 92.5399 91.7788 0
      vertex 97.3189 97.1856 0
    endloop
  endfacet
  facet normal 0 0 -1
    outer loop
      vertex 91.5958 93.155 0
      vertex 97.3189 97.1856 0
      vertex 92.5399 91.7788 0
    endloop
  endfacet
  facet normal -0 0 -1
    outer loop
      vertex 97.3189 97.1856 0
      vertex 91.5958 93.155 0
      vertex 96.2406 98.6774 0
    endloop
  endfacet
  facet normal 0 0 -1
    outer loop
      vertex 90.6181 94.5076 0
      vertex 96.2406 98.6774 0
      vertex 91.5958 93.155 0
    endloop
  endfacet
  facet normal -0 0 -1
    outer loop
      vertex 96.2406 98.6774 0
      vertex 90.6181 94.5076 0
      vertex 95.126 100.142 0
    endloop
  endfacet
  facet normal 0 0 -1
    outer loop
      vertex 89.6076 95.8357 0
      vertex 95.126 100.142 0
      vertex 90.6181 94.5076 0
    endloop
  endfacet
  facet normal -0 0 -1
    outer loop
      vertex 95.126 100.142 0
      vertex 89.6076 95.8357 0
      vertex 93.9758 101.579 0
    endloop
  endfacet
  facet normal 0 0 -1
    outer loop
      vertex 88.5647 97.1387 0
      vertex 93.9758 101.579 0
      vertex 89.6076 95.8357 0
    endloop
  endfacet
  facet normal -0 0 -1
    outer loop
      vertex 93.9758 101.579 0
      vertex 88.5647 97.1387 0
      vertex 92.7907 102.988 0
    endloop
  endfacet
  facet normal 0 0 -1
    outer loop
      vertex 87.4902 98.4158 0
      vertex 92.7907 102.988 0
      vertex 88.5647 97.1387 0
    endloop
  endfacet
  facet normal -0 0 -1
    outer loop
      vertex 92.7907 102.988 0
      vertex 87.4902 98.4158 0
      vertex 91.5713 104.367 0
    endloop
  endfacet
  facet normal 0 0 -1
    outer loop
      vertex 86.3847 99.666 0
      vertex 91.5713 104.367 0
      vertex 87.4902 98.4158 0
    endloop
  endfacet
  facet normal -0 0 -1
    outer loop
      vertex 91.5713 104.367 0
      vertex 86.3847 99.666 0
      vertex 90.3185 105.716 0
    endloop
  endfacet
  facet normal 0 0 -1
    outer loop
      vertex 85.2488 100.889 0
      vertex 90.3185 105.716 0
      vertex 86.3847 99.666 0
    endloop
  endfacet
  facet normal -0 0 -1
    outer loop
      vertex 90.3185 105.716 0
      vertex 85.2488 100.889 0
      vertex 89.033 107.033 0
    endloop
  endfacet
  facet normal 0 0 -1
    outer loop
      vertex 84.0833 102.083 0
      vertex 89.033 107.033 0
      vertex 85.2488 100.889 0
    endloop
  endfacet
  facet normal -0 0 -1
    outer loop
      vertex 89.033 107.033 0
      vertex 84.0833 102.083 0
      vertex 87.7155 108.319 0
    endloop
  endfacet
  facet normal 0 0 -1
    outer loop
      vertex 82.8888 103.249 0
      vertex 87.7155 108.319 0
      vertex 84.0833 102.083 0
    endloop
  endfacet
  facet normal -0 0 -1
    outer loop
      vertex 87.7155 108.319 0
      vertex 82.8888 103.249 0
      vertex 86.3669 109.571 0
    endloop
  endfacet
  facet normal 0 0 -1
    outer loop
      vertex 81.666 104.385 0
      vertex 86.3669 109.571 0
      vertex 82.8888 103.249 0
    endloop
  endfacet
  facet normal -0 0 -1
    outer loop
      vertex 86.3669 109.571 0
      vertex 81.666 104.385 0
      vertex 84.988 110.791 0
    endloop
  endfacet
  facet normal 0 0 -1
    outer loop
      vertex 80.4158 105.49 0
      vertex 84.988 110.791 0
      vertex 81.666 104.385 0
    endloop
  endfacet
  facet normal -0 0 -1
    outer loop
      vertex 84.988 110.791 0
      vertex 80.4158 105.49 0
      vertex 83.5795 111.976 0
    endloop
  endfacet
  facet normal 0 0 -1
    outer loop
      vertex 79.1387 106.565 0
      vertex 83.5795 111.976 0
      vertex 80.4158 105.49 0
    endloop
  endfacet
  facet normal -0 0 -1
    outer loop
      vertex 83.5795 111.976 0
      vertex 79.1387 106.565 0
      vertex 82.1424 113.126 0
    endloop
  endfacet
  facet normal 0 0 -1
    outer loop
      vertex 77.8357 107.608 0
      vertex 82.1424 113.126 0
      vertex 79.1387 106.565 0
    endloop
  endfacet
  facet normal -0 0 -1
    outer loop
      vertex 82.1424 113.126 0
      vertex 77.8357 107.608 0
      vertex 80.6774 114.241 0
    endloop
  endfacet
  facet normal 0 0 -1
    outer loop
      vertex 76.5076 108.618 0
      vertex 80.6774 114.241 0
      vertex 77.8357 107.608 0
    endloop
  endfacet
  facet normal -0 0 -1
    outer loop
      vertex 80.6774 114.241 0
      vertex 76.5076 108.618 0
      vertex 79.1856 115.319 0
    endloop
  endfacet
  facet normal 0 0 -1
    outer loop
      vertex 75.155 109.596 0
      vertex 79.1856 115.319 0
      vertex 76.5076 108.618 0
    endloop
  endfacet
  facet normal -0 0 -1
    outer loop
      vertex 79.1856 115.319 0
      vertex 75.155 109.596 0
      vertex 77.6678 116.36 0
    endloop
  endfacet
  facet normal 0 0 -1
    outer loop
      vertex 73.7788 110.54 0
      vertex 77.6678 116.36 0
      vertex 75.155 109.596 0
    endloop
  endfacet
  facet normal -0 0 -1
    outer loop
      vertex 77.6678 116.36 0
      vertex 73.7788 110.54 0
      vertex 76.1248 117.364 0
    endloop
  endfacet
  facet normal 0 0 -1
    outer loop
      vertex 72.3798 111.45 0
      vertex 76.1248 117.364 0
      vertex 73.7788 110.54 0
    endloop
  endfacet
  facet normal -0 0 -1
    outer loop
      vertex 76.1248 117.364 0
      vertex 72.3798 111.45 0
      vertex 74.5577 118.33 0
    endloop
  endfacet
  facet normal 0 0 -1
    outer loop
      vertex 70.959 112.326 0
      vertex 74.5577 118.33 0
      vertex 72.3798 111.45 0
    endloop
  endfacet
  facet normal -0 0 -1
    outer loop
      vertex 74.5577 118.33 0
      vertex 70.959 112.326 0
      vertex 72.9674 119.257 0
    endloop
  endfacet
  facet normal 0 0 -1
    outer loop
      vertex 69.5171 113.166 0
      vertex 72.9674 119.257 0
      vertex 70.959 112.326 0
    endloop
  endfacet
  facet normal -0 0 -1
    outer loop
      vertex 72.9674 119.257 0
      vertex 69.5171 113.166 0
      vertex 71.3548 120.144 0
    endloop
  endfacet
  facet normal 0 0 -1
    outer loop
      vertex 68.055 113.971 0
      vertex 71.3548 120.144 0
      vertex 69.5171 113.166 0
    endloop
  endfacet
  facet normal -0 0 -1
    outer loop
      vertex 71.3548 120.144 0
      vertex 68.055 113.971 0
      vertex 69.7208 120.992 0
    endloop
  endfacet
  facet normal 0 0 -1
    outer loop
      vertex 66.5736 114.739 0
      vertex 69.7208 120.992 0
      vertex 68.055 113.971 0
    endloop
  endfacet
  facet normal -0 0 -1
    outer loop
      vertex 69.7208 120.992 0
      vertex 66.5736 114.739 0
      vertex 68.0666 121.799 0
    endloop
  endfacet
  facet normal 0 0 -1
    outer loop
      vertex 65.0737 115.471 0
      vertex 68.0666 121.799 0
      vertex 66.5736 114.739 0
    endloop
  endfacet
  facet normal -0 0 -1
    outer loop
      vertex 68.0666 121.799 0
      vertex 65.0737 115.471 0
      vertex 66.3931 122.566 0
    endloop
  endfacet
  facet normal 0 0 -1
    outer loop
      vertex 63.5564 116.166 0
      vertex 66.3931 122.566 0
      vertex 65.0737 115.471 0
    endloop
  endfacet
  facet normal -0 0 -1
    outer loop
      vertex 66.3931 122.566 0
      vertex 63.5564 116.166 0
      vertex 64.7013 123.291 0
    endloop
  endfacet
  facet normal 0 0 -1
    outer loop
      vertex 62.0225 116.824 0
      vertex 64.7013 123.291 0
      vertex 63.5564 116.166 0
    endloop
  endfacet
  facet normal -0 0 -1
    outer loop
      vertex 64.7013 123.291 0
      vertex 62.0225 116.824 0
      vertex 62.9921 123.974 0
    endloop
  endfacet
  facet normal 0 0 -1
    outer loop
      vertex 60.4729 117.444 0
      vertex 62.9921 123.974 0
      vertex 62.0225 116.824 0
    endloop
  endfacet
  facet normal -0 0 -1
    outer loop
      vertex 62.9921 123.974 0
      vertex 60.4729 117.444 0
      vertex 61.2667 124.616 0
    endloop
  endfacet
  facet normal 0 0 -1
    outer loop
      vertex 58.9085 118.025 0
      vertex 61.2667 124.616 0
      vertex 60.4729 117.444 0
    endloop
  endfacet
  facet normal -0 0 -1
    outer loop
      vertex 61.2667 124.616 0
      vertex 58.9085 118.025 0
      vertex 59.5261 125.215 0
    endloop
  endfacet
  facet normal 0 0 -1
    outer loop
      vertex 57.3304 118.568 0
      vertex 59.5261 125.215 0
      vertex 58.9085 118.025 0
    endloop
  endfacet
  facet normal -0 0 -1
    outer loop
      vertex 59.5261 125.215 0
      vertex 57.3304 118.568 0
      vertex 57.7714 125.771 0
    endloop
  endfacet
  facet normal 0 0 -1
    outer loop
      vertex 55.7394 119.072 0
      vertex 57.7714 125.771 0
      vertex 57.3304 118.568 0
    endloop
  endfacet
  facet normal -0 0 -1
    outer loop
      vertex 57.7714 125.771 0
      vertex 55.7394 119.072 0
      vertex 56.0035 126.283 0
    endloop
  endfacet
  facet normal 0 0 -1
    outer loop
      vertex 54.1365 119.537 0
      vertex 56.0035 126.283 0
      vertex 55.7394 119.072 0
    endloop
  endfacet
  facet normal -0 0 -1
    outer loop
      vertex 56.0035 126.283 0
      vertex 54.1365 119.537 0
      vertex 54.2235 126.752 0
    endloop
  endfacet
  facet normal 0 0 -1
    outer loop
      vertex 52.5227 119.962 0
      vertex 54.2235 126.752 0
      vertex 54.1365 119.537 0
    endloop
  endfacet
  facet normal 0 0 -1
    outer loop
      vertex 52.5227 119.962 0
      vertex 52.4326 127.178 0
      vertex 54.2235 126.752 0
    endloop
  endfacet
  facet normal 0 0 -1
    outer loop
      vertex 50.8989 120.348 0
      vertex 52.4326 127.178 0
      vertex 52.5227 119.962 0
    endloop
  endfacet
  facet normal 0 0 -1
    outer loop
      vertex 50.8989 120.348 0
      vertex 50.6318 127.559 0
      vertex 52.4326 127.178 0
    endloop
  endfacet
  facet normal 0 0 -1
    outer loop
      vertex 49.2661 120.693 0
      vertex 50.6318 127.559 0
      vertex 50.8989 120.348 0
    endloop
  endfacet
  facet normal 0 0 -1
    outer loop
      vertex 49.2661 120.693 0
      vertex 48.8221 127.896 0
      vertex 50.6318 127.559 0
    endloop
  endfacet
  facet normal 0 0 -1
    outer loop
      vertex 47.6254 120.999 0
      vertex 48.8221 127.896 0
      vertex 49.2661 120.693 0
    endloop
  endfacet
  facet normal 0 0 -1
    outer loop
      vertex 47.6254 120.999 0
      vertex 47.0048 128.188 0
      vertex 48.8221 127.896 0
    endloop
  endfacet
  facet normal 0 0 -1
    outer loop
      vertex 45.9777 121.264 0
      vertex 47.0048 128.188 0
      vertex 47.6254 120.999 0
    endloop
  endfacet
  facet normal 0 0 -1
    outer loop
      vertex 45.9777 121.264 0
      vertex 45.1808 128.436 0
      vertex 47.0048 128.188 0
    endloop
  endfacet
  facet normal 0 0 -1
    outer loop
      vertex 44.3239 121.489 0
      vertex 45.1808 128.436 0
      vertex 45.9777 121.264 0
    endloop
  endfacet
  facet normal 0 0 -1
    outer loop
      vertex 44.3239 121.489 0
      vertex 43.3513 128.639 0
      vertex 45.1808 128.436 0
    endloop
  endfacet
  facet normal 0 0 -1
    outer loop
      vertex 42.6652 121.673 0
      vertex 43.3513 128.639 0
      vertex 44.3239 121.489 0
    endloop
  endfacet
  facet normal 0 0 -1
    outer loop
      vertex 42.6652 121.673 0
      vertex 41.5173 128.797 0
      vertex 43.3513 128.639 0
    endloop
  endfacet
  facet normal 0 0 -1
    outer loop
      vertex 41.0024 121.816 0
      vertex 41.5173 128.797 0
      vertex 42.6652 121.673 0
    endloop
  endfacet
  facet normal 0 0 -1
    outer loop
      vertex 41.0024 121.816 0
      vertex 39.6801 128.91 0
      vertex 41.5173 128.797 0
    endloop
  endfacet
  facet normal 0 0 -1
    outer loop
      vertex 39.3366 121.918 0
      vertex 39.6801 128.91 0
      vertex 41.0024 121.816 0
    endloop
  endfacet
  facet normal 0 0 -1
    outer loop
      vertex 39.3366 121.918 0
      vertex 37.8406 128.977 0
      vertex 39.6801 128.91 0
    endloop
  endfacet
  facet normal 0 0 -1
    outer loop
      vertex 37.6688 121.98 0
      vertex 37.8406 128.977 0
      vertex 39.3366 121.918 0
    endloop
  endfacet
  facet normal 0 0 -1
    outer loop
      vertex 36 122 0
      vertex 37.8406 128.977 0
      vertex 37.6688 121.98 0
    endloop
  endfacet
  facet normal 0 0 -1
    outer loop
      vertex 36 122 0
      vertex 36 129 0
      vertex 37.8406 128.977 0
    endloop
  endfacet
  facet normal 0 0 -1
    outer loop
      vertex 34.3312 121.98 0
      vertex 36 129 0
      vertex 36 122 0
    endloop
  endfacet
  facet normal 0 0 -1
    outer loop
      vertex 34.3312 121.98 0
      vertex 34.1594 128.977 0
      vertex 36 129 0
    endloop
  endfacet
  facet normal 0 0 -1
    outer loop
      vertex 32.6634 121.918 0
      vertex 34.1594 128.977 0
      vertex 34.3312 121.98 0
    endloop
  endfacet
  facet normal 0 0 -1
    outer loop
      vertex 32.6634 121.918 0
      vertex 32.3199 128.91 0
      vertex 34.1594 128.977 0
    endloop
  endfacet
  facet normal 0 0 -1
    outer loop
      vertex 30.9976 121.816 0
      vertex 32.3199 128.91 0
      vertex 32.6634 121.918 0
    endloop
  endfacet
  facet normal 0 0 -1
    outer loop
      vertex 30.9976 121.816 0
      vertex 30.4827 128.797 0
      vertex 32.3199 128.91 0
    endloop
  endfacet
  facet normal 0 0 -1
    outer loop
      vertex 29.3348 121.673 0
      vertex 30.4827 128.797 0
      vertex 30.9976 121.816 0
    endloop
  endfacet
  facet normal 0 0 -1
    outer loop
      vertex 29.3348 121.673 0
      vertex 28.6487 128.639 0
      vertex 30.4827 128.797 0
    endloop
  endfacet
  facet normal 0 0 -1
    outer loop
      vertex 27.6761 121.489 0
      vertex 28.6487 128.639 0
      vertex 29.3348 121.673 0
    endloop
  endfacet
  facet normal 0 0 -1
    outer loop
      vertex 27.6761 121.489 0
      vertex 26.8192 128.436 0
      vertex 28.6487 128.639 0
    endloop
  endfacet
  facet normal 0 0 -1
    outer loop
      vertex 26.0223 121.264 0
      vertex 26.8192 128.436 0
      vertex 27.6761 121.489 0
    endloop
  endfacet
  facet normal 0 0 -1
    outer loop
      vertex 26.0223 121.264 0
      vertex 24.9952 128.188 0
      vertex 26.8192 128.436 0
    endloop
  endfacet
  facet normal 0 0 -1
    outer loop
      vertex 24.3746 120.999 0
      vertex 24.9952 128.188 0
      vertex 26.0223 121.264 0
    endloop
  endfacet
  facet normal 0 0 -1
    outer loop
      vertex 24.3746 120.999 0
      vertex 23.1779 127.896 0
      vertex 24.9952 128.188 0
    endloop
  endfacet
  facet normal 0 0 -1
    outer loop
      vertex 22.7339 120.693 0
      vertex 23.1779 127.896 0
      vertex 24.3746 120.999 0
    endloop
  endfacet
  facet normal 0 0 -1
    outer loop
      vertex 22.7339 120.693 0
      vertex 21.3682 127.559 0
      vertex 23.1779 127.896 0
    endloop
  endfacet
  facet normal 0 0 -1
    outer loop
      vertex 21.1011 120.348 0
      vertex 21.3682 127.559 0
      vertex 22.7339 120.693 0
    endloop
  endfacet
  facet normal 0 0 -1
    outer loop
      vertex 21.1011 120.348 0
      vertex 19.5674 127.178 0
      vertex 21.3682 127.559 0
    endloop
  endfacet
  facet normal 0 0 -1
    outer loop
      vertex 19.4773 119.962 0
      vertex 19.5674 127.178 0
      vertex 21.1011 120.348 0
    endloop
  endfacet
  facet normal 0 0 -1
    outer loop
      vertex 17.7765 126.752 0
      vertex 19.4773 119.962 0
      vertex 17.8635 119.537 0
    endloop
  endfacet
  facet normal 0 0 -1
    outer loop
      vertex 19.4773 119.962 0
      vertex 17.7765 126.752 0
      vertex 19.5674 127.178 0
    endloop
  endfacet
  facet normal 0 0 -1
    outer loop
      vertex 15.9965 126.283 0
      vertex 17.8635 119.537 0
      vertex 16.2606 119.072 0
    endloop
  endfacet
  facet normal 0 0 -1
    outer loop
      vertex 17.8635 119.537 0
      vertex 15.9965 126.283 0
      vertex 17.7765 126.752 0
    endloop
  endfacet
  facet normal 0 0 -1
    outer loop
      vertex 14.2287 125.771 0
      vertex 16.2606 119.072 0
      vertex 14.6696 118.568 0
    endloop
  endfacet
  facet normal 0 0 -1
    outer loop
      vertex 16.2606 119.072 0
      vertex 14.2287 125.771 0
      vertex 15.9965 126.283 0
    endloop
  endfacet
  facet normal 0 0 -1
    outer loop
      vertex 12.4739 125.215 0
      vertex 14.6696 118.568 0
      vertex 13.0915 118.025 0
    endloop
  endfacet
  facet normal 0 0 -1
    outer loop
      vertex 14.6696 118.568 0
      vertex 12.4739 125.215 0
      vertex 14.2287 125.771 0
    endloop
  endfacet
  facet normal 0 0 -1
    outer loop
      vertex 10.7333 124.616 0
      vertex 13.0915 118.025 0
      vertex 11.5271 117.444 0
    endloop
  endfacet
  facet normal 0 0 -1
    outer loop
      vertex 13.0915 118.025 0
      vertex 10.7333 124.616 0
      vertex 12.4739 125.215 0
    endloop
  endfacet
  facet normal 0 0 -1
    outer loop
      vertex 9.00787 123.974 0
      vertex 11.5271 117.444 0
      vertex 9.97753 116.824 0
    endloop
  endfacet
  facet normal 0 0 -1
    outer loop
      vertex 11.5271 117.444 0
      vertex 9.00787 123.974 0
      vertex 10.7333 124.616 0
    endloop
  endfacet
  facet normal 0 0 -1
    outer loop
      vertex 7.29874 123.291 0
      vertex 9.97753 116.824 0
      vertex 8.44359 116.166 0
    endloop
  endfacet
  facet normal 0 0 -1
    outer loop
      vertex 9.97753 116.824 0
      vertex 7.29874 123.291 0
      vertex 9.00787 123.974 0
    endloop
  endfacet
  facet normal 0 0 -1
    outer loop
      vertex 5.6069 122.566 0
      vertex 8.44359 116.166 0
      vertex 6.92625 115.471 0
    endloop
  endfacet
  facet normal 0 0 -1
    outer loop
      vertex 8.44359 116.166 0
      vertex 5.6069 122.566 0
      vertex 7.29874 123.291 0
    endloop
  endfacet
  facet normal 0 0 -1
    outer loop
      vertex 3.93337 121.799 0
      vertex 6.92625 115.471 0
      vertex 5.42643 114.739 0
    endloop
  endfacet
  facet normal 0 0 -1
    outer loop
      vertex 2.27915 120.992 0
      vertex 5.42643 114.739 0
      vertex 3.94502 113.971 0
    endloop
  endfacet
  facet normal 0 0 -1
    outer loop
      vertex 6.92625 115.471 0
      vertex 3.93337 121.799 0
      vertex 5.6069 122.566 0
    endloop
  endfacet
  facet normal 0 0 -1
    outer loop
      vertex 0.645246 120.144 0
      vertex 3.94502 113.971 0
      vertex 2.48292 113.166 0
    endloop
  endfacet
  facet normal 0 0 -1
    outer loop
      vertex 5.42643 114.739 0
      vertex 2.27915 120.992 0
      vertex 3.93337 121.799 0
    endloop
  endfacet
  facet normal 0 0 -1
    outer loop
      vertex -0.967364 119.257 0
      vertex 2.48292 113.166 0
      vertex 1.04101 112.326 0
    endloop
  endfacet
  facet normal 0 0 -1
    outer loop
      vertex 3.94502 113.971 0
      vertex 0.645246 120.144 0
      vertex 2.27915 120.992 0
    endloop
  endfacet
  facet normal 0 0 -1
    outer loop
      vertex -2.5577 118.33 0
      vertex 1.04101 112.326 0
      vertex -0.379838 111.45 0
    endloop
  endfacet
  facet normal 0 0 -1
    outer loop
      vertex 2.48292 113.166 0
      vertex -0.967364 119.257 0
      vertex 0.645246 120.144 0
    endloop
  endfacet
  facet normal 0 0 -1
    outer loop
      vertex -4.12482 117.364 0
      vertex -0.379838 111.45 0
      vertex -1.77878 110.54 0
    endloop
  endfacet
  facet normal 0 0 -1
    outer loop
      vertex 1.04101 112.326 0
      vertex -2.5577 118.33 0
      vertex -0.967364 119.257 0
    endloop
  endfacet
  facet normal 0 0 -1
    outer loop
      vertex -5.66777 116.36 0
      vertex -1.77878 110.54 0
      vertex -3.15496 109.596 0
    endloop
  endfacet
  facet normal 0 0 -1
    outer loop
      vertex -0.379838 111.45 0
      vertex -4.12482 117.364 0
      vertex -2.5577 118.33 0
    endloop
  endfacet
  facet normal 0 0 -1
    outer loop
      vertex -7.18561 115.319 0
      vertex -3.15496 109.596 0
      vertex -4.50755 108.618 0
    endloop
  endfacet
  facet normal 0 0 -1
    outer loop
      vertex -1.77878 110.54 0
      vertex -5.66777 116.36 0
      vertex -4.12482 117.364 0
    endloop
  endfacet
  facet normal 0 0 -1
    outer loop
      vertex -8.67745 114.241 0
      vertex -4.50755 108.618 0
      vertex -5.83575 107.608 0
    endloop
  endfacet
  facet normal 0 0 -1
    outer loop
      vertex -10.1424 113.126 0
      vertex -5.83575 107.608 0
      vertex -7.13874 106.565 0
    endloop
  endfacet
  facet normal 0 0 -1
    outer loop
      vertex -3.15496 109.596 0
      vertex -7.18561 115.319 0
      vertex -5.66777 116.36 0
    endloop
  endfacet
  facet normal 0 0 -1
    outer loop
      vertex -11.5795 111.976 0
      vertex -7.13874 106.565 0
      vertex -8.41575 105.49 0
    endloop
  endfacet
  facet normal 0 0 -1
    outer loop
      vertex -4.50755 108.618 0
      vertex -8.67745 114.241 0
      vertex -7.18561 115.319 0
    endloop
  endfacet
  facet normal 0 0 -1
    outer loop
      vertex -12.988 110.791 0
      vertex -8.41575 105.49 0
      vertex -9.66601 104.385 0
    endloop
  endfacet
  facet normal 0 0 -1
    outer loop
      vertex -5.83575 107.608 0
      vertex -10.1424 113.126 0
      vertex -8.67745 114.241 0
    endloop
  endfacet
  facet normal 0 0 -1
    outer loop
      vertex -14.3669 109.571 0
      vertex -9.66601 104.385 0
      vertex -10.8888 103.249 0
    endloop
  endfacet
  facet normal 0 0 -1
    outer loop
      vertex -7.13874 106.565 0
      vertex -11.5795 111.976 0
      vertex -10.1424 113.126 0
    endloop
  endfacet
  facet normal 0 0 -1
    outer loop
      vertex -15.7155 108.319 0
      vertex -10.8888 103.249 0
      vertex -12.0833 102.083 0
    endloop
  endfacet
  facet normal 0 0 -1
    outer loop
      vertex -8.41575 105.49 0
      vertex -12.988 110.791 0
      vertex -11.5795 111.976 0
    endloop
  endfacet
  facet normal 0 0 -1
    outer loop
      vertex -17.033 107.033 0
      vertex -12.0833 102.083 0
      vertex -13.2488 100.889 0
    endloop
  endfacet
  facet normal 0 0 -1
    outer loop
      vertex -9.66601 104.385 0
      vertex -14.3669 109.571 0
      vertex -12.988 110.791 0
    endloop
  endfacet
  facet normal 0 0 -1
    outer loop
      vertex -18.3185 105.716 0
      vertex -13.2488 100.889 0
      vertex -14.3847 99.666 0
    endloop
  endfacet
  facet normal 0 0 -1
    outer loop
      vertex -19.5713 104.367 0
      vertex -14.3847 99.666 0
      vertex -15.4902 98.4158 0
    endloop
  endfacet
  facet normal 0 0 -1
    outer loop
      vertex -10.8888 103.249 0
      vertex -15.7155 108.319 0
      vertex -14.3669 109.571 0
    endloop
  endfacet
  facet normal 0 0 -1
    outer loop
      vertex -20.7907 102.988 0
      vertex -15.4902 98.4158 0
      vertex -16.5647 97.1387 0
    endloop
  endfacet
  facet normal 0 0 -1
    outer loop
      vertex -12.0833 102.083 0
      vertex -17.033 107.033 0
      vertex -15.7155 108.319 0
    endloop
  endfacet
  facet normal 0 0 -1
    outer loop
      vertex -21.9758 101.579 0
      vertex -16.5647 97.1387 0
      vertex -17.6076 95.8357 0
    endloop
  endfacet
  facet normal 0 0 -1
    outer loop
      vertex -13.2488 100.889 0
      vertex -18.3185 105.716 0
      vertex -17.033 107.033 0
    endloop
  endfacet
  facet normal 0 0 -1
    outer loop
      vertex -23.126 100.142 0
      vertex -17.6076 95.8357 0
      vertex -18.6181 94.5076 0
    endloop
  endfacet
  facet normal 0 0 -1
    outer loop
      vertex -14.3847 99.666 0
      vertex -19.5713 104.367 0
      vertex -18.3185 105.716 0
    endloop
  endfacet
  facet normal 0 0 -1
    outer loop
      vertex -24.2406 98.6774 0
      vertex -18.6181 94.5076 0
      vertex -19.5958 93.155 0
    endloop
  endfacet
  facet normal 0 0 -1
    outer loop
      vertex -25.3189 97.1856 0
      vertex -19.5958 93.155 0
      vertex -20.5399 91.7788 0
    endloop
  endfacet
  facet normal 0 0 -1
    outer loop
      vertex -15.4902 98.4158 0
      vertex -20.7907 102.988 0
      vertex -19.5713 104.367 0
    endloop
  endfacet
  facet normal 0 0 -1
    outer loop
      vertex -26.3602 95.6678 0
      vertex -20.5399 91.7788 0
      vertex -21.45 90.3798 0
    endloop
  endfacet
  facet normal 0 0 -1
    outer loop
      vertex -16.5647 97.1387 0
      vertex -21.9758 101.579 0
      vertex -20.7907 102.988 0
    endloop
  endfacet
  facet normal 0 0 -1
    outer loop
      vertex -27.364 94.1248 0
      vertex -21.45 90.3798 0
      vertex -22.3255 88.959 0
    endloop
  endfacet
  facet normal 0 0 -1
    outer loop
      vertex -17.6076 95.8357 0
      vertex -23.126 100.142 0
      vertex -21.9758 101.579 0
    endloop
  endfacet
  facet normal 0 0 -1
    outer loop
      vertex -28.3296 92.5577 0
      vertex -22.3255 88.959 0
      vertex -23.1659 87.5171 0
    endloop
  endfacet
  facet normal 0 0 -1
    outer loop
      vertex -29.2565 90.9674 0
      vertex -23.1659 87.5171 0
      vertex -23.9706 86.055 0
    endloop
  endfacet
  facet normal 0 0 -1
    outer loop
      vertex -18.6181 94.5076 0
      vertex -24.2406 98.6774 0
      vertex -23.126 100.142 0
    endloop
  endfacet
  facet normal 0 0 -1
    outer loop
      vertex -30.1441 89.3548 0
      vertex -23.9706 86.055 0
      vertex -24.7393 84.5736 0
    endloop
  endfacet
  facet normal 0 0 -1
    outer loop
      vertex -19.5958 93.155 0
      vertex -25.3189 97.1856 0
      vertex -24.2406 98.6774 0
    endloop
  endfacet
  facet normal 0 0 -1
    outer loop
      vertex -30.9918 87.7208 0
      vertex -24.7393 84.5736 0
      vertex -25.4713 83.0737 0
    endloop
  endfacet
  facet normal 0 0 -1
    outer loop
      vertex -31.7992 86.0666 0
      vertex -25.4713 83.0737 0
      vertex -26.1663 81.5564 0
    endloop
  endfacet
  facet normal 0 0 -1
    outer loop
      vertex -20.5399 91.7788 0
      vertex -26.3602 95.6678 0
      vertex -25.3189 97.1856 0
    endloop
  endfacet
  facet normal 0 0 -1
    outer loop
      vertex -32.5657 84.3931 0
      vertex -26.1663 81.5564 0
      vertex -26.8238 80.0225 0
    endloop
  endfacet
  facet normal 0 0 -1
    outer loop
      vertex -21.45 90.3798 0
      vertex -27.364 94.1248 0
      vertex -26.3602 95.6678 0
    endloop
  endfacet
  facet normal 0 0 -1
    outer loop
      vertex -33.291 82.7013 0
      vertex -26.8238 80.0225 0
      vertex -27.4435 78.4729 0
    endloop
  endfacet
  facet normal 0 0 -1
    outer loop
      vertex -33.9745 80.9921 0
      vertex -27.4435 78.4729 0
      vertex -28.025 76.9085 0
    endloop
  endfacet
  facet normal 0 0 -1
    outer loop
      vertex -22.3255 88.959 0
      vertex -28.3296 92.5577 0
      vertex -27.364 94.1248 0
    endloop
  endfacet
  facet normal 0 0 -1
    outer loop
      vertex -34.6158 79.2667 0
      vertex -28.025 76.9085 0
      vertex -28.5679 75.3304 0
    endloop
  endfacet
  facet normal 0 0 -1
    outer loop
      vertex -35.2146 77.5261 0
      vertex -28.5679 75.3304 0
      vertex -29.0719 73.7394 0
    endloop
  endfacet
  facet normal 0 0 -1
    outer loop
      vertex -23.1659 87.5171 0
      vertex -29.2565 90.9674 0
      vertex -28.3296 92.5577 0
    endloop
  endfacet
  facet normal 0 0 -1
    outer loop
      vertex -35.7705 75.7713 0
      vertex -29.0719 73.7394 0
      vertex -29.5368 72.1365 0
    endloop
  endfacet
  facet normal 0 0 -1
    outer loop
      vertex -36.2832 74.0035 0
      vertex -29.5368 72.1365 0
      vertex -29.9621 70.5227 0
    endloop
  endfacet
  facet normal 0 0 -1
    outer loop
      vertex -23.9706 86.055 0
      vertex -30.1441 89.3548 0
      vertex -29.2565 90.9674 0
    endloop
  endfacet
  facet normal 0 0 -1
    outer loop
      vertex -36.7523 72.2235 0
      vertex -29.9621 70.5227 0
      vertex -30.3477 68.8989 0
    endloop
  endfacet
  facet normal 0 0 -1
    outer loop
      vertex -37.1777 70.4326 0
      vertex -30.3477 68.8989 0
      vertex -30.6934 67.2661 0
    endloop
  endfacet
  facet normal 0 0 -1
    outer loop
      vertex -24.7393 84.5736 0
      vertex -30.9918 87.7208 0
      vertex -30.1441 89.3548 0
    endloop
  endfacet
  facet normal 0 0 -1
    outer loop
      vertex -37.5589 68.6318 0
      vertex -30.6934 67.2661 0
      vertex -30.9989 65.6254 0
    endloop
  endfacet
  facet normal 0 0 -1
    outer loop
      vertex -37.8958 66.8221 0
      vertex -30.9989 65.6254 0
      vertex -31.264 63.9777 0
    endloop
  endfacet
  facet normal 0 0 -1
    outer loop
      vertex -38.1882 65.0048 0
      vertex -31.264 63.9777 0
      vertex -31.4886 62.3239 0
    endloop
  endfacet
  facet normal 0 0 -1
    outer loop
      vertex -38.436 63.1808 0
      vertex -31.4886 62.3239 0
      vertex -31.6726 60.6652 0
    endloop
  endfacet
  facet normal 0 0 -1
    outer loop
      vertex -25.4713 83.0737 0
      vertex -31.7992 86.0666 0
      vertex -30.9918 87.7208 0
    endloop
  endfacet
  facet normal 0 0 -1
    outer loop
      vertex -38.6389 61.3513 0
      vertex -31.6726 60.6652 0
      vertex -31.8158 59.0024 0
    endloop
  endfacet
  facet normal 0 0 -1
    outer loop
      vertex -38.7968 59.5173 0
      vertex -31.8158 59.0024 0
      vertex -31.9181 57.3366 0
    endloop
  endfacet
  facet normal 0 0 -1
    outer loop
      vertex -38.9097 57.6801 0
      vertex -31.9181 57.3366 0
      vertex -31.9795 55.6688 0
    endloop
  endfacet
  facet normal 0 0 -1
    outer loop
      vertex -38.9774 55.8406 0
      vertex -31.9795 55.6688 0
      vertex -32 54 0
    endloop
  endfacet
  facet normal 0 0 -1
    outer loop
      vertex -37.5589 39.3682 0
      vertex -30.6934 40.7339 0
      vertex -37.1777 37.5674 0
    endloop
  endfacet
  facet normal 0 0 -1
    outer loop
      vertex -26.1663 81.5564 0
      vertex -32.5657 84.3931 0
      vertex -31.7992 86.0666 0
    endloop
  endfacet
  facet normal -0 0 -1
    outer loop
      vertex -30.6934 40.7339 0
      vertex -37.5589 39.3682 0
      vertex -30.9989 42.3746 0
    endloop
  endfacet
  facet normal 0 0 -1
    outer loop
      vertex -26.8238 80.0225 0
      vertex -33.291 82.7013 0
      vertex -32.5657 84.3931 0
    endloop
  endfacet
  facet normal 0 0 -1
    outer loop
      vertex -37.8958 41.1779 0
      vertex -30.9989 42.3746 0
      vertex -37.5589 39.3682 0
    endloop
  endfacet
  facet normal 0 0 -1
    outer loop
      vertex -27.4435 78.4729 0
      vertex -33.9745 80.9921 0
      vertex -33.291 82.7013 0
    endloop
  endfacet
  facet normal -0 0 -1
    outer loop
      vertex -30.9989 42.3746 0
      vertex -37.8958 41.1779 0
      vertex -31.264 44.0223 0
    endloop
  endfacet
  facet normal 0 0 -1
    outer loop
      vertex -28.025 76.9085 0
      vertex -34.6158 79.2667 0
      vertex -33.9745 80.9921 0
    endloop
  endfacet
  facet normal 0 0 -1
    outer loop
      vertex -38.1882 42.9952 0
      vertex -31.264 44.0223 0
      vertex -37.8958 41.1779 0
    endloop
  endfacet
  facet normal 0 0 -1
    outer loop
      vertex -28.5679 75.3304 0
      vertex -35.2146 77.5261 0
      vertex -34.6158 79.2667 0
    endloop
  endfacet
  facet normal -0 0 -1
    outer loop
      vertex -31.264 44.0223 0
      vertex -38.1882 42.9952 0
      vertex -31.4886 45.6761 0
    endloop
  endfacet
  facet normal 0 0 -1
    outer loop
      vertex -29.0719 73.7394 0
      vertex -35.7705 75.7713 0
      vertex -35.2146 77.5261 0
    endloop
  endfacet
  facet normal 0 0 -1
    outer loop
      vertex -38.436 44.8192 0
      vertex -31.4886 45.6761 0
      vertex -38.1882 42.9952 0
    endloop
  endfacet
  facet normal 0 0 -1
    outer loop
      vertex -29.5368 72.1365 0
      vertex -36.2832 74.0035 0
      vertex -35.7705 75.7713 0
    endloop
  endfacet
  facet normal -0 0 -1
    outer loop
      vertex -31.4886 45.6761 0
      vertex -38.436 44.8192 0
      vertex -31.6726 47.3348 0
    endloop
  endfacet
  facet normal 0 0 -1
    outer loop
      vertex -29.9621 70.5227 0
      vertex -36.7523 72.2235 0
      vertex -36.2832 74.0035 0
    endloop
  endfacet
  facet normal 0 0 -1
    outer loop
      vertex -38.6389 46.6487 0
      vertex -31.6726 47.3348 0
      vertex -38.436 44.8192 0
    endloop
  endfacet
  facet normal 0 0 -1
    outer loop
      vertex -30.3477 68.8989 0
      vertex -37.1777 70.4326 0
      vertex -36.7523 72.2235 0
    endloop
  endfacet
  facet normal -0 0 -1
    outer loop
      vertex -31.6726 47.3348 0
      vertex -38.6389 46.6487 0
      vertex -31.8158 48.9976 0
    endloop
  endfacet
  facet normal 0 0 -1
    outer loop
      vertex -30.6934 67.2661 0
      vertex -37.5589 68.6318 0
      vertex -37.1777 70.4326 0
    endloop
  endfacet
  facet normal 0 0 -1
    outer loop
      vertex -38.7968 48.4827 0
      vertex -31.8158 48.9976 0
      vertex -38.6389 46.6487 0
    endloop
  endfacet
  facet normal 0 0 -1
    outer loop
      vertex -30.9989 65.6254 0
      vertex -37.8958 66.8221 0
      vertex -37.5589 68.6318 0
    endloop
  endfacet
  facet normal -0 0 -1
    outer loop
      vertex -31.8158 48.9976 0
      vertex -38.7968 48.4827 0
      vertex -31.9181 50.6634 0
    endloop
  endfacet
  facet normal 0 0 -1
    outer loop
      vertex -31.264 63.9777 0
      vertex -38.1882 65.0048 0
      vertex -37.8958 66.8221 0
    endloop
  endfacet
  facet normal 0 0 -1
    outer loop
      vertex -38.9097 50.3199 0
      vertex -31.9181 50.6634 0
      vertex -38.7968 48.4827 0
    endloop
  endfacet
  facet normal 0 0 -1
    outer loop
      vertex -31.4886 62.3239 0
      vertex -38.436 63.1808 0
      vertex -38.1882 65.0048 0
    endloop
  endfacet
  facet normal -0 0 -1
    outer loop
      vertex -31.9181 50.6634 0
      vertex -38.9097 50.3199 0
      vertex -31.9795 52.3312 0
    endloop
  endfacet
  facet normal 0 0 -1
    outer loop
      vertex -31.6726 60.6652 0
      vertex -38.6389 61.3513 0
      vertex -38.436 63.1808 0
    endloop
  endfacet
  facet normal 0 0 -1
    outer loop
      vertex -38.9774 52.1594 0
      vertex -31.9795 52.3312 0
      vertex -38.9097 50.3199 0
    endloop
  endfacet
  facet normal 0 0 -1
    outer loop
      vertex -31.8158 59.0024 0
      vertex -38.7968 59.5173 0
      vertex -38.6389 61.3513 0
    endloop
  endfacet
  facet normal -0 0 -1
    outer loop
      vertex -31.9795 52.3312 0
      vertex -38.9774 52.1594 0
      vertex -32 54 0
    endloop
  endfacet
  facet normal 0 0 -1
    outer loop
      vertex -31.9181 57.3366 0
      vertex -38.9097 57.6801 0
      vertex -38.7968 59.5173 0
    endloop
  endfacet
  facet normal 0 0 -1
    outer loop
      vertex -39 54 0
      vertex -32 54 0
      vertex -38.9774 52.1594 0
    endloop
  endfacet
  facet normal 0 0 -1
    outer loop
      vertex -31.9795 55.6688 0
      vertex -38.9774 55.8406 0
      vertex -38.9097 57.6801 0
    endloop
  endfacet
  facet normal 0 0 -1
    outer loop
      vertex -32 54 0
      vertex -39 54 0
      vertex -38.9774 55.8406 0
    endloop
  endfacet
  facet normal 0 0 -1
    outer loop
      vertex 101.962 37.4773 0
      vertex 109 36.8193 0
      vertex 108.752 35.7765 0
    endloop
  endfacet
  facet normal 0 0 -1
    outer loop
      vertex 109 36.8193 0
      vertex 104 54 0
      vertex 109 71.1807 0
    endloop
  endfacet
  facet normal 0 0 -1
    outer loop
      vertex 103.98 55.6688 0
      vertex 109 71.1807 0
      vertex 104 54 0
    endloop
  endfacet
  facet normal 0 0 -1
    outer loop
      vertex 101.962 37.4773 0
      vertex 108.752 35.7765 0
      vertex 108.283 33.9965 0
    endloop
  endfacet
  facet normal 0 0 -1
    outer loop
      vertex 109 -1 0
      vertex 112.5 -4.5 0
      vertex 112.5 -8 0
    endloop
  endfacet
  facet normal 0 0 -1
    outer loop
      vertex 112.5 -4.5 0
      vertex 109 36.8193 0
      vertex 112.5 76.5 0
    endloop
  endfacet
  facet normal 0 0 -1
    outer loop
      vertex 112.5 -4.5 0
      vertex 109 -1 0
      vertex 109 36.8193 0
    endloop
  endfacet
  facet normal 0 0 -1
    outer loop
      vertex 112.5 -8 0
      vertex 86.9819 -1 0
      vertex 109 -1 0
    endloop
  endfacet
  facet normal 0 0 -1
    outer loop
      vertex 90.3185 2.28446 0
      vertex 85.2488 7.11124 0
      vertex 86.3847 8.33399 0
    endloop
  endfacet
  facet normal 0 0 -1
    outer loop
      vertex 87.7155 -0.318531 0
      vertex 84.0833 5.91674 0
      vertex 85.2488 7.11124 0
    endloop
  endfacet
  facet normal 0 0 -1
    outer loop
      vertex 87.7155 -0.318531 0
      vertex 82.8888 4.7512 0
      vertex 84.0833 5.91674 0
    endloop
  endfacet
  facet normal 0 0 -1
    outer loop
      vertex 86.9819 -1 0
      vertex 81.666 3.61532 0
      vertex 82.8888 4.7512 0
    endloop
  endfacet
  facet normal 0 0 -1
    outer loop
      vertex 86.9819 -1 0
      vertex 80.4158 2.5098 0
      vertex 81.666 3.61532 0
    endloop
  endfacet
  facet normal 0 0 -1
    outer loop
      vertex 86.9819 -1 0
      vertex 79.1387 1.43529 0
      vertex 80.4158 2.5098 0
    endloop
  endfacet
  facet normal 0 0 -1
    outer loop
      vertex 78.1928 -8 0
      vertex 86.9819 -1 0
      vertex 112.5 -8 0
    endloop
  endfacet
  facet normal 0 0 -1
    outer loop
      vertex 77.8357 0.392444 0
      vertex 86.9819 -1 0
      vertex 78.1928 -8 0
    endloop
  endfacet
  facet normal 0 0 -1
    outer loop
      vertex 86.9819 -1 0
      vertex 77.8357 0.392444 0
      vertex 79.1387 1.43529 0
    endloop
  endfacet
  facet normal 0 0 -1
    outer loop
      vertex 75.9792 -1 0
      vertex 78.1928 -8 0
      vertex 77.6678 -8.36022 0
    endloop
  endfacet
  facet normal 0 0 -1
    outer loop
      vertex 78.1928 -8 0
      vertex 76.5076 -0.618112 0
      vertex 77.8357 0.392444 0
    endloop
  endfacet
  facet normal 0 0 -1
    outer loop
      vertex 75.9792 -1 0
      vertex 77.6678 -8.36022 0
      vertex 76.1248 -9.36402 0
    endloop
  endfacet
  facet normal 0 0 -1
    outer loop
      vertex 78.1928 -8 0
      vertex 75.9792 -1 0
      vertex 76.5076 -0.618112 0
    endloop
  endfacet
  facet normal 0 0 -1
    outer loop
      vertex 74.5577 -10.3296 0
      vertex 75.9792 -1 0
      vertex 76.1248 -9.36402 0
    endloop
  endfacet
  facet normal 0 0 -1
    outer loop
      vertex 72.9674 -11.2565 0
      vertex 75.9792 -1 0
      vertex 74.5577 -10.3296 0
    endloop
  endfacet
  facet normal 0 0 -1
    outer loop
      vertex 63.9194 -8 0
      vertex 72.9674 -11.2565 0
      vertex 71.3548 -12.1441 0
    endloop
  endfacet
  facet normal 0 0 -1
    outer loop
      vertex 63.9194 -8 0
      vertex 71.3548 -12.1441 0
      vertex 69.7208 -12.9918 0
    endloop
  endfacet
  facet normal 0 0 -1
    outer loop
      vertex 63.9194 -8 0
      vertex 69.7208 -12.9918 0
      vertex 68.0666 -13.7992 0
    endloop
  endfacet
  facet normal 0 0 -1
    outer loop
      vertex 63.9194 -8 0
      vertex 68.0666 -13.7992 0
      vertex 66.3931 -14.5657 0
    endloop
  endfacet
  facet normal 0 0 -1
    outer loop
      vertex 63.5564 -8.16626 0
      vertex 66.3931 -14.5657 0
      vertex 64.7013 -15.291 0
    endloop
  endfacet
  facet normal 0 0 -1
    outer loop
      vertex 72.9674 -11.2565 0
      vertex 63.9194 -8 0
      vertex 75.9792 -1 0
    endloop
  endfacet
  facet normal 0 0 -1
    outer loop
      vertex -1 -1 0
      vertex 63.9194 -8 0
      vertex 8.0806 -8 0
    endloop
  endfacet
  facet normal -0 0 -1
    outer loop
      vertex 8.44359 -8.16626 0
      vertex 5.6069 -14.5657 0
      vertex 8.0806 -8 0
    endloop
  endfacet
  facet normal 0 0 -1
    outer loop
      vertex 3.93337 -13.7992 0
      vertex 8.0806 -8 0
      vertex 5.6069 -14.5657 0
    endloop
  endfacet
  facet normal 0 0 -1
    outer loop
      vertex 2.27915 -12.9918 0
      vertex 8.0806 -8 0
      vertex 3.93337 -13.7992 0
    endloop
  endfacet
  facet normal 0 0 -1
    outer loop
      vertex 0.645246 -12.1441 0
      vertex 8.0806 -8 0
      vertex 2.27915 -12.9918 0
    endloop
  endfacet
  facet normal 0 0 -1
    outer loop
      vertex -0.967364 -11.2565 0
      vertex 8.0806 -8 0
      vertex 0.645246 -12.1441 0
    endloop
  endfacet
  facet normal 0 0 -1
    outer loop
      vertex 63.9194 -8 0
      vertex -1 -1 0
      vertex 75.9792 -1 0
    endloop
  endfacet
  facet normal 0 0 -1
    outer loop
      vertex -0.967364 -11.2565 0
      vertex -1 -1 0
      vertex 8.0806 -8 0
    endloop
  endfacet
  facet normal 0 0 -1
    outer loop
      vertex -4.12482 -9.36402 0
      vertex -1 -1 0
      vertex -2.5577 -10.3296 0
    endloop
  endfacet
  facet normal 0 0 -1
    outer loop
      vertex -2.5577 -10.3296 0
      vertex -1 -1 0
      vertex -0.967364 -11.2565 0
    endloop
  endfacet
  facet normal 0 0 -1
    outer loop
      vertex 112.5 -4.5 0
      vertex 116 76.5 0
      vertex 116 -4.5 0
    endloop
  endfacet
  facet normal -0 0 -1
    outer loop
      vertex 116 76.5 0
      vertex 112.5 -4.5 0
      vertex 112.5 76.5 0
    endloop
  endfacet
  facet normal 0 0 -1
    outer loop
      vertex 109 71.1807 0
      vertex 112.5 76.5 0
      vertex 109 36.8193 0
    endloop
  endfacet
  facet normal 0 0 -1
    outer loop
      vertex 109 73 0
      vertex 112.5 76.5 0
      vertex 109 71.1807 0
    endloop
  endfacet
  facet normal 0 0 -1
    outer loop
      vertex 108.548 73 0
      vertex 112.5 76.5 0
      vertex 109 73 0
    endloop
  endfacet
  facet normal -0 0 -1
    outer loop
      vertex 112.5 76.5 0
      vertex 108.548 73 0
      vertex 106.343 80 0
    endloop
  endfacet
  facet normal 0 0 -1
    outer loop
      vertex 101.537 35.8635 0
      vertex 108.283 33.9965 0
      vertex 107.771 32.2286 0
    endloop
  endfacet
  facet normal 0 0 -1
    outer loop
      vertex 101.072 34.2606 0
      vertex 107.771 32.2286 0
      vertex 107.215 30.4739 0
    endloop
  endfacet
  facet normal 0 0 -1
    outer loop
      vertex 100.568 32.6696 0
      vertex 107.215 30.4739 0
      vertex 106.616 28.7333 0
    endloop
  endfacet
  facet normal 0 0 -1
    outer loop
      vertex 112.5 76.5 0
      vertex 106.343 80 0
      vertex 112.5 80 0
    endloop
  endfacet
  facet normal 0 0 -1
    outer loop
      vertex 109 36.8193 0
      vertex 103.918 50.6634 0
      vertex 103.98 52.3312 0
    endloop
  endfacet
  facet normal 0 0 -1
    outer loop
      vertex 100.025 31.0915 0
      vertex 106.616 28.7333 0
      vertex 105.974 27.0079 0
    endloop
  endfacet
  facet normal 0 0 -1
    outer loop
      vertex 103.816 59.0024 0
      vertex 109 71.1807 0
      vertex 103.918 57.3366 0
    endloop
  endfacet
  facet normal 0 0 -1
    outer loop
      vertex 99.4435 29.5271 0
      vertex 105.974 27.0079 0
      vertex 105.291 25.2987 0
    endloop
  endfacet
  facet normal 0 0 -1
    outer loop
      vertex 103.673 60.6652 0
      vertex 109 71.1807 0
      vertex 103.816 59.0024 0
    endloop
  endfacet
  facet normal 0 0 -1
    outer loop
      vertex 98.8238 27.9775 0
      vertex 105.291 25.2987 0
      vertex 104.566 23.6069 0
    endloop
  endfacet
  facet normal 0 0 -1
    outer loop
      vertex 103.489 62.3239 0
      vertex 109 71.1807 0
      vertex 103.673 60.6652 0
    endloop
  endfacet
  facet normal 0 0 -1
    outer loop
      vertex 103.264 63.9777 0
      vertex 109 71.1807 0
      vertex 103.489 62.3239 0
    endloop
  endfacet
  facet normal 0 0 -1
    outer loop
      vertex 103.918 57.3366 0
      vertex 109 71.1807 0
      vertex 103.98 55.6688 0
    endloop
  endfacet
  facet normal 0 0 -1
    outer loop
      vertex 109 36.8193 0
      vertex 103.98 52.3312 0
      vertex 104 54 0
    endloop
  endfacet
  facet normal 0 0 -1
    outer loop
      vertex 109 36.8193 0
      vertex 103.816 48.9976 0
      vertex 103.918 50.6634 0
    endloop
  endfacet
  facet normal 0 0 -1
    outer loop
      vertex 98.1663 26.4436 0
      vertex 104.566 23.6069 0
      vertex 103.799 21.9334 0
    endloop
  endfacet
  facet normal 0 0 -1
    outer loop
      vertex 109 36.8193 0
      vertex 103.673 47.3348 0
      vertex 103.816 48.9976 0
    endloop
  endfacet
  facet normal 0 0 -1
    outer loop
      vertex 109 36.8193 0
      vertex 103.489 45.6761 0
      vertex 103.673 47.3348 0
    endloop
  endfacet
  facet normal 0 0 -1
    outer loop
      vertex 109 36.8193 0
      vertex 103.264 44.0223 0
      vertex 103.489 45.6761 0
    endloop
  endfacet
  facet normal 0 0 -1
    outer loop
      vertex 109 36.8193 0
      vertex 102.999 42.3746 0
      vertex 103.264 44.0223 0
    endloop
  endfacet
  facet normal 0 0 -1
    outer loop
      vertex 97.4713 24.9263 0
      vertex 103.799 21.9334 0
      vertex 102.992 20.2792 0
    endloop
  endfacet
  facet normal 0 0 -1
    outer loop
      vertex 109 36.8193 0
      vertex 102.693 40.7339 0
      vertex 102.999 42.3746 0
    endloop
  endfacet
  facet normal 0 0 -1
    outer loop
      vertex 109 36.8193 0
      vertex 102.348 39.1011 0
      vertex 102.693 40.7339 0
    endloop
  endfacet
  facet normal 0 0 -1
    outer loop
      vertex 96.7393 23.4264 0
      vertex 102.992 20.2792 0
      vertex 102.144 18.6452 0
    endloop
  endfacet
  facet normal 0 0 -1
    outer loop
      vertex 109 36.8193 0
      vertex 101.962 37.4773 0
      vertex 102.348 39.1011 0
    endloop
  endfacet
  facet normal 0 0 -1
    outer loop
      vertex 108.283 33.9965 0
      vertex 101.537 35.8635 0
      vertex 101.962 37.4773 0
    endloop
  endfacet
  facet normal 0 0 -1
    outer loop
      vertex 95.9706 21.945 0
      vertex 102.144 18.6452 0
      vertex 101.257 17.0326 0
    endloop
  endfacet
  facet normal 0 0 -1
    outer loop
      vertex 107.771 32.2286 0
      vertex 101.072 34.2606 0
      vertex 101.537 35.8635 0
    endloop
  endfacet
  facet normal 0 0 -1
    outer loop
      vertex 107.215 30.4739 0
      vertex 100.568 32.6696 0
      vertex 101.072 34.2606 0
    endloop
  endfacet
  facet normal 0 0 -1
    outer loop
      vertex 95.1659 20.4829 0
      vertex 101.257 17.0326 0
      vertex 100.33 15.4423 0
    endloop
  endfacet
  facet normal 0 0 -1
    outer loop
      vertex 106.616 28.7333 0
      vertex 100.025 31.0915 0
      vertex 100.568 32.6696 0
    endloop
  endfacet
  facet normal 0 0 -1
    outer loop
      vertex 105.974 27.0079 0
      vertex 99.4435 29.5271 0
      vertex 100.025 31.0915 0
    endloop
  endfacet
  facet normal 0 0 -1
    outer loop
      vertex 94.3255 19.041 0
      vertex 100.33 15.4423 0
      vertex 99.364 13.8752 0
    endloop
  endfacet
  facet normal 0 0 -1
    outer loop
      vertex 105.291 25.2987 0
      vertex 98.8238 27.9775 0
      vertex 99.4435 29.5271 0
    endloop
  endfacet
  facet normal 0 0 -1
    outer loop
      vertex 93.45 17.6202 0
      vertex 99.364 13.8752 0
      vertex 98.3602 12.3322 0
    endloop
  endfacet
  facet normal 0 0 -1
    outer loop
      vertex 104.566 23.6069 0
      vertex 98.1663 26.4436 0
      vertex 98.8238 27.9775 0
    endloop
  endfacet
  facet normal 0 0 -1
    outer loop
      vertex 103.799 21.9334 0
      vertex 97.4713 24.9263 0
      vertex 98.1663 26.4436 0
    endloop
  endfacet
  facet normal 0 0 -1
    outer loop
      vertex 92.5399 16.2212 0
      vertex 98.3602 12.3322 0
      vertex 97.3189 10.8144 0
    endloop
  endfacet
  facet normal 0 0 -1
    outer loop
      vertex 102.992 20.2792 0
      vertex 96.7393 23.4264 0
      vertex 97.4713 24.9263 0
    endloop
  endfacet
  facet normal 0 0 -1
    outer loop
      vertex 91.5958 14.845 0
      vertex 97.3189 10.8144 0
      vertex 96.2406 9.32255 0
    endloop
  endfacet
  facet normal 0 0 -1
    outer loop
      vertex 102.144 18.6452 0
      vertex 95.9706 21.945 0
      vertex 96.7393 23.4264 0
    endloop
  endfacet
  facet normal 0 0 -1
    outer loop
      vertex 101.257 17.0326 0
      vertex 95.1659 20.4829 0
      vertex 95.9706 21.945 0
    endloop
  endfacet
  facet normal 0 0 -1
    outer loop
      vertex 90.6181 13.4924 0
      vertex 96.2406 9.32255 0
      vertex 95.126 7.85763 0
    endloop
  endfacet
  facet normal 0 0 -1
    outer loop
      vertex 100.33 15.4423 0
      vertex 94.3255 19.041 0
      vertex 95.1659 20.4829 0
    endloop
  endfacet
  facet normal 0 0 -1
    outer loop
      vertex 89.6076 12.1643 0
      vertex 95.126 7.85763 0
      vertex 93.9758 6.4205 0
    endloop
  endfacet
  facet normal 0 0 -1
    outer loop
      vertex 99.364 13.8752 0
      vertex 93.45 17.6202 0
      vertex 94.3255 19.041 0
    endloop
  endfacet
  facet normal 0 0 -1
    outer loop
      vertex 88.5647 10.8613 0
      vertex 93.9758 6.4205 0
      vertex 92.7907 5.01204 0
    endloop
  endfacet
  facet normal 0 0 -1
    outer loop
      vertex 98.3602 12.3322 0
      vertex 92.5399 16.2212 0
      vertex 93.45 17.6202 0
    endloop
  endfacet
  facet normal 0 0 -1
    outer loop
      vertex 97.3189 10.8144 0
      vertex 91.5958 14.845 0
      vertex 92.5399 16.2212 0
    endloop
  endfacet
  facet normal 0 0 -1
    outer loop
      vertex 87.4902 9.58425 0
      vertex 92.7907 5.01204 0
      vertex 91.5713 3.63308 0
    endloop
  endfacet
  facet normal 0 0 -1
    outer loop
      vertex 96.2406 9.32255 0
      vertex 90.6181 13.4924 0
      vertex 91.5958 14.845 0
    endloop
  endfacet
  facet normal 0 0 -1
    outer loop
      vertex 86.3847 8.33399 0
      vertex 91.5713 3.63308 0
      vertex 90.3185 2.28446 0
    endloop
  endfacet
  facet normal 0 0 -1
    outer loop
      vertex 95.126 7.85763 0
      vertex 89.6076 12.1643 0
      vertex 90.6181 13.4924 0
    endloop
  endfacet
  facet normal 0 0 -1
    outer loop
      vertex 85.2488 7.11124 0
      vertex 90.3185 2.28446 0
      vertex 89.033 0.966991 0
    endloop
  endfacet
  facet normal 0 0 -1
    outer loop
      vertex 93.9758 6.4205 0
      vertex 88.5647 10.8613 0
      vertex 89.6076 12.1643 0
    endloop
  endfacet
  facet normal 0 0 -1
    outer loop
      vertex 85.2488 7.11124 0
      vertex 89.033 0.966991 0
      vertex 87.7155 -0.318531 0
    endloop
  endfacet
  facet normal 0 0 -1
    outer loop
      vertex 92.7907 5.01204 0
      vertex 87.4902 9.58425 0
      vertex 88.5647 10.8613 0
    endloop
  endfacet
  facet normal 0 0 -1
    outer loop
      vertex 82.8888 4.7512 0
      vertex 87.7155 -0.318531 0
      vertex 86.9819 -1 0
    endloop
  endfacet
  facet normal 0 0 -1
    outer loop
      vertex 91.5713 3.63308 0
      vertex 86.3847 8.33399 0
      vertex 87.4902 9.58425 0
    endloop
  endfacet
  facet normal -1 0 0
    outer loop
      vertex -8 2.15997 0
      vertex -8 76.5 10
      vertex -8 76.5 0
    endloop
  endfacet
  facet normal -1 -0 0
    outer loop
      vertex -8 76.5 10
      vertex -8 2.15997 0
      vertex -8 2.15997 10
    endloop
  endfacet
  facet normal 0 1 -0
    outer loop
      vertex -4.5 76.5 0
      vertex -8 76.5 10
      vertex -4.5 76.5 10
    endloop
  endfacet
  facet normal 0 1 0
    outer loop
      vertex -8 76.5 10
      vertex -4.5 76.5 0
      vertex -8 76.5 0
    endloop
  endfacet
  facet normal 1 -0 0
    outer loop
      vertex 112.5 -8 10
      vertex 112.5 -4.5 0
      vertex 112.5 -4.5 10
    endloop
  endfacet
  facet normal 1 0 0
    outer loop
      vertex 112.5 -4.5 0
      vertex 112.5 -8 10
      vertex 112.5 -8 0
    endloop
  endfacet
  facet normal 0 1 -0
    outer loop
      vertex 109 -1 0
      vertex 86.9819 -1 10
      vertex 109 -1 10
    endloop
  endfacet
  facet normal 0 1 0
    outer loop
      vertex 86.9819 -1 10
      vertex 109 -1 0
      vertex 86.9819 -1 0
    endloop
  endfacet
  facet normal 0 1 -0
    outer loop
      vertex 75.9792 -1 0
      vertex -1 -1 10
      vertex 75.9792 -1 10
    endloop
  endfacet
  facet normal 0 1 0
    outer loop
      vertex -1 -1 10
      vertex 75.9792 -1 0
      vertex -1 -1 0
    endloop
  endfacet
  facet normal 0 -1 0
    outer loop
      vertex 78.1928 -8 0
      vertex 112.5 -8 10
      vertex 78.1928 -8 10
    endloop
  endfacet
  facet normal 0 -1 -0
    outer loop
      vertex 112.5 -8 10
      vertex 78.1928 -8 0
      vertex 112.5 -8 0
    endloop
  endfacet
  facet normal 0 -1 0
    outer loop
      vertex 8.0806 -8 0
      vertex 63.9194 -8 10
      vertex 8.0806 -8 10
    endloop
  endfacet
  facet normal 0 -1 -0
    outer loop
      vertex 63.9194 -8 10
      vertex 8.0806 -8 0
      vertex 63.9194 -8 0
    endloop
  endfacet
  facet normal 1 -0 0
    outer loop
      vertex 112.5 76.5 10
      vertex 112.5 80 0
      vertex 112.5 80 10
    endloop
  endfacet
  facet normal 1 0 0
    outer loop
      vertex 112.5 80 0
      vertex 112.5 76.5 10
      vertex 112.5 76.5 0
    endloop
  endfacet
  facet normal -1 0 0
    outer loop
      vertex -4.5 76.5 0
      vertex -4.5 80 10
      vertex -4.5 80 0
    endloop
  endfacet
  facet normal -1 -0 0
    outer loop
      vertex -4.5 80 10
      vertex -4.5 76.5 0
      vertex -4.5 76.5 10
    endloop
  endfacet
  facet normal 0 1 -0
    outer loop
      vertex 98.8328 80 0
      vertex -4.5 80 10
      vertex 98.8328 80 10
    endloop
  endfacet
  facet normal 0 1 0
    outer loop
      vertex -4.5 80 10
      vertex 98.8328 80 0
      vertex -4.5 80 0
    endloop
  endfacet
  facet normal 0 1 -0
    outer loop
      vertex 112.5 80 0
      vertex 106.343 80 10
      vertex 112.5 80 10
    endloop
  endfacet
  facet normal 0 1 0
    outer loop
      vertex 106.343 80 10
      vertex 112.5 80 0
      vertex 106.343 80 0
    endloop
  endfacet
  facet normal 0 -1 0
    outer loop
      vertex -1 73 0
      vertex 101.286 73 10
      vertex -1 73 10
    endloop
  endfacet
  facet normal 0 -1 -0
    outer loop
      vertex 101.286 73 10
      vertex -1 73 0
      vertex 101.286 73 0
    endloop
  endfacet
  facet normal 0 -1 0
    outer loop
      vertex 108.548 73 0
      vertex 109 73 10
      vertex 108.548 73 10
    endloop
  endfacet
  facet normal 0 -1 -0
    outer loop
      vertex 109 73 10
      vertex 108.548 73 0
      vertex 109 73 0
    endloop
  endfacet
  facet normal 1 -0 0
    outer loop
      vertex 116 -4.5 10
      vertex 116 76.5 0
      vertex 116 76.5 10
    endloop
  endfacet
  facet normal 1 0 0
    outer loop
      vertex 116 76.5 0
      vertex 116 -4.5 10
      vertex 116 -4.5 0
    endloop
  endfacet
  facet normal -1 0 0
    outer loop
      vertex 109 -1 0
      vertex 109 36.8193 10
      vertex 109 36.8193 0
    endloop
  endfacet
  facet normal -1 -0 0
    outer loop
      vertex 109 36.8193 10
      vertex 109 -1 0
      vertex 109 -1 10
    endloop
  endfacet
  facet normal -1 0 0
    outer loop
      vertex 109 71.1807 0
      vertex 109 73 10
      vertex 109 73 0
    endloop
  endfacet
  facet normal -1 -0 0
    outer loop
      vertex 109 73 10
      vertex 109 71.1807 0
      vertex 109 71.1807 10
    endloop
  endfacet
  facet normal 0 1 -0
    outer loop
      vertex 116 76.5 0
      vertex 112.5 76.5 10
      vertex 116 76.5 10
    endloop
  endfacet
  facet normal 0 1 0
    outer loop
      vertex 112.5 76.5 10
      vertex 116 76.5 0
      vertex 112.5 76.5 0
    endloop
  endfacet
  facet normal 0 -1 0
    outer loop
      vertex 112.5 -4.5 0
      vertex 116 -4.5 10
      vertex 112.5 -4.5 10
    endloop
  endfacet
  facet normal 0 -1 -0
    outer loop
      vertex 116 -4.5 10
      vertex 112.5 -4.5 0
      vertex 116 -4.5 0
    endloop
  endfacet
  facet normal -0.966984 -0.254838 0
    outer loop
      vertex -36.2832 33.9965 0
      vertex -36.7523 35.7765 10
      vertex -36.7523 35.7765 0
    endloop
  endfacet
  facet normal -0.966984 -0.254838 0
    outer loop
      vertex -36.7523 35.7765 10
      vertex -36.2832 33.9965 0
      vertex -36.2832 33.9965 10
    endloop
  endfacet
  facet normal 0.765171 -0.643827 0
    outer loop
      vertex 92.7907 5.01204 10
      vertex 93.9758 6.4205 0
      vertex 93.9758 6.4205 10
    endloop
  endfacet
  facet normal 0.765171 -0.643827 0
    outer loop
      vertex 93.9758 6.4205 0
      vertex 92.7907 5.01204 10
      vertex 92.7907 5.01204 0
    endloop
  endfacet
  facet normal 0.765293 0.643682 0
    outer loop
      vertex 93.9758 101.579 10
      vertex 92.7907 102.988 0
      vertex 92.7907 102.988 10
    endloop
  endfacet
  facet normal 0.765293 0.643682 0
    outer loop
      vertex 92.7907 102.988 0
      vertex 93.9758 101.579 10
      vertex 93.9758 101.579 0
    endloop
  endfacet
  facet normal 0.953288 -0.302062 0
    outer loop
      vertex 107.215 30.4739 10
      vertex 107.771 32.2286 0
      vertex 107.771 32.2286 10
    endloop
  endfacet
  facet normal 0.953288 -0.302062 0
    outer loop
      vertex 107.771 32.2286 0
      vertex 107.215 30.4739 10
      vertex 107.215 30.4739 0
    endloop
  endfacet
  facet normal 0.898753 0.438456 0
    outer loop
      vertex 103.799 86.0666 10
      vertex 102.992 87.7208 0
      vertex 102.992 87.7208 10
    endloop
  endfacet
  facet normal 0.898753 0.438456 0
    outer loop
      vertex 102.992 87.7208 0
      vertex 103.799 86.0666 10
      vertex 103.799 86.0666 0
    endloop
  endfacet
  facet normal -0.945608 -0.325308 0
    outer loop
      vertex -34.6158 28.7333 0
      vertex -35.2146 30.4739 10
      vertex -35.2146 30.4739 0
    endloop
  endfacet
  facet normal -0.945608 -0.325308 0
    outer loop
      vertex -35.2146 30.4739 10
      vertex -34.6158 28.7333 0
      vertex -34.6158 28.7333 10
    endloop
  endfacet
  facet normal 0.134725 0.990883 -0
    outer loop
      vertex 47.0048 128.188 0
      vertex 45.1808 128.436 10
      vertex 47.0048 128.188 10
    endloop
  endfacet
  facet normal 0.134725 0.990883 0
    outer loop
      vertex 45.1808 128.436 10
      vertex 47.0048 128.188 0
      vertex 45.1808 128.436 0
    endloop
  endfacet
  facet normal -0.34839 -0.93735 0
    outer loop
      vertex 9.00787 -15.9745 0
      vertex 10.7333 -16.6158 10
      vertex 9.00787 -15.9745 10
    endloop
  endfacet
  facet normal -0.34839 -0.93735 -0
    outer loop
      vertex 10.7333 -16.6158 10
      vertex 9.00787 -15.9745 0
      vertex 10.7333 -16.6158 0
    endloop
  endfacet
  facet normal -0.780737 -0.624859 0
    outer loop
      vertex -21.9758 6.4205 0
      vertex -23.126 7.85763 10
      vertex -23.126 7.85763 0
    endloop
  endfacet
  facet normal -0.780737 -0.624859 0
    outer loop
      vertex -23.126 7.85763 10
      vertex -21.9758 6.4205 0
      vertex -21.9758 6.4205 10
    endloop
  endfacet
  facet normal -0.183019 -0.983109 0
    outer loop
      vertex 21.3682 -19.5589 0
      vertex 23.1779 -19.8958 10
      vertex 21.3682 -19.5589 10
    endloop
  endfacet
  facet normal -0.183019 -0.983109 -0
    outer loop
      vertex 23.1779 -19.8958 10
      vertex 21.3682 -19.5589 0
      vertex 23.1779 -19.8958 0
    endloop
  endfacet
  facet normal 0.838233 -0.545313 0
    outer loop
      vertex 98.3602 12.3322 10
      vertex 99.364 13.8752 0
      vertex 99.364 13.8752 10
    endloop
  endfacet
  facet normal 0.838233 -0.545313 0
    outer loop
      vertex 99.364 13.8752 0
      vertex 98.3602 12.3322 10
      vertex 98.3602 12.3322 0
    endloop
  endfacet
  facet normal 0.158855 -0.987302 0
    outer loop
      vertex 47.0048 -20.1882 0
      vertex 48.8221 -19.8958 10
      vertex 47.0048 -20.1882 10
    endloop
  endfacet
  facet normal 0.158855 -0.987302 0
    outer loop
      vertex 48.8221 -19.8958 10
      vertex 47.0048 -20.1882 0
      vertex 48.8221 -19.8958 0
    endloop
  endfacet
  facet normal -0.838233 0.545313 0
    outer loop
      vertex -27.364 94.1248 0
      vertex -26.3602 95.6678 10
      vertex -26.3602 95.6678 0
    endloop
  endfacet
  facet normal -0.838233 0.545313 0
    outer loop
      vertex -26.3602 95.6678 10
      vertex -27.364 94.1248 0
      vertex -27.364 94.1248 10
    endloop
  endfacet
  facet normal 0.278529 -0.960428 0
    outer loop
      vertex 56.0035 -18.2832 0
      vertex 57.7714 -17.7705 10
      vertex 56.0035 -18.2832 10
    endloop
  endfacet
  facet normal 0.278529 -0.960428 0
    outer loop
      vertex 57.7714 -17.7705 10
      vertex 56.0035 -18.2832 0
      vertex 57.7714 -17.7705 0
    endloop
  endfacet
  facet normal 0.909069 0.416645 0
    outer loop
      vertex 104.566 84.3931 10
      vertex 103.799 86.0666 0
      vertex 103.799 86.0666 10
    endloop
  endfacet
  facet normal 0.909069 0.416645 0
    outer loop
      vertex 103.799 86.0666 0
      vertex 104.566 84.3931 10
      vertex 104.566 84.3931 0
    endloop
  endfacet
  facet normal 0.967179 0.254095 0
    outer loop
      vertex 108.752 72.2235 10
      vertex 108.548 73 0
      vertex 108.548 73 10
    endloop
  endfacet
  facet normal 0.967179 0.254095 0
    outer loop
      vertex 108.548 73 0
      vertex 108.752 72.2235 10
      vertex 108.752 72.2235 0
    endloop
  endfacet
  facet normal -0.715613 0.698497 0
    outer loop
      vertex -18.3185 105.716 0
      vertex -17.033 107.033 10
      vertex -17.033 107.033 0
    endloop
  endfacet
  facet normal -0.715613 0.698497 0
    outer loop
      vertex -17.033 107.033 10
      vertex -18.3185 105.716 0
      vertex -18.3185 105.716 10
    endloop
  endfacet
  facet normal -0.945608 0.325308 0
    outer loop
      vertex -35.2146 77.5261 0
      vertex -34.6158 79.2667 10
      vertex -34.6158 79.2667 0
    endloop
  endfacet
  facet normal -0.945608 0.325308 0
    outer loop
      vertex -34.6158 79.2667 10
      vertex -35.2146 77.5261 0
      vertex -35.2146 77.5261 10
    endloop
  endfacet
  facet normal 0.393893 0.919156 -0
    outer loop
      vertex 66.3931 122.566 0
      vertex 64.7013 123.291 10
      vertex 66.3931 122.566 10
    endloop
  endfacet
  facet normal 0.393893 0.919156 0
    outer loop
      vertex 64.7013 123.291 10
      vertex 66.3931 122.566 0
      vertex 64.7013 123.291 0
    endloop
  endfacet
  facet normal -0.0367786 -0.999323 0
    outer loop
      vertex 32.3199 -20.9097 0
      vertex 34.1594 -20.9774 10
      vertex 32.3199 -20.9097 10
    endloop
  endfacet
  facet normal -0.0367786 -0.999323 -0
    outer loop
      vertex 34.1594 -20.9774 10
      vertex 32.3199 -20.9097 0
      vertex 34.1594 -20.9774 0
    endloop
  endfacet
  facet normal 0.0363988 0.999337 -0
    outer loop
      vertex 39.6801 128.91 0
      vertex 37.8406 128.977 10
      vertex 39.6801 128.91 10
    endloop
  endfacet
  facet normal 0.0363988 0.999337 0
    outer loop
      vertex 37.8406 128.977 10
      vertex 39.6801 128.91 0
      vertex 37.8406 128.977 0
    endloop
  endfacet
  facet normal -0.58569 0.810535 0
    outer loop
      vertex -7.18561 115.319 0
      vertex -8.67745 114.241 10
      vertex -7.18561 115.319 10
    endloop
  endfacet
  facet normal -0.58569 0.810535 0
    outer loop
      vertex -8.67745 114.241 10
      vertex -7.18561 115.319 0
      vertex -8.67745 114.241 0
    endloop
  endfacet
  facet normal 0.8762 0.481948 0
    outer loop
      vertex 102.144 89.3548 10
      vertex 101.257 90.9674 0
      vertex 101.257 90.9674 10
    endloop
  endfacet
  facet normal 0.8762 0.481948 0
    outer loop
      vertex 101.257 90.9674 0
      vertex 102.144 89.3548 10
      vertex 102.144 89.3548 0
    endloop
  endfacet
  facet normal 0.460634 0.88759 -0
    outer loop
      vertex 71.3548 120.144 0
      vertex 69.7208 120.992 10
      vertex 71.3548 120.144 10
    endloop
  endfacet
  facet normal 0.460634 0.88759 0
    outer loop
      vertex 69.7208 120.992 10
      vertex 71.3548 120.144 0
      vertex 69.7208 120.992 0
    endloop
  endfacet
  facet normal 0.565611 0.824672 -0
    outer loop
      vertex 79.1856 115.319 0
      vertex 77.6678 116.36 10
      vertex 79.1856 115.319 10
    endloop
  endfacet
  facet normal 0.565611 0.824672 0
    outer loop
      vertex 77.6678 116.36 10
      vertex 79.1856 115.319 0
      vertex 77.6678 116.36 0
    endloop
  endfacet
  facet normal 0.851263 0.52474 0
    outer loop
      vertex 100.33 92.5577 10
      vertex 99.364 94.1248 0
      vertex 99.364 94.1248 10
    endloop
  endfacet
  facet normal 0.851263 0.52474 0
    outer loop
      vertex 99.364 94.1248 0
      vertex 100.33 92.5577 10
      vertex 100.33 92.5577 0
    endloop
  endfacet
  facet normal -0.6985 0.71561 0
    outer loop
      vertex -15.7155 108.319 0
      vertex -17.033 107.033 10
      vertex -15.7155 108.319 10
    endloop
  endfacet
  facet normal -0.6985 0.71561 0
    outer loop
      vertex -17.033 107.033 10
      vertex -15.7155 108.319 0
      vertex -17.033 107.033 0
    endloop
  endfacet
  facet normal -0.960424 0.278543 0
    outer loop
      vertex -36.2832 74.0035 0
      vertex -35.7705 75.7713 10
      vertex -35.7705 75.7713 0
    endloop
  endfacet
  facet normal -0.960424 0.278543 0
    outer loop
      vertex -35.7705 75.7713 10
      vertex -36.2832 74.0035 0
      vertex -36.2832 74.0035 10
    endloop
  endfacet
  facet normal -0.393885 0.91916 0
    outer loop
      vertex 7.29874 123.291 0
      vertex 5.6069 122.566 10
      vertex 7.29874 123.291 10
    endloop
  endfacet
  facet normal -0.393885 0.91916 0
    outer loop
      vertex 5.6069 122.566 10
      vertex 7.29874 123.291 0
      vertex 5.6069 122.566 0
    endloop
  endfacet
  facet normal 0.183019 -0.983109 0
    outer loop
      vertex 48.8221 -19.8958 0
      vertex 50.6318 -19.5589 10
      vertex 48.8221 -19.8958 10
    endloop
  endfacet
  facet normal 0.183019 -0.983109 0
    outer loop
      vertex 50.6318 -19.5589 10
      vertex 48.8221 -19.8958 0
      vertex 50.6318 -19.5589 0
    endloop
  endfacet
  facet normal -0.983109 -0.183019 0
    outer loop
      vertex -37.5589 39.3682 0
      vertex -37.8958 41.1779 10
      vertex -37.8958 41.1779 0
    endloop
  endfacet
  facet normal -0.983109 -0.183019 0
    outer loop
      vertex -37.8958 41.1779 10
      vertex -37.5589 39.3682 0
      vertex -37.5589 39.3682 10
    endloop
  endfacet
  facet normal -0.52457 -0.851368 0
    outer loop
      vertex -4.12482 -9.36402 0
      vertex -2.5577 -10.3296 10
      vertex -4.12482 -9.36402 10
    endloop
  endfacet
  facet normal -0.52457 -0.851368 -0
    outer loop
      vertex -2.5577 -10.3296 10
      vertex -4.12482 -9.36402 0
      vertex -2.5577 -10.3296 0
    endloop
  endfacet
  facet normal -0.92851 0.371306 0
    outer loop
      vertex -33.9745 80.9921 0
      vertex -33.291 82.7013 10
      vertex -33.291 82.7013 0
    endloop
  endfacet
  facet normal -0.92851 0.371306 0
    outer loop
      vertex -33.291 82.7013 10
      vertex -33.9745 80.9921 0
      vertex -33.9745 80.9921 10
    endloop
  endfacet
  facet normal -0.876062 -0.482198 0
    outer loop
      vertex -29.2565 17.0326 0
      vertex -30.1441 18.6452 10
      vertex -30.1441 18.6452 0
    endloop
  endfacet
  facet normal -0.876062 -0.482198 0
    outer loop
      vertex -30.1441 18.6452 10
      vertex -29.2565 17.0326 0
      vertex -29.2565 17.0326 10
    endloop
  endfacet
  facet normal -0.987302 -0.158855 0
    outer loop
      vertex -37.8958 41.1779 0
      vertex -38.1882 42.9952 10
      vertex -38.1882 42.9952 0
    endloop
  endfacet
  facet normal -0.987302 -0.158855 0
    outer loop
      vertex -38.1882 42.9952 10
      vertex -37.8958 41.1779 0
      vertex -37.8958 41.1779 10
    endloop
  endfacet
  facet normal 0.481948 0.8762 -0
    outer loop
      vertex 72.9674 119.257 0
      vertex 71.3548 120.144 10
      vertex 72.9674 119.257 10
    endloop
  endfacet
  facet normal 0.481948 0.8762 0
    outer loop
      vertex 71.3548 120.144 10
      vertex 72.9674 119.257 0
      vertex 71.3548 120.144 0
    endloop
  endfacet
  facet normal -0.887657 -0.460506 0
    outer loop
      vertex -30.1441 18.6452 0
      vertex -30.9918 20.2792 10
      vertex -30.9918 20.2792 0
    endloop
  endfacet
  facet normal -0.887657 -0.460506 0
    outer loop
      vertex -30.9918 20.2792 10
      vertex -30.1441 18.6452 0
      vertex -30.1441 18.6452 10
    endloop
  endfacet
  facet normal -0.158855 -0.987302 0
    outer loop
      vertex 23.1779 -19.8958 0
      vertex 24.9952 -20.1882 10
      vertex 23.1779 -19.8958 10
    endloop
  endfacet
  facet normal -0.158855 -0.987302 -0
    outer loop
      vertex 24.9952 -20.1882 10
      vertex 23.1779 -19.8958 0
      vertex 24.9952 -20.1882 0
    endloop
  endfacet
  facet normal -0.919097 -0.394031 0
    outer loop
      vertex -32.5657 23.6069 0
      vertex -33.291 25.2987 10
      vertex -33.291 25.2987 0
    endloop
  endfacet
  facet normal -0.919097 -0.394031 0
    outer loop
      vertex -33.291 25.2987 10
      vertex -32.5657 23.6069 0
      vertex -32.5657 23.6069 10
    endloop
  endfacet
  facet normal 0.231104 -0.972929 0
    outer loop
      vertex 52.4326 -19.1777 0
      vertex 54.2235 -18.7523 10
      vertex 52.4326 -19.1777 10
    endloop
  endfacet
  facet normal 0.231104 -0.972929 0
    outer loop
      vertex 54.2235 -18.7523 10
      vertex 52.4326 -19.1777 0
      vertex 54.2235 -18.7523 0
    endloop
  endfacet
  facet normal 0.134619 -0.990897 0
    outer loop
      vertex 45.1808 -20.436 0
      vertex 47.0048 -20.1882 10
      vertex 45.1808 -20.436 10
    endloop
  endfacet
  facet normal 0.134619 -0.990897 0
    outer loop
      vertex 47.0048 -20.1882 10
      vertex 45.1808 -20.436 0
      vertex 47.0048 -20.1882 0
    endloop
  endfacet
  facet normal -0.765171 -0.643827 0
    outer loop
      vertex -20.7907 5.01204 0
      vertex -21.9758 6.4205 10
      vertex -21.9758 6.4205 0
    endloop
  endfacet
  facet normal -0.765171 -0.643827 0
    outer loop
      vertex -21.9758 6.4205 10
      vertex -20.7907 5.01204 0
      vertex -20.7907 5.01204 10
    endloop
  endfacet
  facet normal -0.206991 0.978343 0
    outer loop
      vertex 21.3682 127.559 0
      vertex 19.5674 127.178 10
      vertex 21.3682 127.559 10
    endloop
  endfacet
  facet normal -0.206991 0.978343 0
    outer loop
      vertex 19.5674 127.178 10
      vertex 21.3682 127.559 0
      vertex 19.5674 127.178 0
    endloop
  endfacet
  facet normal -0.998117 -0.0613365 0
    outer loop
      vertex -38.7968 48.4827 0
      vertex -38.9097 50.3199 10
      vertex -38.9097 50.3199 0
    endloop
  endfacet
  facet normal -0.998117 -0.0613365 0
    outer loop
      vertex -38.9097 50.3199 10
      vertex -38.7968 48.4827 0
      vertex -38.7968 48.4827 10
    endloop
  endfacet
  facet normal 0.371306 -0.92851 0
    outer loop
      vertex 62.9921 -15.9745 0
      vertex 64.7013 -15.291 10
      vertex 62.9921 -15.9745 10
    endloop
  endfacet
  facet normal 0.371306 -0.92851 0
    outer loop
      vertex 64.7013 -15.291 10
      vertex 62.9921 -15.9745 0
      vertex 64.7013 -15.291 0
    endloop
  endfacet
  facet normal 0.52474 0.851263 -0
    outer loop
      vertex 76.1248 117.364 0
      vertex 74.5577 118.33 10
      vertex 76.1248 117.364 10
    endloop
  endfacet
  facet normal 0.52474 0.851263 0
    outer loop
      vertex 74.5577 118.33 10
      vertex 76.1248 117.364 0
      vertex 74.5577 118.33 0
    endloop
  endfacet
  facet normal 0.937224 -0.348729 0
    outer loop
      vertex 105.974 27.0079 10
      vertex 106.616 28.7333 0
      vertex 106.616 28.7333 10
    endloop
  endfacet
  facet normal 0.937224 -0.348729 0
    outer loop
      vertex 106.616 28.7333 0
      vertex 105.974 27.0079 10
      vertex 105.974 27.0079 0
    endloop
  endfacet
  facet normal 0.88759 0.460634 0
    outer loop
      vertex 102.992 87.7208 10
      vertex 102.144 89.3548 0
      vertex 102.144 89.3548 10
    endloop
  endfacet
  facet normal 0.88759 0.460634 0
    outer loop
      vertex 102.144 89.3548 0
      vertex 102.992 87.7208 10
      vertex 102.992 87.7208 0
    endloop
  endfacet
  facet normal 0.966997 -0.254787 0
    outer loop
      vertex 108.283 33.9965 10
      vertex 108.752 35.7765 0
      vertex 108.752 35.7765 10
    endloop
  endfacet
  facet normal 0.966997 -0.254787 0
    outer loop
      vertex 108.752 35.7765 0
      vertex 108.283 33.9965 10
      vertex 108.283 33.9965 0
    endloop
  endfacet
  facet normal 0.416645 0.909069 -0
    outer loop
      vertex 68.0666 121.799 0
      vertex 66.3931 122.566 10
      vertex 68.0666 121.799 10
    endloop
  endfacet
  facet normal 0.416645 0.909069 0
    outer loop
      vertex 66.3931 122.566 10
      vertex 68.0666 121.799 0
      vertex 66.3931 122.566 0
    endloop
  endfacet
  facet normal 0.438631 -0.898667 0
    outer loop
      vertex 68.0666 -13.7992 0
      vertex 69.7208 -12.9918 10
      vertex 68.0666 -13.7992 10
    endloop
  endfacet
  facet normal 0.438631 -0.898667 0
    outer loop
      vertex 69.7208 -12.9918 10
      vertex 68.0666 -13.7992 0
      vertex 69.7208 -12.9918 0
    endloop
  endfacet
  facet normal -0.993906 0.110229 0
    outer loop
      vertex -38.6389 61.3513 0
      vertex -38.436 63.1808 10
      vertex -38.436 63.1808 0
    endloop
  endfacet
  facet normal -0.993906 0.110229 0
    outer loop
      vertex -38.436 63.1808 10
      vertex -38.6389 61.3513 0
      vertex -38.6389 61.3513 10
    endloop
  endfacet
  facet normal 0.824596 0.565722 0
    outer loop
      vertex 98.3602 95.6678 10
      vertex 97.3189 97.1856 0
      vertex 97.3189 97.1856 10
    endloop
  endfacet
  facet normal 0.824596 0.565722 0
    outer loop
      vertex 97.3189 97.1856 0
      vertex 98.3602 95.6678 10
      vertex 98.3602 95.6678 0
    endloop
  endfacet
  facet normal 0.0367786 -0.999323 0
    outer loop
      vertex 37.8406 -20.9774 0
      vertex 39.6801 -20.9097 10
      vertex 37.8406 -20.9774 10
    endloop
  endfacet
  facet normal 0.0367786 -0.999323 0
    outer loop
      vertex 39.6801 -20.9097 10
      vertex 37.8406 -20.9774 0
      vertex 39.6801 -20.9097 0
    endloop
  endfacet
  facet normal -0.749127 0.662426 0
    outer loop
      vertex -20.7907 102.988 0
      vertex -19.5713 104.367 10
      vertex -19.5713 104.367 0
    endloop
  endfacet
  facet normal -0.749127 0.662426 0
    outer loop
      vertex -19.5713 104.367 10
      vertex -20.7907 102.988 0
      vertex -20.7907 102.988 10
    endloop
  endfacet
  facet normal -0.643823 -0.765175 0
    outer loop
      vertex -12.988 -2.79066 0
      vertex -11.5795 -3.97578 10
      vertex -12.988 -2.79066 10
    endloop
  endfacet
  facet normal -0.643823 -0.765175 -0
    outer loop
      vertex -11.5795 -3.97578 10
      vertex -12.988 -2.79066 0
      vertex -11.5795 -3.97578 0
    endloop
  endfacet
  facet normal -0.81045 0.585808 0
    outer loop
      vertex -25.3189 97.1856 0
      vertex -24.2406 98.6774 10
      vertex -24.2406 98.6774 0
    endloop
  endfacet
  facet normal -0.81045 0.585808 0
    outer loop
      vertex -24.2406 98.6774 10
      vertex -25.3189 97.1856 0
      vertex -25.3189 97.1856 10
    endloop
  endfacet
  facet normal -0.987302 0.158855 0
    outer loop
      vertex -38.1882 65.0048 0
      vertex -37.8958 66.8221 10
      vertex -37.8958 66.8221 0
    endloop
  endfacet
  facet normal -0.987302 0.158855 0
    outer loop
      vertex -37.8958 66.8221 10
      vertex -38.1882 65.0048 0
      vertex -38.1882 65.0048 10
    endloop
  endfacet
  facet normal -0.565734 -0.824588 0
    outer loop
      vertex -7.18561 -7.31886 0
      vertex -5.66777 -8.36022 10
      vertex -7.18561 -7.31886 10
    endloop
  endfacet
  facet normal -0.565734 -0.824588 -0
    outer loop
      vertex -5.66777 -8.36022 10
      vertex -7.18561 -7.31886 0
      vertex -5.66777 -8.36022 0
    endloop
  endfacet
  facet normal -0.585798 -0.810457 0
    outer loop
      vertex -8.67745 -6.24056 0
      vertex -7.18561 -7.31886 10
      vertex -8.67745 -6.24056 10
    endloop
  endfacet
  facet normal -0.585798 -0.810457 -0
    outer loop
      vertex -7.18561 -7.31886 10
      vertex -8.67745 -6.24056 0
      vertex -7.18561 -7.31886 0
    endloop
  endfacet
  facet normal 0.972866 0.231368 0
    outer loop
      vertex 109 71.1807 10
      vertex 108.752 72.2235 0
      vertex 108.752 72.2235 10
    endloop
  endfacet
  facet normal 0.972866 0.231368 0
    outer loop
      vertex 108.752 72.2235 0
      vertex 109 71.1807 10
      vertex 109 71.1807 0
    endloop
  endfacet
  facet normal -0.158643 0.987336 0
    outer loop
      vertex 24.9952 128.188 0
      vertex 23.1779 127.896 10
      vertex 24.9952 128.188 10
    endloop
  endfacet
  facet normal -0.158643 0.987336 0
    outer loop
      vertex 23.1779 127.896 10
      vertex 24.9952 128.188 0
      vertex 23.1779 127.896 0
    endloop
  endfacet
  facet normal -0.0857786 -0.996314 0
    outer loop
      vertex 28.6487 -20.6389 0
      vertex 30.4827 -20.7968 10
      vertex 28.6487 -20.6389 10
    endloop
  endfacet
  facet normal -0.0857786 -0.996314 -0
    outer loop
      vertex 30.4827 -20.7968 10
      vertex 28.6487 -20.6389 0
      vertex 30.4827 -20.7968 0
    endloop
  endfacet
  facet normal -0.394023 -0.919101 0
    outer loop
      vertex 5.6069 -14.5657 0
      vertex 7.29874 -15.291 10
      vertex 5.6069 -14.5657 10
    endloop
  endfacet
  facet normal -0.394023 -0.919101 -0
    outer loop
      vertex 7.29874 -15.291 10
      vertex 5.6069 -14.5657 0
      vertex 7.29874 -15.291 0
    endloop
  endfacet
  facet normal -0.254787 0.966997 0
    outer loop
      vertex 17.7765 126.752 0
      vertex 15.9965 126.283 10
      vertex 17.7765 126.752 10
    endloop
  endfacet
  facet normal -0.254787 0.966997 0
    outer loop
      vertex 15.9965 126.283 10
      vertex 17.7765 126.752 0
      vertex 15.9965 126.283 0
    endloop
  endfacet
  facet normal -0.371085 0.928599 0
    outer loop
      vertex 9.00787 123.974 0
      vertex 7.29874 123.291 10
      vertex 9.00787 123.974 10
    endloop
  endfacet
  facet normal -0.371085 0.928599 0
    outer loop
      vertex 7.29874 123.291 10
      vertex 9.00787 123.974 0
      vertex 7.29874 123.291 0
    endloop
  endfacet
  facet normal -0.325405 0.945575 0
    outer loop
      vertex 12.4739 125.215 0
      vertex 10.7333 124.616 10
      vertex 12.4739 125.215 10
    endloop
  endfacet
  facet normal -0.325405 0.945575 0
    outer loop
      vertex 10.7333 124.616 10
      vertex 12.4739 125.215 0
      vertex 10.7333 124.616 0
    endloop
  endfacet
  facet normal 0.348395 -0.937348 0
    outer loop
      vertex 61.2667 -16.6158 0
      vertex 62.9921 -15.9745 10
      vertex 61.2667 -16.6158 10
    endloop
  endfacet
  facet normal 0.348395 -0.937348 0
    outer loop
      vertex 62.9921 -15.9745 10
      vertex 61.2667 -16.6158 0
      vertex 62.9921 -15.9745 0
    endloop
  endfacet
  facet normal 0.863938 -0.503597 0
    outer loop
      vertex 100.33 15.4423 10
      vertex 101.257 17.0326 0
      vertex 101.257 17.0326 10
    endloop
  endfacet
  facet normal 0.863938 -0.503597 0
    outer loop
      vertex 101.257 17.0326 0
      vertex 100.33 15.4423 10
      vertex 100.33 15.4423 0
    endloop
  endfacet
  facet normal 0.732655 -0.6806 0
    outer loop
      vertex 90.3185 2.28446 10
      vertex 91.5713 3.63308 0
      vertex 91.5713 3.63308 10
    endloop
  endfacet
  facet normal 0.732655 -0.6806 0
    outer loop
      vertex 91.5713 3.63308 0
      vertex 90.3185 2.28446 10
      vertex 90.3185 2.28446 0
    endloop
  endfacet
  facet normal 0.863938 0.503597 0
    outer loop
      vertex 101.257 90.9674 10
      vertex 100.33 92.5577 0
      vertex 100.33 92.5577 10
    endloop
  endfacet
  facet normal 0.863938 0.503597 0
    outer loop
      vertex 100.33 92.5577 0
      vertex 101.257 90.9674 10
      vertex 101.257 90.9674 0
    endloop
  endfacet
  facet normal -0.909172 -0.416421 0
    outer loop
      vertex -31.7992 21.9334 0
      vertex -32.5657 23.6069 10
      vertex -32.5657 23.6069 0
    endloop
  endfacet
  facet normal -0.909172 -0.416421 0
    outer loop
      vertex -32.5657 23.6069 10
      vertex -31.7992 21.9334 0
      vertex -31.7992 21.9334 10
    endloop
  endfacet
  facet normal -0.795768 0.605601 0
    outer loop
      vertex -24.2406 98.6774 0
      vertex -23.126 100.142 10
      vertex -23.126 100.142 0
    endloop
  endfacet
  facet normal -0.795768 0.605601 0
    outer loop
      vertex -23.126 100.142 10
      vertex -24.2406 98.6774 0
      vertex -24.2406 98.6774 10
    endloop
  endfacet
  facet normal -0.371319 -0.928505 0
    outer loop
      vertex 7.29874 -15.291 0
      vertex 9.00787 -15.9745 10
      vertex 7.29874 -15.291 10
    endloop
  endfacet
  facet normal -0.371319 -0.928505 -0
    outer loop
      vertex 9.00787 -15.9745 10
      vertex 7.29874 -15.291 0
      vertex 9.00787 -15.9745 0
    endloop
  endfacet
  facet normal -0.438627 -0.898669 0
    outer loop
      vertex 2.27915 -12.9918 0
      vertex 3.93337 -13.7992 10
      vertex 2.27915 -12.9918 10
    endloop
  endfacet
  facet normal -0.438627 -0.898669 -0
    outer loop
      vertex 3.93337 -13.7992 10
      vertex 2.27915 -12.9918 0
      vertex 3.93337 -13.7992 0
    endloop
  endfacet
  facet normal 0.254838 -0.966984 0
    outer loop
      vertex 54.2235 -18.7523 0
      vertex 56.0035 -18.2832 10
      vertex 54.2235 -18.7523 10
    endloop
  endfacet
  facet normal 0.254838 -0.966984 0
    outer loop
      vertex 56.0035 -18.2832 10
      vertex 54.2235 -18.7523 0
      vertex 56.0035 -18.2832 0
    endloop
  endfacet
  facet normal 0.545313 -0.838233 0
    outer loop
      vertex 76.1248 -9.36402 0
      vertex 77.6678 -8.36022 10
      vertex 76.1248 -9.36402 10
    endloop
  endfacet
  facet normal 0.545313 -0.838233 0
    outer loop
      vertex 77.6678 -8.36022 10
      vertex 76.1248 -9.36402 0
      vertex 77.6678 -8.36022 0
    endloop
  endfacet
  facet normal -0.481946 0.876201 0
    outer loop
      vertex 0.645246 120.144 0
      vertex -0.967364 119.257 10
      vertex 0.645246 120.144 10
    endloop
  endfacet
  facet normal -0.481946 0.876201 0
    outer loop
      vertex -0.967364 119.257 10
      vertex 0.645246 120.144 0
      vertex -0.967364 119.257 0
    endloop
  endfacet
  facet normal 0.183072 0.9831 -0
    outer loop
      vertex 50.6318 127.559 0
      vertex 48.8221 127.896 10
      vertex 50.6318 127.559 10
    endloop
  endfacet
  facet normal 0.183072 0.9831 0
    outer loop
      vertex 48.8221 127.896 10
      vertex 50.6318 127.559 0
      vertex 48.8221 127.896 0
    endloop
  endfacet
  facet normal 0.302062 0.953288 -0
    outer loop
      vertex 59.5261 125.215 0
      vertex 57.7714 125.771 10
      vertex 59.5261 125.215 10
    endloop
  endfacet
  facet normal 0.302062 0.953288 0
    outer loop
      vertex 57.7714 125.771 10
      vertex 59.5261 125.215 0
      vertex 57.7714 125.771 0
    endloop
  endfacet
  facet normal 0.278178 0.96053 -0
    outer loop
      vertex 57.7714 125.771 0
      vertex 56.0035 126.283 10
      vertex 57.7714 125.771 10
    endloop
  endfacet
  facet normal 0.278178 0.96053 0
    outer loop
      vertex 56.0035 126.283 10
      vertex 57.7714 125.771 0
      vertex 56.0035 126.283 0
    endloop
  endfacet
  facet normal -0.0613906 0.998114 0
    outer loop
      vertex 32.3199 128.91 0
      vertex 30.4827 128.797 10
      vertex 32.3199 128.91 10
    endloop
  endfacet
  facet normal -0.0613906 0.998114 0
    outer loop
      vertex 30.4827 128.797 10
      vertex 32.3199 128.91 0
      vertex 30.4827 128.797 0
    endloop
  endfacet
  facet normal -0.545402 0.838175 0
    outer loop
      vertex -4.12482 117.364 0
      vertex -5.66777 116.36 10
      vertex -4.12482 117.364 10
    endloop
  endfacet
  facet normal -0.545402 0.838175 0
    outer loop
      vertex -5.66777 116.36 10
      vertex -4.12482 117.364 0
      vertex -5.66777 116.36 0
    endloop
  endfacet
  facet normal 0.749127 0.662426 0
    outer loop
      vertex 92.7907 102.988 10
      vertex 91.5713 104.367 0
      vertex 91.5713 104.367 10
    endloop
  endfacet
  facet normal 0.749127 0.662426 0
    outer loop
      vertex 91.5713 104.367 0
      vertex 92.7907 102.988 10
      vertex 92.7907 102.988 0
    endloop
  endfacet
  facet normal -0.524735 0.851266 0
    outer loop
      vertex -2.5577 118.33 0
      vertex -4.12482 117.364 10
      vertex -2.5577 118.33 10
    endloop
  endfacet
  facet normal -0.524735 0.851266 0
    outer loop
      vertex -4.12482 117.364 10
      vertex -2.5577 118.33 0
      vertex -4.12482 117.364 0
    endloop
  endfacet
  facet normal 0.231412 0.972856 -0
    outer loop
      vertex 54.2235 126.752 0
      vertex 52.4326 127.178 10
      vertex 54.2235 126.752 10
    endloop
  endfacet
  facet normal 0.231412 0.972856 0
    outer loop
      vertex 52.4326 127.178 10
      vertex 54.2235 126.752 0
      vertex 52.4326 127.178 0
    endloop
  endfacet
  facet normal 0.945575 -0.325405 0
    outer loop
      vertex 106.616 28.7333 10
      vertex 107.215 30.4739 0
      vertex 107.215 30.4739 10
    endloop
  endfacet
  facet normal 0.945575 -0.325405 0
    outer loop
      vertex 107.215 30.4739 0
      vertex 106.616 28.7333 10
      vertex 106.616 28.7333 0
    endloop
  endfacet
  facet normal 0.503557 -0.863962 0
    outer loop
      vertex 72.9674 -11.2565 0
      vertex 74.5577 -10.3296 10
      vertex 72.9674 -11.2565 10
    endloop
  endfacet
  facet normal 0.503557 -0.863962 0
    outer loop
      vertex 74.5577 -10.3296 10
      vertex 72.9674 -11.2565 0
      vertex 74.5577 -10.3296 0
    endloop
  endfacet
  facet normal -0.996314 -0.0857786 0
    outer loop
      vertex -38.6389 46.6487 0
      vertex -38.7968 48.4827 10
      vertex -38.7968 48.4827 0
    endloop
  endfacet
  facet normal -0.996314 -0.0857786 0
    outer loop
      vertex -38.7968 48.4827 10
      vertex -38.6389 46.6487 0
      vertex -38.6389 46.6487 10
    endloop
  endfacet
  facet normal -0.749118 -0.662437 0
    outer loop
      vertex -19.5713 3.63308 0
      vertex -20.7907 5.01204 10
      vertex -20.7907 5.01204 0
    endloop
  endfacet
  facet normal -0.749118 -0.662437 0
    outer loop
      vertex -20.7907 5.01204 10
      vertex -19.5713 3.63308 0
      vertex -19.5713 3.63308 10
    endloop
  endfacet
  facet normal 0.0122777 -0.999925 0
    outer loop
      vertex 36 -21 0
      vertex 37.8406 -20.9774 10
      vertex 36 -21 10
    endloop
  endfacet
  facet normal 0.0122777 -0.999925 0
    outer loop
      vertex 37.8406 -20.9774 10
      vertex 36 -21 0
      vertex 37.8406 -20.9774 0
    endloop
  endfacet
  facet normal -0.680605 -0.732651 0
    outer loop
      vertex -15.7155 -0.318531 0
      vertex -14.3669 -1.57133 10
      vertex -15.7155 -0.318531 10
    endloop
  endfacet
  facet normal -0.680605 -0.732651 -0
    outer loop
      vertex -14.3669 -1.57133 10
      vertex -15.7155 -0.318531 0
      vertex -14.3669 -1.57133 0
    endloop
  endfacet
  facet normal -0.348724 0.937225 0
    outer loop
      vertex 10.7333 124.616 0
      vertex 9.00787 123.974 10
      vertex 10.7333 124.616 10
    endloop
  endfacet
  facet normal -0.348724 0.937225 0
    outer loop
      vertex 9.00787 123.974 10
      vertex 10.7333 124.616 0
      vertex 9.00787 123.974 0
    endloop
  endfacet
  facet normal -0.715737 -0.69837 0
    outer loop
      vertex -17.033 0.966991 0
      vertex -18.3185 2.28446 10
      vertex -18.3185 2.28446 0
    endloop
  endfacet
  facet normal -0.715737 -0.69837 0
    outer loop
      vertex -18.3185 2.28446 10
      vertex -17.033 0.966991 0
      vertex -17.033 0.966991 10
    endloop
  endfacet
  facet normal -0.92851 -0.371306 0
    outer loop
      vertex -33.291 25.2987 0
      vertex -33.9745 27.0079 10
      vertex -33.9745 27.0079 0
    endloop
  endfacet
  facet normal -0.92851 -0.371306 0
    outer loop
      vertex -33.9745 27.0079 10
      vertex -33.291 25.2987 0
      vertex -33.291 25.2987 10
    endloop
  endfacet
  facet normal -0.732751 0.680497 0
    outer loop
      vertex -19.5713 104.367 0
      vertex -18.3185 105.716 10
      vertex -18.3185 105.716 0
    endloop
  endfacet
  facet normal -0.732751 0.680497 0
    outer loop
      vertex -18.3185 105.716 10
      vertex -19.5713 104.367 0
      vertex -19.5713 104.367 10
    endloop
  endfacet
  facet normal 0.715613 0.698497 0
    outer loop
      vertex 90.3185 105.716 10
      vertex 89.033 107.033 0
      vertex 89.033 107.033 10
    endloop
  endfacet
  facet normal 0.715613 0.698497 0
    outer loop
      vertex 89.033 107.033 0
      vertex 90.3185 105.716 10
      vertex 90.3185 105.716 0
    endloop
  endfacet
  facet normal -0.301997 -0.953309 0
    outer loop
      vertex 12.4739 -17.2146 0
      vertex 14.2287 -17.7705 10
      vertex 12.4739 -17.2146 10
    endloop
  endfacet
  facet normal -0.301997 -0.953309 -0
    outer loop
      vertex 14.2287 -17.7705 10
      vertex 12.4739 -17.2146 0
      vertex 14.2287 -17.7705 0
    endloop
  endfacet
  facet normal -0.302046 0.953293 0
    outer loop
      vertex 14.2287 125.771 0
      vertex 12.4739 125.215 10
      vertex 14.2287 125.771 10
    endloop
  endfacet
  facet normal -0.302046 0.953293 0
    outer loop
      vertex 12.4739 125.215 10
      vertex 14.2287 125.771 0
      vertex 12.4739 125.215 0
    endloop
  endfacet
  facet normal 0.715737 -0.69837 0
    outer loop
      vertex 89.033 0.966991 10
      vertex 90.3185 2.28446 0
      vertex 90.3185 2.28446 10
    endloop
  endfacet
  facet normal 0.715737 -0.69837 0
    outer loop
      vertex 90.3185 2.28446 0
      vertex 89.033 0.966991 10
      vertex 89.033 0.966991 0
    endloop
  endfacet
  facet normal -0.0858326 0.99631 0
    outer loop
      vertex 30.4827 128.797 0
      vertex 28.6487 128.639 10
      vertex 30.4827 128.797 10
    endloop
  endfacet
  facet normal -0.0858326 0.99631 0
    outer loop
      vertex 28.6487 128.639 10
      vertex 30.4827 128.797 0
      vertex 28.6487 128.639 0
    endloop
  endfacet
  facet normal 0.780737 -0.624859 0
    outer loop
      vertex 93.9758 6.4205 10
      vertex 95.126 7.85763 0
      vertex 95.126 7.85763 10
    endloop
  endfacet
  facet normal 0.780737 -0.624859 0
    outer loop
      vertex 95.126 7.85763 0
      vertex 93.9758 6.4205 10
      vertex 93.9758 6.4205 0
    endloop
  endfacet
  facet normal -0.183072 0.9831 0
    outer loop
      vertex 23.1779 127.896 0
      vertex 21.3682 127.559 10
      vertex 23.1779 127.896 10
    endloop
  endfacet
  facet normal -0.183072 0.9831 0
    outer loop
      vertex 21.3682 127.559 10
      vertex 23.1779 127.896 0
      vertex 21.3682 127.559 0
    endloop
  endfacet
  facet normal -0.795832 -0.605517 0
    outer loop
      vertex -23.126 7.85763 0
      vertex -24.2406 9.32255 10
      vertex -24.2406 9.32255 0
    endloop
  endfacet
  facet normal -0.795832 -0.605517 0
    outer loop
      vertex -24.2406 9.32255 10
      vertex -23.126 7.85763 0
      vertex -23.126 7.85763 10
    endloop
  endfacet
  facet normal 0.0857786 -0.996314 0
    outer loop
      vertex 41.5173 -20.7968 0
      vertex 43.3513 -20.6389 10
      vertex 41.5173 -20.7968 10
    endloop
  endfacet
  facet normal 0.0857786 -0.996314 0
    outer loop
      vertex 43.3513 -20.6389 10
      vertex 41.5173 -20.7968 0
      vertex 43.3513 -20.6389 0
    endloop
  endfacet
  facet normal 0.524574 -0.851365 0
    outer loop
      vertex 74.5577 -10.3296 0
      vertex 76.1248 -9.36402 10
      vertex 74.5577 -10.3296 10
    endloop
  endfacet
  facet normal 0.524574 -0.851365 0
    outer loop
      vertex 76.1248 -9.36402 10
      vertex 74.5577 -10.3296 0
      vertex 76.1248 -9.36402 0
    endloop
  endfacet
  facet normal 0.0124949 0.999922 -0
    outer loop
      vertex 37.8406 128.977 0
      vertex 36 129 10
      vertex 37.8406 128.977 10
    endloop
  endfacet
  facet normal 0.0124949 0.999922 0
    outer loop
      vertex 36 129 10
      vertex 37.8406 128.977 0
      vertex 36 129 0
    endloop
  endfacet
  facet normal 0.110229 -0.993906 0
    outer loop
      vertex 43.3513 -20.6389 0
      vertex 45.1808 -20.436 10
      vertex 43.3513 -20.6389 10
    endloop
  endfacet
  facet normal 0.110229 -0.993906 0
    outer loop
      vertex 45.1808 -20.436 10
      vertex 43.3513 -20.6389 0
      vertex 45.1808 -20.436 0
    endloop
  endfacet
  facet normal 0.662636 0.748942 -0
    outer loop
      vertex 86.3669 109.571 0
      vertex 84.988 110.791 10
      vertex 86.3669 109.571 10
    endloop
  endfacet
  facet normal 0.662636 0.748942 0
    outer loop
      vertex 84.988 110.791 10
      vertex 86.3669 109.571 0
      vertex 84.988 110.791 0
    endloop
  endfacet
  facet normal 0.838233 0.545313 0
    outer loop
      vertex 99.364 94.1248 10
      vertex 98.3602 95.6678 0
      vertex 98.3602 95.6678 10
    endloop
  endfacet
  facet normal 0.838233 0.545313 0
    outer loop
      vertex 98.3602 95.6678 0
      vertex 99.364 94.1248 10
      vertex 99.364 94.1248 0
    endloop
  endfacet
  facet normal 0.325308 -0.945608 0
    outer loop
      vertex 59.5261 -17.2146 0
      vertex 61.2667 -16.6158 10
      vertex 59.5261 -17.2146 10
    endloop
  endfacet
  facet normal 0.325308 -0.945608 0
    outer loop
      vertex 61.2667 -16.6158 10
      vertex 59.5261 -17.2146 0
      vertex 61.2667 -16.6158 0
    endloop
  endfacet
  facet normal 0.438456 0.898753 -0
    outer loop
      vertex 69.7208 120.992 0
      vertex 68.0666 121.799 10
      vertex 69.7208 120.992 10
    endloop
  endfacet
  facet normal 0.438456 0.898753 0
    outer loop
      vertex 68.0666 121.799 10
      vertex 69.7208 120.992 0
      vertex 68.0666 121.799 0
    endloop
  endfacet
  facet normal -0.876062 0.482198 0
    outer loop
      vertex -30.1441 89.3548 0
      vertex -29.2565 90.9674 10
      vertex -29.2565 90.9674 0
    endloop
  endfacet
  facet normal -0.876062 0.482198 0
    outer loop
      vertex -29.2565 90.9674 10
      vertex -30.1441 89.3548 0
      vertex -30.1441 89.3548 10
    endloop
  endfacet
  facet normal 0.302013 -0.953304 0
    outer loop
      vertex 57.7714 -17.7705 0
      vertex 59.5261 -17.2146 10
      vertex 57.7714 -17.7705 10
    endloop
  endfacet
  facet normal 0.302013 -0.953304 0
    outer loop
      vertex 59.5261 -17.2146 10
      vertex 57.7714 -17.7705 0
      vertex 59.5261 -17.2146 0
    endloop
  endfacet
  facet normal 0.919156 -0.393893 0
    outer loop
      vertex 104.566 23.6069 10
      vertex 105.291 25.2987 0
      vertex 105.291 25.2987 10
    endloop
  endfacet
  facet normal 0.919156 -0.393893 0
    outer loop
      vertex 105.291 25.2987 0
      vertex 104.566 23.6069 10
      vertex 104.566 23.6069 0
    endloop
  endfacet
  facet normal 0.624801 0.780784 -0
    outer loop
      vertex 83.5795 111.976 0
      vertex 82.1424 113.126 10
      vertex 83.5795 111.976 10
    endloop
  endfacet
  facet normal 0.624801 0.780784 0
    outer loop
      vertex 82.1424 113.126 10
      vertex 83.5795 111.976 0
      vertex 82.1424 113.126 0
    endloop
  endfacet
  facet normal -0.999323 0.0367786 0
    outer loop
      vertex -38.9774 55.8406 0
      vertex -38.9097 57.6801 10
      vertex -38.9097 57.6801 0
    endloop
  endfacet
  facet normal -0.999323 0.0367786 0
    outer loop
      vertex -38.9097 57.6801 10
      vertex -38.9774 55.8406 0
      vertex -38.9774 55.8406 10
    endloop
  endfacet
  facet normal -0.999925 0.0122777 0
    outer loop
      vertex -39 54 0
      vertex -38.9774 55.8406 10
      vertex -38.9774 55.8406 0
    endloop
  endfacet
  facet normal -0.999925 0.0122777 0
    outer loop
      vertex -38.9774 55.8406 10
      vertex -39 54 0
      vertex -39 54 10
    endloop
  endfacet
  facet normal 0.928604 0.371072 0
    outer loop
      vertex 105.974 80.9921 10
      vertex 105.291 82.7013 0
      vertex 105.291 82.7013 10
    endloop
  endfacet
  facet normal 0.928604 0.371072 0
    outer loop
      vertex 105.291 82.7013 0
      vertex 105.974 80.9921 10
      vertex 105.974 80.9921 0
    endloop
  endfacet
  facet normal 0.158643 0.987336 -0
    outer loop
      vertex 48.8221 127.896 0
      vertex 47.0048 128.188 10
      vertex 48.8221 127.896 10
    endloop
  endfacet
  facet normal 0.158643 0.987336 0
    outer loop
      vertex 47.0048 128.188 10
      vertex 48.8221 127.896 0
      vertex 47.0048 128.188 0
    endloop
  endfacet
  facet normal -0.898667 -0.438631 0
    outer loop
      vertex -30.9918 20.2792 0
      vertex -31.7992 21.9334 10
      vertex -31.7992 21.9334 0
    endloop
  endfacet
  facet normal -0.898667 -0.438631 0
    outer loop
      vertex -31.7992 21.9334 10
      vertex -30.9918 20.2792 0
      vertex -30.9918 20.2792 10
    endloop
  endfacet
  facet normal -0.966984 0.254838 0
    outer loop
      vertex -36.7523 72.2235 0
      vertex -36.2832 74.0035 10
      vertex -36.2832 74.0035 0
    endloop
  endfacet
  facet normal -0.966984 0.254838 0
    outer loop
      vertex -36.2832 74.0035 10
      vertex -36.7523 72.2235 0
      vertex -36.7523 72.2235 10
    endloop
  endfacet
  facet normal -0.998117 0.0613365 0
    outer loop
      vertex -38.9097 57.6801 0
      vertex -38.7968 59.5173 10
      vertex -38.7968 59.5173 0
    endloop
  endfacet
  facet normal -0.998117 0.0613365 0
    outer loop
      vertex -38.7968 59.5173 10
      vertex -38.9097 57.6801 0
      vertex -38.9097 57.6801 10
    endloop
  endfacet
  facet normal 0.206991 0.978343 -0
    outer loop
      vertex 52.4326 127.178 0
      vertex 50.6318 127.559 10
      vertex 52.4326 127.178 10
    endloop
  endfacet
  facet normal 0.206991 0.978343 0
    outer loop
      vertex 50.6318 127.559 10
      vertex 52.4326 127.178 0
      vertex 50.6318 127.559 0
    endloop
  endfacet
  facet normal -0.438451 0.898755 0
    outer loop
      vertex 3.93337 121.799 0
      vertex 2.27915 120.992 10
      vertex 3.93337 121.799 10
    endloop
  endfacet
  facet normal -0.438451 0.898755 0
    outer loop
      vertex 2.27915 120.992 10
      vertex 3.93337 121.799 0
      vertex 2.27915 120.992 0
    endloop
  endfacet
  facet normal -0.960428 -0.278529 0
    outer loop
      vertex -35.7705 32.2286 0
      vertex -36.2832 33.9965 10
      vertex -36.2832 33.9965 0
    endloop
  endfacet
  facet normal -0.960428 -0.278529 0
    outer loop
      vertex -36.2832 33.9965 10
      vertex -35.7705 32.2286 0
      vertex -35.7705 32.2286 10
    endloop
  endfacet
  facet normal -0.278543 -0.960424 0
    outer loop
      vertex 14.2287 -17.7705 0
      vertex 15.9965 -18.2832 10
      vertex 14.2287 -17.7705 10
    endloop
  endfacet
  facet normal -0.278543 -0.960424 -0
    outer loop
      vertex 15.9965 -18.2832 10
      vertex 14.2287 -17.7705 0
      vertex 15.9965 -18.2832 0
    endloop
  endfacet
  facet normal 0.643784 0.765207 -0
    outer loop
      vertex 84.988 110.791 0
      vertex 83.5795 111.976 10
      vertex 84.988 110.791 10
    endloop
  endfacet
  facet normal 0.643784 0.765207 0
    outer loop
      vertex 83.5795 111.976 10
      vertex 84.988 110.791 0
      vertex 83.5795 111.976 0
    endloop
  endfacet
  facet normal -0.999925 -0.0122777 0
    outer loop
      vertex -38.9774 52.1594 0
      vertex -39 54 10
      vertex -39 54 0
    endloop
  endfacet
  facet normal -0.999925 -0.0122777 0
    outer loop
      vertex -39 54 10
      vertex -38.9774 52.1594 0
      vertex -38.9774 52.1594 10
    endloop
  endfacet
  facet normal 0.207095 -0.978321 0
    outer loop
      vertex 50.6318 -19.5589 0
      vertex 52.4326 -19.1777 10
      vertex 50.6318 -19.5589 10
    endloop
  endfacet
  facet normal 0.207095 -0.978321 0
    outer loop
      vertex 52.4326 -19.1777 10
      vertex 50.6318 -19.5589 0
      vertex 52.4326 -19.1777 0
    endloop
  endfacet
  facet normal 0.680372 0.732867 -0
    outer loop
      vertex 87.7155 108.319 0
      vertex 86.3669 109.571 10
      vertex 87.7155 108.319 10
    endloop
  endfacet
  facet normal 0.680372 0.732867 0
    outer loop
      vertex 86.3669 109.571 10
      vertex 87.7155 108.319 0
      vertex 86.3669 109.571 0
    endloop
  endfacet
  facet normal -0.85136 0.524582 0
    outer loop
      vertex -28.3296 92.5577 0
      vertex -27.364 94.1248 10
      vertex -27.364 94.1248 0
    endloop
  endfacet
  facet normal -0.85136 0.524582 0
    outer loop
      vertex -27.364 94.1248 10
      vertex -28.3296 92.5577 0
      vertex -28.3296 92.5577 10
    endloop
  endfacet
  facet normal 0.6985 0.71561 -0
    outer loop
      vertex 89.033 107.033 0
      vertex 87.7155 108.319 10
      vertex 89.033 107.033 10
    endloop
  endfacet
  facet normal 0.6985 0.71561 0
    outer loop
      vertex 87.7155 108.319 10
      vertex 89.033 107.033 0
      vertex 87.7155 108.319 0
    endloop
  endfacet
  facet normal 0.585701 0.810527 -0
    outer loop
      vertex 80.6774 114.241 0
      vertex 79.1856 115.319 10
      vertex 80.6774 114.241 10
    endloop
  endfacet
  facet normal 0.585701 0.810527 0
    outer loop
      vertex 79.1856 115.319 10
      vertex 80.6774 114.241 0
      vertex 79.1856 115.319 0
    endloop
  endfacet
  facet normal -0.565601 0.824679 0
    outer loop
      vertex -5.66777 116.36 0
      vertex -7.18561 115.319 10
      vertex -5.66777 116.36 10
    endloop
  endfacet
  facet normal -0.565601 0.824679 0
    outer loop
      vertex -7.18561 115.319 10
      vertex -5.66777 116.36 0
      vertex -7.18561 115.319 0
    endloop
  endfacet
  facet normal -0.824596 -0.565722 0
    outer loop
      vertex -25.3189 10.8144 0
      vertex -26.3602 12.3322 10
      vertex -26.3602 12.3322 0
    endloop
  endfacet
  facet normal -0.824596 -0.565722 0
    outer loop
      vertex -26.3602 12.3322 10
      vertex -25.3189 10.8144 0
      vertex -25.3189 10.8144 10
    endloop
  endfacet
  facet normal 0.88759 -0.460634 0
    outer loop
      vertex 102.144 18.6452 10
      vertex 102.992 20.2792 0
      vertex 102.992 20.2792 10
    endloop
  endfacet
  facet normal 0.88759 -0.460634 0
    outer loop
      vertex 102.992 20.2792 0
      vertex 102.144 18.6452 10
      vertex 102.144 18.6452 0
    endloop
  endfacet
  facet normal -0.0363988 0.999337 0
    outer loop
      vertex 34.1594 128.977 0
      vertex 32.3199 128.91 10
      vertex 34.1594 128.977 10
    endloop
  endfacet
  facet normal -0.0363988 0.999337 0
    outer loop
      vertex 32.3199 128.91 10
      vertex 34.1594 128.977 0
      vertex 32.3199 128.91 0
    endloop
  endfacet
  facet normal 0.0858326 0.99631 -0
    outer loop
      vertex 43.3513 128.639 0
      vertex 41.5173 128.797 10
      vertex 43.3513 128.639 10
    endloop
  endfacet
  facet normal 0.0858326 0.99631 0
    outer loop
      vertex 41.5173 128.797 10
      vertex 43.3513 128.639 0
      vertex 41.5173 128.797 0
    endloop
  endfacet
  facet normal 0.732751 0.680497 0
    outer loop
      vertex 91.5713 104.367 10
      vertex 90.3185 105.716 0
      vertex 90.3185 105.716 10
    endloop
  endfacet
  facet normal 0.732751 0.680497 0
    outer loop
      vertex 90.3185 105.716 0
      vertex 91.5713 104.367 10
      vertex 91.5713 104.367 0
    endloop
  endfacet
  facet normal 0.325405 0.945575 -0
    outer loop
      vertex 61.2667 124.616 0
      vertex 59.5261 125.215 10
      vertex 61.2667 124.616 10
    endloop
  endfacet
  facet normal 0.325405 0.945575 0
    outer loop
      vertex 59.5261 125.215 10
      vertex 61.2667 124.616 0
      vertex 59.5261 125.215 0
    endloop
  endfacet
  facet normal -0.919097 0.394031 0
    outer loop
      vertex -33.291 82.7013 0
      vertex -32.5657 84.3931 10
      vertex -32.5657 84.3931 0
    endloop
  endfacet
  facet normal -0.919097 0.394031 0
    outer loop
      vertex -32.5657 84.3931 10
      vertex -33.291 82.7013 0
      vertex -33.291 82.7013 10
    endloop
  endfacet
  facet normal -0.78071 0.624894 0
    outer loop
      vertex -23.126 100.142 0
      vertex -21.9758 101.579 10
      vertex -21.9758 101.579 0
    endloop
  endfacet
  facet normal -0.78071 0.624894 0
    outer loop
      vertex -21.9758 101.579 10
      vertex -23.126 100.142 0
      vertex -23.126 100.142 10
    endloop
  endfacet
  facet normal -0.460656 0.887579 0
    outer loop
      vertex 2.27915 120.992 0
      vertex 0.645246 120.144 10
      vertex 2.27915 120.992 10
    endloop
  endfacet
  facet normal -0.460656 0.887579 0
    outer loop
      vertex 0.645246 120.144 10
      vertex 2.27915 120.992 0
      vertex 0.645246 120.144 0
    endloop
  endfacet
  facet normal -0.680372 0.732867 0
    outer loop
      vertex -14.3669 109.571 0
      vertex -15.7155 108.319 10
      vertex -14.3669 109.571 10
    endloop
  endfacet
  facet normal -0.680372 0.732867 0
    outer loop
      vertex -15.7155 108.319 10
      vertex -14.3669 109.571 0
      vertex -15.7155 108.319 0
    endloop
  endfacet
  facet normal -0.278193 0.960525 0
    outer loop
      vertex 15.9965 126.283 0
      vertex 14.2287 125.771 10
      vertex 15.9965 126.283 10
    endloop
  endfacet
  facet normal -0.278193 0.960525 0
    outer loop
      vertex 14.2287 125.771 10
      vertex 15.9965 126.283 0
      vertex 14.2287 125.771 0
    endloop
  endfacet
  facet normal -0.937348 -0.348395 0
    outer loop
      vertex -33.9745 27.0079 0
      vertex -34.6158 28.7333 10
      vertex -34.6158 28.7333 0
    endloop
  endfacet
  facet normal -0.937348 -0.348395 0
    outer loop
      vertex -34.6158 28.7333 10
      vertex -33.9745 27.0079 0
      vertex -33.9745 27.0079 10
    endloop
  endfacet
  facet normal -0.416415 -0.909175 0
    outer loop
      vertex 3.93337 -13.7992 0
      vertex 5.6069 -14.5657 10
      vertex 3.93337 -13.7992 10
    endloop
  endfacet
  facet normal -0.416415 -0.909175 -0
    outer loop
      vertex 5.6069 -14.5657 10
      vertex 3.93337 -13.7992 0
      vertex 5.6069 -14.5657 0
    endloop
  endfacet
  facet normal -0.0124949 0.999922 0
    outer loop
      vertex 36 129 0
      vertex 34.1594 128.977 10
      vertex 36 129 10
    endloop
  endfacet
  facet normal -0.0124949 0.999922 0
    outer loop
      vertex 34.1594 128.977 10
      vertex 36 129 0
      vertex 34.1594 128.977 0
    endloop
  endfacet
  facet normal 0.898753 -0.438456 0
    outer loop
      vertex 102.992 20.2792 10
      vertex 103.799 21.9334 0
      vertex 103.799 21.9334 10
    endloop
  endfacet
  facet normal 0.898753 -0.438456 0
    outer loop
      vertex 103.799 21.9334 0
      vertex 102.992 20.2792 10
      vertex 102.992 20.2792 0
    endloop
  endfacet
  facet normal 0.460506 -0.887657 0
    outer loop
      vertex 69.7208 -12.9918 0
      vertex 71.3548 -12.1441 10
      vertex 69.7208 -12.9918 10
    endloop
  endfacet
  facet normal 0.460506 -0.887657 0
    outer loop
      vertex 71.3548 -12.1441 10
      vertex 69.7208 -12.9918 0
      vertex 71.3548 -12.1441 0
    endloop
  endfacet
  facet normal 0.8762 -0.481948 0
    outer loop
      vertex 101.257 17.0326 10
      vertex 102.144 18.6452 0
      vertex 102.144 18.6452 10
    endloop
  endfacet
  facet normal 0.8762 -0.481948 0
    outer loop
      vertex 102.144 18.6452 0
      vertex 101.257 17.0326 10
      vertex 101.257 17.0326 0
    endloop
  endfacet
  facet normal 0.0613365 -0.998117 0
    outer loop
      vertex 39.6801 -20.9097 0
      vertex 41.5173 -20.7968 10
      vertex 39.6801 -20.9097 10
    endloop
  endfacet
  facet normal 0.0613365 -0.998117 0
    outer loop
      vertex 41.5173 -20.7968 10
      vertex 39.6801 -20.9097 0
      vertex 41.5173 -20.7968 0
    endloop
  endfacet
  facet normal -0.972929 -0.231104 0
    outer loop
      vertex -36.7523 35.7765 0
      vertex -37.1777 37.5674 10
      vertex -37.1777 37.5674 0
    endloop
  endfacet
  facet normal -0.972929 -0.231104 0
    outer loop
      vertex -37.1777 37.5674 10
      vertex -36.7523 35.7765 0
      vertex -36.7523 35.7765 10
    endloop
  endfacet
  facet normal 0.795832 -0.605517 0
    outer loop
      vertex 95.126 7.85763 10
      vertex 96.2406 9.32255 0
      vertex 96.2406 9.32255 10
    endloop
  endfacet
  facet normal 0.795832 -0.605517 0
    outer loop
      vertex 96.2406 9.32255 0
      vertex 95.126 7.85763 10
      vertex 95.126 7.85763 0
    endloop
  endfacet
  facet normal -0.732655 -0.6806 0
    outer loop
      vertex -18.3185 2.28446 0
      vertex -19.5713 3.63308 10
      vertex -19.5713 3.63308 0
    endloop
  endfacet
  facet normal -0.732655 -0.6806 0
    outer loop
      vertex -19.5713 3.63308 10
      vertex -18.3185 2.28446 0
      vertex -18.3185 2.28446 10
    endloop
  endfacet
  facet normal -0.863962 -0.503557 0
    outer loop
      vertex -28.3296 15.4423 0
      vertex -29.2565 17.0326 10
      vertex -29.2565 17.0326 0
    endloop
  endfacet
  facet normal -0.863962 -0.503557 0
    outer loop
      vertex -29.2565 17.0326 10
      vertex -28.3296 15.4423 0
      vertex -28.3296 15.4423 10
    endloop
  endfacet
  facet normal -0.231104 -0.972929 0
    outer loop
      vertex 17.7765 -18.7523 0
      vertex 19.5674 -19.1777 10
      vertex 17.7765 -18.7523 10
    endloop
  endfacet
  facet normal -0.231104 -0.972929 -0
    outer loop
      vertex 19.5674 -19.1777 10
      vertex 17.7765 -18.7523 0
      vertex 19.5674 -19.1777 0
    endloop
  endfacet
  facet normal -0.999323 -0.0367786 0
    outer loop
      vertex -38.9097 50.3199 0
      vertex -38.9774 52.1594 10
      vertex -38.9774 52.1594 0
    endloop
  endfacet
  facet normal -0.999323 -0.0367786 0
    outer loop
      vertex -38.9774 52.1594 10
      vertex -38.9097 50.3199 0
      vertex -38.9097 50.3199 10
    endloop
  endfacet
  facet normal -0.953309 0.301997 0
    outer loop
      vertex -35.7705 75.7713 0
      vertex -35.2146 77.5261 10
      vertex -35.2146 77.5261 0
    endloop
  endfacet
  facet normal -0.953309 0.301997 0
    outer loop
      vertex -35.2146 77.5261 10
      vertex -35.7705 75.7713 0
      vertex -35.7705 75.7713 10
    endloop
  endfacet
  facet normal 0.919156 0.393893 0
    outer loop
      vertex 105.291 82.7013 10
      vertex 104.566 84.3931 0
      vertex 104.566 84.3931 10
    endloop
  endfacet
  facet normal 0.919156 0.393893 0
    outer loop
      vertex 104.566 84.3931 0
      vertex 105.291 82.7013 10
      vertex 105.291 82.7013 0
    endloop
  endfacet
  facet normal 0.810459 -0.585795 0
    outer loop
      vertex 96.2406 9.32255 10
      vertex 97.3189 10.8144 0
      vertex 97.3189 10.8144 10
    endloop
  endfacet
  facet normal 0.810459 -0.585795 0
    outer loop
      vertex 97.3189 10.8144 0
      vertex 96.2406 9.32255 10
      vertex 96.2406 9.32255 0
    endloop
  endfacet
  facet normal 0.96053 -0.278178 0
    outer loop
      vertex 107.771 32.2286 10
      vertex 108.283 33.9965 0
      vertex 108.283 33.9965 10
    endloop
  endfacet
  facet normal 0.96053 -0.278178 0
    outer loop
      vertex 108.283 33.9965 0
      vertex 107.771 32.2286 10
      vertex 107.771 32.2286 0
    endloop
  endfacet
  facet normal 0.749118 -0.662437 0
    outer loop
      vertex 91.5713 3.63308 10
      vertex 92.7907 5.01204 0
      vertex 92.7907 5.01204 10
    endloop
  endfacet
  facet normal 0.749118 -0.662437 0
    outer loop
      vertex 92.7907 5.01204 0
      vertex 91.5713 3.63308 10
      vertex 91.5713 3.63308 0
    endloop
  endfacet
  facet normal -0.110229 -0.993906 0
    outer loop
      vertex 26.8192 -20.436 0
      vertex 28.6487 -20.6389 10
      vertex 26.8192 -20.436 10
    endloop
  endfacet
  facet normal -0.110229 -0.993906 -0
    outer loop
      vertex 28.6487 -20.6389 10
      vertex 26.8192 -20.436 0
      vertex 28.6487 -20.6389 0
    endloop
  endfacet
  facet normal -0.810459 -0.585795 0
    outer loop
      vertex -24.2406 9.32255 0
      vertex -25.3189 10.8144 10
      vertex -25.3189 10.8144 0
    endloop
  endfacet
  facet normal -0.810459 -0.585795 0
    outer loop
      vertex -25.3189 10.8144 10
      vertex -24.2406 9.32255 0
      vertex -24.2406 9.32255 10
    endloop
  endfacet
  facet normal 0.416421 -0.909172 0
    outer loop
      vertex 66.3931 -14.5657 0
      vertex 68.0666 -13.7992 10
      vertex 66.3931 -14.5657 10
    endloop
  endfacet
  facet normal 0.416421 -0.909172 0
    outer loop
      vertex 68.0666 -13.7992 10
      vertex 66.3931 -14.5657 0
      vertex 68.0666 -13.7992 0
    endloop
  endfacet
  facet normal 0.394031 -0.919097 0
    outer loop
      vertex 64.7013 -15.291 0
      vertex 66.3931 -14.5657 10
      vertex 64.7013 -15.291 10
    endloop
  endfacet
  facet normal 0.394031 -0.919097 0
    outer loop
      vertex 66.3931 -14.5657 10
      vertex 64.7013 -15.291 0
      vertex 66.3931 -14.5657 0
    endloop
  endfacet
  facet normal -0.545325 -0.838224 0
    outer loop
      vertex -5.66777 -8.36022 0
      vertex -4.12482 -9.36402 10
      vertex -5.66777 -8.36022 10
    endloop
  endfacet
  facet normal -0.545325 -0.838224 -0
    outer loop
      vertex -4.12482 -9.36402 10
      vertex -5.66777 -8.36022 0
      vertex -4.12482 -9.36402 0
    endloop
  endfacet
  facet normal 0.503597 0.863938 -0
    outer loop
      vertex 74.5577 118.33 0
      vertex 72.9674 119.257 10
      vertex 74.5577 118.33 10
    endloop
  endfacet
  facet normal 0.503597 0.863938 0
    outer loop
      vertex 72.9674 119.257 10
      vertex 74.5577 118.33 0
      vertex 72.9674 119.257 0
    endloop
  endfacet
  facet normal 0.680595 -0.73266 0
    outer loop
      vertex 86.9819 -1 0
      vertex 87.7155 -0.318531 10
      vertex 86.9819 -1 10
    endloop
  endfacet
  facet normal 0.680595 -0.73266 0
    outer loop
      vertex 87.7155 -0.318531 10
      vertex 86.9819 -1 0
      vertex 87.7155 -0.318531 0
    endloop
  endfacet
  facet normal 0.851263 -0.52474 0
    outer loop
      vertex 99.364 13.8752 10
      vertex 100.33 15.4423 0
      vertex 100.33 15.4423 10
    endloop
  endfacet
  facet normal 0.851263 -0.52474 0
    outer loop
      vertex 100.33 15.4423 0
      vertex 99.364 13.8752 10
      vertex 99.364 13.8752 0
    endloop
  endfacet
  facet normal -0.662432 -0.749122 0
    outer loop
      vertex -14.3669 -1.57133 0
      vertex -12.988 -2.79066 10
      vertex -14.3669 -1.57133 10
    endloop
  endfacet
  facet normal -0.662432 -0.749122 -0
    outer loop
      vertex -12.988 -2.79066 10
      vertex -14.3669 -1.57133 0
      vertex -12.988 -2.79066 0
    endloop
  endfacet
  facet normal 0.972866 -0.231368 0
    outer loop
      vertex 108.752 35.7765 10
      vertex 109 36.8193 0
      vertex 109 36.8193 10
    endloop
  endfacet
  facet normal 0.972866 -0.231368 0
    outer loop
      vertex 109 36.8193 0
      vertex 108.752 35.7765 10
      vertex 108.752 35.7765 0
    endloop
  endfacet
  facet normal 0.348729 0.937224 -0
    outer loop
      vertex 62.9921 123.974 0
      vertex 61.2667 124.616 10
      vertex 62.9921 123.974 10
    endloop
  endfacet
  facet normal 0.348729 0.937224 0
    outer loop
      vertex 61.2667 124.616 10
      vertex 62.9921 123.974 0
      vertex 61.2667 124.616 0
    endloop
  endfacet
  facet normal -0.662636 0.748942 0
    outer loop
      vertex -12.988 110.791 0
      vertex -14.3669 109.571 10
      vertex -12.988 110.791 10
    endloop
  endfacet
  facet normal -0.662636 0.748942 0
    outer loop
      vertex -14.3669 109.571 10
      vertex -12.988 110.791 0
      vertex -14.3669 109.571 0
    endloop
  endfacet
  facet normal 0.371072 0.928604 -0
    outer loop
      vertex 64.7013 123.291 0
      vertex 62.9921 123.974 10
      vertex 64.7013 123.291 10
    endloop
  endfacet
  facet normal 0.371072 0.928604 0
    outer loop
      vertex 62.9921 123.974 10
      vertex 64.7013 123.291 0
      vertex 62.9921 123.974 0
    endloop
  endfacet
  facet normal -0.643784 0.765207 0
    outer loop
      vertex -11.5795 111.976 0
      vertex -12.988 110.791 10
      vertex -11.5795 111.976 10
    endloop
  endfacet
  facet normal -0.643784 0.765207 0
    outer loop
      vertex -12.988 110.791 10
      vertex -11.5795 111.976 0
      vertex -12.988 110.791 0
    endloop
  endfacet
  facet normal 0.0613906 0.998114 -0
    outer loop
      vertex 41.5173 128.797 0
      vertex 39.6801 128.91 10
      vertex 41.5173 128.797 10
    endloop
  endfacet
  facet normal 0.0613906 0.998114 0
    outer loop
      vertex 39.6801 128.91 10
      vertex 41.5173 128.797 0
      vertex 39.6801 128.91 0
    endloop
  endfacet
  facet normal -0.887657 0.460506 0
    outer loop
      vertex -30.9918 87.7208 0
      vertex -30.1441 89.3548 10
      vertex -30.1441 89.3548 0
    endloop
  endfacet
  facet normal -0.887657 0.460506 0
    outer loop
      vertex -30.1441 89.3548 10
      vertex -30.9918 87.7208 0
      vertex -30.9918 87.7208 10
    endloop
  endfacet
  facet normal -0.605503 -0.795843 0
    outer loop
      vertex -10.1424 -5.12598 0
      vertex -8.67745 -6.24056 10
      vertex -10.1424 -5.12598 10
    endloop
  endfacet
  facet normal -0.605503 -0.795843 -0
    outer loop
      vertex -8.67745 -6.24056 10
      vertex -10.1424 -5.12598 0
      vertex -8.67745 -6.24056 0
    endloop
  endfacet
  facet normal -0.765293 0.643682 0
    outer loop
      vertex -21.9758 101.579 0
      vertex -20.7907 102.988 10
      vertex -20.7907 102.988 0
    endloop
  endfacet
  facet normal -0.765293 0.643682 0
    outer loop
      vertex -20.7907 102.988 10
      vertex -21.9758 101.579 0
      vertex -21.9758 101.579 10
    endloop
  endfacet
  facet normal -0.110282 0.9939 0
    outer loop
      vertex 28.6487 128.639 0
      vertex 26.8192 128.436 10
      vertex 28.6487 128.639 10
    endloop
  endfacet
  facet normal -0.110282 0.9939 0
    outer loop
      vertex 26.8192 128.436 10
      vertex 28.6487 128.639 0
      vertex 26.8192 128.436 0
    endloop
  endfacet
  facet normal -0.937348 0.348395 0
    outer loop
      vertex -34.6158 79.2667 0
      vertex -33.9745 80.9921 10
      vertex -33.9745 80.9921 0
    endloop
  endfacet
  facet normal -0.937348 0.348395 0
    outer loop
      vertex -33.9745 80.9921 10
      vertex -34.6158 79.2667 0
      vertex -34.6158 79.2667 10
    endloop
  endfacet
  facet normal 0.110282 0.9939 -0
    outer loop
      vertex 45.1808 128.436 0
      vertex 43.3513 128.639 10
      vertex 45.1808 128.436 10
    endloop
  endfacet
  facet normal 0.110282 0.9939 0
    outer loop
      vertex 43.3513 128.639 10
      vertex 45.1808 128.436 0
      vertex 43.3513 128.639 0
    endloop
  endfacet
  facet normal -0.503589 0.863943 0
    outer loop
      vertex -0.967364 119.257 0
      vertex -2.5577 118.33 10
      vertex -0.967364 119.257 10
    endloop
  endfacet
  facet normal -0.503589 0.863943 0
    outer loop
      vertex -2.5577 118.33 10
      vertex -0.967364 119.257 0
      vertex -2.5577 118.33 0
    endloop
  endfacet
  facet normal 0.605634 0.795743 -0
    outer loop
      vertex 82.1424 113.126 0
      vertex 80.6774 114.241 10
      vertex 82.1424 113.126 10
    endloop
  endfacet
  facet normal 0.605634 0.795743 0
    outer loop
      vertex 80.6774 114.241 10
      vertex 82.1424 113.126 0
      vertex 80.6774 114.241 0
    endloop
  endfacet
  facet normal 0.565763 -0.824568 0
    outer loop
      vertex 77.6678 -8.36022 0
      vertex 78.1928 -8 10
      vertex 77.6678 -8.36022 10
    endloop
  endfacet
  facet normal 0.565763 -0.824568 0
    outer loop
      vertex 78.1928 -8 10
      vertex 77.6678 -8.36022 0
      vertex 78.1928 -8 0
    endloop
  endfacet
  facet normal -0.0122777 -0.999925 0
    outer loop
      vertex 34.1594 -20.9774 0
      vertex 36 -21 10
      vertex 34.1594 -20.9774 10
    endloop
  endfacet
  facet normal -0.0122777 -0.999925 -0
    outer loop
      vertex 36 -21 10
      vertex 34.1594 -20.9774 0
      vertex 36 -21 0
    endloop
  endfacet
  facet normal -0.996314 0.0857786 0
    outer loop
      vertex -38.7968 59.5173 0
      vertex -38.6389 61.3513 10
      vertex -38.6389 61.3513 0
    endloop
  endfacet
  facet normal -0.996314 0.0857786 0
    outer loop
      vertex -38.6389 61.3513 10
      vertex -38.7968 59.5173 0
      vertex -38.7968 59.5173 10
    endloop
  endfacet
  facet normal 0.81045 0.585808 0
    outer loop
      vertex 97.3189 97.1856 10
      vertex 96.2406 98.6774 0
      vertex 96.2406 98.6774 10
    endloop
  endfacet
  facet normal 0.81045 0.585808 0
    outer loop
      vertex 96.2406 98.6774 0
      vertex 97.3189 97.1856 10
      vertex 97.3189 97.1856 0
    endloop
  endfacet
  facet normal -0.983109 0.183019 0
    outer loop
      vertex -37.8958 66.8221 0
      vertex -37.5589 68.6318 10
      vertex -37.5589 68.6318 0
    endloop
  endfacet
  facet normal -0.983109 0.183019 0
    outer loop
      vertex -37.5589 68.6318 10
      vertex -37.8958 66.8221 0
      vertex -37.8958 66.8221 10
    endloop
  endfacet
  facet normal -0.605647 0.795733 0
    outer loop
      vertex -8.67745 114.241 0
      vertex -10.1424 113.126 10
      vertex -8.67745 114.241 10
    endloop
  endfacet
  facet normal -0.605647 0.795733 0
    outer loop
      vertex -10.1424 113.126 10
      vertex -8.67745 114.241 0
      vertex -10.1424 113.126 0
    endloop
  endfacet
  facet normal -0.624801 0.780784 0
    outer loop
      vertex -10.1424 113.126 0
      vertex -11.5795 111.976 10
      vertex -10.1424 113.126 10
    endloop
  endfacet
  facet normal -0.624801 0.780784 0
    outer loop
      vertex -11.5795 111.976 10
      vertex -10.1424 113.126 0
      vertex -11.5795 111.976 0
    endloop
  endfacet
  facet normal -0.482196 -0.876063 0
    outer loop
      vertex -0.967364 -11.2565 0
      vertex 0.645246 -12.1441 10
      vertex -0.967364 -11.2565 10
    endloop
  endfacet
  facet normal -0.482196 -0.876063 -0
    outer loop
      vertex 0.645246 -12.1441 10
      vertex -0.967364 -11.2565 0
      vertex 0.645246 -12.1441 0
    endloop
  endfacet
  facet normal -0.503548 -0.863967 0
    outer loop
      vertex -2.5577 -10.3296 0
      vertex -0.967364 -11.2565 10
      vertex -2.5577 -10.3296 10
    endloop
  endfacet
  facet normal -0.503548 -0.863967 -0
    outer loop
      vertex -0.967364 -11.2565 10
      vertex -2.5577 -10.3296 0
      vertex -0.967364 -11.2565 0
    endloop
  endfacet
  facet normal 0.482198 -0.876062 0
    outer loop
      vertex 71.3548 -12.1441 0
      vertex 72.9674 -11.2565 10
      vertex 71.3548 -12.1441 10
    endloop
  endfacet
  facet normal 0.482198 -0.876062 0
    outer loop
      vertex 72.9674 -11.2565 10
      vertex 71.3548 -12.1441 0
      vertex 72.9674 -11.2565 0
    endloop
  endfacet
  facet normal -0.838233 -0.545313 0
    outer loop
      vertex -26.3602 12.3322 0
      vertex -27.364 13.8752 10
      vertex -27.364 13.8752 0
    endloop
  endfacet
  facet normal -0.838233 -0.545313 0
    outer loop
      vertex -27.364 13.8752 10
      vertex -26.3602 12.3322 0
      vertex -26.3602 12.3322 10
    endloop
  endfacet
  facet normal -0.85136 -0.524582 0
    outer loop
      vertex -27.364 13.8752 0
      vertex -28.3296 15.4423 10
      vertex -28.3296 15.4423 0
    endloop
  endfacet
  facet normal -0.85136 -0.524582 0
    outer loop
      vertex -28.3296 15.4423 10
      vertex -27.364 13.8752 0
      vertex -27.364 13.8752 10
    endloop
  endfacet
  facet normal -0.460527 -0.887646 0
    outer loop
      vertex 0.645246 -12.1441 0
      vertex 2.27915 -12.9918 10
      vertex 0.645246 -12.1441 10
    endloop
  endfacet
  facet normal -0.460527 -0.887646 -0
    outer loop
      vertex 2.27915 -12.9918 10
      vertex 0.645246 -12.1441 0
      vertex 2.27915 -12.9918 0
    endloop
  endfacet
  facet normal -0.134725 0.990883 0
    outer loop
      vertex 26.8192 128.436 0
      vertex 24.9952 128.188 10
      vertex 26.8192 128.436 10
    endloop
  endfacet
  facet normal -0.134725 0.990883 0
    outer loop
      vertex 24.9952 128.188 10
      vertex 26.8192 128.436 0
      vertex 24.9952 128.188 0
    endloop
  endfacet
  facet normal -0.909172 0.416421 0
    outer loop
      vertex -32.5657 84.3931 0
      vertex -31.7992 86.0666 10
      vertex -31.7992 86.0666 0
    endloop
  endfacet
  facet normal -0.909172 0.416421 0
    outer loop
      vertex -31.7992 86.0666 10
      vertex -32.5657 84.3931 0
      vertex -32.5657 84.3931 10
    endloop
  endfacet
  facet normal -0.824596 0.565722 0
    outer loop
      vertex -26.3602 95.6678 0
      vertex -25.3189 97.1856 10
      vertex -25.3189 97.1856 0
    endloop
  endfacet
  facet normal -0.824596 0.565722 0
    outer loop
      vertex -25.3189 97.1856 10
      vertex -26.3602 95.6678 0
      vertex -26.3602 95.6678 10
    endloop
  endfacet
  facet normal -0.0613365 -0.998117 0
    outer loop
      vertex 30.4827 -20.7968 0
      vertex 32.3199 -20.9097 10
      vertex 30.4827 -20.7968 10
    endloop
  endfacet
  facet normal -0.0613365 -0.998117 -0
    outer loop
      vertex 32.3199 -20.9097 10
      vertex 30.4827 -20.7968 0
      vertex 32.3199 -20.9097 0
    endloop
  endfacet
  facet normal -0.416639 0.909072 0
    outer loop
      vertex 5.6069 122.566 0
      vertex 3.93337 121.799 10
      vertex 5.6069 122.566 10
    endloop
  endfacet
  facet normal -0.416639 0.909072 0
    outer loop
      vertex 3.93337 121.799 10
      vertex 5.6069 122.566 0
      vertex 3.93337 121.799 0
    endloop
  endfacet
  facet normal -0.993906 -0.110229 0
    outer loop
      vertex -38.436 44.8192 0
      vertex -38.6389 46.6487 10
      vertex -38.6389 46.6487 0
    endloop
  endfacet
  facet normal -0.993906 -0.110229 0
    outer loop
      vertex -38.6389 46.6487 10
      vertex -38.436 44.8192 0
      vertex -38.436 44.8192 10
    endloop
  endfacet
  facet normal -0.863962 0.503557 0
    outer loop
      vertex -29.2565 90.9674 0
      vertex -28.3296 92.5577 10
      vertex -28.3296 92.5577 0
    endloop
  endfacet
  facet normal -0.863962 0.503557 0
    outer loop
      vertex -28.3296 92.5577 10
      vertex -29.2565 90.9674 0
      vertex -29.2565 90.9674 10
    endloop
  endfacet
  facet normal -0.953304 -0.302013 0
    outer loop
      vertex -35.2146 30.4739 0
      vertex -35.7705 32.2286 10
      vertex -35.7705 32.2286 0
    endloop
  endfacet
  facet normal -0.953304 -0.302013 0
    outer loop
      vertex -35.7705 32.2286 10
      vertex -35.2146 30.4739 0
      vertex -35.2146 30.4739 10
    endloop
  endfacet
  facet normal -0.990897 -0.134619 0
    outer loop
      vertex -38.1882 42.9952 0
      vertex -38.436 44.8192 10
      vertex -38.436 44.8192 0
    endloop
  endfacet
  facet normal -0.990897 -0.134619 0
    outer loop
      vertex -38.436 44.8192 10
      vertex -38.1882 42.9952 0
      vertex -38.1882 42.9952 10
    endloop
  endfacet
  facet normal 0.795768 0.605601 0
    outer loop
      vertex 96.2406 98.6774 10
      vertex 95.126 100.142 0
      vertex 95.126 100.142 10
    endloop
  endfacet
  facet normal 0.795768 0.605601 0
    outer loop
      vertex 95.126 100.142 0
      vertex 96.2406 98.6774 10
      vertex 96.2406 98.6774 0
    endloop
  endfacet
  facet normal 0.78071 0.624894 0
    outer loop
      vertex 95.126 100.142 10
      vertex 93.9758 101.579 0
      vertex 93.9758 101.579 10
    endloop
  endfacet
  facet normal 0.78071 0.624894 0
    outer loop
      vertex 93.9758 101.579 0
      vertex 95.126 100.142 10
      vertex 95.126 100.142 0
    endloop
  endfacet
  facet normal 0.698367 -0.71574 0
    outer loop
      vertex 87.7155 -0.318531 0
      vertex 89.033 0.966991 10
      vertex 87.7155 -0.318531 10
    endloop
  endfacet
  facet normal 0.698367 -0.71574 0
    outer loop
      vertex 89.033 0.966991 10
      vertex 87.7155 -0.318531 0
      vertex 89.033 0.966991 0
    endloop
  endfacet
  facet normal 0.928604 -0.371072 0
    outer loop
      vertex 105.291 25.2987 10
      vertex 105.974 27.0079 0
      vertex 105.974 27.0079 10
    endloop
  endfacet
  facet normal 0.928604 -0.371072 0
    outer loop
      vertex 105.974 27.0079 0
      vertex 105.291 25.2987 10
      vertex 105.291 25.2987 0
    endloop
  endfacet
  facet normal 0.937269 0.348606 0
    outer loop
      vertex 106.343 80 10
      vertex 105.974 80.9921 0
      vertex 105.974 80.9921 10
    endloop
  endfacet
  facet normal 0.937269 0.348606 0
    outer loop
      vertex 105.974 80.9921 0
      vertex 106.343 80 10
      vertex 106.343 80 0
    endloop
  endfacet
  facet normal 0.824596 -0.565722 0
    outer loop
      vertex 97.3189 10.8144 10
      vertex 98.3602 12.3322 0
      vertex 98.3602 12.3322 10
    endloop
  endfacet
  facet normal 0.824596 -0.565722 0
    outer loop
      vertex 98.3602 12.3322 0
      vertex 97.3189 10.8144 10
      vertex 97.3189 10.8144 0
    endloop
  endfacet
  facet normal -0.624867 -0.780731 0
    outer loop
      vertex -11.5795 -3.97578 0
      vertex -10.1424 -5.12598 10
      vertex -11.5795 -3.97578 10
    endloop
  endfacet
  facet normal -0.624867 -0.780731 -0
    outer loop
      vertex -10.1424 -5.12598 10
      vertex -11.5795 -3.97578 0
      vertex -10.1424 -5.12598 0
    endloop
  endfacet
  facet normal 0.545389 0.838183 -0
    outer loop
      vertex 77.6678 116.36 0
      vertex 76.1248 117.364 10
      vertex 77.6678 116.36 10
    endloop
  endfacet
  facet normal 0.545389 0.838183 0
    outer loop
      vertex 76.1248 117.364 10
      vertex 77.6678 116.36 0
      vertex 76.1248 117.364 0
    endloop
  endfacet
  facet normal -0.898667 0.438631 0
    outer loop
      vertex -31.7992 86.0666 0
      vertex -30.9918 87.7208 10
      vertex -30.9918 87.7208 0
    endloop
  endfacet
  facet normal -0.898667 0.438631 0
    outer loop
      vertex -30.9918 87.7208 10
      vertex -31.7992 86.0666 0
      vertex -31.7992 86.0666 10
    endloop
  endfacet
  facet normal -0.325308 -0.945608 0
    outer loop
      vertex 10.7333 -16.6158 0
      vertex 12.4739 -17.2146 10
      vertex 10.7333 -16.6158 10
    endloop
  endfacet
  facet normal -0.325308 -0.945608 -0
    outer loop
      vertex 12.4739 -17.2146 10
      vertex 10.7333 -16.6158 0
      vertex 12.4739 -17.2146 0
    endloop
  endfacet
  facet normal -0.990897 0.134619 0
    outer loop
      vertex -38.436 63.1808 0
      vertex -38.1882 65.0048 10
      vertex -38.1882 65.0048 0
    endloop
  endfacet
  facet normal -0.990897 0.134619 0
    outer loop
      vertex -38.1882 65.0048 10
      vertex -38.436 63.1808 0
      vertex -38.436 63.1808 10
    endloop
  endfacet
  facet normal -0.231412 0.972856 0
    outer loop
      vertex 19.5674 127.178 0
      vertex 17.7765 126.752 10
      vertex 19.5674 127.178 10
    endloop
  endfacet
  facet normal -0.231412 0.972856 0
    outer loop
      vertex 17.7765 126.752 10
      vertex 19.5674 127.178 0
      vertex 17.7765 126.752 0
    endloop
  endfacet
  facet normal -0.698367 -0.71574 0
    outer loop
      vertex -17.033 0.966991 0
      vertex -15.7155 -0.318531 10
      vertex -17.033 0.966991 10
    endloop
  endfacet
  facet normal -0.698367 -0.71574 -0
    outer loop
      vertex -15.7155 -0.318531 10
      vertex -17.033 0.966991 0
      vertex -15.7155 -0.318531 0
    endloop
  endfacet
  facet normal 0.909069 -0.416645 0
    outer loop
      vertex 103.799 21.9334 10
      vertex 104.566 23.6069 0
      vertex 104.566 23.6069 10
    endloop
  endfacet
  facet normal 0.909069 -0.416645 0
    outer loop
      vertex 104.566 23.6069 0
      vertex 103.799 21.9334 10
      vertex 103.799 21.9334 0
    endloop
  endfacet
  facet normal -0.254838 -0.966984 0
    outer loop
      vertex 15.9965 -18.2832 0
      vertex 17.7765 -18.7523 10
      vertex 15.9965 -18.2832 10
    endloop
  endfacet
  facet normal -0.254838 -0.966984 -0
    outer loop
      vertex 17.7765 -18.7523 10
      vertex 15.9965 -18.2832 0
      vertex 17.7765 -18.7523 0
    endloop
  endfacet
  facet normal -0.134619 -0.990897 0
    outer loop
      vertex 24.9952 -20.1882 0
      vertex 26.8192 -20.436 10
      vertex 24.9952 -20.1882 10
    endloop
  endfacet
  facet normal -0.134619 -0.990897 -0
    outer loop
      vertex 26.8192 -20.436 10
      vertex 24.9952 -20.1882 0
      vertex 26.8192 -20.436 0
    endloop
  endfacet
  facet normal -0.978321 -0.207095 0
    outer loop
      vertex -37.1777 37.5674 0
      vertex -37.5589 39.3682 10
      vertex -37.5589 39.3682 0
    endloop
  endfacet
  facet normal -0.978321 -0.207095 0
    outer loop
      vertex -37.5589 39.3682 10
      vertex -37.1777 37.5674 0
      vertex -37.1777 37.5674 10
    endloop
  endfacet
  facet normal 0.254787 0.966997 -0
    outer loop
      vertex 56.0035 126.283 0
      vertex 54.2235 126.752 10
      vertex 56.0035 126.283 10
    endloop
  endfacet
  facet normal 0.254787 0.966997 0
    outer loop
      vertex 54.2235 126.752 10
      vertex 56.0035 126.283 0
      vertex 54.2235 126.752 0
    endloop
  endfacet
  facet normal -0.978321 0.207095 0
    outer loop
      vertex -37.5589 68.6318 0
      vertex -37.1777 70.4326 10
      vertex -37.1777 70.4326 0
    endloop
  endfacet
  facet normal -0.978321 0.207095 0
    outer loop
      vertex -37.1777 70.4326 10
      vertex -37.5589 68.6318 0
      vertex -37.5589 68.6318 10
    endloop
  endfacet
  facet normal -0.972929 0.231104 0
    outer loop
      vertex -37.1777 70.4326 0
      vertex -36.7523 72.2235 10
      vertex -36.7523 72.2235 0
    endloop
  endfacet
  facet normal -0.972929 0.231104 0
    outer loop
      vertex -36.7523 72.2235 10
      vertex -37.1777 70.4326 0
      vertex -37.1777 70.4326 10
    endloop
  endfacet
  facet normal -0.207095 -0.978321 0
    outer loop
      vertex 19.5674 -19.1777 0
      vertex 21.3682 -19.5589 10
      vertex 19.5674 -19.1777 10
    endloop
  endfacet
  facet normal -0.207095 -0.978321 -0
    outer loop
      vertex 21.3682 -19.5589 10
      vertex 19.5674 -19.1777 0
      vertex 21.3682 -19.5589 0
    endloop
  endfacet
  facet normal -0.749145 0.662406 0
    outer loop
      vertex 86.3847 8.33399 0
      vertex 87.4902 9.58425 10
      vertex 87.4902 9.58425 0
    endloop
  endfacet
  facet normal -0.749145 0.662406 0
    outer loop
      vertex 87.4902 9.58425 10
      vertex 86.3847 8.33399 0
      vertex 86.3847 8.33399 10
    endloop
  endfacet
  facet normal -0.978398 -0.206729 0
    outer loop
      vertex 102.693 67.2661 0
      vertex 102.348 68.8989 10
      vertex 102.348 68.8989 0
    endloop
  endfacet
  facet normal -0.978398 -0.206729 0
    outer loop
      vertex 102.348 68.8989 10
      vertex 102.693 67.2661 0
      vertex 102.693 67.2661 10
    endloop
  endfacet
  facet normal 0.278612 -0.960404 0
    outer loop
      vertex 16.2606 119.072 0
      vertex 17.8635 119.537 10
      vertex 16.2606 119.072 10
    endloop
  endfacet
  facet normal 0.278612 -0.960404 0
    outer loop
      vertex 17.8635 119.537 10
      vertex 16.2606 119.072 0
      vertex 17.8635 119.537 0
    endloop
  endfacet
  facet normal 0.91912 -0.393977 0
    outer loop
      vertex -26.8238 80.0225 10
      vertex -26.1663 81.5564 0
      vertex -26.1663 81.5564 10
    endloop
  endfacet
  facet normal 0.91912 -0.393977 0
    outer loop
      vertex -26.1663 81.5564 0
      vertex -26.8238 80.0225 10
      vertex -26.8238 80.0225 0
    endloop
  endfacet
  facet normal 0.0119838 -0.999928 0
    outer loop
      vertex 34.3312 121.98 0
      vertex 36 122 10
      vertex 34.3312 121.98 10
    endloop
  endfacet
  facet normal 0.0119838 -0.999928 0
    outer loop
      vertex 36 122 10
      vertex 34.3312 121.98 0
      vertex 36 122 0
    endloop
  endfacet
  facet normal 0.93734 -0.348417 0
    outer loop
      vertex -28.025 76.9085 10
      vertex -27.4435 78.4729 0
      vertex -27.4435 78.4729 10
    endloop
  endfacet
  facet normal 0.93734 -0.348417 0
    outer loop
      vertex -27.4435 78.4729 0
      vertex -28.025 76.9085 10
      vertex -28.025 76.9085 0
    endloop
  endfacet
  facet normal 0.749129 -0.662424 0
    outer loop
      vertex -15.4902 98.4158 10
      vertex -14.3847 99.666 0
      vertex -14.3847 99.666 10
    endloop
  endfacet
  facet normal 0.749129 -0.662424 0
    outer loop
      vertex -14.3847 99.666 0
      vertex -15.4902 98.4158 10
      vertex -15.4902 98.4158 0
    endloop
  endfacet
  facet normal 0.945608 -0.325309 0
    outer loop
      vertex -28.5679 75.3304 10
      vertex -28.025 76.9085 0
      vertex -28.025 76.9085 10
    endloop
  endfacet
  facet normal 0.945608 -0.325309 0
    outer loop
      vertex -28.025 76.9085 0
      vertex -28.5679 75.3304 10
      vertex -28.5679 75.3304 0
    endloop
  endfacet
  facet normal -0.909162 -0.416442 0
    outer loop
      vertex 98.1663 81.5564 0
      vertex 97.4713 83.0737 10
      vertex 97.4713 83.0737 0
    endloop
  endfacet
  facet normal -0.909162 -0.416442 0
    outer loop
      vertex 97.4713 83.0737 10
      vertex 98.1663 81.5564 0
      vertex 98.1663 81.5564 10
    endloop
  endfacet
  facet normal -0.0371491 -0.99931 0
    outer loop
      vertex 37.6688 121.98 0
      vertex 39.3366 121.918 10
      vertex 37.6688 121.98 10
    endloop
  endfacet
  facet normal -0.0371491 -0.99931 -0
    outer loop
      vertex 39.3366 121.918 10
      vertex 37.6688 121.98 0
      vertex 39.3366 121.918 0
    endloop
  endfacet
  facet normal 0.863964 0.503554 0
    outer loop
      vertex -22.3255 19.041 10
      vertex -23.1659 20.4829 0
      vertex -23.1659 20.4829 10
    endloop
  endfacet
  facet normal 0.863964 0.503554 0
    outer loop
      vertex -23.1659 20.4829 0
      vertex -22.3255 19.041 10
      vertex -22.3255 19.041 0
    endloop
  endfacet
  facet normal -0.438589 -0.898688 0
    outer loop
      vertex 65.0737 115.471 0
      vertex 66.5736 114.739 10
      vertex 65.0737 115.471 10
    endloop
  endfacet
  facet normal -0.438589 -0.898688 -0
    outer loop
      vertex 66.5736 114.739 10
      vertex 65.0737 115.471 0
      vertex 66.5736 114.739 0
    endloop
  endfacet
  facet normal -0.967028 0.25467 0
    outer loop
      vertex 101.537 35.8635 0
      vertex 101.962 37.4773 10
      vertex 101.962 37.4773 0
    endloop
  endfacet
  facet normal -0.967028 0.25467 0
    outer loop
      vertex 101.962 37.4773 10
      vertex 101.537 35.8635 0
      vertex 101.537 35.8635 10
    endloop
  endfacet
  facet normal -0.565659 -0.824639 0
    outer loop
      vertex 73.7788 110.54 0
      vertex 75.155 109.596 10
      vertex 73.7788 110.54 10
    endloop
  endfacet
  facet normal -0.565659 -0.824639 -0
    outer loop
      vertex 75.155 109.596 10
      vertex 73.7788 110.54 0
      vertex 75.155 109.596 0
    endloop
  endfacet
  facet normal -0.254838 0.966984 0
    outer loop
      vertex 54.1365 -11.5368 0
      vertex 52.5227 -11.9621 10
      vertex 54.1365 -11.5368 10
    endloop
  endfacet
  facet normal -0.254838 0.966984 0
    outer loop
      vertex 52.5227 -11.9621 10
      vertex 54.1365 -11.5368 0
      vertex 52.5227 -11.9621 0
    endloop
  endfacet
  facet normal -0.99931 -0.0371491 0
    outer loop
      vertex 103.98 55.6688 0
      vertex 103.918 57.3366 10
      vertex 103.918 57.3366 0
    endloop
  endfacet
  facet normal -0.99931 -0.0371491 0
    outer loop
      vertex 103.918 57.3366 10
      vertex 103.98 55.6688 0
      vertex 103.98 55.6688 10
    endloop
  endfacet
  facet normal -0.990872 -0.134808 0
    outer loop
      vertex 103.489 62.3239 0
      vertex 103.264 63.9777 10
      vertex 103.264 63.9777 0
    endloop
  endfacet
  facet normal -0.990872 -0.134808 0
    outer loop
      vertex 103.264 63.9777 10
      vertex 103.489 62.3239 0
      vertex 103.489 62.3239 10
    endloop
  endfacet
  facet normal 0.824611 -0.5657 0
    outer loop
      vertex -20.5399 91.7788 10
      vertex -19.5958 93.155 0
      vertex -19.5958 93.155 10
    endloop
  endfacet
  facet normal 0.824611 -0.5657 0
    outer loop
      vertex -19.5958 93.155 0
      vertex -20.5399 91.7788 10
      vertex -20.5399 91.7788 0
    endloop
  endfacet
  facet normal -0.824611 -0.5657 0
    outer loop
      vertex 92.5399 91.7788 0
      vertex 91.5958 93.155 10
      vertex 91.5958 93.155 0
    endloop
  endfacet
  facet normal -0.824611 -0.5657 0
    outer loop
      vertex 91.5958 93.155 10
      vertex 92.5399 91.7788 0
      vertex 92.5399 91.7788 10
    endloop
  endfacet
  facet normal -0.998131 -0.0611174 0
    outer loop
      vertex 103.918 57.3366 0
      vertex 103.816 59.0024 10
      vertex 103.816 59.0024 0
    endloop
  endfacet
  facet normal -0.998131 -0.0611174 0
    outer loop
      vertex 103.816 59.0024 10
      vertex 103.918 57.3366 0
      vertex 103.918 57.3366 10
    endloop
  endfacet
  facet normal -0.996322 -0.0856832 0
    outer loop
      vertex 103.816 59.0024 0
      vertex 103.673 60.6652 10
      vertex 103.673 60.6652 0
    endloop
  endfacet
  facet normal -0.996322 -0.0856832 0
    outer loop
      vertex 103.673 60.6652 10
      vertex 103.816 59.0024 0
      vertex 103.816 59.0024 10
    endloop
  endfacet
  facet normal 0.482307 -0.876002 0
    outer loop
      vertex 2.48292 113.166 0
      vertex 3.94502 113.971 10
      vertex 2.48292 113.166 10
    endloop
  endfacet
  facet normal 0.482307 -0.876002 0
    outer loop
      vertex 3.94502 113.971 10
      vertex 2.48292 113.166 0
      vertex 3.94502 113.971 0
    endloop
  endfacet
  facet normal 0.966984 -0.254838 0
    outer loop
      vertex -29.9621 70.5227 10
      vertex -29.5368 72.1365 0
      vertex -29.5368 72.1365 10
    endloop
  endfacet
  facet normal 0.966984 -0.254838 0
    outer loop
      vertex -29.5368 72.1365 0
      vertex -29.9621 70.5227 10
      vertex -29.9621 70.5227 0
    endloop
  endfacet
  facet normal 0.863964 -0.503554 0
    outer loop
      vertex -23.1659 87.5171 10
      vertex -22.3255 88.959 0
      vertex -22.3255 88.959 10
    endloop
  endfacet
  facet normal 0.863964 -0.503554 0
    outer loop
      vertex -22.3255 88.959 0
      vertex -23.1659 87.5171 10
      vertex -23.1659 87.5171 0
    endloop
  endfacet
  facet normal -0.999928 -0.0119838 0
    outer loop
      vertex 104 54 0
      vertex 103.98 55.6688 10
      vertex 103.98 55.6688 0
    endloop
  endfacet
  facet normal -0.999928 -0.0119838 0
    outer loop
      vertex 103.98 55.6688 10
      vertex 104 54 0
      vertex 104 54 10
    endloop
  endfacet
  facet normal -0.945589 0.325363 0
    outer loop
      vertex 100.025 31.0915 0
      vertex 100.568 32.6696 10
      vertex 100.568 32.6696 0
    endloop
  endfacet
  facet normal -0.945589 0.325363 0
    outer loop
      vertex 100.568 32.6696 10
      vertex 100.025 31.0915 0
      vertex 100.025 31.0915 10
    endloop
  endfacet
  facet normal 0.715742 0.698365 0
    outer loop
      vertex -12.0833 5.91674 10
      vertex -13.2488 7.11124 0
      vertex -13.2488 7.11124 10
    endloop
  endfacet
  facet normal 0.715742 0.698365 0
    outer loop
      vertex -13.2488 7.11124 0
      vertex -12.0833 5.91674 10
      vertex -12.0833 5.91674 0
    endloop
  endfacet
  facet normal 0.983103 -0.183055 0
    outer loop
      vertex -30.9989 65.6254 10
      vertex -30.6934 67.2661 0
      vertex -30.6934 67.2661 10
    endloop
  endfacet
  facet normal 0.983103 -0.183055 0
    outer loop
      vertex -30.6934 67.2661 0
      vertex -30.9989 65.6254 10
      vertex -30.9989 65.6254 0
    endloop
  endfacet
  facet normal -0.810445 -0.585814 0
    outer loop
      vertex 91.5958 93.155 0
      vertex 90.6181 94.5076 10
      vertex 90.6181 94.5076 0
    endloop
  endfacet
  facet normal -0.810445 -0.585814 0
    outer loop
      vertex 90.6181 94.5076 10
      vertex 91.5958 93.155 0
      vertex 91.5958 93.155 10
    endloop
  endfacet
  facet normal 0.698518 -0.715592 0
    outer loop
      vertex -12.0833 102.083 0
      vertex -10.8888 103.249 10
      vertex -12.0833 102.083 10
    endloop
  endfacet
  facet normal 0.698518 -0.715592 0
    outer loop
      vertex -10.8888 103.249 10
      vertex -12.0833 102.083 0
      vertex -10.8888 103.249 0
    endloop
  endfacet
  facet normal -0.983049 -0.183344 0
    outer loop
      vertex 102.999 65.6254 0
      vertex 102.693 67.2661 10
      vertex 102.693 67.2661 0
    endloop
  endfacet
  facet normal -0.983049 -0.183344 0
    outer loop
      vertex 102.693 67.2661 10
      vertex 102.999 65.6254 0
      vertex 102.999 65.6254 10
    endloop
  endfacet
  facet normal -0.698377 0.71573 0
    outer loop
      vertex 84.0833 5.91674 0
      vertex 82.8888 4.7512 10
      vertex 84.0833 5.91674 10
    endloop
  endfacet
  facet normal -0.698377 0.71573 0
    outer loop
      vertex 82.8888 4.7512 10
      vertex 84.0833 5.91674 0
      vertex 82.8888 4.7512 0
    endloop
  endfacet
  facet normal -0.91912 -0.393977 0
    outer loop
      vertex 98.8238 80.0225 0
      vertex 98.1663 81.5564 10
      vertex 98.1663 81.5564 0
    endloop
  endfacet
  facet normal -0.91912 -0.393977 0
    outer loop
      vertex 98.1663 81.5564 10
      vertex 98.8238 80.0225 0
      vertex 98.8238 80.0225 10
    endloop
  endfacet
  facet normal -0.93734 0.348417 0
    outer loop
      vertex 99.4435 29.5271 0
      vertex 100.025 31.0915 10
      vertex 100.025 31.0915 0
    endloop
  endfacet
  facet normal -0.93734 0.348417 0
    outer loop
      vertex 100.025 31.0915 10
      vertex 99.4435 29.5271 0
      vertex 99.4435 29.5271 10
    endloop
  endfacet
  facet normal 0.999323 0.03679 0
    outer loop
      vertex -31.9181 50.6634 10
      vertex -31.9795 52.3312 0
      vertex -31.9795 52.3312 10
    endloop
  endfacet
  facet normal 0.999323 0.03679 0
    outer loop
      vertex -31.9795 52.3312 0
      vertex -31.9181 50.6634 10
      vertex -31.9181 50.6634 0
    endloop
  endfacet
  facet normal 0.301992 -0.953311 0
    outer loop
      vertex 14.6696 118.568 0
      vertex 16.2606 119.072 10
      vertex 14.6696 118.568 10
    endloop
  endfacet
  facet normal 0.301992 -0.953311 0
    outer loop
      vertex 16.2606 119.072 10
      vertex 14.6696 118.568 0
      vertex 16.2606 119.072 0
    endloop
  endfacet
  facet normal -0.371318 0.928506 0
    outer loop
      vertex 62.0225 -8.82381 0
      vertex 60.4729 -9.44351 10
      vertex 62.0225 -8.82381 10
    endloop
  endfacet
  facet normal -0.371318 0.928506 0
    outer loop
      vertex 60.4729 -9.44351 10
      vertex 62.0225 -8.82381 0
      vertex 60.4729 -9.44351 0
    endloop
  endfacet
  facet normal 0.887616 0.460585 0
    outer loop
      vertex -23.9706 21.945 10
      vertex -24.7393 23.4264 0
      vertex -24.7393 23.4264 10
    endloop
  endfacet
  facet normal 0.887616 0.460585 0
    outer loop
      vertex -24.7393 23.4264 0
      vertex -23.9706 21.945 10
      vertex -23.9706 21.945 0
    endloop
  endfacet
  facet normal 0.698377 0.71573 -0
    outer loop
      vertex -10.8888 4.7512 0
      vertex -12.0833 5.91674 10
      vertex -10.8888 4.7512 10
    endloop
  endfacet
  facet normal 0.698377 0.71573 0
    outer loop
      vertex -12.0833 5.91674 10
      vertex -10.8888 4.7512 0
      vertex -12.0833 5.91674 0
    endloop
  endfacet
  facet normal 0.824611 0.5657 0
    outer loop
      vertex -19.5958 14.845 10
      vertex -20.5399 16.2212 0
      vertex -20.5399 16.2212 10
    endloop
  endfacet
  facet normal 0.824611 0.5657 0
    outer loop
      vertex -20.5399 16.2212 0
      vertex -19.5958 14.845 10
      vertex -19.5958 14.845 0
    endloop
  endfacet
  facet normal 0.110254 0.993903 -0
    outer loop
      vertex 29.3348 -13.6726 0
      vertex 27.6761 -13.4886 10
      vertex 29.3348 -13.6726 10
    endloop
  endfacet
  facet normal 0.110254 0.993903 0
    outer loop
      vertex 27.6761 -13.4886 10
      vertex 29.3348 -13.6726 0
      vertex 27.6761 -13.4886 0
    endloop
  endfacet
  facet normal 0.0858022 0.996312 -0
    outer loop
      vertex 30.9976 -13.8158 0
      vertex 29.3348 -13.6726 10
      vertex 30.9976 -13.8158 10
    endloop
  endfacet
  facet normal 0.0858022 0.996312 0
    outer loop
      vertex 29.3348 -13.6726 10
      vertex 30.9976 -13.8158 0
      vertex 29.3348 -13.6726 0
    endloop
  endfacet
  facet normal 0.928506 -0.371318 0
    outer loop
      vertex -27.4435 78.4729 10
      vertex -26.8238 80.0225 0
      vertex -26.8238 80.0225 10
    endloop
  endfacet
  facet normal 0.928506 -0.371318 0
    outer loop
      vertex -26.8238 80.0225 0
      vertex -27.4435 78.4729 10
      vertex -27.4435 78.4729 0
    endloop
  endfacet
  facet normal 0.348153 -0.937438 0
    outer loop
      vertex 11.5271 117.444 0
      vertex 13.0915 118.025 10
      vertex 11.5271 117.444 10
    endloop
  endfacet
  facet normal 0.348153 -0.937438 0
    outer loop
      vertex 13.0915 118.025 10
      vertex 11.5271 117.444 0
      vertex 13.0915 118.025 0
    endloop
  endfacet
  facet normal 0.23127 -0.97289 0
    outer loop
      vertex 19.4773 119.962 0
      vertex 21.1011 120.348 10
      vertex 19.4773 119.962 10
    endloop
  endfacet
  facet normal 0.23127 -0.97289 0
    outer loop
      vertex 21.1011 120.348 10
      vertex 19.4773 119.962 0
      vertex 21.1011 120.348 0
    endloop
  endfacet
  facet normal -0.0122833 0.999925 0
    outer loop
      vertex 37.6688 -13.9795 0
      vertex 36 -14 10
      vertex 37.6688 -13.9795 10
    endloop
  endfacet
  facet normal -0.0122833 0.999925 0
    outer loop
      vertex 36 -14 10
      vertex 37.6688 -13.9795 0
      vertex 36 -14 0
    endloop
  endfacet
  facet normal -0.416442 -0.909162 0
    outer loop
      vertex 63.5564 116.166 0
      vertex 65.0737 115.471 10
      vertex 63.5564 116.166 10
    endloop
  endfacet
  facet normal -0.416442 -0.909162 -0
    outer loop
      vertex 65.0737 115.471 10
      vertex 63.5564 116.166 0
      vertex 65.0737 115.471 0
    endloop
  endfacet
  facet normal -0.39423 -0.919012 0
    outer loop
      vertex 62.0225 116.824 0
      vertex 63.5564 116.166 10
      vertex 62.0225 116.824 10
    endloop
  endfacet
  facet normal -0.39423 -0.919012 -0
    outer loop
      vertex 63.5564 116.166 10
      vertex 62.0225 116.824 0
      vertex 63.5564 116.166 0
    endloop
  endfacet
  facet normal 0.749145 0.662406 0
    outer loop
      vertex -14.3847 8.33399 10
      vertex -15.4902 9.58425 0
      vertex -15.4902 9.58425 10
    endloop
  endfacet
  facet normal 0.749145 0.662406 0
    outer loop
      vertex -15.4902 9.58425 0
      vertex -14.3847 8.33399 10
      vertex -14.3847 8.33399 0
    endloop
  endfacet
  facet normal -0.624914 -0.780693 0
    outer loop
      vertex 77.8357 107.608 0
      vertex 79.1387 106.565 10
      vertex 77.8357 107.608 10
    endloop
  endfacet
  facet normal -0.624914 -0.780693 -0
    outer loop
      vertex 79.1387 106.565 10
      vertex 77.8357 107.608 0
      vertex 79.1387 106.565 0
    endloop
  endfacet
  facet normal -0.643977 -0.765045 0
    outer loop
      vertex 79.1387 106.565 0
      vertex 80.4158 105.49 10
      vertex 79.1387 106.565 10
    endloop
  endfacet
  facet normal -0.643977 -0.765045 -0
    outer loop
      vertex 80.4158 105.49 10
      vertex 79.1387 106.565 0
      vertex 80.4158 105.49 0
    endloop
  endfacet
  facet normal 0.765192 -0.643802 0
    outer loop
      vertex -16.5647 97.1387 10
      vertex -15.4902 98.4158 0
      vertex -15.4902 98.4158 10
    endloop
  endfacet
  facet normal 0.765192 -0.643802 0
    outer loop
      vertex -15.4902 98.4158 0
      vertex -16.5647 97.1387 10
      vertex -16.5647 97.1387 0
    endloop
  endfacet
  facet normal 0.993903 0.110254 0
    outer loop
      vertex -31.4886 45.6761 10
      vertex -31.6726 47.3348 0
      vertex -31.6726 47.3348 10
    endloop
  endfacet
  facet normal 0.993903 0.110254 0
    outer loop
      vertex -31.6726 47.3348 0
      vertex -31.4886 45.6761 10
      vertex -31.4886 45.6761 0
    endloop
  endfacet
  facet normal 0.945608 0.325309 0
    outer loop
      vertex -28.025 31.0915 10
      vertex -28.5679 32.6696 0
      vertex -28.5679 32.6696 10
    endloop
  endfacet
  facet normal 0.945608 0.325309 0
    outer loop
      vertex -28.5679 32.6696 0
      vertex -28.025 31.0915 10
      vertex -28.025 31.0915 0
    endloop
  endfacet
  facet normal 0.325309 0.945608 -0
    outer loop
      vertex 14.6696 -10.5679 0
      vertex 13.0915 -10.025 10
      vertex 14.6696 -10.5679 10
    endloop
  endfacet
  facet normal 0.325309 0.945608 0
    outer loop
      vertex 13.0915 -10.025 10
      vertex 14.6696 -10.5679 0
      vertex 13.0915 -10.025 0
    endloop
  endfacet
  facet normal 0.545278 -0.838255 0
    outer loop
      vertex -1.77878 110.54 0
      vertex -0.379838 111.45 10
      vertex -1.77878 110.54 10
    endloop
  endfacet
  facet normal 0.545278 -0.838255 0
    outer loop
      vertex -0.379838 111.45 10
      vertex -1.77878 110.54 0
      vertex -0.379838 111.45 0
    endloop
  endfacet
  facet normal 0.460252 -0.887788 0
    outer loop
      vertex 3.94502 113.971 0
      vertex 5.42643 114.739 10
      vertex 3.94502 113.971 10
    endloop
  endfacet
  facet normal 0.460252 -0.887788 0
    outer loop
      vertex 5.42643 114.739 10
      vertex 3.94502 113.971 0
      vertex 5.42643 114.739 0
    endloop
  endfacet
  facet normal 0.898688 -0.438589 0
    outer loop
      vertex -25.4713 83.0737 10
      vertex -24.7393 84.5736 0
      vertex -24.7393 84.5736 10
    endloop
  endfacet
  facet normal 0.898688 -0.438589 0
    outer loop
      vertex -24.7393 84.5736 0
      vertex -25.4713 83.0737 10
      vertex -25.4713 83.0737 0
    endloop
  endfacet
  facet normal -0.301992 0.953311 0
    outer loop
      vertex 57.3304 -10.5679 0
      vertex 55.7394 -11.0719 10
      vertex 57.3304 -10.5679 10
    endloop
  endfacet
  facet normal -0.301992 0.953311 0
    outer loop
      vertex 55.7394 -11.0719 10
      vertex 57.3304 -10.5679 0
      vertex 55.7394 -11.0719 0
    endloop
  endfacet
  facet normal -0.928477 -0.371391 0
    outer loop
      vertex 98.8328 80 0
      vertex 98.8238 80.0225 10
      vertex 98.8238 80.0225 0
    endloop
  endfacet
  facet normal -0.928477 -0.371391 0
    outer loop
      vertex 98.8238 80.0225 10
      vertex 98.8328 80 0
      vertex 98.8328 80 10
    endloop
  endfacet
  facet normal 0.524806 -0.851222 0
    outer loop
      vertex -0.379838 111.45 0
      vertex 1.04101 112.326 10
      vertex -0.379838 111.45 10
    endloop
  endfacet
  facet normal 0.524806 -0.851222 0
    outer loop
      vertex 1.04101 112.326 10
      vertex -0.379838 111.45 0
      vertex 1.04101 112.326 0
    endloop
  endfacet
  facet normal 0.585935 -0.810358 0
    outer loop
      vertex -4.50755 108.618 0
      vertex -3.15496 109.596 10
      vertex -4.50755 108.618 10
    endloop
  endfacet
  facet normal 0.585935 -0.810358 0
    outer loop
      vertex -3.15496 109.596 10
      vertex -4.50755 108.618 0
      vertex -3.15496 109.596 0
    endloop
  endfacet
  facet normal -0.993903 -0.110254 0
    outer loop
      vertex 103.673 60.6652 0
      vertex 103.489 62.3239 10
      vertex 103.489 62.3239 0
    endloop
  endfacet
  facet normal -0.993903 -0.110254 0
    outer loop
      vertex 103.489 62.3239 10
      vertex 103.673 60.6652 0
      vertex 103.673 60.6652 10
    endloop
  endfacet
  facet normal 0.68059 0.732664 -0
    outer loop
      vertex -9.66601 3.61532 0
      vertex -10.8888 4.7512 10
      vertex -9.66601 3.61532 10
    endloop
  endfacet
  facet normal 0.68059 0.732664 0
    outer loop
      vertex -10.8888 4.7512 10
      vertex -9.66601 3.61532 0
      vertex -10.8888 4.7512 0
    endloop
  endfacet
  facet normal -0.97289 0.23127 0
    outer loop
      vertex 101.962 37.4773 0
      vertex 102.348 39.1011 10
      vertex 102.348 39.1011 0
    endloop
  endfacet
  facet normal -0.97289 0.23127 0
    outer loop
      vertex 102.348 39.1011 10
      vertex 101.962 37.4773 0
      vertex 101.962 37.4773 10
    endloop
  endfacet
  facet normal 0.416433 -0.909166 0
    outer loop
      vertex 6.92625 115.471 0
      vertex 8.44359 116.166 10
      vertex 6.92625 115.471 10
    endloop
  endfacet
  facet normal 0.416433 -0.909166 0
    outer loop
      vertex 8.44359 116.166 10
      vertex 6.92625 115.471 0
      vertex 8.44359 116.166 0
    endloop
  endfacet
  facet normal -0.91912 0.393977 0
    outer loop
      vertex 98.1663 26.4436 0
      vertex 98.8238 27.9775 10
      vertex 98.8238 27.9775 0
    endloop
  endfacet
  facet normal -0.91912 0.393977 0
    outer loop
      vertex 98.8238 27.9775 10
      vertex 98.1663 26.4436 0
      vertex 98.1663 26.4436 10
    endloop
  endfacet
  facet normal -0.110254 -0.993903 0
    outer loop
      vertex 42.6652 121.673 0
      vertex 44.3239 121.489 10
      vertex 42.6652 121.673 10
    endloop
  endfacet
  facet normal -0.110254 -0.993903 -0
    outer loop
      vertex 44.3239 121.489 10
      vertex 42.6652 121.673 0
      vertex 44.3239 121.489 0
    endloop
  endfacet
  facet normal -0.207131 0.978313 0
    outer loop
      vertex 50.8989 -12.3477 0
      vertex 49.2661 -12.6934 10
      vertex 50.8989 -12.3477 10
    endloop
  endfacet
  facet normal -0.207131 0.978313 0
    outer loop
      vertex 49.2661 -12.6934 10
      vertex 50.8989 -12.3477 0
      vertex 49.2661 -12.6934 0
    endloop
  endfacet
  facet normal 0.898688 0.438589 0
    outer loop
      vertex -24.7393 23.4264 10
      vertex -25.4713 24.9263 0
      vertex -25.4713 24.9263 10
    endloop
  endfacet
  facet normal 0.898688 0.438589 0
    outer loop
      vertex -25.4713 24.9263 0
      vertex -24.7393 23.4264 10
      vertex -24.7393 23.4264 0
    endloop
  endfacet
  facet normal -0.851348 0.524602 0
    outer loop
      vertex 93.45 17.6202 0
      vertex 94.3255 19.041 10
      vertex 94.3255 19.041 0
    endloop
  endfacet
  facet normal -0.851348 0.524602 0
    outer loop
      vertex 94.3255 19.041 10
      vertex 93.45 17.6202 0
      vertex 93.45 17.6202 10
    endloop
  endfacet
  facet normal -0.110254 0.993903 0
    outer loop
      vertex 44.3239 -13.4886 0
      vertex 42.6652 -13.6726 10
      vertex 44.3239 -13.4886 10
    endloop
  endfacet
  facet normal -0.110254 0.993903 0
    outer loop
      vertex 42.6652 -13.6726 10
      vertex 44.3239 -13.4886 0
      vertex 42.6652 -13.6726 0
    endloop
  endfacet
  facet normal 0.0612965 0.99812 -0
    outer loop
      vertex 32.6634 -13.9181 0
      vertex 30.9976 -13.8158 10
      vertex 32.6634 -13.9181 10
    endloop
  endfacet
  facet normal 0.0612965 0.99812 0
    outer loop
      vertex 30.9976 -13.8158 10
      vertex 32.6634 -13.9181 0
      vertex 30.9976 -13.8158 0
    endloop
  endfacet
  facet normal -0.999928 0.0119838 0
    outer loop
      vertex 103.98 52.3312 0
      vertex 104 54 10
      vertex 104 54 0
    endloop
  endfacet
  facet normal -0.999928 0.0119838 0
    outer loop
      vertex 104 54 10
      vertex 103.98 52.3312 0
      vertex 103.98 52.3312 10
    endloop
  endfacet
  facet normal 0.93734 0.348417 0
    outer loop
      vertex -27.4435 29.5271 10
      vertex -28.025 31.0915 0
      vertex -28.025 31.0915 10
    endloop
  endfacet
  facet normal 0.93734 0.348417 0
    outer loop
      vertex -28.025 31.0915 0
      vertex -27.4435 29.5271 10
      vertex -27.4435 29.5271 0
    endloop
  endfacet
  facet normal -0.838238 -0.545304 0
    outer loop
      vertex 93.45 90.3798 0
      vertex 92.5399 91.7788 10
      vertex 92.5399 91.7788 0
    endloop
  endfacet
  facet normal -0.838238 -0.545304 0
    outer loop
      vertex 92.5399 91.7788 10
      vertex 93.45 90.3798 0
      vertex 93.45 90.3798 10
    endloop
  endfacet
  facet normal -0.887616 -0.460585 0
    outer loop
      vertex 96.7393 84.5736 0
      vertex 95.9706 86.055 10
      vertex 95.9706 86.055 0
    endloop
  endfacet
  facet normal -0.887616 -0.460585 0
    outer loop
      vertex 95.9706 86.055 10
      vertex 96.7393 84.5736 0
      vertex 96.7393 84.5736 10
    endloop
  endfacet
  facet normal -0.23127 -0.97289 0
    outer loop
      vertex 50.8989 120.348 0
      vertex 52.5227 119.962 10
      vertex 50.8989 120.348 10
    endloop
  endfacet
  facet normal -0.23127 -0.97289 -0
    outer loop
      vertex 52.5227 119.962 10
      vertex 50.8989 120.348 0
      vertex 52.5227 119.962 0
    endloop
  endfacet
  facet normal 0.643839 0.765161 -0
    outer loop
      vertex -8 2.15997 0
      vertex -8.41575 2.5098 10
      vertex -8 2.15997 10
    endloop
  endfacet
  facet normal 0.643839 0.765161 0
    outer loop
      vertex -8.41575 2.5098 10
      vertex -8 2.15997 0
      vertex -8.41575 2.5098 0
    endloop
  endfacet
  facet normal -0.183344 -0.983049 0
    outer loop
      vertex 47.6254 120.999 0
      vertex 49.2661 120.693 10
      vertex 47.6254 120.999 10
    endloop
  endfacet
  facet normal -0.183344 -0.983049 -0
    outer loop
      vertex 49.2661 120.693 10
      vertex 47.6254 120.999 0
      vertex 49.2661 120.693 0
    endloop
  endfacet
  facet normal -0.231043 0.972944 0
    outer loop
      vertex 52.5227 -11.9621 0
      vertex 50.8989 -12.3477 10
      vertex 52.5227 -11.9621 10
    endloop
  endfacet
  facet normal -0.231043 0.972944 0
    outer loop
      vertex 50.8989 -12.3477 10
      vertex 52.5227 -11.9621 0
      vertex 50.8989 -12.3477 0
    endloop
  endfacet
  facet normal -0.680587 0.732667 0
    outer loop
      vertex 82.8888 4.7512 0
      vertex 81.666 3.61532 10
      vertex 82.8888 4.7512 10
    endloop
  endfacet
  facet normal -0.680587 0.732667 0
    outer loop
      vertex 81.666 3.61532 10
      vertex 82.8888 4.7512 0
      vertex 81.666 3.61532 0
    endloop
  endfacet
  facet normal 0.996312 0.0858022 0
    outer loop
      vertex -31.6726 47.3348 10
      vertex -31.8158 48.9976 0
      vertex -31.8158 48.9976 10
    endloop
  endfacet
  facet normal 0.996312 0.0858022 0
    outer loop
      vertex -31.8158 48.9976 0
      vertex -31.6726 47.3348 10
      vertex -31.6726 47.3348 0
    endloop
  endfacet
  facet normal -0.662431 0.749123 0
    outer loop
      vertex 81.666 3.61532 0
      vertex 80.4158 2.5098 10
      vertex 81.666 3.61532 10
    endloop
  endfacet
  facet normal -0.662431 0.749123 0
    outer loop
      vertex 80.4158 2.5098 10
      vertex 81.666 3.61532 0
      vertex 80.4158 2.5098 0
    endloop
  endfacet
  facet normal -0.03679 0.999323 0
    outer loop
      vertex 39.3366 -13.9181 0
      vertex 37.6688 -13.9795 10
      vertex 39.3366 -13.9181 10
    endloop
  endfacet
  facet normal -0.03679 0.999323 0
    outer loop
      vertex 37.6688 -13.9795 10
      vertex 39.3366 -13.9181 0
      vertex 37.6688 -13.9795 0
    endloop
  endfacet
  facet normal -0.545262 -0.838266 0
    outer loop
      vertex 72.3798 111.45 0
      vertex 73.7788 110.54 10
      vertex 72.3798 111.45 10
    endloop
  endfacet
  facet normal -0.545262 -0.838266 -0
    outer loop
      vertex 73.7788 110.54 10
      vertex 72.3798 111.45 0
      vertex 73.7788 110.54 0
    endloop
  endfacet
  facet normal -0.348411 0.937342 0
    outer loop
      vertex 60.4729 -9.44351 0
      vertex 58.9085 -10.025 10
      vertex 60.4729 -9.44351 10
    endloop
  endfacet
  facet normal -0.348411 0.937342 0
    outer loop
      vertex 58.9085 -10.025 10
      vertex 60.4729 -9.44351 0
      vertex 58.9085 -10.025 0
    endloop
  endfacet
  facet normal -0.0612965 0.99812 0
    outer loop
      vertex 41.0024 -13.8158 0
      vertex 39.3366 -13.9181 10
      vertex 41.0024 -13.8158 10
    endloop
  endfacet
  facet normal -0.0612965 0.99812 0
    outer loop
      vertex 39.3366 -13.9181 10
      vertex 41.0024 -13.8158 0
      vertex 39.3366 -13.9181 0
    endloop
  endfacet
  facet normal -0.585758 0.810486 0
    outer loop
      vertex 76.5076 -0.618112 0
      vertex 75.9792 -1 10
      vertex 76.5076 -0.618112 10
    endloop
  endfacet
  facet normal -0.585758 0.810486 0
    outer loop
      vertex 75.9792 -1 10
      vertex 76.5076 -0.618112 0
      vertex 75.9792 -1 0
    endloop
  endfacet
  facet normal -0.698518 -0.715592 0
    outer loop
      vertex 82.8888 103.249 0
      vertex 84.0833 102.083 10
      vertex 82.8888 103.249 10
    endloop
  endfacet
  facet normal -0.698518 -0.715592 -0
    outer loop
      vertex 84.0833 102.083 10
      vertex 82.8888 103.249 0
      vertex 84.0833 102.083 0
    endloop
  endfacet
  facet normal -0.987312 0.15879 0
    outer loop
      vertex 102.999 42.3746 0
      vertex 103.264 44.0223 10
      vertex 103.264 44.0223 0
    endloop
  endfacet
  facet normal -0.987312 0.15879 0
    outer loop
      vertex 103.264 44.0223 10
      vertex 102.999 42.3746 0
      vertex 102.999 42.3746 10
    endloop
  endfacet
  facet normal -0.15879 -0.987312 0
    outer loop
      vertex 45.9777 121.264 0
      vertex 47.6254 120.999 10
      vertex 45.9777 121.264 10
    endloop
  endfacet
  facet normal -0.15879 -0.987312 -0
    outer loop
      vertex 47.6254 120.999 10
      vertex 45.9777 121.264 0
      vertex 47.6254 120.999 0
    endloop
  endfacet
  facet normal -0.416417 0.909174 0
    outer loop
      vertex 63.9194 -8 0
      vertex 63.5564 -8.16626 10
      vertex 63.9194 -8 10
    endloop
  endfacet
  facet normal -0.416417 0.909174 0
    outer loop
      vertex 63.5564 -8.16626 10
      vertex 63.9194 -8 0
      vertex 63.5564 -8.16626 0
    endloop
  endfacet
  facet normal -0.76518 0.643816 0
    outer loop
      vertex 87.4902 9.58425 0
      vertex 88.5647 10.8613 10
      vertex 88.5647 10.8613 0
    endloop
  endfacet
  facet normal -0.76518 0.643816 0
    outer loop
      vertex 88.5647 10.8613 10
      vertex 87.4902 9.58425 0
      vertex 87.4902 9.58425 10
    endloop
  endfacet
  facet normal -0.824611 0.5657 0
    outer loop
      vertex 91.5958 14.845 0
      vertex 92.5399 16.2212 10
      vertex 92.5399 16.2212 0
    endloop
  endfacet
  facet normal -0.824611 0.5657 0
    outer loop
      vertex 92.5399 16.2212 10
      vertex 91.5958 14.845 0
      vertex 91.5958 14.845 10
    endloop
  endfacet
  facet normal 0.780723 0.624878 0
    outer loop
      vertex -16.5647 10.8613 10
      vertex -17.6076 12.1643 0
      vertex -17.6076 12.1643 10
    endloop
  endfacet
  facet normal 0.780723 0.624878 0
    outer loop
      vertex -17.6076 12.1643 0
      vertex -16.5647 10.8613 10
      vertex -16.5647 10.8613 0
    endloop
  endfacet
  facet normal -0.99931 0.0371491 0
    outer loop
      vertex 103.918 50.6634 0
      vertex 103.98 52.3312 10
      vertex 103.98 52.3312 0
    endloop
  endfacet
  facet normal -0.99931 0.0371491 0
    outer loop
      vertex 103.98 52.3312 10
      vertex 103.918 50.6634 0
      vertex 103.918 50.6634 10
    endloop
  endfacet
  facet normal -0.732647 0.680609 0
    outer loop
      vertex 85.2488 7.11124 0
      vertex 86.3847 8.33399 10
      vertex 86.3847 8.33399 0
    endloop
  endfacet
  facet normal -0.732647 0.680609 0
    outer loop
      vertex 86.3847 8.33399 10
      vertex 85.2488 7.11124 0
      vertex 85.2488 7.11124 10
    endloop
  endfacet
  facet normal -0.680626 -0.732631 0
    outer loop
      vertex 81.666 104.385 0
      vertex 82.8888 103.249 10
      vertex 81.666 104.385 10
    endloop
  endfacet
  facet normal -0.680626 -0.732631 -0
    outer loop
      vertex 82.8888 103.249 10
      vertex 81.666 104.385 0
      vertex 82.8888 103.249 0
    endloop
  endfacet
  facet normal -0.206729 -0.978398 0
    outer loop
      vertex 49.2661 120.693 0
      vertex 50.8989 120.348 10
      vertex 49.2661 120.693 10
    endloop
  endfacet
  facet normal -0.206729 -0.978398 -0
    outer loop
      vertex 50.8989 120.348 10
      vertex 49.2661 120.693 0
      vertex 50.8989 120.348 0
    endloop
  endfacet
  facet normal -0.371473 -0.928444 0
    outer loop
      vertex 60.4729 117.444 0
      vertex 62.0225 116.824 10
      vertex 60.4729 117.444 10
    endloop
  endfacet
  facet normal -0.371473 -0.928444 -0
    outer loop
      vertex 62.0225 116.824 10
      vertex 60.4729 117.444 0
      vertex 62.0225 116.824 0
    endloop
  endfacet
  facet normal -0.278612 -0.960404 0
    outer loop
      vertex 54.1365 119.537 0
      vertex 55.7394 119.072 10
      vertex 54.1365 119.537 10
    endloop
  endfacet
  facet normal -0.278612 -0.960404 -0
    outer loop
      vertex 55.7394 119.072 10
      vertex 54.1365 119.537 0
      vertex 55.7394 119.072 0
    endloop
  endfacet
  facet normal -0.325363 -0.945589 0
    outer loop
      vertex 57.3304 118.568 0
      vertex 58.9085 118.025 10
      vertex 57.3304 118.568 10
    endloop
  endfacet
  facet normal -0.325363 -0.945589 -0
    outer loop
      vertex 58.9085 118.025 10
      vertex 57.3304 118.568 0
      vertex 58.9085 118.025 0
    endloop
  endfacet
  facet normal -0.990872 0.134808 0
    outer loop
      vertex 103.264 44.0223 0
      vertex 103.489 45.6761 10
      vertex 103.489 45.6761 0
    endloop
  endfacet
  facet normal -0.990872 0.134808 0
    outer loop
      vertex 103.489 45.6761 10
      vertex 103.264 44.0223 0
      vertex 103.264 44.0223 10
    endloop
  endfacet
  facet normal -0.998131 0.0611174 0
    outer loop
      vertex 103.816 48.9976 0
      vertex 103.918 50.6634 10
      vertex 103.918 50.6634 0
    endloop
  endfacet
  facet normal -0.998131 0.0611174 0
    outer loop
      vertex 103.918 50.6634 10
      vertex 103.816 48.9976 0
      vertex 103.816 48.9976 10
    endloop
  endfacet
  facet normal 0.99812 -0.0612965 0
    outer loop
      vertex -31.9181 57.3366 10
      vertex -31.8158 59.0024 0
      vertex -31.8158 59.0024 10
    endloop
  endfacet
  facet normal 0.99812 -0.0612965 0
    outer loop
      vertex -31.8158 59.0024 0
      vertex -31.9181 57.3366 10
      vertex -31.9181 57.3366 0
    endloop
  endfacet
  facet normal -0.278557 0.96042 0
    outer loop
      vertex 55.7394 -11.0719 0
      vertex 54.1365 -11.5368 10
      vertex 55.7394 -11.0719 10
    endloop
  endfacet
  facet normal -0.278557 0.96042 0
    outer loop
      vertex 54.1365 -11.5368 10
      vertex 55.7394 -11.0719 0
      vertex 54.1365 -11.5368 0
    endloop
  endfacet
  facet normal 0.605299 -0.795998 0
    outer loop
      vertex -5.83575 107.608 0
      vertex -4.50755 108.618 10
      vertex -5.83575 107.608 10
    endloop
  endfacet
  facet normal 0.605299 -0.795998 0
    outer loop
      vertex -4.50755 108.618 10
      vertex -5.83575 107.608 0
      vertex -4.50755 108.618 0
    endloop
  endfacet
  facet normal 0.25467 -0.967028 0
    outer loop
      vertex 17.8635 119.537 0
      vertex 19.4773 119.962 10
      vertex 17.8635 119.537 10
    endloop
  endfacet
  facet normal 0.25467 -0.967028 0
    outer loop
      vertex 19.4773 119.962 10
      vertex 17.8635 119.537 0
      vertex 19.4773 119.962 0
    endloop
  endfacet
  facet normal -0.97289 -0.23127 0
    outer loop
      vertex 102.348 68.8989 0
      vertex 101.962 70.5227 10
      vertex 101.962 70.5227 0
    endloop
  endfacet
  facet normal -0.97289 -0.23127 0
    outer loop
      vertex 101.962 70.5227 10
      vertex 102.348 68.8989 0
      vertex 102.348 68.8989 10
    endloop
  endfacet
  facet normal 0.158848 0.987303 -0
    outer loop
      vertex 26.0223 -13.264 0
      vertex 24.3746 -12.9989 10
      vertex 26.0223 -13.264 10
    endloop
  endfacet
  facet normal 0.158848 0.987303 0
    outer loop
      vertex 24.3746 -12.9989 10
      vertex 26.0223 -13.264 0
      vertex 24.3746 -12.9989 0
    endloop
  endfacet
  facet normal 0.909162 0.416442 0
    outer loop
      vertex -25.4713 24.9263 10
      vertex -26.1663 26.4436 0
      vertex -26.1663 26.4436 10
    endloop
  endfacet
  facet normal 0.909162 0.416442 0
    outer loop
      vertex -26.1663 26.4436 0
      vertex -25.4713 24.9263 10
      vertex -25.4713 24.9263 0
    endloop
  endfacet
  facet normal -0.863964 0.503554 0
    outer loop
      vertex 94.3255 19.041 0
      vertex 95.1659 20.4829 10
      vertex 95.1659 20.4829 0
    endloop
  endfacet
  facet normal -0.863964 0.503554 0
    outer loop
      vertex 95.1659 20.4829 10
      vertex 94.3255 19.041 0
      vertex 94.3255 19.041 10
    endloop
  endfacet
  facet normal -0.795832 -0.605518 0
    outer loop
      vertex 90.6181 94.5076 0
      vertex 89.6076 95.8357 10
      vertex 89.6076 95.8357 0
    endloop
  endfacet
  facet normal -0.795832 -0.605518 0
    outer loop
      vertex 89.6076 95.8357 10
      vertex 90.6181 94.5076 0
      vertex 90.6181 94.5076 10
    endloop
  endfacet
  facet normal -0.25467 -0.967028 0
    outer loop
      vertex 52.5227 119.962 0
      vertex 54.1365 119.537 10
      vertex 52.5227 119.962 10
    endloop
  endfacet
  facet normal -0.25467 -0.967028 -0
    outer loop
      vertex 54.1365 119.537 10
      vertex 52.5227 119.962 0
      vertex 54.1365 119.537 0
    endloop
  endfacet
  facet normal -0.482307 -0.876002 0
    outer loop
      vertex 68.055 113.971 0
      vertex 69.5171 113.166 10
      vertex 68.055 113.971 10
    endloop
  endfacet
  facet normal -0.482307 -0.876002 -0
    outer loop
      vertex 69.5171 113.166 10
      vertex 68.055 113.971 0
      vertex 69.5171 113.166 0
    endloop
  endfacet
  facet normal 0.96042 -0.278557 0
    outer loop
      vertex -29.5368 72.1365 10
      vertex -29.0719 73.7394 0
      vertex -29.0719 73.7394 10
    endloop
  endfacet
  facet normal 0.96042 -0.278557 0
    outer loop
      vertex -29.0719 73.7394 0
      vertex -29.5368 72.1365 10
      vertex -29.5368 72.1365 0
    endloop
  endfacet
  facet normal -0.987312 -0.15879 0
    outer loop
      vertex 103.264 63.9777 0
      vertex 102.999 65.6254 10
      vertex 102.999 65.6254 0
    endloop
  endfacet
  facet normal -0.987312 -0.15879 0
    outer loop
      vertex 102.999 65.6254 10
      vertex 103.264 63.9777 0
      vertex 103.264 63.9777 10
    endloop
  endfacet
  facet normal 0.644004 -0.765022 0
    outer loop
      vertex -8.41575 105.49 0
      vertex -7.13874 106.565 10
      vertex -8.41575 105.49 10
    endloop
  endfacet
  facet normal 0.644004 -0.765022 0
    outer loop
      vertex -7.13874 106.565 10
      vertex -8.41575 105.49 0
      vertex -7.13874 106.565 0
    endloop
  endfacet
  facet normal -0.909162 0.416442 0
    outer loop
      vertex 97.4713 24.9263 0
      vertex 98.1663 26.4436 10
      vertex 98.1663 26.4436 0
    endloop
  endfacet
  facet normal -0.909162 0.416442 0
    outer loop
      vertex 98.1663 26.4436 10
      vertex 97.4713 24.9263 0
      vertex 97.4713 24.9263 10
    endloop
  endfacet
  facet normal -0.715596 -0.698515 0
    outer loop
      vertex 85.2488 100.889 0
      vertex 84.0833 102.083 10
      vertex 84.0833 102.083 0
    endloop
  endfacet
  facet normal -0.715596 -0.698515 0
    outer loop
      vertex 84.0833 102.083 10
      vertex 85.2488 100.889 0
      vertex 85.2488 100.889 10
    endloop
  endfacet
  facet normal -0.960255 -0.279124 0
    outer loop
      vertex 101.537 72.1365 0
      vertex 101.286 73 10
      vertex 101.286 73 0
    endloop
  endfacet
  facet normal -0.960255 -0.279124 0
    outer loop
      vertex 101.286 73 10
      vertex 101.537 72.1365 0
      vertex 101.537 72.1365 10
    endloop
  endfacet
  facet normal 0.03679 0.999323 -0
    outer loop
      vertex 34.3312 -13.9795 0
      vertex 32.6634 -13.9181 10
      vertex 34.3312 -13.9795 10
    endloop
  endfacet
  facet normal 0.03679 0.999323 0
    outer loop
      vertex 32.6634 -13.9181 10
      vertex 34.3312 -13.9795 0
      vertex 32.6634 -13.9181 0
    endloop
  endfacet
  facet normal 0.371325 0.928503 -0
    outer loop
      vertex 11.5271 -9.44351 0
      vertex 9.97753 -8.82381 10
      vertex 11.5271 -9.44351 10
    endloop
  endfacet
  facet normal 0.371325 0.928503 0
    outer loop
      vertex 9.97753 -8.82381 10
      vertex 11.5271 -9.44351 0
      vertex 9.97753 -8.82381 0
    endloop
  endfacet
  facet normal -0.780723 0.624878 0
    outer loop
      vertex 88.5647 10.8613 0
      vertex 89.6076 12.1643 10
      vertex 89.6076 12.1643 0
    endloop
  endfacet
  facet normal -0.780723 0.624878 0
    outer loop
      vertex 89.6076 12.1643 10
      vertex 88.5647 10.8613 0
      vertex 88.5647 10.8613 10
    endloop
  endfacet
  facet normal 0.876078 -0.482169 0
    outer loop
      vertex -23.9706 86.055 10
      vertex -23.1659 87.5171 0
      vertex -23.1659 87.5171 10
    endloop
  endfacet
  facet normal 0.876078 -0.482169 0
    outer loop
      vertex -23.1659 87.5171 0
      vertex -23.9706 86.055 10
      vertex -23.9706 86.055 0
    endloop
  endfacet
  facet normal -0.967028 -0.25467 0
    outer loop
      vertex 101.962 70.5227 0
      vertex 101.537 72.1365 10
      vertex 101.537 72.1365 0
    endloop
  endfacet
  facet normal -0.967028 -0.25467 0
    outer loop
      vertex 101.537 72.1365 10
      vertex 101.962 70.5227 0
      vertex 101.962 70.5227 10
    endloop
  endfacet
  facet normal 0.0371491 -0.99931 0
    outer loop
      vertex 32.6634 121.918 0
      vertex 34.3312 121.98 10
      vertex 32.6634 121.918 10
    endloop
  endfacet
  facet normal 0.0371491 -0.99931 0
    outer loop
      vertex 34.3312 121.98 10
      vertex 32.6634 121.918 0
      vertex 34.3312 121.98 0
    endloop
  endfacet
  facet normal -0.851348 -0.524602 0
    outer loop
      vertex 94.3255 88.959 0
      vertex 93.45 90.3798 10
      vertex 93.45 90.3798 0
    endloop
  endfacet
  facet normal -0.851348 -0.524602 0
    outer loop
      vertex 93.45 90.3798 10
      vertex 94.3255 88.959 0
      vertex 94.3255 88.959 10
    endloop
  endfacet
  facet normal 0.887616 -0.460585 0
    outer loop
      vertex -24.7393 84.5736 10
      vertex -23.9706 86.055 0
      vertex -23.9706 86.055 10
    endloop
  endfacet
  facet normal 0.887616 -0.460585 0
    outer loop
      vertex -23.9706 86.055 0
      vertex -24.7393 84.5736 10
      vertex -24.7393 84.5736 0
    endloop
  endfacet
  facet normal -0.780723 -0.624878 0
    outer loop
      vertex 89.6076 95.8357 0
      vertex 88.5647 97.1387 10
      vertex 88.5647 97.1387 0
    endloop
  endfacet
  facet normal -0.780723 -0.624878 0
    outer loop
      vertex 88.5647 97.1387 10
      vertex 89.6076 95.8357 0
      vertex 89.6076 95.8357 10
    endloop
  endfacet
  facet normal -0.0856832 -0.996322 0
    outer loop
      vertex 41.0024 121.816 0
      vertex 42.6652 121.673 10
      vertex 41.0024 121.816 10
    endloop
  endfacet
  facet normal -0.0856832 -0.996322 -0
    outer loop
      vertex 42.6652 121.673 10
      vertex 41.0024 121.816 0
      vertex 42.6652 121.673 0
    endloop
  endfacet
  facet normal -0.898688 -0.438589 0
    outer loop
      vertex 97.4713 83.0737 0
      vertex 96.7393 84.5736 10
      vertex 96.7393 84.5736 0
    endloop
  endfacet
  facet normal -0.898688 -0.438589 0
    outer loop
      vertex 96.7393 84.5736 10
      vertex 97.4713 83.0737 0
      vertex 97.4713 83.0737 10
    endloop
  endfacet
  facet normal -0.876078 -0.482169 0
    outer loop
      vertex 95.9706 86.055 0
      vertex 95.1659 87.5171 10
      vertex 95.1659 87.5171 0
    endloop
  endfacet
  facet normal -0.876078 -0.482169 0
    outer loop
      vertex 95.1659 87.5171 10
      vertex 95.9706 86.055 0
      vertex 95.9706 86.055 10
    endloop
  endfacet
  facet normal -0.394002 0.919109 0
    outer loop
      vertex 63.5564 -8.16626 0
      vertex 62.0225 -8.82381 10
      vertex 63.5564 -8.16626 10
    endloop
  endfacet
  facet normal -0.394002 0.919109 0
    outer loop
      vertex 62.0225 -8.82381 10
      vertex 63.5564 -8.16626 0
      vertex 62.0225 -8.82381 0
    endloop
  endfacet
  facet normal -0.662256 -0.749278 0
    outer loop
      vertex 80.4158 105.49 0
      vertex 81.666 104.385 10
      vertex 80.4158 105.49 10
    endloop
  endfacet
  facet normal -0.662256 -0.749278 -0
    outer loop
      vertex 81.666 104.385 10
      vertex 80.4158 105.49 0
      vertex 81.666 104.385 0
    endloop
  endfacet
  facet normal 0.0856832 -0.996322 0
    outer loop
      vertex 29.3348 121.673 0
      vertex 30.9976 121.816 10
      vertex 29.3348 121.673 10
    endloop
  endfacet
  facet normal 0.0856832 -0.996322 0
    outer loop
      vertex 30.9976 121.816 10
      vertex 29.3348 121.673 0
      vertex 30.9976 121.816 0
    endloop
  endfacet
  facet normal 0.393994 0.919113 -0
    outer loop
      vertex 9.97753 -8.82381 0
      vertex 8.44359 -8.16626 10
      vertex 9.97753 -8.82381 10
    endloop
  endfacet
  facet normal 0.393994 0.919113 0
    outer loop
      vertex 8.44359 -8.16626 10
      vertex 9.97753 -8.82381 0
      vertex 8.44359 -8.16626 0
    endloop
  endfacet
  facet normal 0.0611174 -0.998131 0
    outer loop
      vertex 30.9976 121.816 0
      vertex 32.6634 121.918 10
      vertex 30.9976 121.816 10
    endloop
  endfacet
  facet normal 0.0611174 -0.998131 0
    outer loop
      vertex 32.6634 121.918 10
      vertex 30.9976 121.816 0
      vertex 32.6634 121.918 0
    endloop
  endfacet
  facet normal 0.978313 0.207131 0
    outer loop
      vertex -30.3477 39.1011 10
      vertex -30.6934 40.7339 0
      vertex -30.6934 40.7339 10
    endloop
  endfacet
  facet normal 0.978313 0.207131 0
    outer loop
      vertex -30.6934 40.7339 0
      vertex -30.3477 39.1011 10
      vertex -30.3477 39.1011 0
    endloop
  endfacet
  facet normal -0.301992 -0.953311 0
    outer loop
      vertex 55.7394 119.072 0
      vertex 57.3304 118.568 10
      vertex 55.7394 119.072 10
    endloop
  endfacet
  facet normal -0.301992 -0.953311 -0
    outer loop
      vertex 57.3304 118.568 10
      vertex 55.7394 119.072 0
      vertex 57.3304 118.568 0
    endloop
  endfacet
  facet normal 0.183344 -0.983049 0
    outer loop
      vertex 22.7339 120.693 0
      vertex 24.3746 120.999 10
      vertex 22.7339 120.693 10
    endloop
  endfacet
  facet normal 0.183344 -0.983049 0
    outer loop
      vertex 24.3746 120.999 10
      vertex 22.7339 120.693 0
      vertex 24.3746 120.999 0
    endloop
  endfacet
  facet normal 0.325363 -0.945589 0
    outer loop
      vertex 13.0915 118.025 0
      vertex 14.6696 118.568 10
      vertex 13.0915 118.025 10
    endloop
  endfacet
  facet normal 0.325363 -0.945589 0
    outer loop
      vertex 14.6696 118.568 10
      vertex 13.0915 118.025 0
      vertex 14.6696 118.568 0
    endloop
  endfacet
  facet normal 0.983103 0.183055 0
    outer loop
      vertex -30.6934 40.7339 10
      vertex -30.9989 42.3746 0
      vertex -30.9989 42.3746 10
    endloop
  endfacet
  facet normal 0.983103 0.183055 0
    outer loop
      vertex -30.9989 42.3746 0
      vertex -30.6934 40.7339 10
      vertex -30.6934 40.7339 0
    endloop
  endfacet
  facet normal 0.987303 0.158848 0
    outer loop
      vertex -30.9989 42.3746 10
      vertex -31.264 44.0223 0
      vertex -31.264 44.0223 10
    endloop
  endfacet
  facet normal 0.987303 0.158848 0
    outer loop
      vertex -31.264 44.0223 0
      vertex -30.9989 42.3746 10
      vertex -30.9989 42.3746 0
    endloop
  endfacet
  facet normal 0.37148 -0.928441 0
    outer loop
      vertex 9.97753 116.824 0
      vertex 11.5271 117.444 10
      vertex 9.97753 116.824 10
    endloop
  endfacet
  facet normal 0.37148 -0.928441 0
    outer loop
      vertex 11.5271 117.444 10
      vertex 9.97753 116.824 0
      vertex 11.5271 117.444 0
    endloop
  endfacet
  facet normal 0.795832 -0.605518 0
    outer loop
      vertex -18.6181 94.5076 10
      vertex -17.6076 95.8357 0
      vertex -17.6076 95.8357 10
    endloop
  endfacet
  facet normal 0.795832 -0.605518 0
    outer loop
      vertex -17.6076 95.8357 0
      vertex -18.6181 94.5076 10
      vertex -18.6181 94.5076 0
    endloop
  endfacet
  facet normal 0.680629 -0.732629 0
    outer loop
      vertex -10.8888 103.249 0
      vertex -9.66601 104.385 10
      vertex -10.8888 103.249 10
    endloop
  endfacet
  facet normal 0.680629 -0.732629 0
    outer loop
      vertex -9.66601 104.385 10
      vertex -10.8888 103.249 0
      vertex -9.66601 104.385 0
    endloop
  endfacet
  facet normal 0.851348 0.524602 0
    outer loop
      vertex -21.45 17.6202 10
      vertex -22.3255 19.041 0
      vertex -22.3255 19.041 10
    endloop
  endfacet
  facet normal 0.851348 0.524602 0
    outer loop
      vertex -22.3255 19.041 0
      vertex -21.45 17.6202 10
      vertex -21.45 17.6202 0
    endloop
  endfacet
  facet normal -0.898688 0.438589 0
    outer loop
      vertex 96.7393 23.4264 0
      vertex 97.4713 24.9263 10
      vertex 97.4713 24.9263 0
    endloop
  endfacet
  facet normal -0.898688 0.438589 0
    outer loop
      vertex 97.4713 24.9263 10
      vertex 96.7393 23.4264 0
      vertex 96.7393 23.4264 10
    endloop
  endfacet
  facet normal -0.0119838 -0.999928 0
    outer loop
      vertex 36 122 0
      vertex 37.6688 121.98 10
      vertex 36 122 10
    endloop
  endfacet
  facet normal -0.0119838 -0.999928 -0
    outer loop
      vertex 37.6688 121.98 10
      vertex 36 122 0
      vertex 37.6688 121.98 0
    endloop
  endfacet
  facet normal 0.15879 -0.987312 0
    outer loop
      vertex 24.3746 120.999 0
      vertex 26.0223 121.264 10
      vertex 24.3746 120.999 10
    endloop
  endfacet
  facet normal 0.15879 -0.987312 0
    outer loop
      vertex 26.0223 121.264 10
      vertex 24.3746 120.999 0
      vertex 26.0223 121.264 0
    endloop
  endfacet
  facet normal 0.183055 0.983103 -0
    outer loop
      vertex 24.3746 -12.9989 0
      vertex 22.7339 -12.6934 10
      vertex 24.3746 -12.9989 10
    endloop
  endfacet
  facet normal 0.183055 0.983103 0
    outer loop
      vertex 22.7339 -12.6934 10
      vertex 24.3746 -12.9989 0
      vertex 22.7339 -12.6934 0
    endloop
  endfacet
  facet normal 0.999925 0.0122833 0
    outer loop
      vertex -31.9795 52.3312 10
      vertex -32 54 0
      vertex -32 54 10
    endloop
  endfacet
  facet normal 0.999925 0.0122833 0
    outer loop
      vertex -32 54 0
      vertex -31.9795 52.3312 10
      vertex -31.9795 52.3312 0
    endloop
  endfacet
  facet normal -0.134808 -0.990872 0
    outer loop
      vertex 44.3239 121.489 0
      vertex 45.9777 121.264 10
      vertex 44.3239 121.489 10
    endloop
  endfacet
  facet normal -0.134808 -0.990872 -0
    outer loop
      vertex 45.9777 121.264 10
      vertex 44.3239 121.489 0
      vertex 45.9777 121.264 0
    endloop
  endfacet
  facet normal -0.134573 0.990904 0
    outer loop
      vertex 45.9777 -13.264 0
      vertex 44.3239 -13.4886 10
      vertex 45.9777 -13.264 10
    endloop
  endfacet
  facet normal -0.134573 0.990904 0
    outer loop
      vertex 44.3239 -13.4886 10
      vertex 45.9777 -13.264 0
      vertex 44.3239 -13.4886 0
    endloop
  endfacet
  facet normal -0.996322 0.0856832 0
    outer loop
      vertex 103.673 47.3348 0
      vertex 103.816 48.9976 10
      vertex 103.816 48.9976 0
    endloop
  endfacet
  facet normal -0.996322 0.0856832 0
    outer loop
      vertex 103.816 48.9976 10
      vertex 103.673 47.3348 0
      vertex 103.673 47.3348 10
    endloop
  endfacet
  facet normal 0.99812 0.0612965 0
    outer loop
      vertex -31.8158 48.9976 10
      vertex -31.9181 50.6634 0
      vertex -31.9181 50.6634 10
    endloop
  endfacet
  facet normal 0.99812 0.0612965 0
    outer loop
      vertex -31.9181 50.6634 0
      vertex -31.8158 48.9976 10
      vertex -31.8158 48.9976 0
    endloop
  endfacet
  facet normal 0.76518 0.643816 0
    outer loop
      vertex -15.4902 9.58425 10
      vertex -16.5647 10.8613 0
      vertex -16.5647 10.8613 10
    endloop
  endfacet
  facet normal 0.76518 0.643816 0
    outer loop
      vertex -16.5647 10.8613 0
      vertex -15.4902 9.58425 10
      vertex -15.4902 9.58425 0
    endloop
  endfacet
  facet normal -0.348153 -0.937438 0
    outer loop
      vertex 58.9085 118.025 0
      vertex 60.4729 117.444 10
      vertex 58.9085 118.025 10
    endloop
  endfacet
  facet normal -0.348153 -0.937438 -0
    outer loop
      vertex 60.4729 117.444 10
      vertex 58.9085 118.025 0
      vertex 60.4729 117.444 0
    endloop
  endfacet
  facet normal 0.715596 -0.698515 0
    outer loop
      vertex -13.2488 100.889 10
      vertex -12.0833 102.083 0
      vertex -12.0833 102.083 10
    endloop
  endfacet
  facet normal 0.715596 -0.698515 0
    outer loop
      vertex -12.0833 102.083 0
      vertex -13.2488 100.889 10
      vertex -13.2488 100.889 0
    endloop
  endfacet
  facet normal 0.999925 -0.0122833 0
    outer loop
      vertex -32 54 10
      vertex -31.9795 55.6688 0
      vertex -31.9795 55.6688 10
    endloop
  endfacet
  facet normal 0.999925 -0.0122833 0
    outer loop
      vertex -31.9795 55.6688 0
      vertex -32 54 10
      vertex -32 54 0
    endloop
  endfacet
  facet normal 0.732647 0.680609 0
    outer loop
      vertex -13.2488 7.11124 10
      vertex -14.3847 8.33399 0
      vertex -14.3847 8.33399 10
    endloop
  endfacet
  facet normal 0.732647 0.680609 0
    outer loop
      vertex -14.3847 8.33399 0
      vertex -13.2488 7.11124 10
      vertex -13.2488 7.11124 0
    endloop
  endfacet
  facet normal -0.0611174 -0.998131 0
    outer loop
      vertex 39.3366 121.918 0
      vertex 41.0024 121.816 10
      vertex 39.3366 121.918 10
    endloop
  endfacet
  facet normal -0.0611174 -0.998131 -0
    outer loop
      vertex 41.0024 121.816 10
      vertex 39.3366 121.918 0
      vertex 41.0024 121.816 0
    endloop
  endfacet
  facet normal -0.524819 -0.851214 0
    outer loop
      vertex 70.959 112.326 0
      vertex 72.3798 111.45 10
      vertex 70.959 112.326 10
    endloop
  endfacet
  facet normal -0.524819 -0.851214 -0
    outer loop
      vertex 72.3798 111.45 10
      vertex 70.959 112.326 0
      vertex 72.3798 111.45 0
    endloop
  endfacet
  facet normal -0.605328 -0.795976 0
    outer loop
      vertex 76.5076 108.618 0
      vertex 77.8357 107.608 10
      vertex 76.5076 108.618 10
    endloop
  endfacet
  facet normal -0.605328 -0.795976 -0
    outer loop
      vertex 77.8357 107.608 10
      vertex 76.5076 108.618 0
      vertex 77.8357 107.608 0
    endloop
  endfacet
  facet normal -0.732717 -0.680534 0
    outer loop
      vertex 86.3847 99.666 0
      vertex 85.2488 100.889 10
      vertex 85.2488 100.889 0
    endloop
  endfacet
  facet normal -0.732717 -0.680534 0
    outer loop
      vertex 85.2488 100.889 10
      vertex 86.3847 99.666 0
      vertex 86.3847 99.666 10
    endloop
  endfacet
  facet normal -0.765192 -0.643802 0
    outer loop
      vertex 88.5647 97.1387 0
      vertex 87.4902 98.4158 10
      vertex 87.4902 98.4158 0
    endloop
  endfacet
  facet normal -0.765192 -0.643802 0
    outer loop
      vertex 87.4902 98.4158 10
      vertex 88.5647 97.1387 0
      vertex 88.5647 97.1387 10
    endloop
  endfacet
  facet normal -0.624858 0.780738 0
    outer loop
      vertex 79.1387 1.43529 0
      vertex 77.8357 0.392444 10
      vertex 79.1387 1.43529 10
    endloop
  endfacet
  facet normal -0.624858 0.780738 0
    outer loop
      vertex 77.8357 0.392444 10
      vertex 79.1387 1.43529 0
      vertex 77.8357 0.392444 0
    endloop
  endfacet
  facet normal 0.928506 0.371318 0
    outer loop
      vertex -26.8238 27.9775 10
      vertex -27.4435 29.5271 0
      vertex -27.4435 29.5271 10
    endloop
  endfacet
  facet normal 0.928506 0.371318 0
    outer loop
      vertex -27.4435 29.5271 0
      vertex -26.8238 27.9775 10
      vertex -26.8238 27.9775 0
    endloop
  endfacet
  facet normal 0.732717 -0.680534 0
    outer loop
      vertex -14.3847 99.666 10
      vertex -13.2488 100.889 0
      vertex -13.2488 100.889 10
    endloop
  endfacet
  facet normal 0.732717 -0.680534 0
    outer loop
      vertex -13.2488 100.889 0
      vertex -14.3847 99.666 10
      vertex -14.3847 99.666 0
    endloop
  endfacet
  facet normal -0.978398 0.206729 0
    outer loop
      vertex 102.348 39.1011 0
      vertex 102.693 40.7339 10
      vertex 102.693 40.7339 0
    endloop
  endfacet
  facet normal -0.978398 0.206729 0
    outer loop
      vertex 102.693 40.7339 10
      vertex 102.348 39.1011 0
      vertex 102.348 39.1011 10
    endloop
  endfacet
  facet normal -0.960404 0.278612 0
    outer loop
      vertex 101.072 34.2606 0
      vertex 101.537 35.8635 10
      vertex 101.537 35.8635 0
    endloop
  endfacet
  facet normal -0.960404 0.278612 0
    outer loop
      vertex 101.537 35.8635 10
      vertex 101.072 34.2606 0
      vertex 101.072 34.2606 10
    endloop
  endfacet
  facet normal -0.953311 0.301992 0
    outer loop
      vertex 100.568 32.6696 0
      vertex 101.072 34.2606 10
      vertex 101.072 34.2606 0
    endloop
  endfacet
  facet normal -0.953311 0.301992 0
    outer loop
      vertex 101.072 34.2606 10
      vertex 100.568 32.6696 0
      vertex 100.568 32.6696 10
    endloop
  endfacet
  facet normal -0.503375 -0.864068 0
    outer loop
      vertex 69.5171 113.166 0
      vertex 70.959 112.326 10
      vertex 69.5171 113.166 10
    endloop
  endfacet
  facet normal -0.503375 -0.864068 -0
    outer loop
      vertex 70.959 112.326 10
      vertex 69.5171 113.166 0
      vertex 70.959 112.326 0
    endloop
  endfacet
  facet normal -0.993903 0.110254 0
    outer loop
      vertex 103.489 45.6761 0
      vertex 103.673 47.3348 10
      vertex 103.673 47.3348 0
    endloop
  endfacet
  facet normal -0.993903 0.110254 0
    outer loop
      vertex 103.673 47.3348 10
      vertex 103.489 45.6761 0
      vertex 103.489 45.6761 10
    endloop
  endfacet
  facet normal -0.928506 0.371318 0
    outer loop
      vertex 98.8238 27.9775 0
      vertex 99.4435 29.5271 10
      vertex 99.4435 29.5271 0
    endloop
  endfacet
  facet normal -0.928506 0.371318 0
    outer loop
      vertex 99.4435 29.5271 10
      vertex 98.8238 27.9775 0
      vertex 98.8238 27.9775 10
    endloop
  endfacet
  facet normal 0.953311 -0.301992 0
    outer loop
      vertex -29.0719 73.7394 10
      vertex -28.5679 75.3304 0
      vertex -28.5679 75.3304 10
    endloop
  endfacet
  facet normal 0.953311 -0.301992 0
    outer loop
      vertex -28.5679 75.3304 0
      vertex -29.0719 73.7394 10
      vertex -29.0719 73.7394 0
    endloop
  endfacet
  facet normal -0.838238 0.545304 0
    outer loop
      vertex 92.5399 16.2212 0
      vertex 93.45 17.6202 10
      vertex 93.45 17.6202 0
    endloop
  endfacet
  facet normal -0.838238 0.545304 0
    outer loop
      vertex 93.45 17.6202 10
      vertex 92.5399 16.2212 0
      vertex 92.5399 16.2212 10
    endloop
  endfacet
  facet normal -0.0858022 0.996312 0
    outer loop
      vertex 42.6652 -13.6726 0
      vertex 41.0024 -13.8158 10
      vertex 42.6652 -13.6726 10
    endloop
  endfacet
  facet normal -0.0858022 0.996312 0
    outer loop
      vertex 41.0024 -13.8158 10
      vertex 42.6652 -13.6726 0
      vertex 41.0024 -13.8158 0
    endloop
  endfacet
  facet normal 0.278557 0.96042 -0
    outer loop
      vertex 17.8635 -11.5368 0
      vertex 16.2606 -11.0719 10
      vertex 17.8635 -11.5368 10
    endloop
  endfacet
  facet normal 0.278557 0.96042 0
    outer loop
      vertex 16.2606 -11.0719 10
      vertex 17.8635 -11.5368 0
      vertex 16.2606 -11.0719 0
    endloop
  endfacet
  facet normal 0.565664 -0.824636 0
    outer loop
      vertex -3.15496 109.596 0
      vertex -1.77878 110.54 10
      vertex -3.15496 109.596 10
    endloop
  endfacet
  facet normal 0.565664 -0.824636 0
    outer loop
      vertex -1.77878 110.54 10
      vertex -3.15496 109.596 0
      vertex -1.77878 110.54 0
    endloop
  endfacet
  facet normal 0.206729 -0.978398 0
    outer loop
      vertex 21.1011 120.348 0
      vertex 22.7339 120.693 10
      vertex 21.1011 120.348 10
    endloop
  endfacet
  facet normal 0.206729 -0.978398 0
    outer loop
      vertex 22.7339 120.693 10
      vertex 21.1011 120.348 0
      vertex 22.7339 120.693 0
    endloop
  endfacet
  facet normal -0.983049 0.183344 0
    outer loop
      vertex 102.693 40.7339 0
      vertex 102.999 42.3746 10
      vertex 102.999 42.3746 0
    endloop
  endfacet
  facet normal -0.983049 0.183344 0
    outer loop
      vertex 102.999 42.3746 10
      vertex 102.693 40.7339 0
      vertex 102.693 40.7339 10
    endloop
  endfacet
  facet normal 0.110254 -0.993903 0
    outer loop
      vertex 27.6761 121.489 0
      vertex 29.3348 121.673 10
      vertex 27.6761 121.489 10
    endloop
  endfacet
  facet normal 0.110254 -0.993903 0
    outer loop
      vertex 29.3348 121.673 10
      vertex 27.6761 121.489 0
      vertex 29.3348 121.673 0
    endloop
  endfacet
  facet normal 0.972944 0.231043 0
    outer loop
      vertex -29.9621 37.4773 10
      vertex -30.3477 39.1011 0
      vertex -30.3477 39.1011 10
    endloop
  endfacet
  facet normal 0.972944 0.231043 0
    outer loop
      vertex -30.3477 39.1011 0
      vertex -29.9621 37.4773 10
      vertex -29.9621 37.4773 0
    endloop
  endfacet
  facet normal 0.999323 -0.03679 0
    outer loop
      vertex -31.9795 55.6688 10
      vertex -31.9181 57.3366 0
      vertex -31.9181 57.3366 10
    endloop
  endfacet
  facet normal 0.999323 -0.03679 0
    outer loop
      vertex -31.9181 57.3366 0
      vertex -31.9795 55.6688 10
      vertex -31.9795 55.6688 0
    endloop
  endfacet
  facet normal 0.996312 -0.0858022 0
    outer loop
      vertex -31.8158 59.0024 10
      vertex -31.6726 60.6652 0
      vertex -31.6726 60.6652 10
    endloop
  endfacet
  facet normal 0.996312 -0.0858022 0
    outer loop
      vertex -31.6726 60.6652 0
      vertex -31.8158 59.0024 10
      vertex -31.8158 59.0024 0
    endloop
  endfacet
  facet normal -0.863964 -0.503554 0
    outer loop
      vertex 95.1659 87.5171 0
      vertex 94.3255 88.959 10
      vertex 94.3255 88.959 0
    endloop
  endfacet
  facet normal -0.863964 -0.503554 0
    outer loop
      vertex 94.3255 88.959 10
      vertex 95.1659 87.5171 0
      vertex 95.1659 87.5171 10
    endloop
  endfacet
  facet normal 0.348411 0.937342 -0
    outer loop
      vertex 13.0915 -10.025 0
      vertex 11.5271 -9.44351 10
      vertex 13.0915 -10.025 10
    endloop
  endfacet
  facet normal 0.348411 0.937342 0
    outer loop
      vertex 11.5271 -9.44351 10
      vertex 13.0915 -10.025 0
      vertex 11.5271 -9.44351 0
    endloop
  endfacet
  facet normal -0.749129 -0.662424 0
    outer loop
      vertex 87.4902 98.4158 0
      vertex 86.3847 99.666 10
      vertex 86.3847 99.666 0
    endloop
  endfacet
  facet normal -0.749129 -0.662424 0
    outer loop
      vertex 86.3847 99.666 10
      vertex 87.4902 98.4158 0
      vertex 87.4902 98.4158 10
    endloop
  endfacet
  facet normal -0.460254 -0.887787 0
    outer loop
      vertex 66.5736 114.739 0
      vertex 68.055 113.971 10
      vertex 66.5736 114.739 10
    endloop
  endfacet
  facet normal -0.460254 -0.887787 -0
    outer loop
      vertex 68.055 113.971 10
      vertex 66.5736 114.739 0
      vertex 68.055 113.971 0
    endloop
  endfacet
  facet normal 0.624917 -0.780691 0
    outer loop
      vertex -7.13874 106.565 0
      vertex -5.83575 107.608 10
      vertex -7.13874 106.565 10
    endloop
  endfacet
  facet normal 0.624917 -0.780691 0
    outer loop
      vertex -5.83575 107.608 10
      vertex -7.13874 106.565 0
      vertex -5.83575 107.608 0
    endloop
  endfacet
  facet normal 0.254838 0.966984 -0
    outer loop
      vertex 19.4773 -11.9621 0
      vertex 17.8635 -11.5368 10
      vertex 19.4773 -11.9621 10
    endloop
  endfacet
  facet normal 0.254838 0.966984 0
    outer loop
      vertex 17.8635 -11.5368 10
      vertex 19.4773 -11.9621 0
      vertex 17.8635 -11.5368 0
    endloop
  endfacet
  facet normal 0.503373 -0.864069 0
    outer loop
      vertex 1.04101 112.326 0
      vertex 2.48292 113.166 10
      vertex 1.04101 112.326 10
    endloop
  endfacet
  facet normal 0.503373 -0.864069 0
    outer loop
      vertex 2.48292 113.166 10
      vertex 1.04101 112.326 0
      vertex 2.48292 113.166 0
    endloop
  endfacet
  facet normal -0.585932 -0.81036 0
    outer loop
      vertex 75.155 109.596 0
      vertex 76.5076 108.618 10
      vertex 75.155 109.596 10
    endloop
  endfacet
  facet normal -0.585932 -0.81036 -0
    outer loop
      vertex 76.5076 108.618 10
      vertex 75.155 109.596 0
      vertex 76.5076 108.618 0
    endloop
  endfacet
  facet normal -0.795832 0.605518 0
    outer loop
      vertex 89.6076 12.1643 0
      vertex 90.6181 13.4924 10
      vertex 90.6181 13.4924 0
    endloop
  endfacet
  facet normal -0.795832 0.605518 0
    outer loop
      vertex 90.6181 13.4924 10
      vertex 89.6076 12.1643 0
      vertex 89.6076 12.1643 10
    endloop
  endfacet
  facet normal 0.416426 0.90917 -0
    outer loop
      vertex 8.44359 -8.16626 0
      vertex 8.0806 -8 10
      vertex 8.44359 -8.16626 10
    endloop
  endfacet
  facet normal 0.416426 0.90917 0
    outer loop
      vertex 8.0806 -8 10
      vertex 8.44359 -8.16626 0
      vertex 8.0806 -8 0
    endloop
  endfacet
  facet normal 0.987303 -0.158848 0
    outer loop
      vertex -31.264 63.9777 10
      vertex -30.9989 65.6254 0
      vertex -30.9989 65.6254 10
    endloop
  endfacet
  facet normal 0.987303 -0.158848 0
    outer loop
      vertex -30.9989 65.6254 0
      vertex -31.264 63.9777 10
      vertex -31.264 63.9777 0
    endloop
  endfacet
  facet normal 0.876078 0.482169 0
    outer loop
      vertex -23.1659 20.4829 10
      vertex -23.9706 21.945 0
      vertex -23.9706 21.945 10
    endloop
  endfacet
  facet normal 0.876078 0.482169 0
    outer loop
      vertex -23.9706 21.945 0
      vertex -23.1659 20.4829 10
      vertex -23.1659 20.4829 0
    endloop
  endfacet
  facet normal 0.810445 -0.585814 0
    outer loop
      vertex -19.5958 93.155 10
      vertex -18.6181 94.5076 0
      vertex -18.6181 94.5076 10
    endloop
  endfacet
  facet normal 0.810445 -0.585814 0
    outer loop
      vertex -18.6181 94.5076 0
      vertex -19.5958 93.155 10
      vertex -19.5958 93.155 0
    endloop
  endfacet
  facet normal 0.394222 -0.919015 0
    outer loop
      vertex 8.44359 116.166 0
      vertex 9.97753 116.824 10
      vertex 8.44359 116.166 10
    endloop
  endfacet
  facet normal 0.394222 -0.919015 0
    outer loop
      vertex 9.97753 116.824 10
      vertex 8.44359 116.166 0
      vertex 9.97753 116.824 0
    endloop
  endfacet
  facet normal -0.715742 0.698365 0
    outer loop
      vertex 84.0833 5.91674 0
      vertex 85.2488 7.11124 10
      vertex 85.2488 7.11124 0
    endloop
  endfacet
  facet normal -0.715742 0.698365 0
    outer loop
      vertex 85.2488 7.11124 10
      vertex 84.0833 5.91674 0
      vertex 84.0833 5.91674 10
    endloop
  endfacet
  facet normal 0.662238 -0.749294 0
    outer loop
      vertex -9.66601 104.385 0
      vertex -8.41575 105.49 10
      vertex -9.66601 104.385 10
    endloop
  endfacet
  facet normal 0.662238 -0.749294 0
    outer loop
      vertex -8.41575 105.49 10
      vertex -9.66601 104.385 0
      vertex -8.41575 105.49 0
    endloop
  endfacet
  facet normal 0.134808 -0.990872 0
    outer loop
      vertex 26.0223 121.264 0
      vertex 27.6761 121.489 10
      vertex 26.0223 121.264 10
    endloop
  endfacet
  facet normal 0.134808 -0.990872 0
    outer loop
      vertex 27.6761 121.489 10
      vertex 26.0223 121.264 0
      vertex 27.6761 121.489 0
    endloop
  endfacet
  facet normal 0.0122833 0.999925 -0
    outer loop
      vertex 36 -14 0
      vertex 34.3312 -13.9795 10
      vertex 36 -14 10
    endloop
  endfacet
  facet normal 0.0122833 0.999925 0
    outer loop
      vertex 34.3312 -13.9795 10
      vertex 36 -14 0
      vertex 34.3312 -13.9795 0
    endloop
  endfacet
  facet normal 0.851348 -0.524602 0
    outer loop
      vertex -22.3255 88.959 10
      vertex -21.45 90.3798 0
      vertex -21.45 90.3798 10
    endloop
  endfacet
  facet normal 0.851348 -0.524602 0
    outer loop
      vertex -21.45 90.3798 0
      vertex -22.3255 88.959 10
      vertex -22.3255 88.959 0
    endloop
  endfacet
  facet normal 0.993903 -0.110254 0
    outer loop
      vertex -31.6726 60.6652 10
      vertex -31.4886 62.3239 0
      vertex -31.4886 62.3239 10
    endloop
  endfacet
  facet normal 0.993903 -0.110254 0
    outer loop
      vertex -31.4886 62.3239 0
      vertex -31.6726 60.6652 10
      vertex -31.6726 60.6652 0
    endloop
  endfacet
  facet normal 0.795832 0.605518 0
    outer loop
      vertex -17.6076 12.1643 10
      vertex -18.6181 13.4924 0
      vertex -18.6181 13.4924 10
    endloop
  endfacet
  facet normal 0.795832 0.605518 0
    outer loop
      vertex -18.6181 13.4924 0
      vertex -17.6076 12.1643 10
      vertex -17.6076 12.1643 0
    endloop
  endfacet
  facet normal -0.876078 0.482169 0
    outer loop
      vertex 95.1659 20.4829 0
      vertex 95.9706 21.945 10
      vertex 95.9706 21.945 0
    endloop
  endfacet
  facet normal -0.876078 0.482169 0
    outer loop
      vertex 95.9706 21.945 10
      vertex 95.1659 20.4829 0
      vertex 95.1659 20.4829 10
    endloop
  endfacet
  facet normal -0.158848 0.987303 0
    outer loop
      vertex 47.6254 -12.9989 0
      vertex 45.9777 -13.264 10
      vertex 47.6254 -12.9989 10
    endloop
  endfacet
  facet normal -0.158848 0.987303 0
    outer loop
      vertex 45.9777 -13.264 10
      vertex 47.6254 -12.9989 0
      vertex 45.9777 -13.264 0
    endloop
  endfacet
  facet normal -0.183055 0.983103 0
    outer loop
      vertex 49.2661 -12.6934 0
      vertex 47.6254 -12.9989 10
      vertex 49.2661 -12.6934 10
    endloop
  endfacet
  facet normal -0.183055 0.983103 0
    outer loop
      vertex 47.6254 -12.9989 10
      vertex 49.2661 -12.6934 0
      vertex 47.6254 -12.9989 0
    endloop
  endfacet
  facet normal 0.780723 -0.624878 0
    outer loop
      vertex -17.6076 95.8357 10
      vertex -16.5647 97.1387 0
      vertex -16.5647 97.1387 10
    endloop
  endfacet
  facet normal 0.780723 -0.624878 0
    outer loop
      vertex -16.5647 97.1387 0
      vertex -17.6076 95.8357 10
      vertex -17.6076 95.8357 0
    endloop
  endfacet
  facet normal -0.887616 0.460585 0
    outer loop
      vertex 95.9706 21.945 0
      vertex 96.7393 23.4264 10
      vertex 96.7393 23.4264 0
    endloop
  endfacet
  facet normal -0.887616 0.460585 0
    outer loop
      vertex 96.7393 23.4264 10
      vertex 95.9706 21.945 0
      vertex 95.9706 21.945 10
    endloop
  endfacet
  facet normal 0.953311 0.301992 0
    outer loop
      vertex -28.5679 32.6696 10
      vertex -29.0719 34.2606 0
      vertex -29.0719 34.2606 10
    endloop
  endfacet
  facet normal 0.953311 0.301992 0
    outer loop
      vertex -29.0719 34.2606 0
      vertex -28.5679 32.6696 10
      vertex -28.5679 32.6696 0
    endloop
  endfacet
  facet normal 0.838238 0.545304 0
    outer loop
      vertex -20.5399 16.2212 10
      vertex -21.45 17.6202 0
      vertex -21.45 17.6202 10
    endloop
  endfacet
  facet normal 0.838238 0.545304 0
    outer loop
      vertex -21.45 17.6202 0
      vertex -20.5399 16.2212 10
      vertex -20.5399 16.2212 0
    endloop
  endfacet
  facet normal 0.966984 0.254838 0
    outer loop
      vertex -29.5368 35.8635 10
      vertex -29.9621 37.4773 0
      vertex -29.9621 37.4773 10
    endloop
  endfacet
  facet normal 0.966984 0.254838 0
    outer loop
      vertex -29.9621 37.4773 0
      vertex -29.5368 35.8635 10
      vertex -29.5368 35.8635 0
    endloop
  endfacet
  facet normal 0.96042 0.278557 0
    outer loop
      vertex -29.0719 34.2606 10
      vertex -29.5368 35.8635 0
      vertex -29.5368 35.8635 10
    endloop
  endfacet
  facet normal 0.96042 0.278557 0
    outer loop
      vertex -29.5368 35.8635 0
      vertex -29.0719 34.2606 10
      vertex -29.0719 34.2606 0
    endloop
  endfacet
  facet normal 0.990904 0.134573 0
    outer loop
      vertex -31.264 44.0223 10
      vertex -31.4886 45.6761 0
      vertex -31.4886 45.6761 10
    endloop
  endfacet
  facet normal 0.990904 0.134573 0
    outer loop
      vertex -31.4886 45.6761 0
      vertex -31.264 44.0223 10
      vertex -31.264 44.0223 0
    endloop
  endfacet
  facet normal -0.810445 0.585814 0
    outer loop
      vertex 90.6181 13.4924 0
      vertex 91.5958 14.845 10
      vertex 91.5958 14.845 0
    endloop
  endfacet
  facet normal -0.810445 0.585814 0
    outer loop
      vertex 91.5958 14.845 10
      vertex 90.6181 13.4924 0
      vertex 90.6181 13.4924 10
    endloop
  endfacet
  facet normal 0.909162 -0.416442 0
    outer loop
      vertex -26.1663 81.5564 10
      vertex -25.4713 83.0737 0
      vertex -25.4713 83.0737 10
    endloop
  endfacet
  facet normal 0.909162 -0.416442 0
    outer loop
      vertex -25.4713 83.0737 0
      vertex -26.1663 81.5564 10
      vertex -26.1663 81.5564 0
    endloop
  endfacet
  facet normal 0.231043 0.972944 -0
    outer loop
      vertex 21.1011 -12.3477 0
      vertex 19.4773 -11.9621 10
      vertex 21.1011 -12.3477 10
    endloop
  endfacet
  facet normal 0.231043 0.972944 0
    outer loop
      vertex 19.4773 -11.9621 10
      vertex 21.1011 -12.3477 0
      vertex 19.4773 -11.9621 0
    endloop
  endfacet
  facet normal 0.438608 -0.898679 0
    outer loop
      vertex 5.42643 114.739 0
      vertex 6.92625 115.471 10
      vertex 5.42643 114.739 10
    endloop
  endfacet
  facet normal 0.438608 -0.898679 0
    outer loop
      vertex 6.92625 115.471 10
      vertex 5.42643 114.739 0
      vertex 6.92625 115.471 0
    endloop
  endfacet
  facet normal 0.810445 0.585814 0
    outer loop
      vertex -18.6181 13.4924 10
      vertex -19.5958 14.845 0
      vertex -19.5958 14.845 10
    endloop
  endfacet
  facet normal 0.810445 0.585814 0
    outer loop
      vertex -19.5958 14.845 0
      vertex -18.6181 13.4924 10
      vertex -18.6181 13.4924 0
    endloop
  endfacet
  facet normal 0.662413 0.749139 -0
    outer loop
      vertex -8.41575 2.5098 0
      vertex -9.66601 3.61532 10
      vertex -8.41575 2.5098 10
    endloop
  endfacet
  facet normal 0.662413 0.749139 0
    outer loop
      vertex -9.66601 3.61532 10
      vertex -8.41575 2.5098 0
      vertex -9.66601 3.61532 0
    endloop
  endfacet
  facet normal -0.325309 0.945608 0
    outer loop
      vertex 58.9085 -10.025 0
      vertex 57.3304 -10.5679 10
      vertex 58.9085 -10.025 10
    endloop
  endfacet
  facet normal -0.325309 0.945608 0
    outer loop
      vertex 57.3304 -10.5679 10
      vertex 58.9085 -10.025 0
      vertex 57.3304 -10.5679 0
    endloop
  endfacet
  facet normal 0.990904 -0.134573 0
    outer loop
      vertex -31.4886 62.3239 10
      vertex -31.264 63.9777 0
      vertex -31.264 63.9777 10
    endloop
  endfacet
  facet normal 0.990904 -0.134573 0
    outer loop
      vertex -31.264 63.9777 0
      vertex -31.4886 62.3239 10
      vertex -31.4886 62.3239 0
    endloop
  endfacet
  facet normal -0.643805 0.765189 0
    outer loop
      vertex 80.4158 2.5098 0
      vertex 79.1387 1.43529 10
      vertex 80.4158 2.5098 10
    endloop
  endfacet
  facet normal -0.643805 0.765189 0
    outer loop
      vertex 79.1387 1.43529 10
      vertex 80.4158 2.5098 0
      vertex 79.1387 1.43529 0
    endloop
  endfacet
  facet normal 0.301992 0.953311 -0
    outer loop
      vertex 16.2606 -11.0719 0
      vertex 14.6696 -10.5679 10
      vertex 16.2606 -11.0719 10
    endloop
  endfacet
  facet normal 0.301992 0.953311 0
    outer loop
      vertex 14.6696 -10.5679 10
      vertex 16.2606 -11.0719 0
      vertex 14.6696 -10.5679 0
    endloop
  endfacet
  facet normal 0.134573 0.990904 -0
    outer loop
      vertex 27.6761 -13.4886 0
      vertex 26.0223 -13.264 10
      vertex 27.6761 -13.4886 10
    endloop
  endfacet
  facet normal 0.134573 0.990904 0
    outer loop
      vertex 26.0223 -13.264 10
      vertex 27.6761 -13.4886 0
      vertex 26.0223 -13.264 0
    endloop
  endfacet
  facet normal 0.91912 0.393977 0
    outer loop
      vertex -26.1663 26.4436 10
      vertex -26.8238 27.9775 0
      vertex -26.8238 27.9775 10
    endloop
  endfacet
  facet normal 0.91912 0.393977 0
    outer loop
      vertex -26.8238 27.9775 0
      vertex -26.1663 26.4436 10
      vertex -26.1663 26.4436 0
    endloop
  endfacet
  facet normal 0.838238 -0.545304 0
    outer loop
      vertex -21.45 90.3798 10
      vertex -20.5399 91.7788 0
      vertex -20.5399 91.7788 10
    endloop
  endfacet
  facet normal 0.838238 -0.545304 0
    outer loop
      vertex -20.5399 91.7788 0
      vertex -21.45 90.3798 10
      vertex -21.45 90.3798 0
    endloop
  endfacet
  facet normal -0.605539 0.795816 0
    outer loop
      vertex 77.8357 0.392444 0
      vertex 76.5076 -0.618112 10
      vertex 77.8357 0.392444 10
    endloop
  endfacet
  facet normal -0.605539 0.795816 0
    outer loop
      vertex 76.5076 -0.618112 10
      vertex 77.8357 0.392444 0
      vertex 76.5076 -0.618112 0
    endloop
  endfacet
  facet normal 0.978313 -0.207131 0
    outer loop
      vertex -30.6934 67.2661 10
      vertex -30.3477 68.8989 0
      vertex -30.3477 68.8989 10
    endloop
  endfacet
  facet normal 0.978313 -0.207131 0
    outer loop
      vertex -30.3477 68.8989 0
      vertex -30.6934 67.2661 10
      vertex -30.6934 67.2661 0
    endloop
  endfacet
  facet normal 0.972944 -0.231043 0
    outer loop
      vertex -30.3477 68.8989 10
      vertex -29.9621 70.5227 0
      vertex -29.9621 70.5227 10
    endloop
  endfacet
  facet normal 0.972944 -0.231043 0
    outer loop
      vertex -29.9621 70.5227 0
      vertex -30.3477 68.8989 10
      vertex -30.3477 68.8989 0
    endloop
  endfacet
  facet normal 0.207131 0.978313 -0
    outer loop
      vertex 22.7339 -12.6934 0
      vertex 21.1011 -12.3477 10
      vertex 22.7339 -12.6934 10
    endloop
  endfacet
  facet normal 0.207131 0.978313 0
    outer loop
      vertex 21.1011 -12.3477 10
      vertex 22.7339 -12.6934 0
      vertex 21.1011 -12.3477 0
    endloop
  endfacet
endsolid OpenSCAD_Model
