  0
SECTION
  2
HEADER
  9
$ACADVER
  1
AC1009
  9
$DWGCODEPAGE
  3
ANSI_1252
  9
$INSBASE
 10
0.0
 20
0.0
 30
0.0
  9
$EXTMIN
 10
1e+20
 20
1e+20
 30
1e+20
  9
$EXTMAX
 10
-1e+20
 20
-1e+20
 30
-1e+20
  9
$LIMMIN
 10
0.0
 20
0.0
  9
$LIMMAX
 10
420.0
 20
297.0
  9
$ORTHOMODE
 70
0
  9
$REGENMODE
 70
1
  9
$FILLMODE
 70
1
  9
$DRAGMODE
 70
2
  9
$QTEXTMODE
 70
0
  9
$MIRRTEXT
 70
1
  9
$OSMODE
 70
20583
  9
$LTSCALE
 40
1.0
  9
$ATTMODE
 70
1
  9
$TEXTSIZE
 40
2.5
  9
$TRACEWID
 40
1.0
  9
$TEXTSTYLE
  7
Standard
  9
$CLAYER
  8
0
  9
$CELTYPE
  6
ByLayer
  9
$CECOLOR
 62
256
  9
$DIMSCALE
 40
1.0
  9
$DIMASZ
 40
2.5
  9
$DIMEXO
 40
0.625
  9
$DIMDLI
 40
3.75
  9
$DIMRND
 40
0.0
  9
$DIMDLE
 40
0.0
  9
$DIMEXE
 40
1.25
  9
$DIMTP
 40
0.0
  9
$DIMTM
 40
0.0
  9
$DIMTXT
 40
2.5
  9
$DIMCEN
 40
2.5
  9
$DIMTSZ
 40
0.0
  9
$DIMTOL
 70
0
  9
$DIMLIM
 70
0
  9
$DIMTIH
 70
0
  9
$DIMTOH
 70
0
  9
$DIMSE1
 70
0
  9
$DIMSE2
 70
0
  9
$DIMTAD
 70
1
  9
$DIMZIN
 70
8
  9
$DIMBLK
  1

  9
$DIMASO
 70
1
  9
$DIMSHO
 70
1
  9
$DIMPOST
  1

  9
$DIMAPOST
  1

  9
$DIMALT
 70
0
  9
$DIMALTD
 70
3
  9
$DIMALTF
 40
0.03937007874
  9
$DIMLFAC
 40
1.0
  9
$DIMTOFL
 70
1
  9
$DIMTVP
 40
0.0
  9
$DIMTIX
 70
0
  9
$DIMSOXD
 70
0
  9
$DIMSAH
 70
0
  9
$DIMBLK1
  1

  9
$DIMBLK2
  1

  9
$DIMSTYLE
  2
ISO-25
  9
$DIMCLRD
 70
0
  9
$DIMCLRE
 70
0
  9
$DIMCLRT
 70
0
  9
$DIMTFAC
 40
1.0
  9
$DIMGAP
 40
0.625
  9
$COORDS
 70
1
  9
$ATTDIA
 70
0
  9
$ATTREQ
 70
1
  9
$HANDLING
 70
1
  9
$LUNITS
 70
2
  9
$LUPREC
 70
4
  9
$SKETCHINC
 40
1.0
  9
$FILLETRAD
 40
10.0
  9
$AUNITS
 70
0
  9
$AUPREC
 70
2
  9
$MENU
  1
.
  9
$ELEVATION
 40
0.0
  9
$PELEVATION
 40
0.0
  9
$THICKNESS
 40
0.0
  9
$LIMCHECK
 70
0
  9
$CHAMFERA
 40
0.0
  9
$CHAMFERB
 40
0.0
  9
$SKPOLY
 70
0
  9
$TDCREATE
 40
2461228.8617824074
  9
$TDUPDATE
 40
2461228.8617824074
  9
$TDINDWG
 40
0.0
  9
$TDUSRTIMER
 40
0.0
  9
$USRTIMER
 70
1
  9
$ANGBASE
 50
0.0
  9
$ANGDIR
 70
0
  9
$PDMODE
 70
0
  9
$PDSIZE
 40
0.0
  9
$PLINEWID
 40
0.0
  9
$SPLFRAME
 70
0
  9
$SPLINETYPE
 70
6
  9
$SPLINESEGS
 70
8
  9
$HANDSEED
  5
1F7C
  9
$SURFTAB1
 70
6
  9
$SURFTAB2
 70
6
  9
$SURFTYPE
 70
6
  9
$SURFU
 70
6
  9
$SURFV
 70
6
  9
$UCSNAME
  2

  9
$UCSORG
 10
0.0
 20
0.0
 30
0.0
  9
$UCSXDIR
 10
1.0
 20
0.0
 30
0.0
  9
$UCSYDIR
 10
0.0
 20
1.0
 30
0.0
  9
$PUCSNAME
  2

  9
$PUCSORG
 10
0.0
 20
0.0
 30
0.0
  9
$PUCSXDIR
 10
1.0
 20
0.0
 30
0.0
  9
$PUCSYDIR
 10
0.0
 20
1.0
 30
0.0
  9
$USERI1
 70
0
  9
$USERI2
 70
0
  9
$USERI3
 70
0
  9
$USERI4
 70
0
  9
$USERI5
 70
0
  9
$USERR1
 40
0.0
  9
$USERR2
 40
0.0
  9
$USERR3
 40
0.0
  9
$USERR4
 40
0.0
  9
$USERR5
 40
0.0
  9
$WORLDVIEW
 70
1
  9
$SHADEDGE
 70
3
  9
$SHADEDIF
 70
70
  9
$TILEMODE
 70
1
  9
$MAXACTVP
 70
64
  9
$PLIMCHECK
 70
0
  9
$PEXTMIN
 10
1e+20
 20
1e+20
 30
1e+20
  9
$PEXTMAX
 10
-1e+20
 20
-1e+20
 30
-1e+20
  9
$PLIMMIN
 10
0.0
 20
0.0
  9
$PLIMMAX
 10
420.0
 20
297.0
  9
$UNITMODE
 70
0
  9
$VISRETAIN
 70
1
  9
$PLINEGEN
 70
0
  9
$PSLTSCALE
 70
1
  0
ENDSEC
  0
SECTION
  2
TABLES
  0
TABLE
  2
VPORT
 70
1
  0
VPORT
  5
1F70
  2
*Active
 70
0
 10
0.0
 20
0.0
 11
1.0
 21
1.0
 12
0.0
 22
0.0
 13
0.0
 23
0.0
 14
0.5
 24
0.5
 15
0.5
 25
0.5
 16
0.0
 26
0.0
 36
1.0
 17
0.0
 27
0.0
 37
0.0
 40
1000.0
 41
1.34
 42
50.0
 43
0.0
 44
0.0
 50
0.0
 51
0.0
 71
0
 72
1000
 73
1
 74
3
 75
0
 76
0
 77
0
 78
0
  0
ENDTAB
  0
TABLE
  2
LTYPE
 70
3
  0
LTYPE
  5
1F71
  2
ByBlock
 70
0
  3

 72
65
 73
0
 40
0.0
  0
LTYPE
  5
1F72
  2
ByLayer
 70
0
  3

 72
65
 73
0
 40
0.0
  0
LTYPE
  5
1F73
  2
Continuous
 70
0
  3

 72
65
 73
0
 40
0.0
  0
ENDTAB
  0
TABLE
  2
LAYER
 70
2
  0
LAYER
  5
1F74
  2
0
 70
0
 62
7
  6
Continuous
  0
LAYER
  5
1F75
  2
Defpoints
 70
0
 62
7
  6
Continuous
  0
ENDTAB
  0
TABLE
  2
STYLE
 70
1
  0
STYLE
  5
1F76
  2
Standard
 70
0
 40
0.0
 41
1.0
 50
0.0
 71
0
 42
2.5
  3
txt
  4

  0
ENDTAB
  0
TABLE
  2
VIEW
 70
0
  0
ENDTAB
  0
TABLE
  2
UCS
 70
0
  0
ENDTAB
  0
TABLE
  2
APPID
 70
3
  0
APPID
  5
1F77
  2
ACAD
 70
0
  0
APPID
  5
1F7A
  2
HATCHBACKGROUNDCOLOR
 70
0
  0
APPID
  5
1F7B
  2
EZDXF
 70
0
  0
ENDTAB
  0
TABLE
  2
DIMSTYLE
 70
1
  0
DIMSTYLE
105
1F78
  2
Standard
 70
0
  3

  4

  5

  6

  7

 40
1.0
 41
2.5
 42
0.625
 43
3.75
 44
1.25
 45
0.0
 46
0.0
 47
0.0
 48
0.0
140
2.5
141
2.5
142
0.0
143
0.03937007874
144
1.0
145
0.0
146
1.0
147
0.625
 71
0
 72
0
 73
0
 74
0
 75
0
 76
0
 77
1
 78
8
170
0
171
3
172
1
173
0
174
0
175
0
176
0
177
0
178
0
  0
ENDTAB
  0
ENDSEC
  0
SECTION
  2
BLOCKS
  0
BLOCK
  5
1F51
  8
0
  2
$Model_Space
 70
0
 10
0.0
 20
0.0
 30
0.0
  3
$Model_Space
  1

1001
EZDXF
1000
WRITTEN_BY_EZDXF
1000
1.4.3 @ 2026-07-07T00:40:58.024898+00:00
  0
ENDBLK
  5
1F52
  8
0
  0
BLOCK
  5
1F53
  8
0
  2
$Paper_Space
 70
0
 10
0.0
 20
0.0
 30
0.0
  3
$Paper_Space
  1

  0
ENDBLK
  5
1F54
  8
0
  0
ENDSEC
  0
SECTION
  2
ENTITIES
  0
LINE
  5
100
  8
0
 10
56.1592
 20
-39.6806
 30
0.0
 11
57.0978
 21
-39.6633
 31
0.0
  0
LINE
  5
101
  8
0
 10
57.0978
 20
-39.6633
 30
0.0
 11
58.0361
 21
-39.6346
 31
0.0
  0
LINE
  5
102
  8
0
 10
58.0361
 20
-39.6346
 30
0.0
 11
58.9741
 21
-39.5942
 31
0.0
  0
LINE
  5
103
  8
0
 10
58.9741
 20
-39.5942
 30
0.0
 11
59.9114
 21
-39.5424
 31
0.0
  0
LINE
  5
104
  8
0
 10
59.9114
 20
-39.5424
 30
0.0
 11
60.8481
 21
-39.4791
 31
0.0
  0
LINE
  5
105
  8
0
 10
60.8481
 20
-39.4791
 30
0.0
 11
61.7839
 21
-39.4043
 31
0.0
  0
LINE
  5
106
  8
0
 10
61.7839
 20
-39.4043
 30
0.0
 11
62.7187
 21
-39.318
 31
0.0
  0
LINE
  5
107
  8
0
 10
62.7187
 20
-39.318
 30
0.0
 11
63.6524
 21
-39.2203
 31
0.0
  0
LINE
  5
108
  8
0
 10
63.6524
 20
-39.2203
 30
0.0
 11
64.5848
 21
-39.1111
 31
0.0
  0
LINE
  5
109
  8
0
 10
64.5848
 20
-39.1111
 30
0.0
 11
65.5158
 21
-38.9904
 31
0.0
  0
LINE
  5
10A
  8
0
 10
65.5158
 20
-38.9904
 30
0.0
 11
66.4453
 21
-38.8584
 31
0.0
  0
LINE
  5
10B
  8
0
 10
66.4453
 20
-38.8584
 30
0.0
 11
67.373
 21
-38.7149
 31
0.0
  0
LINE
  5
10C
  8
0
 10
67.373
 20
-38.7149
 30
0.0
 11
68.299
 21
-38.5601
 31
0.0
  0
LINE
  5
10D
  8
0
 10
68.299
 20
-38.5601
 30
0.0
 11
69.2229
 21
-38.394
 31
0.0
  0
LINE
  5
10E
  8
0
 10
69.2229
 20
-38.394
 30
0.0
 11
70.1448
 21
-38.2165
 31
0.0
  0
LINE
  5
10F
  8
0
 10
70.1448
 20
-38.2165
 30
0.0
 11
71.0644
 21
-38.0277
 31
0.0
  0
LINE
  5
110
  8
0
 10
71.0644
 20
-38.0277
 30
0.0
 11
71.9816
 21
-37.8276
 31
0.0
  0
LINE
  5
111
  8
0
 10
71.9816
 20
-37.8276
 30
0.0
 11
72.8963
 21
-37.6163
 31
0.0
  0
LINE
  5
112
  8
0
 10
72.8963
 20
-37.6163
 30
0.0
 11
73.8084
 21
-37.3938
 31
0.0
  0
LINE
  5
113
  8
0
 10
73.8084
 20
-37.3938
 30
0.0
 11
74.7176
 21
-37.1601
 31
0.0
  0
LINE
  5
114
  8
0
 10
74.7176
 20
-37.1601
 30
0.0
 11
75.6239
 21
-36.9153
 31
0.0
  0
LINE
  5
115
  8
0
 10
75.6239
 20
-36.9153
 30
0.0
 11
76.5271
 21
-36.6593
 31
0.0
  0
LINE
  5
116
  8
0
 10
76.5271
 20
-36.6593
 30
0.0
 11
77.4272
 21
-36.3923
 31
0.0
  0
LINE
  5
117
  8
0
 10
77.4272
 20
-36.3923
 30
0.0
 11
78.3239
 21
-36.1143
 31
0.0
  0
LINE
  5
118
  8
0
 10
78.3239
 20
-36.1143
 30
0.0
 11
79.217
 21
-35.8253
 31
0.0
  0
LINE
  5
119
  8
0
 10
79.217
 20
-35.8253
 30
0.0
 11
80.1066
 21
-35.5253
 31
0.0
  0
LINE
  5
11A
  8
0
 10
80.1066
 20
-35.5253
 30
0.0
 11
80.9925
 21
-35.2145
 31
0.0
  0
LINE
  5
11B
  8
0
 10
80.9925
 20
-35.2145
 30
0.0
 11
81.8744
 21
-34.8928
 31
0.0
  0
LINE
  5
11C
  8
0
 10
81.8744
 20
-34.8928
 30
0.0
 11
82.7524
 21
-34.5603
 31
0.0
  0
LINE
  5
11D
  8
0
 10
82.7524
 20
-34.5603
 30
0.0
 11
83.6262
 21
-34.2171
 31
0.0
  0
LINE
  5
11E
  8
0
 10
83.6262
 20
-34.2171
 30
0.0
 11
84.4957
 21
-33.8632
 31
0.0
  0
LINE
  5
11F
  8
0
 10
84.4957
 20
-33.8632
 30
0.0
 11
85.3608
 21
-33.4986
 31
0.0
  0
LINE
  5
120
  8
0
 10
85.3608
 20
-33.4986
 30
0.0
 11
86.2214
 21
-33.1234
 31
0.0
  0
LINE
  5
121
  8
0
 10
86.2214
 20
-33.1234
 30
0.0
 11
87.0773
 21
-32.7377
 31
0.0
  0
LINE
  5
122
  8
0
 10
87.0773
 20
-32.7377
 30
0.0
 11
87.9284
 21
-32.3416
 31
0.0
  0
LINE
  5
123
  8
0
 10
87.9284
 20
-32.3416
 30
0.0
 11
88.7745
 21
-31.935
 31
0.0
  0
LINE
  5
124
  8
0
 10
88.7745
 20
-31.935
 30
0.0
 11
89.6157
 21
-31.518
 31
0.0
  0
LINE
  5
125
  8
0
 10
89.6157
 20
-31.518
 30
0.0
 11
90.4516
 21
-31.0908
 31
0.0
  0
LINE
  5
126
  8
0
 10
90.4516
 20
-31.0908
 30
0.0
 11
91.2822
 21
-30.6534
 31
0.0
  0
LINE
  5
127
  8
0
 10
91.2822
 20
-30.6534
 30
0.0
 11
92.1075
 21
-30.2057
 31
0.0
  0
LINE
  5
128
  8
0
 10
92.1075
 20
-30.2057
 30
0.0
 11
92.9271
 21
-29.748
 31
0.0
  0
LINE
  5
129
  8
0
 10
92.9271
 20
-29.748
 30
0.0
 11
93.7411
 21
-29.2803
 31
0.0
  0
LINE
  5
12A
  8
0
 10
93.7411
 20
-29.2803
 30
0.0
 11
94.5493
 21
-28.8026
 31
0.0
  0
LINE
  5
12B
  8
0
 10
94.5493
 20
-28.8026
 30
0.0
 11
95.3515
 21
-28.315
 31
0.0
  0
LINE
  5
12C
  8
0
 10
95.3515
 20
-28.315
 30
0.0
 11
96.1477
 21
-27.8177
 31
0.0
  0
LINE
  5
12D
  8
0
 10
96.1477
 20
-27.8177
 30
0.0
 11
96.9378
 21
-27.3106
 31
0.0
  0
LINE
  5
12E
  8
0
 10
96.9378
 20
-27.3106
 30
0.0
 11
97.7215
 21
-26.7938
 31
0.0
  0
LINE
  5
12F
  8
0
 10
97.7215
 20
-26.7938
 30
0.0
 11
98.4989
 21
-26.2675
 31
0.0
  0
LINE
  5
130
  8
0
 10
98.4989
 20
-26.2675
 30
0.0
 11
99.2697
 21
-25.7316
 31
0.0
  0
LINE
  5
131
  8
0
 10
99.2697
 20
-25.7316
 30
0.0
 11
100.034
 21
-25.1864
 31
0.0
  0
LINE
  5
132
  8
0
 10
100.034
 20
-25.1864
 30
0.0
 11
100.791
 21
-24.6318
 31
0.0
  0
LINE
  5
133
  8
0
 10
100.791
 20
-24.6318
 30
0.0
 11
101.542
 21
-24.0679
 31
0.0
  0
LINE
  5
134
  8
0
 10
101.542
 20
-24.0679
 30
0.0
 11
102.286
 21
-23.4949
 31
0.0
  0
LINE
  5
135
  8
0
 10
102.286
 20
-23.4949
 30
0.0
 11
103.022
 21
-22.9128
 31
0.0
  0
LINE
  5
136
  8
0
 10
103.022
 20
-22.9128
 30
0.0
 11
103.751
 21
-22.3217
 31
0.0
  0
LINE
  5
137
  8
0
 10
103.751
 20
-22.3217
 30
0.0
 11
104.474
 21
-21.7217
 31
0.0
  0
LINE
  5
138
  8
0
 10
104.474
 20
-21.7217
 30
0.0
 11
105.188
 21
-21.1129
 31
0.0
  0
LINE
  5
139
  8
0
 10
105.188
 20
-21.1129
 30
0.0
 11
105.895
 21
-20.4953
 31
0.0
  0
LINE
  5
13A
  8
0
 10
105.895
 20
-20.4953
 30
0.0
 11
106.595
 21
-19.8691
 31
0.0
  0
LINE
  5
13B
  8
0
 10
106.595
 20
-19.8691
 30
0.0
 11
107.286
 21
-19.2344
 31
0.0
  0
LINE
  5
13C
  8
0
 10
107.286
 20
-19.2344
 30
0.0
 11
107.97
 21
-18.5913
 31
0.0
  0
LINE
  5
13D
  8
0
 10
107.97
 20
-18.5913
 30
0.0
 11
108.646
 21
-17.9398
 31
0.0
  0
LINE
  5
13E
  8
0
 10
108.646
 20
-17.9398
 30
0.0
 11
109.314
 21
-17.28
 31
0.0
  0
LINE
  5
13F
  8
0
 10
109.314
 20
-17.28
 30
0.0
 11
109.974
 21
-16.6122
 31
0.0
  0
LINE
  5
140
  8
0
 10
109.974
 20
-16.6122
 30
0.0
 11
110.625
 21
-15.9362
 31
0.0
  0
LINE
  5
141
  8
0
 10
110.625
 20
-15.9362
 30
0.0
 11
111.268
 21
-15.2523
 31
0.0
  0
LINE
  5
142
  8
0
 10
111.268
 20
-15.2523
 30
0.0
 11
111.903
 21
-14.5606
 31
0.0
  0
LINE
  5
143
  8
0
 10
111.903
 20
-14.5606
 30
0.0
 11
112.529
 21
-13.8612
 31
0.0
  0
LINE
  5
144
  8
0
 10
112.529
 20
-13.8612
 30
0.0
 11
113.147
 21
-13.1541
 31
0.0
  0
LINE
  5
145
  8
0
 10
113.147
 20
-13.1541
 30
0.0
 11
113.756
 21
-12.4395
 31
0.0
  0
LINE
  5
146
  8
0
 10
113.756
 20
-12.4395
 30
0.0
 11
114.356
 21
-11.7175
 31
0.0
  0
LINE
  5
147
  8
0
 10
114.356
 20
-11.7175
 30
0.0
 11
114.947
 21
-10.9881
 31
0.0
  0
LINE
  5
148
  8
0
 10
114.947
 20
-10.9881
 30
0.0
 11
115.529
 21
-10.2516
 31
0.0
  0
LINE
  5
149
  8
0
 10
115.529
 20
-10.2516
 30
0.0
 11
116.102
 21
-9.50798
 31
0.0
  0
LINE
  5
14A
  8
0
 10
116.102
 20
-9.50798
 30
0.0
 11
116.666
 21
-8.75737
 31
0.0
  0
LINE
  5
14B
  8
0
 10
116.666
 20
-8.75737
 30
0.0
 11
117.22
 21
-7.99992
 31
0.0
  0
LINE
  5
14C
  8
0
 10
117.22
 20
-7.99992
 30
0.0
 11
117.766
 21
-7.2357
 31
0.0
  0
LINE
  5
14D
  8
0
 10
117.766
 20
-7.2357
 30
0.0
 11
118.301
 21
-6.46486
 31
0.0
  0
LINE
  5
14E
  8
0
 10
118.301
 20
-6.46486
 30
0.0
 11
118.828
 21
-5.6875
 31
0.0
  0
LINE
  5
14F
  8
0
 10
118.828
 20
-5.6875
 30
0.0
 11
119.345
 21
-4.90375
 31
0.0
  0
LINE
  5
150
  8
0
 10
119.345
 20
-4.90375
 30
0.0
 11
119.852
 21
-4.11369
 31
0.0
  0
LINE
  5
151
  8
0
 10
119.852
 20
-4.11369
 30
0.0
 11
120.349
 21
-3.31749
 31
0.0
  0
LINE
  5
152
  8
0
 10
120.349
 20
-3.31749
 30
0.0
 11
120.837
 21
-2.51524
 31
0.0
  0
LINE
  5
153
  8
0
 10
120.837
 20
-2.51524
 30
0.0
 11
121.314
 21
-1.70706
 31
0.0
  0
LINE
  5
154
  8
0
 10
121.314
 20
-1.70706
 30
0.0
 11
121.782
 21
-0.893097
 31
0.0
  0
LINE
  5
155
  8
0
 10
121.782
 20
-0.893097
 30
0.0
 11
122.24
 21
-0.0734406
 31
0.0
  0
LINE
  5
156
  8
0
 10
122.24
 20
-0.0734406
 30
0.0
 11
122.687
 21
0.751755
 31
0.0
  0
LINE
  5
157
  8
0
 10
122.687
 20
0.751755
 30
0.0
 11
123.125
 21
1.5824
 31
0.0
  0
LINE
  5
158
  8
0
 10
123.125
 20
1.5824
 30
0.0
 11
123.552
 21
2.41833
 31
0.0
  0
LINE
  5
159
  8
0
 10
123.552
 20
2.41833
 30
0.0
 11
123.969
 21
3.25946
 31
0.0
  0
LINE
  5
15A
  8
0
 10
123.969
 20
3.25946
 30
0.0
 11
124.376
 21
4.10564
 31
0.0
  0
LINE
  5
15B
  8
0
 10
124.376
 20
4.10564
 30
0.0
 11
124.772
 21
4.95674
 31
0.0
  0
LINE
  5
15C
  8
0
 10
124.772
 20
4.95674
 30
0.0
 11
125.157
 21
5.81264
 31
0.0
  0
LINE
  5
15D
  8
0
 10
125.157
 20
5.81264
 30
0.0
 11
125.533
 21
6.67322
 31
0.0
  0
LINE
  5
15E
  8
0
 10
125.533
 20
6.67322
 30
0.0
 11
125.897
 21
7.53833
 31
0.0
  0
LINE
  5
15F
  8
0
 10
125.897
 20
7.53833
 30
0.0
 11
126.251
 21
8.40784
 31
0.0
  0
LINE
  5
160
  8
0
 10
126.251
 20
8.40784
 30
0.0
 11
126.594
 21
9.28163
 31
0.0
  0
LINE
  5
161
  8
0
 10
126.594
 20
9.28163
 30
0.0
 11
126.927
 21
10.1596
 31
0.0
  0
LINE
  5
162
  8
0
 10
126.927
 20
10.1596
 30
0.0
 11
127.249
 21
11.0415
 31
0.0
  0
LINE
  5
163
  8
0
 10
127.249
 20
11.0415
 30
0.0
 11
127.559
 21
11.9274
 31
0.0
  0
LINE
  5
164
  8
0
 10
127.559
 20
11.9274
 30
0.0
 11
127.859
 21
12.817
 31
0.0
  0
LINE
  5
165
  8
0
 10
127.859
 20
12.817
 30
0.0
 11
128.148
 21
13.7101
 31
0.0
  0
LINE
  5
166
  8
0
 10
128.148
 20
13.7101
 30
0.0
 11
128.426
 21
14.6068
 31
0.0
  0
LINE
  5
167
  8
0
 10
128.426
 20
14.6068
 30
0.0
 11
128.693
 21
15.5069
 31
0.0
  0
LINE
  5
168
  8
0
 10
128.693
 20
15.5069
 30
0.0
 11
128.949
 21
16.4101
 31
0.0
  0
LINE
  5
169
  8
0
 10
128.949
 20
16.4101
 30
0.0
 11
129.194
 21
17.3164
 31
0.0
  0
LINE
  5
16A
  8
0
 10
129.194
 20
17.3164
 30
0.0
 11
129.428
 21
18.2256
 31
0.0
  0
LINE
  5
16B
  8
0
 10
129.428
 20
18.2256
 30
0.0
 11
129.65
 21
19.1377
 31
0.0
  0
LINE
  5
16C
  8
0
 10
129.65
 20
19.1377
 30
0.0
 11
129.862
 21
20.0524
 31
0.0
  0
LINE
  5
16D
  8
0
 10
129.862
 20
20.0524
 30
0.0
 11
130.062
 21
20.9696
 31
0.0
  0
LINE
  5
16E
  8
0
 10
130.062
 20
20.9696
 30
0.0
 11
130.25
 21
21.8892
 31
0.0
  0
LINE
  5
16F
  8
0
 10
130.25
 20
21.8892
 30
0.0
 11
130.428
 21
22.8111
 31
0.0
  0
LINE
  5
170
  8
0
 10
130.428
 20
22.8111
 30
0.0
 11
130.594
 21
23.735
 31
0.0
  0
LINE
  5
171
  8
0
 10
130.594
 20
23.735
 30
0.0
 11
130.749
 21
24.661
 31
0.0
  0
LINE
  5
172
  8
0
 10
130.749
 20
24.661
 30
0.0
 11
130.892
 21
25.5887
 31
0.0
  0
LINE
  5
173
  8
0
 10
130.892
 20
25.5887
 30
0.0
 11
131.024
 21
26.5182
 31
0.0
  0
LINE
  5
174
  8
0
 10
131.024
 20
26.5182
 30
0.0
 11
131.145
 21
27.4492
 31
0.0
  0
LINE
  5
175
  8
0
 10
131.145
 20
27.4492
 30
0.0
 11
131.254
 21
28.3816
 31
0.0
  0
LINE
  5
176
  8
0
 10
131.254
 20
28.3816
 30
0.0
 11
131.352
 21
29.3153
 31
0.0
  0
LINE
  5
177
  8
0
 10
131.352
 20
29.3153
 30
0.0
 11
131.438
 21
30.2501
 31
0.0
  0
LINE
  5
178
  8
0
 10
131.438
 20
30.2501
 30
0.0
 11
131.513
 21
31.1859
 31
0.0
  0
LINE
  5
179
  8
0
 10
131.513
 20
31.1859
 30
0.0
 11
131.576
 21
32.1226
 31
0.0
  0
LINE
  5
17A
  8
0
 10
131.576
 20
32.1226
 30
0.0
 11
131.628
 21
33.0599
 31
0.0
  0
LINE
  5
17B
  8
0
 10
131.628
 20
33.0599
 30
0.0
 11
131.669
 21
33.9978
 31
0.0
  0
LINE
  5
17C
  8
0
 10
131.669
 20
33.9978
 30
0.0
 11
131.697
 21
34.9362
 31
0.0
  0
LINE
  5
17D
  8
0
 10
131.697
 20
34.9362
 30
0.0
 11
131.715
 21
35.8748
 31
0.0
  0
LINE
  5
17E
  8
0
 10
131.715
 20
35.8748
 30
0.0
 11
131.72
 21
36.8136
 31
0.0
  0
LINE
  5
17F
  8
0
 10
131.72
 20
36.8136
 30
0.0
 11
131.715
 21
37.7524
 31
0.0
  0
LINE
  5
180
  8
0
 10
131.715
 20
37.7524
 30
0.0
 11
131.697
 21
38.691
 31
0.0
  0
LINE
  5
181
  8
0
 10
131.697
 20
38.691
 30
0.0
 11
131.669
 21
39.6293
 31
0.0
  0
LINE
  5
182
  8
0
 10
131.669
 20
39.6293
 30
0.0
 11
131.628
 21
40.5673
 31
0.0
  0
LINE
  5
183
  8
0
 10
131.628
 20
40.5673
 30
0.0
 11
131.576
 21
41.5046
 31
0.0
  0
LINE
  5
184
  8
0
 10
131.576
 20
41.5046
 30
0.0
 11
131.513
 21
42.4413
 31
0.0
  0
LINE
  5
185
  8
0
 10
131.513
 20
42.4413
 30
0.0
 11
131.438
 21
43.3771
 31
0.0
  0
LINE
  5
186
  8
0
 10
131.438
 20
43.3771
 30
0.0
 11
131.352
 21
44.3119
 31
0.0
  0
LINE
  5
187
  8
0
 10
131.352
 20
44.3119
 30
0.0
 11
131.254
 21
45.2456
 31
0.0
  0
LINE
  5
188
  8
0
 10
131.254
 20
45.2456
 30
0.0
 11
131.145
 21
46.178
 31
0.0
  0
LINE
  5
189
  8
0
 10
131.145
 20
46.178
 30
0.0
 11
131.024
 21
47.109
 31
0.0
  0
LINE
  5
18A
  8
0
 10
131.024
 20
47.109
 30
0.0
 11
130.892
 21
48.0385
 31
0.0
  0
LINE
  5
18B
  8
0
 10
130.892
 20
48.0385
 30
0.0
 11
130.749
 21
48.9662
 31
0.0
  0
LINE
  5
18C
  8
0
 10
130.749
 20
48.9662
 30
0.0
 11
130.594
 21
49.8922
 31
0.0
  0
LINE
  5
18D
  8
0
 10
130.594
 20
49.8922
 30
0.0
 11
130.428
 21
50.8161
 31
0.0
  0
LINE
  5
18E
  8
0
 10
130.428
 20
50.8161
 30
0.0
 11
130.25
 21
51.738
 31
0.0
  0
LINE
  5
18F
  8
0
 10
130.25
 20
51.738
 30
0.0
 11
130.062
 21
52.6576
 31
0.0
  0
LINE
  5
190
  8
0
 10
130.062
 20
52.6576
 30
0.0
 11
129.862
 21
53.5748
 31
0.0
  0
LINE
  5
191
  8
0
 10
129.862
 20
53.5748
 30
0.0
 11
129.65
 21
54.4895
 31
0.0
  0
LINE
  5
192
  8
0
 10
129.65
 20
54.4895
 30
0.0
 11
129.428
 21
55.4016
 31
0.0
  0
LINE
  5
193
  8
0
 10
129.428
 20
55.4016
 30
0.0
 11
129.194
 21
56.3108
 31
0.0
  0
LINE
  5
194
  8
0
 10
129.194
 20
56.3108
 30
0.0
 11
128.949
 21
57.2171
 31
0.0
  0
LINE
  5
195
  8
0
 10
128.949
 20
57.2171
 30
0.0
 11
128.693
 21
58.1203
 31
0.0
  0
LINE
  5
196
  8
0
 10
128.693
 20
58.1203
 30
0.0
 11
128.426
 21
59.0204
 31
0.0
  0
LINE
  5
197
  8
0
 10
128.426
 20
59.0204
 30
0.0
 11
128.148
 21
59.9171
 31
0.0
  0
LINE
  5
198
  8
0
 10
128.148
 20
59.9171
 30
0.0
 11
127.859
 21
60.8102
 31
0.0
  0
LINE
  5
199
  8
0
 10
127.859
 20
60.8102
 30
0.0
 11
127.559
 21
61.6998
 31
0.0
  0
LINE
  5
19A
  8
0
 10
127.559
 20
61.6998
 30
0.0
 11
127.249
 21
62.5857
 31
0.0
  0
LINE
  5
19B
  8
0
 10
127.249
 20
62.5857
 30
0.0
 11
126.927
 21
63.4676
 31
0.0
  0
LINE
  5
19C
  8
0
 10
126.927
 20
63.4676
 30
0.0
 11
126.594
 21
64.3456
 31
0.0
  0
LINE
  5
19D
  8
0
 10
126.594
 20
64.3456
 30
0.0
 11
126.251
 21
65.2194
 31
0.0
  0
LINE
  5
19E
  8
0
 10
126.251
 20
65.2194
 30
0.0
 11
125.897
 21
66.0889
 31
0.0
  0
LINE
  5
19F
  8
0
 10
125.897
 20
66.0889
 30
0.0
 11
125.533
 21
66.954
 31
0.0
  0
LINE
  5
1A0
  8
0
 10
125.533
 20
66.954
 30
0.0
 11
125.157
 21
67.8146
 31
0.0
  0
LINE
  5
1A1
  8
0
 10
125.157
 20
67.8146
 30
0.0
 11
124.772
 21
68.6705
 31
0.0
  0
LINE
  5
1A2
  8
0
 10
124.772
 20
68.6705
 30
0.0
 11
124.376
 21
69.5216
 31
0.0
  0
LINE
  5
1A3
  8
0
 10
124.376
 20
69.5216
 30
0.0
 11
123.969
 21
70.3677
 31
0.0
  0
LINE
  5
1A4
  8
0
 10
123.969
 20
70.3677
 30
0.0
 11
123.552
 21
71.2089
 31
0.0
  0
LINE
  5
1A5
  8
0
 10
123.552
 20
71.2089
 30
0.0
 11
123.125
 21
72.0448
 31
0.0
  0
LINE
  5
1A6
  8
0
 10
123.125
 20
72.0448
 30
0.0
 11
122.687
 21
72.8754
 31
0.0
  0
LINE
  5
1A7
  8
0
 10
122.687
 20
72.8754
 30
0.0
 11
122.24
 21
73.7007
 31
0.0
  0
LINE
  5
1A8
  8
0
 10
122.24
 20
73.7007
 30
0.0
 11
121.782
 21
74.5203
 31
0.0
  0
LINE
  5
1A9
  8
0
 10
121.782
 20
74.5203
 30
0.0
 11
121.314
 21
75.3343
 31
0.0
  0
LINE
  5
1AA
  8
0
 10
121.314
 20
75.3343
 30
0.0
 11
120.837
 21
76.1425
 31
0.0
  0
LINE
  5
1AB
  8
0
 10
120.837
 20
76.1425
 30
0.0
 11
120.349
 21
76.9447
 31
0.0
  0
LINE
  5
1AC
  8
0
 10
120.349
 20
76.9447
 30
0.0
 11
119.852
 21
77.7409
 31
0.0
  0
LINE
  5
1AD
  8
0
 10
119.852
 20
77.7409
 30
0.0
 11
119.345
 21
78.531
 31
0.0
  0
LINE
  5
1AE
  8
0
 10
119.345
 20
78.531
 30
0.0
 11
118.828
 21
79.3147
 31
0.0
  0
LINE
  5
1AF
  8
0
 10
118.828
 20
79.3147
 30
0.0
 11
118.301
 21
80.0921
 31
0.0
  0
LINE
  5
1B0
  8
0
 10
118.301
 20
80.0921
 30
0.0
 11
117.766
 21
80.8629
 31
0.0
  0
LINE
  5
1B1
  8
0
 10
117.766
 20
80.8629
 30
0.0
 11
117.22
 21
81.6271
 31
0.0
  0
LINE
  5
1B2
  8
0
 10
117.22
 20
81.6271
 30
0.0
 11
116.666
 21
82.3846
 31
0.0
  0
LINE
  5
1B3
  8
0
 10
116.666
 20
82.3846
 30
0.0
 11
116.102
 21
83.1352
 31
0.0
  0
LINE
  5
1B4
  8
0
 10
116.102
 20
83.1352
 30
0.0
 11
115.529
 21
83.8788
 31
0.0
  0
LINE
  5
1B5
  8
0
 10
115.529
 20
83.8788
 30
0.0
 11
114.947
 21
84.6153
 31
0.0
  0
LINE
  5
1B6
  8
0
 10
114.947
 20
84.6153
 30
0.0
 11
114.356
 21
85.3447
 31
0.0
  0
LINE
  5
1B7
  8
0
 10
114.356
 20
85.3447
 30
0.0
 11
113.756
 21
86.0667
 31
0.0
  0
LINE
  5
1B8
  8
0
 10
113.756
 20
86.0667
 30
0.0
 11
113.147
 21
86.7813
 31
0.0
  0
LINE
  5
1B9
  8
0
 10
113.147
 20
86.7813
 30
0.0
 11
112.529
 21
87.4884
 31
0.0
  0
LINE
  5
1BA
  8
0
 10
112.529
 20
87.4884
 30
0.0
 11
111.903
 21
88.1879
 31
0.0
  0
LINE
  5
1BB
  8
0
 10
111.903
 20
88.1879
 30
0.0
 11
111.268
 21
88.8796
 31
0.0
  0
LINE
  5
1BC
  8
0
 10
111.268
 20
88.8796
 30
0.0
 11
110.625
 21
89.5634
 31
0.0
  0
LINE
  5
1BD
  8
0
 10
110.625
 20
89.5634
 30
0.0
 11
109.974
 21
90.2394
 31
0.0
  0
LINE
  5
1BE
  8
0
 10
109.974
 20
90.2394
 30
0.0
 11
109.314
 21
90.9073
 31
0.0
  0
LINE
  5
1BF
  8
0
 10
109.314
 20
90.9073
 30
0.0
 11
108.646
 21
91.567
 31
0.0
  0
LINE
  5
1C0
  8
0
 10
108.646
 20
91.567
 30
0.0
 11
107.97
 21
92.2185
 31
0.0
  0
LINE
  5
1C1
  8
0
 10
107.97
 20
92.2185
 30
0.0
 11
107.286
 21
92.8616
 31
0.0
  0
LINE
  5
1C2
  8
0
 10
107.286
 20
92.8616
 30
0.0
 11
106.595
 21
93.4964
 31
0.0
  0
LINE
  5
1C3
  8
0
 10
106.595
 20
93.4964
 30
0.0
 11
105.895
 21
94.1225
 31
0.0
  0
LINE
  5
1C4
  8
0
 10
105.895
 20
94.1225
 30
0.0
 11
105.188
 21
94.7401
 31
0.0
  0
LINE
  5
1C5
  8
0
 10
105.188
 20
94.7401
 30
0.0
 11
104.474
 21
95.3489
 31
0.0
  0
LINE
  5
1C6
  8
0
 10
104.474
 20
95.3489
 30
0.0
 11
103.751
 21
95.9489
 31
0.0
  0
LINE
  5
1C7
  8
0
 10
103.751
 20
95.9489
 30
0.0
 11
103.022
 21
96.54
 31
0.0
  0
LINE
  5
1C8
  8
0
 10
103.022
 20
96.54
 30
0.0
 11
102.286
 21
97.1221
 31
0.0
  0
LINE
  5
1C9
  8
0
 10
102.286
 20
97.1221
 30
0.0
 11
101.542
 21
97.6951
 31
0.0
  0
LINE
  5
1CA
  8
0
 10
101.542
 20
97.6951
 30
0.0
 11
100.791
 21
98.259
 31
0.0
  0
LINE
  5
1CB
  8
0
 10
100.791
 20
98.259
 30
0.0
 11
100.034
 21
98.8136
 31
0.0
  0
LINE
  5
1CC
  8
0
 10
100.034
 20
98.8136
 30
0.0
 11
99.2697
 21
99.3588
 31
0.0
  0
LINE
  5
1CD
  8
0
 10
99.2697
 20
99.3588
 30
0.0
 11
98.4989
 21
99.8947
 31
0.0
  0
LINE
  5
1CE
  8
0
 10
98.4989
 20
99.8947
 30
0.0
 11
97.7215
 21
100.421
 31
0.0
  0
LINE
  5
1CF
  8
0
 10
97.7215
 20
100.421
 30
0.0
 11
96.9378
 21
100.938
 31
0.0
  0
LINE
  5
1D0
  8
0
 10
96.9378
 20
100.938
 30
0.0
 11
96.1477
 21
101.445
 31
0.0
  0
LINE
  5
1D1
  8
0
 10
96.1477
 20
101.445
 30
0.0
 11
95.3515
 21
101.942
 31
0.0
  0
LINE
  5
1D2
  8
0
 10
95.3515
 20
101.942
 30
0.0
 11
94.5493
 21
102.43
 31
0.0
  0
LINE
  5
1D3
  8
0
 10
94.5493
 20
102.43
 30
0.0
 11
93.7411
 21
102.908
 31
0.0
  0
LINE
  5
1D4
  8
0
 10
93.7411
 20
102.908
 30
0.0
 11
92.9271
 21
103.375
 31
0.0
  0
LINE
  5
1D5
  8
0
 10
92.9271
 20
103.375
 30
0.0
 11
92.1075
 21
103.833
 31
0.0
  0
LINE
  5
1D6
  8
0
 10
92.1075
 20
103.833
 30
0.0
 11
91.2822
 21
104.281
 31
0.0
  0
LINE
  5
1D7
  8
0
 10
91.2822
 20
104.281
 30
0.0
 11
90.4516
 21
104.718
 31
0.0
  0
LINE
  5
1D8
  8
0
 10
90.4516
 20
104.718
 30
0.0
 11
89.6157
 21
105.145
 31
0.0
  0
LINE
  5
1D9
  8
0
 10
89.6157
 20
105.145
 30
0.0
 11
88.7745
 21
105.562
 31
0.0
  0
LINE
  5
1DA
  8
0
 10
88.7745
 20
105.562
 30
0.0
 11
87.9284
 21
105.969
 31
0.0
  0
LINE
  5
1DB
  8
0
 10
87.9284
 20
105.969
 30
0.0
 11
87.0773
 21
106.365
 31
0.0
  0
LINE
  5
1DC
  8
0
 10
87.0773
 20
106.365
 30
0.0
 11
86.2214
 21
106.751
 31
0.0
  0
LINE
  5
1DD
  8
0
 10
86.2214
 20
106.751
 30
0.0
 11
85.3608
 21
107.126
 31
0.0
  0
LINE
  5
1DE
  8
0
 10
85.3608
 20
107.126
 30
0.0
 11
84.4957
 21
107.49
 31
0.0
  0
LINE
  5
1DF
  8
0
 10
84.4957
 20
107.49
 30
0.0
 11
83.6262
 21
107.844
 31
0.0
  0
LINE
  5
1E0
  8
0
 10
83.6262
 20
107.844
 30
0.0
 11
82.7524
 21
108.188
 31
0.0
  0
LINE
  5
1E1
  8
0
 10
82.7524
 20
108.188
 30
0.0
 11
81.8744
 21
108.52
 31
0.0
  0
LINE
  5
1E2
  8
0
 10
81.8744
 20
108.52
 30
0.0
 11
80.9925
 21
108.842
 31
0.0
  0
LINE
  5
1E3
  8
0
 10
80.9925
 20
108.842
 30
0.0
 11
80.1066
 21
109.153
 31
0.0
  0
LINE
  5
1E4
  8
0
 10
80.1066
 20
109.153
 30
0.0
 11
79.217
 21
109.452
 31
0.0
  0
LINE
  5
1E5
  8
0
 10
79.217
 20
109.452
 30
0.0
 11
78.3239
 21
109.742
 31
0.0
  0
LINE
  5
1E6
  8
0
 10
78.3239
 20
109.742
 30
0.0
 11
77.4272
 21
110.02
 31
0.0
  0
LINE
  5
1E7
  8
0
 10
77.4272
 20
110.02
 30
0.0
 11
76.5271
 21
110.287
 31
0.0
  0
LINE
  5
1E8
  8
0
 10
76.5271
 20
110.287
 30
0.0
 11
75.6239
 21
110.542
 31
0.0
  0
LINE
  5
1E9
  8
0
 10
75.6239
 20
110.542
 30
0.0
 11
74.7176
 21
110.787
 31
0.0
  0
LINE
  5
1EA
  8
0
 10
74.7176
 20
110.787
 30
0.0
 11
73.8084
 21
111.021
 31
0.0
  0
LINE
  5
1EB
  8
0
 10
73.8084
 20
111.021
 30
0.0
 11
72.8963
 21
111.243
 31
0.0
  0
LINE
  5
1EC
  8
0
 10
72.8963
 20
111.243
 30
0.0
 11
71.9816
 21
111.455
 31
0.0
  0
LINE
  5
1ED
  8
0
 10
71.9816
 20
111.455
 30
0.0
 11
71.0644
 21
111.655
 31
0.0
  0
LINE
  5
1EE
  8
0
 10
71.0644
 20
111.655
 30
0.0
 11
70.1448
 21
111.844
 31
0.0
  0
LINE
  5
1EF
  8
0
 10
70.1448
 20
111.844
 30
0.0
 11
69.2229
 21
112.021
 31
0.0
  0
LINE
  5
1F0
  8
0
 10
69.2229
 20
112.021
 30
0.0
 11
68.299
 21
112.187
 31
0.0
  0
LINE
  5
1F1
  8
0
 10
68.299
 20
112.187
 30
0.0
 11
67.373
 21
112.342
 31
0.0
  0
LINE
  5
1F2
  8
0
 10
67.373
 20
112.342
 30
0.0
 11
66.4453
 21
112.486
 31
0.0
  0
LINE
  5
1F3
  8
0
 10
66.4453
 20
112.486
 30
0.0
 11
65.5158
 21
112.618
 31
0.0
  0
LINE
  5
1F4
  8
0
 10
65.5158
 20
112.618
 30
0.0
 11
64.5848
 21
112.738
 31
0.0
  0
LINE
  5
1F5
  8
0
 10
64.5848
 20
112.738
 30
0.0
 11
63.6524
 21
112.847
 31
0.0
  0
LINE
  5
1F6
  8
0
 10
63.6524
 20
112.847
 30
0.0
 11
62.7187
 21
112.945
 31
0.0
  0
LINE
  5
1F7
  8
0
 10
62.7187
 20
112.945
 30
0.0
 11
61.7839
 21
113.032
 31
0.0
  0
LINE
  5
1F8
  8
0
 10
61.7839
 20
113.032
 30
0.0
 11
60.8481
 21
113.106
 31
0.0
  0
LINE
  5
1F9
  8
0
 10
60.8481
 20
113.106
 30
0.0
 11
59.9114
 21
113.17
 31
0.0
  0
LINE
  5
1FA
  8
0
 10
59.9114
 20
113.17
 30
0.0
 11
58.9741
 21
113.221
 31
0.0
  0
LINE
  5
1FB
  8
0
 10
58.9741
 20
113.221
 30
0.0
 11
58.0361
 21
113.262
 31
0.0
  0
LINE
  5
1FC
  8
0
 10
58.0361
 20
113.262
 30
0.0
 11
57.0978
 21
113.291
 31
0.0
  0
LINE
  5
1FD
  8
0
 10
57.0978
 20
113.291
 30
0.0
 11
56.1592
 21
113.308
 31
0.0
  0
LINE
  5
1FE
  8
0
 10
56.1592
 20
113.308
 30
0.0
 11
55.2204
 21
113.314
 31
0.0
  0
LINE
  5
1FF
  8
0
 10
55.2204
 20
113.314
 30
0.0
 11
54.2816
 21
113.308
 31
0.0
  0
LINE
  5
200
  8
0
 10
54.2816
 20
113.308
 30
0.0
 11
53.343
 21
113.291
 31
0.0
  0
LINE
  5
201
  8
0
 10
53.343
 20
113.291
 30
0.0
 11
52.4046
 21
113.262
 31
0.0
  0
LINE
  5
202
  8
0
 10
52.4046
 20
113.262
 30
0.0
 11
51.4667
 21
113.221
 31
0.0
  0
LINE
  5
203
  8
0
 10
51.4667
 20
113.221
 30
0.0
 11
50.5294
 21
113.17
 31
0.0
  0
LINE
  5
204
  8
0
 10
50.5294
 20
113.17
 30
0.0
 11
49.5927
 21
113.106
 31
0.0
  0
LINE
  5
205
  8
0
 10
49.5927
 20
113.106
 30
0.0
 11
48.6569
 21
113.032
 31
0.0
  0
LINE
  5
206
  8
0
 10
48.6569
 20
113.032
 30
0.0
 11
47.7221
 21
112.945
 31
0.0
  0
LINE
  5
207
  8
0
 10
47.7221
 20
112.945
 30
0.0
 11
46.7884
 21
112.847
 31
0.0
  0
LINE
  5
208
  8
0
 10
46.7884
 20
112.847
 30
0.0
 11
45.856
 21
112.738
 31
0.0
  0
LINE
  5
209
  8
0
 10
45.856
 20
112.738
 30
0.0
 11
44.925
 21
112.618
 31
0.0
  0
LINE
  5
20A
  8
0
 10
44.925
 20
112.618
 30
0.0
 11
43.9955
 21
112.486
 31
0.0
  0
LINE
  5
20B
  8
0
 10
43.9955
 20
112.486
 30
0.0
 11
43.0678
 21
112.342
 31
0.0
  0
LINE
  5
20C
  8
0
 10
43.0678
 20
112.342
 30
0.0
 11
42.1418
 21
112.187
 31
0.0
  0
LINE
  5
20D
  8
0
 10
42.1418
 20
112.187
 30
0.0
 11
41.2178
 21
112.021
 31
0.0
  0
LINE
  5
20E
  8
0
 10
41.2178
 20
112.021
 30
0.0
 11
40.296
 21
111.844
 31
0.0
  0
LINE
  5
20F
  8
0
 10
40.296
 20
111.844
 30
0.0
 11
39.3764
 21
111.655
 31
0.0
  0
LINE
  5
210
  8
0
 10
39.3764
 20
111.655
 30
0.0
 11
38.4592
 21
111.455
 31
0.0
  0
LINE
  5
211
  8
0
 10
38.4592
 20
111.455
 30
0.0
 11
37.5445
 21
111.243
 31
0.0
  0
LINE
  5
212
  8
0
 10
37.5445
 20
111.243
 30
0.0
 11
36.6324
 21
111.021
 31
0.0
  0
LINE
  5
213
  8
0
 10
36.6324
 20
111.021
 30
0.0
 11
35.7232
 21
110.787
 31
0.0
  0
LINE
  5
214
  8
0
 10
35.7232
 20
110.787
 30
0.0
 11
34.8169
 21
110.542
 31
0.0
  0
LINE
  5
215
  8
0
 10
34.8169
 20
110.542
 30
0.0
 11
33.9137
 21
110.287
 31
0.0
  0
LINE
  5
216
  8
0
 10
33.9137
 20
110.287
 30
0.0
 11
33.0136
 21
110.02
 31
0.0
  0
LINE
  5
217
  8
0
 10
33.0136
 20
110.02
 30
0.0
 11
32.1169
 21
109.742
 31
0.0
  0
LINE
  5
218
  8
0
 10
32.1169
 20
109.742
 30
0.0
 11
31.2238
 21
109.452
 31
0.0
  0
LINE
  5
219
  8
0
 10
31.2238
 20
109.452
 30
0.0
 11
30.3342
 21
109.153
 31
0.0
  0
LINE
  5
21A
  8
0
 10
30.3342
 20
109.153
 30
0.0
 11
29.4483
 21
108.842
 31
0.0
  0
LINE
  5
21B
  8
0
 10
29.4483
 20
108.842
 30
0.0
 11
28.5664
 21
108.52
 31
0.0
  0
LINE
  5
21C
  8
0
 10
28.5664
 20
108.52
 30
0.0
 11
27.6884
 21
108.188
 31
0.0
  0
LINE
  5
21D
  8
0
 10
27.6884
 20
108.188
 30
0.0
 11
26.8146
 21
107.844
 31
0.0
  0
LINE
  5
21E
  8
0
 10
26.8146
 20
107.844
 30
0.0
 11
25.9451
 21
107.49
 31
0.0
  0
LINE
  5
21F
  8
0
 10
25.9451
 20
107.49
 30
0.0
 11
25.08
 21
107.126
 31
0.0
  0
LINE
  5
220
  8
0
 10
25.08
 20
107.126
 30
0.0
 11
24.2194
 21
106.751
 31
0.0
  0
LINE
  5
221
  8
0
 10
24.2194
 20
106.751
 30
0.0
 11
23.3635
 21
106.365
 31
0.0
  0
LINE
  5
222
  8
0
 10
23.3635
 20
106.365
 30
0.0
 11
22.5124
 21
105.969
 31
0.0
  0
LINE
  5
223
  8
0
 10
22.5124
 20
105.969
 30
0.0
 11
21.6663
 21
105.562
 31
0.0
  0
LINE
  5
224
  8
0
 10
21.6663
 20
105.562
 30
0.0
 11
20.8251
 21
105.145
 31
0.0
  0
LINE
  5
225
  8
0
 10
20.8251
 20
105.145
 30
0.0
 11
19.9892
 21
104.718
 31
0.0
  0
LINE
  5
226
  8
0
 10
19.9892
 20
104.718
 30
0.0
 11
19.1586
 21
104.281
 31
0.0
  0
LINE
  5
227
  8
0
 10
19.1586
 20
104.281
 30
0.0
 11
18.3333
 21
103.833
 31
0.0
  0
LINE
  5
228
  8
0
 10
18.3333
 20
103.833
 30
0.0
 11
17.5137
 21
103.375
 31
0.0
  0
LINE
  5
229
  8
0
 10
17.5137
 20
103.375
 30
0.0
 11
16.6997
 21
102.908
 31
0.0
  0
LINE
  5
22A
  8
0
 10
16.6997
 20
102.908
 30
0.0
 11
15.8915
 21
102.43
 31
0.0
  0
LINE
  5
22B
  8
0
 10
15.8915
 20
102.43
 30
0.0
 11
15.0893
 21
101.942
 31
0.0
  0
LINE
  5
22C
  8
0
 10
15.0893
 20
101.942
 30
0.0
 11
14.2931
 21
101.445
 31
0.0
  0
LINE
  5
22D
  8
0
 10
14.2931
 20
101.445
 30
0.0
 11
13.503
 21
100.938
 31
0.0
  0
LINE
  5
22E
  8
0
 10
13.503
 20
100.938
 30
0.0
 11
12.7193
 21
100.421
 31
0.0
  0
LINE
  5
22F
  8
0
 10
12.7193
 20
100.421
 30
0.0
 11
11.9419
 21
99.8947
 31
0.0
  0
LINE
  5
230
  8
0
 10
11.9419
 20
99.8947
 30
0.0
 11
11.1711
 21
99.3588
 31
0.0
  0
LINE
  5
231
  8
0
 10
11.1711
 20
99.3588
 30
0.0
 11
10.4069
 21
98.8136
 31
0.0
  0
LINE
  5
232
  8
0
 10
10.4069
 20
98.8136
 30
0.0
 11
9.64941
 21
98.259
 31
0.0
  0
LINE
  5
233
  8
0
 10
9.64941
 20
98.259
 30
0.0
 11
8.8988
 21
97.6951
 31
0.0
  0
LINE
  5
234
  8
0
 10
8.8988
 20
97.6951
 30
0.0
 11
8.15518
 21
97.1221
 31
0.0
  0
LINE
  5
235
  8
0
 10
8.15518
 20
97.1221
 30
0.0
 11
7.41866
 21
96.54
 31
0.0
  0
LINE
  5
236
  8
0
 10
7.41866
 20
96.54
 30
0.0
 11
6.68932
 21
95.9489
 31
0.0
  0
LINE
  5
237
  8
0
 10
6.68932
 20
95.9489
 30
0.0
 11
5.96729
 21
95.3489
 31
0.0
  0
LINE
  5
238
  8
0
 10
5.96729
 20
95.3489
 30
0.0
 11
5.25269
 21
94.7401
 31
0.0
  0
LINE
  5
239
  8
0
 10
5.25269
 20
94.7401
 30
0.0
 11
4.54559
 21
94.1225
 31
0.0
  0
LINE
  5
23A
  8
0
 10
4.54559
 20
94.1225
 30
0.0
 11
3.84615
 21
93.4964
 31
0.0
  0
LINE
  5
23B
  8
0
 10
3.84615
 20
93.4964
 30
0.0
 11
3.15443
 21
92.8616
 31
0.0
  0
LINE
  5
23C
  8
0
 10
3.15443
 20
92.8616
 30
0.0
 11
2.47055
 21
92.2185
 31
0.0
  0
LINE
  5
23D
  8
0
 10
2.47055
 20
92.2185
 30
0.0
 11
1.79462
 21
91.567
 31
0.0
  0
LINE
  5
23E
  8
0
 10
1.79462
 20
91.567
 30
0.0
 11
1.12674
 21
90.9073
 31
0.0
  0
LINE
  5
23F
  8
0
 10
1.12674
 20
90.9073
 30
0.0
 11
0.466995
 21
90.2394
 31
0.0
  0
LINE
  5
240
  8
0
 10
0.466995
 20
90.2394
 30
0.0
 11
-0.184479
 21
89.5634
 31
0.0
  0
LINE
  5
241
  8
0
 10
-0.184479
 20
89.5634
 30
0.0
 11
-0.827637
 21
88.8796
 31
0.0
  0
LINE
  5
242
  8
0
 10
-0.827637
 20
88.8796
 30
0.0
 11
-1.46234
 21
88.1879
 31
0.0
  0
LINE
  5
243
  8
0
 10
-1.46234
 20
88.1879
 30
0.0
 11
-2.08852
 21
87.4884
 31
0.0
  0
LINE
  5
244
  8
0
 10
-2.08852
 20
87.4884
 30
0.0
 11
-2.70605
 21
86.7813
 31
0.0
  0
LINE
  5
245
  8
0
 10
-2.70605
 20
86.7813
 30
0.0
 11
-3.31488
 21
86.0667
 31
0.0
  0
LINE
  5
246
  8
0
 10
-3.31488
 20
86.0667
 30
0.0
 11
-3.91489
 21
85.3447
 31
0.0
  0
LINE
  5
247
  8
0
 10
-3.91489
 20
85.3447
 30
0.0
 11
-4.50598
 21
84.6153
 31
0.0
  0
LINE
  5
248
  8
0
 10
-4.50598
 20
84.6153
 30
0.0
 11
-5.08809
 21
83.8788
 31
0.0
  0
LINE
  5
249
  8
0
 10
-5.08809
 20
83.8788
 30
0.0
 11
-5.6611
 21
83.1352
 31
0.0
  0
LINE
  5
24A
  8
0
 10
-5.6611
 20
83.1352
 30
0.0
 11
-6.22496
 21
82.3846
 31
0.0
  0
LINE
  5
24B
  8
0
 10
-6.22496
 20
82.3846
 30
0.0
 11
-6.77956
 21
81.6271
 31
0.0
  0
LINE
  5
24C
  8
0
 10
-6.77956
 20
81.6271
 30
0.0
 11
-7.32481
 21
80.8629
 31
0.0
  0
LINE
  5
24D
  8
0
 10
-7.32481
 20
80.8629
 30
0.0
 11
-7.86066
 21
80.0921
 31
0.0
  0
LINE
  5
24E
  8
0
 10
-7.86066
 20
80.0921
 30
0.0
 11
-8.38701
 21
79.3147
 31
0.0
  0
LINE
  5
24F
  8
0
 10
-8.38701
 20
79.3147
 30
0.0
 11
-8.90378
 21
78.531
 31
0.0
  0
LINE
  5
250
  8
0
 10
-8.90378
 20
78.531
 30
0.0
 11
-9.41087
 21
77.7409
 31
0.0
  0
LINE
  5
251
  8
0
 10
-9.41087
 20
77.7409
 30
0.0
 11
-9.90825
 21
76.9447
 31
0.0
  0
LINE
  5
252
  8
0
 10
-9.90825
 20
76.9447
 30
0.0
 11
-10.3958
 21
76.1425
 31
0.0
  0
LINE
  5
253
  8
0
 10
-10.3958
 20
76.1425
 30
0.0
 11
-10.8735
 21
75.3343
 31
0.0
  0
LINE
  5
254
  8
0
 10
-10.8735
 20
75.3343
 30
0.0
 11
-11.3412
 21
74.5203
 31
0.0
  0
LINE
  5
255
  8
0
 10
-11.3412
 20
74.5203
 30
0.0
 11
-11.799
 21
73.7007
 31
0.0
  0
LINE
  5
256
  8
0
 10
-11.799
 20
73.7007
 30
0.0
 11
-12.2466
 21
72.8754
 31
0.0
  0
LINE
  5
257
  8
0
 10
-12.2466
 20
72.8754
 30
0.0
 11
-12.684
 21
72.0448
 31
0.0
  0
LINE
  5
258
  8
0
 10
-12.684
 20
72.0448
 30
0.0
 11
-13.1112
 21
71.2089
 31
0.0
  0
LINE
  5
259
  8
0
 10
-13.1112
 20
71.2089
 30
0.0
 11
-13.5282
 21
70.3677
 31
0.0
  0
LINE
  5
25A
  8
0
 10
-13.5282
 20
70.3677
 30
0.0
 11
-13.9348
 21
69.5216
 31
0.0
  0
LINE
  5
25B
  8
0
 10
-13.9348
 20
69.5216
 30
0.0
 11
-14.3309
 21
68.6705
 31
0.0
  0
LINE
  5
25C
  8
0
 10
-14.3309
 20
68.6705
 30
0.0
 11
-14.7166
 21
67.8146
 31
0.0
  0
LINE
  5
25D
  8
0
 10
-14.7166
 20
67.8146
 30
0.0
 11
-15.0918
 21
66.954
 31
0.0
  0
LINE
  5
25E
  8
0
 10
-15.0918
 20
66.954
 30
0.0
 11
-15.4564
 21
66.0889
 31
0.0
  0
LINE
  5
25F
  8
0
 10
-15.4564
 20
66.0889
 30
0.0
 11
-15.6717
 21
65.5599
 31
0.0
  0
LINE
  5
260
  8
0
 10
-15.6717
 20
65.5599
 30
0.0
 11
-15.6717
 21
8.06726
 31
0.0
  0
LINE
  5
261
  8
0
 10
-15.6717
 20
8.06726
 30
0.0
 11
-15.4564
 21
7.53833
 31
0.0
  0
LINE
  5
262
  8
0
 10
-15.4564
 20
7.53833
 30
0.0
 11
-15.0918
 21
6.67322
 31
0.0
  0
LINE
  5
263
  8
0
 10
-15.0918
 20
6.67322
 30
0.0
 11
-14.7166
 21
5.81264
 31
0.0
  0
LINE
  5
264
  8
0
 10
-14.7166
 20
5.81264
 30
0.0
 11
-14.3309
 21
4.95674
 31
0.0
  0
LINE
  5
265
  8
0
 10
-14.3309
 20
4.95674
 30
0.0
 11
-13.9348
 21
4.10564
 31
0.0
  0
LINE
  5
266
  8
0
 10
-13.9348
 20
4.10564
 30
0.0
 11
-13.5282
 21
3.25946
 31
0.0
  0
LINE
  5
267
  8
0
 10
-13.5282
 20
3.25946
 30
0.0
 11
-13.1112
 21
2.41833
 31
0.0
  0
LINE
  5
268
  8
0
 10
-13.1112
 20
2.41833
 30
0.0
 11
-12.684
 21
1.5824
 31
0.0
  0
LINE
  5
269
  8
0
 10
-12.684
 20
1.5824
 30
0.0
 11
-12.2466
 21
0.751755
 31
0.0
  0
LINE
  5
26A
  8
0
 10
-12.2466
 20
0.751755
 30
0.0
 11
-11.799
 21
-0.0734406
 31
0.0
  0
LINE
  5
26B
  8
0
 10
-11.799
 20
-0.0734406
 30
0.0
 11
-11.3412
 21
-0.893097
 31
0.0
  0
LINE
  5
26C
  8
0
 10
-11.3412
 20
-0.893097
 30
0.0
 11
-10.8735
 21
-1.70706
 31
0.0
  0
LINE
  5
26D
  8
0
 10
-10.8735
 20
-1.70706
 30
0.0
 11
-10.3958
 21
-2.51524
 31
0.0
  0
LINE
  5
26E
  8
0
 10
-10.3958
 20
-2.51524
 30
0.0
 11
-9.90825
 21
-3.31749
 31
0.0
  0
LINE
  5
26F
  8
0
 10
-9.90825
 20
-3.31749
 30
0.0
 11
-9.41087
 21
-4.11369
 31
0.0
  0
LINE
  5
270
  8
0
 10
-9.41087
 20
-4.11369
 30
0.0
 11
-8.90378
 21
-4.90375
 31
0.0
  0
LINE
  5
271
  8
0
 10
-8.90378
 20
-4.90375
 30
0.0
 11
-8.38701
 21
-5.6875
 31
0.0
  0
LINE
  5
272
  8
0
 10
-8.38701
 20
-5.6875
 30
0.0
 11
-7.86066
 21
-6.46486
 31
0.0
  0
LINE
  5
273
  8
0
 10
-7.86066
 20
-6.46486
 30
0.0
 11
-7.32481
 21
-7.2357
 31
0.0
  0
LINE
  5
274
  8
0
 10
-7.32481
 20
-7.2357
 30
0.0
 11
-6.77956
 21
-7.99992
 31
0.0
  0
LINE
  5
275
  8
0
 10
-6.77956
 20
-7.99992
 30
0.0
 11
-6.22496
 21
-8.75737
 31
0.0
  0
LINE
  5
276
  8
0
 10
-6.22496
 20
-8.75737
 30
0.0
 11
-5.6611
 21
-9.50798
 31
0.0
  0
LINE
  5
277
  8
0
 10
-5.6611
 20
-9.50798
 30
0.0
 11
-5.08809
 21
-10.2516
 31
0.0
  0
LINE
  5
278
  8
0
 10
-5.08809
 20
-10.2516
 30
0.0
 11
-4.50598
 21
-10.9881
 31
0.0
  0
LINE
  5
279
  8
0
 10
-4.50598
 20
-10.9881
 30
0.0
 11
-3.91489
 21
-11.7175
 31
0.0
  0
LINE
  5
27A
  8
0
 10
-3.91489
 20
-11.7175
 30
0.0
 11
-3.31488
 21
-12.4395
 31
0.0
  0
LINE
  5
27B
  8
0
 10
-3.31488
 20
-12.4395
 30
0.0
 11
-2.70605
 21
-13.1541
 31
0.0
  0
LINE
  5
27C
  8
0
 10
-2.70605
 20
-13.1541
 30
0.0
 11
-2.08852
 21
-13.8612
 31
0.0
  0
LINE
  5
27D
  8
0
 10
-2.08852
 20
-13.8612
 30
0.0
 11
-1.46234
 21
-14.5606
 31
0.0
  0
LINE
  5
27E
  8
0
 10
-1.46234
 20
-14.5606
 30
0.0
 11
-0.827637
 21
-15.2523
 31
0.0
  0
LINE
  5
27F
  8
0
 10
-0.827637
 20
-15.2523
 30
0.0
 11
-0.184479
 21
-15.9362
 31
0.0
  0
LINE
  5
280
  8
0
 10
-0.184479
 20
-15.9362
 30
0.0
 11
0.466995
 21
-16.6122
 31
0.0
  0
LINE
  5
281
  8
0
 10
0.466995
 20
-16.6122
 30
0.0
 11
1.12674
 21
-17.28
 31
0.0
  0
LINE
  5
282
  8
0
 10
1.12674
 20
-17.28
 30
0.0
 11
1.79462
 21
-17.9398
 31
0.0
  0
LINE
  5
283
  8
0
 10
1.79462
 20
-17.9398
 30
0.0
 11
2.47055
 21
-18.5913
 31
0.0
  0
LINE
  5
284
  8
0
 10
2.47055
 20
-18.5913
 30
0.0
 11
3.15443
 21
-19.2344
 31
0.0
  0
LINE
  5
285
  8
0
 10
3.15443
 20
-19.2344
 30
0.0
 11
3.84615
 21
-19.8691
 31
0.0
  0
LINE
  5
286
  8
0
 10
3.84615
 20
-19.8691
 30
0.0
 11
4.54559
 21
-20.4953
 31
0.0
  0
LINE
  5
287
  8
0
 10
4.54559
 20
-20.4953
 30
0.0
 11
5.25269
 21
-21.1129
 31
0.0
  0
LINE
  5
288
  8
0
 10
5.25269
 20
-21.1129
 30
0.0
 11
5.96729
 21
-21.7217
 31
0.0
  0
LINE
  5
289
  8
0
 10
5.96729
 20
-21.7217
 30
0.0
 11
6.68932
 21
-22.3217
 31
0.0
  0
LINE
  5
28A
  8
0
 10
6.68932
 20
-22.3217
 30
0.0
 11
7.41866
 21
-22.9128
 31
0.0
  0
LINE
  5
28B
  8
0
 10
7.41866
 20
-22.9128
 30
0.0
 11
8.15518
 21
-23.4949
 31
0.0
  0
LINE
  5
28C
  8
0
 10
8.15518
 20
-23.4949
 30
0.0
 11
8.8988
 21
-24.0679
 31
0.0
  0
LINE
  5
28D
  8
0
 10
8.8988
 20
-24.0679
 30
0.0
 11
9.64941
 21
-24.6318
 31
0.0
  0
LINE
  5
28E
  8
0
 10
9.64941
 20
-24.6318
 30
0.0
 11
10.4069
 21
-25.1864
 31
0.0
  0
LINE
  5
28F
  8
0
 10
10.4069
 20
-25.1864
 30
0.0
 11
11.1711
 21
-25.7316
 31
0.0
  0
LINE
  5
290
  8
0
 10
11.1711
 20
-25.7316
 30
0.0
 11
11.9419
 21
-26.2675
 31
0.0
  0
LINE
  5
291
  8
0
 10
11.9419
 20
-26.2675
 30
0.0
 11
12.7193
 21
-26.7938
 31
0.0
  0
LINE
  5
292
  8
0
 10
12.7193
 20
-26.7938
 30
0.0
 11
13.503
 21
-27.3106
 31
0.0
  0
LINE
  5
293
  8
0
 10
13.503
 20
-27.3106
 30
0.0
 11
14.2931
 21
-27.8177
 31
0.0
  0
LINE
  5
294
  8
0
 10
14.2931
 20
-27.8177
 30
0.0
 11
15.0893
 21
-28.315
 31
0.0
  0
LINE
  5
295
  8
0
 10
15.0893
 20
-28.315
 30
0.0
 11
15.8915
 21
-28.8026
 31
0.0
  0
LINE
  5
296
  8
0
 10
15.8915
 20
-28.8026
 30
0.0
 11
16.6997
 21
-29.2803
 31
0.0
  0
LINE
  5
297
  8
0
 10
16.6997
 20
-29.2803
 30
0.0
 11
17.5137
 21
-29.748
 31
0.0
  0
LINE
  5
298
  8
0
 10
17.5137
 20
-29.748
 30
0.0
 11
18.3333
 21
-30.2057
 31
0.0
  0
LINE
  5
299
  8
0
 10
18.3333
 20
-30.2057
 30
0.0
 11
19.1586
 21
-30.6534
 31
0.0
  0
LINE
  5
29A
  8
0
 10
19.1586
 20
-30.6534
 30
0.0
 11
19.9892
 21
-31.0908
 31
0.0
  0
LINE
  5
29B
  8
0
 10
19.9892
 20
-31.0908
 30
0.0
 11
20.8251
 21
-31.518
 31
0.0
  0
LINE
  5
29C
  8
0
 10
20.8251
 20
-31.518
 30
0.0
 11
21.6663
 21
-31.935
 31
0.0
  0
LINE
  5
29D
  8
0
 10
21.6663
 20
-31.935
 30
0.0
 11
22.5124
 21
-32.3416
 31
0.0
  0
LINE
  5
29E
  8
0
 10
22.5124
 20
-32.3416
 30
0.0
 11
23.3635
 21
-32.7377
 31
0.0
  0
LINE
  5
29F
  8
0
 10
23.3635
 20
-32.7377
 30
0.0
 11
24.2194
 21
-33.1234
 31
0.0
  0
LINE
  5
2A0
  8
0
 10
24.2194
 20
-33.1234
 30
0.0
 11
25.08
 21
-33.4986
 31
0.0
  0
LINE
  5
2A1
  8
0
 10
25.08
 20
-33.4986
 30
0.0
 11
25.9451
 21
-33.8632
 31
0.0
  0
LINE
  5
2A2
  8
0
 10
25.9451
 20
-33.8632
 30
0.0
 11
26.8146
 21
-34.2171
 31
0.0
  0
LINE
  5
2A3
  8
0
 10
26.8146
 20
-34.2171
 30
0.0
 11
27.6884
 21
-34.5603
 31
0.0
  0
LINE
  5
2A4
  8
0
 10
27.6884
 20
-34.5603
 30
0.0
 11
28.5664
 21
-34.8928
 31
0.0
  0
LINE
  5
2A5
  8
0
 10
28.5664
 20
-34.8928
 30
0.0
 11
29.4483
 21
-35.2145
 31
0.0
  0
LINE
  5
2A6
  8
0
 10
29.4483
 20
-35.2145
 30
0.0
 11
30.3342
 21
-35.5253
 31
0.0
  0
LINE
  5
2A7
  8
0
 10
30.3342
 20
-35.5253
 30
0.0
 11
31.2238
 21
-35.8253
 31
0.0
  0
LINE
  5
2A8
  8
0
 10
31.2238
 20
-35.8253
 30
0.0
 11
32.1169
 21
-36.1143
 31
0.0
  0
LINE
  5
2A9
  8
0
 10
32.1169
 20
-36.1143
 30
0.0
 11
33.0136
 21
-36.3923
 31
0.0
  0
LINE
  5
2AA
  8
0
 10
33.0136
 20
-36.3923
 30
0.0
 11
33.9137
 21
-36.6593
 31
0.0
  0
LINE
  5
2AB
  8
0
 10
33.9137
 20
-36.6593
 30
0.0
 11
34.8169
 21
-36.9153
 31
0.0
  0
LINE
  5
2AC
  8
0
 10
34.8169
 20
-36.9153
 30
0.0
 11
35.7232
 21
-37.1601
 31
0.0
  0
LINE
  5
2AD
  8
0
 10
35.7232
 20
-37.1601
 30
0.0
 11
36.6324
 21
-37.3938
 31
0.0
  0
LINE
  5
2AE
  8
0
 10
36.6324
 20
-37.3938
 30
0.0
 11
37.5445
 21
-37.6163
 31
0.0
  0
LINE
  5
2AF
  8
0
 10
37.5445
 20
-37.6163
 30
0.0
 11
38.4592
 21
-37.8276
 31
0.0
  0
LINE
  5
2B0
  8
0
 10
38.4592
 20
-37.8276
 30
0.0
 11
39.3764
 21
-38.0277
 31
0.0
  0
LINE
  5
2B1
  8
0
 10
39.3764
 20
-38.0277
 30
0.0
 11
40.296
 21
-38.2165
 31
0.0
  0
LINE
  5
2B2
  8
0
 10
40.296
 20
-38.2165
 30
0.0
 11
41.2178
 21
-38.394
 31
0.0
  0
LINE
  5
2B3
  8
0
 10
41.2178
 20
-38.394
 30
0.0
 11
42.1418
 21
-38.5601
 31
0.0
  0
LINE
  5
2B4
  8
0
 10
42.1418
 20
-38.5601
 30
0.0
 11
43.0678
 21
-38.7149
 31
0.0
  0
LINE
  5
2B5
  8
0
 10
43.0678
 20
-38.7149
 30
0.0
 11
43.9955
 21
-38.8584
 31
0.0
  0
LINE
  5
2B6
  8
0
 10
43.9955
 20
-38.8584
 30
0.0
 11
44.925
 21
-38.9904
 31
0.0
  0
LINE
  5
2B7
  8
0
 10
44.925
 20
-38.9904
 30
0.0
 11
45.856
 21
-39.1111
 31
0.0
  0
LINE
  5
2B8
  8
0
 10
45.856
 20
-39.1111
 30
0.0
 11
46.7884
 21
-39.2203
 31
0.0
  0
LINE
  5
2B9
  8
0
 10
46.7884
 20
-39.2203
 30
0.0
 11
47.7221
 21
-39.318
 31
0.0
  0
LINE
  5
2BA
  8
0
 10
47.7221
 20
-39.318
 30
0.0
 11
48.6569
 21
-39.4043
 31
0.0
  0
LINE
  5
2BB
  8
0
 10
48.6569
 20
-39.4043
 30
0.0
 11
49.5927
 21
-39.4791
 31
0.0
  0
LINE
  5
2BC
  8
0
 10
49.5927
 20
-39.4791
 30
0.0
 11
50.5294
 21
-39.5424
 31
0.0
  0
LINE
  5
2BD
  8
0
 10
50.5294
 20
-39.5424
 30
0.0
 11
51.4667
 21
-39.5942
 31
0.0
  0
LINE
  5
2BE
  8
0
 10
51.4667
 20
-39.5942
 30
0.0
 11
52.4046
 21
-39.6346
 31
0.0
  0
LINE
  5
2BF
  8
0
 10
52.4046
 20
-39.6346
 30
0.0
 11
53.343
 21
-39.6633
 31
0.0
  0
LINE
  5
2C0
  8
0
 10
53.343
 20
-39.6633
 30
0.0
 11
54.2816
 21
-39.6806
 31
0.0
  0
LINE
  5
2C1
  8
0
 10
54.2816
 20
-39.6806
 30
0.0
 11
55.2204
 21
-39.6864
 31
0.0
  0
LINE
  5
2C2
  8
0
 10
55.2204
 20
-39.6864
 30
0.0
 11
56.1592
 21
-39.6806
 31
0.0
  0
LINE
  5
2C3
  8
0
 10
54.2991
 20
-38.2557
 30
0.0
 11
53.378
 21
-38.2388
 31
0.0
  0
LINE
  5
2C4
  8
0
 10
53.378
 20
-38.2388
 30
0.0
 11
52.4571
 21
-38.2105
 31
0.0
  0
LINE
  5
2C5
  8
0
 10
52.4571
 20
-38.2105
 30
0.0
 11
51.5367
 21
-38.1709
 31
0.0
  0
LINE
  5
2C6
  8
0
 10
51.5367
 20
-38.1709
 30
0.0
 11
50.6167
 21
-38.1201
 31
0.0
  0
LINE
  5
2C7
  8
0
 10
50.6167
 20
-38.1201
 30
0.0
 11
49.6975
 21
-38.058
 31
0.0
  0
LINE
  5
2C8
  8
0
 10
49.6975
 20
-38.058
 30
0.0
 11
48.7792
 21
-37.9846
 31
0.0
  0
LINE
  5
2C9
  8
0
 10
48.7792
 20
-37.9846
 30
0.0
 11
47.8618
 21
-37.8999
 31
0.0
  0
LINE
  5
2CA
  8
0
 10
47.8618
 20
-37.8999
 30
0.0
 11
46.9455
 21
-37.804
 31
0.0
  0
LINE
  5
2CB
  8
0
 10
46.9455
 20
-37.804
 30
0.0
 11
46.0304
 21
-37.6968
 31
0.0
  0
LINE
  5
2CC
  8
0
 10
46.0304
 20
-37.6968
 30
0.0
 11
45.1168
 21
-37.5784
 31
0.0
  0
LINE
  5
2CD
  8
0
 10
45.1168
 20
-37.5784
 30
0.0
 11
44.2046
 21
-37.4488
 31
0.0
  0
LINE
  5
2CE
  8
0
 10
44.2046
 20
-37.4488
 30
0.0
 11
43.2941
 21
-37.308
 31
0.0
  0
LINE
  5
2CF
  8
0
 10
43.2941
 20
-37.308
 30
0.0
 11
42.3854
 21
-37.1561
 31
0.0
  0
LINE
  5
2D0
  8
0
 10
42.3854
 20
-37.1561
 30
0.0
 11
41.4787
 21
-36.993
 31
0.0
  0
LINE
  5
2D1
  8
0
 10
41.4787
 20
-36.993
 30
0.0
 11
40.574
 21
-36.8188
 31
0.0
  0
LINE
  5
2D2
  8
0
 10
40.574
 20
-36.8188
 30
0.0
 11
39.6715
 21
-36.6336
 31
0.0
  0
LINE
  5
2D3
  8
0
 10
39.6715
 20
-36.6336
 30
0.0
 11
38.7714
 21
-36.4372
 31
0.0
  0
LINE
  5
2D4
  8
0
 10
38.7714
 20
-36.4372
 30
0.0
 11
37.8737
 21
-36.2298
 31
0.0
  0
LINE
  5
2D5
  8
0
 10
37.8737
 20
-36.2298
 30
0.0
 11
36.9787
 21
-36.0115
 31
0.0
  0
LINE
  5
2D6
  8
0
 10
36.9787
 20
-36.0115
 30
0.0
 11
36.0864
 21
-35.7821
 31
0.0
  0
LINE
  5
2D7
  8
0
 10
36.0864
 20
-35.7821
 30
0.0
 11
35.1969
 21
-35.5419
 31
0.0
  0
LINE
  5
2D8
  8
0
 10
35.1969
 20
-35.5419
 30
0.0
 11
34.3105
 21
-35.2907
 31
0.0
  0
LINE
  5
2D9
  8
0
 10
34.3105
 20
-35.2907
 30
0.0
 11
33.4273
 21
-35.0287
 31
0.0
  0
LINE
  5
2DA
  8
0
 10
33.4273
 20
-35.0287
 30
0.0
 11
32.5473
 21
-34.7558
 31
0.0
  0
LINE
  5
2DB
  8
0
 10
32.5473
 20
-34.7558
 30
0.0
 11
31.6707
 21
-34.4722
 31
0.0
  0
LINE
  5
2DC
  8
0
 10
31.6707
 20
-34.4722
 30
0.0
 11
30.7977
 21
-34.1779
 31
0.0
  0
LINE
  5
2DD
  8
0
 10
30.7977
 20
-34.1779
 30
0.0
 11
29.9284
 21
-33.8728
 31
0.0
  0
LINE
  5
2DE
  8
0
 10
29.9284
 20
-33.8728
 30
0.0
 11
29.0629
 21
-33.5571
 31
0.0
  0
LINE
  5
2DF
  8
0
 10
29.0629
 20
-33.5571
 30
0.0
 11
28.2013
 21
-33.2308
 31
0.0
  0
LINE
  5
2E0
  8
0
 10
28.2013
 20
-33.2308
 30
0.0
 11
27.3438
 21
-32.894
 31
0.0
  0
LINE
  5
2E1
  8
0
 10
27.3438
 20
-32.894
 30
0.0
 11
26.4904
 21
-32.5466
 31
0.0
  0
LINE
  5
2E2
  8
0
 10
26.4904
 20
-32.5466
 30
0.0
 11
25.6414
 21
-32.1889
 31
0.0
  0
LINE
  5
2E3
  8
0
 10
25.6414
 20
-32.1889
 30
0.0
 11
24.7969
 21
-31.8207
 31
0.0
  0
LINE
  5
2E4
  8
0
 10
24.7969
 20
-31.8207
 30
0.0
 11
23.957
 21
-31.4422
 31
0.0
  0
LINE
  5
2E5
  8
0
 10
23.957
 20
-31.4422
 30
0.0
 11
23.1217
 21
-31.0534
 31
0.0
  0
LINE
  5
2E6
  8
0
 10
23.1217
 20
-31.0534
 30
0.0
 11
22.2913
 21
-30.6544
 31
0.0
  0
LINE
  5
2E7
  8
0
 10
22.2913
 20
-30.6544
 30
0.0
 11
21.4658
 21
-30.2452
 31
0.0
  0
LINE
  5
2E8
  8
0
 10
21.4658
 20
-30.2452
 30
0.0
 11
20.6455
 21
-29.8259
 31
0.0
  0
LINE
  5
2E9
  8
0
 10
20.6455
 20
-29.8259
 30
0.0
 11
19.8303
 21
-29.3966
 31
0.0
  0
LINE
  5
2EA
  8
0
 10
19.8303
 20
-29.3966
 30
0.0
 11
19.0205
 21
-28.9574
 31
0.0
  0
LINE
  5
2EB
  8
0
 10
19.0205
 20
-28.9574
 30
0.0
 11
18.2161
 21
-28.5082
 31
0.0
  0
LINE
  5
2EC
  8
0
 10
18.2161
 20
-28.5082
 30
0.0
 11
17.4173
 21
-28.0491
 31
0.0
  0
LINE
  5
2ED
  8
0
 10
17.4173
 20
-28.0491
 30
0.0
 11
16.6241
 21
-27.5804
 31
0.0
  0
LINE
  5
2EE
  8
0
 10
16.6241
 20
-27.5804
 30
0.0
 11
15.8368
 21
-27.1019
 31
0.0
  0
LINE
  5
2EF
  8
0
 10
15.8368
 20
-27.1019
 30
0.0
 11
15.0555
 21
-26.6138
 31
0.0
  0
LINE
  5
2F0
  8
0
 10
15.0555
 20
-26.6138
 30
0.0
 11
14.2801
 21
-26.1161
 31
0.0
  0
LINE
  5
2F1
  8
0
 10
14.2801
 20
-26.1161
 30
0.0
 11
13.511
 21
-25.609
 31
0.0
  0
LINE
  5
2F2
  8
0
 10
13.511
 20
-25.609
 30
0.0
 11
12.7481
 21
-25.0924
 31
0.0
  0
LINE
  5
2F3
  8
0
 10
12.7481
 20
-25.0924
 30
0.0
 11
11.9916
 21
-24.5666
 31
0.0
  0
LINE
  5
2F4
  8
0
 10
11.9916
 20
-24.5666
 30
0.0
 11
11.2416
 21
-24.0314
 31
0.0
  0
LINE
  5
2F5
  8
0
 10
11.2416
 20
-24.0314
 30
0.0
 11
10.4983
 21
-23.4872
 31
0.0
  0
LINE
  5
2F6
  8
0
 10
10.4983
 20
-23.4872
 30
0.0
 11
9.76166
 21
-22.9338
 31
0.0
  0
LINE
  5
2F7
  8
0
 10
9.76166
 20
-22.9338
 30
0.0
 11
9.03189
 21
-22.3715
 31
0.0
  0
LINE
  5
2F8
  8
0
 10
9.03189
 20
-22.3715
 30
0.0
 11
8.30908
 21
-21.8002
 31
0.0
  0
LINE
  5
2F9
  8
0
 10
8.30908
 20
-21.8002
 30
0.0
 11
7.59332
 21
-21.2201
 31
0.0
  0
LINE
  5
2FA
  8
0
 10
7.59332
 20
-21.2201
 30
0.0
 11
6.88475
 21
-20.6313
 31
0.0
  0
LINE
  5
2FB
  8
0
 10
6.88475
 20
-20.6313
 30
0.0
 11
6.18346
 21
-20.0338
 31
0.0
  0
LINE
  5
2FC
  8
0
 10
6.18346
 20
-20.0338
 30
0.0
 11
5.48953
 21
-19.4278
 31
0.0
  0
LINE
  5
2FD
  8
0
 10
5.48953
 20
-19.4278
 30
0.0
 11
4.80312
 21
-18.8133
 31
0.0
  0
LINE
  5
2FE
  8
0
 10
4.80312
 20
-18.8133
 30
0.0
 11
4.12428
 21
-18.1904
 31
0.0
  0
LINE
  5
2FF
  8
0
 10
4.12428
 20
-18.1904
 30
0.0
 11
3.45314
 21
-17.5592
 31
0.0
  0
LINE
  5
300
  8
0
 10
3.45314
 20
-17.5592
 30
0.0
 11
2.78981
 21
-16.9199
 31
0.0
  0
LINE
  5
301
  8
0
 10
2.78981
 20
-16.9199
 30
0.0
 11
2.13437
 21
-16.2724
 31
0.0
  0
LINE
  5
302
  8
0
 10
2.13437
 20
-16.2724
 30
0.0
 11
1.48691
 21
-15.617
 31
0.0
  0
LINE
  5
303
  8
0
 10
1.48691
 20
-15.617
 30
0.0
 11
0.847549
 21
-14.9536
 31
0.0
  0
LINE
  5
304
  8
0
 10
0.847549
 20
-14.9536
 30
0.0
 11
0.216385
 21
-14.2825
 31
0.0
  0
LINE
  5
305
  8
0
 10
0.216385
 20
-14.2825
 30
0.0
 11
-0.406494
 21
-13.6037
 31
0.0
  0
LINE
  5
306
  8
0
 10
-0.406494
 20
-13.6037
 30
0.0
 11
-1.021
 21
-12.9173
 31
0.0
  0
LINE
  5
307
  8
0
 10
-1.021
 20
-12.9173
 30
0.0
 11
-1.62703
 21
-12.2233
 31
0.0
  0
LINE
  5
308
  8
0
 10
-1.62703
 20
-12.2233
 30
0.0
 11
-2.22452
 21
-11.522
 31
0.0
  0
LINE
  5
309
  8
0
 10
-2.22452
 20
-11.522
 30
0.0
 11
-2.81334
 21
-10.8135
 31
0.0
  0
LINE
  5
30A
  8
0
 10
-2.81334
 20
-10.8135
 30
0.0
 11
-3.39343
 21
-10.0977
 31
0.0
  0
LINE
  5
30B
  8
0
 10
-3.39343
 20
-10.0977
 30
0.0
 11
-3.96469
 21
-9.37489
 31
0.0
  0
LINE
  5
30C
  8
0
 10
-3.96469
 20
-9.37489
 30
0.0
 11
-4.52704
 21
-8.64513
 31
0.0
  0
LINE
  5
30D
  8
0
 10
-4.52704
 20
-8.64513
 30
0.0
 11
-5.08038
 21
-7.90851
 31
0.0
  0
LINE
  5
30E
  8
0
 10
-5.08038
 20
-7.90851
 30
0.0
 11
-5.62465
 21
-7.16516
 31
0.0
  0
LINE
  5
30F
  8
0
 10
-5.62465
 20
-7.16516
 30
0.0
 11
-6.15976
 21
-6.41518
 31
0.0
  0
LINE
  5
310
  8
0
 10
-6.15976
 20
-6.41518
 30
0.0
 11
-6.68562
 21
-5.65869
 31
0.0
  0
LINE
  5
311
  8
0
 10
-6.68562
 20
-5.65869
 30
0.0
 11
-7.20216
 21
-4.89581
 31
0.0
  0
LINE
  5
312
  8
0
 10
-7.20216
 20
-4.89581
 30
0.0
 11
-7.7093
 21
-4.12665
 31
0.0
  0
LINE
  5
313
  8
0
 10
-7.7093
 20
-4.12665
 30
0.0
 11
-8.20695
 21
-3.35133
 31
0.0
  0
LINE
  5
314
  8
0
 10
-8.20695
 20
-3.35133
 30
0.0
 11
-8.69507
 21
-2.56995
 31
0.0
  0
LINE
  5
315
  8
0
 10
-8.69507
 20
-2.56995
 30
0.0
 11
-9.17355
 21
-1.78264
 31
0.0
  0
LINE
  5
316
  8
0
 10
-9.17355
 20
-1.78264
 30
0.0
 11
-9.64235
 21
-0.989517
 31
0.0
  0
LINE
  5
317
  8
0
 10
-9.64235
 20
-0.989517
 30
0.0
 11
-10.1014
 21
-0.19072
 31
0.0
  0
LINE
  5
318
  8
0
 10
-10.1014
 20
-0.19072
 30
0.0
 11
-10.5506
 21
0.613663
 31
0.0
  0
LINE
  5
319
  8
0
 10
-10.5506
 20
0.613663
 30
0.0
 11
-10.9898
 21
1.42349
 31
0.0
  0
LINE
  5
31A
  8
0
 10
-10.9898
 20
1.42349
 30
0.0
 11
-11.4191
 21
2.23866
 31
0.0
  0
LINE
  5
31B
  8
0
 10
-11.4191
 20
2.23866
 30
0.0
 11
-11.8384
 21
3.05904
 31
0.0
  0
LINE
  5
31C
  8
0
 10
-11.8384
 20
3.05904
 30
0.0
 11
-12.2476
 21
3.88449
 31
0.0
  0
LINE
  5
31D
  8
0
 10
-12.2476
 20
3.88449
 30
0.0
 11
-12.6466
 21
4.7149
 31
0.0
  0
LINE
  5
31E
  8
0
 10
-12.6466
 20
4.7149
 30
0.0
 11
-13.0354
 21
5.55016
 31
0.0
  0
LINE
  5
31F
  8
0
 10
-13.0354
 20
5.55016
 30
0.0
 11
-13.4139
 21
6.39011
 31
0.0
  0
LINE
  5
320
  8
0
 10
-13.4139
 20
6.39011
 30
0.0
 11
-13.7821
 21
7.23465
 31
0.0
  0
LINE
  5
321
  8
0
 10
-13.7821
 20
7.23465
 30
0.0
 11
-14.1315
 21
8.06393
 31
0.0
  0
LINE
  5
322
  8
0
 10
-14.1315
 20
8.06393
 30
0.0
 11
-14.1315
 21
65.5633
 31
0.0
  0
LINE
  5
323
  8
0
 10
-14.1315
 20
65.5633
 30
0.0
 11
-13.7821
 21
66.3925
 31
0.0
  0
LINE
  5
324
  8
0
 10
-13.7821
 20
66.3925
 30
0.0
 11
-13.4139
 21
67.2371
 31
0.0
  0
LINE
  5
325
  8
0
 10
-13.4139
 20
67.2371
 30
0.0
 11
-13.0354
 21
68.077
 31
0.0
  0
LINE
  5
326
  8
0
 10
-13.0354
 20
68.077
 30
0.0
 11
-12.6466
 21
68.9123
 31
0.0
  0
LINE
  5
327
  8
0
 10
-12.6466
 20
68.9123
 30
0.0
 11
-12.2476
 21
69.7427
 31
0.0
  0
LINE
  5
328
  8
0
 10
-12.2476
 20
69.7427
 30
0.0
 11
-11.8384
 21
70.5682
 31
0.0
  0
LINE
  5
329
  8
0
 10
-11.8384
 20
70.5682
 30
0.0
 11
-11.4191
 21
71.3885
 31
0.0
  0
LINE
  5
32A
  8
0
 10
-11.4191
 20
71.3885
 30
0.0
 11
-10.9898
 21
72.2037
 31
0.0
  0
LINE
  5
32B
  8
0
 10
-10.9898
 20
72.2037
 30
0.0
 11
-10.5506
 21
73.0135
 31
0.0
  0
LINE
  5
32C
  8
0
 10
-10.5506
 20
73.0135
 30
0.0
 11
-10.1014
 21
73.8179
 31
0.0
  0
LINE
  5
32D
  8
0
 10
-10.1014
 20
73.8179
 30
0.0
 11
-9.64235
 21
74.6167
 31
0.0
  0
LINE
  5
32E
  8
0
 10
-9.64235
 20
74.6167
 30
0.0
 11
-9.17355
 21
75.4099
 31
0.0
  0
LINE
  5
32F
  8
0
 10
-9.17355
 20
75.4099
 30
0.0
 11
-8.69507
 21
76.1972
 31
0.0
  0
LINE
  5
330
  8
0
 10
-8.69507
 20
76.1972
 30
0.0
 11
-8.20695
 21
76.9785
 31
0.0
  0
LINE
  5
331
  8
0
 10
-8.20695
 20
76.9785
 30
0.0
 11
-7.7093
 21
77.7539
 31
0.0
  0
LINE
  5
332
  8
0
 10
-7.7093
 20
77.7539
 30
0.0
 11
-7.20216
 21
78.523
 31
0.0
  0
LINE
  5
333
  8
0
 10
-7.20216
 20
78.523
 30
0.0
 11
-6.68562
 21
79.2859
 31
0.0
  0
LINE
  5
334
  8
0
 10
-6.68562
 20
79.2859
 30
0.0
 11
-6.15976
 21
80.0424
 31
0.0
  0
LINE
  5
335
  8
0
 10
-6.15976
 20
80.0424
 30
0.0
 11
-5.62465
 21
80.7924
 31
0.0
  0
LINE
  5
336
  8
0
 10
-5.62465
 20
80.7924
 30
0.0
 11
-5.08038
 21
81.5357
 31
0.0
  0
LINE
  5
337
  8
0
 10
-5.08038
 20
81.5357
 30
0.0
 11
-4.52704
 21
82.2723
 31
0.0
  0
LINE
  5
338
  8
0
 10
-4.52704
 20
82.2723
 30
0.0
 11
-3.96469
 21
83.0021
 31
0.0
  0
LINE
  5
339
  8
0
 10
-3.96469
 20
83.0021
 30
0.0
 11
-3.39343
 21
83.7249
 31
0.0
  0
LINE
  5
33A
  8
0
 10
-3.39343
 20
83.7249
 30
0.0
 11
-2.81334
 21
84.4407
 31
0.0
  0
LINE
  5
33B
  8
0
 10
-2.81334
 20
84.4407
 30
0.0
 11
-2.22452
 21
85.1492
 31
0.0
  0
LINE
  5
33C
  8
0
 10
-2.22452
 20
85.1492
 30
0.0
 11
-1.62703
 21
85.8505
 31
0.0
  0
LINE
  5
33D
  8
0
 10
-1.62703
 20
85.8505
 30
0.0
 11
-1.021
 21
86.5445
 31
0.0
  0
LINE
  5
33E
  8
0
 10
-1.021
 20
86.5445
 30
0.0
 11
-0.406494
 21
87.2309
 31
0.0
  0
LINE
  5
33F
  8
0
 10
-0.406494
 20
87.2309
 30
0.0
 11
0.216385
 21
87.9097
 31
0.0
  0
LINE
  5
340
  8
0
 10
0.216385
 20
87.9097
 30
0.0
 11
0.847549
 21
88.5809
 31
0.0
  0
LINE
  5
341
  8
0
 10
0.847549
 20
88.5809
 30
0.0
 11
1.48691
 21
89.2442
 31
0.0
  0
LINE
  5
342
  8
0
 10
1.48691
 20
89.2442
 30
0.0
 11
2.13437
 21
89.8996
 31
0.0
  0
LINE
  5
343
  8
0
 10
2.13437
 20
89.8996
 30
0.0
 11
2.78981
 21
90.5471
 31
0.0
  0
LINE
  5
344
  8
0
 10
2.78981
 20
90.5471
 30
0.0
 11
3.45314
 21
91.1864
 31
0.0
  0
LINE
  5
345
  8
0
 10
3.45314
 20
91.1864
 30
0.0
 11
4.12428
 21
91.8176
 31
0.0
  0
LINE
  5
346
  8
0
 10
4.12428
 20
91.8176
 30
0.0
 11
4.80312
 21
92.4405
 31
0.0
  0
LINE
  5
347
  8
0
 10
4.80312
 20
92.4405
 30
0.0
 11
5.48953
 21
93.055
 31
0.0
  0
LINE
  5
348
  8
0
 10
5.48953
 20
93.055
 30
0.0
 11
6.18346
 21
93.661
 31
0.0
  0
LINE
  5
349
  8
0
 10
6.18346
 20
93.661
 30
0.0
 11
6.88475
 21
94.2585
 31
0.0
  0
LINE
  5
34A
  8
0
 10
6.88475
 20
94.2585
 30
0.0
 11
7.59332
 21
94.8474
 31
0.0
  0
LINE
  5
34B
  8
0
 10
7.59332
 20
94.8474
 30
0.0
 11
8.30908
 21
95.4274
 31
0.0
  0
LINE
  5
34C
  8
0
 10
8.30908
 20
95.4274
 30
0.0
 11
9.03189
 21
95.9987
 31
0.0
  0
LINE
  5
34D
  8
0
 10
9.03189
 20
95.9987
 30
0.0
 11
9.76166
 21
96.5611
 31
0.0
  0
LINE
  5
34E
  8
0
 10
9.76166
 20
96.5611
 30
0.0
 11
10.4983
 21
97.1144
 31
0.0
  0
LINE
  5
34F
  8
0
 10
10.4983
 20
97.1144
 30
0.0
 11
11.2416
 21
97.6587
 31
0.0
  0
LINE
  5
350
  8
0
 10
11.2416
 20
97.6587
 30
0.0
 11
11.9916
 21
98.1938
 31
0.0
  0
LINE
  5
351
  8
0
 10
11.9916
 20
98.1938
 30
0.0
 11
12.7481
 21
98.7196
 31
0.0
  0
LINE
  5
352
  8
0
 10
12.7481
 20
98.7196
 30
0.0
 11
13.511
 21
99.2362
 31
0.0
  0
LINE
  5
353
  8
0
 10
13.511
 20
99.2362
 30
0.0
 11
14.2801
 21
99.7433
 31
0.0
  0
LINE
  5
354
  8
0
 10
14.2801
 20
99.7433
 30
0.0
 11
15.0555
 21
100.241
 31
0.0
  0
LINE
  5
355
  8
0
 10
15.0555
 20
100.241
 30
0.0
 11
15.8368
 21
100.729
 31
0.0
  0
LINE
  5
356
  8
0
 10
15.8368
 20
100.729
 30
0.0
 11
16.6241
 21
101.208
 31
0.0
  0
LINE
  5
357
  8
0
 10
16.6241
 20
101.208
 30
0.0
 11
17.4173
 21
101.676
 31
0.0
  0
LINE
  5
358
  8
0
 10
17.4173
 20
101.676
 30
0.0
 11
18.2161
 21
102.135
 31
0.0
  0
LINE
  5
359
  8
0
 10
18.2161
 20
102.135
 30
0.0
 11
19.0205
 21
102.585
 31
0.0
  0
LINE
  5
35A
  8
0
 10
19.0205
 20
102.585
 30
0.0
 11
19.8303
 21
103.024
 31
0.0
  0
LINE
  5
35B
  8
0
 10
19.8303
 20
103.024
 30
0.0
 11
20.6455
 21
103.453
 31
0.0
  0
LINE
  5
35C
  8
0
 10
20.6455
 20
103.453
 30
0.0
 11
21.4658
 21
103.872
 31
0.0
  0
LINE
  5
35D
  8
0
 10
21.4658
 20
103.872
 30
0.0
 11
22.2913
 21
104.282
 31
0.0
  0
LINE
  5
35E
  8
0
 10
22.2913
 20
104.282
 30
0.0
 11
23.1217
 21
104.681
 31
0.0
  0
LINE
  5
35F
  8
0
 10
23.1217
 20
104.681
 30
0.0
 11
23.957
 21
105.069
 31
0.0
  0
LINE
  5
360
  8
0
 10
23.957
 20
105.069
 30
0.0
 11
24.7969
 21
105.448
 31
0.0
  0
LINE
  5
361
  8
0
 10
24.7969
 20
105.448
 30
0.0
 11
25.6414
 21
105.816
 31
0.0
  0
LINE
  5
362
  8
0
 10
25.6414
 20
105.816
 30
0.0
 11
26.4904
 21
106.174
 31
0.0
  0
LINE
  5
363
  8
0
 10
26.4904
 20
106.174
 30
0.0
 11
27.3438
 21
106.521
 31
0.0
  0
LINE
  5
364
  8
0
 10
27.3438
 20
106.521
 30
0.0
 11
28.2013
 21
106.858
 31
0.0
  0
LINE
  5
365
  8
0
 10
28.2013
 20
106.858
 30
0.0
 11
29.0629
 21
107.184
 31
0.0
  0
LINE
  5
366
  8
0
 10
29.0629
 20
107.184
 30
0.0
 11
29.9284
 21
107.5
 31
0.0
  0
LINE
  5
367
  8
0
 10
29.9284
 20
107.5
 30
0.0
 11
30.7977
 21
107.805
 31
0.0
  0
LINE
  5
368
  8
0
 10
30.7977
 20
107.805
 30
0.0
 11
31.6707
 21
108.099
 31
0.0
  0
LINE
  5
369
  8
0
 10
31.6707
 20
108.099
 30
0.0
 11
32.5473
 21
108.383
 31
0.0
  0
LINE
  5
36A
  8
0
 10
32.5473
 20
108.383
 30
0.0
 11
33.4273
 21
108.656
 31
0.0
  0
LINE
  5
36B
  8
0
 10
33.4273
 20
108.656
 30
0.0
 11
34.3105
 21
108.918
 31
0.0
  0
LINE
  5
36C
  8
0
 10
34.3105
 20
108.918
 30
0.0
 11
35.1969
 21
109.169
 31
0.0
  0
LINE
  5
36D
  8
0
 10
35.1969
 20
109.169
 30
0.0
 11
36.0864
 21
109.409
 31
0.0
  0
LINE
  5
36E
  8
0
 10
36.0864
 20
109.409
 30
0.0
 11
36.9787
 21
109.639
 31
0.0
  0
LINE
  5
36F
  8
0
 10
36.9787
 20
109.639
 30
0.0
 11
37.8737
 21
109.857
 31
0.0
  0
LINE
  5
370
  8
0
 10
37.8737
 20
109.857
 30
0.0
 11
38.7714
 21
110.064
 31
0.0
  0
LINE
  5
371
  8
0
 10
38.7714
 20
110.064
 30
0.0
 11
39.6715
 21
110.261
 31
0.0
  0
LINE
  5
372
  8
0
 10
39.6715
 20
110.261
 30
0.0
 11
40.574
 21
110.446
 31
0.0
  0
LINE
  5
373
  8
0
 10
40.574
 20
110.446
 30
0.0
 11
41.4787
 21
110.62
 31
0.0
  0
LINE
  5
374
  8
0
 10
41.4787
 20
110.62
 30
0.0
 11
42.3854
 21
110.783
 31
0.0
  0
LINE
  5
375
  8
0
 10
42.3854
 20
110.783
 30
0.0
 11
43.2941
 21
110.935
 31
0.0
  0
LINE
  5
376
  8
0
 10
43.2941
 20
110.935
 30
0.0
 11
44.2046
 21
111.076
 31
0.0
  0
LINE
  5
377
  8
0
 10
44.2046
 20
111.076
 30
0.0
 11
45.1168
 21
111.206
 31
0.0
  0
LINE
  5
378
  8
0
 10
45.1168
 20
111.206
 30
0.0
 11
46.0304
 21
111.324
 31
0.0
  0
LINE
  5
379
  8
0
 10
46.0304
 20
111.324
 30
0.0
 11
46.9455
 21
111.431
 31
0.0
  0
LINE
  5
37A
  8
0
 10
46.9455
 20
111.431
 30
0.0
 11
47.8618
 21
111.527
 31
0.0
  0
LINE
  5
37B
  8
0
 10
47.8618
 20
111.527
 30
0.0
 11
48.7792
 21
111.612
 31
0.0
  0
LINE
  5
37C
  8
0
 10
48.7792
 20
111.612
 30
0.0
 11
49.6975
 21
111.685
 31
0.0
  0
LINE
  5
37D
  8
0
 10
49.6975
 20
111.685
 30
0.0
 11
50.6167
 21
111.747
 31
0.0
  0
LINE
  5
37E
  8
0
 10
50.6167
 20
111.747
 30
0.0
 11
51.5367
 21
111.798
 31
0.0
  0
LINE
  5
37F
  8
0
 10
51.5367
 20
111.798
 30
0.0
 11
52.4571
 21
111.838
 31
0.0
  0
LINE
  5
380
  8
0
 10
52.4571
 20
111.838
 30
0.0
 11
53.378
 21
111.866
 31
0.0
  0
LINE
  5
381
  8
0
 10
53.378
 20
111.866
 30
0.0
 11
54.2991
 21
111.883
 31
0.0
  0
LINE
  5
382
  8
0
 10
54.2991
 20
111.883
 30
0.0
 11
55.2204
 21
111.889
 31
0.0
  0
LINE
  5
383
  8
0
 10
55.2204
 20
111.889
 30
0.0
 11
56.1417
 21
111.883
 31
0.0
  0
LINE
  5
384
  8
0
 10
56.1417
 20
111.883
 30
0.0
 11
57.0628
 21
111.866
 31
0.0
  0
LINE
  5
385
  8
0
 10
57.0628
 20
111.866
 30
0.0
 11
57.9837
 21
111.838
 31
0.0
  0
LINE
  5
386
  8
0
 10
57.9837
 20
111.838
 30
0.0
 11
58.9041
 21
111.798
 31
0.0
  0
LINE
  5
387
  8
0
 10
58.9041
 20
111.798
 30
0.0
 11
59.8241
 21
111.747
 31
0.0
  0
LINE
  5
388
  8
0
 10
59.8241
 20
111.747
 30
0.0
 11
60.7433
 21
111.685
 31
0.0
  0
LINE
  5
389
  8
0
 10
60.7433
 20
111.685
 30
0.0
 11
61.6616
 21
111.612
 31
0.0
  0
LINE
  5
38A
  8
0
 10
61.6616
 20
111.612
 30
0.0
 11
62.579
 21
111.527
 31
0.0
  0
LINE
  5
38B
  8
0
 10
62.579
 20
111.527
 30
0.0
 11
63.4953
 21
111.431
 31
0.0
  0
LINE
  5
38C
  8
0
 10
63.4953
 20
111.431
 30
0.0
 11
64.4104
 21
111.324
 31
0.0
  0
LINE
  5
38D
  8
0
 10
64.4104
 20
111.324
 30
0.0
 11
65.324
 21
111.206
 31
0.0
  0
LINE
  5
38E
  8
0
 10
65.324
 20
111.206
 30
0.0
 11
66.2362
 21
111.076
 31
0.0
  0
LINE
  5
38F
  8
0
 10
66.2362
 20
111.076
 30
0.0
 11
67.1467
 21
110.935
 31
0.0
  0
LINE
  5
390
  8
0
 10
67.1467
 20
110.935
 30
0.0
 11
68.0554
 21
110.783
 31
0.0
  0
LINE
  5
391
  8
0
 10
68.0554
 20
110.783
 30
0.0
 11
68.9621
 21
110.62
 31
0.0
  0
LINE
  5
392
  8
0
 10
68.9621
 20
110.62
 30
0.0
 11
69.8668
 21
110.446
 31
0.0
  0
LINE
  5
393
  8
0
 10
69.8668
 20
110.446
 30
0.0
 11
70.7693
 21
110.261
 31
0.0
  0
LINE
  5
394
  8
0
 10
70.7693
 20
110.261
 30
0.0
 11
71.6694
 21
110.064
 31
0.0
  0
LINE
  5
395
  8
0
 10
71.6694
 20
110.064
 30
0.0
 11
72.5671
 21
109.857
 31
0.0
  0
LINE
  5
396
  8
0
 10
72.5671
 20
109.857
 30
0.0
 11
73.4621
 21
109.639
 31
0.0
  0
LINE
  5
397
  8
0
 10
73.4621
 20
109.639
 30
0.0
 11
74.3544
 21
109.409
 31
0.0
  0
LINE
  5
398
  8
0
 10
74.3544
 20
109.409
 30
0.0
 11
75.2439
 21
109.169
 31
0.0
  0
LINE
  5
399
  8
0
 10
75.2439
 20
109.169
 30
0.0
 11
76.1303
 21
108.918
 31
0.0
  0
LINE
  5
39A
  8
0
 10
76.1303
 20
108.918
 30
0.0
 11
77.0135
 21
108.656
 31
0.0
  0
LINE
  5
39B
  8
0
 10
77.0135
 20
108.656
 30
0.0
 11
77.8935
 21
108.383
 31
0.0
  0
LINE
  5
39C
  8
0
 10
77.8935
 20
108.383
 30
0.0
 11
78.7701
 21
108.099
 31
0.0
  0
LINE
  5
39D
  8
0
 10
78.7701
 20
108.099
 30
0.0
 11
79.6431
 21
107.805
 31
0.0
  0
LINE
  5
39E
  8
0
 10
79.6431
 20
107.805
 30
0.0
 11
80.5124
 21
107.5
 31
0.0
  0
LINE
  5
39F
  8
0
 10
80.5124
 20
107.5
 30
0.0
 11
81.3779
 21
107.184
 31
0.0
  0
LINE
  5
3A0
  8
0
 10
81.3779
 20
107.184
 30
0.0
 11
82.2395
 21
106.858
 31
0.0
  0
LINE
  5
3A1
  8
0
 10
82.2395
 20
106.858
 30
0.0
 11
83.097
 21
106.521
 31
0.0
  0
LINE
  5
3A2
  8
0
 10
83.097
 20
106.521
 30
0.0
 11
83.9503
 21
106.174
 31
0.0
  0
LINE
  5
3A3
  8
0
 10
83.9503
 20
106.174
 30
0.0
 11
84.7993
 21
105.816
 31
0.0
  0
LINE
  5
3A4
  8
0
 10
84.7993
 20
105.816
 30
0.0
 11
85.6439
 21
105.448
 31
0.0
  0
LINE
  5
3A5
  8
0
 10
85.6439
 20
105.448
 30
0.0
 11
86.4838
 21
105.069
 31
0.0
  0
LINE
  5
3A6
  8
0
 10
86.4838
 20
105.069
 30
0.0
 11
87.3191
 21
104.681
 31
0.0
  0
LINE
  5
3A7
  8
0
 10
87.3191
 20
104.681
 30
0.0
 11
88.1495
 21
104.282
 31
0.0
  0
LINE
  5
3A8
  8
0
 10
88.1495
 20
104.282
 30
0.0
 11
88.975
 21
103.872
 31
0.0
  0
LINE
  5
3A9
  8
0
 10
88.975
 20
103.872
 30
0.0
 11
89.7953
 21
103.453
 31
0.0
  0
LINE
  5
3AA
  8
0
 10
89.7953
 20
103.453
 30
0.0
 11
90.6105
 21
103.024
 31
0.0
  0
LINE
  5
3AB
  8
0
 10
90.6105
 20
103.024
 30
0.0
 11
91.4203
 21
102.585
 31
0.0
  0
LINE
  5
3AC
  8
0
 10
91.4203
 20
102.585
 30
0.0
 11
92.2247
 21
102.135
 31
0.0
  0
LINE
  5
3AD
  8
0
 10
92.2247
 20
102.135
 30
0.0
 11
93.0235
 21
101.676
 31
0.0
  0
LINE
  5
3AE
  8
0
 10
93.0235
 20
101.676
 30
0.0
 11
93.8167
 21
101.208
 31
0.0
  0
LINE
  5
3AF
  8
0
 10
93.8167
 20
101.208
 30
0.0
 11
94.604
 21
100.729
 31
0.0
  0
LINE
  5
3B0
  8
0
 10
94.604
 20
100.729
 30
0.0
 11
95.3853
 21
100.241
 31
0.0
  0
LINE
  5
3B1
  8
0
 10
95.3853
 20
100.241
 30
0.0
 11
96.1607
 21
99.7433
 31
0.0
  0
LINE
  5
3B2
  8
0
 10
96.1607
 20
99.7433
 30
0.0
 11
96.9298
 21
99.2362
 31
0.0
  0
LINE
  5
3B3
  8
0
 10
96.9298
 20
99.2362
 30
0.0
 11
97.6927
 21
98.7196
 31
0.0
  0
LINE
  5
3B4
  8
0
 10
97.6927
 20
98.7196
 30
0.0
 11
98.4492
 21
98.1938
 31
0.0
  0
LINE
  5
3B5
  8
0
 10
98.4492
 20
98.1938
 30
0.0
 11
99.1992
 21
97.6587
 31
0.0
  0
LINE
  5
3B6
  8
0
 10
99.1992
 20
97.6587
 30
0.0
 11
99.9425
 21
97.1144
 31
0.0
  0
LINE
  5
3B7
  8
0
 10
99.9425
 20
97.1144
 30
0.0
 11
100.679
 21
96.5611
 31
0.0
  0
LINE
  5
3B8
  8
0
 10
100.679
 20
96.5611
 30
0.0
 11
101.409
 21
95.9987
 31
0.0
  0
LINE
  5
3B9
  8
0
 10
101.409
 20
95.9987
 30
0.0
 11
102.132
 21
95.4274
 31
0.0
  0
LINE
  5
3BA
  8
0
 10
102.132
 20
95.4274
 30
0.0
 11
102.847
 21
94.8474
 31
0.0
  0
LINE
  5
3BB
  8
0
 10
102.847
 20
94.8474
 30
0.0
 11
103.556
 21
94.2585
 31
0.0
  0
LINE
  5
3BC
  8
0
 10
103.556
 20
94.2585
 30
0.0
 11
104.257
 21
93.661
 31
0.0
  0
LINE
  5
3BD
  8
0
 10
104.257
 20
93.661
 30
0.0
 11
104.951
 21
93.055
 31
0.0
  0
LINE
  5
3BE
  8
0
 10
104.951
 20
93.055
 30
0.0
 11
105.638
 21
92.4405
 31
0.0
  0
LINE
  5
3BF
  8
0
 10
105.638
 20
92.4405
 30
0.0
 11
106.317
 21
91.8176
 31
0.0
  0
LINE
  5
3C0
  8
0
 10
106.317
 20
91.8176
 30
0.0
 11
106.988
 21
91.1864
 31
0.0
  0
LINE
  5
3C1
  8
0
 10
106.988
 20
91.1864
 30
0.0
 11
107.651
 21
90.5471
 31
0.0
  0
LINE
  5
3C2
  8
0
 10
107.651
 20
90.5471
 30
0.0
 11
108.306
 21
89.8996
 31
0.0
  0
LINE
  5
3C3
  8
0
 10
108.306
 20
89.8996
 30
0.0
 11
108.954
 21
89.2442
 31
0.0
  0
LINE
  5
3C4
  8
0
 10
108.954
 20
89.2442
 30
0.0
 11
109.593
 21
88.5809
 31
0.0
  0
LINE
  5
3C5
  8
0
 10
109.593
 20
88.5809
 30
0.0
 11
110.224
 21
87.9097
 31
0.0
  0
LINE
  5
3C6
  8
0
 10
110.224
 20
87.9097
 30
0.0
 11
110.847
 21
87.2309
 31
0.0
  0
LINE
  5
3C7
  8
0
 10
110.847
 20
87.2309
 30
0.0
 11
111.462
 21
86.5445
 31
0.0
  0
LINE
  5
3C8
  8
0
 10
111.462
 20
86.5445
 30
0.0
 11
112.068
 21
85.8505
 31
0.0
  0
LINE
  5
3C9
  8
0
 10
112.068
 20
85.8505
 30
0.0
 11
112.665
 21
85.1492
 31
0.0
  0
LINE
  5
3CA
  8
0
 10
112.665
 20
85.1492
 30
0.0
 11
113.254
 21
84.4407
 31
0.0
  0
LINE
  5
3CB
  8
0
 10
113.254
 20
84.4407
 30
0.0
 11
113.834
 21
83.7249
 31
0.0
  0
LINE
  5
3CC
  8
0
 10
113.834
 20
83.7249
 30
0.0
 11
114.406
 21
83.0021
 31
0.0
  0
LINE
  5
3CD
  8
0
 10
114.406
 20
83.0021
 30
0.0
 11
114.968
 21
82.2723
 31
0.0
  0
LINE
  5
3CE
  8
0
 10
114.968
 20
82.2723
 30
0.0
 11
115.521
 21
81.5357
 31
0.0
  0
LINE
  5
3CF
  8
0
 10
115.521
 20
81.5357
 30
0.0
 11
116.065
 21
80.7924
 31
0.0
  0
LINE
  5
3D0
  8
0
 10
116.065
 20
80.7924
 30
0.0
 11
116.601
 21
80.0424
 31
0.0
  0
LINE
  5
3D1
  8
0
 10
116.601
 20
80.0424
 30
0.0
 11
117.126
 21
79.2859
 31
0.0
  0
LINE
  5
3D2
  8
0
 10
117.126
 20
79.2859
 30
0.0
 11
117.643
 21
78.523
 31
0.0
  0
LINE
  5
3D3
  8
0
 10
117.643
 20
78.523
 30
0.0
 11
118.15
 21
77.7539
 31
0.0
  0
LINE
  5
3D4
  8
0
 10
118.15
 20
77.7539
 30
0.0
 11
118.648
 21
76.9785
 31
0.0
  0
LINE
  5
3D5
  8
0
 10
118.648
 20
76.9785
 30
0.0
 11
119.136
 21
76.1972
 31
0.0
  0
LINE
  5
3D6
  8
0
 10
119.136
 20
76.1972
 30
0.0
 11
119.614
 21
75.4099
 31
0.0
  0
LINE
  5
3D7
  8
0
 10
119.614
 20
75.4099
 30
0.0
 11
120.083
 21
74.6167
 31
0.0
  0
LINE
  5
3D8
  8
0
 10
120.083
 20
74.6167
 30
0.0
 11
120.542
 21
73.8179
 31
0.0
  0
LINE
  5
3D9
  8
0
 10
120.542
 20
73.8179
 30
0.0
 11
120.991
 21
73.0135
 31
0.0
  0
LINE
  5
3DA
  8
0
 10
120.991
 20
73.0135
 30
0.0
 11
121.431
 21
72.2037
 31
0.0
  0
LINE
  5
3DB
  8
0
 10
121.431
 20
72.2037
 30
0.0
 11
121.86
 21
71.3885
 31
0.0
  0
LINE
  5
3DC
  8
0
 10
121.86
 20
71.3885
 30
0.0
 11
122.279
 21
70.5682
 31
0.0
  0
LINE
  5
3DD
  8
0
 10
122.279
 20
70.5682
 30
0.0
 11
122.688
 21
69.7427
 31
0.0
  0
LINE
  5
3DE
  8
0
 10
122.688
 20
69.7427
 30
0.0
 11
123.087
 21
68.9123
 31
0.0
  0
LINE
  5
3DF
  8
0
 10
123.087
 20
68.9123
 30
0.0
 11
123.476
 21
68.077
 31
0.0
  0
LINE
  5
3E0
  8
0
 10
123.476
 20
68.077
 30
0.0
 11
123.855
 21
67.2371
 31
0.0
  0
LINE
  5
3E1
  8
0
 10
123.855
 20
67.2371
 30
0.0
 11
124.223
 21
66.3925
 31
0.0
  0
LINE
  5
3E2
  8
0
 10
124.223
 20
66.3925
 30
0.0
 11
124.581
 21
65.5435
 31
0.0
  0
LINE
  5
3E3
  8
0
 10
124.581
 20
65.5435
 30
0.0
 11
124.928
 21
64.6902
 31
0.0
  0
LINE
  5
3E4
  8
0
 10
124.928
 20
64.6902
 30
0.0
 11
125.265
 21
63.8327
 31
0.0
  0
LINE
  5
3E5
  8
0
 10
125.265
 20
63.8327
 30
0.0
 11
125.591
 21
62.9711
 31
0.0
  0
LINE
  5
3E6
  8
0
 10
125.591
 20
62.9711
 30
0.0
 11
125.907
 21
62.1056
 31
0.0
  0
LINE
  5
3E7
  8
0
 10
125.907
 20
62.1056
 30
0.0
 11
126.212
 21
61.2363
 31
0.0
  0
LINE
  5
3E8
  8
0
 10
126.212
 20
61.2363
 30
0.0
 11
126.506
 21
60.3633
 31
0.0
  0
LINE
  5
3E9
  8
0
 10
126.506
 20
60.3633
 30
0.0
 11
126.79
 21
59.4867
 31
0.0
  0
LINE
  5
3EA
  8
0
 10
126.79
 20
59.4867
 30
0.0
 11
127.063
 21
58.6067
 31
0.0
  0
LINE
  5
3EB
  8
0
 10
127.063
 20
58.6067
 30
0.0
 11
127.325
 21
57.7235
 31
0.0
  0
LINE
  5
3EC
  8
0
 10
127.325
 20
57.7235
 30
0.0
 11
127.576
 21
56.8371
 31
0.0
  0
LINE
  5
3ED
  8
0
 10
127.576
 20
56.8371
 30
0.0
 11
127.816
 21
55.9476
 31
0.0
  0
LINE
  5
3EE
  8
0
 10
127.816
 20
55.9476
 30
0.0
 11
128.045
 21
55.0553
 31
0.0
  0
LINE
  5
3EF
  8
0
 10
128.045
 20
55.0553
 30
0.0
 11
128.264
 21
54.1603
 31
0.0
  0
LINE
  5
3F0
  8
0
 10
128.264
 20
54.1603
 30
0.0
 11
128.471
 21
53.2626
 31
0.0
  0
LINE
  5
3F1
  8
0
 10
128.471
 20
53.2626
 30
0.0
 11
128.668
 21
52.3625
 31
0.0
  0
LINE
  5
3F2
  8
0
 10
128.668
 20
52.3625
 30
0.0
 11
128.853
 21
51.46
 31
0.0
  0
LINE
  5
3F3
  8
0
 10
128.853
 20
51.46
 30
0.0
 11
129.027
 21
50.5553
 31
0.0
  0
LINE
  5
3F4
  8
0
 10
129.027
 20
50.5553
 30
0.0
 11
129.19
 21
49.6486
 31
0.0
  0
LINE
  5
3F5
  8
0
 10
129.19
 20
49.6486
 30
0.0
 11
129.342
 21
48.7399
 31
0.0
  0
LINE
  5
3F6
  8
0
 10
129.342
 20
48.7399
 30
0.0
 11
129.483
 21
47.8294
 31
0.0
  0
LINE
  5
3F7
  8
0
 10
129.483
 20
47.8294
 30
0.0
 11
129.612
 21
46.9172
 31
0.0
  0
LINE
  5
3F8
  8
0
 10
129.612
 20
46.9172
 30
0.0
 11
129.731
 21
46.0036
 31
0.0
  0
LINE
  5
3F9
  8
0
 10
129.731
 20
46.0036
 30
0.0
 11
129.838
 21
45.0885
 31
0.0
  0
LINE
  5
3FA
  8
0
 10
129.838
 20
45.0885
 30
0.0
 11
129.934
 21
44.1722
 31
0.0
  0
LINE
  5
3FB
  8
0
 10
129.934
 20
44.1722
 30
0.0
 11
130.019
 21
43.2548
 31
0.0
  0
LINE
  5
3FC
  8
0
 10
130.019
 20
43.2548
 30
0.0
 11
130.092
 21
42.3365
 31
0.0
  0
LINE
  5
3FD
  8
0
 10
130.092
 20
42.3365
 30
0.0
 11
130.154
 21
41.4173
 31
0.0
  0
LINE
  5
3FE
  8
0
 10
130.154
 20
41.4173
 30
0.0
 11
130.205
 21
40.4973
 31
0.0
  0
LINE
  5
3FF
  8
0
 10
130.205
 20
40.4973
 30
0.0
 11
130.245
 21
39.5769
 31
0.0
  0
LINE
  5
400
  8
0
 10
130.245
 20
39.5769
 30
0.0
 11
130.273
 21
38.656
 31
0.0
  0
LINE
  5
401
  8
0
 10
130.273
 20
38.656
 30
0.0
 11
130.29
 21
37.7349
 31
0.0
  0
LINE
  5
402
  8
0
 10
130.29
 20
37.7349
 30
0.0
 11
130.295
 21
36.8136
 31
0.0
  0
LINE
  5
403
  8
0
 10
130.295
 20
36.8136
 30
0.0
 11
130.29
 21
35.8923
 31
0.0
  0
LINE
  5
404
  8
0
 10
130.29
 20
35.8923
 30
0.0
 11
130.273
 21
34.9712
 31
0.0
  0
LINE
  5
405
  8
0
 10
130.273
 20
34.9712
 30
0.0
 11
130.245
 21
34.0503
 31
0.0
  0
LINE
  5
406
  8
0
 10
130.245
 20
34.0503
 30
0.0
 11
130.205
 21
33.1299
 31
0.0
  0
LINE
  5
407
  8
0
 10
130.205
 20
33.1299
 30
0.0
 11
130.154
 21
32.2099
 31
0.0
  0
LINE
  5
408
  8
0
 10
130.154
 20
32.2099
 30
0.0
 11
130.092
 21
31.2907
 31
0.0
  0
LINE
  5
409
  8
0
 10
130.092
 20
31.2907
 30
0.0
 11
130.019
 21
30.3724
 31
0.0
  0
LINE
  5
40A
  8
0
 10
130.019
 20
30.3724
 30
0.0
 11
129.934
 21
29.455
 31
0.0
  0
LINE
  5
40B
  8
0
 10
129.934
 20
29.455
 30
0.0
 11
129.838
 21
28.5387
 31
0.0
  0
LINE
  5
40C
  8
0
 10
129.838
 20
28.5387
 30
0.0
 11
129.731
 21
27.6236
 31
0.0
  0
LINE
  5
40D
  8
0
 10
129.731
 20
27.6236
 30
0.0
 11
129.612
 21
26.71
 31
0.0
  0
LINE
  5
40E
  8
0
 10
129.612
 20
26.71
 30
0.0
 11
129.483
 21
25.7978
 31
0.0
  0
LINE
  5
40F
  8
0
 10
129.483
 20
25.7978
 30
0.0
 11
129.342
 21
24.8873
 31
0.0
  0
LINE
  5
410
  8
0
 10
129.342
 20
24.8873
 30
0.0
 11
129.19
 21
23.9786
 31
0.0
  0
LINE
  5
411
  8
0
 10
129.19
 20
23.9786
 30
0.0
 11
129.027
 21
23.0719
 31
0.0
  0
LINE
  5
412
  8
0
 10
129.027
 20
23.0719
 30
0.0
 11
128.853
 21
22.1672
 31
0.0
  0
LINE
  5
413
  8
0
 10
128.853
 20
22.1672
 30
0.0
 11
128.668
 21
21.2647
 31
0.0
  0
LINE
  5
414
  8
0
 10
128.668
 20
21.2647
 30
0.0
 11
128.471
 21
20.3646
 31
0.0
  0
LINE
  5
415
  8
0
 10
128.471
 20
20.3646
 30
0.0
 11
128.264
 21
19.4669
 31
0.0
  0
LINE
  5
416
  8
0
 10
128.264
 20
19.4669
 30
0.0
 11
128.045
 21
18.5719
 31
0.0
  0
LINE
  5
417
  8
0
 10
128.045
 20
18.5719
 30
0.0
 11
127.816
 21
17.6796
 31
0.0
  0
LINE
  5
418
  8
0
 10
127.816
 20
17.6796
 30
0.0
 11
127.576
 21
16.7901
 31
0.0
  0
LINE
  5
419
  8
0
 10
127.576
 20
16.7901
 30
0.0
 11
127.325
 21
15.9037
 31
0.0
  0
LINE
  5
41A
  8
0
 10
127.325
 20
15.9037
 30
0.0
 11
127.063
 21
15.0205
 31
0.0
  0
LINE
  5
41B
  8
0
 10
127.063
 20
15.0205
 30
0.0
 11
126.79
 21
14.1405
 31
0.0
  0
LINE
  5
41C
  8
0
 10
126.79
 20
14.1405
 30
0.0
 11
126.506
 21
13.2639
 31
0.0
  0
LINE
  5
41D
  8
0
 10
126.506
 20
13.2639
 30
0.0
 11
126.212
 21
12.3909
 31
0.0
  0
LINE
  5
41E
  8
0
 10
126.212
 20
12.3909
 30
0.0
 11
125.907
 21
11.5216
 31
0.0
  0
LINE
  5
41F
  8
0
 10
125.907
 20
11.5216
 30
0.0
 11
125.591
 21
10.6561
 31
0.0
  0
LINE
  5
420
  8
0
 10
125.591
 20
10.6561
 30
0.0
 11
125.265
 21
9.79448
 31
0.0
  0
LINE
  5
421
  8
0
 10
125.265
 20
9.79448
 30
0.0
 11
124.928
 21
8.93697
 31
0.0
  0
LINE
  5
422
  8
0
 10
124.928
 20
8.93697
 30
0.0
 11
124.581
 21
8.08365
 31
0.0
  0
LINE
  5
423
  8
0
 10
124.581
 20
8.08365
 30
0.0
 11
124.223
 21
7.23465
 31
0.0
  0
LINE
  5
424
  8
0
 10
124.223
 20
7.23465
 30
0.0
 11
123.855
 21
6.39011
 31
0.0
  0
LINE
  5
425
  8
0
 10
123.855
 20
6.39011
 30
0.0
 11
123.476
 21
5.55016
 31
0.0
  0
LINE
  5
426
  8
0
 10
123.476
 20
5.55016
 30
0.0
 11
123.087
 21
4.7149
 31
0.0
  0
LINE
  5
427
  8
0
 10
123.087
 20
4.7149
 30
0.0
 11
122.688
 21
3.88449
 31
0.0
  0
LINE
  5
428
  8
0
 10
122.688
 20
3.88449
 30
0.0
 11
122.279
 21
3.05904
 31
0.0
  0
LINE
  5
429
  8
0
 10
122.279
 20
3.05904
 30
0.0
 11
121.86
 21
2.23866
 31
0.0
  0
LINE
  5
42A
  8
0
 10
121.86
 20
2.23866
 30
0.0
 11
121.431
 21
1.42349
 31
0.0
  0
LINE
  5
42B
  8
0
 10
121.431
 20
1.42349
 30
0.0
 11
120.991
 21
0.613663
 31
0.0
  0
LINE
  5
42C
  8
0
 10
120.991
 20
0.613663
 30
0.0
 11
120.542
 21
-0.19072
 31
0.0
  0
LINE
  5
42D
  8
0
 10
120.542
 20
-0.19072
 30
0.0
 11
120.083
 21
-0.989517
 31
0.0
  0
LINE
  5
42E
  8
0
 10
120.083
 20
-0.989517
 30
0.0
 11
119.614
 21
-1.78264
 31
0.0
  0
LINE
  5
42F
  8
0
 10
119.614
 20
-1.78264
 30
0.0
 11
119.136
 21
-2.56995
 31
0.0
  0
LINE
  5
430
  8
0
 10
119.136
 20
-2.56995
 30
0.0
 11
118.648
 21
-3.35133
 31
0.0
  0
LINE
  5
431
  8
0
 10
118.648
 20
-3.35133
 30
0.0
 11
118.15
 21
-4.12665
 31
0.0
  0
LINE
  5
432
  8
0
 10
118.15
 20
-4.12665
 30
0.0
 11
117.643
 21
-4.89581
 31
0.0
  0
LINE
  5
433
  8
0
 10
117.643
 20
-4.89581
 30
0.0
 11
117.126
 21
-5.65869
 31
0.0
  0
LINE
  5
434
  8
0
 10
117.126
 20
-5.65869
 30
0.0
 11
116.601
 21
-6.41518
 31
0.0
  0
LINE
  5
435
  8
0
 10
116.601
 20
-6.41518
 30
0.0
 11
116.065
 21
-7.16516
 31
0.0
  0
LINE
  5
436
  8
0
 10
116.065
 20
-7.16516
 30
0.0
 11
115.521
 21
-7.90851
 31
0.0
  0
LINE
  5
437
  8
0
 10
115.521
 20
-7.90851
 30
0.0
 11
114.968
 21
-8.64513
 31
0.0
  0
LINE
  5
438
  8
0
 10
114.968
 20
-8.64513
 30
0.0
 11
114.406
 21
-9.37489
 31
0.0
  0
LINE
  5
439
  8
0
 10
114.406
 20
-9.37489
 30
0.0
 11
113.834
 21
-10.0977
 31
0.0
  0
LINE
  5
43A
  8
0
 10
113.834
 20
-10.0977
 30
0.0
 11
113.254
 21
-10.8135
 31
0.0
  0
LINE
  5
43B
  8
0
 10
113.254
 20
-10.8135
 30
0.0
 11
112.665
 21
-11.522
 31
0.0
  0
LINE
  5
43C
  8
0
 10
112.665
 20
-11.522
 30
0.0
 11
112.068
 21
-12.2233
 31
0.0
  0
LINE
  5
43D
  8
0
 10
112.068
 20
-12.2233
 30
0.0
 11
111.462
 21
-12.9173
 31
0.0
  0
LINE
  5
43E
  8
0
 10
111.462
 20
-12.9173
 30
0.0
 11
110.847
 21
-13.6037
 31
0.0
  0
LINE
  5
43F
  8
0
 10
110.847
 20
-13.6037
 30
0.0
 11
110.224
 21
-14.2825
 31
0.0
  0
LINE
  5
440
  8
0
 10
110.224
 20
-14.2825
 30
0.0
 11
109.593
 21
-14.9536
 31
0.0
  0
LINE
  5
441
  8
0
 10
109.593
 20
-14.9536
 30
0.0
 11
108.954
 21
-15.617
 31
0.0
  0
LINE
  5
442
  8
0
 10
108.954
 20
-15.617
 30
0.0
 11
108.306
 21
-16.2724
 31
0.0
  0
LINE
  5
443
  8
0
 10
108.306
 20
-16.2724
 30
0.0
 11
107.651
 21
-16.9199
 31
0.0
  0
LINE
  5
444
  8
0
 10
107.651
 20
-16.9199
 30
0.0
 11
106.988
 21
-17.5592
 31
0.0
  0
LINE
  5
445
  8
0
 10
106.988
 20
-17.5592
 30
0.0
 11
106.317
 21
-18.1904
 31
0.0
  0
LINE
  5
446
  8
0
 10
106.317
 20
-18.1904
 30
0.0
 11
105.638
 21
-18.8133
 31
0.0
  0
LINE
  5
447
  8
0
 10
105.638
 20
-18.8133
 30
0.0
 11
104.951
 21
-19.4278
 31
0.0
  0
LINE
  5
448
  8
0
 10
104.951
 20
-19.4278
 30
0.0
 11
104.257
 21
-20.0338
 31
0.0
  0
LINE
  5
449
  8
0
 10
104.257
 20
-20.0338
 30
0.0
 11
103.556
 21
-20.6313
 31
0.0
  0
LINE
  5
44A
  8
0
 10
103.556
 20
-20.6313
 30
0.0
 11
102.847
 21
-21.2201
 31
0.0
  0
LINE
  5
44B
  8
0
 10
102.847
 20
-21.2201
 30
0.0
 11
102.132
 21
-21.8002
 31
0.0
  0
LINE
  5
44C
  8
0
 10
102.132
 20
-21.8002
 30
0.0
 11
101.409
 21
-22.3715
 31
0.0
  0
LINE
  5
44D
  8
0
 10
101.409
 20
-22.3715
 30
0.0
 11
100.679
 21
-22.9338
 31
0.0
  0
LINE
  5
44E
  8
0
 10
100.679
 20
-22.9338
 30
0.0
 11
99.9425
 21
-23.4872
 31
0.0
  0
LINE
  5
44F
  8
0
 10
99.9425
 20
-23.4872
 30
0.0
 11
99.1992
 21
-24.0314
 31
0.0
  0
LINE
  5
450
  8
0
 10
99.1992
 20
-24.0314
 30
0.0
 11
98.4492
 21
-24.5666
 31
0.0
  0
LINE
  5
451
  8
0
 10
98.4492
 20
-24.5666
 30
0.0
 11
97.6927
 21
-25.0924
 31
0.0
  0
LINE
  5
452
  8
0
 10
97.6927
 20
-25.0924
 30
0.0
 11
96.9298
 21
-25.609
 31
0.0
  0
LINE
  5
453
  8
0
 10
96.9298
 20
-25.609
 30
0.0
 11
96.1607
 21
-26.1161
 31
0.0
  0
LINE
  5
454
  8
0
 10
96.1607
 20
-26.1161
 30
0.0
 11
95.3853
 21
-26.6138
 31
0.0
  0
LINE
  5
455
  8
0
 10
95.3853
 20
-26.6138
 30
0.0
 11
94.604
 21
-27.1019
 31
0.0
  0
LINE
  5
456
  8
0
 10
94.604
 20
-27.1019
 30
0.0
 11
93.8167
 21
-27.5804
 31
0.0
  0
LINE
  5
457
  8
0
 10
93.8167
 20
-27.5804
 30
0.0
 11
93.0235
 21
-28.0491
 31
0.0
  0
LINE
  5
458
  8
0
 10
93.0235
 20
-28.0491
 30
0.0
 11
92.2247
 21
-28.5082
 31
0.0
  0
LINE
  5
459
  8
0
 10
92.2247
 20
-28.5082
 30
0.0
 11
91.4203
 21
-28.9574
 31
0.0
  0
LINE
  5
45A
  8
0
 10
91.4203
 20
-28.9574
 30
0.0
 11
90.6105
 21
-29.3966
 31
0.0
  0
LINE
  5
45B
  8
0
 10
90.6105
 20
-29.3966
 30
0.0
 11
89.7953
 21
-29.8259
 31
0.0
  0
LINE
  5
45C
  8
0
 10
89.7953
 20
-29.8259
 30
0.0
 11
88.975
 21
-30.2452
 31
0.0
  0
LINE
  5
45D
  8
0
 10
88.975
 20
-30.2452
 30
0.0
 11
88.1495
 21
-30.6544
 31
0.0
  0
LINE
  5
45E
  8
0
 10
88.1495
 20
-30.6544
 30
0.0
 11
87.3191
 21
-31.0534
 31
0.0
  0
LINE
  5
45F
  8
0
 10
87.3191
 20
-31.0534
 30
0.0
 11
86.4838
 21
-31.4422
 31
0.0
  0
LINE
  5
460
  8
0
 10
86.4838
 20
-31.4422
 30
0.0
 11
85.6439
 21
-31.8207
 31
0.0
  0
LINE
  5
461
  8
0
 10
85.6439
 20
-31.8207
 30
0.0
 11
84.7993
 21
-32.1889
 31
0.0
  0
LINE
  5
462
  8
0
 10
84.7993
 20
-32.1889
 30
0.0
 11
83.9503
 21
-32.5466
 31
0.0
  0
LINE
  5
463
  8
0
 10
83.9503
 20
-32.5466
 30
0.0
 11
83.097
 21
-32.894
 31
0.0
  0
LINE
  5
464
  8
0
 10
83.097
 20
-32.894
 30
0.0
 11
82.2395
 21
-33.2308
 31
0.0
  0
LINE
  5
465
  8
0
 10
82.2395
 20
-33.2308
 30
0.0
 11
81.3779
 21
-33.5571
 31
0.0
  0
LINE
  5
466
  8
0
 10
81.3779
 20
-33.5571
 30
0.0
 11
80.5124
 21
-33.8728
 31
0.0
  0
LINE
  5
467
  8
0
 10
80.5124
 20
-33.8728
 30
0.0
 11
79.6431
 21
-34.1779
 31
0.0
  0
LINE
  5
468
  8
0
 10
79.6431
 20
-34.1779
 30
0.0
 11
78.7701
 21
-34.4722
 31
0.0
  0
LINE
  5
469
  8
0
 10
78.7701
 20
-34.4722
 30
0.0
 11
77.8935
 21
-34.7558
 31
0.0
  0
LINE
  5
46A
  8
0
 10
77.8935
 20
-34.7558
 30
0.0
 11
77.0135
 21
-35.0287
 31
0.0
  0
LINE
  5
46B
  8
0
 10
77.0135
 20
-35.0287
 30
0.0
 11
76.1303
 21
-35.2907
 31
0.0
  0
LINE
  5
46C
  8
0
 10
76.1303
 20
-35.2907
 30
0.0
 11
75.2439
 21
-35.5419
 31
0.0
  0
LINE
  5
46D
  8
0
 10
75.2439
 20
-35.5419
 30
0.0
 11
74.3544
 21
-35.7821
 31
0.0
  0
LINE
  5
46E
  8
0
 10
74.3544
 20
-35.7821
 30
0.0
 11
73.4621
 21
-36.0115
 31
0.0
  0
LINE
  5
46F
  8
0
 10
73.4621
 20
-36.0115
 30
0.0
 11
72.5671
 21
-36.2298
 31
0.0
  0
LINE
  5
470
  8
0
 10
72.5671
 20
-36.2298
 30
0.0
 11
71.6694
 21
-36.4372
 31
0.0
  0
LINE
  5
471
  8
0
 10
71.6694
 20
-36.4372
 30
0.0
 11
70.7693
 21
-36.6336
 31
0.0
  0
LINE
  5
472
  8
0
 10
70.7693
 20
-36.6336
 30
0.0
 11
69.8668
 21
-36.8188
 31
0.0
  0
LINE
  5
473
  8
0
 10
69.8668
 20
-36.8188
 30
0.0
 11
68.9621
 21
-36.993
 31
0.0
  0
LINE
  5
474
  8
0
 10
68.9621
 20
-36.993
 30
0.0
 11
68.0554
 21
-37.1561
 31
0.0
  0
LINE
  5
475
  8
0
 10
68.0554
 20
-37.1561
 30
0.0
 11
67.1467
 21
-37.308
 31
0.0
  0
LINE
  5
476
  8
0
 10
67.1467
 20
-37.308
 30
0.0
 11
66.2362
 21
-37.4488
 31
0.0
  0
LINE
  5
477
  8
0
 10
66.2362
 20
-37.4488
 30
0.0
 11
65.324
 21
-37.5784
 31
0.0
  0
LINE
  5
478
  8
0
 10
65.324
 20
-37.5784
 30
0.0
 11
64.4104
 21
-37.6968
 31
0.0
  0
LINE
  5
479
  8
0
 10
64.4104
 20
-37.6968
 30
0.0
 11
63.4953
 21
-37.804
 31
0.0
  0
LINE
  5
47A
  8
0
 10
63.4953
 20
-37.804
 30
0.0
 11
62.579
 21
-37.8999
 31
0.0
  0
LINE
  5
47B
  8
0
 10
62.579
 20
-37.8999
 30
0.0
 11
61.6616
 21
-37.9846
 31
0.0
  0
LINE
  5
47C
  8
0
 10
61.6616
 20
-37.9846
 30
0.0
 11
60.7433
 21
-38.058
 31
0.0
  0
LINE
  5
47D
  8
0
 10
60.7433
 20
-38.058
 30
0.0
 11
59.8241
 21
-38.1201
 31
0.0
  0
LINE
  5
47E
  8
0
 10
59.8241
 20
-38.1201
 30
0.0
 11
58.9041
 21
-38.1709
 31
0.0
  0
LINE
  5
47F
  8
0
 10
58.9041
 20
-38.1709
 30
0.0
 11
57.9837
 21
-38.2105
 31
0.0
  0
LINE
  5
480
  8
0
 10
57.9837
 20
-38.2105
 30
0.0
 11
57.0628
 21
-38.2388
 31
0.0
  0
LINE
  5
481
  8
0
 10
57.0628
 20
-38.2388
 30
0.0
 11
56.1417
 21
-38.2557
 31
0.0
  0
LINE
  5
482
  8
0
 10
56.1417
 20
-38.2557
 30
0.0
 11
55.2204
 21
-38.2614
 31
0.0
  0
LINE
  5
483
  8
0
 10
55.2204
 20
-38.2614
 30
0.0
 11
54.2991
 21
-38.2557
 31
0.0
  0
LINE
  5
484
  8
0
 10
56.1398
 20
-38.1057
 30
0.0
 11
57.0591
 21
-38.0888
 31
0.0
  0
LINE
  5
485
  8
0
 10
57.0591
 20
-38.0888
 30
0.0
 11
57.9782
 21
-38.0606
 31
0.0
  0
LINE
  5
486
  8
0
 10
57.9782
 20
-38.0606
 30
0.0
 11
58.8968
 21
-38.0211
 31
0.0
  0
LINE
  5
487
  8
0
 10
58.8968
 20
-38.0211
 30
0.0
 11
59.8148
 21
-37.9704
 31
0.0
  0
LINE
  5
488
  8
0
 10
59.8148
 20
-37.9704
 30
0.0
 11
60.7322
 21
-37.9084
 31
0.0
  0
LINE
  5
489
  8
0
 10
60.7322
 20
-37.9084
 30
0.0
 11
61.6488
 21
-37.8351
 31
0.0
  0
LINE
  5
48A
  8
0
 10
61.6488
 20
-37.8351
 30
0.0
 11
62.5643
 21
-37.7506
 31
0.0
  0
LINE
  5
48B
  8
0
 10
62.5643
 20
-37.7506
 30
0.0
 11
63.4788
 21
-37.6549
 31
0.0
  0
LINE
  5
48C
  8
0
 10
63.4788
 20
-37.6549
 30
0.0
 11
64.392
 21
-37.5479
 31
0.0
  0
LINE
  5
48D
  8
0
 10
64.392
 20
-37.5479
 30
0.0
 11
65.3038
 21
-37.4298
 31
0.0
  0
LINE
  5
48E
  8
0
 10
65.3038
 20
-37.4298
 30
0.0
 11
66.2142
 21
-37.3004
 31
0.0
  0
LINE
  5
48F
  8
0
 10
66.2142
 20
-37.3004
 30
0.0
 11
67.1228
 21
-37.1599
 31
0.0
  0
LINE
  5
490
  8
0
 10
67.1228
 20
-37.1599
 30
0.0
 11
68.0297
 21
-37.0083
 31
0.0
  0
LINE
  5
491
  8
0
 10
68.0297
 20
-37.0083
 30
0.0
 11
68.9346
 21
-36.8456
 31
0.0
  0
LINE
  5
492
  8
0
 10
68.9346
 20
-36.8456
 30
0.0
 11
69.8375
 21
-36.6717
 31
0.0
  0
LINE
  5
493
  8
0
 10
69.8375
 20
-36.6717
 30
0.0
 11
70.7382
 21
-36.4868
 31
0.0
  0
LINE
  5
494
  8
0
 10
70.7382
 20
-36.4868
 30
0.0
 11
71.6366
 21
-36.2909
 31
0.0
  0
LINE
  5
495
  8
0
 10
71.6366
 20
-36.2909
 30
0.0
 11
72.5324
 21
-36.0839
 31
0.0
  0
LINE
  5
496
  8
0
 10
72.5324
 20
-36.0839
 30
0.0
 11
73.4257
 21
-35.866
 31
0.0
  0
LINE
  5
497
  8
0
 10
73.4257
 20
-35.866
 30
0.0
 11
74.3162
 21
-35.6371
 31
0.0
  0
LINE
  5
498
  8
0
 10
74.3162
 20
-35.6371
 30
0.0
 11
75.2038
 21
-35.3973
 31
0.0
  0
LINE
  5
499
  8
0
 10
75.2038
 20
-35.3973
 30
0.0
 11
76.0885
 21
-35.1466
 31
0.0
  0
LINE
  5
49A
  8
0
 10
76.0885
 20
-35.1466
 30
0.0
 11
76.97
 21
-34.8851
 31
0.0
  0
LINE
  5
49B
  8
0
 10
76.97
 20
-34.8851
 30
0.0
 11
77.8482
 21
-34.6128
 31
0.0
  0
LINE
  5
49C
  8
0
 10
77.8482
 20
-34.6128
 30
0.0
 11
78.723
 21
-34.3298
 31
0.0
  0
LINE
  5
49D
  8
0
 10
78.723
 20
-34.3298
 30
0.0
 11
79.5943
 21
-34.036
 31
0.0
  0
LINE
  5
49E
  8
0
 10
79.5943
 20
-34.036
 30
0.0
 11
80.4619
 21
-33.7316
 31
0.0
  0
LINE
  5
49F
  8
0
 10
80.4619
 20
-33.7316
 30
0.0
 11
81.3257
 21
-33.4165
 31
0.0
  0
LINE
  5
4A0
  8
0
 10
81.3257
 20
-33.4165
 30
0.0
 11
82.1855
 21
-33.0909
 31
0.0
  0
LINE
  5
4A1
  8
0
 10
82.1855
 20
-33.0909
 30
0.0
 11
83.0413
 21
-32.7547
 31
0.0
  0
LINE
  5
4A2
  8
0
 10
83.0413
 20
-32.7547
 30
0.0
 11
83.8929
 21
-32.4081
 31
0.0
  0
LINE
  5
4A3
  8
0
 10
83.8929
 20
-32.4081
 30
0.0
 11
84.7402
 21
-32.051
 31
0.0
  0
LINE
  5
4A4
  8
0
 10
84.7402
 20
-32.051
 30
0.0
 11
85.5831
 21
-31.6835
 31
0.0
  0
LINE
  5
4A5
  8
0
 10
85.5831
 20
-31.6835
 30
0.0
 11
86.4214
 21
-31.3058
 31
0.0
  0
LINE
  5
4A6
  8
0
 10
86.4214
 20
-31.3058
 30
0.0
 11
87.255
 21
-30.9178
 31
0.0
  0
LINE
  5
4A7
  8
0
 10
87.255
 20
-30.9178
 30
0.0
 11
88.0837
 21
-30.5196
 31
0.0
  0
LINE
  5
4A8
  8
0
 10
88.0837
 20
-30.5196
 30
0.0
 11
88.9075
 21
-30.1112
 31
0.0
  0
LINE
  5
4A9
  8
0
 10
88.9075
 20
-30.1112
 30
0.0
 11
89.7263
 21
-29.6928
 31
0.0
  0
LINE
  5
4AA
  8
0
 10
89.7263
 20
-29.6928
 30
0.0
 11
90.5398
 21
-29.2643
 31
0.0
  0
LINE
  5
4AB
  8
0
 10
90.5398
 20
-29.2643
 30
0.0
 11
91.348
 21
-28.8259
 31
0.0
  0
LINE
  5
4AC
  8
0
 10
91.348
 20
-28.8259
 30
0.0
 11
92.1508
 21
-28.3777
 31
0.0
  0
LINE
  5
4AD
  8
0
 10
92.1508
 20
-28.3777
 30
0.0
 11
92.948
 21
-27.9196
 31
0.0
  0
LINE
  5
4AE
  8
0
 10
92.948
 20
-27.9196
 30
0.0
 11
93.7395
 21
-27.4517
 31
0.0
  0
LINE
  5
4AF
  8
0
 10
93.7395
 20
-27.4517
 30
0.0
 11
94.5253
 21
-26.9742
 31
0.0
  0
LINE
  5
4B0
  8
0
 10
94.5253
 20
-26.9742
 30
0.0
 11
95.3051
 21
-26.487
 31
0.0
  0
LINE
  5
4B1
  8
0
 10
95.3051
 20
-26.487
 30
0.0
 11
96.0789
 21
-25.9904
 31
0.0
  0
LINE
  5
4B2
  8
0
 10
96.0789
 20
-25.9904
 30
0.0
 11
96.8465
 21
-25.4842
 31
0.0
  0
LINE
  5
4B3
  8
0
 10
96.8465
 20
-25.4842
 30
0.0
 11
97.6078
 21
-24.9687
 31
0.0
  0
LINE
  5
4B4
  8
0
 10
97.6078
 20
-24.9687
 30
0.0
 11
98.3628
 21
-24.4439
 31
0.0
  0
LINE
  5
4B5
  8
0
 10
98.3628
 20
-24.4439
 30
0.0
 11
99.1113
 21
-23.9099
 31
0.0
  0
LINE
  5
4B6
  8
0
 10
99.1113
 20
-23.9099
 30
0.0
 11
99.8532
 21
-23.3667
 31
0.0
  0
LINE
  5
4B7
  8
0
 10
99.8532
 20
-23.3667
 30
0.0
 11
100.588
 21
-22.8145
 31
0.0
  0
LINE
  5
4B8
  8
0
 10
100.588
 20
-22.8145
 30
0.0
 11
101.317
 21
-22.2532
 31
0.0
  0
LINE
  5
4B9
  8
0
 10
101.317
 20
-22.2532
 30
0.0
 11
102.038
 21
-21.6831
 31
0.0
  0
LINE
  5
4BA
  8
0
 10
102.038
 20
-21.6831
 30
0.0
 11
102.752
 21
-21.1042
 31
0.0
  0
LINE
  5
4BB
  8
0
 10
102.752
 20
-21.1042
 30
0.0
 11
103.459
 21
-20.5165
 31
0.0
  0
LINE
  5
4BC
  8
0
 10
103.459
 20
-20.5165
 30
0.0
 11
104.159
 21
-19.9203
 31
0.0
  0
LINE
  5
4BD
  8
0
 10
104.159
 20
-19.9203
 30
0.0
 11
104.852
 21
-19.3154
 31
0.0
  0
LINE
  5
4BE
  8
0
 10
104.852
 20
-19.3154
 30
0.0
 11
105.537
 21
-18.7021
 31
0.0
  0
LINE
  5
4BF
  8
0
 10
105.537
 20
-18.7021
 30
0.0
 11
106.214
 21
-18.0805
 31
0.0
  0
LINE
  5
4C0
  8
0
 10
106.214
 20
-18.0805
 30
0.0
 11
106.884
 21
-17.4506
 31
0.0
  0
LINE
  5
4C1
  8
0
 10
106.884
 20
-17.4506
 30
0.0
 11
107.546
 21
-16.8125
 31
0.0
  0
LINE
  5
4C2
  8
0
 10
107.546
 20
-16.8125
 30
0.0
 11
108.2
 21
-16.1664
 31
0.0
  0
LINE
  5
4C3
  8
0
 10
108.2
 20
-16.1664
 30
0.0
 11
108.847
 21
-15.5122
 31
0.0
  0
LINE
  5
4C4
  8
0
 10
108.847
 20
-15.5122
 30
0.0
 11
109.485
 21
-14.8502
 31
0.0
  0
LINE
  5
4C5
  8
0
 10
109.485
 20
-14.8502
 30
0.0
 11
110.115
 21
-14.1804
 31
0.0
  0
LINE
  5
4C6
  8
0
 10
110.115
 20
-14.1804
 30
0.0
 11
110.736
 21
-13.5029
 31
0.0
  0
LINE
  5
4C7
  8
0
 10
110.736
 20
-13.5029
 30
0.0
 11
111.349
 21
-12.8179
 31
0.0
  0
LINE
  5
4C8
  8
0
 10
111.349
 20
-12.8179
 30
0.0
 11
111.954
 21
-12.1254
 31
0.0
  0
LINE
  5
4C9
  8
0
 10
111.954
 20
-12.1254
 30
0.0
 11
112.551
 21
-11.4255
 31
0.0
  0
LINE
  5
4CA
  8
0
 10
112.551
 20
-11.4255
 30
0.0
 11
113.138
 21
-10.7183
 31
0.0
  0
LINE
  5
4CB
  8
0
 10
113.138
 20
-10.7183
 30
0.0
 11
113.717
 21
-10.004
 31
0.0
  0
LINE
  5
4CC
  8
0
 10
113.717
 20
-10.004
 30
0.0
 11
114.287
 21
-9.28261
 31
0.0
  0
LINE
  5
4CD
  8
0
 10
114.287
 20
-9.28261
 30
0.0
 11
114.848
 21
-8.55429
 31
0.0
  0
LINE
  5
4CE
  8
0
 10
114.848
 20
-8.55429
 30
0.0
 11
115.401
 21
-7.81915
 31
0.0
  0
LINE
  5
4CF
  8
0
 10
115.401
 20
-7.81915
 30
0.0
 11
115.944
 21
-7.07729
 31
0.0
  0
LINE
  5
4D0
  8
0
 10
115.944
 20
-7.07729
 30
0.0
 11
116.478
 21
-6.32881
 31
0.0
  0
LINE
  5
4D1
  8
0
 10
116.478
 20
-6.32881
 30
0.0
 11
117.003
 21
-5.57384
 31
0.0
  0
LINE
  5
4D2
  8
0
 10
117.003
 20
-5.57384
 30
0.0
 11
117.518
 21
-4.81248
 31
0.0
  0
LINE
  5
4D3
  8
0
 10
117.518
 20
-4.81248
 30
0.0
 11
118.024
 21
-4.04486
 31
0.0
  0
LINE
  5
4D4
  8
0
 10
118.024
 20
-4.04486
 30
0.0
 11
118.521
 21
-3.27107
 31
0.0
  0
LINE
  5
4D5
  8
0
 10
118.521
 20
-3.27107
 30
0.0
 11
119.008
 21
-2.49126
 31
0.0
  0
LINE
  5
4D6
  8
0
 10
119.008
 20
-2.49126
 30
0.0
 11
119.486
 21
-1.70554
 31
0.0
  0
LINE
  5
4D7
  8
0
 10
119.486
 20
-1.70554
 30
0.0
 11
119.954
 21
-0.913986
 31
0.0
  0
LINE
  5
4D8
  8
0
 10
119.954
 20
-0.913986
 30
0.0
 11
120.412
 21
-0.116776
 31
0.0
  0
LINE
  5
4D9
  8
0
 10
120.412
 20
-0.116776
 30
0.0
 11
120.86
 21
0.685989
 31
0.0
  0
LINE
  5
4DA
  8
0
 10
120.86
 20
0.685989
 30
0.0
 11
121.298
 21
1.4942
 31
0.0
  0
LINE
  5
4DB
  8
0
 10
121.298
 20
1.4942
 30
0.0
 11
121.727
 21
2.30774
 31
0.0
  0
LINE
  5
4DC
  8
0
 10
121.727
 20
2.30774
 30
0.0
 11
122.145
 21
3.12648
 31
0.0
  0
LINE
  5
4DD
  8
0
 10
122.145
 20
3.12648
 30
0.0
 11
122.554
 21
3.95029
 31
0.0
  0
LINE
  5
4DE
  8
0
 10
122.554
 20
3.95029
 30
0.0
 11
122.952
 21
4.77904
 31
0.0
  0
LINE
  5
4DF
  8
0
 10
122.952
 20
4.77904
 30
0.0
 11
123.34
 21
5.61263
 31
0.0
  0
LINE
  5
4E0
  8
0
 10
123.34
 20
5.61263
 30
0.0
 11
123.718
 21
6.4509
 31
0.0
  0
LINE
  5
4E1
  8
0
 10
123.718
 20
6.4509
 30
0.0
 11
124.085
 21
7.29375
 31
0.0
  0
LINE
  5
4E2
  8
0
 10
124.085
 20
7.29375
 30
0.0
 11
124.442
 21
8.14105
 31
0.0
  0
LINE
  5
4E3
  8
0
 10
124.442
 20
8.14105
 30
0.0
 11
124.789
 21
8.99266
 31
0.0
  0
LINE
  5
4E4
  8
0
 10
124.789
 20
8.99266
 30
0.0
 11
125.125
 21
9.84846
 31
0.0
  0
LINE
  5
4E5
  8
0
 10
125.125
 20
9.84846
 30
0.0
 11
125.451
 21
10.7083
 31
0.0
  0
LINE
  5
4E6
  8
0
 10
125.451
 20
10.7083
 30
0.0
 11
125.766
 21
11.5721
 31
0.0
  0
LINE
  5
4E7
  8
0
 10
125.766
 20
11.5721
 30
0.0
 11
126.07
 21
12.4397
 31
0.0
  0
LINE
  5
4E8
  8
0
 10
126.07
 20
12.4397
 30
0.0
 11
126.364
 21
13.311
 31
0.0
  0
LINE
  5
4E9
  8
0
 10
126.364
 20
13.311
 30
0.0
 11
126.647
 21
14.1858
 31
0.0
  0
LINE
  5
4EA
  8
0
 10
126.647
 20
14.1858
 30
0.0
 11
126.919
 21
15.064
 31
0.0
  0
LINE
  5
4EB
  8
0
 10
126.919
 20
15.064
 30
0.0
 11
127.181
 21
15.9455
 31
0.0
  0
LINE
  5
4EC
  8
0
 10
127.181
 20
15.9455
 30
0.0
 11
127.431
 21
16.8302
 31
0.0
  0
LINE
  5
4ED
  8
0
 10
127.431
 20
16.8302
 30
0.0
 11
127.671
 21
17.7178
 31
0.0
  0
LINE
  5
4EE
  8
0
 10
127.671
 20
17.7178
 30
0.0
 11
127.9
 21
18.6083
 31
0.0
  0
LINE
  5
4EF
  8
0
 10
127.9
 20
18.6083
 30
0.0
 11
128.118
 21
19.5016
 31
0.0
  0
LINE
  5
4F0
  8
0
 10
128.118
 20
19.5016
 30
0.0
 11
128.325
 21
20.3974
 31
0.0
  0
LINE
  5
4F1
  8
0
 10
128.325
 20
20.3974
 30
0.0
 11
128.521
 21
21.2958
 31
0.0
  0
LINE
  5
4F2
  8
0
 10
128.521
 20
21.2958
 30
0.0
 11
128.706
 21
22.1965
 31
0.0
  0
LINE
  5
4F3
  8
0
 10
128.706
 20
22.1965
 30
0.0
 11
128.88
 21
23.0993
 31
0.0
  0
LINE
  5
4F4
  8
0
 10
128.88
 20
23.0993
 30
0.0
 11
129.042
 21
24.0043
 31
0.0
  0
LINE
  5
4F5
  8
0
 10
129.042
 20
24.0043
 30
0.0
 11
129.194
 21
24.9112
 31
0.0
  0
LINE
  5
4F6
  8
0
 10
129.194
 20
24.9112
 30
0.0
 11
129.334
 21
25.8198
 31
0.0
  0
LINE
  5
4F7
  8
0
 10
129.334
 20
25.8198
 30
0.0
 11
129.464
 21
26.7301
 31
0.0
  0
LINE
  5
4F8
  8
0
 10
129.464
 20
26.7301
 30
0.0
 11
129.582
 21
27.642
 31
0.0
  0
LINE
  5
4F9
  8
0
 10
129.582
 20
27.642
 30
0.0
 11
129.689
 21
28.5552
 31
0.0
  0
LINE
  5
4FA
  8
0
 10
129.689
 20
28.5552
 30
0.0
 11
129.785
 21
29.4697
 31
0.0
  0
LINE
  5
4FB
  8
0
 10
129.785
 20
29.4697
 30
0.0
 11
129.869
 21
30.3852
 31
0.0
  0
LINE
  5
4FC
  8
0
 10
129.869
 20
30.3852
 30
0.0
 11
129.942
 21
31.3018
 31
0.0
  0
LINE
  5
4FD
  8
0
 10
129.942
 20
31.3018
 30
0.0
 11
130.004
 21
32.2191
 31
0.0
  0
LINE
  5
4FE
  8
0
 10
130.004
 20
32.2191
 30
0.0
 11
130.055
 21
33.1372
 31
0.0
  0
LINE
  5
4FF
  8
0
 10
130.055
 20
33.1372
 30
0.0
 11
130.095
 21
34.0558
 31
0.0
  0
LINE
  5
500
  8
0
 10
130.095
 20
34.0558
 30
0.0
 11
130.123
 21
34.9749
 31
0.0
  0
LINE
  5
501
  8
0
 10
130.123
 20
34.9749
 30
0.0
 11
130.14
 21
35.8942
 31
0.0
  0
LINE
  5
502
  8
0
 10
130.14
 20
35.8942
 30
0.0
 11
130.145
 21
36.8136
 31
0.0
  0
LINE
  5
503
  8
0
 10
130.145
 20
36.8136
 30
0.0
 11
130.14
 21
37.733
 31
0.0
  0
LINE
  5
504
  8
0
 10
130.14
 20
37.733
 30
0.0
 11
130.123
 21
38.6523
 31
0.0
  0
LINE
  5
505
  8
0
 10
130.123
 20
38.6523
 30
0.0
 11
130.095
 21
39.5714
 31
0.0
  0
LINE
  5
506
  8
0
 10
130.095
 20
39.5714
 30
0.0
 11
130.055
 21
40.49
 31
0.0
  0
LINE
  5
507
  8
0
 10
130.055
 20
40.49
 30
0.0
 11
130.004
 21
41.4081
 31
0.0
  0
LINE
  5
508
  8
0
 10
130.004
 20
41.4081
 30
0.0
 11
129.942
 21
42.3254
 31
0.0
  0
LINE
  5
509
  8
0
 10
129.942
 20
42.3254
 30
0.0
 11
129.869
 21
43.242
 31
0.0
  0
LINE
  5
50A
  8
0
 10
129.869
 20
43.242
 30
0.0
 11
129.785
 21
44.1575
 31
0.0
  0
LINE
  5
50B
  8
0
 10
129.785
 20
44.1575
 30
0.0
 11
129.689
 21
45.072
 31
0.0
  0
LINE
  5
50C
  8
0
 10
129.689
 20
45.072
 30
0.0
 11
129.582
 21
45.9852
 31
0.0
  0
LINE
  5
50D
  8
0
 10
129.582
 20
45.9852
 30
0.0
 11
129.464
 21
46.897
 31
0.0
  0
LINE
  5
50E
  8
0
 10
129.464
 20
46.897
 30
0.0
 11
129.334
 21
47.8074
 31
0.0
  0
LINE
  5
50F
  8
0
 10
129.334
 20
47.8074
 30
0.0
 11
129.194
 21
48.716
 31
0.0
  0
LINE
  5
510
  8
0
 10
129.194
 20
48.716
 30
0.0
 11
129.042
 21
49.6229
 31
0.0
  0
LINE
  5
511
  8
0
 10
129.042
 20
49.6229
 30
0.0
 11
128.88
 21
50.5278
 31
0.0
  0
LINE
  5
512
  8
0
 10
128.88
 20
50.5278
 30
0.0
 11
128.706
 21
51.4307
 31
0.0
  0
LINE
  5
513
  8
0
 10
128.706
 20
51.4307
 30
0.0
 11
128.521
 21
52.3314
 31
0.0
  0
LINE
  5
514
  8
0
 10
128.521
 20
52.3314
 30
0.0
 11
128.325
 21
53.2298
 31
0.0
  0
LINE
  5
515
  8
0
 10
128.325
 20
53.2298
 30
0.0
 11
128.118
 21
54.1256
 31
0.0
  0
LINE
  5
516
  8
0
 10
128.118
 20
54.1256
 30
0.0
 11
127.9
 21
55.0189
 31
0.0
  0
LINE
  5
517
  8
0
 10
127.9
 20
55.0189
 30
0.0
 11
127.671
 21
55.9094
 31
0.0
  0
LINE
  5
518
  8
0
 10
127.671
 20
55.9094
 30
0.0
 11
127.431
 21
56.797
 31
0.0
  0
LINE
  5
519
  8
0
 10
127.431
 20
56.797
 30
0.0
 11
127.181
 21
57.6817
 31
0.0
  0
LINE
  5
51A
  8
0
 10
127.181
 20
57.6817
 30
0.0
 11
126.919
 21
58.5632
 31
0.0
  0
LINE
  5
51B
  8
0
 10
126.919
 20
58.5632
 30
0.0
 11
126.647
 21
59.4414
 31
0.0
  0
LINE
  5
51C
  8
0
 10
126.647
 20
59.4414
 30
0.0
 11
126.364
 21
60.3162
 31
0.0
  0
LINE
  5
51D
  8
0
 10
126.364
 20
60.3162
 30
0.0
 11
126.07
 21
61.1875
 31
0.0
  0
LINE
  5
51E
  8
0
 10
126.07
 20
61.1875
 30
0.0
 11
125.766
 21
62.0551
 31
0.0
  0
LINE
  5
51F
  8
0
 10
125.766
 20
62.0551
 30
0.0
 11
125.451
 21
62.9189
 31
0.0
  0
LINE
  5
520
  8
0
 10
125.451
 20
62.9189
 30
0.0
 11
125.125
 21
63.7787
 31
0.0
  0
LINE
  5
521
  8
0
 10
125.125
 20
63.7787
 30
0.0
 11
124.789
 21
64.6345
 31
0.0
  0
LINE
  5
522
  8
0
 10
124.789
 20
64.6345
 30
0.0
 11
124.442
 21
65.4861
 31
0.0
  0
LINE
  5
523
  8
0
 10
124.442
 20
65.4861
 30
0.0
 11
124.085
 21
66.3335
 31
0.0
  0
LINE
  5
524
  8
0
 10
124.085
 20
66.3335
 30
0.0
 11
123.718
 21
67.1763
 31
0.0
  0
LINE
  5
525
  8
0
 10
123.718
 20
67.1763
 30
0.0
 11
123.34
 21
68.0146
 31
0.0
  0
LINE
  5
526
  8
0
 10
123.34
 20
68.0146
 30
0.0
 11
122.952
 21
68.8482
 31
0.0
  0
LINE
  5
527
  8
0
 10
122.952
 20
68.8482
 30
0.0
 11
122.554
 21
69.6769
 31
0.0
  0
LINE
  5
528
  8
0
 10
122.554
 20
69.6769
 30
0.0
 11
122.145
 21
70.5007
 31
0.0
  0
LINE
  5
529
  8
0
 10
122.145
 20
70.5007
 30
0.0
 11
121.727
 21
71.3195
 31
0.0
  0
LINE
  5
52A
  8
0
 10
121.727
 20
71.3195
 30
0.0
 11
121.298
 21
72.133
 31
0.0
  0
LINE
  5
52B
  8
0
 10
121.298
 20
72.133
 30
0.0
 11
120.86
 21
72.9412
 31
0.0
  0
LINE
  5
52C
  8
0
 10
120.86
 20
72.9412
 30
0.0
 11
120.412
 21
73.744
 31
0.0
  0
LINE
  5
52D
  8
0
 10
120.412
 20
73.744
 30
0.0
 11
119.954
 21
74.5412
 31
0.0
  0
LINE
  5
52E
  8
0
 10
119.954
 20
74.5412
 30
0.0
 11
119.486
 21
75.3327
 31
0.0
  0
LINE
  5
52F
  8
0
 10
119.486
 20
75.3327
 30
0.0
 11
119.008
 21
76.1185
 31
0.0
  0
LINE
  5
530
  8
0
 10
119.008
 20
76.1185
 30
0.0
 11
118.521
 21
76.8983
 31
0.0
  0
LINE
  5
531
  8
0
 10
118.521
 20
76.8983
 30
0.0
 11
118.024
 21
77.6721
 31
0.0
  0
LINE
  5
532
  8
0
 10
118.024
 20
77.6721
 30
0.0
 11
117.518
 21
78.4397
 31
0.0
  0
LINE
  5
533
  8
0
 10
117.518
 20
78.4397
 30
0.0
 11
117.003
 21
79.201
 31
0.0
  0
LINE
  5
534
  8
0
 10
117.003
 20
79.201
 30
0.0
 11
116.478
 21
79.956
 31
0.0
  0
LINE
  5
535
  8
0
 10
116.478
 20
79.956
 30
0.0
 11
115.944
 21
80.7045
 31
0.0
  0
LINE
  5
536
  8
0
 10
115.944
 20
80.7045
 30
0.0
 11
115.401
 21
81.4464
 31
0.0
  0
LINE
  5
537
  8
0
 10
115.401
 20
81.4464
 30
0.0
 11
114.848
 21
82.1815
 31
0.0
  0
LINE
  5
538
  8
0
 10
114.848
 20
82.1815
 30
0.0
 11
114.287
 21
82.9098
 31
0.0
  0
LINE
  5
539
  8
0
 10
114.287
 20
82.9098
 30
0.0
 11
113.717
 21
83.6312
 31
0.0
  0
LINE
  5
53A
  8
0
 10
113.717
 20
83.6312
 30
0.0
 11
113.138
 21
84.3455
 31
0.0
  0
LINE
  5
53B
  8
0
 10
113.138
 20
84.3455
 30
0.0
 11
112.551
 21
85.0527
 31
0.0
  0
LINE
  5
53C
  8
0
 10
112.551
 20
85.0527
 30
0.0
 11
111.954
 21
85.7526
 31
0.0
  0
LINE
  5
53D
  8
0
 10
111.954
 20
85.7526
 30
0.0
 11
111.349
 21
86.4451
 31
0.0
  0
LINE
  5
53E
  8
0
 10
111.349
 20
86.4451
 30
0.0
 11
110.736
 21
87.1301
 31
0.0
  0
LINE
  5
53F
  8
0
 10
110.736
 20
87.1301
 30
0.0
 11
110.115
 21
87.8076
 31
0.0
  0
LINE
  5
540
  8
0
 10
110.115
 20
87.8076
 30
0.0
 11
109.485
 21
88.4774
 31
0.0
  0
LINE
  5
541
  8
0
 10
109.485
 20
88.4774
 30
0.0
 11
108.847
 21
89.1394
 31
0.0
  0
LINE
  5
542
  8
0
 10
108.847
 20
89.1394
 30
0.0
 11
108.2
 21
89.7936
 31
0.0
  0
LINE
  5
543
  8
0
 10
108.2
 20
89.7936
 30
0.0
 11
107.546
 21
90.4397
 31
0.0
  0
LINE
  5
544
  8
0
 10
107.546
 20
90.4397
 30
0.0
 11
106.884
 21
91.0778
 31
0.0
  0
LINE
  5
545
  8
0
 10
106.884
 20
91.0778
 30
0.0
 11
106.214
 21
91.7077
 31
0.0
  0
LINE
  5
546
  8
0
 10
106.214
 20
91.7077
 30
0.0
 11
105.537
 21
92.3294
 31
0.0
  0
LINE
  5
547
  8
0
 10
105.537
 20
92.3294
 30
0.0
 11
104.852
 21
92.9426
 31
0.0
  0
LINE
  5
548
  8
0
 10
104.852
 20
92.9426
 30
0.0
 11
104.159
 21
93.5475
 31
0.0
  0
LINE
  5
549
  8
0
 10
104.159
 20
93.5475
 30
0.0
 11
103.459
 21
94.1438
 31
0.0
  0
LINE
  5
54A
  8
0
 10
103.459
 20
94.1438
 30
0.0
 11
102.752
 21
94.7314
 31
0.0
  0
LINE
  5
54B
  8
0
 10
102.752
 20
94.7314
 30
0.0
 11
102.038
 21
95.3103
 31
0.0
  0
LINE
  5
54C
  8
0
 10
102.038
 20
95.3103
 30
0.0
 11
101.317
 21
95.8804
 31
0.0
  0
LINE
  5
54D
  8
0
 10
101.317
 20
95.8804
 30
0.0
 11
100.588
 21
96.4417
 31
0.0
  0
LINE
  5
54E
  8
0
 10
100.588
 20
96.4417
 30
0.0
 11
99.8532
 21
96.9939
 31
0.0
  0
LINE
  5
54F
  8
0
 10
99.8532
 20
96.9939
 30
0.0
 11
99.1113
 21
97.5371
 31
0.0
  0
LINE
  5
550
  8
0
 10
99.1113
 20
97.5371
 30
0.0
 11
98.3628
 21
98.0711
 31
0.0
  0
LINE
  5
551
  8
0
 10
98.3628
 20
98.0711
 30
0.0
 11
97.6078
 21
98.5959
 31
0.0
  0
LINE
  5
552
  8
0
 10
97.6078
 20
98.5959
 30
0.0
 11
96.8465
 21
99.1115
 31
0.0
  0
LINE
  5
553
  8
0
 10
96.8465
 20
99.1115
 30
0.0
 11
96.0789
 21
99.6176
 31
0.0
  0
LINE
  5
554
  8
0
 10
96.0789
 20
99.6176
 30
0.0
 11
95.3051
 21
100.114
 31
0.0
  0
LINE
  5
555
  8
0
 10
95.3051
 20
100.114
 30
0.0
 11
94.5253
 21
100.601
 31
0.0
  0
LINE
  5
556
  8
0
 10
94.5253
 20
100.601
 30
0.0
 11
93.7395
 21
101.079
 31
0.0
  0
LINE
  5
557
  8
0
 10
93.7395
 20
101.079
 30
0.0
 11
92.948
 21
101.547
 31
0.0
  0
LINE
  5
558
  8
0
 10
92.948
 20
101.547
 30
0.0
 11
92.1508
 21
102.005
 31
0.0
  0
LINE
  5
559
  8
0
 10
92.1508
 20
102.005
 30
0.0
 11
91.348
 21
102.453
 31
0.0
  0
LINE
  5
55A
  8
0
 10
91.348
 20
102.453
 30
0.0
 11
90.5398
 21
102.892
 31
0.0
  0
LINE
  5
55B
  8
0
 10
90.5398
 20
102.892
 30
0.0
 11
89.7263
 21
103.32
 31
0.0
  0
LINE
  5
55C
  8
0
 10
89.7263
 20
103.32
 30
0.0
 11
88.9075
 21
103.738
 31
0.0
  0
LINE
  5
55D
  8
0
 10
88.9075
 20
103.738
 30
0.0
 11
88.0837
 21
104.147
 31
0.0
  0
LINE
  5
55E
  8
0
 10
88.0837
 20
104.147
 30
0.0
 11
87.255
 21
104.545
 31
0.0
  0
LINE
  5
55F
  8
0
 10
87.255
 20
104.545
 30
0.0
 11
86.4214
 21
104.933
 31
0.0
  0
LINE
  5
560
  8
0
 10
86.4214
 20
104.933
 30
0.0
 11
85.5831
 21
105.311
 31
0.0
  0
LINE
  5
561
  8
0
 10
85.5831
 20
105.311
 30
0.0
 11
84.7402
 21
105.678
 31
0.0
  0
LINE
  5
562
  8
0
 10
84.7402
 20
105.678
 30
0.0
 11
83.8929
 21
106.035
 31
0.0
  0
LINE
  5
563
  8
0
 10
83.8929
 20
106.035
 30
0.0
 11
83.0413
 21
106.382
 31
0.0
  0
LINE
  5
564
  8
0
 10
83.0413
 20
106.382
 30
0.0
 11
82.1855
 21
106.718
 31
0.0
  0
LINE
  5
565
  8
0
 10
82.1855
 20
106.718
 30
0.0
 11
81.3257
 21
107.044
 31
0.0
  0
LINE
  5
566
  8
0
 10
81.3257
 20
107.044
 30
0.0
 11
80.4619
 21
107.359
 31
0.0
  0
LINE
  5
567
  8
0
 10
80.4619
 20
107.359
 30
0.0
 11
79.5943
 21
107.663
 31
0.0
  0
LINE
  5
568
  8
0
 10
79.5943
 20
107.663
 30
0.0
 11
78.723
 21
107.957
 31
0.0
  0
LINE
  5
569
  8
0
 10
78.723
 20
107.957
 30
0.0
 11
77.8482
 21
108.24
 31
0.0
  0
LINE
  5
56A
  8
0
 10
77.8482
 20
108.24
 30
0.0
 11
76.97
 21
108.512
 31
0.0
  0
LINE
  5
56B
  8
0
 10
76.97
 20
108.512
 30
0.0
 11
76.0885
 21
108.774
 31
0.0
  0
LINE
  5
56C
  8
0
 10
76.0885
 20
108.774
 30
0.0
 11
75.2038
 21
109.025
 31
0.0
  0
LINE
  5
56D
  8
0
 10
75.2038
 20
109.025
 30
0.0
 11
74.3162
 21
109.264
 31
0.0
  0
LINE
  5
56E
  8
0
 10
74.3162
 20
109.264
 30
0.0
 11
73.4257
 21
109.493
 31
0.0
  0
LINE
  5
56F
  8
0
 10
73.4257
 20
109.493
 30
0.0
 11
72.5324
 21
109.711
 31
0.0
  0
LINE
  5
570
  8
0
 10
72.5324
 20
109.711
 30
0.0
 11
71.6366
 21
109.918
 31
0.0
  0
LINE
  5
571
  8
0
 10
71.6366
 20
109.918
 30
0.0
 11
70.7382
 21
110.114
 31
0.0
  0
LINE
  5
572
  8
0
 10
70.7382
 20
110.114
 30
0.0
 11
69.8375
 21
110.299
 31
0.0
  0
LINE
  5
573
  8
0
 10
69.8375
 20
110.299
 30
0.0
 11
68.9346
 21
110.473
 31
0.0
  0
LINE
  5
574
  8
0
 10
68.9346
 20
110.473
 30
0.0
 11
68.0297
 21
110.636
 31
0.0
  0
LINE
  5
575
  8
0
 10
68.0297
 20
110.636
 30
0.0
 11
67.1228
 21
110.787
 31
0.0
  0
LINE
  5
576
  8
0
 10
67.1228
 20
110.787
 30
0.0
 11
66.2142
 21
110.928
 31
0.0
  0
LINE
  5
577
  8
0
 10
66.2142
 20
110.928
 30
0.0
 11
65.3038
 21
111.057
 31
0.0
  0
LINE
  5
578
  8
0
 10
65.3038
 20
111.057
 30
0.0
 11
64.392
 21
111.175
 31
0.0
  0
LINE
  5
579
  8
0
 10
64.392
 20
111.175
 30
0.0
 11
63.4788
 21
111.282
 31
0.0
  0
LINE
  5
57A
  8
0
 10
63.4788
 20
111.282
 30
0.0
 11
62.5643
 21
111.378
 31
0.0
  0
LINE
  5
57B
  8
0
 10
62.5643
 20
111.378
 30
0.0
 11
61.6488
 21
111.462
 31
0.0
  0
LINE
  5
57C
  8
0
 10
61.6488
 20
111.462
 30
0.0
 11
60.7322
 21
111.536
 31
0.0
  0
LINE
  5
57D
  8
0
 10
60.7322
 20
111.536
 30
0.0
 11
59.8148
 21
111.598
 31
0.0
  0
LINE
  5
57E
  8
0
 10
59.8148
 20
111.598
 30
0.0
 11
58.8968
 21
111.648
 31
0.0
  0
LINE
  5
57F
  8
0
 10
58.8968
 20
111.648
 30
0.0
 11
57.9782
 21
111.688
 31
0.0
  0
LINE
  5
580
  8
0
 10
57.9782
 20
111.688
 30
0.0
 11
57.0591
 21
111.716
 31
0.0
  0
LINE
  5
581
  8
0
 10
57.0591
 20
111.716
 30
0.0
 11
56.1398
 21
111.733
 31
0.0
  0
LINE
  5
582
  8
0
 10
56.1398
 20
111.733
 30
0.0
 11
55.2204
 21
111.739
 31
0.0
  0
LINE
  5
583
  8
0
 10
55.2204
 20
111.739
 30
0.0
 11
54.301
 21
111.733
 31
0.0
  0
LINE
  5
584
  8
0
 10
54.301
 20
111.733
 30
0.0
 11
53.3817
 21
111.716
 31
0.0
  0
LINE
  5
585
  8
0
 10
53.3817
 20
111.716
 30
0.0
 11
52.4626
 21
111.688
 31
0.0
  0
LINE
  5
586
  8
0
 10
52.4626
 20
111.688
 30
0.0
 11
51.544
 21
111.648
 31
0.0
  0
LINE
  5
587
  8
0
 10
51.544
 20
111.648
 30
0.0
 11
50.6259
 21
111.598
 31
0.0
  0
LINE
  5
588
  8
0
 10
50.6259
 20
111.598
 30
0.0
 11
49.7086
 21
111.536
 31
0.0
  0
LINE
  5
589
  8
0
 10
49.7086
 20
111.536
 30
0.0
 11
48.792
 21
111.462
 31
0.0
  0
LINE
  5
58A
  8
0
 10
48.792
 20
111.462
 30
0.0
 11
47.8765
 21
111.378
 31
0.0
  0
LINE
  5
58B
  8
0
 10
47.8765
 20
111.378
 30
0.0
 11
46.962
 21
111.282
 31
0.0
  0
LINE
  5
58C
  8
0
 10
46.962
 20
111.282
 30
0.0
 11
46.0488
 21
111.175
 31
0.0
  0
LINE
  5
58D
  8
0
 10
46.0488
 20
111.175
 30
0.0
 11
45.1369
 21
111.057
 31
0.0
  0
LINE
  5
58E
  8
0
 10
45.1369
 20
111.057
 30
0.0
 11
44.2266
 21
110.928
 31
0.0
  0
LINE
  5
58F
  8
0
 10
44.2266
 20
110.928
 30
0.0
 11
43.318
 21
110.787
 31
0.0
  0
LINE
  5
590
  8
0
 10
43.318
 20
110.787
 30
0.0
 11
42.4111
 21
110.636
 31
0.0
  0
LINE
  5
591
  8
0
 10
42.4111
 20
110.636
 30
0.0
 11
41.5061
 21
110.473
 31
0.0
  0
LINE
  5
592
  8
0
 10
41.5061
 20
110.473
 30
0.0
 11
40.6033
 21
110.299
 31
0.0
  0
LINE
  5
593
  8
0
 10
40.6033
 20
110.299
 30
0.0
 11
39.7026
 21
110.114
 31
0.0
  0
LINE
  5
594
  8
0
 10
39.7026
 20
110.114
 30
0.0
 11
38.8042
 21
109.918
 31
0.0
  0
LINE
  5
595
  8
0
 10
38.8042
 20
109.918
 30
0.0
 11
37.9084
 21
109.711
 31
0.0
  0
LINE
  5
596
  8
0
 10
37.9084
 20
109.711
 30
0.0
 11
37.0151
 21
109.493
 31
0.0
  0
LINE
  5
597
  8
0
 10
37.0151
 20
109.493
 30
0.0
 11
36.1246
 21
109.264
 31
0.0
  0
LINE
  5
598
  8
0
 10
36.1246
 20
109.264
 30
0.0
 11
35.237
 21
109.025
 31
0.0
  0
LINE
  5
599
  8
0
 10
35.237
 20
109.025
 30
0.0
 11
34.3523
 21
108.774
 31
0.0
  0
LINE
  5
59A
  8
0
 10
34.3523
 20
108.774
 30
0.0
 11
33.4708
 21
108.512
 31
0.0
  0
LINE
  5
59B
  8
0
 10
33.4708
 20
108.512
 30
0.0
 11
32.5926
 21
108.24
 31
0.0
  0
LINE
  5
59C
  8
0
 10
32.5926
 20
108.24
 30
0.0
 11
31.7178
 21
107.957
 31
0.0
  0
LINE
  5
59D
  8
0
 10
31.7178
 20
107.957
 30
0.0
 11
30.8465
 21
107.663
 31
0.0
  0
LINE
  5
59E
  8
0
 10
30.8465
 20
107.663
 30
0.0
 11
29.9789
 21
107.359
 31
0.0
  0
LINE
  5
59F
  8
0
 10
29.9789
 20
107.359
 30
0.0
 11
29.1151
 21
107.044
 31
0.0
  0
LINE
  5
5A0
  8
0
 10
29.1151
 20
107.044
 30
0.0
 11
28.2553
 21
106.718
 31
0.0
  0
LINE
  5
5A1
  8
0
 10
28.2553
 20
106.718
 30
0.0
 11
27.3995
 21
106.382
 31
0.0
  0
LINE
  5
5A2
  8
0
 10
27.3995
 20
106.382
 30
0.0
 11
26.5479
 21
106.035
 31
0.0
  0
LINE
  5
5A3
  8
0
 10
26.5479
 20
106.035
 30
0.0
 11
25.7005
 21
105.678
 31
0.0
  0
LINE
  5
5A4
  8
0
 10
25.7005
 20
105.678
 30
0.0
 11
24.8577
 21
105.311
 31
0.0
  0
LINE
  5
5A5
  8
0
 10
24.8577
 20
105.311
 30
0.0
 11
24.0194
 21
104.933
 31
0.0
  0
LINE
  5
5A6
  8
0
 10
24.0194
 20
104.933
 30
0.0
 11
23.1858
 21
104.545
 31
0.0
  0
LINE
  5
5A7
  8
0
 10
23.1858
 20
104.545
 30
0.0
 11
22.3571
 21
104.147
 31
0.0
  0
LINE
  5
5A8
  8
0
 10
22.3571
 20
104.147
 30
0.0
 11
21.5333
 21
103.738
 31
0.0
  0
LINE
  5
5A9
  8
0
 10
21.5333
 20
103.738
 30
0.0
 11
20.7145
 21
103.32
 31
0.0
  0
LINE
  5
5AA
  8
0
 10
20.7145
 20
103.32
 30
0.0
 11
19.901
 21
102.892
 31
0.0
  0
LINE
  5
5AB
  8
0
 10
19.901
 20
102.892
 30
0.0
 11
19.0928
 21
102.453
 31
0.0
  0
LINE
  5
5AC
  8
0
 10
19.0928
 20
102.453
 30
0.0
 11
18.29
 21
102.005
 31
0.0
  0
LINE
  5
5AD
  8
0
 10
18.29
 20
102.005
 30
0.0
 11
17.4928
 21
101.547
 31
0.0
  0
LINE
  5
5AE
  8
0
 10
17.4928
 20
101.547
 30
0.0
 11
16.7012
 21
101.079
 31
0.0
  0
LINE
  5
5AF
  8
0
 10
16.7012
 20
101.079
 30
0.0
 11
15.9155
 21
100.601
 31
0.0
  0
LINE
  5
5B0
  8
0
 10
15.9155
 20
100.601
 30
0.0
 11
15.1357
 21
100.114
 31
0.0
  0
LINE
  5
5B1
  8
0
 10
15.1357
 20
100.114
 30
0.0
 11
14.3619
 21
99.6176
 31
0.0
  0
LINE
  5
5B2
  8
0
 10
14.3619
 20
99.6176
 30
0.0
 11
13.5943
 21
99.1115
 31
0.0
  0
LINE
  5
5B3
  8
0
 10
13.5943
 20
99.1115
 30
0.0
 11
12.8329
 21
98.5959
 31
0.0
  0
LINE
  5
5B4
  8
0
 10
12.8329
 20
98.5959
 30
0.0
 11
12.078
 21
98.0711
 31
0.0
  0
LINE
  5
5B5
  8
0
 10
12.078
 20
98.0711
 30
0.0
 11
11.3295
 21
97.5371
 31
0.0
  0
LINE
  5
5B6
  8
0
 10
11.3295
 20
97.5371
 30
0.0
 11
10.5876
 21
96.9939
 31
0.0
  0
LINE
  5
5B7
  8
0
 10
10.5876
 20
96.9939
 30
0.0
 11
9.85249
 21
96.4417
 31
0.0
  0
LINE
  5
5B8
  8
0
 10
9.85249
 20
96.4417
 30
0.0
 11
9.12418
 21
95.8804
 31
0.0
  0
LINE
  5
5B9
  8
0
 10
9.12418
 20
95.8804
 30
0.0
 11
8.4028
 21
95.3103
 31
0.0
  0
LINE
  5
5BA
  8
0
 10
8.4028
 20
95.3103
 30
0.0
 11
7.68849
 21
94.7314
 31
0.0
  0
LINE
  5
5BB
  8
0
 10
7.68849
 20
94.7314
 30
0.0
 11
6.98132
 21
94.1438
 31
0.0
  0
LINE
  5
5BC
  8
0
 10
6.98132
 20
94.1438
 30
0.0
 11
6.28143
 21
93.5475
 31
0.0
  0
LINE
  5
5BD
  8
0
 10
6.28143
 20
93.5475
 30
0.0
 11
5.5889
 21
92.9426
 31
0.0
  0
LINE
  5
5BE
  8
0
 10
5.5889
 20
92.9426
 30
0.0
 11
4.90385
 21
92.3294
 31
0.0
  0
LINE
  5
5BF
  8
0
 10
4.90385
 20
92.3294
 30
0.0
 11
4.22638
 21
91.7077
 31
0.0
  0
LINE
  5
5C0
  8
0
 10
4.22638
 20
91.7077
 30
0.0
 11
3.55658
 21
91.0778
 31
0.0
  0
LINE
  5
5C1
  8
0
 10
3.55658
 20
91.0778
 30
0.0
 11
2.89456
 21
90.4397
 31
0.0
  0
LINE
  5
5C2
  8
0
 10
2.89456
 20
90.4397
 30
0.0
 11
2.24043
 21
89.7936
 31
0.0
  0
LINE
  5
5C3
  8
0
 10
2.24043
 20
89.7936
 30
0.0
 11
1.59427
 21
89.1394
 31
0.0
  0
LINE
  5
5C4
  8
0
 10
1.59427
 20
89.1394
 30
0.0
 11
0.956192
 21
88.4774
 31
0.0
  0
LINE
  5
5C5
  8
0
 10
0.956192
 20
88.4774
 30
0.0
 11
0.326279
 21
87.8076
 31
0.0
  0
LINE
  5
5C6
  8
0
 10
0.326279
 20
87.8076
 30
0.0
 11
-0.295349
 21
87.1301
 31
0.0
  0
LINE
  5
5C7
  8
0
 10
-0.295349
 20
87.1301
 30
0.0
 11
-0.90863
 21
86.4451
 31
0.0
  0
LINE
  5
5C8
  8
0
 10
-0.90863
 20
86.4451
 30
0.0
 11
-1.51346
 21
85.7526
 31
0.0
  0
LINE
  5
5C9
  8
0
 10
-1.51346
 20
85.7526
 30
0.0
 11
-2.10974
 21
85.0527
 31
0.0
  0
LINE
  5
5CA
  8
0
 10
-2.10974
 20
85.0527
 30
0.0
 11
-2.69739
 21
84.3455
 31
0.0
  0
LINE
  5
5CB
  8
0
 10
-2.69739
 20
84.3455
 30
0.0
 11
-3.27632
 21
83.6312
 31
0.0
  0
LINE
  5
5CC
  8
0
 10
-3.27632
 20
83.6312
 30
0.0
 11
-3.84644
 21
82.9098
 31
0.0
  0
LINE
  5
5CD
  8
0
 10
-3.84644
 20
82.9098
 30
0.0
 11
-4.40765
 21
82.1815
 31
0.0
  0
LINE
  5
5CE
  8
0
 10
-4.40765
 20
82.1815
 30
0.0
 11
-4.9599
 21
81.4464
 31
0.0
  0
LINE
  5
5CF
  8
0
 10
-4.9599
 20
81.4464
 30
0.0
 11
-5.50308
 21
80.7045
 31
0.0
  0
LINE
  5
5D0
  8
0
 10
-5.50308
 20
80.7045
 30
0.0
 11
-6.03712
 21
79.956
 31
0.0
  0
LINE
  5
5D1
  8
0
 10
-6.03712
 20
79.956
 30
0.0
 11
-6.56194
 21
79.201
 31
0.0
  0
LINE
  5
5D2
  8
0
 10
-6.56194
 20
79.201
 30
0.0
 11
-7.07744
 21
78.4397
 31
0.0
  0
LINE
  5
5D3
  8
0
 10
-7.07744
 20
78.4397
 30
0.0
 11
-7.58357
 21
77.6721
 31
0.0
  0
LINE
  5
5D4
  8
0
 10
-7.58357
 20
77.6721
 30
0.0
 11
-8.08023
 21
76.8983
 31
0.0
  0
LINE
  5
5D5
  8
0
 10
-8.08023
 20
76.8983
 30
0.0
 11
-8.56737
 21
76.1185
 31
0.0
  0
LINE
  5
5D6
  8
0
 10
-8.56737
 20
76.1185
 30
0.0
 11
-9.04491
 21
75.3327
 31
0.0
  0
LINE
  5
5D7
  8
0
 10
-9.04491
 20
75.3327
 30
0.0
 11
-9.51276
 21
74.5412
 31
0.0
  0
LINE
  5
5D8
  8
0
 10
-9.51276
 20
74.5412
 30
0.0
 11
-9.97086
 21
73.744
 31
0.0
  0
LINE
  5
5D9
  8
0
 10
-9.97086
 20
73.744
 30
0.0
 11
-10.4191
 21
72.9412
 31
0.0
  0
LINE
  5
5DA
  8
0
 10
-10.4191
 20
72.9412
 30
0.0
 11
-10.8575
 21
72.133
 31
0.0
  0
LINE
  5
5DB
  8
0
 10
-10.8575
 20
72.133
 30
0.0
 11
-11.286
 21
71.3195
 31
0.0
  0
LINE
  5
5DC
  8
0
 10
-11.286
 20
71.3195
 30
0.0
 11
-11.7044
 21
70.5007
 31
0.0
  0
LINE
  5
5DD
  8
0
 10
-11.7044
 20
70.5007
 30
0.0
 11
-12.1128
 21
69.6769
 31
0.0
  0
LINE
  5
5DE
  8
0
 10
-12.1128
 20
69.6769
 30
0.0
 11
-12.511
 21
68.8482
 31
0.0
  0
LINE
  5
5DF
  8
0
 10
-12.511
 20
68.8482
 30
0.0
 11
-12.899
 21
68.0146
 31
0.0
  0
LINE
  5
5E0
  8
0
 10
-12.899
 20
68.0146
 30
0.0
 11
-13.2767
 21
67.1763
 31
0.0
  0
LINE
  5
5E1
  8
0
 10
-13.2767
 20
67.1763
 30
0.0
 11
-13.6442
 21
66.3335
 31
0.0
  0
LINE
  5
5E2
  8
0
 10
-13.6442
 20
66.3335
 30
0.0
 11
-13.9691
 21
65.5624
 31
0.0
  0
LINE
  5
5E3
  8
0
 10
-13.9691
 20
65.5624
 30
0.0
 11
-13.9691
 21
8.0648
 31
0.0
  0
LINE
  5
5E4
  8
0
 10
-13.9691
 20
8.0648
 30
0.0
 11
-13.6442
 21
7.29375
 31
0.0
  0
LINE
  5
5E5
  8
0
 10
-13.6442
 20
7.29375
 30
0.0
 11
-13.2767
 21
6.4509
 31
0.0
  0
LINE
  5
5E6
  8
0
 10
-13.2767
 20
6.4509
 30
0.0
 11
-12.899
 21
5.61263
 31
0.0
  0
LINE
  5
5E7
  8
0
 10
-12.899
 20
5.61263
 30
0.0
 11
-12.511
 21
4.77904
 31
0.0
  0
LINE
  5
5E8
  8
0
 10
-12.511
 20
4.77904
 30
0.0
 11
-12.1128
 21
3.95029
 31
0.0
  0
LINE
  5
5E9
  8
0
 10
-12.1128
 20
3.95029
 30
0.0
 11
-11.7044
 21
3.12648
 31
0.0
  0
LINE
  5
5EA
  8
0
 10
-11.7044
 20
3.12648
 30
0.0
 11
-11.286
 21
2.30774
 31
0.0
  0
LINE
  5
5EB
  8
0
 10
-11.286
 20
2.30774
 30
0.0
 11
-10.8575
 21
1.4942
 31
0.0
  0
LINE
  5
5EC
  8
0
 10
-10.8575
 20
1.4942
 30
0.0
 11
-10.4191
 21
0.685989
 31
0.0
  0
LINE
  5
5ED
  8
0
 10
-10.4191
 20
0.685989
 30
0.0
 11
-9.97086
 21
-0.116776
 31
0.0
  0
LINE
  5
5EE
  8
0
 10
-9.97086
 20
-0.116776
 30
0.0
 11
-9.51276
 21
-0.913986
 31
0.0
  0
LINE
  5
5EF
  8
0
 10
-9.51276
 20
-0.913986
 30
0.0
 11
-9.04491
 21
-1.70554
 31
0.0
  0
LINE
  5
5F0
  8
0
 10
-9.04491
 20
-1.70554
 30
0.0
 11
-8.56737
 21
-2.49126
 31
0.0
  0
LINE
  5
5F1
  8
0
 10
-8.56737
 20
-2.49126
 30
0.0
 11
-8.08023
 21
-3.27107
 31
0.0
  0
LINE
  5
5F2
  8
0
 10
-8.08023
 20
-3.27107
 30
0.0
 11
-7.58357
 21
-4.04486
 31
0.0
  0
LINE
  5
5F3
  8
0
 10
-7.58357
 20
-4.04486
 30
0.0
 11
-7.07744
 21
-4.81248
 31
0.0
  0
LINE
  5
5F4
  8
0
 10
-7.07744
 20
-4.81248
 30
0.0
 11
-6.56194
 21
-5.57384
 31
0.0
  0
LINE
  5
5F5
  8
0
 10
-6.56194
 20
-5.57384
 30
0.0
 11
-6.03712
 21
-6.32881
 31
0.0
  0
LINE
  5
5F6
  8
0
 10
-6.03712
 20
-6.32881
 30
0.0
 11
-5.50308
 21
-7.07729
 31
0.0
  0
LINE
  5
5F7
  8
0
 10
-5.50308
 20
-7.07729
 30
0.0
 11
-4.9599
 21
-7.81915
 31
0.0
  0
LINE
  5
5F8
  8
0
 10
-4.9599
 20
-7.81915
 30
0.0
 11
-4.40765
 21
-8.55429
 31
0.0
  0
LINE
  5
5F9
  8
0
 10
-4.40765
 20
-8.55429
 30
0.0
 11
-3.84644
 21
-9.28261
 31
0.0
  0
LINE
  5
5FA
  8
0
 10
-3.84644
 20
-9.28261
 30
0.0
 11
-3.27632
 21
-10.004
 31
0.0
  0
LINE
  5
5FB
  8
0
 10
-3.27632
 20
-10.004
 30
0.0
 11
-2.69739
 21
-10.7183
 31
0.0
  0
LINE
  5
5FC
  8
0
 10
-2.69739
 20
-10.7183
 30
0.0
 11
-2.10974
 21
-11.4255
 31
0.0
  0
LINE
  5
5FD
  8
0
 10
-2.10974
 20
-11.4255
 30
0.0
 11
-1.51346
 21
-12.1254
 31
0.0
  0
LINE
  5
5FE
  8
0
 10
-1.51346
 20
-12.1254
 30
0.0
 11
-0.90863
 21
-12.8179
 31
0.0
  0
LINE
  5
5FF
  8
0
 10
-0.90863
 20
-12.8179
 30
0.0
 11
-0.295349
 21
-13.5029
 31
0.0
  0
LINE
  5
600
  8
0
 10
-0.295349
 20
-13.5029
 30
0.0
 11
0.326279
 21
-14.1804
 31
0.0
  0
LINE
  5
601
  8
0
 10
0.326279
 20
-14.1804
 30
0.0
 11
0.956192
 21
-14.8502
 31
0.0
  0
LINE
  5
602
  8
0
 10
0.956192
 20
-14.8502
 30
0.0
 11
1.59427
 21
-15.5122
 31
0.0
  0
LINE
  5
603
  8
0
 10
1.59427
 20
-15.5122
 30
0.0
 11
2.24043
 21
-16.1664
 31
0.0
  0
LINE
  5
604
  8
0
 10
2.24043
 20
-16.1664
 30
0.0
 11
2.89456
 21
-16.8125
 31
0.0
  0
LINE
  5
605
  8
0
 10
2.89456
 20
-16.8125
 30
0.0
 11
3.55658
 21
-17.4506
 31
0.0
  0
LINE
  5
606
  8
0
 10
3.55658
 20
-17.4506
 30
0.0
 11
4.22638
 21
-18.0805
 31
0.0
  0
LINE
  5
607
  8
0
 10
4.22638
 20
-18.0805
 30
0.0
 11
4.90385
 21
-18.7021
 31
0.0
  0
LINE
  5
608
  8
0
 10
4.90385
 20
-18.7021
 30
0.0
 11
5.5889
 21
-19.3154
 31
0.0
  0
LINE
  5
609
  8
0
 10
5.5889
 20
-19.3154
 30
0.0
 11
6.28143
 21
-19.9203
 31
0.0
  0
LINE
  5
60A
  8
0
 10
6.28143
 20
-19.9203
 30
0.0
 11
6.98132
 21
-20.5165
 31
0.0
  0
LINE
  5
60B
  8
0
 10
6.98132
 20
-20.5165
 30
0.0
 11
7.68849
 21
-21.1042
 31
0.0
  0
LINE
  5
60C
  8
0
 10
7.68849
 20
-21.1042
 30
0.0
 11
8.4028
 21
-21.6831
 31
0.0
  0
LINE
  5
60D
  8
0
 10
8.4028
 20
-21.6831
 30
0.0
 11
9.12418
 21
-22.2532
 31
0.0
  0
LINE
  5
60E
  8
0
 10
9.12418
 20
-22.2532
 30
0.0
 11
9.85249
 21
-22.8145
 31
0.0
  0
LINE
  5
60F
  8
0
 10
9.85249
 20
-22.8145
 30
0.0
 11
10.5876
 21
-23.3667
 31
0.0
  0
LINE
  5
610
  8
0
 10
10.5876
 20
-23.3667
 30
0.0
 11
11.3295
 21
-23.9099
 31
0.0
  0
LINE
  5
611
  8
0
 10
11.3295
 20
-23.9099
 30
0.0
 11
12.078
 21
-24.4439
 31
0.0
  0
LINE
  5
612
  8
0
 10
12.078
 20
-24.4439
 30
0.0
 11
12.8329
 21
-24.9687
 31
0.0
  0
LINE
  5
613
  8
0
 10
12.8329
 20
-24.9687
 30
0.0
 11
13.5943
 21
-25.4842
 31
0.0
  0
LINE
  5
614
  8
0
 10
13.5943
 20
-25.4842
 30
0.0
 11
14.3619
 21
-25.9904
 31
0.0
  0
LINE
  5
615
  8
0
 10
14.3619
 20
-25.9904
 30
0.0
 11
15.1357
 21
-26.487
 31
0.0
  0
LINE
  5
616
  8
0
 10
15.1357
 20
-26.487
 30
0.0
 11
15.9155
 21
-26.9742
 31
0.0
  0
LINE
  5
617
  8
0
 10
15.9155
 20
-26.9742
 30
0.0
 11
16.7012
 21
-27.4517
 31
0.0
  0
LINE
  5
618
  8
0
 10
16.7012
 20
-27.4517
 30
0.0
 11
17.4928
 21
-27.9196
 31
0.0
  0
LINE
  5
619
  8
0
 10
17.4928
 20
-27.9196
 30
0.0
 11
18.29
 21
-28.3777
 31
0.0
  0
LINE
  5
61A
  8
0
 10
18.29
 20
-28.3777
 30
0.0
 11
19.0928
 21
-28.8259
 31
0.0
  0
LINE
  5
61B
  8
0
 10
19.0928
 20
-28.8259
 30
0.0
 11
19.901
 21
-29.2643
 31
0.0
  0
LINE
  5
61C
  8
0
 10
19.901
 20
-29.2643
 30
0.0
 11
20.7145
 21
-29.6928
 31
0.0
  0
LINE
  5
61D
  8
0
 10
20.7145
 20
-29.6928
 30
0.0
 11
21.5333
 21
-30.1112
 31
0.0
  0
LINE
  5
61E
  8
0
 10
21.5333
 20
-30.1112
 30
0.0
 11
22.3571
 21
-30.5196
 31
0.0
  0
LINE
  5
61F
  8
0
 10
22.3571
 20
-30.5196
 30
0.0
 11
23.1858
 21
-30.9178
 31
0.0
  0
LINE
  5
620
  8
0
 10
23.1858
 20
-30.9178
 30
0.0
 11
24.0194
 21
-31.3058
 31
0.0
  0
LINE
  5
621
  8
0
 10
24.0194
 20
-31.3058
 30
0.0
 11
24.8577
 21
-31.6835
 31
0.0
  0
LINE
  5
622
  8
0
 10
24.8577
 20
-31.6835
 30
0.0
 11
25.7005
 21
-32.051
 31
0.0
  0
LINE
  5
623
  8
0
 10
25.7005
 20
-32.051
 30
0.0
 11
26.5479
 21
-32.4081
 31
0.0
  0
LINE
  5
624
  8
0
 10
26.5479
 20
-32.4081
 30
0.0
 11
27.3995
 21
-32.7547
 31
0.0
  0
LINE
  5
625
  8
0
 10
27.3995
 20
-32.7547
 30
0.0
 11
28.2553
 21
-33.0909
 31
0.0
  0
LINE
  5
626
  8
0
 10
28.2553
 20
-33.0909
 30
0.0
 11
29.1151
 21
-33.4165
 31
0.0
  0
LINE
  5
627
  8
0
 10
29.1151
 20
-33.4165
 30
0.0
 11
29.9789
 21
-33.7316
 31
0.0
  0
LINE
  5
628
  8
0
 10
29.9789
 20
-33.7316
 30
0.0
 11
30.8465
 21
-34.036
 31
0.0
  0
LINE
  5
629
  8
0
 10
30.8465
 20
-34.036
 30
0.0
 11
31.7178
 21
-34.3298
 31
0.0
  0
LINE
  5
62A
  8
0
 10
31.7178
 20
-34.3298
 30
0.0
 11
32.5926
 21
-34.6128
 31
0.0
  0
LINE
  5
62B
  8
0
 10
32.5926
 20
-34.6128
 30
0.0
 11
33.4708
 21
-34.8851
 31
0.0
  0
LINE
  5
62C
  8
0
 10
33.4708
 20
-34.8851
 30
0.0
 11
34.3523
 21
-35.1466
 31
0.0
  0
LINE
  5
62D
  8
0
 10
34.3523
 20
-35.1466
 30
0.0
 11
35.237
 21
-35.3973
 31
0.0
  0
LINE
  5
62E
  8
0
 10
35.237
 20
-35.3973
 30
0.0
 11
36.1246
 21
-35.6371
 31
0.0
  0
LINE
  5
62F
  8
0
 10
36.1246
 20
-35.6371
 30
0.0
 11
37.0151
 21
-35.866
 31
0.0
  0
LINE
  5
630
  8
0
 10
37.0151
 20
-35.866
 30
0.0
 11
37.9084
 21
-36.0839
 31
0.0
  0
LINE
  5
631
  8
0
 10
37.9084
 20
-36.0839
 30
0.0
 11
38.8042
 21
-36.2909
 31
0.0
  0
LINE
  5
632
  8
0
 10
38.8042
 20
-36.2909
 30
0.0
 11
39.7026
 21
-36.4868
 31
0.0
  0
LINE
  5
633
  8
0
 10
39.7026
 20
-36.4868
 30
0.0
 11
40.6033
 21
-36.6717
 31
0.0
  0
LINE
  5
634
  8
0
 10
40.6033
 20
-36.6717
 30
0.0
 11
41.5061
 21
-36.8456
 31
0.0
  0
LINE
  5
635
  8
0
 10
41.5061
 20
-36.8456
 30
0.0
 11
42.4111
 21
-37.0083
 31
0.0
  0
LINE
  5
636
  8
0
 10
42.4111
 20
-37.0083
 30
0.0
 11
43.318
 21
-37.1599
 31
0.0
  0
LINE
  5
637
  8
0
 10
43.318
 20
-37.1599
 30
0.0
 11
44.2266
 21
-37.3004
 31
0.0
  0
LINE
  5
638
  8
0
 10
44.2266
 20
-37.3004
 30
0.0
 11
45.1369
 21
-37.4298
 31
0.0
  0
LINE
  5
639
  8
0
 10
45.1369
 20
-37.4298
 30
0.0
 11
46.0488
 21
-37.5479
 31
0.0
  0
LINE
  5
63A
  8
0
 10
46.0488
 20
-37.5479
 30
0.0
 11
46.962
 21
-37.6549
 31
0.0
  0
LINE
  5
63B
  8
0
 10
46.962
 20
-37.6549
 30
0.0
 11
47.8765
 21
-37.7506
 31
0.0
  0
LINE
  5
63C
  8
0
 10
47.8765
 20
-37.7506
 30
0.0
 11
48.792
 21
-37.8351
 31
0.0
  0
LINE
  5
63D
  8
0
 10
48.792
 20
-37.8351
 30
0.0
 11
49.7086
 21
-37.9084
 31
0.0
  0
LINE
  5
63E
  8
0
 10
49.7086
 20
-37.9084
 30
0.0
 11
50.6259
 21
-37.9704
 31
0.0
  0
LINE
  5
63F
  8
0
 10
50.6259
 20
-37.9704
 30
0.0
 11
51.544
 21
-38.0211
 31
0.0
  0
LINE
  5
640
  8
0
 10
51.544
 20
-38.0211
 30
0.0
 11
52.4626
 21
-38.0606
 31
0.0
  0
LINE
  5
641
  8
0
 10
52.4626
 20
-38.0606
 30
0.0
 11
53.3817
 21
-38.0888
 31
0.0
  0
LINE
  5
642
  8
0
 10
53.3817
 20
-38.0888
 30
0.0
 11
54.301
 21
-38.1057
 31
0.0
  0
LINE
  5
643
  8
0
 10
54.301
 20
-38.1057
 30
0.0
 11
55.2204
 21
-38.1114
 31
0.0
  0
LINE
  5
644
  8
0
 10
55.2204
 20
-38.1114
 30
0.0
 11
56.1398
 21
-38.1057
 31
0.0
  0
LINE
  5
645
  8
0
 10
54.3256
 20
80.5937
 30
0.0
 11
54.3256
 21
80.6576
 31
0.0
  0
LINE
  5
646
  8
0
 10
54.3256
 20
80.6576
 30
0.0
 11
55.0926
 21
80.6576
 31
0.0
  0
LINE
  5
647
  8
0
 10
55.0926
 20
80.6576
 30
0.0
 11
55.0926
 21
81.4245
 31
0.0
  0
LINE
  5
648
  8
0
 10
55.0926
 20
81.4245
 30
0.0
 11
55.1565
 21
81.4245
 31
0.0
  0
LINE
  5
649
  8
0
 10
55.1565
 20
81.4245
 30
0.0
 11
55.1565
 21
80.5937
 31
0.0
  0
LINE
  5
64A
  8
0
 10
55.1565
 20
80.5937
 30
0.0
 11
54.3256
 21
80.5937
 31
0.0
  0
LINE
  5
64B
  8
0
 10
55.2843
 20
80.5937
 30
0.0
 11
55.2843
 21
81.4245
 31
0.0
  0
LINE
  5
64C
  8
0
 10
55.2843
 20
81.4245
 30
0.0
 11
55.3482
 21
81.4245
 31
0.0
  0
LINE
  5
64D
  8
0
 10
55.3482
 20
81.4245
 30
0.0
 11
55.3482
 21
80.6576
 31
0.0
  0
LINE
  5
64E
  8
0
 10
55.3482
 20
80.6576
 30
0.0
 11
56.1152
 21
80.6576
 31
0.0
  0
LINE
  5
64F
  8
0
 10
56.1152
 20
80.6576
 30
0.0
 11
56.1152
 21
80.5937
 31
0.0
  0
LINE
  5
650
  8
0
 10
56.1152
 20
80.5937
 30
0.0
 11
55.2843
 21
80.5937
 31
0.0
  0
LINE
  5
651
  8
0
 10
55.0926
 20
79.635
 30
0.0
 11
55.0926
 21
80.4019
 31
0.0
  0
LINE
  5
652
  8
0
 10
55.0926
 20
80.4019
 30
0.0
 11
54.3256
 21
80.4019
 31
0.0
  0
LINE
  5
653
  8
0
 10
54.3256
 20
80.4019
 30
0.0
 11
54.3256
 21
80.4658
 31
0.0
  0
LINE
  5
654
  8
0
 10
54.3256
 20
80.4658
 30
0.0
 11
55.1565
 21
80.4658
 31
0.0
  0
LINE
  5
655
  8
0
 10
55.1565
 20
80.4658
 30
0.0
 11
55.1565
 21
79.635
 31
0.0
  0
LINE
  5
656
  8
0
 10
55.1565
 20
79.635
 30
0.0
 11
55.0926
 21
79.635
 31
0.0
  0
LINE
  5
657
  8
0
 10
55.2843
 20
79.635
 30
0.0
 11
55.2843
 21
80.4658
 31
0.0
  0
LINE
  5
658
  8
0
 10
55.2843
 20
80.4658
 30
0.0
 11
56.1152
 21
80.4658
 31
0.0
  0
LINE
  5
659
  8
0
 10
56.1152
 20
80.4658
 30
0.0
 11
56.1152
 21
80.4019
 31
0.0
  0
LINE
  5
65A
  8
0
 10
56.1152
 20
80.4019
 30
0.0
 11
55.3482
 21
80.4019
 31
0.0
  0
LINE
  5
65B
  8
0
 10
55.3482
 20
80.4019
 30
0.0
 11
55.3482
 21
79.635
 31
0.0
  0
LINE
  5
65C
  8
0
 10
55.3482
 20
79.635
 30
0.0
 11
55.2843
 21
79.635
 31
0.0
  0
LINE
  5
65D
  8
0
 10
-2.55649
 20
-2.55649
 30
0.0
 11
-2.55649
 21
76.1837
 31
0.0
  0
LINE
  5
65E
  8
0
 10
-2.55649
 20
76.1837
 30
0.0
 11
112.997
 21
76.1837
 31
0.0
  0
LINE
  5
65F
  8
0
 10
112.997
 20
76.1837
 30
0.0
 11
112.997
 21
-2.55649
 31
0.0
  0
LINE
  5
660
  8
0
 10
112.997
 20
-2.55649
 30
0.0
 11
-2.55649
 21
-2.55649
 31
0.0
  0
LINE
  5
661
  8
0
 10
111.463
 20
74.6498
 30
0.0
 11
-1.0226
 21
74.6498
 31
0.0
  0
LINE
  5
662
  8
0
 10
-1.0226
 20
74.6498
 30
0.0
 11
-1.0226
 21
-1.0226
 31
0.0
  0
LINE
  5
663
  8
0
 10
-1.0226
 20
-1.0226
 30
0.0
 11
111.463
 21
-1.0226
 31
0.0
  0
LINE
  5
664
  8
0
 10
111.463
 20
-1.0226
 30
0.0
 11
111.463
 21
74.6498
 31
0.0
  0
LINE
  5
665
  8
0
 10
-0.511292
 20
-0.511292
 30
0.0
 11
-0.511292
 21
74.1385
 31
0.0
  0
LINE
  5
666
  8
0
 10
-0.511292
 20
74.1385
 30
0.0
 11
110.952
 21
74.1385
 31
0.0
  0
LINE
  5
667
  8
0
 10
110.952
 20
74.1385
 30
0.0
 11
110.952
 21
-0.511292
 31
0.0
  0
LINE
  5
668
  8
0
 10
110.952
 20
-0.511292
 30
0.0
 11
-0.511292
 21
-0.511292
 31
0.0
  0
LINE
  5
669
  8
0
 10
109.418
 20
72.6046
 30
0.0
 11
1.0226
 21
72.6046
 31
0.0
  0
LINE
  5
66A
  8
0
 10
1.0226
 20
72.6046
 30
0.0
 11
1.0226
 21
1.0226
 31
0.0
  0
LINE
  5
66B
  8
0
 10
1.0226
 20
1.0226
 30
0.0
 11
109.418
 21
1.0226
 31
0.0
  0
LINE
  5
66C
  8
0
 10
109.418
 20
1.0226
 30
0.0
 11
109.418
 21
72.6046
 31
0.0
  0
LINE
  5
66D
  8
0
 10
24.119
 20
66.7219
 30
0.0
 11
23.9897
 21
66.6607
 31
0.0
  0
LINE
  5
66E
  8
0
 10
23.9897
 20
66.6607
 30
0.0
 11
23.7535
 21
66.5762
 31
0.0
  0
LINE
  5
66F
  8
0
 10
23.7535
 20
66.5762
 30
0.0
 11
23.5101
 21
66.5152
 31
0.0
  0
LINE
  5
670
  8
0
 10
23.5101
 20
66.5152
 30
0.0
 11
23.262
 21
66.4784
 31
0.0
  0
LINE
  5
671
  8
0
 10
23.262
 20
66.4784
 30
0.0
 11
23.0114
 21
66.4661
 31
0.0
  0
LINE
  5
672
  8
0
 10
23.0114
 20
66.4661
 30
0.0
 11
22.7608
 21
66.4784
 31
0.0
  0
LINE
  5
673
  8
0
 10
22.7608
 20
66.4784
 30
0.0
 11
22.5126
 21
66.5153
 31
0.0
  0
LINE
  5
674
  8
0
 10
22.5126
 20
66.5153
 30
0.0
 11
22.2693
 21
66.5762
 31
0.0
  0
LINE
  5
675
  8
0
 10
22.2693
 20
66.5762
 30
0.0
 11
22.0331
 21
66.6607
 31
0.0
  0
LINE
  5
676
  8
0
 10
22.0331
 20
66.6607
 30
0.0
 11
21.8062
 21
66.768
 31
0.0
  0
LINE
  5
677
  8
0
 10
21.8062
 20
66.768
 30
0.0
 11
21.5911
 21
66.897
 31
0.0
  0
LINE
  5
678
  8
0
 10
21.5911
 20
66.897
 30
0.0
 11
21.3896
 21
67.0464
 31
0.0
  0
LINE
  5
679
  8
0
 10
21.3896
 20
67.0464
 30
0.0
 11
21.2036
 21
67.2149
 31
0.0
  0
LINE
  5
67A
  8
0
 10
21.2036
 20
67.2149
 30
0.0
 11
21.0352
 21
67.4008
 31
0.0
  0
LINE
  5
67B
  8
0
 10
21.0352
 20
67.4008
 30
0.0
 11
20.8857
 21
67.6023
 31
0.0
  0
LINE
  5
67C
  8
0
 10
20.8857
 20
67.6023
 30
0.0
 11
20.7567
 21
67.8175
 31
0.0
  0
LINE
  5
67D
  8
0
 10
20.7567
 20
67.8175
 30
0.0
 11
20.6495
 21
68.0443
 31
0.0
  0
LINE
  5
67E
  8
0
 10
20.6495
 20
68.0443
 30
0.0
 11
20.565
 21
68.2805
 31
0.0
  0
LINE
  5
67F
  8
0
 10
20.565
 20
68.2805
 30
0.0
 11
20.504
 21
68.5239
 31
0.0
  0
LINE
  5
680
  8
0
 10
20.504
 20
68.5239
 30
0.0
 11
20.4672
 21
68.772
 31
0.0
  0
LINE
  5
681
  8
0
 10
20.4672
 20
68.772
 30
0.0
 11
20.4549
 21
69.0226
 31
0.0
  0
LINE
  5
682
  8
0
 10
20.4549
 20
69.0226
 30
0.0
 11
20.4672
 21
69.2732
 31
0.0
  0
LINE
  5
683
  8
0
 10
20.4672
 20
69.2732
 30
0.0
 11
20.504
 21
69.5214
 31
0.0
  0
LINE
  5
684
  8
0
 10
20.504
 20
69.5214
 30
0.0
 11
20.565
 21
69.7647
 31
0.0
  0
LINE
  5
685
  8
0
 10
20.565
 20
69.7647
 30
0.0
 11
20.6495
 21
70.001
 31
0.0
  0
LINE
  5
686
  8
0
 10
20.6495
 20
70.001
 30
0.0
 11
20.7567
 21
70.2278
 31
0.0
  0
LINE
  5
687
  8
0
 10
20.7567
 20
70.2278
 30
0.0
 11
20.8857
 21
70.4429
 31
0.0
  0
LINE
  5
688
  8
0
 10
20.8857
 20
70.4429
 30
0.0
 11
21.0352
 21
70.6445
 31
0.0
  0
LINE
  5
689
  8
0
 10
21.0352
 20
70.6445
 30
0.0
 11
21.2036
 21
70.8303
 31
0.0
  0
LINE
  5
68A
  8
0
 10
21.2036
 20
70.8303
 30
0.0
 11
21.3895
 21
70.9988
 31
0.0
  0
LINE
  5
68B
  8
0
 10
21.3895
 20
70.9988
 30
0.0
 11
21.5911
 21
71.1483
 31
0.0
  0
LINE
  5
68C
  8
0
 10
21.5911
 20
71.1483
 30
0.0
 11
21.8062
 21
71.2773
 31
0.0
  0
LINE
  5
68D
  8
0
 10
21.8062
 20
71.2773
 30
0.0
 11
22.033
 21
71.3845
 31
0.0
  0
LINE
  5
68E
  8
0
 10
22.033
 20
71.3845
 30
0.0
 11
22.2693
 21
71.469
 31
0.0
  0
LINE
  5
68F
  8
0
 10
22.2693
 20
71.469
 30
0.0
 11
22.5126
 21
71.53
 31
0.0
  0
LINE
  5
690
  8
0
 10
22.5126
 20
71.53
 30
0.0
 11
22.7608
 21
71.5668
 31
0.0
  0
LINE
  5
691
  8
0
 10
22.7608
 20
71.5668
 30
0.0
 11
23.0114
 21
71.5791
 31
0.0
  0
LINE
  5
692
  8
0
 10
23.0114
 20
71.5791
 30
0.0
 11
23.262
 21
71.5668
 31
0.0
  0
LINE
  5
693
  8
0
 10
23.262
 20
71.5668
 30
0.0
 11
23.5101
 21
71.53
 31
0.0
  0
LINE
  5
694
  8
0
 10
23.5101
 20
71.53
 30
0.0
 11
23.7535
 21
71.469
 31
0.0
  0
LINE
  5
695
  8
0
 10
23.7535
 20
71.469
 30
0.0
 11
23.9897
 21
71.3845
 31
0.0
  0
LINE
  5
696
  8
0
 10
23.9897
 20
71.3845
 30
0.0
 11
24.2165
 21
71.2773
 31
0.0
  0
LINE
  5
697
  8
0
 10
24.2165
 20
71.2773
 30
0.0
 11
24.4317
 21
71.1483
 31
0.0
  0
LINE
  5
698
  8
0
 10
24.4317
 20
71.1483
 30
0.0
 11
24.6332
 21
70.9988
 31
0.0
  0
LINE
  5
699
  8
0
 10
24.6332
 20
70.9988
 30
0.0
 11
24.8191
 21
70.8303
 31
0.0
  0
LINE
  5
69A
  8
0
 10
24.8191
 20
70.8303
 30
0.0
 11
24.9876
 21
70.6444
 31
0.0
  0
LINE
  5
69B
  8
0
 10
24.9876
 20
70.6444
 30
0.0
 11
25.137
 21
70.4429
 31
0.0
  0
LINE
  5
69C
  8
0
 10
25.137
 20
70.4429
 30
0.0
 11
25.266
 21
70.2277
 31
0.0
  0
LINE
  5
69D
  8
0
 10
25.266
 20
70.2277
 30
0.0
 11
25.3733
 21
70.0009
 31
0.0
  0
LINE
  5
69E
  8
0
 10
25.3733
 20
70.0009
 30
0.0
 11
25.4578
 21
69.7647
 31
0.0
  0
LINE
  5
69F
  8
0
 10
25.4578
 20
69.7647
 30
0.0
 11
25.5187
 21
69.5214
 31
0.0
  0
LINE
  5
6A0
  8
0
 10
25.5187
 20
69.5214
 30
0.0
 11
25.5556
 21
69.2732
 31
0.0
  0
LINE
  5
6A1
  8
0
 10
25.5556
 20
69.2732
 30
0.0
 11
25.5679
 21
69.0226
 31
0.0
  0
LINE
  5
6A2
  8
0
 10
25.5679
 20
69.0226
 30
0.0
 11
25.5556
 21
68.772
 31
0.0
  0
LINE
  5
6A3
  8
0
 10
25.5556
 20
68.772
 30
0.0
 11
25.5187
 21
68.5238
 31
0.0
  0
LINE
  5
6A4
  8
0
 10
25.5187
 20
68.5238
 30
0.0
 11
25.4578
 21
68.2805
 31
0.0
  0
LINE
  5
6A5
  8
0
 10
25.4578
 20
68.2805
 30
0.0
 11
25.3733
 21
68.0443
 31
0.0
  0
LINE
  5
6A6
  8
0
 10
25.3733
 20
68.0443
 30
0.0
 11
25.3121
 21
67.915
 31
0.0
  0
LINE
  5
6A7
  8
0
 10
25.3121
 20
67.915
 30
0.0
 11
26.1373
 21
67.0898
 31
0.0
  0
LINE
  5
6A8
  8
0
 10
26.1373
 20
67.0898
 30
0.0
 11
24.9442
 21
65.8967
 31
0.0
  0
LINE
  5
6A9
  8
0
 10
24.9442
 20
65.8967
 30
0.0
 11
24.119
 21
66.7219
 31
0.0
  0
LINE
  5
6AA
  8
0
 10
24.4575
 20
69.0226
 30
0.0
 11
23.0114
 21
70.4688
 31
0.0
  0
LINE
  5
6AB
  8
0
 10
23.0114
 20
70.4688
 30
0.0
 11
21.5652
 21
69.0226
 31
0.0
  0
LINE
  5
6AC
  8
0
 10
21.5652
 20
69.0226
 30
0.0
 11
23.0114
 21
67.5764
 31
0.0
  0
LINE
  5
6AD
  8
0
 10
23.0114
 20
67.5764
 30
0.0
 11
24.4575
 21
69.0226
 31
0.0
  0
LINE
  5
6AE
  8
0
 10
102.71
 20
67.0898
 30
0.0
 11
103.535
 21
67.915
 31
0.0
  0
LINE
  5
6AF
  8
0
 10
103.535
 20
67.915
 30
0.0
 11
103.474
 21
68.0443
 31
0.0
  0
LINE
  5
6B0
  8
0
 10
103.474
 20
68.0443
 30
0.0
 11
103.39
 21
68.2805
 31
0.0
  0
LINE
  5
6B1
  8
0
 10
103.39
 20
68.2805
 30
0.0
 11
103.329
 21
68.5238
 31
0.0
  0
LINE
  5
6B2
  8
0
 10
103.329
 20
68.5238
 30
0.0
 11
103.292
 21
68.772
 31
0.0
  0
LINE
  5
6B3
  8
0
 10
103.292
 20
68.772
 30
0.0
 11
103.28
 21
69.0226
 31
0.0
  0
LINE
  5
6B4
  8
0
 10
103.28
 20
69.0226
 30
0.0
 11
103.292
 21
69.2732
 31
0.0
  0
LINE
  5
6B5
  8
0
 10
103.292
 20
69.2732
 30
0.0
 11
103.329
 21
69.5214
 31
0.0
  0
LINE
  5
6B6
  8
0
 10
103.329
 20
69.5214
 30
0.0
 11
103.39
 21
69.7647
 31
0.0
  0
LINE
  5
6B7
  8
0
 10
103.39
 20
69.7647
 30
0.0
 11
103.474
 21
70.0009
 31
0.0
  0
LINE
  5
6B8
  8
0
 10
103.474
 20
70.0009
 30
0.0
 11
103.582
 21
70.2277
 31
0.0
  0
LINE
  5
6B9
  8
0
 10
103.582
 20
70.2277
 30
0.0
 11
103.711
 21
70.4429
 31
0.0
  0
LINE
  5
6BA
  8
0
 10
103.711
 20
70.4429
 30
0.0
 11
103.86
 21
70.6444
 31
0.0
  0
LINE
  5
6BB
  8
0
 10
103.86
 20
70.6444
 30
0.0
 11
104.028
 21
70.8303
 31
0.0
  0
LINE
  5
6BC
  8
0
 10
104.028
 20
70.8303
 30
0.0
 11
104.214
 21
70.9988
 31
0.0
  0
LINE
  5
6BD
  8
0
 10
104.214
 20
70.9988
 30
0.0
 11
104.416
 21
71.1483
 31
0.0
  0
LINE
  5
6BE
  8
0
 10
104.416
 20
71.1483
 30
0.0
 11
104.631
 21
71.2773
 31
0.0
  0
LINE
  5
6BF
  8
0
 10
104.631
 20
71.2773
 30
0.0
 11
104.858
 21
71.3845
 31
0.0
  0
LINE
  5
6C0
  8
0
 10
104.858
 20
71.3845
 30
0.0
 11
105.094
 21
71.469
 31
0.0
  0
LINE
  5
6C1
  8
0
 10
105.094
 20
71.469
 30
0.0
 11
105.337
 21
71.53
 31
0.0
  0
LINE
  5
6C2
  8
0
 10
105.337
 20
71.53
 30
0.0
 11
105.586
 21
71.5668
 31
0.0
  0
LINE
  5
6C3
  8
0
 10
105.586
 20
71.5668
 30
0.0
 11
105.836
 21
71.5791
 31
0.0
  0
LINE
  5
6C4
  8
0
 10
105.836
 20
71.5791
 30
0.0
 11
106.087
 21
71.5668
 31
0.0
  0
LINE
  5
6C5
  8
0
 10
106.087
 20
71.5668
 30
0.0
 11
106.335
 21
71.53
 31
0.0
  0
LINE
  5
6C6
  8
0
 10
106.335
 20
71.53
 30
0.0
 11
106.578
 21
71.469
 31
0.0
  0
LINE
  5
6C7
  8
0
 10
106.578
 20
71.469
 30
0.0
 11
106.815
 21
71.3845
 31
0.0
  0
LINE
  5
6C8
  8
0
 10
106.815
 20
71.3845
 30
0.0
 11
107.041
 21
71.2773
 31
0.0
  0
LINE
  5
6C9
  8
0
 10
107.041
 20
71.2773
 30
0.0
 11
107.257
 21
71.1483
 31
0.0
  0
LINE
  5
6CA
  8
0
 10
107.257
 20
71.1483
 30
0.0
 11
107.458
 21
70.9988
 31
0.0
  0
LINE
  5
6CB
  8
0
 10
107.458
 20
70.9988
 30
0.0
 11
107.644
 21
70.8303
 31
0.0
  0
LINE
  5
6CC
  8
0
 10
107.644
 20
70.8303
 30
0.0
 11
107.812
 21
70.6445
 31
0.0
  0
LINE
  5
6CD
  8
0
 10
107.812
 20
70.6445
 30
0.0
 11
107.962
 21
70.4429
 31
0.0
  0
LINE
  5
6CE
  8
0
 10
107.962
 20
70.4429
 30
0.0
 11
108.091
 21
70.2278
 31
0.0
  0
LINE
  5
6CF
  8
0
 10
108.091
 20
70.2278
 30
0.0
 11
108.198
 21
70.001
 31
0.0
  0
LINE
  5
6D0
  8
0
 10
108.198
 20
70.001
 30
0.0
 11
108.283
 21
69.7647
 31
0.0
  0
LINE
  5
6D1
  8
0
 10
108.283
 20
69.7647
 30
0.0
 11
108.344
 21
69.5214
 31
0.0
  0
LINE
  5
6D2
  8
0
 10
108.344
 20
69.5214
 30
0.0
 11
108.38
 21
69.2732
 31
0.0
  0
LINE
  5
6D3
  8
0
 10
108.38
 20
69.2732
 30
0.0
 11
108.393
 21
69.0226
 31
0.0
  0
LINE
  5
6D4
  8
0
 10
108.393
 20
69.0226
 30
0.0
 11
108.38
 21
68.772
 31
0.0
  0
LINE
  5
6D5
  8
0
 10
108.38
 20
68.772
 30
0.0
 11
108.344
 21
68.5239
 31
0.0
  0
LINE
  5
6D6
  8
0
 10
108.344
 20
68.5239
 30
0.0
 11
108.283
 21
68.2805
 31
0.0
  0
LINE
  5
6D7
  8
0
 10
108.283
 20
68.2805
 30
0.0
 11
108.198
 21
68.0443
 31
0.0
  0
LINE
  5
6D8
  8
0
 10
108.198
 20
68.0443
 30
0.0
 11
108.091
 21
67.8175
 31
0.0
  0
LINE
  5
6D9
  8
0
 10
108.091
 20
67.8175
 30
0.0
 11
107.962
 21
67.6023
 31
0.0
  0
LINE
  5
6DA
  8
0
 10
107.962
 20
67.6023
 30
0.0
 11
107.812
 21
67.4008
 31
0.0
  0
LINE
  5
6DB
  8
0
 10
107.812
 20
67.4008
 30
0.0
 11
107.644
 21
67.2149
 31
0.0
  0
LINE
  5
6DC
  8
0
 10
107.644
 20
67.2149
 30
0.0
 11
107.458
 21
67.0464
 31
0.0
  0
LINE
  5
6DD
  8
0
 10
107.458
 20
67.0464
 30
0.0
 11
107.257
 21
66.897
 31
0.0
  0
LINE
  5
6DE
  8
0
 10
107.257
 20
66.897
 30
0.0
 11
107.041
 21
66.768
 31
0.0
  0
LINE
  5
6DF
  8
0
 10
107.041
 20
66.768
 30
0.0
 11
106.815
 21
66.6607
 31
0.0
  0
LINE
  5
6E0
  8
0
 10
106.815
 20
66.6607
 30
0.0
 11
106.578
 21
66.5762
 31
0.0
  0
LINE
  5
6E1
  8
0
 10
106.578
 20
66.5762
 30
0.0
 11
106.335
 21
66.5153
 31
0.0
  0
LINE
  5
6E2
  8
0
 10
106.335
 20
66.5153
 30
0.0
 11
106.087
 21
66.4784
 31
0.0
  0
LINE
  5
6E3
  8
0
 10
106.087
 20
66.4784
 30
0.0
 11
105.836
 21
66.4661
 31
0.0
  0
LINE
  5
6E4
  8
0
 10
105.836
 20
66.4661
 30
0.0
 11
105.586
 21
66.4784
 31
0.0
  0
LINE
  5
6E5
  8
0
 10
105.586
 20
66.4784
 30
0.0
 11
105.337
 21
66.5152
 31
0.0
  0
LINE
  5
6E6
  8
0
 10
105.337
 20
66.5152
 30
0.0
 11
105.094
 21
66.5762
 31
0.0
  0
LINE
  5
6E7
  8
0
 10
105.094
 20
66.5762
 30
0.0
 11
104.858
 21
66.6607
 31
0.0
  0
LINE
  5
6E8
  8
0
 10
104.858
 20
66.6607
 30
0.0
 11
104.729
 21
66.7219
 31
0.0
  0
LINE
  5
6E9
  8
0
 10
104.729
 20
66.7219
 30
0.0
 11
103.903
 21
65.8967
 31
0.0
  0
LINE
  5
6EA
  8
0
 10
103.903
 20
65.8967
 30
0.0
 11
102.71
 21
67.0898
 31
0.0
  0
LINE
  5
6EB
  8
0
 10
107.282
 20
69.0226
 30
0.0
 11
105.836
 21
70.4688
 31
0.0
  0
LINE
  5
6EC
  8
0
 10
105.836
 20
70.4688
 30
0.0
 11
104.39
 21
69.0226
 31
0.0
  0
LINE
  5
6ED
  8
0
 10
104.39
 20
69.0226
 30
0.0
 11
105.836
 21
67.5764
 31
0.0
  0
LINE
  5
6EE
  8
0
 10
105.836
 20
67.5764
 30
0.0
 11
107.282
 21
69.0226
 31
0.0
  0
LINE
  5
6EF
  8
0
 10
79.3394
 20
66.7219
 30
0.0
 11
79.2101
 21
66.6607
 31
0.0
  0
LINE
  5
6F0
  8
0
 10
79.2101
 20
66.6607
 30
0.0
 11
78.9739
 21
66.5762
 31
0.0
  0
LINE
  5
6F1
  8
0
 10
78.9739
 20
66.5762
 30
0.0
 11
78.7305
 21
66.5152
 31
0.0
  0
LINE
  5
6F2
  8
0
 10
78.7305
 20
66.5152
 30
0.0
 11
78.4824
 21
66.4784
 31
0.0
  0
LINE
  5
6F3
  8
0
 10
78.4824
 20
66.4784
 30
0.0
 11
78.2318
 21
66.4661
 31
0.0
  0
LINE
  5
6F4
  8
0
 10
78.2318
 20
66.4661
 30
0.0
 11
77.9812
 21
66.4784
 31
0.0
  0
LINE
  5
6F5
  8
0
 10
77.9812
 20
66.4784
 30
0.0
 11
77.733
 21
66.5153
 31
0.0
  0
LINE
  5
6F6
  8
0
 10
77.733
 20
66.5153
 30
0.0
 11
77.4897
 21
66.5762
 31
0.0
  0
LINE
  5
6F7
  8
0
 10
77.4897
 20
66.5762
 30
0.0
 11
77.2534
 21
66.6607
 31
0.0
  0
LINE
  5
6F8
  8
0
 10
77.2534
 20
66.6607
 30
0.0
 11
77.0266
 21
66.768
 31
0.0
  0
LINE
  5
6F9
  8
0
 10
77.0266
 20
66.768
 30
0.0
 11
76.8115
 21
66.897
 31
0.0
  0
LINE
  5
6FA
  8
0
 10
76.8115
 20
66.897
 30
0.0
 11
76.61
 21
67.0464
 31
0.0
  0
LINE
  5
6FB
  8
0
 10
76.61
 20
67.0464
 30
0.0
 11
76.4241
 21
67.2149
 31
0.0
  0
LINE
  5
6FC
  8
0
 10
76.4241
 20
67.2149
 30
0.0
 11
76.2556
 21
67.4008
 31
0.0
  0
LINE
  5
6FD
  8
0
 10
76.2556
 20
67.4008
 30
0.0
 11
76.1061
 21
67.6023
 31
0.0
  0
LINE
  5
6FE
  8
0
 10
76.1061
 20
67.6023
 30
0.0
 11
75.9771
 21
67.8175
 31
0.0
  0
LINE
  5
6FF
  8
0
 10
75.9771
 20
67.8175
 30
0.0
 11
75.8699
 21
68.0443
 31
0.0
  0
LINE
  5
700
  8
0
 10
75.8699
 20
68.0443
 30
0.0
 11
75.7854
 21
68.2805
 31
0.0
  0
LINE
  5
701
  8
0
 10
75.7854
 20
68.2805
 30
0.0
 11
75.7244
 21
68.5239
 31
0.0
  0
LINE
  5
702
  8
0
 10
75.7244
 20
68.5239
 30
0.0
 11
75.6876
 21
68.772
 31
0.0
  0
LINE
  5
703
  8
0
 10
75.6876
 20
68.772
 30
0.0
 11
75.6753
 21
69.0226
 31
0.0
  0
LINE
  5
704
  8
0
 10
75.6753
 20
69.0226
 30
0.0
 11
75.6876
 21
69.2732
 31
0.0
  0
LINE
  5
705
  8
0
 10
75.6876
 20
69.2732
 30
0.0
 11
75.7244
 21
69.5214
 31
0.0
  0
LINE
  5
706
  8
0
 10
75.7244
 20
69.5214
 30
0.0
 11
75.7854
 21
69.7647
 31
0.0
  0
LINE
  5
707
  8
0
 10
75.7854
 20
69.7647
 30
0.0
 11
75.8699
 21
70.001
 31
0.0
  0
LINE
  5
708
  8
0
 10
75.8699
 20
70.001
 30
0.0
 11
75.9771
 21
70.2278
 31
0.0
  0
LINE
  5
709
  8
0
 10
75.9771
 20
70.2278
 30
0.0
 11
76.1061
 21
70.4429
 31
0.0
  0
LINE
  5
70A
  8
0
 10
76.1061
 20
70.4429
 30
0.0
 11
76.2556
 21
70.6445
 31
0.0
  0
LINE
  5
70B
  8
0
 10
76.2556
 20
70.6445
 30
0.0
 11
76.4241
 21
70.8303
 31
0.0
  0
LINE
  5
70C
  8
0
 10
76.4241
 20
70.8303
 30
0.0
 11
76.6099
 21
70.9988
 31
0.0
  0
LINE
  5
70D
  8
0
 10
76.6099
 20
70.9988
 30
0.0
 11
76.8115
 21
71.1483
 31
0.0
  0
LINE
  5
70E
  8
0
 10
76.8115
 20
71.1483
 30
0.0
 11
77.0266
 21
71.2773
 31
0.0
  0
LINE
  5
70F
  8
0
 10
77.0266
 20
71.2773
 30
0.0
 11
77.2534
 21
71.3845
 31
0.0
  0
LINE
  5
710
  8
0
 10
77.2534
 20
71.3845
 30
0.0
 11
77.4897
 21
71.469
 31
0.0
  0
LINE
  5
711
  8
0
 10
77.4897
 20
71.469
 30
0.0
 11
77.733
 21
71.53
 31
0.0
  0
LINE
  5
712
  8
0
 10
77.733
 20
71.53
 30
0.0
 11
77.9812
 21
71.5668
 31
0.0
  0
LINE
  5
713
  8
0
 10
77.9812
 20
71.5668
 30
0.0
 11
78.2318
 21
71.5791
 31
0.0
  0
LINE
  5
714
  8
0
 10
78.2318
 20
71.5791
 30
0.0
 11
78.4824
 21
71.5668
 31
0.0
  0
LINE
  5
715
  8
0
 10
78.4824
 20
71.5668
 30
0.0
 11
78.7305
 21
71.53
 31
0.0
  0
LINE
  5
716
  8
0
 10
78.7305
 20
71.53
 30
0.0
 11
78.9739
 21
71.469
 31
0.0
  0
LINE
  5
717
  8
0
 10
78.9739
 20
71.469
 30
0.0
 11
79.2101
 21
71.3845
 31
0.0
  0
LINE
  5
718
  8
0
 10
79.2101
 20
71.3845
 30
0.0
 11
79.4369
 21
71.2773
 31
0.0
  0
LINE
  5
719
  8
0
 10
79.4369
 20
71.2773
 30
0.0
 11
79.6521
 21
71.1483
 31
0.0
  0
LINE
  5
71A
  8
0
 10
79.6521
 20
71.1483
 30
0.0
 11
79.8536
 21
70.9988
 31
0.0
  0
LINE
  5
71B
  8
0
 10
79.8536
 20
70.9988
 30
0.0
 11
80.0395
 21
70.8303
 31
0.0
  0
LINE
  5
71C
  8
0
 10
80.0395
 20
70.8303
 30
0.0
 11
80.208
 21
70.6444
 31
0.0
  0
LINE
  5
71D
  8
0
 10
80.208
 20
70.6444
 30
0.0
 11
80.3574
 21
70.4429
 31
0.0
  0
LINE
  5
71E
  8
0
 10
80.3574
 20
70.4429
 30
0.0
 11
80.4864
 21
70.2277
 31
0.0
  0
LINE
  5
71F
  8
0
 10
80.4864
 20
70.2277
 30
0.0
 11
80.5937
 21
70.0009
 31
0.0
  0
LINE
  5
720
  8
0
 10
80.5937
 20
70.0009
 30
0.0
 11
80.6782
 21
69.7647
 31
0.0
  0
LINE
  5
721
  8
0
 10
80.6782
 20
69.7647
 30
0.0
 11
80.7391
 21
69.5214
 31
0.0
  0
LINE
  5
722
  8
0
 10
80.7391
 20
69.5214
 30
0.0
 11
80.776
 21
69.2732
 31
0.0
  0
LINE
  5
723
  8
0
 10
80.776
 20
69.2732
 30
0.0
 11
80.7883
 21
69.0226
 31
0.0
  0
LINE
  5
724
  8
0
 10
80.7883
 20
69.0226
 30
0.0
 11
80.776
 21
68.772
 31
0.0
  0
LINE
  5
725
  8
0
 10
80.776
 20
68.772
 30
0.0
 11
80.7391
 21
68.5238
 31
0.0
  0
LINE
  5
726
  8
0
 10
80.7391
 20
68.5238
 30
0.0
 11
80.6782
 21
68.2805
 31
0.0
  0
LINE
  5
727
  8
0
 10
80.6782
 20
68.2805
 30
0.0
 11
80.5937
 21
68.0443
 31
0.0
  0
LINE
  5
728
  8
0
 10
80.5937
 20
68.0443
 30
0.0
 11
80.5325
 21
67.915
 31
0.0
  0
LINE
  5
729
  8
0
 10
80.5325
 20
67.915
 30
0.0
 11
81.3577
 21
67.0898
 31
0.0
  0
LINE
  5
72A
  8
0
 10
81.3577
 20
67.0898
 30
0.0
 11
80.1646
 21
65.8967
 31
0.0
  0
LINE
  5
72B
  8
0
 10
80.1646
 20
65.8967
 30
0.0
 11
79.3394
 21
66.7219
 31
0.0
  0
LINE
  5
72C
  8
0
 10
79.6779
 20
69.0226
 30
0.0
 11
78.2318
 21
70.4688
 31
0.0
  0
LINE
  5
72D
  8
0
 10
78.2318
 20
70.4688
 30
0.0
 11
76.7856
 21
69.0226
 31
0.0
  0
LINE
  5
72E
  8
0
 10
76.7856
 20
69.0226
 30
0.0
 11
78.2318
 21
67.5764
 31
0.0
  0
LINE
  5
72F
  8
0
 10
78.2318
 20
67.5764
 30
0.0
 11
79.6779
 21
69.0226
 31
0.0
  0
LINE
  5
730
  8
0
 10
60.9326
 20
66.7219
 30
0.0
 11
60.8033
 21
66.6607
 31
0.0
  0
LINE
  5
731
  8
0
 10
60.8033
 20
66.6607
 30
0.0
 11
60.5671
 21
66.5762
 31
0.0
  0
LINE
  5
732
  8
0
 10
60.5671
 20
66.5762
 30
0.0
 11
60.3237
 21
66.5152
 31
0.0
  0
LINE
  5
733
  8
0
 10
60.3237
 20
66.5152
 30
0.0
 11
60.0756
 21
66.4784
 31
0.0
  0
LINE
  5
734
  8
0
 10
60.0756
 20
66.4784
 30
0.0
 11
59.825
 21
66.4661
 31
0.0
  0
LINE
  5
735
  8
0
 10
59.825
 20
66.4661
 30
0.0
 11
59.5744
 21
66.4784
 31
0.0
  0
LINE
  5
736
  8
0
 10
59.5744
 20
66.4784
 30
0.0
 11
59.3262
 21
66.5153
 31
0.0
  0
LINE
  5
737
  8
0
 10
59.3262
 20
66.5153
 30
0.0
 11
59.0829
 21
66.5762
 31
0.0
  0
LINE
  5
738
  8
0
 10
59.0829
 20
66.5762
 30
0.0
 11
58.8466
 21
66.6607
 31
0.0
  0
LINE
  5
739
  8
0
 10
58.8466
 20
66.6607
 30
0.0
 11
58.6198
 21
66.768
 31
0.0
  0
LINE
  5
73A
  8
0
 10
58.6198
 20
66.768
 30
0.0
 11
58.4047
 21
66.897
 31
0.0
  0
LINE
  5
73B
  8
0
 10
58.4047
 20
66.897
 30
0.0
 11
58.2032
 21
67.0464
 31
0.0
  0
LINE
  5
73C
  8
0
 10
58.2032
 20
67.0464
 30
0.0
 11
58.0173
 21
67.2149
 31
0.0
  0
LINE
  5
73D
  8
0
 10
58.0173
 20
67.2149
 30
0.0
 11
57.8488
 21
67.4008
 31
0.0
  0
LINE
  5
73E
  8
0
 10
57.8488
 20
67.4008
 30
0.0
 11
57.6993
 21
67.6023
 31
0.0
  0
LINE
  5
73F
  8
0
 10
57.6993
 20
67.6023
 30
0.0
 11
57.5703
 21
67.8175
 31
0.0
  0
LINE
  5
740
  8
0
 10
57.5703
 20
67.8175
 30
0.0
 11
57.4631
 21
68.0443
 31
0.0
  0
LINE
  5
741
  8
0
 10
57.4631
 20
68.0443
 30
0.0
 11
57.3786
 21
68.2805
 31
0.0
  0
LINE
  5
742
  8
0
 10
57.3786
 20
68.2805
 30
0.0
 11
57.3176
 21
68.5239
 31
0.0
  0
LINE
  5
743
  8
0
 10
57.3176
 20
68.5239
 30
0.0
 11
57.2808
 21
68.772
 31
0.0
  0
LINE
  5
744
  8
0
 10
57.2808
 20
68.772
 30
0.0
 11
57.2685
 21
69.0226
 31
0.0
  0
LINE
  5
745
  8
0
 10
57.2685
 20
69.0226
 30
0.0
 11
57.2808
 21
69.2732
 31
0.0
  0
LINE
  5
746
  8
0
 10
57.2808
 20
69.2732
 30
0.0
 11
57.3176
 21
69.5214
 31
0.0
  0
LINE
  5
747
  8
0
 10
57.3176
 20
69.5214
 30
0.0
 11
57.3786
 21
69.7647
 31
0.0
  0
LINE
  5
748
  8
0
 10
57.3786
 20
69.7647
 30
0.0
 11
57.4631
 21
70.001
 31
0.0
  0
LINE
  5
749
  8
0
 10
57.4631
 20
70.001
 30
0.0
 11
57.5703
 21
70.2278
 31
0.0
  0
LINE
  5
74A
  8
0
 10
57.5703
 20
70.2278
 30
0.0
 11
57.6993
 21
70.4429
 31
0.0
  0
LINE
  5
74B
  8
0
 10
57.6993
 20
70.4429
 30
0.0
 11
57.8488
 21
70.6445
 31
0.0
  0
LINE
  5
74C
  8
0
 10
57.8488
 20
70.6445
 30
0.0
 11
58.0173
 21
70.8303
 31
0.0
  0
LINE
  5
74D
  8
0
 10
58.0173
 20
70.8303
 30
0.0
 11
58.2031
 21
70.9988
 31
0.0
  0
LINE
  5
74E
  8
0
 10
58.2031
 20
70.9988
 30
0.0
 11
58.4047
 21
71.1483
 31
0.0
  0
LINE
  5
74F
  8
0
 10
58.4047
 20
71.1483
 30
0.0
 11
58.6198
 21
71.2773
 31
0.0
  0
LINE
  5
750
  8
0
 10
58.6198
 20
71.2773
 30
0.0
 11
58.8466
 21
71.3845
 31
0.0
  0
LINE
  5
751
  8
0
 10
58.8466
 20
71.3845
 30
0.0
 11
59.0829
 21
71.469
 31
0.0
  0
LINE
  5
752
  8
0
 10
59.0829
 20
71.469
 30
0.0
 11
59.3262
 21
71.53
 31
0.0
  0
LINE
  5
753
  8
0
 10
59.3262
 20
71.53
 30
0.0
 11
59.5744
 21
71.5668
 31
0.0
  0
LINE
  5
754
  8
0
 10
59.5744
 20
71.5668
 30
0.0
 11
59.825
 21
71.5791
 31
0.0
  0
LINE
  5
755
  8
0
 10
59.825
 20
71.5791
 30
0.0
 11
60.0756
 21
71.5668
 31
0.0
  0
LINE
  5
756
  8
0
 10
60.0756
 20
71.5668
 30
0.0
 11
60.3237
 21
71.53
 31
0.0
  0
LINE
  5
757
  8
0
 10
60.3237
 20
71.53
 30
0.0
 11
60.5671
 21
71.469
 31
0.0
  0
LINE
  5
758
  8
0
 10
60.5671
 20
71.469
 30
0.0
 11
60.8033
 21
71.3845
 31
0.0
  0
LINE
  5
759
  8
0
 10
60.8033
 20
71.3845
 30
0.0
 11
61.0301
 21
71.2773
 31
0.0
  0
LINE
  5
75A
  8
0
 10
61.0301
 20
71.2773
 30
0.0
 11
61.2453
 21
71.1483
 31
0.0
  0
LINE
  5
75B
  8
0
 10
61.2453
 20
71.1483
 30
0.0
 11
61.4468
 21
70.9988
 31
0.0
  0
LINE
  5
75C
  8
0
 10
61.4468
 20
70.9988
 30
0.0
 11
61.6327
 21
70.8303
 31
0.0
  0
LINE
  5
75D
  8
0
 10
61.6327
 20
70.8303
 30
0.0
 11
61.8012
 21
70.6444
 31
0.0
  0
LINE
  5
75E
  8
0
 10
61.8012
 20
70.6444
 30
0.0
 11
61.9506
 21
70.4429
 31
0.0
  0
LINE
  5
75F
  8
0
 10
61.9506
 20
70.4429
 30
0.0
 11
62.0796
 21
70.2277
 31
0.0
  0
LINE
  5
760
  8
0
 10
62.0796
 20
70.2277
 30
0.0
 11
62.1869
 21
70.0009
 31
0.0
  0
LINE
  5
761
  8
0
 10
62.1869
 20
70.0009
 30
0.0
 11
62.2714
 21
69.7647
 31
0.0
  0
LINE
  5
762
  8
0
 10
62.2714
 20
69.7647
 30
0.0
 11
62.3323
 21
69.5214
 31
0.0
  0
LINE
  5
763
  8
0
 10
62.3323
 20
69.5214
 30
0.0
 11
62.3692
 21
69.2732
 31
0.0
  0
LINE
  5
764
  8
0
 10
62.3692
 20
69.2732
 30
0.0
 11
62.3815
 21
69.0226
 31
0.0
  0
LINE
  5
765
  8
0
 10
62.3815
 20
69.0226
 30
0.0
 11
62.3692
 21
68.772
 31
0.0
  0
LINE
  5
766
  8
0
 10
62.3692
 20
68.772
 30
0.0
 11
62.3323
 21
68.5238
 31
0.0
  0
LINE
  5
767
  8
0
 10
62.3323
 20
68.5238
 30
0.0
 11
62.2714
 21
68.2805
 31
0.0
  0
LINE
  5
768
  8
0
 10
62.2714
 20
68.2805
 30
0.0
 11
62.1869
 21
68.0443
 31
0.0
  0
LINE
  5
769
  8
0
 10
62.1869
 20
68.0443
 30
0.0
 11
62.1257
 21
67.915
 31
0.0
  0
LINE
  5
76A
  8
0
 10
62.1257
 20
67.915
 30
0.0
 11
62.9509
 21
67.0898
 31
0.0
  0
LINE
  5
76B
  8
0
 10
62.9509
 20
67.0898
 30
0.0
 11
61.7578
 21
65.8967
 31
0.0
  0
LINE
  5
76C
  8
0
 10
61.7578
 20
65.8967
 30
0.0
 11
60.9326
 21
66.7219
 31
0.0
  0
LINE
  5
76D
  8
0
 10
61.2711
 20
69.0226
 30
0.0
 11
59.825
 21
70.4688
 31
0.0
  0
LINE
  5
76E
  8
0
 10
59.825
 20
70.4688
 30
0.0
 11
58.3788
 21
69.0226
 31
0.0
  0
LINE
  5
76F
  8
0
 10
58.3788
 20
69.0226
 30
0.0
 11
59.825
 21
67.5764
 31
0.0
  0
LINE
  5
770
  8
0
 10
59.825
 20
67.5764
 30
0.0
 11
61.2711
 21
69.0226
 31
0.0
  0
LINE
  5
771
  8
0
 10
47.4899
 20
67.0898
 30
0.0
 11
48.3151
 21
67.915
 31
0.0
  0
LINE
  5
772
  8
0
 10
48.3151
 20
67.915
 30
0.0
 11
48.2539
 21
68.0443
 31
0.0
  0
LINE
  5
773
  8
0
 10
48.2539
 20
68.0443
 30
0.0
 11
48.1694
 21
68.2805
 31
0.0
  0
LINE
  5
774
  8
0
 10
48.1694
 20
68.2805
 30
0.0
 11
48.1084
 21
68.5238
 31
0.0
  0
LINE
  5
775
  8
0
 10
48.1084
 20
68.5238
 30
0.0
 11
48.0716
 21
68.772
 31
0.0
  0
LINE
  5
776
  8
0
 10
48.0716
 20
68.772
 30
0.0
 11
48.0593
 21
69.0226
 31
0.0
  0
LINE
  5
777
  8
0
 10
48.0593
 20
69.0226
 30
0.0
 11
48.0716
 21
69.2732
 31
0.0
  0
LINE
  5
778
  8
0
 10
48.0716
 20
69.2732
 30
0.0
 11
48.1085
 21
69.5214
 31
0.0
  0
LINE
  5
779
  8
0
 10
48.1085
 20
69.5214
 30
0.0
 11
48.1694
 21
69.7647
 31
0.0
  0
LINE
  5
77A
  8
0
 10
48.1694
 20
69.7647
 30
0.0
 11
48.2539
 21
70.0009
 31
0.0
  0
LINE
  5
77B
  8
0
 10
48.2539
 20
70.0009
 30
0.0
 11
48.3612
 21
70.2277
 31
0.0
  0
LINE
  5
77C
  8
0
 10
48.3612
 20
70.2277
 30
0.0
 11
48.4902
 21
70.4429
 31
0.0
  0
LINE
  5
77D
  8
0
 10
48.4902
 20
70.4429
 30
0.0
 11
48.6396
 21
70.6444
 31
0.0
  0
LINE
  5
77E
  8
0
 10
48.6396
 20
70.6444
 30
0.0
 11
48.8081
 21
70.8303
 31
0.0
  0
LINE
  5
77F
  8
0
 10
48.8081
 20
70.8303
 30
0.0
 11
48.994
 21
70.9988
 31
0.0
  0
LINE
  5
780
  8
0
 10
48.994
 20
70.9988
 30
0.0
 11
49.1955
 21
71.1483
 31
0.0
  0
LINE
  5
781
  8
0
 10
49.1955
 20
71.1483
 30
0.0
 11
49.4107
 21
71.2773
 31
0.0
  0
LINE
  5
782
  8
0
 10
49.4107
 20
71.2773
 30
0.0
 11
49.6375
 21
71.3845
 31
0.0
  0
LINE
  5
783
  8
0
 10
49.6375
 20
71.3845
 30
0.0
 11
49.8737
 21
71.469
 31
0.0
  0
LINE
  5
784
  8
0
 10
49.8737
 20
71.469
 30
0.0
 11
50.1171
 21
71.53
 31
0.0
  0
LINE
  5
785
  8
0
 10
50.1171
 20
71.53
 30
0.0
 11
50.3652
 21
71.5668
 31
0.0
  0
LINE
  5
786
  8
0
 10
50.3652
 20
71.5668
 30
0.0
 11
50.6158
 21
71.5791
 31
0.0
  0
LINE
  5
787
  8
0
 10
50.6158
 20
71.5791
 30
0.0
 11
50.8664
 21
71.5668
 31
0.0
  0
LINE
  5
788
  8
0
 10
50.8664
 20
71.5668
 30
0.0
 11
51.1146
 21
71.53
 31
0.0
  0
LINE
  5
789
  8
0
 10
51.1146
 20
71.53
 30
0.0
 11
51.3579
 21
71.469
 31
0.0
  0
LINE
  5
78A
  8
0
 10
51.3579
 20
71.469
 30
0.0
 11
51.5941
 21
71.3845
 31
0.0
  0
LINE
  5
78B
  8
0
 10
51.5941
 20
71.3845
 30
0.0
 11
51.821
 21
71.2773
 31
0.0
  0
LINE
  5
78C
  8
0
 10
51.821
 20
71.2773
 30
0.0
 11
52.0361
 21
71.1483
 31
0.0
  0
LINE
  5
78D
  8
0
 10
52.0361
 20
71.1483
 30
0.0
 11
52.2376
 21
70.9988
 31
0.0
  0
LINE
  5
78E
  8
0
 10
52.2376
 20
70.9988
 30
0.0
 11
52.4235
 21
70.8303
 31
0.0
  0
LINE
  5
78F
  8
0
 10
52.4235
 20
70.8303
 30
0.0
 11
52.592
 21
70.6445
 31
0.0
  0
LINE
  5
790
  8
0
 10
52.592
 20
70.6445
 30
0.0
 11
52.7415
 21
70.4429
 31
0.0
  0
LINE
  5
791
  8
0
 10
52.7415
 20
70.4429
 30
0.0
 11
52.8705
 21
70.2278
 31
0.0
  0
LINE
  5
792
  8
0
 10
52.8705
 20
70.2278
 30
0.0
 11
52.9777
 21
70.001
 31
0.0
  0
LINE
  5
793
  8
0
 10
52.9777
 20
70.001
 30
0.0
 11
53.0622
 21
69.7647
 31
0.0
  0
LINE
  5
794
  8
0
 10
53.0622
 20
69.7647
 30
0.0
 11
53.1232
 21
69.5214
 31
0.0
  0
LINE
  5
795
  8
0
 10
53.1232
 20
69.5214
 30
0.0
 11
53.16
 21
69.2732
 31
0.0
  0
LINE
  5
796
  8
0
 10
53.16
 20
69.2732
 30
0.0
 11
53.1723
 21
69.0226
 31
0.0
  0
LINE
  5
797
  8
0
 10
53.1723
 20
69.0226
 30
0.0
 11
53.16
 21
68.772
 31
0.0
  0
LINE
  5
798
  8
0
 10
53.16
 20
68.772
 30
0.0
 11
53.1232
 21
68.5239
 31
0.0
  0
LINE
  5
799
  8
0
 10
53.1232
 20
68.5239
 30
0.0
 11
53.0622
 21
68.2805
 31
0.0
  0
LINE
  5
79A
  8
0
 10
53.0622
 20
68.2805
 30
0.0
 11
52.9777
 21
68.0443
 31
0.0
  0
LINE
  5
79B
  8
0
 10
52.9777
 20
68.0443
 30
0.0
 11
52.8705
 21
67.8175
 31
0.0
  0
LINE
  5
79C
  8
0
 10
52.8705
 20
67.8175
 30
0.0
 11
52.7415
 21
67.6023
 31
0.0
  0
LINE
  5
79D
  8
0
 10
52.7415
 20
67.6023
 30
0.0
 11
52.592
 21
67.4008
 31
0.0
  0
LINE
  5
79E
  8
0
 10
52.592
 20
67.4008
 30
0.0
 11
52.4235
 21
67.2149
 31
0.0
  0
LINE
  5
79F
  8
0
 10
52.4235
 20
67.2149
 30
0.0
 11
52.2376
 21
67.0464
 31
0.0
  0
LINE
  5
7A0
  8
0
 10
52.2376
 20
67.0464
 30
0.0
 11
52.0361
 21
66.897
 31
0.0
  0
LINE
  5
7A1
  8
0
 10
52.0361
 20
66.897
 30
0.0
 11
51.8209
 21
66.768
 31
0.0
  0
LINE
  5
7A2
  8
0
 10
51.8209
 20
66.768
 30
0.0
 11
51.5941
 21
66.6607
 31
0.0
  0
LINE
  5
7A3
  8
0
 10
51.5941
 20
66.6607
 30
0.0
 11
51.3579
 21
66.5762
 31
0.0
  0
LINE
  5
7A4
  8
0
 10
51.3579
 20
66.5762
 30
0.0
 11
51.1146
 21
66.5153
 31
0.0
  0
LINE
  5
7A5
  8
0
 10
51.1146
 20
66.5153
 30
0.0
 11
50.8664
 21
66.4784
 31
0.0
  0
LINE
  5
7A6
  8
0
 10
50.8664
 20
66.4784
 30
0.0
 11
50.6158
 21
66.4661
 31
0.0
  0
LINE
  5
7A7
  8
0
 10
50.6158
 20
66.4661
 30
0.0
 11
50.3652
 21
66.4784
 31
0.0
  0
LINE
  5
7A8
  8
0
 10
50.3652
 20
66.4784
 30
0.0
 11
50.1171
 21
66.5152
 31
0.0
  0
LINE
  5
7A9
  8
0
 10
50.1171
 20
66.5152
 30
0.0
 11
49.8737
 21
66.5762
 31
0.0
  0
LINE
  5
7AA
  8
0
 10
49.8737
 20
66.5762
 30
0.0
 11
49.6375
 21
66.6607
 31
0.0
  0
LINE
  5
7AB
  8
0
 10
49.6375
 20
66.6607
 30
0.0
 11
49.5082
 21
66.7219
 31
0.0
  0
LINE
  5
7AC
  8
0
 10
49.5082
 20
66.7219
 30
0.0
 11
48.683
 21
65.8967
 31
0.0
  0
LINE
  5
7AD
  8
0
 10
48.683
 20
65.8967
 30
0.0
 11
47.4899
 21
67.0898
 31
0.0
  0
LINE
  5
7AE
  8
0
 10
52.062
 20
69.0226
 30
0.0
 11
50.6158
 21
70.4688
 31
0.0
  0
LINE
  5
7AF
  8
0
 10
50.6158
 20
70.4688
 30
0.0
 11
49.1696
 21
69.0226
 31
0.0
  0
LINE
  5
7B0
  8
0
 10
49.1696
 20
69.0226
 30
0.0
 11
50.6158
 21
67.5764
 31
0.0
  0
LINE
  5
7B1
  8
0
 10
50.6158
 20
67.5764
 30
0.0
 11
52.062
 21
69.0226
 31
0.0
  0
LINE
  5
7B2
  8
0
 10
29.0831
 20
67.0898
 30
0.0
 11
29.9083
 21
67.915
 31
0.0
  0
LINE
  5
7B3
  8
0
 10
29.9083
 20
67.915
 30
0.0
 11
29.8471
 21
68.0443
 31
0.0
  0
LINE
  5
7B4
  8
0
 10
29.8471
 20
68.0443
 30
0.0
 11
29.7626
 21
68.2805
 31
0.0
  0
LINE
  5
7B5
  8
0
 10
29.7626
 20
68.2805
 30
0.0
 11
29.7016
 21
68.5238
 31
0.0
  0
LINE
  5
7B6
  8
0
 10
29.7016
 20
68.5238
 30
0.0
 11
29.6648
 21
68.772
 31
0.0
  0
LINE
  5
7B7
  8
0
 10
29.6648
 20
68.772
 30
0.0
 11
29.6525
 21
69.0226
 31
0.0
  0
LINE
  5
7B8
  8
0
 10
29.6525
 20
69.0226
 30
0.0
 11
29.6648
 21
69.2732
 31
0.0
  0
LINE
  5
7B9
  8
0
 10
29.6648
 20
69.2732
 30
0.0
 11
29.7017
 21
69.5214
 31
0.0
  0
LINE
  5
7BA
  8
0
 10
29.7017
 20
69.5214
 30
0.0
 11
29.7626
 21
69.7647
 31
0.0
  0
LINE
  5
7BB
  8
0
 10
29.7626
 20
69.7647
 30
0.0
 11
29.8471
 21
70.0009
 31
0.0
  0
LINE
  5
7BC
  8
0
 10
29.8471
 20
70.0009
 30
0.0
 11
29.9544
 21
70.2277
 31
0.0
  0
LINE
  5
7BD
  8
0
 10
29.9544
 20
70.2277
 30
0.0
 11
30.0834
 21
70.4429
 31
0.0
  0
LINE
  5
7BE
  8
0
 10
30.0834
 20
70.4429
 30
0.0
 11
30.2328
 21
70.6444
 31
0.0
  0
LINE
  5
7BF
  8
0
 10
30.2328
 20
70.6444
 30
0.0
 11
30.4013
 21
70.8303
 31
0.0
  0
LINE
  5
7C0
  8
0
 10
30.4013
 20
70.8303
 30
0.0
 11
30.5872
 21
70.9988
 31
0.0
  0
LINE
  5
7C1
  8
0
 10
30.5872
 20
70.9988
 30
0.0
 11
30.7887
 21
71.1483
 31
0.0
  0
LINE
  5
7C2
  8
0
 10
30.7887
 20
71.1483
 30
0.0
 11
31.0039
 21
71.2773
 31
0.0
  0
LINE
  5
7C3
  8
0
 10
31.0039
 20
71.2773
 30
0.0
 11
31.2307
 21
71.3845
 31
0.0
  0
LINE
  5
7C4
  8
0
 10
31.2307
 20
71.3845
 30
0.0
 11
31.4669
 21
71.469
 31
0.0
  0
LINE
  5
7C5
  8
0
 10
31.4669
 20
71.469
 30
0.0
 11
31.7103
 21
71.53
 31
0.0
  0
LINE
  5
7C6
  8
0
 10
31.7103
 20
71.53
 30
0.0
 11
31.9584
 21
71.5668
 31
0.0
  0
LINE
  5
7C7
  8
0
 10
31.9584
 20
71.5668
 30
0.0
 11
32.209
 21
71.5791
 31
0.0
  0
LINE
  5
7C8
  8
0
 10
32.209
 20
71.5791
 30
0.0
 11
32.4596
 21
71.5668
 31
0.0
  0
LINE
  5
7C9
  8
0
 10
32.4596
 20
71.5668
 30
0.0
 11
32.7078
 21
71.53
 31
0.0
  0
LINE
  5
7CA
  8
0
 10
32.7078
 20
71.53
 30
0.0
 11
32.9511
 21
71.469
 31
0.0
  0
LINE
  5
7CB
  8
0
 10
32.9511
 20
71.469
 30
0.0
 11
33.1873
 21
71.3845
 31
0.0
  0
LINE
  5
7CC
  8
0
 10
33.1873
 20
71.3845
 30
0.0
 11
33.4142
 21
71.2773
 31
0.0
  0
LINE
  5
7CD
  8
0
 10
33.4142
 20
71.2773
 30
0.0
 11
33.6293
 21
71.1483
 31
0.0
  0
LINE
  5
7CE
  8
0
 10
33.6293
 20
71.1483
 30
0.0
 11
33.8308
 21
70.9988
 31
0.0
  0
LINE
  5
7CF
  8
0
 10
33.8308
 20
70.9988
 30
0.0
 11
34.0167
 21
70.8303
 31
0.0
  0
LINE
  5
7D0
  8
0
 10
34.0167
 20
70.8303
 30
0.0
 11
34.1852
 21
70.6445
 31
0.0
  0
LINE
  5
7D1
  8
0
 10
34.1852
 20
70.6445
 30
0.0
 11
34.3347
 21
70.4429
 31
0.0
  0
LINE
  5
7D2
  8
0
 10
34.3347
 20
70.4429
 30
0.0
 11
34.4637
 21
70.2278
 31
0.0
  0
LINE
  5
7D3
  8
0
 10
34.4637
 20
70.2278
 30
0.0
 11
34.5709
 21
70.001
 31
0.0
  0
LINE
  5
7D4
  8
0
 10
34.5709
 20
70.001
 30
0.0
 11
34.6554
 21
69.7647
 31
0.0
  0
LINE
  5
7D5
  8
0
 10
34.6554
 20
69.7647
 30
0.0
 11
34.7164
 21
69.5214
 31
0.0
  0
LINE
  5
7D6
  8
0
 10
34.7164
 20
69.5214
 30
0.0
 11
34.7532
 21
69.2732
 31
0.0
  0
LINE
  5
7D7
  8
0
 10
34.7532
 20
69.2732
 30
0.0
 11
34.7655
 21
69.0226
 31
0.0
  0
LINE
  5
7D8
  8
0
 10
34.7655
 20
69.0226
 30
0.0
 11
34.7532
 21
68.772
 31
0.0
  0
LINE
  5
7D9
  8
0
 10
34.7532
 20
68.772
 30
0.0
 11
34.7164
 21
68.5239
 31
0.0
  0
LINE
  5
7DA
  8
0
 10
34.7164
 20
68.5239
 30
0.0
 11
34.6554
 21
68.2805
 31
0.0
  0
LINE
  5
7DB
  8
0
 10
34.6554
 20
68.2805
 30
0.0
 11
34.5709
 21
68.0443
 31
0.0
  0
LINE
  5
7DC
  8
0
 10
34.5709
 20
68.0443
 30
0.0
 11
34.4637
 21
67.8175
 31
0.0
  0
LINE
  5
7DD
  8
0
 10
34.4637
 20
67.8175
 30
0.0
 11
34.3347
 21
67.6023
 31
0.0
  0
LINE
  5
7DE
  8
0
 10
34.3347
 20
67.6023
 30
0.0
 11
34.1852
 21
67.4008
 31
0.0
  0
LINE
  5
7DF
  8
0
 10
34.1852
 20
67.4008
 30
0.0
 11
34.0167
 21
67.2149
 31
0.0
  0
LINE
  5
7E0
  8
0
 10
34.0167
 20
67.2149
 30
0.0
 11
33.8308
 21
67.0464
 31
0.0
  0
LINE
  5
7E1
  8
0
 10
33.8308
 20
67.0464
 30
0.0
 11
33.6293
 21
66.897
 31
0.0
  0
LINE
  5
7E2
  8
0
 10
33.6293
 20
66.897
 30
0.0
 11
33.4141
 21
66.768
 31
0.0
  0
LINE
  5
7E3
  8
0
 10
33.4141
 20
66.768
 30
0.0
 11
33.1873
 21
66.6607
 31
0.0
  0
LINE
  5
7E4
  8
0
 10
33.1873
 20
66.6607
 30
0.0
 11
32.9511
 21
66.5762
 31
0.0
  0
LINE
  5
7E5
  8
0
 10
32.9511
 20
66.5762
 30
0.0
 11
32.7078
 21
66.5153
 31
0.0
  0
LINE
  5
7E6
  8
0
 10
32.7078
 20
66.5153
 30
0.0
 11
32.4596
 21
66.4784
 31
0.0
  0
LINE
  5
7E7
  8
0
 10
32.4596
 20
66.4784
 30
0.0
 11
32.209
 21
66.4661
 31
0.0
  0
LINE
  5
7E8
  8
0
 10
32.209
 20
66.4661
 30
0.0
 11
31.9584
 21
66.4784
 31
0.0
  0
LINE
  5
7E9
  8
0
 10
31.9584
 20
66.4784
 30
0.0
 11
31.7103
 21
66.5152
 31
0.0
  0
LINE
  5
7EA
  8
0
 10
31.7103
 20
66.5152
 30
0.0
 11
31.4669
 21
66.5762
 31
0.0
  0
LINE
  5
7EB
  8
0
 10
31.4669
 20
66.5762
 30
0.0
 11
31.2307
 21
66.6607
 31
0.0
  0
LINE
  5
7EC
  8
0
 10
31.2307
 20
66.6607
 30
0.0
 11
31.1014
 21
66.7219
 31
0.0
  0
LINE
  5
7ED
  8
0
 10
31.1014
 20
66.7219
 30
0.0
 11
30.2762
 21
65.8967
 31
0.0
  0
LINE
  5
7EE
  8
0
 10
30.2762
 20
65.8967
 30
0.0
 11
29.0831
 21
67.0898
 31
0.0
  0
LINE
  5
7EF
  8
0
 10
33.6552
 20
69.0226
 30
0.0
 11
32.209
 21
70.4688
 31
0.0
  0
LINE
  5
7F0
  8
0
 10
32.209
 20
70.4688
 30
0.0
 11
30.7628
 21
69.0226
 31
0.0
  0
LINE
  5
7F1
  8
0
 10
30.7628
 20
69.0226
 30
0.0
 11
32.209
 21
67.5764
 31
0.0
  0
LINE
  5
7F2
  8
0
 10
32.209
 20
67.5764
 30
0.0
 11
33.6552
 21
69.0226
 31
0.0
  0
LINE
  5
7F3
  8
0
 10
10.6763
 20
67.0898
 30
0.0
 11
11.5015
 21
67.915
 31
0.0
  0
LINE
  5
7F4
  8
0
 10
11.5015
 20
67.915
 30
0.0
 11
11.4403
 21
68.0443
 31
0.0
  0
LINE
  5
7F5
  8
0
 10
11.4403
 20
68.0443
 30
0.0
 11
11.3558
 21
68.2805
 31
0.0
  0
LINE
  5
7F6
  8
0
 10
11.3558
 20
68.2805
 30
0.0
 11
11.2948
 21
68.5238
 31
0.0
  0
LINE
  5
7F7
  8
0
 10
11.2948
 20
68.5238
 30
0.0
 11
11.258
 21
68.772
 31
0.0
  0
LINE
  5
7F8
  8
0
 10
11.258
 20
68.772
 30
0.0
 11
11.2457
 21
69.0226
 31
0.0
  0
LINE
  5
7F9
  8
0
 10
11.2457
 20
69.0226
 30
0.0
 11
11.258
 21
69.2732
 31
0.0
  0
LINE
  5
7FA
  8
0
 10
11.258
 20
69.2732
 30
0.0
 11
11.2949
 21
69.5214
 31
0.0
  0
LINE
  5
7FB
  8
0
 10
11.2949
 20
69.5214
 30
0.0
 11
11.3558
 21
69.7647
 31
0.0
  0
LINE
  5
7FC
  8
0
 10
11.3558
 20
69.7647
 30
0.0
 11
11.4403
 21
70.0009
 31
0.0
  0
LINE
  5
7FD
  8
0
 10
11.4403
 20
70.0009
 30
0.0
 11
11.5476
 21
70.2277
 31
0.0
  0
LINE
  5
7FE
  8
0
 10
11.5476
 20
70.2277
 30
0.0
 11
11.6766
 21
70.4429
 31
0.0
  0
LINE
  5
7FF
  8
0
 10
11.6766
 20
70.4429
 30
0.0
 11
11.826
 21
70.6444
 31
0.0
  0
LINE
  5
800
  8
0
 10
11.826
 20
70.6444
 30
0.0
 11
11.9945
 21
70.8303
 31
0.0
  0
LINE
  5
801
  8
0
 10
11.9945
 20
70.8303
 30
0.0
 11
12.1804
 21
70.9988
 31
0.0
  0
LINE
  5
802
  8
0
 10
12.1804
 20
70.9988
 30
0.0
 11
12.3819
 21
71.1483
 31
0.0
  0
LINE
  5
803
  8
0
 10
12.3819
 20
71.1483
 30
0.0
 11
12.5971
 21
71.2773
 31
0.0
  0
LINE
  5
804
  8
0
 10
12.5971
 20
71.2773
 30
0.0
 11
12.8239
 21
71.3845
 31
0.0
  0
LINE
  5
805
  8
0
 10
12.8239
 20
71.3845
 30
0.0
 11
13.0601
 21
71.469
 31
0.0
  0
LINE
  5
806
  8
0
 10
13.0601
 20
71.469
 30
0.0
 11
13.3035
 21
71.53
 31
0.0
  0
LINE
  5
807
  8
0
 10
13.3035
 20
71.53
 30
0.0
 11
13.5516
 21
71.5668
 31
0.0
  0
LINE
  5
808
  8
0
 10
13.5516
 20
71.5668
 30
0.0
 11
13.8022
 21
71.5791
 31
0.0
  0
LINE
  5
809
  8
0
 10
13.8022
 20
71.5791
 30
0.0
 11
14.0528
 21
71.5668
 31
0.0
  0
LINE
  5
80A
  8
0
 10
14.0528
 20
71.5668
 30
0.0
 11
14.301
 21
71.53
 31
0.0
  0
LINE
  5
80B
  8
0
 10
14.301
 20
71.53
 30
0.0
 11
14.5443
 21
71.469
 31
0.0
  0
LINE
  5
80C
  8
0
 10
14.5443
 20
71.469
 30
0.0
 11
14.7805
 21
71.3845
 31
0.0
  0
LINE
  5
80D
  8
0
 10
14.7805
 20
71.3845
 30
0.0
 11
15.0074
 21
71.2773
 31
0.0
  0
LINE
  5
80E
  8
0
 10
15.0074
 20
71.2773
 30
0.0
 11
15.2225
 21
71.1483
 31
0.0
  0
LINE
  5
80F
  8
0
 10
15.2225
 20
71.1483
 30
0.0
 11
15.424
 21
70.9988
 31
0.0
  0
LINE
  5
810
  8
0
 10
15.424
 20
70.9988
 30
0.0
 11
15.6099
 21
70.8303
 31
0.0
  0
LINE
  5
811
  8
0
 10
15.6099
 20
70.8303
 30
0.0
 11
15.7784
 21
70.6445
 31
0.0
  0
LINE
  5
812
  8
0
 10
15.7784
 20
70.6445
 30
0.0
 11
15.9279
 21
70.4429
 31
0.0
  0
LINE
  5
813
  8
0
 10
15.9279
 20
70.4429
 30
0.0
 11
16.0569
 21
70.2278
 31
0.0
  0
LINE
  5
814
  8
0
 10
16.0569
 20
70.2278
 30
0.0
 11
16.1641
 21
70.001
 31
0.0
  0
LINE
  5
815
  8
0
 10
16.1641
 20
70.001
 30
0.0
 11
16.2486
 21
69.7647
 31
0.0
  0
LINE
  5
816
  8
0
 10
16.2486
 20
69.7647
 30
0.0
 11
16.3096
 21
69.5214
 31
0.0
  0
LINE
  5
817
  8
0
 10
16.3096
 20
69.5214
 30
0.0
 11
16.3464
 21
69.2732
 31
0.0
  0
LINE
  5
818
  8
0
 10
16.3464
 20
69.2732
 30
0.0
 11
16.3587
 21
69.0226
 31
0.0
  0
LINE
  5
819
  8
0
 10
16.3587
 20
69.0226
 30
0.0
 11
16.3464
 21
68.772
 31
0.0
  0
LINE
  5
81A
  8
0
 10
16.3464
 20
68.772
 30
0.0
 11
16.3096
 21
68.5239
 31
0.0
  0
LINE
  5
81B
  8
0
 10
16.3096
 20
68.5239
 30
0.0
 11
16.2486
 21
68.2805
 31
0.0
  0
LINE
  5
81C
  8
0
 10
16.2486
 20
68.2805
 30
0.0
 11
16.1641
 21
68.0443
 31
0.0
  0
LINE
  5
81D
  8
0
 10
16.1641
 20
68.0443
 30
0.0
 11
16.0569
 21
67.8175
 31
0.0
  0
LINE
  5
81E
  8
0
 10
16.0569
 20
67.8175
 30
0.0
 11
15.9279
 21
67.6023
 31
0.0
  0
LINE
  5
81F
  8
0
 10
15.9279
 20
67.6023
 30
0.0
 11
15.7784
 21
67.4008
 31
0.0
  0
LINE
  5
820
  8
0
 10
15.7784
 20
67.4008
 30
0.0
 11
15.6099
 21
67.2149
 31
0.0
  0
LINE
  5
821
  8
0
 10
15.6099
 20
67.2149
 30
0.0
 11
15.424
 21
67.0464
 31
0.0
  0
LINE
  5
822
  8
0
 10
15.424
 20
67.0464
 30
0.0
 11
15.2225
 21
66.897
 31
0.0
  0
LINE
  5
823
  8
0
 10
15.2225
 20
66.897
 30
0.0
 11
15.0073
 21
66.768
 31
0.0
  0
LINE
  5
824
  8
0
 10
15.0073
 20
66.768
 30
0.0
 11
14.7805
 21
66.6607
 31
0.0
  0
LINE
  5
825
  8
0
 10
14.7805
 20
66.6607
 30
0.0
 11
14.5443
 21
66.5762
 31
0.0
  0
LINE
  5
826
  8
0
 10
14.5443
 20
66.5762
 30
0.0
 11
14.301
 21
66.5153
 31
0.0
  0
LINE
  5
827
  8
0
 10
14.301
 20
66.5153
 30
0.0
 11
14.0528
 21
66.4784
 31
0.0
  0
LINE
  5
828
  8
0
 10
14.0528
 20
66.4784
 30
0.0
 11
13.8022
 21
66.4661
 31
0.0
  0
LINE
  5
829
  8
0
 10
13.8022
 20
66.4661
 30
0.0
 11
13.5516
 21
66.4784
 31
0.0
  0
LINE
  5
82A
  8
0
 10
13.5516
 20
66.4784
 30
0.0
 11
13.3035
 21
66.5152
 31
0.0
  0
LINE
  5
82B
  8
0
 10
13.3035
 20
66.5152
 30
0.0
 11
13.0601
 21
66.5762
 31
0.0
  0
LINE
  5
82C
  8
0
 10
13.0601
 20
66.5762
 30
0.0
 11
12.8239
 21
66.6607
 31
0.0
  0
LINE
  5
82D
  8
0
 10
12.8239
 20
66.6607
 30
0.0
 11
12.6946
 21
66.7219
 31
0.0
  0
LINE
  5
82E
  8
0
 10
12.6946
 20
66.7219
 30
0.0
 11
11.8694
 21
65.8967
 31
0.0
  0
LINE
  5
82F
  8
0
 10
11.8694
 20
65.8967
 30
0.0
 11
10.6763
 21
67.0898
 31
0.0
  0
LINE
  5
830
  8
0
 10
15.2484
 20
69.0226
 30
0.0
 11
13.8022
 21
70.4688
 31
0.0
  0
LINE
  5
831
  8
0
 10
13.8022
 20
70.4688
 30
0.0
 11
12.356
 21
69.0226
 31
0.0
  0
LINE
  5
832
  8
0
 10
12.356
 20
69.0226
 30
0.0
 11
13.8022
 21
67.5764
 31
0.0
  0
LINE
  5
833
  8
0
 10
13.8022
 20
67.5764
 30
0.0
 11
15.2484
 21
69.0226
 31
0.0
  0
LINE
  5
834
  8
0
 10
65.8967
 20
67.0898
 30
0.0
 11
66.7219
 21
67.915
 31
0.0
  0
LINE
  5
835
  8
0
 10
66.7219
 20
67.915
 30
0.0
 11
66.6607
 21
68.0443
 31
0.0
  0
LINE
  5
836
  8
0
 10
66.6607
 20
68.0443
 30
0.0
 11
66.5762
 21
68.2805
 31
0.0
  0
LINE
  5
837
  8
0
 10
66.5762
 20
68.2805
 30
0.0
 11
66.5152
 21
68.5238
 31
0.0
  0
LINE
  5
838
  8
0
 10
66.5152
 20
68.5238
 30
0.0
 11
66.4784
 21
68.772
 31
0.0
  0
LINE
  5
839
  8
0
 10
66.4784
 20
68.772
 30
0.0
 11
66.4661
 21
69.0226
 31
0.0
  0
LINE
  5
83A
  8
0
 10
66.4661
 20
69.0226
 30
0.0
 11
66.4784
 21
69.2732
 31
0.0
  0
LINE
  5
83B
  8
0
 10
66.4784
 20
69.2732
 30
0.0
 11
66.5153
 21
69.5214
 31
0.0
  0
LINE
  5
83C
  8
0
 10
66.5153
 20
69.5214
 30
0.0
 11
66.5762
 21
69.7647
 31
0.0
  0
LINE
  5
83D
  8
0
 10
66.5762
 20
69.7647
 30
0.0
 11
66.6607
 21
70.0009
 31
0.0
  0
LINE
  5
83E
  8
0
 10
66.6607
 20
70.0009
 30
0.0
 11
66.768
 21
70.2277
 31
0.0
  0
LINE
  5
83F
  8
0
 10
66.768
 20
70.2277
 30
0.0
 11
66.897
 21
70.4429
 31
0.0
  0
LINE
  5
840
  8
0
 10
66.897
 20
70.4429
 30
0.0
 11
67.0464
 21
70.6444
 31
0.0
  0
LINE
  5
841
  8
0
 10
67.0464
 20
70.6444
 30
0.0
 11
67.2149
 21
70.8303
 31
0.0
  0
LINE
  5
842
  8
0
 10
67.2149
 20
70.8303
 30
0.0
 11
67.4008
 21
70.9988
 31
0.0
  0
LINE
  5
843
  8
0
 10
67.4008
 20
70.9988
 30
0.0
 11
67.6023
 21
71.1483
 31
0.0
  0
LINE
  5
844
  8
0
 10
67.6023
 20
71.1483
 30
0.0
 11
67.8175
 21
71.2773
 31
0.0
  0
LINE
  5
845
  8
0
 10
67.8175
 20
71.2773
 30
0.0
 11
68.0443
 21
71.3845
 31
0.0
  0
LINE
  5
846
  8
0
 10
68.0443
 20
71.3845
 30
0.0
 11
68.2805
 21
71.469
 31
0.0
  0
LINE
  5
847
  8
0
 10
68.2805
 20
71.469
 30
0.0
 11
68.5239
 21
71.53
 31
0.0
  0
LINE
  5
848
  8
0
 10
68.5239
 20
71.53
 30
0.0
 11
68.772
 21
71.5668
 31
0.0
  0
LINE
  5
849
  8
0
 10
68.772
 20
71.5668
 30
0.0
 11
69.0226
 21
71.5791
 31
0.0
  0
LINE
  5
84A
  8
0
 10
69.0226
 20
71.5791
 30
0.0
 11
69.2732
 21
71.5668
 31
0.0
  0
LINE
  5
84B
  8
0
 10
69.2732
 20
71.5668
 30
0.0
 11
69.5214
 21
71.53
 31
0.0
  0
LINE
  5
84C
  8
0
 10
69.5214
 20
71.53
 30
0.0
 11
69.7647
 21
71.469
 31
0.0
  0
LINE
  5
84D
  8
0
 10
69.7647
 20
71.469
 30
0.0
 11
70.001
 21
71.3845
 31
0.0
  0
LINE
  5
84E
  8
0
 10
70.001
 20
71.3845
 30
0.0
 11
70.2278
 21
71.2773
 31
0.0
  0
LINE
  5
84F
  8
0
 10
70.2278
 20
71.2773
 30
0.0
 11
70.4429
 21
71.1483
 31
0.0
  0
LINE
  5
850
  8
0
 10
70.4429
 20
71.1483
 30
0.0
 11
70.6445
 21
70.9988
 31
0.0
  0
LINE
  5
851
  8
0
 10
70.6445
 20
70.9988
 30
0.0
 11
70.8303
 21
70.8303
 31
0.0
  0
LINE
  5
852
  8
0
 10
70.8303
 20
70.8303
 30
0.0
 11
70.9988
 21
70.6445
 31
0.0
  0
LINE
  5
853
  8
0
 10
70.9988
 20
70.6445
 30
0.0
 11
71.1483
 21
70.4429
 31
0.0
  0
LINE
  5
854
  8
0
 10
71.1483
 20
70.4429
 30
0.0
 11
71.2773
 21
70.2278
 31
0.0
  0
LINE
  5
855
  8
0
 10
71.2773
 20
70.2278
 30
0.0
 11
71.3845
 21
70.001
 31
0.0
  0
LINE
  5
856
  8
0
 10
71.3845
 20
70.001
 30
0.0
 11
71.469
 21
69.7647
 31
0.0
  0
LINE
  5
857
  8
0
 10
71.469
 20
69.7647
 30
0.0
 11
71.53
 21
69.5214
 31
0.0
  0
LINE
  5
858
  8
0
 10
71.53
 20
69.5214
 30
0.0
 11
71.5668
 21
69.2732
 31
0.0
  0
LINE
  5
859
  8
0
 10
71.5668
 20
69.2732
 30
0.0
 11
71.5791
 21
69.0226
 31
0.0
  0
LINE
  5
85A
  8
0
 10
71.5791
 20
69.0226
 30
0.0
 11
71.5668
 21
68.772
 31
0.0
  0
LINE
  5
85B
  8
0
 10
71.5668
 20
68.772
 30
0.0
 11
71.53
 21
68.5239
 31
0.0
  0
LINE
  5
85C
  8
0
 10
71.53
 20
68.5239
 30
0.0
 11
71.469
 21
68.2805
 31
0.0
  0
LINE
  5
85D
  8
0
 10
71.469
 20
68.2805
 30
0.0
 11
71.3845
 21
68.0443
 31
0.0
  0
LINE
  5
85E
  8
0
 10
71.3845
 20
68.0443
 30
0.0
 11
71.2773
 21
67.8175
 31
0.0
  0
LINE
  5
85F
  8
0
 10
71.2773
 20
67.8175
 30
0.0
 11
71.1483
 21
67.6023
 31
0.0
  0
LINE
  5
860
  8
0
 10
71.1483
 20
67.6023
 30
0.0
 11
70.9988
 21
67.4008
 31
0.0
  0
LINE
  5
861
  8
0
 10
70.9988
 20
67.4008
 30
0.0
 11
70.8303
 21
67.2149
 31
0.0
  0
LINE
  5
862
  8
0
 10
70.8303
 20
67.2149
 30
0.0
 11
70.6444
 21
67.0464
 31
0.0
  0
LINE
  5
863
  8
0
 10
70.6444
 20
67.0464
 30
0.0
 11
70.4429
 21
66.897
 31
0.0
  0
LINE
  5
864
  8
0
 10
70.4429
 20
66.897
 30
0.0
 11
70.2277
 21
66.768
 31
0.0
  0
LINE
  5
865
  8
0
 10
70.2277
 20
66.768
 30
0.0
 11
70.0009
 21
66.6607
 31
0.0
  0
LINE
  5
866
  8
0
 10
70.0009
 20
66.6607
 30
0.0
 11
69.7647
 21
66.5762
 31
0.0
  0
LINE
  5
867
  8
0
 10
69.7647
 20
66.5762
 30
0.0
 11
69.5214
 21
66.5153
 31
0.0
  0
LINE
  5
868
  8
0
 10
69.5214
 20
66.5153
 30
0.0
 11
69.2732
 21
66.4784
 31
0.0
  0
LINE
  5
869
  8
0
 10
69.2732
 20
66.4784
 30
0.0
 11
69.0226
 21
66.4661
 31
0.0
  0
LINE
  5
86A
  8
0
 10
69.0226
 20
66.4661
 30
0.0
 11
68.772
 21
66.4784
 31
0.0
  0
LINE
  5
86B
  8
0
 10
68.772
 20
66.4784
 30
0.0
 11
68.5238
 21
66.5152
 31
0.0
  0
LINE
  5
86C
  8
0
 10
68.5238
 20
66.5152
 30
0.0
 11
68.2805
 21
66.5762
 31
0.0
  0
LINE
  5
86D
  8
0
 10
68.2805
 20
66.5762
 30
0.0
 11
68.0443
 21
66.6607
 31
0.0
  0
LINE
  5
86E
  8
0
 10
68.0443
 20
66.6607
 30
0.0
 11
67.915
 21
66.7219
 31
0.0
  0
LINE
  5
86F
  8
0
 10
67.915
 20
66.7219
 30
0.0
 11
67.0898
 21
65.8967
 31
0.0
  0
LINE
  5
870
  8
0
 10
67.0898
 20
65.8967
 30
0.0
 11
65.8967
 21
67.0898
 31
0.0
  0
LINE
  5
871
  8
0
 10
70.4688
 20
69.0226
 30
0.0
 11
69.0226
 21
70.4688
 31
0.0
  0
LINE
  5
872
  8
0
 10
69.0226
 20
70.4688
 30
0.0
 11
67.5764
 21
69.0226
 31
0.0
  0
LINE
  5
873
  8
0
 10
67.5764
 20
69.0226
 30
0.0
 11
69.0226
 21
67.5764
 31
0.0
  0
LINE
  5
874
  8
0
 10
69.0226
 20
67.5764
 30
0.0
 11
70.4688
 21
69.0226
 31
0.0
  0
LINE
  5
875
  8
0
 10
97.7462
 20
66.7219
 30
0.0
 11
97.6169
 21
66.6607
 31
0.0
  0
LINE
  5
876
  8
0
 10
97.6169
 20
66.6607
 30
0.0
 11
97.3807
 21
66.5762
 31
0.0
  0
LINE
  5
877
  8
0
 10
97.3807
 20
66.5762
 30
0.0
 11
97.1373
 21
66.5152
 31
0.0
  0
LINE
  5
878
  8
0
 10
97.1373
 20
66.5152
 30
0.0
 11
96.8892
 21
66.4784
 31
0.0
  0
LINE
  5
879
  8
0
 10
96.8892
 20
66.4784
 30
0.0
 11
96.6386
 21
66.4661
 31
0.0
  0
LINE
  5
87A
  8
0
 10
96.6386
 20
66.4661
 30
0.0
 11
96.388
 21
66.4784
 31
0.0
  0
LINE
  5
87B
  8
0
 10
96.388
 20
66.4784
 30
0.0
 11
96.1398
 21
66.5153
 31
0.0
  0
LINE
  5
87C
  8
0
 10
96.1398
 20
66.5153
 30
0.0
 11
95.8965
 21
66.5762
 31
0.0
  0
LINE
  5
87D
  8
0
 10
95.8965
 20
66.5762
 30
0.0
 11
95.6602
 21
66.6607
 31
0.0
  0
LINE
  5
87E
  8
0
 10
95.6602
 20
66.6607
 30
0.0
 11
95.4334
 21
66.768
 31
0.0
  0
LINE
  5
87F
  8
0
 10
95.4334
 20
66.768
 30
0.0
 11
95.2183
 21
66.897
 31
0.0
  0
LINE
  5
880
  8
0
 10
95.2183
 20
66.897
 30
0.0
 11
95.0168
 21
67.0464
 31
0.0
  0
LINE
  5
881
  8
0
 10
95.0168
 20
67.0464
 30
0.0
 11
94.8309
 21
67.2149
 31
0.0
  0
LINE
  5
882
  8
0
 10
94.8309
 20
67.2149
 30
0.0
 11
94.6624
 21
67.4008
 31
0.0
  0
LINE
  5
883
  8
0
 10
94.6624
 20
67.4008
 30
0.0
 11
94.5129
 21
67.6023
 31
0.0
  0
LINE
  5
884
  8
0
 10
94.5129
 20
67.6023
 30
0.0
 11
94.3839
 21
67.8175
 31
0.0
  0
LINE
  5
885
  8
0
 10
94.3839
 20
67.8175
 30
0.0
 11
94.2767
 21
68.0443
 31
0.0
  0
LINE
  5
886
  8
0
 10
94.2767
 20
68.0443
 30
0.0
 11
94.1922
 21
68.2805
 31
0.0
  0
LINE
  5
887
  8
0
 10
94.1922
 20
68.2805
 30
0.0
 11
94.1312
 21
68.5239
 31
0.0
  0
LINE
  5
888
  8
0
 10
94.1312
 20
68.5239
 30
0.0
 11
94.0944
 21
68.772
 31
0.0
  0
LINE
  5
889
  8
0
 10
94.0944
 20
68.772
 30
0.0
 11
94.0821
 21
69.0226
 31
0.0
  0
LINE
  5
88A
  8
0
 10
94.0821
 20
69.0226
 30
0.0
 11
94.0944
 21
69.2732
 31
0.0
  0
LINE
  5
88B
  8
0
 10
94.0944
 20
69.2732
 30
0.0
 11
94.1312
 21
69.5214
 31
0.0
  0
LINE
  5
88C
  8
0
 10
94.1312
 20
69.5214
 30
0.0
 11
94.1922
 21
69.7647
 31
0.0
  0
LINE
  5
88D
  8
0
 10
94.1922
 20
69.7647
 30
0.0
 11
94.2767
 21
70.001
 31
0.0
  0
LINE
  5
88E
  8
0
 10
94.2767
 20
70.001
 30
0.0
 11
94.3839
 21
70.2278
 31
0.0
  0
LINE
  5
88F
  8
0
 10
94.3839
 20
70.2278
 30
0.0
 11
94.5129
 21
70.4429
 31
0.0
  0
LINE
  5
890
  8
0
 10
94.5129
 20
70.4429
 30
0.0
 11
94.6624
 21
70.6445
 31
0.0
  0
LINE
  5
891
  8
0
 10
94.6624
 20
70.6445
 30
0.0
 11
94.8309
 21
70.8303
 31
0.0
  0
LINE
  5
892
  8
0
 10
94.8309
 20
70.8303
 30
0.0
 11
95.0167
 21
70.9988
 31
0.0
  0
LINE
  5
893
  8
0
 10
95.0167
 20
70.9988
 30
0.0
 11
95.2183
 21
71.1483
 31
0.0
  0
LINE
  5
894
  8
0
 10
95.2183
 20
71.1483
 30
0.0
 11
95.4334
 21
71.2773
 31
0.0
  0
LINE
  5
895
  8
0
 10
95.4334
 20
71.2773
 30
0.0
 11
95.6602
 21
71.3845
 31
0.0
  0
LINE
  5
896
  8
0
 10
95.6602
 20
71.3845
 30
0.0
 11
95.8965
 21
71.469
 31
0.0
  0
LINE
  5
897
  8
0
 10
95.8965
 20
71.469
 30
0.0
 11
96.1398
 21
71.53
 31
0.0
  0
LINE
  5
898
  8
0
 10
96.1398
 20
71.53
 30
0.0
 11
96.388
 21
71.5668
 31
0.0
  0
LINE
  5
899
  8
0
 10
96.388
 20
71.5668
 30
0.0
 11
96.6386
 21
71.5791
 31
0.0
  0
LINE
  5
89A
  8
0
 10
96.6386
 20
71.5791
 30
0.0
 11
96.8892
 21
71.5668
 31
0.0
  0
LINE
  5
89B
  8
0
 10
96.8892
 20
71.5668
 30
0.0
 11
97.1373
 21
71.53
 31
0.0
  0
LINE
  5
89C
  8
0
 10
97.1373
 20
71.53
 30
0.0
 11
97.3807
 21
71.469
 31
0.0
  0
LINE
  5
89D
  8
0
 10
97.3807
 20
71.469
 30
0.0
 11
97.6169
 21
71.3845
 31
0.0
  0
LINE
  5
89E
  8
0
 10
97.6169
 20
71.3845
 30
0.0
 11
97.8437
 21
71.2773
 31
0.0
  0
LINE
  5
89F
  8
0
 10
97.8437
 20
71.2773
 30
0.0
 11
98.0589
 21
71.1483
 31
0.0
  0
LINE
  5
8A0
  8
0
 10
98.0589
 20
71.1483
 30
0.0
 11
98.2604
 21
70.9988
 31
0.0
  0
LINE
  5
8A1
  8
0
 10
98.2604
 20
70.9988
 30
0.0
 11
98.4463
 21
70.8303
 31
0.0
  0
LINE
  5
8A2
  8
0
 10
98.4463
 20
70.8303
 30
0.0
 11
98.6148
 21
70.6444
 31
0.0
  0
LINE
  5
8A3
  8
0
 10
98.6148
 20
70.6444
 30
0.0
 11
98.7642
 21
70.4429
 31
0.0
  0
LINE
  5
8A4
  8
0
 10
98.7642
 20
70.4429
 30
0.0
 11
98.8932
 21
70.2277
 31
0.0
  0
LINE
  5
8A5
  8
0
 10
98.8932
 20
70.2277
 30
0.0
 11
99.0005
 21
70.0009
 31
0.0
  0
LINE
  5
8A6
  8
0
 10
99.0005
 20
70.0009
 30
0.0
 11
99.085
 21
69.7647
 31
0.0
  0
LINE
  5
8A7
  8
0
 10
99.085
 20
69.7647
 30
0.0
 11
99.1459
 21
69.5214
 31
0.0
  0
LINE
  5
8A8
  8
0
 10
99.1459
 20
69.5214
 30
0.0
 11
99.1828
 21
69.2732
 31
0.0
  0
LINE
  5
8A9
  8
0
 10
99.1828
 20
69.2732
 30
0.0
 11
99.1951
 21
69.0226
 31
0.0
  0
LINE
  5
8AA
  8
0
 10
99.1951
 20
69.0226
 30
0.0
 11
99.1828
 21
68.772
 31
0.0
  0
LINE
  5
8AB
  8
0
 10
99.1828
 20
68.772
 30
0.0
 11
99.146
 21
68.5238
 31
0.0
  0
LINE
  5
8AC
  8
0
 10
99.146
 20
68.5238
 30
0.0
 11
99.085
 21
68.2805
 31
0.0
  0
LINE
  5
8AD
  8
0
 10
99.085
 20
68.2805
 30
0.0
 11
99.0005
 21
68.0443
 31
0.0
  0
LINE
  5
8AE
  8
0
 10
99.0005
 20
68.0443
 30
0.0
 11
98.9393
 21
67.915
 31
0.0
  0
LINE
  5
8AF
  8
0
 10
98.9393
 20
67.915
 30
0.0
 11
99.7645
 21
67.0898
 31
0.0
  0
LINE
  5
8B0
  8
0
 10
99.7645
 20
67.0898
 30
0.0
 11
98.5714
 21
65.8967
 31
0.0
  0
LINE
  5
8B1
  8
0
 10
98.5714
 20
65.8967
 30
0.0
 11
97.7462
 21
66.7219
 31
0.0
  0
LINE
  5
8B2
  8
0
 10
98.0847
 20
69.0226
 30
0.0
 11
96.6386
 21
70.4688
 31
0.0
  0
LINE
  5
8B3
  8
0
 10
96.6386
 20
70.4688
 30
0.0
 11
95.1924
 21
69.0226
 31
0.0
  0
LINE
  5
8B4
  8
0
 10
95.1924
 20
69.0226
 30
0.0
 11
96.6386
 21
67.5764
 31
0.0
  0
LINE
  5
8B5
  8
0
 10
96.6386
 20
67.5764
 30
0.0
 11
98.0847
 21
69.0226
 31
0.0
  0
LINE
  5
8B6
  8
0
 10
42.5258
 20
66.7219
 30
0.0
 11
42.3965
 21
66.6607
 31
0.0
  0
LINE
  5
8B7
  8
0
 10
42.3965
 20
66.6607
 30
0.0
 11
42.1603
 21
66.5762
 31
0.0
  0
LINE
  5
8B8
  8
0
 10
42.1603
 20
66.5762
 30
0.0
 11
41.9169
 21
66.5152
 31
0.0
  0
LINE
  5
8B9
  8
0
 10
41.9169
 20
66.5152
 30
0.0
 11
41.6688
 21
66.4784
 31
0.0
  0
LINE
  5
8BA
  8
0
 10
41.6688
 20
66.4784
 30
0.0
 11
41.4182
 21
66.4661
 31
0.0
  0
LINE
  5
8BB
  8
0
 10
41.4182
 20
66.4661
 30
0.0
 11
41.1676
 21
66.4784
 31
0.0
  0
LINE
  5
8BC
  8
0
 10
41.1676
 20
66.4784
 30
0.0
 11
40.9194
 21
66.5153
 31
0.0
  0
LINE
  5
8BD
  8
0
 10
40.9194
 20
66.5153
 30
0.0
 11
40.6761
 21
66.5762
 31
0.0
  0
LINE
  5
8BE
  8
0
 10
40.6761
 20
66.5762
 30
0.0
 11
40.4398
 21
66.6607
 31
0.0
  0
LINE
  5
8BF
  8
0
 10
40.4398
 20
66.6607
 30
0.0
 11
40.213
 21
66.768
 31
0.0
  0
LINE
  5
8C0
  8
0
 10
40.213
 20
66.768
 30
0.0
 11
39.9979
 21
66.897
 31
0.0
  0
LINE
  5
8C1
  8
0
 10
39.9979
 20
66.897
 30
0.0
 11
39.7964
 21
67.0464
 31
0.0
  0
LINE
  5
8C2
  8
0
 10
39.7964
 20
67.0464
 30
0.0
 11
39.6105
 21
67.2149
 31
0.0
  0
LINE
  5
8C3
  8
0
 10
39.6105
 20
67.2149
 30
0.0
 11
39.442
 21
67.4008
 31
0.0
  0
LINE
  5
8C4
  8
0
 10
39.442
 20
67.4008
 30
0.0
 11
39.2925
 21
67.6023
 31
0.0
  0
LINE
  5
8C5
  8
0
 10
39.2925
 20
67.6023
 30
0.0
 11
39.1635
 21
67.8175
 31
0.0
  0
LINE
  5
8C6
  8
0
 10
39.1635
 20
67.8175
 30
0.0
 11
39.0563
 21
68.0443
 31
0.0
  0
LINE
  5
8C7
  8
0
 10
39.0563
 20
68.0443
 30
0.0
 11
38.9718
 21
68.2805
 31
0.0
  0
LINE
  5
8C8
  8
0
 10
38.9718
 20
68.2805
 30
0.0
 11
38.9108
 21
68.5239
 31
0.0
  0
LINE
  5
8C9
  8
0
 10
38.9108
 20
68.5239
 30
0.0
 11
38.874
 21
68.772
 31
0.0
  0
LINE
  5
8CA
  8
0
 10
38.874
 20
68.772
 30
0.0
 11
38.8617
 21
69.0226
 31
0.0
  0
LINE
  5
8CB
  8
0
 10
38.8617
 20
69.0226
 30
0.0
 11
38.874
 21
69.2732
 31
0.0
  0
LINE
  5
8CC
  8
0
 10
38.874
 20
69.2732
 30
0.0
 11
38.9108
 21
69.5214
 31
0.0
  0
LINE
  5
8CD
  8
0
 10
38.9108
 20
69.5214
 30
0.0
 11
38.9718
 21
69.7647
 31
0.0
  0
LINE
  5
8CE
  8
0
 10
38.9718
 20
69.7647
 30
0.0
 11
39.0563
 21
70.001
 31
0.0
  0
LINE
  5
8CF
  8
0
 10
39.0563
 20
70.001
 30
0.0
 11
39.1635
 21
70.2278
 31
0.0
  0
LINE
  5
8D0
  8
0
 10
39.1635
 20
70.2278
 30
0.0
 11
39.2925
 21
70.4429
 31
0.0
  0
LINE
  5
8D1
  8
0
 10
39.2925
 20
70.4429
 30
0.0
 11
39.442
 21
70.6445
 31
0.0
  0
LINE
  5
8D2
  8
0
 10
39.442
 20
70.6445
 30
0.0
 11
39.6105
 21
70.8303
 31
0.0
  0
LINE
  5
8D3
  8
0
 10
39.6105
 20
70.8303
 30
0.0
 11
39.7963
 21
70.9988
 31
0.0
  0
LINE
  5
8D4
  8
0
 10
39.7963
 20
70.9988
 30
0.0
 11
39.9979
 21
71.1483
 31
0.0
  0
LINE
  5
8D5
  8
0
 10
39.9979
 20
71.1483
 30
0.0
 11
40.213
 21
71.2773
 31
0.0
  0
LINE
  5
8D6
  8
0
 10
40.213
 20
71.2773
 30
0.0
 11
40.4398
 21
71.3845
 31
0.0
  0
LINE
  5
8D7
  8
0
 10
40.4398
 20
71.3845
 30
0.0
 11
40.6761
 21
71.469
 31
0.0
  0
LINE
  5
8D8
  8
0
 10
40.6761
 20
71.469
 30
0.0
 11
40.9194
 21
71.53
 31
0.0
  0
LINE
  5
8D9
  8
0
 10
40.9194
 20
71.53
 30
0.0
 11
41.1676
 21
71.5668
 31
0.0
  0
LINE
  5
8DA
  8
0
 10
41.1676
 20
71.5668
 30
0.0
 11
41.4182
 21
71.5791
 31
0.0
  0
LINE
  5
8DB
  8
0
 10
41.4182
 20
71.5791
 30
0.0
 11
41.6688
 21
71.5668
 31
0.0
  0
LINE
  5
8DC
  8
0
 10
41.6688
 20
71.5668
 30
0.0
 11
41.9169
 21
71.53
 31
0.0
  0
LINE
  5
8DD
  8
0
 10
41.9169
 20
71.53
 30
0.0
 11
42.1603
 21
71.469
 31
0.0
  0
LINE
  5
8DE
  8
0
 10
42.1603
 20
71.469
 30
0.0
 11
42.3965
 21
71.3845
 31
0.0
  0
LINE
  5
8DF
  8
0
 10
42.3965
 20
71.3845
 30
0.0
 11
42.6233
 21
71.2773
 31
0.0
  0
LINE
  5
8E0
  8
0
 10
42.6233
 20
71.2773
 30
0.0
 11
42.8385
 21
71.1483
 31
0.0
  0
LINE
  5
8E1
  8
0
 10
42.8385
 20
71.1483
 30
0.0
 11
43.04
 21
70.9988
 31
0.0
  0
LINE
  5
8E2
  8
0
 10
43.04
 20
70.9988
 30
0.0
 11
43.2259
 21
70.8303
 31
0.0
  0
LINE
  5
8E3
  8
0
 10
43.2259
 20
70.8303
 30
0.0
 11
43.3944
 21
70.6444
 31
0.0
  0
LINE
  5
8E4
  8
0
 10
43.3944
 20
70.6444
 30
0.0
 11
43.5438
 21
70.4429
 31
0.0
  0
LINE
  5
8E5
  8
0
 10
43.5438
 20
70.4429
 30
0.0
 11
43.6728
 21
70.2277
 31
0.0
  0
LINE
  5
8E6
  8
0
 10
43.6728
 20
70.2277
 30
0.0
 11
43.7801
 21
70.0009
 31
0.0
  0
LINE
  5
8E7
  8
0
 10
43.7801
 20
70.0009
 30
0.0
 11
43.8646
 21
69.7647
 31
0.0
  0
LINE
  5
8E8
  8
0
 10
43.8646
 20
69.7647
 30
0.0
 11
43.9255
 21
69.5214
 31
0.0
  0
LINE
  5
8E9
  8
0
 10
43.9255
 20
69.5214
 30
0.0
 11
43.9624
 21
69.2732
 31
0.0
  0
LINE
  5
8EA
  8
0
 10
43.9624
 20
69.2732
 30
0.0
 11
43.9747
 21
69.0226
 31
0.0
  0
LINE
  5
8EB
  8
0
 10
43.9747
 20
69.0226
 30
0.0
 11
43.9624
 21
68.772
 31
0.0
  0
LINE
  5
8EC
  8
0
 10
43.9624
 20
68.772
 30
0.0
 11
43.9255
 21
68.5238
 31
0.0
  0
LINE
  5
8ED
  8
0
 10
43.9255
 20
68.5238
 30
0.0
 11
43.8646
 21
68.2805
 31
0.0
  0
LINE
  5
8EE
  8
0
 10
43.8646
 20
68.2805
 30
0.0
 11
43.7801
 21
68.0443
 31
0.0
  0
LINE
  5
8EF
  8
0
 10
43.7801
 20
68.0443
 30
0.0
 11
43.7189
 21
67.915
 31
0.0
  0
LINE
  5
8F0
  8
0
 10
43.7189
 20
67.915
 30
0.0
 11
44.5441
 21
67.0898
 31
0.0
  0
LINE
  5
8F1
  8
0
 10
44.5441
 20
67.0898
 30
0.0
 11
43.351
 21
65.8967
 31
0.0
  0
LINE
  5
8F2
  8
0
 10
43.351
 20
65.8967
 30
0.0
 11
42.5258
 21
66.7219
 31
0.0
  0
LINE
  5
8F3
  8
0
 10
42.8643
 20
69.0226
 30
0.0
 11
41.4182
 21
70.4688
 31
0.0
  0
LINE
  5
8F4
  8
0
 10
41.4182
 20
70.4688
 30
0.0
 11
39.972
 21
69.0226
 31
0.0
  0
LINE
  5
8F5
  8
0
 10
39.972
 20
69.0226
 30
0.0
 11
41.4182
 21
67.5764
 31
0.0
  0
LINE
  5
8F6
  8
0
 10
41.4182
 20
67.5764
 30
0.0
 11
42.8643
 21
69.0226
 31
0.0
  0
LINE
  5
8F7
  8
0
 10
5.71222
 20
66.7219
 30
0.0
 11
5.58292
 21
66.6607
 31
0.0
  0
LINE
  5
8F8
  8
0
 10
5.58292
 20
66.6607
 30
0.0
 11
5.34669
 21
66.5762
 31
0.0
  0
LINE
  5
8F9
  8
0
 10
5.34669
 20
66.5762
 30
0.0
 11
5.10333
 21
66.5152
 31
0.0
  0
LINE
  5
8FA
  8
0
 10
5.10333
 20
66.5152
 30
0.0
 11
4.85518
 21
66.4784
 31
0.0
  0
LINE
  5
8FB
  8
0
 10
4.85518
 20
66.4784
 30
0.0
 11
4.60458
 21
66.4661
 31
0.0
  0
LINE
  5
8FC
  8
0
 10
4.60458
 20
66.4661
 30
0.0
 11
4.354
 21
66.4784
 31
0.0
  0
LINE
  5
8FD
  8
0
 10
4.354
 20
66.4784
 30
0.0
 11
4.10582
 21
66.5153
 31
0.0
  0
LINE
  5
8FE
  8
0
 10
4.10582
 20
66.5153
 30
0.0
 11
3.86247
 21
66.5762
 31
0.0
  0
LINE
  5
8FF
  8
0
 10
3.86247
 20
66.5762
 30
0.0
 11
3.62625
 21
66.6607
 31
0.0
  0
LINE
  5
900
  8
0
 10
3.62625
 20
66.6607
 30
0.0
 11
3.39944
 21
66.768
 31
0.0
  0
LINE
  5
901
  8
0
 10
3.39944
 20
66.768
 30
0.0
 11
3.18427
 21
66.897
 31
0.0
  0
LINE
  5
902
  8
0
 10
3.18427
 20
66.897
 30
0.0
 11
2.98276
 21
67.0464
 31
0.0
  0
LINE
  5
903
  8
0
 10
2.98276
 20
67.0464
 30
0.0
 11
2.79684
 21
67.2149
 31
0.0
  0
LINE
  5
904
  8
0
 10
2.79684
 20
67.2149
 30
0.0
 11
2.62836
 21
67.4008
 31
0.0
  0
LINE
  5
905
  8
0
 10
2.62836
 20
67.4008
 30
0.0
 11
2.47893
 21
67.6023
 31
0.0
  0
LINE
  5
906
  8
0
 10
2.47893
 20
67.6023
 30
0.0
 11
2.34993
 21
67.8175
 31
0.0
  0
LINE
  5
907
  8
0
 10
2.34993
 20
67.8175
 30
0.0
 11
2.24269
 21
68.0443
 31
0.0
  0
LINE
  5
908
  8
0
 10
2.24269
 20
68.0443
 30
0.0
 11
2.15816
 21
68.2805
 31
0.0
  0
LINE
  5
909
  8
0
 10
2.15816
 20
68.2805
 30
0.0
 11
2.0972
 21
68.5239
 31
0.0
  0
LINE
  5
90A
  8
0
 10
2.0972
 20
68.5239
 30
0.0
 11
2.06039
 21
68.772
 31
0.0
  0
LINE
  5
90B
  8
0
 10
2.06039
 20
68.772
 30
0.0
 11
2.04808
 21
69.0226
 31
0.0
  0
LINE
  5
90C
  8
0
 10
2.04808
 20
69.0226
 30
0.0
 11
2.06039
 21
69.2732
 31
0.0
  0
LINE
  5
90D
  8
0
 10
2.06039
 20
69.2732
 30
0.0
 11
2.0972
 21
69.5214
 31
0.0
  0
LINE
  5
90E
  8
0
 10
2.0972
 20
69.5214
 30
0.0
 11
2.15816
 21
69.7647
 31
0.0
  0
LINE
  5
90F
  8
0
 10
2.15816
 20
69.7647
 30
0.0
 11
2.24269
 21
70.001
 31
0.0
  0
LINE
  5
910
  8
0
 10
2.24269
 20
70.001
 30
0.0
 11
2.34993
 21
70.2278
 31
0.0
  0
LINE
  5
911
  8
0
 10
2.34993
 20
70.2278
 30
0.0
 11
2.47893
 21
70.4429
 31
0.0
  0
LINE
  5
912
  8
0
 10
2.47893
 20
70.4429
 30
0.0
 11
2.62836
 21
70.6445
 31
0.0
  0
LINE
  5
913
  8
0
 10
2.62836
 20
70.6445
 30
0.0
 11
2.79684
 21
70.8303
 31
0.0
  0
LINE
  5
914
  8
0
 10
2.79684
 20
70.8303
 30
0.0
 11
2.98274
 21
70.9988
 31
0.0
  0
LINE
  5
915
  8
0
 10
2.98274
 20
70.9988
 30
0.0
 11
3.18427
 21
71.1483
 31
0.0
  0
LINE
  5
916
  8
0
 10
3.18427
 20
71.1483
 30
0.0
 11
3.39943
 21
71.2773
 31
0.0
  0
LINE
  5
917
  8
0
 10
3.39943
 20
71.2773
 30
0.0
 11
3.62624
 21
71.3845
 31
0.0
  0
LINE
  5
918
  8
0
 10
3.62624
 20
71.3845
 30
0.0
 11
3.86246
 21
71.469
 31
0.0
  0
LINE
  5
919
  8
0
 10
3.86246
 20
71.469
 30
0.0
 11
4.10582
 21
71.53
 31
0.0
  0
LINE
  5
91A
  8
0
 10
4.10582
 20
71.53
 30
0.0
 11
4.35399
 21
71.5668
 31
0.0
  0
LINE
  5
91B
  8
0
 10
4.35399
 20
71.5668
 30
0.0
 11
4.60457
 21
71.5791
 31
0.0
  0
LINE
  5
91C
  8
0
 10
4.60457
 20
71.5791
 30
0.0
 11
4.85516
 21
71.5668
 31
0.0
  0
LINE
  5
91D
  8
0
 10
4.85516
 20
71.5668
 30
0.0
 11
5.1033
 21
71.53
 31
0.0
  0
LINE
  5
91E
  8
0
 10
5.1033
 20
71.53
 30
0.0
 11
5.34668
 21
71.469
 31
0.0
  0
LINE
  5
91F
  8
0
 10
5.34668
 20
71.469
 30
0.0
 11
5.5829
 21
71.3845
 31
0.0
  0
LINE
  5
920
  8
0
 10
5.5829
 20
71.3845
 30
0.0
 11
5.80969
 21
71.2773
 31
0.0
  0
LINE
  5
921
  8
0
 10
5.80969
 20
71.2773
 30
0.0
 11
6.02487
 21
71.1483
 31
0.0
  0
LINE
  5
922
  8
0
 10
6.02487
 20
71.1483
 30
0.0
 11
6.22639
 21
70.9988
 31
0.0
  0
LINE
  5
923
  8
0
 10
6.22639
 20
70.9988
 30
0.0
 11
6.41229
 21
70.8303
 31
0.0
  0
LINE
  5
924
  8
0
 10
6.41229
 20
70.8303
 30
0.0
 11
6.58078
 21
70.6444
 31
0.0
  0
LINE
  5
925
  8
0
 10
6.58078
 20
70.6444
 30
0.0
 11
6.73021
 21
70.4429
 31
0.0
  0
LINE
  5
926
  8
0
 10
6.73021
 20
70.4429
 30
0.0
 11
6.85919
 21
70.2277
 31
0.0
  0
LINE
  5
927
  8
0
 10
6.85919
 20
70.2277
 30
0.0
 11
6.96646
 21
70.0009
 31
0.0
  0
LINE
  5
928
  8
0
 10
6.96646
 20
70.0009
 30
0.0
 11
7.05098
 21
69.7647
 31
0.0
  0
LINE
  5
929
  8
0
 10
7.05098
 20
69.7647
 30
0.0
 11
7.11192
 21
69.5214
 31
0.0
  0
LINE
  5
92A
  8
0
 10
7.11192
 20
69.5214
 30
0.0
 11
7.14877
 21
69.2732
 31
0.0
  0
LINE
  5
92B
  8
0
 10
7.14877
 20
69.2732
 30
0.0
 11
7.16106
 21
69.0226
 31
0.0
  0
LINE
  5
92C
  8
0
 10
7.16106
 20
69.0226
 30
0.0
 11
7.14876
 21
68.772
 31
0.0
  0
LINE
  5
92D
  8
0
 10
7.14876
 20
68.772
 30
0.0
 11
7.11194
 21
68.5238
 31
0.0
  0
LINE
  5
92E
  8
0
 10
7.11194
 20
68.5238
 30
0.0
 11
7.05098
 21
68.2805
 31
0.0
  0
LINE
  5
92F
  8
0
 10
7.05098
 20
68.2805
 30
0.0
 11
6.96646
 21
68.0443
 31
0.0
  0
LINE
  5
930
  8
0
 10
6.96646
 20
68.0443
 30
0.0
 11
6.9053
 21
67.915
 31
0.0
  0
LINE
  5
931
  8
0
 10
6.9053
 20
67.915
 30
0.0
 11
7.73047
 21
67.0898
 31
0.0
  0
LINE
  5
932
  8
0
 10
7.73047
 20
67.0898
 30
0.0
 11
6.53738
 21
65.8967
 31
0.0
  0
LINE
  5
933
  8
0
 10
6.53738
 20
65.8967
 30
0.0
 11
5.71222
 21
66.7219
 31
0.0
  0
LINE
  5
934
  8
0
 10
6.05074
 20
69.0226
 30
0.0
 11
4.60457
 21
70.4688
 31
0.0
  0
LINE
  5
935
  8
0
 10
4.60457
 20
70.4688
 30
0.0
 11
3.15839
 21
69.0226
 31
0.0
  0
LINE
  5
936
  8
0
 10
3.15839
 20
69.0226
 30
0.0
 11
4.60457
 21
67.5764
 31
0.0
  0
LINE
  5
937
  8
0
 10
4.60457
 20
67.5764
 30
0.0
 11
6.05074
 21
69.0226
 31
0.0
  0
LINE
  5
938
  8
0
 10
84.3035
 20
67.0898
 30
0.0
 11
85.1287
 21
67.915
 31
0.0
  0
LINE
  5
939
  8
0
 10
85.1287
 20
67.915
 30
0.0
 11
85.0675
 21
68.0443
 31
0.0
  0
LINE
  5
93A
  8
0
 10
85.0675
 20
68.0443
 30
0.0
 11
84.983
 21
68.2805
 31
0.0
  0
LINE
  5
93B
  8
0
 10
84.983
 20
68.2805
 30
0.0
 11
84.922
 21
68.5238
 31
0.0
  0
LINE
  5
93C
  8
0
 10
84.922
 20
68.5238
 30
0.0
 11
84.8852
 21
68.772
 31
0.0
  0
LINE
  5
93D
  8
0
 10
84.8852
 20
68.772
 30
0.0
 11
84.8729
 21
69.0226
 31
0.0
  0
LINE
  5
93E
  8
0
 10
84.8729
 20
69.0226
 30
0.0
 11
84.8852
 21
69.2732
 31
0.0
  0
LINE
  5
93F
  8
0
 10
84.8852
 20
69.2732
 30
0.0
 11
84.9221
 21
69.5214
 31
0.0
  0
LINE
  5
940
  8
0
 10
84.9221
 20
69.5214
 30
0.0
 11
84.983
 21
69.7647
 31
0.0
  0
LINE
  5
941
  8
0
 10
84.983
 20
69.7647
 30
0.0
 11
85.0675
 21
70.0009
 31
0.0
  0
LINE
  5
942
  8
0
 10
85.0675
 20
70.0009
 30
0.0
 11
85.1748
 21
70.2277
 31
0.0
  0
LINE
  5
943
  8
0
 10
85.1748
 20
70.2277
 30
0.0
 11
85.3038
 21
70.4429
 31
0.0
  0
LINE
  5
944
  8
0
 10
85.3038
 20
70.4429
 30
0.0
 11
85.4532
 21
70.6444
 31
0.0
  0
LINE
  5
945
  8
0
 10
85.4532
 20
70.6444
 30
0.0
 11
85.6217
 21
70.8303
 31
0.0
  0
LINE
  5
946
  8
0
 10
85.6217
 20
70.8303
 30
0.0
 11
85.8076
 21
70.9988
 31
0.0
  0
LINE
  5
947
  8
0
 10
85.8076
 20
70.9988
 30
0.0
 11
86.0091
 21
71.1483
 31
0.0
  0
LINE
  5
948
  8
0
 10
86.0091
 20
71.1483
 30
0.0
 11
86.2243
 21
71.2773
 31
0.0
  0
LINE
  5
949
  8
0
 10
86.2243
 20
71.2773
 30
0.0
 11
86.4511
 21
71.3845
 31
0.0
  0
LINE
  5
94A
  8
0
 10
86.4511
 20
71.3845
 30
0.0
 11
86.6873
 21
71.469
 31
0.0
  0
LINE
  5
94B
  8
0
 10
86.6873
 20
71.469
 30
0.0
 11
86.9307
 21
71.53
 31
0.0
  0
LINE
  5
94C
  8
0
 10
86.9307
 20
71.53
 30
0.0
 11
87.1788
 21
71.5668
 31
0.0
  0
LINE
  5
94D
  8
0
 10
87.1788
 20
71.5668
 30
0.0
 11
87.4294
 21
71.5791
 31
0.0
  0
LINE
  5
94E
  8
0
 10
87.4294
 20
71.5791
 30
0.0
 11
87.68
 21
71.5668
 31
0.0
  0
LINE
  5
94F
  8
0
 10
87.68
 20
71.5668
 30
0.0
 11
87.9282
 21
71.53
 31
0.0
  0
LINE
  5
950
  8
0
 10
87.9282
 20
71.53
 30
0.0
 11
88.1715
 21
71.469
 31
0.0
  0
LINE
  5
951
  8
0
 10
88.1715
 20
71.469
 30
0.0
 11
88.4078
 21
71.3845
 31
0.0
  0
LINE
  5
952
  8
0
 10
88.4078
 20
71.3845
 30
0.0
 11
88.6346
 21
71.2773
 31
0.0
  0
LINE
  5
953
  8
0
 10
88.6346
 20
71.2773
 30
0.0
 11
88.8497
 21
71.1483
 31
0.0
  0
LINE
  5
954
  8
0
 10
88.8497
 20
71.1483
 30
0.0
 11
89.0513
 21
70.9988
 31
0.0
  0
LINE
  5
955
  8
0
 10
89.0513
 20
70.9988
 30
0.0
 11
89.2371
 21
70.8303
 31
0.0
  0
LINE
  5
956
  8
0
 10
89.2371
 20
70.8303
 30
0.0
 11
89.4056
 21
70.6445
 31
0.0
  0
LINE
  5
957
  8
0
 10
89.4056
 20
70.6445
 30
0.0
 11
89.5551
 21
70.4429
 31
0.0
  0
LINE
  5
958
  8
0
 10
89.5551
 20
70.4429
 30
0.0
 11
89.6841
 21
70.2278
 31
0.0
  0
LINE
  5
959
  8
0
 10
89.6841
 20
70.2278
 30
0.0
 11
89.7913
 21
70.001
 31
0.0
  0
LINE
  5
95A
  8
0
 10
89.7913
 20
70.001
 30
0.0
 11
89.8758
 21
69.7647
 31
0.0
  0
LINE
  5
95B
  8
0
 10
89.8758
 20
69.7647
 30
0.0
 11
89.9368
 21
69.5214
 31
0.0
  0
LINE
  5
95C
  8
0
 10
89.9368
 20
69.5214
 30
0.0
 11
89.9736
 21
69.2732
 31
0.0
  0
LINE
  5
95D
  8
0
 10
89.9736
 20
69.2732
 30
0.0
 11
89.9859
 21
69.0226
 31
0.0
  0
LINE
  5
95E
  8
0
 10
89.9859
 20
69.0226
 30
0.0
 11
89.9736
 21
68.772
 31
0.0
  0
LINE
  5
95F
  8
0
 10
89.9736
 20
68.772
 30
0.0
 11
89.9368
 21
68.5239
 31
0.0
  0
LINE
  5
960
  8
0
 10
89.9368
 20
68.5239
 30
0.0
 11
89.8758
 21
68.2805
 31
0.0
  0
LINE
  5
961
  8
0
 10
89.8758
 20
68.2805
 30
0.0
 11
89.7913
 21
68.0443
 31
0.0
  0
LINE
  5
962
  8
0
 10
89.7913
 20
68.0443
 30
0.0
 11
89.6841
 21
67.8175
 31
0.0
  0
LINE
  5
963
  8
0
 10
89.6841
 20
67.8175
 30
0.0
 11
89.5551
 21
67.6023
 31
0.0
  0
LINE
  5
964
  8
0
 10
89.5551
 20
67.6023
 30
0.0
 11
89.4056
 21
67.4008
 31
0.0
  0
LINE
  5
965
  8
0
 10
89.4056
 20
67.4008
 30
0.0
 11
89.2371
 21
67.2149
 31
0.0
  0
LINE
  5
966
  8
0
 10
89.2371
 20
67.2149
 30
0.0
 11
89.0512
 21
67.0464
 31
0.0
  0
LINE
  5
967
  8
0
 10
89.0512
 20
67.0464
 30
0.0
 11
88.8497
 21
66.897
 31
0.0
  0
LINE
  5
968
  8
0
 10
88.8497
 20
66.897
 30
0.0
 11
88.6345
 21
66.768
 31
0.0
  0
LINE
  5
969
  8
0
 10
88.6345
 20
66.768
 30
0.0
 11
88.4077
 21
66.6607
 31
0.0
  0
LINE
  5
96A
  8
0
 10
88.4077
 20
66.6607
 30
0.0
 11
88.1715
 21
66.5762
 31
0.0
  0
LINE
  5
96B
  8
0
 10
88.1715
 20
66.5762
 30
0.0
 11
87.9282
 21
66.5153
 31
0.0
  0
LINE
  5
96C
  8
0
 10
87.9282
 20
66.5153
 30
0.0
 11
87.68
 21
66.4784
 31
0.0
  0
LINE
  5
96D
  8
0
 10
87.68
 20
66.4784
 30
0.0
 11
87.4294
 21
66.4661
 31
0.0
  0
LINE
  5
96E
  8
0
 10
87.4294
 20
66.4661
 30
0.0
 11
87.1788
 21
66.4784
 31
0.0
  0
LINE
  5
96F
  8
0
 10
87.1788
 20
66.4784
 30
0.0
 11
86.9306
 21
66.5152
 31
0.0
  0
LINE
  5
970
  8
0
 10
86.9306
 20
66.5152
 30
0.0
 11
86.6873
 21
66.5762
 31
0.0
  0
LINE
  5
971
  8
0
 10
86.6873
 20
66.5762
 30
0.0
 11
86.4511
 21
66.6607
 31
0.0
  0
LINE
  5
972
  8
0
 10
86.4511
 20
66.6607
 30
0.0
 11
86.3218
 21
66.7219
 31
0.0
  0
LINE
  5
973
  8
0
 10
86.3218
 20
66.7219
 30
0.0
 11
85.4966
 21
65.8967
 31
0.0
  0
LINE
  5
974
  8
0
 10
85.4966
 20
65.8967
 30
0.0
 11
84.3035
 21
67.0898
 31
0.0
  0
LINE
  5
975
  8
0
 10
88.8756
 20
69.0226
 30
0.0
 11
87.4294
 21
70.4688
 31
0.0
  0
LINE
  5
976
  8
0
 10
87.4294
 20
70.4688
 30
0.0
 11
85.9832
 21
69.0226
 31
0.0
  0
LINE
  5
977
  8
0
 10
85.9832
 20
69.0226
 30
0.0
 11
87.4294
 21
67.5764
 31
0.0
  0
LINE
  5
978
  8
0
 10
87.4294
 20
67.5764
 30
0.0
 11
88.8756
 21
69.0226
 31
0.0
  0
LINE
  5
979
  8
0
 10
26.4171
 20
64.4238
 30
0.0
 11
27.6102
 21
65.6169
 31
0.0
  0
LINE
  5
97A
  8
0
 10
27.6102
 20
65.6169
 30
0.0
 11
28.8033
 21
64.4238
 31
0.0
  0
LINE
  5
97B
  8
0
 10
28.8033
 20
64.4238
 30
0.0
 11
27.6102
 21
63.2307
 31
0.0
  0
LINE
  5
97C
  8
0
 10
27.6102
 20
63.2307
 30
0.0
 11
26.4171
 21
64.4238
 31
0.0
  0
LINE
  5
97D
  8
0
 10
100.044
 20
64.4238
 30
0.0
 11
101.237
 21
65.6169
 31
0.0
  0
LINE
  5
97E
  8
0
 10
101.237
 20
65.6169
 30
0.0
 11
102.43
 21
64.4238
 31
0.0
  0
LINE
  5
97F
  8
0
 10
102.43
 20
64.4238
 30
0.0
 11
101.237
 21
63.2307
 31
0.0
  0
LINE
  5
980
  8
0
 10
101.237
 20
63.2307
 30
0.0
 11
100.044
 21
64.4238
 31
0.0
  0
LINE
  5
981
  8
0
 10
44.8239
 20
64.4238
 30
0.0
 11
46.017
 21
65.6169
 31
0.0
  0
LINE
  5
982
  8
0
 10
46.017
 20
65.6169
 30
0.0
 11
47.2101
 21
64.4238
 31
0.0
  0
LINE
  5
983
  8
0
 10
47.2101
 20
64.4238
 30
0.0
 11
46.017
 21
63.2307
 31
0.0
  0
LINE
  5
984
  8
0
 10
46.017
 20
63.2307
 30
0.0
 11
44.8239
 21
64.4238
 31
0.0
  0
LINE
  5
985
  8
0
 10
63.2307
 20
64.4238
 30
0.0
 11
64.4238
 21
65.6169
 31
0.0
  0
LINE
  5
986
  8
0
 10
64.4238
 20
65.6169
 30
0.0
 11
65.6169
 21
64.4238
 31
0.0
  0
LINE
  5
987
  8
0
 10
65.6169
 20
64.4238
 30
0.0
 11
64.4238
 21
63.2307
 31
0.0
  0
LINE
  5
988
  8
0
 10
64.4238
 20
63.2307
 30
0.0
 11
63.2307
 21
64.4238
 31
0.0
  0
LINE
  5
989
  8
0
 10
81.6375
 20
64.4238
 30
0.0
 11
82.8306
 21
65.6169
 31
0.0
  0
LINE
  5
98A
  8
0
 10
82.8306
 20
65.6169
 30
0.0
 11
84.0237
 21
64.4238
 31
0.0
  0
LINE
  5
98B
  8
0
 10
84.0237
 20
64.4238
 30
0.0
 11
82.8306
 21
63.2307
 31
0.0
  0
LINE
  5
98C
  8
0
 10
82.8306
 20
63.2307
 30
0.0
 11
81.6375
 21
64.4238
 31
0.0
  0
LINE
  5
98D
  8
0
 10
8.0103
 20
64.4238
 30
0.0
 11
9.2034
 21
65.6169
 31
0.0
  0
LINE
  5
98E
  8
0
 10
9.2034
 20
65.6169
 30
0.0
 11
10.3965
 21
64.4238
 31
0.0
  0
LINE
  5
98F
  8
0
 10
10.3965
 20
64.4238
 30
0.0
 11
9.2034
 21
63.2307
 31
0.0
  0
LINE
  5
990
  8
0
 10
9.2034
 20
63.2307
 30
0.0
 11
8.0103
 21
64.4238
 31
0.0
  0
LINE
  5
991
  8
0
 10
68.772
 20
57.2808
 30
0.0
 11
68.5239
 21
57.3176
 31
0.0
  0
LINE
  5
992
  8
0
 10
68.5239
 20
57.3176
 30
0.0
 11
68.2805
 21
57.3786
 31
0.0
  0
LINE
  5
993
  8
0
 10
68.2805
 20
57.3786
 30
0.0
 11
68.0443
 21
57.4631
 31
0.0
  0
LINE
  5
994
  8
0
 10
68.0443
 20
57.4631
 30
0.0
 11
67.8175
 21
57.5703
 31
0.0
  0
LINE
  5
995
  8
0
 10
67.8175
 20
57.5703
 30
0.0
 11
67.6023
 21
57.6993
 31
0.0
  0
LINE
  5
996
  8
0
 10
67.6023
 20
57.6993
 30
0.0
 11
67.4008
 21
57.8488
 31
0.0
  0
LINE
  5
997
  8
0
 10
67.4008
 20
57.8488
 30
0.0
 11
67.2149
 21
58.0173
 31
0.0
  0
LINE
  5
998
  8
0
 10
67.2149
 20
58.0173
 30
0.0
 11
67.0464
 21
58.2032
 31
0.0
  0
LINE
  5
999
  8
0
 10
67.0464
 20
58.2032
 30
0.0
 11
66.897
 21
58.4047
 31
0.0
  0
LINE
  5
99A
  8
0
 10
66.897
 20
58.4047
 30
0.0
 11
66.768
 21
58.6198
 31
0.0
  0
LINE
  5
99B
  8
0
 10
66.768
 20
58.6198
 30
0.0
 11
66.6607
 21
58.8466
 31
0.0
  0
LINE
  5
99C
  8
0
 10
66.6607
 20
58.8466
 30
0.0
 11
66.5762
 21
59.0829
 31
0.0
  0
LINE
  5
99D
  8
0
 10
66.5762
 20
59.0829
 30
0.0
 11
66.5153
 21
59.3262
 31
0.0
  0
LINE
  5
99E
  8
0
 10
66.5153
 20
59.3262
 30
0.0
 11
66.4784
 21
59.5744
 31
0.0
  0
LINE
  5
99F
  8
0
 10
66.4784
 20
59.5744
 30
0.0
 11
66.4661
 21
59.825
 31
0.0
  0
LINE
  5
9A0
  8
0
 10
66.4661
 20
59.825
 30
0.0
 11
66.4784
 21
60.0756
 31
0.0
  0
LINE
  5
9A1
  8
0
 10
66.4784
 20
60.0756
 30
0.0
 11
66.5152
 21
60.3237
 31
0.0
  0
LINE
  5
9A2
  8
0
 10
66.5152
 20
60.3237
 30
0.0
 11
66.5762
 21
60.5671
 31
0.0
  0
LINE
  5
9A3
  8
0
 10
66.5762
 20
60.5671
 30
0.0
 11
66.6607
 21
60.8033
 31
0.0
  0
LINE
  5
9A4
  8
0
 10
66.6607
 20
60.8033
 30
0.0
 11
66.7219
 21
60.9326
 31
0.0
  0
LINE
  5
9A5
  8
0
 10
66.7219
 20
60.9326
 30
0.0
 11
65.8967
 21
61.7578
 31
0.0
  0
LINE
  5
9A6
  8
0
 10
65.8967
 20
61.7578
 30
0.0
 11
67.0898
 21
62.9509
 31
0.0
  0
LINE
  5
9A7
  8
0
 10
67.0898
 20
62.9509
 30
0.0
 11
67.915
 21
62.1257
 31
0.0
  0
LINE
  5
9A8
  8
0
 10
67.915
 20
62.1257
 30
0.0
 11
68.0443
 21
62.1869
 31
0.0
  0
LINE
  5
9A9
  8
0
 10
68.0443
 20
62.1869
 30
0.0
 11
68.2805
 21
62.2714
 31
0.0
  0
LINE
  5
9AA
  8
0
 10
68.2805
 20
62.2714
 30
0.0
 11
68.5238
 21
62.3323
 31
0.0
  0
LINE
  5
9AB
  8
0
 10
68.5238
 20
62.3323
 30
0.0
 11
68.772
 21
62.3692
 31
0.0
  0
LINE
  5
9AC
  8
0
 10
68.772
 20
62.3692
 30
0.0
 11
69.0226
 21
62.3815
 31
0.0
  0
LINE
  5
9AD
  8
0
 10
69.0226
 20
62.3815
 30
0.0
 11
69.2732
 21
62.3692
 31
0.0
  0
LINE
  5
9AE
  8
0
 10
69.2732
 20
62.3692
 30
0.0
 11
69.5214
 21
62.3323
 31
0.0
  0
LINE
  5
9AF
  8
0
 10
69.5214
 20
62.3323
 30
0.0
 11
69.7647
 21
62.2714
 31
0.0
  0
LINE
  5
9B0
  8
0
 10
69.7647
 20
62.2714
 30
0.0
 11
70.0009
 21
62.1869
 31
0.0
  0
LINE
  5
9B1
  8
0
 10
70.0009
 20
62.1869
 30
0.0
 11
70.2277
 21
62.0796
 31
0.0
  0
LINE
  5
9B2
  8
0
 10
70.2277
 20
62.0796
 30
0.0
 11
70.4429
 21
61.9506
 31
0.0
  0
LINE
  5
9B3
  8
0
 10
70.4429
 20
61.9506
 30
0.0
 11
70.6444
 21
61.8012
 31
0.0
  0
LINE
  5
9B4
  8
0
 10
70.6444
 20
61.8012
 30
0.0
 11
70.8303
 21
61.6327
 31
0.0
  0
LINE
  5
9B5
  8
0
 10
70.8303
 20
61.6327
 30
0.0
 11
70.9988
 21
61.4468
 31
0.0
  0
LINE
  5
9B6
  8
0
 10
70.9988
 20
61.4468
 30
0.0
 11
71.1483
 21
61.2453
 31
0.0
  0
LINE
  5
9B7
  8
0
 10
71.1483
 20
61.2453
 30
0.0
 11
71.2773
 21
61.0301
 31
0.0
  0
LINE
  5
9B8
  8
0
 10
71.2773
 20
61.0301
 30
0.0
 11
71.3845
 21
60.8033
 31
0.0
  0
LINE
  5
9B9
  8
0
 10
71.3845
 20
60.8033
 30
0.0
 11
71.469
 21
60.5671
 31
0.0
  0
LINE
  5
9BA
  8
0
 10
71.469
 20
60.5671
 30
0.0
 11
71.53
 21
60.3237
 31
0.0
  0
LINE
  5
9BB
  8
0
 10
71.53
 20
60.3237
 30
0.0
 11
71.5668
 21
60.0756
 31
0.0
  0
LINE
  5
9BC
  8
0
 10
71.5668
 20
60.0756
 30
0.0
 11
71.5791
 21
59.825
 31
0.0
  0
LINE
  5
9BD
  8
0
 10
71.5791
 20
59.825
 30
0.0
 11
71.5668
 21
59.5744
 31
0.0
  0
LINE
  5
9BE
  8
0
 10
71.5668
 20
59.5744
 30
0.0
 11
71.53
 21
59.3262
 31
0.0
  0
LINE
  5
9BF
  8
0
 10
71.53
 20
59.3262
 30
0.0
 11
71.469
 21
59.0829
 31
0.0
  0
LINE
  5
9C0
  8
0
 10
71.469
 20
59.0829
 30
0.0
 11
71.3845
 21
58.8466
 31
0.0
  0
LINE
  5
9C1
  8
0
 10
71.3845
 20
58.8466
 30
0.0
 11
71.2773
 21
58.6198
 31
0.0
  0
LINE
  5
9C2
  8
0
 10
71.2773
 20
58.6198
 30
0.0
 11
71.1483
 21
58.4047
 31
0.0
  0
LINE
  5
9C3
  8
0
 10
71.1483
 20
58.4047
 30
0.0
 11
70.9988
 21
58.2031
 31
0.0
  0
LINE
  5
9C4
  8
0
 10
70.9988
 20
58.2031
 30
0.0
 11
70.8303
 21
58.0173
 31
0.0
  0
LINE
  5
9C5
  8
0
 10
70.8303
 20
58.0173
 30
0.0
 11
70.6445
 21
57.8488
 31
0.0
  0
LINE
  5
9C6
  8
0
 10
70.6445
 20
57.8488
 30
0.0
 11
70.4429
 21
57.6993
 31
0.0
  0
LINE
  5
9C7
  8
0
 10
70.4429
 20
57.6993
 30
0.0
 11
70.2278
 21
57.5703
 31
0.0
  0
LINE
  5
9C8
  8
0
 10
70.2278
 20
57.5703
 30
0.0
 11
70.001
 21
57.4631
 31
0.0
  0
LINE
  5
9C9
  8
0
 10
70.001
 20
57.4631
 30
0.0
 11
69.7647
 21
57.3786
 31
0.0
  0
LINE
  5
9CA
  8
0
 10
69.7647
 20
57.3786
 30
0.0
 11
69.5214
 21
57.3176
 31
0.0
  0
LINE
  5
9CB
  8
0
 10
69.5214
 20
57.3176
 30
0.0
 11
69.2732
 21
57.2808
 31
0.0
  0
LINE
  5
9CC
  8
0
 10
69.2732
 20
57.2808
 30
0.0
 11
69.0226
 21
57.2685
 31
0.0
  0
LINE
  5
9CD
  8
0
 10
69.0226
 20
57.2685
 30
0.0
 11
68.772
 21
57.2808
 31
0.0
  0
LINE
  5
9CE
  8
0
 10
70.4688
 20
59.825
 30
0.0
 11
69.0226
 21
61.2711
 31
0.0
  0
LINE
  5
9CF
  8
0
 10
69.0226
 20
61.2711
 30
0.0
 11
67.5764
 21
59.825
 31
0.0
  0
LINE
  5
9D0
  8
0
 10
67.5764
 20
59.825
 30
0.0
 11
69.0226
 21
58.3788
 31
0.0
  0
LINE
  5
9D1
  8
0
 10
69.0226
 20
58.3788
 30
0.0
 11
70.4688
 21
59.825
 31
0.0
  0
LINE
  5
9D2
  8
0
 10
22.7608
 20
57.2808
 30
0.0
 11
22.5126
 21
57.3176
 31
0.0
  0
LINE
  5
9D3
  8
0
 10
22.5126
 20
57.3176
 30
0.0
 11
22.2693
 21
57.3786
 31
0.0
  0
LINE
  5
9D4
  8
0
 10
22.2693
 20
57.3786
 30
0.0
 11
22.033
 21
57.4631
 31
0.0
  0
LINE
  5
9D5
  8
0
 10
22.033
 20
57.4631
 30
0.0
 11
21.8062
 21
57.5703
 31
0.0
  0
LINE
  5
9D6
  8
0
 10
21.8062
 20
57.5703
 30
0.0
 11
21.5911
 21
57.6993
 31
0.0
  0
LINE
  5
9D7
  8
0
 10
21.5911
 20
57.6993
 30
0.0
 11
21.3895
 21
57.8488
 31
0.0
  0
LINE
  5
9D8
  8
0
 10
21.3895
 20
57.8488
 30
0.0
 11
21.2036
 21
58.0173
 31
0.0
  0
LINE
  5
9D9
  8
0
 10
21.2036
 20
58.0173
 30
0.0
 11
21.0352
 21
58.2031
 31
0.0
  0
LINE
  5
9DA
  8
0
 10
21.0352
 20
58.2031
 30
0.0
 11
20.8857
 21
58.4047
 31
0.0
  0
LINE
  5
9DB
  8
0
 10
20.8857
 20
58.4047
 30
0.0
 11
20.7567
 21
58.6198
 31
0.0
  0
LINE
  5
9DC
  8
0
 10
20.7567
 20
58.6198
 30
0.0
 11
20.6495
 21
58.8466
 31
0.0
  0
LINE
  5
9DD
  8
0
 10
20.6495
 20
58.8466
 30
0.0
 11
20.565
 21
59.0829
 31
0.0
  0
LINE
  5
9DE
  8
0
 10
20.565
 20
59.0829
 30
0.0
 11
20.504
 21
59.3262
 31
0.0
  0
LINE
  5
9DF
  8
0
 10
20.504
 20
59.3262
 30
0.0
 11
20.4672
 21
59.5744
 31
0.0
  0
LINE
  5
9E0
  8
0
 10
20.4672
 20
59.5744
 30
0.0
 11
20.4549
 21
59.825
 31
0.0
  0
LINE
  5
9E1
  8
0
 10
20.4549
 20
59.825
 30
0.0
 11
20.4672
 21
60.0756
 31
0.0
  0
LINE
  5
9E2
  8
0
 10
20.4672
 20
60.0756
 30
0.0
 11
20.504
 21
60.3237
 31
0.0
  0
LINE
  5
9E3
  8
0
 10
20.504
 20
60.3237
 30
0.0
 11
20.565
 21
60.5671
 31
0.0
  0
LINE
  5
9E4
  8
0
 10
20.565
 20
60.5671
 30
0.0
 11
20.6495
 21
60.8033
 31
0.0
  0
LINE
  5
9E5
  8
0
 10
20.6495
 20
60.8033
 30
0.0
 11
20.7567
 21
61.0301
 31
0.0
  0
LINE
  5
9E6
  8
0
 10
20.7567
 20
61.0301
 30
0.0
 11
20.8857
 21
61.2453
 31
0.0
  0
LINE
  5
9E7
  8
0
 10
20.8857
 20
61.2453
 30
0.0
 11
21.0352
 21
61.4468
 31
0.0
  0
LINE
  5
9E8
  8
0
 10
21.0352
 20
61.4468
 30
0.0
 11
21.2036
 21
61.6327
 31
0.0
  0
LINE
  5
9E9
  8
0
 10
21.2036
 20
61.6327
 30
0.0
 11
21.3896
 21
61.8012
 31
0.0
  0
LINE
  5
9EA
  8
0
 10
21.3896
 20
61.8012
 30
0.0
 11
21.5911
 21
61.9506
 31
0.0
  0
LINE
  5
9EB
  8
0
 10
21.5911
 20
61.9506
 30
0.0
 11
21.8062
 21
62.0796
 31
0.0
  0
LINE
  5
9EC
  8
0
 10
21.8062
 20
62.0796
 30
0.0
 11
22.0331
 21
62.1869
 31
0.0
  0
LINE
  5
9ED
  8
0
 10
22.0331
 20
62.1869
 30
0.0
 11
22.2693
 21
62.2714
 31
0.0
  0
LINE
  5
9EE
  8
0
 10
22.2693
 20
62.2714
 30
0.0
 11
22.5126
 21
62.3323
 31
0.0
  0
LINE
  5
9EF
  8
0
 10
22.5126
 20
62.3323
 30
0.0
 11
22.7608
 21
62.3692
 31
0.0
  0
LINE
  5
9F0
  8
0
 10
22.7608
 20
62.3692
 30
0.0
 11
23.0114
 21
62.3815
 31
0.0
  0
LINE
  5
9F1
  8
0
 10
23.0114
 20
62.3815
 30
0.0
 11
23.262
 21
62.3692
 31
0.0
  0
LINE
  5
9F2
  8
0
 10
23.262
 20
62.3692
 30
0.0
 11
23.5101
 21
62.3323
 31
0.0
  0
LINE
  5
9F3
  8
0
 10
23.5101
 20
62.3323
 30
0.0
 11
23.7535
 21
62.2714
 31
0.0
  0
LINE
  5
9F4
  8
0
 10
23.7535
 20
62.2714
 30
0.0
 11
23.9897
 21
62.1869
 31
0.0
  0
LINE
  5
9F5
  8
0
 10
23.9897
 20
62.1869
 30
0.0
 11
24.119
 21
62.1257
 31
0.0
  0
LINE
  5
9F6
  8
0
 10
24.119
 20
62.1257
 30
0.0
 11
24.9442
 21
62.9509
 31
0.0
  0
LINE
  5
9F7
  8
0
 10
24.9442
 20
62.9509
 30
0.0
 11
26.1373
 21
61.7578
 31
0.0
  0
LINE
  5
9F8
  8
0
 10
26.1373
 20
61.7578
 30
0.0
 11
25.3121
 21
60.9326
 31
0.0
  0
LINE
  5
9F9
  8
0
 10
25.3121
 20
60.9326
 30
0.0
 11
25.3733
 21
60.8033
 31
0.0
  0
LINE
  5
9FA
  8
0
 10
25.3733
 20
60.8033
 30
0.0
 11
25.4578
 21
60.5671
 31
0.0
  0
LINE
  5
9FB
  8
0
 10
25.4578
 20
60.5671
 30
0.0
 11
25.5187
 21
60.3237
 31
0.0
  0
LINE
  5
9FC
  8
0
 10
25.5187
 20
60.3237
 30
0.0
 11
25.5556
 21
60.0756
 31
0.0
  0
LINE
  5
9FD
  8
0
 10
25.5556
 20
60.0756
 30
0.0
 11
25.5679
 21
59.825
 31
0.0
  0
LINE
  5
9FE
  8
0
 10
25.5679
 20
59.825
 30
0.0
 11
25.5556
 21
59.5744
 31
0.0
  0
LINE
  5
9FF
  8
0
 10
25.5556
 20
59.5744
 30
0.0
 11
25.5187
 21
59.3262
 31
0.0
  0
LINE
  5
A00
  8
0
 10
25.5187
 20
59.3262
 30
0.0
 11
25.4578
 21
59.0829
 31
0.0
  0
LINE
  5
A01
  8
0
 10
25.4578
 20
59.0829
 30
0.0
 11
25.3733
 21
58.8466
 31
0.0
  0
LINE
  5
A02
  8
0
 10
25.3733
 20
58.8466
 30
0.0
 11
25.266
 21
58.6198
 31
0.0
  0
LINE
  5
A03
  8
0
 10
25.266
 20
58.6198
 30
0.0
 11
25.137
 21
58.4047
 31
0.0
  0
LINE
  5
A04
  8
0
 10
25.137
 20
58.4047
 30
0.0
 11
24.9876
 21
58.2032
 31
0.0
  0
LINE
  5
A05
  8
0
 10
24.9876
 20
58.2032
 30
0.0
 11
24.8191
 21
58.0173
 31
0.0
  0
LINE
  5
A06
  8
0
 10
24.8191
 20
58.0173
 30
0.0
 11
24.6332
 21
57.8488
 31
0.0
  0
LINE
  5
A07
  8
0
 10
24.6332
 20
57.8488
 30
0.0
 11
24.4317
 21
57.6993
 31
0.0
  0
LINE
  5
A08
  8
0
 10
24.4317
 20
57.6993
 30
0.0
 11
24.2165
 21
57.5703
 31
0.0
  0
LINE
  5
A09
  8
0
 10
24.2165
 20
57.5703
 30
0.0
 11
23.9897
 21
57.4631
 31
0.0
  0
LINE
  5
A0A
  8
0
 10
23.9897
 20
57.4631
 30
0.0
 11
23.7535
 21
57.3786
 31
0.0
  0
LINE
  5
A0B
  8
0
 10
23.7535
 20
57.3786
 30
0.0
 11
23.5101
 21
57.3176
 31
0.0
  0
LINE
  5
A0C
  8
0
 10
23.5101
 20
57.3176
 30
0.0
 11
23.262
 21
57.2808
 31
0.0
  0
LINE
  5
A0D
  8
0
 10
23.262
 20
57.2808
 30
0.0
 11
23.0114
 21
57.2685
 31
0.0
  0
LINE
  5
A0E
  8
0
 10
23.0114
 20
57.2685
 30
0.0
 11
22.7608
 21
57.2808
 31
0.0
  0
LINE
  5
A0F
  8
0
 10
24.4575
 20
59.825
 30
0.0
 11
23.0114
 21
61.2711
 31
0.0
  0
LINE
  5
A10
  8
0
 10
23.0114
 20
61.2711
 30
0.0
 11
21.5652
 21
59.825
 31
0.0
  0
LINE
  5
A11
  8
0
 10
21.5652
 20
59.825
 30
0.0
 11
23.0114
 21
58.3788
 31
0.0
  0
LINE
  5
A12
  8
0
 10
23.0114
 20
58.3788
 30
0.0
 11
24.4575
 21
59.825
 31
0.0
  0
LINE
  5
A13
  8
0
 10
105.586
 20
57.2808
 30
0.0
 11
105.337
 21
57.3176
 31
0.0
  0
LINE
  5
A14
  8
0
 10
105.337
 20
57.3176
 30
0.0
 11
105.094
 21
57.3786
 31
0.0
  0
LINE
  5
A15
  8
0
 10
105.094
 20
57.3786
 30
0.0
 11
104.858
 21
57.4631
 31
0.0
  0
LINE
  5
A16
  8
0
 10
104.858
 20
57.4631
 30
0.0
 11
104.631
 21
57.5703
 31
0.0
  0
LINE
  5
A17
  8
0
 10
104.631
 20
57.5703
 30
0.0
 11
104.416
 21
57.6993
 31
0.0
  0
LINE
  5
A18
  8
0
 10
104.416
 20
57.6993
 30
0.0
 11
104.214
 21
57.8488
 31
0.0
  0
LINE
  5
A19
  8
0
 10
104.214
 20
57.8488
 30
0.0
 11
104.028
 21
58.0173
 31
0.0
  0
LINE
  5
A1A
  8
0
 10
104.028
 20
58.0173
 30
0.0
 11
103.86
 21
58.2032
 31
0.0
  0
LINE
  5
A1B
  8
0
 10
103.86
 20
58.2032
 30
0.0
 11
103.711
 21
58.4047
 31
0.0
  0
LINE
  5
A1C
  8
0
 10
103.711
 20
58.4047
 30
0.0
 11
103.582
 21
58.6198
 31
0.0
  0
LINE
  5
A1D
  8
0
 10
103.582
 20
58.6198
 30
0.0
 11
103.474
 21
58.8466
 31
0.0
  0
LINE
  5
A1E
  8
0
 10
103.474
 20
58.8466
 30
0.0
 11
103.39
 21
59.0829
 31
0.0
  0
LINE
  5
A1F
  8
0
 10
103.39
 20
59.0829
 30
0.0
 11
103.329
 21
59.3262
 31
0.0
  0
LINE
  5
A20
  8
0
 10
103.329
 20
59.3262
 30
0.0
 11
103.292
 21
59.5744
 31
0.0
  0
LINE
  5
A21
  8
0
 10
103.292
 20
59.5744
 30
0.0
 11
103.28
 21
59.825
 31
0.0
  0
LINE
  5
A22
  8
0
 10
103.28
 20
59.825
 30
0.0
 11
103.292
 21
60.0756
 31
0.0
  0
LINE
  5
A23
  8
0
 10
103.292
 20
60.0756
 30
0.0
 11
103.329
 21
60.3237
 31
0.0
  0
LINE
  5
A24
  8
0
 10
103.329
 20
60.3237
 30
0.0
 11
103.39
 21
60.5671
 31
0.0
  0
LINE
  5
A25
  8
0
 10
103.39
 20
60.5671
 30
0.0
 11
103.474
 21
60.8033
 31
0.0
  0
LINE
  5
A26
  8
0
 10
103.474
 20
60.8033
 30
0.0
 11
103.535
 21
60.9326
 31
0.0
  0
LINE
  5
A27
  8
0
 10
103.535
 20
60.9326
 30
0.0
 11
102.71
 21
61.7578
 31
0.0
  0
LINE
  5
A28
  8
0
 10
102.71
 20
61.7578
 30
0.0
 11
103.903
 21
62.9509
 31
0.0
  0
LINE
  5
A29
  8
0
 10
103.903
 20
62.9509
 30
0.0
 11
104.729
 21
62.1257
 31
0.0
  0
LINE
  5
A2A
  8
0
 10
104.729
 20
62.1257
 30
0.0
 11
104.858
 21
62.1869
 31
0.0
  0
LINE
  5
A2B
  8
0
 10
104.858
 20
62.1869
 30
0.0
 11
105.094
 21
62.2714
 31
0.0
  0
LINE
  5
A2C
  8
0
 10
105.094
 20
62.2714
 30
0.0
 11
105.337
 21
62.3323
 31
0.0
  0
LINE
  5
A2D
  8
0
 10
105.337
 20
62.3323
 30
0.0
 11
105.586
 21
62.3692
 31
0.0
  0
LINE
  5
A2E
  8
0
 10
105.586
 20
62.3692
 30
0.0
 11
105.836
 21
62.3815
 31
0.0
  0
LINE
  5
A2F
  8
0
 10
105.836
 20
62.3815
 30
0.0
 11
106.087
 21
62.3692
 31
0.0
  0
LINE
  5
A30
  8
0
 10
106.087
 20
62.3692
 30
0.0
 11
106.335
 21
62.3323
 31
0.0
  0
LINE
  5
A31
  8
0
 10
106.335
 20
62.3323
 30
0.0
 11
106.578
 21
62.2714
 31
0.0
  0
LINE
  5
A32
  8
0
 10
106.578
 20
62.2714
 30
0.0
 11
106.815
 21
62.1869
 31
0.0
  0
LINE
  5
A33
  8
0
 10
106.815
 20
62.1869
 30
0.0
 11
107.041
 21
62.0796
 31
0.0
  0
LINE
  5
A34
  8
0
 10
107.041
 20
62.0796
 30
0.0
 11
107.257
 21
61.9506
 31
0.0
  0
LINE
  5
A35
  8
0
 10
107.257
 20
61.9506
 30
0.0
 11
107.458
 21
61.8012
 31
0.0
  0
LINE
  5
A36
  8
0
 10
107.458
 20
61.8012
 30
0.0
 11
107.644
 21
61.6327
 31
0.0
  0
LINE
  5
A37
  8
0
 10
107.644
 20
61.6327
 30
0.0
 11
107.812
 21
61.4468
 31
0.0
  0
LINE
  5
A38
  8
0
 10
107.812
 20
61.4468
 30
0.0
 11
107.962
 21
61.2453
 31
0.0
  0
LINE
  5
A39
  8
0
 10
107.962
 20
61.2453
 30
0.0
 11
108.091
 21
61.0301
 31
0.0
  0
LINE
  5
A3A
  8
0
 10
108.091
 20
61.0301
 30
0.0
 11
108.198
 21
60.8033
 31
0.0
  0
LINE
  5
A3B
  8
0
 10
108.198
 20
60.8033
 30
0.0
 11
108.283
 21
60.5671
 31
0.0
  0
LINE
  5
A3C
  8
0
 10
108.283
 20
60.5671
 30
0.0
 11
108.344
 21
60.3237
 31
0.0
  0
LINE
  5
A3D
  8
0
 10
108.344
 20
60.3237
 30
0.0
 11
108.38
 21
60.0756
 31
0.0
  0
LINE
  5
A3E
  8
0
 10
108.38
 20
60.0756
 30
0.0
 11
108.393
 21
59.825
 31
0.0
  0
LINE
  5
A3F
  8
0
 10
108.393
 20
59.825
 30
0.0
 11
108.38
 21
59.5744
 31
0.0
  0
LINE
  5
A40
  8
0
 10
108.38
 20
59.5744
 30
0.0
 11
108.344
 21
59.3262
 31
0.0
  0
LINE
  5
A41
  8
0
 10
108.344
 20
59.3262
 30
0.0
 11
108.283
 21
59.0829
 31
0.0
  0
LINE
  5
A42
  8
0
 10
108.283
 20
59.0829
 30
0.0
 11
108.198
 21
58.8466
 31
0.0
  0
LINE
  5
A43
  8
0
 10
108.198
 20
58.8466
 30
0.0
 11
108.091
 21
58.6198
 31
0.0
  0
LINE
  5
A44
  8
0
 10
108.091
 20
58.6198
 30
0.0
 11
107.962
 21
58.4047
 31
0.0
  0
LINE
  5
A45
  8
0
 10
107.962
 20
58.4047
 30
0.0
 11
107.812
 21
58.2031
 31
0.0
  0
LINE
  5
A46
  8
0
 10
107.812
 20
58.2031
 30
0.0
 11
107.644
 21
58.0173
 31
0.0
  0
LINE
  5
A47
  8
0
 10
107.644
 20
58.0173
 30
0.0
 11
107.458
 21
57.8488
 31
0.0
  0
LINE
  5
A48
  8
0
 10
107.458
 20
57.8488
 30
0.0
 11
107.257
 21
57.6993
 31
0.0
  0
LINE
  5
A49
  8
0
 10
107.257
 20
57.6993
 30
0.0
 11
107.041
 21
57.5703
 31
0.0
  0
LINE
  5
A4A
  8
0
 10
107.041
 20
57.5703
 30
0.0
 11
106.815
 21
57.4631
 31
0.0
  0
LINE
  5
A4B
  8
0
 10
106.815
 20
57.4631
 30
0.0
 11
106.578
 21
57.3786
 31
0.0
  0
LINE
  5
A4C
  8
0
 10
106.578
 20
57.3786
 30
0.0
 11
106.335
 21
57.3176
 31
0.0
  0
LINE
  5
A4D
  8
0
 10
106.335
 20
57.3176
 30
0.0
 11
106.087
 21
57.2808
 31
0.0
  0
LINE
  5
A4E
  8
0
 10
106.087
 20
57.2808
 30
0.0
 11
105.836
 21
57.2685
 31
0.0
  0
LINE
  5
A4F
  8
0
 10
105.836
 20
57.2685
 30
0.0
 11
105.586
 21
57.2808
 31
0.0
  0
LINE
  5
A50
  8
0
 10
107.282
 20
59.825
 30
0.0
 11
105.836
 21
61.2711
 31
0.0
  0
LINE
  5
A51
  8
0
 10
105.836
 20
61.2711
 30
0.0
 11
104.39
 21
59.825
 31
0.0
  0
LINE
  5
A52
  8
0
 10
104.39
 20
59.825
 30
0.0
 11
105.836
 21
58.3788
 31
0.0
  0
LINE
  5
A53
  8
0
 10
105.836
 20
58.3788
 30
0.0
 11
107.282
 21
59.825
 31
0.0
  0
LINE
  5
A54
  8
0
 10
87.1788
 20
57.2808
 30
0.0
 11
86.9307
 21
57.3176
 31
0.0
  0
LINE
  5
A55
  8
0
 10
86.9307
 20
57.3176
 30
0.0
 11
86.6873
 21
57.3786
 31
0.0
  0
LINE
  5
A56
  8
0
 10
86.6873
 20
57.3786
 30
0.0
 11
86.4511
 21
57.4631
 31
0.0
  0
LINE
  5
A57
  8
0
 10
86.4511
 20
57.4631
 30
0.0
 11
86.2243
 21
57.5703
 31
0.0
  0
LINE
  5
A58
  8
0
 10
86.2243
 20
57.5703
 30
0.0
 11
86.0091
 21
57.6993
 31
0.0
  0
LINE
  5
A59
  8
0
 10
86.0091
 20
57.6993
 30
0.0
 11
85.8076
 21
57.8488
 31
0.0
  0
LINE
  5
A5A
  8
0
 10
85.8076
 20
57.8488
 30
0.0
 11
85.6217
 21
58.0173
 31
0.0
  0
LINE
  5
A5B
  8
0
 10
85.6217
 20
58.0173
 30
0.0
 11
85.4532
 21
58.2032
 31
0.0
  0
LINE
  5
A5C
  8
0
 10
85.4532
 20
58.2032
 30
0.0
 11
85.3038
 21
58.4047
 31
0.0
  0
LINE
  5
A5D
  8
0
 10
85.3038
 20
58.4047
 30
0.0
 11
85.1748
 21
58.6198
 31
0.0
  0
LINE
  5
A5E
  8
0
 10
85.1748
 20
58.6198
 30
0.0
 11
85.0675
 21
58.8466
 31
0.0
  0
LINE
  5
A5F
  8
0
 10
85.0675
 20
58.8466
 30
0.0
 11
84.983
 21
59.0829
 31
0.0
  0
LINE
  5
A60
  8
0
 10
84.983
 20
59.0829
 30
0.0
 11
84.9221
 21
59.3262
 31
0.0
  0
LINE
  5
A61
  8
0
 10
84.9221
 20
59.3262
 30
0.0
 11
84.8852
 21
59.5744
 31
0.0
  0
LINE
  5
A62
  8
0
 10
84.8852
 20
59.5744
 30
0.0
 11
84.8729
 21
59.825
 31
0.0
  0
LINE
  5
A63
  8
0
 10
84.8729
 20
59.825
 30
0.0
 11
84.8852
 21
60.0756
 31
0.0
  0
LINE
  5
A64
  8
0
 10
84.8852
 20
60.0756
 30
0.0
 11
84.922
 21
60.3237
 31
0.0
  0
LINE
  5
A65
  8
0
 10
84.922
 20
60.3237
 30
0.0
 11
84.983
 21
60.5671
 31
0.0
  0
LINE
  5
A66
  8
0
 10
84.983
 20
60.5671
 30
0.0
 11
85.0675
 21
60.8033
 31
0.0
  0
LINE
  5
A67
  8
0
 10
85.0675
 20
60.8033
 30
0.0
 11
85.1287
 21
60.9326
 31
0.0
  0
LINE
  5
A68
  8
0
 10
85.1287
 20
60.9326
 30
0.0
 11
84.3035
 21
61.7578
 31
0.0
  0
LINE
  5
A69
  8
0
 10
84.3035
 20
61.7578
 30
0.0
 11
85.4966
 21
62.9509
 31
0.0
  0
LINE
  5
A6A
  8
0
 10
85.4966
 20
62.9509
 30
0.0
 11
86.3218
 21
62.1257
 31
0.0
  0
LINE
  5
A6B
  8
0
 10
86.3218
 20
62.1257
 30
0.0
 11
86.4511
 21
62.1869
 31
0.0
  0
LINE
  5
A6C
  8
0
 10
86.4511
 20
62.1869
 30
0.0
 11
86.6873
 21
62.2714
 31
0.0
  0
LINE
  5
A6D
  8
0
 10
86.6873
 20
62.2714
 30
0.0
 11
86.9306
 21
62.3323
 31
0.0
  0
LINE
  5
A6E
  8
0
 10
86.9306
 20
62.3323
 30
0.0
 11
87.1788
 21
62.3692
 31
0.0
  0
LINE
  5
A6F
  8
0
 10
87.1788
 20
62.3692
 30
0.0
 11
87.4294
 21
62.3815
 31
0.0
  0
LINE
  5
A70
  8
0
 10
87.4294
 20
62.3815
 30
0.0
 11
87.68
 21
62.3692
 31
0.0
  0
LINE
  5
A71
  8
0
 10
87.68
 20
62.3692
 30
0.0
 11
87.9282
 21
62.3323
 31
0.0
  0
LINE
  5
A72
  8
0
 10
87.9282
 20
62.3323
 30
0.0
 11
88.1715
 21
62.2714
 31
0.0
  0
LINE
  5
A73
  8
0
 10
88.1715
 20
62.2714
 30
0.0
 11
88.4077
 21
62.1869
 31
0.0
  0
LINE
  5
A74
  8
0
 10
88.4077
 20
62.1869
 30
0.0
 11
88.6345
 21
62.0796
 31
0.0
  0
LINE
  5
A75
  8
0
 10
88.6345
 20
62.0796
 30
0.0
 11
88.8497
 21
61.9506
 31
0.0
  0
LINE
  5
A76
  8
0
 10
88.8497
 20
61.9506
 30
0.0
 11
89.0512
 21
61.8012
 31
0.0
  0
LINE
  5
A77
  8
0
 10
89.0512
 20
61.8012
 30
0.0
 11
89.2371
 21
61.6327
 31
0.0
  0
LINE
  5
A78
  8
0
 10
89.2371
 20
61.6327
 30
0.0
 11
89.4056
 21
61.4468
 31
0.0
  0
LINE
  5
A79
  8
0
 10
89.4056
 20
61.4468
 30
0.0
 11
89.5551
 21
61.2453
 31
0.0
  0
LINE
  5
A7A
  8
0
 10
89.5551
 20
61.2453
 30
0.0
 11
89.6841
 21
61.0301
 31
0.0
  0
LINE
  5
A7B
  8
0
 10
89.6841
 20
61.0301
 30
0.0
 11
89.7913
 21
60.8033
 31
0.0
  0
LINE
  5
A7C
  8
0
 10
89.7913
 20
60.8033
 30
0.0
 11
89.8758
 21
60.5671
 31
0.0
  0
LINE
  5
A7D
  8
0
 10
89.8758
 20
60.5671
 30
0.0
 11
89.9368
 21
60.3237
 31
0.0
  0
LINE
  5
A7E
  8
0
 10
89.9368
 20
60.3237
 30
0.0
 11
89.9736
 21
60.0756
 31
0.0
  0
LINE
  5
A7F
  8
0
 10
89.9736
 20
60.0756
 30
0.0
 11
89.9859
 21
59.825
 31
0.0
  0
LINE
  5
A80
  8
0
 10
89.9859
 20
59.825
 30
0.0
 11
89.9736
 21
59.5744
 31
0.0
  0
LINE
  5
A81
  8
0
 10
89.9736
 20
59.5744
 30
0.0
 11
89.9368
 21
59.3262
 31
0.0
  0
LINE
  5
A82
  8
0
 10
89.9368
 20
59.3262
 30
0.0
 11
89.8758
 21
59.0829
 31
0.0
  0
LINE
  5
A83
  8
0
 10
89.8758
 20
59.0829
 30
0.0
 11
89.7913
 21
58.8466
 31
0.0
  0
LINE
  5
A84
  8
0
 10
89.7913
 20
58.8466
 30
0.0
 11
89.6841
 21
58.6198
 31
0.0
  0
LINE
  5
A85
  8
0
 10
89.6841
 20
58.6198
 30
0.0
 11
89.5551
 21
58.4047
 31
0.0
  0
LINE
  5
A86
  8
0
 10
89.5551
 20
58.4047
 30
0.0
 11
89.4056
 21
58.2031
 31
0.0
  0
LINE
  5
A87
  8
0
 10
89.4056
 20
58.2031
 30
0.0
 11
89.2371
 21
58.0173
 31
0.0
  0
LINE
  5
A88
  8
0
 10
89.2371
 20
58.0173
 30
0.0
 11
89.0513
 21
57.8488
 31
0.0
  0
LINE
  5
A89
  8
0
 10
89.0513
 20
57.8488
 30
0.0
 11
88.8497
 21
57.6993
 31
0.0
  0
LINE
  5
A8A
  8
0
 10
88.8497
 20
57.6993
 30
0.0
 11
88.6346
 21
57.5703
 31
0.0
  0
LINE
  5
A8B
  8
0
 10
88.6346
 20
57.5703
 30
0.0
 11
88.4078
 21
57.4631
 31
0.0
  0
LINE
  5
A8C
  8
0
 10
88.4078
 20
57.4631
 30
0.0
 11
88.1715
 21
57.3786
 31
0.0
  0
LINE
  5
A8D
  8
0
 10
88.1715
 20
57.3786
 30
0.0
 11
87.9282
 21
57.3176
 31
0.0
  0
LINE
  5
A8E
  8
0
 10
87.9282
 20
57.3176
 30
0.0
 11
87.68
 21
57.2808
 31
0.0
  0
LINE
  5
A8F
  8
0
 10
87.68
 20
57.2808
 30
0.0
 11
87.4294
 21
57.2685
 31
0.0
  0
LINE
  5
A90
  8
0
 10
87.4294
 20
57.2685
 30
0.0
 11
87.1788
 21
57.2808
 31
0.0
  0
LINE
  5
A91
  8
0
 10
88.8756
 20
59.825
 30
0.0
 11
87.4294
 21
61.2711
 31
0.0
  0
LINE
  5
A92
  8
0
 10
87.4294
 20
61.2711
 30
0.0
 11
85.9832
 21
59.825
 31
0.0
  0
LINE
  5
A93
  8
0
 10
85.9832
 20
59.825
 30
0.0
 11
87.4294
 21
58.3788
 31
0.0
  0
LINE
  5
A94
  8
0
 10
87.4294
 20
58.3788
 30
0.0
 11
88.8756
 21
59.825
 31
0.0
  0
LINE
  5
A95
  8
0
 10
50.3652
 20
57.2808
 30
0.0
 11
50.1171
 21
57.3176
 31
0.0
  0
LINE
  5
A96
  8
0
 10
50.1171
 20
57.3176
 30
0.0
 11
49.8737
 21
57.3786
 31
0.0
  0
LINE
  5
A97
  8
0
 10
49.8737
 20
57.3786
 30
0.0
 11
49.6375
 21
57.4631
 31
0.0
  0
LINE
  5
A98
  8
0
 10
49.6375
 20
57.4631
 30
0.0
 11
49.4107
 21
57.5703
 31
0.0
  0
LINE
  5
A99
  8
0
 10
49.4107
 20
57.5703
 30
0.0
 11
49.1955
 21
57.6993
 31
0.0
  0
LINE
  5
A9A
  8
0
 10
49.1955
 20
57.6993
 30
0.0
 11
48.994
 21
57.8488
 31
0.0
  0
LINE
  5
A9B
  8
0
 10
48.994
 20
57.8488
 30
0.0
 11
48.8081
 21
58.0173
 31
0.0
  0
LINE
  5
A9C
  8
0
 10
48.8081
 20
58.0173
 30
0.0
 11
48.6396
 21
58.2032
 31
0.0
  0
LINE
  5
A9D
  8
0
 10
48.6396
 20
58.2032
 30
0.0
 11
48.4902
 21
58.4047
 31
0.0
  0
LINE
  5
A9E
  8
0
 10
48.4902
 20
58.4047
 30
0.0
 11
48.3612
 21
58.6198
 31
0.0
  0
LINE
  5
A9F
  8
0
 10
48.3612
 20
58.6198
 30
0.0
 11
48.2539
 21
58.8466
 31
0.0
  0
LINE
  5
AA0
  8
0
 10
48.2539
 20
58.8466
 30
0.0
 11
48.1694
 21
59.0829
 31
0.0
  0
LINE
  5
AA1
  8
0
 10
48.1694
 20
59.0829
 30
0.0
 11
48.1085
 21
59.3262
 31
0.0
  0
LINE
  5
AA2
  8
0
 10
48.1085
 20
59.3262
 30
0.0
 11
48.0716
 21
59.5744
 31
0.0
  0
LINE
  5
AA3
  8
0
 10
48.0716
 20
59.5744
 30
0.0
 11
48.0593
 21
59.825
 31
0.0
  0
LINE
  5
AA4
  8
0
 10
48.0593
 20
59.825
 30
0.0
 11
48.0716
 21
60.0756
 31
0.0
  0
LINE
  5
AA5
  8
0
 10
48.0716
 20
60.0756
 30
0.0
 11
48.1084
 21
60.3237
 31
0.0
  0
LINE
  5
AA6
  8
0
 10
48.1084
 20
60.3237
 30
0.0
 11
48.1694
 21
60.5671
 31
0.0
  0
LINE
  5
AA7
  8
0
 10
48.1694
 20
60.5671
 30
0.0
 11
48.2539
 21
60.8033
 31
0.0
  0
LINE
  5
AA8
  8
0
 10
48.2539
 20
60.8033
 30
0.0
 11
48.3151
 21
60.9326
 31
0.0
  0
LINE
  5
AA9
  8
0
 10
48.3151
 20
60.9326
 30
0.0
 11
47.4899
 21
61.7578
 31
0.0
  0
LINE
  5
AAA
  8
0
 10
47.4899
 20
61.7578
 30
0.0
 11
48.683
 21
62.9509
 31
0.0
  0
LINE
  5
AAB
  8
0
 10
48.683
 20
62.9509
 30
0.0
 11
49.5082
 21
62.1257
 31
0.0
  0
LINE
  5
AAC
  8
0
 10
49.5082
 20
62.1257
 30
0.0
 11
49.6375
 21
62.1869
 31
0.0
  0
LINE
  5
AAD
  8
0
 10
49.6375
 20
62.1869
 30
0.0
 11
49.8737
 21
62.2714
 31
0.0
  0
LINE
  5
AAE
  8
0
 10
49.8737
 20
62.2714
 30
0.0
 11
50.1171
 21
62.3323
 31
0.0
  0
LINE
  5
AAF
  8
0
 10
50.1171
 20
62.3323
 30
0.0
 11
50.3652
 21
62.3692
 31
0.0
  0
LINE
  5
AB0
  8
0
 10
50.3652
 20
62.3692
 30
0.0
 11
50.6158
 21
62.3815
 31
0.0
  0
LINE
  5
AB1
  8
0
 10
50.6158
 20
62.3815
 30
0.0
 11
50.8664
 21
62.3692
 31
0.0
  0
LINE
  5
AB2
  8
0
 10
50.8664
 20
62.3692
 30
0.0
 11
51.1146
 21
62.3323
 31
0.0
  0
LINE
  5
AB3
  8
0
 10
51.1146
 20
62.3323
 30
0.0
 11
51.3579
 21
62.2714
 31
0.0
  0
LINE
  5
AB4
  8
0
 10
51.3579
 20
62.2714
 30
0.0
 11
51.5941
 21
62.1869
 31
0.0
  0
LINE
  5
AB5
  8
0
 10
51.5941
 20
62.1869
 30
0.0
 11
51.8209
 21
62.0796
 31
0.0
  0
LINE
  5
AB6
  8
0
 10
51.8209
 20
62.0796
 30
0.0
 11
52.0361
 21
61.9506
 31
0.0
  0
LINE
  5
AB7
  8
0
 10
52.0361
 20
61.9506
 30
0.0
 11
52.2376
 21
61.8012
 31
0.0
  0
LINE
  5
AB8
  8
0
 10
52.2376
 20
61.8012
 30
0.0
 11
52.4235
 21
61.6327
 31
0.0
  0
LINE
  5
AB9
  8
0
 10
52.4235
 20
61.6327
 30
0.0
 11
52.592
 21
61.4468
 31
0.0
  0
LINE
  5
ABA
  8
0
 10
52.592
 20
61.4468
 30
0.0
 11
52.7415
 21
61.2453
 31
0.0
  0
LINE
  5
ABB
  8
0
 10
52.7415
 20
61.2453
 30
0.0
 11
52.8705
 21
61.0301
 31
0.0
  0
LINE
  5
ABC
  8
0
 10
52.8705
 20
61.0301
 30
0.0
 11
52.9777
 21
60.8033
 31
0.0
  0
LINE
  5
ABD
  8
0
 10
52.9777
 20
60.8033
 30
0.0
 11
53.0622
 21
60.5671
 31
0.0
  0
LINE
  5
ABE
  8
0
 10
53.0622
 20
60.5671
 30
0.0
 11
53.1232
 21
60.3237
 31
0.0
  0
LINE
  5
ABF
  8
0
 10
53.1232
 20
60.3237
 30
0.0
 11
53.16
 21
60.0756
 31
0.0
  0
LINE
  5
AC0
  8
0
 10
53.16
 20
60.0756
 30
0.0
 11
53.1723
 21
59.825
 31
0.0
  0
LINE
  5
AC1
  8
0
 10
53.1723
 20
59.825
 30
0.0
 11
53.16
 21
59.5744
 31
0.0
  0
LINE
  5
AC2
  8
0
 10
53.16
 20
59.5744
 30
0.0
 11
53.1232
 21
59.3262
 31
0.0
  0
LINE
  5
AC3
  8
0
 10
53.1232
 20
59.3262
 30
0.0
 11
53.0622
 21
59.0829
 31
0.0
  0
LINE
  5
AC4
  8
0
 10
53.0622
 20
59.0829
 30
0.0
 11
52.9777
 21
58.8466
 31
0.0
  0
LINE
  5
AC5
  8
0
 10
52.9777
 20
58.8466
 30
0.0
 11
52.8705
 21
58.6198
 31
0.0
  0
LINE
  5
AC6
  8
0
 10
52.8705
 20
58.6198
 30
0.0
 11
52.7415
 21
58.4047
 31
0.0
  0
LINE
  5
AC7
  8
0
 10
52.7415
 20
58.4047
 30
0.0
 11
52.592
 21
58.2031
 31
0.0
  0
LINE
  5
AC8
  8
0
 10
52.592
 20
58.2031
 30
0.0
 11
52.4235
 21
58.0173
 31
0.0
  0
LINE
  5
AC9
  8
0
 10
52.4235
 20
58.0173
 30
0.0
 11
52.2376
 21
57.8488
 31
0.0
  0
LINE
  5
ACA
  8
0
 10
52.2376
 20
57.8488
 30
0.0
 11
52.0361
 21
57.6993
 31
0.0
  0
LINE
  5
ACB
  8
0
 10
52.0361
 20
57.6993
 30
0.0
 11
51.821
 21
57.5703
 31
0.0
  0
LINE
  5
ACC
  8
0
 10
51.821
 20
57.5703
 30
0.0
 11
51.5941
 21
57.4631
 31
0.0
  0
LINE
  5
ACD
  8
0
 10
51.5941
 20
57.4631
 30
0.0
 11
51.3579
 21
57.3786
 31
0.0
  0
LINE
  5
ACE
  8
0
 10
51.3579
 20
57.3786
 30
0.0
 11
51.1146
 21
57.3176
 31
0.0
  0
LINE
  5
ACF
  8
0
 10
51.1146
 20
57.3176
 30
0.0
 11
50.8664
 21
57.2808
 31
0.0
  0
LINE
  5
AD0
  8
0
 10
50.8664
 20
57.2808
 30
0.0
 11
50.6158
 21
57.2685
 31
0.0
  0
LINE
  5
AD1
  8
0
 10
50.6158
 20
57.2685
 30
0.0
 11
50.3652
 21
57.2808
 31
0.0
  0
LINE
  5
AD2
  8
0
 10
52.062
 20
59.825
 30
0.0
 11
50.6158
 21
61.2711
 31
0.0
  0
LINE
  5
AD3
  8
0
 10
50.6158
 20
61.2711
 30
0.0
 11
49.1696
 21
59.825
 31
0.0
  0
LINE
  5
AD4
  8
0
 10
49.1696
 20
59.825
 30
0.0
 11
50.6158
 21
58.3788
 31
0.0
  0
LINE
  5
AD5
  8
0
 10
50.6158
 20
58.3788
 30
0.0
 11
52.062
 21
59.825
 31
0.0
  0
LINE
  5
AD6
  8
0
 10
96.388
 20
57.2808
 30
0.0
 11
96.1398
 21
57.3176
 31
0.0
  0
LINE
  5
AD7
  8
0
 10
96.1398
 20
57.3176
 30
0.0
 11
95.8965
 21
57.3786
 31
0.0
  0
LINE
  5
AD8
  8
0
 10
95.8965
 20
57.3786
 30
0.0
 11
95.6602
 21
57.4631
 31
0.0
  0
LINE
  5
AD9
  8
0
 10
95.6602
 20
57.4631
 30
0.0
 11
95.4334
 21
57.5703
 31
0.0
  0
LINE
  5
ADA
  8
0
 10
95.4334
 20
57.5703
 30
0.0
 11
95.2183
 21
57.6993
 31
0.0
  0
LINE
  5
ADB
  8
0
 10
95.2183
 20
57.6993
 30
0.0
 11
95.0167
 21
57.8488
 31
0.0
  0
LINE
  5
ADC
  8
0
 10
95.0167
 20
57.8488
 30
0.0
 11
94.8309
 21
58.0173
 31
0.0
  0
LINE
  5
ADD
  8
0
 10
94.8309
 20
58.0173
 30
0.0
 11
94.6624
 21
58.2031
 31
0.0
  0
LINE
  5
ADE
  8
0
 10
94.6624
 20
58.2031
 30
0.0
 11
94.5129
 21
58.4047
 31
0.0
  0
LINE
  5
ADF
  8
0
 10
94.5129
 20
58.4047
 30
0.0
 11
94.3839
 21
58.6198
 31
0.0
  0
LINE
  5
AE0
  8
0
 10
94.3839
 20
58.6198
 30
0.0
 11
94.2767
 21
58.8466
 31
0.0
  0
LINE
  5
AE1
  8
0
 10
94.2767
 20
58.8466
 30
0.0
 11
94.1922
 21
59.0829
 31
0.0
  0
LINE
  5
AE2
  8
0
 10
94.1922
 20
59.0829
 30
0.0
 11
94.1312
 21
59.3262
 31
0.0
  0
LINE
  5
AE3
  8
0
 10
94.1312
 20
59.3262
 30
0.0
 11
94.0944
 21
59.5744
 31
0.0
  0
LINE
  5
AE4
  8
0
 10
94.0944
 20
59.5744
 30
0.0
 11
94.0821
 21
59.825
 31
0.0
  0
LINE
  5
AE5
  8
0
 10
94.0821
 20
59.825
 30
0.0
 11
94.0944
 21
60.0756
 31
0.0
  0
LINE
  5
AE6
  8
0
 10
94.0944
 20
60.0756
 30
0.0
 11
94.1312
 21
60.3237
 31
0.0
  0
LINE
  5
AE7
  8
0
 10
94.1312
 20
60.3237
 30
0.0
 11
94.1922
 21
60.5671
 31
0.0
  0
LINE
  5
AE8
  8
0
 10
94.1922
 20
60.5671
 30
0.0
 11
94.2767
 21
60.8033
 31
0.0
  0
LINE
  5
AE9
  8
0
 10
94.2767
 20
60.8033
 30
0.0
 11
94.3839
 21
61.0301
 31
0.0
  0
LINE
  5
AEA
  8
0
 10
94.3839
 20
61.0301
 30
0.0
 11
94.5129
 21
61.2453
 31
0.0
  0
LINE
  5
AEB
  8
0
 10
94.5129
 20
61.2453
 30
0.0
 11
94.6624
 21
61.4468
 31
0.0
  0
LINE
  5
AEC
  8
0
 10
94.6624
 20
61.4468
 30
0.0
 11
94.8309
 21
61.6327
 31
0.0
  0
LINE
  5
AED
  8
0
 10
94.8309
 20
61.6327
 30
0.0
 11
95.0168
 21
61.8012
 31
0.0
  0
LINE
  5
AEE
  8
0
 10
95.0168
 20
61.8012
 30
0.0
 11
95.2183
 21
61.9506
 31
0.0
  0
LINE
  5
AEF
  8
0
 10
95.2183
 20
61.9506
 30
0.0
 11
95.4334
 21
62.0796
 31
0.0
  0
LINE
  5
AF0
  8
0
 10
95.4334
 20
62.0796
 30
0.0
 11
95.6602
 21
62.1869
 31
0.0
  0
LINE
  5
AF1
  8
0
 10
95.6602
 20
62.1869
 30
0.0
 11
95.8965
 21
62.2714
 31
0.0
  0
LINE
  5
AF2
  8
0
 10
95.8965
 20
62.2714
 30
0.0
 11
96.1398
 21
62.3323
 31
0.0
  0
LINE
  5
AF3
  8
0
 10
96.1398
 20
62.3323
 30
0.0
 11
96.388
 21
62.3692
 31
0.0
  0
LINE
  5
AF4
  8
0
 10
96.388
 20
62.3692
 30
0.0
 11
96.6386
 21
62.3815
 31
0.0
  0
LINE
  5
AF5
  8
0
 10
96.6386
 20
62.3815
 30
0.0
 11
96.8892
 21
62.3692
 31
0.0
  0
LINE
  5
AF6
  8
0
 10
96.8892
 20
62.3692
 30
0.0
 11
97.1373
 21
62.3323
 31
0.0
  0
LINE
  5
AF7
  8
0
 10
97.1373
 20
62.3323
 30
0.0
 11
97.3807
 21
62.2714
 31
0.0
  0
LINE
  5
AF8
  8
0
 10
97.3807
 20
62.2714
 30
0.0
 11
97.6169
 21
62.1869
 31
0.0
  0
LINE
  5
AF9
  8
0
 10
97.6169
 20
62.1869
 30
0.0
 11
97.7462
 21
62.1257
 31
0.0
  0
LINE
  5
AFA
  8
0
 10
97.7462
 20
62.1257
 30
0.0
 11
98.5714
 21
62.9509
 31
0.0
  0
LINE
  5
AFB
  8
0
 10
98.5714
 20
62.9509
 30
0.0
 11
99.7645
 21
61.7578
 31
0.0
  0
LINE
  5
AFC
  8
0
 10
99.7645
 20
61.7578
 30
0.0
 11
98.9393
 21
60.9326
 31
0.0
  0
LINE
  5
AFD
  8
0
 10
98.9393
 20
60.9326
 30
0.0
 11
99.0005
 21
60.8033
 31
0.0
  0
LINE
  5
AFE
  8
0
 10
99.0005
 20
60.8033
 30
0.0
 11
99.085
 21
60.5671
 31
0.0
  0
LINE
  5
AFF
  8
0
 10
99.085
 20
60.5671
 30
0.0
 11
99.146
 21
60.3237
 31
0.0
  0
LINE
  5
B00
  8
0
 10
99.146
 20
60.3237
 30
0.0
 11
99.1828
 21
60.0756
 31
0.0
  0
LINE
  5
B01
  8
0
 10
99.1828
 20
60.0756
 30
0.0
 11
99.1951
 21
59.825
 31
0.0
  0
LINE
  5
B02
  8
0
 10
99.1951
 20
59.825
 30
0.0
 11
99.1828
 21
59.5744
 31
0.0
  0
LINE
  5
B03
  8
0
 10
99.1828
 20
59.5744
 30
0.0
 11
99.1459
 21
59.3262
 31
0.0
  0
LINE
  5
B04
  8
0
 10
99.1459
 20
59.3262
 30
0.0
 11
99.085
 21
59.0829
 31
0.0
  0
LINE
  5
B05
  8
0
 10
99.085
 20
59.0829
 30
0.0
 11
99.0005
 21
58.8466
 31
0.0
  0
LINE
  5
B06
  8
0
 10
99.0005
 20
58.8466
 30
0.0
 11
98.8932
 21
58.6198
 31
0.0
  0
LINE
  5
B07
  8
0
 10
98.8932
 20
58.6198
 30
0.0
 11
98.7642
 21
58.4047
 31
0.0
  0
LINE
  5
B08
  8
0
 10
98.7642
 20
58.4047
 30
0.0
 11
98.6148
 21
58.2032
 31
0.0
  0
LINE
  5
B09
  8
0
 10
98.6148
 20
58.2032
 30
0.0
 11
98.4463
 21
58.0173
 31
0.0
  0
LINE
  5
B0A
  8
0
 10
98.4463
 20
58.0173
 30
0.0
 11
98.2604
 21
57.8488
 31
0.0
  0
LINE
  5
B0B
  8
0
 10
98.2604
 20
57.8488
 30
0.0
 11
98.0589
 21
57.6993
 31
0.0
  0
LINE
  5
B0C
  8
0
 10
98.0589
 20
57.6993
 30
0.0
 11
97.8437
 21
57.5703
 31
0.0
  0
LINE
  5
B0D
  8
0
 10
97.8437
 20
57.5703
 30
0.0
 11
97.6169
 21
57.4631
 31
0.0
  0
LINE
  5
B0E
  8
0
 10
97.6169
 20
57.4631
 30
0.0
 11
97.3807
 21
57.3786
 31
0.0
  0
LINE
  5
B0F
  8
0
 10
97.3807
 20
57.3786
 30
0.0
 11
97.1373
 21
57.3176
 31
0.0
  0
LINE
  5
B10
  8
0
 10
97.1373
 20
57.3176
 30
0.0
 11
96.8892
 21
57.2808
 31
0.0
  0
LINE
  5
B11
  8
0
 10
96.8892
 20
57.2808
 30
0.0
 11
96.6386
 21
57.2685
 31
0.0
  0
LINE
  5
B12
  8
0
 10
96.6386
 20
57.2685
 30
0.0
 11
96.388
 21
57.2808
 31
0.0
  0
LINE
  5
B13
  8
0
 10
98.0847
 20
59.825
 30
0.0
 11
96.6386
 21
61.2711
 31
0.0
  0
LINE
  5
B14
  8
0
 10
96.6386
 20
61.2711
 30
0.0
 11
95.1924
 21
59.825
 31
0.0
  0
LINE
  5
B15
  8
0
 10
95.1924
 20
59.825
 30
0.0
 11
96.6386
 21
58.3788
 31
0.0
  0
LINE
  5
B16
  8
0
 10
96.6386
 20
58.3788
 30
0.0
 11
98.0847
 21
59.825
 31
0.0
  0
LINE
  5
B17
  8
0
 10
13.5516
 20
57.2808
 30
0.0
 11
13.3035
 21
57.3176
 31
0.0
  0
LINE
  5
B18
  8
0
 10
13.3035
 20
57.3176
 30
0.0
 11
13.0601
 21
57.3786
 31
0.0
  0
LINE
  5
B19
  8
0
 10
13.0601
 20
57.3786
 30
0.0
 11
12.8239
 21
57.4631
 31
0.0
  0
LINE
  5
B1A
  8
0
 10
12.8239
 20
57.4631
 30
0.0
 11
12.5971
 21
57.5703
 31
0.0
  0
LINE
  5
B1B
  8
0
 10
12.5971
 20
57.5703
 30
0.0
 11
12.3819
 21
57.6993
 31
0.0
  0
LINE
  5
B1C
  8
0
 10
12.3819
 20
57.6993
 30
0.0
 11
12.1804
 21
57.8488
 31
0.0
  0
LINE
  5
B1D
  8
0
 10
12.1804
 20
57.8488
 30
0.0
 11
11.9945
 21
58.0173
 31
0.0
  0
LINE
  5
B1E
  8
0
 10
11.9945
 20
58.0173
 30
0.0
 11
11.826
 21
58.2032
 31
0.0
  0
LINE
  5
B1F
  8
0
 10
11.826
 20
58.2032
 30
0.0
 11
11.6766
 21
58.4047
 31
0.0
  0
LINE
  5
B20
  8
0
 10
11.6766
 20
58.4047
 30
0.0
 11
11.5476
 21
58.6198
 31
0.0
  0
LINE
  5
B21
  8
0
 10
11.5476
 20
58.6198
 30
0.0
 11
11.4403
 21
58.8466
 31
0.0
  0
LINE
  5
B22
  8
0
 10
11.4403
 20
58.8466
 30
0.0
 11
11.3558
 21
59.0829
 31
0.0
  0
LINE
  5
B23
  8
0
 10
11.3558
 20
59.0829
 30
0.0
 11
11.2949
 21
59.3262
 31
0.0
  0
LINE
  5
B24
  8
0
 10
11.2949
 20
59.3262
 30
0.0
 11
11.258
 21
59.5744
 31
0.0
  0
LINE
  5
B25
  8
0
 10
11.258
 20
59.5744
 30
0.0
 11
11.2457
 21
59.825
 31
0.0
  0
LINE
  5
B26
  8
0
 10
11.2457
 20
59.825
 30
0.0
 11
11.258
 21
60.0756
 31
0.0
  0
LINE
  5
B27
  8
0
 10
11.258
 20
60.0756
 30
0.0
 11
11.2948
 21
60.3237
 31
0.0
  0
LINE
  5
B28
  8
0
 10
11.2948
 20
60.3237
 30
0.0
 11
11.3558
 21
60.5671
 31
0.0
  0
LINE
  5
B29
  8
0
 10
11.3558
 20
60.5671
 30
0.0
 11
11.4403
 21
60.8033
 31
0.0
  0
LINE
  5
B2A
  8
0
 10
11.4403
 20
60.8033
 30
0.0
 11
11.5015
 21
60.9326
 31
0.0
  0
LINE
  5
B2B
  8
0
 10
11.5015
 20
60.9326
 30
0.0
 11
10.6763
 21
61.7578
 31
0.0
  0
LINE
  5
B2C
  8
0
 10
10.6763
 20
61.7578
 30
0.0
 11
11.8694
 21
62.9509
 31
0.0
  0
LINE
  5
B2D
  8
0
 10
11.8694
 20
62.9509
 30
0.0
 11
12.6946
 21
62.1257
 31
0.0
  0
LINE
  5
B2E
  8
0
 10
12.6946
 20
62.1257
 30
0.0
 11
12.8239
 21
62.1869
 31
0.0
  0
LINE
  5
B2F
  8
0
 10
12.8239
 20
62.1869
 30
0.0
 11
13.0601
 21
62.2714
 31
0.0
  0
LINE
  5
B30
  8
0
 10
13.0601
 20
62.2714
 30
0.0
 11
13.3035
 21
62.3323
 31
0.0
  0
LINE
  5
B31
  8
0
 10
13.3035
 20
62.3323
 30
0.0
 11
13.5516
 21
62.3692
 31
0.0
  0
LINE
  5
B32
  8
0
 10
13.5516
 20
62.3692
 30
0.0
 11
13.8022
 21
62.3815
 31
0.0
  0
LINE
  5
B33
  8
0
 10
13.8022
 20
62.3815
 30
0.0
 11
14.0528
 21
62.3692
 31
0.0
  0
LINE
  5
B34
  8
0
 10
14.0528
 20
62.3692
 30
0.0
 11
14.301
 21
62.3323
 31
0.0
  0
LINE
  5
B35
  8
0
 10
14.301
 20
62.3323
 30
0.0
 11
14.5443
 21
62.2714
 31
0.0
  0
LINE
  5
B36
  8
0
 10
14.5443
 20
62.2714
 30
0.0
 11
14.7805
 21
62.1869
 31
0.0
  0
LINE
  5
B37
  8
0
 10
14.7805
 20
62.1869
 30
0.0
 11
15.0073
 21
62.0796
 31
0.0
  0
LINE
  5
B38
  8
0
 10
15.0073
 20
62.0796
 30
0.0
 11
15.2225
 21
61.9506
 31
0.0
  0
LINE
  5
B39
  8
0
 10
15.2225
 20
61.9506
 30
0.0
 11
15.424
 21
61.8012
 31
0.0
  0
LINE
  5
B3A
  8
0
 10
15.424
 20
61.8012
 30
0.0
 11
15.6099
 21
61.6327
 31
0.0
  0
LINE
  5
B3B
  8
0
 10
15.6099
 20
61.6327
 30
0.0
 11
15.7784
 21
61.4468
 31
0.0
  0
LINE
  5
B3C
  8
0
 10
15.7784
 20
61.4468
 30
0.0
 11
15.9279
 21
61.2453
 31
0.0
  0
LINE
  5
B3D
  8
0
 10
15.9279
 20
61.2453
 30
0.0
 11
16.0569
 21
61.0301
 31
0.0
  0
LINE
  5
B3E
  8
0
 10
16.0569
 20
61.0301
 30
0.0
 11
16.1641
 21
60.8033
 31
0.0
  0
LINE
  5
B3F
  8
0
 10
16.1641
 20
60.8033
 30
0.0
 11
16.2486
 21
60.5671
 31
0.0
  0
LINE
  5
B40
  8
0
 10
16.2486
 20
60.5671
 30
0.0
 11
16.3096
 21
60.3237
 31
0.0
  0
LINE
  5
B41
  8
0
 10
16.3096
 20
60.3237
 30
0.0
 11
16.3464
 21
60.0756
 31
0.0
  0
LINE
  5
B42
  8
0
 10
16.3464
 20
60.0756
 30
0.0
 11
16.3587
 21
59.825
 31
0.0
  0
LINE
  5
B43
  8
0
 10
16.3587
 20
59.825
 30
0.0
 11
16.3464
 21
59.5744
 31
0.0
  0
LINE
  5
B44
  8
0
 10
16.3464
 20
59.5744
 30
0.0
 11
16.3096
 21
59.3262
 31
0.0
  0
LINE
  5
B45
  8
0
 10
16.3096
 20
59.3262
 30
0.0
 11
16.2486
 21
59.0829
 31
0.0
  0
LINE
  5
B46
  8
0
 10
16.2486
 20
59.0829
 30
0.0
 11
16.1641
 21
58.8466
 31
0.0
  0
LINE
  5
B47
  8
0
 10
16.1641
 20
58.8466
 30
0.0
 11
16.0569
 21
58.6198
 31
0.0
  0
LINE
  5
B48
  8
0
 10
16.0569
 20
58.6198
 30
0.0
 11
15.9279
 21
58.4047
 31
0.0
  0
LINE
  5
B49
  8
0
 10
15.9279
 20
58.4047
 30
0.0
 11
15.7784
 21
58.2031
 31
0.0
  0
LINE
  5
B4A
  8
0
 10
15.7784
 20
58.2031
 30
0.0
 11
15.6099
 21
58.0173
 31
0.0
  0
LINE
  5
B4B
  8
0
 10
15.6099
 20
58.0173
 30
0.0
 11
15.424
 21
57.8488
 31
0.0
  0
LINE
  5
B4C
  8
0
 10
15.424
 20
57.8488
 30
0.0
 11
15.2225
 21
57.6993
 31
0.0
  0
LINE
  5
B4D
  8
0
 10
15.2225
 20
57.6993
 30
0.0
 11
15.0074
 21
57.5703
 31
0.0
  0
LINE
  5
B4E
  8
0
 10
15.0074
 20
57.5703
 30
0.0
 11
14.7805
 21
57.4631
 31
0.0
  0
LINE
  5
B4F
  8
0
 10
14.7805
 20
57.4631
 30
0.0
 11
14.5443
 21
57.3786
 31
0.0
  0
LINE
  5
B50
  8
0
 10
14.5443
 20
57.3786
 30
0.0
 11
14.301
 21
57.3176
 31
0.0
  0
LINE
  5
B51
  8
0
 10
14.301
 20
57.3176
 30
0.0
 11
14.0528
 21
57.2808
 31
0.0
  0
LINE
  5
B52
  8
0
 10
14.0528
 20
57.2808
 30
0.0
 11
13.8022
 21
57.2685
 31
0.0
  0
LINE
  5
B53
  8
0
 10
13.8022
 20
57.2685
 30
0.0
 11
13.5516
 21
57.2808
 31
0.0
  0
LINE
  5
B54
  8
0
 10
15.2484
 20
59.825
 30
0.0
 11
13.8022
 21
61.2711
 31
0.0
  0
LINE
  5
B55
  8
0
 10
13.8022
 20
61.2711
 30
0.0
 11
12.356
 21
59.825
 31
0.0
  0
LINE
  5
B56
  8
0
 10
12.356
 20
59.825
 30
0.0
 11
13.8022
 21
58.3788
 31
0.0
  0
LINE
  5
B57
  8
0
 10
13.8022
 20
58.3788
 30
0.0
 11
15.2484
 21
59.825
 31
0.0
  0
LINE
  5
B58
  8
0
 10
31.9584
 20
57.2808
 30
0.0
 11
31.7103
 21
57.3176
 31
0.0
  0
LINE
  5
B59
  8
0
 10
31.7103
 20
57.3176
 30
0.0
 11
31.4669
 21
57.3786
 31
0.0
  0
LINE
  5
B5A
  8
0
 10
31.4669
 20
57.3786
 30
0.0
 11
31.2307
 21
57.4631
 31
0.0
  0
LINE
  5
B5B
  8
0
 10
31.2307
 20
57.4631
 30
0.0
 11
31.0039
 21
57.5703
 31
0.0
  0
LINE
  5
B5C
  8
0
 10
31.0039
 20
57.5703
 30
0.0
 11
30.7887
 21
57.6993
 31
0.0
  0
LINE
  5
B5D
  8
0
 10
30.7887
 20
57.6993
 30
0.0
 11
30.5872
 21
57.8488
 31
0.0
  0
LINE
  5
B5E
  8
0
 10
30.5872
 20
57.8488
 30
0.0
 11
30.4013
 21
58.0173
 31
0.0
  0
LINE
  5
B5F
  8
0
 10
30.4013
 20
58.0173
 30
0.0
 11
30.2328
 21
58.2032
 31
0.0
  0
LINE
  5
B60
  8
0
 10
30.2328
 20
58.2032
 30
0.0
 11
30.0834
 21
58.4047
 31
0.0
  0
LINE
  5
B61
  8
0
 10
30.0834
 20
58.4047
 30
0.0
 11
29.9544
 21
58.6198
 31
0.0
  0
LINE
  5
B62
  8
0
 10
29.9544
 20
58.6198
 30
0.0
 11
29.8471
 21
58.8466
 31
0.0
  0
LINE
  5
B63
  8
0
 10
29.8471
 20
58.8466
 30
0.0
 11
29.7626
 21
59.0829
 31
0.0
  0
LINE
  5
B64
  8
0
 10
29.7626
 20
59.0829
 30
0.0
 11
29.7017
 21
59.3262
 31
0.0
  0
LINE
  5
B65
  8
0
 10
29.7017
 20
59.3262
 30
0.0
 11
29.6648
 21
59.5744
 31
0.0
  0
LINE
  5
B66
  8
0
 10
29.6648
 20
59.5744
 30
0.0
 11
29.6525
 21
59.825
 31
0.0
  0
LINE
  5
B67
  8
0
 10
29.6525
 20
59.825
 30
0.0
 11
29.6648
 21
60.0756
 31
0.0
  0
LINE
  5
B68
  8
0
 10
29.6648
 20
60.0756
 30
0.0
 11
29.7016
 21
60.3237
 31
0.0
  0
LINE
  5
B69
  8
0
 10
29.7016
 20
60.3237
 30
0.0
 11
29.7626
 21
60.5671
 31
0.0
  0
LINE
  5
B6A
  8
0
 10
29.7626
 20
60.5671
 30
0.0
 11
29.8471
 21
60.8033
 31
0.0
  0
LINE
  5
B6B
  8
0
 10
29.8471
 20
60.8033
 30
0.0
 11
29.9083
 21
60.9326
 31
0.0
  0
LINE
  5
B6C
  8
0
 10
29.9083
 20
60.9326
 30
0.0
 11
29.0831
 21
61.7578
 31
0.0
  0
LINE
  5
B6D
  8
0
 10
29.0831
 20
61.7578
 30
0.0
 11
30.2762
 21
62.9509
 31
0.0
  0
LINE
  5
B6E
  8
0
 10
30.2762
 20
62.9509
 30
0.0
 11
31.1014
 21
62.1257
 31
0.0
  0
LINE
  5
B6F
  8
0
 10
31.1014
 20
62.1257
 30
0.0
 11
31.2307
 21
62.1869
 31
0.0
  0
LINE
  5
B70
  8
0
 10
31.2307
 20
62.1869
 30
0.0
 11
31.4669
 21
62.2714
 31
0.0
  0
LINE
  5
B71
  8
0
 10
31.4669
 20
62.2714
 30
0.0
 11
31.7103
 21
62.3323
 31
0.0
  0
LINE
  5
B72
  8
0
 10
31.7103
 20
62.3323
 30
0.0
 11
31.9584
 21
62.3692
 31
0.0
  0
LINE
  5
B73
  8
0
 10
31.9584
 20
62.3692
 30
0.0
 11
32.209
 21
62.3815
 31
0.0
  0
LINE
  5
B74
  8
0
 10
32.209
 20
62.3815
 30
0.0
 11
32.4596
 21
62.3692
 31
0.0
  0
LINE
  5
B75
  8
0
 10
32.4596
 20
62.3692
 30
0.0
 11
32.7078
 21
62.3323
 31
0.0
  0
LINE
  5
B76
  8
0
 10
32.7078
 20
62.3323
 30
0.0
 11
32.9511
 21
62.2714
 31
0.0
  0
LINE
  5
B77
  8
0
 10
32.9511
 20
62.2714
 30
0.0
 11
33.1873
 21
62.1869
 31
0.0
  0
LINE
  5
B78
  8
0
 10
33.1873
 20
62.1869
 30
0.0
 11
33.4141
 21
62.0796
 31
0.0
  0
LINE
  5
B79
  8
0
 10
33.4141
 20
62.0796
 30
0.0
 11
33.6293
 21
61.9506
 31
0.0
  0
LINE
  5
B7A
  8
0
 10
33.6293
 20
61.9506
 30
0.0
 11
33.8308
 21
61.8012
 31
0.0
  0
LINE
  5
B7B
  8
0
 10
33.8308
 20
61.8012
 30
0.0
 11
34.0167
 21
61.6327
 31
0.0
  0
LINE
  5
B7C
  8
0
 10
34.0167
 20
61.6327
 30
0.0
 11
34.1852
 21
61.4468
 31
0.0
  0
LINE
  5
B7D
  8
0
 10
34.1852
 20
61.4468
 30
0.0
 11
34.3347
 21
61.2453
 31
0.0
  0
LINE
  5
B7E
  8
0
 10
34.3347
 20
61.2453
 30
0.0
 11
34.4637
 21
61.0301
 31
0.0
  0
LINE
  5
B7F
  8
0
 10
34.4637
 20
61.0301
 30
0.0
 11
34.5709
 21
60.8033
 31
0.0
  0
LINE
  5
B80
  8
0
 10
34.5709
 20
60.8033
 30
0.0
 11
34.6554
 21
60.5671
 31
0.0
  0
LINE
  5
B81
  8
0
 10
34.6554
 20
60.5671
 30
0.0
 11
34.7164
 21
60.3237
 31
0.0
  0
LINE
  5
B82
  8
0
 10
34.7164
 20
60.3237
 30
0.0
 11
34.7532
 21
60.0756
 31
0.0
  0
LINE
  5
B83
  8
0
 10
34.7532
 20
60.0756
 30
0.0
 11
34.7655
 21
59.825
 31
0.0
  0
LINE
  5
B84
  8
0
 10
34.7655
 20
59.825
 30
0.0
 11
34.7532
 21
59.5744
 31
0.0
  0
LINE
  5
B85
  8
0
 10
34.7532
 20
59.5744
 30
0.0
 11
34.7164
 21
59.3262
 31
0.0
  0
LINE
  5
B86
  8
0
 10
34.7164
 20
59.3262
 30
0.0
 11
34.6554
 21
59.0829
 31
0.0
  0
LINE
  5
B87
  8
0
 10
34.6554
 20
59.0829
 30
0.0
 11
34.5709
 21
58.8466
 31
0.0
  0
LINE
  5
B88
  8
0
 10
34.5709
 20
58.8466
 30
0.0
 11
34.4637
 21
58.6198
 31
0.0
  0
LINE
  5
B89
  8
0
 10
34.4637
 20
58.6198
 30
0.0
 11
34.3347
 21
58.4047
 31
0.0
  0
LINE
  5
B8A
  8
0
 10
34.3347
 20
58.4047
 30
0.0
 11
34.1852
 21
58.2031
 31
0.0
  0
LINE
  5
B8B
  8
0
 10
34.1852
 20
58.2031
 30
0.0
 11
34.0167
 21
58.0173
 31
0.0
  0
LINE
  5
B8C
  8
0
 10
34.0167
 20
58.0173
 30
0.0
 11
33.8308
 21
57.8488
 31
0.0
  0
LINE
  5
B8D
  8
0
 10
33.8308
 20
57.8488
 30
0.0
 11
33.6293
 21
57.6993
 31
0.0
  0
LINE
  5
B8E
  8
0
 10
33.6293
 20
57.6993
 30
0.0
 11
33.4142
 21
57.5703
 31
0.0
  0
LINE
  5
B8F
  8
0
 10
33.4142
 20
57.5703
 30
0.0
 11
33.1873
 21
57.4631
 31
0.0
  0
LINE
  5
B90
  8
0
 10
33.1873
 20
57.4631
 30
0.0
 11
32.9511
 21
57.3786
 31
0.0
  0
LINE
  5
B91
  8
0
 10
32.9511
 20
57.3786
 30
0.0
 11
32.7078
 21
57.3176
 31
0.0
  0
LINE
  5
B92
  8
0
 10
32.7078
 20
57.3176
 30
0.0
 11
32.4596
 21
57.2808
 31
0.0
  0
LINE
  5
B93
  8
0
 10
32.4596
 20
57.2808
 30
0.0
 11
32.209
 21
57.2685
 31
0.0
  0
LINE
  5
B94
  8
0
 10
32.209
 20
57.2685
 30
0.0
 11
31.9584
 21
57.2808
 31
0.0
  0
LINE
  5
B95
  8
0
 10
33.6552
 20
59.825
 30
0.0
 11
32.209
 21
61.2711
 31
0.0
  0
LINE
  5
B96
  8
0
 10
32.209
 20
61.2711
 30
0.0
 11
30.7628
 21
59.825
 31
0.0
  0
LINE
  5
B97
  8
0
 10
30.7628
 20
59.825
 30
0.0
 11
32.209
 21
58.3788
 31
0.0
  0
LINE
  5
B98
  8
0
 10
32.209
 20
58.3788
 30
0.0
 11
33.6552
 21
59.825
 31
0.0
  0
LINE
  5
B99
  8
0
 10
59.5744
 20
57.2808
 30
0.0
 11
59.3262
 21
57.3176
 31
0.0
  0
LINE
  5
B9A
  8
0
 10
59.3262
 20
57.3176
 30
0.0
 11
59.0829
 21
57.3786
 31
0.0
  0
LINE
  5
B9B
  8
0
 10
59.0829
 20
57.3786
 30
0.0
 11
58.8466
 21
57.4631
 31
0.0
  0
LINE
  5
B9C
  8
0
 10
58.8466
 20
57.4631
 30
0.0
 11
58.6198
 21
57.5703
 31
0.0
  0
LINE
  5
B9D
  8
0
 10
58.6198
 20
57.5703
 30
0.0
 11
58.4047
 21
57.6993
 31
0.0
  0
LINE
  5
B9E
  8
0
 10
58.4047
 20
57.6993
 30
0.0
 11
58.2031
 21
57.8488
 31
0.0
  0
LINE
  5
B9F
  8
0
 10
58.2031
 20
57.8488
 30
0.0
 11
58.0173
 21
58.0173
 31
0.0
  0
LINE
  5
BA0
  8
0
 10
58.0173
 20
58.0173
 30
0.0
 11
57.8488
 21
58.2031
 31
0.0
  0
LINE
  5
BA1
  8
0
 10
57.8488
 20
58.2031
 30
0.0
 11
57.6993
 21
58.4047
 31
0.0
  0
LINE
  5
BA2
  8
0
 10
57.6993
 20
58.4047
 30
0.0
 11
57.5703
 21
58.6198
 31
0.0
  0
LINE
  5
BA3
  8
0
 10
57.5703
 20
58.6198
 30
0.0
 11
57.4631
 21
58.8466
 31
0.0
  0
LINE
  5
BA4
  8
0
 10
57.4631
 20
58.8466
 30
0.0
 11
57.3786
 21
59.0829
 31
0.0
  0
LINE
  5
BA5
  8
0
 10
57.3786
 20
59.0829
 30
0.0
 11
57.3176
 21
59.3262
 31
0.0
  0
LINE
  5
BA6
  8
0
 10
57.3176
 20
59.3262
 30
0.0
 11
57.2808
 21
59.5744
 31
0.0
  0
LINE
  5
BA7
  8
0
 10
57.2808
 20
59.5744
 30
0.0
 11
57.2685
 21
59.825
 31
0.0
  0
LINE
  5
BA8
  8
0
 10
57.2685
 20
59.825
 30
0.0
 11
57.2808
 21
60.0756
 31
0.0
  0
LINE
  5
BA9
  8
0
 10
57.2808
 20
60.0756
 30
0.0
 11
57.3176
 21
60.3237
 31
0.0
  0
LINE
  5
BAA
  8
0
 10
57.3176
 20
60.3237
 30
0.0
 11
57.3786
 21
60.5671
 31
0.0
  0
LINE
  5
BAB
  8
0
 10
57.3786
 20
60.5671
 30
0.0
 11
57.4631
 21
60.8033
 31
0.0
  0
LINE
  5
BAC
  8
0
 10
57.4631
 20
60.8033
 30
0.0
 11
57.5703
 21
61.0301
 31
0.0
  0
LINE
  5
BAD
  8
0
 10
57.5703
 20
61.0301
 30
0.0
 11
57.6993
 21
61.2453
 31
0.0
  0
LINE
  5
BAE
  8
0
 10
57.6993
 20
61.2453
 30
0.0
 11
57.8488
 21
61.4468
 31
0.0
  0
LINE
  5
BAF
  8
0
 10
57.8488
 20
61.4468
 30
0.0
 11
58.0173
 21
61.6327
 31
0.0
  0
LINE
  5
BB0
  8
0
 10
58.0173
 20
61.6327
 30
0.0
 11
58.2032
 21
61.8012
 31
0.0
  0
LINE
  5
BB1
  8
0
 10
58.2032
 20
61.8012
 30
0.0
 11
58.4047
 21
61.9506
 31
0.0
  0
LINE
  5
BB2
  8
0
 10
58.4047
 20
61.9506
 30
0.0
 11
58.6198
 21
62.0796
 31
0.0
  0
LINE
  5
BB3
  8
0
 10
58.6198
 20
62.0796
 30
0.0
 11
58.8466
 21
62.1869
 31
0.0
  0
LINE
  5
BB4
  8
0
 10
58.8466
 20
62.1869
 30
0.0
 11
59.0829
 21
62.2714
 31
0.0
  0
LINE
  5
BB5
  8
0
 10
59.0829
 20
62.2714
 30
0.0
 11
59.3262
 21
62.3323
 31
0.0
  0
LINE
  5
BB6
  8
0
 10
59.3262
 20
62.3323
 30
0.0
 11
59.5744
 21
62.3692
 31
0.0
  0
LINE
  5
BB7
  8
0
 10
59.5744
 20
62.3692
 30
0.0
 11
59.825
 21
62.3815
 31
0.0
  0
LINE
  5
BB8
  8
0
 10
59.825
 20
62.3815
 30
0.0
 11
60.0756
 21
62.3692
 31
0.0
  0
LINE
  5
BB9
  8
0
 10
60.0756
 20
62.3692
 30
0.0
 11
60.3237
 21
62.3323
 31
0.0
  0
LINE
  5
BBA
  8
0
 10
60.3237
 20
62.3323
 30
0.0
 11
60.5671
 21
62.2714
 31
0.0
  0
LINE
  5
BBB
  8
0
 10
60.5671
 20
62.2714
 30
0.0
 11
60.8033
 21
62.1869
 31
0.0
  0
LINE
  5
BBC
  8
0
 10
60.8033
 20
62.1869
 30
0.0
 11
60.9326
 21
62.1257
 31
0.0
  0
LINE
  5
BBD
  8
0
 10
60.9326
 20
62.1257
 30
0.0
 11
61.7578
 21
62.9509
 31
0.0
  0
LINE
  5
BBE
  8
0
 10
61.7578
 20
62.9509
 30
0.0
 11
62.9509
 21
61.7578
 31
0.0
  0
LINE
  5
BBF
  8
0
 10
62.9509
 20
61.7578
 30
0.0
 11
62.1257
 21
60.9326
 31
0.0
  0
LINE
  5
BC0
  8
0
 10
62.1257
 20
60.9326
 30
0.0
 11
62.1869
 21
60.8033
 31
0.0
  0
LINE
  5
BC1
  8
0
 10
62.1869
 20
60.8033
 30
0.0
 11
62.2714
 21
60.5671
 31
0.0
  0
LINE
  5
BC2
  8
0
 10
62.2714
 20
60.5671
 30
0.0
 11
62.3323
 21
60.3237
 31
0.0
  0
LINE
  5
BC3
  8
0
 10
62.3323
 20
60.3237
 30
0.0
 11
62.3692
 21
60.0756
 31
0.0
  0
LINE
  5
BC4
  8
0
 10
62.3692
 20
60.0756
 30
0.0
 11
62.3815
 21
59.825
 31
0.0
  0
LINE
  5
BC5
  8
0
 10
62.3815
 20
59.825
 30
0.0
 11
62.3692
 21
59.5744
 31
0.0
  0
LINE
  5
BC6
  8
0
 10
62.3692
 20
59.5744
 30
0.0
 11
62.3323
 21
59.3262
 31
0.0
  0
LINE
  5
BC7
  8
0
 10
62.3323
 20
59.3262
 30
0.0
 11
62.2714
 21
59.0829
 31
0.0
  0
LINE
  5
BC8
  8
0
 10
62.2714
 20
59.0829
 30
0.0
 11
62.1869
 21
58.8466
 31
0.0
  0
LINE
  5
BC9
  8
0
 10
62.1869
 20
58.8466
 30
0.0
 11
62.0796
 21
58.6198
 31
0.0
  0
LINE
  5
BCA
  8
0
 10
62.0796
 20
58.6198
 30
0.0
 11
61.9506
 21
58.4047
 31
0.0
  0
LINE
  5
BCB
  8
0
 10
61.9506
 20
58.4047
 30
0.0
 11
61.8012
 21
58.2032
 31
0.0
  0
LINE
  5
BCC
  8
0
 10
61.8012
 20
58.2032
 30
0.0
 11
61.6327
 21
58.0173
 31
0.0
  0
LINE
  5
BCD
  8
0
 10
61.6327
 20
58.0173
 30
0.0
 11
61.4468
 21
57.8488
 31
0.0
  0
LINE
  5
BCE
  8
0
 10
61.4468
 20
57.8488
 30
0.0
 11
61.2453
 21
57.6993
 31
0.0
  0
LINE
  5
BCF
  8
0
 10
61.2453
 20
57.6993
 30
0.0
 11
61.0301
 21
57.5703
 31
0.0
  0
LINE
  5
BD0
  8
0
 10
61.0301
 20
57.5703
 30
0.0
 11
60.8033
 21
57.4631
 31
0.0
  0
LINE
  5
BD1
  8
0
 10
60.8033
 20
57.4631
 30
0.0
 11
60.5671
 21
57.3786
 31
0.0
  0
LINE
  5
BD2
  8
0
 10
60.5671
 20
57.3786
 30
0.0
 11
60.3237
 21
57.3176
 31
0.0
  0
LINE
  5
BD3
  8
0
 10
60.3237
 20
57.3176
 30
0.0
 11
60.0756
 21
57.2808
 31
0.0
  0
LINE
  5
BD4
  8
0
 10
60.0756
 20
57.2808
 30
0.0
 11
59.825
 21
57.2685
 31
0.0
  0
LINE
  5
BD5
  8
0
 10
59.825
 20
57.2685
 30
0.0
 11
59.5744
 21
57.2808
 31
0.0
  0
LINE
  5
BD6
  8
0
 10
61.2711
 20
59.825
 30
0.0
 11
59.825
 21
61.2711
 31
0.0
  0
LINE
  5
BD7
  8
0
 10
59.825
 20
61.2711
 30
0.0
 11
58.3788
 21
59.825
 31
0.0
  0
LINE
  5
BD8
  8
0
 10
58.3788
 20
59.825
 30
0.0
 11
59.825
 21
58.3788
 31
0.0
  0
LINE
  5
BD9
  8
0
 10
59.825
 20
58.3788
 30
0.0
 11
61.2711
 21
59.825
 31
0.0
  0
LINE
  5
BDA
  8
0
 10
77.9812
 20
57.2808
 30
0.0
 11
77.733
 21
57.3176
 31
0.0
  0
LINE
  5
BDB
  8
0
 10
77.733
 20
57.3176
 30
0.0
 11
77.4897
 21
57.3786
 31
0.0
  0
LINE
  5
BDC
  8
0
 10
77.4897
 20
57.3786
 30
0.0
 11
77.2534
 21
57.4631
 31
0.0
  0
LINE
  5
BDD
  8
0
 10
77.2534
 20
57.4631
 30
0.0
 11
77.0266
 21
57.5703
 31
0.0
  0
LINE
  5
BDE
  8
0
 10
77.0266
 20
57.5703
 30
0.0
 11
76.8115
 21
57.6993
 31
0.0
  0
LINE
  5
BDF
  8
0
 10
76.8115
 20
57.6993
 30
0.0
 11
76.6099
 21
57.8488
 31
0.0
  0
LINE
  5
BE0
  8
0
 10
76.6099
 20
57.8488
 30
0.0
 11
76.4241
 21
58.0173
 31
0.0
  0
LINE
  5
BE1
  8
0
 10
76.4241
 20
58.0173
 30
0.0
 11
76.2556
 21
58.2031
 31
0.0
  0
LINE
  5
BE2
  8
0
 10
76.2556
 20
58.2031
 30
0.0
 11
76.1061
 21
58.4047
 31
0.0
  0
LINE
  5
BE3
  8
0
 10
76.1061
 20
58.4047
 30
0.0
 11
75.9771
 21
58.6198
 31
0.0
  0
LINE
  5
BE4
  8
0
 10
75.9771
 20
58.6198
 30
0.0
 11
75.8699
 21
58.8466
 31
0.0
  0
LINE
  5
BE5
  8
0
 10
75.8699
 20
58.8466
 30
0.0
 11
75.7854
 21
59.0829
 31
0.0
  0
LINE
  5
BE6
  8
0
 10
75.7854
 20
59.0829
 30
0.0
 11
75.7244
 21
59.3262
 31
0.0
  0
LINE
  5
BE7
  8
0
 10
75.7244
 20
59.3262
 30
0.0
 11
75.6876
 21
59.5744
 31
0.0
  0
LINE
  5
BE8
  8
0
 10
75.6876
 20
59.5744
 30
0.0
 11
75.6753
 21
59.825
 31
0.0
  0
LINE
  5
BE9
  8
0
 10
75.6753
 20
59.825
 30
0.0
 11
75.6876
 21
60.0756
 31
0.0
  0
LINE
  5
BEA
  8
0
 10
75.6876
 20
60.0756
 30
0.0
 11
75.7244
 21
60.3237
 31
0.0
  0
LINE
  5
BEB
  8
0
 10
75.7244
 20
60.3237
 30
0.0
 11
75.7854
 21
60.5671
 31
0.0
  0
LINE
  5
BEC
  8
0
 10
75.7854
 20
60.5671
 30
0.0
 11
75.8699
 21
60.8033
 31
0.0
  0
LINE
  5
BED
  8
0
 10
75.8699
 20
60.8033
 30
0.0
 11
75.9771
 21
61.0301
 31
0.0
  0
LINE
  5
BEE
  8
0
 10
75.9771
 20
61.0301
 30
0.0
 11
76.1061
 21
61.2453
 31
0.0
  0
LINE
  5
BEF
  8
0
 10
76.1061
 20
61.2453
 30
0.0
 11
76.2556
 21
61.4468
 31
0.0
  0
LINE
  5
BF0
  8
0
 10
76.2556
 20
61.4468
 30
0.0
 11
76.4241
 21
61.6327
 31
0.0
  0
LINE
  5
BF1
  8
0
 10
76.4241
 20
61.6327
 30
0.0
 11
76.61
 21
61.8012
 31
0.0
  0
LINE
  5
BF2
  8
0
 10
76.61
 20
61.8012
 30
0.0
 11
76.8115
 21
61.9506
 31
0.0
  0
LINE
  5
BF3
  8
0
 10
76.8115
 20
61.9506
 30
0.0
 11
77.0266
 21
62.0796
 31
0.0
  0
LINE
  5
BF4
  8
0
 10
77.0266
 20
62.0796
 30
0.0
 11
77.2534
 21
62.1869
 31
0.0
  0
LINE
  5
BF5
  8
0
 10
77.2534
 20
62.1869
 30
0.0
 11
77.4897
 21
62.2714
 31
0.0
  0
LINE
  5
BF6
  8
0
 10
77.4897
 20
62.2714
 30
0.0
 11
77.733
 21
62.3323
 31
0.0
  0
LINE
  5
BF7
  8
0
 10
77.733
 20
62.3323
 30
0.0
 11
77.9812
 21
62.3692
 31
0.0
  0
LINE
  5
BF8
  8
0
 10
77.9812
 20
62.3692
 30
0.0
 11
78.2318
 21
62.3815
 31
0.0
  0
LINE
  5
BF9
  8
0
 10
78.2318
 20
62.3815
 30
0.0
 11
78.4824
 21
62.3692
 31
0.0
  0
LINE
  5
BFA
  8
0
 10
78.4824
 20
62.3692
 30
0.0
 11
78.7305
 21
62.3323
 31
0.0
  0
LINE
  5
BFB
  8
0
 10
78.7305
 20
62.3323
 30
0.0
 11
78.9739
 21
62.2714
 31
0.0
  0
LINE
  5
BFC
  8
0
 10
78.9739
 20
62.2714
 30
0.0
 11
79.2101
 21
62.1869
 31
0.0
  0
LINE
  5
BFD
  8
0
 10
79.2101
 20
62.1869
 30
0.0
 11
79.3394
 21
62.1257
 31
0.0
  0
LINE
  5
BFE
  8
0
 10
79.3394
 20
62.1257
 30
0.0
 11
80.1646
 21
62.9509
 31
0.0
  0
LINE
  5
BFF
  8
0
 10
80.1646
 20
62.9509
 30
0.0
 11
81.3577
 21
61.7578
 31
0.0
  0
LINE
  5
C00
  8
0
 10
81.3577
 20
61.7578
 30
0.0
 11
80.5325
 21
60.9326
 31
0.0
  0
LINE
  5
C01
  8
0
 10
80.5325
 20
60.9326
 30
0.0
 11
80.5937
 21
60.8033
 31
0.0
  0
LINE
  5
C02
  8
0
 10
80.5937
 20
60.8033
 30
0.0
 11
80.6782
 21
60.5671
 31
0.0
  0
LINE
  5
C03
  8
0
 10
80.6782
 20
60.5671
 30
0.0
 11
80.7391
 21
60.3237
 31
0.0
  0
LINE
  5
C04
  8
0
 10
80.7391
 20
60.3237
 30
0.0
 11
80.776
 21
60.0756
 31
0.0
  0
LINE
  5
C05
  8
0
 10
80.776
 20
60.0756
 30
0.0
 11
80.7883
 21
59.825
 31
0.0
  0
LINE
  5
C06
  8
0
 10
80.7883
 20
59.825
 30
0.0
 11
80.776
 21
59.5744
 31
0.0
  0
LINE
  5
C07
  8
0
 10
80.776
 20
59.5744
 30
0.0
 11
80.7391
 21
59.3262
 31
0.0
  0
LINE
  5
C08
  8
0
 10
80.7391
 20
59.3262
 30
0.0
 11
80.6782
 21
59.0829
 31
0.0
  0
LINE
  5
C09
  8
0
 10
80.6782
 20
59.0829
 30
0.0
 11
80.5937
 21
58.8466
 31
0.0
  0
LINE
  5
C0A
  8
0
 10
80.5937
 20
58.8466
 30
0.0
 11
80.4864
 21
58.6198
 31
0.0
  0
LINE
  5
C0B
  8
0
 10
80.4864
 20
58.6198
 30
0.0
 11
80.3574
 21
58.4047
 31
0.0
  0
LINE
  5
C0C
  8
0
 10
80.3574
 20
58.4047
 30
0.0
 11
80.208
 21
58.2032
 31
0.0
  0
LINE
  5
C0D
  8
0
 10
80.208
 20
58.2032
 30
0.0
 11
80.0395
 21
58.0173
 31
0.0
  0
LINE
  5
C0E
  8
0
 10
80.0395
 20
58.0173
 30
0.0
 11
79.8536
 21
57.8488
 31
0.0
  0
LINE
  5
C0F
  8
0
 10
79.8536
 20
57.8488
 30
0.0
 11
79.6521
 21
57.6993
 31
0.0
  0
LINE
  5
C10
  8
0
 10
79.6521
 20
57.6993
 30
0.0
 11
79.4369
 21
57.5703
 31
0.0
  0
LINE
  5
C11
  8
0
 10
79.4369
 20
57.5703
 30
0.0
 11
79.2101
 21
57.4631
 31
0.0
  0
LINE
  5
C12
  8
0
 10
79.2101
 20
57.4631
 30
0.0
 11
78.9739
 21
57.3786
 31
0.0
  0
LINE
  5
C13
  8
0
 10
78.9739
 20
57.3786
 30
0.0
 11
78.7305
 21
57.3176
 31
0.0
  0
LINE
  5
C14
  8
0
 10
78.7305
 20
57.3176
 30
0.0
 11
78.4824
 21
57.2808
 31
0.0
  0
LINE
  5
C15
  8
0
 10
78.4824
 20
57.2808
 30
0.0
 11
78.2318
 21
57.2685
 31
0.0
  0
LINE
  5
C16
  8
0
 10
78.2318
 20
57.2685
 30
0.0
 11
77.9812
 21
57.2808
 31
0.0
  0
LINE
  5
C17
  8
0
 10
79.6779
 20
59.825
 30
0.0
 11
78.2318
 21
61.2711
 31
0.0
  0
LINE
  5
C18
  8
0
 10
78.2318
 20
61.2711
 30
0.0
 11
76.7856
 21
59.825
 31
0.0
  0
LINE
  5
C19
  8
0
 10
76.7856
 20
59.825
 30
0.0
 11
78.2318
 21
58.3788
 31
0.0
  0
LINE
  5
C1A
  8
0
 10
78.2318
 20
58.3788
 30
0.0
 11
79.6779
 21
59.825
 31
0.0
  0
LINE
  5
C1B
  8
0
 10
4.35399
 20
57.2808
 30
0.0
 11
4.10582
 21
57.3176
 31
0.0
  0
LINE
  5
C1C
  8
0
 10
4.10582
 20
57.3176
 30
0.0
 11
3.86246
 21
57.3786
 31
0.0
  0
LINE
  5
C1D
  8
0
 10
3.86246
 20
57.3786
 30
0.0
 11
3.62624
 21
57.4631
 31
0.0
  0
LINE
  5
C1E
  8
0
 10
3.62624
 20
57.4631
 30
0.0
 11
3.39943
 21
57.5703
 31
0.0
  0
LINE
  5
C1F
  8
0
 10
3.39943
 20
57.5703
 30
0.0
 11
3.18427
 21
57.6993
 31
0.0
  0
LINE
  5
C20
  8
0
 10
3.18427
 20
57.6993
 30
0.0
 11
2.98274
 21
57.8488
 31
0.0
  0
LINE
  5
C21
  8
0
 10
2.98274
 20
57.8488
 30
0.0
 11
2.79684
 21
58.0173
 31
0.0
  0
LINE
  5
C22
  8
0
 10
2.79684
 20
58.0173
 30
0.0
 11
2.62836
 21
58.2031
 31
0.0
  0
LINE
  5
C23
  8
0
 10
2.62836
 20
58.2031
 30
0.0
 11
2.47893
 21
58.4047
 31
0.0
  0
LINE
  5
C24
  8
0
 10
2.47893
 20
58.4047
 30
0.0
 11
2.34993
 21
58.6198
 31
0.0
  0
LINE
  5
C25
  8
0
 10
2.34993
 20
58.6198
 30
0.0
 11
2.24269
 21
58.8466
 31
0.0
  0
LINE
  5
C26
  8
0
 10
2.24269
 20
58.8466
 30
0.0
 11
2.15816
 21
59.0829
 31
0.0
  0
LINE
  5
C27
  8
0
 10
2.15816
 20
59.0829
 30
0.0
 11
2.0972
 21
59.3262
 31
0.0
  0
LINE
  5
C28
  8
0
 10
2.0972
 20
59.3262
 30
0.0
 11
2.06039
 21
59.5744
 31
0.0
  0
LINE
  5
C29
  8
0
 10
2.06039
 20
59.5744
 30
0.0
 11
2.04808
 21
59.825
 31
0.0
  0
LINE
  5
C2A
  8
0
 10
2.04808
 20
59.825
 30
0.0
 11
2.06039
 21
60.0756
 31
0.0
  0
LINE
  5
C2B
  8
0
 10
2.06039
 20
60.0756
 30
0.0
 11
2.0972
 21
60.3237
 31
0.0
  0
LINE
  5
C2C
  8
0
 10
2.0972
 20
60.3237
 30
0.0
 11
2.15816
 21
60.5671
 31
0.0
  0
LINE
  5
C2D
  8
0
 10
2.15816
 20
60.5671
 30
0.0
 11
2.24269
 21
60.8033
 31
0.0
  0
LINE
  5
C2E
  8
0
 10
2.24269
 20
60.8033
 30
0.0
 11
2.34993
 21
61.0301
 31
0.0
  0
LINE
  5
C2F
  8
0
 10
2.34993
 20
61.0301
 30
0.0
 11
2.47893
 21
61.2453
 31
0.0
  0
LINE
  5
C30
  8
0
 10
2.47893
 20
61.2453
 30
0.0
 11
2.62836
 21
61.4468
 31
0.0
  0
LINE
  5
C31
  8
0
 10
2.62836
 20
61.4468
 30
0.0
 11
2.79684
 21
61.6327
 31
0.0
  0
LINE
  5
C32
  8
0
 10
2.79684
 20
61.6327
 30
0.0
 11
2.98276
 21
61.8012
 31
0.0
  0
LINE
  5
C33
  8
0
 10
2.98276
 20
61.8012
 30
0.0
 11
3.18427
 21
61.9506
 31
0.0
  0
LINE
  5
C34
  8
0
 10
3.18427
 20
61.9506
 30
0.0
 11
3.39944
 21
62.0796
 31
0.0
  0
LINE
  5
C35
  8
0
 10
3.39944
 20
62.0796
 30
0.0
 11
3.62625
 21
62.1869
 31
0.0
  0
LINE
  5
C36
  8
0
 10
3.62625
 20
62.1869
 30
0.0
 11
3.86247
 21
62.2714
 31
0.0
  0
LINE
  5
C37
  8
0
 10
3.86247
 20
62.2714
 30
0.0
 11
4.10582
 21
62.3323
 31
0.0
  0
LINE
  5
C38
  8
0
 10
4.10582
 20
62.3323
 30
0.0
 11
4.354
 21
62.3692
 31
0.0
  0
LINE
  5
C39
  8
0
 10
4.354
 20
62.3692
 30
0.0
 11
4.60458
 21
62.3815
 31
0.0
  0
LINE
  5
C3A
  8
0
 10
4.60458
 20
62.3815
 30
0.0
 11
4.85518
 21
62.3692
 31
0.0
  0
LINE
  5
C3B
  8
0
 10
4.85518
 20
62.3692
 30
0.0
 11
5.10333
 21
62.3323
 31
0.0
  0
LINE
  5
C3C
  8
0
 10
5.10333
 20
62.3323
 30
0.0
 11
5.34669
 21
62.2714
 31
0.0
  0
LINE
  5
C3D
  8
0
 10
5.34669
 20
62.2714
 30
0.0
 11
5.58292
 21
62.1869
 31
0.0
  0
LINE
  5
C3E
  8
0
 10
5.58292
 20
62.1869
 30
0.0
 11
5.71222
 21
62.1257
 31
0.0
  0
LINE
  5
C3F
  8
0
 10
5.71222
 20
62.1257
 30
0.0
 11
6.53738
 21
62.9509
 31
0.0
  0
LINE
  5
C40
  8
0
 10
6.53738
 20
62.9509
 30
0.0
 11
7.73047
 21
61.7578
 31
0.0
  0
LINE
  5
C41
  8
0
 10
7.73047
 20
61.7578
 30
0.0
 11
6.9053
 21
60.9326
 31
0.0
  0
LINE
  5
C42
  8
0
 10
6.9053
 20
60.9326
 30
0.0
 11
6.96646
 21
60.8033
 31
0.0
  0
LINE
  5
C43
  8
0
 10
6.96646
 20
60.8033
 30
0.0
 11
7.05098
 21
60.5671
 31
0.0
  0
LINE
  5
C44
  8
0
 10
7.05098
 20
60.5671
 30
0.0
 11
7.11194
 21
60.3237
 31
0.0
  0
LINE
  5
C45
  8
0
 10
7.11194
 20
60.3237
 30
0.0
 11
7.14876
 21
60.0756
 31
0.0
  0
LINE
  5
C46
  8
0
 10
7.14876
 20
60.0756
 30
0.0
 11
7.16106
 21
59.825
 31
0.0
  0
LINE
  5
C47
  8
0
 10
7.16106
 20
59.825
 30
0.0
 11
7.14877
 21
59.5744
 31
0.0
  0
LINE
  5
C48
  8
0
 10
7.14877
 20
59.5744
 30
0.0
 11
7.11192
 21
59.3262
 31
0.0
  0
LINE
  5
C49
  8
0
 10
7.11192
 20
59.3262
 30
0.0
 11
7.05098
 21
59.0829
 31
0.0
  0
LINE
  5
C4A
  8
0
 10
7.05098
 20
59.0829
 30
0.0
 11
6.96646
 21
58.8466
 31
0.0
  0
LINE
  5
C4B
  8
0
 10
6.96646
 20
58.8466
 30
0.0
 11
6.85919
 21
58.6198
 31
0.0
  0
LINE
  5
C4C
  8
0
 10
6.85919
 20
58.6198
 30
0.0
 11
6.73021
 21
58.4047
 31
0.0
  0
LINE
  5
C4D
  8
0
 10
6.73021
 20
58.4047
 30
0.0
 11
6.58078
 21
58.2032
 31
0.0
  0
LINE
  5
C4E
  8
0
 10
6.58078
 20
58.2032
 30
0.0
 11
6.41229
 21
58.0173
 31
0.0
  0
LINE
  5
C4F
  8
0
 10
6.41229
 20
58.0173
 30
0.0
 11
6.22639
 21
57.8488
 31
0.0
  0
LINE
  5
C50
  8
0
 10
6.22639
 20
57.8488
 30
0.0
 11
6.02487
 21
57.6993
 31
0.0
  0
LINE
  5
C51
  8
0
 10
6.02487
 20
57.6993
 30
0.0
 11
5.80969
 21
57.5703
 31
0.0
  0
LINE
  5
C52
  8
0
 10
5.80969
 20
57.5703
 30
0.0
 11
5.5829
 21
57.4631
 31
0.0
  0
LINE
  5
C53
  8
0
 10
5.5829
 20
57.4631
 30
0.0
 11
5.34668
 21
57.3786
 31
0.0
  0
LINE
  5
C54
  8
0
 10
5.34668
 20
57.3786
 30
0.0
 11
5.1033
 21
57.3176
 31
0.0
  0
LINE
  5
C55
  8
0
 10
5.1033
 20
57.3176
 30
0.0
 11
4.85516
 21
57.2808
 31
0.0
  0
LINE
  5
C56
  8
0
 10
4.85516
 20
57.2808
 30
0.0
 11
4.60457
 21
57.2685
 31
0.0
  0
LINE
  5
C57
  8
0
 10
4.60457
 20
57.2685
 30
0.0
 11
4.35399
 21
57.2808
 31
0.0
  0
LINE
  5
C58
  8
0
 10
6.05074
 20
59.825
 30
0.0
 11
4.60457
 21
61.2711
 31
0.0
  0
LINE
  5
C59
  8
0
 10
4.60457
 20
61.2711
 30
0.0
 11
3.15839
 21
59.825
 31
0.0
  0
LINE
  5
C5A
  8
0
 10
3.15839
 20
59.825
 30
0.0
 11
4.60457
 21
58.3788
 31
0.0
  0
LINE
  5
C5B
  8
0
 10
4.60457
 20
58.3788
 30
0.0
 11
6.05074
 21
59.825
 31
0.0
  0
LINE
  5
C5C
  8
0
 10
41.1676
 20
57.2808
 30
0.0
 11
40.9194
 21
57.3176
 31
0.0
  0
LINE
  5
C5D
  8
0
 10
40.9194
 20
57.3176
 30
0.0
 11
40.6761
 21
57.3786
 31
0.0
  0
LINE
  5
C5E
  8
0
 10
40.6761
 20
57.3786
 30
0.0
 11
40.4398
 21
57.4631
 31
0.0
  0
LINE
  5
C5F
  8
0
 10
40.4398
 20
57.4631
 30
0.0
 11
40.213
 21
57.5703
 31
0.0
  0
LINE
  5
C60
  8
0
 10
40.213
 20
57.5703
 30
0.0
 11
39.9979
 21
57.6993
 31
0.0
  0
LINE
  5
C61
  8
0
 10
39.9979
 20
57.6993
 30
0.0
 11
39.7963
 21
57.8488
 31
0.0
  0
LINE
  5
C62
  8
0
 10
39.7963
 20
57.8488
 30
0.0
 11
39.6105
 21
58.0173
 31
0.0
  0
LINE
  5
C63
  8
0
 10
39.6105
 20
58.0173
 30
0.0
 11
39.442
 21
58.2031
 31
0.0
  0
LINE
  5
C64
  8
0
 10
39.442
 20
58.2031
 30
0.0
 11
39.2925
 21
58.4047
 31
0.0
  0
LINE
  5
C65
  8
0
 10
39.2925
 20
58.4047
 30
0.0
 11
39.1635
 21
58.6198
 31
0.0
  0
LINE
  5
C66
  8
0
 10
39.1635
 20
58.6198
 30
0.0
 11
39.0563
 21
58.8466
 31
0.0
  0
LINE
  5
C67
  8
0
 10
39.0563
 20
58.8466
 30
0.0
 11
38.9718
 21
59.0829
 31
0.0
  0
LINE
  5
C68
  8
0
 10
38.9718
 20
59.0829
 30
0.0
 11
38.9108
 21
59.3262
 31
0.0
  0
LINE
  5
C69
  8
0
 10
38.9108
 20
59.3262
 30
0.0
 11
38.874
 21
59.5744
 31
0.0
  0
LINE
  5
C6A
  8
0
 10
38.874
 20
59.5744
 30
0.0
 11
38.8617
 21
59.825
 31
0.0
  0
LINE
  5
C6B
  8
0
 10
38.8617
 20
59.825
 30
0.0
 11
38.874
 21
60.0756
 31
0.0
  0
LINE
  5
C6C
  8
0
 10
38.874
 20
60.0756
 30
0.0
 11
38.9108
 21
60.3237
 31
0.0
  0
LINE
  5
C6D
  8
0
 10
38.9108
 20
60.3237
 30
0.0
 11
38.9718
 21
60.5671
 31
0.0
  0
LINE
  5
C6E
  8
0
 10
38.9718
 20
60.5671
 30
0.0
 11
39.0563
 21
60.8033
 31
0.0
  0
LINE
  5
C6F
  8
0
 10
39.0563
 20
60.8033
 30
0.0
 11
39.1635
 21
61.0301
 31
0.0
  0
LINE
  5
C70
  8
0
 10
39.1635
 20
61.0301
 30
0.0
 11
39.2925
 21
61.2453
 31
0.0
  0
LINE
  5
C71
  8
0
 10
39.2925
 20
61.2453
 30
0.0
 11
39.442
 21
61.4468
 31
0.0
  0
LINE
  5
C72
  8
0
 10
39.442
 20
61.4468
 30
0.0
 11
39.6105
 21
61.6327
 31
0.0
  0
LINE
  5
C73
  8
0
 10
39.6105
 20
61.6327
 30
0.0
 11
39.7964
 21
61.8012
 31
0.0
  0
LINE
  5
C74
  8
0
 10
39.7964
 20
61.8012
 30
0.0
 11
39.9979
 21
61.9506
 31
0.0
  0
LINE
  5
C75
  8
0
 10
39.9979
 20
61.9506
 30
0.0
 11
40.213
 21
62.0796
 31
0.0
  0
LINE
  5
C76
  8
0
 10
40.213
 20
62.0796
 30
0.0
 11
40.4398
 21
62.1869
 31
0.0
  0
LINE
  5
C77
  8
0
 10
40.4398
 20
62.1869
 30
0.0
 11
40.6761
 21
62.2714
 31
0.0
  0
LINE
  5
C78
  8
0
 10
40.6761
 20
62.2714
 30
0.0
 11
40.9194
 21
62.3323
 31
0.0
  0
LINE
  5
C79
  8
0
 10
40.9194
 20
62.3323
 30
0.0
 11
41.1676
 21
62.3692
 31
0.0
  0
LINE
  5
C7A
  8
0
 10
41.1676
 20
62.3692
 30
0.0
 11
41.4182
 21
62.3815
 31
0.0
  0
LINE
  5
C7B
  8
0
 10
41.4182
 20
62.3815
 30
0.0
 11
41.6688
 21
62.3692
 31
0.0
  0
LINE
  5
C7C
  8
0
 10
41.6688
 20
62.3692
 30
0.0
 11
41.9169
 21
62.3323
 31
0.0
  0
LINE
  5
C7D
  8
0
 10
41.9169
 20
62.3323
 30
0.0
 11
42.1603
 21
62.2714
 31
0.0
  0
LINE
  5
C7E
  8
0
 10
42.1603
 20
62.2714
 30
0.0
 11
42.3965
 21
62.1869
 31
0.0
  0
LINE
  5
C7F
  8
0
 10
42.3965
 20
62.1869
 30
0.0
 11
42.5258
 21
62.1257
 31
0.0
  0
LINE
  5
C80
  8
0
 10
42.5258
 20
62.1257
 30
0.0
 11
43.351
 21
62.9509
 31
0.0
  0
LINE
  5
C81
  8
0
 10
43.351
 20
62.9509
 30
0.0
 11
44.5441
 21
61.7578
 31
0.0
  0
LINE
  5
C82
  8
0
 10
44.5441
 20
61.7578
 30
0.0
 11
43.7189
 21
60.9326
 31
0.0
  0
LINE
  5
C83
  8
0
 10
43.7189
 20
60.9326
 30
0.0
 11
43.7801
 21
60.8033
 31
0.0
  0
LINE
  5
C84
  8
0
 10
43.7801
 20
60.8033
 30
0.0
 11
43.8646
 21
60.5671
 31
0.0
  0
LINE
  5
C85
  8
0
 10
43.8646
 20
60.5671
 30
0.0
 11
43.9255
 21
60.3237
 31
0.0
  0
LINE
  5
C86
  8
0
 10
43.9255
 20
60.3237
 30
0.0
 11
43.9624
 21
60.0756
 31
0.0
  0
LINE
  5
C87
  8
0
 10
43.9624
 20
60.0756
 30
0.0
 11
43.9747
 21
59.825
 31
0.0
  0
LINE
  5
C88
  8
0
 10
43.9747
 20
59.825
 30
0.0
 11
43.9624
 21
59.5744
 31
0.0
  0
LINE
  5
C89
  8
0
 10
43.9624
 20
59.5744
 30
0.0
 11
43.9255
 21
59.3262
 31
0.0
  0
LINE
  5
C8A
  8
0
 10
43.9255
 20
59.3262
 30
0.0
 11
43.8646
 21
59.0829
 31
0.0
  0
LINE
  5
C8B
  8
0
 10
43.8646
 20
59.0829
 30
0.0
 11
43.7801
 21
58.8466
 31
0.0
  0
LINE
  5
C8C
  8
0
 10
43.7801
 20
58.8466
 30
0.0
 11
43.6728
 21
58.6198
 31
0.0
  0
LINE
  5
C8D
  8
0
 10
43.6728
 20
58.6198
 30
0.0
 11
43.5438
 21
58.4047
 31
0.0
  0
LINE
  5
C8E
  8
0
 10
43.5438
 20
58.4047
 30
0.0
 11
43.3944
 21
58.2032
 31
0.0
  0
LINE
  5
C8F
  8
0
 10
43.3944
 20
58.2032
 30
0.0
 11
43.2259
 21
58.0173
 31
0.0
  0
LINE
  5
C90
  8
0
 10
43.2259
 20
58.0173
 30
0.0
 11
43.04
 21
57.8488
 31
0.0
  0
LINE
  5
C91
  8
0
 10
43.04
 20
57.8488
 30
0.0
 11
42.8385
 21
57.6993
 31
0.0
  0
LINE
  5
C92
  8
0
 10
42.8385
 20
57.6993
 30
0.0
 11
42.6233
 21
57.5703
 31
0.0
  0
LINE
  5
C93
  8
0
 10
42.6233
 20
57.5703
 30
0.0
 11
42.3965
 21
57.4631
 31
0.0
  0
LINE
  5
C94
  8
0
 10
42.3965
 20
57.4631
 30
0.0
 11
42.1603
 21
57.3786
 31
0.0
  0
LINE
  5
C95
  8
0
 10
42.1603
 20
57.3786
 30
0.0
 11
41.9169
 21
57.3176
 31
0.0
  0
LINE
  5
C96
  8
0
 10
41.9169
 20
57.3176
 30
0.0
 11
41.6688
 21
57.2808
 31
0.0
  0
LINE
  5
C97
  8
0
 10
41.6688
 20
57.2808
 30
0.0
 11
41.4182
 21
57.2685
 31
0.0
  0
LINE
  5
C98
  8
0
 10
41.4182
 20
57.2685
 30
0.0
 11
41.1676
 21
57.2808
 31
0.0
  0
LINE
  5
C99
  8
0
 10
42.8643
 20
59.825
 30
0.0
 11
41.4182
 21
61.2711
 31
0.0
  0
LINE
  5
C9A
  8
0
 10
41.4182
 20
61.2711
 30
0.0
 11
39.972
 21
59.825
 31
0.0
  0
LINE
  5
C9B
  8
0
 10
39.972
 20
59.825
 30
0.0
 11
41.4182
 21
58.3788
 31
0.0
  0
LINE
  5
C9C
  8
0
 10
41.4182
 20
58.3788
 30
0.0
 11
42.8643
 21
59.825
 31
0.0
  0
LINE
  5
C9D
  8
0
 10
60.9326
 20
48.3151
 30
0.0
 11
60.8033
 21
48.2539
 31
0.0
  0
LINE
  5
C9E
  8
0
 10
60.8033
 20
48.2539
 30
0.0
 11
60.5671
 21
48.1694
 31
0.0
  0
LINE
  5
C9F
  8
0
 10
60.5671
 20
48.1694
 30
0.0
 11
60.3237
 21
48.1084
 31
0.0
  0
LINE
  5
CA0
  8
0
 10
60.3237
 20
48.1084
 30
0.0
 11
60.0756
 21
48.0716
 31
0.0
  0
LINE
  5
CA1
  8
0
 10
60.0756
 20
48.0716
 30
0.0
 11
59.825
 21
48.0593
 31
0.0
  0
LINE
  5
CA2
  8
0
 10
59.825
 20
48.0593
 30
0.0
 11
59.5744
 21
48.0716
 31
0.0
  0
LINE
  5
CA3
  8
0
 10
59.5744
 20
48.0716
 30
0.0
 11
59.3262
 21
48.1085
 31
0.0
  0
LINE
  5
CA4
  8
0
 10
59.3262
 20
48.1085
 30
0.0
 11
59.0829
 21
48.1694
 31
0.0
  0
LINE
  5
CA5
  8
0
 10
59.0829
 20
48.1694
 30
0.0
 11
58.8466
 21
48.2539
 31
0.0
  0
LINE
  5
CA6
  8
0
 10
58.8466
 20
48.2539
 30
0.0
 11
58.6198
 21
48.3612
 31
0.0
  0
LINE
  5
CA7
  8
0
 10
58.6198
 20
48.3612
 30
0.0
 11
58.4047
 21
48.4902
 31
0.0
  0
LINE
  5
CA8
  8
0
 10
58.4047
 20
48.4902
 30
0.0
 11
58.2032
 21
48.6396
 31
0.0
  0
LINE
  5
CA9
  8
0
 10
58.2032
 20
48.6396
 30
0.0
 11
58.0173
 21
48.8081
 31
0.0
  0
LINE
  5
CAA
  8
0
 10
58.0173
 20
48.8081
 30
0.0
 11
57.8488
 21
48.994
 31
0.0
  0
LINE
  5
CAB
  8
0
 10
57.8488
 20
48.994
 30
0.0
 11
57.6993
 21
49.1955
 31
0.0
  0
LINE
  5
CAC
  8
0
 10
57.6993
 20
49.1955
 30
0.0
 11
57.5703
 21
49.4107
 31
0.0
  0
LINE
  5
CAD
  8
0
 10
57.5703
 20
49.4107
 30
0.0
 11
57.4631
 21
49.6375
 31
0.0
  0
LINE
  5
CAE
  8
0
 10
57.4631
 20
49.6375
 30
0.0
 11
57.3786
 21
49.8737
 31
0.0
  0
LINE
  5
CAF
  8
0
 10
57.3786
 20
49.8737
 30
0.0
 11
57.3176
 21
50.1171
 31
0.0
  0
LINE
  5
CB0
  8
0
 10
57.3176
 20
50.1171
 30
0.0
 11
57.2808
 21
50.3652
 31
0.0
  0
LINE
  5
CB1
  8
0
 10
57.2808
 20
50.3652
 30
0.0
 11
57.2685
 21
50.6158
 31
0.0
  0
LINE
  5
CB2
  8
0
 10
57.2685
 20
50.6158
 30
0.0
 11
57.2808
 21
50.8664
 31
0.0
  0
LINE
  5
CB3
  8
0
 10
57.2808
 20
50.8664
 30
0.0
 11
57.3176
 21
51.1146
 31
0.0
  0
LINE
  5
CB4
  8
0
 10
57.3176
 20
51.1146
 30
0.0
 11
57.3786
 21
51.3579
 31
0.0
  0
LINE
  5
CB5
  8
0
 10
57.3786
 20
51.3579
 30
0.0
 11
57.4631
 21
51.5941
 31
0.0
  0
LINE
  5
CB6
  8
0
 10
57.4631
 20
51.5941
 30
0.0
 11
57.5703
 21
51.821
 31
0.0
  0
LINE
  5
CB7
  8
0
 10
57.5703
 20
51.821
 30
0.0
 11
57.6993
 21
52.0361
 31
0.0
  0
LINE
  5
CB8
  8
0
 10
57.6993
 20
52.0361
 30
0.0
 11
57.8488
 21
52.2376
 31
0.0
  0
LINE
  5
CB9
  8
0
 10
57.8488
 20
52.2376
 30
0.0
 11
58.0173
 21
52.4235
 31
0.0
  0
LINE
  5
CBA
  8
0
 10
58.0173
 20
52.4235
 30
0.0
 11
58.2031
 21
52.592
 31
0.0
  0
LINE
  5
CBB
  8
0
 10
58.2031
 20
52.592
 30
0.0
 11
58.4047
 21
52.7415
 31
0.0
  0
LINE
  5
CBC
  8
0
 10
58.4047
 20
52.7415
 30
0.0
 11
58.6198
 21
52.8705
 31
0.0
  0
LINE
  5
CBD
  8
0
 10
58.6198
 20
52.8705
 30
0.0
 11
58.8466
 21
52.9777
 31
0.0
  0
LINE
  5
CBE
  8
0
 10
58.8466
 20
52.9777
 30
0.0
 11
59.0829
 21
53.0622
 31
0.0
  0
LINE
  5
CBF
  8
0
 10
59.0829
 20
53.0622
 30
0.0
 11
59.3262
 21
53.1232
 31
0.0
  0
LINE
  5
CC0
  8
0
 10
59.3262
 20
53.1232
 30
0.0
 11
59.5744
 21
53.16
 31
0.0
  0
LINE
  5
CC1
  8
0
 10
59.5744
 20
53.16
 30
0.0
 11
59.825
 21
53.1723
 31
0.0
  0
LINE
  5
CC2
  8
0
 10
59.825
 20
53.1723
 30
0.0
 11
60.0756
 21
53.16
 31
0.0
  0
LINE
  5
CC3
  8
0
 10
60.0756
 20
53.16
 30
0.0
 11
60.3237
 21
53.1232
 31
0.0
  0
LINE
  5
CC4
  8
0
 10
60.3237
 20
53.1232
 30
0.0
 11
60.5671
 21
53.0622
 31
0.0
  0
LINE
  5
CC5
  8
0
 10
60.5671
 20
53.0622
 30
0.0
 11
60.8033
 21
52.9777
 31
0.0
  0
LINE
  5
CC6
  8
0
 10
60.8033
 20
52.9777
 30
0.0
 11
61.0301
 21
52.8705
 31
0.0
  0
LINE
  5
CC7
  8
0
 10
61.0301
 20
52.8705
 30
0.0
 11
61.2453
 21
52.7415
 31
0.0
  0
LINE
  5
CC8
  8
0
 10
61.2453
 20
52.7415
 30
0.0
 11
61.4468
 21
52.592
 31
0.0
  0
LINE
  5
CC9
  8
0
 10
61.4468
 20
52.592
 30
0.0
 11
61.6327
 21
52.4235
 31
0.0
  0
LINE
  5
CCA
  8
0
 10
61.6327
 20
52.4235
 30
0.0
 11
61.8012
 21
52.2376
 31
0.0
  0
LINE
  5
CCB
  8
0
 10
61.8012
 20
52.2376
 30
0.0
 11
61.9506
 21
52.0361
 31
0.0
  0
LINE
  5
CCC
  8
0
 10
61.9506
 20
52.0361
 30
0.0
 11
62.0796
 21
51.8209
 31
0.0
  0
LINE
  5
CCD
  8
0
 10
62.0796
 20
51.8209
 30
0.0
 11
62.1869
 21
51.5941
 31
0.0
  0
LINE
  5
CCE
  8
0
 10
62.1869
 20
51.5941
 30
0.0
 11
62.2714
 21
51.3579
 31
0.0
  0
LINE
  5
CCF
  8
0
 10
62.2714
 20
51.3579
 30
0.0
 11
62.3323
 21
51.1146
 31
0.0
  0
LINE
  5
CD0
  8
0
 10
62.3323
 20
51.1146
 30
0.0
 11
62.3692
 21
50.8664
 31
0.0
  0
LINE
  5
CD1
  8
0
 10
62.3692
 20
50.8664
 30
0.0
 11
62.3815
 21
50.6158
 31
0.0
  0
LINE
  5
CD2
  8
0
 10
62.3815
 20
50.6158
 30
0.0
 11
62.3692
 21
50.3652
 31
0.0
  0
LINE
  5
CD3
  8
0
 10
62.3692
 20
50.3652
 30
0.0
 11
62.3323
 21
50.1171
 31
0.0
  0
LINE
  5
CD4
  8
0
 10
62.3323
 20
50.1171
 30
0.0
 11
62.2714
 21
49.8737
 31
0.0
  0
LINE
  5
CD5
  8
0
 10
62.2714
 20
49.8737
 30
0.0
 11
62.1869
 21
49.6375
 31
0.0
  0
LINE
  5
CD6
  8
0
 10
62.1869
 20
49.6375
 30
0.0
 11
62.1257
 21
49.5082
 31
0.0
  0
LINE
  5
CD7
  8
0
 10
62.1257
 20
49.5082
 30
0.0
 11
62.9509
 21
48.683
 31
0.0
  0
LINE
  5
CD8
  8
0
 10
62.9509
 20
48.683
 30
0.0
 11
61.7578
 21
47.4899
 31
0.0
  0
LINE
  5
CD9
  8
0
 10
61.7578
 20
47.4899
 30
0.0
 11
60.9326
 21
48.3151
 31
0.0
  0
LINE
  5
CDA
  8
0
 10
61.2711
 20
50.6158
 30
0.0
 11
59.825
 21
52.062
 31
0.0
  0
LINE
  5
CDB
  8
0
 10
59.825
 20
52.062
 30
0.0
 11
58.3788
 21
50.6158
 31
0.0
  0
LINE
  5
CDC
  8
0
 10
58.3788
 20
50.6158
 30
0.0
 11
59.825
 21
49.1696
 31
0.0
  0
LINE
  5
CDD
  8
0
 10
59.825
 20
49.1696
 30
0.0
 11
61.2711
 21
50.6158
 31
0.0
  0
LINE
  5
CDE
  8
0
 10
10.6763
 20
48.683
 30
0.0
 11
11.5015
 21
49.5082
 31
0.0
  0
LINE
  5
CDF
  8
0
 10
11.5015
 20
49.5082
 30
0.0
 11
11.4403
 21
49.6375
 31
0.0
  0
LINE
  5
CE0
  8
0
 10
11.4403
 20
49.6375
 30
0.0
 11
11.3558
 21
49.8737
 31
0.0
  0
LINE
  5
CE1
  8
0
 10
11.3558
 20
49.8737
 30
0.0
 11
11.2948
 21
50.1171
 31
0.0
  0
LINE
  5
CE2
  8
0
 10
11.2948
 20
50.1171
 30
0.0
 11
11.258
 21
50.3652
 31
0.0
  0
LINE
  5
CE3
  8
0
 10
11.258
 20
50.3652
 30
0.0
 11
11.2457
 21
50.6158
 31
0.0
  0
LINE
  5
CE4
  8
0
 10
11.2457
 20
50.6158
 30
0.0
 11
11.258
 21
50.8664
 31
0.0
  0
LINE
  5
CE5
  8
0
 10
11.258
 20
50.8664
 30
0.0
 11
11.2949
 21
51.1146
 31
0.0
  0
LINE
  5
CE6
  8
0
 10
11.2949
 20
51.1146
 30
0.0
 11
11.3558
 21
51.3579
 31
0.0
  0
LINE
  5
CE7
  8
0
 10
11.3558
 20
51.3579
 30
0.0
 11
11.4403
 21
51.5941
 31
0.0
  0
LINE
  5
CE8
  8
0
 10
11.4403
 20
51.5941
 30
0.0
 11
11.5476
 21
51.8209
 31
0.0
  0
LINE
  5
CE9
  8
0
 10
11.5476
 20
51.8209
 30
0.0
 11
11.6766
 21
52.0361
 31
0.0
  0
LINE
  5
CEA
  8
0
 10
11.6766
 20
52.0361
 30
0.0
 11
11.826
 21
52.2376
 31
0.0
  0
LINE
  5
CEB
  8
0
 10
11.826
 20
52.2376
 30
0.0
 11
11.9945
 21
52.4235
 31
0.0
  0
LINE
  5
CEC
  8
0
 10
11.9945
 20
52.4235
 30
0.0
 11
12.1804
 21
52.592
 31
0.0
  0
LINE
  5
CED
  8
0
 10
12.1804
 20
52.592
 30
0.0
 11
12.3819
 21
52.7415
 31
0.0
  0
LINE
  5
CEE
  8
0
 10
12.3819
 20
52.7415
 30
0.0
 11
12.5971
 21
52.8705
 31
0.0
  0
LINE
  5
CEF
  8
0
 10
12.5971
 20
52.8705
 30
0.0
 11
12.8239
 21
52.9777
 31
0.0
  0
LINE
  5
CF0
  8
0
 10
12.8239
 20
52.9777
 30
0.0
 11
13.0601
 21
53.0622
 31
0.0
  0
LINE
  5
CF1
  8
0
 10
13.0601
 20
53.0622
 30
0.0
 11
13.3035
 21
53.1232
 31
0.0
  0
LINE
  5
CF2
  8
0
 10
13.3035
 20
53.1232
 30
0.0
 11
13.5516
 21
53.16
 31
0.0
  0
LINE
  5
CF3
  8
0
 10
13.5516
 20
53.16
 30
0.0
 11
13.8022
 21
53.1723
 31
0.0
  0
LINE
  5
CF4
  8
0
 10
13.8022
 20
53.1723
 30
0.0
 11
14.0528
 21
53.16
 31
0.0
  0
LINE
  5
CF5
  8
0
 10
14.0528
 20
53.16
 30
0.0
 11
14.301
 21
53.1232
 31
0.0
  0
LINE
  5
CF6
  8
0
 10
14.301
 20
53.1232
 30
0.0
 11
14.5443
 21
53.0622
 31
0.0
  0
LINE
  5
CF7
  8
0
 10
14.5443
 20
53.0622
 30
0.0
 11
14.7805
 21
52.9777
 31
0.0
  0
LINE
  5
CF8
  8
0
 10
14.7805
 20
52.9777
 30
0.0
 11
15.0074
 21
52.8705
 31
0.0
  0
LINE
  5
CF9
  8
0
 10
15.0074
 20
52.8705
 30
0.0
 11
15.2225
 21
52.7415
 31
0.0
  0
LINE
  5
CFA
  8
0
 10
15.2225
 20
52.7415
 30
0.0
 11
15.424
 21
52.592
 31
0.0
  0
LINE
  5
CFB
  8
0
 10
15.424
 20
52.592
 30
0.0
 11
15.6099
 21
52.4235
 31
0.0
  0
LINE
  5
CFC
  8
0
 10
15.6099
 20
52.4235
 30
0.0
 11
15.7784
 21
52.2376
 31
0.0
  0
LINE
  5
CFD
  8
0
 10
15.7784
 20
52.2376
 30
0.0
 11
15.9279
 21
52.0361
 31
0.0
  0
LINE
  5
CFE
  8
0
 10
15.9279
 20
52.0361
 30
0.0
 11
16.0569
 21
51.821
 31
0.0
  0
LINE
  5
CFF
  8
0
 10
16.0569
 20
51.821
 30
0.0
 11
16.1641
 21
51.5941
 31
0.0
  0
LINE
  5
D00
  8
0
 10
16.1641
 20
51.5941
 30
0.0
 11
16.2486
 21
51.3579
 31
0.0
  0
LINE
  5
D01
  8
0
 10
16.2486
 20
51.3579
 30
0.0
 11
16.3096
 21
51.1146
 31
0.0
  0
LINE
  5
D02
  8
0
 10
16.3096
 20
51.1146
 30
0.0
 11
16.3464
 21
50.8664
 31
0.0
  0
LINE
  5
D03
  8
0
 10
16.3464
 20
50.8664
 30
0.0
 11
16.3587
 21
50.6158
 31
0.0
  0
LINE
  5
D04
  8
0
 10
16.3587
 20
50.6158
 30
0.0
 11
16.3464
 21
50.3652
 31
0.0
  0
LINE
  5
D05
  8
0
 10
16.3464
 20
50.3652
 30
0.0
 11
16.3096
 21
50.1171
 31
0.0
  0
LINE
  5
D06
  8
0
 10
16.3096
 20
50.1171
 30
0.0
 11
16.2486
 21
49.8737
 31
0.0
  0
LINE
  5
D07
  8
0
 10
16.2486
 20
49.8737
 30
0.0
 11
16.1641
 21
49.6375
 31
0.0
  0
LINE
  5
D08
  8
0
 10
16.1641
 20
49.6375
 30
0.0
 11
16.0569
 21
49.4107
 31
0.0
  0
LINE
  5
D09
  8
0
 10
16.0569
 20
49.4107
 30
0.0
 11
15.9279
 21
49.1955
 31
0.0
  0
LINE
  5
D0A
  8
0
 10
15.9279
 20
49.1955
 30
0.0
 11
15.7784
 21
48.994
 31
0.0
  0
LINE
  5
D0B
  8
0
 10
15.7784
 20
48.994
 30
0.0
 11
15.6099
 21
48.8081
 31
0.0
  0
LINE
  5
D0C
  8
0
 10
15.6099
 20
48.8081
 30
0.0
 11
15.424
 21
48.6396
 31
0.0
  0
LINE
  5
D0D
  8
0
 10
15.424
 20
48.6396
 30
0.0
 11
15.2225
 21
48.4902
 31
0.0
  0
LINE
  5
D0E
  8
0
 10
15.2225
 20
48.4902
 30
0.0
 11
15.0073
 21
48.3612
 31
0.0
  0
LINE
  5
D0F
  8
0
 10
15.0073
 20
48.3612
 30
0.0
 11
14.7805
 21
48.2539
 31
0.0
  0
LINE
  5
D10
  8
0
 10
14.7805
 20
48.2539
 30
0.0
 11
14.5443
 21
48.1694
 31
0.0
  0
LINE
  5
D11
  8
0
 10
14.5443
 20
48.1694
 30
0.0
 11
14.301
 21
48.1085
 31
0.0
  0
LINE
  5
D12
  8
0
 10
14.301
 20
48.1085
 30
0.0
 11
14.0528
 21
48.0716
 31
0.0
  0
LINE
  5
D13
  8
0
 10
14.0528
 20
48.0716
 30
0.0
 11
13.8022
 21
48.0593
 31
0.0
  0
LINE
  5
D14
  8
0
 10
13.8022
 20
48.0593
 30
0.0
 11
13.5516
 21
48.0716
 31
0.0
  0
LINE
  5
D15
  8
0
 10
13.5516
 20
48.0716
 30
0.0
 11
13.3035
 21
48.1084
 31
0.0
  0
LINE
  5
D16
  8
0
 10
13.3035
 20
48.1084
 30
0.0
 11
13.0601
 21
48.1694
 31
0.0
  0
LINE
  5
D17
  8
0
 10
13.0601
 20
48.1694
 30
0.0
 11
12.8239
 21
48.2539
 31
0.0
  0
LINE
  5
D18
  8
0
 10
12.8239
 20
48.2539
 30
0.0
 11
12.6946
 21
48.3151
 31
0.0
  0
LINE
  5
D19
  8
0
 10
12.6946
 20
48.3151
 30
0.0
 11
11.8694
 21
47.4899
 31
0.0
  0
LINE
  5
D1A
  8
0
 10
11.8694
 20
47.4899
 30
0.0
 11
10.6763
 21
48.683
 31
0.0
  0
LINE
  5
D1B
  8
0
 10
15.2484
 20
50.6158
 30
0.0
 11
13.8022
 21
52.062
 31
0.0
  0
LINE
  5
D1C
  8
0
 10
13.8022
 20
52.062
 30
0.0
 11
12.356
 21
50.6158
 31
0.0
  0
LINE
  5
D1D
  8
0
 10
12.356
 20
50.6158
 30
0.0
 11
13.8022
 21
49.1696
 31
0.0
  0
LINE
  5
D1E
  8
0
 10
13.8022
 20
49.1696
 30
0.0
 11
15.2484
 21
50.6158
 31
0.0
  0
LINE
  5
D1F
  8
0
 10
24.119
 20
48.3151
 30
0.0
 11
23.9897
 21
48.2539
 31
0.0
  0
LINE
  5
D20
  8
0
 10
23.9897
 20
48.2539
 30
0.0
 11
23.7535
 21
48.1694
 31
0.0
  0
LINE
  5
D21
  8
0
 10
23.7535
 20
48.1694
 30
0.0
 11
23.5101
 21
48.1084
 31
0.0
  0
LINE
  5
D22
  8
0
 10
23.5101
 20
48.1084
 30
0.0
 11
23.262
 21
48.0716
 31
0.0
  0
LINE
  5
D23
  8
0
 10
23.262
 20
48.0716
 30
0.0
 11
23.0114
 21
48.0593
 31
0.0
  0
LINE
  5
D24
  8
0
 10
23.0114
 20
48.0593
 30
0.0
 11
22.7608
 21
48.0716
 31
0.0
  0
LINE
  5
D25
  8
0
 10
22.7608
 20
48.0716
 30
0.0
 11
22.5126
 21
48.1085
 31
0.0
  0
LINE
  5
D26
  8
0
 10
22.5126
 20
48.1085
 30
0.0
 11
22.2693
 21
48.1694
 31
0.0
  0
LINE
  5
D27
  8
0
 10
22.2693
 20
48.1694
 30
0.0
 11
22.0331
 21
48.2539
 31
0.0
  0
LINE
  5
D28
  8
0
 10
22.0331
 20
48.2539
 30
0.0
 11
21.8062
 21
48.3612
 31
0.0
  0
LINE
  5
D29
  8
0
 10
21.8062
 20
48.3612
 30
0.0
 11
21.5911
 21
48.4902
 31
0.0
  0
LINE
  5
D2A
  8
0
 10
21.5911
 20
48.4902
 30
0.0
 11
21.3896
 21
48.6396
 31
0.0
  0
LINE
  5
D2B
  8
0
 10
21.3896
 20
48.6396
 30
0.0
 11
21.2036
 21
48.8081
 31
0.0
  0
LINE
  5
D2C
  8
0
 10
21.2036
 20
48.8081
 30
0.0
 11
21.0352
 21
48.994
 31
0.0
  0
LINE
  5
D2D
  8
0
 10
21.0352
 20
48.994
 30
0.0
 11
20.8857
 21
49.1955
 31
0.0
  0
LINE
  5
D2E
  8
0
 10
20.8857
 20
49.1955
 30
0.0
 11
20.7567
 21
49.4107
 31
0.0
  0
LINE
  5
D2F
  8
0
 10
20.7567
 20
49.4107
 30
0.0
 11
20.6495
 21
49.6375
 31
0.0
  0
LINE
  5
D30
  8
0
 10
20.6495
 20
49.6375
 30
0.0
 11
20.565
 21
49.8737
 31
0.0
  0
LINE
  5
D31
  8
0
 10
20.565
 20
49.8737
 30
0.0
 11
20.504
 21
50.1171
 31
0.0
  0
LINE
  5
D32
  8
0
 10
20.504
 20
50.1171
 30
0.0
 11
20.4672
 21
50.3652
 31
0.0
  0
LINE
  5
D33
  8
0
 10
20.4672
 20
50.3652
 30
0.0
 11
20.4549
 21
50.6158
 31
0.0
  0
LINE
  5
D34
  8
0
 10
20.4549
 20
50.6158
 30
0.0
 11
20.4672
 21
50.8664
 31
0.0
  0
LINE
  5
D35
  8
0
 10
20.4672
 20
50.8664
 30
0.0
 11
20.504
 21
51.1146
 31
0.0
  0
LINE
  5
D36
  8
0
 10
20.504
 20
51.1146
 30
0.0
 11
20.565
 21
51.3579
 31
0.0
  0
LINE
  5
D37
  8
0
 10
20.565
 20
51.3579
 30
0.0
 11
20.6495
 21
51.5941
 31
0.0
  0
LINE
  5
D38
  8
0
 10
20.6495
 20
51.5941
 30
0.0
 11
20.7567
 21
51.821
 31
0.0
  0
LINE
  5
D39
  8
0
 10
20.7567
 20
51.821
 30
0.0
 11
20.8857
 21
52.0361
 31
0.0
  0
LINE
  5
D3A
  8
0
 10
20.8857
 20
52.0361
 30
0.0
 11
21.0352
 21
52.2376
 31
0.0
  0
LINE
  5
D3B
  8
0
 10
21.0352
 20
52.2376
 30
0.0
 11
21.2036
 21
52.4235
 31
0.0
  0
LINE
  5
D3C
  8
0
 10
21.2036
 20
52.4235
 30
0.0
 11
21.3895
 21
52.592
 31
0.0
  0
LINE
  5
D3D
  8
0
 10
21.3895
 20
52.592
 30
0.0
 11
21.5911
 21
52.7415
 31
0.0
  0
LINE
  5
D3E
  8
0
 10
21.5911
 20
52.7415
 30
0.0
 11
21.8062
 21
52.8705
 31
0.0
  0
LINE
  5
D3F
  8
0
 10
21.8062
 20
52.8705
 30
0.0
 11
22.033
 21
52.9777
 31
0.0
  0
LINE
  5
D40
  8
0
 10
22.033
 20
52.9777
 30
0.0
 11
22.2693
 21
53.0622
 31
0.0
  0
LINE
  5
D41
  8
0
 10
22.2693
 20
53.0622
 30
0.0
 11
22.5126
 21
53.1232
 31
0.0
  0
LINE
  5
D42
  8
0
 10
22.5126
 20
53.1232
 30
0.0
 11
22.7608
 21
53.16
 31
0.0
  0
LINE
  5
D43
  8
0
 10
22.7608
 20
53.16
 30
0.0
 11
23.0114
 21
53.1723
 31
0.0
  0
LINE
  5
D44
  8
0
 10
23.0114
 20
53.1723
 30
0.0
 11
23.262
 21
53.16
 31
0.0
  0
LINE
  5
D45
  8
0
 10
23.262
 20
53.16
 30
0.0
 11
23.5101
 21
53.1232
 31
0.0
  0
LINE
  5
D46
  8
0
 10
23.5101
 20
53.1232
 30
0.0
 11
23.7535
 21
53.0622
 31
0.0
  0
LINE
  5
D47
  8
0
 10
23.7535
 20
53.0622
 30
0.0
 11
23.9897
 21
52.9777
 31
0.0
  0
LINE
  5
D48
  8
0
 10
23.9897
 20
52.9777
 30
0.0
 11
24.2165
 21
52.8705
 31
0.0
  0
LINE
  5
D49
  8
0
 10
24.2165
 20
52.8705
 30
0.0
 11
24.4317
 21
52.7415
 31
0.0
  0
LINE
  5
D4A
  8
0
 10
24.4317
 20
52.7415
 30
0.0
 11
24.6332
 21
52.592
 31
0.0
  0
LINE
  5
D4B
  8
0
 10
24.6332
 20
52.592
 30
0.0
 11
24.8191
 21
52.4235
 31
0.0
  0
LINE
  5
D4C
  8
0
 10
24.8191
 20
52.4235
 30
0.0
 11
24.9876
 21
52.2376
 31
0.0
  0
LINE
  5
D4D
  8
0
 10
24.9876
 20
52.2376
 30
0.0
 11
25.137
 21
52.0361
 31
0.0
  0
LINE
  5
D4E
  8
0
 10
25.137
 20
52.0361
 30
0.0
 11
25.266
 21
51.8209
 31
0.0
  0
LINE
  5
D4F
  8
0
 10
25.266
 20
51.8209
 30
0.0
 11
25.3733
 21
51.5941
 31
0.0
  0
LINE
  5
D50
  8
0
 10
25.3733
 20
51.5941
 30
0.0
 11
25.4578
 21
51.3579
 31
0.0
  0
LINE
  5
D51
  8
0
 10
25.4578
 20
51.3579
 30
0.0
 11
25.5187
 21
51.1146
 31
0.0
  0
LINE
  5
D52
  8
0
 10
25.5187
 20
51.1146
 30
0.0
 11
25.5556
 21
50.8664
 31
0.0
  0
LINE
  5
D53
  8
0
 10
25.5556
 20
50.8664
 30
0.0
 11
25.5679
 21
50.6158
 31
0.0
  0
LINE
  5
D54
  8
0
 10
25.5679
 20
50.6158
 30
0.0
 11
25.5556
 21
50.3652
 31
0.0
  0
LINE
  5
D55
  8
0
 10
25.5556
 20
50.3652
 30
0.0
 11
25.5187
 21
50.1171
 31
0.0
  0
LINE
  5
D56
  8
0
 10
25.5187
 20
50.1171
 30
0.0
 11
25.4578
 21
49.8737
 31
0.0
  0
LINE
  5
D57
  8
0
 10
25.4578
 20
49.8737
 30
0.0
 11
25.3733
 21
49.6375
 31
0.0
  0
LINE
  5
D58
  8
0
 10
25.3733
 20
49.6375
 30
0.0
 11
25.3121
 21
49.5082
 31
0.0
  0
LINE
  5
D59
  8
0
 10
25.3121
 20
49.5082
 30
0.0
 11
26.1373
 21
48.683
 31
0.0
  0
LINE
  5
D5A
  8
0
 10
26.1373
 20
48.683
 30
0.0
 11
24.9442
 21
47.4899
 31
0.0
  0
LINE
  5
D5B
  8
0
 10
24.9442
 20
47.4899
 30
0.0
 11
24.119
 21
48.3151
 31
0.0
  0
LINE
  5
D5C
  8
0
 10
24.4575
 20
50.6158
 30
0.0
 11
23.0114
 21
52.062
 31
0.0
  0
LINE
  5
D5D
  8
0
 10
23.0114
 20
52.062
 30
0.0
 11
21.5652
 21
50.6158
 31
0.0
  0
LINE
  5
D5E
  8
0
 10
21.5652
 20
50.6158
 30
0.0
 11
23.0114
 21
49.1696
 31
0.0
  0
LINE
  5
D5F
  8
0
 10
23.0114
 20
49.1696
 30
0.0
 11
24.4575
 21
50.6158
 31
0.0
  0
LINE
  5
D60
  8
0
 10
29.0831
 20
48.683
 30
0.0
 11
29.9083
 21
49.5082
 31
0.0
  0
LINE
  5
D61
  8
0
 10
29.9083
 20
49.5082
 30
0.0
 11
29.8471
 21
49.6375
 31
0.0
  0
LINE
  5
D62
  8
0
 10
29.8471
 20
49.6375
 30
0.0
 11
29.7626
 21
49.8737
 31
0.0
  0
LINE
  5
D63
  8
0
 10
29.7626
 20
49.8737
 30
0.0
 11
29.7016
 21
50.1171
 31
0.0
  0
LINE
  5
D64
  8
0
 10
29.7016
 20
50.1171
 30
0.0
 11
29.6648
 21
50.3652
 31
0.0
  0
LINE
  5
D65
  8
0
 10
29.6648
 20
50.3652
 30
0.0
 11
29.6525
 21
50.6158
 31
0.0
  0
LINE
  5
D66
  8
0
 10
29.6525
 20
50.6158
 30
0.0
 11
29.6648
 21
50.8664
 31
0.0
  0
LINE
  5
D67
  8
0
 10
29.6648
 20
50.8664
 30
0.0
 11
29.7017
 21
51.1146
 31
0.0
  0
LINE
  5
D68
  8
0
 10
29.7017
 20
51.1146
 30
0.0
 11
29.7626
 21
51.3579
 31
0.0
  0
LINE
  5
D69
  8
0
 10
29.7626
 20
51.3579
 30
0.0
 11
29.8471
 21
51.5941
 31
0.0
  0
LINE
  5
D6A
  8
0
 10
29.8471
 20
51.5941
 30
0.0
 11
29.9544
 21
51.8209
 31
0.0
  0
LINE
  5
D6B
  8
0
 10
29.9544
 20
51.8209
 30
0.0
 11
30.0834
 21
52.0361
 31
0.0
  0
LINE
  5
D6C
  8
0
 10
30.0834
 20
52.0361
 30
0.0
 11
30.2328
 21
52.2376
 31
0.0
  0
LINE
  5
D6D
  8
0
 10
30.2328
 20
52.2376
 30
0.0
 11
30.4013
 21
52.4235
 31
0.0
  0
LINE
  5
D6E
  8
0
 10
30.4013
 20
52.4235
 30
0.0
 11
30.5872
 21
52.592
 31
0.0
  0
LINE
  5
D6F
  8
0
 10
30.5872
 20
52.592
 30
0.0
 11
30.7887
 21
52.7415
 31
0.0
  0
LINE
  5
D70
  8
0
 10
30.7887
 20
52.7415
 30
0.0
 11
31.0039
 21
52.8705
 31
0.0
  0
LINE
  5
D71
  8
0
 10
31.0039
 20
52.8705
 30
0.0
 11
31.2307
 21
52.9777
 31
0.0
  0
LINE
  5
D72
  8
0
 10
31.2307
 20
52.9777
 30
0.0
 11
31.4669
 21
53.0622
 31
0.0
  0
LINE
  5
D73
  8
0
 10
31.4669
 20
53.0622
 30
0.0
 11
31.7103
 21
53.1232
 31
0.0
  0
LINE
  5
D74
  8
0
 10
31.7103
 20
53.1232
 30
0.0
 11
31.9584
 21
53.16
 31
0.0
  0
LINE
  5
D75
  8
0
 10
31.9584
 20
53.16
 30
0.0
 11
32.209
 21
53.1723
 31
0.0
  0
LINE
  5
D76
  8
0
 10
32.209
 20
53.1723
 30
0.0
 11
32.4596
 21
53.16
 31
0.0
  0
LINE
  5
D77
  8
0
 10
32.4596
 20
53.16
 30
0.0
 11
32.7078
 21
53.1232
 31
0.0
  0
LINE
  5
D78
  8
0
 10
32.7078
 20
53.1232
 30
0.0
 11
32.9511
 21
53.0622
 31
0.0
  0
LINE
  5
D79
  8
0
 10
32.9511
 20
53.0622
 30
0.0
 11
33.1873
 21
52.9777
 31
0.0
  0
LINE
  5
D7A
  8
0
 10
33.1873
 20
52.9777
 30
0.0
 11
33.4142
 21
52.8705
 31
0.0
  0
LINE
  5
D7B
  8
0
 10
33.4142
 20
52.8705
 30
0.0
 11
33.6293
 21
52.7415
 31
0.0
  0
LINE
  5
D7C
  8
0
 10
33.6293
 20
52.7415
 30
0.0
 11
33.8308
 21
52.592
 31
0.0
  0
LINE
  5
D7D
  8
0
 10
33.8308
 20
52.592
 30
0.0
 11
34.0167
 21
52.4235
 31
0.0
  0
LINE
  5
D7E
  8
0
 10
34.0167
 20
52.4235
 30
0.0
 11
34.1852
 21
52.2376
 31
0.0
  0
LINE
  5
D7F
  8
0
 10
34.1852
 20
52.2376
 30
0.0
 11
34.3347
 21
52.0361
 31
0.0
  0
LINE
  5
D80
  8
0
 10
34.3347
 20
52.0361
 30
0.0
 11
34.4637
 21
51.821
 31
0.0
  0
LINE
  5
D81
  8
0
 10
34.4637
 20
51.821
 30
0.0
 11
34.5709
 21
51.5941
 31
0.0
  0
LINE
  5
D82
  8
0
 10
34.5709
 20
51.5941
 30
0.0
 11
34.6554
 21
51.3579
 31
0.0
  0
LINE
  5
D83
  8
0
 10
34.6554
 20
51.3579
 30
0.0
 11
34.7164
 21
51.1146
 31
0.0
  0
LINE
  5
D84
  8
0
 10
34.7164
 20
51.1146
 30
0.0
 11
34.7532
 21
50.8664
 31
0.0
  0
LINE
  5
D85
  8
0
 10
34.7532
 20
50.8664
 30
0.0
 11
34.7655
 21
50.6158
 31
0.0
  0
LINE
  5
D86
  8
0
 10
34.7655
 20
50.6158
 30
0.0
 11
34.7532
 21
50.3652
 31
0.0
  0
LINE
  5
D87
  8
0
 10
34.7532
 20
50.3652
 30
0.0
 11
34.7164
 21
50.1171
 31
0.0
  0
LINE
  5
D88
  8
0
 10
34.7164
 20
50.1171
 30
0.0
 11
34.6554
 21
49.8737
 31
0.0
  0
LINE
  5
D89
  8
0
 10
34.6554
 20
49.8737
 30
0.0
 11
34.5709
 21
49.6375
 31
0.0
  0
LINE
  5
D8A
  8
0
 10
34.5709
 20
49.6375
 30
0.0
 11
34.4637
 21
49.4107
 31
0.0
  0
LINE
  5
D8B
  8
0
 10
34.4637
 20
49.4107
 30
0.0
 11
34.3347
 21
49.1955
 31
0.0
  0
LINE
  5
D8C
  8
0
 10
34.3347
 20
49.1955
 30
0.0
 11
34.1852
 21
48.994
 31
0.0
  0
LINE
  5
D8D
  8
0
 10
34.1852
 20
48.994
 30
0.0
 11
34.0167
 21
48.8081
 31
0.0
  0
LINE
  5
D8E
  8
0
 10
34.0167
 20
48.8081
 30
0.0
 11
33.8308
 21
48.6396
 31
0.0
  0
LINE
  5
D8F
  8
0
 10
33.8308
 20
48.6396
 30
0.0
 11
33.6293
 21
48.4902
 31
0.0
  0
LINE
  5
D90
  8
0
 10
33.6293
 20
48.4902
 30
0.0
 11
33.4141
 21
48.3612
 31
0.0
  0
LINE
  5
D91
  8
0
 10
33.4141
 20
48.3612
 30
0.0
 11
33.1873
 21
48.2539
 31
0.0
  0
LINE
  5
D92
  8
0
 10
33.1873
 20
48.2539
 30
0.0
 11
32.9511
 21
48.1694
 31
0.0
  0
LINE
  5
D93
  8
0
 10
32.9511
 20
48.1694
 30
0.0
 11
32.7078
 21
48.1085
 31
0.0
  0
LINE
  5
D94
  8
0
 10
32.7078
 20
48.1085
 30
0.0
 11
32.4596
 21
48.0716
 31
0.0
  0
LINE
  5
D95
  8
0
 10
32.4596
 20
48.0716
 30
0.0
 11
32.209
 21
48.0593
 31
0.0
  0
LINE
  5
D96
  8
0
 10
32.209
 20
48.0593
 30
0.0
 11
31.9584
 21
48.0716
 31
0.0
  0
LINE
  5
D97
  8
0
 10
31.9584
 20
48.0716
 30
0.0
 11
31.7103
 21
48.1084
 31
0.0
  0
LINE
  5
D98
  8
0
 10
31.7103
 20
48.1084
 30
0.0
 11
31.4669
 21
48.1694
 31
0.0
  0
LINE
  5
D99
  8
0
 10
31.4669
 20
48.1694
 30
0.0
 11
31.2307
 21
48.2539
 31
0.0
  0
LINE
  5
D9A
  8
0
 10
31.2307
 20
48.2539
 30
0.0
 11
31.1014
 21
48.3151
 31
0.0
  0
LINE
  5
D9B
  8
0
 10
31.1014
 20
48.3151
 30
0.0
 11
30.2762
 21
47.4899
 31
0.0
  0
LINE
  5
D9C
  8
0
 10
30.2762
 20
47.4899
 30
0.0
 11
29.0831
 21
48.683
 31
0.0
  0
LINE
  5
D9D
  8
0
 10
33.6552
 20
50.6158
 30
0.0
 11
32.209
 21
52.062
 31
0.0
  0
LINE
  5
D9E
  8
0
 10
32.209
 20
52.062
 30
0.0
 11
30.7628
 21
50.6158
 31
0.0
  0
LINE
  5
D9F
  8
0
 10
30.7628
 20
50.6158
 30
0.0
 11
32.209
 21
49.1696
 31
0.0
  0
LINE
  5
DA0
  8
0
 10
32.209
 20
49.1696
 30
0.0
 11
33.6552
 21
50.6158
 31
0.0
  0
LINE
  5
DA1
  8
0
 10
97.7462
 20
48.3151
 30
0.0
 11
97.6169
 21
48.2539
 31
0.0
  0
LINE
  5
DA2
  8
0
 10
97.6169
 20
48.2539
 30
0.0
 11
97.3807
 21
48.1694
 31
0.0
  0
LINE
  5
DA3
  8
0
 10
97.3807
 20
48.1694
 30
0.0
 11
97.1373
 21
48.1084
 31
0.0
  0
LINE
  5
DA4
  8
0
 10
97.1373
 20
48.1084
 30
0.0
 11
96.8892
 21
48.0716
 31
0.0
  0
LINE
  5
DA5
  8
0
 10
96.8892
 20
48.0716
 30
0.0
 11
96.6386
 21
48.0593
 31
0.0
  0
LINE
  5
DA6
  8
0
 10
96.6386
 20
48.0593
 30
0.0
 11
96.388
 21
48.0716
 31
0.0
  0
LINE
  5
DA7
  8
0
 10
96.388
 20
48.0716
 30
0.0
 11
96.1398
 21
48.1085
 31
0.0
  0
LINE
  5
DA8
  8
0
 10
96.1398
 20
48.1085
 30
0.0
 11
95.8965
 21
48.1694
 31
0.0
  0
LINE
  5
DA9
  8
0
 10
95.8965
 20
48.1694
 30
0.0
 11
95.6602
 21
48.2539
 31
0.0
  0
LINE
  5
DAA
  8
0
 10
95.6602
 20
48.2539
 30
0.0
 11
95.4334
 21
48.3612
 31
0.0
  0
LINE
  5
DAB
  8
0
 10
95.4334
 20
48.3612
 30
0.0
 11
95.2183
 21
48.4902
 31
0.0
  0
LINE
  5
DAC
  8
0
 10
95.2183
 20
48.4902
 30
0.0
 11
95.0168
 21
48.6396
 31
0.0
  0
LINE
  5
DAD
  8
0
 10
95.0168
 20
48.6396
 30
0.0
 11
94.8309
 21
48.8081
 31
0.0
  0
LINE
  5
DAE
  8
0
 10
94.8309
 20
48.8081
 30
0.0
 11
94.6624
 21
48.994
 31
0.0
  0
LINE
  5
DAF
  8
0
 10
94.6624
 20
48.994
 30
0.0
 11
94.5129
 21
49.1955
 31
0.0
  0
LINE
  5
DB0
  8
0
 10
94.5129
 20
49.1955
 30
0.0
 11
94.3839
 21
49.4107
 31
0.0
  0
LINE
  5
DB1
  8
0
 10
94.3839
 20
49.4107
 30
0.0
 11
94.2767
 21
49.6375
 31
0.0
  0
LINE
  5
DB2
  8
0
 10
94.2767
 20
49.6375
 30
0.0
 11
94.1922
 21
49.8737
 31
0.0
  0
LINE
  5
DB3
  8
0
 10
94.1922
 20
49.8737
 30
0.0
 11
94.1312
 21
50.1171
 31
0.0
  0
LINE
  5
DB4
  8
0
 10
94.1312
 20
50.1171
 30
0.0
 11
94.0944
 21
50.3652
 31
0.0
  0
LINE
  5
DB5
  8
0
 10
94.0944
 20
50.3652
 30
0.0
 11
94.0821
 21
50.6158
 31
0.0
  0
LINE
  5
DB6
  8
0
 10
94.0821
 20
50.6158
 30
0.0
 11
94.0944
 21
50.8664
 31
0.0
  0
LINE
  5
DB7
  8
0
 10
94.0944
 20
50.8664
 30
0.0
 11
94.1312
 21
51.1146
 31
0.0
  0
LINE
  5
DB8
  8
0
 10
94.1312
 20
51.1146
 30
0.0
 11
94.1922
 21
51.3579
 31
0.0
  0
LINE
  5
DB9
  8
0
 10
94.1922
 20
51.3579
 30
0.0
 11
94.2767
 21
51.5941
 31
0.0
  0
LINE
  5
DBA
  8
0
 10
94.2767
 20
51.5941
 30
0.0
 11
94.3839
 21
51.821
 31
0.0
  0
LINE
  5
DBB
  8
0
 10
94.3839
 20
51.821
 30
0.0
 11
94.5129
 21
52.0361
 31
0.0
  0
LINE
  5
DBC
  8
0
 10
94.5129
 20
52.0361
 30
0.0
 11
94.6624
 21
52.2376
 31
0.0
  0
LINE
  5
DBD
  8
0
 10
94.6624
 20
52.2376
 30
0.0
 11
94.8309
 21
52.4235
 31
0.0
  0
LINE
  5
DBE
  8
0
 10
94.8309
 20
52.4235
 30
0.0
 11
95.0167
 21
52.592
 31
0.0
  0
LINE
  5
DBF
  8
0
 10
95.0167
 20
52.592
 30
0.0
 11
95.2183
 21
52.7415
 31
0.0
  0
LINE
  5
DC0
  8
0
 10
95.2183
 20
52.7415
 30
0.0
 11
95.4334
 21
52.8705
 31
0.0
  0
LINE
  5
DC1
  8
0
 10
95.4334
 20
52.8705
 30
0.0
 11
95.6602
 21
52.9777
 31
0.0
  0
LINE
  5
DC2
  8
0
 10
95.6602
 20
52.9777
 30
0.0
 11
95.8965
 21
53.0622
 31
0.0
  0
LINE
  5
DC3
  8
0
 10
95.8965
 20
53.0622
 30
0.0
 11
96.1398
 21
53.1232
 31
0.0
  0
LINE
  5
DC4
  8
0
 10
96.1398
 20
53.1232
 30
0.0
 11
96.388
 21
53.16
 31
0.0
  0
LINE
  5
DC5
  8
0
 10
96.388
 20
53.16
 30
0.0
 11
96.6386
 21
53.1723
 31
0.0
  0
LINE
  5
DC6
  8
0
 10
96.6386
 20
53.1723
 30
0.0
 11
96.8892
 21
53.16
 31
0.0
  0
LINE
  5
DC7
  8
0
 10
96.8892
 20
53.16
 30
0.0
 11
97.1373
 21
53.1232
 31
0.0
  0
LINE
  5
DC8
  8
0
 10
97.1373
 20
53.1232
 30
0.0
 11
97.3807
 21
53.0622
 31
0.0
  0
LINE
  5
DC9
  8
0
 10
97.3807
 20
53.0622
 30
0.0
 11
97.6169
 21
52.9777
 31
0.0
  0
LINE
  5
DCA
  8
0
 10
97.6169
 20
52.9777
 30
0.0
 11
97.8437
 21
52.8705
 31
0.0
  0
LINE
  5
DCB
  8
0
 10
97.8437
 20
52.8705
 30
0.0
 11
98.0589
 21
52.7415
 31
0.0
  0
LINE
  5
DCC
  8
0
 10
98.0589
 20
52.7415
 30
0.0
 11
98.2604
 21
52.592
 31
0.0
  0
LINE
  5
DCD
  8
0
 10
98.2604
 20
52.592
 30
0.0
 11
98.4463
 21
52.4235
 31
0.0
  0
LINE
  5
DCE
  8
0
 10
98.4463
 20
52.4235
 30
0.0
 11
98.6148
 21
52.2376
 31
0.0
  0
LINE
  5
DCF
  8
0
 10
98.6148
 20
52.2376
 30
0.0
 11
98.7642
 21
52.0361
 31
0.0
  0
LINE
  5
DD0
  8
0
 10
98.7642
 20
52.0361
 30
0.0
 11
98.8932
 21
51.8209
 31
0.0
  0
LINE
  5
DD1
  8
0
 10
98.8932
 20
51.8209
 30
0.0
 11
99.0005
 21
51.5941
 31
0.0
  0
LINE
  5
DD2
  8
0
 10
99.0005
 20
51.5941
 30
0.0
 11
99.085
 21
51.3579
 31
0.0
  0
LINE
  5
DD3
  8
0
 10
99.085
 20
51.3579
 30
0.0
 11
99.1459
 21
51.1146
 31
0.0
  0
LINE
  5
DD4
  8
0
 10
99.1459
 20
51.1146
 30
0.0
 11
99.1828
 21
50.8664
 31
0.0
  0
LINE
  5
DD5
  8
0
 10
99.1828
 20
50.8664
 30
0.0
 11
99.1951
 21
50.6158
 31
0.0
  0
LINE
  5
DD6
  8
0
 10
99.1951
 20
50.6158
 30
0.0
 11
99.1828
 21
50.3652
 31
0.0
  0
LINE
  5
DD7
  8
0
 10
99.1828
 20
50.3652
 30
0.0
 11
99.146
 21
50.1171
 31
0.0
  0
LINE
  5
DD8
  8
0
 10
99.146
 20
50.1171
 30
0.0
 11
99.085
 21
49.8737
 31
0.0
  0
LINE
  5
DD9
  8
0
 10
99.085
 20
49.8737
 30
0.0
 11
99.0005
 21
49.6375
 31
0.0
  0
LINE
  5
DDA
  8
0
 10
99.0005
 20
49.6375
 30
0.0
 11
98.9393
 21
49.5082
 31
0.0
  0
LINE
  5
DDB
  8
0
 10
98.9393
 20
49.5082
 30
0.0
 11
99.7645
 21
48.683
 31
0.0
  0
LINE
  5
DDC
  8
0
 10
99.7645
 20
48.683
 30
0.0
 11
98.5714
 21
47.4899
 31
0.0
  0
LINE
  5
DDD
  8
0
 10
98.5714
 20
47.4899
 30
0.0
 11
97.7462
 21
48.3151
 31
0.0
  0
LINE
  5
DDE
  8
0
 10
98.0847
 20
50.6158
 30
0.0
 11
96.6386
 21
52.062
 31
0.0
  0
LINE
  5
DDF
  8
0
 10
96.6386
 20
52.062
 30
0.0
 11
95.1924
 21
50.6158
 31
0.0
  0
LINE
  5
DE0
  8
0
 10
95.1924
 20
50.6158
 30
0.0
 11
96.6386
 21
49.1696
 31
0.0
  0
LINE
  5
DE1
  8
0
 10
96.6386
 20
49.1696
 30
0.0
 11
98.0847
 21
50.6158
 31
0.0
  0
LINE
  5
DE2
  8
0
 10
47.4899
 20
48.683
 30
0.0
 11
48.3151
 21
49.5082
 31
0.0
  0
LINE
  5
DE3
  8
0
 10
48.3151
 20
49.5082
 30
0.0
 11
48.2539
 21
49.6375
 31
0.0
  0
LINE
  5
DE4
  8
0
 10
48.2539
 20
49.6375
 30
0.0
 11
48.1694
 21
49.8737
 31
0.0
  0
LINE
  5
DE5
  8
0
 10
48.1694
 20
49.8737
 30
0.0
 11
48.1084
 21
50.1171
 31
0.0
  0
LINE
  5
DE6
  8
0
 10
48.1084
 20
50.1171
 30
0.0
 11
48.0716
 21
50.3652
 31
0.0
  0
LINE
  5
DE7
  8
0
 10
48.0716
 20
50.3652
 30
0.0
 11
48.0593
 21
50.6158
 31
0.0
  0
LINE
  5
DE8
  8
0
 10
48.0593
 20
50.6158
 30
0.0
 11
48.0716
 21
50.8664
 31
0.0
  0
LINE
  5
DE9
  8
0
 10
48.0716
 20
50.8664
 30
0.0
 11
48.1085
 21
51.1146
 31
0.0
  0
LINE
  5
DEA
  8
0
 10
48.1085
 20
51.1146
 30
0.0
 11
48.1694
 21
51.3579
 31
0.0
  0
LINE
  5
DEB
  8
0
 10
48.1694
 20
51.3579
 30
0.0
 11
48.2539
 21
51.5941
 31
0.0
  0
LINE
  5
DEC
  8
0
 10
48.2539
 20
51.5941
 30
0.0
 11
48.3612
 21
51.8209
 31
0.0
  0
LINE
  5
DED
  8
0
 10
48.3612
 20
51.8209
 30
0.0
 11
48.4902
 21
52.0361
 31
0.0
  0
LINE
  5
DEE
  8
0
 10
48.4902
 20
52.0361
 30
0.0
 11
48.6396
 21
52.2376
 31
0.0
  0
LINE
  5
DEF
  8
0
 10
48.6396
 20
52.2376
 30
0.0
 11
48.8081
 21
52.4235
 31
0.0
  0
LINE
  5
DF0
  8
0
 10
48.8081
 20
52.4235
 30
0.0
 11
48.994
 21
52.592
 31
0.0
  0
LINE
  5
DF1
  8
0
 10
48.994
 20
52.592
 30
0.0
 11
49.1955
 21
52.7415
 31
0.0
  0
LINE
  5
DF2
  8
0
 10
49.1955
 20
52.7415
 30
0.0
 11
49.4107
 21
52.8705
 31
0.0
  0
LINE
  5
DF3
  8
0
 10
49.4107
 20
52.8705
 30
0.0
 11
49.6375
 21
52.9777
 31
0.0
  0
LINE
  5
DF4
  8
0
 10
49.6375
 20
52.9777
 30
0.0
 11
49.8737
 21
53.0622
 31
0.0
  0
LINE
  5
DF5
  8
0
 10
49.8737
 20
53.0622
 30
0.0
 11
50.1171
 21
53.1232
 31
0.0
  0
LINE
  5
DF6
  8
0
 10
50.1171
 20
53.1232
 30
0.0
 11
50.3652
 21
53.16
 31
0.0
  0
LINE
  5
DF7
  8
0
 10
50.3652
 20
53.16
 30
0.0
 11
50.6158
 21
53.1723
 31
0.0
  0
LINE
  5
DF8
  8
0
 10
50.6158
 20
53.1723
 30
0.0
 11
50.8664
 21
53.16
 31
0.0
  0
LINE
  5
DF9
  8
0
 10
50.8664
 20
53.16
 30
0.0
 11
51.1146
 21
53.1232
 31
0.0
  0
LINE
  5
DFA
  8
0
 10
51.1146
 20
53.1232
 30
0.0
 11
51.3579
 21
53.0622
 31
0.0
  0
LINE
  5
DFB
  8
0
 10
51.3579
 20
53.0622
 30
0.0
 11
51.5941
 21
52.9777
 31
0.0
  0
LINE
  5
DFC
  8
0
 10
51.5941
 20
52.9777
 30
0.0
 11
51.821
 21
52.8705
 31
0.0
  0
LINE
  5
DFD
  8
0
 10
51.821
 20
52.8705
 30
0.0
 11
52.0361
 21
52.7415
 31
0.0
  0
LINE
  5
DFE
  8
0
 10
52.0361
 20
52.7415
 30
0.0
 11
52.2376
 21
52.592
 31
0.0
  0
LINE
  5
DFF
  8
0
 10
52.2376
 20
52.592
 30
0.0
 11
52.4235
 21
52.4235
 31
0.0
  0
LINE
  5
E00
  8
0
 10
52.4235
 20
52.4235
 30
0.0
 11
52.592
 21
52.2376
 31
0.0
  0
LINE
  5
E01
  8
0
 10
52.592
 20
52.2376
 30
0.0
 11
52.7415
 21
52.0361
 31
0.0
  0
LINE
  5
E02
  8
0
 10
52.7415
 20
52.0361
 30
0.0
 11
52.8705
 21
51.821
 31
0.0
  0
LINE
  5
E03
  8
0
 10
52.8705
 20
51.821
 30
0.0
 11
52.9777
 21
51.5941
 31
0.0
  0
LINE
  5
E04
  8
0
 10
52.9777
 20
51.5941
 30
0.0
 11
53.0622
 21
51.3579
 31
0.0
  0
LINE
  5
E05
  8
0
 10
53.0622
 20
51.3579
 30
0.0
 11
53.1232
 21
51.1146
 31
0.0
  0
LINE
  5
E06
  8
0
 10
53.1232
 20
51.1146
 30
0.0
 11
53.16
 21
50.8664
 31
0.0
  0
LINE
  5
E07
  8
0
 10
53.16
 20
50.8664
 30
0.0
 11
53.1723
 21
50.6158
 31
0.0
  0
LINE
  5
E08
  8
0
 10
53.1723
 20
50.6158
 30
0.0
 11
53.16
 21
50.3652
 31
0.0
  0
LINE
  5
E09
  8
0
 10
53.16
 20
50.3652
 30
0.0
 11
53.1232
 21
50.1171
 31
0.0
  0
LINE
  5
E0A
  8
0
 10
53.1232
 20
50.1171
 30
0.0
 11
53.0622
 21
49.8737
 31
0.0
  0
LINE
  5
E0B
  8
0
 10
53.0622
 20
49.8737
 30
0.0
 11
52.9777
 21
49.6375
 31
0.0
  0
LINE
  5
E0C
  8
0
 10
52.9777
 20
49.6375
 30
0.0
 11
52.8705
 21
49.4107
 31
0.0
  0
LINE
  5
E0D
  8
0
 10
52.8705
 20
49.4107
 30
0.0
 11
52.7415
 21
49.1955
 31
0.0
  0
LINE
  5
E0E
  8
0
 10
52.7415
 20
49.1955
 30
0.0
 11
52.592
 21
48.994
 31
0.0
  0
LINE
  5
E0F
  8
0
 10
52.592
 20
48.994
 30
0.0
 11
52.4235
 21
48.8081
 31
0.0
  0
LINE
  5
E10
  8
0
 10
52.4235
 20
48.8081
 30
0.0
 11
52.2376
 21
48.6396
 31
0.0
  0
LINE
  5
E11
  8
0
 10
52.2376
 20
48.6396
 30
0.0
 11
52.0361
 21
48.4902
 31
0.0
  0
LINE
  5
E12
  8
0
 10
52.0361
 20
48.4902
 30
0.0
 11
51.8209
 21
48.3612
 31
0.0
  0
LINE
  5
E13
  8
0
 10
51.8209
 20
48.3612
 30
0.0
 11
51.5941
 21
48.2539
 31
0.0
  0
LINE
  5
E14
  8
0
 10
51.5941
 20
48.2539
 30
0.0
 11
51.3579
 21
48.1694
 31
0.0
  0
LINE
  5
E15
  8
0
 10
51.3579
 20
48.1694
 30
0.0
 11
51.1146
 21
48.1085
 31
0.0
  0
LINE
  5
E16
  8
0
 10
51.1146
 20
48.1085
 30
0.0
 11
50.8664
 21
48.0716
 31
0.0
  0
LINE
  5
E17
  8
0
 10
50.8664
 20
48.0716
 30
0.0
 11
50.6158
 21
48.0593
 31
0.0
  0
LINE
  5
E18
  8
0
 10
50.6158
 20
48.0593
 30
0.0
 11
50.3652
 21
48.0716
 31
0.0
  0
LINE
  5
E19
  8
0
 10
50.3652
 20
48.0716
 30
0.0
 11
50.1171
 21
48.1084
 31
0.0
  0
LINE
  5
E1A
  8
0
 10
50.1171
 20
48.1084
 30
0.0
 11
49.8737
 21
48.1694
 31
0.0
  0
LINE
  5
E1B
  8
0
 10
49.8737
 20
48.1694
 30
0.0
 11
49.6375
 21
48.2539
 31
0.0
  0
LINE
  5
E1C
  8
0
 10
49.6375
 20
48.2539
 30
0.0
 11
49.5082
 21
48.3151
 31
0.0
  0
LINE
  5
E1D
  8
0
 10
49.5082
 20
48.3151
 30
0.0
 11
48.683
 21
47.4899
 31
0.0
  0
LINE
  5
E1E
  8
0
 10
48.683
 20
47.4899
 30
0.0
 11
47.4899
 21
48.683
 31
0.0
  0
LINE
  5
E1F
  8
0
 10
52.062
 20
50.6158
 30
0.0
 11
50.6158
 21
52.062
 31
0.0
  0
LINE
  5
E20
  8
0
 10
50.6158
 20
52.062
 30
0.0
 11
49.1696
 21
50.6158
 31
0.0
  0
LINE
  5
E21
  8
0
 10
49.1696
 20
50.6158
 30
0.0
 11
50.6158
 21
49.1696
 31
0.0
  0
LINE
  5
E22
  8
0
 10
50.6158
 20
49.1696
 30
0.0
 11
52.062
 21
50.6158
 31
0.0
  0
LINE
  5
E23
  8
0
 10
84.3035
 20
48.683
 30
0.0
 11
85.1287
 21
49.5082
 31
0.0
  0
LINE
  5
E24
  8
0
 10
85.1287
 20
49.5082
 30
0.0
 11
85.0675
 21
49.6375
 31
0.0
  0
LINE
  5
E25
  8
0
 10
85.0675
 20
49.6375
 30
0.0
 11
84.983
 21
49.8737
 31
0.0
  0
LINE
  5
E26
  8
0
 10
84.983
 20
49.8737
 30
0.0
 11
84.922
 21
50.1171
 31
0.0
  0
LINE
  5
E27
  8
0
 10
84.922
 20
50.1171
 30
0.0
 11
84.8852
 21
50.3652
 31
0.0
  0
LINE
  5
E28
  8
0
 10
84.8852
 20
50.3652
 30
0.0
 11
84.8729
 21
50.6158
 31
0.0
  0
LINE
  5
E29
  8
0
 10
84.8729
 20
50.6158
 30
0.0
 11
84.8852
 21
50.8664
 31
0.0
  0
LINE
  5
E2A
  8
0
 10
84.8852
 20
50.8664
 30
0.0
 11
84.9221
 21
51.1146
 31
0.0
  0
LINE
  5
E2B
  8
0
 10
84.9221
 20
51.1146
 30
0.0
 11
84.983
 21
51.3579
 31
0.0
  0
LINE
  5
E2C
  8
0
 10
84.983
 20
51.3579
 30
0.0
 11
85.0675
 21
51.5941
 31
0.0
  0
LINE
  5
E2D
  8
0
 10
85.0675
 20
51.5941
 30
0.0
 11
85.1748
 21
51.8209
 31
0.0
  0
LINE
  5
E2E
  8
0
 10
85.1748
 20
51.8209
 30
0.0
 11
85.3038
 21
52.0361
 31
0.0
  0
LINE
  5
E2F
  8
0
 10
85.3038
 20
52.0361
 30
0.0
 11
85.4532
 21
52.2376
 31
0.0
  0
LINE
  5
E30
  8
0
 10
85.4532
 20
52.2376
 30
0.0
 11
85.6217
 21
52.4235
 31
0.0
  0
LINE
  5
E31
  8
0
 10
85.6217
 20
52.4235
 30
0.0
 11
85.8076
 21
52.592
 31
0.0
  0
LINE
  5
E32
  8
0
 10
85.8076
 20
52.592
 30
0.0
 11
86.0091
 21
52.7415
 31
0.0
  0
LINE
  5
E33
  8
0
 10
86.0091
 20
52.7415
 30
0.0
 11
86.2243
 21
52.8705
 31
0.0
  0
LINE
  5
E34
  8
0
 10
86.2243
 20
52.8705
 30
0.0
 11
86.4511
 21
52.9777
 31
0.0
  0
LINE
  5
E35
  8
0
 10
86.4511
 20
52.9777
 30
0.0
 11
86.6873
 21
53.0622
 31
0.0
  0
LINE
  5
E36
  8
0
 10
86.6873
 20
53.0622
 30
0.0
 11
86.9307
 21
53.1232
 31
0.0
  0
LINE
  5
E37
  8
0
 10
86.9307
 20
53.1232
 30
0.0
 11
87.1788
 21
53.16
 31
0.0
  0
LINE
  5
E38
  8
0
 10
87.1788
 20
53.16
 30
0.0
 11
87.4294
 21
53.1723
 31
0.0
  0
LINE
  5
E39
  8
0
 10
87.4294
 20
53.1723
 30
0.0
 11
87.68
 21
53.16
 31
0.0
  0
LINE
  5
E3A
  8
0
 10
87.68
 20
53.16
 30
0.0
 11
87.9282
 21
53.1232
 31
0.0
  0
LINE
  5
E3B
  8
0
 10
87.9282
 20
53.1232
 30
0.0
 11
88.1715
 21
53.0622
 31
0.0
  0
LINE
  5
E3C
  8
0
 10
88.1715
 20
53.0622
 30
0.0
 11
88.4078
 21
52.9777
 31
0.0
  0
LINE
  5
E3D
  8
0
 10
88.4078
 20
52.9777
 30
0.0
 11
88.6346
 21
52.8705
 31
0.0
  0
LINE
  5
E3E
  8
0
 10
88.6346
 20
52.8705
 30
0.0
 11
88.8497
 21
52.7415
 31
0.0
  0
LINE
  5
E3F
  8
0
 10
88.8497
 20
52.7415
 30
0.0
 11
89.0513
 21
52.592
 31
0.0
  0
LINE
  5
E40
  8
0
 10
89.0513
 20
52.592
 30
0.0
 11
89.2371
 21
52.4235
 31
0.0
  0
LINE
  5
E41
  8
0
 10
89.2371
 20
52.4235
 30
0.0
 11
89.4056
 21
52.2376
 31
0.0
  0
LINE
  5
E42
  8
0
 10
89.4056
 20
52.2376
 30
0.0
 11
89.5551
 21
52.0361
 31
0.0
  0
LINE
  5
E43
  8
0
 10
89.5551
 20
52.0361
 30
0.0
 11
89.6841
 21
51.821
 31
0.0
  0
LINE
  5
E44
  8
0
 10
89.6841
 20
51.821
 30
0.0
 11
89.7913
 21
51.5941
 31
0.0
  0
LINE
  5
E45
  8
0
 10
89.7913
 20
51.5941
 30
0.0
 11
89.8758
 21
51.3579
 31
0.0
  0
LINE
  5
E46
  8
0
 10
89.8758
 20
51.3579
 30
0.0
 11
89.9368
 21
51.1146
 31
0.0
  0
LINE
  5
E47
  8
0
 10
89.9368
 20
51.1146
 30
0.0
 11
89.9736
 21
50.8664
 31
0.0
  0
LINE
  5
E48
  8
0
 10
89.9736
 20
50.8664
 30
0.0
 11
89.9859
 21
50.6158
 31
0.0
  0
LINE
  5
E49
  8
0
 10
89.9859
 20
50.6158
 30
0.0
 11
89.9736
 21
50.3652
 31
0.0
  0
LINE
  5
E4A
  8
0
 10
89.9736
 20
50.3652
 30
0.0
 11
89.9368
 21
50.1171
 31
0.0
  0
LINE
  5
E4B
  8
0
 10
89.9368
 20
50.1171
 30
0.0
 11
89.8758
 21
49.8737
 31
0.0
  0
LINE
  5
E4C
  8
0
 10
89.8758
 20
49.8737
 30
0.0
 11
89.7913
 21
49.6375
 31
0.0
  0
LINE
  5
E4D
  8
0
 10
89.7913
 20
49.6375
 30
0.0
 11
89.6841
 21
49.4107
 31
0.0
  0
LINE
  5
E4E
  8
0
 10
89.6841
 20
49.4107
 30
0.0
 11
89.5551
 21
49.1955
 31
0.0
  0
LINE
  5
E4F
  8
0
 10
89.5551
 20
49.1955
 30
0.0
 11
89.4056
 21
48.994
 31
0.0
  0
LINE
  5
E50
  8
0
 10
89.4056
 20
48.994
 30
0.0
 11
89.2371
 21
48.8081
 31
0.0
  0
LINE
  5
E51
  8
0
 10
89.2371
 20
48.8081
 30
0.0
 11
89.0512
 21
48.6396
 31
0.0
  0
LINE
  5
E52
  8
0
 10
89.0512
 20
48.6396
 30
0.0
 11
88.8497
 21
48.4902
 31
0.0
  0
LINE
  5
E53
  8
0
 10
88.8497
 20
48.4902
 30
0.0
 11
88.6345
 21
48.3612
 31
0.0
  0
LINE
  5
E54
  8
0
 10
88.6345
 20
48.3612
 30
0.0
 11
88.4077
 21
48.2539
 31
0.0
  0
LINE
  5
E55
  8
0
 10
88.4077
 20
48.2539
 30
0.0
 11
88.1715
 21
48.1694
 31
0.0
  0
LINE
  5
E56
  8
0
 10
88.1715
 20
48.1694
 30
0.0
 11
87.9282
 21
48.1085
 31
0.0
  0
LINE
  5
E57
  8
0
 10
87.9282
 20
48.1085
 30
0.0
 11
87.68
 21
48.0716
 31
0.0
  0
LINE
  5
E58
  8
0
 10
87.68
 20
48.0716
 30
0.0
 11
87.4294
 21
48.0593
 31
0.0
  0
LINE
  5
E59
  8
0
 10
87.4294
 20
48.0593
 30
0.0
 11
87.1788
 21
48.0716
 31
0.0
  0
LINE
  5
E5A
  8
0
 10
87.1788
 20
48.0716
 30
0.0
 11
86.9306
 21
48.1084
 31
0.0
  0
LINE
  5
E5B
  8
0
 10
86.9306
 20
48.1084
 30
0.0
 11
86.6873
 21
48.1694
 31
0.0
  0
LINE
  5
E5C
  8
0
 10
86.6873
 20
48.1694
 30
0.0
 11
86.4511
 21
48.2539
 31
0.0
  0
LINE
  5
E5D
  8
0
 10
86.4511
 20
48.2539
 30
0.0
 11
86.3218
 21
48.3151
 31
0.0
  0
LINE
  5
E5E
  8
0
 10
86.3218
 20
48.3151
 30
0.0
 11
85.4966
 21
47.4899
 31
0.0
  0
LINE
  5
E5F
  8
0
 10
85.4966
 20
47.4899
 30
0.0
 11
84.3035
 21
48.683
 31
0.0
  0
LINE
  5
E60
  8
0
 10
88.8756
 20
50.6158
 30
0.0
 11
87.4294
 21
52.062
 31
0.0
  0
LINE
  5
E61
  8
0
 10
87.4294
 20
52.062
 30
0.0
 11
85.9832
 21
50.6158
 31
0.0
  0
LINE
  5
E62
  8
0
 10
85.9832
 20
50.6158
 30
0.0
 11
87.4294
 21
49.1696
 31
0.0
  0
LINE
  5
E63
  8
0
 10
87.4294
 20
49.1696
 30
0.0
 11
88.8756
 21
50.6158
 31
0.0
  0
LINE
  5
E64
  8
0
 10
79.3394
 20
48.3151
 30
0.0
 11
79.2101
 21
48.2539
 31
0.0
  0
LINE
  5
E65
  8
0
 10
79.2101
 20
48.2539
 30
0.0
 11
78.9739
 21
48.1694
 31
0.0
  0
LINE
  5
E66
  8
0
 10
78.9739
 20
48.1694
 30
0.0
 11
78.7305
 21
48.1084
 31
0.0
  0
LINE
  5
E67
  8
0
 10
78.7305
 20
48.1084
 30
0.0
 11
78.4824
 21
48.0716
 31
0.0
  0
LINE
  5
E68
  8
0
 10
78.4824
 20
48.0716
 30
0.0
 11
78.2318
 21
48.0593
 31
0.0
  0
LINE
  5
E69
  8
0
 10
78.2318
 20
48.0593
 30
0.0
 11
77.9812
 21
48.0716
 31
0.0
  0
LINE
  5
E6A
  8
0
 10
77.9812
 20
48.0716
 30
0.0
 11
77.733
 21
48.1085
 31
0.0
  0
LINE
  5
E6B
  8
0
 10
77.733
 20
48.1085
 30
0.0
 11
77.4897
 21
48.1694
 31
0.0
  0
LINE
  5
E6C
  8
0
 10
77.4897
 20
48.1694
 30
0.0
 11
77.2534
 21
48.2539
 31
0.0
  0
LINE
  5
E6D
  8
0
 10
77.2534
 20
48.2539
 30
0.0
 11
77.0266
 21
48.3612
 31
0.0
  0
LINE
  5
E6E
  8
0
 10
77.0266
 20
48.3612
 30
0.0
 11
76.8115
 21
48.4902
 31
0.0
  0
LINE
  5
E6F
  8
0
 10
76.8115
 20
48.4902
 30
0.0
 11
76.61
 21
48.6396
 31
0.0
  0
LINE
  5
E70
  8
0
 10
76.61
 20
48.6396
 30
0.0
 11
76.4241
 21
48.8081
 31
0.0
  0
LINE
  5
E71
  8
0
 10
76.4241
 20
48.8081
 30
0.0
 11
76.2556
 21
48.994
 31
0.0
  0
LINE
  5
E72
  8
0
 10
76.2556
 20
48.994
 30
0.0
 11
76.1061
 21
49.1955
 31
0.0
  0
LINE
  5
E73
  8
0
 10
76.1061
 20
49.1955
 30
0.0
 11
75.9771
 21
49.4107
 31
0.0
  0
LINE
  5
E74
  8
0
 10
75.9771
 20
49.4107
 30
0.0
 11
75.8699
 21
49.6375
 31
0.0
  0
LINE
  5
E75
  8
0
 10
75.8699
 20
49.6375
 30
0.0
 11
75.7854
 21
49.8737
 31
0.0
  0
LINE
  5
E76
  8
0
 10
75.7854
 20
49.8737
 30
0.0
 11
75.7244
 21
50.1171
 31
0.0
  0
LINE
  5
E77
  8
0
 10
75.7244
 20
50.1171
 30
0.0
 11
75.6876
 21
50.3652
 31
0.0
  0
LINE
  5
E78
  8
0
 10
75.6876
 20
50.3652
 30
0.0
 11
75.6753
 21
50.6158
 31
0.0
  0
LINE
  5
E79
  8
0
 10
75.6753
 20
50.6158
 30
0.0
 11
75.6876
 21
50.8664
 31
0.0
  0
LINE
  5
E7A
  8
0
 10
75.6876
 20
50.8664
 30
0.0
 11
75.7244
 21
51.1146
 31
0.0
  0
LINE
  5
E7B
  8
0
 10
75.7244
 20
51.1146
 30
0.0
 11
75.7854
 21
51.3579
 31
0.0
  0
LINE
  5
E7C
  8
0
 10
75.7854
 20
51.3579
 30
0.0
 11
75.8699
 21
51.5941
 31
0.0
  0
LINE
  5
E7D
  8
0
 10
75.8699
 20
51.5941
 30
0.0
 11
75.9771
 21
51.821
 31
0.0
  0
LINE
  5
E7E
  8
0
 10
75.9771
 20
51.821
 30
0.0
 11
76.1061
 21
52.0361
 31
0.0
  0
LINE
  5
E7F
  8
0
 10
76.1061
 20
52.0361
 30
0.0
 11
76.2556
 21
52.2376
 31
0.0
  0
LINE
  5
E80
  8
0
 10
76.2556
 20
52.2376
 30
0.0
 11
76.4241
 21
52.4235
 31
0.0
  0
LINE
  5
E81
  8
0
 10
76.4241
 20
52.4235
 30
0.0
 11
76.6099
 21
52.592
 31
0.0
  0
LINE
  5
E82
  8
0
 10
76.6099
 20
52.592
 30
0.0
 11
76.8115
 21
52.7415
 31
0.0
  0
LINE
  5
E83
  8
0
 10
76.8115
 20
52.7415
 30
0.0
 11
77.0266
 21
52.8705
 31
0.0
  0
LINE
  5
E84
  8
0
 10
77.0266
 20
52.8705
 30
0.0
 11
77.2534
 21
52.9777
 31
0.0
  0
LINE
  5
E85
  8
0
 10
77.2534
 20
52.9777
 30
0.0
 11
77.4897
 21
53.0622
 31
0.0
  0
LINE
  5
E86
  8
0
 10
77.4897
 20
53.0622
 30
0.0
 11
77.733
 21
53.1232
 31
0.0
  0
LINE
  5
E87
  8
0
 10
77.733
 20
53.1232
 30
0.0
 11
77.9812
 21
53.16
 31
0.0
  0
LINE
  5
E88
  8
0
 10
77.9812
 20
53.16
 30
0.0
 11
78.2318
 21
53.1723
 31
0.0
  0
LINE
  5
E89
  8
0
 10
78.2318
 20
53.1723
 30
0.0
 11
78.4824
 21
53.16
 31
0.0
  0
LINE
  5
E8A
  8
0
 10
78.4824
 20
53.16
 30
0.0
 11
78.7305
 21
53.1232
 31
0.0
  0
LINE
  5
E8B
  8
0
 10
78.7305
 20
53.1232
 30
0.0
 11
78.9739
 21
53.0622
 31
0.0
  0
LINE
  5
E8C
  8
0
 10
78.9739
 20
53.0622
 30
0.0
 11
79.2101
 21
52.9777
 31
0.0
  0
LINE
  5
E8D
  8
0
 10
79.2101
 20
52.9777
 30
0.0
 11
79.4369
 21
52.8705
 31
0.0
  0
LINE
  5
E8E
  8
0
 10
79.4369
 20
52.8705
 30
0.0
 11
79.6521
 21
52.7415
 31
0.0
  0
LINE
  5
E8F
  8
0
 10
79.6521
 20
52.7415
 30
0.0
 11
79.8536
 21
52.592
 31
0.0
  0
LINE
  5
E90
  8
0
 10
79.8536
 20
52.592
 30
0.0
 11
80.0395
 21
52.4235
 31
0.0
  0
LINE
  5
E91
  8
0
 10
80.0395
 20
52.4235
 30
0.0
 11
80.208
 21
52.2376
 31
0.0
  0
LINE
  5
E92
  8
0
 10
80.208
 20
52.2376
 30
0.0
 11
80.3574
 21
52.0361
 31
0.0
  0
LINE
  5
E93
  8
0
 10
80.3574
 20
52.0361
 30
0.0
 11
80.4864
 21
51.8209
 31
0.0
  0
LINE
  5
E94
  8
0
 10
80.4864
 20
51.8209
 30
0.0
 11
80.5937
 21
51.5941
 31
0.0
  0
LINE
  5
E95
  8
0
 10
80.5937
 20
51.5941
 30
0.0
 11
80.6782
 21
51.3579
 31
0.0
  0
LINE
  5
E96
  8
0
 10
80.6782
 20
51.3579
 30
0.0
 11
80.7391
 21
51.1146
 31
0.0
  0
LINE
  5
E97
  8
0
 10
80.7391
 20
51.1146
 30
0.0
 11
80.776
 21
50.8664
 31
0.0
  0
LINE
  5
E98
  8
0
 10
80.776
 20
50.8664
 30
0.0
 11
80.7883
 21
50.6158
 31
0.0
  0
LINE
  5
E99
  8
0
 10
80.7883
 20
50.6158
 30
0.0
 11
80.776
 21
50.3652
 31
0.0
  0
LINE
  5
E9A
  8
0
 10
80.776
 20
50.3652
 30
0.0
 11
80.7391
 21
50.1171
 31
0.0
  0
LINE
  5
E9B
  8
0
 10
80.7391
 20
50.1171
 30
0.0
 11
80.6782
 21
49.8737
 31
0.0
  0
LINE
  5
E9C
  8
0
 10
80.6782
 20
49.8737
 30
0.0
 11
80.5937
 21
49.6375
 31
0.0
  0
LINE
  5
E9D
  8
0
 10
80.5937
 20
49.6375
 30
0.0
 11
80.5325
 21
49.5082
 31
0.0
  0
LINE
  5
E9E
  8
0
 10
80.5325
 20
49.5082
 30
0.0
 11
81.3577
 21
48.683
 31
0.0
  0
LINE
  5
E9F
  8
0
 10
81.3577
 20
48.683
 30
0.0
 11
80.1646
 21
47.4899
 31
0.0
  0
LINE
  5
EA0
  8
0
 10
80.1646
 20
47.4899
 30
0.0
 11
79.3394
 21
48.3151
 31
0.0
  0
LINE
  5
EA1
  8
0
 10
79.6779
 20
50.6158
 30
0.0
 11
78.2318
 21
52.062
 31
0.0
  0
LINE
  5
EA2
  8
0
 10
78.2318
 20
52.062
 30
0.0
 11
76.7856
 21
50.6158
 31
0.0
  0
LINE
  5
EA3
  8
0
 10
76.7856
 20
50.6158
 30
0.0
 11
78.2318
 21
49.1696
 31
0.0
  0
LINE
  5
EA4
  8
0
 10
78.2318
 20
49.1696
 30
0.0
 11
79.6779
 21
50.6158
 31
0.0
  0
LINE
  5
EA5
  8
0
 10
42.5258
 20
48.3151
 30
0.0
 11
42.3965
 21
48.2539
 31
0.0
  0
LINE
  5
EA6
  8
0
 10
42.3965
 20
48.2539
 30
0.0
 11
42.1603
 21
48.1694
 31
0.0
  0
LINE
  5
EA7
  8
0
 10
42.1603
 20
48.1694
 30
0.0
 11
41.9169
 21
48.1084
 31
0.0
  0
LINE
  5
EA8
  8
0
 10
41.9169
 20
48.1084
 30
0.0
 11
41.6688
 21
48.0716
 31
0.0
  0
LINE
  5
EA9
  8
0
 10
41.6688
 20
48.0716
 30
0.0
 11
41.4182
 21
48.0593
 31
0.0
  0
LINE
  5
EAA
  8
0
 10
41.4182
 20
48.0593
 30
0.0
 11
41.1676
 21
48.0716
 31
0.0
  0
LINE
  5
EAB
  8
0
 10
41.1676
 20
48.0716
 30
0.0
 11
40.9194
 21
48.1085
 31
0.0
  0
LINE
  5
EAC
  8
0
 10
40.9194
 20
48.1085
 30
0.0
 11
40.6761
 21
48.1694
 31
0.0
  0
LINE
  5
EAD
  8
0
 10
40.6761
 20
48.1694
 30
0.0
 11
40.4398
 21
48.2539
 31
0.0
  0
LINE
  5
EAE
  8
0
 10
40.4398
 20
48.2539
 30
0.0
 11
40.213
 21
48.3612
 31
0.0
  0
LINE
  5
EAF
  8
0
 10
40.213
 20
48.3612
 30
0.0
 11
39.9979
 21
48.4902
 31
0.0
  0
LINE
  5
EB0
  8
0
 10
39.9979
 20
48.4902
 30
0.0
 11
39.7964
 21
48.6396
 31
0.0
  0
LINE
  5
EB1
  8
0
 10
39.7964
 20
48.6396
 30
0.0
 11
39.6105
 21
48.8081
 31
0.0
  0
LINE
  5
EB2
  8
0
 10
39.6105
 20
48.8081
 30
0.0
 11
39.442
 21
48.994
 31
0.0
  0
LINE
  5
EB3
  8
0
 10
39.442
 20
48.994
 30
0.0
 11
39.2925
 21
49.1955
 31
0.0
  0
LINE
  5
EB4
  8
0
 10
39.2925
 20
49.1955
 30
0.0
 11
39.1635
 21
49.4107
 31
0.0
  0
LINE
  5
EB5
  8
0
 10
39.1635
 20
49.4107
 30
0.0
 11
39.0563
 21
49.6375
 31
0.0
  0
LINE
  5
EB6
  8
0
 10
39.0563
 20
49.6375
 30
0.0
 11
38.9718
 21
49.8737
 31
0.0
  0
LINE
  5
EB7
  8
0
 10
38.9718
 20
49.8737
 30
0.0
 11
38.9108
 21
50.1171
 31
0.0
  0
LINE
  5
EB8
  8
0
 10
38.9108
 20
50.1171
 30
0.0
 11
38.874
 21
50.3652
 31
0.0
  0
LINE
  5
EB9
  8
0
 10
38.874
 20
50.3652
 30
0.0
 11
38.8617
 21
50.6158
 31
0.0
  0
LINE
  5
EBA
  8
0
 10
38.8617
 20
50.6158
 30
0.0
 11
38.874
 21
50.8664
 31
0.0
  0
LINE
  5
EBB
  8
0
 10
38.874
 20
50.8664
 30
0.0
 11
38.9108
 21
51.1146
 31
0.0
  0
LINE
  5
EBC
  8
0
 10
38.9108
 20
51.1146
 30
0.0
 11
38.9718
 21
51.3579
 31
0.0
  0
LINE
  5
EBD
  8
0
 10
38.9718
 20
51.3579
 30
0.0
 11
39.0563
 21
51.5941
 31
0.0
  0
LINE
  5
EBE
  8
0
 10
39.0563
 20
51.5941
 30
0.0
 11
39.1635
 21
51.821
 31
0.0
  0
LINE
  5
EBF
  8
0
 10
39.1635
 20
51.821
 30
0.0
 11
39.2925
 21
52.0361
 31
0.0
  0
LINE
  5
EC0
  8
0
 10
39.2925
 20
52.0361
 30
0.0
 11
39.442
 21
52.2376
 31
0.0
  0
LINE
  5
EC1
  8
0
 10
39.442
 20
52.2376
 30
0.0
 11
39.6105
 21
52.4235
 31
0.0
  0
LINE
  5
EC2
  8
0
 10
39.6105
 20
52.4235
 30
0.0
 11
39.7963
 21
52.592
 31
0.0
  0
LINE
  5
EC3
  8
0
 10
39.7963
 20
52.592
 30
0.0
 11
39.9979
 21
52.7415
 31
0.0
  0
LINE
  5
EC4
  8
0
 10
39.9979
 20
52.7415
 30
0.0
 11
40.213
 21
52.8705
 31
0.0
  0
LINE
  5
EC5
  8
0
 10
40.213
 20
52.8705
 30
0.0
 11
40.4398
 21
52.9777
 31
0.0
  0
LINE
  5
EC6
  8
0
 10
40.4398
 20
52.9777
 30
0.0
 11
40.6761
 21
53.0622
 31
0.0
  0
LINE
  5
EC7
  8
0
 10
40.6761
 20
53.0622
 30
0.0
 11
40.9194
 21
53.1232
 31
0.0
  0
LINE
  5
EC8
  8
0
 10
40.9194
 20
53.1232
 30
0.0
 11
41.1676
 21
53.16
 31
0.0
  0
LINE
  5
EC9
  8
0
 10
41.1676
 20
53.16
 30
0.0
 11
41.4182
 21
53.1723
 31
0.0
  0
LINE
  5
ECA
  8
0
 10
41.4182
 20
53.1723
 30
0.0
 11
41.6688
 21
53.16
 31
0.0
  0
LINE
  5
ECB
  8
0
 10
41.6688
 20
53.16
 30
0.0
 11
41.9169
 21
53.1232
 31
0.0
  0
LINE
  5
ECC
  8
0
 10
41.9169
 20
53.1232
 30
0.0
 11
42.1603
 21
53.0622
 31
0.0
  0
LINE
  5
ECD
  8
0
 10
42.1603
 20
53.0622
 30
0.0
 11
42.3965
 21
52.9777
 31
0.0
  0
LINE
  5
ECE
  8
0
 10
42.3965
 20
52.9777
 30
0.0
 11
42.6233
 21
52.8705
 31
0.0
  0
LINE
  5
ECF
  8
0
 10
42.6233
 20
52.8705
 30
0.0
 11
42.8385
 21
52.7415
 31
0.0
  0
LINE
  5
ED0
  8
0
 10
42.8385
 20
52.7415
 30
0.0
 11
43.04
 21
52.592
 31
0.0
  0
LINE
  5
ED1
  8
0
 10
43.04
 20
52.592
 30
0.0
 11
43.2259
 21
52.4235
 31
0.0
  0
LINE
  5
ED2
  8
0
 10
43.2259
 20
52.4235
 30
0.0
 11
43.3944
 21
52.2376
 31
0.0
  0
LINE
  5
ED3
  8
0
 10
43.3944
 20
52.2376
 30
0.0
 11
43.5438
 21
52.0361
 31
0.0
  0
LINE
  5
ED4
  8
0
 10
43.5438
 20
52.0361
 30
0.0
 11
43.6728
 21
51.8209
 31
0.0
  0
LINE
  5
ED5
  8
0
 10
43.6728
 20
51.8209
 30
0.0
 11
43.7801
 21
51.5941
 31
0.0
  0
LINE
  5
ED6
  8
0
 10
43.7801
 20
51.5941
 30
0.0
 11
43.8646
 21
51.3579
 31
0.0
  0
LINE
  5
ED7
  8
0
 10
43.8646
 20
51.3579
 30
0.0
 11
43.9255
 21
51.1146
 31
0.0
  0
LINE
  5
ED8
  8
0
 10
43.9255
 20
51.1146
 30
0.0
 11
43.9624
 21
50.8664
 31
0.0
  0
LINE
  5
ED9
  8
0
 10
43.9624
 20
50.8664
 30
0.0
 11
43.9747
 21
50.6158
 31
0.0
  0
LINE
  5
EDA
  8
0
 10
43.9747
 20
50.6158
 30
0.0
 11
43.9624
 21
50.3652
 31
0.0
  0
LINE
  5
EDB
  8
0
 10
43.9624
 20
50.3652
 30
0.0
 11
43.9255
 21
50.1171
 31
0.0
  0
LINE
  5
EDC
  8
0
 10
43.9255
 20
50.1171
 30
0.0
 11
43.8646
 21
49.8737
 31
0.0
  0
LINE
  5
EDD
  8
0
 10
43.8646
 20
49.8737
 30
0.0
 11
43.7801
 21
49.6375
 31
0.0
  0
LINE
  5
EDE
  8
0
 10
43.7801
 20
49.6375
 30
0.0
 11
43.7189
 21
49.5082
 31
0.0
  0
LINE
  5
EDF
  8
0
 10
43.7189
 20
49.5082
 30
0.0
 11
44.5441
 21
48.683
 31
0.0
  0
LINE
  5
EE0
  8
0
 10
44.5441
 20
48.683
 30
0.0
 11
43.351
 21
47.4899
 31
0.0
  0
LINE
  5
EE1
  8
0
 10
43.351
 20
47.4899
 30
0.0
 11
42.5258
 21
48.3151
 31
0.0
  0
LINE
  5
EE2
  8
0
 10
42.8643
 20
50.6158
 30
0.0
 11
41.4182
 21
52.062
 31
0.0
  0
LINE
  5
EE3
  8
0
 10
41.4182
 20
52.062
 30
0.0
 11
39.972
 21
50.6158
 31
0.0
  0
LINE
  5
EE4
  8
0
 10
39.972
 20
50.6158
 30
0.0
 11
41.4182
 21
49.1696
 31
0.0
  0
LINE
  5
EE5
  8
0
 10
41.4182
 20
49.1696
 30
0.0
 11
42.8643
 21
50.6158
 31
0.0
  0
LINE
  5
EE6
  8
0
 10
102.71
 20
48.683
 30
0.0
 11
103.535
 21
49.5082
 31
0.0
  0
LINE
  5
EE7
  8
0
 10
103.535
 20
49.5082
 30
0.0
 11
103.474
 21
49.6375
 31
0.0
  0
LINE
  5
EE8
  8
0
 10
103.474
 20
49.6375
 30
0.0
 11
103.39
 21
49.8737
 31
0.0
  0
LINE
  5
EE9
  8
0
 10
103.39
 20
49.8737
 30
0.0
 11
103.329
 21
50.1171
 31
0.0
  0
LINE
  5
EEA
  8
0
 10
103.329
 20
50.1171
 30
0.0
 11
103.292
 21
50.3652
 31
0.0
  0
LINE
  5
EEB
  8
0
 10
103.292
 20
50.3652
 30
0.0
 11
103.28
 21
50.6158
 31
0.0
  0
LINE
  5
EEC
  8
0
 10
103.28
 20
50.6158
 30
0.0
 11
103.292
 21
50.8664
 31
0.0
  0
LINE
  5
EED
  8
0
 10
103.292
 20
50.8664
 30
0.0
 11
103.329
 21
51.1146
 31
0.0
  0
LINE
  5
EEE
  8
0
 10
103.329
 20
51.1146
 30
0.0
 11
103.39
 21
51.3579
 31
0.0
  0
LINE
  5
EEF
  8
0
 10
103.39
 20
51.3579
 30
0.0
 11
103.474
 21
51.5941
 31
0.0
  0
LINE
  5
EF0
  8
0
 10
103.474
 20
51.5941
 30
0.0
 11
103.582
 21
51.8209
 31
0.0
  0
LINE
  5
EF1
  8
0
 10
103.582
 20
51.8209
 30
0.0
 11
103.711
 21
52.0361
 31
0.0
  0
LINE
  5
EF2
  8
0
 10
103.711
 20
52.0361
 30
0.0
 11
103.86
 21
52.2376
 31
0.0
  0
LINE
  5
EF3
  8
0
 10
103.86
 20
52.2376
 30
0.0
 11
104.028
 21
52.4235
 31
0.0
  0
LINE
  5
EF4
  8
0
 10
104.028
 20
52.4235
 30
0.0
 11
104.214
 21
52.592
 31
0.0
  0
LINE
  5
EF5
  8
0
 10
104.214
 20
52.592
 30
0.0
 11
104.416
 21
52.7415
 31
0.0
  0
LINE
  5
EF6
  8
0
 10
104.416
 20
52.7415
 30
0.0
 11
104.631
 21
52.8705
 31
0.0
  0
LINE
  5
EF7
  8
0
 10
104.631
 20
52.8705
 30
0.0
 11
104.858
 21
52.9777
 31
0.0
  0
LINE
  5
EF8
  8
0
 10
104.858
 20
52.9777
 30
0.0
 11
105.094
 21
53.0622
 31
0.0
  0
LINE
  5
EF9
  8
0
 10
105.094
 20
53.0622
 30
0.0
 11
105.337
 21
53.1232
 31
0.0
  0
LINE
  5
EFA
  8
0
 10
105.337
 20
53.1232
 30
0.0
 11
105.586
 21
53.16
 31
0.0
  0
LINE
  5
EFB
  8
0
 10
105.586
 20
53.16
 30
0.0
 11
105.836
 21
53.1723
 31
0.0
  0
LINE
  5
EFC
  8
0
 10
105.836
 20
53.1723
 30
0.0
 11
106.087
 21
53.16
 31
0.0
  0
LINE
  5
EFD
  8
0
 10
106.087
 20
53.16
 30
0.0
 11
106.335
 21
53.1232
 31
0.0
  0
LINE
  5
EFE
  8
0
 10
106.335
 20
53.1232
 30
0.0
 11
106.578
 21
53.0622
 31
0.0
  0
LINE
  5
EFF
  8
0
 10
106.578
 20
53.0622
 30
0.0
 11
106.815
 21
52.9777
 31
0.0
  0
LINE
  5
F00
  8
0
 10
106.815
 20
52.9777
 30
0.0
 11
107.041
 21
52.8705
 31
0.0
  0
LINE
  5
F01
  8
0
 10
107.041
 20
52.8705
 30
0.0
 11
107.257
 21
52.7415
 31
0.0
  0
LINE
  5
F02
  8
0
 10
107.257
 20
52.7415
 30
0.0
 11
107.458
 21
52.592
 31
0.0
  0
LINE
  5
F03
  8
0
 10
107.458
 20
52.592
 30
0.0
 11
107.644
 21
52.4235
 31
0.0
  0
LINE
  5
F04
  8
0
 10
107.644
 20
52.4235
 30
0.0
 11
107.812
 21
52.2376
 31
0.0
  0
LINE
  5
F05
  8
0
 10
107.812
 20
52.2376
 30
0.0
 11
107.962
 21
52.0361
 31
0.0
  0
LINE
  5
F06
  8
0
 10
107.962
 20
52.0361
 30
0.0
 11
108.091
 21
51.821
 31
0.0
  0
LINE
  5
F07
  8
0
 10
108.091
 20
51.821
 30
0.0
 11
108.198
 21
51.5941
 31
0.0
  0
LINE
  5
F08
  8
0
 10
108.198
 20
51.5941
 30
0.0
 11
108.283
 21
51.3579
 31
0.0
  0
LINE
  5
F09
  8
0
 10
108.283
 20
51.3579
 30
0.0
 11
108.344
 21
51.1146
 31
0.0
  0
LINE
  5
F0A
  8
0
 10
108.344
 20
51.1146
 30
0.0
 11
108.38
 21
50.8664
 31
0.0
  0
LINE
  5
F0B
  8
0
 10
108.38
 20
50.8664
 30
0.0
 11
108.393
 21
50.6158
 31
0.0
  0
LINE
  5
F0C
  8
0
 10
108.393
 20
50.6158
 30
0.0
 11
108.38
 21
50.3652
 31
0.0
  0
LINE
  5
F0D
  8
0
 10
108.38
 20
50.3652
 30
0.0
 11
108.344
 21
50.1171
 31
0.0
  0
LINE
  5
F0E
  8
0
 10
108.344
 20
50.1171
 30
0.0
 11
108.283
 21
49.8737
 31
0.0
  0
LINE
  5
F0F
  8
0
 10
108.283
 20
49.8737
 30
0.0
 11
108.198
 21
49.6375
 31
0.0
  0
LINE
  5
F10
  8
0
 10
108.198
 20
49.6375
 30
0.0
 11
108.091
 21
49.4107
 31
0.0
  0
LINE
  5
F11
  8
0
 10
108.091
 20
49.4107
 30
0.0
 11
107.962
 21
49.1955
 31
0.0
  0
LINE
  5
F12
  8
0
 10
107.962
 20
49.1955
 30
0.0
 11
107.812
 21
48.994
 31
0.0
  0
LINE
  5
F13
  8
0
 10
107.812
 20
48.994
 30
0.0
 11
107.644
 21
48.8081
 31
0.0
  0
LINE
  5
F14
  8
0
 10
107.644
 20
48.8081
 30
0.0
 11
107.458
 21
48.6396
 31
0.0
  0
LINE
  5
F15
  8
0
 10
107.458
 20
48.6396
 30
0.0
 11
107.257
 21
48.4902
 31
0.0
  0
LINE
  5
F16
  8
0
 10
107.257
 20
48.4902
 30
0.0
 11
107.041
 21
48.3612
 31
0.0
  0
LINE
  5
F17
  8
0
 10
107.041
 20
48.3612
 30
0.0
 11
106.815
 21
48.2539
 31
0.0
  0
LINE
  5
F18
  8
0
 10
106.815
 20
48.2539
 30
0.0
 11
106.578
 21
48.1694
 31
0.0
  0
LINE
  5
F19
  8
0
 10
106.578
 20
48.1694
 30
0.0
 11
106.335
 21
48.1085
 31
0.0
  0
LINE
  5
F1A
  8
0
 10
106.335
 20
48.1085
 30
0.0
 11
106.087
 21
48.0716
 31
0.0
  0
LINE
  5
F1B
  8
0
 10
106.087
 20
48.0716
 30
0.0
 11
105.836
 21
48.0593
 31
0.0
  0
LINE
  5
F1C
  8
0
 10
105.836
 20
48.0593
 30
0.0
 11
105.586
 21
48.0716
 31
0.0
  0
LINE
  5
F1D
  8
0
 10
105.586
 20
48.0716
 30
0.0
 11
105.337
 21
48.1084
 31
0.0
  0
LINE
  5
F1E
  8
0
 10
105.337
 20
48.1084
 30
0.0
 11
105.094
 21
48.1694
 31
0.0
  0
LINE
  5
F1F
  8
0
 10
105.094
 20
48.1694
 30
0.0
 11
104.858
 21
48.2539
 31
0.0
  0
LINE
  5
F20
  8
0
 10
104.858
 20
48.2539
 30
0.0
 11
104.729
 21
48.3151
 31
0.0
  0
LINE
  5
F21
  8
0
 10
104.729
 20
48.3151
 30
0.0
 11
103.903
 21
47.4899
 31
0.0
  0
LINE
  5
F22
  8
0
 10
103.903
 20
47.4899
 30
0.0
 11
102.71
 21
48.683
 31
0.0
  0
LINE
  5
F23
  8
0
 10
107.282
 20
50.6158
 30
0.0
 11
105.836
 21
52.062
 31
0.0
  0
LINE
  5
F24
  8
0
 10
105.836
 20
52.062
 30
0.0
 11
104.39
 21
50.6158
 31
0.0
  0
LINE
  5
F25
  8
0
 10
104.39
 20
50.6158
 30
0.0
 11
105.836
 21
49.1696
 31
0.0
  0
LINE
  5
F26
  8
0
 10
105.836
 20
49.1696
 30
0.0
 11
107.282
 21
50.6158
 31
0.0
  0
LINE
  5
F27
  8
0
 10
65.8967
 20
48.683
 30
0.0
 11
66.7219
 21
49.5082
 31
0.0
  0
LINE
  5
F28
  8
0
 10
66.7219
 20
49.5082
 30
0.0
 11
66.6607
 21
49.6375
 31
0.0
  0
LINE
  5
F29
  8
0
 10
66.6607
 20
49.6375
 30
0.0
 11
66.5762
 21
49.8737
 31
0.0
  0
LINE
  5
F2A
  8
0
 10
66.5762
 20
49.8737
 30
0.0
 11
66.5152
 21
50.1171
 31
0.0
  0
LINE
  5
F2B
  8
0
 10
66.5152
 20
50.1171
 30
0.0
 11
66.4784
 21
50.3652
 31
0.0
  0
LINE
  5
F2C
  8
0
 10
66.4784
 20
50.3652
 30
0.0
 11
66.4661
 21
50.6158
 31
0.0
  0
LINE
  5
F2D
  8
0
 10
66.4661
 20
50.6158
 30
0.0
 11
66.4784
 21
50.8664
 31
0.0
  0
LINE
  5
F2E
  8
0
 10
66.4784
 20
50.8664
 30
0.0
 11
66.5153
 21
51.1146
 31
0.0
  0
LINE
  5
F2F
  8
0
 10
66.5153
 20
51.1146
 30
0.0
 11
66.5762
 21
51.3579
 31
0.0
  0
LINE
  5
F30
  8
0
 10
66.5762
 20
51.3579
 30
0.0
 11
66.6607
 21
51.5941
 31
0.0
  0
LINE
  5
F31
  8
0
 10
66.6607
 20
51.5941
 30
0.0
 11
66.768
 21
51.8209
 31
0.0
  0
LINE
  5
F32
  8
0
 10
66.768
 20
51.8209
 30
0.0
 11
66.897
 21
52.0361
 31
0.0
  0
LINE
  5
F33
  8
0
 10
66.897
 20
52.0361
 30
0.0
 11
67.0464
 21
52.2376
 31
0.0
  0
LINE
  5
F34
  8
0
 10
67.0464
 20
52.2376
 30
0.0
 11
67.2149
 21
52.4235
 31
0.0
  0
LINE
  5
F35
  8
0
 10
67.2149
 20
52.4235
 30
0.0
 11
67.4008
 21
52.592
 31
0.0
  0
LINE
  5
F36
  8
0
 10
67.4008
 20
52.592
 30
0.0
 11
67.6023
 21
52.7415
 31
0.0
  0
LINE
  5
F37
  8
0
 10
67.6023
 20
52.7415
 30
0.0
 11
67.8175
 21
52.8705
 31
0.0
  0
LINE
  5
F38
  8
0
 10
67.8175
 20
52.8705
 30
0.0
 11
68.0443
 21
52.9777
 31
0.0
  0
LINE
  5
F39
  8
0
 10
68.0443
 20
52.9777
 30
0.0
 11
68.2805
 21
53.0622
 31
0.0
  0
LINE
  5
F3A
  8
0
 10
68.2805
 20
53.0622
 30
0.0
 11
68.5239
 21
53.1232
 31
0.0
  0
LINE
  5
F3B
  8
0
 10
68.5239
 20
53.1232
 30
0.0
 11
68.772
 21
53.16
 31
0.0
  0
LINE
  5
F3C
  8
0
 10
68.772
 20
53.16
 30
0.0
 11
69.0226
 21
53.1723
 31
0.0
  0
LINE
  5
F3D
  8
0
 10
69.0226
 20
53.1723
 30
0.0
 11
69.2732
 21
53.16
 31
0.0
  0
LINE
  5
F3E
  8
0
 10
69.2732
 20
53.16
 30
0.0
 11
69.5214
 21
53.1232
 31
0.0
  0
LINE
  5
F3F
  8
0
 10
69.5214
 20
53.1232
 30
0.0
 11
69.7647
 21
53.0622
 31
0.0
  0
LINE
  5
F40
  8
0
 10
69.7647
 20
53.0622
 30
0.0
 11
70.001
 21
52.9777
 31
0.0
  0
LINE
  5
F41
  8
0
 10
70.001
 20
52.9777
 30
0.0
 11
70.2278
 21
52.8705
 31
0.0
  0
LINE
  5
F42
  8
0
 10
70.2278
 20
52.8705
 30
0.0
 11
70.4429
 21
52.7415
 31
0.0
  0
LINE
  5
F43
  8
0
 10
70.4429
 20
52.7415
 30
0.0
 11
70.6445
 21
52.592
 31
0.0
  0
LINE
  5
F44
  8
0
 10
70.6445
 20
52.592
 30
0.0
 11
70.8303
 21
52.4235
 31
0.0
  0
LINE
  5
F45
  8
0
 10
70.8303
 20
52.4235
 30
0.0
 11
70.9988
 21
52.2376
 31
0.0
  0
LINE
  5
F46
  8
0
 10
70.9988
 20
52.2376
 30
0.0
 11
71.1483
 21
52.0361
 31
0.0
  0
LINE
  5
F47
  8
0
 10
71.1483
 20
52.0361
 30
0.0
 11
71.2773
 21
51.821
 31
0.0
  0
LINE
  5
F48
  8
0
 10
71.2773
 20
51.821
 30
0.0
 11
71.3845
 21
51.5941
 31
0.0
  0
LINE
  5
F49
  8
0
 10
71.3845
 20
51.5941
 30
0.0
 11
71.469
 21
51.3579
 31
0.0
  0
LINE
  5
F4A
  8
0
 10
71.469
 20
51.3579
 30
0.0
 11
71.53
 21
51.1146
 31
0.0
  0
LINE
  5
F4B
  8
0
 10
71.53
 20
51.1146
 30
0.0
 11
71.5668
 21
50.8664
 31
0.0
  0
LINE
  5
F4C
  8
0
 10
71.5668
 20
50.8664
 30
0.0
 11
71.5791
 21
50.6158
 31
0.0
  0
LINE
  5
F4D
  8
0
 10
71.5791
 20
50.6158
 30
0.0
 11
71.5668
 21
50.3652
 31
0.0
  0
LINE
  5
F4E
  8
0
 10
71.5668
 20
50.3652
 30
0.0
 11
71.53
 21
50.1171
 31
0.0
  0
LINE
  5
F4F
  8
0
 10
71.53
 20
50.1171
 30
0.0
 11
71.469
 21
49.8737
 31
0.0
  0
LINE
  5
F50
  8
0
 10
71.469
 20
49.8737
 30
0.0
 11
71.3845
 21
49.6375
 31
0.0
  0
LINE
  5
F51
  8
0
 10
71.3845
 20
49.6375
 30
0.0
 11
71.2773
 21
49.4107
 31
0.0
  0
LINE
  5
F52
  8
0
 10
71.2773
 20
49.4107
 30
0.0
 11
71.1483
 21
49.1955
 31
0.0
  0
LINE
  5
F53
  8
0
 10
71.1483
 20
49.1955
 30
0.0
 11
70.9988
 21
48.994
 31
0.0
  0
LINE
  5
F54
  8
0
 10
70.9988
 20
48.994
 30
0.0
 11
70.8303
 21
48.8081
 31
0.0
  0
LINE
  5
F55
  8
0
 10
70.8303
 20
48.8081
 30
0.0
 11
70.6444
 21
48.6396
 31
0.0
  0
LINE
  5
F56
  8
0
 10
70.6444
 20
48.6396
 30
0.0
 11
70.4429
 21
48.4902
 31
0.0
  0
LINE
  5
F57
  8
0
 10
70.4429
 20
48.4902
 30
0.0
 11
70.2277
 21
48.3612
 31
0.0
  0
LINE
  5
F58
  8
0
 10
70.2277
 20
48.3612
 30
0.0
 11
70.0009
 21
48.2539
 31
0.0
  0
LINE
  5
F59
  8
0
 10
70.0009
 20
48.2539
 30
0.0
 11
69.7647
 21
48.1694
 31
0.0
  0
LINE
  5
F5A
  8
0
 10
69.7647
 20
48.1694
 30
0.0
 11
69.5214
 21
48.1085
 31
0.0
  0
LINE
  5
F5B
  8
0
 10
69.5214
 20
48.1085
 30
0.0
 11
69.2732
 21
48.0716
 31
0.0
  0
LINE
  5
F5C
  8
0
 10
69.2732
 20
48.0716
 30
0.0
 11
69.0226
 21
48.0593
 31
0.0
  0
LINE
  5
F5D
  8
0
 10
69.0226
 20
48.0593
 30
0.0
 11
68.772
 21
48.0716
 31
0.0
  0
LINE
  5
F5E
  8
0
 10
68.772
 20
48.0716
 30
0.0
 11
68.5238
 21
48.1084
 31
0.0
  0
LINE
  5
F5F
  8
0
 10
68.5238
 20
48.1084
 30
0.0
 11
68.2805
 21
48.1694
 31
0.0
  0
LINE
  5
F60
  8
0
 10
68.2805
 20
48.1694
 30
0.0
 11
68.0443
 21
48.2539
 31
0.0
  0
LINE
  5
F61
  8
0
 10
68.0443
 20
48.2539
 30
0.0
 11
67.915
 21
48.3151
 31
0.0
  0
LINE
  5
F62
  8
0
 10
67.915
 20
48.3151
 30
0.0
 11
67.0898
 21
47.4899
 31
0.0
  0
LINE
  5
F63
  8
0
 10
67.0898
 20
47.4899
 30
0.0
 11
65.8967
 21
48.683
 31
0.0
  0
LINE
  5
F64
  8
0
 10
70.4688
 20
50.6158
 30
0.0
 11
69.0226
 21
52.062
 31
0.0
  0
LINE
  5
F65
  8
0
 10
69.0226
 20
52.062
 30
0.0
 11
67.5764
 21
50.6158
 31
0.0
  0
LINE
  5
F66
  8
0
 10
67.5764
 20
50.6158
 30
0.0
 11
69.0226
 21
49.1696
 31
0.0
  0
LINE
  5
F67
  8
0
 10
69.0226
 20
49.1696
 30
0.0
 11
70.4688
 21
50.6158
 31
0.0
  0
LINE
  5
F68
  8
0
 10
5.71222
 20
48.3151
 30
0.0
 11
5.58292
 21
48.2539
 31
0.0
  0
LINE
  5
F69
  8
0
 10
5.58292
 20
48.2539
 30
0.0
 11
5.34669
 21
48.1694
 31
0.0
  0
LINE
  5
F6A
  8
0
 10
5.34669
 20
48.1694
 30
0.0
 11
5.10333
 21
48.1084
 31
0.0
  0
LINE
  5
F6B
  8
0
 10
5.10333
 20
48.1084
 30
0.0
 11
4.85518
 21
48.0716
 31
0.0
  0
LINE
  5
F6C
  8
0
 10
4.85518
 20
48.0716
 30
0.0
 11
4.60458
 21
48.0593
 31
0.0
  0
LINE
  5
F6D
  8
0
 10
4.60458
 20
48.0593
 30
0.0
 11
4.354
 21
48.0716
 31
0.0
  0
LINE
  5
F6E
  8
0
 10
4.354
 20
48.0716
 30
0.0
 11
4.10582
 21
48.1085
 31
0.0
  0
LINE
  5
F6F
  8
0
 10
4.10582
 20
48.1085
 30
0.0
 11
3.86247
 21
48.1694
 31
0.0
  0
LINE
  5
F70
  8
0
 10
3.86247
 20
48.1694
 30
0.0
 11
3.62625
 21
48.2539
 31
0.0
  0
LINE
  5
F71
  8
0
 10
3.62625
 20
48.2539
 30
0.0
 11
3.39944
 21
48.3612
 31
0.0
  0
LINE
  5
F72
  8
0
 10
3.39944
 20
48.3612
 30
0.0
 11
3.18427
 21
48.4902
 31
0.0
  0
LINE
  5
F73
  8
0
 10
3.18427
 20
48.4902
 30
0.0
 11
2.98276
 21
48.6396
 31
0.0
  0
LINE
  5
F74
  8
0
 10
2.98276
 20
48.6396
 30
0.0
 11
2.79684
 21
48.8081
 31
0.0
  0
LINE
  5
F75
  8
0
 10
2.79684
 20
48.8081
 30
0.0
 11
2.62836
 21
48.994
 31
0.0
  0
LINE
  5
F76
  8
0
 10
2.62836
 20
48.994
 30
0.0
 11
2.47893
 21
49.1955
 31
0.0
  0
LINE
  5
F77
  8
0
 10
2.47893
 20
49.1955
 30
0.0
 11
2.34993
 21
49.4107
 31
0.0
  0
LINE
  5
F78
  8
0
 10
2.34993
 20
49.4107
 30
0.0
 11
2.24269
 21
49.6375
 31
0.0
  0
LINE
  5
F79
  8
0
 10
2.24269
 20
49.6375
 30
0.0
 11
2.15816
 21
49.8737
 31
0.0
  0
LINE
  5
F7A
  8
0
 10
2.15816
 20
49.8737
 30
0.0
 11
2.0972
 21
50.1171
 31
0.0
  0
LINE
  5
F7B
  8
0
 10
2.0972
 20
50.1171
 30
0.0
 11
2.06039
 21
50.3652
 31
0.0
  0
LINE
  5
F7C
  8
0
 10
2.06039
 20
50.3652
 30
0.0
 11
2.04808
 21
50.6158
 31
0.0
  0
LINE
  5
F7D
  8
0
 10
2.04808
 20
50.6158
 30
0.0
 11
2.06039
 21
50.8664
 31
0.0
  0
LINE
  5
F7E
  8
0
 10
2.06039
 20
50.8664
 30
0.0
 11
2.0972
 21
51.1146
 31
0.0
  0
LINE
  5
F7F
  8
0
 10
2.0972
 20
51.1146
 30
0.0
 11
2.15816
 21
51.3579
 31
0.0
  0
LINE
  5
F80
  8
0
 10
2.15816
 20
51.3579
 30
0.0
 11
2.24269
 21
51.5941
 31
0.0
  0
LINE
  5
F81
  8
0
 10
2.24269
 20
51.5941
 30
0.0
 11
2.34993
 21
51.821
 31
0.0
  0
LINE
  5
F82
  8
0
 10
2.34993
 20
51.821
 30
0.0
 11
2.47893
 21
52.0361
 31
0.0
  0
LINE
  5
F83
  8
0
 10
2.47893
 20
52.0361
 30
0.0
 11
2.62836
 21
52.2376
 31
0.0
  0
LINE
  5
F84
  8
0
 10
2.62836
 20
52.2376
 30
0.0
 11
2.79684
 21
52.4235
 31
0.0
  0
LINE
  5
F85
  8
0
 10
2.79684
 20
52.4235
 30
0.0
 11
2.98274
 21
52.592
 31
0.0
  0
LINE
  5
F86
  8
0
 10
2.98274
 20
52.592
 30
0.0
 11
3.18427
 21
52.7415
 31
0.0
  0
LINE
  5
F87
  8
0
 10
3.18427
 20
52.7415
 30
0.0
 11
3.39943
 21
52.8705
 31
0.0
  0
LINE
  5
F88
  8
0
 10
3.39943
 20
52.8705
 30
0.0
 11
3.62624
 21
52.9777
 31
0.0
  0
LINE
  5
F89
  8
0
 10
3.62624
 20
52.9777
 30
0.0
 11
3.86246
 21
53.0622
 31
0.0
  0
LINE
  5
F8A
  8
0
 10
3.86246
 20
53.0622
 30
0.0
 11
4.10582
 21
53.1232
 31
0.0
  0
LINE
  5
F8B
  8
0
 10
4.10582
 20
53.1232
 30
0.0
 11
4.35399
 21
53.16
 31
0.0
  0
LINE
  5
F8C
  8
0
 10
4.35399
 20
53.16
 30
0.0
 11
4.60457
 21
53.1723
 31
0.0
  0
LINE
  5
F8D
  8
0
 10
4.60457
 20
53.1723
 30
0.0
 11
4.85516
 21
53.16
 31
0.0
  0
LINE
  5
F8E
  8
0
 10
4.85516
 20
53.16
 30
0.0
 11
5.1033
 21
53.1232
 31
0.0
  0
LINE
  5
F8F
  8
0
 10
5.1033
 20
53.1232
 30
0.0
 11
5.34668
 21
53.0622
 31
0.0
  0
LINE
  5
F90
  8
0
 10
5.34668
 20
53.0622
 30
0.0
 11
5.5829
 21
52.9777
 31
0.0
  0
LINE
  5
F91
  8
0
 10
5.5829
 20
52.9777
 30
0.0
 11
5.80969
 21
52.8705
 31
0.0
  0
LINE
  5
F92
  8
0
 10
5.80969
 20
52.8705
 30
0.0
 11
6.02487
 21
52.7415
 31
0.0
  0
LINE
  5
F93
  8
0
 10
6.02487
 20
52.7415
 30
0.0
 11
6.22639
 21
52.592
 31
0.0
  0
LINE
  5
F94
  8
0
 10
6.22639
 20
52.592
 30
0.0
 11
6.41229
 21
52.4235
 31
0.0
  0
LINE
  5
F95
  8
0
 10
6.41229
 20
52.4235
 30
0.0
 11
6.58078
 21
52.2376
 31
0.0
  0
LINE
  5
F96
  8
0
 10
6.58078
 20
52.2376
 30
0.0
 11
6.73021
 21
52.0361
 31
0.0
  0
LINE
  5
F97
  8
0
 10
6.73021
 20
52.0361
 30
0.0
 11
6.85919
 21
51.8209
 31
0.0
  0
LINE
  5
F98
  8
0
 10
6.85919
 20
51.8209
 30
0.0
 11
6.96646
 21
51.5941
 31
0.0
  0
LINE
  5
F99
  8
0
 10
6.96646
 20
51.5941
 30
0.0
 11
7.05098
 21
51.3579
 31
0.0
  0
LINE
  5
F9A
  8
0
 10
7.05098
 20
51.3579
 30
0.0
 11
7.11192
 21
51.1146
 31
0.0
  0
LINE
  5
F9B
  8
0
 10
7.11192
 20
51.1146
 30
0.0
 11
7.14877
 21
50.8664
 31
0.0
  0
LINE
  5
F9C
  8
0
 10
7.14877
 20
50.8664
 30
0.0
 11
7.16106
 21
50.6158
 31
0.0
  0
LINE
  5
F9D
  8
0
 10
7.16106
 20
50.6158
 30
0.0
 11
7.14876
 21
50.3652
 31
0.0
  0
LINE
  5
F9E
  8
0
 10
7.14876
 20
50.3652
 30
0.0
 11
7.11194
 21
50.1171
 31
0.0
  0
LINE
  5
F9F
  8
0
 10
7.11194
 20
50.1171
 30
0.0
 11
7.05098
 21
49.8737
 31
0.0
  0
LINE
  5
FA0
  8
0
 10
7.05098
 20
49.8737
 30
0.0
 11
6.96646
 21
49.6375
 31
0.0
  0
LINE
  5
FA1
  8
0
 10
6.96646
 20
49.6375
 30
0.0
 11
6.9053
 21
49.5082
 31
0.0
  0
LINE
  5
FA2
  8
0
 10
6.9053
 20
49.5082
 30
0.0
 11
7.73047
 21
48.683
 31
0.0
  0
LINE
  5
FA3
  8
0
 10
7.73047
 20
48.683
 30
0.0
 11
6.53738
 21
47.4899
 31
0.0
  0
LINE
  5
FA4
  8
0
 10
6.53738
 20
47.4899
 30
0.0
 11
5.71222
 21
48.3151
 31
0.0
  0
LINE
  5
FA5
  8
0
 10
6.05074
 20
50.6158
 30
0.0
 11
4.60457
 21
52.062
 31
0.0
  0
LINE
  5
FA6
  8
0
 10
4.60457
 20
52.062
 30
0.0
 11
3.15839
 21
50.6158
 31
0.0
  0
LINE
  5
FA7
  8
0
 10
3.15839
 20
50.6158
 30
0.0
 11
4.60457
 21
49.1696
 31
0.0
  0
LINE
  5
FA8
  8
0
 10
4.60457
 20
49.1696
 30
0.0
 11
6.05074
 21
50.6158
 31
0.0
  0
LINE
  5
FA9
  8
0
 10
26.4171
 20
46.017
 30
0.0
 11
27.6102
 21
47.2101
 31
0.0
  0
LINE
  5
FAA
  8
0
 10
27.6102
 20
47.2101
 30
0.0
 11
28.8033
 21
46.017
 31
0.0
  0
LINE
  5
FAB
  8
0
 10
28.8033
 20
46.017
 30
0.0
 11
27.6102
 21
44.8239
 31
0.0
  0
LINE
  5
FAC
  8
0
 10
27.6102
 20
44.8239
 30
0.0
 11
26.4171
 21
46.017
 31
0.0
  0
LINE
  5
FAD
  8
0
 10
81.6375
 20
46.017
 30
0.0
 11
82.8306
 21
47.2101
 31
0.0
  0
LINE
  5
FAE
  8
0
 10
82.8306
 20
47.2101
 30
0.0
 11
84.0237
 21
46.017
 31
0.0
  0
LINE
  5
FAF
  8
0
 10
84.0237
 20
46.017
 30
0.0
 11
82.8306
 21
44.8239
 31
0.0
  0
LINE
  5
FB0
  8
0
 10
82.8306
 20
44.8239
 30
0.0
 11
81.6375
 21
46.017
 31
0.0
  0
LINE
  5
FB1
  8
0
 10
44.8239
 20
46.017
 30
0.0
 11
46.017
 21
47.2101
 31
0.0
  0
LINE
  5
FB2
  8
0
 10
46.017
 20
47.2101
 30
0.0
 11
47.2101
 21
46.017
 31
0.0
  0
LINE
  5
FB3
  8
0
 10
47.2101
 20
46.017
 30
0.0
 11
46.017
 21
44.8239
 31
0.0
  0
LINE
  5
FB4
  8
0
 10
46.017
 20
44.8239
 30
0.0
 11
44.8239
 21
46.017
 31
0.0
  0
LINE
  5
FB5
  8
0
 10
63.2307
 20
46.017
 30
0.0
 11
64.4238
 21
47.2101
 31
0.0
  0
LINE
  5
FB6
  8
0
 10
64.4238
 20
47.2101
 30
0.0
 11
65.6169
 21
46.017
 31
0.0
  0
LINE
  5
FB7
  8
0
 10
65.6169
 20
46.017
 30
0.0
 11
64.4238
 21
44.8239
 31
0.0
  0
LINE
  5
FB8
  8
0
 10
64.4238
 20
44.8239
 30
0.0
 11
63.2307
 21
46.017
 31
0.0
  0
LINE
  5
FB9
  8
0
 10
100.044
 20
46.017
 30
0.0
 11
101.237
 21
47.2101
 31
0.0
  0
LINE
  5
FBA
  8
0
 10
101.237
 20
47.2101
 30
0.0
 11
102.43
 21
46.017
 31
0.0
  0
LINE
  5
FBB
  8
0
 10
102.43
 20
46.017
 30
0.0
 11
101.237
 21
44.8239
 31
0.0
  0
LINE
  5
FBC
  8
0
 10
101.237
 20
44.8239
 30
0.0
 11
100.044
 21
46.017
 31
0.0
  0
LINE
  5
FBD
  8
0
 10
8.0103
 20
46.017
 30
0.0
 11
9.2034
 21
47.2101
 31
0.0
  0
LINE
  5
FBE
  8
0
 10
9.2034
 20
47.2101
 30
0.0
 11
10.3965
 21
46.017
 31
0.0
  0
LINE
  5
FBF
  8
0
 10
10.3965
 20
46.017
 30
0.0
 11
9.2034
 21
44.8239
 31
0.0
  0
LINE
  5
FC0
  8
0
 10
9.2034
 20
44.8239
 30
0.0
 11
8.0103
 21
46.017
 31
0.0
  0
LINE
  5
FC1
  8
0
 10
50.3652
 20
38.874
 30
0.0
 11
50.1171
 21
38.9108
 31
0.0
  0
LINE
  5
FC2
  8
0
 10
50.1171
 20
38.9108
 30
0.0
 11
49.8737
 21
38.9718
 31
0.0
  0
LINE
  5
FC3
  8
0
 10
49.8737
 20
38.9718
 30
0.0
 11
49.6375
 21
39.0563
 31
0.0
  0
LINE
  5
FC4
  8
0
 10
49.6375
 20
39.0563
 30
0.0
 11
49.4107
 21
39.1635
 31
0.0
  0
LINE
  5
FC5
  8
0
 10
49.4107
 20
39.1635
 30
0.0
 11
49.1955
 21
39.2925
 31
0.0
  0
LINE
  5
FC6
  8
0
 10
49.1955
 20
39.2925
 30
0.0
 11
48.994
 21
39.442
 31
0.0
  0
LINE
  5
FC7
  8
0
 10
48.994
 20
39.442
 30
0.0
 11
48.8081
 21
39.6105
 31
0.0
  0
LINE
  5
FC8
  8
0
 10
48.8081
 20
39.6105
 30
0.0
 11
48.6396
 21
39.7964
 31
0.0
  0
LINE
  5
FC9
  8
0
 10
48.6396
 20
39.7964
 30
0.0
 11
48.4902
 21
39.9979
 31
0.0
  0
LINE
  5
FCA
  8
0
 10
48.4902
 20
39.9979
 30
0.0
 11
48.3612
 21
40.213
 31
0.0
  0
LINE
  5
FCB
  8
0
 10
48.3612
 20
40.213
 30
0.0
 11
48.2539
 21
40.4398
 31
0.0
  0
LINE
  5
FCC
  8
0
 10
48.2539
 20
40.4398
 30
0.0
 11
48.1694
 21
40.6761
 31
0.0
  0
LINE
  5
FCD
  8
0
 10
48.1694
 20
40.6761
 30
0.0
 11
48.1085
 21
40.9194
 31
0.0
  0
LINE
  5
FCE
  8
0
 10
48.1085
 20
40.9194
 30
0.0
 11
48.0716
 21
41.1676
 31
0.0
  0
LINE
  5
FCF
  8
0
 10
48.0716
 20
41.1676
 30
0.0
 11
48.0593
 21
41.4182
 31
0.0
  0
LINE
  5
FD0
  8
0
 10
48.0593
 20
41.4182
 30
0.0
 11
48.0716
 21
41.6688
 31
0.0
  0
LINE
  5
FD1
  8
0
 10
48.0716
 20
41.6688
 30
0.0
 11
48.1084
 21
41.9169
 31
0.0
  0
LINE
  5
FD2
  8
0
 10
48.1084
 20
41.9169
 30
0.0
 11
48.1694
 21
42.1603
 31
0.0
  0
LINE
  5
FD3
  8
0
 10
48.1694
 20
42.1603
 30
0.0
 11
48.2539
 21
42.3965
 31
0.0
  0
LINE
  5
FD4
  8
0
 10
48.2539
 20
42.3965
 30
0.0
 11
48.3151
 21
42.5258
 31
0.0
  0
LINE
  5
FD5
  8
0
 10
48.3151
 20
42.5258
 30
0.0
 11
47.4899
 21
43.351
 31
0.0
  0
LINE
  5
FD6
  8
0
 10
47.4899
 20
43.351
 30
0.0
 11
48.683
 21
44.5441
 31
0.0
  0
LINE
  5
FD7
  8
0
 10
48.683
 20
44.5441
 30
0.0
 11
49.5082
 21
43.7189
 31
0.0
  0
LINE
  5
FD8
  8
0
 10
49.5082
 20
43.7189
 30
0.0
 11
49.6375
 21
43.7801
 31
0.0
  0
LINE
  5
FD9
  8
0
 10
49.6375
 20
43.7801
 30
0.0
 11
49.8737
 21
43.8646
 31
0.0
  0
LINE
  5
FDA
  8
0
 10
49.8737
 20
43.8646
 30
0.0
 11
50.1171
 21
43.9255
 31
0.0
  0
LINE
  5
FDB
  8
0
 10
50.1171
 20
43.9255
 30
0.0
 11
50.3652
 21
43.9624
 31
0.0
  0
LINE
  5
FDC
  8
0
 10
50.3652
 20
43.9624
 30
0.0
 11
50.6158
 21
43.9747
 31
0.0
  0
LINE
  5
FDD
  8
0
 10
50.6158
 20
43.9747
 30
0.0
 11
50.8664
 21
43.9624
 31
0.0
  0
LINE
  5
FDE
  8
0
 10
50.8664
 20
43.9624
 30
0.0
 11
51.1146
 21
43.9255
 31
0.0
  0
LINE
  5
FDF
  8
0
 10
51.1146
 20
43.9255
 30
0.0
 11
51.3579
 21
43.8646
 31
0.0
  0
LINE
  5
FE0
  8
0
 10
51.3579
 20
43.8646
 30
0.0
 11
51.5941
 21
43.7801
 31
0.0
  0
LINE
  5
FE1
  8
0
 10
51.5941
 20
43.7801
 30
0.0
 11
51.8209
 21
43.6728
 31
0.0
  0
LINE
  5
FE2
  8
0
 10
51.8209
 20
43.6728
 30
0.0
 11
52.0361
 21
43.5438
 31
0.0
  0
LINE
  5
FE3
  8
0
 10
52.0361
 20
43.5438
 30
0.0
 11
52.2376
 21
43.3944
 31
0.0
  0
LINE
  5
FE4
  8
0
 10
52.2376
 20
43.3944
 30
0.0
 11
52.4235
 21
43.2259
 31
0.0
  0
LINE
  5
FE5
  8
0
 10
52.4235
 20
43.2259
 30
0.0
 11
52.592
 21
43.04
 31
0.0
  0
LINE
  5
FE6
  8
0
 10
52.592
 20
43.04
 30
0.0
 11
52.7415
 21
42.8385
 31
0.0
  0
LINE
  5
FE7
  8
0
 10
52.7415
 20
42.8385
 30
0.0
 11
52.8705
 21
42.6233
 31
0.0
  0
LINE
  5
FE8
  8
0
 10
52.8705
 20
42.6233
 30
0.0
 11
52.9777
 21
42.3965
 31
0.0
  0
LINE
  5
FE9
  8
0
 10
52.9777
 20
42.3965
 30
0.0
 11
53.0622
 21
42.1603
 31
0.0
  0
LINE
  5
FEA
  8
0
 10
53.0622
 20
42.1603
 30
0.0
 11
53.1232
 21
41.9169
 31
0.0
  0
LINE
  5
FEB
  8
0
 10
53.1232
 20
41.9169
 30
0.0
 11
53.16
 21
41.6688
 31
0.0
  0
LINE
  5
FEC
  8
0
 10
53.16
 20
41.6688
 30
0.0
 11
53.1723
 21
41.4182
 31
0.0
  0
LINE
  5
FED
  8
0
 10
53.1723
 20
41.4182
 30
0.0
 11
53.16
 21
41.1676
 31
0.0
  0
LINE
  5
FEE
  8
0
 10
53.16
 20
41.1676
 30
0.0
 11
53.1232
 21
40.9194
 31
0.0
  0
LINE
  5
FEF
  8
0
 10
53.1232
 20
40.9194
 30
0.0
 11
53.0622
 21
40.6761
 31
0.0
  0
LINE
  5
FF0
  8
0
 10
53.0622
 20
40.6761
 30
0.0
 11
52.9777
 21
40.4398
 31
0.0
  0
LINE
  5
FF1
  8
0
 10
52.9777
 20
40.4398
 30
0.0
 11
52.8705
 21
40.213
 31
0.0
  0
LINE
  5
FF2
  8
0
 10
52.8705
 20
40.213
 30
0.0
 11
52.7415
 21
39.9979
 31
0.0
  0
LINE
  5
FF3
  8
0
 10
52.7415
 20
39.9979
 30
0.0
 11
52.592
 21
39.7963
 31
0.0
  0
LINE
  5
FF4
  8
0
 10
52.592
 20
39.7963
 30
0.0
 11
52.4235
 21
39.6105
 31
0.0
  0
LINE
  5
FF5
  8
0
 10
52.4235
 20
39.6105
 30
0.0
 11
52.2376
 21
39.442
 31
0.0
  0
LINE
  5
FF6
  8
0
 10
52.2376
 20
39.442
 30
0.0
 11
52.0361
 21
39.2925
 31
0.0
  0
LINE
  5
FF7
  8
0
 10
52.0361
 20
39.2925
 30
0.0
 11
51.821
 21
39.1635
 31
0.0
  0
LINE
  5
FF8
  8
0
 10
51.821
 20
39.1635
 30
0.0
 11
51.5941
 21
39.0563
 31
0.0
  0
LINE
  5
FF9
  8
0
 10
51.5941
 20
39.0563
 30
0.0
 11
51.3579
 21
38.9718
 31
0.0
  0
LINE
  5
FFA
  8
0
 10
51.3579
 20
38.9718
 30
0.0
 11
51.1146
 21
38.9108
 31
0.0
  0
LINE
  5
FFB
  8
0
 10
51.1146
 20
38.9108
 30
0.0
 11
50.8664
 21
38.874
 31
0.0
  0
LINE
  5
FFC
  8
0
 10
50.8664
 20
38.874
 30
0.0
 11
50.6158
 21
38.8617
 31
0.0
  0
LINE
  5
FFD
  8
0
 10
50.6158
 20
38.8617
 30
0.0
 11
50.3652
 21
38.874
 31
0.0
  0
LINE
  5
FFE
  8
0
 10
52.062
 20
41.4182
 30
0.0
 11
50.6158
 21
42.8643
 31
0.0
  0
LINE
  5
FFF
  8
0
 10
50.6158
 20
42.8643
 30
0.0
 11
49.1696
 21
41.4182
 31
0.0
  0
LINE
  5
1000
  8
0
 10
49.1696
 20
41.4182
 30
0.0
 11
50.6158
 21
39.972
 31
0.0
  0
LINE
  5
1001
  8
0
 10
50.6158
 20
39.972
 30
0.0
 11
52.062
 21
41.4182
 31
0.0
  0
LINE
  5
1002
  8
0
 10
87.1788
 20
38.874
 30
0.0
 11
86.9307
 21
38.9108
 31
0.0
  0
LINE
  5
1003
  8
0
 10
86.9307
 20
38.9108
 30
0.0
 11
86.6873
 21
38.9718
 31
0.0
  0
LINE
  5
1004
  8
0
 10
86.6873
 20
38.9718
 30
0.0
 11
86.4511
 21
39.0563
 31
0.0
  0
LINE
  5
1005
  8
0
 10
86.4511
 20
39.0563
 30
0.0
 11
86.2243
 21
39.1635
 31
0.0
  0
LINE
  5
1006
  8
0
 10
86.2243
 20
39.1635
 30
0.0
 11
86.0091
 21
39.2925
 31
0.0
  0
LINE
  5
1007
  8
0
 10
86.0091
 20
39.2925
 30
0.0
 11
85.8076
 21
39.442
 31
0.0
  0
LINE
  5
1008
  8
0
 10
85.8076
 20
39.442
 30
0.0
 11
85.6217
 21
39.6105
 31
0.0
  0
LINE
  5
1009
  8
0
 10
85.6217
 20
39.6105
 30
0.0
 11
85.4532
 21
39.7964
 31
0.0
  0
LINE
  5
100A
  8
0
 10
85.4532
 20
39.7964
 30
0.0
 11
85.3038
 21
39.9979
 31
0.0
  0
LINE
  5
100B
  8
0
 10
85.3038
 20
39.9979
 30
0.0
 11
85.1748
 21
40.213
 31
0.0
  0
LINE
  5
100C
  8
0
 10
85.1748
 20
40.213
 30
0.0
 11
85.0675
 21
40.4398
 31
0.0
  0
LINE
  5
100D
  8
0
 10
85.0675
 20
40.4398
 30
0.0
 11
84.983
 21
40.6761
 31
0.0
  0
LINE
  5
100E
  8
0
 10
84.983
 20
40.6761
 30
0.0
 11
84.9221
 21
40.9194
 31
0.0
  0
LINE
  5
100F
  8
0
 10
84.9221
 20
40.9194
 30
0.0
 11
84.8852
 21
41.1676
 31
0.0
  0
LINE
  5
1010
  8
0
 10
84.8852
 20
41.1676
 30
0.0
 11
84.8729
 21
41.4182
 31
0.0
  0
LINE
  5
1011
  8
0
 10
84.8729
 20
41.4182
 30
0.0
 11
84.8852
 21
41.6688
 31
0.0
  0
LINE
  5
1012
  8
0
 10
84.8852
 20
41.6688
 30
0.0
 11
84.922
 21
41.9169
 31
0.0
  0
LINE
  5
1013
  8
0
 10
84.922
 20
41.9169
 30
0.0
 11
84.983
 21
42.1603
 31
0.0
  0
LINE
  5
1014
  8
0
 10
84.983
 20
42.1603
 30
0.0
 11
85.0675
 21
42.3965
 31
0.0
  0
LINE
  5
1015
  8
0
 10
85.0675
 20
42.3965
 30
0.0
 11
85.1287
 21
42.5258
 31
0.0
  0
LINE
  5
1016
  8
0
 10
85.1287
 20
42.5258
 30
0.0
 11
84.3035
 21
43.351
 31
0.0
  0
LINE
  5
1017
  8
0
 10
84.3035
 20
43.351
 30
0.0
 11
85.4966
 21
44.5441
 31
0.0
  0
LINE
  5
1018
  8
0
 10
85.4966
 20
44.5441
 30
0.0
 11
86.3218
 21
43.7189
 31
0.0
  0
LINE
  5
1019
  8
0
 10
86.3218
 20
43.7189
 30
0.0
 11
86.4511
 21
43.7801
 31
0.0
  0
LINE
  5
101A
  8
0
 10
86.4511
 20
43.7801
 30
0.0
 11
86.6873
 21
43.8646
 31
0.0
  0
LINE
  5
101B
  8
0
 10
86.6873
 20
43.8646
 30
0.0
 11
86.9306
 21
43.9255
 31
0.0
  0
LINE
  5
101C
  8
0
 10
86.9306
 20
43.9255
 30
0.0
 11
87.1788
 21
43.9624
 31
0.0
  0
LINE
  5
101D
  8
0
 10
87.1788
 20
43.9624
 30
0.0
 11
87.4294
 21
43.9747
 31
0.0
  0
LINE
  5
101E
  8
0
 10
87.4294
 20
43.9747
 30
0.0
 11
87.68
 21
43.9624
 31
0.0
  0
LINE
  5
101F
  8
0
 10
87.68
 20
43.9624
 30
0.0
 11
87.9282
 21
43.9255
 31
0.0
  0
LINE
  5
1020
  8
0
 10
87.9282
 20
43.9255
 30
0.0
 11
88.1715
 21
43.8646
 31
0.0
  0
LINE
  5
1021
  8
0
 10
88.1715
 20
43.8646
 30
0.0
 11
88.4077
 21
43.7801
 31
0.0
  0
LINE
  5
1022
  8
0
 10
88.4077
 20
43.7801
 30
0.0
 11
88.6345
 21
43.6728
 31
0.0
  0
LINE
  5
1023
  8
0
 10
88.6345
 20
43.6728
 30
0.0
 11
88.8497
 21
43.5438
 31
0.0
  0
LINE
  5
1024
  8
0
 10
88.8497
 20
43.5438
 30
0.0
 11
89.0512
 21
43.3944
 31
0.0
  0
LINE
  5
1025
  8
0
 10
89.0512
 20
43.3944
 30
0.0
 11
89.2371
 21
43.2259
 31
0.0
  0
LINE
  5
1026
  8
0
 10
89.2371
 20
43.2259
 30
0.0
 11
89.4056
 21
43.04
 31
0.0
  0
LINE
  5
1027
  8
0
 10
89.4056
 20
43.04
 30
0.0
 11
89.5551
 21
42.8385
 31
0.0
  0
LINE
  5
1028
  8
0
 10
89.5551
 20
42.8385
 30
0.0
 11
89.6841
 21
42.6233
 31
0.0
  0
LINE
  5
1029
  8
0
 10
89.6841
 20
42.6233
 30
0.0
 11
89.7913
 21
42.3965
 31
0.0
  0
LINE
  5
102A
  8
0
 10
89.7913
 20
42.3965
 30
0.0
 11
89.8758
 21
42.1603
 31
0.0
  0
LINE
  5
102B
  8
0
 10
89.8758
 20
42.1603
 30
0.0
 11
89.9368
 21
41.9169
 31
0.0
  0
LINE
  5
102C
  8
0
 10
89.9368
 20
41.9169
 30
0.0
 11
89.9736
 21
41.6688
 31
0.0
  0
LINE
  5
102D
  8
0
 10
89.9736
 20
41.6688
 30
0.0
 11
89.9859
 21
41.4182
 31
0.0
  0
LINE
  5
102E
  8
0
 10
89.9859
 20
41.4182
 30
0.0
 11
89.9736
 21
41.1676
 31
0.0
  0
LINE
  5
102F
  8
0
 10
89.9736
 20
41.1676
 30
0.0
 11
89.9368
 21
40.9194
 31
0.0
  0
LINE
  5
1030
  8
0
 10
89.9368
 20
40.9194
 30
0.0
 11
89.8758
 21
40.6761
 31
0.0
  0
LINE
  5
1031
  8
0
 10
89.8758
 20
40.6761
 30
0.0
 11
89.7913
 21
40.4398
 31
0.0
  0
LINE
  5
1032
  8
0
 10
89.7913
 20
40.4398
 30
0.0
 11
89.6841
 21
40.213
 31
0.0
  0
LINE
  5
1033
  8
0
 10
89.6841
 20
40.213
 30
0.0
 11
89.5551
 21
39.9979
 31
0.0
  0
LINE
  5
1034
  8
0
 10
89.5551
 20
39.9979
 30
0.0
 11
89.4056
 21
39.7963
 31
0.0
  0
LINE
  5
1035
  8
0
 10
89.4056
 20
39.7963
 30
0.0
 11
89.2371
 21
39.6105
 31
0.0
  0
LINE
  5
1036
  8
0
 10
89.2371
 20
39.6105
 30
0.0
 11
89.0513
 21
39.442
 31
0.0
  0
LINE
  5
1037
  8
0
 10
89.0513
 20
39.442
 30
0.0
 11
88.8497
 21
39.2925
 31
0.0
  0
LINE
  5
1038
  8
0
 10
88.8497
 20
39.2925
 30
0.0
 11
88.6346
 21
39.1635
 31
0.0
  0
LINE
  5
1039
  8
0
 10
88.6346
 20
39.1635
 30
0.0
 11
88.4078
 21
39.0563
 31
0.0
  0
LINE
  5
103A
  8
0
 10
88.4078
 20
39.0563
 30
0.0
 11
88.1715
 21
38.9718
 31
0.0
  0
LINE
  5
103B
  8
0
 10
88.1715
 20
38.9718
 30
0.0
 11
87.9282
 21
38.9108
 31
0.0
  0
LINE
  5
103C
  8
0
 10
87.9282
 20
38.9108
 30
0.0
 11
87.68
 21
38.874
 31
0.0
  0
LINE
  5
103D
  8
0
 10
87.68
 20
38.874
 30
0.0
 11
87.4294
 21
38.8617
 31
0.0
  0
LINE
  5
103E
  8
0
 10
87.4294
 20
38.8617
 30
0.0
 11
87.1788
 21
38.874
 31
0.0
  0
LINE
  5
103F
  8
0
 10
88.8756
 20
41.4182
 30
0.0
 11
87.4294
 21
42.8643
 31
0.0
  0
LINE
  5
1040
  8
0
 10
87.4294
 20
42.8643
 30
0.0
 11
85.9832
 21
41.4182
 31
0.0
  0
LINE
  5
1041
  8
0
 10
85.9832
 20
41.4182
 30
0.0
 11
87.4294
 21
39.972
 31
0.0
  0
LINE
  5
1042
  8
0
 10
87.4294
 20
39.972
 30
0.0
 11
88.8756
 21
41.4182
 31
0.0
  0
LINE
  5
1043
  8
0
 10
59.5744
 20
38.874
 30
0.0
 11
59.3262
 21
38.9108
 31
0.0
  0
LINE
  5
1044
  8
0
 10
59.3262
 20
38.9108
 30
0.0
 11
59.0829
 21
38.9718
 31
0.0
  0
LINE
  5
1045
  8
0
 10
59.0829
 20
38.9718
 30
0.0
 11
58.8466
 21
39.0563
 31
0.0
  0
LINE
  5
1046
  8
0
 10
58.8466
 20
39.0563
 30
0.0
 11
58.6198
 21
39.1635
 31
0.0
  0
LINE
  5
1047
  8
0
 10
58.6198
 20
39.1635
 30
0.0
 11
58.4047
 21
39.2925
 31
0.0
  0
LINE
  5
1048
  8
0
 10
58.4047
 20
39.2925
 30
0.0
 11
58.2031
 21
39.442
 31
0.0
  0
LINE
  5
1049
  8
0
 10
58.2031
 20
39.442
 30
0.0
 11
58.0173
 21
39.6105
 31
0.0
  0
LINE
  5
104A
  8
0
 10
58.0173
 20
39.6105
 30
0.0
 11
57.8488
 21
39.7963
 31
0.0
  0
LINE
  5
104B
  8
0
 10
57.8488
 20
39.7963
 30
0.0
 11
57.6993
 21
39.9979
 31
0.0
  0
LINE
  5
104C
  8
0
 10
57.6993
 20
39.9979
 30
0.0
 11
57.5703
 21
40.213
 31
0.0
  0
LINE
  5
104D
  8
0
 10
57.5703
 20
40.213
 30
0.0
 11
57.4631
 21
40.4398
 31
0.0
  0
LINE
  5
104E
  8
0
 10
57.4631
 20
40.4398
 30
0.0
 11
57.3786
 21
40.6761
 31
0.0
  0
LINE
  5
104F
  8
0
 10
57.3786
 20
40.6761
 30
0.0
 11
57.3176
 21
40.9194
 31
0.0
  0
LINE
  5
1050
  8
0
 10
57.3176
 20
40.9194
 30
0.0
 11
57.2808
 21
41.1676
 31
0.0
  0
LINE
  5
1051
  8
0
 10
57.2808
 20
41.1676
 30
0.0
 11
57.2685
 21
41.4182
 31
0.0
  0
LINE
  5
1052
  8
0
 10
57.2685
 20
41.4182
 30
0.0
 11
57.2808
 21
41.6688
 31
0.0
  0
LINE
  5
1053
  8
0
 10
57.2808
 20
41.6688
 30
0.0
 11
57.3176
 21
41.9169
 31
0.0
  0
LINE
  5
1054
  8
0
 10
57.3176
 20
41.9169
 30
0.0
 11
57.3786
 21
42.1603
 31
0.0
  0
LINE
  5
1055
  8
0
 10
57.3786
 20
42.1603
 30
0.0
 11
57.4631
 21
42.3965
 31
0.0
  0
LINE
  5
1056
  8
0
 10
57.4631
 20
42.3965
 30
0.0
 11
57.5703
 21
42.6233
 31
0.0
  0
LINE
  5
1057
  8
0
 10
57.5703
 20
42.6233
 30
0.0
 11
57.6993
 21
42.8385
 31
0.0
  0
LINE
  5
1058
  8
0
 10
57.6993
 20
42.8385
 30
0.0
 11
57.8488
 21
43.04
 31
0.0
  0
LINE
  5
1059
  8
0
 10
57.8488
 20
43.04
 30
0.0
 11
58.0173
 21
43.2259
 31
0.0
  0
LINE
  5
105A
  8
0
 10
58.0173
 20
43.2259
 30
0.0
 11
58.2032
 21
43.3944
 31
0.0
  0
LINE
  5
105B
  8
0
 10
58.2032
 20
43.3944
 30
0.0
 11
58.4047
 21
43.5438
 31
0.0
  0
LINE
  5
105C
  8
0
 10
58.4047
 20
43.5438
 30
0.0
 11
58.6198
 21
43.6728
 31
0.0
  0
LINE
  5
105D
  8
0
 10
58.6198
 20
43.6728
 30
0.0
 11
58.8466
 21
43.7801
 31
0.0
  0
LINE
  5
105E
  8
0
 10
58.8466
 20
43.7801
 30
0.0
 11
59.0829
 21
43.8646
 31
0.0
  0
LINE
  5
105F
  8
0
 10
59.0829
 20
43.8646
 30
0.0
 11
59.3262
 21
43.9255
 31
0.0
  0
LINE
  5
1060
  8
0
 10
59.3262
 20
43.9255
 30
0.0
 11
59.5744
 21
43.9624
 31
0.0
  0
LINE
  5
1061
  8
0
 10
59.5744
 20
43.9624
 30
0.0
 11
59.825
 21
43.9747
 31
0.0
  0
LINE
  5
1062
  8
0
 10
59.825
 20
43.9747
 30
0.0
 11
60.0756
 21
43.9624
 31
0.0
  0
LINE
  5
1063
  8
0
 10
60.0756
 20
43.9624
 30
0.0
 11
60.3237
 21
43.9255
 31
0.0
  0
LINE
  5
1064
  8
0
 10
60.3237
 20
43.9255
 30
0.0
 11
60.5671
 21
43.8646
 31
0.0
  0
LINE
  5
1065
  8
0
 10
60.5671
 20
43.8646
 30
0.0
 11
60.8033
 21
43.7801
 31
0.0
  0
LINE
  5
1066
  8
0
 10
60.8033
 20
43.7801
 30
0.0
 11
60.9326
 21
43.7189
 31
0.0
  0
LINE
  5
1067
  8
0
 10
60.9326
 20
43.7189
 30
0.0
 11
61.7578
 21
44.5441
 31
0.0
  0
LINE
  5
1068
  8
0
 10
61.7578
 20
44.5441
 30
0.0
 11
62.9509
 21
43.351
 31
0.0
  0
LINE
  5
1069
  8
0
 10
62.9509
 20
43.351
 30
0.0
 11
62.1257
 21
42.5258
 31
0.0
  0
LINE
  5
106A
  8
0
 10
62.1257
 20
42.5258
 30
0.0
 11
62.1869
 21
42.3965
 31
0.0
  0
LINE
  5
106B
  8
0
 10
62.1869
 20
42.3965
 30
0.0
 11
62.2714
 21
42.1603
 31
0.0
  0
LINE
  5
106C
  8
0
 10
62.2714
 20
42.1603
 30
0.0
 11
62.3323
 21
41.9169
 31
0.0
  0
LINE
  5
106D
  8
0
 10
62.3323
 20
41.9169
 30
0.0
 11
62.3692
 21
41.6688
 31
0.0
  0
LINE
  5
106E
  8
0
 10
62.3692
 20
41.6688
 30
0.0
 11
62.3815
 21
41.4182
 31
0.0
  0
LINE
  5
106F
  8
0
 10
62.3815
 20
41.4182
 30
0.0
 11
62.3692
 21
41.1676
 31
0.0
  0
LINE
  5
1070
  8
0
 10
62.3692
 20
41.1676
 30
0.0
 11
62.3323
 21
40.9194
 31
0.0
  0
LINE
  5
1071
  8
0
 10
62.3323
 20
40.9194
 30
0.0
 11
62.2714
 21
40.6761
 31
0.0
  0
LINE
  5
1072
  8
0
 10
62.2714
 20
40.6761
 30
0.0
 11
62.1869
 21
40.4398
 31
0.0
  0
LINE
  5
1073
  8
0
 10
62.1869
 20
40.4398
 30
0.0
 11
62.0796
 21
40.213
 31
0.0
  0
LINE
  5
1074
  8
0
 10
62.0796
 20
40.213
 30
0.0
 11
61.9506
 21
39.9979
 31
0.0
  0
LINE
  5
1075
  8
0
 10
61.9506
 20
39.9979
 30
0.0
 11
61.8012
 21
39.7964
 31
0.0
  0
LINE
  5
1076
  8
0
 10
61.8012
 20
39.7964
 30
0.0
 11
61.6327
 21
39.6105
 31
0.0
  0
LINE
  5
1077
  8
0
 10
61.6327
 20
39.6105
 30
0.0
 11
61.4468
 21
39.442
 31
0.0
  0
LINE
  5
1078
  8
0
 10
61.4468
 20
39.442
 30
0.0
 11
61.2453
 21
39.2925
 31
0.0
  0
LINE
  5
1079
  8
0
 10
61.2453
 20
39.2925
 30
0.0
 11
61.0301
 21
39.1635
 31
0.0
  0
LINE
  5
107A
  8
0
 10
61.0301
 20
39.1635
 30
0.0
 11
60.8033
 21
39.0563
 31
0.0
  0
LINE
  5
107B
  8
0
 10
60.8033
 20
39.0563
 30
0.0
 11
60.5671
 21
38.9718
 31
0.0
  0
LINE
  5
107C
  8
0
 10
60.5671
 20
38.9718
 30
0.0
 11
60.3237
 21
38.9108
 31
0.0
  0
LINE
  5
107D
  8
0
 10
60.3237
 20
38.9108
 30
0.0
 11
60.0756
 21
38.874
 31
0.0
  0
LINE
  5
107E
  8
0
 10
60.0756
 20
38.874
 30
0.0
 11
59.825
 21
38.8617
 31
0.0
  0
LINE
  5
107F
  8
0
 10
59.825
 20
38.8617
 30
0.0
 11
59.5744
 21
38.874
 31
0.0
  0
LINE
  5
1080
  8
0
 10
61.2711
 20
41.4182
 30
0.0
 11
59.825
 21
42.8643
 31
0.0
  0
LINE
  5
1081
  8
0
 10
59.825
 20
42.8643
 30
0.0
 11
58.3788
 21
41.4182
 31
0.0
  0
LINE
  5
1082
  8
0
 10
58.3788
 20
41.4182
 30
0.0
 11
59.825
 21
39.972
 31
0.0
  0
LINE
  5
1083
  8
0
 10
59.825
 20
39.972
 30
0.0
 11
61.2711
 21
41.4182
 31
0.0
  0
LINE
  5
1084
  8
0
 10
96.388
 20
38.874
 30
0.0
 11
96.1398
 21
38.9108
 31
0.0
  0
LINE
  5
1085
  8
0
 10
96.1398
 20
38.9108
 30
0.0
 11
95.8965
 21
38.9718
 31
0.0
  0
LINE
  5
1086
  8
0
 10
95.8965
 20
38.9718
 30
0.0
 11
95.6602
 21
39.0563
 31
0.0
  0
LINE
  5
1087
  8
0
 10
95.6602
 20
39.0563
 30
0.0
 11
95.4334
 21
39.1635
 31
0.0
  0
LINE
  5
1088
  8
0
 10
95.4334
 20
39.1635
 30
0.0
 11
95.2183
 21
39.2925
 31
0.0
  0
LINE
  5
1089
  8
0
 10
95.2183
 20
39.2925
 30
0.0
 11
95.0167
 21
39.442
 31
0.0
  0
LINE
  5
108A
  8
0
 10
95.0167
 20
39.442
 30
0.0
 11
94.8309
 21
39.6105
 31
0.0
  0
LINE
  5
108B
  8
0
 10
94.8309
 20
39.6105
 30
0.0
 11
94.6624
 21
39.7963
 31
0.0
  0
LINE
  5
108C
  8
0
 10
94.6624
 20
39.7963
 30
0.0
 11
94.5129
 21
39.9979
 31
0.0
  0
LINE
  5
108D
  8
0
 10
94.5129
 20
39.9979
 30
0.0
 11
94.3839
 21
40.213
 31
0.0
  0
LINE
  5
108E
  8
0
 10
94.3839
 20
40.213
 30
0.0
 11
94.2767
 21
40.4398
 31
0.0
  0
LINE
  5
108F
  8
0
 10
94.2767
 20
40.4398
 30
0.0
 11
94.1922
 21
40.6761
 31
0.0
  0
LINE
  5
1090
  8
0
 10
94.1922
 20
40.6761
 30
0.0
 11
94.1312
 21
40.9194
 31
0.0
  0
LINE
  5
1091
  8
0
 10
94.1312
 20
40.9194
 30
0.0
 11
94.0944
 21
41.1676
 31
0.0
  0
LINE
  5
1092
  8
0
 10
94.0944
 20
41.1676
 30
0.0
 11
94.0821
 21
41.4182
 31
0.0
  0
LINE
  5
1093
  8
0
 10
94.0821
 20
41.4182
 30
0.0
 11
94.0944
 21
41.6688
 31
0.0
  0
LINE
  5
1094
  8
0
 10
94.0944
 20
41.6688
 30
0.0
 11
94.1312
 21
41.9169
 31
0.0
  0
LINE
  5
1095
  8
0
 10
94.1312
 20
41.9169
 30
0.0
 11
94.1922
 21
42.1603
 31
0.0
  0
LINE
  5
1096
  8
0
 10
94.1922
 20
42.1603
 30
0.0
 11
94.2767
 21
42.3965
 31
0.0
  0
LINE
  5
1097
  8
0
 10
94.2767
 20
42.3965
 30
0.0
 11
94.3839
 21
42.6233
 31
0.0
  0
LINE
  5
1098
  8
0
 10
94.3839
 20
42.6233
 30
0.0
 11
94.5129
 21
42.8385
 31
0.0
  0
LINE
  5
1099
  8
0
 10
94.5129
 20
42.8385
 30
0.0
 11
94.6624
 21
43.04
 31
0.0
  0
LINE
  5
109A
  8
0
 10
94.6624
 20
43.04
 30
0.0
 11
94.8309
 21
43.2259
 31
0.0
  0
LINE
  5
109B
  8
0
 10
94.8309
 20
43.2259
 30
0.0
 11
95.0168
 21
43.3944
 31
0.0
  0
LINE
  5
109C
  8
0
 10
95.0168
 20
43.3944
 30
0.0
 11
95.2183
 21
43.5438
 31
0.0
  0
LINE
  5
109D
  8
0
 10
95.2183
 20
43.5438
 30
0.0
 11
95.4334
 21
43.6728
 31
0.0
  0
LINE
  5
109E
  8
0
 10
95.4334
 20
43.6728
 30
0.0
 11
95.6602
 21
43.7801
 31
0.0
  0
LINE
  5
109F
  8
0
 10
95.6602
 20
43.7801
 30
0.0
 11
95.8965
 21
43.8646
 31
0.0
  0
LINE
  5
10A0
  8
0
 10
95.8965
 20
43.8646
 30
0.0
 11
96.1398
 21
43.9255
 31
0.0
  0
LINE
  5
10A1
  8
0
 10
96.1398
 20
43.9255
 30
0.0
 11
96.388
 21
43.9624
 31
0.0
  0
LINE
  5
10A2
  8
0
 10
96.388
 20
43.9624
 30
0.0
 11
96.6386
 21
43.9747
 31
0.0
  0
LINE
  5
10A3
  8
0
 10
96.6386
 20
43.9747
 30
0.0
 11
96.8892
 21
43.9624
 31
0.0
  0
LINE
  5
10A4
  8
0
 10
96.8892
 20
43.9624
 30
0.0
 11
97.1373
 21
43.9255
 31
0.0
  0
LINE
  5
10A5
  8
0
 10
97.1373
 20
43.9255
 30
0.0
 11
97.3807
 21
43.8646
 31
0.0
  0
LINE
  5
10A6
  8
0
 10
97.3807
 20
43.8646
 30
0.0
 11
97.6169
 21
43.7801
 31
0.0
  0
LINE
  5
10A7
  8
0
 10
97.6169
 20
43.7801
 30
0.0
 11
97.7462
 21
43.7189
 31
0.0
  0
LINE
  5
10A8
  8
0
 10
97.7462
 20
43.7189
 30
0.0
 11
98.5714
 21
44.5441
 31
0.0
  0
LINE
  5
10A9
  8
0
 10
98.5714
 20
44.5441
 30
0.0
 11
99.7645
 21
43.351
 31
0.0
  0
LINE
  5
10AA
  8
0
 10
99.7645
 20
43.351
 30
0.0
 11
98.9393
 21
42.5258
 31
0.0
  0
LINE
  5
10AB
  8
0
 10
98.9393
 20
42.5258
 30
0.0
 11
99.0005
 21
42.3965
 31
0.0
  0
LINE
  5
10AC
  8
0
 10
99.0005
 20
42.3965
 30
0.0
 11
99.085
 21
42.1603
 31
0.0
  0
LINE
  5
10AD
  8
0
 10
99.085
 20
42.1603
 30
0.0
 11
99.146
 21
41.9169
 31
0.0
  0
LINE
  5
10AE
  8
0
 10
99.146
 20
41.9169
 30
0.0
 11
99.1828
 21
41.6688
 31
0.0
  0
LINE
  5
10AF
  8
0
 10
99.1828
 20
41.6688
 30
0.0
 11
99.1951
 21
41.4182
 31
0.0
  0
LINE
  5
10B0
  8
0
 10
99.1951
 20
41.4182
 30
0.0
 11
99.1828
 21
41.1676
 31
0.0
  0
LINE
  5
10B1
  8
0
 10
99.1828
 20
41.1676
 30
0.0
 11
99.1459
 21
40.9194
 31
0.0
  0
LINE
  5
10B2
  8
0
 10
99.1459
 20
40.9194
 30
0.0
 11
99.085
 21
40.6761
 31
0.0
  0
LINE
  5
10B3
  8
0
 10
99.085
 20
40.6761
 30
0.0
 11
99.0005
 21
40.4398
 31
0.0
  0
LINE
  5
10B4
  8
0
 10
99.0005
 20
40.4398
 30
0.0
 11
98.8932
 21
40.213
 31
0.0
  0
LINE
  5
10B5
  8
0
 10
98.8932
 20
40.213
 30
0.0
 11
98.7642
 21
39.9979
 31
0.0
  0
LINE
  5
10B6
  8
0
 10
98.7642
 20
39.9979
 30
0.0
 11
98.6148
 21
39.7964
 31
0.0
  0
LINE
  5
10B7
  8
0
 10
98.6148
 20
39.7964
 30
0.0
 11
98.4463
 21
39.6105
 31
0.0
  0
LINE
  5
10B8
  8
0
 10
98.4463
 20
39.6105
 30
0.0
 11
98.2604
 21
39.442
 31
0.0
  0
LINE
  5
10B9
  8
0
 10
98.2604
 20
39.442
 30
0.0
 11
98.0589
 21
39.2925
 31
0.0
  0
LINE
  5
10BA
  8
0
 10
98.0589
 20
39.2925
 30
0.0
 11
97.8437
 21
39.1635
 31
0.0
  0
LINE
  5
10BB
  8
0
 10
97.8437
 20
39.1635
 30
0.0
 11
97.6169
 21
39.0563
 31
0.0
  0
LINE
  5
10BC
  8
0
 10
97.6169
 20
39.0563
 30
0.0
 11
97.3807
 21
38.9718
 31
0.0
  0
LINE
  5
10BD
  8
0
 10
97.3807
 20
38.9718
 30
0.0
 11
97.1373
 21
38.9108
 31
0.0
  0
LINE
  5
10BE
  8
0
 10
97.1373
 20
38.9108
 30
0.0
 11
96.8892
 21
38.874
 31
0.0
  0
LINE
  5
10BF
  8
0
 10
96.8892
 20
38.874
 30
0.0
 11
96.6386
 21
38.8617
 31
0.0
  0
LINE
  5
10C0
  8
0
 10
96.6386
 20
38.8617
 30
0.0
 11
96.388
 21
38.874
 31
0.0
  0
LINE
  5
10C1
  8
0
 10
98.0847
 20
41.4182
 30
0.0
 11
96.6386
 21
42.8643
 31
0.0
  0
LINE
  5
10C2
  8
0
 10
96.6386
 20
42.8643
 30
0.0
 11
95.1924
 21
41.4182
 31
0.0
  0
LINE
  5
10C3
  8
0
 10
95.1924
 20
41.4182
 30
0.0
 11
96.6386
 21
39.972
 31
0.0
  0
LINE
  5
10C4
  8
0
 10
96.6386
 20
39.972
 30
0.0
 11
98.0847
 21
41.4182
 31
0.0
  0
LINE
  5
10C5
  8
0
 10
22.7608
 20
38.874
 30
0.0
 11
22.5126
 21
38.9108
 31
0.0
  0
LINE
  5
10C6
  8
0
 10
22.5126
 20
38.9108
 30
0.0
 11
22.2693
 21
38.9718
 31
0.0
  0
LINE
  5
10C7
  8
0
 10
22.2693
 20
38.9718
 30
0.0
 11
22.033
 21
39.0563
 31
0.0
  0
LINE
  5
10C8
  8
0
 10
22.033
 20
39.0563
 30
0.0
 11
21.8062
 21
39.1635
 31
0.0
  0
LINE
  5
10C9
  8
0
 10
21.8062
 20
39.1635
 30
0.0
 11
21.5911
 21
39.2925
 31
0.0
  0
LINE
  5
10CA
  8
0
 10
21.5911
 20
39.2925
 30
0.0
 11
21.3895
 21
39.442
 31
0.0
  0
LINE
  5
10CB
  8
0
 10
21.3895
 20
39.442
 30
0.0
 11
21.2036
 21
39.6105
 31
0.0
  0
LINE
  5
10CC
  8
0
 10
21.2036
 20
39.6105
 30
0.0
 11
21.0352
 21
39.7963
 31
0.0
  0
LINE
  5
10CD
  8
0
 10
21.0352
 20
39.7963
 30
0.0
 11
20.8857
 21
39.9979
 31
0.0
  0
LINE
  5
10CE
  8
0
 10
20.8857
 20
39.9979
 30
0.0
 11
20.7567
 21
40.213
 31
0.0
  0
LINE
  5
10CF
  8
0
 10
20.7567
 20
40.213
 30
0.0
 11
20.6495
 21
40.4398
 31
0.0
  0
LINE
  5
10D0
  8
0
 10
20.6495
 20
40.4398
 30
0.0
 11
20.565
 21
40.6761
 31
0.0
  0
LINE
  5
10D1
  8
0
 10
20.565
 20
40.6761
 30
0.0
 11
20.504
 21
40.9194
 31
0.0
  0
LINE
  5
10D2
  8
0
 10
20.504
 20
40.9194
 30
0.0
 11
20.4672
 21
41.1676
 31
0.0
  0
LINE
  5
10D3
  8
0
 10
20.4672
 20
41.1676
 30
0.0
 11
20.4549
 21
41.4182
 31
0.0
  0
LINE
  5
10D4
  8
0
 10
20.4549
 20
41.4182
 30
0.0
 11
20.4672
 21
41.6688
 31
0.0
  0
LINE
  5
10D5
  8
0
 10
20.4672
 20
41.6688
 30
0.0
 11
20.504
 21
41.9169
 31
0.0
  0
LINE
  5
10D6
  8
0
 10
20.504
 20
41.9169
 30
0.0
 11
20.565
 21
42.1603
 31
0.0
  0
LINE
  5
10D7
  8
0
 10
20.565
 20
42.1603
 30
0.0
 11
20.6495
 21
42.3965
 31
0.0
  0
LINE
  5
10D8
  8
0
 10
20.6495
 20
42.3965
 30
0.0
 11
20.7567
 21
42.6233
 31
0.0
  0
LINE
  5
10D9
  8
0
 10
20.7567
 20
42.6233
 30
0.0
 11
20.8857
 21
42.8385
 31
0.0
  0
LINE
  5
10DA
  8
0
 10
20.8857
 20
42.8385
 30
0.0
 11
21.0352
 21
43.04
 31
0.0
  0
LINE
  5
10DB
  8
0
 10
21.0352
 20
43.04
 30
0.0
 11
21.2036
 21
43.2259
 31
0.0
  0
LINE
  5
10DC
  8
0
 10
21.2036
 20
43.2259
 30
0.0
 11
21.3896
 21
43.3944
 31
0.0
  0
LINE
  5
10DD
  8
0
 10
21.3896
 20
43.3944
 30
0.0
 11
21.5911
 21
43.5438
 31
0.0
  0
LINE
  5
10DE
  8
0
 10
21.5911
 20
43.5438
 30
0.0
 11
21.8062
 21
43.6728
 31
0.0
  0
LINE
  5
10DF
  8
0
 10
21.8062
 20
43.6728
 30
0.0
 11
22.0331
 21
43.7801
 31
0.0
  0
LINE
  5
10E0
  8
0
 10
22.0331
 20
43.7801
 30
0.0
 11
22.2693
 21
43.8646
 31
0.0
  0
LINE
  5
10E1
  8
0
 10
22.2693
 20
43.8646
 30
0.0
 11
22.5126
 21
43.9255
 31
0.0
  0
LINE
  5
10E2
  8
0
 10
22.5126
 20
43.9255
 30
0.0
 11
22.7608
 21
43.9624
 31
0.0
  0
LINE
  5
10E3
  8
0
 10
22.7608
 20
43.9624
 30
0.0
 11
23.0114
 21
43.9747
 31
0.0
  0
LINE
  5
10E4
  8
0
 10
23.0114
 20
43.9747
 30
0.0
 11
23.262
 21
43.9624
 31
0.0
  0
LINE
  5
10E5
  8
0
 10
23.262
 20
43.9624
 30
0.0
 11
23.5101
 21
43.9255
 31
0.0
  0
LINE
  5
10E6
  8
0
 10
23.5101
 20
43.9255
 30
0.0
 11
23.7535
 21
43.8646
 31
0.0
  0
LINE
  5
10E7
  8
0
 10
23.7535
 20
43.8646
 30
0.0
 11
23.9897
 21
43.7801
 31
0.0
  0
LINE
  5
10E8
  8
0
 10
23.9897
 20
43.7801
 30
0.0
 11
24.119
 21
43.7189
 31
0.0
  0
LINE
  5
10E9
  8
0
 10
24.119
 20
43.7189
 30
0.0
 11
24.9442
 21
44.5441
 31
0.0
  0
LINE
  5
10EA
  8
0
 10
24.9442
 20
44.5441
 30
0.0
 11
26.1373
 21
43.351
 31
0.0
  0
LINE
  5
10EB
  8
0
 10
26.1373
 20
43.351
 30
0.0
 11
25.3121
 21
42.5258
 31
0.0
  0
LINE
  5
10EC
  8
0
 10
25.3121
 20
42.5258
 30
0.0
 11
25.3733
 21
42.3965
 31
0.0
  0
LINE
  5
10ED
  8
0
 10
25.3733
 20
42.3965
 30
0.0
 11
25.4578
 21
42.1603
 31
0.0
  0
LINE
  5
10EE
  8
0
 10
25.4578
 20
42.1603
 30
0.0
 11
25.5187
 21
41.9169
 31
0.0
  0
LINE
  5
10EF
  8
0
 10
25.5187
 20
41.9169
 30
0.0
 11
25.5556
 21
41.6688
 31
0.0
  0
LINE
  5
10F0
  8
0
 10
25.5556
 20
41.6688
 30
0.0
 11
25.5679
 21
41.4182
 31
0.0
  0
LINE
  5
10F1
  8
0
 10
25.5679
 20
41.4182
 30
0.0
 11
25.5556
 21
41.1676
 31
0.0
  0
LINE
  5
10F2
  8
0
 10
25.5556
 20
41.1676
 30
0.0
 11
25.5187
 21
40.9194
 31
0.0
  0
LINE
  5
10F3
  8
0
 10
25.5187
 20
40.9194
 30
0.0
 11
25.4578
 21
40.6761
 31
0.0
  0
LINE
  5
10F4
  8
0
 10
25.4578
 20
40.6761
 30
0.0
 11
25.3733
 21
40.4398
 31
0.0
  0
LINE
  5
10F5
  8
0
 10
25.3733
 20
40.4398
 30
0.0
 11
25.266
 21
40.213
 31
0.0
  0
LINE
  5
10F6
  8
0
 10
25.266
 20
40.213
 30
0.0
 11
25.137
 21
39.9979
 31
0.0
  0
LINE
  5
10F7
  8
0
 10
25.137
 20
39.9979
 30
0.0
 11
24.9876
 21
39.7964
 31
0.0
  0
LINE
  5
10F8
  8
0
 10
24.9876
 20
39.7964
 30
0.0
 11
24.8191
 21
39.6105
 31
0.0
  0
LINE
  5
10F9
  8
0
 10
24.8191
 20
39.6105
 30
0.0
 11
24.6332
 21
39.442
 31
0.0
  0
LINE
  5
10FA
  8
0
 10
24.6332
 20
39.442
 30
0.0
 11
24.4317
 21
39.2925
 31
0.0
  0
LINE
  5
10FB
  8
0
 10
24.4317
 20
39.2925
 30
0.0
 11
24.2165
 21
39.1635
 31
0.0
  0
LINE
  5
10FC
  8
0
 10
24.2165
 20
39.1635
 30
0.0
 11
23.9897
 21
39.0563
 31
0.0
  0
LINE
  5
10FD
  8
0
 10
23.9897
 20
39.0563
 30
0.0
 11
23.7535
 21
38.9718
 31
0.0
  0
LINE
  5
10FE
  8
0
 10
23.7535
 20
38.9718
 30
0.0
 11
23.5101
 21
38.9108
 31
0.0
  0
LINE
  5
10FF
  8
0
 10
23.5101
 20
38.9108
 30
0.0
 11
23.262
 21
38.874
 31
0.0
  0
LINE
  5
1100
  8
0
 10
23.262
 20
38.874
 30
0.0
 11
23.0114
 21
38.8617
 31
0.0
  0
LINE
  5
1101
  8
0
 10
23.0114
 20
38.8617
 30
0.0
 11
22.7608
 21
38.874
 31
0.0
  0
LINE
  5
1102
  8
0
 10
24.4575
 20
41.4182
 30
0.0
 11
23.0114
 21
42.8643
 31
0.0
  0
LINE
  5
1103
  8
0
 10
23.0114
 20
42.8643
 30
0.0
 11
21.5652
 21
41.4182
 31
0.0
  0
LINE
  5
1104
  8
0
 10
21.5652
 20
41.4182
 30
0.0
 11
23.0114
 21
39.972
 31
0.0
  0
LINE
  5
1105
  8
0
 10
23.0114
 20
39.972
 30
0.0
 11
24.4575
 21
41.4182
 31
0.0
  0
LINE
  5
1106
  8
0
 10
77.9812
 20
38.874
 30
0.0
 11
77.733
 21
38.9108
 31
0.0
  0
LINE
  5
1107
  8
0
 10
77.733
 20
38.9108
 30
0.0
 11
77.4897
 21
38.9718
 31
0.0
  0
LINE
  5
1108
  8
0
 10
77.4897
 20
38.9718
 30
0.0
 11
77.2534
 21
39.0563
 31
0.0
  0
LINE
  5
1109
  8
0
 10
77.2534
 20
39.0563
 30
0.0
 11
77.0266
 21
39.1635
 31
0.0
  0
LINE
  5
110A
  8
0
 10
77.0266
 20
39.1635
 30
0.0
 11
76.8115
 21
39.2925
 31
0.0
  0
LINE
  5
110B
  8
0
 10
76.8115
 20
39.2925
 30
0.0
 11
76.6099
 21
39.442
 31
0.0
  0
LINE
  5
110C
  8
0
 10
76.6099
 20
39.442
 30
0.0
 11
76.4241
 21
39.6105
 31
0.0
  0
LINE
  5
110D
  8
0
 10
76.4241
 20
39.6105
 30
0.0
 11
76.2556
 21
39.7963
 31
0.0
  0
LINE
  5
110E
  8
0
 10
76.2556
 20
39.7963
 30
0.0
 11
76.1061
 21
39.9979
 31
0.0
  0
LINE
  5
110F
  8
0
 10
76.1061
 20
39.9979
 30
0.0
 11
75.9771
 21
40.213
 31
0.0
  0
LINE
  5
1110
  8
0
 10
75.9771
 20
40.213
 30
0.0
 11
75.8699
 21
40.4398
 31
0.0
  0
LINE
  5
1111
  8
0
 10
75.8699
 20
40.4398
 30
0.0
 11
75.7854
 21
40.6761
 31
0.0
  0
LINE
  5
1112
  8
0
 10
75.7854
 20
40.6761
 30
0.0
 11
75.7244
 21
40.9194
 31
0.0
  0
LINE
  5
1113
  8
0
 10
75.7244
 20
40.9194
 30
0.0
 11
75.6876
 21
41.1676
 31
0.0
  0
LINE
  5
1114
  8
0
 10
75.6876
 20
41.1676
 30
0.0
 11
75.6753
 21
41.4182
 31
0.0
  0
LINE
  5
1115
  8
0
 10
75.6753
 20
41.4182
 30
0.0
 11
75.6876
 21
41.6688
 31
0.0
  0
LINE
  5
1116
  8
0
 10
75.6876
 20
41.6688
 30
0.0
 11
75.7244
 21
41.9169
 31
0.0
  0
LINE
  5
1117
  8
0
 10
75.7244
 20
41.9169
 30
0.0
 11
75.7854
 21
42.1603
 31
0.0
  0
LINE
  5
1118
  8
0
 10
75.7854
 20
42.1603
 30
0.0
 11
75.8699
 21
42.3965
 31
0.0
  0
LINE
  5
1119
  8
0
 10
75.8699
 20
42.3965
 30
0.0
 11
75.9771
 21
42.6233
 31
0.0
  0
LINE
  5
111A
  8
0
 10
75.9771
 20
42.6233
 30
0.0
 11
76.1061
 21
42.8385
 31
0.0
  0
LINE
  5
111B
  8
0
 10
76.1061
 20
42.8385
 30
0.0
 11
76.2556
 21
43.04
 31
0.0
  0
LINE
  5
111C
  8
0
 10
76.2556
 20
43.04
 30
0.0
 11
76.4241
 21
43.2259
 31
0.0
  0
LINE
  5
111D
  8
0
 10
76.4241
 20
43.2259
 30
0.0
 11
76.61
 21
43.3944
 31
0.0
  0
LINE
  5
111E
  8
0
 10
76.61
 20
43.3944
 30
0.0
 11
76.8115
 21
43.5438
 31
0.0
  0
LINE
  5
111F
  8
0
 10
76.8115
 20
43.5438
 30
0.0
 11
77.0266
 21
43.6728
 31
0.0
  0
LINE
  5
1120
  8
0
 10
77.0266
 20
43.6728
 30
0.0
 11
77.2534
 21
43.7801
 31
0.0
  0
LINE
  5
1121
  8
0
 10
77.2534
 20
43.7801
 30
0.0
 11
77.4897
 21
43.8646
 31
0.0
  0
LINE
  5
1122
  8
0
 10
77.4897
 20
43.8646
 30
0.0
 11
77.733
 21
43.9255
 31
0.0
  0
LINE
  5
1123
  8
0
 10
77.733
 20
43.9255
 30
0.0
 11
77.9812
 21
43.9624
 31
0.0
  0
LINE
  5
1124
  8
0
 10
77.9812
 20
43.9624
 30
0.0
 11
78.2318
 21
43.9747
 31
0.0
  0
LINE
  5
1125
  8
0
 10
78.2318
 20
43.9747
 30
0.0
 11
78.4824
 21
43.9624
 31
0.0
  0
LINE
  5
1126
  8
0
 10
78.4824
 20
43.9624
 30
0.0
 11
78.7305
 21
43.9255
 31
0.0
  0
LINE
  5
1127
  8
0
 10
78.7305
 20
43.9255
 30
0.0
 11
78.9739
 21
43.8646
 31
0.0
  0
LINE
  5
1128
  8
0
 10
78.9739
 20
43.8646
 30
0.0
 11
79.2101
 21
43.7801
 31
0.0
  0
LINE
  5
1129
  8
0
 10
79.2101
 20
43.7801
 30
0.0
 11
79.3394
 21
43.7189
 31
0.0
  0
LINE
  5
112A
  8
0
 10
79.3394
 20
43.7189
 30
0.0
 11
80.1646
 21
44.5441
 31
0.0
  0
LINE
  5
112B
  8
0
 10
80.1646
 20
44.5441
 30
0.0
 11
81.3577
 21
43.351
 31
0.0
  0
LINE
  5
112C
  8
0
 10
81.3577
 20
43.351
 30
0.0
 11
80.5325
 21
42.5258
 31
0.0
  0
LINE
  5
112D
  8
0
 10
80.5325
 20
42.5258
 30
0.0
 11
80.5937
 21
42.3965
 31
0.0
  0
LINE
  5
112E
  8
0
 10
80.5937
 20
42.3965
 30
0.0
 11
80.6782
 21
42.1603
 31
0.0
  0
LINE
  5
112F
  8
0
 10
80.6782
 20
42.1603
 30
0.0
 11
80.7391
 21
41.9169
 31
0.0
  0
LINE
  5
1130
  8
0
 10
80.7391
 20
41.9169
 30
0.0
 11
80.776
 21
41.6688
 31
0.0
  0
LINE
  5
1131
  8
0
 10
80.776
 20
41.6688
 30
0.0
 11
80.7883
 21
41.4182
 31
0.0
  0
LINE
  5
1132
  8
0
 10
80.7883
 20
41.4182
 30
0.0
 11
80.776
 21
41.1676
 31
0.0
  0
LINE
  5
1133
  8
0
 10
80.776
 20
41.1676
 30
0.0
 11
80.7391
 21
40.9194
 31
0.0
  0
LINE
  5
1134
  8
0
 10
80.7391
 20
40.9194
 30
0.0
 11
80.6782
 21
40.6761
 31
0.0
  0
LINE
  5
1135
  8
0
 10
80.6782
 20
40.6761
 30
0.0
 11
80.5937
 21
40.4398
 31
0.0
  0
LINE
  5
1136
  8
0
 10
80.5937
 20
40.4398
 30
0.0
 11
80.4864
 21
40.213
 31
0.0
  0
LINE
  5
1137
  8
0
 10
80.4864
 20
40.213
 30
0.0
 11
80.3574
 21
39.9979
 31
0.0
  0
LINE
  5
1138
  8
0
 10
80.3574
 20
39.9979
 30
0.0
 11
80.208
 21
39.7964
 31
0.0
  0
LINE
  5
1139
  8
0
 10
80.208
 20
39.7964
 30
0.0
 11
80.0395
 21
39.6105
 31
0.0
  0
LINE
  5
113A
  8
0
 10
80.0395
 20
39.6105
 30
0.0
 11
79.8536
 21
39.442
 31
0.0
  0
LINE
  5
113B
  8
0
 10
79.8536
 20
39.442
 30
0.0
 11
79.6521
 21
39.2925
 31
0.0
  0
LINE
  5
113C
  8
0
 10
79.6521
 20
39.2925
 30
0.0
 11
79.4369
 21
39.1635
 31
0.0
  0
LINE
  5
113D
  8
0
 10
79.4369
 20
39.1635
 30
0.0
 11
79.2101
 21
39.0563
 31
0.0
  0
LINE
  5
113E
  8
0
 10
79.2101
 20
39.0563
 30
0.0
 11
78.9739
 21
38.9718
 31
0.0
  0
LINE
  5
113F
  8
0
 10
78.9739
 20
38.9718
 30
0.0
 11
78.7305
 21
38.9108
 31
0.0
  0
LINE
  5
1140
  8
0
 10
78.7305
 20
38.9108
 30
0.0
 11
78.4824
 21
38.874
 31
0.0
  0
LINE
  5
1141
  8
0
 10
78.4824
 20
38.874
 30
0.0
 11
78.2318
 21
38.8617
 31
0.0
  0
LINE
  5
1142
  8
0
 10
78.2318
 20
38.8617
 30
0.0
 11
77.9812
 21
38.874
 31
0.0
  0
LINE
  5
1143
  8
0
 10
79.6779
 20
41.4182
 30
0.0
 11
78.2318
 21
42.8643
 31
0.0
  0
LINE
  5
1144
  8
0
 10
78.2318
 20
42.8643
 30
0.0
 11
76.7856
 21
41.4182
 31
0.0
  0
LINE
  5
1145
  8
0
 10
76.7856
 20
41.4182
 30
0.0
 11
78.2318
 21
39.972
 31
0.0
  0
LINE
  5
1146
  8
0
 10
78.2318
 20
39.972
 30
0.0
 11
79.6779
 21
41.4182
 31
0.0
  0
LINE
  5
1147
  8
0
 10
31.9584
 20
38.874
 30
0.0
 11
31.7103
 21
38.9108
 31
0.0
  0
LINE
  5
1148
  8
0
 10
31.7103
 20
38.9108
 30
0.0
 11
31.4669
 21
38.9718
 31
0.0
  0
LINE
  5
1149
  8
0
 10
31.4669
 20
38.9718
 30
0.0
 11
31.2307
 21
39.0563
 31
0.0
  0
LINE
  5
114A
  8
0
 10
31.2307
 20
39.0563
 30
0.0
 11
31.0039
 21
39.1635
 31
0.0
  0
LINE
  5
114B
  8
0
 10
31.0039
 20
39.1635
 30
0.0
 11
30.7887
 21
39.2925
 31
0.0
  0
LINE
  5
114C
  8
0
 10
30.7887
 20
39.2925
 30
0.0
 11
30.5872
 21
39.442
 31
0.0
  0
LINE
  5
114D
  8
0
 10
30.5872
 20
39.442
 30
0.0
 11
30.4013
 21
39.6105
 31
0.0
  0
LINE
  5
114E
  8
0
 10
30.4013
 20
39.6105
 30
0.0
 11
30.2328
 21
39.7964
 31
0.0
  0
LINE
  5
114F
  8
0
 10
30.2328
 20
39.7964
 30
0.0
 11
30.0834
 21
39.9979
 31
0.0
  0
LINE
  5
1150
  8
0
 10
30.0834
 20
39.9979
 30
0.0
 11
29.9544
 21
40.213
 31
0.0
  0
LINE
  5
1151
  8
0
 10
29.9544
 20
40.213
 30
0.0
 11
29.8471
 21
40.4398
 31
0.0
  0
LINE
  5
1152
  8
0
 10
29.8471
 20
40.4398
 30
0.0
 11
29.7626
 21
40.6761
 31
0.0
  0
LINE
  5
1153
  8
0
 10
29.7626
 20
40.6761
 30
0.0
 11
29.7017
 21
40.9194
 31
0.0
  0
LINE
  5
1154
  8
0
 10
29.7017
 20
40.9194
 30
0.0
 11
29.6648
 21
41.1676
 31
0.0
  0
LINE
  5
1155
  8
0
 10
29.6648
 20
41.1676
 30
0.0
 11
29.6525
 21
41.4182
 31
0.0
  0
LINE
  5
1156
  8
0
 10
29.6525
 20
41.4182
 30
0.0
 11
29.6648
 21
41.6688
 31
0.0
  0
LINE
  5
1157
  8
0
 10
29.6648
 20
41.6688
 30
0.0
 11
29.7016
 21
41.9169
 31
0.0
  0
LINE
  5
1158
  8
0
 10
29.7016
 20
41.9169
 30
0.0
 11
29.7626
 21
42.1603
 31
0.0
  0
LINE
  5
1159
  8
0
 10
29.7626
 20
42.1603
 30
0.0
 11
29.8471
 21
42.3965
 31
0.0
  0
LINE
  5
115A
  8
0
 10
29.8471
 20
42.3965
 30
0.0
 11
29.9083
 21
42.5258
 31
0.0
  0
LINE
  5
115B
  8
0
 10
29.9083
 20
42.5258
 30
0.0
 11
29.0831
 21
43.351
 31
0.0
  0
LINE
  5
115C
  8
0
 10
29.0831
 20
43.351
 30
0.0
 11
30.2762
 21
44.5441
 31
0.0
  0
LINE
  5
115D
  8
0
 10
30.2762
 20
44.5441
 30
0.0
 11
31.1014
 21
43.7189
 31
0.0
  0
LINE
  5
115E
  8
0
 10
31.1014
 20
43.7189
 30
0.0
 11
31.2307
 21
43.7801
 31
0.0
  0
LINE
  5
115F
  8
0
 10
31.2307
 20
43.7801
 30
0.0
 11
31.4669
 21
43.8646
 31
0.0
  0
LINE
  5
1160
  8
0
 10
31.4669
 20
43.8646
 30
0.0
 11
31.7103
 21
43.9255
 31
0.0
  0
LINE
  5
1161
  8
0
 10
31.7103
 20
43.9255
 30
0.0
 11
31.9584
 21
43.9624
 31
0.0
  0
LINE
  5
1162
  8
0
 10
31.9584
 20
43.9624
 30
0.0
 11
32.209
 21
43.9747
 31
0.0
  0
LINE
  5
1163
  8
0
 10
32.209
 20
43.9747
 30
0.0
 11
32.4596
 21
43.9624
 31
0.0
  0
LINE
  5
1164
  8
0
 10
32.4596
 20
43.9624
 30
0.0
 11
32.7078
 21
43.9255
 31
0.0
  0
LINE
  5
1165
  8
0
 10
32.7078
 20
43.9255
 30
0.0
 11
32.9511
 21
43.8646
 31
0.0
  0
LINE
  5
1166
  8
0
 10
32.9511
 20
43.8646
 30
0.0
 11
33.1873
 21
43.7801
 31
0.0
  0
LINE
  5
1167
  8
0
 10
33.1873
 20
43.7801
 30
0.0
 11
33.4141
 21
43.6728
 31
0.0
  0
LINE
  5
1168
  8
0
 10
33.4141
 20
43.6728
 30
0.0
 11
33.6293
 21
43.5438
 31
0.0
  0
LINE
  5
1169
  8
0
 10
33.6293
 20
43.5438
 30
0.0
 11
33.8308
 21
43.3944
 31
0.0
  0
LINE
  5
116A
  8
0
 10
33.8308
 20
43.3944
 30
0.0
 11
34.0167
 21
43.2259
 31
0.0
  0
LINE
  5
116B
  8
0
 10
34.0167
 20
43.2259
 30
0.0
 11
34.1852
 21
43.04
 31
0.0
  0
LINE
  5
116C
  8
0
 10
34.1852
 20
43.04
 30
0.0
 11
34.3347
 21
42.8385
 31
0.0
  0
LINE
  5
116D
  8
0
 10
34.3347
 20
42.8385
 30
0.0
 11
34.4637
 21
42.6233
 31
0.0
  0
LINE
  5
116E
  8
0
 10
34.4637
 20
42.6233
 30
0.0
 11
34.5709
 21
42.3965
 31
0.0
  0
LINE
  5
116F
  8
0
 10
34.5709
 20
42.3965
 30
0.0
 11
34.6554
 21
42.1603
 31
0.0
  0
LINE
  5
1170
  8
0
 10
34.6554
 20
42.1603
 30
0.0
 11
34.7164
 21
41.9169
 31
0.0
  0
LINE
  5
1171
  8
0
 10
34.7164
 20
41.9169
 30
0.0
 11
34.7532
 21
41.6688
 31
0.0
  0
LINE
  5
1172
  8
0
 10
34.7532
 20
41.6688
 30
0.0
 11
34.7655
 21
41.4182
 31
0.0
  0
LINE
  5
1173
  8
0
 10
34.7655
 20
41.4182
 30
0.0
 11
34.7532
 21
41.1676
 31
0.0
  0
LINE
  5
1174
  8
0
 10
34.7532
 20
41.1676
 30
0.0
 11
34.7164
 21
40.9194
 31
0.0
  0
LINE
  5
1175
  8
0
 10
34.7164
 20
40.9194
 30
0.0
 11
34.6554
 21
40.6761
 31
0.0
  0
LINE
  5
1176
  8
0
 10
34.6554
 20
40.6761
 30
0.0
 11
34.5709
 21
40.4398
 31
0.0
  0
LINE
  5
1177
  8
0
 10
34.5709
 20
40.4398
 30
0.0
 11
34.4637
 21
40.213
 31
0.0
  0
LINE
  5
1178
  8
0
 10
34.4637
 20
40.213
 30
0.0
 11
34.3347
 21
39.9979
 31
0.0
  0
LINE
  5
1179
  8
0
 10
34.3347
 20
39.9979
 30
0.0
 11
34.1852
 21
39.7963
 31
0.0
  0
LINE
  5
117A
  8
0
 10
34.1852
 20
39.7963
 30
0.0
 11
34.0167
 21
39.6105
 31
0.0
  0
LINE
  5
117B
  8
0
 10
34.0167
 20
39.6105
 30
0.0
 11
33.8308
 21
39.442
 31
0.0
  0
LINE
  5
117C
  8
0
 10
33.8308
 20
39.442
 30
0.0
 11
33.6293
 21
39.2925
 31
0.0
  0
LINE
  5
117D
  8
0
 10
33.6293
 20
39.2925
 30
0.0
 11
33.4142
 21
39.1635
 31
0.0
  0
LINE
  5
117E
  8
0
 10
33.4142
 20
39.1635
 30
0.0
 11
33.1873
 21
39.0563
 31
0.0
  0
LINE
  5
117F
  8
0
 10
33.1873
 20
39.0563
 30
0.0
 11
32.9511
 21
38.9718
 31
0.0
  0
LINE
  5
1180
  8
0
 10
32.9511
 20
38.9718
 30
0.0
 11
32.7078
 21
38.9108
 31
0.0
  0
LINE
  5
1181
  8
0
 10
32.7078
 20
38.9108
 30
0.0
 11
32.4596
 21
38.874
 31
0.0
  0
LINE
  5
1182
  8
0
 10
32.4596
 20
38.874
 30
0.0
 11
32.209
 21
38.8617
 31
0.0
  0
LINE
  5
1183
  8
0
 10
32.209
 20
38.8617
 30
0.0
 11
31.9584
 21
38.874
 31
0.0
  0
LINE
  5
1184
  8
0
 10
33.6552
 20
41.4182
 30
0.0
 11
32.209
 21
42.8643
 31
0.0
  0
LINE
  5
1185
  8
0
 10
32.209
 20
42.8643
 30
0.0
 11
30.7628
 21
41.4182
 31
0.0
  0
LINE
  5
1186
  8
0
 10
30.7628
 20
41.4182
 30
0.0
 11
32.209
 21
39.972
 31
0.0
  0
LINE
  5
1187
  8
0
 10
32.209
 20
39.972
 30
0.0
 11
33.6552
 21
41.4182
 31
0.0
  0
LINE
  5
1188
  8
0
 10
68.772
 20
38.874
 30
0.0
 11
68.5239
 21
38.9108
 31
0.0
  0
LINE
  5
1189
  8
0
 10
68.5239
 20
38.9108
 30
0.0
 11
68.2805
 21
38.9718
 31
0.0
  0
LINE
  5
118A
  8
0
 10
68.2805
 20
38.9718
 30
0.0
 11
68.0443
 21
39.0563
 31
0.0
  0
LINE
  5
118B
  8
0
 10
68.0443
 20
39.0563
 30
0.0
 11
67.8175
 21
39.1635
 31
0.0
  0
LINE
  5
118C
  8
0
 10
67.8175
 20
39.1635
 30
0.0
 11
67.6023
 21
39.2925
 31
0.0
  0
LINE
  5
118D
  8
0
 10
67.6023
 20
39.2925
 30
0.0
 11
67.4008
 21
39.442
 31
0.0
  0
LINE
  5
118E
  8
0
 10
67.4008
 20
39.442
 30
0.0
 11
67.2149
 21
39.6105
 31
0.0
  0
LINE
  5
118F
  8
0
 10
67.2149
 20
39.6105
 30
0.0
 11
67.0464
 21
39.7964
 31
0.0
  0
LINE
  5
1190
  8
0
 10
67.0464
 20
39.7964
 30
0.0
 11
66.897
 21
39.9979
 31
0.0
  0
LINE
  5
1191
  8
0
 10
66.897
 20
39.9979
 30
0.0
 11
66.768
 21
40.213
 31
0.0
  0
LINE
  5
1192
  8
0
 10
66.768
 20
40.213
 30
0.0
 11
66.6607
 21
40.4398
 31
0.0
  0
LINE
  5
1193
  8
0
 10
66.6607
 20
40.4398
 30
0.0
 11
66.5762
 21
40.6761
 31
0.0
  0
LINE
  5
1194
  8
0
 10
66.5762
 20
40.6761
 30
0.0
 11
66.5153
 21
40.9194
 31
0.0
  0
LINE
  5
1195
  8
0
 10
66.5153
 20
40.9194
 30
0.0
 11
66.4784
 21
41.1676
 31
0.0
  0
LINE
  5
1196
  8
0
 10
66.4784
 20
41.1676
 30
0.0
 11
66.4661
 21
41.4182
 31
0.0
  0
LINE
  5
1197
  8
0
 10
66.4661
 20
41.4182
 30
0.0
 11
66.4784
 21
41.6688
 31
0.0
  0
LINE
  5
1198
  8
0
 10
66.4784
 20
41.6688
 30
0.0
 11
66.5152
 21
41.9169
 31
0.0
  0
LINE
  5
1199
  8
0
 10
66.5152
 20
41.9169
 30
0.0
 11
66.5762
 21
42.1603
 31
0.0
  0
LINE
  5
119A
  8
0
 10
66.5762
 20
42.1603
 30
0.0
 11
66.6607
 21
42.3965
 31
0.0
  0
LINE
  5
119B
  8
0
 10
66.6607
 20
42.3965
 30
0.0
 11
66.7219
 21
42.5258
 31
0.0
  0
LINE
  5
119C
  8
0
 10
66.7219
 20
42.5258
 30
0.0
 11
65.8967
 21
43.351
 31
0.0
  0
LINE
  5
119D
  8
0
 10
65.8967
 20
43.351
 30
0.0
 11
67.0898
 21
44.5441
 31
0.0
  0
LINE
  5
119E
  8
0
 10
67.0898
 20
44.5441
 30
0.0
 11
67.915
 21
43.7189
 31
0.0
  0
LINE
  5
119F
  8
0
 10
67.915
 20
43.7189
 30
0.0
 11
68.0443
 21
43.7801
 31
0.0
  0
LINE
  5
11A0
  8
0
 10
68.0443
 20
43.7801
 30
0.0
 11
68.2805
 21
43.8646
 31
0.0
  0
LINE
  5
11A1
  8
0
 10
68.2805
 20
43.8646
 30
0.0
 11
68.5238
 21
43.9255
 31
0.0
  0
LINE
  5
11A2
  8
0
 10
68.5238
 20
43.9255
 30
0.0
 11
68.772
 21
43.9624
 31
0.0
  0
LINE
  5
11A3
  8
0
 10
68.772
 20
43.9624
 30
0.0
 11
69.0226
 21
43.9747
 31
0.0
  0
LINE
  5
11A4
  8
0
 10
69.0226
 20
43.9747
 30
0.0
 11
69.2732
 21
43.9624
 31
0.0
  0
LINE
  5
11A5
  8
0
 10
69.2732
 20
43.9624
 30
0.0
 11
69.5214
 21
43.9255
 31
0.0
  0
LINE
  5
11A6
  8
0
 10
69.5214
 20
43.9255
 30
0.0
 11
69.7647
 21
43.8646
 31
0.0
  0
LINE
  5
11A7
  8
0
 10
69.7647
 20
43.8646
 30
0.0
 11
70.0009
 21
43.7801
 31
0.0
  0
LINE
  5
11A8
  8
0
 10
70.0009
 20
43.7801
 30
0.0
 11
70.2277
 21
43.6728
 31
0.0
  0
LINE
  5
11A9
  8
0
 10
70.2277
 20
43.6728
 30
0.0
 11
70.4429
 21
43.5438
 31
0.0
  0
LINE
  5
11AA
  8
0
 10
70.4429
 20
43.5438
 30
0.0
 11
70.6444
 21
43.3944
 31
0.0
  0
LINE
  5
11AB
  8
0
 10
70.6444
 20
43.3944
 30
0.0
 11
70.8303
 21
43.2259
 31
0.0
  0
LINE
  5
11AC
  8
0
 10
70.8303
 20
43.2259
 30
0.0
 11
70.9988
 21
43.04
 31
0.0
  0
LINE
  5
11AD
  8
0
 10
70.9988
 20
43.04
 30
0.0
 11
71.1483
 21
42.8385
 31
0.0
  0
LINE
  5
11AE
  8
0
 10
71.1483
 20
42.8385
 30
0.0
 11
71.2773
 21
42.6233
 31
0.0
  0
LINE
  5
11AF
  8
0
 10
71.2773
 20
42.6233
 30
0.0
 11
71.3845
 21
42.3965
 31
0.0
  0
LINE
  5
11B0
  8
0
 10
71.3845
 20
42.3965
 30
0.0
 11
71.469
 21
42.1603
 31
0.0
  0
LINE
  5
11B1
  8
0
 10
71.469
 20
42.1603
 30
0.0
 11
71.53
 21
41.9169
 31
0.0
  0
LINE
  5
11B2
  8
0
 10
71.53
 20
41.9169
 30
0.0
 11
71.5668
 21
41.6688
 31
0.0
  0
LINE
  5
11B3
  8
0
 10
71.5668
 20
41.6688
 30
0.0
 11
71.5791
 21
41.4182
 31
0.0
  0
LINE
  5
11B4
  8
0
 10
71.5791
 20
41.4182
 30
0.0
 11
71.5668
 21
41.1676
 31
0.0
  0
LINE
  5
11B5
  8
0
 10
71.5668
 20
41.1676
 30
0.0
 11
71.53
 21
40.9194
 31
0.0
  0
LINE
  5
11B6
  8
0
 10
71.53
 20
40.9194
 30
0.0
 11
71.469
 21
40.6761
 31
0.0
  0
LINE
  5
11B7
  8
0
 10
71.469
 20
40.6761
 30
0.0
 11
71.3845
 21
40.4398
 31
0.0
  0
LINE
  5
11B8
  8
0
 10
71.3845
 20
40.4398
 30
0.0
 11
71.2773
 21
40.213
 31
0.0
  0
LINE
  5
11B9
  8
0
 10
71.2773
 20
40.213
 30
0.0
 11
71.1483
 21
39.9979
 31
0.0
  0
LINE
  5
11BA
  8
0
 10
71.1483
 20
39.9979
 30
0.0
 11
70.9988
 21
39.7963
 31
0.0
  0
LINE
  5
11BB
  8
0
 10
70.9988
 20
39.7963
 30
0.0
 11
70.8303
 21
39.6105
 31
0.0
  0
LINE
  5
11BC
  8
0
 10
70.8303
 20
39.6105
 30
0.0
 11
70.6445
 21
39.442
 31
0.0
  0
LINE
  5
11BD
  8
0
 10
70.6445
 20
39.442
 30
0.0
 11
70.4429
 21
39.2925
 31
0.0
  0
LINE
  5
11BE
  8
0
 10
70.4429
 20
39.2925
 30
0.0
 11
70.2278
 21
39.1635
 31
0.0
  0
LINE
  5
11BF
  8
0
 10
70.2278
 20
39.1635
 30
0.0
 11
70.001
 21
39.0563
 31
0.0
  0
LINE
  5
11C0
  8
0
 10
70.001
 20
39.0563
 30
0.0
 11
69.7647
 21
38.9718
 31
0.0
  0
LINE
  5
11C1
  8
0
 10
69.7647
 20
38.9718
 30
0.0
 11
69.5214
 21
38.9108
 31
0.0
  0
LINE
  5
11C2
  8
0
 10
69.5214
 20
38.9108
 30
0.0
 11
69.2732
 21
38.874
 31
0.0
  0
LINE
  5
11C3
  8
0
 10
69.2732
 20
38.874
 30
0.0
 11
69.0226
 21
38.8617
 31
0.0
  0
LINE
  5
11C4
  8
0
 10
69.0226
 20
38.8617
 30
0.0
 11
68.772
 21
38.874
 31
0.0
  0
LINE
  5
11C5
  8
0
 10
70.4688
 20
41.4182
 30
0.0
 11
69.0226
 21
42.8643
 31
0.0
  0
LINE
  5
11C6
  8
0
 10
69.0226
 20
42.8643
 30
0.0
 11
67.5764
 21
41.4182
 31
0.0
  0
LINE
  5
11C7
  8
0
 10
67.5764
 20
41.4182
 30
0.0
 11
69.0226
 21
39.972
 31
0.0
  0
LINE
  5
11C8
  8
0
 10
69.0226
 20
39.972
 30
0.0
 11
70.4688
 21
41.4182
 31
0.0
  0
LINE
  5
11C9
  8
0
 10
4.35399
 20
38.874
 30
0.0
 11
4.10582
 21
38.9108
 31
0.0
  0
LINE
  5
11CA
  8
0
 10
4.10582
 20
38.9108
 30
0.0
 11
3.86246
 21
38.9718
 31
0.0
  0
LINE
  5
11CB
  8
0
 10
3.86246
 20
38.9718
 30
0.0
 11
3.62624
 21
39.0563
 31
0.0
  0
LINE
  5
11CC
  8
0
 10
3.62624
 20
39.0563
 30
0.0
 11
3.39943
 21
39.1635
 31
0.0
  0
LINE
  5
11CD
  8
0
 10
3.39943
 20
39.1635
 30
0.0
 11
3.18427
 21
39.2925
 31
0.0
  0
LINE
  5
11CE
  8
0
 10
3.18427
 20
39.2925
 30
0.0
 11
2.98274
 21
39.442
 31
0.0
  0
LINE
  5
11CF
  8
0
 10
2.98274
 20
39.442
 30
0.0
 11
2.79684
 21
39.6105
 31
0.0
  0
LINE
  5
11D0
  8
0
 10
2.79684
 20
39.6105
 30
0.0
 11
2.62836
 21
39.7963
 31
0.0
  0
LINE
  5
11D1
  8
0
 10
2.62836
 20
39.7963
 30
0.0
 11
2.47893
 21
39.9979
 31
0.0
  0
LINE
  5
11D2
  8
0
 10
2.47893
 20
39.9979
 30
0.0
 11
2.34993
 21
40.213
 31
0.0
  0
LINE
  5
11D3
  8
0
 10
2.34993
 20
40.213
 30
0.0
 11
2.24269
 21
40.4398
 31
0.0
  0
LINE
  5
11D4
  8
0
 10
2.24269
 20
40.4398
 30
0.0
 11
2.15816
 21
40.6761
 31
0.0
  0
LINE
  5
11D5
  8
0
 10
2.15816
 20
40.6761
 30
0.0
 11
2.0972
 21
40.9194
 31
0.0
  0
LINE
  5
11D6
  8
0
 10
2.0972
 20
40.9194
 30
0.0
 11
2.06039
 21
41.1676
 31
0.0
  0
LINE
  5
11D7
  8
0
 10
2.06039
 20
41.1676
 30
0.0
 11
2.04808
 21
41.4182
 31
0.0
  0
LINE
  5
11D8
  8
0
 10
2.04808
 20
41.4182
 30
0.0
 11
2.06039
 21
41.6688
 31
0.0
  0
LINE
  5
11D9
  8
0
 10
2.06039
 20
41.6688
 30
0.0
 11
2.0972
 21
41.9169
 31
0.0
  0
LINE
  5
11DA
  8
0
 10
2.0972
 20
41.9169
 30
0.0
 11
2.15816
 21
42.1603
 31
0.0
  0
LINE
  5
11DB
  8
0
 10
2.15816
 20
42.1603
 30
0.0
 11
2.24269
 21
42.3965
 31
0.0
  0
LINE
  5
11DC
  8
0
 10
2.24269
 20
42.3965
 30
0.0
 11
2.34993
 21
42.6233
 31
0.0
  0
LINE
  5
11DD
  8
0
 10
2.34993
 20
42.6233
 30
0.0
 11
2.47893
 21
42.8385
 31
0.0
  0
LINE
  5
11DE
  8
0
 10
2.47893
 20
42.8385
 30
0.0
 11
2.62836
 21
43.04
 31
0.0
  0
LINE
  5
11DF
  8
0
 10
2.62836
 20
43.04
 30
0.0
 11
2.79684
 21
43.2259
 31
0.0
  0
LINE
  5
11E0
  8
0
 10
2.79684
 20
43.2259
 30
0.0
 11
2.98276
 21
43.3944
 31
0.0
  0
LINE
  5
11E1
  8
0
 10
2.98276
 20
43.3944
 30
0.0
 11
3.18427
 21
43.5438
 31
0.0
  0
LINE
  5
11E2
  8
0
 10
3.18427
 20
43.5438
 30
0.0
 11
3.39944
 21
43.6728
 31
0.0
  0
LINE
  5
11E3
  8
0
 10
3.39944
 20
43.6728
 30
0.0
 11
3.62625
 21
43.7801
 31
0.0
  0
LINE
  5
11E4
  8
0
 10
3.62625
 20
43.7801
 30
0.0
 11
3.86247
 21
43.8646
 31
0.0
  0
LINE
  5
11E5
  8
0
 10
3.86247
 20
43.8646
 30
0.0
 11
4.10582
 21
43.9255
 31
0.0
  0
LINE
  5
11E6
  8
0
 10
4.10582
 20
43.9255
 30
0.0
 11
4.354
 21
43.9624
 31
0.0
  0
LINE
  5
11E7
  8
0
 10
4.354
 20
43.9624
 30
0.0
 11
4.60458
 21
43.9747
 31
0.0
  0
LINE
  5
11E8
  8
0
 10
4.60458
 20
43.9747
 30
0.0
 11
4.85518
 21
43.9624
 31
0.0
  0
LINE
  5
11E9
  8
0
 10
4.85518
 20
43.9624
 30
0.0
 11
5.10333
 21
43.9255
 31
0.0
  0
LINE
  5
11EA
  8
0
 10
5.10333
 20
43.9255
 30
0.0
 11
5.34669
 21
43.8646
 31
0.0
  0
LINE
  5
11EB
  8
0
 10
5.34669
 20
43.8646
 30
0.0
 11
5.58292
 21
43.7801
 31
0.0
  0
LINE
  5
11EC
  8
0
 10
5.58292
 20
43.7801
 30
0.0
 11
5.71222
 21
43.7189
 31
0.0
  0
LINE
  5
11ED
  8
0
 10
5.71222
 20
43.7189
 30
0.0
 11
6.53738
 21
44.5441
 31
0.0
  0
LINE
  5
11EE
  8
0
 10
6.53738
 20
44.5441
 30
0.0
 11
7.73047
 21
43.351
 31
0.0
  0
LINE
  5
11EF
  8
0
 10
7.73047
 20
43.351
 30
0.0
 11
6.9053
 21
42.5258
 31
0.0
  0
LINE
  5
11F0
  8
0
 10
6.9053
 20
42.5258
 30
0.0
 11
6.96646
 21
42.3965
 31
0.0
  0
LINE
  5
11F1
  8
0
 10
6.96646
 20
42.3965
 30
0.0
 11
7.05098
 21
42.1603
 31
0.0
  0
LINE
  5
11F2
  8
0
 10
7.05098
 20
42.1603
 30
0.0
 11
7.11194
 21
41.9169
 31
0.0
  0
LINE
  5
11F3
  8
0
 10
7.11194
 20
41.9169
 30
0.0
 11
7.14876
 21
41.6688
 31
0.0
  0
LINE
  5
11F4
  8
0
 10
7.14876
 20
41.6688
 30
0.0
 11
7.16106
 21
41.4182
 31
0.0
  0
LINE
  5
11F5
  8
0
 10
7.16106
 20
41.4182
 30
0.0
 11
7.14877
 21
41.1676
 31
0.0
  0
LINE
  5
11F6
  8
0
 10
7.14877
 20
41.1676
 30
0.0
 11
7.11192
 21
40.9194
 31
0.0
  0
LINE
  5
11F7
  8
0
 10
7.11192
 20
40.9194
 30
0.0
 11
7.05098
 21
40.6761
 31
0.0
  0
LINE
  5
11F8
  8
0
 10
7.05098
 20
40.6761
 30
0.0
 11
6.96646
 21
40.4398
 31
0.0
  0
LINE
  5
11F9
  8
0
 10
6.96646
 20
40.4398
 30
0.0
 11
6.85919
 21
40.213
 31
0.0
  0
LINE
  5
11FA
  8
0
 10
6.85919
 20
40.213
 30
0.0
 11
6.73021
 21
39.9979
 31
0.0
  0
LINE
  5
11FB
  8
0
 10
6.73021
 20
39.9979
 30
0.0
 11
6.58078
 21
39.7964
 31
0.0
  0
LINE
  5
11FC
  8
0
 10
6.58078
 20
39.7964
 30
0.0
 11
6.41229
 21
39.6105
 31
0.0
  0
LINE
  5
11FD
  8
0
 10
6.41229
 20
39.6105
 30
0.0
 11
6.22639
 21
39.442
 31
0.0
  0
LINE
  5
11FE
  8
0
 10
6.22639
 20
39.442
 30
0.0
 11
6.02487
 21
39.2925
 31
0.0
  0
LINE
  5
11FF
  8
0
 10
6.02487
 20
39.2925
 30
0.0
 11
5.80969
 21
39.1635
 31
0.0
  0
LINE
  5
1200
  8
0
 10
5.80969
 20
39.1635
 30
0.0
 11
5.5829
 21
39.0563
 31
0.0
  0
LINE
  5
1201
  8
0
 10
5.5829
 20
39.0563
 30
0.0
 11
5.34668
 21
38.9718
 31
0.0
  0
LINE
  5
1202
  8
0
 10
5.34668
 20
38.9718
 30
0.0
 11
5.1033
 21
38.9108
 31
0.0
  0
LINE
  5
1203
  8
0
 10
5.1033
 20
38.9108
 30
0.0
 11
4.85516
 21
38.874
 31
0.0
  0
LINE
  5
1204
  8
0
 10
4.85516
 20
38.874
 30
0.0
 11
4.60457
 21
38.8617
 31
0.0
  0
LINE
  5
1205
  8
0
 10
4.60457
 20
38.8617
 30
0.0
 11
4.35399
 21
38.874
 31
0.0
  0
LINE
  5
1206
  8
0
 10
6.05074
 20
41.4182
 30
0.0
 11
4.60457
 21
42.8643
 31
0.0
  0
LINE
  5
1207
  8
0
 10
4.60457
 20
42.8643
 30
0.0
 11
3.15839
 21
41.4182
 31
0.0
  0
LINE
  5
1208
  8
0
 10
3.15839
 20
41.4182
 30
0.0
 11
4.60457
 21
39.972
 31
0.0
  0
LINE
  5
1209
  8
0
 10
4.60457
 20
39.972
 30
0.0
 11
6.05074
 21
41.4182
 31
0.0
  0
LINE
  5
120A
  8
0
 10
41.1676
 20
38.874
 30
0.0
 11
40.9194
 21
38.9108
 31
0.0
  0
LINE
  5
120B
  8
0
 10
40.9194
 20
38.9108
 30
0.0
 11
40.6761
 21
38.9718
 31
0.0
  0
LINE
  5
120C
  8
0
 10
40.6761
 20
38.9718
 30
0.0
 11
40.4398
 21
39.0563
 31
0.0
  0
LINE
  5
120D
  8
0
 10
40.4398
 20
39.0563
 30
0.0
 11
40.213
 21
39.1635
 31
0.0
  0
LINE
  5
120E
  8
0
 10
40.213
 20
39.1635
 30
0.0
 11
39.9979
 21
39.2925
 31
0.0
  0
LINE
  5
120F
  8
0
 10
39.9979
 20
39.2925
 30
0.0
 11
39.7963
 21
39.442
 31
0.0
  0
LINE
  5
1210
  8
0
 10
39.7963
 20
39.442
 30
0.0
 11
39.6105
 21
39.6105
 31
0.0
  0
LINE
  5
1211
  8
0
 10
39.6105
 20
39.6105
 30
0.0
 11
39.442
 21
39.7963
 31
0.0
  0
LINE
  5
1212
  8
0
 10
39.442
 20
39.7963
 30
0.0
 11
39.2925
 21
39.9979
 31
0.0
  0
LINE
  5
1213
  8
0
 10
39.2925
 20
39.9979
 30
0.0
 11
39.1635
 21
40.213
 31
0.0
  0
LINE
  5
1214
  8
0
 10
39.1635
 20
40.213
 30
0.0
 11
39.0563
 21
40.4398
 31
0.0
  0
LINE
  5
1215
  8
0
 10
39.0563
 20
40.4398
 30
0.0
 11
38.9718
 21
40.6761
 31
0.0
  0
LINE
  5
1216
  8
0
 10
38.9718
 20
40.6761
 30
0.0
 11
38.9108
 21
40.9194
 31
0.0
  0
LINE
  5
1217
  8
0
 10
38.9108
 20
40.9194
 30
0.0
 11
38.874
 21
41.1676
 31
0.0
  0
LINE
  5
1218
  8
0
 10
38.874
 20
41.1676
 30
0.0
 11
38.8617
 21
41.4182
 31
0.0
  0
LINE
  5
1219
  8
0
 10
38.8617
 20
41.4182
 30
0.0
 11
38.874
 21
41.6688
 31
0.0
  0
LINE
  5
121A
  8
0
 10
38.874
 20
41.6688
 30
0.0
 11
38.9108
 21
41.9169
 31
0.0
  0
LINE
  5
121B
  8
0
 10
38.9108
 20
41.9169
 30
0.0
 11
38.9718
 21
42.1603
 31
0.0
  0
LINE
  5
121C
  8
0
 10
38.9718
 20
42.1603
 30
0.0
 11
39.0563
 21
42.3965
 31
0.0
  0
LINE
  5
121D
  8
0
 10
39.0563
 20
42.3965
 30
0.0
 11
39.1635
 21
42.6233
 31
0.0
  0
LINE
  5
121E
  8
0
 10
39.1635
 20
42.6233
 30
0.0
 11
39.2925
 21
42.8385
 31
0.0
  0
LINE
  5
121F
  8
0
 10
39.2925
 20
42.8385
 30
0.0
 11
39.442
 21
43.04
 31
0.0
  0
LINE
  5
1220
  8
0
 10
39.442
 20
43.04
 30
0.0
 11
39.6105
 21
43.2259
 31
0.0
  0
LINE
  5
1221
  8
0
 10
39.6105
 20
43.2259
 30
0.0
 11
39.7964
 21
43.3944
 31
0.0
  0
LINE
  5
1222
  8
0
 10
39.7964
 20
43.3944
 30
0.0
 11
39.9979
 21
43.5438
 31
0.0
  0
LINE
  5
1223
  8
0
 10
39.9979
 20
43.5438
 30
0.0
 11
40.213
 21
43.6728
 31
0.0
  0
LINE
  5
1224
  8
0
 10
40.213
 20
43.6728
 30
0.0
 11
40.4398
 21
43.7801
 31
0.0
  0
LINE
  5
1225
  8
0
 10
40.4398
 20
43.7801
 30
0.0
 11
40.6761
 21
43.8646
 31
0.0
  0
LINE
  5
1226
  8
0
 10
40.6761
 20
43.8646
 30
0.0
 11
40.9194
 21
43.9255
 31
0.0
  0
LINE
  5
1227
  8
0
 10
40.9194
 20
43.9255
 30
0.0
 11
41.1676
 21
43.9624
 31
0.0
  0
LINE
  5
1228
  8
0
 10
41.1676
 20
43.9624
 30
0.0
 11
41.4182
 21
43.9747
 31
0.0
  0
LINE
  5
1229
  8
0
 10
41.4182
 20
43.9747
 30
0.0
 11
41.6688
 21
43.9624
 31
0.0
  0
LINE
  5
122A
  8
0
 10
41.6688
 20
43.9624
 30
0.0
 11
41.9169
 21
43.9255
 31
0.0
  0
LINE
  5
122B
  8
0
 10
41.9169
 20
43.9255
 30
0.0
 11
42.1603
 21
43.8646
 31
0.0
  0
LINE
  5
122C
  8
0
 10
42.1603
 20
43.8646
 30
0.0
 11
42.3965
 21
43.7801
 31
0.0
  0
LINE
  5
122D
  8
0
 10
42.3965
 20
43.7801
 30
0.0
 11
42.5258
 21
43.7189
 31
0.0
  0
LINE
  5
122E
  8
0
 10
42.5258
 20
43.7189
 30
0.0
 11
43.351
 21
44.5441
 31
0.0
  0
LINE
  5
122F
  8
0
 10
43.351
 20
44.5441
 30
0.0
 11
44.5441
 21
43.351
 31
0.0
  0
LINE
  5
1230
  8
0
 10
44.5441
 20
43.351
 30
0.0
 11
43.7189
 21
42.5258
 31
0.0
  0
LINE
  5
1231
  8
0
 10
43.7189
 20
42.5258
 30
0.0
 11
43.7801
 21
42.3965
 31
0.0
  0
LINE
  5
1232
  8
0
 10
43.7801
 20
42.3965
 30
0.0
 11
43.8646
 21
42.1603
 31
0.0
  0
LINE
  5
1233
  8
0
 10
43.8646
 20
42.1603
 30
0.0
 11
43.9255
 21
41.9169
 31
0.0
  0
LINE
  5
1234
  8
0
 10
43.9255
 20
41.9169
 30
0.0
 11
43.9624
 21
41.6688
 31
0.0
  0
LINE
  5
1235
  8
0
 10
43.9624
 20
41.6688
 30
0.0
 11
43.9747
 21
41.4182
 31
0.0
  0
LINE
  5
1236
  8
0
 10
43.9747
 20
41.4182
 30
0.0
 11
43.9624
 21
41.1676
 31
0.0
  0
LINE
  5
1237
  8
0
 10
43.9624
 20
41.1676
 30
0.0
 11
43.9255
 21
40.9194
 31
0.0
  0
LINE
  5
1238
  8
0
 10
43.9255
 20
40.9194
 30
0.0
 11
43.8646
 21
40.6761
 31
0.0
  0
LINE
  5
1239
  8
0
 10
43.8646
 20
40.6761
 30
0.0
 11
43.7801
 21
40.4398
 31
0.0
  0
LINE
  5
123A
  8
0
 10
43.7801
 20
40.4398
 30
0.0
 11
43.6728
 21
40.213
 31
0.0
  0
LINE
  5
123B
  8
0
 10
43.6728
 20
40.213
 30
0.0
 11
43.5438
 21
39.9979
 31
0.0
  0
LINE
  5
123C
  8
0
 10
43.5438
 20
39.9979
 30
0.0
 11
43.3944
 21
39.7964
 31
0.0
  0
LINE
  5
123D
  8
0
 10
43.3944
 20
39.7964
 30
0.0
 11
43.2259
 21
39.6105
 31
0.0
  0
LINE
  5
123E
  8
0
 10
43.2259
 20
39.6105
 30
0.0
 11
43.04
 21
39.442
 31
0.0
  0
LINE
  5
123F
  8
0
 10
43.04
 20
39.442
 30
0.0
 11
42.8385
 21
39.2925
 31
0.0
  0
LINE
  5
1240
  8
0
 10
42.8385
 20
39.2925
 30
0.0
 11
42.6233
 21
39.1635
 31
0.0
  0
LINE
  5
1241
  8
0
 10
42.6233
 20
39.1635
 30
0.0
 11
42.3965
 21
39.0563
 31
0.0
  0
LINE
  5
1242
  8
0
 10
42.3965
 20
39.0563
 30
0.0
 11
42.1603
 21
38.9718
 31
0.0
  0
LINE
  5
1243
  8
0
 10
42.1603
 20
38.9718
 30
0.0
 11
41.9169
 21
38.9108
 31
0.0
  0
LINE
  5
1244
  8
0
 10
41.9169
 20
38.9108
 30
0.0
 11
41.6688
 21
38.874
 31
0.0
  0
LINE
  5
1245
  8
0
 10
41.6688
 20
38.874
 30
0.0
 11
41.4182
 21
38.8617
 31
0.0
  0
LINE
  5
1246
  8
0
 10
41.4182
 20
38.8617
 30
0.0
 11
41.1676
 21
38.874
 31
0.0
  0
LINE
  5
1247
  8
0
 10
42.8643
 20
41.4182
 30
0.0
 11
41.4182
 21
42.8643
 31
0.0
  0
LINE
  5
1248
  8
0
 10
41.4182
 20
42.8643
 30
0.0
 11
39.972
 21
41.4182
 31
0.0
  0
LINE
  5
1249
  8
0
 10
39.972
 20
41.4182
 30
0.0
 11
41.4182
 21
39.972
 31
0.0
  0
LINE
  5
124A
  8
0
 10
41.4182
 20
39.972
 30
0.0
 11
42.8643
 21
41.4182
 31
0.0
  0
LINE
  5
124B
  8
0
 10
105.586
 20
38.874
 30
0.0
 11
105.337
 21
38.9108
 31
0.0
  0
LINE
  5
124C
  8
0
 10
105.337
 20
38.9108
 30
0.0
 11
105.094
 21
38.9718
 31
0.0
  0
LINE
  5
124D
  8
0
 10
105.094
 20
38.9718
 30
0.0
 11
104.858
 21
39.0563
 31
0.0
  0
LINE
  5
124E
  8
0
 10
104.858
 20
39.0563
 30
0.0
 11
104.631
 21
39.1635
 31
0.0
  0
LINE
  5
124F
  8
0
 10
104.631
 20
39.1635
 30
0.0
 11
104.416
 21
39.2925
 31
0.0
  0
LINE
  5
1250
  8
0
 10
104.416
 20
39.2925
 30
0.0
 11
104.214
 21
39.442
 31
0.0
  0
LINE
  5
1251
  8
0
 10
104.214
 20
39.442
 30
0.0
 11
104.028
 21
39.6105
 31
0.0
  0
LINE
  5
1252
  8
0
 10
104.028
 20
39.6105
 30
0.0
 11
103.86
 21
39.7964
 31
0.0
  0
LINE
  5
1253
  8
0
 10
103.86
 20
39.7964
 30
0.0
 11
103.711
 21
39.9979
 31
0.0
  0
LINE
  5
1254
  8
0
 10
103.711
 20
39.9979
 30
0.0
 11
103.582
 21
40.213
 31
0.0
  0
LINE
  5
1255
  8
0
 10
103.582
 20
40.213
 30
0.0
 11
103.474
 21
40.4398
 31
0.0
  0
LINE
  5
1256
  8
0
 10
103.474
 20
40.4398
 30
0.0
 11
103.39
 21
40.6761
 31
0.0
  0
LINE
  5
1257
  8
0
 10
103.39
 20
40.6761
 30
0.0
 11
103.329
 21
40.9194
 31
0.0
  0
LINE
  5
1258
  8
0
 10
103.329
 20
40.9194
 30
0.0
 11
103.292
 21
41.1676
 31
0.0
  0
LINE
  5
1259
  8
0
 10
103.292
 20
41.1676
 30
0.0
 11
103.28
 21
41.4182
 31
0.0
  0
LINE
  5
125A
  8
0
 10
103.28
 20
41.4182
 30
0.0
 11
103.292
 21
41.6688
 31
0.0
  0
LINE
  5
125B
  8
0
 10
103.292
 20
41.6688
 30
0.0
 11
103.329
 21
41.9169
 31
0.0
  0
LINE
  5
125C
  8
0
 10
103.329
 20
41.9169
 30
0.0
 11
103.39
 21
42.1603
 31
0.0
  0
LINE
  5
125D
  8
0
 10
103.39
 20
42.1603
 30
0.0
 11
103.474
 21
42.3965
 31
0.0
  0
LINE
  5
125E
  8
0
 10
103.474
 20
42.3965
 30
0.0
 11
103.535
 21
42.5258
 31
0.0
  0
LINE
  5
125F
  8
0
 10
103.535
 20
42.5258
 30
0.0
 11
102.71
 21
43.351
 31
0.0
  0
LINE
  5
1260
  8
0
 10
102.71
 20
43.351
 30
0.0
 11
103.903
 21
44.5441
 31
0.0
  0
LINE
  5
1261
  8
0
 10
103.903
 20
44.5441
 30
0.0
 11
104.729
 21
43.7189
 31
0.0
  0
LINE
  5
1262
  8
0
 10
104.729
 20
43.7189
 30
0.0
 11
104.858
 21
43.7801
 31
0.0
  0
LINE
  5
1263
  8
0
 10
104.858
 20
43.7801
 30
0.0
 11
105.094
 21
43.8646
 31
0.0
  0
LINE
  5
1264
  8
0
 10
105.094
 20
43.8646
 30
0.0
 11
105.337
 21
43.9255
 31
0.0
  0
LINE
  5
1265
  8
0
 10
105.337
 20
43.9255
 30
0.0
 11
105.586
 21
43.9624
 31
0.0
  0
LINE
  5
1266
  8
0
 10
105.586
 20
43.9624
 30
0.0
 11
105.836
 21
43.9747
 31
0.0
  0
LINE
  5
1267
  8
0
 10
105.836
 20
43.9747
 30
0.0
 11
106.087
 21
43.9624
 31
0.0
  0
LINE
  5
1268
  8
0
 10
106.087
 20
43.9624
 30
0.0
 11
106.335
 21
43.9255
 31
0.0
  0
LINE
  5
1269
  8
0
 10
106.335
 20
43.9255
 30
0.0
 11
106.578
 21
43.8646
 31
0.0
  0
LINE
  5
126A
  8
0
 10
106.578
 20
43.8646
 30
0.0
 11
106.815
 21
43.7801
 31
0.0
  0
LINE
  5
126B
  8
0
 10
106.815
 20
43.7801
 30
0.0
 11
107.041
 21
43.6728
 31
0.0
  0
LINE
  5
126C
  8
0
 10
107.041
 20
43.6728
 30
0.0
 11
107.257
 21
43.5438
 31
0.0
  0
LINE
  5
126D
  8
0
 10
107.257
 20
43.5438
 30
0.0
 11
107.458
 21
43.3944
 31
0.0
  0
LINE
  5
126E
  8
0
 10
107.458
 20
43.3944
 30
0.0
 11
107.644
 21
43.2259
 31
0.0
  0
LINE
  5
126F
  8
0
 10
107.644
 20
43.2259
 30
0.0
 11
107.812
 21
43.04
 31
0.0
  0
LINE
  5
1270
  8
0
 10
107.812
 20
43.04
 30
0.0
 11
107.962
 21
42.8385
 31
0.0
  0
LINE
  5
1271
  8
0
 10
107.962
 20
42.8385
 30
0.0
 11
108.091
 21
42.6233
 31
0.0
  0
LINE
  5
1272
  8
0
 10
108.091
 20
42.6233
 30
0.0
 11
108.198
 21
42.3965
 31
0.0
  0
LINE
  5
1273
  8
0
 10
108.198
 20
42.3965
 30
0.0
 11
108.283
 21
42.1603
 31
0.0
  0
LINE
  5
1274
  8
0
 10
108.283
 20
42.1603
 30
0.0
 11
108.344
 21
41.9169
 31
0.0
  0
LINE
  5
1275
  8
0
 10
108.344
 20
41.9169
 30
0.0
 11
108.38
 21
41.6688
 31
0.0
  0
LINE
  5
1276
  8
0
 10
108.38
 20
41.6688
 30
0.0
 11
108.393
 21
41.4182
 31
0.0
  0
LINE
  5
1277
  8
0
 10
108.393
 20
41.4182
 30
0.0
 11
108.38
 21
41.1676
 31
0.0
  0
LINE
  5
1278
  8
0
 10
108.38
 20
41.1676
 30
0.0
 11
108.344
 21
40.9194
 31
0.0
  0
LINE
  5
1279
  8
0
 10
108.344
 20
40.9194
 30
0.0
 11
108.283
 21
40.6761
 31
0.0
  0
LINE
  5
127A
  8
0
 10
108.283
 20
40.6761
 30
0.0
 11
108.198
 21
40.4398
 31
0.0
  0
LINE
  5
127B
  8
0
 10
108.198
 20
40.4398
 30
0.0
 11
108.091
 21
40.213
 31
0.0
  0
LINE
  5
127C
  8
0
 10
108.091
 20
40.213
 30
0.0
 11
107.962
 21
39.9979
 31
0.0
  0
LINE
  5
127D
  8
0
 10
107.962
 20
39.9979
 30
0.0
 11
107.812
 21
39.7963
 31
0.0
  0
LINE
  5
127E
  8
0
 10
107.812
 20
39.7963
 30
0.0
 11
107.644
 21
39.6105
 31
0.0
  0
LINE
  5
127F
  8
0
 10
107.644
 20
39.6105
 30
0.0
 11
107.458
 21
39.442
 31
0.0
  0
LINE
  5
1280
  8
0
 10
107.458
 20
39.442
 30
0.0
 11
107.257
 21
39.2925
 31
0.0
  0
LINE
  5
1281
  8
0
 10
107.257
 20
39.2925
 30
0.0
 11
107.041
 21
39.1635
 31
0.0
  0
LINE
  5
1282
  8
0
 10
107.041
 20
39.1635
 30
0.0
 11
106.815
 21
39.0563
 31
0.0
  0
LINE
  5
1283
  8
0
 10
106.815
 20
39.0563
 30
0.0
 11
106.578
 21
38.9718
 31
0.0
  0
LINE
  5
1284
  8
0
 10
106.578
 20
38.9718
 30
0.0
 11
106.335
 21
38.9108
 31
0.0
  0
LINE
  5
1285
  8
0
 10
106.335
 20
38.9108
 30
0.0
 11
106.087
 21
38.874
 31
0.0
  0
LINE
  5
1286
  8
0
 10
106.087
 20
38.874
 30
0.0
 11
105.836
 21
38.8617
 31
0.0
  0
LINE
  5
1287
  8
0
 10
105.836
 20
38.8617
 30
0.0
 11
105.586
 21
38.874
 31
0.0
  0
LINE
  5
1288
  8
0
 10
107.282
 20
41.4182
 30
0.0
 11
105.836
 21
42.8643
 31
0.0
  0
LINE
  5
1289
  8
0
 10
105.836
 20
42.8643
 30
0.0
 11
104.39
 21
41.4182
 31
0.0
  0
LINE
  5
128A
  8
0
 10
104.39
 20
41.4182
 30
0.0
 11
105.836
 21
39.972
 31
0.0
  0
LINE
  5
128B
  8
0
 10
105.836
 20
39.972
 30
0.0
 11
107.282
 21
41.4182
 31
0.0
  0
LINE
  5
128C
  8
0
 10
13.5516
 20
38.874
 30
0.0
 11
13.3035
 21
38.9108
 31
0.0
  0
LINE
  5
128D
  8
0
 10
13.3035
 20
38.9108
 30
0.0
 11
13.0601
 21
38.9718
 31
0.0
  0
LINE
  5
128E
  8
0
 10
13.0601
 20
38.9718
 30
0.0
 11
12.8239
 21
39.0563
 31
0.0
  0
LINE
  5
128F
  8
0
 10
12.8239
 20
39.0563
 30
0.0
 11
12.5971
 21
39.1635
 31
0.0
  0
LINE
  5
1290
  8
0
 10
12.5971
 20
39.1635
 30
0.0
 11
12.3819
 21
39.2925
 31
0.0
  0
LINE
  5
1291
  8
0
 10
12.3819
 20
39.2925
 30
0.0
 11
12.1804
 21
39.442
 31
0.0
  0
LINE
  5
1292
  8
0
 10
12.1804
 20
39.442
 30
0.0
 11
11.9945
 21
39.6105
 31
0.0
  0
LINE
  5
1293
  8
0
 10
11.9945
 20
39.6105
 30
0.0
 11
11.826
 21
39.7964
 31
0.0
  0
LINE
  5
1294
  8
0
 10
11.826
 20
39.7964
 30
0.0
 11
11.6766
 21
39.9979
 31
0.0
  0
LINE
  5
1295
  8
0
 10
11.6766
 20
39.9979
 30
0.0
 11
11.5476
 21
40.213
 31
0.0
  0
LINE
  5
1296
  8
0
 10
11.5476
 20
40.213
 30
0.0
 11
11.4403
 21
40.4398
 31
0.0
  0
LINE
  5
1297
  8
0
 10
11.4403
 20
40.4398
 30
0.0
 11
11.3558
 21
40.6761
 31
0.0
  0
LINE
  5
1298
  8
0
 10
11.3558
 20
40.6761
 30
0.0
 11
11.2949
 21
40.9194
 31
0.0
  0
LINE
  5
1299
  8
0
 10
11.2949
 20
40.9194
 30
0.0
 11
11.258
 21
41.1676
 31
0.0
  0
LINE
  5
129A
  8
0
 10
11.258
 20
41.1676
 30
0.0
 11
11.2457
 21
41.4182
 31
0.0
  0
LINE
  5
129B
  8
0
 10
11.2457
 20
41.4182
 30
0.0
 11
11.258
 21
41.6688
 31
0.0
  0
LINE
  5
129C
  8
0
 10
11.258
 20
41.6688
 30
0.0
 11
11.2948
 21
41.9169
 31
0.0
  0
LINE
  5
129D
  8
0
 10
11.2948
 20
41.9169
 30
0.0
 11
11.3558
 21
42.1603
 31
0.0
  0
LINE
  5
129E
  8
0
 10
11.3558
 20
42.1603
 30
0.0
 11
11.4403
 21
42.3965
 31
0.0
  0
LINE
  5
129F
  8
0
 10
11.4403
 20
42.3965
 30
0.0
 11
11.5015
 21
42.5258
 31
0.0
  0
LINE
  5
12A0
  8
0
 10
11.5015
 20
42.5258
 30
0.0
 11
10.6763
 21
43.351
 31
0.0
  0
LINE
  5
12A1
  8
0
 10
10.6763
 20
43.351
 30
0.0
 11
11.8694
 21
44.5441
 31
0.0
  0
LINE
  5
12A2
  8
0
 10
11.8694
 20
44.5441
 30
0.0
 11
12.6946
 21
43.7189
 31
0.0
  0
LINE
  5
12A3
  8
0
 10
12.6946
 20
43.7189
 30
0.0
 11
12.8239
 21
43.7801
 31
0.0
  0
LINE
  5
12A4
  8
0
 10
12.8239
 20
43.7801
 30
0.0
 11
13.0601
 21
43.8646
 31
0.0
  0
LINE
  5
12A5
  8
0
 10
13.0601
 20
43.8646
 30
0.0
 11
13.3035
 21
43.9255
 31
0.0
  0
LINE
  5
12A6
  8
0
 10
13.3035
 20
43.9255
 30
0.0
 11
13.5516
 21
43.9624
 31
0.0
  0
LINE
  5
12A7
  8
0
 10
13.5516
 20
43.9624
 30
0.0
 11
13.8022
 21
43.9747
 31
0.0
  0
LINE
  5
12A8
  8
0
 10
13.8022
 20
43.9747
 30
0.0
 11
14.0528
 21
43.9624
 31
0.0
  0
LINE
  5
12A9
  8
0
 10
14.0528
 20
43.9624
 30
0.0
 11
14.301
 21
43.9255
 31
0.0
  0
LINE
  5
12AA
  8
0
 10
14.301
 20
43.9255
 30
0.0
 11
14.5443
 21
43.8646
 31
0.0
  0
LINE
  5
12AB
  8
0
 10
14.5443
 20
43.8646
 30
0.0
 11
14.7805
 21
43.7801
 31
0.0
  0
LINE
  5
12AC
  8
0
 10
14.7805
 20
43.7801
 30
0.0
 11
15.0073
 21
43.6728
 31
0.0
  0
LINE
  5
12AD
  8
0
 10
15.0073
 20
43.6728
 30
0.0
 11
15.2225
 21
43.5438
 31
0.0
  0
LINE
  5
12AE
  8
0
 10
15.2225
 20
43.5438
 30
0.0
 11
15.424
 21
43.3944
 31
0.0
  0
LINE
  5
12AF
  8
0
 10
15.424
 20
43.3944
 30
0.0
 11
15.6099
 21
43.2259
 31
0.0
  0
LINE
  5
12B0
  8
0
 10
15.6099
 20
43.2259
 30
0.0
 11
15.7784
 21
43.04
 31
0.0
  0
LINE
  5
12B1
  8
0
 10
15.7784
 20
43.04
 30
0.0
 11
15.9279
 21
42.8385
 31
0.0
  0
LINE
  5
12B2
  8
0
 10
15.9279
 20
42.8385
 30
0.0
 11
16.0569
 21
42.6233
 31
0.0
  0
LINE
  5
12B3
  8
0
 10
16.0569
 20
42.6233
 30
0.0
 11
16.1641
 21
42.3965
 31
0.0
  0
LINE
  5
12B4
  8
0
 10
16.1641
 20
42.3965
 30
0.0
 11
16.2486
 21
42.1603
 31
0.0
  0
LINE
  5
12B5
  8
0
 10
16.2486
 20
42.1603
 30
0.0
 11
16.3096
 21
41.9169
 31
0.0
  0
LINE
  5
12B6
  8
0
 10
16.3096
 20
41.9169
 30
0.0
 11
16.3464
 21
41.6688
 31
0.0
  0
LINE
  5
12B7
  8
0
 10
16.3464
 20
41.6688
 30
0.0
 11
16.3587
 21
41.4182
 31
0.0
  0
LINE
  5
12B8
  8
0
 10
16.3587
 20
41.4182
 30
0.0
 11
16.3464
 21
41.1676
 31
0.0
  0
LINE
  5
12B9
  8
0
 10
16.3464
 20
41.1676
 30
0.0
 11
16.3096
 21
40.9194
 31
0.0
  0
LINE
  5
12BA
  8
0
 10
16.3096
 20
40.9194
 30
0.0
 11
16.2486
 21
40.6761
 31
0.0
  0
LINE
  5
12BB
  8
0
 10
16.2486
 20
40.6761
 30
0.0
 11
16.1641
 21
40.4398
 31
0.0
  0
LINE
  5
12BC
  8
0
 10
16.1641
 20
40.4398
 30
0.0
 11
16.0569
 21
40.213
 31
0.0
  0
LINE
  5
12BD
  8
0
 10
16.0569
 20
40.213
 30
0.0
 11
15.9279
 21
39.9979
 31
0.0
  0
LINE
  5
12BE
  8
0
 10
15.9279
 20
39.9979
 30
0.0
 11
15.7784
 21
39.7963
 31
0.0
  0
LINE
  5
12BF
  8
0
 10
15.7784
 20
39.7963
 30
0.0
 11
15.6099
 21
39.6105
 31
0.0
  0
LINE
  5
12C0
  8
0
 10
15.6099
 20
39.6105
 30
0.0
 11
15.424
 21
39.442
 31
0.0
  0
LINE
  5
12C1
  8
0
 10
15.424
 20
39.442
 30
0.0
 11
15.2225
 21
39.2925
 31
0.0
  0
LINE
  5
12C2
  8
0
 10
15.2225
 20
39.2925
 30
0.0
 11
15.0074
 21
39.1635
 31
0.0
  0
LINE
  5
12C3
  8
0
 10
15.0074
 20
39.1635
 30
0.0
 11
14.7805
 21
39.0563
 31
0.0
  0
LINE
  5
12C4
  8
0
 10
14.7805
 20
39.0563
 30
0.0
 11
14.5443
 21
38.9718
 31
0.0
  0
LINE
  5
12C5
  8
0
 10
14.5443
 20
38.9718
 30
0.0
 11
14.301
 21
38.9108
 31
0.0
  0
LINE
  5
12C6
  8
0
 10
14.301
 20
38.9108
 30
0.0
 11
14.0528
 21
38.874
 31
0.0
  0
LINE
  5
12C7
  8
0
 10
14.0528
 20
38.874
 30
0.0
 11
13.8022
 21
38.8617
 31
0.0
  0
LINE
  5
12C8
  8
0
 10
13.8022
 20
38.8617
 30
0.0
 11
13.5516
 21
38.874
 31
0.0
  0
LINE
  5
12C9
  8
0
 10
15.2484
 20
41.4182
 30
0.0
 11
13.8022
 21
42.8643
 31
0.0
  0
LINE
  5
12CA
  8
0
 10
13.8022
 20
42.8643
 30
0.0
 11
12.356
 21
41.4182
 31
0.0
  0
LINE
  5
12CB
  8
0
 10
12.356
 20
41.4182
 30
0.0
 11
13.8022
 21
39.972
 31
0.0
  0
LINE
  5
12CC
  8
0
 10
13.8022
 20
39.972
 30
0.0
 11
15.2484
 21
41.4182
 31
0.0
  0
LINE
  5
12CD
  8
0
 10
5.71222
 20
29.9083
 30
0.0
 11
5.58292
 21
29.8471
 31
0.0
  0
LINE
  5
12CE
  8
0
 10
5.58292
 20
29.8471
 30
0.0
 11
5.34669
 21
29.7626
 31
0.0
  0
LINE
  5
12CF
  8
0
 10
5.34669
 20
29.7626
 30
0.0
 11
5.10333
 21
29.7016
 31
0.0
  0
LINE
  5
12D0
  8
0
 10
5.10333
 20
29.7016
 30
0.0
 11
4.85518
 21
29.6648
 31
0.0
  0
LINE
  5
12D1
  8
0
 10
4.85518
 20
29.6648
 30
0.0
 11
4.60458
 21
29.6525
 31
0.0
  0
LINE
  5
12D2
  8
0
 10
4.60458
 20
29.6525
 30
0.0
 11
4.354
 21
29.6648
 31
0.0
  0
LINE
  5
12D3
  8
0
 10
4.354
 20
29.6648
 30
0.0
 11
4.10582
 21
29.7017
 31
0.0
  0
LINE
  5
12D4
  8
0
 10
4.10582
 20
29.7017
 30
0.0
 11
3.86247
 21
29.7626
 31
0.0
  0
LINE
  5
12D5
  8
0
 10
3.86247
 20
29.7626
 30
0.0
 11
3.62625
 21
29.8471
 31
0.0
  0
LINE
  5
12D6
  8
0
 10
3.62625
 20
29.8471
 30
0.0
 11
3.39944
 21
29.9544
 31
0.0
  0
LINE
  5
12D7
  8
0
 10
3.39944
 20
29.9544
 30
0.0
 11
3.18427
 21
30.0834
 31
0.0
  0
LINE
  5
12D8
  8
0
 10
3.18427
 20
30.0834
 30
0.0
 11
2.98276
 21
30.2328
 31
0.0
  0
LINE
  5
12D9
  8
0
 10
2.98276
 20
30.2328
 30
0.0
 11
2.79684
 21
30.4013
 31
0.0
  0
LINE
  5
12DA
  8
0
 10
2.79684
 20
30.4013
 30
0.0
 11
2.62836
 21
30.5872
 31
0.0
  0
LINE
  5
12DB
  8
0
 10
2.62836
 20
30.5872
 30
0.0
 11
2.47893
 21
30.7887
 31
0.0
  0
LINE
  5
12DC
  8
0
 10
2.47893
 20
30.7887
 30
0.0
 11
2.34993
 21
31.0039
 31
0.0
  0
LINE
  5
12DD
  8
0
 10
2.34993
 20
31.0039
 30
0.0
 11
2.24269
 21
31.2307
 31
0.0
  0
LINE
  5
12DE
  8
0
 10
2.24269
 20
31.2307
 30
0.0
 11
2.15816
 21
31.4669
 31
0.0
  0
LINE
  5
12DF
  8
0
 10
2.15816
 20
31.4669
 30
0.0
 11
2.0972
 21
31.7103
 31
0.0
  0
LINE
  5
12E0
  8
0
 10
2.0972
 20
31.7103
 30
0.0
 11
2.06039
 21
31.9584
 31
0.0
  0
LINE
  5
12E1
  8
0
 10
2.06039
 20
31.9584
 30
0.0
 11
2.04808
 21
32.209
 31
0.0
  0
LINE
  5
12E2
  8
0
 10
2.04808
 20
32.209
 30
0.0
 11
2.06039
 21
32.4596
 31
0.0
  0
LINE
  5
12E3
  8
0
 10
2.06039
 20
32.4596
 30
0.0
 11
2.0972
 21
32.7078
 31
0.0
  0
LINE
  5
12E4
  8
0
 10
2.0972
 20
32.7078
 30
0.0
 11
2.15816
 21
32.9511
 31
0.0
  0
LINE
  5
12E5
  8
0
 10
2.15816
 20
32.9511
 30
0.0
 11
2.24269
 21
33.1873
 31
0.0
  0
LINE
  5
12E6
  8
0
 10
2.24269
 20
33.1873
 30
0.0
 11
2.34993
 21
33.4142
 31
0.0
  0
LINE
  5
12E7
  8
0
 10
2.34993
 20
33.4142
 30
0.0
 11
2.47893
 21
33.6293
 31
0.0
  0
LINE
  5
12E8
  8
0
 10
2.47893
 20
33.6293
 30
0.0
 11
2.62836
 21
33.8308
 31
0.0
  0
LINE
  5
12E9
  8
0
 10
2.62836
 20
33.8308
 30
0.0
 11
2.79684
 21
34.0167
 31
0.0
  0
LINE
  5
12EA
  8
0
 10
2.79684
 20
34.0167
 30
0.0
 11
2.98274
 21
34.1852
 31
0.0
  0
LINE
  5
12EB
  8
0
 10
2.98274
 20
34.1852
 30
0.0
 11
3.18427
 21
34.3347
 31
0.0
  0
LINE
  5
12EC
  8
0
 10
3.18427
 20
34.3347
 30
0.0
 11
3.39943
 21
34.4637
 31
0.0
  0
LINE
  5
12ED
  8
0
 10
3.39943
 20
34.4637
 30
0.0
 11
3.62624
 21
34.5709
 31
0.0
  0
LINE
  5
12EE
  8
0
 10
3.62624
 20
34.5709
 30
0.0
 11
3.86246
 21
34.6554
 31
0.0
  0
LINE
  5
12EF
  8
0
 10
3.86246
 20
34.6554
 30
0.0
 11
4.10582
 21
34.7164
 31
0.0
  0
LINE
  5
12F0
  8
0
 10
4.10582
 20
34.7164
 30
0.0
 11
4.35399
 21
34.7532
 31
0.0
  0
LINE
  5
12F1
  8
0
 10
4.35399
 20
34.7532
 30
0.0
 11
4.60457
 21
34.7655
 31
0.0
  0
LINE
  5
12F2
  8
0
 10
4.60457
 20
34.7655
 30
0.0
 11
4.85516
 21
34.7532
 31
0.0
  0
LINE
  5
12F3
  8
0
 10
4.85516
 20
34.7532
 30
0.0
 11
5.1033
 21
34.7164
 31
0.0
  0
LINE
  5
12F4
  8
0
 10
5.1033
 20
34.7164
 30
0.0
 11
5.34668
 21
34.6554
 31
0.0
  0
LINE
  5
12F5
  8
0
 10
5.34668
 20
34.6554
 30
0.0
 11
5.5829
 21
34.5709
 31
0.0
  0
LINE
  5
12F6
  8
0
 10
5.5829
 20
34.5709
 30
0.0
 11
5.80969
 21
34.4637
 31
0.0
  0
LINE
  5
12F7
  8
0
 10
5.80969
 20
34.4637
 30
0.0
 11
6.02487
 21
34.3347
 31
0.0
  0
LINE
  5
12F8
  8
0
 10
6.02487
 20
34.3347
 30
0.0
 11
6.22639
 21
34.1852
 31
0.0
  0
LINE
  5
12F9
  8
0
 10
6.22639
 20
34.1852
 30
0.0
 11
6.41229
 21
34.0167
 31
0.0
  0
LINE
  5
12FA
  8
0
 10
6.41229
 20
34.0167
 30
0.0
 11
6.58078
 21
33.8308
 31
0.0
  0
LINE
  5
12FB
  8
0
 10
6.58078
 20
33.8308
 30
0.0
 11
6.73021
 21
33.6293
 31
0.0
  0
LINE
  5
12FC
  8
0
 10
6.73021
 20
33.6293
 30
0.0
 11
6.85919
 21
33.4141
 31
0.0
  0
LINE
  5
12FD
  8
0
 10
6.85919
 20
33.4141
 30
0.0
 11
6.96646
 21
33.1873
 31
0.0
  0
LINE
  5
12FE
  8
0
 10
6.96646
 20
33.1873
 30
0.0
 11
7.05098
 21
32.9511
 31
0.0
  0
LINE
  5
12FF
  8
0
 10
7.05098
 20
32.9511
 30
0.0
 11
7.11192
 21
32.7078
 31
0.0
  0
LINE
  5
1300
  8
0
 10
7.11192
 20
32.7078
 30
0.0
 11
7.14877
 21
32.4596
 31
0.0
  0
LINE
  5
1301
  8
0
 10
7.14877
 20
32.4596
 30
0.0
 11
7.16106
 21
32.209
 31
0.0
  0
LINE
  5
1302
  8
0
 10
7.16106
 20
32.209
 30
0.0
 11
7.14876
 21
31.9584
 31
0.0
  0
LINE
  5
1303
  8
0
 10
7.14876
 20
31.9584
 30
0.0
 11
7.11194
 21
31.7103
 31
0.0
  0
LINE
  5
1304
  8
0
 10
7.11194
 20
31.7103
 30
0.0
 11
7.05098
 21
31.4669
 31
0.0
  0
LINE
  5
1305
  8
0
 10
7.05098
 20
31.4669
 30
0.0
 11
6.96646
 21
31.2307
 31
0.0
  0
LINE
  5
1306
  8
0
 10
6.96646
 20
31.2307
 30
0.0
 11
6.9053
 21
31.1014
 31
0.0
  0
LINE
  5
1307
  8
0
 10
6.9053
 20
31.1014
 30
0.0
 11
7.73047
 21
30.2762
 31
0.0
  0
LINE
  5
1308
  8
0
 10
7.73047
 20
30.2762
 30
0.0
 11
6.53738
 21
29.0831
 31
0.0
  0
LINE
  5
1309
  8
0
 10
6.53738
 20
29.0831
 30
0.0
 11
5.71222
 21
29.9083
 31
0.0
  0
LINE
  5
130A
  8
0
 10
6.05074
 20
32.209
 30
0.0
 11
4.60457
 21
33.6552
 31
0.0
  0
LINE
  5
130B
  8
0
 10
4.60457
 20
33.6552
 30
0.0
 11
3.15839
 21
32.209
 31
0.0
  0
LINE
  5
130C
  8
0
 10
3.15839
 20
32.209
 30
0.0
 11
4.60457
 21
30.7628
 31
0.0
  0
LINE
  5
130D
  8
0
 10
4.60457
 20
30.7628
 30
0.0
 11
6.05074
 21
32.209
 31
0.0
  0
LINE
  5
130E
  8
0
 10
10.6763
 20
30.2762
 30
0.0
 11
11.5015
 21
31.1014
 31
0.0
  0
LINE
  5
130F
  8
0
 10
11.5015
 20
31.1014
 30
0.0
 11
11.4403
 21
31.2307
 31
0.0
  0
LINE
  5
1310
  8
0
 10
11.4403
 20
31.2307
 30
0.0
 11
11.3558
 21
31.4669
 31
0.0
  0
LINE
  5
1311
  8
0
 10
11.3558
 20
31.4669
 30
0.0
 11
11.2948
 21
31.7103
 31
0.0
  0
LINE
  5
1312
  8
0
 10
11.2948
 20
31.7103
 30
0.0
 11
11.258
 21
31.9584
 31
0.0
  0
LINE
  5
1313
  8
0
 10
11.258
 20
31.9584
 30
0.0
 11
11.2457
 21
32.209
 31
0.0
  0
LINE
  5
1314
  8
0
 10
11.2457
 20
32.209
 30
0.0
 11
11.258
 21
32.4596
 31
0.0
  0
LINE
  5
1315
  8
0
 10
11.258
 20
32.4596
 30
0.0
 11
11.2949
 21
32.7078
 31
0.0
  0
LINE
  5
1316
  8
0
 10
11.2949
 20
32.7078
 30
0.0
 11
11.3558
 21
32.9511
 31
0.0
  0
LINE
  5
1317
  8
0
 10
11.3558
 20
32.9511
 30
0.0
 11
11.4403
 21
33.1873
 31
0.0
  0
LINE
  5
1318
  8
0
 10
11.4403
 20
33.1873
 30
0.0
 11
11.5476
 21
33.4141
 31
0.0
  0
LINE
  5
1319
  8
0
 10
11.5476
 20
33.4141
 30
0.0
 11
11.6766
 21
33.6293
 31
0.0
  0
LINE
  5
131A
  8
0
 10
11.6766
 20
33.6293
 30
0.0
 11
11.826
 21
33.8308
 31
0.0
  0
LINE
  5
131B
  8
0
 10
11.826
 20
33.8308
 30
0.0
 11
11.9945
 21
34.0167
 31
0.0
  0
LINE
  5
131C
  8
0
 10
11.9945
 20
34.0167
 30
0.0
 11
12.1804
 21
34.1852
 31
0.0
  0
LINE
  5
131D
  8
0
 10
12.1804
 20
34.1852
 30
0.0
 11
12.3819
 21
34.3347
 31
0.0
  0
LINE
  5
131E
  8
0
 10
12.3819
 20
34.3347
 30
0.0
 11
12.5971
 21
34.4637
 31
0.0
  0
LINE
  5
131F
  8
0
 10
12.5971
 20
34.4637
 30
0.0
 11
12.8239
 21
34.5709
 31
0.0
  0
LINE
  5
1320
  8
0
 10
12.8239
 20
34.5709
 30
0.0
 11
13.0601
 21
34.6554
 31
0.0
  0
LINE
  5
1321
  8
0
 10
13.0601
 20
34.6554
 30
0.0
 11
13.3035
 21
34.7164
 31
0.0
  0
LINE
  5
1322
  8
0
 10
13.3035
 20
34.7164
 30
0.0
 11
13.5516
 21
34.7532
 31
0.0
  0
LINE
  5
1323
  8
0
 10
13.5516
 20
34.7532
 30
0.0
 11
13.8022
 21
34.7655
 31
0.0
  0
LINE
  5
1324
  8
0
 10
13.8022
 20
34.7655
 30
0.0
 11
14.0528
 21
34.7532
 31
0.0
  0
LINE
  5
1325
  8
0
 10
14.0528
 20
34.7532
 30
0.0
 11
14.301
 21
34.7164
 31
0.0
  0
LINE
  5
1326
  8
0
 10
14.301
 20
34.7164
 30
0.0
 11
14.5443
 21
34.6554
 31
0.0
  0
LINE
  5
1327
  8
0
 10
14.5443
 20
34.6554
 30
0.0
 11
14.7805
 21
34.5709
 31
0.0
  0
LINE
  5
1328
  8
0
 10
14.7805
 20
34.5709
 30
0.0
 11
15.0074
 21
34.4637
 31
0.0
  0
LINE
  5
1329
  8
0
 10
15.0074
 20
34.4637
 30
0.0
 11
15.2225
 21
34.3347
 31
0.0
  0
LINE
  5
132A
  8
0
 10
15.2225
 20
34.3347
 30
0.0
 11
15.424
 21
34.1852
 31
0.0
  0
LINE
  5
132B
  8
0
 10
15.424
 20
34.1852
 30
0.0
 11
15.6099
 21
34.0167
 31
0.0
  0
LINE
  5
132C
  8
0
 10
15.6099
 20
34.0167
 30
0.0
 11
15.7784
 21
33.8308
 31
0.0
  0
LINE
  5
132D
  8
0
 10
15.7784
 20
33.8308
 30
0.0
 11
15.9279
 21
33.6293
 31
0.0
  0
LINE
  5
132E
  8
0
 10
15.9279
 20
33.6293
 30
0.0
 11
16.0569
 21
33.4142
 31
0.0
  0
LINE
  5
132F
  8
0
 10
16.0569
 20
33.4142
 30
0.0
 11
16.1641
 21
33.1873
 31
0.0
  0
LINE
  5
1330
  8
0
 10
16.1641
 20
33.1873
 30
0.0
 11
16.2486
 21
32.9511
 31
0.0
  0
LINE
  5
1331
  8
0
 10
16.2486
 20
32.9511
 30
0.0
 11
16.3096
 21
32.7078
 31
0.0
  0
LINE
  5
1332
  8
0
 10
16.3096
 20
32.7078
 30
0.0
 11
16.3464
 21
32.4596
 31
0.0
  0
LINE
  5
1333
  8
0
 10
16.3464
 20
32.4596
 30
0.0
 11
16.3587
 21
32.209
 31
0.0
  0
LINE
  5
1334
  8
0
 10
16.3587
 20
32.209
 30
0.0
 11
16.3464
 21
31.9584
 31
0.0
  0
LINE
  5
1335
  8
0
 10
16.3464
 20
31.9584
 30
0.0
 11
16.3096
 21
31.7103
 31
0.0
  0
LINE
  5
1336
  8
0
 10
16.3096
 20
31.7103
 30
0.0
 11
16.2486
 21
31.4669
 31
0.0
  0
LINE
  5
1337
  8
0
 10
16.2486
 20
31.4669
 30
0.0
 11
16.1641
 21
31.2307
 31
0.0
  0
LINE
  5
1338
  8
0
 10
16.1641
 20
31.2307
 30
0.0
 11
16.0569
 21
31.0039
 31
0.0
  0
LINE
  5
1339
  8
0
 10
16.0569
 20
31.0039
 30
0.0
 11
15.9279
 21
30.7887
 31
0.0
  0
LINE
  5
133A
  8
0
 10
15.9279
 20
30.7887
 30
0.0
 11
15.7784
 21
30.5872
 31
0.0
  0
LINE
  5
133B
  8
0
 10
15.7784
 20
30.5872
 30
0.0
 11
15.6099
 21
30.4013
 31
0.0
  0
LINE
  5
133C
  8
0
 10
15.6099
 20
30.4013
 30
0.0
 11
15.424
 21
30.2328
 31
0.0
  0
LINE
  5
133D
  8
0
 10
15.424
 20
30.2328
 30
0.0
 11
15.2225
 21
30.0834
 31
0.0
  0
LINE
  5
133E
  8
0
 10
15.2225
 20
30.0834
 30
0.0
 11
15.0073
 21
29.9544
 31
0.0
  0
LINE
  5
133F
  8
0
 10
15.0073
 20
29.9544
 30
0.0
 11
14.7805
 21
29.8471
 31
0.0
  0
LINE
  5
1340
  8
0
 10
14.7805
 20
29.8471
 30
0.0
 11
14.5443
 21
29.7626
 31
0.0
  0
LINE
  5
1341
  8
0
 10
14.5443
 20
29.7626
 30
0.0
 11
14.301
 21
29.7017
 31
0.0
  0
LINE
  5
1342
  8
0
 10
14.301
 20
29.7017
 30
0.0
 11
14.0528
 21
29.6648
 31
0.0
  0
LINE
  5
1343
  8
0
 10
14.0528
 20
29.6648
 30
0.0
 11
13.8022
 21
29.6525
 31
0.0
  0
LINE
  5
1344
  8
0
 10
13.8022
 20
29.6525
 30
0.0
 11
13.5516
 21
29.6648
 31
0.0
  0
LINE
  5
1345
  8
0
 10
13.5516
 20
29.6648
 30
0.0
 11
13.3035
 21
29.7016
 31
0.0
  0
LINE
  5
1346
  8
0
 10
13.3035
 20
29.7016
 30
0.0
 11
13.0601
 21
29.7626
 31
0.0
  0
LINE
  5
1347
  8
0
 10
13.0601
 20
29.7626
 30
0.0
 11
12.8239
 21
29.8471
 31
0.0
  0
LINE
  5
1348
  8
0
 10
12.8239
 20
29.8471
 30
0.0
 11
12.6946
 21
29.9083
 31
0.0
  0
LINE
  5
1349
  8
0
 10
12.6946
 20
29.9083
 30
0.0
 11
11.8694
 21
29.0831
 31
0.0
  0
LINE
  5
134A
  8
0
 10
11.8694
 20
29.0831
 30
0.0
 11
10.6763
 21
30.2762
 31
0.0
  0
LINE
  5
134B
  8
0
 10
15.2484
 20
32.209
 30
0.0
 11
13.8022
 21
33.6552
 31
0.0
  0
LINE
  5
134C
  8
0
 10
13.8022
 20
33.6552
 30
0.0
 11
12.356
 21
32.209
 31
0.0
  0
LINE
  5
134D
  8
0
 10
12.356
 20
32.209
 30
0.0
 11
13.8022
 21
30.7628
 31
0.0
  0
LINE
  5
134E
  8
0
 10
13.8022
 20
30.7628
 30
0.0
 11
15.2484
 21
32.209
 31
0.0
  0
LINE
  5
134F
  8
0
 10
29.0831
 20
30.2762
 30
0.0
 11
29.9083
 21
31.1014
 31
0.0
  0
LINE
  5
1350
  8
0
 10
29.9083
 20
31.1014
 30
0.0
 11
29.8471
 21
31.2307
 31
0.0
  0
LINE
  5
1351
  8
0
 10
29.8471
 20
31.2307
 30
0.0
 11
29.7626
 21
31.4669
 31
0.0
  0
LINE
  5
1352
  8
0
 10
29.7626
 20
31.4669
 30
0.0
 11
29.7016
 21
31.7103
 31
0.0
  0
LINE
  5
1353
  8
0
 10
29.7016
 20
31.7103
 30
0.0
 11
29.6648
 21
31.9584
 31
0.0
  0
LINE
  5
1354
  8
0
 10
29.6648
 20
31.9584
 30
0.0
 11
29.6525
 21
32.209
 31
0.0
  0
LINE
  5
1355
  8
0
 10
29.6525
 20
32.209
 30
0.0
 11
29.6648
 21
32.4596
 31
0.0
  0
LINE
  5
1356
  8
0
 10
29.6648
 20
32.4596
 30
0.0
 11
29.7017
 21
32.7078
 31
0.0
  0
LINE
  5
1357
  8
0
 10
29.7017
 20
32.7078
 30
0.0
 11
29.7626
 21
32.9511
 31
0.0
  0
LINE
  5
1358
  8
0
 10
29.7626
 20
32.9511
 30
0.0
 11
29.8471
 21
33.1873
 31
0.0
  0
LINE
  5
1359
  8
0
 10
29.8471
 20
33.1873
 30
0.0
 11
29.9544
 21
33.4141
 31
0.0
  0
LINE
  5
135A
  8
0
 10
29.9544
 20
33.4141
 30
0.0
 11
30.0834
 21
33.6293
 31
0.0
  0
LINE
  5
135B
  8
0
 10
30.0834
 20
33.6293
 30
0.0
 11
30.2328
 21
33.8308
 31
0.0
  0
LINE
  5
135C
  8
0
 10
30.2328
 20
33.8308
 30
0.0
 11
30.4013
 21
34.0167
 31
0.0
  0
LINE
  5
135D
  8
0
 10
30.4013
 20
34.0167
 30
0.0
 11
30.5872
 21
34.1852
 31
0.0
  0
LINE
  5
135E
  8
0
 10
30.5872
 20
34.1852
 30
0.0
 11
30.7887
 21
34.3347
 31
0.0
  0
LINE
  5
135F
  8
0
 10
30.7887
 20
34.3347
 30
0.0
 11
31.0039
 21
34.4637
 31
0.0
  0
LINE
  5
1360
  8
0
 10
31.0039
 20
34.4637
 30
0.0
 11
31.2307
 21
34.5709
 31
0.0
  0
LINE
  5
1361
  8
0
 10
31.2307
 20
34.5709
 30
0.0
 11
31.4669
 21
34.6554
 31
0.0
  0
LINE
  5
1362
  8
0
 10
31.4669
 20
34.6554
 30
0.0
 11
31.7103
 21
34.7164
 31
0.0
  0
LINE
  5
1363
  8
0
 10
31.7103
 20
34.7164
 30
0.0
 11
31.9584
 21
34.7532
 31
0.0
  0
LINE
  5
1364
  8
0
 10
31.9584
 20
34.7532
 30
0.0
 11
32.209
 21
34.7655
 31
0.0
  0
LINE
  5
1365
  8
0
 10
32.209
 20
34.7655
 30
0.0
 11
32.4596
 21
34.7532
 31
0.0
  0
LINE
  5
1366
  8
0
 10
32.4596
 20
34.7532
 30
0.0
 11
32.7078
 21
34.7164
 31
0.0
  0
LINE
  5
1367
  8
0
 10
32.7078
 20
34.7164
 30
0.0
 11
32.9511
 21
34.6554
 31
0.0
  0
LINE
  5
1368
  8
0
 10
32.9511
 20
34.6554
 30
0.0
 11
33.1873
 21
34.5709
 31
0.0
  0
LINE
  5
1369
  8
0
 10
33.1873
 20
34.5709
 30
0.0
 11
33.4142
 21
34.4637
 31
0.0
  0
LINE
  5
136A
  8
0
 10
33.4142
 20
34.4637
 30
0.0
 11
33.6293
 21
34.3347
 31
0.0
  0
LINE
  5
136B
  8
0
 10
33.6293
 20
34.3347
 30
0.0
 11
33.8308
 21
34.1852
 31
0.0
  0
LINE
  5
136C
  8
0
 10
33.8308
 20
34.1852
 30
0.0
 11
34.0167
 21
34.0167
 31
0.0
  0
LINE
  5
136D
  8
0
 10
34.0167
 20
34.0167
 30
0.0
 11
34.1852
 21
33.8308
 31
0.0
  0
LINE
  5
136E
  8
0
 10
34.1852
 20
33.8308
 30
0.0
 11
34.3347
 21
33.6293
 31
0.0
  0
LINE
  5
136F
  8
0
 10
34.3347
 20
33.6293
 30
0.0
 11
34.4637
 21
33.4142
 31
0.0
  0
LINE
  5
1370
  8
0
 10
34.4637
 20
33.4142
 30
0.0
 11
34.5709
 21
33.1873
 31
0.0
  0
LINE
  5
1371
  8
0
 10
34.5709
 20
33.1873
 30
0.0
 11
34.6554
 21
32.9511
 31
0.0
  0
LINE
  5
1372
  8
0
 10
34.6554
 20
32.9511
 30
0.0
 11
34.7164
 21
32.7078
 31
0.0
  0
LINE
  5
1373
  8
0
 10
34.7164
 20
32.7078
 30
0.0
 11
34.7532
 21
32.4596
 31
0.0
  0
LINE
  5
1374
  8
0
 10
34.7532
 20
32.4596
 30
0.0
 11
34.7655
 21
32.209
 31
0.0
  0
LINE
  5
1375
  8
0
 10
34.7655
 20
32.209
 30
0.0
 11
34.7532
 21
31.9584
 31
0.0
  0
LINE
  5
1376
  8
0
 10
34.7532
 20
31.9584
 30
0.0
 11
34.7164
 21
31.7103
 31
0.0
  0
LINE
  5
1377
  8
0
 10
34.7164
 20
31.7103
 30
0.0
 11
34.6554
 21
31.4669
 31
0.0
  0
LINE
  5
1378
  8
0
 10
34.6554
 20
31.4669
 30
0.0
 11
34.5709
 21
31.2307
 31
0.0
  0
LINE
  5
1379
  8
0
 10
34.5709
 20
31.2307
 30
0.0
 11
34.4637
 21
31.0039
 31
0.0
  0
LINE
  5
137A
  8
0
 10
34.4637
 20
31.0039
 30
0.0
 11
34.3347
 21
30.7887
 31
0.0
  0
LINE
  5
137B
  8
0
 10
34.3347
 20
30.7887
 30
0.0
 11
34.1852
 21
30.5872
 31
0.0
  0
LINE
  5
137C
  8
0
 10
34.1852
 20
30.5872
 30
0.0
 11
34.0167
 21
30.4013
 31
0.0
  0
LINE
  5
137D
  8
0
 10
34.0167
 20
30.4013
 30
0.0
 11
33.8308
 21
30.2328
 31
0.0
  0
LINE
  5
137E
  8
0
 10
33.8308
 20
30.2328
 30
0.0
 11
33.6293
 21
30.0834
 31
0.0
  0
LINE
  5
137F
  8
0
 10
33.6293
 20
30.0834
 30
0.0
 11
33.4141
 21
29.9544
 31
0.0
  0
LINE
  5
1380
  8
0
 10
33.4141
 20
29.9544
 30
0.0
 11
33.1873
 21
29.8471
 31
0.0
  0
LINE
  5
1381
  8
0
 10
33.1873
 20
29.8471
 30
0.0
 11
32.9511
 21
29.7626
 31
0.0
  0
LINE
  5
1382
  8
0
 10
32.9511
 20
29.7626
 30
0.0
 11
32.7078
 21
29.7017
 31
0.0
  0
LINE
  5
1383
  8
0
 10
32.7078
 20
29.7017
 30
0.0
 11
32.4596
 21
29.6648
 31
0.0
  0
LINE
  5
1384
  8
0
 10
32.4596
 20
29.6648
 30
0.0
 11
32.209
 21
29.6525
 31
0.0
  0
LINE
  5
1385
  8
0
 10
32.209
 20
29.6525
 30
0.0
 11
31.9584
 21
29.6648
 31
0.0
  0
LINE
  5
1386
  8
0
 10
31.9584
 20
29.6648
 30
0.0
 11
31.7103
 21
29.7016
 31
0.0
  0
LINE
  5
1387
  8
0
 10
31.7103
 20
29.7016
 30
0.0
 11
31.4669
 21
29.7626
 31
0.0
  0
LINE
  5
1388
  8
0
 10
31.4669
 20
29.7626
 30
0.0
 11
31.2307
 21
29.8471
 31
0.0
  0
LINE
  5
1389
  8
0
 10
31.2307
 20
29.8471
 30
0.0
 11
31.1014
 21
29.9083
 31
0.0
  0
LINE
  5
138A
  8
0
 10
31.1014
 20
29.9083
 30
0.0
 11
30.2762
 21
29.0831
 31
0.0
  0
LINE
  5
138B
  8
0
 10
30.2762
 20
29.0831
 30
0.0
 11
29.0831
 21
30.2762
 31
0.0
  0
LINE
  5
138C
  8
0
 10
33.6552
 20
32.209
 30
0.0
 11
32.209
 21
33.6552
 31
0.0
  0
LINE
  5
138D
  8
0
 10
32.209
 20
33.6552
 30
0.0
 11
30.7628
 21
32.209
 31
0.0
  0
LINE
  5
138E
  8
0
 10
30.7628
 20
32.209
 30
0.0
 11
32.209
 21
30.7628
 31
0.0
  0
LINE
  5
138F
  8
0
 10
32.209
 20
30.7628
 30
0.0
 11
33.6552
 21
32.209
 31
0.0
  0
LINE
  5
1390
  8
0
 10
60.9326
 20
29.9083
 30
0.0
 11
60.8033
 21
29.8471
 31
0.0
  0
LINE
  5
1391
  8
0
 10
60.8033
 20
29.8471
 30
0.0
 11
60.5671
 21
29.7626
 31
0.0
  0
LINE
  5
1392
  8
0
 10
60.5671
 20
29.7626
 30
0.0
 11
60.3237
 21
29.7016
 31
0.0
  0
LINE
  5
1393
  8
0
 10
60.3237
 20
29.7016
 30
0.0
 11
60.0756
 21
29.6648
 31
0.0
  0
LINE
  5
1394
  8
0
 10
60.0756
 20
29.6648
 30
0.0
 11
59.825
 21
29.6525
 31
0.0
  0
LINE
  5
1395
  8
0
 10
59.825
 20
29.6525
 30
0.0
 11
59.5744
 21
29.6648
 31
0.0
  0
LINE
  5
1396
  8
0
 10
59.5744
 20
29.6648
 30
0.0
 11
59.3262
 21
29.7017
 31
0.0
  0
LINE
  5
1397
  8
0
 10
59.3262
 20
29.7017
 30
0.0
 11
59.0829
 21
29.7626
 31
0.0
  0
LINE
  5
1398
  8
0
 10
59.0829
 20
29.7626
 30
0.0
 11
58.8466
 21
29.8471
 31
0.0
  0
LINE
  5
1399
  8
0
 10
58.8466
 20
29.8471
 30
0.0
 11
58.6198
 21
29.9544
 31
0.0
  0
LINE
  5
139A
  8
0
 10
58.6198
 20
29.9544
 30
0.0
 11
58.4047
 21
30.0834
 31
0.0
  0
LINE
  5
139B
  8
0
 10
58.4047
 20
30.0834
 30
0.0
 11
58.2032
 21
30.2328
 31
0.0
  0
LINE
  5
139C
  8
0
 10
58.2032
 20
30.2328
 30
0.0
 11
58.0173
 21
30.4013
 31
0.0
  0
LINE
  5
139D
  8
0
 10
58.0173
 20
30.4013
 30
0.0
 11
57.8488
 21
30.5872
 31
0.0
  0
LINE
  5
139E
  8
0
 10
57.8488
 20
30.5872
 30
0.0
 11
57.6993
 21
30.7887
 31
0.0
  0
LINE
  5
139F
  8
0
 10
57.6993
 20
30.7887
 30
0.0
 11
57.5703
 21
31.0039
 31
0.0
  0
LINE
  5
13A0
  8
0
 10
57.5703
 20
31.0039
 30
0.0
 11
57.4631
 21
31.2307
 31
0.0
  0
LINE
  5
13A1
  8
0
 10
57.4631
 20
31.2307
 30
0.0
 11
57.3786
 21
31.4669
 31
0.0
  0
LINE
  5
13A2
  8
0
 10
57.3786
 20
31.4669
 30
0.0
 11
57.3176
 21
31.7103
 31
0.0
  0
LINE
  5
13A3
  8
0
 10
57.3176
 20
31.7103
 30
0.0
 11
57.2808
 21
31.9584
 31
0.0
  0
LINE
  5
13A4
  8
0
 10
57.2808
 20
31.9584
 30
0.0
 11
57.2685
 21
32.209
 31
0.0
  0
LINE
  5
13A5
  8
0
 10
57.2685
 20
32.209
 30
0.0
 11
57.2808
 21
32.4596
 31
0.0
  0
LINE
  5
13A6
  8
0
 10
57.2808
 20
32.4596
 30
0.0
 11
57.3176
 21
32.7078
 31
0.0
  0
LINE
  5
13A7
  8
0
 10
57.3176
 20
32.7078
 30
0.0
 11
57.3786
 21
32.9511
 31
0.0
  0
LINE
  5
13A8
  8
0
 10
57.3786
 20
32.9511
 30
0.0
 11
57.4631
 21
33.1873
 31
0.0
  0
LINE
  5
13A9
  8
0
 10
57.4631
 20
33.1873
 30
0.0
 11
57.5703
 21
33.4142
 31
0.0
  0
LINE
  5
13AA
  8
0
 10
57.5703
 20
33.4142
 30
0.0
 11
57.6993
 21
33.6293
 31
0.0
  0
LINE
  5
13AB
  8
0
 10
57.6993
 20
33.6293
 30
0.0
 11
57.8488
 21
33.8308
 31
0.0
  0
LINE
  5
13AC
  8
0
 10
57.8488
 20
33.8308
 30
0.0
 11
58.0173
 21
34.0167
 31
0.0
  0
LINE
  5
13AD
  8
0
 10
58.0173
 20
34.0167
 30
0.0
 11
58.2031
 21
34.1852
 31
0.0
  0
LINE
  5
13AE
  8
0
 10
58.2031
 20
34.1852
 30
0.0
 11
58.4047
 21
34.3347
 31
0.0
  0
LINE
  5
13AF
  8
0
 10
58.4047
 20
34.3347
 30
0.0
 11
58.6198
 21
34.4637
 31
0.0
  0
LINE
  5
13B0
  8
0
 10
58.6198
 20
34.4637
 30
0.0
 11
58.8466
 21
34.5709
 31
0.0
  0
LINE
  5
13B1
  8
0
 10
58.8466
 20
34.5709
 30
0.0
 11
59.0829
 21
34.6554
 31
0.0
  0
LINE
  5
13B2
  8
0
 10
59.0829
 20
34.6554
 30
0.0
 11
59.3262
 21
34.7164
 31
0.0
  0
LINE
  5
13B3
  8
0
 10
59.3262
 20
34.7164
 30
0.0
 11
59.5744
 21
34.7532
 31
0.0
  0
LINE
  5
13B4
  8
0
 10
59.5744
 20
34.7532
 30
0.0
 11
59.825
 21
34.7655
 31
0.0
  0
LINE
  5
13B5
  8
0
 10
59.825
 20
34.7655
 30
0.0
 11
60.0756
 21
34.7532
 31
0.0
  0
LINE
  5
13B6
  8
0
 10
60.0756
 20
34.7532
 30
0.0
 11
60.3237
 21
34.7164
 31
0.0
  0
LINE
  5
13B7
  8
0
 10
60.3237
 20
34.7164
 30
0.0
 11
60.5671
 21
34.6554
 31
0.0
  0
LINE
  5
13B8
  8
0
 10
60.5671
 20
34.6554
 30
0.0
 11
60.8033
 21
34.5709
 31
0.0
  0
LINE
  5
13B9
  8
0
 10
60.8033
 20
34.5709
 30
0.0
 11
61.0301
 21
34.4637
 31
0.0
  0
LINE
  5
13BA
  8
0
 10
61.0301
 20
34.4637
 30
0.0
 11
61.2453
 21
34.3347
 31
0.0
  0
LINE
  5
13BB
  8
0
 10
61.2453
 20
34.3347
 30
0.0
 11
61.4468
 21
34.1852
 31
0.0
  0
LINE
  5
13BC
  8
0
 10
61.4468
 20
34.1852
 30
0.0
 11
61.6327
 21
34.0167
 31
0.0
  0
LINE
  5
13BD
  8
0
 10
61.6327
 20
34.0167
 30
0.0
 11
61.8012
 21
33.8308
 31
0.0
  0
LINE
  5
13BE
  8
0
 10
61.8012
 20
33.8308
 30
0.0
 11
61.9506
 21
33.6293
 31
0.0
  0
LINE
  5
13BF
  8
0
 10
61.9506
 20
33.6293
 30
0.0
 11
62.0796
 21
33.4141
 31
0.0
  0
LINE
  5
13C0
  8
0
 10
62.0796
 20
33.4141
 30
0.0
 11
62.1869
 21
33.1873
 31
0.0
  0
LINE
  5
13C1
  8
0
 10
62.1869
 20
33.1873
 30
0.0
 11
62.2714
 21
32.9511
 31
0.0
  0
LINE
  5
13C2
  8
0
 10
62.2714
 20
32.9511
 30
0.0
 11
62.3323
 21
32.7078
 31
0.0
  0
LINE
  5
13C3
  8
0
 10
62.3323
 20
32.7078
 30
0.0
 11
62.3692
 21
32.4596
 31
0.0
  0
LINE
  5
13C4
  8
0
 10
62.3692
 20
32.4596
 30
0.0
 11
62.3815
 21
32.209
 31
0.0
  0
LINE
  5
13C5
  8
0
 10
62.3815
 20
32.209
 30
0.0
 11
62.3692
 21
31.9584
 31
0.0
  0
LINE
  5
13C6
  8
0
 10
62.3692
 20
31.9584
 30
0.0
 11
62.3323
 21
31.7103
 31
0.0
  0
LINE
  5
13C7
  8
0
 10
62.3323
 20
31.7103
 30
0.0
 11
62.2714
 21
31.4669
 31
0.0
  0
LINE
  5
13C8
  8
0
 10
62.2714
 20
31.4669
 30
0.0
 11
62.1869
 21
31.2307
 31
0.0
  0
LINE
  5
13C9
  8
0
 10
62.1869
 20
31.2307
 30
0.0
 11
62.1257
 21
31.1014
 31
0.0
  0
LINE
  5
13CA
  8
0
 10
62.1257
 20
31.1014
 30
0.0
 11
62.9509
 21
30.2762
 31
0.0
  0
LINE
  5
13CB
  8
0
 10
62.9509
 20
30.2762
 30
0.0
 11
61.7578
 21
29.0831
 31
0.0
  0
LINE
  5
13CC
  8
0
 10
61.7578
 20
29.0831
 30
0.0
 11
60.9326
 21
29.9083
 31
0.0
  0
LINE
  5
13CD
  8
0
 10
61.2711
 20
32.209
 30
0.0
 11
59.825
 21
33.6552
 31
0.0
  0
LINE
  5
13CE
  8
0
 10
59.825
 20
33.6552
 30
0.0
 11
58.3788
 21
32.209
 31
0.0
  0
LINE
  5
13CF
  8
0
 10
58.3788
 20
32.209
 30
0.0
 11
59.825
 21
30.7628
 31
0.0
  0
LINE
  5
13D0
  8
0
 10
59.825
 20
30.7628
 30
0.0
 11
61.2711
 21
32.209
 31
0.0
  0
LINE
  5
13D1
  8
0
 10
79.3394
 20
29.9083
 30
0.0
 11
79.2101
 21
29.8471
 31
0.0
  0
LINE
  5
13D2
  8
0
 10
79.2101
 20
29.8471
 30
0.0
 11
78.9739
 21
29.7626
 31
0.0
  0
LINE
  5
13D3
  8
0
 10
78.9739
 20
29.7626
 30
0.0
 11
78.7305
 21
29.7016
 31
0.0
  0
LINE
  5
13D4
  8
0
 10
78.7305
 20
29.7016
 30
0.0
 11
78.4824
 21
29.6648
 31
0.0
  0
LINE
  5
13D5
  8
0
 10
78.4824
 20
29.6648
 30
0.0
 11
78.2318
 21
29.6525
 31
0.0
  0
LINE
  5
13D6
  8
0
 10
78.2318
 20
29.6525
 30
0.0
 11
77.9812
 21
29.6648
 31
0.0
  0
LINE
  5
13D7
  8
0
 10
77.9812
 20
29.6648
 30
0.0
 11
77.733
 21
29.7017
 31
0.0
  0
LINE
  5
13D8
  8
0
 10
77.733
 20
29.7017
 30
0.0
 11
77.4897
 21
29.7626
 31
0.0
  0
LINE
  5
13D9
  8
0
 10
77.4897
 20
29.7626
 30
0.0
 11
77.2534
 21
29.8471
 31
0.0
  0
LINE
  5
13DA
  8
0
 10
77.2534
 20
29.8471
 30
0.0
 11
77.0266
 21
29.9544
 31
0.0
  0
LINE
  5
13DB
  8
0
 10
77.0266
 20
29.9544
 30
0.0
 11
76.8115
 21
30.0834
 31
0.0
  0
LINE
  5
13DC
  8
0
 10
76.8115
 20
30.0834
 30
0.0
 11
76.61
 21
30.2328
 31
0.0
  0
LINE
  5
13DD
  8
0
 10
76.61
 20
30.2328
 30
0.0
 11
76.4241
 21
30.4013
 31
0.0
  0
LINE
  5
13DE
  8
0
 10
76.4241
 20
30.4013
 30
0.0
 11
76.2556
 21
30.5872
 31
0.0
  0
LINE
  5
13DF
  8
0
 10
76.2556
 20
30.5872
 30
0.0
 11
76.1061
 21
30.7887
 31
0.0
  0
LINE
  5
13E0
  8
0
 10
76.1061
 20
30.7887
 30
0.0
 11
75.9771
 21
31.0039
 31
0.0
  0
LINE
  5
13E1
  8
0
 10
75.9771
 20
31.0039
 30
0.0
 11
75.8699
 21
31.2307
 31
0.0
  0
LINE
  5
13E2
  8
0
 10
75.8699
 20
31.2307
 30
0.0
 11
75.7854
 21
31.4669
 31
0.0
  0
LINE
  5
13E3
  8
0
 10
75.7854
 20
31.4669
 30
0.0
 11
75.7244
 21
31.7103
 31
0.0
  0
LINE
  5
13E4
  8
0
 10
75.7244
 20
31.7103
 30
0.0
 11
75.6876
 21
31.9584
 31
0.0
  0
LINE
  5
13E5
  8
0
 10
75.6876
 20
31.9584
 30
0.0
 11
75.6753
 21
32.209
 31
0.0
  0
LINE
  5
13E6
  8
0
 10
75.6753
 20
32.209
 30
0.0
 11
75.6876
 21
32.4596
 31
0.0
  0
LINE
  5
13E7
  8
0
 10
75.6876
 20
32.4596
 30
0.0
 11
75.7244
 21
32.7078
 31
0.0
  0
LINE
  5
13E8
  8
0
 10
75.7244
 20
32.7078
 30
0.0
 11
75.7854
 21
32.9511
 31
0.0
  0
LINE
  5
13E9
  8
0
 10
75.7854
 20
32.9511
 30
0.0
 11
75.8699
 21
33.1873
 31
0.0
  0
LINE
  5
13EA
  8
0
 10
75.8699
 20
33.1873
 30
0.0
 11
75.9771
 21
33.4142
 31
0.0
  0
LINE
  5
13EB
  8
0
 10
75.9771
 20
33.4142
 30
0.0
 11
76.1061
 21
33.6293
 31
0.0
  0
LINE
  5
13EC
  8
0
 10
76.1061
 20
33.6293
 30
0.0
 11
76.2556
 21
33.8308
 31
0.0
  0
LINE
  5
13ED
  8
0
 10
76.2556
 20
33.8308
 30
0.0
 11
76.4241
 21
34.0167
 31
0.0
  0
LINE
  5
13EE
  8
0
 10
76.4241
 20
34.0167
 30
0.0
 11
76.6099
 21
34.1852
 31
0.0
  0
LINE
  5
13EF
  8
0
 10
76.6099
 20
34.1852
 30
0.0
 11
76.8115
 21
34.3347
 31
0.0
  0
LINE
  5
13F0
  8
0
 10
76.8115
 20
34.3347
 30
0.0
 11
77.0266
 21
34.4637
 31
0.0
  0
LINE
  5
13F1
  8
0
 10
77.0266
 20
34.4637
 30
0.0
 11
77.2534
 21
34.5709
 31
0.0
  0
LINE
  5
13F2
  8
0
 10
77.2534
 20
34.5709
 30
0.0
 11
77.4897
 21
34.6554
 31
0.0
  0
LINE
  5
13F3
  8
0
 10
77.4897
 20
34.6554
 30
0.0
 11
77.733
 21
34.7164
 31
0.0
  0
LINE
  5
13F4
  8
0
 10
77.733
 20
34.7164
 30
0.0
 11
77.9812
 21
34.7532
 31
0.0
  0
LINE
  5
13F5
  8
0
 10
77.9812
 20
34.7532
 30
0.0
 11
78.2318
 21
34.7655
 31
0.0
  0
LINE
  5
13F6
  8
0
 10
78.2318
 20
34.7655
 30
0.0
 11
78.4824
 21
34.7532
 31
0.0
  0
LINE
  5
13F7
  8
0
 10
78.4824
 20
34.7532
 30
0.0
 11
78.7305
 21
34.7164
 31
0.0
  0
LINE
  5
13F8
  8
0
 10
78.7305
 20
34.7164
 30
0.0
 11
78.9739
 21
34.6554
 31
0.0
  0
LINE
  5
13F9
  8
0
 10
78.9739
 20
34.6554
 30
0.0
 11
79.2101
 21
34.5709
 31
0.0
  0
LINE
  5
13FA
  8
0
 10
79.2101
 20
34.5709
 30
0.0
 11
79.4369
 21
34.4637
 31
0.0
  0
LINE
  5
13FB
  8
0
 10
79.4369
 20
34.4637
 30
0.0
 11
79.6521
 21
34.3347
 31
0.0
  0
LINE
  5
13FC
  8
0
 10
79.6521
 20
34.3347
 30
0.0
 11
79.8536
 21
34.1852
 31
0.0
  0
LINE
  5
13FD
  8
0
 10
79.8536
 20
34.1852
 30
0.0
 11
80.0395
 21
34.0167
 31
0.0
  0
LINE
  5
13FE
  8
0
 10
80.0395
 20
34.0167
 30
0.0
 11
80.208
 21
33.8308
 31
0.0
  0
LINE
  5
13FF
  8
0
 10
80.208
 20
33.8308
 30
0.0
 11
80.3574
 21
33.6293
 31
0.0
  0
LINE
  5
1400
  8
0
 10
80.3574
 20
33.6293
 30
0.0
 11
80.4864
 21
33.4141
 31
0.0
  0
LINE
  5
1401
  8
0
 10
80.4864
 20
33.4141
 30
0.0
 11
80.5937
 21
33.1873
 31
0.0
  0
LINE
  5
1402
  8
0
 10
80.5937
 20
33.1873
 30
0.0
 11
80.6782
 21
32.9511
 31
0.0
  0
LINE
  5
1403
  8
0
 10
80.6782
 20
32.9511
 30
0.0
 11
80.7391
 21
32.7078
 31
0.0
  0
LINE
  5
1404
  8
0
 10
80.7391
 20
32.7078
 30
0.0
 11
80.776
 21
32.4596
 31
0.0
  0
LINE
  5
1405
  8
0
 10
80.776
 20
32.4596
 30
0.0
 11
80.7883
 21
32.209
 31
0.0
  0
LINE
  5
1406
  8
0
 10
80.7883
 20
32.209
 30
0.0
 11
80.776
 21
31.9584
 31
0.0
  0
LINE
  5
1407
  8
0
 10
80.776
 20
31.9584
 30
0.0
 11
80.7391
 21
31.7103
 31
0.0
  0
LINE
  5
1408
  8
0
 10
80.7391
 20
31.7103
 30
0.0
 11
80.6782
 21
31.4669
 31
0.0
  0
LINE
  5
1409
  8
0
 10
80.6782
 20
31.4669
 30
0.0
 11
80.5937
 21
31.2307
 31
0.0
  0
LINE
  5
140A
  8
0
 10
80.5937
 20
31.2307
 30
0.0
 11
80.5325
 21
31.1014
 31
0.0
  0
LINE
  5
140B
  8
0
 10
80.5325
 20
31.1014
 30
0.0
 11
81.3577
 21
30.2762
 31
0.0
  0
LINE
  5
140C
  8
0
 10
81.3577
 20
30.2762
 30
0.0
 11
80.1646
 21
29.0831
 31
0.0
  0
LINE
  5
140D
  8
0
 10
80.1646
 20
29.0831
 30
0.0
 11
79.3394
 21
29.9083
 31
0.0
  0
LINE
  5
140E
  8
0
 10
79.6779
 20
32.209
 30
0.0
 11
78.2318
 21
33.6552
 31
0.0
  0
LINE
  5
140F
  8
0
 10
78.2318
 20
33.6552
 30
0.0
 11
76.7856
 21
32.209
 31
0.0
  0
LINE
  5
1410
  8
0
 10
76.7856
 20
32.209
 30
0.0
 11
78.2318
 21
30.7628
 31
0.0
  0
LINE
  5
1411
  8
0
 10
78.2318
 20
30.7628
 30
0.0
 11
79.6779
 21
32.209
 31
0.0
  0
LINE
  5
1412
  8
0
 10
47.4899
 20
30.2762
 30
0.0
 11
48.3151
 21
31.1014
 31
0.0
  0
LINE
  5
1413
  8
0
 10
48.3151
 20
31.1014
 30
0.0
 11
48.2539
 21
31.2307
 31
0.0
  0
LINE
  5
1414
  8
0
 10
48.2539
 20
31.2307
 30
0.0
 11
48.1694
 21
31.4669
 31
0.0
  0
LINE
  5
1415
  8
0
 10
48.1694
 20
31.4669
 30
0.0
 11
48.1084
 21
31.7103
 31
0.0
  0
LINE
  5
1416
  8
0
 10
48.1084
 20
31.7103
 30
0.0
 11
48.0716
 21
31.9584
 31
0.0
  0
LINE
  5
1417
  8
0
 10
48.0716
 20
31.9584
 30
0.0
 11
48.0593
 21
32.209
 31
0.0
  0
LINE
  5
1418
  8
0
 10
48.0593
 20
32.209
 30
0.0
 11
48.0716
 21
32.4596
 31
0.0
  0
LINE
  5
1419
  8
0
 10
48.0716
 20
32.4596
 30
0.0
 11
48.1085
 21
32.7078
 31
0.0
  0
LINE
  5
141A
  8
0
 10
48.1085
 20
32.7078
 30
0.0
 11
48.1694
 21
32.9511
 31
0.0
  0
LINE
  5
141B
  8
0
 10
48.1694
 20
32.9511
 30
0.0
 11
48.2539
 21
33.1873
 31
0.0
  0
LINE
  5
141C
  8
0
 10
48.2539
 20
33.1873
 30
0.0
 11
48.3612
 21
33.4141
 31
0.0
  0
LINE
  5
141D
  8
0
 10
48.3612
 20
33.4141
 30
0.0
 11
48.4902
 21
33.6293
 31
0.0
  0
LINE
  5
141E
  8
0
 10
48.4902
 20
33.6293
 30
0.0
 11
48.6396
 21
33.8308
 31
0.0
  0
LINE
  5
141F
  8
0
 10
48.6396
 20
33.8308
 30
0.0
 11
48.8081
 21
34.0167
 31
0.0
  0
LINE
  5
1420
  8
0
 10
48.8081
 20
34.0167
 30
0.0
 11
48.994
 21
34.1852
 31
0.0
  0
LINE
  5
1421
  8
0
 10
48.994
 20
34.1852
 30
0.0
 11
49.1955
 21
34.3347
 31
0.0
  0
LINE
  5
1422
  8
0
 10
49.1955
 20
34.3347
 30
0.0
 11
49.4107
 21
34.4637
 31
0.0
  0
LINE
  5
1423
  8
0
 10
49.4107
 20
34.4637
 30
0.0
 11
49.6375
 21
34.5709
 31
0.0
  0
LINE
  5
1424
  8
0
 10
49.6375
 20
34.5709
 30
0.0
 11
49.8737
 21
34.6554
 31
0.0
  0
LINE
  5
1425
  8
0
 10
49.8737
 20
34.6554
 30
0.0
 11
50.1171
 21
34.7164
 31
0.0
  0
LINE
  5
1426
  8
0
 10
50.1171
 20
34.7164
 30
0.0
 11
50.3652
 21
34.7532
 31
0.0
  0
LINE
  5
1427
  8
0
 10
50.3652
 20
34.7532
 30
0.0
 11
50.6158
 21
34.7655
 31
0.0
  0
LINE
  5
1428
  8
0
 10
50.6158
 20
34.7655
 30
0.0
 11
50.8664
 21
34.7532
 31
0.0
  0
LINE
  5
1429
  8
0
 10
50.8664
 20
34.7532
 30
0.0
 11
51.1146
 21
34.7164
 31
0.0
  0
LINE
  5
142A
  8
0
 10
51.1146
 20
34.7164
 30
0.0
 11
51.3579
 21
34.6554
 31
0.0
  0
LINE
  5
142B
  8
0
 10
51.3579
 20
34.6554
 30
0.0
 11
51.5941
 21
34.5709
 31
0.0
  0
LINE
  5
142C
  8
0
 10
51.5941
 20
34.5709
 30
0.0
 11
51.821
 21
34.4637
 31
0.0
  0
LINE
  5
142D
  8
0
 10
51.821
 20
34.4637
 30
0.0
 11
52.0361
 21
34.3347
 31
0.0
  0
LINE
  5
142E
  8
0
 10
52.0361
 20
34.3347
 30
0.0
 11
52.2376
 21
34.1852
 31
0.0
  0
LINE
  5
142F
  8
0
 10
52.2376
 20
34.1852
 30
0.0
 11
52.4235
 21
34.0167
 31
0.0
  0
LINE
  5
1430
  8
0
 10
52.4235
 20
34.0167
 30
0.0
 11
52.592
 21
33.8308
 31
0.0
  0
LINE
  5
1431
  8
0
 10
52.592
 20
33.8308
 30
0.0
 11
52.7415
 21
33.6293
 31
0.0
  0
LINE
  5
1432
  8
0
 10
52.7415
 20
33.6293
 30
0.0
 11
52.8705
 21
33.4142
 31
0.0
  0
LINE
  5
1433
  8
0
 10
52.8705
 20
33.4142
 30
0.0
 11
52.9777
 21
33.1873
 31
0.0
  0
LINE
  5
1434
  8
0
 10
52.9777
 20
33.1873
 30
0.0
 11
53.0622
 21
32.9511
 31
0.0
  0
LINE
  5
1435
  8
0
 10
53.0622
 20
32.9511
 30
0.0
 11
53.1232
 21
32.7078
 31
0.0
  0
LINE
  5
1436
  8
0
 10
53.1232
 20
32.7078
 30
0.0
 11
53.16
 21
32.4596
 31
0.0
  0
LINE
  5
1437
  8
0
 10
53.16
 20
32.4596
 30
0.0
 11
53.1723
 21
32.209
 31
0.0
  0
LINE
  5
1438
  8
0
 10
53.1723
 20
32.209
 30
0.0
 11
53.16
 21
31.9584
 31
0.0
  0
LINE
  5
1439
  8
0
 10
53.16
 20
31.9584
 30
0.0
 11
53.1232
 21
31.7103
 31
0.0
  0
LINE
  5
143A
  8
0
 10
53.1232
 20
31.7103
 30
0.0
 11
53.0622
 21
31.4669
 31
0.0
  0
LINE
  5
143B
  8
0
 10
53.0622
 20
31.4669
 30
0.0
 11
52.9777
 21
31.2307
 31
0.0
  0
LINE
  5
143C
  8
0
 10
52.9777
 20
31.2307
 30
0.0
 11
52.8705
 21
31.0039
 31
0.0
  0
LINE
  5
143D
  8
0
 10
52.8705
 20
31.0039
 30
0.0
 11
52.7415
 21
30.7887
 31
0.0
  0
LINE
  5
143E
  8
0
 10
52.7415
 20
30.7887
 30
0.0
 11
52.592
 21
30.5872
 31
0.0
  0
LINE
  5
143F
  8
0
 10
52.592
 20
30.5872
 30
0.0
 11
52.4235
 21
30.4013
 31
0.0
  0
LINE
  5
1440
  8
0
 10
52.4235
 20
30.4013
 30
0.0
 11
52.2376
 21
30.2328
 31
0.0
  0
LINE
  5
1441
  8
0
 10
52.2376
 20
30.2328
 30
0.0
 11
52.0361
 21
30.0834
 31
0.0
  0
LINE
  5
1442
  8
0
 10
52.0361
 20
30.0834
 30
0.0
 11
51.8209
 21
29.9544
 31
0.0
  0
LINE
  5
1443
  8
0
 10
51.8209
 20
29.9544
 30
0.0
 11
51.5941
 21
29.8471
 31
0.0
  0
LINE
  5
1444
  8
0
 10
51.5941
 20
29.8471
 30
0.0
 11
51.3579
 21
29.7626
 31
0.0
  0
LINE
  5
1445
  8
0
 10
51.3579
 20
29.7626
 30
0.0
 11
51.1146
 21
29.7017
 31
0.0
  0
LINE
  5
1446
  8
0
 10
51.1146
 20
29.7017
 30
0.0
 11
50.8664
 21
29.6648
 31
0.0
  0
LINE
  5
1447
  8
0
 10
50.8664
 20
29.6648
 30
0.0
 11
50.6158
 21
29.6525
 31
0.0
  0
LINE
  5
1448
  8
0
 10
50.6158
 20
29.6525
 30
0.0
 11
50.3652
 21
29.6648
 31
0.0
  0
LINE
  5
1449
  8
0
 10
50.3652
 20
29.6648
 30
0.0
 11
50.1171
 21
29.7016
 31
0.0
  0
LINE
  5
144A
  8
0
 10
50.1171
 20
29.7016
 30
0.0
 11
49.8737
 21
29.7626
 31
0.0
  0
LINE
  5
144B
  8
0
 10
49.8737
 20
29.7626
 30
0.0
 11
49.6375
 21
29.8471
 31
0.0
  0
LINE
  5
144C
  8
0
 10
49.6375
 20
29.8471
 30
0.0
 11
49.5082
 21
29.9083
 31
0.0
  0
LINE
  5
144D
  8
0
 10
49.5082
 20
29.9083
 30
0.0
 11
48.683
 21
29.0831
 31
0.0
  0
LINE
  5
144E
  8
0
 10
48.683
 20
29.0831
 30
0.0
 11
47.4899
 21
30.2762
 31
0.0
  0
LINE
  5
144F
  8
0
 10
52.062
 20
32.209
 30
0.0
 11
50.6158
 21
33.6552
 31
0.0
  0
LINE
  5
1450
  8
0
 10
50.6158
 20
33.6552
 30
0.0
 11
49.1696
 21
32.209
 31
0.0
  0
LINE
  5
1451
  8
0
 10
49.1696
 20
32.209
 30
0.0
 11
50.6158
 21
30.7628
 31
0.0
  0
LINE
  5
1452
  8
0
 10
50.6158
 20
30.7628
 30
0.0
 11
52.062
 21
32.209
 31
0.0
  0
LINE
  5
1453
  8
0
 10
24.119
 20
29.9083
 30
0.0
 11
23.9897
 21
29.8471
 31
0.0
  0
LINE
  5
1454
  8
0
 10
23.9897
 20
29.8471
 30
0.0
 11
23.7535
 21
29.7626
 31
0.0
  0
LINE
  5
1455
  8
0
 10
23.7535
 20
29.7626
 30
0.0
 11
23.5101
 21
29.7016
 31
0.0
  0
LINE
  5
1456
  8
0
 10
23.5101
 20
29.7016
 30
0.0
 11
23.262
 21
29.6648
 31
0.0
  0
LINE
  5
1457
  8
0
 10
23.262
 20
29.6648
 30
0.0
 11
23.0114
 21
29.6525
 31
0.0
  0
LINE
  5
1458
  8
0
 10
23.0114
 20
29.6525
 30
0.0
 11
22.7608
 21
29.6648
 31
0.0
  0
LINE
  5
1459
  8
0
 10
22.7608
 20
29.6648
 30
0.0
 11
22.5126
 21
29.7017
 31
0.0
  0
LINE
  5
145A
  8
0
 10
22.5126
 20
29.7017
 30
0.0
 11
22.2693
 21
29.7626
 31
0.0
  0
LINE
  5
145B
  8
0
 10
22.2693
 20
29.7626
 30
0.0
 11
22.0331
 21
29.8471
 31
0.0
  0
LINE
  5
145C
  8
0
 10
22.0331
 20
29.8471
 30
0.0
 11
21.8062
 21
29.9544
 31
0.0
  0
LINE
  5
145D
  8
0
 10
21.8062
 20
29.9544
 30
0.0
 11
21.5911
 21
30.0834
 31
0.0
  0
LINE
  5
145E
  8
0
 10
21.5911
 20
30.0834
 30
0.0
 11
21.3896
 21
30.2328
 31
0.0
  0
LINE
  5
145F
  8
0
 10
21.3896
 20
30.2328
 30
0.0
 11
21.2036
 21
30.4013
 31
0.0
  0
LINE
  5
1460
  8
0
 10
21.2036
 20
30.4013
 30
0.0
 11
21.0352
 21
30.5872
 31
0.0
  0
LINE
  5
1461
  8
0
 10
21.0352
 20
30.5872
 30
0.0
 11
20.8857
 21
30.7887
 31
0.0
  0
LINE
  5
1462
  8
0
 10
20.8857
 20
30.7887
 30
0.0
 11
20.7567
 21
31.0039
 31
0.0
  0
LINE
  5
1463
  8
0
 10
20.7567
 20
31.0039
 30
0.0
 11
20.6495
 21
31.2307
 31
0.0
  0
LINE
  5
1464
  8
0
 10
20.6495
 20
31.2307
 30
0.0
 11
20.565
 21
31.4669
 31
0.0
  0
LINE
  5
1465
  8
0
 10
20.565
 20
31.4669
 30
0.0
 11
20.504
 21
31.7103
 31
0.0
  0
LINE
  5
1466
  8
0
 10
20.504
 20
31.7103
 30
0.0
 11
20.4672
 21
31.9584
 31
0.0
  0
LINE
  5
1467
  8
0
 10
20.4672
 20
31.9584
 30
0.0
 11
20.4549
 21
32.209
 31
0.0
  0
LINE
  5
1468
  8
0
 10
20.4549
 20
32.209
 30
0.0
 11
20.4672
 21
32.4596
 31
0.0
  0
LINE
  5
1469
  8
0
 10
20.4672
 20
32.4596
 30
0.0
 11
20.504
 21
32.7078
 31
0.0
  0
LINE
  5
146A
  8
0
 10
20.504
 20
32.7078
 30
0.0
 11
20.565
 21
32.9511
 31
0.0
  0
LINE
  5
146B
  8
0
 10
20.565
 20
32.9511
 30
0.0
 11
20.6495
 21
33.1873
 31
0.0
  0
LINE
  5
146C
  8
0
 10
20.6495
 20
33.1873
 30
0.0
 11
20.7567
 21
33.4142
 31
0.0
  0
LINE
  5
146D
  8
0
 10
20.7567
 20
33.4142
 30
0.0
 11
20.8857
 21
33.6293
 31
0.0
  0
LINE
  5
146E
  8
0
 10
20.8857
 20
33.6293
 30
0.0
 11
21.0352
 21
33.8308
 31
0.0
  0
LINE
  5
146F
  8
0
 10
21.0352
 20
33.8308
 30
0.0
 11
21.2036
 21
34.0167
 31
0.0
  0
LINE
  5
1470
  8
0
 10
21.2036
 20
34.0167
 30
0.0
 11
21.3895
 21
34.1852
 31
0.0
  0
LINE
  5
1471
  8
0
 10
21.3895
 20
34.1852
 30
0.0
 11
21.5911
 21
34.3347
 31
0.0
  0
LINE
  5
1472
  8
0
 10
21.5911
 20
34.3347
 30
0.0
 11
21.8062
 21
34.4637
 31
0.0
  0
LINE
  5
1473
  8
0
 10
21.8062
 20
34.4637
 30
0.0
 11
22.033
 21
34.5709
 31
0.0
  0
LINE
  5
1474
  8
0
 10
22.033
 20
34.5709
 30
0.0
 11
22.2693
 21
34.6554
 31
0.0
  0
LINE
  5
1475
  8
0
 10
22.2693
 20
34.6554
 30
0.0
 11
22.5126
 21
34.7164
 31
0.0
  0
LINE
  5
1476
  8
0
 10
22.5126
 20
34.7164
 30
0.0
 11
22.7608
 21
34.7532
 31
0.0
  0
LINE
  5
1477
  8
0
 10
22.7608
 20
34.7532
 30
0.0
 11
23.0114
 21
34.7655
 31
0.0
  0
LINE
  5
1478
  8
0
 10
23.0114
 20
34.7655
 30
0.0
 11
23.262
 21
34.7532
 31
0.0
  0
LINE
  5
1479
  8
0
 10
23.262
 20
34.7532
 30
0.0
 11
23.5101
 21
34.7164
 31
0.0
  0
LINE
  5
147A
  8
0
 10
23.5101
 20
34.7164
 30
0.0
 11
23.7535
 21
34.6554
 31
0.0
  0
LINE
  5
147B
  8
0
 10
23.7535
 20
34.6554
 30
0.0
 11
23.9897
 21
34.5709
 31
0.0
  0
LINE
  5
147C
  8
0
 10
23.9897
 20
34.5709
 30
0.0
 11
24.2165
 21
34.4637
 31
0.0
  0
LINE
  5
147D
  8
0
 10
24.2165
 20
34.4637
 30
0.0
 11
24.4317
 21
34.3347
 31
0.0
  0
LINE
  5
147E
  8
0
 10
24.4317
 20
34.3347
 30
0.0
 11
24.6332
 21
34.1852
 31
0.0
  0
LINE
  5
147F
  8
0
 10
24.6332
 20
34.1852
 30
0.0
 11
24.8191
 21
34.0167
 31
0.0
  0
LINE
  5
1480
  8
0
 10
24.8191
 20
34.0167
 30
0.0
 11
24.9876
 21
33.8308
 31
0.0
  0
LINE
  5
1481
  8
0
 10
24.9876
 20
33.8308
 30
0.0
 11
25.137
 21
33.6293
 31
0.0
  0
LINE
  5
1482
  8
0
 10
25.137
 20
33.6293
 30
0.0
 11
25.266
 21
33.4141
 31
0.0
  0
LINE
  5
1483
  8
0
 10
25.266
 20
33.4141
 30
0.0
 11
25.3733
 21
33.1873
 31
0.0
  0
LINE
  5
1484
  8
0
 10
25.3733
 20
33.1873
 30
0.0
 11
25.4578
 21
32.9511
 31
0.0
  0
LINE
  5
1485
  8
0
 10
25.4578
 20
32.9511
 30
0.0
 11
25.5187
 21
32.7078
 31
0.0
  0
LINE
  5
1486
  8
0
 10
25.5187
 20
32.7078
 30
0.0
 11
25.5556
 21
32.4596
 31
0.0
  0
LINE
  5
1487
  8
0
 10
25.5556
 20
32.4596
 30
0.0
 11
25.5679
 21
32.209
 31
0.0
  0
LINE
  5
1488
  8
0
 10
25.5679
 20
32.209
 30
0.0
 11
25.5556
 21
31.9584
 31
0.0
  0
LINE
  5
1489
  8
0
 10
25.5556
 20
31.9584
 30
0.0
 11
25.5187
 21
31.7103
 31
0.0
  0
LINE
  5
148A
  8
0
 10
25.5187
 20
31.7103
 30
0.0
 11
25.4578
 21
31.4669
 31
0.0
  0
LINE
  5
148B
  8
0
 10
25.4578
 20
31.4669
 30
0.0
 11
25.3733
 21
31.2307
 31
0.0
  0
LINE
  5
148C
  8
0
 10
25.3733
 20
31.2307
 30
0.0
 11
25.3121
 21
31.1014
 31
0.0
  0
LINE
  5
148D
  8
0
 10
25.3121
 20
31.1014
 30
0.0
 11
26.1373
 21
30.2762
 31
0.0
  0
LINE
  5
148E
  8
0
 10
26.1373
 20
30.2762
 30
0.0
 11
24.9442
 21
29.0831
 31
0.0
  0
LINE
  5
148F
  8
0
 10
24.9442
 20
29.0831
 30
0.0
 11
24.119
 21
29.9083
 31
0.0
  0
LINE
  5
1490
  8
0
 10
24.4575
 20
32.209
 30
0.0
 11
23.0114
 21
33.6552
 31
0.0
  0
LINE
  5
1491
  8
0
 10
23.0114
 20
33.6552
 30
0.0
 11
21.5652
 21
32.209
 31
0.0
  0
LINE
  5
1492
  8
0
 10
21.5652
 20
32.209
 30
0.0
 11
23.0114
 21
30.7628
 31
0.0
  0
LINE
  5
1493
  8
0
 10
23.0114
 20
30.7628
 30
0.0
 11
24.4575
 21
32.209
 31
0.0
  0
LINE
  5
1494
  8
0
 10
65.8967
 20
30.2762
 30
0.0
 11
66.7219
 21
31.1014
 31
0.0
  0
LINE
  5
1495
  8
0
 10
66.7219
 20
31.1014
 30
0.0
 11
66.6607
 21
31.2307
 31
0.0
  0
LINE
  5
1496
  8
0
 10
66.6607
 20
31.2307
 30
0.0
 11
66.5762
 21
31.4669
 31
0.0
  0
LINE
  5
1497
  8
0
 10
66.5762
 20
31.4669
 30
0.0
 11
66.5152
 21
31.7103
 31
0.0
  0
LINE
  5
1498
  8
0
 10
66.5152
 20
31.7103
 30
0.0
 11
66.4784
 21
31.9584
 31
0.0
  0
LINE
  5
1499
  8
0
 10
66.4784
 20
31.9584
 30
0.0
 11
66.4661
 21
32.209
 31
0.0
  0
LINE
  5
149A
  8
0
 10
66.4661
 20
32.209
 30
0.0
 11
66.4784
 21
32.4596
 31
0.0
  0
LINE
  5
149B
  8
0
 10
66.4784
 20
32.4596
 30
0.0
 11
66.5153
 21
32.7078
 31
0.0
  0
LINE
  5
149C
  8
0
 10
66.5153
 20
32.7078
 30
0.0
 11
66.5762
 21
32.9511
 31
0.0
  0
LINE
  5
149D
  8
0
 10
66.5762
 20
32.9511
 30
0.0
 11
66.6607
 21
33.1873
 31
0.0
  0
LINE
  5
149E
  8
0
 10
66.6607
 20
33.1873
 30
0.0
 11
66.768
 21
33.4141
 31
0.0
  0
LINE
  5
149F
  8
0
 10
66.768
 20
33.4141
 30
0.0
 11
66.897
 21
33.6293
 31
0.0
  0
LINE
  5
14A0
  8
0
 10
66.897
 20
33.6293
 30
0.0
 11
67.0464
 21
33.8308
 31
0.0
  0
LINE
  5
14A1
  8
0
 10
67.0464
 20
33.8308
 30
0.0
 11
67.2149
 21
34.0167
 31
0.0
  0
LINE
  5
14A2
  8
0
 10
67.2149
 20
34.0167
 30
0.0
 11
67.4008
 21
34.1852
 31
0.0
  0
LINE
  5
14A3
  8
0
 10
67.4008
 20
34.1852
 30
0.0
 11
67.6023
 21
34.3347
 31
0.0
  0
LINE
  5
14A4
  8
0
 10
67.6023
 20
34.3347
 30
0.0
 11
67.8175
 21
34.4637
 31
0.0
  0
LINE
  5
14A5
  8
0
 10
67.8175
 20
34.4637
 30
0.0
 11
68.0443
 21
34.5709
 31
0.0
  0
LINE
  5
14A6
  8
0
 10
68.0443
 20
34.5709
 30
0.0
 11
68.2805
 21
34.6554
 31
0.0
  0
LINE
  5
14A7
  8
0
 10
68.2805
 20
34.6554
 30
0.0
 11
68.5239
 21
34.7164
 31
0.0
  0
LINE
  5
14A8
  8
0
 10
68.5239
 20
34.7164
 30
0.0
 11
68.772
 21
34.7532
 31
0.0
  0
LINE
  5
14A9
  8
0
 10
68.772
 20
34.7532
 30
0.0
 11
69.0226
 21
34.7655
 31
0.0
  0
LINE
  5
14AA
  8
0
 10
69.0226
 20
34.7655
 30
0.0
 11
69.2732
 21
34.7532
 31
0.0
  0
LINE
  5
14AB
  8
0
 10
69.2732
 20
34.7532
 30
0.0
 11
69.5214
 21
34.7164
 31
0.0
  0
LINE
  5
14AC
  8
0
 10
69.5214
 20
34.7164
 30
0.0
 11
69.7647
 21
34.6554
 31
0.0
  0
LINE
  5
14AD
  8
0
 10
69.7647
 20
34.6554
 30
0.0
 11
70.001
 21
34.5709
 31
0.0
  0
LINE
  5
14AE
  8
0
 10
70.001
 20
34.5709
 30
0.0
 11
70.2278
 21
34.4637
 31
0.0
  0
LINE
  5
14AF
  8
0
 10
70.2278
 20
34.4637
 30
0.0
 11
70.4429
 21
34.3347
 31
0.0
  0
LINE
  5
14B0
  8
0
 10
70.4429
 20
34.3347
 30
0.0
 11
70.6445
 21
34.1852
 31
0.0
  0
LINE
  5
14B1
  8
0
 10
70.6445
 20
34.1852
 30
0.0
 11
70.8303
 21
34.0167
 31
0.0
  0
LINE
  5
14B2
  8
0
 10
70.8303
 20
34.0167
 30
0.0
 11
70.9988
 21
33.8308
 31
0.0
  0
LINE
  5
14B3
  8
0
 10
70.9988
 20
33.8308
 30
0.0
 11
71.1483
 21
33.6293
 31
0.0
  0
LINE
  5
14B4
  8
0
 10
71.1483
 20
33.6293
 30
0.0
 11
71.2773
 21
33.4142
 31
0.0
  0
LINE
  5
14B5
  8
0
 10
71.2773
 20
33.4142
 30
0.0
 11
71.3845
 21
33.1873
 31
0.0
  0
LINE
  5
14B6
  8
0
 10
71.3845
 20
33.1873
 30
0.0
 11
71.469
 21
32.9511
 31
0.0
  0
LINE
  5
14B7
  8
0
 10
71.469
 20
32.9511
 30
0.0
 11
71.53
 21
32.7078
 31
0.0
  0
LINE
  5
14B8
  8
0
 10
71.53
 20
32.7078
 30
0.0
 11
71.5668
 21
32.4596
 31
0.0
  0
LINE
  5
14B9
  8
0
 10
71.5668
 20
32.4596
 30
0.0
 11
71.5791
 21
32.209
 31
0.0
  0
LINE
  5
14BA
  8
0
 10
71.5791
 20
32.209
 30
0.0
 11
71.5668
 21
31.9584
 31
0.0
  0
LINE
  5
14BB
  8
0
 10
71.5668
 20
31.9584
 30
0.0
 11
71.53
 21
31.7103
 31
0.0
  0
LINE
  5
14BC
  8
0
 10
71.53
 20
31.7103
 30
0.0
 11
71.469
 21
31.4669
 31
0.0
  0
LINE
  5
14BD
  8
0
 10
71.469
 20
31.4669
 30
0.0
 11
71.3845
 21
31.2307
 31
0.0
  0
LINE
  5
14BE
  8
0
 10
71.3845
 20
31.2307
 30
0.0
 11
71.2773
 21
31.0039
 31
0.0
  0
LINE
  5
14BF
  8
0
 10
71.2773
 20
31.0039
 30
0.0
 11
71.1483
 21
30.7887
 31
0.0
  0
LINE
  5
14C0
  8
0
 10
71.1483
 20
30.7887
 30
0.0
 11
70.9988
 21
30.5872
 31
0.0
  0
LINE
  5
14C1
  8
0
 10
70.9988
 20
30.5872
 30
0.0
 11
70.8303
 21
30.4013
 31
0.0
  0
LINE
  5
14C2
  8
0
 10
70.8303
 20
30.4013
 30
0.0
 11
70.6444
 21
30.2328
 31
0.0
  0
LINE
  5
14C3
  8
0
 10
70.6444
 20
30.2328
 30
0.0
 11
70.4429
 21
30.0834
 31
0.0
  0
LINE
  5
14C4
  8
0
 10
70.4429
 20
30.0834
 30
0.0
 11
70.2277
 21
29.9544
 31
0.0
  0
LINE
  5
14C5
  8
0
 10
70.2277
 20
29.9544
 30
0.0
 11
70.0009
 21
29.8471
 31
0.0
  0
LINE
  5
14C6
  8
0
 10
70.0009
 20
29.8471
 30
0.0
 11
69.7647
 21
29.7626
 31
0.0
  0
LINE
  5
14C7
  8
0
 10
69.7647
 20
29.7626
 30
0.0
 11
69.5214
 21
29.7017
 31
0.0
  0
LINE
  5
14C8
  8
0
 10
69.5214
 20
29.7017
 30
0.0
 11
69.2732
 21
29.6648
 31
0.0
  0
LINE
  5
14C9
  8
0
 10
69.2732
 20
29.6648
 30
0.0
 11
69.0226
 21
29.6525
 31
0.0
  0
LINE
  5
14CA
  8
0
 10
69.0226
 20
29.6525
 30
0.0
 11
68.772
 21
29.6648
 31
0.0
  0
LINE
  5
14CB
  8
0
 10
68.772
 20
29.6648
 30
0.0
 11
68.5238
 21
29.7016
 31
0.0
  0
LINE
  5
14CC
  8
0
 10
68.5238
 20
29.7016
 30
0.0
 11
68.2805
 21
29.7626
 31
0.0
  0
LINE
  5
14CD
  8
0
 10
68.2805
 20
29.7626
 30
0.0
 11
68.0443
 21
29.8471
 31
0.0
  0
LINE
  5
14CE
  8
0
 10
68.0443
 20
29.8471
 30
0.0
 11
67.915
 21
29.9083
 31
0.0
  0
LINE
  5
14CF
  8
0
 10
67.915
 20
29.9083
 30
0.0
 11
67.0898
 21
29.0831
 31
0.0
  0
LINE
  5
14D0
  8
0
 10
67.0898
 20
29.0831
 30
0.0
 11
65.8967
 21
30.2762
 31
0.0
  0
LINE
  5
14D1
  8
0
 10
70.4688
 20
32.209
 30
0.0
 11
69.0226
 21
33.6552
 31
0.0
  0
LINE
  5
14D2
  8
0
 10
69.0226
 20
33.6552
 30
0.0
 11
67.5764
 21
32.209
 31
0.0
  0
LINE
  5
14D3
  8
0
 10
67.5764
 20
32.209
 30
0.0
 11
69.0226
 21
30.7628
 31
0.0
  0
LINE
  5
14D4
  8
0
 10
69.0226
 20
30.7628
 30
0.0
 11
70.4688
 21
32.209
 31
0.0
  0
LINE
  5
14D5
  8
0
 10
97.7462
 20
29.9083
 30
0.0
 11
97.6169
 21
29.8471
 31
0.0
  0
LINE
  5
14D6
  8
0
 10
97.6169
 20
29.8471
 30
0.0
 11
97.3807
 21
29.7626
 31
0.0
  0
LINE
  5
14D7
  8
0
 10
97.3807
 20
29.7626
 30
0.0
 11
97.1373
 21
29.7016
 31
0.0
  0
LINE
  5
14D8
  8
0
 10
97.1373
 20
29.7016
 30
0.0
 11
96.8892
 21
29.6648
 31
0.0
  0
LINE
  5
14D9
  8
0
 10
96.8892
 20
29.6648
 30
0.0
 11
96.6386
 21
29.6525
 31
0.0
  0
LINE
  5
14DA
  8
0
 10
96.6386
 20
29.6525
 30
0.0
 11
96.388
 21
29.6648
 31
0.0
  0
LINE
  5
14DB
  8
0
 10
96.388
 20
29.6648
 30
0.0
 11
96.1398
 21
29.7017
 31
0.0
  0
LINE
  5
14DC
  8
0
 10
96.1398
 20
29.7017
 30
0.0
 11
95.8965
 21
29.7626
 31
0.0
  0
LINE
  5
14DD
  8
0
 10
95.8965
 20
29.7626
 30
0.0
 11
95.6602
 21
29.8471
 31
0.0
  0
LINE
  5
14DE
  8
0
 10
95.6602
 20
29.8471
 30
0.0
 11
95.4334
 21
29.9544
 31
0.0
  0
LINE
  5
14DF
  8
0
 10
95.4334
 20
29.9544
 30
0.0
 11
95.2183
 21
30.0834
 31
0.0
  0
LINE
  5
14E0
  8
0
 10
95.2183
 20
30.0834
 30
0.0
 11
95.0168
 21
30.2328
 31
0.0
  0
LINE
  5
14E1
  8
0
 10
95.0168
 20
30.2328
 30
0.0
 11
94.8309
 21
30.4013
 31
0.0
  0
LINE
  5
14E2
  8
0
 10
94.8309
 20
30.4013
 30
0.0
 11
94.6624
 21
30.5872
 31
0.0
  0
LINE
  5
14E3
  8
0
 10
94.6624
 20
30.5872
 30
0.0
 11
94.5129
 21
30.7887
 31
0.0
  0
LINE
  5
14E4
  8
0
 10
94.5129
 20
30.7887
 30
0.0
 11
94.3839
 21
31.0039
 31
0.0
  0
LINE
  5
14E5
  8
0
 10
94.3839
 20
31.0039
 30
0.0
 11
94.2767
 21
31.2307
 31
0.0
  0
LINE
  5
14E6
  8
0
 10
94.2767
 20
31.2307
 30
0.0
 11
94.1922
 21
31.4669
 31
0.0
  0
LINE
  5
14E7
  8
0
 10
94.1922
 20
31.4669
 30
0.0
 11
94.1312
 21
31.7103
 31
0.0
  0
LINE
  5
14E8
  8
0
 10
94.1312
 20
31.7103
 30
0.0
 11
94.0944
 21
31.9584
 31
0.0
  0
LINE
  5
14E9
  8
0
 10
94.0944
 20
31.9584
 30
0.0
 11
94.0821
 21
32.209
 31
0.0
  0
LINE
  5
14EA
  8
0
 10
94.0821
 20
32.209
 30
0.0
 11
94.0944
 21
32.4596
 31
0.0
  0
LINE
  5
14EB
  8
0
 10
94.0944
 20
32.4596
 30
0.0
 11
94.1312
 21
32.7078
 31
0.0
  0
LINE
  5
14EC
  8
0
 10
94.1312
 20
32.7078
 30
0.0
 11
94.1922
 21
32.9511
 31
0.0
  0
LINE
  5
14ED
  8
0
 10
94.1922
 20
32.9511
 30
0.0
 11
94.2767
 21
33.1873
 31
0.0
  0
LINE
  5
14EE
  8
0
 10
94.2767
 20
33.1873
 30
0.0
 11
94.3839
 21
33.4142
 31
0.0
  0
LINE
  5
14EF
  8
0
 10
94.3839
 20
33.4142
 30
0.0
 11
94.5129
 21
33.6293
 31
0.0
  0
LINE
  5
14F0
  8
0
 10
94.5129
 20
33.6293
 30
0.0
 11
94.6624
 21
33.8308
 31
0.0
  0
LINE
  5
14F1
  8
0
 10
94.6624
 20
33.8308
 30
0.0
 11
94.8309
 21
34.0167
 31
0.0
  0
LINE
  5
14F2
  8
0
 10
94.8309
 20
34.0167
 30
0.0
 11
95.0167
 21
34.1852
 31
0.0
  0
LINE
  5
14F3
  8
0
 10
95.0167
 20
34.1852
 30
0.0
 11
95.2183
 21
34.3347
 31
0.0
  0
LINE
  5
14F4
  8
0
 10
95.2183
 20
34.3347
 30
0.0
 11
95.4334
 21
34.4637
 31
0.0
  0
LINE
  5
14F5
  8
0
 10
95.4334
 20
34.4637
 30
0.0
 11
95.6602
 21
34.5709
 31
0.0
  0
LINE
  5
14F6
  8
0
 10
95.6602
 20
34.5709
 30
0.0
 11
95.8965
 21
34.6554
 31
0.0
  0
LINE
  5
14F7
  8
0
 10
95.8965
 20
34.6554
 30
0.0
 11
96.1398
 21
34.7164
 31
0.0
  0
LINE
  5
14F8
  8
0
 10
96.1398
 20
34.7164
 30
0.0
 11
96.388
 21
34.7532
 31
0.0
  0
LINE
  5
14F9
  8
0
 10
96.388
 20
34.7532
 30
0.0
 11
96.6386
 21
34.7655
 31
0.0
  0
LINE
  5
14FA
  8
0
 10
96.6386
 20
34.7655
 30
0.0
 11
96.8892
 21
34.7532
 31
0.0
  0
LINE
  5
14FB
  8
0
 10
96.8892
 20
34.7532
 30
0.0
 11
97.1373
 21
34.7164
 31
0.0
  0
LINE
  5
14FC
  8
0
 10
97.1373
 20
34.7164
 30
0.0
 11
97.3807
 21
34.6554
 31
0.0
  0
LINE
  5
14FD
  8
0
 10
97.3807
 20
34.6554
 30
0.0
 11
97.6169
 21
34.5709
 31
0.0
  0
LINE
  5
14FE
  8
0
 10
97.6169
 20
34.5709
 30
0.0
 11
97.8437
 21
34.4637
 31
0.0
  0
LINE
  5
14FF
  8
0
 10
97.8437
 20
34.4637
 30
0.0
 11
98.0589
 21
34.3347
 31
0.0
  0
LINE
  5
1500
  8
0
 10
98.0589
 20
34.3347
 30
0.0
 11
98.2604
 21
34.1852
 31
0.0
  0
LINE
  5
1501
  8
0
 10
98.2604
 20
34.1852
 30
0.0
 11
98.4463
 21
34.0167
 31
0.0
  0
LINE
  5
1502
  8
0
 10
98.4463
 20
34.0167
 30
0.0
 11
98.6148
 21
33.8308
 31
0.0
  0
LINE
  5
1503
  8
0
 10
98.6148
 20
33.8308
 30
0.0
 11
98.7642
 21
33.6293
 31
0.0
  0
LINE
  5
1504
  8
0
 10
98.7642
 20
33.6293
 30
0.0
 11
98.8932
 21
33.4141
 31
0.0
  0
LINE
  5
1505
  8
0
 10
98.8932
 20
33.4141
 30
0.0
 11
99.0005
 21
33.1873
 31
0.0
  0
LINE
  5
1506
  8
0
 10
99.0005
 20
33.1873
 30
0.0
 11
99.085
 21
32.9511
 31
0.0
  0
LINE
  5
1507
  8
0
 10
99.085
 20
32.9511
 30
0.0
 11
99.1459
 21
32.7078
 31
0.0
  0
LINE
  5
1508
  8
0
 10
99.1459
 20
32.7078
 30
0.0
 11
99.1828
 21
32.4596
 31
0.0
  0
LINE
  5
1509
  8
0
 10
99.1828
 20
32.4596
 30
0.0
 11
99.1951
 21
32.209
 31
0.0
  0
LINE
  5
150A
  8
0
 10
99.1951
 20
32.209
 30
0.0
 11
99.1828
 21
31.9584
 31
0.0
  0
LINE
  5
150B
  8
0
 10
99.1828
 20
31.9584
 30
0.0
 11
99.146
 21
31.7103
 31
0.0
  0
LINE
  5
150C
  8
0
 10
99.146
 20
31.7103
 30
0.0
 11
99.085
 21
31.4669
 31
0.0
  0
LINE
  5
150D
  8
0
 10
99.085
 20
31.4669
 30
0.0
 11
99.0005
 21
31.2307
 31
0.0
  0
LINE
  5
150E
  8
0
 10
99.0005
 20
31.2307
 30
0.0
 11
98.9393
 21
31.1014
 31
0.0
  0
LINE
  5
150F
  8
0
 10
98.9393
 20
31.1014
 30
0.0
 11
99.7645
 21
30.2762
 31
0.0
  0
LINE
  5
1510
  8
0
 10
99.7645
 20
30.2762
 30
0.0
 11
98.5714
 21
29.0831
 31
0.0
  0
LINE
  5
1511
  8
0
 10
98.5714
 20
29.0831
 30
0.0
 11
97.7462
 21
29.9083
 31
0.0
  0
LINE
  5
1512
  8
0
 10
98.0847
 20
32.209
 30
0.0
 11
96.6386
 21
33.6552
 31
0.0
  0
LINE
  5
1513
  8
0
 10
96.6386
 20
33.6552
 30
0.0
 11
95.1924
 21
32.209
 31
0.0
  0
LINE
  5
1514
  8
0
 10
95.1924
 20
32.209
 30
0.0
 11
96.6386
 21
30.7628
 31
0.0
  0
LINE
  5
1515
  8
0
 10
96.6386
 20
30.7628
 30
0.0
 11
98.0847
 21
32.209
 31
0.0
  0
LINE
  5
1516
  8
0
 10
102.71
 20
30.2762
 30
0.0
 11
103.535
 21
31.1014
 31
0.0
  0
LINE
  5
1517
  8
0
 10
103.535
 20
31.1014
 30
0.0
 11
103.474
 21
31.2307
 31
0.0
  0
LINE
  5
1518
  8
0
 10
103.474
 20
31.2307
 30
0.0
 11
103.39
 21
31.4669
 31
0.0
  0
LINE
  5
1519
  8
0
 10
103.39
 20
31.4669
 30
0.0
 11
103.329
 21
31.7103
 31
0.0
  0
LINE
  5
151A
  8
0
 10
103.329
 20
31.7103
 30
0.0
 11
103.292
 21
31.9584
 31
0.0
  0
LINE
  5
151B
  8
0
 10
103.292
 20
31.9584
 30
0.0
 11
103.28
 21
32.209
 31
0.0
  0
LINE
  5
151C
  8
0
 10
103.28
 20
32.209
 30
0.0
 11
103.292
 21
32.4596
 31
0.0
  0
LINE
  5
151D
  8
0
 10
103.292
 20
32.4596
 30
0.0
 11
103.329
 21
32.7078
 31
0.0
  0
LINE
  5
151E
  8
0
 10
103.329
 20
32.7078
 30
0.0
 11
103.39
 21
32.9511
 31
0.0
  0
LINE
  5
151F
  8
0
 10
103.39
 20
32.9511
 30
0.0
 11
103.474
 21
33.1873
 31
0.0
  0
LINE
  5
1520
  8
0
 10
103.474
 20
33.1873
 30
0.0
 11
103.582
 21
33.4141
 31
0.0
  0
LINE
  5
1521
  8
0
 10
103.582
 20
33.4141
 30
0.0
 11
103.711
 21
33.6293
 31
0.0
  0
LINE
  5
1522
  8
0
 10
103.711
 20
33.6293
 30
0.0
 11
103.86
 21
33.8308
 31
0.0
  0
LINE
  5
1523
  8
0
 10
103.86
 20
33.8308
 30
0.0
 11
104.028
 21
34.0167
 31
0.0
  0
LINE
  5
1524
  8
0
 10
104.028
 20
34.0167
 30
0.0
 11
104.214
 21
34.1852
 31
0.0
  0
LINE
  5
1525
  8
0
 10
104.214
 20
34.1852
 30
0.0
 11
104.416
 21
34.3347
 31
0.0
  0
LINE
  5
1526
  8
0
 10
104.416
 20
34.3347
 30
0.0
 11
104.631
 21
34.4637
 31
0.0
  0
LINE
  5
1527
  8
0
 10
104.631
 20
34.4637
 30
0.0
 11
104.858
 21
34.5709
 31
0.0
  0
LINE
  5
1528
  8
0
 10
104.858
 20
34.5709
 30
0.0
 11
105.094
 21
34.6554
 31
0.0
  0
LINE
  5
1529
  8
0
 10
105.094
 20
34.6554
 30
0.0
 11
105.337
 21
34.7164
 31
0.0
  0
LINE
  5
152A
  8
0
 10
105.337
 20
34.7164
 30
0.0
 11
105.586
 21
34.7532
 31
0.0
  0
LINE
  5
152B
  8
0
 10
105.586
 20
34.7532
 30
0.0
 11
105.836
 21
34.7655
 31
0.0
  0
LINE
  5
152C
  8
0
 10
105.836
 20
34.7655
 30
0.0
 11
106.087
 21
34.7532
 31
0.0
  0
LINE
  5
152D
  8
0
 10
106.087
 20
34.7532
 30
0.0
 11
106.335
 21
34.7164
 31
0.0
  0
LINE
  5
152E
  8
0
 10
106.335
 20
34.7164
 30
0.0
 11
106.578
 21
34.6554
 31
0.0
  0
LINE
  5
152F
  8
0
 10
106.578
 20
34.6554
 30
0.0
 11
106.815
 21
34.5709
 31
0.0
  0
LINE
  5
1530
  8
0
 10
106.815
 20
34.5709
 30
0.0
 11
107.041
 21
34.4637
 31
0.0
  0
LINE
  5
1531
  8
0
 10
107.041
 20
34.4637
 30
0.0
 11
107.257
 21
34.3347
 31
0.0
  0
LINE
  5
1532
  8
0
 10
107.257
 20
34.3347
 30
0.0
 11
107.458
 21
34.1852
 31
0.0
  0
LINE
  5
1533
  8
0
 10
107.458
 20
34.1852
 30
0.0
 11
107.644
 21
34.0167
 31
0.0
  0
LINE
  5
1534
  8
0
 10
107.644
 20
34.0167
 30
0.0
 11
107.812
 21
33.8308
 31
0.0
  0
LINE
  5
1535
  8
0
 10
107.812
 20
33.8308
 30
0.0
 11
107.962
 21
33.6293
 31
0.0
  0
LINE
  5
1536
  8
0
 10
107.962
 20
33.6293
 30
0.0
 11
108.091
 21
33.4142
 31
0.0
  0
LINE
  5
1537
  8
0
 10
108.091
 20
33.4142
 30
0.0
 11
108.198
 21
33.1873
 31
0.0
  0
LINE
  5
1538
  8
0
 10
108.198
 20
33.1873
 30
0.0
 11
108.283
 21
32.9511
 31
0.0
  0
LINE
  5
1539
  8
0
 10
108.283
 20
32.9511
 30
0.0
 11
108.344
 21
32.7078
 31
0.0
  0
LINE
  5
153A
  8
0
 10
108.344
 20
32.7078
 30
0.0
 11
108.38
 21
32.4596
 31
0.0
  0
LINE
  5
153B
  8
0
 10
108.38
 20
32.4596
 30
0.0
 11
108.393
 21
32.209
 31
0.0
  0
LINE
  5
153C
  8
0
 10
108.393
 20
32.209
 30
0.0
 11
108.38
 21
31.9584
 31
0.0
  0
LINE
  5
153D
  8
0
 10
108.38
 20
31.9584
 30
0.0
 11
108.344
 21
31.7103
 31
0.0
  0
LINE
  5
153E
  8
0
 10
108.344
 20
31.7103
 30
0.0
 11
108.283
 21
31.4669
 31
0.0
  0
LINE
  5
153F
  8
0
 10
108.283
 20
31.4669
 30
0.0
 11
108.198
 21
31.2307
 31
0.0
  0
LINE
  5
1540
  8
0
 10
108.198
 20
31.2307
 30
0.0
 11
108.091
 21
31.0039
 31
0.0
  0
LINE
  5
1541
  8
0
 10
108.091
 20
31.0039
 30
0.0
 11
107.962
 21
30.7887
 31
0.0
  0
LINE
  5
1542
  8
0
 10
107.962
 20
30.7887
 30
0.0
 11
107.812
 21
30.5872
 31
0.0
  0
LINE
  5
1543
  8
0
 10
107.812
 20
30.5872
 30
0.0
 11
107.644
 21
30.4013
 31
0.0
  0
LINE
  5
1544
  8
0
 10
107.644
 20
30.4013
 30
0.0
 11
107.458
 21
30.2328
 31
0.0
  0
LINE
  5
1545
  8
0
 10
107.458
 20
30.2328
 30
0.0
 11
107.257
 21
30.0834
 31
0.0
  0
LINE
  5
1546
  8
0
 10
107.257
 20
30.0834
 30
0.0
 11
107.041
 21
29.9544
 31
0.0
  0
LINE
  5
1547
  8
0
 10
107.041
 20
29.9544
 30
0.0
 11
106.815
 21
29.8471
 31
0.0
  0
LINE
  5
1548
  8
0
 10
106.815
 20
29.8471
 30
0.0
 11
106.578
 21
29.7626
 31
0.0
  0
LINE
  5
1549
  8
0
 10
106.578
 20
29.7626
 30
0.0
 11
106.335
 21
29.7017
 31
0.0
  0
LINE
  5
154A
  8
0
 10
106.335
 20
29.7017
 30
0.0
 11
106.087
 21
29.6648
 31
0.0
  0
LINE
  5
154B
  8
0
 10
106.087
 20
29.6648
 30
0.0
 11
105.836
 21
29.6525
 31
0.0
  0
LINE
  5
154C
  8
0
 10
105.836
 20
29.6525
 30
0.0
 11
105.586
 21
29.6648
 31
0.0
  0
LINE
  5
154D
  8
0
 10
105.586
 20
29.6648
 30
0.0
 11
105.337
 21
29.7016
 31
0.0
  0
LINE
  5
154E
  8
0
 10
105.337
 20
29.7016
 30
0.0
 11
105.094
 21
29.7626
 31
0.0
  0
LINE
  5
154F
  8
0
 10
105.094
 20
29.7626
 30
0.0
 11
104.858
 21
29.8471
 31
0.0
  0
LINE
  5
1550
  8
0
 10
104.858
 20
29.8471
 30
0.0
 11
104.729
 21
29.9083
 31
0.0
  0
LINE
  5
1551
  8
0
 10
104.729
 20
29.9083
 30
0.0
 11
103.903
 21
29.0831
 31
0.0
  0
LINE
  5
1552
  8
0
 10
103.903
 20
29.0831
 30
0.0
 11
102.71
 21
30.2762
 31
0.0
  0
LINE
  5
1553
  8
0
 10
107.282
 20
32.209
 30
0.0
 11
105.836
 21
33.6552
 31
0.0
  0
LINE
  5
1554
  8
0
 10
105.836
 20
33.6552
 30
0.0
 11
104.39
 21
32.209
 31
0.0
  0
LINE
  5
1555
  8
0
 10
104.39
 20
32.209
 30
0.0
 11
105.836
 21
30.7628
 31
0.0
  0
LINE
  5
1556
  8
0
 10
105.836
 20
30.7628
 30
0.0
 11
107.282
 21
32.209
 31
0.0
  0
LINE
  5
1557
  8
0
 10
42.5258
 20
29.9083
 30
0.0
 11
42.3965
 21
29.8471
 31
0.0
  0
LINE
  5
1558
  8
0
 10
42.3965
 20
29.8471
 30
0.0
 11
42.1603
 21
29.7626
 31
0.0
  0
LINE
  5
1559
  8
0
 10
42.1603
 20
29.7626
 30
0.0
 11
41.9169
 21
29.7016
 31
0.0
  0
LINE
  5
155A
  8
0
 10
41.9169
 20
29.7016
 30
0.0
 11
41.6688
 21
29.6648
 31
0.0
  0
LINE
  5
155B
  8
0
 10
41.6688
 20
29.6648
 30
0.0
 11
41.4182
 21
29.6525
 31
0.0
  0
LINE
  5
155C
  8
0
 10
41.4182
 20
29.6525
 30
0.0
 11
41.1676
 21
29.6648
 31
0.0
  0
LINE
  5
155D
  8
0
 10
41.1676
 20
29.6648
 30
0.0
 11
40.9194
 21
29.7017
 31
0.0
  0
LINE
  5
155E
  8
0
 10
40.9194
 20
29.7017
 30
0.0
 11
40.6761
 21
29.7626
 31
0.0
  0
LINE
  5
155F
  8
0
 10
40.6761
 20
29.7626
 30
0.0
 11
40.4398
 21
29.8471
 31
0.0
  0
LINE
  5
1560
  8
0
 10
40.4398
 20
29.8471
 30
0.0
 11
40.213
 21
29.9544
 31
0.0
  0
LINE
  5
1561
  8
0
 10
40.213
 20
29.9544
 30
0.0
 11
39.9979
 21
30.0834
 31
0.0
  0
LINE
  5
1562
  8
0
 10
39.9979
 20
30.0834
 30
0.0
 11
39.7964
 21
30.2328
 31
0.0
  0
LINE
  5
1563
  8
0
 10
39.7964
 20
30.2328
 30
0.0
 11
39.6105
 21
30.4013
 31
0.0
  0
LINE
  5
1564
  8
0
 10
39.6105
 20
30.4013
 30
0.0
 11
39.442
 21
30.5872
 31
0.0
  0
LINE
  5
1565
  8
0
 10
39.442
 20
30.5872
 30
0.0
 11
39.2925
 21
30.7887
 31
0.0
  0
LINE
  5
1566
  8
0
 10
39.2925
 20
30.7887
 30
0.0
 11
39.1635
 21
31.0039
 31
0.0
  0
LINE
  5
1567
  8
0
 10
39.1635
 20
31.0039
 30
0.0
 11
39.0563
 21
31.2307
 31
0.0
  0
LINE
  5
1568
  8
0
 10
39.0563
 20
31.2307
 30
0.0
 11
38.9718
 21
31.4669
 31
0.0
  0
LINE
  5
1569
  8
0
 10
38.9718
 20
31.4669
 30
0.0
 11
38.9108
 21
31.7103
 31
0.0
  0
LINE
  5
156A
  8
0
 10
38.9108
 20
31.7103
 30
0.0
 11
38.874
 21
31.9584
 31
0.0
  0
LINE
  5
156B
  8
0
 10
38.874
 20
31.9584
 30
0.0
 11
38.8617
 21
32.209
 31
0.0
  0
LINE
  5
156C
  8
0
 10
38.8617
 20
32.209
 30
0.0
 11
38.874
 21
32.4596
 31
0.0
  0
LINE
  5
156D
  8
0
 10
38.874
 20
32.4596
 30
0.0
 11
38.9108
 21
32.7078
 31
0.0
  0
LINE
  5
156E
  8
0
 10
38.9108
 20
32.7078
 30
0.0
 11
38.9718
 21
32.9511
 31
0.0
  0
LINE
  5
156F
  8
0
 10
38.9718
 20
32.9511
 30
0.0
 11
39.0563
 21
33.1873
 31
0.0
  0
LINE
  5
1570
  8
0
 10
39.0563
 20
33.1873
 30
0.0
 11
39.1635
 21
33.4142
 31
0.0
  0
LINE
  5
1571
  8
0
 10
39.1635
 20
33.4142
 30
0.0
 11
39.2925
 21
33.6293
 31
0.0
  0
LINE
  5
1572
  8
0
 10
39.2925
 20
33.6293
 30
0.0
 11
39.442
 21
33.8308
 31
0.0
  0
LINE
  5
1573
  8
0
 10
39.442
 20
33.8308
 30
0.0
 11
39.6105
 21
34.0167
 31
0.0
  0
LINE
  5
1574
  8
0
 10
39.6105
 20
34.0167
 30
0.0
 11
39.7963
 21
34.1852
 31
0.0
  0
LINE
  5
1575
  8
0
 10
39.7963
 20
34.1852
 30
0.0
 11
39.9979
 21
34.3347
 31
0.0
  0
LINE
  5
1576
  8
0
 10
39.9979
 20
34.3347
 30
0.0
 11
40.213
 21
34.4637
 31
0.0
  0
LINE
  5
1577
  8
0
 10
40.213
 20
34.4637
 30
0.0
 11
40.4398
 21
34.5709
 31
0.0
  0
LINE
  5
1578
  8
0
 10
40.4398
 20
34.5709
 30
0.0
 11
40.6761
 21
34.6554
 31
0.0
  0
LINE
  5
1579
  8
0
 10
40.6761
 20
34.6554
 30
0.0
 11
40.9194
 21
34.7164
 31
0.0
  0
LINE
  5
157A
  8
0
 10
40.9194
 20
34.7164
 30
0.0
 11
41.1676
 21
34.7532
 31
0.0
  0
LINE
  5
157B
  8
0
 10
41.1676
 20
34.7532
 30
0.0
 11
41.4182
 21
34.7655
 31
0.0
  0
LINE
  5
157C
  8
0
 10
41.4182
 20
34.7655
 30
0.0
 11
41.6688
 21
34.7532
 31
0.0
  0
LINE
  5
157D
  8
0
 10
41.6688
 20
34.7532
 30
0.0
 11
41.9169
 21
34.7164
 31
0.0
  0
LINE
  5
157E
  8
0
 10
41.9169
 20
34.7164
 30
0.0
 11
42.1603
 21
34.6554
 31
0.0
  0
LINE
  5
157F
  8
0
 10
42.1603
 20
34.6554
 30
0.0
 11
42.3965
 21
34.5709
 31
0.0
  0
LINE
  5
1580
  8
0
 10
42.3965
 20
34.5709
 30
0.0
 11
42.6233
 21
34.4637
 31
0.0
  0
LINE
  5
1581
  8
0
 10
42.6233
 20
34.4637
 30
0.0
 11
42.8385
 21
34.3347
 31
0.0
  0
LINE
  5
1582
  8
0
 10
42.8385
 20
34.3347
 30
0.0
 11
43.04
 21
34.1852
 31
0.0
  0
LINE
  5
1583
  8
0
 10
43.04
 20
34.1852
 30
0.0
 11
43.2259
 21
34.0167
 31
0.0
  0
LINE
  5
1584
  8
0
 10
43.2259
 20
34.0167
 30
0.0
 11
43.3944
 21
33.8308
 31
0.0
  0
LINE
  5
1585
  8
0
 10
43.3944
 20
33.8308
 30
0.0
 11
43.5438
 21
33.6293
 31
0.0
  0
LINE
  5
1586
  8
0
 10
43.5438
 20
33.6293
 30
0.0
 11
43.6728
 21
33.4141
 31
0.0
  0
LINE
  5
1587
  8
0
 10
43.6728
 20
33.4141
 30
0.0
 11
43.7801
 21
33.1873
 31
0.0
  0
LINE
  5
1588
  8
0
 10
43.7801
 20
33.1873
 30
0.0
 11
43.8646
 21
32.9511
 31
0.0
  0
LINE
  5
1589
  8
0
 10
43.8646
 20
32.9511
 30
0.0
 11
43.9255
 21
32.7078
 31
0.0
  0
LINE
  5
158A
  8
0
 10
43.9255
 20
32.7078
 30
0.0
 11
43.9624
 21
32.4596
 31
0.0
  0
LINE
  5
158B
  8
0
 10
43.9624
 20
32.4596
 30
0.0
 11
43.9747
 21
32.209
 31
0.0
  0
LINE
  5
158C
  8
0
 10
43.9747
 20
32.209
 30
0.0
 11
43.9624
 21
31.9584
 31
0.0
  0
LINE
  5
158D
  8
0
 10
43.9624
 20
31.9584
 30
0.0
 11
43.9255
 21
31.7103
 31
0.0
  0
LINE
  5
158E
  8
0
 10
43.9255
 20
31.7103
 30
0.0
 11
43.8646
 21
31.4669
 31
0.0
  0
LINE
  5
158F
  8
0
 10
43.8646
 20
31.4669
 30
0.0
 11
43.7801
 21
31.2307
 31
0.0
  0
LINE
  5
1590
  8
0
 10
43.7801
 20
31.2307
 30
0.0
 11
43.7189
 21
31.1014
 31
0.0
  0
LINE
  5
1591
  8
0
 10
43.7189
 20
31.1014
 30
0.0
 11
44.5441
 21
30.2762
 31
0.0
  0
LINE
  5
1592
  8
0
 10
44.5441
 20
30.2762
 30
0.0
 11
43.351
 21
29.0831
 31
0.0
  0
LINE
  5
1593
  8
0
 10
43.351
 20
29.0831
 30
0.0
 11
42.5258
 21
29.9083
 31
0.0
  0
LINE
  5
1594
  8
0
 10
42.8643
 20
32.209
 30
0.0
 11
41.4182
 21
33.6552
 31
0.0
  0
LINE
  5
1595
  8
0
 10
41.4182
 20
33.6552
 30
0.0
 11
39.972
 21
32.209
 31
0.0
  0
LINE
  5
1596
  8
0
 10
39.972
 20
32.209
 30
0.0
 11
41.4182
 21
30.7628
 31
0.0
  0
LINE
  5
1597
  8
0
 10
41.4182
 20
30.7628
 30
0.0
 11
42.8643
 21
32.209
 31
0.0
  0
LINE
  5
1598
  8
0
 10
84.3035
 20
30.2762
 30
0.0
 11
85.1287
 21
31.1014
 31
0.0
  0
LINE
  5
1599
  8
0
 10
85.1287
 20
31.1014
 30
0.0
 11
85.0675
 21
31.2307
 31
0.0
  0
LINE
  5
159A
  8
0
 10
85.0675
 20
31.2307
 30
0.0
 11
84.983
 21
31.4669
 31
0.0
  0
LINE
  5
159B
  8
0
 10
84.983
 20
31.4669
 30
0.0
 11
84.922
 21
31.7103
 31
0.0
  0
LINE
  5
159C
  8
0
 10
84.922
 20
31.7103
 30
0.0
 11
84.8852
 21
31.9584
 31
0.0
  0
LINE
  5
159D
  8
0
 10
84.8852
 20
31.9584
 30
0.0
 11
84.8729
 21
32.209
 31
0.0
  0
LINE
  5
159E
  8
0
 10
84.8729
 20
32.209
 30
0.0
 11
84.8852
 21
32.4596
 31
0.0
  0
LINE
  5
159F
  8
0
 10
84.8852
 20
32.4596
 30
0.0
 11
84.9221
 21
32.7078
 31
0.0
  0
LINE
  5
15A0
  8
0
 10
84.9221
 20
32.7078
 30
0.0
 11
84.983
 21
32.9511
 31
0.0
  0
LINE
  5
15A1
  8
0
 10
84.983
 20
32.9511
 30
0.0
 11
85.0675
 21
33.1873
 31
0.0
  0
LINE
  5
15A2
  8
0
 10
85.0675
 20
33.1873
 30
0.0
 11
85.1748
 21
33.4141
 31
0.0
  0
LINE
  5
15A3
  8
0
 10
85.1748
 20
33.4141
 30
0.0
 11
85.3038
 21
33.6293
 31
0.0
  0
LINE
  5
15A4
  8
0
 10
85.3038
 20
33.6293
 30
0.0
 11
85.4532
 21
33.8308
 31
0.0
  0
LINE
  5
15A5
  8
0
 10
85.4532
 20
33.8308
 30
0.0
 11
85.6217
 21
34.0167
 31
0.0
  0
LINE
  5
15A6
  8
0
 10
85.6217
 20
34.0167
 30
0.0
 11
85.8076
 21
34.1852
 31
0.0
  0
LINE
  5
15A7
  8
0
 10
85.8076
 20
34.1852
 30
0.0
 11
86.0091
 21
34.3347
 31
0.0
  0
LINE
  5
15A8
  8
0
 10
86.0091
 20
34.3347
 30
0.0
 11
86.2243
 21
34.4637
 31
0.0
  0
LINE
  5
15A9
  8
0
 10
86.2243
 20
34.4637
 30
0.0
 11
86.4511
 21
34.5709
 31
0.0
  0
LINE
  5
15AA
  8
0
 10
86.4511
 20
34.5709
 30
0.0
 11
86.6873
 21
34.6554
 31
0.0
  0
LINE
  5
15AB
  8
0
 10
86.6873
 20
34.6554
 30
0.0
 11
86.9307
 21
34.7164
 31
0.0
  0
LINE
  5
15AC
  8
0
 10
86.9307
 20
34.7164
 30
0.0
 11
87.1788
 21
34.7532
 31
0.0
  0
LINE
  5
15AD
  8
0
 10
87.1788
 20
34.7532
 30
0.0
 11
87.4294
 21
34.7655
 31
0.0
  0
LINE
  5
15AE
  8
0
 10
87.4294
 20
34.7655
 30
0.0
 11
87.68
 21
34.7532
 31
0.0
  0
LINE
  5
15AF
  8
0
 10
87.68
 20
34.7532
 30
0.0
 11
87.9282
 21
34.7164
 31
0.0
  0
LINE
  5
15B0
  8
0
 10
87.9282
 20
34.7164
 30
0.0
 11
88.1715
 21
34.6554
 31
0.0
  0
LINE
  5
15B1
  8
0
 10
88.1715
 20
34.6554
 30
0.0
 11
88.4078
 21
34.5709
 31
0.0
  0
LINE
  5
15B2
  8
0
 10
88.4078
 20
34.5709
 30
0.0
 11
88.6346
 21
34.4637
 31
0.0
  0
LINE
  5
15B3
  8
0
 10
88.6346
 20
34.4637
 30
0.0
 11
88.8497
 21
34.3347
 31
0.0
  0
LINE
  5
15B4
  8
0
 10
88.8497
 20
34.3347
 30
0.0
 11
89.0513
 21
34.1852
 31
0.0
  0
LINE
  5
15B5
  8
0
 10
89.0513
 20
34.1852
 30
0.0
 11
89.2371
 21
34.0167
 31
0.0
  0
LINE
  5
15B6
  8
0
 10
89.2371
 20
34.0167
 30
0.0
 11
89.4056
 21
33.8308
 31
0.0
  0
LINE
  5
15B7
  8
0
 10
89.4056
 20
33.8308
 30
0.0
 11
89.5551
 21
33.6293
 31
0.0
  0
LINE
  5
15B8
  8
0
 10
89.5551
 20
33.6293
 30
0.0
 11
89.6841
 21
33.4142
 31
0.0
  0
LINE
  5
15B9
  8
0
 10
89.6841
 20
33.4142
 30
0.0
 11
89.7913
 21
33.1873
 31
0.0
  0
LINE
  5
15BA
  8
0
 10
89.7913
 20
33.1873
 30
0.0
 11
89.8758
 21
32.9511
 31
0.0
  0
LINE
  5
15BB
  8
0
 10
89.8758
 20
32.9511
 30
0.0
 11
89.9368
 21
32.7078
 31
0.0
  0
LINE
  5
15BC
  8
0
 10
89.9368
 20
32.7078
 30
0.0
 11
89.9736
 21
32.4596
 31
0.0
  0
LINE
  5
15BD
  8
0
 10
89.9736
 20
32.4596
 30
0.0
 11
89.9859
 21
32.209
 31
0.0
  0
LINE
  5
15BE
  8
0
 10
89.9859
 20
32.209
 30
0.0
 11
89.9736
 21
31.9584
 31
0.0
  0
LINE
  5
15BF
  8
0
 10
89.9736
 20
31.9584
 30
0.0
 11
89.9368
 21
31.7103
 31
0.0
  0
LINE
  5
15C0
  8
0
 10
89.9368
 20
31.7103
 30
0.0
 11
89.8758
 21
31.4669
 31
0.0
  0
LINE
  5
15C1
  8
0
 10
89.8758
 20
31.4669
 30
0.0
 11
89.7913
 21
31.2307
 31
0.0
  0
LINE
  5
15C2
  8
0
 10
89.7913
 20
31.2307
 30
0.0
 11
89.6841
 21
31.0039
 31
0.0
  0
LINE
  5
15C3
  8
0
 10
89.6841
 20
31.0039
 30
0.0
 11
89.5551
 21
30.7887
 31
0.0
  0
LINE
  5
15C4
  8
0
 10
89.5551
 20
30.7887
 30
0.0
 11
89.4056
 21
30.5872
 31
0.0
  0
LINE
  5
15C5
  8
0
 10
89.4056
 20
30.5872
 30
0.0
 11
89.2371
 21
30.4013
 31
0.0
  0
LINE
  5
15C6
  8
0
 10
89.2371
 20
30.4013
 30
0.0
 11
89.0512
 21
30.2328
 31
0.0
  0
LINE
  5
15C7
  8
0
 10
89.0512
 20
30.2328
 30
0.0
 11
88.8497
 21
30.0834
 31
0.0
  0
LINE
  5
15C8
  8
0
 10
88.8497
 20
30.0834
 30
0.0
 11
88.6345
 21
29.9544
 31
0.0
  0
LINE
  5
15C9
  8
0
 10
88.6345
 20
29.9544
 30
0.0
 11
88.4077
 21
29.8471
 31
0.0
  0
LINE
  5
15CA
  8
0
 10
88.4077
 20
29.8471
 30
0.0
 11
88.1715
 21
29.7626
 31
0.0
  0
LINE
  5
15CB
  8
0
 10
88.1715
 20
29.7626
 30
0.0
 11
87.9282
 21
29.7017
 31
0.0
  0
LINE
  5
15CC
  8
0
 10
87.9282
 20
29.7017
 30
0.0
 11
87.68
 21
29.6648
 31
0.0
  0
LINE
  5
15CD
  8
0
 10
87.68
 20
29.6648
 30
0.0
 11
87.4294
 21
29.6525
 31
0.0
  0
LINE
  5
15CE
  8
0
 10
87.4294
 20
29.6525
 30
0.0
 11
87.1788
 21
29.6648
 31
0.0
  0
LINE
  5
15CF
  8
0
 10
87.1788
 20
29.6648
 30
0.0
 11
86.9306
 21
29.7016
 31
0.0
  0
LINE
  5
15D0
  8
0
 10
86.9306
 20
29.7016
 30
0.0
 11
86.6873
 21
29.7626
 31
0.0
  0
LINE
  5
15D1
  8
0
 10
86.6873
 20
29.7626
 30
0.0
 11
86.4511
 21
29.8471
 31
0.0
  0
LINE
  5
15D2
  8
0
 10
86.4511
 20
29.8471
 30
0.0
 11
86.3218
 21
29.9083
 31
0.0
  0
LINE
  5
15D3
  8
0
 10
86.3218
 20
29.9083
 30
0.0
 11
85.4966
 21
29.0831
 31
0.0
  0
LINE
  5
15D4
  8
0
 10
85.4966
 20
29.0831
 30
0.0
 11
84.3035
 21
30.2762
 31
0.0
  0
LINE
  5
15D5
  8
0
 10
88.8756
 20
32.209
 30
0.0
 11
87.4294
 21
33.6552
 31
0.0
  0
LINE
  5
15D6
  8
0
 10
87.4294
 20
33.6552
 30
0.0
 11
85.9832
 21
32.209
 31
0.0
  0
LINE
  5
15D7
  8
0
 10
85.9832
 20
32.209
 30
0.0
 11
87.4294
 21
30.7628
 31
0.0
  0
LINE
  5
15D8
  8
0
 10
87.4294
 20
30.7628
 30
0.0
 11
88.8756
 21
32.209
 31
0.0
  0
LINE
  5
15D9
  8
0
 10
8.0103
 20
27.6102
 30
0.0
 11
9.2034
 21
28.8033
 31
0.0
  0
LINE
  5
15DA
  8
0
 10
9.2034
 20
28.8033
 30
0.0
 11
10.3965
 21
27.6102
 31
0.0
  0
LINE
  5
15DB
  8
0
 10
10.3965
 20
27.6102
 30
0.0
 11
9.2034
 21
26.4171
 31
0.0
  0
LINE
  5
15DC
  8
0
 10
9.2034
 20
26.4171
 30
0.0
 11
8.0103
 21
27.6102
 31
0.0
  0
LINE
  5
15DD
  8
0
 10
44.8239
 20
27.6102
 30
0.0
 11
46.017
 21
28.8033
 31
0.0
  0
LINE
  5
15DE
  8
0
 10
46.017
 20
28.8033
 30
0.0
 11
47.2101
 21
27.6102
 31
0.0
  0
LINE
  5
15DF
  8
0
 10
47.2101
 20
27.6102
 30
0.0
 11
46.017
 21
26.4171
 31
0.0
  0
LINE
  5
15E0
  8
0
 10
46.017
 20
26.4171
 30
0.0
 11
44.8239
 21
27.6102
 31
0.0
  0
LINE
  5
15E1
  8
0
 10
81.6375
 20
27.6102
 30
0.0
 11
82.8306
 21
28.8033
 31
0.0
  0
LINE
  5
15E2
  8
0
 10
82.8306
 20
28.8033
 30
0.0
 11
84.0237
 21
27.6102
 31
0.0
  0
LINE
  5
15E3
  8
0
 10
84.0237
 20
27.6102
 30
0.0
 11
82.8306
 21
26.4171
 31
0.0
  0
LINE
  5
15E4
  8
0
 10
82.8306
 20
26.4171
 30
0.0
 11
81.6375
 21
27.6102
 31
0.0
  0
LINE
  5
15E5
  8
0
 10
26.4171
 20
27.6102
 30
0.0
 11
27.6102
 21
28.8033
 31
0.0
  0
LINE
  5
15E6
  8
0
 10
27.6102
 20
28.8033
 30
0.0
 11
28.8033
 21
27.6102
 31
0.0
  0
LINE
  5
15E7
  8
0
 10
28.8033
 20
27.6102
 30
0.0
 11
27.6102
 21
26.4171
 31
0.0
  0
LINE
  5
15E8
  8
0
 10
27.6102
 20
26.4171
 30
0.0
 11
26.4171
 21
27.6102
 31
0.0
  0
LINE
  5
15E9
  8
0
 10
100.044
 20
27.6102
 30
0.0
 11
101.237
 21
28.8033
 31
0.0
  0
LINE
  5
15EA
  8
0
 10
101.237
 20
28.8033
 30
0.0
 11
102.43
 21
27.6102
 31
0.0
  0
LINE
  5
15EB
  8
0
 10
102.43
 20
27.6102
 30
0.0
 11
101.237
 21
26.4171
 31
0.0
  0
LINE
  5
15EC
  8
0
 10
101.237
 20
26.4171
 30
0.0
 11
100.044
 21
27.6102
 31
0.0
  0
LINE
  5
15ED
  8
0
 10
63.2307
 20
27.6102
 30
0.0
 11
64.4238
 21
28.8033
 31
0.0
  0
LINE
  5
15EE
  8
0
 10
64.4238
 20
28.8033
 30
0.0
 11
65.6169
 21
27.6102
 31
0.0
  0
LINE
  5
15EF
  8
0
 10
65.6169
 20
27.6102
 30
0.0
 11
64.4238
 21
26.4171
 31
0.0
  0
LINE
  5
15F0
  8
0
 10
64.4238
 20
26.4171
 30
0.0
 11
63.2307
 21
27.6102
 31
0.0
  0
LINE
  5
15F1
  8
0
 10
77.9812
 20
20.4672
 30
0.0
 11
77.733
 21
20.504
 31
0.0
  0
LINE
  5
15F2
  8
0
 10
77.733
 20
20.504
 30
0.0
 11
77.4897
 21
20.565
 31
0.0
  0
LINE
  5
15F3
  8
0
 10
77.4897
 20
20.565
 30
0.0
 11
77.2534
 21
20.6495
 31
0.0
  0
LINE
  5
15F4
  8
0
 10
77.2534
 20
20.6495
 30
0.0
 11
77.0266
 21
20.7567
 31
0.0
  0
LINE
  5
15F5
  8
0
 10
77.0266
 20
20.7567
 30
0.0
 11
76.8115
 21
20.8857
 31
0.0
  0
LINE
  5
15F6
  8
0
 10
76.8115
 20
20.8857
 30
0.0
 11
76.6099
 21
21.0352
 31
0.0
  0
LINE
  5
15F7
  8
0
 10
76.6099
 20
21.0352
 30
0.0
 11
76.4241
 21
21.2036
 31
0.0
  0
LINE
  5
15F8
  8
0
 10
76.4241
 20
21.2036
 30
0.0
 11
76.2556
 21
21.3895
 31
0.0
  0
LINE
  5
15F9
  8
0
 10
76.2556
 20
21.3895
 30
0.0
 11
76.1061
 21
21.5911
 31
0.0
  0
LINE
  5
15FA
  8
0
 10
76.1061
 20
21.5911
 30
0.0
 11
75.9771
 21
21.8062
 31
0.0
  0
LINE
  5
15FB
  8
0
 10
75.9771
 20
21.8062
 30
0.0
 11
75.8699
 21
22.033
 31
0.0
  0
LINE
  5
15FC
  8
0
 10
75.8699
 20
22.033
 30
0.0
 11
75.7854
 21
22.2693
 31
0.0
  0
LINE
  5
15FD
  8
0
 10
75.7854
 20
22.2693
 30
0.0
 11
75.7244
 21
22.5126
 31
0.0
  0
LINE
  5
15FE
  8
0
 10
75.7244
 20
22.5126
 30
0.0
 11
75.6876
 21
22.7608
 31
0.0
  0
LINE
  5
15FF
  8
0
 10
75.6876
 20
22.7608
 30
0.0
 11
75.6753
 21
23.0114
 31
0.0
  0
LINE
  5
1600
  8
0
 10
75.6753
 20
23.0114
 30
0.0
 11
75.6876
 21
23.262
 31
0.0
  0
LINE
  5
1601
  8
0
 10
75.6876
 20
23.262
 30
0.0
 11
75.7244
 21
23.5101
 31
0.0
  0
LINE
  5
1602
  8
0
 10
75.7244
 20
23.5101
 30
0.0
 11
75.7854
 21
23.7535
 31
0.0
  0
LINE
  5
1603
  8
0
 10
75.7854
 20
23.7535
 30
0.0
 11
75.8699
 21
23.9897
 31
0.0
  0
LINE
  5
1604
  8
0
 10
75.8699
 20
23.9897
 30
0.0
 11
75.9771
 21
24.2165
 31
0.0
  0
LINE
  5
1605
  8
0
 10
75.9771
 20
24.2165
 30
0.0
 11
76.1061
 21
24.4317
 31
0.0
  0
LINE
  5
1606
  8
0
 10
76.1061
 20
24.4317
 30
0.0
 11
76.2556
 21
24.6332
 31
0.0
  0
LINE
  5
1607
  8
0
 10
76.2556
 20
24.6332
 30
0.0
 11
76.4241
 21
24.8191
 31
0.0
  0
LINE
  5
1608
  8
0
 10
76.4241
 20
24.8191
 30
0.0
 11
76.61
 21
24.9876
 31
0.0
  0
LINE
  5
1609
  8
0
 10
76.61
 20
24.9876
 30
0.0
 11
76.8115
 21
25.137
 31
0.0
  0
LINE
  5
160A
  8
0
 10
76.8115
 20
25.137
 30
0.0
 11
77.0266
 21
25.266
 31
0.0
  0
LINE
  5
160B
  8
0
 10
77.0266
 20
25.266
 30
0.0
 11
77.2534
 21
25.3733
 31
0.0
  0
LINE
  5
160C
  8
0
 10
77.2534
 20
25.3733
 30
0.0
 11
77.4897
 21
25.4578
 31
0.0
  0
LINE
  5
160D
  8
0
 10
77.4897
 20
25.4578
 30
0.0
 11
77.733
 21
25.5187
 31
0.0
  0
LINE
  5
160E
  8
0
 10
77.733
 20
25.5187
 30
0.0
 11
77.9812
 21
25.5556
 31
0.0
  0
LINE
  5
160F
  8
0
 10
77.9812
 20
25.5556
 30
0.0
 11
78.2318
 21
25.5679
 31
0.0
  0
LINE
  5
1610
  8
0
 10
78.2318
 20
25.5679
 30
0.0
 11
78.4824
 21
25.5556
 31
0.0
  0
LINE
  5
1611
  8
0
 10
78.4824
 20
25.5556
 30
0.0
 11
78.7305
 21
25.5187
 31
0.0
  0
LINE
  5
1612
  8
0
 10
78.7305
 20
25.5187
 30
0.0
 11
78.9739
 21
25.4578
 31
0.0
  0
LINE
  5
1613
  8
0
 10
78.9739
 20
25.4578
 30
0.0
 11
79.2101
 21
25.3733
 31
0.0
  0
LINE
  5
1614
  8
0
 10
79.2101
 20
25.3733
 30
0.0
 11
79.3394
 21
25.3121
 31
0.0
  0
LINE
  5
1615
  8
0
 10
79.3394
 20
25.3121
 30
0.0
 11
80.1646
 21
26.1373
 31
0.0
  0
LINE
  5
1616
  8
0
 10
80.1646
 20
26.1373
 30
0.0
 11
81.3577
 21
24.9442
 31
0.0
  0
LINE
  5
1617
  8
0
 10
81.3577
 20
24.9442
 30
0.0
 11
80.5325
 21
24.119
 31
0.0
  0
LINE
  5
1618
  8
0
 10
80.5325
 20
24.119
 30
0.0
 11
80.5937
 21
23.9897
 31
0.0
  0
LINE
  5
1619
  8
0
 10
80.5937
 20
23.9897
 30
0.0
 11
80.6782
 21
23.7535
 31
0.0
  0
LINE
  5
161A
  8
0
 10
80.6782
 20
23.7535
 30
0.0
 11
80.7391
 21
23.5101
 31
0.0
  0
LINE
  5
161B
  8
0
 10
80.7391
 20
23.5101
 30
0.0
 11
80.776
 21
23.262
 31
0.0
  0
LINE
  5
161C
  8
0
 10
80.776
 20
23.262
 30
0.0
 11
80.7883
 21
23.0114
 31
0.0
  0
LINE
  5
161D
  8
0
 10
80.7883
 20
23.0114
 30
0.0
 11
80.776
 21
22.7608
 31
0.0
  0
LINE
  5
161E
  8
0
 10
80.776
 20
22.7608
 30
0.0
 11
80.7391
 21
22.5126
 31
0.0
  0
LINE
  5
161F
  8
0
 10
80.7391
 20
22.5126
 30
0.0
 11
80.6782
 21
22.2693
 31
0.0
  0
LINE
  5
1620
  8
0
 10
80.6782
 20
22.2693
 30
0.0
 11
80.5937
 21
22.0331
 31
0.0
  0
LINE
  5
1621
  8
0
 10
80.5937
 20
22.0331
 30
0.0
 11
80.4864
 21
21.8062
 31
0.0
  0
LINE
  5
1622
  8
0
 10
80.4864
 20
21.8062
 30
0.0
 11
80.3574
 21
21.5911
 31
0.0
  0
LINE
  5
1623
  8
0
 10
80.3574
 20
21.5911
 30
0.0
 11
80.208
 21
21.3896
 31
0.0
  0
LINE
  5
1624
  8
0
 10
80.208
 20
21.3896
 30
0.0
 11
80.0395
 21
21.2036
 31
0.0
  0
LINE
  5
1625
  8
0
 10
80.0395
 20
21.2036
 30
0.0
 11
79.8536
 21
21.0352
 31
0.0
  0
LINE
  5
1626
  8
0
 10
79.8536
 20
21.0352
 30
0.0
 11
79.6521
 21
20.8857
 31
0.0
  0
LINE
  5
1627
  8
0
 10
79.6521
 20
20.8857
 30
0.0
 11
79.4369
 21
20.7567
 31
0.0
  0
LINE
  5
1628
  8
0
 10
79.4369
 20
20.7567
 30
0.0
 11
79.2101
 21
20.6495
 31
0.0
  0
LINE
  5
1629
  8
0
 10
79.2101
 20
20.6495
 30
0.0
 11
78.9739
 21
20.565
 31
0.0
  0
LINE
  5
162A
  8
0
 10
78.9739
 20
20.565
 30
0.0
 11
78.7305
 21
20.504
 31
0.0
  0
LINE
  5
162B
  8
0
 10
78.7305
 20
20.504
 30
0.0
 11
78.4824
 21
20.4672
 31
0.0
  0
LINE
  5
162C
  8
0
 10
78.4824
 20
20.4672
 30
0.0
 11
78.2318
 21
20.4549
 31
0.0
  0
LINE
  5
162D
  8
0
 10
78.2318
 20
20.4549
 30
0.0
 11
77.9812
 21
20.4672
 31
0.0
  0
LINE
  5
162E
  8
0
 10
79.6779
 20
23.0114
 30
0.0
 11
78.2318
 21
24.4575
 31
0.0
  0
LINE
  5
162F
  8
0
 10
78.2318
 20
24.4575
 30
0.0
 11
76.7856
 21
23.0114
 31
0.0
  0
LINE
  5
1630
  8
0
 10
76.7856
 20
23.0114
 30
0.0
 11
78.2318
 21
21.5652
 31
0.0
  0
LINE
  5
1631
  8
0
 10
78.2318
 20
21.5652
 30
0.0
 11
79.6779
 21
23.0114
 31
0.0
  0
LINE
  5
1632
  8
0
 10
41.1676
 20
20.4672
 30
0.0
 11
40.9194
 21
20.504
 31
0.0
  0
LINE
  5
1633
  8
0
 10
40.9194
 20
20.504
 30
0.0
 11
40.6761
 21
20.565
 31
0.0
  0
LINE
  5
1634
  8
0
 10
40.6761
 20
20.565
 30
0.0
 11
40.4398
 21
20.6495
 31
0.0
  0
LINE
  5
1635
  8
0
 10
40.4398
 20
20.6495
 30
0.0
 11
40.213
 21
20.7567
 31
0.0
  0
LINE
  5
1636
  8
0
 10
40.213
 20
20.7567
 30
0.0
 11
39.9979
 21
20.8857
 31
0.0
  0
LINE
  5
1637
  8
0
 10
39.9979
 20
20.8857
 30
0.0
 11
39.7963
 21
21.0352
 31
0.0
  0
LINE
  5
1638
  8
0
 10
39.7963
 20
21.0352
 30
0.0
 11
39.6105
 21
21.2036
 31
0.0
  0
LINE
  5
1639
  8
0
 10
39.6105
 20
21.2036
 30
0.0
 11
39.442
 21
21.3895
 31
0.0
  0
LINE
  5
163A
  8
0
 10
39.442
 20
21.3895
 30
0.0
 11
39.2925
 21
21.5911
 31
0.0
  0
LINE
  5
163B
  8
0
 10
39.2925
 20
21.5911
 30
0.0
 11
39.1635
 21
21.8062
 31
0.0
  0
LINE
  5
163C
  8
0
 10
39.1635
 20
21.8062
 30
0.0
 11
39.0563
 21
22.033
 31
0.0
  0
LINE
  5
163D
  8
0
 10
39.0563
 20
22.033
 30
0.0
 11
38.9718
 21
22.2693
 31
0.0
  0
LINE
  5
163E
  8
0
 10
38.9718
 20
22.2693
 30
0.0
 11
38.9108
 21
22.5126
 31
0.0
  0
LINE
  5
163F
  8
0
 10
38.9108
 20
22.5126
 30
0.0
 11
38.874
 21
22.7608
 31
0.0
  0
LINE
  5
1640
  8
0
 10
38.874
 20
22.7608
 30
0.0
 11
38.8617
 21
23.0114
 31
0.0
  0
LINE
  5
1641
  8
0
 10
38.8617
 20
23.0114
 30
0.0
 11
38.874
 21
23.262
 31
0.0
  0
LINE
  5
1642
  8
0
 10
38.874
 20
23.262
 30
0.0
 11
38.9108
 21
23.5101
 31
0.0
  0
LINE
  5
1643
  8
0
 10
38.9108
 20
23.5101
 30
0.0
 11
38.9718
 21
23.7535
 31
0.0
  0
LINE
  5
1644
  8
0
 10
38.9718
 20
23.7535
 30
0.0
 11
39.0563
 21
23.9897
 31
0.0
  0
LINE
  5
1645
  8
0
 10
39.0563
 20
23.9897
 30
0.0
 11
39.1635
 21
24.2165
 31
0.0
  0
LINE
  5
1646
  8
0
 10
39.1635
 20
24.2165
 30
0.0
 11
39.2925
 21
24.4317
 31
0.0
  0
LINE
  5
1647
  8
0
 10
39.2925
 20
24.4317
 30
0.0
 11
39.442
 21
24.6332
 31
0.0
  0
LINE
  5
1648
  8
0
 10
39.442
 20
24.6332
 30
0.0
 11
39.6105
 21
24.8191
 31
0.0
  0
LINE
  5
1649
  8
0
 10
39.6105
 20
24.8191
 30
0.0
 11
39.7964
 21
24.9876
 31
0.0
  0
LINE
  5
164A
  8
0
 10
39.7964
 20
24.9876
 30
0.0
 11
39.9979
 21
25.137
 31
0.0
  0
LINE
  5
164B
  8
0
 10
39.9979
 20
25.137
 30
0.0
 11
40.213
 21
25.266
 31
0.0
  0
LINE
  5
164C
  8
0
 10
40.213
 20
25.266
 30
0.0
 11
40.4398
 21
25.3733
 31
0.0
  0
LINE
  5
164D
  8
0
 10
40.4398
 20
25.3733
 30
0.0
 11
40.6761
 21
25.4578
 31
0.0
  0
LINE
  5
164E
  8
0
 10
40.6761
 20
25.4578
 30
0.0
 11
40.9194
 21
25.5187
 31
0.0
  0
LINE
  5
164F
  8
0
 10
40.9194
 20
25.5187
 30
0.0
 11
41.1676
 21
25.5556
 31
0.0
  0
LINE
  5
1650
  8
0
 10
41.1676
 20
25.5556
 30
0.0
 11
41.4182
 21
25.5679
 31
0.0
  0
LINE
  5
1651
  8
0
 10
41.4182
 20
25.5679
 30
0.0
 11
41.6688
 21
25.5556
 31
0.0
  0
LINE
  5
1652
  8
0
 10
41.6688
 20
25.5556
 30
0.0
 11
41.9169
 21
25.5187
 31
0.0
  0
LINE
  5
1653
  8
0
 10
41.9169
 20
25.5187
 30
0.0
 11
42.1603
 21
25.4578
 31
0.0
  0
LINE
  5
1654
  8
0
 10
42.1603
 20
25.4578
 30
0.0
 11
42.3965
 21
25.3733
 31
0.0
  0
LINE
  5
1655
  8
0
 10
42.3965
 20
25.3733
 30
0.0
 11
42.5258
 21
25.3121
 31
0.0
  0
LINE
  5
1656
  8
0
 10
42.5258
 20
25.3121
 30
0.0
 11
43.351
 21
26.1373
 31
0.0
  0
LINE
  5
1657
  8
0
 10
43.351
 20
26.1373
 30
0.0
 11
44.5441
 21
24.9442
 31
0.0
  0
LINE
  5
1658
  8
0
 10
44.5441
 20
24.9442
 30
0.0
 11
43.7189
 21
24.119
 31
0.0
  0
LINE
  5
1659
  8
0
 10
43.7189
 20
24.119
 30
0.0
 11
43.7801
 21
23.9897
 31
0.0
  0
LINE
  5
165A
  8
0
 10
43.7801
 20
23.9897
 30
0.0
 11
43.8646
 21
23.7535
 31
0.0
  0
LINE
  5
165B
  8
0
 10
43.8646
 20
23.7535
 30
0.0
 11
43.9255
 21
23.5101
 31
0.0
  0
LINE
  5
165C
  8
0
 10
43.9255
 20
23.5101
 30
0.0
 11
43.9624
 21
23.262
 31
0.0
  0
LINE
  5
165D
  8
0
 10
43.9624
 20
23.262
 30
0.0
 11
43.9747
 21
23.0114
 31
0.0
  0
LINE
  5
165E
  8
0
 10
43.9747
 20
23.0114
 30
0.0
 11
43.9624
 21
22.7608
 31
0.0
  0
LINE
  5
165F
  8
0
 10
43.9624
 20
22.7608
 30
0.0
 11
43.9255
 21
22.5126
 31
0.0
  0
LINE
  5
1660
  8
0
 10
43.9255
 20
22.5126
 30
0.0
 11
43.8646
 21
22.2693
 31
0.0
  0
LINE
  5
1661
  8
0
 10
43.8646
 20
22.2693
 30
0.0
 11
43.7801
 21
22.0331
 31
0.0
  0
LINE
  5
1662
  8
0
 10
43.7801
 20
22.0331
 30
0.0
 11
43.6728
 21
21.8062
 31
0.0
  0
LINE
  5
1663
  8
0
 10
43.6728
 20
21.8062
 30
0.0
 11
43.5438
 21
21.5911
 31
0.0
  0
LINE
  5
1664
  8
0
 10
43.5438
 20
21.5911
 30
0.0
 11
43.3944
 21
21.3896
 31
0.0
  0
LINE
  5
1665
  8
0
 10
43.3944
 20
21.3896
 30
0.0
 11
43.2259
 21
21.2036
 31
0.0
  0
LINE
  5
1666
  8
0
 10
43.2259
 20
21.2036
 30
0.0
 11
43.04
 21
21.0352
 31
0.0
  0
LINE
  5
1667
  8
0
 10
43.04
 20
21.0352
 30
0.0
 11
42.8385
 21
20.8857
 31
0.0
  0
LINE
  5
1668
  8
0
 10
42.8385
 20
20.8857
 30
0.0
 11
42.6233
 21
20.7567
 31
0.0
  0
LINE
  5
1669
  8
0
 10
42.6233
 20
20.7567
 30
0.0
 11
42.3965
 21
20.6495
 31
0.0
  0
LINE
  5
166A
  8
0
 10
42.3965
 20
20.6495
 30
0.0
 11
42.1603
 21
20.565
 31
0.0
  0
LINE
  5
166B
  8
0
 10
42.1603
 20
20.565
 30
0.0
 11
41.9169
 21
20.504
 31
0.0
  0
LINE
  5
166C
  8
0
 10
41.9169
 20
20.504
 30
0.0
 11
41.6688
 21
20.4672
 31
0.0
  0
LINE
  5
166D
  8
0
 10
41.6688
 20
20.4672
 30
0.0
 11
41.4182
 21
20.4549
 31
0.0
  0
LINE
  5
166E
  8
0
 10
41.4182
 20
20.4549
 30
0.0
 11
41.1676
 21
20.4672
 31
0.0
  0
LINE
  5
166F
  8
0
 10
42.8643
 20
23.0114
 30
0.0
 11
41.4182
 21
24.4575
 31
0.0
  0
LINE
  5
1670
  8
0
 10
41.4182
 20
24.4575
 30
0.0
 11
39.972
 21
23.0114
 31
0.0
  0
LINE
  5
1671
  8
0
 10
39.972
 20
23.0114
 30
0.0
 11
41.4182
 21
21.5652
 31
0.0
  0
LINE
  5
1672
  8
0
 10
41.4182
 20
21.5652
 30
0.0
 11
42.8643
 21
23.0114
 31
0.0
  0
LINE
  5
1673
  8
0
 10
50.3652
 20
20.4672
 30
0.0
 11
50.1171
 21
20.504
 31
0.0
  0
LINE
  5
1674
  8
0
 10
50.1171
 20
20.504
 30
0.0
 11
49.8737
 21
20.565
 31
0.0
  0
LINE
  5
1675
  8
0
 10
49.8737
 20
20.565
 30
0.0
 11
49.6375
 21
20.6495
 31
0.0
  0
LINE
  5
1676
  8
0
 10
49.6375
 20
20.6495
 30
0.0
 11
49.4107
 21
20.7567
 31
0.0
  0
LINE
  5
1677
  8
0
 10
49.4107
 20
20.7567
 30
0.0
 11
49.1955
 21
20.8857
 31
0.0
  0
LINE
  5
1678
  8
0
 10
49.1955
 20
20.8857
 30
0.0
 11
48.994
 21
21.0352
 31
0.0
  0
LINE
  5
1679
  8
0
 10
48.994
 20
21.0352
 30
0.0
 11
48.8081
 21
21.2036
 31
0.0
  0
LINE
  5
167A
  8
0
 10
48.8081
 20
21.2036
 30
0.0
 11
48.6396
 21
21.3896
 31
0.0
  0
LINE
  5
167B
  8
0
 10
48.6396
 20
21.3896
 30
0.0
 11
48.4902
 21
21.5911
 31
0.0
  0
LINE
  5
167C
  8
0
 10
48.4902
 20
21.5911
 30
0.0
 11
48.3612
 21
21.8062
 31
0.0
  0
LINE
  5
167D
  8
0
 10
48.3612
 20
21.8062
 30
0.0
 11
48.2539
 21
22.0331
 31
0.0
  0
LINE
  5
167E
  8
0
 10
48.2539
 20
22.0331
 30
0.0
 11
48.1694
 21
22.2693
 31
0.0
  0
LINE
  5
167F
  8
0
 10
48.1694
 20
22.2693
 30
0.0
 11
48.1085
 21
22.5126
 31
0.0
  0
LINE
  5
1680
  8
0
 10
48.1085
 20
22.5126
 30
0.0
 11
48.0716
 21
22.7608
 31
0.0
  0
LINE
  5
1681
  8
0
 10
48.0716
 20
22.7608
 30
0.0
 11
48.0593
 21
23.0114
 31
0.0
  0
LINE
  5
1682
  8
0
 10
48.0593
 20
23.0114
 30
0.0
 11
48.0716
 21
23.262
 31
0.0
  0
LINE
  5
1683
  8
0
 10
48.0716
 20
23.262
 30
0.0
 11
48.1084
 21
23.5101
 31
0.0
  0
LINE
  5
1684
  8
0
 10
48.1084
 20
23.5101
 30
0.0
 11
48.1694
 21
23.7535
 31
0.0
  0
LINE
  5
1685
  8
0
 10
48.1694
 20
23.7535
 30
0.0
 11
48.2539
 21
23.9897
 31
0.0
  0
LINE
  5
1686
  8
0
 10
48.2539
 20
23.9897
 30
0.0
 11
48.3151
 21
24.119
 31
0.0
  0
LINE
  5
1687
  8
0
 10
48.3151
 20
24.119
 30
0.0
 11
47.4899
 21
24.9442
 31
0.0
  0
LINE
  5
1688
  8
0
 10
47.4899
 20
24.9442
 30
0.0
 11
48.683
 21
26.1373
 31
0.0
  0
LINE
  5
1689
  8
0
 10
48.683
 20
26.1373
 30
0.0
 11
49.5082
 21
25.3121
 31
0.0
  0
LINE
  5
168A
  8
0
 10
49.5082
 20
25.3121
 30
0.0
 11
49.6375
 21
25.3733
 31
0.0
  0
LINE
  5
168B
  8
0
 10
49.6375
 20
25.3733
 30
0.0
 11
49.8737
 21
25.4578
 31
0.0
  0
LINE
  5
168C
  8
0
 10
49.8737
 20
25.4578
 30
0.0
 11
50.1171
 21
25.5187
 31
0.0
  0
LINE
  5
168D
  8
0
 10
50.1171
 20
25.5187
 30
0.0
 11
50.3652
 21
25.5556
 31
0.0
  0
LINE
  5
168E
  8
0
 10
50.3652
 20
25.5556
 30
0.0
 11
50.6158
 21
25.5679
 31
0.0
  0
LINE
  5
168F
  8
0
 10
50.6158
 20
25.5679
 30
0.0
 11
50.8664
 21
25.5556
 31
0.0
  0
LINE
  5
1690
  8
0
 10
50.8664
 20
25.5556
 30
0.0
 11
51.1146
 21
25.5187
 31
0.0
  0
LINE
  5
1691
  8
0
 10
51.1146
 20
25.5187
 30
0.0
 11
51.3579
 21
25.4578
 31
0.0
  0
LINE
  5
1692
  8
0
 10
51.3579
 20
25.4578
 30
0.0
 11
51.5941
 21
25.3733
 31
0.0
  0
LINE
  5
1693
  8
0
 10
51.5941
 20
25.3733
 30
0.0
 11
51.8209
 21
25.266
 31
0.0
  0
LINE
  5
1694
  8
0
 10
51.8209
 20
25.266
 30
0.0
 11
52.0361
 21
25.137
 31
0.0
  0
LINE
  5
1695
  8
0
 10
52.0361
 20
25.137
 30
0.0
 11
52.2376
 21
24.9876
 31
0.0
  0
LINE
  5
1696
  8
0
 10
52.2376
 20
24.9876
 30
0.0
 11
52.4235
 21
24.8191
 31
0.0
  0
LINE
  5
1697
  8
0
 10
52.4235
 20
24.8191
 30
0.0
 11
52.592
 21
24.6332
 31
0.0
  0
LINE
  5
1698
  8
0
 10
52.592
 20
24.6332
 30
0.0
 11
52.7415
 21
24.4317
 31
0.0
  0
LINE
  5
1699
  8
0
 10
52.7415
 20
24.4317
 30
0.0
 11
52.8705
 21
24.2165
 31
0.0
  0
LINE
  5
169A
  8
0
 10
52.8705
 20
24.2165
 30
0.0
 11
52.9777
 21
23.9897
 31
0.0
  0
LINE
  5
169B
  8
0
 10
52.9777
 20
23.9897
 30
0.0
 11
53.0622
 21
23.7535
 31
0.0
  0
LINE
  5
169C
  8
0
 10
53.0622
 20
23.7535
 30
0.0
 11
53.1232
 21
23.5101
 31
0.0
  0
LINE
  5
169D
  8
0
 10
53.1232
 20
23.5101
 30
0.0
 11
53.16
 21
23.262
 31
0.0
  0
LINE
  5
169E
  8
0
 10
53.16
 20
23.262
 30
0.0
 11
53.1723
 21
23.0114
 31
0.0
  0
LINE
  5
169F
  8
0
 10
53.1723
 20
23.0114
 30
0.0
 11
53.16
 21
22.7608
 31
0.0
  0
LINE
  5
16A0
  8
0
 10
53.16
 20
22.7608
 30
0.0
 11
53.1232
 21
22.5126
 31
0.0
  0
LINE
  5
16A1
  8
0
 10
53.1232
 20
22.5126
 30
0.0
 11
53.0622
 21
22.2693
 31
0.0
  0
LINE
  5
16A2
  8
0
 10
53.0622
 20
22.2693
 30
0.0
 11
52.9777
 21
22.033
 31
0.0
  0
LINE
  5
16A3
  8
0
 10
52.9777
 20
22.033
 30
0.0
 11
52.8705
 21
21.8062
 31
0.0
  0
LINE
  5
16A4
  8
0
 10
52.8705
 20
21.8062
 30
0.0
 11
52.7415
 21
21.5911
 31
0.0
  0
LINE
  5
16A5
  8
0
 10
52.7415
 20
21.5911
 30
0.0
 11
52.592
 21
21.3895
 31
0.0
  0
LINE
  5
16A6
  8
0
 10
52.592
 20
21.3895
 30
0.0
 11
52.4235
 21
21.2036
 31
0.0
  0
LINE
  5
16A7
  8
0
 10
52.4235
 20
21.2036
 30
0.0
 11
52.2376
 21
21.0352
 31
0.0
  0
LINE
  5
16A8
  8
0
 10
52.2376
 20
21.0352
 30
0.0
 11
52.0361
 21
20.8857
 31
0.0
  0
LINE
  5
16A9
  8
0
 10
52.0361
 20
20.8857
 30
0.0
 11
51.821
 21
20.7567
 31
0.0
  0
LINE
  5
16AA
  8
0
 10
51.821
 20
20.7567
 30
0.0
 11
51.5941
 21
20.6495
 31
0.0
  0
LINE
  5
16AB
  8
0
 10
51.5941
 20
20.6495
 30
0.0
 11
51.3579
 21
20.565
 31
0.0
  0
LINE
  5
16AC
  8
0
 10
51.3579
 20
20.565
 30
0.0
 11
51.1146
 21
20.504
 31
0.0
  0
LINE
  5
16AD
  8
0
 10
51.1146
 20
20.504
 30
0.0
 11
50.8664
 21
20.4672
 31
0.0
  0
LINE
  5
16AE
  8
0
 10
50.8664
 20
20.4672
 30
0.0
 11
50.6158
 21
20.4549
 31
0.0
  0
LINE
  5
16AF
  8
0
 10
50.6158
 20
20.4549
 30
0.0
 11
50.3652
 21
20.4672
 31
0.0
  0
LINE
  5
16B0
  8
0
 10
52.062
 20
23.0114
 30
0.0
 11
50.6158
 21
24.4575
 31
0.0
  0
LINE
  5
16B1
  8
0
 10
50.6158
 20
24.4575
 30
0.0
 11
49.1696
 21
23.0114
 31
0.0
  0
LINE
  5
16B2
  8
0
 10
49.1696
 20
23.0114
 30
0.0
 11
50.6158
 21
21.5652
 31
0.0
  0
LINE
  5
16B3
  8
0
 10
50.6158
 20
21.5652
 30
0.0
 11
52.062
 21
23.0114
 31
0.0
  0
LINE
  5
16B4
  8
0
 10
105.586
 20
20.4672
 30
0.0
 11
105.337
 21
20.504
 31
0.0
  0
LINE
  5
16B5
  8
0
 10
105.337
 20
20.504
 30
0.0
 11
105.094
 21
20.565
 31
0.0
  0
LINE
  5
16B6
  8
0
 10
105.094
 20
20.565
 30
0.0
 11
104.858
 21
20.6495
 31
0.0
  0
LINE
  5
16B7
  8
0
 10
104.858
 20
20.6495
 30
0.0
 11
104.631
 21
20.7567
 31
0.0
  0
LINE
  5
16B8
  8
0
 10
104.631
 20
20.7567
 30
0.0
 11
104.416
 21
20.8857
 31
0.0
  0
LINE
  5
16B9
  8
0
 10
104.416
 20
20.8857
 30
0.0
 11
104.214
 21
21.0352
 31
0.0
  0
LINE
  5
16BA
  8
0
 10
104.214
 20
21.0352
 30
0.0
 11
104.028
 21
21.2036
 31
0.0
  0
LINE
  5
16BB
  8
0
 10
104.028
 20
21.2036
 30
0.0
 11
103.86
 21
21.3896
 31
0.0
  0
LINE
  5
16BC
  8
0
 10
103.86
 20
21.3896
 30
0.0
 11
103.711
 21
21.5911
 31
0.0
  0
LINE
  5
16BD
  8
0
 10
103.711
 20
21.5911
 30
0.0
 11
103.582
 21
21.8062
 31
0.0
  0
LINE
  5
16BE
  8
0
 10
103.582
 20
21.8062
 30
0.0
 11
103.474
 21
22.0331
 31
0.0
  0
LINE
  5
16BF
  8
0
 10
103.474
 20
22.0331
 30
0.0
 11
103.39
 21
22.2693
 31
0.0
  0
LINE
  5
16C0
  8
0
 10
103.39
 20
22.2693
 30
0.0
 11
103.329
 21
22.5126
 31
0.0
  0
LINE
  5
16C1
  8
0
 10
103.329
 20
22.5126
 30
0.0
 11
103.292
 21
22.7608
 31
0.0
  0
LINE
  5
16C2
  8
0
 10
103.292
 20
22.7608
 30
0.0
 11
103.28
 21
23.0114
 31
0.0
  0
LINE
  5
16C3
  8
0
 10
103.28
 20
23.0114
 30
0.0
 11
103.292
 21
23.262
 31
0.0
  0
LINE
  5
16C4
  8
0
 10
103.292
 20
23.262
 30
0.0
 11
103.329
 21
23.5101
 31
0.0
  0
LINE
  5
16C5
  8
0
 10
103.329
 20
23.5101
 30
0.0
 11
103.39
 21
23.7535
 31
0.0
  0
LINE
  5
16C6
  8
0
 10
103.39
 20
23.7535
 30
0.0
 11
103.474
 21
23.9897
 31
0.0
  0
LINE
  5
16C7
  8
0
 10
103.474
 20
23.9897
 30
0.0
 11
103.535
 21
24.119
 31
0.0
  0
LINE
  5
16C8
  8
0
 10
103.535
 20
24.119
 30
0.0
 11
102.71
 21
24.9442
 31
0.0
  0
LINE
  5
16C9
  8
0
 10
102.71
 20
24.9442
 30
0.0
 11
103.903
 21
26.1373
 31
0.0
  0
LINE
  5
16CA
  8
0
 10
103.903
 20
26.1373
 30
0.0
 11
104.729
 21
25.3121
 31
0.0
  0
LINE
  5
16CB
  8
0
 10
104.729
 20
25.3121
 30
0.0
 11
104.858
 21
25.3733
 31
0.0
  0
LINE
  5
16CC
  8
0
 10
104.858
 20
25.3733
 30
0.0
 11
105.094
 21
25.4578
 31
0.0
  0
LINE
  5
16CD
  8
0
 10
105.094
 20
25.4578
 30
0.0
 11
105.337
 21
25.5187
 31
0.0
  0
LINE
  5
16CE
  8
0
 10
105.337
 20
25.5187
 30
0.0
 11
105.586
 21
25.5556
 31
0.0
  0
LINE
  5
16CF
  8
0
 10
105.586
 20
25.5556
 30
0.0
 11
105.836
 21
25.5679
 31
0.0
  0
LINE
  5
16D0
  8
0
 10
105.836
 20
25.5679
 30
0.0
 11
106.087
 21
25.5556
 31
0.0
  0
LINE
  5
16D1
  8
0
 10
106.087
 20
25.5556
 30
0.0
 11
106.335
 21
25.5187
 31
0.0
  0
LINE
  5
16D2
  8
0
 10
106.335
 20
25.5187
 30
0.0
 11
106.578
 21
25.4578
 31
0.0
  0
LINE
  5
16D3
  8
0
 10
106.578
 20
25.4578
 30
0.0
 11
106.815
 21
25.3733
 31
0.0
  0
LINE
  5
16D4
  8
0
 10
106.815
 20
25.3733
 30
0.0
 11
107.041
 21
25.266
 31
0.0
  0
LINE
  5
16D5
  8
0
 10
107.041
 20
25.266
 30
0.0
 11
107.257
 21
25.137
 31
0.0
  0
LINE
  5
16D6
  8
0
 10
107.257
 20
25.137
 30
0.0
 11
107.458
 21
24.9876
 31
0.0
  0
LINE
  5
16D7
  8
0
 10
107.458
 20
24.9876
 30
0.0
 11
107.644
 21
24.8191
 31
0.0
  0
LINE
  5
16D8
  8
0
 10
107.644
 20
24.8191
 30
0.0
 11
107.812
 21
24.6332
 31
0.0
  0
LINE
  5
16D9
  8
0
 10
107.812
 20
24.6332
 30
0.0
 11
107.962
 21
24.4317
 31
0.0
  0
LINE
  5
16DA
  8
0
 10
107.962
 20
24.4317
 30
0.0
 11
108.091
 21
24.2165
 31
0.0
  0
LINE
  5
16DB
  8
0
 10
108.091
 20
24.2165
 30
0.0
 11
108.198
 21
23.9897
 31
0.0
  0
LINE
  5
16DC
  8
0
 10
108.198
 20
23.9897
 30
0.0
 11
108.283
 21
23.7535
 31
0.0
  0
LINE
  5
16DD
  8
0
 10
108.283
 20
23.7535
 30
0.0
 11
108.344
 21
23.5101
 31
0.0
  0
LINE
  5
16DE
  8
0
 10
108.344
 20
23.5101
 30
0.0
 11
108.38
 21
23.262
 31
0.0
  0
LINE
  5
16DF
  8
0
 10
108.38
 20
23.262
 30
0.0
 11
108.393
 21
23.0114
 31
0.0
  0
LINE
  5
16E0
  8
0
 10
108.393
 20
23.0114
 30
0.0
 11
108.38
 21
22.7608
 31
0.0
  0
LINE
  5
16E1
  8
0
 10
108.38
 20
22.7608
 30
0.0
 11
108.344
 21
22.5126
 31
0.0
  0
LINE
  5
16E2
  8
0
 10
108.344
 20
22.5126
 30
0.0
 11
108.283
 21
22.2693
 31
0.0
  0
LINE
  5
16E3
  8
0
 10
108.283
 20
22.2693
 30
0.0
 11
108.198
 21
22.033
 31
0.0
  0
LINE
  5
16E4
  8
0
 10
108.198
 20
22.033
 30
0.0
 11
108.091
 21
21.8062
 31
0.0
  0
LINE
  5
16E5
  8
0
 10
108.091
 20
21.8062
 30
0.0
 11
107.962
 21
21.5911
 31
0.0
  0
LINE
  5
16E6
  8
0
 10
107.962
 20
21.5911
 30
0.0
 11
107.812
 21
21.3895
 31
0.0
  0
LINE
  5
16E7
  8
0
 10
107.812
 20
21.3895
 30
0.0
 11
107.644
 21
21.2036
 31
0.0
  0
LINE
  5
16E8
  8
0
 10
107.644
 20
21.2036
 30
0.0
 11
107.458
 21
21.0352
 31
0.0
  0
LINE
  5
16E9
  8
0
 10
107.458
 20
21.0352
 30
0.0
 11
107.257
 21
20.8857
 31
0.0
  0
LINE
  5
16EA
  8
0
 10
107.257
 20
20.8857
 30
0.0
 11
107.041
 21
20.7567
 31
0.0
  0
LINE
  5
16EB
  8
0
 10
107.041
 20
20.7567
 30
0.0
 11
106.815
 21
20.6495
 31
0.0
  0
LINE
  5
16EC
  8
0
 10
106.815
 20
20.6495
 30
0.0
 11
106.578
 21
20.565
 31
0.0
  0
LINE
  5
16ED
  8
0
 10
106.578
 20
20.565
 30
0.0
 11
106.335
 21
20.504
 31
0.0
  0
LINE
  5
16EE
  8
0
 10
106.335
 20
20.504
 30
0.0
 11
106.087
 21
20.4672
 31
0.0
  0
LINE
  5
16EF
  8
0
 10
106.087
 20
20.4672
 30
0.0
 11
105.836
 21
20.4549
 31
0.0
  0
LINE
  5
16F0
  8
0
 10
105.836
 20
20.4549
 30
0.0
 11
105.586
 21
20.4672
 31
0.0
  0
LINE
  5
16F1
  8
0
 10
107.282
 20
23.0114
 30
0.0
 11
105.836
 21
24.4575
 31
0.0
  0
LINE
  5
16F2
  8
0
 10
105.836
 20
24.4575
 30
0.0
 11
104.39
 21
23.0114
 31
0.0
  0
LINE
  5
16F3
  8
0
 10
104.39
 20
23.0114
 30
0.0
 11
105.836
 21
21.5652
 31
0.0
  0
LINE
  5
16F4
  8
0
 10
105.836
 20
21.5652
 30
0.0
 11
107.282
 21
23.0114
 31
0.0
  0
LINE
  5
16F5
  8
0
 10
4.35399
 20
20.4672
 30
0.0
 11
4.10582
 21
20.504
 31
0.0
  0
LINE
  5
16F6
  8
0
 10
4.10582
 20
20.504
 30
0.0
 11
3.86246
 21
20.565
 31
0.0
  0
LINE
  5
16F7
  8
0
 10
3.86246
 20
20.565
 30
0.0
 11
3.62624
 21
20.6495
 31
0.0
  0
LINE
  5
16F8
  8
0
 10
3.62624
 20
20.6495
 30
0.0
 11
3.39943
 21
20.7567
 31
0.0
  0
LINE
  5
16F9
  8
0
 10
3.39943
 20
20.7567
 30
0.0
 11
3.18427
 21
20.8857
 31
0.0
  0
LINE
  5
16FA
  8
0
 10
3.18427
 20
20.8857
 30
0.0
 11
2.98274
 21
21.0352
 31
0.0
  0
LINE
  5
16FB
  8
0
 10
2.98274
 20
21.0352
 30
0.0
 11
2.79684
 21
21.2036
 31
0.0
  0
LINE
  5
16FC
  8
0
 10
2.79684
 20
21.2036
 30
0.0
 11
2.62836
 21
21.3895
 31
0.0
  0
LINE
  5
16FD
  8
0
 10
2.62836
 20
21.3895
 30
0.0
 11
2.47893
 21
21.5911
 31
0.0
  0
LINE
  5
16FE
  8
0
 10
2.47893
 20
21.5911
 30
0.0
 11
2.34993
 21
21.8062
 31
0.0
  0
LINE
  5
16FF
  8
0
 10
2.34993
 20
21.8062
 30
0.0
 11
2.24269
 21
22.033
 31
0.0
  0
LINE
  5
1700
  8
0
 10
2.24269
 20
22.033
 30
0.0
 11
2.15816
 21
22.2693
 31
0.0
  0
LINE
  5
1701
  8
0
 10
2.15816
 20
22.2693
 30
0.0
 11
2.0972
 21
22.5126
 31
0.0
  0
LINE
  5
1702
  8
0
 10
2.0972
 20
22.5126
 30
0.0
 11
2.06039
 21
22.7608
 31
0.0
  0
LINE
  5
1703
  8
0
 10
2.06039
 20
22.7608
 30
0.0
 11
2.04808
 21
23.0114
 31
0.0
  0
LINE
  5
1704
  8
0
 10
2.04808
 20
23.0114
 30
0.0
 11
2.06039
 21
23.262
 31
0.0
  0
LINE
  5
1705
  8
0
 10
2.06039
 20
23.262
 30
0.0
 11
2.0972
 21
23.5101
 31
0.0
  0
LINE
  5
1706
  8
0
 10
2.0972
 20
23.5101
 30
0.0
 11
2.15816
 21
23.7535
 31
0.0
  0
LINE
  5
1707
  8
0
 10
2.15816
 20
23.7535
 30
0.0
 11
2.24269
 21
23.9897
 31
0.0
  0
LINE
  5
1708
  8
0
 10
2.24269
 20
23.9897
 30
0.0
 11
2.34993
 21
24.2165
 31
0.0
  0
LINE
  5
1709
  8
0
 10
2.34993
 20
24.2165
 30
0.0
 11
2.47893
 21
24.4317
 31
0.0
  0
LINE
  5
170A
  8
0
 10
2.47893
 20
24.4317
 30
0.0
 11
2.62836
 21
24.6332
 31
0.0
  0
LINE
  5
170B
  8
0
 10
2.62836
 20
24.6332
 30
0.0
 11
2.79684
 21
24.8191
 31
0.0
  0
LINE
  5
170C
  8
0
 10
2.79684
 20
24.8191
 30
0.0
 11
2.98276
 21
24.9876
 31
0.0
  0
LINE
  5
170D
  8
0
 10
2.98276
 20
24.9876
 30
0.0
 11
3.18427
 21
25.137
 31
0.0
  0
LINE
  5
170E
  8
0
 10
3.18427
 20
25.137
 30
0.0
 11
3.39944
 21
25.266
 31
0.0
  0
LINE
  5
170F
  8
0
 10
3.39944
 20
25.266
 30
0.0
 11
3.62625
 21
25.3733
 31
0.0
  0
LINE
  5
1710
  8
0
 10
3.62625
 20
25.3733
 30
0.0
 11
3.86247
 21
25.4578
 31
0.0
  0
LINE
  5
1711
  8
0
 10
3.86247
 20
25.4578
 30
0.0
 11
4.10582
 21
25.5187
 31
0.0
  0
LINE
  5
1712
  8
0
 10
4.10582
 20
25.5187
 30
0.0
 11
4.354
 21
25.5556
 31
0.0
  0
LINE
  5
1713
  8
0
 10
4.354
 20
25.5556
 30
0.0
 11
4.60458
 21
25.5679
 31
0.0
  0
LINE
  5
1714
  8
0
 10
4.60458
 20
25.5679
 30
0.0
 11
4.85518
 21
25.5556
 31
0.0
  0
LINE
  5
1715
  8
0
 10
4.85518
 20
25.5556
 30
0.0
 11
5.10333
 21
25.5187
 31
0.0
  0
LINE
  5
1716
  8
0
 10
5.10333
 20
25.5187
 30
0.0
 11
5.34669
 21
25.4578
 31
0.0
  0
LINE
  5
1717
  8
0
 10
5.34669
 20
25.4578
 30
0.0
 11
5.58292
 21
25.3733
 31
0.0
  0
LINE
  5
1718
  8
0
 10
5.58292
 20
25.3733
 30
0.0
 11
5.71222
 21
25.3121
 31
0.0
  0
LINE
  5
1719
  8
0
 10
5.71222
 20
25.3121
 30
0.0
 11
6.53738
 21
26.1373
 31
0.0
  0
LINE
  5
171A
  8
0
 10
6.53738
 20
26.1373
 30
0.0
 11
7.73047
 21
24.9442
 31
0.0
  0
LINE
  5
171B
  8
0
 10
7.73047
 20
24.9442
 30
0.0
 11
6.9053
 21
24.119
 31
0.0
  0
LINE
  5
171C
  8
0
 10
6.9053
 20
24.119
 30
0.0
 11
6.96646
 21
23.9897
 31
0.0
  0
LINE
  5
171D
  8
0
 10
6.96646
 20
23.9897
 30
0.0
 11
7.05098
 21
23.7535
 31
0.0
  0
LINE
  5
171E
  8
0
 10
7.05098
 20
23.7535
 30
0.0
 11
7.11194
 21
23.5101
 31
0.0
  0
LINE
  5
171F
  8
0
 10
7.11194
 20
23.5101
 30
0.0
 11
7.14876
 21
23.262
 31
0.0
  0
LINE
  5
1720
  8
0
 10
7.14876
 20
23.262
 30
0.0
 11
7.16106
 21
23.0114
 31
0.0
  0
LINE
  5
1721
  8
0
 10
7.16106
 20
23.0114
 30
0.0
 11
7.14877
 21
22.7608
 31
0.0
  0
LINE
  5
1722
  8
0
 10
7.14877
 20
22.7608
 30
0.0
 11
7.11192
 21
22.5126
 31
0.0
  0
LINE
  5
1723
  8
0
 10
7.11192
 20
22.5126
 30
0.0
 11
7.05098
 21
22.2693
 31
0.0
  0
LINE
  5
1724
  8
0
 10
7.05098
 20
22.2693
 30
0.0
 11
6.96646
 21
22.0331
 31
0.0
  0
LINE
  5
1725
  8
0
 10
6.96646
 20
22.0331
 30
0.0
 11
6.85919
 21
21.8062
 31
0.0
  0
LINE
  5
1726
  8
0
 10
6.85919
 20
21.8062
 30
0.0
 11
6.73021
 21
21.5911
 31
0.0
  0
LINE
  5
1727
  8
0
 10
6.73021
 20
21.5911
 30
0.0
 11
6.58078
 21
21.3896
 31
0.0
  0
LINE
  5
1728
  8
0
 10
6.58078
 20
21.3896
 30
0.0
 11
6.41229
 21
21.2036
 31
0.0
  0
LINE
  5
1729
  8
0
 10
6.41229
 20
21.2036
 30
0.0
 11
6.22639
 21
21.0352
 31
0.0
  0
LINE
  5
172A
  8
0
 10
6.22639
 20
21.0352
 30
0.0
 11
6.02487
 21
20.8857
 31
0.0
  0
LINE
  5
172B
  8
0
 10
6.02487
 20
20.8857
 30
0.0
 11
5.80969
 21
20.7567
 31
0.0
  0
LINE
  5
172C
  8
0
 10
5.80969
 20
20.7567
 30
0.0
 11
5.5829
 21
20.6495
 31
0.0
  0
LINE
  5
172D
  8
0
 10
5.5829
 20
20.6495
 30
0.0
 11
5.34668
 21
20.565
 31
0.0
  0
LINE
  5
172E
  8
0
 10
5.34668
 20
20.565
 30
0.0
 11
5.1033
 21
20.504
 31
0.0
  0
LINE
  5
172F
  8
0
 10
5.1033
 20
20.504
 30
0.0
 11
4.85516
 21
20.4672
 31
0.0
  0
LINE
  5
1730
  8
0
 10
4.85516
 20
20.4672
 30
0.0
 11
4.60457
 21
20.4549
 31
0.0
  0
LINE
  5
1731
  8
0
 10
4.60457
 20
20.4549
 30
0.0
 11
4.35399
 21
20.4672
 31
0.0
  0
LINE
  5
1732
  8
0
 10
6.05074
 20
23.0114
 30
0.0
 11
4.60457
 21
24.4575
 31
0.0
  0
LINE
  5
1733
  8
0
 10
4.60457
 20
24.4575
 30
0.0
 11
3.15839
 21
23.0114
 31
0.0
  0
LINE
  5
1734
  8
0
 10
3.15839
 20
23.0114
 30
0.0
 11
4.60457
 21
21.5652
 31
0.0
  0
LINE
  5
1735
  8
0
 10
4.60457
 20
21.5652
 30
0.0
 11
6.05074
 21
23.0114
 31
0.0
  0
LINE
  5
1736
  8
0
 10
22.7608
 20
20.4672
 30
0.0
 11
22.5126
 21
20.504
 31
0.0
  0
LINE
  5
1737
  8
0
 10
22.5126
 20
20.504
 30
0.0
 11
22.2693
 21
20.565
 31
0.0
  0
LINE
  5
1738
  8
0
 10
22.2693
 20
20.565
 30
0.0
 11
22.033
 21
20.6495
 31
0.0
  0
LINE
  5
1739
  8
0
 10
22.033
 20
20.6495
 30
0.0
 11
21.8062
 21
20.7567
 31
0.0
  0
LINE
  5
173A
  8
0
 10
21.8062
 20
20.7567
 30
0.0
 11
21.5911
 21
20.8857
 31
0.0
  0
LINE
  5
173B
  8
0
 10
21.5911
 20
20.8857
 30
0.0
 11
21.3895
 21
21.0352
 31
0.0
  0
LINE
  5
173C
  8
0
 10
21.3895
 20
21.0352
 30
0.0
 11
21.2036
 21
21.2036
 31
0.0
  0
LINE
  5
173D
  8
0
 10
21.2036
 20
21.2036
 30
0.0
 11
21.0352
 21
21.3895
 31
0.0
  0
LINE
  5
173E
  8
0
 10
21.0352
 20
21.3895
 30
0.0
 11
20.8857
 21
21.5911
 31
0.0
  0
LINE
  5
173F
  8
0
 10
20.8857
 20
21.5911
 30
0.0
 11
20.7567
 21
21.8062
 31
0.0
  0
LINE
  5
1740
  8
0
 10
20.7567
 20
21.8062
 30
0.0
 11
20.6495
 21
22.033
 31
0.0
  0
LINE
  5
1741
  8
0
 10
20.6495
 20
22.033
 30
0.0
 11
20.565
 21
22.2693
 31
0.0
  0
LINE
  5
1742
  8
0
 10
20.565
 20
22.2693
 30
0.0
 11
20.504
 21
22.5126
 31
0.0
  0
LINE
  5
1743
  8
0
 10
20.504
 20
22.5126
 30
0.0
 11
20.4672
 21
22.7608
 31
0.0
  0
LINE
  5
1744
  8
0
 10
20.4672
 20
22.7608
 30
0.0
 11
20.4549
 21
23.0114
 31
0.0
  0
LINE
  5
1745
  8
0
 10
20.4549
 20
23.0114
 30
0.0
 11
20.4672
 21
23.262
 31
0.0
  0
LINE
  5
1746
  8
0
 10
20.4672
 20
23.262
 30
0.0
 11
20.504
 21
23.5101
 31
0.0
  0
LINE
  5
1747
  8
0
 10
20.504
 20
23.5101
 30
0.0
 11
20.565
 21
23.7535
 31
0.0
  0
LINE
  5
1748
  8
0
 10
20.565
 20
23.7535
 30
0.0
 11
20.6495
 21
23.9897
 31
0.0
  0
LINE
  5
1749
  8
0
 10
20.6495
 20
23.9897
 30
0.0
 11
20.7567
 21
24.2165
 31
0.0
  0
LINE
  5
174A
  8
0
 10
20.7567
 20
24.2165
 30
0.0
 11
20.8857
 21
24.4317
 31
0.0
  0
LINE
  5
174B
  8
0
 10
20.8857
 20
24.4317
 30
0.0
 11
21.0352
 21
24.6332
 31
0.0
  0
LINE
  5
174C
  8
0
 10
21.0352
 20
24.6332
 30
0.0
 11
21.2036
 21
24.8191
 31
0.0
  0
LINE
  5
174D
  8
0
 10
21.2036
 20
24.8191
 30
0.0
 11
21.3896
 21
24.9876
 31
0.0
  0
LINE
  5
174E
  8
0
 10
21.3896
 20
24.9876
 30
0.0
 11
21.5911
 21
25.137
 31
0.0
  0
LINE
  5
174F
  8
0
 10
21.5911
 20
25.137
 30
0.0
 11
21.8062
 21
25.266
 31
0.0
  0
LINE
  5
1750
  8
0
 10
21.8062
 20
25.266
 30
0.0
 11
22.0331
 21
25.3733
 31
0.0
  0
LINE
  5
1751
  8
0
 10
22.0331
 20
25.3733
 30
0.0
 11
22.2693
 21
25.4578
 31
0.0
  0
LINE
  5
1752
  8
0
 10
22.2693
 20
25.4578
 30
0.0
 11
22.5126
 21
25.5187
 31
0.0
  0
LINE
  5
1753
  8
0
 10
22.5126
 20
25.5187
 30
0.0
 11
22.7608
 21
25.5556
 31
0.0
  0
LINE
  5
1754
  8
0
 10
22.7608
 20
25.5556
 30
0.0
 11
23.0114
 21
25.5679
 31
0.0
  0
LINE
  5
1755
  8
0
 10
23.0114
 20
25.5679
 30
0.0
 11
23.262
 21
25.5556
 31
0.0
  0
LINE
  5
1756
  8
0
 10
23.262
 20
25.5556
 30
0.0
 11
23.5101
 21
25.5187
 31
0.0
  0
LINE
  5
1757
  8
0
 10
23.5101
 20
25.5187
 30
0.0
 11
23.7535
 21
25.4578
 31
0.0
  0
LINE
  5
1758
  8
0
 10
23.7535
 20
25.4578
 30
0.0
 11
23.9897
 21
25.3733
 31
0.0
  0
LINE
  5
1759
  8
0
 10
23.9897
 20
25.3733
 30
0.0
 11
24.119
 21
25.3121
 31
0.0
  0
LINE
  5
175A
  8
0
 10
24.119
 20
25.3121
 30
0.0
 11
24.9442
 21
26.1373
 31
0.0
  0
LINE
  5
175B
  8
0
 10
24.9442
 20
26.1373
 30
0.0
 11
26.1373
 21
24.9442
 31
0.0
  0
LINE
  5
175C
  8
0
 10
26.1373
 20
24.9442
 30
0.0
 11
25.3121
 21
24.119
 31
0.0
  0
LINE
  5
175D
  8
0
 10
25.3121
 20
24.119
 30
0.0
 11
25.3733
 21
23.9897
 31
0.0
  0
LINE
  5
175E
  8
0
 10
25.3733
 20
23.9897
 30
0.0
 11
25.4578
 21
23.7535
 31
0.0
  0
LINE
  5
175F
  8
0
 10
25.4578
 20
23.7535
 30
0.0
 11
25.5187
 21
23.5101
 31
0.0
  0
LINE
  5
1760
  8
0
 10
25.5187
 20
23.5101
 30
0.0
 11
25.5556
 21
23.262
 31
0.0
  0
LINE
  5
1761
  8
0
 10
25.5556
 20
23.262
 30
0.0
 11
25.5679
 21
23.0114
 31
0.0
  0
LINE
  5
1762
  8
0
 10
25.5679
 20
23.0114
 30
0.0
 11
25.5556
 21
22.7608
 31
0.0
  0
LINE
  5
1763
  8
0
 10
25.5556
 20
22.7608
 30
0.0
 11
25.5187
 21
22.5126
 31
0.0
  0
LINE
  5
1764
  8
0
 10
25.5187
 20
22.5126
 30
0.0
 11
25.4578
 21
22.2693
 31
0.0
  0
LINE
  5
1765
  8
0
 10
25.4578
 20
22.2693
 30
0.0
 11
25.3733
 21
22.0331
 31
0.0
  0
LINE
  5
1766
  8
0
 10
25.3733
 20
22.0331
 30
0.0
 11
25.266
 21
21.8062
 31
0.0
  0
LINE
  5
1767
  8
0
 10
25.266
 20
21.8062
 30
0.0
 11
25.137
 21
21.5911
 31
0.0
  0
LINE
  5
1768
  8
0
 10
25.137
 20
21.5911
 30
0.0
 11
24.9876
 21
21.3896
 31
0.0
  0
LINE
  5
1769
  8
0
 10
24.9876
 20
21.3896
 30
0.0
 11
24.8191
 21
21.2036
 31
0.0
  0
LINE
  5
176A
  8
0
 10
24.8191
 20
21.2036
 30
0.0
 11
24.6332
 21
21.0352
 31
0.0
  0
LINE
  5
176B
  8
0
 10
24.6332
 20
21.0352
 30
0.0
 11
24.4317
 21
20.8857
 31
0.0
  0
LINE
  5
176C
  8
0
 10
24.4317
 20
20.8857
 30
0.0
 11
24.2165
 21
20.7567
 31
0.0
  0
LINE
  5
176D
  8
0
 10
24.2165
 20
20.7567
 30
0.0
 11
23.9897
 21
20.6495
 31
0.0
  0
LINE
  5
176E
  8
0
 10
23.9897
 20
20.6495
 30
0.0
 11
23.7535
 21
20.565
 31
0.0
  0
LINE
  5
176F
  8
0
 10
23.7535
 20
20.565
 30
0.0
 11
23.5101
 21
20.504
 31
0.0
  0
LINE
  5
1770
  8
0
 10
23.5101
 20
20.504
 30
0.0
 11
23.262
 21
20.4672
 31
0.0
  0
LINE
  5
1771
  8
0
 10
23.262
 20
20.4672
 30
0.0
 11
23.0114
 21
20.4549
 31
0.0
  0
LINE
  5
1772
  8
0
 10
23.0114
 20
20.4549
 30
0.0
 11
22.7608
 21
20.4672
 31
0.0
  0
LINE
  5
1773
  8
0
 10
24.4575
 20
23.0114
 30
0.0
 11
23.0114
 21
24.4575
 31
0.0
  0
LINE
  5
1774
  8
0
 10
23.0114
 20
24.4575
 30
0.0
 11
21.5652
 21
23.0114
 31
0.0
  0
LINE
  5
1775
  8
0
 10
21.5652
 20
23.0114
 30
0.0
 11
23.0114
 21
21.5652
 31
0.0
  0
LINE
  5
1776
  8
0
 10
23.0114
 20
21.5652
 30
0.0
 11
24.4575
 21
23.0114
 31
0.0
  0
LINE
  5
1777
  8
0
 10
87.1788
 20
20.4672
 30
0.0
 11
86.9307
 21
20.504
 31
0.0
  0
LINE
  5
1778
  8
0
 10
86.9307
 20
20.504
 30
0.0
 11
86.6873
 21
20.565
 31
0.0
  0
LINE
  5
1779
  8
0
 10
86.6873
 20
20.565
 30
0.0
 11
86.4511
 21
20.6495
 31
0.0
  0
LINE
  5
177A
  8
0
 10
86.4511
 20
20.6495
 30
0.0
 11
86.2243
 21
20.7567
 31
0.0
  0
LINE
  5
177B
  8
0
 10
86.2243
 20
20.7567
 30
0.0
 11
86.0091
 21
20.8857
 31
0.0
  0
LINE
  5
177C
  8
0
 10
86.0091
 20
20.8857
 30
0.0
 11
85.8076
 21
21.0352
 31
0.0
  0
LINE
  5
177D
  8
0
 10
85.8076
 20
21.0352
 30
0.0
 11
85.6217
 21
21.2036
 31
0.0
  0
LINE
  5
177E
  8
0
 10
85.6217
 20
21.2036
 30
0.0
 11
85.4532
 21
21.3896
 31
0.0
  0
LINE
  5
177F
  8
0
 10
85.4532
 20
21.3896
 30
0.0
 11
85.3038
 21
21.5911
 31
0.0
  0
LINE
  5
1780
  8
0
 10
85.3038
 20
21.5911
 30
0.0
 11
85.1748
 21
21.8062
 31
0.0
  0
LINE
  5
1781
  8
0
 10
85.1748
 20
21.8062
 30
0.0
 11
85.0675
 21
22.0331
 31
0.0
  0
LINE
  5
1782
  8
0
 10
85.0675
 20
22.0331
 30
0.0
 11
84.983
 21
22.2693
 31
0.0
  0
LINE
  5
1783
  8
0
 10
84.983
 20
22.2693
 30
0.0
 11
84.9221
 21
22.5126
 31
0.0
  0
LINE
  5
1784
  8
0
 10
84.9221
 20
22.5126
 30
0.0
 11
84.8852
 21
22.7608
 31
0.0
  0
LINE
  5
1785
  8
0
 10
84.8852
 20
22.7608
 30
0.0
 11
84.8729
 21
23.0114
 31
0.0
  0
LINE
  5
1786
  8
0
 10
84.8729
 20
23.0114
 30
0.0
 11
84.8852
 21
23.262
 31
0.0
  0
LINE
  5
1787
  8
0
 10
84.8852
 20
23.262
 30
0.0
 11
84.922
 21
23.5101
 31
0.0
  0
LINE
  5
1788
  8
0
 10
84.922
 20
23.5101
 30
0.0
 11
84.983
 21
23.7535
 31
0.0
  0
LINE
  5
1789
  8
0
 10
84.983
 20
23.7535
 30
0.0
 11
85.0675
 21
23.9897
 31
0.0
  0
LINE
  5
178A
  8
0
 10
85.0675
 20
23.9897
 30
0.0
 11
85.1287
 21
24.119
 31
0.0
  0
LINE
  5
178B
  8
0
 10
85.1287
 20
24.119
 30
0.0
 11
84.3035
 21
24.9442
 31
0.0
  0
LINE
  5
178C
  8
0
 10
84.3035
 20
24.9442
 30
0.0
 11
85.4966
 21
26.1373
 31
0.0
  0
LINE
  5
178D
  8
0
 10
85.4966
 20
26.1373
 30
0.0
 11
86.3218
 21
25.3121
 31
0.0
  0
LINE
  5
178E
  8
0
 10
86.3218
 20
25.3121
 30
0.0
 11
86.4511
 21
25.3733
 31
0.0
  0
LINE
  5
178F
  8
0
 10
86.4511
 20
25.3733
 30
0.0
 11
86.6873
 21
25.4578
 31
0.0
  0
LINE
  5
1790
  8
0
 10
86.6873
 20
25.4578
 30
0.0
 11
86.9306
 21
25.5187
 31
0.0
  0
LINE
  5
1791
  8
0
 10
86.9306
 20
25.5187
 30
0.0
 11
87.1788
 21
25.5556
 31
0.0
  0
LINE
  5
1792
  8
0
 10
87.1788
 20
25.5556
 30
0.0
 11
87.4294
 21
25.5679
 31
0.0
  0
LINE
  5
1793
  8
0
 10
87.4294
 20
25.5679
 30
0.0
 11
87.68
 21
25.5556
 31
0.0
  0
LINE
  5
1794
  8
0
 10
87.68
 20
25.5556
 30
0.0
 11
87.9282
 21
25.5187
 31
0.0
  0
LINE
  5
1795
  8
0
 10
87.9282
 20
25.5187
 30
0.0
 11
88.1715
 21
25.4578
 31
0.0
  0
LINE
  5
1796
  8
0
 10
88.1715
 20
25.4578
 30
0.0
 11
88.4077
 21
25.3733
 31
0.0
  0
LINE
  5
1797
  8
0
 10
88.4077
 20
25.3733
 30
0.0
 11
88.6345
 21
25.266
 31
0.0
  0
LINE
  5
1798
  8
0
 10
88.6345
 20
25.266
 30
0.0
 11
88.8497
 21
25.137
 31
0.0
  0
LINE
  5
1799
  8
0
 10
88.8497
 20
25.137
 30
0.0
 11
89.0512
 21
24.9876
 31
0.0
  0
LINE
  5
179A
  8
0
 10
89.0512
 20
24.9876
 30
0.0
 11
89.2371
 21
24.8191
 31
0.0
  0
LINE
  5
179B
  8
0
 10
89.2371
 20
24.8191
 30
0.0
 11
89.4056
 21
24.6332
 31
0.0
  0
LINE
  5
179C
  8
0
 10
89.4056
 20
24.6332
 30
0.0
 11
89.5551
 21
24.4317
 31
0.0
  0
LINE
  5
179D
  8
0
 10
89.5551
 20
24.4317
 30
0.0
 11
89.6841
 21
24.2165
 31
0.0
  0
LINE
  5
179E
  8
0
 10
89.6841
 20
24.2165
 30
0.0
 11
89.7913
 21
23.9897
 31
0.0
  0
LINE
  5
179F
  8
0
 10
89.7913
 20
23.9897
 30
0.0
 11
89.8758
 21
23.7535
 31
0.0
  0
LINE
  5
17A0
  8
0
 10
89.8758
 20
23.7535
 30
0.0
 11
89.9368
 21
23.5101
 31
0.0
  0
LINE
  5
17A1
  8
0
 10
89.9368
 20
23.5101
 30
0.0
 11
89.9736
 21
23.262
 31
0.0
  0
LINE
  5
17A2
  8
0
 10
89.9736
 20
23.262
 30
0.0
 11
89.9859
 21
23.0114
 31
0.0
  0
LINE
  5
17A3
  8
0
 10
89.9859
 20
23.0114
 30
0.0
 11
89.9736
 21
22.7608
 31
0.0
  0
LINE
  5
17A4
  8
0
 10
89.9736
 20
22.7608
 30
0.0
 11
89.9368
 21
22.5126
 31
0.0
  0
LINE
  5
17A5
  8
0
 10
89.9368
 20
22.5126
 30
0.0
 11
89.8758
 21
22.2693
 31
0.0
  0
LINE
  5
17A6
  8
0
 10
89.8758
 20
22.2693
 30
0.0
 11
89.7913
 21
22.033
 31
0.0
  0
LINE
  5
17A7
  8
0
 10
89.7913
 20
22.033
 30
0.0
 11
89.6841
 21
21.8062
 31
0.0
  0
LINE
  5
17A8
  8
0
 10
89.6841
 20
21.8062
 30
0.0
 11
89.5551
 21
21.5911
 31
0.0
  0
LINE
  5
17A9
  8
0
 10
89.5551
 20
21.5911
 30
0.0
 11
89.4056
 21
21.3895
 31
0.0
  0
LINE
  5
17AA
  8
0
 10
89.4056
 20
21.3895
 30
0.0
 11
89.2371
 21
21.2036
 31
0.0
  0
LINE
  5
17AB
  8
0
 10
89.2371
 20
21.2036
 30
0.0
 11
89.0513
 21
21.0352
 31
0.0
  0
LINE
  5
17AC
  8
0
 10
89.0513
 20
21.0352
 30
0.0
 11
88.8497
 21
20.8857
 31
0.0
  0
LINE
  5
17AD
  8
0
 10
88.8497
 20
20.8857
 30
0.0
 11
88.6346
 21
20.7567
 31
0.0
  0
LINE
  5
17AE
  8
0
 10
88.6346
 20
20.7567
 30
0.0
 11
88.4078
 21
20.6495
 31
0.0
  0
LINE
  5
17AF
  8
0
 10
88.4078
 20
20.6495
 30
0.0
 11
88.1715
 21
20.565
 31
0.0
  0
LINE
  5
17B0
  8
0
 10
88.1715
 20
20.565
 30
0.0
 11
87.9282
 21
20.504
 31
0.0
  0
LINE
  5
17B1
  8
0
 10
87.9282
 20
20.504
 30
0.0
 11
87.68
 21
20.4672
 31
0.0
  0
LINE
  5
17B2
  8
0
 10
87.68
 20
20.4672
 30
0.0
 11
87.4294
 21
20.4549
 31
0.0
  0
LINE
  5
17B3
  8
0
 10
87.4294
 20
20.4549
 30
0.0
 11
87.1788
 21
20.4672
 31
0.0
  0
LINE
  5
17B4
  8
0
 10
88.8756
 20
23.0114
 30
0.0
 11
87.4294
 21
24.4575
 31
0.0
  0
LINE
  5
17B5
  8
0
 10
87.4294
 20
24.4575
 30
0.0
 11
85.9832
 21
23.0114
 31
0.0
  0
LINE
  5
17B6
  8
0
 10
85.9832
 20
23.0114
 30
0.0
 11
87.4294
 21
21.5652
 31
0.0
  0
LINE
  5
17B7
  8
0
 10
87.4294
 20
21.5652
 30
0.0
 11
88.8756
 21
23.0114
 31
0.0
  0
LINE
  5
17B8
  8
0
 10
59.5744
 20
20.4672
 30
0.0
 11
59.3262
 21
20.504
 31
0.0
  0
LINE
  5
17B9
  8
0
 10
59.3262
 20
20.504
 30
0.0
 11
59.0829
 21
20.565
 31
0.0
  0
LINE
  5
17BA
  8
0
 10
59.0829
 20
20.565
 30
0.0
 11
58.8466
 21
20.6495
 31
0.0
  0
LINE
  5
17BB
  8
0
 10
58.8466
 20
20.6495
 30
0.0
 11
58.6198
 21
20.7567
 31
0.0
  0
LINE
  5
17BC
  8
0
 10
58.6198
 20
20.7567
 30
0.0
 11
58.4047
 21
20.8857
 31
0.0
  0
LINE
  5
17BD
  8
0
 10
58.4047
 20
20.8857
 30
0.0
 11
58.2031
 21
21.0352
 31
0.0
  0
LINE
  5
17BE
  8
0
 10
58.2031
 20
21.0352
 30
0.0
 11
58.0173
 21
21.2036
 31
0.0
  0
LINE
  5
17BF
  8
0
 10
58.0173
 20
21.2036
 30
0.0
 11
57.8488
 21
21.3895
 31
0.0
  0
LINE
  5
17C0
  8
0
 10
57.8488
 20
21.3895
 30
0.0
 11
57.6993
 21
21.5911
 31
0.0
  0
LINE
  5
17C1
  8
0
 10
57.6993
 20
21.5911
 30
0.0
 11
57.5703
 21
21.8062
 31
0.0
  0
LINE
  5
17C2
  8
0
 10
57.5703
 20
21.8062
 30
0.0
 11
57.4631
 21
22.033
 31
0.0
  0
LINE
  5
17C3
  8
0
 10
57.4631
 20
22.033
 30
0.0
 11
57.3786
 21
22.2693
 31
0.0
  0
LINE
  5
17C4
  8
0
 10
57.3786
 20
22.2693
 30
0.0
 11
57.3176
 21
22.5126
 31
0.0
  0
LINE
  5
17C5
  8
0
 10
57.3176
 20
22.5126
 30
0.0
 11
57.2808
 21
22.7608
 31
0.0
  0
LINE
  5
17C6
  8
0
 10
57.2808
 20
22.7608
 30
0.0
 11
57.2685
 21
23.0114
 31
0.0
  0
LINE
  5
17C7
  8
0
 10
57.2685
 20
23.0114
 30
0.0
 11
57.2808
 21
23.262
 31
0.0
  0
LINE
  5
17C8
  8
0
 10
57.2808
 20
23.262
 30
0.0
 11
57.3176
 21
23.5101
 31
0.0
  0
LINE
  5
17C9
  8
0
 10
57.3176
 20
23.5101
 30
0.0
 11
57.3786
 21
23.7535
 31
0.0
  0
LINE
  5
17CA
  8
0
 10
57.3786
 20
23.7535
 30
0.0
 11
57.4631
 21
23.9897
 31
0.0
  0
LINE
  5
17CB
  8
0
 10
57.4631
 20
23.9897
 30
0.0
 11
57.5703
 21
24.2165
 31
0.0
  0
LINE
  5
17CC
  8
0
 10
57.5703
 20
24.2165
 30
0.0
 11
57.6993
 21
24.4317
 31
0.0
  0
LINE
  5
17CD
  8
0
 10
57.6993
 20
24.4317
 30
0.0
 11
57.8488
 21
24.6332
 31
0.0
  0
LINE
  5
17CE
  8
0
 10
57.8488
 20
24.6332
 30
0.0
 11
58.0173
 21
24.8191
 31
0.0
  0
LINE
  5
17CF
  8
0
 10
58.0173
 20
24.8191
 30
0.0
 11
58.2032
 21
24.9876
 31
0.0
  0
LINE
  5
17D0
  8
0
 10
58.2032
 20
24.9876
 30
0.0
 11
58.4047
 21
25.137
 31
0.0
  0
LINE
  5
17D1
  8
0
 10
58.4047
 20
25.137
 30
0.0
 11
58.6198
 21
25.266
 31
0.0
  0
LINE
  5
17D2
  8
0
 10
58.6198
 20
25.266
 30
0.0
 11
58.8466
 21
25.3733
 31
0.0
  0
LINE
  5
17D3
  8
0
 10
58.8466
 20
25.3733
 30
0.0
 11
59.0829
 21
25.4578
 31
0.0
  0
LINE
  5
17D4
  8
0
 10
59.0829
 20
25.4578
 30
0.0
 11
59.3262
 21
25.5187
 31
0.0
  0
LINE
  5
17D5
  8
0
 10
59.3262
 20
25.5187
 30
0.0
 11
59.5744
 21
25.5556
 31
0.0
  0
LINE
  5
17D6
  8
0
 10
59.5744
 20
25.5556
 30
0.0
 11
59.825
 21
25.5679
 31
0.0
  0
LINE
  5
17D7
  8
0
 10
59.825
 20
25.5679
 30
0.0
 11
60.0756
 21
25.5556
 31
0.0
  0
LINE
  5
17D8
  8
0
 10
60.0756
 20
25.5556
 30
0.0
 11
60.3237
 21
25.5187
 31
0.0
  0
LINE
  5
17D9
  8
0
 10
60.3237
 20
25.5187
 30
0.0
 11
60.5671
 21
25.4578
 31
0.0
  0
LINE
  5
17DA
  8
0
 10
60.5671
 20
25.4578
 30
0.0
 11
60.8033
 21
25.3733
 31
0.0
  0
LINE
  5
17DB
  8
0
 10
60.8033
 20
25.3733
 30
0.0
 11
60.9326
 21
25.3121
 31
0.0
  0
LINE
  5
17DC
  8
0
 10
60.9326
 20
25.3121
 30
0.0
 11
61.7578
 21
26.1373
 31
0.0
  0
LINE
  5
17DD
  8
0
 10
61.7578
 20
26.1373
 30
0.0
 11
62.9509
 21
24.9442
 31
0.0
  0
LINE
  5
17DE
  8
0
 10
62.9509
 20
24.9442
 30
0.0
 11
62.1257
 21
24.119
 31
0.0
  0
LINE
  5
17DF
  8
0
 10
62.1257
 20
24.119
 30
0.0
 11
62.1869
 21
23.9897
 31
0.0
  0
LINE
  5
17E0
  8
0
 10
62.1869
 20
23.9897
 30
0.0
 11
62.2714
 21
23.7535
 31
0.0
  0
LINE
  5
17E1
  8
0
 10
62.2714
 20
23.7535
 30
0.0
 11
62.3323
 21
23.5101
 31
0.0
  0
LINE
  5
17E2
  8
0
 10
62.3323
 20
23.5101
 30
0.0
 11
62.3692
 21
23.262
 31
0.0
  0
LINE
  5
17E3
  8
0
 10
62.3692
 20
23.262
 30
0.0
 11
62.3815
 21
23.0114
 31
0.0
  0
LINE
  5
17E4
  8
0
 10
62.3815
 20
23.0114
 30
0.0
 11
62.3692
 21
22.7608
 31
0.0
  0
LINE
  5
17E5
  8
0
 10
62.3692
 20
22.7608
 30
0.0
 11
62.3323
 21
22.5126
 31
0.0
  0
LINE
  5
17E6
  8
0
 10
62.3323
 20
22.5126
 30
0.0
 11
62.2714
 21
22.2693
 31
0.0
  0
LINE
  5
17E7
  8
0
 10
62.2714
 20
22.2693
 30
0.0
 11
62.1869
 21
22.0331
 31
0.0
  0
LINE
  5
17E8
  8
0
 10
62.1869
 20
22.0331
 30
0.0
 11
62.0796
 21
21.8062
 31
0.0
  0
LINE
  5
17E9
  8
0
 10
62.0796
 20
21.8062
 30
0.0
 11
61.9506
 21
21.5911
 31
0.0
  0
LINE
  5
17EA
  8
0
 10
61.9506
 20
21.5911
 30
0.0
 11
61.8012
 21
21.3896
 31
0.0
  0
LINE
  5
17EB
  8
0
 10
61.8012
 20
21.3896
 30
0.0
 11
61.6327
 21
21.2036
 31
0.0
  0
LINE
  5
17EC
  8
0
 10
61.6327
 20
21.2036
 30
0.0
 11
61.4468
 21
21.0352
 31
0.0
  0
LINE
  5
17ED
  8
0
 10
61.4468
 20
21.0352
 30
0.0
 11
61.2453
 21
20.8857
 31
0.0
  0
LINE
  5
17EE
  8
0
 10
61.2453
 20
20.8857
 30
0.0
 11
61.0301
 21
20.7567
 31
0.0
  0
LINE
  5
17EF
  8
0
 10
61.0301
 20
20.7567
 30
0.0
 11
60.8033
 21
20.6495
 31
0.0
  0
LINE
  5
17F0
  8
0
 10
60.8033
 20
20.6495
 30
0.0
 11
60.5671
 21
20.565
 31
0.0
  0
LINE
  5
17F1
  8
0
 10
60.5671
 20
20.565
 30
0.0
 11
60.3237
 21
20.504
 31
0.0
  0
LINE
  5
17F2
  8
0
 10
60.3237
 20
20.504
 30
0.0
 11
60.0756
 21
20.4672
 31
0.0
  0
LINE
  5
17F3
  8
0
 10
60.0756
 20
20.4672
 30
0.0
 11
59.825
 21
20.4549
 31
0.0
  0
LINE
  5
17F4
  8
0
 10
59.825
 20
20.4549
 30
0.0
 11
59.5744
 21
20.4672
 31
0.0
  0
LINE
  5
17F5
  8
0
 10
61.2711
 20
23.0114
 30
0.0
 11
59.825
 21
24.4575
 31
0.0
  0
LINE
  5
17F6
  8
0
 10
59.825
 20
24.4575
 30
0.0
 11
58.3788
 21
23.0114
 31
0.0
  0
LINE
  5
17F7
  8
0
 10
58.3788
 20
23.0114
 30
0.0
 11
59.825
 21
21.5652
 31
0.0
  0
LINE
  5
17F8
  8
0
 10
59.825
 20
21.5652
 30
0.0
 11
61.2711
 21
23.0114
 31
0.0
  0
LINE
  5
17F9
  8
0
 10
68.772
 20
20.4672
 30
0.0
 11
68.5239
 21
20.504
 31
0.0
  0
LINE
  5
17FA
  8
0
 10
68.5239
 20
20.504
 30
0.0
 11
68.2805
 21
20.565
 31
0.0
  0
LINE
  5
17FB
  8
0
 10
68.2805
 20
20.565
 30
0.0
 11
68.0443
 21
20.6495
 31
0.0
  0
LINE
  5
17FC
  8
0
 10
68.0443
 20
20.6495
 30
0.0
 11
67.8175
 21
20.7567
 31
0.0
  0
LINE
  5
17FD
  8
0
 10
67.8175
 20
20.7567
 30
0.0
 11
67.6023
 21
20.8857
 31
0.0
  0
LINE
  5
17FE
  8
0
 10
67.6023
 20
20.8857
 30
0.0
 11
67.4008
 21
21.0352
 31
0.0
  0
LINE
  5
17FF
  8
0
 10
67.4008
 20
21.0352
 30
0.0
 11
67.2149
 21
21.2036
 31
0.0
  0
LINE
  5
1800
  8
0
 10
67.2149
 20
21.2036
 30
0.0
 11
67.0464
 21
21.3896
 31
0.0
  0
LINE
  5
1801
  8
0
 10
67.0464
 20
21.3896
 30
0.0
 11
66.897
 21
21.5911
 31
0.0
  0
LINE
  5
1802
  8
0
 10
66.897
 20
21.5911
 30
0.0
 11
66.768
 21
21.8062
 31
0.0
  0
LINE
  5
1803
  8
0
 10
66.768
 20
21.8062
 30
0.0
 11
66.6607
 21
22.0331
 31
0.0
  0
LINE
  5
1804
  8
0
 10
66.6607
 20
22.0331
 30
0.0
 11
66.5762
 21
22.2693
 31
0.0
  0
LINE
  5
1805
  8
0
 10
66.5762
 20
22.2693
 30
0.0
 11
66.5153
 21
22.5126
 31
0.0
  0
LINE
  5
1806
  8
0
 10
66.5153
 20
22.5126
 30
0.0
 11
66.4784
 21
22.7608
 31
0.0
  0
LINE
  5
1807
  8
0
 10
66.4784
 20
22.7608
 30
0.0
 11
66.4661
 21
23.0114
 31
0.0
  0
LINE
  5
1808
  8
0
 10
66.4661
 20
23.0114
 30
0.0
 11
66.4784
 21
23.262
 31
0.0
  0
LINE
  5
1809
  8
0
 10
66.4784
 20
23.262
 30
0.0
 11
66.5152
 21
23.5101
 31
0.0
  0
LINE
  5
180A
  8
0
 10
66.5152
 20
23.5101
 30
0.0
 11
66.5762
 21
23.7535
 31
0.0
  0
LINE
  5
180B
  8
0
 10
66.5762
 20
23.7535
 30
0.0
 11
66.6607
 21
23.9897
 31
0.0
  0
LINE
  5
180C
  8
0
 10
66.6607
 20
23.9897
 30
0.0
 11
66.7219
 21
24.119
 31
0.0
  0
LINE
  5
180D
  8
0
 10
66.7219
 20
24.119
 30
0.0
 11
65.8967
 21
24.9442
 31
0.0
  0
LINE
  5
180E
  8
0
 10
65.8967
 20
24.9442
 30
0.0
 11
67.0898
 21
26.1373
 31
0.0
  0
LINE
  5
180F
  8
0
 10
67.0898
 20
26.1373
 30
0.0
 11
67.915
 21
25.3121
 31
0.0
  0
LINE
  5
1810
  8
0
 10
67.915
 20
25.3121
 30
0.0
 11
68.0443
 21
25.3733
 31
0.0
  0
LINE
  5
1811
  8
0
 10
68.0443
 20
25.3733
 30
0.0
 11
68.2805
 21
25.4578
 31
0.0
  0
LINE
  5
1812
  8
0
 10
68.2805
 20
25.4578
 30
0.0
 11
68.5238
 21
25.5187
 31
0.0
  0
LINE
  5
1813
  8
0
 10
68.5238
 20
25.5187
 30
0.0
 11
68.772
 21
25.5556
 31
0.0
  0
LINE
  5
1814
  8
0
 10
68.772
 20
25.5556
 30
0.0
 11
69.0226
 21
25.5679
 31
0.0
  0
LINE
  5
1815
  8
0
 10
69.0226
 20
25.5679
 30
0.0
 11
69.2732
 21
25.5556
 31
0.0
  0
LINE
  5
1816
  8
0
 10
69.2732
 20
25.5556
 30
0.0
 11
69.5214
 21
25.5187
 31
0.0
  0
LINE
  5
1817
  8
0
 10
69.5214
 20
25.5187
 30
0.0
 11
69.7647
 21
25.4578
 31
0.0
  0
LINE
  5
1818
  8
0
 10
69.7647
 20
25.4578
 30
0.0
 11
70.0009
 21
25.3733
 31
0.0
  0
LINE
  5
1819
  8
0
 10
70.0009
 20
25.3733
 30
0.0
 11
70.2277
 21
25.266
 31
0.0
  0
LINE
  5
181A
  8
0
 10
70.2277
 20
25.266
 30
0.0
 11
70.4429
 21
25.137
 31
0.0
  0
LINE
  5
181B
  8
0
 10
70.4429
 20
25.137
 30
0.0
 11
70.6444
 21
24.9876
 31
0.0
  0
LINE
  5
181C
  8
0
 10
70.6444
 20
24.9876
 30
0.0
 11
70.8303
 21
24.8191
 31
0.0
  0
LINE
  5
181D
  8
0
 10
70.8303
 20
24.8191
 30
0.0
 11
70.9988
 21
24.6332
 31
0.0
  0
LINE
  5
181E
  8
0
 10
70.9988
 20
24.6332
 30
0.0
 11
71.1483
 21
24.4317
 31
0.0
  0
LINE
  5
181F
  8
0
 10
71.1483
 20
24.4317
 30
0.0
 11
71.2773
 21
24.2165
 31
0.0
  0
LINE
  5
1820
  8
0
 10
71.2773
 20
24.2165
 30
0.0
 11
71.3845
 21
23.9897
 31
0.0
  0
LINE
  5
1821
  8
0
 10
71.3845
 20
23.9897
 30
0.0
 11
71.469
 21
23.7535
 31
0.0
  0
LINE
  5
1822
  8
0
 10
71.469
 20
23.7535
 30
0.0
 11
71.53
 21
23.5101
 31
0.0
  0
LINE
  5
1823
  8
0
 10
71.53
 20
23.5101
 30
0.0
 11
71.5668
 21
23.262
 31
0.0
  0
LINE
  5
1824
  8
0
 10
71.5668
 20
23.262
 30
0.0
 11
71.5791
 21
23.0114
 31
0.0
  0
LINE
  5
1825
  8
0
 10
71.5791
 20
23.0114
 30
0.0
 11
71.5668
 21
22.7608
 31
0.0
  0
LINE
  5
1826
  8
0
 10
71.5668
 20
22.7608
 30
0.0
 11
71.53
 21
22.5126
 31
0.0
  0
LINE
  5
1827
  8
0
 10
71.53
 20
22.5126
 30
0.0
 11
71.469
 21
22.2693
 31
0.0
  0
LINE
  5
1828
  8
0
 10
71.469
 20
22.2693
 30
0.0
 11
71.3845
 21
22.033
 31
0.0
  0
LINE
  5
1829
  8
0
 10
71.3845
 20
22.033
 30
0.0
 11
71.2773
 21
21.8062
 31
0.0
  0
LINE
  5
182A
  8
0
 10
71.2773
 20
21.8062
 30
0.0
 11
71.1483
 21
21.5911
 31
0.0
  0
LINE
  5
182B
  8
0
 10
71.1483
 20
21.5911
 30
0.0
 11
70.9988
 21
21.3895
 31
0.0
  0
LINE
  5
182C
  8
0
 10
70.9988
 20
21.3895
 30
0.0
 11
70.8303
 21
21.2036
 31
0.0
  0
LINE
  5
182D
  8
0
 10
70.8303
 20
21.2036
 30
0.0
 11
70.6445
 21
21.0352
 31
0.0
  0
LINE
  5
182E
  8
0
 10
70.6445
 20
21.0352
 30
0.0
 11
70.4429
 21
20.8857
 31
0.0
  0
LINE
  5
182F
  8
0
 10
70.4429
 20
20.8857
 30
0.0
 11
70.2278
 21
20.7567
 31
0.0
  0
LINE
  5
1830
  8
0
 10
70.2278
 20
20.7567
 30
0.0
 11
70.001
 21
20.6495
 31
0.0
  0
LINE
  5
1831
  8
0
 10
70.001
 20
20.6495
 30
0.0
 11
69.7647
 21
20.565
 31
0.0
  0
LINE
  5
1832
  8
0
 10
69.7647
 20
20.565
 30
0.0
 11
69.5214
 21
20.504
 31
0.0
  0
LINE
  5
1833
  8
0
 10
69.5214
 20
20.504
 30
0.0
 11
69.2732
 21
20.4672
 31
0.0
  0
LINE
  5
1834
  8
0
 10
69.2732
 20
20.4672
 30
0.0
 11
69.0226
 21
20.4549
 31
0.0
  0
LINE
  5
1835
  8
0
 10
69.0226
 20
20.4549
 30
0.0
 11
68.772
 21
20.4672
 31
0.0
  0
LINE
  5
1836
  8
0
 10
70.4688
 20
23.0114
 30
0.0
 11
69.0226
 21
24.4575
 31
0.0
  0
LINE
  5
1837
  8
0
 10
69.0226
 20
24.4575
 30
0.0
 11
67.5764
 21
23.0114
 31
0.0
  0
LINE
  5
1838
  8
0
 10
67.5764
 20
23.0114
 30
0.0
 11
69.0226
 21
21.5652
 31
0.0
  0
LINE
  5
1839
  8
0
 10
69.0226
 20
21.5652
 30
0.0
 11
70.4688
 21
23.0114
 31
0.0
  0
LINE
  5
183A
  8
0
 10
31.9584
 20
20.4672
 30
0.0
 11
31.7103
 21
20.504
 31
0.0
  0
LINE
  5
183B
  8
0
 10
31.7103
 20
20.504
 30
0.0
 11
31.4669
 21
20.565
 31
0.0
  0
LINE
  5
183C
  8
0
 10
31.4669
 20
20.565
 30
0.0
 11
31.2307
 21
20.6495
 31
0.0
  0
LINE
  5
183D
  8
0
 10
31.2307
 20
20.6495
 30
0.0
 11
31.0039
 21
20.7567
 31
0.0
  0
LINE
  5
183E
  8
0
 10
31.0039
 20
20.7567
 30
0.0
 11
30.7887
 21
20.8857
 31
0.0
  0
LINE
  5
183F
  8
0
 10
30.7887
 20
20.8857
 30
0.0
 11
30.5872
 21
21.0352
 31
0.0
  0
LINE
  5
1840
  8
0
 10
30.5872
 20
21.0352
 30
0.0
 11
30.4013
 21
21.2036
 31
0.0
  0
LINE
  5
1841
  8
0
 10
30.4013
 20
21.2036
 30
0.0
 11
30.2328
 21
21.3896
 31
0.0
  0
LINE
  5
1842
  8
0
 10
30.2328
 20
21.3896
 30
0.0
 11
30.0834
 21
21.5911
 31
0.0
  0
LINE
  5
1843
  8
0
 10
30.0834
 20
21.5911
 30
0.0
 11
29.9544
 21
21.8062
 31
0.0
  0
LINE
  5
1844
  8
0
 10
29.9544
 20
21.8062
 30
0.0
 11
29.8471
 21
22.0331
 31
0.0
  0
LINE
  5
1845
  8
0
 10
29.8471
 20
22.0331
 30
0.0
 11
29.7626
 21
22.2693
 31
0.0
  0
LINE
  5
1846
  8
0
 10
29.7626
 20
22.2693
 30
0.0
 11
29.7017
 21
22.5126
 31
0.0
  0
LINE
  5
1847
  8
0
 10
29.7017
 20
22.5126
 30
0.0
 11
29.6648
 21
22.7608
 31
0.0
  0
LINE
  5
1848
  8
0
 10
29.6648
 20
22.7608
 30
0.0
 11
29.6525
 21
23.0114
 31
0.0
  0
LINE
  5
1849
  8
0
 10
29.6525
 20
23.0114
 30
0.0
 11
29.6648
 21
23.262
 31
0.0
  0
LINE
  5
184A
  8
0
 10
29.6648
 20
23.262
 30
0.0
 11
29.7016
 21
23.5101
 31
0.0
  0
LINE
  5
184B
  8
0
 10
29.7016
 20
23.5101
 30
0.0
 11
29.7626
 21
23.7535
 31
0.0
  0
LINE
  5
184C
  8
0
 10
29.7626
 20
23.7535
 30
0.0
 11
29.8471
 21
23.9897
 31
0.0
  0
LINE
  5
184D
  8
0
 10
29.8471
 20
23.9897
 30
0.0
 11
29.9083
 21
24.119
 31
0.0
  0
LINE
  5
184E
  8
0
 10
29.9083
 20
24.119
 30
0.0
 11
29.0831
 21
24.9442
 31
0.0
  0
LINE
  5
184F
  8
0
 10
29.0831
 20
24.9442
 30
0.0
 11
30.2762
 21
26.1373
 31
0.0
  0
LINE
  5
1850
  8
0
 10
30.2762
 20
26.1373
 30
0.0
 11
31.1014
 21
25.3121
 31
0.0
  0
LINE
  5
1851
  8
0
 10
31.1014
 20
25.3121
 30
0.0
 11
31.2307
 21
25.3733
 31
0.0
  0
LINE
  5
1852
  8
0
 10
31.2307
 20
25.3733
 30
0.0
 11
31.4669
 21
25.4578
 31
0.0
  0
LINE
  5
1853
  8
0
 10
31.4669
 20
25.4578
 30
0.0
 11
31.7103
 21
25.5187
 31
0.0
  0
LINE
  5
1854
  8
0
 10
31.7103
 20
25.5187
 30
0.0
 11
31.9584
 21
25.5556
 31
0.0
  0
LINE
  5
1855
  8
0
 10
31.9584
 20
25.5556
 30
0.0
 11
32.209
 21
25.5679
 31
0.0
  0
LINE
  5
1856
  8
0
 10
32.209
 20
25.5679
 30
0.0
 11
32.4596
 21
25.5556
 31
0.0
  0
LINE
  5
1857
  8
0
 10
32.4596
 20
25.5556
 30
0.0
 11
32.7078
 21
25.5187
 31
0.0
  0
LINE
  5
1858
  8
0
 10
32.7078
 20
25.5187
 30
0.0
 11
32.9511
 21
25.4578
 31
0.0
  0
LINE
  5
1859
  8
0
 10
32.9511
 20
25.4578
 30
0.0
 11
33.1873
 21
25.3733
 31
0.0
  0
LINE
  5
185A
  8
0
 10
33.1873
 20
25.3733
 30
0.0
 11
33.4141
 21
25.266
 31
0.0
  0
LINE
  5
185B
  8
0
 10
33.4141
 20
25.266
 30
0.0
 11
33.6293
 21
25.137
 31
0.0
  0
LINE
  5
185C
  8
0
 10
33.6293
 20
25.137
 30
0.0
 11
33.8308
 21
24.9876
 31
0.0
  0
LINE
  5
185D
  8
0
 10
33.8308
 20
24.9876
 30
0.0
 11
34.0167
 21
24.8191
 31
0.0
  0
LINE
  5
185E
  8
0
 10
34.0167
 20
24.8191
 30
0.0
 11
34.1852
 21
24.6332
 31
0.0
  0
LINE
  5
185F
  8
0
 10
34.1852
 20
24.6332
 30
0.0
 11
34.3347
 21
24.4317
 31
0.0
  0
LINE
  5
1860
  8
0
 10
34.3347
 20
24.4317
 30
0.0
 11
34.4637
 21
24.2165
 31
0.0
  0
LINE
  5
1861
  8
0
 10
34.4637
 20
24.2165
 30
0.0
 11
34.5709
 21
23.9897
 31
0.0
  0
LINE
  5
1862
  8
0
 10
34.5709
 20
23.9897
 30
0.0
 11
34.6554
 21
23.7535
 31
0.0
  0
LINE
  5
1863
  8
0
 10
34.6554
 20
23.7535
 30
0.0
 11
34.7164
 21
23.5101
 31
0.0
  0
LINE
  5
1864
  8
0
 10
34.7164
 20
23.5101
 30
0.0
 11
34.7532
 21
23.262
 31
0.0
  0
LINE
  5
1865
  8
0
 10
34.7532
 20
23.262
 30
0.0
 11
34.7655
 21
23.0114
 31
0.0
  0
LINE
  5
1866
  8
0
 10
34.7655
 20
23.0114
 30
0.0
 11
34.7532
 21
22.7608
 31
0.0
  0
LINE
  5
1867
  8
0
 10
34.7532
 20
22.7608
 30
0.0
 11
34.7164
 21
22.5126
 31
0.0
  0
LINE
  5
1868
  8
0
 10
34.7164
 20
22.5126
 30
0.0
 11
34.6554
 21
22.2693
 31
0.0
  0
LINE
  5
1869
  8
0
 10
34.6554
 20
22.2693
 30
0.0
 11
34.5709
 21
22.033
 31
0.0
  0
LINE
  5
186A
  8
0
 10
34.5709
 20
22.033
 30
0.0
 11
34.4637
 21
21.8062
 31
0.0
  0
LINE
  5
186B
  8
0
 10
34.4637
 20
21.8062
 30
0.0
 11
34.3347
 21
21.5911
 31
0.0
  0
LINE
  5
186C
  8
0
 10
34.3347
 20
21.5911
 30
0.0
 11
34.1852
 21
21.3895
 31
0.0
  0
LINE
  5
186D
  8
0
 10
34.1852
 20
21.3895
 30
0.0
 11
34.0167
 21
21.2036
 31
0.0
  0
LINE
  5
186E
  8
0
 10
34.0167
 20
21.2036
 30
0.0
 11
33.8308
 21
21.0352
 31
0.0
  0
LINE
  5
186F
  8
0
 10
33.8308
 20
21.0352
 30
0.0
 11
33.6293
 21
20.8857
 31
0.0
  0
LINE
  5
1870
  8
0
 10
33.6293
 20
20.8857
 30
0.0
 11
33.4142
 21
20.7567
 31
0.0
  0
LINE
  5
1871
  8
0
 10
33.4142
 20
20.7567
 30
0.0
 11
33.1873
 21
20.6495
 31
0.0
  0
LINE
  5
1872
  8
0
 10
33.1873
 20
20.6495
 30
0.0
 11
32.9511
 21
20.565
 31
0.0
  0
LINE
  5
1873
  8
0
 10
32.9511
 20
20.565
 30
0.0
 11
32.7078
 21
20.504
 31
0.0
  0
LINE
  5
1874
  8
0
 10
32.7078
 20
20.504
 30
0.0
 11
32.4596
 21
20.4672
 31
0.0
  0
LINE
  5
1875
  8
0
 10
32.4596
 20
20.4672
 30
0.0
 11
32.209
 21
20.4549
 31
0.0
  0
LINE
  5
1876
  8
0
 10
32.209
 20
20.4549
 30
0.0
 11
31.9584
 21
20.4672
 31
0.0
  0
LINE
  5
1877
  8
0
 10
33.6552
 20
23.0114
 30
0.0
 11
32.209
 21
24.4575
 31
0.0
  0
LINE
  5
1878
  8
0
 10
32.209
 20
24.4575
 30
0.0
 11
30.7628
 21
23.0114
 31
0.0
  0
LINE
  5
1879
  8
0
 10
30.7628
 20
23.0114
 30
0.0
 11
32.209
 21
21.5652
 31
0.0
  0
LINE
  5
187A
  8
0
 10
32.209
 20
21.5652
 30
0.0
 11
33.6552
 21
23.0114
 31
0.0
  0
LINE
  5
187B
  8
0
 10
96.388
 20
20.4672
 30
0.0
 11
96.1398
 21
20.504
 31
0.0
  0
LINE
  5
187C
  8
0
 10
96.1398
 20
20.504
 30
0.0
 11
95.8965
 21
20.565
 31
0.0
  0
LINE
  5
187D
  8
0
 10
95.8965
 20
20.565
 30
0.0
 11
95.6602
 21
20.6495
 31
0.0
  0
LINE
  5
187E
  8
0
 10
95.6602
 20
20.6495
 30
0.0
 11
95.4334
 21
20.7567
 31
0.0
  0
LINE
  5
187F
  8
0
 10
95.4334
 20
20.7567
 30
0.0
 11
95.2183
 21
20.8857
 31
0.0
  0
LINE
  5
1880
  8
0
 10
95.2183
 20
20.8857
 30
0.0
 11
95.0167
 21
21.0352
 31
0.0
  0
LINE
  5
1881
  8
0
 10
95.0167
 20
21.0352
 30
0.0
 11
94.8309
 21
21.2036
 31
0.0
  0
LINE
  5
1882
  8
0
 10
94.8309
 20
21.2036
 30
0.0
 11
94.6624
 21
21.3895
 31
0.0
  0
LINE
  5
1883
  8
0
 10
94.6624
 20
21.3895
 30
0.0
 11
94.5129
 21
21.5911
 31
0.0
  0
LINE
  5
1884
  8
0
 10
94.5129
 20
21.5911
 30
0.0
 11
94.3839
 21
21.8062
 31
0.0
  0
LINE
  5
1885
  8
0
 10
94.3839
 20
21.8062
 30
0.0
 11
94.2767
 21
22.033
 31
0.0
  0
LINE
  5
1886
  8
0
 10
94.2767
 20
22.033
 30
0.0
 11
94.1922
 21
22.2693
 31
0.0
  0
LINE
  5
1887
  8
0
 10
94.1922
 20
22.2693
 30
0.0
 11
94.1312
 21
22.5126
 31
0.0
  0
LINE
  5
1888
  8
0
 10
94.1312
 20
22.5126
 30
0.0
 11
94.0944
 21
22.7608
 31
0.0
  0
LINE
  5
1889
  8
0
 10
94.0944
 20
22.7608
 30
0.0
 11
94.0821
 21
23.0114
 31
0.0
  0
LINE
  5
188A
  8
0
 10
94.0821
 20
23.0114
 30
0.0
 11
94.0944
 21
23.262
 31
0.0
  0
LINE
  5
188B
  8
0
 10
94.0944
 20
23.262
 30
0.0
 11
94.1312
 21
23.5101
 31
0.0
  0
LINE
  5
188C
  8
0
 10
94.1312
 20
23.5101
 30
0.0
 11
94.1922
 21
23.7535
 31
0.0
  0
LINE
  5
188D
  8
0
 10
94.1922
 20
23.7535
 30
0.0
 11
94.2767
 21
23.9897
 31
0.0
  0
LINE
  5
188E
  8
0
 10
94.2767
 20
23.9897
 30
0.0
 11
94.3839
 21
24.2165
 31
0.0
  0
LINE
  5
188F
  8
0
 10
94.3839
 20
24.2165
 30
0.0
 11
94.5129
 21
24.4317
 31
0.0
  0
LINE
  5
1890
  8
0
 10
94.5129
 20
24.4317
 30
0.0
 11
94.6624
 21
24.6332
 31
0.0
  0
LINE
  5
1891
  8
0
 10
94.6624
 20
24.6332
 30
0.0
 11
94.8309
 21
24.8191
 31
0.0
  0
LINE
  5
1892
  8
0
 10
94.8309
 20
24.8191
 30
0.0
 11
95.0168
 21
24.9876
 31
0.0
  0
LINE
  5
1893
  8
0
 10
95.0168
 20
24.9876
 30
0.0
 11
95.2183
 21
25.137
 31
0.0
  0
LINE
  5
1894
  8
0
 10
95.2183
 20
25.137
 30
0.0
 11
95.4334
 21
25.266
 31
0.0
  0
LINE
  5
1895
  8
0
 10
95.4334
 20
25.266
 30
0.0
 11
95.6602
 21
25.3733
 31
0.0
  0
LINE
  5
1896
  8
0
 10
95.6602
 20
25.3733
 30
0.0
 11
95.8965
 21
25.4578
 31
0.0
  0
LINE
  5
1897
  8
0
 10
95.8965
 20
25.4578
 30
0.0
 11
96.1398
 21
25.5187
 31
0.0
  0
LINE
  5
1898
  8
0
 10
96.1398
 20
25.5187
 30
0.0
 11
96.388
 21
25.5556
 31
0.0
  0
LINE
  5
1899
  8
0
 10
96.388
 20
25.5556
 30
0.0
 11
96.6386
 21
25.5679
 31
0.0
  0
LINE
  5
189A
  8
0
 10
96.6386
 20
25.5679
 30
0.0
 11
96.8892
 21
25.5556
 31
0.0
  0
LINE
  5
189B
  8
0
 10
96.8892
 20
25.5556
 30
0.0
 11
97.1373
 21
25.5187
 31
0.0
  0
LINE
  5
189C
  8
0
 10
97.1373
 20
25.5187
 30
0.0
 11
97.3807
 21
25.4578
 31
0.0
  0
LINE
  5
189D
  8
0
 10
97.3807
 20
25.4578
 30
0.0
 11
97.6169
 21
25.3733
 31
0.0
  0
LINE
  5
189E
  8
0
 10
97.6169
 20
25.3733
 30
0.0
 11
97.7462
 21
25.3121
 31
0.0
  0
LINE
  5
189F
  8
0
 10
97.7462
 20
25.3121
 30
0.0
 11
98.5714
 21
26.1373
 31
0.0
  0
LINE
  5
18A0
  8
0
 10
98.5714
 20
26.1373
 30
0.0
 11
99.7645
 21
24.9442
 31
0.0
  0
LINE
  5
18A1
  8
0
 10
99.7645
 20
24.9442
 30
0.0
 11
98.9393
 21
24.119
 31
0.0
  0
LINE
  5
18A2
  8
0
 10
98.9393
 20
24.119
 30
0.0
 11
99.0005
 21
23.9897
 31
0.0
  0
LINE
  5
18A3
  8
0
 10
99.0005
 20
23.9897
 30
0.0
 11
99.085
 21
23.7535
 31
0.0
  0
LINE
  5
18A4
  8
0
 10
99.085
 20
23.7535
 30
0.0
 11
99.146
 21
23.5101
 31
0.0
  0
LINE
  5
18A5
  8
0
 10
99.146
 20
23.5101
 30
0.0
 11
99.1828
 21
23.262
 31
0.0
  0
LINE
  5
18A6
  8
0
 10
99.1828
 20
23.262
 30
0.0
 11
99.1951
 21
23.0114
 31
0.0
  0
LINE
  5
18A7
  8
0
 10
99.1951
 20
23.0114
 30
0.0
 11
99.1828
 21
22.7608
 31
0.0
  0
LINE
  5
18A8
  8
0
 10
99.1828
 20
22.7608
 30
0.0
 11
99.1459
 21
22.5126
 31
0.0
  0
LINE
  5
18A9
  8
0
 10
99.1459
 20
22.5126
 30
0.0
 11
99.085
 21
22.2693
 31
0.0
  0
LINE
  5
18AA
  8
0
 10
99.085
 20
22.2693
 30
0.0
 11
99.0005
 21
22.0331
 31
0.0
  0
LINE
  5
18AB
  8
0
 10
99.0005
 20
22.0331
 30
0.0
 11
98.8932
 21
21.8062
 31
0.0
  0
LINE
  5
18AC
  8
0
 10
98.8932
 20
21.8062
 30
0.0
 11
98.7642
 21
21.5911
 31
0.0
  0
LINE
  5
18AD
  8
0
 10
98.7642
 20
21.5911
 30
0.0
 11
98.6148
 21
21.3896
 31
0.0
  0
LINE
  5
18AE
  8
0
 10
98.6148
 20
21.3896
 30
0.0
 11
98.4463
 21
21.2036
 31
0.0
  0
LINE
  5
18AF
  8
0
 10
98.4463
 20
21.2036
 30
0.0
 11
98.2604
 21
21.0352
 31
0.0
  0
LINE
  5
18B0
  8
0
 10
98.2604
 20
21.0352
 30
0.0
 11
98.0589
 21
20.8857
 31
0.0
  0
LINE
  5
18B1
  8
0
 10
98.0589
 20
20.8857
 30
0.0
 11
97.8437
 21
20.7567
 31
0.0
  0
LINE
  5
18B2
  8
0
 10
97.8437
 20
20.7567
 30
0.0
 11
97.6169
 21
20.6495
 31
0.0
  0
LINE
  5
18B3
  8
0
 10
97.6169
 20
20.6495
 30
0.0
 11
97.3807
 21
20.565
 31
0.0
  0
LINE
  5
18B4
  8
0
 10
97.3807
 20
20.565
 30
0.0
 11
97.1373
 21
20.504
 31
0.0
  0
LINE
  5
18B5
  8
0
 10
97.1373
 20
20.504
 30
0.0
 11
96.8892
 21
20.4672
 31
0.0
  0
LINE
  5
18B6
  8
0
 10
96.8892
 20
20.4672
 30
0.0
 11
96.6386
 21
20.4549
 31
0.0
  0
LINE
  5
18B7
  8
0
 10
96.6386
 20
20.4549
 30
0.0
 11
96.388
 21
20.4672
 31
0.0
  0
LINE
  5
18B8
  8
0
 10
98.0847
 20
23.0114
 30
0.0
 11
96.6386
 21
24.4575
 31
0.0
  0
LINE
  5
18B9
  8
0
 10
96.6386
 20
24.4575
 30
0.0
 11
95.1924
 21
23.0114
 31
0.0
  0
LINE
  5
18BA
  8
0
 10
95.1924
 20
23.0114
 30
0.0
 11
96.6386
 21
21.5652
 31
0.0
  0
LINE
  5
18BB
  8
0
 10
96.6386
 20
21.5652
 30
0.0
 11
98.0847
 21
23.0114
 31
0.0
  0
LINE
  5
18BC
  8
0
 10
13.5516
 20
20.4672
 30
0.0
 11
13.3035
 21
20.504
 31
0.0
  0
LINE
  5
18BD
  8
0
 10
13.3035
 20
20.504
 30
0.0
 11
13.0601
 21
20.565
 31
0.0
  0
LINE
  5
18BE
  8
0
 10
13.0601
 20
20.565
 30
0.0
 11
12.8239
 21
20.6495
 31
0.0
  0
LINE
  5
18BF
  8
0
 10
12.8239
 20
20.6495
 30
0.0
 11
12.5971
 21
20.7567
 31
0.0
  0
LINE
  5
18C0
  8
0
 10
12.5971
 20
20.7567
 30
0.0
 11
12.3819
 21
20.8857
 31
0.0
  0
LINE
  5
18C1
  8
0
 10
12.3819
 20
20.8857
 30
0.0
 11
12.1804
 21
21.0352
 31
0.0
  0
LINE
  5
18C2
  8
0
 10
12.1804
 20
21.0352
 30
0.0
 11
11.9945
 21
21.2036
 31
0.0
  0
LINE
  5
18C3
  8
0
 10
11.9945
 20
21.2036
 30
0.0
 11
11.826
 21
21.3896
 31
0.0
  0
LINE
  5
18C4
  8
0
 10
11.826
 20
21.3896
 30
0.0
 11
11.6766
 21
21.5911
 31
0.0
  0
LINE
  5
18C5
  8
0
 10
11.6766
 20
21.5911
 30
0.0
 11
11.5476
 21
21.8062
 31
0.0
  0
LINE
  5
18C6
  8
0
 10
11.5476
 20
21.8062
 30
0.0
 11
11.4403
 21
22.0331
 31
0.0
  0
LINE
  5
18C7
  8
0
 10
11.4403
 20
22.0331
 30
0.0
 11
11.3558
 21
22.2693
 31
0.0
  0
LINE
  5
18C8
  8
0
 10
11.3558
 20
22.2693
 30
0.0
 11
11.2949
 21
22.5126
 31
0.0
  0
LINE
  5
18C9
  8
0
 10
11.2949
 20
22.5126
 30
0.0
 11
11.258
 21
22.7608
 31
0.0
  0
LINE
  5
18CA
  8
0
 10
11.258
 20
22.7608
 30
0.0
 11
11.2457
 21
23.0114
 31
0.0
  0
LINE
  5
18CB
  8
0
 10
11.2457
 20
23.0114
 30
0.0
 11
11.258
 21
23.262
 31
0.0
  0
LINE
  5
18CC
  8
0
 10
11.258
 20
23.262
 30
0.0
 11
11.2948
 21
23.5101
 31
0.0
  0
LINE
  5
18CD
  8
0
 10
11.2948
 20
23.5101
 30
0.0
 11
11.3558
 21
23.7535
 31
0.0
  0
LINE
  5
18CE
  8
0
 10
11.3558
 20
23.7535
 30
0.0
 11
11.4403
 21
23.9897
 31
0.0
  0
LINE
  5
18CF
  8
0
 10
11.4403
 20
23.9897
 30
0.0
 11
11.5015
 21
24.119
 31
0.0
  0
LINE
  5
18D0
  8
0
 10
11.5015
 20
24.119
 30
0.0
 11
10.6763
 21
24.9442
 31
0.0
  0
LINE
  5
18D1
  8
0
 10
10.6763
 20
24.9442
 30
0.0
 11
11.8694
 21
26.1373
 31
0.0
  0
LINE
  5
18D2
  8
0
 10
11.8694
 20
26.1373
 30
0.0
 11
12.6946
 21
25.3121
 31
0.0
  0
LINE
  5
18D3
  8
0
 10
12.6946
 20
25.3121
 30
0.0
 11
12.8239
 21
25.3733
 31
0.0
  0
LINE
  5
18D4
  8
0
 10
12.8239
 20
25.3733
 30
0.0
 11
13.0601
 21
25.4578
 31
0.0
  0
LINE
  5
18D5
  8
0
 10
13.0601
 20
25.4578
 30
0.0
 11
13.3035
 21
25.5187
 31
0.0
  0
LINE
  5
18D6
  8
0
 10
13.3035
 20
25.5187
 30
0.0
 11
13.5516
 21
25.5556
 31
0.0
  0
LINE
  5
18D7
  8
0
 10
13.5516
 20
25.5556
 30
0.0
 11
13.8022
 21
25.5679
 31
0.0
  0
LINE
  5
18D8
  8
0
 10
13.8022
 20
25.5679
 30
0.0
 11
14.0528
 21
25.5556
 31
0.0
  0
LINE
  5
18D9
  8
0
 10
14.0528
 20
25.5556
 30
0.0
 11
14.301
 21
25.5187
 31
0.0
  0
LINE
  5
18DA
  8
0
 10
14.301
 20
25.5187
 30
0.0
 11
14.5443
 21
25.4578
 31
0.0
  0
LINE
  5
18DB
  8
0
 10
14.5443
 20
25.4578
 30
0.0
 11
14.7805
 21
25.3733
 31
0.0
  0
LINE
  5
18DC
  8
0
 10
14.7805
 20
25.3733
 30
0.0
 11
15.0073
 21
25.266
 31
0.0
  0
LINE
  5
18DD
  8
0
 10
15.0073
 20
25.266
 30
0.0
 11
15.2225
 21
25.137
 31
0.0
  0
LINE
  5
18DE
  8
0
 10
15.2225
 20
25.137
 30
0.0
 11
15.424
 21
24.9876
 31
0.0
  0
LINE
  5
18DF
  8
0
 10
15.424
 20
24.9876
 30
0.0
 11
15.6099
 21
24.8191
 31
0.0
  0
LINE
  5
18E0
  8
0
 10
15.6099
 20
24.8191
 30
0.0
 11
15.7784
 21
24.6332
 31
0.0
  0
LINE
  5
18E1
  8
0
 10
15.7784
 20
24.6332
 30
0.0
 11
15.9279
 21
24.4317
 31
0.0
  0
LINE
  5
18E2
  8
0
 10
15.9279
 20
24.4317
 30
0.0
 11
16.0569
 21
24.2165
 31
0.0
  0
LINE
  5
18E3
  8
0
 10
16.0569
 20
24.2165
 30
0.0
 11
16.1641
 21
23.9897
 31
0.0
  0
LINE
  5
18E4
  8
0
 10
16.1641
 20
23.9897
 30
0.0
 11
16.2486
 21
23.7535
 31
0.0
  0
LINE
  5
18E5
  8
0
 10
16.2486
 20
23.7535
 30
0.0
 11
16.3096
 21
23.5101
 31
0.0
  0
LINE
  5
18E6
  8
0
 10
16.3096
 20
23.5101
 30
0.0
 11
16.3464
 21
23.262
 31
0.0
  0
LINE
  5
18E7
  8
0
 10
16.3464
 20
23.262
 30
0.0
 11
16.3587
 21
23.0114
 31
0.0
  0
LINE
  5
18E8
  8
0
 10
16.3587
 20
23.0114
 30
0.0
 11
16.3464
 21
22.7608
 31
0.0
  0
LINE
  5
18E9
  8
0
 10
16.3464
 20
22.7608
 30
0.0
 11
16.3096
 21
22.5126
 31
0.0
  0
LINE
  5
18EA
  8
0
 10
16.3096
 20
22.5126
 30
0.0
 11
16.2486
 21
22.2693
 31
0.0
  0
LINE
  5
18EB
  8
0
 10
16.2486
 20
22.2693
 30
0.0
 11
16.1641
 21
22.033
 31
0.0
  0
LINE
  5
18EC
  8
0
 10
16.1641
 20
22.033
 30
0.0
 11
16.0569
 21
21.8062
 31
0.0
  0
LINE
  5
18ED
  8
0
 10
16.0569
 20
21.8062
 30
0.0
 11
15.9279
 21
21.5911
 31
0.0
  0
LINE
  5
18EE
  8
0
 10
15.9279
 20
21.5911
 30
0.0
 11
15.7784
 21
21.3895
 31
0.0
  0
LINE
  5
18EF
  8
0
 10
15.7784
 20
21.3895
 30
0.0
 11
15.6099
 21
21.2036
 31
0.0
  0
LINE
  5
18F0
  8
0
 10
15.6099
 20
21.2036
 30
0.0
 11
15.424
 21
21.0352
 31
0.0
  0
LINE
  5
18F1
  8
0
 10
15.424
 20
21.0352
 30
0.0
 11
15.2225
 21
20.8857
 31
0.0
  0
LINE
  5
18F2
  8
0
 10
15.2225
 20
20.8857
 30
0.0
 11
15.0074
 21
20.7567
 31
0.0
  0
LINE
  5
18F3
  8
0
 10
15.0074
 20
20.7567
 30
0.0
 11
14.7805
 21
20.6495
 31
0.0
  0
LINE
  5
18F4
  8
0
 10
14.7805
 20
20.6495
 30
0.0
 11
14.5443
 21
20.565
 31
0.0
  0
LINE
  5
18F5
  8
0
 10
14.5443
 20
20.565
 30
0.0
 11
14.301
 21
20.504
 31
0.0
  0
LINE
  5
18F6
  8
0
 10
14.301
 20
20.504
 30
0.0
 11
14.0528
 21
20.4672
 31
0.0
  0
LINE
  5
18F7
  8
0
 10
14.0528
 20
20.4672
 30
0.0
 11
13.8022
 21
20.4549
 31
0.0
  0
LINE
  5
18F8
  8
0
 10
13.8022
 20
20.4549
 30
0.0
 11
13.5516
 21
20.4672
 31
0.0
  0
LINE
  5
18F9
  8
0
 10
15.2484
 20
23.0114
 30
0.0
 11
13.8022
 21
24.4575
 31
0.0
  0
LINE
  5
18FA
  8
0
 10
13.8022
 20
24.4575
 30
0.0
 11
12.356
 21
23.0114
 31
0.0
  0
LINE
  5
18FB
  8
0
 10
12.356
 20
23.0114
 30
0.0
 11
13.8022
 21
21.5652
 31
0.0
  0
LINE
  5
18FC
  8
0
 10
13.8022
 20
21.5652
 30
0.0
 11
15.2484
 21
23.0114
 31
0.0
  0
LINE
  5
18FD
  8
0
 10
84.3035
 20
11.8694
 30
0.0
 11
85.1287
 21
12.6946
 31
0.0
  0
LINE
  5
18FE
  8
0
 10
85.1287
 20
12.6946
 30
0.0
 11
85.0675
 21
12.8239
 31
0.0
  0
LINE
  5
18FF
  8
0
 10
85.0675
 20
12.8239
 30
0.0
 11
84.983
 21
13.0601
 31
0.0
  0
LINE
  5
1900
  8
0
 10
84.983
 20
13.0601
 30
0.0
 11
84.922
 21
13.3035
 31
0.0
  0
LINE
  5
1901
  8
0
 10
84.922
 20
13.3035
 30
0.0
 11
84.8852
 21
13.5516
 31
0.0
  0
LINE
  5
1902
  8
0
 10
84.8852
 20
13.5516
 30
0.0
 11
84.8729
 21
13.8022
 31
0.0
  0
LINE
  5
1903
  8
0
 10
84.8729
 20
13.8022
 30
0.0
 11
84.8852
 21
14.0528
 31
0.0
  0
LINE
  5
1904
  8
0
 10
84.8852
 20
14.0528
 30
0.0
 11
84.9221
 21
14.301
 31
0.0
  0
LINE
  5
1905
  8
0
 10
84.9221
 20
14.301
 30
0.0
 11
84.983
 21
14.5443
 31
0.0
  0
LINE
  5
1906
  8
0
 10
84.983
 20
14.5443
 30
0.0
 11
85.0675
 21
14.7805
 31
0.0
  0
LINE
  5
1907
  8
0
 10
85.0675
 20
14.7805
 30
0.0
 11
85.1748
 21
15.0073
 31
0.0
  0
LINE
  5
1908
  8
0
 10
85.1748
 20
15.0073
 30
0.0
 11
85.3038
 21
15.2225
 31
0.0
  0
LINE
  5
1909
  8
0
 10
85.3038
 20
15.2225
 30
0.0
 11
85.4532
 21
15.424
 31
0.0
  0
LINE
  5
190A
  8
0
 10
85.4532
 20
15.424
 30
0.0
 11
85.6217
 21
15.6099
 31
0.0
  0
LINE
  5
190B
  8
0
 10
85.6217
 20
15.6099
 30
0.0
 11
85.8076
 21
15.7784
 31
0.0
  0
LINE
  5
190C
  8
0
 10
85.8076
 20
15.7784
 30
0.0
 11
86.0091
 21
15.9279
 31
0.0
  0
LINE
  5
190D
  8
0
 10
86.0091
 20
15.9279
 30
0.0
 11
86.2243
 21
16.0569
 31
0.0
  0
LINE
  5
190E
  8
0
 10
86.2243
 20
16.0569
 30
0.0
 11
86.4511
 21
16.1641
 31
0.0
  0
LINE
  5
190F
  8
0
 10
86.4511
 20
16.1641
 30
0.0
 11
86.6873
 21
16.2486
 31
0.0
  0
LINE
  5
1910
  8
0
 10
86.6873
 20
16.2486
 30
0.0
 11
86.9307
 21
16.3096
 31
0.0
  0
LINE
  5
1911
  8
0
 10
86.9307
 20
16.3096
 30
0.0
 11
87.1788
 21
16.3464
 31
0.0
  0
LINE
  5
1912
  8
0
 10
87.1788
 20
16.3464
 30
0.0
 11
87.4294
 21
16.3587
 31
0.0
  0
LINE
  5
1913
  8
0
 10
87.4294
 20
16.3587
 30
0.0
 11
87.68
 21
16.3464
 31
0.0
  0
LINE
  5
1914
  8
0
 10
87.68
 20
16.3464
 30
0.0
 11
87.9282
 21
16.3096
 31
0.0
  0
LINE
  5
1915
  8
0
 10
87.9282
 20
16.3096
 30
0.0
 11
88.1715
 21
16.2486
 31
0.0
  0
LINE
  5
1916
  8
0
 10
88.1715
 20
16.2486
 30
0.0
 11
88.4078
 21
16.1641
 31
0.0
  0
LINE
  5
1917
  8
0
 10
88.4078
 20
16.1641
 30
0.0
 11
88.6346
 21
16.0569
 31
0.0
  0
LINE
  5
1918
  8
0
 10
88.6346
 20
16.0569
 30
0.0
 11
88.8497
 21
15.9279
 31
0.0
  0
LINE
  5
1919
  8
0
 10
88.8497
 20
15.9279
 30
0.0
 11
89.0513
 21
15.7784
 31
0.0
  0
LINE
  5
191A
  8
0
 10
89.0513
 20
15.7784
 30
0.0
 11
89.2371
 21
15.6099
 31
0.0
  0
LINE
  5
191B
  8
0
 10
89.2371
 20
15.6099
 30
0.0
 11
89.4056
 21
15.424
 31
0.0
  0
LINE
  5
191C
  8
0
 10
89.4056
 20
15.424
 30
0.0
 11
89.5551
 21
15.2225
 31
0.0
  0
LINE
  5
191D
  8
0
 10
89.5551
 20
15.2225
 30
0.0
 11
89.6841
 21
15.0074
 31
0.0
  0
LINE
  5
191E
  8
0
 10
89.6841
 20
15.0074
 30
0.0
 11
89.7913
 21
14.7805
 31
0.0
  0
LINE
  5
191F
  8
0
 10
89.7913
 20
14.7805
 30
0.0
 11
89.8758
 21
14.5443
 31
0.0
  0
LINE
  5
1920
  8
0
 10
89.8758
 20
14.5443
 30
0.0
 11
89.9368
 21
14.301
 31
0.0
  0
LINE
  5
1921
  8
0
 10
89.9368
 20
14.301
 30
0.0
 11
89.9736
 21
14.0528
 31
0.0
  0
LINE
  5
1922
  8
0
 10
89.9736
 20
14.0528
 30
0.0
 11
89.9859
 21
13.8022
 31
0.0
  0
LINE
  5
1923
  8
0
 10
89.9859
 20
13.8022
 30
0.0
 11
89.9736
 21
13.5516
 31
0.0
  0
LINE
  5
1924
  8
0
 10
89.9736
 20
13.5516
 30
0.0
 11
89.9368
 21
13.3035
 31
0.0
  0
LINE
  5
1925
  8
0
 10
89.9368
 20
13.3035
 30
0.0
 11
89.8758
 21
13.0601
 31
0.0
  0
LINE
  5
1926
  8
0
 10
89.8758
 20
13.0601
 30
0.0
 11
89.7913
 21
12.8239
 31
0.0
  0
LINE
  5
1927
  8
0
 10
89.7913
 20
12.8239
 30
0.0
 11
89.6841
 21
12.5971
 31
0.0
  0
LINE
  5
1928
  8
0
 10
89.6841
 20
12.5971
 30
0.0
 11
89.5551
 21
12.3819
 31
0.0
  0
LINE
  5
1929
  8
0
 10
89.5551
 20
12.3819
 30
0.0
 11
89.4056
 21
12.1804
 31
0.0
  0
LINE
  5
192A
  8
0
 10
89.4056
 20
12.1804
 30
0.0
 11
89.2371
 21
11.9945
 31
0.0
  0
LINE
  5
192B
  8
0
 10
89.2371
 20
11.9945
 30
0.0
 11
89.0512
 21
11.826
 31
0.0
  0
LINE
  5
192C
  8
0
 10
89.0512
 20
11.826
 30
0.0
 11
88.8497
 21
11.6766
 31
0.0
  0
LINE
  5
192D
  8
0
 10
88.8497
 20
11.6766
 30
0.0
 11
88.6345
 21
11.5476
 31
0.0
  0
LINE
  5
192E
  8
0
 10
88.6345
 20
11.5476
 30
0.0
 11
88.4077
 21
11.4403
 31
0.0
  0
LINE
  5
192F
  8
0
 10
88.4077
 20
11.4403
 30
0.0
 11
88.1715
 21
11.3558
 31
0.0
  0
LINE
  5
1930
  8
0
 10
88.1715
 20
11.3558
 30
0.0
 11
87.9282
 21
11.2949
 31
0.0
  0
LINE
  5
1931
  8
0
 10
87.9282
 20
11.2949
 30
0.0
 11
87.68
 21
11.258
 31
0.0
  0
LINE
  5
1932
  8
0
 10
87.68
 20
11.258
 30
0.0
 11
87.4294
 21
11.2457
 31
0.0
  0
LINE
  5
1933
  8
0
 10
87.4294
 20
11.2457
 30
0.0
 11
87.1788
 21
11.258
 31
0.0
  0
LINE
  5
1934
  8
0
 10
87.1788
 20
11.258
 30
0.0
 11
86.9306
 21
11.2948
 31
0.0
  0
LINE
  5
1935
  8
0
 10
86.9306
 20
11.2948
 30
0.0
 11
86.6873
 21
11.3558
 31
0.0
  0
LINE
  5
1936
  8
0
 10
86.6873
 20
11.3558
 30
0.0
 11
86.4511
 21
11.4403
 31
0.0
  0
LINE
  5
1937
  8
0
 10
86.4511
 20
11.4403
 30
0.0
 11
86.3218
 21
11.5015
 31
0.0
  0
LINE
  5
1938
  8
0
 10
86.3218
 20
11.5015
 30
0.0
 11
85.4966
 21
10.6763
 31
0.0
  0
LINE
  5
1939
  8
0
 10
85.4966
 20
10.6763
 30
0.0
 11
84.3035
 21
11.8694
 31
0.0
  0
LINE
  5
193A
  8
0
 10
88.8756
 20
13.8022
 30
0.0
 11
87.4294
 21
15.2484
 31
0.0
  0
LINE
  5
193B
  8
0
 10
87.4294
 20
15.2484
 30
0.0
 11
85.9832
 21
13.8022
 31
0.0
  0
LINE
  5
193C
  8
0
 10
85.9832
 20
13.8022
 30
0.0
 11
87.4294
 21
12.356
 31
0.0
  0
LINE
  5
193D
  8
0
 10
87.4294
 20
12.356
 30
0.0
 11
88.8756
 21
13.8022
 31
0.0
  0
LINE
  5
193E
  8
0
 10
47.4899
 20
11.8694
 30
0.0
 11
48.3151
 21
12.6946
 31
0.0
  0
LINE
  5
193F
  8
0
 10
48.3151
 20
12.6946
 30
0.0
 11
48.2539
 21
12.8239
 31
0.0
  0
LINE
  5
1940
  8
0
 10
48.2539
 20
12.8239
 30
0.0
 11
48.1694
 21
13.0601
 31
0.0
  0
LINE
  5
1941
  8
0
 10
48.1694
 20
13.0601
 30
0.0
 11
48.1084
 21
13.3035
 31
0.0
  0
LINE
  5
1942
  8
0
 10
48.1084
 20
13.3035
 30
0.0
 11
48.0716
 21
13.5516
 31
0.0
  0
LINE
  5
1943
  8
0
 10
48.0716
 20
13.5516
 30
0.0
 11
48.0593
 21
13.8022
 31
0.0
  0
LINE
  5
1944
  8
0
 10
48.0593
 20
13.8022
 30
0.0
 11
48.0716
 21
14.0528
 31
0.0
  0
LINE
  5
1945
  8
0
 10
48.0716
 20
14.0528
 30
0.0
 11
48.1085
 21
14.301
 31
0.0
  0
LINE
  5
1946
  8
0
 10
48.1085
 20
14.301
 30
0.0
 11
48.1694
 21
14.5443
 31
0.0
  0
LINE
  5
1947
  8
0
 10
48.1694
 20
14.5443
 30
0.0
 11
48.2539
 21
14.7805
 31
0.0
  0
LINE
  5
1948
  8
0
 10
48.2539
 20
14.7805
 30
0.0
 11
48.3612
 21
15.0073
 31
0.0
  0
LINE
  5
1949
  8
0
 10
48.3612
 20
15.0073
 30
0.0
 11
48.4902
 21
15.2225
 31
0.0
  0
LINE
  5
194A
  8
0
 10
48.4902
 20
15.2225
 30
0.0
 11
48.6396
 21
15.424
 31
0.0
  0
LINE
  5
194B
  8
0
 10
48.6396
 20
15.424
 30
0.0
 11
48.8081
 21
15.6099
 31
0.0
  0
LINE
  5
194C
  8
0
 10
48.8081
 20
15.6099
 30
0.0
 11
48.994
 21
15.7784
 31
0.0
  0
LINE
  5
194D
  8
0
 10
48.994
 20
15.7784
 30
0.0
 11
49.1955
 21
15.9279
 31
0.0
  0
LINE
  5
194E
  8
0
 10
49.1955
 20
15.9279
 30
0.0
 11
49.4107
 21
16.0569
 31
0.0
  0
LINE
  5
194F
  8
0
 10
49.4107
 20
16.0569
 30
0.0
 11
49.6375
 21
16.1641
 31
0.0
  0
LINE
  5
1950
  8
0
 10
49.6375
 20
16.1641
 30
0.0
 11
49.8737
 21
16.2486
 31
0.0
  0
LINE
  5
1951
  8
0
 10
49.8737
 20
16.2486
 30
0.0
 11
50.1171
 21
16.3096
 31
0.0
  0
LINE
  5
1952
  8
0
 10
50.1171
 20
16.3096
 30
0.0
 11
50.3652
 21
16.3464
 31
0.0
  0
LINE
  5
1953
  8
0
 10
50.3652
 20
16.3464
 30
0.0
 11
50.6158
 21
16.3587
 31
0.0
  0
LINE
  5
1954
  8
0
 10
50.6158
 20
16.3587
 30
0.0
 11
50.8664
 21
16.3464
 31
0.0
  0
LINE
  5
1955
  8
0
 10
50.8664
 20
16.3464
 30
0.0
 11
51.1146
 21
16.3096
 31
0.0
  0
LINE
  5
1956
  8
0
 10
51.1146
 20
16.3096
 30
0.0
 11
51.3579
 21
16.2486
 31
0.0
  0
LINE
  5
1957
  8
0
 10
51.3579
 20
16.2486
 30
0.0
 11
51.5941
 21
16.1641
 31
0.0
  0
LINE
  5
1958
  8
0
 10
51.5941
 20
16.1641
 30
0.0
 11
51.821
 21
16.0569
 31
0.0
  0
LINE
  5
1959
  8
0
 10
51.821
 20
16.0569
 30
0.0
 11
52.0361
 21
15.9279
 31
0.0
  0
LINE
  5
195A
  8
0
 10
52.0361
 20
15.9279
 30
0.0
 11
52.2376
 21
15.7784
 31
0.0
  0
LINE
  5
195B
  8
0
 10
52.2376
 20
15.7784
 30
0.0
 11
52.4235
 21
15.6099
 31
0.0
  0
LINE
  5
195C
  8
0
 10
52.4235
 20
15.6099
 30
0.0
 11
52.592
 21
15.424
 31
0.0
  0
LINE
  5
195D
  8
0
 10
52.592
 20
15.424
 30
0.0
 11
52.7415
 21
15.2225
 31
0.0
  0
LINE
  5
195E
  8
0
 10
52.7415
 20
15.2225
 30
0.0
 11
52.8705
 21
15.0074
 31
0.0
  0
LINE
  5
195F
  8
0
 10
52.8705
 20
15.0074
 30
0.0
 11
52.9777
 21
14.7805
 31
0.0
  0
LINE
  5
1960
  8
0
 10
52.9777
 20
14.7805
 30
0.0
 11
53.0622
 21
14.5443
 31
0.0
  0
LINE
  5
1961
  8
0
 10
53.0622
 20
14.5443
 30
0.0
 11
53.1232
 21
14.301
 31
0.0
  0
LINE
  5
1962
  8
0
 10
53.1232
 20
14.301
 30
0.0
 11
53.16
 21
14.0528
 31
0.0
  0
LINE
  5
1963
  8
0
 10
53.16
 20
14.0528
 30
0.0
 11
53.1723
 21
13.8022
 31
0.0
  0
LINE
  5
1964
  8
0
 10
53.1723
 20
13.8022
 30
0.0
 11
53.16
 21
13.5516
 31
0.0
  0
LINE
  5
1965
  8
0
 10
53.16
 20
13.5516
 30
0.0
 11
53.1232
 21
13.3035
 31
0.0
  0
LINE
  5
1966
  8
0
 10
53.1232
 20
13.3035
 30
0.0
 11
53.0622
 21
13.0601
 31
0.0
  0
LINE
  5
1967
  8
0
 10
53.0622
 20
13.0601
 30
0.0
 11
52.9777
 21
12.8239
 31
0.0
  0
LINE
  5
1968
  8
0
 10
52.9777
 20
12.8239
 30
0.0
 11
52.8705
 21
12.5971
 31
0.0
  0
LINE
  5
1969
  8
0
 10
52.8705
 20
12.5971
 30
0.0
 11
52.7415
 21
12.3819
 31
0.0
  0
LINE
  5
196A
  8
0
 10
52.7415
 20
12.3819
 30
0.0
 11
52.592
 21
12.1804
 31
0.0
  0
LINE
  5
196B
  8
0
 10
52.592
 20
12.1804
 30
0.0
 11
52.4235
 21
11.9945
 31
0.0
  0
LINE
  5
196C
  8
0
 10
52.4235
 20
11.9945
 30
0.0
 11
52.2376
 21
11.826
 31
0.0
  0
LINE
  5
196D
  8
0
 10
52.2376
 20
11.826
 30
0.0
 11
52.0361
 21
11.6766
 31
0.0
  0
LINE
  5
196E
  8
0
 10
52.0361
 20
11.6766
 30
0.0
 11
51.8209
 21
11.5476
 31
0.0
  0
LINE
  5
196F
  8
0
 10
51.8209
 20
11.5476
 30
0.0
 11
51.5941
 21
11.4403
 31
0.0
  0
LINE
  5
1970
  8
0
 10
51.5941
 20
11.4403
 30
0.0
 11
51.3579
 21
11.3558
 31
0.0
  0
LINE
  5
1971
  8
0
 10
51.3579
 20
11.3558
 30
0.0
 11
51.1146
 21
11.2949
 31
0.0
  0
LINE
  5
1972
  8
0
 10
51.1146
 20
11.2949
 30
0.0
 11
50.8664
 21
11.258
 31
0.0
  0
LINE
  5
1973
  8
0
 10
50.8664
 20
11.258
 30
0.0
 11
50.6158
 21
11.2457
 31
0.0
  0
LINE
  5
1974
  8
0
 10
50.6158
 20
11.2457
 30
0.0
 11
50.3652
 21
11.258
 31
0.0
  0
LINE
  5
1975
  8
0
 10
50.3652
 20
11.258
 30
0.0
 11
50.1171
 21
11.2948
 31
0.0
  0
LINE
  5
1976
  8
0
 10
50.1171
 20
11.2948
 30
0.0
 11
49.8737
 21
11.3558
 31
0.0
  0
LINE
  5
1977
  8
0
 10
49.8737
 20
11.3558
 30
0.0
 11
49.6375
 21
11.4403
 31
0.0
  0
LINE
  5
1978
  8
0
 10
49.6375
 20
11.4403
 30
0.0
 11
49.5082
 21
11.5015
 31
0.0
  0
LINE
  5
1979
  8
0
 10
49.5082
 20
11.5015
 30
0.0
 11
48.683
 21
10.6763
 31
0.0
  0
LINE
  5
197A
  8
0
 10
48.683
 20
10.6763
 30
0.0
 11
47.4899
 21
11.8694
 31
0.0
  0
LINE
  5
197B
  8
0
 10
52.062
 20
13.8022
 30
0.0
 11
50.6158
 21
15.2484
 31
0.0
  0
LINE
  5
197C
  8
0
 10
50.6158
 20
15.2484
 30
0.0
 11
49.1696
 21
13.8022
 31
0.0
  0
LINE
  5
197D
  8
0
 10
49.1696
 20
13.8022
 30
0.0
 11
50.6158
 21
12.356
 31
0.0
  0
LINE
  5
197E
  8
0
 10
50.6158
 20
12.356
 30
0.0
 11
52.062
 21
13.8022
 31
0.0
  0
LINE
  5
197F
  8
0
 10
29.0831
 20
11.8694
 30
0.0
 11
29.9083
 21
12.6946
 31
0.0
  0
LINE
  5
1980
  8
0
 10
29.9083
 20
12.6946
 30
0.0
 11
29.8471
 21
12.8239
 31
0.0
  0
LINE
  5
1981
  8
0
 10
29.8471
 20
12.8239
 30
0.0
 11
29.7626
 21
13.0601
 31
0.0
  0
LINE
  5
1982
  8
0
 10
29.7626
 20
13.0601
 30
0.0
 11
29.7016
 21
13.3035
 31
0.0
  0
LINE
  5
1983
  8
0
 10
29.7016
 20
13.3035
 30
0.0
 11
29.6648
 21
13.5516
 31
0.0
  0
LINE
  5
1984
  8
0
 10
29.6648
 20
13.5516
 30
0.0
 11
29.6525
 21
13.8022
 31
0.0
  0
LINE
  5
1985
  8
0
 10
29.6525
 20
13.8022
 30
0.0
 11
29.6648
 21
14.0528
 31
0.0
  0
LINE
  5
1986
  8
0
 10
29.6648
 20
14.0528
 30
0.0
 11
29.7017
 21
14.301
 31
0.0
  0
LINE
  5
1987
  8
0
 10
29.7017
 20
14.301
 30
0.0
 11
29.7626
 21
14.5443
 31
0.0
  0
LINE
  5
1988
  8
0
 10
29.7626
 20
14.5443
 30
0.0
 11
29.8471
 21
14.7805
 31
0.0
  0
LINE
  5
1989
  8
0
 10
29.8471
 20
14.7805
 30
0.0
 11
29.9544
 21
15.0073
 31
0.0
  0
LINE
  5
198A
  8
0
 10
29.9544
 20
15.0073
 30
0.0
 11
30.0834
 21
15.2225
 31
0.0
  0
LINE
  5
198B
  8
0
 10
30.0834
 20
15.2225
 30
0.0
 11
30.2328
 21
15.424
 31
0.0
  0
LINE
  5
198C
  8
0
 10
30.2328
 20
15.424
 30
0.0
 11
30.4013
 21
15.6099
 31
0.0
  0
LINE
  5
198D
  8
0
 10
30.4013
 20
15.6099
 30
0.0
 11
30.5872
 21
15.7784
 31
0.0
  0
LINE
  5
198E
  8
0
 10
30.5872
 20
15.7784
 30
0.0
 11
30.7887
 21
15.9279
 31
0.0
  0
LINE
  5
198F
  8
0
 10
30.7887
 20
15.9279
 30
0.0
 11
31.0039
 21
16.0569
 31
0.0
  0
LINE
  5
1990
  8
0
 10
31.0039
 20
16.0569
 30
0.0
 11
31.2307
 21
16.1641
 31
0.0
  0
LINE
  5
1991
  8
0
 10
31.2307
 20
16.1641
 30
0.0
 11
31.4669
 21
16.2486
 31
0.0
  0
LINE
  5
1992
  8
0
 10
31.4669
 20
16.2486
 30
0.0
 11
31.7103
 21
16.3096
 31
0.0
  0
LINE
  5
1993
  8
0
 10
31.7103
 20
16.3096
 30
0.0
 11
31.9584
 21
16.3464
 31
0.0
  0
LINE
  5
1994
  8
0
 10
31.9584
 20
16.3464
 30
0.0
 11
32.209
 21
16.3587
 31
0.0
  0
LINE
  5
1995
  8
0
 10
32.209
 20
16.3587
 30
0.0
 11
32.4596
 21
16.3464
 31
0.0
  0
LINE
  5
1996
  8
0
 10
32.4596
 20
16.3464
 30
0.0
 11
32.7078
 21
16.3096
 31
0.0
  0
LINE
  5
1997
  8
0
 10
32.7078
 20
16.3096
 30
0.0
 11
32.9511
 21
16.2486
 31
0.0
  0
LINE
  5
1998
  8
0
 10
32.9511
 20
16.2486
 30
0.0
 11
33.1873
 21
16.1641
 31
0.0
  0
LINE
  5
1999
  8
0
 10
33.1873
 20
16.1641
 30
0.0
 11
33.4142
 21
16.0569
 31
0.0
  0
LINE
  5
199A
  8
0
 10
33.4142
 20
16.0569
 30
0.0
 11
33.6293
 21
15.9279
 31
0.0
  0
LINE
  5
199B
  8
0
 10
33.6293
 20
15.9279
 30
0.0
 11
33.8308
 21
15.7784
 31
0.0
  0
LINE
  5
199C
  8
0
 10
33.8308
 20
15.7784
 30
0.0
 11
34.0167
 21
15.6099
 31
0.0
  0
LINE
  5
199D
  8
0
 10
34.0167
 20
15.6099
 30
0.0
 11
34.1852
 21
15.424
 31
0.0
  0
LINE
  5
199E
  8
0
 10
34.1852
 20
15.424
 30
0.0
 11
34.3347
 21
15.2225
 31
0.0
  0
LINE
  5
199F
  8
0
 10
34.3347
 20
15.2225
 30
0.0
 11
34.4637
 21
15.0074
 31
0.0
  0
LINE
  5
19A0
  8
0
 10
34.4637
 20
15.0074
 30
0.0
 11
34.5709
 21
14.7805
 31
0.0
  0
LINE
  5
19A1
  8
0
 10
34.5709
 20
14.7805
 30
0.0
 11
34.6554
 21
14.5443
 31
0.0
  0
LINE
  5
19A2
  8
0
 10
34.6554
 20
14.5443
 30
0.0
 11
34.7164
 21
14.301
 31
0.0
  0
LINE
  5
19A3
  8
0
 10
34.7164
 20
14.301
 30
0.0
 11
34.7532
 21
14.0528
 31
0.0
  0
LINE
  5
19A4
  8
0
 10
34.7532
 20
14.0528
 30
0.0
 11
34.7655
 21
13.8022
 31
0.0
  0
LINE
  5
19A5
  8
0
 10
34.7655
 20
13.8022
 30
0.0
 11
34.7532
 21
13.5516
 31
0.0
  0
LINE
  5
19A6
  8
0
 10
34.7532
 20
13.5516
 30
0.0
 11
34.7164
 21
13.3035
 31
0.0
  0
LINE
  5
19A7
  8
0
 10
34.7164
 20
13.3035
 30
0.0
 11
34.6554
 21
13.0601
 31
0.0
  0
LINE
  5
19A8
  8
0
 10
34.6554
 20
13.0601
 30
0.0
 11
34.5709
 21
12.8239
 31
0.0
  0
LINE
  5
19A9
  8
0
 10
34.5709
 20
12.8239
 30
0.0
 11
34.4637
 21
12.5971
 31
0.0
  0
LINE
  5
19AA
  8
0
 10
34.4637
 20
12.5971
 30
0.0
 11
34.3347
 21
12.3819
 31
0.0
  0
LINE
  5
19AB
  8
0
 10
34.3347
 20
12.3819
 30
0.0
 11
34.1852
 21
12.1804
 31
0.0
  0
LINE
  5
19AC
  8
0
 10
34.1852
 20
12.1804
 30
0.0
 11
34.0167
 21
11.9945
 31
0.0
  0
LINE
  5
19AD
  8
0
 10
34.0167
 20
11.9945
 30
0.0
 11
33.8308
 21
11.826
 31
0.0
  0
LINE
  5
19AE
  8
0
 10
33.8308
 20
11.826
 30
0.0
 11
33.6293
 21
11.6766
 31
0.0
  0
LINE
  5
19AF
  8
0
 10
33.6293
 20
11.6766
 30
0.0
 11
33.4141
 21
11.5476
 31
0.0
  0
LINE
  5
19B0
  8
0
 10
33.4141
 20
11.5476
 30
0.0
 11
33.1873
 21
11.4403
 31
0.0
  0
LINE
  5
19B1
  8
0
 10
33.1873
 20
11.4403
 30
0.0
 11
32.9511
 21
11.3558
 31
0.0
  0
LINE
  5
19B2
  8
0
 10
32.9511
 20
11.3558
 30
0.0
 11
32.7078
 21
11.2949
 31
0.0
  0
LINE
  5
19B3
  8
0
 10
32.7078
 20
11.2949
 30
0.0
 11
32.4596
 21
11.258
 31
0.0
  0
LINE
  5
19B4
  8
0
 10
32.4596
 20
11.258
 30
0.0
 11
32.209
 21
11.2457
 31
0.0
  0
LINE
  5
19B5
  8
0
 10
32.209
 20
11.2457
 30
0.0
 11
31.9584
 21
11.258
 31
0.0
  0
LINE
  5
19B6
  8
0
 10
31.9584
 20
11.258
 30
0.0
 11
31.7103
 21
11.2948
 31
0.0
  0
LINE
  5
19B7
  8
0
 10
31.7103
 20
11.2948
 30
0.0
 11
31.4669
 21
11.3558
 31
0.0
  0
LINE
  5
19B8
  8
0
 10
31.4669
 20
11.3558
 30
0.0
 11
31.2307
 21
11.4403
 31
0.0
  0
LINE
  5
19B9
  8
0
 10
31.2307
 20
11.4403
 30
0.0
 11
31.1014
 21
11.5015
 31
0.0
  0
LINE
  5
19BA
  8
0
 10
31.1014
 20
11.5015
 30
0.0
 11
30.2762
 21
10.6763
 31
0.0
  0
LINE
  5
19BB
  8
0
 10
30.2762
 20
10.6763
 30
0.0
 11
29.0831
 21
11.8694
 31
0.0
  0
LINE
  5
19BC
  8
0
 10
33.6552
 20
13.8022
 30
0.0
 11
32.209
 21
15.2484
 31
0.0
  0
LINE
  5
19BD
  8
0
 10
32.209
 20
15.2484
 30
0.0
 11
30.7628
 21
13.8022
 31
0.0
  0
LINE
  5
19BE
  8
0
 10
30.7628
 20
13.8022
 30
0.0
 11
32.209
 21
12.356
 31
0.0
  0
LINE
  5
19BF
  8
0
 10
32.209
 20
12.356
 30
0.0
 11
33.6552
 21
13.8022
 31
0.0
  0
LINE
  5
19C0
  8
0
 10
97.7462
 20
11.5015
 30
0.0
 11
97.6169
 21
11.4403
 31
0.0
  0
LINE
  5
19C1
  8
0
 10
97.6169
 20
11.4403
 30
0.0
 11
97.3807
 21
11.3558
 31
0.0
  0
LINE
  5
19C2
  8
0
 10
97.3807
 20
11.3558
 30
0.0
 11
97.1373
 21
11.2948
 31
0.0
  0
LINE
  5
19C3
  8
0
 10
97.1373
 20
11.2948
 30
0.0
 11
96.8892
 21
11.258
 31
0.0
  0
LINE
  5
19C4
  8
0
 10
96.8892
 20
11.258
 30
0.0
 11
96.6386
 21
11.2457
 31
0.0
  0
LINE
  5
19C5
  8
0
 10
96.6386
 20
11.2457
 30
0.0
 11
96.388
 21
11.258
 31
0.0
  0
LINE
  5
19C6
  8
0
 10
96.388
 20
11.258
 30
0.0
 11
96.1398
 21
11.2949
 31
0.0
  0
LINE
  5
19C7
  8
0
 10
96.1398
 20
11.2949
 30
0.0
 11
95.8965
 21
11.3558
 31
0.0
  0
LINE
  5
19C8
  8
0
 10
95.8965
 20
11.3558
 30
0.0
 11
95.6602
 21
11.4403
 31
0.0
  0
LINE
  5
19C9
  8
0
 10
95.6602
 20
11.4403
 30
0.0
 11
95.4334
 21
11.5476
 31
0.0
  0
LINE
  5
19CA
  8
0
 10
95.4334
 20
11.5476
 30
0.0
 11
95.2183
 21
11.6766
 31
0.0
  0
LINE
  5
19CB
  8
0
 10
95.2183
 20
11.6766
 30
0.0
 11
95.0168
 21
11.826
 31
0.0
  0
LINE
  5
19CC
  8
0
 10
95.0168
 20
11.826
 30
0.0
 11
94.8309
 21
11.9945
 31
0.0
  0
LINE
  5
19CD
  8
0
 10
94.8309
 20
11.9945
 30
0.0
 11
94.6624
 21
12.1804
 31
0.0
  0
LINE
  5
19CE
  8
0
 10
94.6624
 20
12.1804
 30
0.0
 11
94.5129
 21
12.3819
 31
0.0
  0
LINE
  5
19CF
  8
0
 10
94.5129
 20
12.3819
 30
0.0
 11
94.3839
 21
12.5971
 31
0.0
  0
LINE
  5
19D0
  8
0
 10
94.3839
 20
12.5971
 30
0.0
 11
94.2767
 21
12.8239
 31
0.0
  0
LINE
  5
19D1
  8
0
 10
94.2767
 20
12.8239
 30
0.0
 11
94.1922
 21
13.0601
 31
0.0
  0
LINE
  5
19D2
  8
0
 10
94.1922
 20
13.0601
 30
0.0
 11
94.1312
 21
13.3035
 31
0.0
  0
LINE
  5
19D3
  8
0
 10
94.1312
 20
13.3035
 30
0.0
 11
94.0944
 21
13.5516
 31
0.0
  0
LINE
  5
19D4
  8
0
 10
94.0944
 20
13.5516
 30
0.0
 11
94.0821
 21
13.8022
 31
0.0
  0
LINE
  5
19D5
  8
0
 10
94.0821
 20
13.8022
 30
0.0
 11
94.0944
 21
14.0528
 31
0.0
  0
LINE
  5
19D6
  8
0
 10
94.0944
 20
14.0528
 30
0.0
 11
94.1312
 21
14.301
 31
0.0
  0
LINE
  5
19D7
  8
0
 10
94.1312
 20
14.301
 30
0.0
 11
94.1922
 21
14.5443
 31
0.0
  0
LINE
  5
19D8
  8
0
 10
94.1922
 20
14.5443
 30
0.0
 11
94.2767
 21
14.7805
 31
0.0
  0
LINE
  5
19D9
  8
0
 10
94.2767
 20
14.7805
 30
0.0
 11
94.3839
 21
15.0074
 31
0.0
  0
LINE
  5
19DA
  8
0
 10
94.3839
 20
15.0074
 30
0.0
 11
94.5129
 21
15.2225
 31
0.0
  0
LINE
  5
19DB
  8
0
 10
94.5129
 20
15.2225
 30
0.0
 11
94.6624
 21
15.424
 31
0.0
  0
LINE
  5
19DC
  8
0
 10
94.6624
 20
15.424
 30
0.0
 11
94.8309
 21
15.6099
 31
0.0
  0
LINE
  5
19DD
  8
0
 10
94.8309
 20
15.6099
 30
0.0
 11
95.0167
 21
15.7784
 31
0.0
  0
LINE
  5
19DE
  8
0
 10
95.0167
 20
15.7784
 30
0.0
 11
95.2183
 21
15.9279
 31
0.0
  0
LINE
  5
19DF
  8
0
 10
95.2183
 20
15.9279
 30
0.0
 11
95.4334
 21
16.0569
 31
0.0
  0
LINE
  5
19E0
  8
0
 10
95.4334
 20
16.0569
 30
0.0
 11
95.6602
 21
16.1641
 31
0.0
  0
LINE
  5
19E1
  8
0
 10
95.6602
 20
16.1641
 30
0.0
 11
95.8965
 21
16.2486
 31
0.0
  0
LINE
  5
19E2
  8
0
 10
95.8965
 20
16.2486
 30
0.0
 11
96.1398
 21
16.3096
 31
0.0
  0
LINE
  5
19E3
  8
0
 10
96.1398
 20
16.3096
 30
0.0
 11
96.388
 21
16.3464
 31
0.0
  0
LINE
  5
19E4
  8
0
 10
96.388
 20
16.3464
 30
0.0
 11
96.6386
 21
16.3587
 31
0.0
  0
LINE
  5
19E5
  8
0
 10
96.6386
 20
16.3587
 30
0.0
 11
96.8892
 21
16.3464
 31
0.0
  0
LINE
  5
19E6
  8
0
 10
96.8892
 20
16.3464
 30
0.0
 11
97.1373
 21
16.3096
 31
0.0
  0
LINE
  5
19E7
  8
0
 10
97.1373
 20
16.3096
 30
0.0
 11
97.3807
 21
16.2486
 31
0.0
  0
LINE
  5
19E8
  8
0
 10
97.3807
 20
16.2486
 30
0.0
 11
97.6169
 21
16.1641
 31
0.0
  0
LINE
  5
19E9
  8
0
 10
97.6169
 20
16.1641
 30
0.0
 11
97.8437
 21
16.0569
 31
0.0
  0
LINE
  5
19EA
  8
0
 10
97.8437
 20
16.0569
 30
0.0
 11
98.0589
 21
15.9279
 31
0.0
  0
LINE
  5
19EB
  8
0
 10
98.0589
 20
15.9279
 30
0.0
 11
98.2604
 21
15.7784
 31
0.0
  0
LINE
  5
19EC
  8
0
 10
98.2604
 20
15.7784
 30
0.0
 11
98.4463
 21
15.6099
 31
0.0
  0
LINE
  5
19ED
  8
0
 10
98.4463
 20
15.6099
 30
0.0
 11
98.6148
 21
15.424
 31
0.0
  0
LINE
  5
19EE
  8
0
 10
98.6148
 20
15.424
 30
0.0
 11
98.7642
 21
15.2225
 31
0.0
  0
LINE
  5
19EF
  8
0
 10
98.7642
 20
15.2225
 30
0.0
 11
98.8932
 21
15.0073
 31
0.0
  0
LINE
  5
19F0
  8
0
 10
98.8932
 20
15.0073
 30
0.0
 11
99.0005
 21
14.7805
 31
0.0
  0
LINE
  5
19F1
  8
0
 10
99.0005
 20
14.7805
 30
0.0
 11
99.085
 21
14.5443
 31
0.0
  0
LINE
  5
19F2
  8
0
 10
99.085
 20
14.5443
 30
0.0
 11
99.1459
 21
14.301
 31
0.0
  0
LINE
  5
19F3
  8
0
 10
99.1459
 20
14.301
 30
0.0
 11
99.1828
 21
14.0528
 31
0.0
  0
LINE
  5
19F4
  8
0
 10
99.1828
 20
14.0528
 30
0.0
 11
99.1951
 21
13.8022
 31
0.0
  0
LINE
  5
19F5
  8
0
 10
99.1951
 20
13.8022
 30
0.0
 11
99.1828
 21
13.5516
 31
0.0
  0
LINE
  5
19F6
  8
0
 10
99.1828
 20
13.5516
 30
0.0
 11
99.146
 21
13.3035
 31
0.0
  0
LINE
  5
19F7
  8
0
 10
99.146
 20
13.3035
 30
0.0
 11
99.085
 21
13.0601
 31
0.0
  0
LINE
  5
19F8
  8
0
 10
99.085
 20
13.0601
 30
0.0
 11
99.0005
 21
12.8239
 31
0.0
  0
LINE
  5
19F9
  8
0
 10
99.0005
 20
12.8239
 30
0.0
 11
98.9393
 21
12.6946
 31
0.0
  0
LINE
  5
19FA
  8
0
 10
98.9393
 20
12.6946
 30
0.0
 11
99.7645
 21
11.8694
 31
0.0
  0
LINE
  5
19FB
  8
0
 10
99.7645
 20
11.8694
 30
0.0
 11
98.5714
 21
10.6763
 31
0.0
  0
LINE
  5
19FC
  8
0
 10
98.5714
 20
10.6763
 30
0.0
 11
97.7462
 21
11.5015
 31
0.0
  0
LINE
  5
19FD
  8
0
 10
98.0847
 20
13.8022
 30
0.0
 11
96.6386
 21
15.2484
 31
0.0
  0
LINE
  5
19FE
  8
0
 10
96.6386
 20
15.2484
 30
0.0
 11
95.1924
 21
13.8022
 31
0.0
  0
LINE
  5
19FF
  8
0
 10
95.1924
 20
13.8022
 30
0.0
 11
96.6386
 21
12.356
 31
0.0
  0
LINE
  5
1A00
  8
0
 10
96.6386
 20
12.356
 30
0.0
 11
98.0847
 21
13.8022
 31
0.0
  0
LINE
  5
1A01
  8
0
 10
42.5258
 20
11.5015
 30
0.0
 11
42.3965
 21
11.4403
 31
0.0
  0
LINE
  5
1A02
  8
0
 10
42.3965
 20
11.4403
 30
0.0
 11
42.1603
 21
11.3558
 31
0.0
  0
LINE
  5
1A03
  8
0
 10
42.1603
 20
11.3558
 30
0.0
 11
41.9169
 21
11.2948
 31
0.0
  0
LINE
  5
1A04
  8
0
 10
41.9169
 20
11.2948
 30
0.0
 11
41.6688
 21
11.258
 31
0.0
  0
LINE
  5
1A05
  8
0
 10
41.6688
 20
11.258
 30
0.0
 11
41.4182
 21
11.2457
 31
0.0
  0
LINE
  5
1A06
  8
0
 10
41.4182
 20
11.2457
 30
0.0
 11
41.1676
 21
11.258
 31
0.0
  0
LINE
  5
1A07
  8
0
 10
41.1676
 20
11.258
 30
0.0
 11
40.9194
 21
11.2949
 31
0.0
  0
LINE
  5
1A08
  8
0
 10
40.9194
 20
11.2949
 30
0.0
 11
40.6761
 21
11.3558
 31
0.0
  0
LINE
  5
1A09
  8
0
 10
40.6761
 20
11.3558
 30
0.0
 11
40.4398
 21
11.4403
 31
0.0
  0
LINE
  5
1A0A
  8
0
 10
40.4398
 20
11.4403
 30
0.0
 11
40.213
 21
11.5476
 31
0.0
  0
LINE
  5
1A0B
  8
0
 10
40.213
 20
11.5476
 30
0.0
 11
39.9979
 21
11.6766
 31
0.0
  0
LINE
  5
1A0C
  8
0
 10
39.9979
 20
11.6766
 30
0.0
 11
39.7964
 21
11.826
 31
0.0
  0
LINE
  5
1A0D
  8
0
 10
39.7964
 20
11.826
 30
0.0
 11
39.6105
 21
11.9945
 31
0.0
  0
LINE
  5
1A0E
  8
0
 10
39.6105
 20
11.9945
 30
0.0
 11
39.442
 21
12.1804
 31
0.0
  0
LINE
  5
1A0F
  8
0
 10
39.442
 20
12.1804
 30
0.0
 11
39.2925
 21
12.3819
 31
0.0
  0
LINE
  5
1A10
  8
0
 10
39.2925
 20
12.3819
 30
0.0
 11
39.1635
 21
12.5971
 31
0.0
  0
LINE
  5
1A11
  8
0
 10
39.1635
 20
12.5971
 30
0.0
 11
39.0563
 21
12.8239
 31
0.0
  0
LINE
  5
1A12
  8
0
 10
39.0563
 20
12.8239
 30
0.0
 11
38.9718
 21
13.0601
 31
0.0
  0
LINE
  5
1A13
  8
0
 10
38.9718
 20
13.0601
 30
0.0
 11
38.9108
 21
13.3035
 31
0.0
  0
LINE
  5
1A14
  8
0
 10
38.9108
 20
13.3035
 30
0.0
 11
38.874
 21
13.5516
 31
0.0
  0
LINE
  5
1A15
  8
0
 10
38.874
 20
13.5516
 30
0.0
 11
38.8617
 21
13.8022
 31
0.0
  0
LINE
  5
1A16
  8
0
 10
38.8617
 20
13.8022
 30
0.0
 11
38.874
 21
14.0528
 31
0.0
  0
LINE
  5
1A17
  8
0
 10
38.874
 20
14.0528
 30
0.0
 11
38.9108
 21
14.301
 31
0.0
  0
LINE
  5
1A18
  8
0
 10
38.9108
 20
14.301
 30
0.0
 11
38.9718
 21
14.5443
 31
0.0
  0
LINE
  5
1A19
  8
0
 10
38.9718
 20
14.5443
 30
0.0
 11
39.0563
 21
14.7805
 31
0.0
  0
LINE
  5
1A1A
  8
0
 10
39.0563
 20
14.7805
 30
0.0
 11
39.1635
 21
15.0074
 31
0.0
  0
LINE
  5
1A1B
  8
0
 10
39.1635
 20
15.0074
 30
0.0
 11
39.2925
 21
15.2225
 31
0.0
  0
LINE
  5
1A1C
  8
0
 10
39.2925
 20
15.2225
 30
0.0
 11
39.442
 21
15.424
 31
0.0
  0
LINE
  5
1A1D
  8
0
 10
39.442
 20
15.424
 30
0.0
 11
39.6105
 21
15.6099
 31
0.0
  0
LINE
  5
1A1E
  8
0
 10
39.6105
 20
15.6099
 30
0.0
 11
39.7963
 21
15.7784
 31
0.0
  0
LINE
  5
1A1F
  8
0
 10
39.7963
 20
15.7784
 30
0.0
 11
39.9979
 21
15.9279
 31
0.0
  0
LINE
  5
1A20
  8
0
 10
39.9979
 20
15.9279
 30
0.0
 11
40.213
 21
16.0569
 31
0.0
  0
LINE
  5
1A21
  8
0
 10
40.213
 20
16.0569
 30
0.0
 11
40.4398
 21
16.1641
 31
0.0
  0
LINE
  5
1A22
  8
0
 10
40.4398
 20
16.1641
 30
0.0
 11
40.6761
 21
16.2486
 31
0.0
  0
LINE
  5
1A23
  8
0
 10
40.6761
 20
16.2486
 30
0.0
 11
40.9194
 21
16.3096
 31
0.0
  0
LINE
  5
1A24
  8
0
 10
40.9194
 20
16.3096
 30
0.0
 11
41.1676
 21
16.3464
 31
0.0
  0
LINE
  5
1A25
  8
0
 10
41.1676
 20
16.3464
 30
0.0
 11
41.4182
 21
16.3587
 31
0.0
  0
LINE
  5
1A26
  8
0
 10
41.4182
 20
16.3587
 30
0.0
 11
41.6688
 21
16.3464
 31
0.0
  0
LINE
  5
1A27
  8
0
 10
41.6688
 20
16.3464
 30
0.0
 11
41.9169
 21
16.3096
 31
0.0
  0
LINE
  5
1A28
  8
0
 10
41.9169
 20
16.3096
 30
0.0
 11
42.1603
 21
16.2486
 31
0.0
  0
LINE
  5
1A29
  8
0
 10
42.1603
 20
16.2486
 30
0.0
 11
42.3965
 21
16.1641
 31
0.0
  0
LINE
  5
1A2A
  8
0
 10
42.3965
 20
16.1641
 30
0.0
 11
42.6233
 21
16.0569
 31
0.0
  0
LINE
  5
1A2B
  8
0
 10
42.6233
 20
16.0569
 30
0.0
 11
42.8385
 21
15.9279
 31
0.0
  0
LINE
  5
1A2C
  8
0
 10
42.8385
 20
15.9279
 30
0.0
 11
43.04
 21
15.7784
 31
0.0
  0
LINE
  5
1A2D
  8
0
 10
43.04
 20
15.7784
 30
0.0
 11
43.2259
 21
15.6099
 31
0.0
  0
LINE
  5
1A2E
  8
0
 10
43.2259
 20
15.6099
 30
0.0
 11
43.3944
 21
15.424
 31
0.0
  0
LINE
  5
1A2F
  8
0
 10
43.3944
 20
15.424
 30
0.0
 11
43.5438
 21
15.2225
 31
0.0
  0
LINE
  5
1A30
  8
0
 10
43.5438
 20
15.2225
 30
0.0
 11
43.6728
 21
15.0073
 31
0.0
  0
LINE
  5
1A31
  8
0
 10
43.6728
 20
15.0073
 30
0.0
 11
43.7801
 21
14.7805
 31
0.0
  0
LINE
  5
1A32
  8
0
 10
43.7801
 20
14.7805
 30
0.0
 11
43.8646
 21
14.5443
 31
0.0
  0
LINE
  5
1A33
  8
0
 10
43.8646
 20
14.5443
 30
0.0
 11
43.9255
 21
14.301
 31
0.0
  0
LINE
  5
1A34
  8
0
 10
43.9255
 20
14.301
 30
0.0
 11
43.9624
 21
14.0528
 31
0.0
  0
LINE
  5
1A35
  8
0
 10
43.9624
 20
14.0528
 30
0.0
 11
43.9747
 21
13.8022
 31
0.0
  0
LINE
  5
1A36
  8
0
 10
43.9747
 20
13.8022
 30
0.0
 11
43.9624
 21
13.5516
 31
0.0
  0
LINE
  5
1A37
  8
0
 10
43.9624
 20
13.5516
 30
0.0
 11
43.9255
 21
13.3035
 31
0.0
  0
LINE
  5
1A38
  8
0
 10
43.9255
 20
13.3035
 30
0.0
 11
43.8646
 21
13.0601
 31
0.0
  0
LINE
  5
1A39
  8
0
 10
43.8646
 20
13.0601
 30
0.0
 11
43.7801
 21
12.8239
 31
0.0
  0
LINE
  5
1A3A
  8
0
 10
43.7801
 20
12.8239
 30
0.0
 11
43.7189
 21
12.6946
 31
0.0
  0
LINE
  5
1A3B
  8
0
 10
43.7189
 20
12.6946
 30
0.0
 11
44.5441
 21
11.8694
 31
0.0
  0
LINE
  5
1A3C
  8
0
 10
44.5441
 20
11.8694
 30
0.0
 11
43.351
 21
10.6763
 31
0.0
  0
LINE
  5
1A3D
  8
0
 10
43.351
 20
10.6763
 30
0.0
 11
42.5258
 21
11.5015
 31
0.0
  0
LINE
  5
1A3E
  8
0
 10
42.8643
 20
13.8022
 30
0.0
 11
41.4182
 21
15.2484
 31
0.0
  0
LINE
  5
1A3F
  8
0
 10
41.4182
 20
15.2484
 30
0.0
 11
39.972
 21
13.8022
 31
0.0
  0
LINE
  5
1A40
  8
0
 10
39.972
 20
13.8022
 30
0.0
 11
41.4182
 21
12.356
 31
0.0
  0
LINE
  5
1A41
  8
0
 10
41.4182
 20
12.356
 30
0.0
 11
42.8643
 21
13.8022
 31
0.0
  0
LINE
  5
1A42
  8
0
 10
102.71
 20
11.8694
 30
0.0
 11
103.535
 21
12.6946
 31
0.0
  0
LINE
  5
1A43
  8
0
 10
103.535
 20
12.6946
 30
0.0
 11
103.474
 21
12.8239
 31
0.0
  0
LINE
  5
1A44
  8
0
 10
103.474
 20
12.8239
 30
0.0
 11
103.39
 21
13.0601
 31
0.0
  0
LINE
  5
1A45
  8
0
 10
103.39
 20
13.0601
 30
0.0
 11
103.329
 21
13.3035
 31
0.0
  0
LINE
  5
1A46
  8
0
 10
103.329
 20
13.3035
 30
0.0
 11
103.292
 21
13.5516
 31
0.0
  0
LINE
  5
1A47
  8
0
 10
103.292
 20
13.5516
 30
0.0
 11
103.28
 21
13.8022
 31
0.0
  0
LINE
  5
1A48
  8
0
 10
103.28
 20
13.8022
 30
0.0
 11
103.292
 21
14.0528
 31
0.0
  0
LINE
  5
1A49
  8
0
 10
103.292
 20
14.0528
 30
0.0
 11
103.329
 21
14.301
 31
0.0
  0
LINE
  5
1A4A
  8
0
 10
103.329
 20
14.301
 30
0.0
 11
103.39
 21
14.5443
 31
0.0
  0
LINE
  5
1A4B
  8
0
 10
103.39
 20
14.5443
 30
0.0
 11
103.474
 21
14.7805
 31
0.0
  0
LINE
  5
1A4C
  8
0
 10
103.474
 20
14.7805
 30
0.0
 11
103.582
 21
15.0073
 31
0.0
  0
LINE
  5
1A4D
  8
0
 10
103.582
 20
15.0073
 30
0.0
 11
103.711
 21
15.2225
 31
0.0
  0
LINE
  5
1A4E
  8
0
 10
103.711
 20
15.2225
 30
0.0
 11
103.86
 21
15.424
 31
0.0
  0
LINE
  5
1A4F
  8
0
 10
103.86
 20
15.424
 30
0.0
 11
104.028
 21
15.6099
 31
0.0
  0
LINE
  5
1A50
  8
0
 10
104.028
 20
15.6099
 30
0.0
 11
104.214
 21
15.7784
 31
0.0
  0
LINE
  5
1A51
  8
0
 10
104.214
 20
15.7784
 30
0.0
 11
104.416
 21
15.9279
 31
0.0
  0
LINE
  5
1A52
  8
0
 10
104.416
 20
15.9279
 30
0.0
 11
104.631
 21
16.0569
 31
0.0
  0
LINE
  5
1A53
  8
0
 10
104.631
 20
16.0569
 30
0.0
 11
104.858
 21
16.1641
 31
0.0
  0
LINE
  5
1A54
  8
0
 10
104.858
 20
16.1641
 30
0.0
 11
105.094
 21
16.2486
 31
0.0
  0
LINE
  5
1A55
  8
0
 10
105.094
 20
16.2486
 30
0.0
 11
105.337
 21
16.3096
 31
0.0
  0
LINE
  5
1A56
  8
0
 10
105.337
 20
16.3096
 30
0.0
 11
105.586
 21
16.3464
 31
0.0
  0
LINE
  5
1A57
  8
0
 10
105.586
 20
16.3464
 30
0.0
 11
105.836
 21
16.3587
 31
0.0
  0
LINE
  5
1A58
  8
0
 10
105.836
 20
16.3587
 30
0.0
 11
106.087
 21
16.3464
 31
0.0
  0
LINE
  5
1A59
  8
0
 10
106.087
 20
16.3464
 30
0.0
 11
106.335
 21
16.3096
 31
0.0
  0
LINE
  5
1A5A
  8
0
 10
106.335
 20
16.3096
 30
0.0
 11
106.578
 21
16.2486
 31
0.0
  0
LINE
  5
1A5B
  8
0
 10
106.578
 20
16.2486
 30
0.0
 11
106.815
 21
16.1641
 31
0.0
  0
LINE
  5
1A5C
  8
0
 10
106.815
 20
16.1641
 30
0.0
 11
107.041
 21
16.0569
 31
0.0
  0
LINE
  5
1A5D
  8
0
 10
107.041
 20
16.0569
 30
0.0
 11
107.257
 21
15.9279
 31
0.0
  0
LINE
  5
1A5E
  8
0
 10
107.257
 20
15.9279
 30
0.0
 11
107.458
 21
15.7784
 31
0.0
  0
LINE
  5
1A5F
  8
0
 10
107.458
 20
15.7784
 30
0.0
 11
107.644
 21
15.6099
 31
0.0
  0
LINE
  5
1A60
  8
0
 10
107.644
 20
15.6099
 30
0.0
 11
107.812
 21
15.424
 31
0.0
  0
LINE
  5
1A61
  8
0
 10
107.812
 20
15.424
 30
0.0
 11
107.962
 21
15.2225
 31
0.0
  0
LINE
  5
1A62
  8
0
 10
107.962
 20
15.2225
 30
0.0
 11
108.091
 21
15.0074
 31
0.0
  0
LINE
  5
1A63
  8
0
 10
108.091
 20
15.0074
 30
0.0
 11
108.198
 21
14.7805
 31
0.0
  0
LINE
  5
1A64
  8
0
 10
108.198
 20
14.7805
 30
0.0
 11
108.283
 21
14.5443
 31
0.0
  0
LINE
  5
1A65
  8
0
 10
108.283
 20
14.5443
 30
0.0
 11
108.344
 21
14.301
 31
0.0
  0
LINE
  5
1A66
  8
0
 10
108.344
 20
14.301
 30
0.0
 11
108.38
 21
14.0528
 31
0.0
  0
LINE
  5
1A67
  8
0
 10
108.38
 20
14.0528
 30
0.0
 11
108.393
 21
13.8022
 31
0.0
  0
LINE
  5
1A68
  8
0
 10
108.393
 20
13.8022
 30
0.0
 11
108.38
 21
13.5516
 31
0.0
  0
LINE
  5
1A69
  8
0
 10
108.38
 20
13.5516
 30
0.0
 11
108.344
 21
13.3035
 31
0.0
  0
LINE
  5
1A6A
  8
0
 10
108.344
 20
13.3035
 30
0.0
 11
108.283
 21
13.0601
 31
0.0
  0
LINE
  5
1A6B
  8
0
 10
108.283
 20
13.0601
 30
0.0
 11
108.198
 21
12.8239
 31
0.0
  0
LINE
  5
1A6C
  8
0
 10
108.198
 20
12.8239
 30
0.0
 11
108.091
 21
12.5971
 31
0.0
  0
LINE
  5
1A6D
  8
0
 10
108.091
 20
12.5971
 30
0.0
 11
107.962
 21
12.3819
 31
0.0
  0
LINE
  5
1A6E
  8
0
 10
107.962
 20
12.3819
 30
0.0
 11
107.812
 21
12.1804
 31
0.0
  0
LINE
  5
1A6F
  8
0
 10
107.812
 20
12.1804
 30
0.0
 11
107.644
 21
11.9945
 31
0.0
  0
LINE
  5
1A70
  8
0
 10
107.644
 20
11.9945
 30
0.0
 11
107.458
 21
11.826
 31
0.0
  0
LINE
  5
1A71
  8
0
 10
107.458
 20
11.826
 30
0.0
 11
107.257
 21
11.6766
 31
0.0
  0
LINE
  5
1A72
  8
0
 10
107.257
 20
11.6766
 30
0.0
 11
107.041
 21
11.5476
 31
0.0
  0
LINE
  5
1A73
  8
0
 10
107.041
 20
11.5476
 30
0.0
 11
106.815
 21
11.4403
 31
0.0
  0
LINE
  5
1A74
  8
0
 10
106.815
 20
11.4403
 30
0.0
 11
106.578
 21
11.3558
 31
0.0
  0
LINE
  5
1A75
  8
0
 10
106.578
 20
11.3558
 30
0.0
 11
106.335
 21
11.2949
 31
0.0
  0
LINE
  5
1A76
  8
0
 10
106.335
 20
11.2949
 30
0.0
 11
106.087
 21
11.258
 31
0.0
  0
LINE
  5
1A77
  8
0
 10
106.087
 20
11.258
 30
0.0
 11
105.836
 21
11.2457
 31
0.0
  0
LINE
  5
1A78
  8
0
 10
105.836
 20
11.2457
 30
0.0
 11
105.586
 21
11.258
 31
0.0
  0
LINE
  5
1A79
  8
0
 10
105.586
 20
11.258
 30
0.0
 11
105.337
 21
11.2948
 31
0.0
  0
LINE
  5
1A7A
  8
0
 10
105.337
 20
11.2948
 30
0.0
 11
105.094
 21
11.3558
 31
0.0
  0
LINE
  5
1A7B
  8
0
 10
105.094
 20
11.3558
 30
0.0
 11
104.858
 21
11.4403
 31
0.0
  0
LINE
  5
1A7C
  8
0
 10
104.858
 20
11.4403
 30
0.0
 11
104.729
 21
11.5015
 31
0.0
  0
LINE
  5
1A7D
  8
0
 10
104.729
 20
11.5015
 30
0.0
 11
103.903
 21
10.6763
 31
0.0
  0
LINE
  5
1A7E
  8
0
 10
103.903
 20
10.6763
 30
0.0
 11
102.71
 21
11.8694
 31
0.0
  0
LINE
  5
1A7F
  8
0
 10
107.282
 20
13.8022
 30
0.0
 11
105.836
 21
15.2484
 31
0.0
  0
LINE
  5
1A80
  8
0
 10
105.836
 20
15.2484
 30
0.0
 11
104.39
 21
13.8022
 31
0.0
  0
LINE
  5
1A81
  8
0
 10
104.39
 20
13.8022
 30
0.0
 11
105.836
 21
12.356
 31
0.0
  0
LINE
  5
1A82
  8
0
 10
105.836
 20
12.356
 30
0.0
 11
107.282
 21
13.8022
 31
0.0
  0
LINE
  5
1A83
  8
0
 10
60.9326
 20
11.5015
 30
0.0
 11
60.8033
 21
11.4403
 31
0.0
  0
LINE
  5
1A84
  8
0
 10
60.8033
 20
11.4403
 30
0.0
 11
60.5671
 21
11.3558
 31
0.0
  0
LINE
  5
1A85
  8
0
 10
60.5671
 20
11.3558
 30
0.0
 11
60.3237
 21
11.2948
 31
0.0
  0
LINE
  5
1A86
  8
0
 10
60.3237
 20
11.2948
 30
0.0
 11
60.0756
 21
11.258
 31
0.0
  0
LINE
  5
1A87
  8
0
 10
60.0756
 20
11.258
 30
0.0
 11
59.825
 21
11.2457
 31
0.0
  0
LINE
  5
1A88
  8
0
 10
59.825
 20
11.2457
 30
0.0
 11
59.5744
 21
11.258
 31
0.0
  0
LINE
  5
1A89
  8
0
 10
59.5744
 20
11.258
 30
0.0
 11
59.3262
 21
11.2949
 31
0.0
  0
LINE
  5
1A8A
  8
0
 10
59.3262
 20
11.2949
 30
0.0
 11
59.0829
 21
11.3558
 31
0.0
  0
LINE
  5
1A8B
  8
0
 10
59.0829
 20
11.3558
 30
0.0
 11
58.8466
 21
11.4403
 31
0.0
  0
LINE
  5
1A8C
  8
0
 10
58.8466
 20
11.4403
 30
0.0
 11
58.6198
 21
11.5476
 31
0.0
  0
LINE
  5
1A8D
  8
0
 10
58.6198
 20
11.5476
 30
0.0
 11
58.4047
 21
11.6766
 31
0.0
  0
LINE
  5
1A8E
  8
0
 10
58.4047
 20
11.6766
 30
0.0
 11
58.2032
 21
11.826
 31
0.0
  0
LINE
  5
1A8F
  8
0
 10
58.2032
 20
11.826
 30
0.0
 11
58.0173
 21
11.9945
 31
0.0
  0
LINE
  5
1A90
  8
0
 10
58.0173
 20
11.9945
 30
0.0
 11
57.8488
 21
12.1804
 31
0.0
  0
LINE
  5
1A91
  8
0
 10
57.8488
 20
12.1804
 30
0.0
 11
57.6993
 21
12.3819
 31
0.0
  0
LINE
  5
1A92
  8
0
 10
57.6993
 20
12.3819
 30
0.0
 11
57.5703
 21
12.5971
 31
0.0
  0
LINE
  5
1A93
  8
0
 10
57.5703
 20
12.5971
 30
0.0
 11
57.4631
 21
12.8239
 31
0.0
  0
LINE
  5
1A94
  8
0
 10
57.4631
 20
12.8239
 30
0.0
 11
57.3786
 21
13.0601
 31
0.0
  0
LINE
  5
1A95
  8
0
 10
57.3786
 20
13.0601
 30
0.0
 11
57.3176
 21
13.3035
 31
0.0
  0
LINE
  5
1A96
  8
0
 10
57.3176
 20
13.3035
 30
0.0
 11
57.2808
 21
13.5516
 31
0.0
  0
LINE
  5
1A97
  8
0
 10
57.2808
 20
13.5516
 30
0.0
 11
57.2685
 21
13.8022
 31
0.0
  0
LINE
  5
1A98
  8
0
 10
57.2685
 20
13.8022
 30
0.0
 11
57.2808
 21
14.0528
 31
0.0
  0
LINE
  5
1A99
  8
0
 10
57.2808
 20
14.0528
 30
0.0
 11
57.3176
 21
14.301
 31
0.0
  0
LINE
  5
1A9A
  8
0
 10
57.3176
 20
14.301
 30
0.0
 11
57.3786
 21
14.5443
 31
0.0
  0
LINE
  5
1A9B
  8
0
 10
57.3786
 20
14.5443
 30
0.0
 11
57.4631
 21
14.7805
 31
0.0
  0
LINE
  5
1A9C
  8
0
 10
57.4631
 20
14.7805
 30
0.0
 11
57.5703
 21
15.0074
 31
0.0
  0
LINE
  5
1A9D
  8
0
 10
57.5703
 20
15.0074
 30
0.0
 11
57.6993
 21
15.2225
 31
0.0
  0
LINE
  5
1A9E
  8
0
 10
57.6993
 20
15.2225
 30
0.0
 11
57.8488
 21
15.424
 31
0.0
  0
LINE
  5
1A9F
  8
0
 10
57.8488
 20
15.424
 30
0.0
 11
58.0173
 21
15.6099
 31
0.0
  0
LINE
  5
1AA0
  8
0
 10
58.0173
 20
15.6099
 30
0.0
 11
58.2031
 21
15.7784
 31
0.0
  0
LINE
  5
1AA1
  8
0
 10
58.2031
 20
15.7784
 30
0.0
 11
58.4047
 21
15.9279
 31
0.0
  0
LINE
  5
1AA2
  8
0
 10
58.4047
 20
15.9279
 30
0.0
 11
58.6198
 21
16.0569
 31
0.0
  0
LINE
  5
1AA3
  8
0
 10
58.6198
 20
16.0569
 30
0.0
 11
58.8466
 21
16.1641
 31
0.0
  0
LINE
  5
1AA4
  8
0
 10
58.8466
 20
16.1641
 30
0.0
 11
59.0829
 21
16.2486
 31
0.0
  0
LINE
  5
1AA5
  8
0
 10
59.0829
 20
16.2486
 30
0.0
 11
59.3262
 21
16.3096
 31
0.0
  0
LINE
  5
1AA6
  8
0
 10
59.3262
 20
16.3096
 30
0.0
 11
59.5744
 21
16.3464
 31
0.0
  0
LINE
  5
1AA7
  8
0
 10
59.5744
 20
16.3464
 30
0.0
 11
59.825
 21
16.3587
 31
0.0
  0
LINE
  5
1AA8
  8
0
 10
59.825
 20
16.3587
 30
0.0
 11
60.0756
 21
16.3464
 31
0.0
  0
LINE
  5
1AA9
  8
0
 10
60.0756
 20
16.3464
 30
0.0
 11
60.3237
 21
16.3096
 31
0.0
  0
LINE
  5
1AAA
  8
0
 10
60.3237
 20
16.3096
 30
0.0
 11
60.5671
 21
16.2486
 31
0.0
  0
LINE
  5
1AAB
  8
0
 10
60.5671
 20
16.2486
 30
0.0
 11
60.8033
 21
16.1641
 31
0.0
  0
LINE
  5
1AAC
  8
0
 10
60.8033
 20
16.1641
 30
0.0
 11
61.0301
 21
16.0569
 31
0.0
  0
LINE
  5
1AAD
  8
0
 10
61.0301
 20
16.0569
 30
0.0
 11
61.2453
 21
15.9279
 31
0.0
  0
LINE
  5
1AAE
  8
0
 10
61.2453
 20
15.9279
 30
0.0
 11
61.4468
 21
15.7784
 31
0.0
  0
LINE
  5
1AAF
  8
0
 10
61.4468
 20
15.7784
 30
0.0
 11
61.6327
 21
15.6099
 31
0.0
  0
LINE
  5
1AB0
  8
0
 10
61.6327
 20
15.6099
 30
0.0
 11
61.8012
 21
15.424
 31
0.0
  0
LINE
  5
1AB1
  8
0
 10
61.8012
 20
15.424
 30
0.0
 11
61.9506
 21
15.2225
 31
0.0
  0
LINE
  5
1AB2
  8
0
 10
61.9506
 20
15.2225
 30
0.0
 11
62.0796
 21
15.0073
 31
0.0
  0
LINE
  5
1AB3
  8
0
 10
62.0796
 20
15.0073
 30
0.0
 11
62.1869
 21
14.7805
 31
0.0
  0
LINE
  5
1AB4
  8
0
 10
62.1869
 20
14.7805
 30
0.0
 11
62.2714
 21
14.5443
 31
0.0
  0
LINE
  5
1AB5
  8
0
 10
62.2714
 20
14.5443
 30
0.0
 11
62.3323
 21
14.301
 31
0.0
  0
LINE
  5
1AB6
  8
0
 10
62.3323
 20
14.301
 30
0.0
 11
62.3692
 21
14.0528
 31
0.0
  0
LINE
  5
1AB7
  8
0
 10
62.3692
 20
14.0528
 30
0.0
 11
62.3815
 21
13.8022
 31
0.0
  0
LINE
  5
1AB8
  8
0
 10
62.3815
 20
13.8022
 30
0.0
 11
62.3692
 21
13.5516
 31
0.0
  0
LINE
  5
1AB9
  8
0
 10
62.3692
 20
13.5516
 30
0.0
 11
62.3323
 21
13.3035
 31
0.0
  0
LINE
  5
1ABA
  8
0
 10
62.3323
 20
13.3035
 30
0.0
 11
62.2714
 21
13.0601
 31
0.0
  0
LINE
  5
1ABB
  8
0
 10
62.2714
 20
13.0601
 30
0.0
 11
62.1869
 21
12.8239
 31
0.0
  0
LINE
  5
1ABC
  8
0
 10
62.1869
 20
12.8239
 30
0.0
 11
62.1257
 21
12.6946
 31
0.0
  0
LINE
  5
1ABD
  8
0
 10
62.1257
 20
12.6946
 30
0.0
 11
62.9509
 21
11.8694
 31
0.0
  0
LINE
  5
1ABE
  8
0
 10
62.9509
 20
11.8694
 30
0.0
 11
61.7578
 21
10.6763
 31
0.0
  0
LINE
  5
1ABF
  8
0
 10
61.7578
 20
10.6763
 30
0.0
 11
60.9326
 21
11.5015
 31
0.0
  0
LINE
  5
1AC0
  8
0
 10
61.2711
 20
13.8022
 30
0.0
 11
59.825
 21
15.2484
 31
0.0
  0
LINE
  5
1AC1
  8
0
 10
59.825
 20
15.2484
 30
0.0
 11
58.3788
 21
13.8022
 31
0.0
  0
LINE
  5
1AC2
  8
0
 10
58.3788
 20
13.8022
 30
0.0
 11
59.825
 21
12.356
 31
0.0
  0
LINE
  5
1AC3
  8
0
 10
59.825
 20
12.356
 30
0.0
 11
61.2711
 21
13.8022
 31
0.0
  0
LINE
  5
1AC4
  8
0
 10
79.3394
 20
11.5015
 30
0.0
 11
79.2101
 21
11.4403
 31
0.0
  0
LINE
  5
1AC5
  8
0
 10
79.2101
 20
11.4403
 30
0.0
 11
78.9739
 21
11.3558
 31
0.0
  0
LINE
  5
1AC6
  8
0
 10
78.9739
 20
11.3558
 30
0.0
 11
78.7305
 21
11.2948
 31
0.0
  0
LINE
  5
1AC7
  8
0
 10
78.7305
 20
11.2948
 30
0.0
 11
78.4824
 21
11.258
 31
0.0
  0
LINE
  5
1AC8
  8
0
 10
78.4824
 20
11.258
 30
0.0
 11
78.2318
 21
11.2457
 31
0.0
  0
LINE
  5
1AC9
  8
0
 10
78.2318
 20
11.2457
 30
0.0
 11
77.9812
 21
11.258
 31
0.0
  0
LINE
  5
1ACA
  8
0
 10
77.9812
 20
11.258
 30
0.0
 11
77.733
 21
11.2949
 31
0.0
  0
LINE
  5
1ACB
  8
0
 10
77.733
 20
11.2949
 30
0.0
 11
77.4897
 21
11.3558
 31
0.0
  0
LINE
  5
1ACC
  8
0
 10
77.4897
 20
11.3558
 30
0.0
 11
77.2534
 21
11.4403
 31
0.0
  0
LINE
  5
1ACD
  8
0
 10
77.2534
 20
11.4403
 30
0.0
 11
77.0266
 21
11.5476
 31
0.0
  0
LINE
  5
1ACE
  8
0
 10
77.0266
 20
11.5476
 30
0.0
 11
76.8115
 21
11.6766
 31
0.0
  0
LINE
  5
1ACF
  8
0
 10
76.8115
 20
11.6766
 30
0.0
 11
76.61
 21
11.826
 31
0.0
  0
LINE
  5
1AD0
  8
0
 10
76.61
 20
11.826
 30
0.0
 11
76.4241
 21
11.9945
 31
0.0
  0
LINE
  5
1AD1
  8
0
 10
76.4241
 20
11.9945
 30
0.0
 11
76.2556
 21
12.1804
 31
0.0
  0
LINE
  5
1AD2
  8
0
 10
76.2556
 20
12.1804
 30
0.0
 11
76.1061
 21
12.3819
 31
0.0
  0
LINE
  5
1AD3
  8
0
 10
76.1061
 20
12.3819
 30
0.0
 11
75.9771
 21
12.5971
 31
0.0
  0
LINE
  5
1AD4
  8
0
 10
75.9771
 20
12.5971
 30
0.0
 11
75.8699
 21
12.8239
 31
0.0
  0
LINE
  5
1AD5
  8
0
 10
75.8699
 20
12.8239
 30
0.0
 11
75.7854
 21
13.0601
 31
0.0
  0
LINE
  5
1AD6
  8
0
 10
75.7854
 20
13.0601
 30
0.0
 11
75.7244
 21
13.3035
 31
0.0
  0
LINE
  5
1AD7
  8
0
 10
75.7244
 20
13.3035
 30
0.0
 11
75.6876
 21
13.5516
 31
0.0
  0
LINE
  5
1AD8
  8
0
 10
75.6876
 20
13.5516
 30
0.0
 11
75.6753
 21
13.8022
 31
0.0
  0
LINE
  5
1AD9
  8
0
 10
75.6753
 20
13.8022
 30
0.0
 11
75.6876
 21
14.0528
 31
0.0
  0
LINE
  5
1ADA
  8
0
 10
75.6876
 20
14.0528
 30
0.0
 11
75.7244
 21
14.301
 31
0.0
  0
LINE
  5
1ADB
  8
0
 10
75.7244
 20
14.301
 30
0.0
 11
75.7854
 21
14.5443
 31
0.0
  0
LINE
  5
1ADC
  8
0
 10
75.7854
 20
14.5443
 30
0.0
 11
75.8699
 21
14.7805
 31
0.0
  0
LINE
  5
1ADD
  8
0
 10
75.8699
 20
14.7805
 30
0.0
 11
75.9771
 21
15.0074
 31
0.0
  0
LINE
  5
1ADE
  8
0
 10
75.9771
 20
15.0074
 30
0.0
 11
76.1061
 21
15.2225
 31
0.0
  0
LINE
  5
1ADF
  8
0
 10
76.1061
 20
15.2225
 30
0.0
 11
76.2556
 21
15.424
 31
0.0
  0
LINE
  5
1AE0
  8
0
 10
76.2556
 20
15.424
 30
0.0
 11
76.4241
 21
15.6099
 31
0.0
  0
LINE
  5
1AE1
  8
0
 10
76.4241
 20
15.6099
 30
0.0
 11
76.6099
 21
15.7784
 31
0.0
  0
LINE
  5
1AE2
  8
0
 10
76.6099
 20
15.7784
 30
0.0
 11
76.8115
 21
15.9279
 31
0.0
  0
LINE
  5
1AE3
  8
0
 10
76.8115
 20
15.9279
 30
0.0
 11
77.0266
 21
16.0569
 31
0.0
  0
LINE
  5
1AE4
  8
0
 10
77.0266
 20
16.0569
 30
0.0
 11
77.2534
 21
16.1641
 31
0.0
  0
LINE
  5
1AE5
  8
0
 10
77.2534
 20
16.1641
 30
0.0
 11
77.4897
 21
16.2486
 31
0.0
  0
LINE
  5
1AE6
  8
0
 10
77.4897
 20
16.2486
 30
0.0
 11
77.733
 21
16.3096
 31
0.0
  0
LINE
  5
1AE7
  8
0
 10
77.733
 20
16.3096
 30
0.0
 11
77.9812
 21
16.3464
 31
0.0
  0
LINE
  5
1AE8
  8
0
 10
77.9812
 20
16.3464
 30
0.0
 11
78.2318
 21
16.3587
 31
0.0
  0
LINE
  5
1AE9
  8
0
 10
78.2318
 20
16.3587
 30
0.0
 11
78.4824
 21
16.3464
 31
0.0
  0
LINE
  5
1AEA
  8
0
 10
78.4824
 20
16.3464
 30
0.0
 11
78.7305
 21
16.3096
 31
0.0
  0
LINE
  5
1AEB
  8
0
 10
78.7305
 20
16.3096
 30
0.0
 11
78.9739
 21
16.2486
 31
0.0
  0
LINE
  5
1AEC
  8
0
 10
78.9739
 20
16.2486
 30
0.0
 11
79.2101
 21
16.1641
 31
0.0
  0
LINE
  5
1AED
  8
0
 10
79.2101
 20
16.1641
 30
0.0
 11
79.4369
 21
16.0569
 31
0.0
  0
LINE
  5
1AEE
  8
0
 10
79.4369
 20
16.0569
 30
0.0
 11
79.6521
 21
15.9279
 31
0.0
  0
LINE
  5
1AEF
  8
0
 10
79.6521
 20
15.9279
 30
0.0
 11
79.8536
 21
15.7784
 31
0.0
  0
LINE
  5
1AF0
  8
0
 10
79.8536
 20
15.7784
 30
0.0
 11
80.0395
 21
15.6099
 31
0.0
  0
LINE
  5
1AF1
  8
0
 10
80.0395
 20
15.6099
 30
0.0
 11
80.208
 21
15.424
 31
0.0
  0
LINE
  5
1AF2
  8
0
 10
80.208
 20
15.424
 30
0.0
 11
80.3574
 21
15.2225
 31
0.0
  0
LINE
  5
1AF3
  8
0
 10
80.3574
 20
15.2225
 30
0.0
 11
80.4864
 21
15.0073
 31
0.0
  0
LINE
  5
1AF4
  8
0
 10
80.4864
 20
15.0073
 30
0.0
 11
80.5937
 21
14.7805
 31
0.0
  0
LINE
  5
1AF5
  8
0
 10
80.5937
 20
14.7805
 30
0.0
 11
80.6782
 21
14.5443
 31
0.0
  0
LINE
  5
1AF6
  8
0
 10
80.6782
 20
14.5443
 30
0.0
 11
80.7391
 21
14.301
 31
0.0
  0
LINE
  5
1AF7
  8
0
 10
80.7391
 20
14.301
 30
0.0
 11
80.776
 21
14.0528
 31
0.0
  0
LINE
  5
1AF8
  8
0
 10
80.776
 20
14.0528
 30
0.0
 11
80.7883
 21
13.8022
 31
0.0
  0
LINE
  5
1AF9
  8
0
 10
80.7883
 20
13.8022
 30
0.0
 11
80.776
 21
13.5516
 31
0.0
  0
LINE
  5
1AFA
  8
0
 10
80.776
 20
13.5516
 30
0.0
 11
80.7391
 21
13.3035
 31
0.0
  0
LINE
  5
1AFB
  8
0
 10
80.7391
 20
13.3035
 30
0.0
 11
80.6782
 21
13.0601
 31
0.0
  0
LINE
  5
1AFC
  8
0
 10
80.6782
 20
13.0601
 30
0.0
 11
80.5937
 21
12.8239
 31
0.0
  0
LINE
  5
1AFD
  8
0
 10
80.5937
 20
12.8239
 30
0.0
 11
80.5325
 21
12.6946
 31
0.0
  0
LINE
  5
1AFE
  8
0
 10
80.5325
 20
12.6946
 30
0.0
 11
81.3577
 21
11.8694
 31
0.0
  0
LINE
  5
1AFF
  8
0
 10
81.3577
 20
11.8694
 30
0.0
 11
80.1646
 21
10.6763
 31
0.0
  0
LINE
  5
1B00
  8
0
 10
80.1646
 20
10.6763
 30
0.0
 11
79.3394
 21
11.5015
 31
0.0
  0
LINE
  5
1B01
  8
0
 10
79.6779
 20
13.8022
 30
0.0
 11
78.2318
 21
15.2484
 31
0.0
  0
LINE
  5
1B02
  8
0
 10
78.2318
 20
15.2484
 30
0.0
 11
76.7856
 21
13.8022
 31
0.0
  0
LINE
  5
1B03
  8
0
 10
76.7856
 20
13.8022
 30
0.0
 11
78.2318
 21
12.356
 31
0.0
  0
LINE
  5
1B04
  8
0
 10
78.2318
 20
12.356
 30
0.0
 11
79.6779
 21
13.8022
 31
0.0
  0
LINE
  5
1B05
  8
0
 10
24.119
 20
11.5015
 30
0.0
 11
23.9897
 21
11.4403
 31
0.0
  0
LINE
  5
1B06
  8
0
 10
23.9897
 20
11.4403
 30
0.0
 11
23.7535
 21
11.3558
 31
0.0
  0
LINE
  5
1B07
  8
0
 10
23.7535
 20
11.3558
 30
0.0
 11
23.5101
 21
11.2948
 31
0.0
  0
LINE
  5
1B08
  8
0
 10
23.5101
 20
11.2948
 30
0.0
 11
23.262
 21
11.258
 31
0.0
  0
LINE
  5
1B09
  8
0
 10
23.262
 20
11.258
 30
0.0
 11
23.0114
 21
11.2457
 31
0.0
  0
LINE
  5
1B0A
  8
0
 10
23.0114
 20
11.2457
 30
0.0
 11
22.7608
 21
11.258
 31
0.0
  0
LINE
  5
1B0B
  8
0
 10
22.7608
 20
11.258
 30
0.0
 11
22.5126
 21
11.2949
 31
0.0
  0
LINE
  5
1B0C
  8
0
 10
22.5126
 20
11.2949
 30
0.0
 11
22.2693
 21
11.3558
 31
0.0
  0
LINE
  5
1B0D
  8
0
 10
22.2693
 20
11.3558
 30
0.0
 11
22.0331
 21
11.4403
 31
0.0
  0
LINE
  5
1B0E
  8
0
 10
22.0331
 20
11.4403
 30
0.0
 11
21.8062
 21
11.5476
 31
0.0
  0
LINE
  5
1B0F
  8
0
 10
21.8062
 20
11.5476
 30
0.0
 11
21.5911
 21
11.6766
 31
0.0
  0
LINE
  5
1B10
  8
0
 10
21.5911
 20
11.6766
 30
0.0
 11
21.3896
 21
11.826
 31
0.0
  0
LINE
  5
1B11
  8
0
 10
21.3896
 20
11.826
 30
0.0
 11
21.2036
 21
11.9945
 31
0.0
  0
LINE
  5
1B12
  8
0
 10
21.2036
 20
11.9945
 30
0.0
 11
21.0352
 21
12.1804
 31
0.0
  0
LINE
  5
1B13
  8
0
 10
21.0352
 20
12.1804
 30
0.0
 11
20.8857
 21
12.3819
 31
0.0
  0
LINE
  5
1B14
  8
0
 10
20.8857
 20
12.3819
 30
0.0
 11
20.7567
 21
12.5971
 31
0.0
  0
LINE
  5
1B15
  8
0
 10
20.7567
 20
12.5971
 30
0.0
 11
20.6495
 21
12.8239
 31
0.0
  0
LINE
  5
1B16
  8
0
 10
20.6495
 20
12.8239
 30
0.0
 11
20.565
 21
13.0601
 31
0.0
  0
LINE
  5
1B17
  8
0
 10
20.565
 20
13.0601
 30
0.0
 11
20.504
 21
13.3035
 31
0.0
  0
LINE
  5
1B18
  8
0
 10
20.504
 20
13.3035
 30
0.0
 11
20.4672
 21
13.5516
 31
0.0
  0
LINE
  5
1B19
  8
0
 10
20.4672
 20
13.5516
 30
0.0
 11
20.4549
 21
13.8022
 31
0.0
  0
LINE
  5
1B1A
  8
0
 10
20.4549
 20
13.8022
 30
0.0
 11
20.4672
 21
14.0528
 31
0.0
  0
LINE
  5
1B1B
  8
0
 10
20.4672
 20
14.0528
 30
0.0
 11
20.504
 21
14.301
 31
0.0
  0
LINE
  5
1B1C
  8
0
 10
20.504
 20
14.301
 30
0.0
 11
20.565
 21
14.5443
 31
0.0
  0
LINE
  5
1B1D
  8
0
 10
20.565
 20
14.5443
 30
0.0
 11
20.6495
 21
14.7805
 31
0.0
  0
LINE
  5
1B1E
  8
0
 10
20.6495
 20
14.7805
 30
0.0
 11
20.7567
 21
15.0074
 31
0.0
  0
LINE
  5
1B1F
  8
0
 10
20.7567
 20
15.0074
 30
0.0
 11
20.8857
 21
15.2225
 31
0.0
  0
LINE
  5
1B20
  8
0
 10
20.8857
 20
15.2225
 30
0.0
 11
21.0352
 21
15.424
 31
0.0
  0
LINE
  5
1B21
  8
0
 10
21.0352
 20
15.424
 30
0.0
 11
21.2036
 21
15.6099
 31
0.0
  0
LINE
  5
1B22
  8
0
 10
21.2036
 20
15.6099
 30
0.0
 11
21.3895
 21
15.7784
 31
0.0
  0
LINE
  5
1B23
  8
0
 10
21.3895
 20
15.7784
 30
0.0
 11
21.5911
 21
15.9279
 31
0.0
  0
LINE
  5
1B24
  8
0
 10
21.5911
 20
15.9279
 30
0.0
 11
21.8062
 21
16.0569
 31
0.0
  0
LINE
  5
1B25
  8
0
 10
21.8062
 20
16.0569
 30
0.0
 11
22.033
 21
16.1641
 31
0.0
  0
LINE
  5
1B26
  8
0
 10
22.033
 20
16.1641
 30
0.0
 11
22.2693
 21
16.2486
 31
0.0
  0
LINE
  5
1B27
  8
0
 10
22.2693
 20
16.2486
 30
0.0
 11
22.5126
 21
16.3096
 31
0.0
  0
LINE
  5
1B28
  8
0
 10
22.5126
 20
16.3096
 30
0.0
 11
22.7608
 21
16.3464
 31
0.0
  0
LINE
  5
1B29
  8
0
 10
22.7608
 20
16.3464
 30
0.0
 11
23.0114
 21
16.3587
 31
0.0
  0
LINE
  5
1B2A
  8
0
 10
23.0114
 20
16.3587
 30
0.0
 11
23.262
 21
16.3464
 31
0.0
  0
LINE
  5
1B2B
  8
0
 10
23.262
 20
16.3464
 30
0.0
 11
23.5101
 21
16.3096
 31
0.0
  0
LINE
  5
1B2C
  8
0
 10
23.5101
 20
16.3096
 30
0.0
 11
23.7535
 21
16.2486
 31
0.0
  0
LINE
  5
1B2D
  8
0
 10
23.7535
 20
16.2486
 30
0.0
 11
23.9897
 21
16.1641
 31
0.0
  0
LINE
  5
1B2E
  8
0
 10
23.9897
 20
16.1641
 30
0.0
 11
24.2165
 21
16.0569
 31
0.0
  0
LINE
  5
1B2F
  8
0
 10
24.2165
 20
16.0569
 30
0.0
 11
24.4317
 21
15.9279
 31
0.0
  0
LINE
  5
1B30
  8
0
 10
24.4317
 20
15.9279
 30
0.0
 11
24.6332
 21
15.7784
 31
0.0
  0
LINE
  5
1B31
  8
0
 10
24.6332
 20
15.7784
 30
0.0
 11
24.8191
 21
15.6099
 31
0.0
  0
LINE
  5
1B32
  8
0
 10
24.8191
 20
15.6099
 30
0.0
 11
24.9876
 21
15.424
 31
0.0
  0
LINE
  5
1B33
  8
0
 10
24.9876
 20
15.424
 30
0.0
 11
25.137
 21
15.2225
 31
0.0
  0
LINE
  5
1B34
  8
0
 10
25.137
 20
15.2225
 30
0.0
 11
25.266
 21
15.0073
 31
0.0
  0
LINE
  5
1B35
  8
0
 10
25.266
 20
15.0073
 30
0.0
 11
25.3733
 21
14.7805
 31
0.0
  0
LINE
  5
1B36
  8
0
 10
25.3733
 20
14.7805
 30
0.0
 11
25.4578
 21
14.5443
 31
0.0
  0
LINE
  5
1B37
  8
0
 10
25.4578
 20
14.5443
 30
0.0
 11
25.5187
 21
14.301
 31
0.0
  0
LINE
  5
1B38
  8
0
 10
25.5187
 20
14.301
 30
0.0
 11
25.5556
 21
14.0528
 31
0.0
  0
LINE
  5
1B39
  8
0
 10
25.5556
 20
14.0528
 30
0.0
 11
25.5679
 21
13.8022
 31
0.0
  0
LINE
  5
1B3A
  8
0
 10
25.5679
 20
13.8022
 30
0.0
 11
25.5556
 21
13.5516
 31
0.0
  0
LINE
  5
1B3B
  8
0
 10
25.5556
 20
13.5516
 30
0.0
 11
25.5187
 21
13.3035
 31
0.0
  0
LINE
  5
1B3C
  8
0
 10
25.5187
 20
13.3035
 30
0.0
 11
25.4578
 21
13.0601
 31
0.0
  0
LINE
  5
1B3D
  8
0
 10
25.4578
 20
13.0601
 30
0.0
 11
25.3733
 21
12.8239
 31
0.0
  0
LINE
  5
1B3E
  8
0
 10
25.3733
 20
12.8239
 30
0.0
 11
25.3121
 21
12.6946
 31
0.0
  0
LINE
  5
1B3F
  8
0
 10
25.3121
 20
12.6946
 30
0.0
 11
26.1373
 21
11.8694
 31
0.0
  0
LINE
  5
1B40
  8
0
 10
26.1373
 20
11.8694
 30
0.0
 11
24.9442
 21
10.6763
 31
0.0
  0
LINE
  5
1B41
  8
0
 10
24.9442
 20
10.6763
 30
0.0
 11
24.119
 21
11.5015
 31
0.0
  0
LINE
  5
1B42
  8
0
 10
24.4575
 20
13.8022
 30
0.0
 11
23.0114
 21
15.2484
 31
0.0
  0
LINE
  5
1B43
  8
0
 10
23.0114
 20
15.2484
 30
0.0
 11
21.5652
 21
13.8022
 31
0.0
  0
LINE
  5
1B44
  8
0
 10
21.5652
 20
13.8022
 30
0.0
 11
23.0114
 21
12.356
 31
0.0
  0
LINE
  5
1B45
  8
0
 10
23.0114
 20
12.356
 30
0.0
 11
24.4575
 21
13.8022
 31
0.0
  0
LINE
  5
1B46
  8
0
 10
5.71222
 20
11.5015
 30
0.0
 11
5.58292
 21
11.4403
 31
0.0
  0
LINE
  5
1B47
  8
0
 10
5.58292
 20
11.4403
 30
0.0
 11
5.34669
 21
11.3558
 31
0.0
  0
LINE
  5
1B48
  8
0
 10
5.34669
 20
11.3558
 30
0.0
 11
5.10333
 21
11.2948
 31
0.0
  0
LINE
  5
1B49
  8
0
 10
5.10333
 20
11.2948
 30
0.0
 11
4.85518
 21
11.258
 31
0.0
  0
LINE
  5
1B4A
  8
0
 10
4.85518
 20
11.258
 30
0.0
 11
4.60458
 21
11.2457
 31
0.0
  0
LINE
  5
1B4B
  8
0
 10
4.60458
 20
11.2457
 30
0.0
 11
4.354
 21
11.258
 31
0.0
  0
LINE
  5
1B4C
  8
0
 10
4.354
 20
11.258
 30
0.0
 11
4.10582
 21
11.2949
 31
0.0
  0
LINE
  5
1B4D
  8
0
 10
4.10582
 20
11.2949
 30
0.0
 11
3.86247
 21
11.3558
 31
0.0
  0
LINE
  5
1B4E
  8
0
 10
3.86247
 20
11.3558
 30
0.0
 11
3.62625
 21
11.4403
 31
0.0
  0
LINE
  5
1B4F
  8
0
 10
3.62625
 20
11.4403
 30
0.0
 11
3.39944
 21
11.5476
 31
0.0
  0
LINE
  5
1B50
  8
0
 10
3.39944
 20
11.5476
 30
0.0
 11
3.18427
 21
11.6766
 31
0.0
  0
LINE
  5
1B51
  8
0
 10
3.18427
 20
11.6766
 30
0.0
 11
2.98276
 21
11.826
 31
0.0
  0
LINE
  5
1B52
  8
0
 10
2.98276
 20
11.826
 30
0.0
 11
2.79684
 21
11.9945
 31
0.0
  0
LINE
  5
1B53
  8
0
 10
2.79684
 20
11.9945
 30
0.0
 11
2.62836
 21
12.1804
 31
0.0
  0
LINE
  5
1B54
  8
0
 10
2.62836
 20
12.1804
 30
0.0
 11
2.47893
 21
12.3819
 31
0.0
  0
LINE
  5
1B55
  8
0
 10
2.47893
 20
12.3819
 30
0.0
 11
2.34993
 21
12.5971
 31
0.0
  0
LINE
  5
1B56
  8
0
 10
2.34993
 20
12.5971
 30
0.0
 11
2.24269
 21
12.8239
 31
0.0
  0
LINE
  5
1B57
  8
0
 10
2.24269
 20
12.8239
 30
0.0
 11
2.15816
 21
13.0601
 31
0.0
  0
LINE
  5
1B58
  8
0
 10
2.15816
 20
13.0601
 30
0.0
 11
2.0972
 21
13.3035
 31
0.0
  0
LINE
  5
1B59
  8
0
 10
2.0972
 20
13.3035
 30
0.0
 11
2.06039
 21
13.5516
 31
0.0
  0
LINE
  5
1B5A
  8
0
 10
2.06039
 20
13.5516
 30
0.0
 11
2.04808
 21
13.8022
 31
0.0
  0
LINE
  5
1B5B
  8
0
 10
2.04808
 20
13.8022
 30
0.0
 11
2.06039
 21
14.0528
 31
0.0
  0
LINE
  5
1B5C
  8
0
 10
2.06039
 20
14.0528
 30
0.0
 11
2.0972
 21
14.301
 31
0.0
  0
LINE
  5
1B5D
  8
0
 10
2.0972
 20
14.301
 30
0.0
 11
2.15816
 21
14.5443
 31
0.0
  0
LINE
  5
1B5E
  8
0
 10
2.15816
 20
14.5443
 30
0.0
 11
2.24269
 21
14.7805
 31
0.0
  0
LINE
  5
1B5F
  8
0
 10
2.24269
 20
14.7805
 30
0.0
 11
2.34993
 21
15.0074
 31
0.0
  0
LINE
  5
1B60
  8
0
 10
2.34993
 20
15.0074
 30
0.0
 11
2.47893
 21
15.2225
 31
0.0
  0
LINE
  5
1B61
  8
0
 10
2.47893
 20
15.2225
 30
0.0
 11
2.62836
 21
15.424
 31
0.0
  0
LINE
  5
1B62
  8
0
 10
2.62836
 20
15.424
 30
0.0
 11
2.79684
 21
15.6099
 31
0.0
  0
LINE
  5
1B63
  8
0
 10
2.79684
 20
15.6099
 30
0.0
 11
2.98274
 21
15.7784
 31
0.0
  0
LINE
  5
1B64
  8
0
 10
2.98274
 20
15.7784
 30
0.0
 11
3.18427
 21
15.9279
 31
0.0
  0
LINE
  5
1B65
  8
0
 10
3.18427
 20
15.9279
 30
0.0
 11
3.39943
 21
16.0569
 31
0.0
  0
LINE
  5
1B66
  8
0
 10
3.39943
 20
16.0569
 30
0.0
 11
3.62624
 21
16.1641
 31
0.0
  0
LINE
  5
1B67
  8
0
 10
3.62624
 20
16.1641
 30
0.0
 11
3.86246
 21
16.2486
 31
0.0
  0
LINE
  5
1B68
  8
0
 10
3.86246
 20
16.2486
 30
0.0
 11
4.10582
 21
16.3096
 31
0.0
  0
LINE
  5
1B69
  8
0
 10
4.10582
 20
16.3096
 30
0.0
 11
4.35399
 21
16.3464
 31
0.0
  0
LINE
  5
1B6A
  8
0
 10
4.35399
 20
16.3464
 30
0.0
 11
4.60457
 21
16.3587
 31
0.0
  0
LINE
  5
1B6B
  8
0
 10
4.60457
 20
16.3587
 30
0.0
 11
4.85516
 21
16.3464
 31
0.0
  0
LINE
  5
1B6C
  8
0
 10
4.85516
 20
16.3464
 30
0.0
 11
5.1033
 21
16.3096
 31
0.0
  0
LINE
  5
1B6D
  8
0
 10
5.1033
 20
16.3096
 30
0.0
 11
5.34668
 21
16.2486
 31
0.0
  0
LINE
  5
1B6E
  8
0
 10
5.34668
 20
16.2486
 30
0.0
 11
5.5829
 21
16.1641
 31
0.0
  0
LINE
  5
1B6F
  8
0
 10
5.5829
 20
16.1641
 30
0.0
 11
5.80969
 21
16.0569
 31
0.0
  0
LINE
  5
1B70
  8
0
 10
5.80969
 20
16.0569
 30
0.0
 11
6.02487
 21
15.9279
 31
0.0
  0
LINE
  5
1B71
  8
0
 10
6.02487
 20
15.9279
 30
0.0
 11
6.22639
 21
15.7784
 31
0.0
  0
LINE
  5
1B72
  8
0
 10
6.22639
 20
15.7784
 30
0.0
 11
6.41229
 21
15.6099
 31
0.0
  0
LINE
  5
1B73
  8
0
 10
6.41229
 20
15.6099
 30
0.0
 11
6.58078
 21
15.424
 31
0.0
  0
LINE
  5
1B74
  8
0
 10
6.58078
 20
15.424
 30
0.0
 11
6.73021
 21
15.2225
 31
0.0
  0
LINE
  5
1B75
  8
0
 10
6.73021
 20
15.2225
 30
0.0
 11
6.85919
 21
15.0073
 31
0.0
  0
LINE
  5
1B76
  8
0
 10
6.85919
 20
15.0073
 30
0.0
 11
6.96646
 21
14.7805
 31
0.0
  0
LINE
  5
1B77
  8
0
 10
6.96646
 20
14.7805
 30
0.0
 11
7.05098
 21
14.5443
 31
0.0
  0
LINE
  5
1B78
  8
0
 10
7.05098
 20
14.5443
 30
0.0
 11
7.11192
 21
14.301
 31
0.0
  0
LINE
  5
1B79
  8
0
 10
7.11192
 20
14.301
 30
0.0
 11
7.14877
 21
14.0528
 31
0.0
  0
LINE
  5
1B7A
  8
0
 10
7.14877
 20
14.0528
 30
0.0
 11
7.16106
 21
13.8022
 31
0.0
  0
LINE
  5
1B7B
  8
0
 10
7.16106
 20
13.8022
 30
0.0
 11
7.14876
 21
13.5516
 31
0.0
  0
LINE
  5
1B7C
  8
0
 10
7.14876
 20
13.5516
 30
0.0
 11
7.11194
 21
13.3035
 31
0.0
  0
LINE
  5
1B7D
  8
0
 10
7.11194
 20
13.3035
 30
0.0
 11
7.05098
 21
13.0601
 31
0.0
  0
LINE
  5
1B7E
  8
0
 10
7.05098
 20
13.0601
 30
0.0
 11
6.96646
 21
12.8239
 31
0.0
  0
LINE
  5
1B7F
  8
0
 10
6.96646
 20
12.8239
 30
0.0
 11
6.9053
 21
12.6946
 31
0.0
  0
LINE
  5
1B80
  8
0
 10
6.9053
 20
12.6946
 30
0.0
 11
7.73047
 21
11.8694
 31
0.0
  0
LINE
  5
1B81
  8
0
 10
7.73047
 20
11.8694
 30
0.0
 11
6.53738
 21
10.6763
 31
0.0
  0
LINE
  5
1B82
  8
0
 10
6.53738
 20
10.6763
 30
0.0
 11
5.71222
 21
11.5015
 31
0.0
  0
LINE
  5
1B83
  8
0
 10
6.05074
 20
13.8022
 30
0.0
 11
4.60457
 21
15.2484
 31
0.0
  0
LINE
  5
1B84
  8
0
 10
4.60457
 20
15.2484
 30
0.0
 11
3.15839
 21
13.8022
 31
0.0
  0
LINE
  5
1B85
  8
0
 10
3.15839
 20
13.8022
 30
0.0
 11
4.60457
 21
12.356
 31
0.0
  0
LINE
  5
1B86
  8
0
 10
4.60457
 20
12.356
 30
0.0
 11
6.05074
 21
13.8022
 31
0.0
  0
LINE
  5
1B87
  8
0
 10
10.6763
 20
11.8694
 30
0.0
 11
11.5015
 21
12.6946
 31
0.0
  0
LINE
  5
1B88
  8
0
 10
11.5015
 20
12.6946
 30
0.0
 11
11.4403
 21
12.8239
 31
0.0
  0
LINE
  5
1B89
  8
0
 10
11.4403
 20
12.8239
 30
0.0
 11
11.3558
 21
13.0601
 31
0.0
  0
LINE
  5
1B8A
  8
0
 10
11.3558
 20
13.0601
 30
0.0
 11
11.2948
 21
13.3035
 31
0.0
  0
LINE
  5
1B8B
  8
0
 10
11.2948
 20
13.3035
 30
0.0
 11
11.258
 21
13.5516
 31
0.0
  0
LINE
  5
1B8C
  8
0
 10
11.258
 20
13.5516
 30
0.0
 11
11.2457
 21
13.8022
 31
0.0
  0
LINE
  5
1B8D
  8
0
 10
11.2457
 20
13.8022
 30
0.0
 11
11.258
 21
14.0528
 31
0.0
  0
LINE
  5
1B8E
  8
0
 10
11.258
 20
14.0528
 30
0.0
 11
11.2949
 21
14.301
 31
0.0
  0
LINE
  5
1B8F
  8
0
 10
11.2949
 20
14.301
 30
0.0
 11
11.3558
 21
14.5443
 31
0.0
  0
LINE
  5
1B90
  8
0
 10
11.3558
 20
14.5443
 30
0.0
 11
11.4403
 21
14.7805
 31
0.0
  0
LINE
  5
1B91
  8
0
 10
11.4403
 20
14.7805
 30
0.0
 11
11.5476
 21
15.0073
 31
0.0
  0
LINE
  5
1B92
  8
0
 10
11.5476
 20
15.0073
 30
0.0
 11
11.6766
 21
15.2225
 31
0.0
  0
LINE
  5
1B93
  8
0
 10
11.6766
 20
15.2225
 30
0.0
 11
11.826
 21
15.424
 31
0.0
  0
LINE
  5
1B94
  8
0
 10
11.826
 20
15.424
 30
0.0
 11
11.9945
 21
15.6099
 31
0.0
  0
LINE
  5
1B95
  8
0
 10
11.9945
 20
15.6099
 30
0.0
 11
12.1804
 21
15.7784
 31
0.0
  0
LINE
  5
1B96
  8
0
 10
12.1804
 20
15.7784
 30
0.0
 11
12.3819
 21
15.9279
 31
0.0
  0
LINE
  5
1B97
  8
0
 10
12.3819
 20
15.9279
 30
0.0
 11
12.5971
 21
16.0569
 31
0.0
  0
LINE
  5
1B98
  8
0
 10
12.5971
 20
16.0569
 30
0.0
 11
12.8239
 21
16.1641
 31
0.0
  0
LINE
  5
1B99
  8
0
 10
12.8239
 20
16.1641
 30
0.0
 11
13.0601
 21
16.2486
 31
0.0
  0
LINE
  5
1B9A
  8
0
 10
13.0601
 20
16.2486
 30
0.0
 11
13.3035
 21
16.3096
 31
0.0
  0
LINE
  5
1B9B
  8
0
 10
13.3035
 20
16.3096
 30
0.0
 11
13.5516
 21
16.3464
 31
0.0
  0
LINE
  5
1B9C
  8
0
 10
13.5516
 20
16.3464
 30
0.0
 11
13.8022
 21
16.3587
 31
0.0
  0
LINE
  5
1B9D
  8
0
 10
13.8022
 20
16.3587
 30
0.0
 11
14.0528
 21
16.3464
 31
0.0
  0
LINE
  5
1B9E
  8
0
 10
14.0528
 20
16.3464
 30
0.0
 11
14.301
 21
16.3096
 31
0.0
  0
LINE
  5
1B9F
  8
0
 10
14.301
 20
16.3096
 30
0.0
 11
14.5443
 21
16.2486
 31
0.0
  0
LINE
  5
1BA0
  8
0
 10
14.5443
 20
16.2486
 30
0.0
 11
14.7805
 21
16.1641
 31
0.0
  0
LINE
  5
1BA1
  8
0
 10
14.7805
 20
16.1641
 30
0.0
 11
15.0074
 21
16.0569
 31
0.0
  0
LINE
  5
1BA2
  8
0
 10
15.0074
 20
16.0569
 30
0.0
 11
15.2225
 21
15.9279
 31
0.0
  0
LINE
  5
1BA3
  8
0
 10
15.2225
 20
15.9279
 30
0.0
 11
15.424
 21
15.7784
 31
0.0
  0
LINE
  5
1BA4
  8
0
 10
15.424
 20
15.7784
 30
0.0
 11
15.6099
 21
15.6099
 31
0.0
  0
LINE
  5
1BA5
  8
0
 10
15.6099
 20
15.6099
 30
0.0
 11
15.7784
 21
15.424
 31
0.0
  0
LINE
  5
1BA6
  8
0
 10
15.7784
 20
15.424
 30
0.0
 11
15.9279
 21
15.2225
 31
0.0
  0
LINE
  5
1BA7
  8
0
 10
15.9279
 20
15.2225
 30
0.0
 11
16.0569
 21
15.0074
 31
0.0
  0
LINE
  5
1BA8
  8
0
 10
16.0569
 20
15.0074
 30
0.0
 11
16.1641
 21
14.7805
 31
0.0
  0
LINE
  5
1BA9
  8
0
 10
16.1641
 20
14.7805
 30
0.0
 11
16.2486
 21
14.5443
 31
0.0
  0
LINE
  5
1BAA
  8
0
 10
16.2486
 20
14.5443
 30
0.0
 11
16.3096
 21
14.301
 31
0.0
  0
LINE
  5
1BAB
  8
0
 10
16.3096
 20
14.301
 30
0.0
 11
16.3464
 21
14.0528
 31
0.0
  0
LINE
  5
1BAC
  8
0
 10
16.3464
 20
14.0528
 30
0.0
 11
16.3587
 21
13.8022
 31
0.0
  0
LINE
  5
1BAD
  8
0
 10
16.3587
 20
13.8022
 30
0.0
 11
16.3464
 21
13.5516
 31
0.0
  0
LINE
  5
1BAE
  8
0
 10
16.3464
 20
13.5516
 30
0.0
 11
16.3096
 21
13.3035
 31
0.0
  0
LINE
  5
1BAF
  8
0
 10
16.3096
 20
13.3035
 30
0.0
 11
16.2486
 21
13.0601
 31
0.0
  0
LINE
  5
1BB0
  8
0
 10
16.2486
 20
13.0601
 30
0.0
 11
16.1641
 21
12.8239
 31
0.0
  0
LINE
  5
1BB1
  8
0
 10
16.1641
 20
12.8239
 30
0.0
 11
16.0569
 21
12.5971
 31
0.0
  0
LINE
  5
1BB2
  8
0
 10
16.0569
 20
12.5971
 30
0.0
 11
15.9279
 21
12.3819
 31
0.0
  0
LINE
  5
1BB3
  8
0
 10
15.9279
 20
12.3819
 30
0.0
 11
15.7784
 21
12.1804
 31
0.0
  0
LINE
  5
1BB4
  8
0
 10
15.7784
 20
12.1804
 30
0.0
 11
15.6099
 21
11.9945
 31
0.0
  0
LINE
  5
1BB5
  8
0
 10
15.6099
 20
11.9945
 30
0.0
 11
15.424
 21
11.826
 31
0.0
  0
LINE
  5
1BB6
  8
0
 10
15.424
 20
11.826
 30
0.0
 11
15.2225
 21
11.6766
 31
0.0
  0
LINE
  5
1BB7
  8
0
 10
15.2225
 20
11.6766
 30
0.0
 11
15.0073
 21
11.5476
 31
0.0
  0
LINE
  5
1BB8
  8
0
 10
15.0073
 20
11.5476
 30
0.0
 11
14.7805
 21
11.4403
 31
0.0
  0
LINE
  5
1BB9
  8
0
 10
14.7805
 20
11.4403
 30
0.0
 11
14.5443
 21
11.3558
 31
0.0
  0
LINE
  5
1BBA
  8
0
 10
14.5443
 20
11.3558
 30
0.0
 11
14.301
 21
11.2949
 31
0.0
  0
LINE
  5
1BBB
  8
0
 10
14.301
 20
11.2949
 30
0.0
 11
14.0528
 21
11.258
 31
0.0
  0
LINE
  5
1BBC
  8
0
 10
14.0528
 20
11.258
 30
0.0
 11
13.8022
 21
11.2457
 31
0.0
  0
LINE
  5
1BBD
  8
0
 10
13.8022
 20
11.2457
 30
0.0
 11
13.5516
 21
11.258
 31
0.0
  0
LINE
  5
1BBE
  8
0
 10
13.5516
 20
11.258
 30
0.0
 11
13.3035
 21
11.2948
 31
0.0
  0
LINE
  5
1BBF
  8
0
 10
13.3035
 20
11.2948
 30
0.0
 11
13.0601
 21
11.3558
 31
0.0
  0
LINE
  5
1BC0
  8
0
 10
13.0601
 20
11.3558
 30
0.0
 11
12.8239
 21
11.4403
 31
0.0
  0
LINE
  5
1BC1
  8
0
 10
12.8239
 20
11.4403
 30
0.0
 11
12.6946
 21
11.5015
 31
0.0
  0
LINE
  5
1BC2
  8
0
 10
12.6946
 20
11.5015
 30
0.0
 11
11.8694
 21
10.6763
 31
0.0
  0
LINE
  5
1BC3
  8
0
 10
11.8694
 20
10.6763
 30
0.0
 11
10.6763
 21
11.8694
 31
0.0
  0
LINE
  5
1BC4
  8
0
 10
15.2484
 20
13.8022
 30
0.0
 11
13.8022
 21
15.2484
 31
0.0
  0
LINE
  5
1BC5
  8
0
 10
13.8022
 20
15.2484
 30
0.0
 11
12.356
 21
13.8022
 31
0.0
  0
LINE
  5
1BC6
  8
0
 10
12.356
 20
13.8022
 30
0.0
 11
13.8022
 21
12.356
 31
0.0
  0
LINE
  5
1BC7
  8
0
 10
13.8022
 20
12.356
 30
0.0
 11
15.2484
 21
13.8022
 31
0.0
  0
LINE
  5
1BC8
  8
0
 10
65.8967
 20
11.8694
 30
0.0
 11
66.7219
 21
12.6946
 31
0.0
  0
LINE
  5
1BC9
  8
0
 10
66.7219
 20
12.6946
 30
0.0
 11
66.6607
 21
12.8239
 31
0.0
  0
LINE
  5
1BCA
  8
0
 10
66.6607
 20
12.8239
 30
0.0
 11
66.5762
 21
13.0601
 31
0.0
  0
LINE
  5
1BCB
  8
0
 10
66.5762
 20
13.0601
 30
0.0
 11
66.5152
 21
13.3035
 31
0.0
  0
LINE
  5
1BCC
  8
0
 10
66.5152
 20
13.3035
 30
0.0
 11
66.4784
 21
13.5516
 31
0.0
  0
LINE
  5
1BCD
  8
0
 10
66.4784
 20
13.5516
 30
0.0
 11
66.4661
 21
13.8022
 31
0.0
  0
LINE
  5
1BCE
  8
0
 10
66.4661
 20
13.8022
 30
0.0
 11
66.4784
 21
14.0528
 31
0.0
  0
LINE
  5
1BCF
  8
0
 10
66.4784
 20
14.0528
 30
0.0
 11
66.5153
 21
14.301
 31
0.0
  0
LINE
  5
1BD0
  8
0
 10
66.5153
 20
14.301
 30
0.0
 11
66.5762
 21
14.5443
 31
0.0
  0
LINE
  5
1BD1
  8
0
 10
66.5762
 20
14.5443
 30
0.0
 11
66.6607
 21
14.7805
 31
0.0
  0
LINE
  5
1BD2
  8
0
 10
66.6607
 20
14.7805
 30
0.0
 11
66.768
 21
15.0073
 31
0.0
  0
LINE
  5
1BD3
  8
0
 10
66.768
 20
15.0073
 30
0.0
 11
66.897
 21
15.2225
 31
0.0
  0
LINE
  5
1BD4
  8
0
 10
66.897
 20
15.2225
 30
0.0
 11
67.0464
 21
15.424
 31
0.0
  0
LINE
  5
1BD5
  8
0
 10
67.0464
 20
15.424
 30
0.0
 11
67.2149
 21
15.6099
 31
0.0
  0
LINE
  5
1BD6
  8
0
 10
67.2149
 20
15.6099
 30
0.0
 11
67.4008
 21
15.7784
 31
0.0
  0
LINE
  5
1BD7
  8
0
 10
67.4008
 20
15.7784
 30
0.0
 11
67.6023
 21
15.9279
 31
0.0
  0
LINE
  5
1BD8
  8
0
 10
67.6023
 20
15.9279
 30
0.0
 11
67.8175
 21
16.0569
 31
0.0
  0
LINE
  5
1BD9
  8
0
 10
67.8175
 20
16.0569
 30
0.0
 11
68.0443
 21
16.1641
 31
0.0
  0
LINE
  5
1BDA
  8
0
 10
68.0443
 20
16.1641
 30
0.0
 11
68.2805
 21
16.2486
 31
0.0
  0
LINE
  5
1BDB
  8
0
 10
68.2805
 20
16.2486
 30
0.0
 11
68.5239
 21
16.3096
 31
0.0
  0
LINE
  5
1BDC
  8
0
 10
68.5239
 20
16.3096
 30
0.0
 11
68.772
 21
16.3464
 31
0.0
  0
LINE
  5
1BDD
  8
0
 10
68.772
 20
16.3464
 30
0.0
 11
69.0226
 21
16.3587
 31
0.0
  0
LINE
  5
1BDE
  8
0
 10
69.0226
 20
16.3587
 30
0.0
 11
69.2732
 21
16.3464
 31
0.0
  0
LINE
  5
1BDF
  8
0
 10
69.2732
 20
16.3464
 30
0.0
 11
69.5214
 21
16.3096
 31
0.0
  0
LINE
  5
1BE0
  8
0
 10
69.5214
 20
16.3096
 30
0.0
 11
69.7647
 21
16.2486
 31
0.0
  0
LINE
  5
1BE1
  8
0
 10
69.7647
 20
16.2486
 30
0.0
 11
70.001
 21
16.1641
 31
0.0
  0
LINE
  5
1BE2
  8
0
 10
70.001
 20
16.1641
 30
0.0
 11
70.2278
 21
16.0569
 31
0.0
  0
LINE
  5
1BE3
  8
0
 10
70.2278
 20
16.0569
 30
0.0
 11
70.4429
 21
15.9279
 31
0.0
  0
LINE
  5
1BE4
  8
0
 10
70.4429
 20
15.9279
 30
0.0
 11
70.6445
 21
15.7784
 31
0.0
  0
LINE
  5
1BE5
  8
0
 10
70.6445
 20
15.7784
 30
0.0
 11
70.8303
 21
15.6099
 31
0.0
  0
LINE
  5
1BE6
  8
0
 10
70.8303
 20
15.6099
 30
0.0
 11
70.9988
 21
15.424
 31
0.0
  0
LINE
  5
1BE7
  8
0
 10
70.9988
 20
15.424
 30
0.0
 11
71.1483
 21
15.2225
 31
0.0
  0
LINE
  5
1BE8
  8
0
 10
71.1483
 20
15.2225
 30
0.0
 11
71.2773
 21
15.0074
 31
0.0
  0
LINE
  5
1BE9
  8
0
 10
71.2773
 20
15.0074
 30
0.0
 11
71.3845
 21
14.7805
 31
0.0
  0
LINE
  5
1BEA
  8
0
 10
71.3845
 20
14.7805
 30
0.0
 11
71.469
 21
14.5443
 31
0.0
  0
LINE
  5
1BEB
  8
0
 10
71.469
 20
14.5443
 30
0.0
 11
71.53
 21
14.301
 31
0.0
  0
LINE
  5
1BEC
  8
0
 10
71.53
 20
14.301
 30
0.0
 11
71.5668
 21
14.0528
 31
0.0
  0
LINE
  5
1BED
  8
0
 10
71.5668
 20
14.0528
 30
0.0
 11
71.5791
 21
13.8022
 31
0.0
  0
LINE
  5
1BEE
  8
0
 10
71.5791
 20
13.8022
 30
0.0
 11
71.5668
 21
13.5516
 31
0.0
  0
LINE
  5
1BEF
  8
0
 10
71.5668
 20
13.5516
 30
0.0
 11
71.53
 21
13.3035
 31
0.0
  0
LINE
  5
1BF0
  8
0
 10
71.53
 20
13.3035
 30
0.0
 11
71.469
 21
13.0601
 31
0.0
  0
LINE
  5
1BF1
  8
0
 10
71.469
 20
13.0601
 30
0.0
 11
71.3845
 21
12.8239
 31
0.0
  0
LINE
  5
1BF2
  8
0
 10
71.3845
 20
12.8239
 30
0.0
 11
71.2773
 21
12.5971
 31
0.0
  0
LINE
  5
1BF3
  8
0
 10
71.2773
 20
12.5971
 30
0.0
 11
71.1483
 21
12.3819
 31
0.0
  0
LINE
  5
1BF4
  8
0
 10
71.1483
 20
12.3819
 30
0.0
 11
70.9988
 21
12.1804
 31
0.0
  0
LINE
  5
1BF5
  8
0
 10
70.9988
 20
12.1804
 30
0.0
 11
70.8303
 21
11.9945
 31
0.0
  0
LINE
  5
1BF6
  8
0
 10
70.8303
 20
11.9945
 30
0.0
 11
70.6444
 21
11.826
 31
0.0
  0
LINE
  5
1BF7
  8
0
 10
70.6444
 20
11.826
 30
0.0
 11
70.4429
 21
11.6766
 31
0.0
  0
LINE
  5
1BF8
  8
0
 10
70.4429
 20
11.6766
 30
0.0
 11
70.2277
 21
11.5476
 31
0.0
  0
LINE
  5
1BF9
  8
0
 10
70.2277
 20
11.5476
 30
0.0
 11
70.0009
 21
11.4403
 31
0.0
  0
LINE
  5
1BFA
  8
0
 10
70.0009
 20
11.4403
 30
0.0
 11
69.7647
 21
11.3558
 31
0.0
  0
LINE
  5
1BFB
  8
0
 10
69.7647
 20
11.3558
 30
0.0
 11
69.5214
 21
11.2949
 31
0.0
  0
LINE
  5
1BFC
  8
0
 10
69.5214
 20
11.2949
 30
0.0
 11
69.2732
 21
11.258
 31
0.0
  0
LINE
  5
1BFD
  8
0
 10
69.2732
 20
11.258
 30
0.0
 11
69.0226
 21
11.2457
 31
0.0
  0
LINE
  5
1BFE
  8
0
 10
69.0226
 20
11.2457
 30
0.0
 11
68.772
 21
11.258
 31
0.0
  0
LINE
  5
1BFF
  8
0
 10
68.772
 20
11.258
 30
0.0
 11
68.5238
 21
11.2948
 31
0.0
  0
LINE
  5
1C00
  8
0
 10
68.5238
 20
11.2948
 30
0.0
 11
68.2805
 21
11.3558
 31
0.0
  0
LINE
  5
1C01
  8
0
 10
68.2805
 20
11.3558
 30
0.0
 11
68.0443
 21
11.4403
 31
0.0
  0
LINE
  5
1C02
  8
0
 10
68.0443
 20
11.4403
 30
0.0
 11
67.915
 21
11.5015
 31
0.0
  0
LINE
  5
1C03
  8
0
 10
67.915
 20
11.5015
 30
0.0
 11
67.0898
 21
10.6763
 31
0.0
  0
LINE
  5
1C04
  8
0
 10
67.0898
 20
10.6763
 30
0.0
 11
65.8967
 21
11.8694
 31
0.0
  0
LINE
  5
1C05
  8
0
 10
70.4688
 20
13.8022
 30
0.0
 11
69.0226
 21
15.2484
 31
0.0
  0
LINE
  5
1C06
  8
0
 10
69.0226
 20
15.2484
 30
0.0
 11
67.5764
 21
13.8022
 31
0.0
  0
LINE
  5
1C07
  8
0
 10
67.5764
 20
13.8022
 30
0.0
 11
69.0226
 21
12.356
 31
0.0
  0
LINE
  5
1C08
  8
0
 10
69.0226
 20
12.356
 30
0.0
 11
70.4688
 21
13.8022
 31
0.0
  0
LINE
  5
1C09
  8
0
 10
8.0103
 20
9.2034
 30
0.0
 11
9.2034
 21
10.3965
 31
0.0
  0
LINE
  5
1C0A
  8
0
 10
9.2034
 20
10.3965
 30
0.0
 11
10.3965
 21
9.2034
 31
0.0
  0
LINE
  5
1C0B
  8
0
 10
10.3965
 20
9.2034
 30
0.0
 11
9.2034
 21
8.0103
 31
0.0
  0
LINE
  5
1C0C
  8
0
 10
9.2034
 20
8.0103
 30
0.0
 11
8.0103
 21
9.2034
 31
0.0
  0
LINE
  5
1C0D
  8
0
 10
81.6375
 20
9.2034
 30
0.0
 11
82.8306
 21
10.3965
 31
0.0
  0
LINE
  5
1C0E
  8
0
 10
82.8306
 20
10.3965
 30
0.0
 11
84.0237
 21
9.2034
 31
0.0
  0
LINE
  5
1C0F
  8
0
 10
84.0237
 20
9.2034
 30
0.0
 11
82.8306
 21
8.0103
 31
0.0
  0
LINE
  5
1C10
  8
0
 10
82.8306
 20
8.0103
 30
0.0
 11
81.6375
 21
9.2034
 31
0.0
  0
LINE
  5
1C11
  8
0
 10
44.8239
 20
9.2034
 30
0.0
 11
46.017
 21
10.3965
 31
0.0
  0
LINE
  5
1C12
  8
0
 10
46.017
 20
10.3965
 30
0.0
 11
47.2101
 21
9.2034
 31
0.0
  0
LINE
  5
1C13
  8
0
 10
47.2101
 20
9.2034
 30
0.0
 11
46.017
 21
8.0103
 31
0.0
  0
LINE
  5
1C14
  8
0
 10
46.017
 20
8.0103
 30
0.0
 11
44.8239
 21
9.2034
 31
0.0
  0
LINE
  5
1C15
  8
0
 10
100.044
 20
9.2034
 30
0.0
 11
101.237
 21
10.3965
 31
0.0
  0
LINE
  5
1C16
  8
0
 10
101.237
 20
10.3965
 30
0.0
 11
102.43
 21
9.2034
 31
0.0
  0
LINE
  5
1C17
  8
0
 10
102.43
 20
9.2034
 30
0.0
 11
101.237
 21
8.0103
 31
0.0
  0
LINE
  5
1C18
  8
0
 10
101.237
 20
8.0103
 30
0.0
 11
100.044
 21
9.2034
 31
0.0
  0
LINE
  5
1C19
  8
0
 10
26.4171
 20
9.2034
 30
0.0
 11
27.6102
 21
10.3965
 31
0.0
  0
LINE
  5
1C1A
  8
0
 10
27.6102
 20
10.3965
 30
0.0
 11
28.8033
 21
9.2034
 31
0.0
  0
LINE
  5
1C1B
  8
0
 10
28.8033
 20
9.2034
 30
0.0
 11
27.6102
 21
8.0103
 31
0.0
  0
LINE
  5
1C1C
  8
0
 10
27.6102
 20
8.0103
 30
0.0
 11
26.4171
 21
9.2034
 31
0.0
  0
LINE
  5
1C1D
  8
0
 10
63.2307
 20
9.2034
 30
0.0
 11
64.4238
 21
10.3965
 31
0.0
  0
LINE
  5
1C1E
  8
0
 10
64.4238
 20
10.3965
 30
0.0
 11
65.6169
 21
9.2034
 31
0.0
  0
LINE
  5
1C1F
  8
0
 10
65.6169
 20
9.2034
 30
0.0
 11
64.4238
 21
8.0103
 31
0.0
  0
LINE
  5
1C20
  8
0
 10
64.4238
 20
8.0103
 30
0.0
 11
63.2307
 21
9.2034
 31
0.0
  0
LINE
  5
1C21
  8
0
 10
22.7608
 20
2.06039
 30
0.0
 11
22.5126
 21
2.0972
 31
0.0
  0
LINE
  5
1C22
  8
0
 10
22.5126
 20
2.0972
 30
0.0
 11
22.2693
 21
2.15816
 31
0.0
  0
LINE
  5
1C23
  8
0
 10
22.2693
 20
2.15816
 30
0.0
 11
22.033
 21
2.24269
 31
0.0
  0
LINE
  5
1C24
  8
0
 10
22.033
 20
2.24269
 30
0.0
 11
21.8062
 21
2.34993
 31
0.0
  0
LINE
  5
1C25
  8
0
 10
21.8062
 20
2.34993
 30
0.0
 11
21.5911
 21
2.47893
 31
0.0
  0
LINE
  5
1C26
  8
0
 10
21.5911
 20
2.47893
 30
0.0
 11
21.3895
 21
2.62836
 31
0.0
  0
LINE
  5
1C27
  8
0
 10
21.3895
 20
2.62836
 30
0.0
 11
21.2036
 21
2.79684
 31
0.0
  0
LINE
  5
1C28
  8
0
 10
21.2036
 20
2.79684
 30
0.0
 11
21.0352
 21
2.98274
 31
0.0
  0
LINE
  5
1C29
  8
0
 10
21.0352
 20
2.98274
 30
0.0
 11
20.8857
 21
3.18427
 31
0.0
  0
LINE
  5
1C2A
  8
0
 10
20.8857
 20
3.18427
 30
0.0
 11
20.7567
 21
3.39943
 31
0.0
  0
LINE
  5
1C2B
  8
0
 10
20.7567
 20
3.39943
 30
0.0
 11
20.6495
 21
3.62624
 31
0.0
  0
LINE
  5
1C2C
  8
0
 10
20.6495
 20
3.62624
 30
0.0
 11
20.565
 21
3.86246
 31
0.0
  0
LINE
  5
1C2D
  8
0
 10
20.565
 20
3.86246
 30
0.0
 11
20.504
 21
4.10582
 31
0.0
  0
LINE
  5
1C2E
  8
0
 10
20.504
 20
4.10582
 30
0.0
 11
20.4672
 21
4.35399
 31
0.0
  0
LINE
  5
1C2F
  8
0
 10
20.4672
 20
4.35399
 30
0.0
 11
20.4549
 21
4.60457
 31
0.0
  0
LINE
  5
1C30
  8
0
 10
20.4549
 20
4.60457
 30
0.0
 11
20.4672
 21
4.85516
 31
0.0
  0
LINE
  5
1C31
  8
0
 10
20.4672
 20
4.85516
 30
0.0
 11
20.504
 21
5.1033
 31
0.0
  0
LINE
  5
1C32
  8
0
 10
20.504
 20
5.1033
 30
0.0
 11
20.565
 21
5.34668
 31
0.0
  0
LINE
  5
1C33
  8
0
 10
20.565
 20
5.34668
 30
0.0
 11
20.6495
 21
5.5829
 31
0.0
  0
LINE
  5
1C34
  8
0
 10
20.6495
 20
5.5829
 30
0.0
 11
20.7567
 21
5.80969
 31
0.0
  0
LINE
  5
1C35
  8
0
 10
20.7567
 20
5.80969
 30
0.0
 11
20.8857
 21
6.02487
 31
0.0
  0
LINE
  5
1C36
  8
0
 10
20.8857
 20
6.02487
 30
0.0
 11
21.0352
 21
6.22639
 31
0.0
  0
LINE
  5
1C37
  8
0
 10
21.0352
 20
6.22639
 30
0.0
 11
21.2036
 21
6.41229
 31
0.0
  0
LINE
  5
1C38
  8
0
 10
21.2036
 20
6.41229
 30
0.0
 11
21.3896
 21
6.58078
 31
0.0
  0
LINE
  5
1C39
  8
0
 10
21.3896
 20
6.58078
 30
0.0
 11
21.5911
 21
6.73021
 31
0.0
  0
LINE
  5
1C3A
  8
0
 10
21.5911
 20
6.73021
 30
0.0
 11
21.8062
 21
6.85919
 31
0.0
  0
LINE
  5
1C3B
  8
0
 10
21.8062
 20
6.85919
 30
0.0
 11
22.0331
 21
6.96646
 31
0.0
  0
LINE
  5
1C3C
  8
0
 10
22.0331
 20
6.96646
 30
0.0
 11
22.2693
 21
7.05098
 31
0.0
  0
LINE
  5
1C3D
  8
0
 10
22.2693
 20
7.05098
 30
0.0
 11
22.5126
 21
7.11192
 31
0.0
  0
LINE
  5
1C3E
  8
0
 10
22.5126
 20
7.11192
 30
0.0
 11
22.7608
 21
7.14877
 31
0.0
  0
LINE
  5
1C3F
  8
0
 10
22.7608
 20
7.14877
 30
0.0
 11
23.0114
 21
7.16106
 31
0.0
  0
LINE
  5
1C40
  8
0
 10
23.0114
 20
7.16106
 30
0.0
 11
23.262
 21
7.14876
 31
0.0
  0
LINE
  5
1C41
  8
0
 10
23.262
 20
7.14876
 30
0.0
 11
23.5101
 21
7.11194
 31
0.0
  0
LINE
  5
1C42
  8
0
 10
23.5101
 20
7.11194
 30
0.0
 11
23.7535
 21
7.05098
 31
0.0
  0
LINE
  5
1C43
  8
0
 10
23.7535
 20
7.05098
 30
0.0
 11
23.9897
 21
6.96646
 31
0.0
  0
LINE
  5
1C44
  8
0
 10
23.9897
 20
6.96646
 30
0.0
 11
24.119
 21
6.9053
 31
0.0
  0
LINE
  5
1C45
  8
0
 10
24.119
 20
6.9053
 30
0.0
 11
24.9442
 21
7.73047
 31
0.0
  0
LINE
  5
1C46
  8
0
 10
24.9442
 20
7.73047
 30
0.0
 11
26.1373
 21
6.53738
 31
0.0
  0
LINE
  5
1C47
  8
0
 10
26.1373
 20
6.53738
 30
0.0
 11
25.3121
 21
5.71222
 31
0.0
  0
LINE
  5
1C48
  8
0
 10
25.3121
 20
5.71222
 30
0.0
 11
25.3733
 21
5.58292
 31
0.0
  0
LINE
  5
1C49
  8
0
 10
25.3733
 20
5.58292
 30
0.0
 11
25.4578
 21
5.34669
 31
0.0
  0
LINE
  5
1C4A
  8
0
 10
25.4578
 20
5.34669
 30
0.0
 11
25.5187
 21
5.10333
 31
0.0
  0
LINE
  5
1C4B
  8
0
 10
25.5187
 20
5.10333
 30
0.0
 11
25.5556
 21
4.85518
 31
0.0
  0
LINE
  5
1C4C
  8
0
 10
25.5556
 20
4.85518
 30
0.0
 11
25.5679
 21
4.60458
 31
0.0
  0
LINE
  5
1C4D
  8
0
 10
25.5679
 20
4.60458
 30
0.0
 11
25.5556
 21
4.354
 31
0.0
  0
LINE
  5
1C4E
  8
0
 10
25.5556
 20
4.354
 30
0.0
 11
25.5187
 21
4.10582
 31
0.0
  0
LINE
  5
1C4F
  8
0
 10
25.5187
 20
4.10582
 30
0.0
 11
25.4578
 21
3.86247
 31
0.0
  0
LINE
  5
1C50
  8
0
 10
25.4578
 20
3.86247
 30
0.0
 11
25.3733
 21
3.62625
 31
0.0
  0
LINE
  5
1C51
  8
0
 10
25.3733
 20
3.62625
 30
0.0
 11
25.266
 21
3.39944
 31
0.0
  0
LINE
  5
1C52
  8
0
 10
25.266
 20
3.39944
 30
0.0
 11
25.137
 21
3.18427
 31
0.0
  0
LINE
  5
1C53
  8
0
 10
25.137
 20
3.18427
 30
0.0
 11
24.9876
 21
2.98276
 31
0.0
  0
LINE
  5
1C54
  8
0
 10
24.9876
 20
2.98276
 30
0.0
 11
24.8191
 21
2.79684
 31
0.0
  0
LINE
  5
1C55
  8
0
 10
24.8191
 20
2.79684
 30
0.0
 11
24.6332
 21
2.62836
 31
0.0
  0
LINE
  5
1C56
  8
0
 10
24.6332
 20
2.62836
 30
0.0
 11
24.4317
 21
2.47893
 31
0.0
  0
LINE
  5
1C57
  8
0
 10
24.4317
 20
2.47893
 30
0.0
 11
24.2165
 21
2.34993
 31
0.0
  0
LINE
  5
1C58
  8
0
 10
24.2165
 20
2.34993
 30
0.0
 11
23.9897
 21
2.24269
 31
0.0
  0
LINE
  5
1C59
  8
0
 10
23.9897
 20
2.24269
 30
0.0
 11
23.7535
 21
2.15816
 31
0.0
  0
LINE
  5
1C5A
  8
0
 10
23.7535
 20
2.15816
 30
0.0
 11
23.5101
 21
2.0972
 31
0.0
  0
LINE
  5
1C5B
  8
0
 10
23.5101
 20
2.0972
 30
0.0
 11
23.262
 21
2.06039
 31
0.0
  0
LINE
  5
1C5C
  8
0
 10
23.262
 20
2.06039
 30
0.0
 11
23.0114
 21
2.04808
 31
0.0
  0
LINE
  5
1C5D
  8
0
 10
23.0114
 20
2.04808
 30
0.0
 11
22.7608
 21
2.06039
 31
0.0
  0
LINE
  5
1C5E
  8
0
 10
24.4575
 20
4.60457
 30
0.0
 11
23.0114
 21
6.05074
 31
0.0
  0
LINE
  5
1C5F
  8
0
 10
23.0114
 20
6.05074
 30
0.0
 11
21.5652
 21
4.60457
 31
0.0
  0
LINE
  5
1C60
  8
0
 10
21.5652
 20
4.60457
 30
0.0
 11
23.0114
 21
3.15839
 31
0.0
  0
LINE
  5
1C61
  8
0
 10
23.0114
 20
3.15839
 30
0.0
 11
24.4575
 21
4.60457
 31
0.0
  0
LINE
  5
1C62
  8
0
 10
4.35399
 20
2.06039
 30
0.0
 11
4.10582
 21
2.0972
 31
0.0
  0
LINE
  5
1C63
  8
0
 10
4.10582
 20
2.0972
 30
0.0
 11
3.86246
 21
2.15816
 31
0.0
  0
LINE
  5
1C64
  8
0
 10
3.86246
 20
2.15816
 30
0.0
 11
3.62624
 21
2.24269
 31
0.0
  0
LINE
  5
1C65
  8
0
 10
3.62624
 20
2.24269
 30
0.0
 11
3.39943
 21
2.34993
 31
0.0
  0
LINE
  5
1C66
  8
0
 10
3.39943
 20
2.34993
 30
0.0
 11
3.18427
 21
2.47893
 31
0.0
  0
LINE
  5
1C67
  8
0
 10
3.18427
 20
2.47893
 30
0.0
 11
2.98274
 21
2.62836
 31
0.0
  0
LINE
  5
1C68
  8
0
 10
2.98274
 20
2.62836
 30
0.0
 11
2.79684
 21
2.79684
 31
0.0
  0
LINE
  5
1C69
  8
0
 10
2.79684
 20
2.79684
 30
0.0
 11
2.62836
 21
2.98274
 31
0.0
  0
LINE
  5
1C6A
  8
0
 10
2.62836
 20
2.98274
 30
0.0
 11
2.47893
 21
3.18427
 31
0.0
  0
LINE
  5
1C6B
  8
0
 10
2.47893
 20
3.18427
 30
0.0
 11
2.34993
 21
3.39943
 31
0.0
  0
LINE
  5
1C6C
  8
0
 10
2.34993
 20
3.39943
 30
0.0
 11
2.24269
 21
3.62624
 31
0.0
  0
LINE
  5
1C6D
  8
0
 10
2.24269
 20
3.62624
 30
0.0
 11
2.15816
 21
3.86246
 31
0.0
  0
LINE
  5
1C6E
  8
0
 10
2.15816
 20
3.86246
 30
0.0
 11
2.0972
 21
4.10582
 31
0.0
  0
LINE
  5
1C6F
  8
0
 10
2.0972
 20
4.10582
 30
0.0
 11
2.06039
 21
4.35399
 31
0.0
  0
LINE
  5
1C70
  8
0
 10
2.06039
 20
4.35399
 30
0.0
 11
2.04808
 21
4.60457
 31
0.0
  0
LINE
  5
1C71
  8
0
 10
2.04808
 20
4.60457
 30
0.0
 11
2.06039
 21
4.85516
 31
0.0
  0
LINE
  5
1C72
  8
0
 10
2.06039
 20
4.85516
 30
0.0
 11
2.0972
 21
5.1033
 31
0.0
  0
LINE
  5
1C73
  8
0
 10
2.0972
 20
5.1033
 30
0.0
 11
2.15816
 21
5.34668
 31
0.0
  0
LINE
  5
1C74
  8
0
 10
2.15816
 20
5.34668
 30
0.0
 11
2.24269
 21
5.5829
 31
0.0
  0
LINE
  5
1C75
  8
0
 10
2.24269
 20
5.5829
 30
0.0
 11
2.34993
 21
5.80969
 31
0.0
  0
LINE
  5
1C76
  8
0
 10
2.34993
 20
5.80969
 30
0.0
 11
2.47893
 21
6.02487
 31
0.0
  0
LINE
  5
1C77
  8
0
 10
2.47893
 20
6.02487
 30
0.0
 11
2.62836
 21
6.22639
 31
0.0
  0
LINE
  5
1C78
  8
0
 10
2.62836
 20
6.22639
 30
0.0
 11
2.79684
 21
6.41229
 31
0.0
  0
LINE
  5
1C79
  8
0
 10
2.79684
 20
6.41229
 30
0.0
 11
2.98276
 21
6.58078
 31
0.0
  0
LINE
  5
1C7A
  8
0
 10
2.98276
 20
6.58078
 30
0.0
 11
3.18427
 21
6.73021
 31
0.0
  0
LINE
  5
1C7B
  8
0
 10
3.18427
 20
6.73021
 30
0.0
 11
3.39944
 21
6.85919
 31
0.0
  0
LINE
  5
1C7C
  8
0
 10
3.39944
 20
6.85919
 30
0.0
 11
3.62625
 21
6.96646
 31
0.0
  0
LINE
  5
1C7D
  8
0
 10
3.62625
 20
6.96646
 30
0.0
 11
3.86247
 21
7.05098
 31
0.0
  0
LINE
  5
1C7E
  8
0
 10
3.86247
 20
7.05098
 30
0.0
 11
4.10582
 21
7.11192
 31
0.0
  0
LINE
  5
1C7F
  8
0
 10
4.10582
 20
7.11192
 30
0.0
 11
4.354
 21
7.14877
 31
0.0
  0
LINE
  5
1C80
  8
0
 10
4.354
 20
7.14877
 30
0.0
 11
4.60458
 21
7.16106
 31
0.0
  0
LINE
  5
1C81
  8
0
 10
4.60458
 20
7.16106
 30
0.0
 11
4.85518
 21
7.14876
 31
0.0
  0
LINE
  5
1C82
  8
0
 10
4.85518
 20
7.14876
 30
0.0
 11
5.10333
 21
7.11194
 31
0.0
  0
LINE
  5
1C83
  8
0
 10
5.10333
 20
7.11194
 30
0.0
 11
5.34669
 21
7.05098
 31
0.0
  0
LINE
  5
1C84
  8
0
 10
5.34669
 20
7.05098
 30
0.0
 11
5.58292
 21
6.96646
 31
0.0
  0
LINE
  5
1C85
  8
0
 10
5.58292
 20
6.96646
 30
0.0
 11
5.71222
 21
6.9053
 31
0.0
  0
LINE
  5
1C86
  8
0
 10
5.71222
 20
6.9053
 30
0.0
 11
6.53738
 21
7.73047
 31
0.0
  0
LINE
  5
1C87
  8
0
 10
6.53738
 20
7.73047
 30
0.0
 11
7.73047
 21
6.53738
 31
0.0
  0
LINE
  5
1C88
  8
0
 10
7.73047
 20
6.53738
 30
0.0
 11
6.9053
 21
5.71222
 31
0.0
  0
LINE
  5
1C89
  8
0
 10
6.9053
 20
5.71222
 30
0.0
 11
6.96646
 21
5.58292
 31
0.0
  0
LINE
  5
1C8A
  8
0
 10
6.96646
 20
5.58292
 30
0.0
 11
7.05098
 21
5.34669
 31
0.0
  0
LINE
  5
1C8B
  8
0
 10
7.05098
 20
5.34669
 30
0.0
 11
7.11194
 21
5.10333
 31
0.0
  0
LINE
  5
1C8C
  8
0
 10
7.11194
 20
5.10333
 30
0.0
 11
7.14876
 21
4.85518
 31
0.0
  0
LINE
  5
1C8D
  8
0
 10
7.14876
 20
4.85518
 30
0.0
 11
7.16106
 21
4.60458
 31
0.0
  0
LINE
  5
1C8E
  8
0
 10
7.16106
 20
4.60458
 30
0.0
 11
7.14877
 21
4.354
 31
0.0
  0
LINE
  5
1C8F
  8
0
 10
7.14877
 20
4.354
 30
0.0
 11
7.11192
 21
4.10582
 31
0.0
  0
LINE
  5
1C90
  8
0
 10
7.11192
 20
4.10582
 30
0.0
 11
7.05098
 21
3.86247
 31
0.0
  0
LINE
  5
1C91
  8
0
 10
7.05098
 20
3.86247
 30
0.0
 11
6.96646
 21
3.62625
 31
0.0
  0
LINE
  5
1C92
  8
0
 10
6.96646
 20
3.62625
 30
0.0
 11
6.85919
 21
3.39944
 31
0.0
  0
LINE
  5
1C93
  8
0
 10
6.85919
 20
3.39944
 30
0.0
 11
6.73021
 21
3.18427
 31
0.0
  0
LINE
  5
1C94
  8
0
 10
6.73021
 20
3.18427
 30
0.0
 11
6.58078
 21
2.98276
 31
0.0
  0
LINE
  5
1C95
  8
0
 10
6.58078
 20
2.98276
 30
0.0
 11
6.41229
 21
2.79684
 31
0.0
  0
LINE
  5
1C96
  8
0
 10
6.41229
 20
2.79684
 30
0.0
 11
6.22639
 21
2.62836
 31
0.0
  0
LINE
  5
1C97
  8
0
 10
6.22639
 20
2.62836
 30
0.0
 11
6.02487
 21
2.47893
 31
0.0
  0
LINE
  5
1C98
  8
0
 10
6.02487
 20
2.47893
 30
0.0
 11
5.80969
 21
2.34993
 31
0.0
  0
LINE
  5
1C99
  8
0
 10
5.80969
 20
2.34993
 30
0.0
 11
5.5829
 21
2.24269
 31
0.0
  0
LINE
  5
1C9A
  8
0
 10
5.5829
 20
2.24269
 30
0.0
 11
5.34668
 21
2.15816
 31
0.0
  0
LINE
  5
1C9B
  8
0
 10
5.34668
 20
2.15816
 30
0.0
 11
5.1033
 21
2.0972
 31
0.0
  0
LINE
  5
1C9C
  8
0
 10
5.1033
 20
2.0972
 30
0.0
 11
4.85516
 21
2.06039
 31
0.0
  0
LINE
  5
1C9D
  8
0
 10
4.85516
 20
2.06039
 30
0.0
 11
4.60457
 21
2.04808
 31
0.0
  0
LINE
  5
1C9E
  8
0
 10
4.60457
 20
2.04808
 30
0.0
 11
4.35399
 21
2.06039
 31
0.0
  0
LINE
  5
1C9F
  8
0
 10
6.05074
 20
4.60457
 30
0.0
 11
4.60457
 21
6.05074
 31
0.0
  0
LINE
  5
1CA0
  8
0
 10
4.60457
 20
6.05074
 30
0.0
 11
3.15839
 21
4.60457
 31
0.0
  0
LINE
  5
1CA1
  8
0
 10
3.15839
 20
4.60457
 30
0.0
 11
4.60457
 21
3.15839
 31
0.0
  0
LINE
  5
1CA2
  8
0
 10
4.60457
 20
3.15839
 30
0.0
 11
6.05074
 21
4.60457
 31
0.0
  0
LINE
  5
1CA3
  8
0
 10
87.1788
 20
2.06039
 30
0.0
 11
86.9307
 21
2.0972
 31
0.0
  0
LINE
  5
1CA4
  8
0
 10
86.9307
 20
2.0972
 30
0.0
 11
86.6873
 21
2.15816
 31
0.0
  0
LINE
  5
1CA5
  8
0
 10
86.6873
 20
2.15816
 30
0.0
 11
86.4511
 21
2.24269
 31
0.0
  0
LINE
  5
1CA6
  8
0
 10
86.4511
 20
2.24269
 30
0.0
 11
86.2243
 21
2.34993
 31
0.0
  0
LINE
  5
1CA7
  8
0
 10
86.2243
 20
2.34993
 30
0.0
 11
86.0091
 21
2.47893
 31
0.0
  0
LINE
  5
1CA8
  8
0
 10
86.0091
 20
2.47893
 30
0.0
 11
85.8076
 21
2.62836
 31
0.0
  0
LINE
  5
1CA9
  8
0
 10
85.8076
 20
2.62836
 30
0.0
 11
85.6217
 21
2.79684
 31
0.0
  0
LINE
  5
1CAA
  8
0
 10
85.6217
 20
2.79684
 30
0.0
 11
85.4532
 21
2.98276
 31
0.0
  0
LINE
  5
1CAB
  8
0
 10
85.4532
 20
2.98276
 30
0.0
 11
85.3038
 21
3.18427
 31
0.0
  0
LINE
  5
1CAC
  8
0
 10
85.3038
 20
3.18427
 30
0.0
 11
85.1748
 21
3.39944
 31
0.0
  0
LINE
  5
1CAD
  8
0
 10
85.1748
 20
3.39944
 30
0.0
 11
85.0675
 21
3.62625
 31
0.0
  0
LINE
  5
1CAE
  8
0
 10
85.0675
 20
3.62625
 30
0.0
 11
84.983
 21
3.86247
 31
0.0
  0
LINE
  5
1CAF
  8
0
 10
84.983
 20
3.86247
 30
0.0
 11
84.9221
 21
4.10582
 31
0.0
  0
LINE
  5
1CB0
  8
0
 10
84.9221
 20
4.10582
 30
0.0
 11
84.8852
 21
4.354
 31
0.0
  0
LINE
  5
1CB1
  8
0
 10
84.8852
 20
4.354
 30
0.0
 11
84.8729
 21
4.60458
 31
0.0
  0
LINE
  5
1CB2
  8
0
 10
84.8729
 20
4.60458
 30
0.0
 11
84.8852
 21
4.85518
 31
0.0
  0
LINE
  5
1CB3
  8
0
 10
84.8852
 20
4.85518
 30
0.0
 11
84.922
 21
5.10333
 31
0.0
  0
LINE
  5
1CB4
  8
0
 10
84.922
 20
5.10333
 30
0.0
 11
84.983
 21
5.34669
 31
0.0
  0
LINE
  5
1CB5
  8
0
 10
84.983
 20
5.34669
 30
0.0
 11
85.0675
 21
5.58292
 31
0.0
  0
LINE
  5
1CB6
  8
0
 10
85.0675
 20
5.58292
 30
0.0
 11
85.1287
 21
5.71222
 31
0.0
  0
LINE
  5
1CB7
  8
0
 10
85.1287
 20
5.71222
 30
0.0
 11
84.3035
 21
6.53738
 31
0.0
  0
LINE
  5
1CB8
  8
0
 10
84.3035
 20
6.53738
 30
0.0
 11
85.4966
 21
7.73047
 31
0.0
  0
LINE
  5
1CB9
  8
0
 10
85.4966
 20
7.73047
 30
0.0
 11
86.3218
 21
6.9053
 31
0.0
  0
LINE
  5
1CBA
  8
0
 10
86.3218
 20
6.9053
 30
0.0
 11
86.4511
 21
6.96646
 31
0.0
  0
LINE
  5
1CBB
  8
0
 10
86.4511
 20
6.96646
 30
0.0
 11
86.6873
 21
7.05098
 31
0.0
  0
LINE
  5
1CBC
  8
0
 10
86.6873
 20
7.05098
 30
0.0
 11
86.9306
 21
7.11194
 31
0.0
  0
LINE
  5
1CBD
  8
0
 10
86.9306
 20
7.11194
 30
0.0
 11
87.1788
 21
7.14876
 31
0.0
  0
LINE
  5
1CBE
  8
0
 10
87.1788
 20
7.14876
 30
0.0
 11
87.4294
 21
7.16106
 31
0.0
  0
LINE
  5
1CBF
  8
0
 10
87.4294
 20
7.16106
 30
0.0
 11
87.68
 21
7.14877
 31
0.0
  0
LINE
  5
1CC0
  8
0
 10
87.68
 20
7.14877
 30
0.0
 11
87.9282
 21
7.11192
 31
0.0
  0
LINE
  5
1CC1
  8
0
 10
87.9282
 20
7.11192
 30
0.0
 11
88.1715
 21
7.05098
 31
0.0
  0
LINE
  5
1CC2
  8
0
 10
88.1715
 20
7.05098
 30
0.0
 11
88.4077
 21
6.96646
 31
0.0
  0
LINE
  5
1CC3
  8
0
 10
88.4077
 20
6.96646
 30
0.0
 11
88.6345
 21
6.85919
 31
0.0
  0
LINE
  5
1CC4
  8
0
 10
88.6345
 20
6.85919
 30
0.0
 11
88.8497
 21
6.73021
 31
0.0
  0
LINE
  5
1CC5
  8
0
 10
88.8497
 20
6.73021
 30
0.0
 11
89.0512
 21
6.58078
 31
0.0
  0
LINE
  5
1CC6
  8
0
 10
89.0512
 20
6.58078
 30
0.0
 11
89.2371
 21
6.41229
 31
0.0
  0
LINE
  5
1CC7
  8
0
 10
89.2371
 20
6.41229
 30
0.0
 11
89.4056
 21
6.22639
 31
0.0
  0
LINE
  5
1CC8
  8
0
 10
89.4056
 20
6.22639
 30
0.0
 11
89.5551
 21
6.02487
 31
0.0
  0
LINE
  5
1CC9
  8
0
 10
89.5551
 20
6.02487
 30
0.0
 11
89.6841
 21
5.80969
 31
0.0
  0
LINE
  5
1CCA
  8
0
 10
89.6841
 20
5.80969
 30
0.0
 11
89.7913
 21
5.5829
 31
0.0
  0
LINE
  5
1CCB
  8
0
 10
89.7913
 20
5.5829
 30
0.0
 11
89.8758
 21
5.34668
 31
0.0
  0
LINE
  5
1CCC
  8
0
 10
89.8758
 20
5.34668
 30
0.0
 11
89.9368
 21
5.1033
 31
0.0
  0
LINE
  5
1CCD
  8
0
 10
89.9368
 20
5.1033
 30
0.0
 11
89.9736
 21
4.85516
 31
0.0
  0
LINE
  5
1CCE
  8
0
 10
89.9736
 20
4.85516
 30
0.0
 11
89.9859
 21
4.60457
 31
0.0
  0
LINE
  5
1CCF
  8
0
 10
89.9859
 20
4.60457
 30
0.0
 11
89.9736
 21
4.35399
 31
0.0
  0
LINE
  5
1CD0
  8
0
 10
89.9736
 20
4.35399
 30
0.0
 11
89.9368
 21
4.10582
 31
0.0
  0
LINE
  5
1CD1
  8
0
 10
89.9368
 20
4.10582
 30
0.0
 11
89.8758
 21
3.86246
 31
0.0
  0
LINE
  5
1CD2
  8
0
 10
89.8758
 20
3.86246
 30
0.0
 11
89.7913
 21
3.62624
 31
0.0
  0
LINE
  5
1CD3
  8
0
 10
89.7913
 20
3.62624
 30
0.0
 11
89.6841
 21
3.39943
 31
0.0
  0
LINE
  5
1CD4
  8
0
 10
89.6841
 20
3.39943
 30
0.0
 11
89.5551
 21
3.18427
 31
0.0
  0
LINE
  5
1CD5
  8
0
 10
89.5551
 20
3.18427
 30
0.0
 11
89.4056
 21
2.98274
 31
0.0
  0
LINE
  5
1CD6
  8
0
 10
89.4056
 20
2.98274
 30
0.0
 11
89.2371
 21
2.79684
 31
0.0
  0
LINE
  5
1CD7
  8
0
 10
89.2371
 20
2.79684
 30
0.0
 11
89.0513
 21
2.62836
 31
0.0
  0
LINE
  5
1CD8
  8
0
 10
89.0513
 20
2.62836
 30
0.0
 11
88.8497
 21
2.47893
 31
0.0
  0
LINE
  5
1CD9
  8
0
 10
88.8497
 20
2.47893
 30
0.0
 11
88.6346
 21
2.34993
 31
0.0
  0
LINE
  5
1CDA
  8
0
 10
88.6346
 20
2.34993
 30
0.0
 11
88.4078
 21
2.24269
 31
0.0
  0
LINE
  5
1CDB
  8
0
 10
88.4078
 20
2.24269
 30
0.0
 11
88.1715
 21
2.15816
 31
0.0
  0
LINE
  5
1CDC
  8
0
 10
88.1715
 20
2.15816
 30
0.0
 11
87.9282
 21
2.0972
 31
0.0
  0
LINE
  5
1CDD
  8
0
 10
87.9282
 20
2.0972
 30
0.0
 11
87.68
 21
2.06039
 31
0.0
  0
LINE
  5
1CDE
  8
0
 10
87.68
 20
2.06039
 30
0.0
 11
87.4294
 21
2.04808
 31
0.0
  0
LINE
  5
1CDF
  8
0
 10
87.4294
 20
2.04808
 30
0.0
 11
87.1788
 21
2.06039
 31
0.0
  0
LINE
  5
1CE0
  8
0
 10
88.8756
 20
4.60457
 30
0.0
 11
87.4294
 21
6.05074
 31
0.0
  0
LINE
  5
1CE1
  8
0
 10
87.4294
 20
6.05074
 30
0.0
 11
85.9832
 21
4.60457
 31
0.0
  0
LINE
  5
1CE2
  8
0
 10
85.9832
 20
4.60457
 30
0.0
 11
87.4294
 21
3.15839
 31
0.0
  0
LINE
  5
1CE3
  8
0
 10
87.4294
 20
3.15839
 30
0.0
 11
88.8756
 21
4.60457
 31
0.0
  0
LINE
  5
1CE4
  8
0
 10
41.1676
 20
2.06039
 30
0.0
 11
40.9194
 21
2.0972
 31
0.0
  0
LINE
  5
1CE5
  8
0
 10
40.9194
 20
2.0972
 30
0.0
 11
40.6761
 21
2.15816
 31
0.0
  0
LINE
  5
1CE6
  8
0
 10
40.6761
 20
2.15816
 30
0.0
 11
40.4398
 21
2.24269
 31
0.0
  0
LINE
  5
1CE7
  8
0
 10
40.4398
 20
2.24269
 30
0.0
 11
40.213
 21
2.34993
 31
0.0
  0
LINE
  5
1CE8
  8
0
 10
40.213
 20
2.34993
 30
0.0
 11
39.9979
 21
2.47893
 31
0.0
  0
LINE
  5
1CE9
  8
0
 10
39.9979
 20
2.47893
 30
0.0
 11
39.7963
 21
2.62836
 31
0.0
  0
LINE
  5
1CEA
  8
0
 10
39.7963
 20
2.62836
 30
0.0
 11
39.6105
 21
2.79684
 31
0.0
  0
LINE
  5
1CEB
  8
0
 10
39.6105
 20
2.79684
 30
0.0
 11
39.442
 21
2.98274
 31
0.0
  0
LINE
  5
1CEC
  8
0
 10
39.442
 20
2.98274
 30
0.0
 11
39.2925
 21
3.18427
 31
0.0
  0
LINE
  5
1CED
  8
0
 10
39.2925
 20
3.18427
 30
0.0
 11
39.1635
 21
3.39943
 31
0.0
  0
LINE
  5
1CEE
  8
0
 10
39.1635
 20
3.39943
 30
0.0
 11
39.0563
 21
3.62624
 31
0.0
  0
LINE
  5
1CEF
  8
0
 10
39.0563
 20
3.62624
 30
0.0
 11
38.9718
 21
3.86246
 31
0.0
  0
LINE
  5
1CF0
  8
0
 10
38.9718
 20
3.86246
 30
0.0
 11
38.9108
 21
4.10582
 31
0.0
  0
LINE
  5
1CF1
  8
0
 10
38.9108
 20
4.10582
 30
0.0
 11
38.874
 21
4.35399
 31
0.0
  0
LINE
  5
1CF2
  8
0
 10
38.874
 20
4.35399
 30
0.0
 11
38.8617
 21
4.60457
 31
0.0
  0
LINE
  5
1CF3
  8
0
 10
38.8617
 20
4.60457
 30
0.0
 11
38.874
 21
4.85516
 31
0.0
  0
LINE
  5
1CF4
  8
0
 10
38.874
 20
4.85516
 30
0.0
 11
38.9108
 21
5.1033
 31
0.0
  0
LINE
  5
1CF5
  8
0
 10
38.9108
 20
5.1033
 30
0.0
 11
38.9718
 21
5.34668
 31
0.0
  0
LINE
  5
1CF6
  8
0
 10
38.9718
 20
5.34668
 30
0.0
 11
39.0563
 21
5.5829
 31
0.0
  0
LINE
  5
1CF7
  8
0
 10
39.0563
 20
5.5829
 30
0.0
 11
39.1635
 21
5.80969
 31
0.0
  0
LINE
  5
1CF8
  8
0
 10
39.1635
 20
5.80969
 30
0.0
 11
39.2925
 21
6.02487
 31
0.0
  0
LINE
  5
1CF9
  8
0
 10
39.2925
 20
6.02487
 30
0.0
 11
39.442
 21
6.22639
 31
0.0
  0
LINE
  5
1CFA
  8
0
 10
39.442
 20
6.22639
 30
0.0
 11
39.6105
 21
6.41229
 31
0.0
  0
LINE
  5
1CFB
  8
0
 10
39.6105
 20
6.41229
 30
0.0
 11
39.7964
 21
6.58078
 31
0.0
  0
LINE
  5
1CFC
  8
0
 10
39.7964
 20
6.58078
 30
0.0
 11
39.9979
 21
6.73021
 31
0.0
  0
LINE
  5
1CFD
  8
0
 10
39.9979
 20
6.73021
 30
0.0
 11
40.213
 21
6.85919
 31
0.0
  0
LINE
  5
1CFE
  8
0
 10
40.213
 20
6.85919
 30
0.0
 11
40.4398
 21
6.96646
 31
0.0
  0
LINE
  5
1CFF
  8
0
 10
40.4398
 20
6.96646
 30
0.0
 11
40.6761
 21
7.05098
 31
0.0
  0
LINE
  5
1D00
  8
0
 10
40.6761
 20
7.05098
 30
0.0
 11
40.9194
 21
7.11192
 31
0.0
  0
LINE
  5
1D01
  8
0
 10
40.9194
 20
7.11192
 30
0.0
 11
41.1676
 21
7.14877
 31
0.0
  0
LINE
  5
1D02
  8
0
 10
41.1676
 20
7.14877
 30
0.0
 11
41.4182
 21
7.16106
 31
0.0
  0
LINE
  5
1D03
  8
0
 10
41.4182
 20
7.16106
 30
0.0
 11
41.6688
 21
7.14876
 31
0.0
  0
LINE
  5
1D04
  8
0
 10
41.6688
 20
7.14876
 30
0.0
 11
41.9169
 21
7.11194
 31
0.0
  0
LINE
  5
1D05
  8
0
 10
41.9169
 20
7.11194
 30
0.0
 11
42.1603
 21
7.05098
 31
0.0
  0
LINE
  5
1D06
  8
0
 10
42.1603
 20
7.05098
 30
0.0
 11
42.3965
 21
6.96646
 31
0.0
  0
LINE
  5
1D07
  8
0
 10
42.3965
 20
6.96646
 30
0.0
 11
42.5258
 21
6.9053
 31
0.0
  0
LINE
  5
1D08
  8
0
 10
42.5258
 20
6.9053
 30
0.0
 11
43.351
 21
7.73047
 31
0.0
  0
LINE
  5
1D09
  8
0
 10
43.351
 20
7.73047
 30
0.0
 11
44.5441
 21
6.53738
 31
0.0
  0
LINE
  5
1D0A
  8
0
 10
44.5441
 20
6.53738
 30
0.0
 11
43.7189
 21
5.71222
 31
0.0
  0
LINE
  5
1D0B
  8
0
 10
43.7189
 20
5.71222
 30
0.0
 11
43.7801
 21
5.58292
 31
0.0
  0
LINE
  5
1D0C
  8
0
 10
43.7801
 20
5.58292
 30
0.0
 11
43.8646
 21
5.34669
 31
0.0
  0
LINE
  5
1D0D
  8
0
 10
43.8646
 20
5.34669
 30
0.0
 11
43.9255
 21
5.10333
 31
0.0
  0
LINE
  5
1D0E
  8
0
 10
43.9255
 20
5.10333
 30
0.0
 11
43.9624
 21
4.85518
 31
0.0
  0
LINE
  5
1D0F
  8
0
 10
43.9624
 20
4.85518
 30
0.0
 11
43.9747
 21
4.60458
 31
0.0
  0
LINE
  5
1D10
  8
0
 10
43.9747
 20
4.60458
 30
0.0
 11
43.9624
 21
4.354
 31
0.0
  0
LINE
  5
1D11
  8
0
 10
43.9624
 20
4.354
 30
0.0
 11
43.9255
 21
4.10582
 31
0.0
  0
LINE
  5
1D12
  8
0
 10
43.9255
 20
4.10582
 30
0.0
 11
43.8646
 21
3.86247
 31
0.0
  0
LINE
  5
1D13
  8
0
 10
43.8646
 20
3.86247
 30
0.0
 11
43.7801
 21
3.62625
 31
0.0
  0
LINE
  5
1D14
  8
0
 10
43.7801
 20
3.62625
 30
0.0
 11
43.6728
 21
3.39944
 31
0.0
  0
LINE
  5
1D15
  8
0
 10
43.6728
 20
3.39944
 30
0.0
 11
43.5438
 21
3.18427
 31
0.0
  0
LINE
  5
1D16
  8
0
 10
43.5438
 20
3.18427
 30
0.0
 11
43.3944
 21
2.98276
 31
0.0
  0
LINE
  5
1D17
  8
0
 10
43.3944
 20
2.98276
 30
0.0
 11
43.2259
 21
2.79684
 31
0.0
  0
LINE
  5
1D18
  8
0
 10
43.2259
 20
2.79684
 30
0.0
 11
43.04
 21
2.62836
 31
0.0
  0
LINE
  5
1D19
  8
0
 10
43.04
 20
2.62836
 30
0.0
 11
42.8385
 21
2.47893
 31
0.0
  0
LINE
  5
1D1A
  8
0
 10
42.8385
 20
2.47893
 30
0.0
 11
42.6233
 21
2.34993
 31
0.0
  0
LINE
  5
1D1B
  8
0
 10
42.6233
 20
2.34993
 30
0.0
 11
42.3965
 21
2.24269
 31
0.0
  0
LINE
  5
1D1C
  8
0
 10
42.3965
 20
2.24269
 30
0.0
 11
42.1603
 21
2.15816
 31
0.0
  0
LINE
  5
1D1D
  8
0
 10
42.1603
 20
2.15816
 30
0.0
 11
41.9169
 21
2.0972
 31
0.0
  0
LINE
  5
1D1E
  8
0
 10
41.9169
 20
2.0972
 30
0.0
 11
41.6688
 21
2.06039
 31
0.0
  0
LINE
  5
1D1F
  8
0
 10
41.6688
 20
2.06039
 30
0.0
 11
41.4182
 21
2.04808
 31
0.0
  0
LINE
  5
1D20
  8
0
 10
41.4182
 20
2.04808
 30
0.0
 11
41.1676
 21
2.06039
 31
0.0
  0
LINE
  5
1D21
  8
0
 10
42.8643
 20
4.60457
 30
0.0
 11
41.4182
 21
6.05074
 31
0.0
  0
LINE
  5
1D22
  8
0
 10
41.4182
 20
6.05074
 30
0.0
 11
39.972
 21
4.60457
 31
0.0
  0
LINE
  5
1D23
  8
0
 10
39.972
 20
4.60457
 30
0.0
 11
41.4182
 21
3.15839
 31
0.0
  0
LINE
  5
1D24
  8
0
 10
41.4182
 20
3.15839
 30
0.0
 11
42.8643
 21
4.60457
 31
0.0
  0
LINE
  5
1D25
  8
0
 10
31.9584
 20
2.06039
 30
0.0
 11
31.7103
 21
2.0972
 31
0.0
  0
LINE
  5
1D26
  8
0
 10
31.7103
 20
2.0972
 30
0.0
 11
31.4669
 21
2.15816
 31
0.0
  0
LINE
  5
1D27
  8
0
 10
31.4669
 20
2.15816
 30
0.0
 11
31.2307
 21
2.24269
 31
0.0
  0
LINE
  5
1D28
  8
0
 10
31.2307
 20
2.24269
 30
0.0
 11
31.0039
 21
2.34993
 31
0.0
  0
LINE
  5
1D29
  8
0
 10
31.0039
 20
2.34993
 30
0.0
 11
30.7887
 21
2.47893
 31
0.0
  0
LINE
  5
1D2A
  8
0
 10
30.7887
 20
2.47893
 30
0.0
 11
30.5872
 21
2.62836
 31
0.0
  0
LINE
  5
1D2B
  8
0
 10
30.5872
 20
2.62836
 30
0.0
 11
30.4013
 21
2.79684
 31
0.0
  0
LINE
  5
1D2C
  8
0
 10
30.4013
 20
2.79684
 30
0.0
 11
30.2328
 21
2.98276
 31
0.0
  0
LINE
  5
1D2D
  8
0
 10
30.2328
 20
2.98276
 30
0.0
 11
30.0834
 21
3.18427
 31
0.0
  0
LINE
  5
1D2E
  8
0
 10
30.0834
 20
3.18427
 30
0.0
 11
29.9544
 21
3.39944
 31
0.0
  0
LINE
  5
1D2F
  8
0
 10
29.9544
 20
3.39944
 30
0.0
 11
29.8471
 21
3.62625
 31
0.0
  0
LINE
  5
1D30
  8
0
 10
29.8471
 20
3.62625
 30
0.0
 11
29.7626
 21
3.86247
 31
0.0
  0
LINE
  5
1D31
  8
0
 10
29.7626
 20
3.86247
 30
0.0
 11
29.7017
 21
4.10582
 31
0.0
  0
LINE
  5
1D32
  8
0
 10
29.7017
 20
4.10582
 30
0.0
 11
29.6648
 21
4.354
 31
0.0
  0
LINE
  5
1D33
  8
0
 10
29.6648
 20
4.354
 30
0.0
 11
29.6525
 21
4.60458
 31
0.0
  0
LINE
  5
1D34
  8
0
 10
29.6525
 20
4.60458
 30
0.0
 11
29.6648
 21
4.85518
 31
0.0
  0
LINE
  5
1D35
  8
0
 10
29.6648
 20
4.85518
 30
0.0
 11
29.7016
 21
5.10333
 31
0.0
  0
LINE
  5
1D36
  8
0
 10
29.7016
 20
5.10333
 30
0.0
 11
29.7626
 21
5.34669
 31
0.0
  0
LINE
  5
1D37
  8
0
 10
29.7626
 20
5.34669
 30
0.0
 11
29.8471
 21
5.58292
 31
0.0
  0
LINE
  5
1D38
  8
0
 10
29.8471
 20
5.58292
 30
0.0
 11
29.9083
 21
5.71222
 31
0.0
  0
LINE
  5
1D39
  8
0
 10
29.9083
 20
5.71222
 30
0.0
 11
29.0831
 21
6.53738
 31
0.0
  0
LINE
  5
1D3A
  8
0
 10
29.0831
 20
6.53738
 30
0.0
 11
30.2762
 21
7.73047
 31
0.0
  0
LINE
  5
1D3B
  8
0
 10
30.2762
 20
7.73047
 30
0.0
 11
31.1014
 21
6.9053
 31
0.0
  0
LINE
  5
1D3C
  8
0
 10
31.1014
 20
6.9053
 30
0.0
 11
31.2307
 21
6.96646
 31
0.0
  0
LINE
  5
1D3D
  8
0
 10
31.2307
 20
6.96646
 30
0.0
 11
31.4669
 21
7.05098
 31
0.0
  0
LINE
  5
1D3E
  8
0
 10
31.4669
 20
7.05098
 30
0.0
 11
31.7103
 21
7.11194
 31
0.0
  0
LINE
  5
1D3F
  8
0
 10
31.7103
 20
7.11194
 30
0.0
 11
31.9584
 21
7.14876
 31
0.0
  0
LINE
  5
1D40
  8
0
 10
31.9584
 20
7.14876
 30
0.0
 11
32.209
 21
7.16106
 31
0.0
  0
LINE
  5
1D41
  8
0
 10
32.209
 20
7.16106
 30
0.0
 11
32.4596
 21
7.14877
 31
0.0
  0
LINE
  5
1D42
  8
0
 10
32.4596
 20
7.14877
 30
0.0
 11
32.7078
 21
7.11192
 31
0.0
  0
LINE
  5
1D43
  8
0
 10
32.7078
 20
7.11192
 30
0.0
 11
32.9511
 21
7.05098
 31
0.0
  0
LINE
  5
1D44
  8
0
 10
32.9511
 20
7.05098
 30
0.0
 11
33.1873
 21
6.96646
 31
0.0
  0
LINE
  5
1D45
  8
0
 10
33.1873
 20
6.96646
 30
0.0
 11
33.4141
 21
6.85919
 31
0.0
  0
LINE
  5
1D46
  8
0
 10
33.4141
 20
6.85919
 30
0.0
 11
33.6293
 21
6.73021
 31
0.0
  0
LINE
  5
1D47
  8
0
 10
33.6293
 20
6.73021
 30
0.0
 11
33.8308
 21
6.58078
 31
0.0
  0
LINE
  5
1D48
  8
0
 10
33.8308
 20
6.58078
 30
0.0
 11
34.0167
 21
6.41229
 31
0.0
  0
LINE
  5
1D49
  8
0
 10
34.0167
 20
6.41229
 30
0.0
 11
34.1852
 21
6.22639
 31
0.0
  0
LINE
  5
1D4A
  8
0
 10
34.1852
 20
6.22639
 30
0.0
 11
34.3347
 21
6.02487
 31
0.0
  0
LINE
  5
1D4B
  8
0
 10
34.3347
 20
6.02487
 30
0.0
 11
34.4637
 21
5.80969
 31
0.0
  0
LINE
  5
1D4C
  8
0
 10
34.4637
 20
5.80969
 30
0.0
 11
34.5709
 21
5.5829
 31
0.0
  0
LINE
  5
1D4D
  8
0
 10
34.5709
 20
5.5829
 30
0.0
 11
34.6554
 21
5.34668
 31
0.0
  0
LINE
  5
1D4E
  8
0
 10
34.6554
 20
5.34668
 30
0.0
 11
34.7164
 21
5.1033
 31
0.0
  0
LINE
  5
1D4F
  8
0
 10
34.7164
 20
5.1033
 30
0.0
 11
34.7532
 21
4.85516
 31
0.0
  0
LINE
  5
1D50
  8
0
 10
34.7532
 20
4.85516
 30
0.0
 11
34.7655
 21
4.60457
 31
0.0
  0
LINE
  5
1D51
  8
0
 10
34.7655
 20
4.60457
 30
0.0
 11
34.7532
 21
4.35399
 31
0.0
  0
LINE
  5
1D52
  8
0
 10
34.7532
 20
4.35399
 30
0.0
 11
34.7164
 21
4.10582
 31
0.0
  0
LINE
  5
1D53
  8
0
 10
34.7164
 20
4.10582
 30
0.0
 11
34.6554
 21
3.86246
 31
0.0
  0
LINE
  5
1D54
  8
0
 10
34.6554
 20
3.86246
 30
0.0
 11
34.5709
 21
3.62624
 31
0.0
  0
LINE
  5
1D55
  8
0
 10
34.5709
 20
3.62624
 30
0.0
 11
34.4637
 21
3.39943
 31
0.0
  0
LINE
  5
1D56
  8
0
 10
34.4637
 20
3.39943
 30
0.0
 11
34.3347
 21
3.18427
 31
0.0
  0
LINE
  5
1D57
  8
0
 10
34.3347
 20
3.18427
 30
0.0
 11
34.1852
 21
2.98274
 31
0.0
  0
LINE
  5
1D58
  8
0
 10
34.1852
 20
2.98274
 30
0.0
 11
34.0167
 21
2.79684
 31
0.0
  0
LINE
  5
1D59
  8
0
 10
34.0167
 20
2.79684
 30
0.0
 11
33.8308
 21
2.62836
 31
0.0
  0
LINE
  5
1D5A
  8
0
 10
33.8308
 20
2.62836
 30
0.0
 11
33.6293
 21
2.47893
 31
0.0
  0
LINE
  5
1D5B
  8
0
 10
33.6293
 20
2.47893
 30
0.0
 11
33.4142
 21
2.34993
 31
0.0
  0
LINE
  5
1D5C
  8
0
 10
33.4142
 20
2.34993
 30
0.0
 11
33.1873
 21
2.24269
 31
0.0
  0
LINE
  5
1D5D
  8
0
 10
33.1873
 20
2.24269
 30
0.0
 11
32.9511
 21
2.15816
 31
0.0
  0
LINE
  5
1D5E
  8
0
 10
32.9511
 20
2.15816
 30
0.0
 11
32.7078
 21
2.0972
 31
0.0
  0
LINE
  5
1D5F
  8
0
 10
32.7078
 20
2.0972
 30
0.0
 11
32.4596
 21
2.06039
 31
0.0
  0
LINE
  5
1D60
  8
0
 10
32.4596
 20
2.06039
 30
0.0
 11
32.209
 21
2.04808
 31
0.0
  0
LINE
  5
1D61
  8
0
 10
32.209
 20
2.04808
 30
0.0
 11
31.9584
 21
2.06039
 31
0.0
  0
LINE
  5
1D62
  8
0
 10
33.6552
 20
4.60457
 30
0.0
 11
32.209
 21
6.05074
 31
0.0
  0
LINE
  5
1D63
  8
0
 10
32.209
 20
6.05074
 30
0.0
 11
30.7628
 21
4.60457
 31
0.0
  0
LINE
  5
1D64
  8
0
 10
30.7628
 20
4.60457
 30
0.0
 11
32.209
 21
3.15839
 31
0.0
  0
LINE
  5
1D65
  8
0
 10
32.209
 20
3.15839
 30
0.0
 11
33.6552
 21
4.60457
 31
0.0
  0
LINE
  5
1D66
  8
0
 10
96.388
 20
2.06039
 30
0.0
 11
96.1398
 21
2.0972
 31
0.0
  0
LINE
  5
1D67
  8
0
 10
96.1398
 20
2.0972
 30
0.0
 11
95.8965
 21
2.15816
 31
0.0
  0
LINE
  5
1D68
  8
0
 10
95.8965
 20
2.15816
 30
0.0
 11
95.6602
 21
2.24269
 31
0.0
  0
LINE
  5
1D69
  8
0
 10
95.6602
 20
2.24269
 30
0.0
 11
95.4334
 21
2.34993
 31
0.0
  0
LINE
  5
1D6A
  8
0
 10
95.4334
 20
2.34993
 30
0.0
 11
95.2183
 21
2.47893
 31
0.0
  0
LINE
  5
1D6B
  8
0
 10
95.2183
 20
2.47893
 30
0.0
 11
95.0167
 21
2.62836
 31
0.0
  0
LINE
  5
1D6C
  8
0
 10
95.0167
 20
2.62836
 30
0.0
 11
94.8309
 21
2.79684
 31
0.0
  0
LINE
  5
1D6D
  8
0
 10
94.8309
 20
2.79684
 30
0.0
 11
94.6624
 21
2.98274
 31
0.0
  0
LINE
  5
1D6E
  8
0
 10
94.6624
 20
2.98274
 30
0.0
 11
94.5129
 21
3.18427
 31
0.0
  0
LINE
  5
1D6F
  8
0
 10
94.5129
 20
3.18427
 30
0.0
 11
94.3839
 21
3.39943
 31
0.0
  0
LINE
  5
1D70
  8
0
 10
94.3839
 20
3.39943
 30
0.0
 11
94.2767
 21
3.62624
 31
0.0
  0
LINE
  5
1D71
  8
0
 10
94.2767
 20
3.62624
 30
0.0
 11
94.1922
 21
3.86246
 31
0.0
  0
LINE
  5
1D72
  8
0
 10
94.1922
 20
3.86246
 30
0.0
 11
94.1312
 21
4.10582
 31
0.0
  0
LINE
  5
1D73
  8
0
 10
94.1312
 20
4.10582
 30
0.0
 11
94.0944
 21
4.35399
 31
0.0
  0
LINE
  5
1D74
  8
0
 10
94.0944
 20
4.35399
 30
0.0
 11
94.0821
 21
4.60457
 31
0.0
  0
LINE
  5
1D75
  8
0
 10
94.0821
 20
4.60457
 30
0.0
 11
94.0944
 21
4.85516
 31
0.0
  0
LINE
  5
1D76
  8
0
 10
94.0944
 20
4.85516
 30
0.0
 11
94.1312
 21
5.1033
 31
0.0
  0
LINE
  5
1D77
  8
0
 10
94.1312
 20
5.1033
 30
0.0
 11
94.1922
 21
5.34668
 31
0.0
  0
LINE
  5
1D78
  8
0
 10
94.1922
 20
5.34668
 30
0.0
 11
94.2767
 21
5.5829
 31
0.0
  0
LINE
  5
1D79
  8
0
 10
94.2767
 20
5.5829
 30
0.0
 11
94.3839
 21
5.80969
 31
0.0
  0
LINE
  5
1D7A
  8
0
 10
94.3839
 20
5.80969
 30
0.0
 11
94.5129
 21
6.02487
 31
0.0
  0
LINE
  5
1D7B
  8
0
 10
94.5129
 20
6.02487
 30
0.0
 11
94.6624
 21
6.22639
 31
0.0
  0
LINE
  5
1D7C
  8
0
 10
94.6624
 20
6.22639
 30
0.0
 11
94.8309
 21
6.41229
 31
0.0
  0
LINE
  5
1D7D
  8
0
 10
94.8309
 20
6.41229
 30
0.0
 11
95.0168
 21
6.58078
 31
0.0
  0
LINE
  5
1D7E
  8
0
 10
95.0168
 20
6.58078
 30
0.0
 11
95.2183
 21
6.73021
 31
0.0
  0
LINE
  5
1D7F
  8
0
 10
95.2183
 20
6.73021
 30
0.0
 11
95.4334
 21
6.85919
 31
0.0
  0
LINE
  5
1D80
  8
0
 10
95.4334
 20
6.85919
 30
0.0
 11
95.6602
 21
6.96646
 31
0.0
  0
LINE
  5
1D81
  8
0
 10
95.6602
 20
6.96646
 30
0.0
 11
95.8965
 21
7.05098
 31
0.0
  0
LINE
  5
1D82
  8
0
 10
95.8965
 20
7.05098
 30
0.0
 11
96.1398
 21
7.11192
 31
0.0
  0
LINE
  5
1D83
  8
0
 10
96.1398
 20
7.11192
 30
0.0
 11
96.388
 21
7.14877
 31
0.0
  0
LINE
  5
1D84
  8
0
 10
96.388
 20
7.14877
 30
0.0
 11
96.6386
 21
7.16106
 31
0.0
  0
LINE
  5
1D85
  8
0
 10
96.6386
 20
7.16106
 30
0.0
 11
96.8892
 21
7.14876
 31
0.0
  0
LINE
  5
1D86
  8
0
 10
96.8892
 20
7.14876
 30
0.0
 11
97.1373
 21
7.11194
 31
0.0
  0
LINE
  5
1D87
  8
0
 10
97.1373
 20
7.11194
 30
0.0
 11
97.3807
 21
7.05098
 31
0.0
  0
LINE
  5
1D88
  8
0
 10
97.3807
 20
7.05098
 30
0.0
 11
97.6169
 21
6.96646
 31
0.0
  0
LINE
  5
1D89
  8
0
 10
97.6169
 20
6.96646
 30
0.0
 11
97.7462
 21
6.9053
 31
0.0
  0
LINE
  5
1D8A
  8
0
 10
97.7462
 20
6.9053
 30
0.0
 11
98.5714
 21
7.73047
 31
0.0
  0
LINE
  5
1D8B
  8
0
 10
98.5714
 20
7.73047
 30
0.0
 11
99.7645
 21
6.53738
 31
0.0
  0
LINE
  5
1D8C
  8
0
 10
99.7645
 20
6.53738
 30
0.0
 11
98.9393
 21
5.71222
 31
0.0
  0
LINE
  5
1D8D
  8
0
 10
98.9393
 20
5.71222
 30
0.0
 11
99.0005
 21
5.58292
 31
0.0
  0
LINE
  5
1D8E
  8
0
 10
99.0005
 20
5.58292
 30
0.0
 11
99.085
 21
5.34669
 31
0.0
  0
LINE
  5
1D8F
  8
0
 10
99.085
 20
5.34669
 30
0.0
 11
99.146
 21
5.10333
 31
0.0
  0
LINE
  5
1D90
  8
0
 10
99.146
 20
5.10333
 30
0.0
 11
99.1828
 21
4.85518
 31
0.0
  0
LINE
  5
1D91
  8
0
 10
99.1828
 20
4.85518
 30
0.0
 11
99.1951
 21
4.60458
 31
0.0
  0
LINE
  5
1D92
  8
0
 10
99.1951
 20
4.60458
 30
0.0
 11
99.1828
 21
4.354
 31
0.0
  0
LINE
  5
1D93
  8
0
 10
99.1828
 20
4.354
 30
0.0
 11
99.1459
 21
4.10582
 31
0.0
  0
LINE
  5
1D94
  8
0
 10
99.1459
 20
4.10582
 30
0.0
 11
99.085
 21
3.86247
 31
0.0
  0
LINE
  5
1D95
  8
0
 10
99.085
 20
3.86247
 30
0.0
 11
99.0005
 21
3.62625
 31
0.0
  0
LINE
  5
1D96
  8
0
 10
99.0005
 20
3.62625
 30
0.0
 11
98.8932
 21
3.39944
 31
0.0
  0
LINE
  5
1D97
  8
0
 10
98.8932
 20
3.39944
 30
0.0
 11
98.7642
 21
3.18427
 31
0.0
  0
LINE
  5
1D98
  8
0
 10
98.7642
 20
3.18427
 30
0.0
 11
98.6148
 21
2.98276
 31
0.0
  0
LINE
  5
1D99
  8
0
 10
98.6148
 20
2.98276
 30
0.0
 11
98.4463
 21
2.79684
 31
0.0
  0
LINE
  5
1D9A
  8
0
 10
98.4463
 20
2.79684
 30
0.0
 11
98.2604
 21
2.62836
 31
0.0
  0
LINE
  5
1D9B
  8
0
 10
98.2604
 20
2.62836
 30
0.0
 11
98.0589
 21
2.47893
 31
0.0
  0
LINE
  5
1D9C
  8
0
 10
98.0589
 20
2.47893
 30
0.0
 11
97.8437
 21
2.34993
 31
0.0
  0
LINE
  5
1D9D
  8
0
 10
97.8437
 20
2.34993
 30
0.0
 11
97.6169
 21
2.24269
 31
0.0
  0
LINE
  5
1D9E
  8
0
 10
97.6169
 20
2.24269
 30
0.0
 11
97.3807
 21
2.15816
 31
0.0
  0
LINE
  5
1D9F
  8
0
 10
97.3807
 20
2.15816
 30
0.0
 11
97.1373
 21
2.0972
 31
0.0
  0
LINE
  5
1DA0
  8
0
 10
97.1373
 20
2.0972
 30
0.0
 11
96.8892
 21
2.06039
 31
0.0
  0
LINE
  5
1DA1
  8
0
 10
96.8892
 20
2.06039
 30
0.0
 11
96.6386
 21
2.04808
 31
0.0
  0
LINE
  5
1DA2
  8
0
 10
96.6386
 20
2.04808
 30
0.0
 11
96.388
 21
2.06039
 31
0.0
  0
LINE
  5
1DA3
  8
0
 10
98.0847
 20
4.60457
 30
0.0
 11
96.6386
 21
6.05074
 31
0.0
  0
LINE
  5
1DA4
  8
0
 10
96.6386
 20
6.05074
 30
0.0
 11
95.1924
 21
4.60457
 31
0.0
  0
LINE
  5
1DA5
  8
0
 10
95.1924
 20
4.60457
 30
0.0
 11
96.6386
 21
3.15839
 31
0.0
  0
LINE
  5
1DA6
  8
0
 10
96.6386
 20
3.15839
 30
0.0
 11
98.0847
 21
4.60457
 31
0.0
  0
LINE
  5
1DA7
  8
0
 10
105.586
 20
2.06039
 30
0.0
 11
105.337
 21
2.0972
 31
0.0
  0
LINE
  5
1DA8
  8
0
 10
105.337
 20
2.0972
 30
0.0
 11
105.094
 21
2.15816
 31
0.0
  0
LINE
  5
1DA9
  8
0
 10
105.094
 20
2.15816
 30
0.0
 11
104.858
 21
2.24269
 31
0.0
  0
LINE
  5
1DAA
  8
0
 10
104.858
 20
2.24269
 30
0.0
 11
104.631
 21
2.34993
 31
0.0
  0
LINE
  5
1DAB
  8
0
 10
104.631
 20
2.34993
 30
0.0
 11
104.416
 21
2.47893
 31
0.0
  0
LINE
  5
1DAC
  8
0
 10
104.416
 20
2.47893
 30
0.0
 11
104.214
 21
2.62836
 31
0.0
  0
LINE
  5
1DAD
  8
0
 10
104.214
 20
2.62836
 30
0.0
 11
104.028
 21
2.79684
 31
0.0
  0
LINE
  5
1DAE
  8
0
 10
104.028
 20
2.79684
 30
0.0
 11
103.86
 21
2.98276
 31
0.0
  0
LINE
  5
1DAF
  8
0
 10
103.86
 20
2.98276
 30
0.0
 11
103.711
 21
3.18427
 31
0.0
  0
LINE
  5
1DB0
  8
0
 10
103.711
 20
3.18427
 30
0.0
 11
103.582
 21
3.39944
 31
0.0
  0
LINE
  5
1DB1
  8
0
 10
103.582
 20
3.39944
 30
0.0
 11
103.474
 21
3.62625
 31
0.0
  0
LINE
  5
1DB2
  8
0
 10
103.474
 20
3.62625
 30
0.0
 11
103.39
 21
3.86247
 31
0.0
  0
LINE
  5
1DB3
  8
0
 10
103.39
 20
3.86247
 30
0.0
 11
103.329
 21
4.10582
 31
0.0
  0
LINE
  5
1DB4
  8
0
 10
103.329
 20
4.10582
 30
0.0
 11
103.292
 21
4.354
 31
0.0
  0
LINE
  5
1DB5
  8
0
 10
103.292
 20
4.354
 30
0.0
 11
103.28
 21
4.60458
 31
0.0
  0
LINE
  5
1DB6
  8
0
 10
103.28
 20
4.60458
 30
0.0
 11
103.292
 21
4.85518
 31
0.0
  0
LINE
  5
1DB7
  8
0
 10
103.292
 20
4.85518
 30
0.0
 11
103.329
 21
5.10333
 31
0.0
  0
LINE
  5
1DB8
  8
0
 10
103.329
 20
5.10333
 30
0.0
 11
103.39
 21
5.34669
 31
0.0
  0
LINE
  5
1DB9
  8
0
 10
103.39
 20
5.34669
 30
0.0
 11
103.474
 21
5.58292
 31
0.0
  0
LINE
  5
1DBA
  8
0
 10
103.474
 20
5.58292
 30
0.0
 11
103.535
 21
5.71222
 31
0.0
  0
LINE
  5
1DBB
  8
0
 10
103.535
 20
5.71222
 30
0.0
 11
102.71
 21
6.53738
 31
0.0
  0
LINE
  5
1DBC
  8
0
 10
102.71
 20
6.53738
 30
0.0
 11
103.903
 21
7.73047
 31
0.0
  0
LINE
  5
1DBD
  8
0
 10
103.903
 20
7.73047
 30
0.0
 11
104.729
 21
6.9053
 31
0.0
  0
LINE
  5
1DBE
  8
0
 10
104.729
 20
6.9053
 30
0.0
 11
104.858
 21
6.96646
 31
0.0
  0
LINE
  5
1DBF
  8
0
 10
104.858
 20
6.96646
 30
0.0
 11
105.094
 21
7.05098
 31
0.0
  0
LINE
  5
1DC0
  8
0
 10
105.094
 20
7.05098
 30
0.0
 11
105.337
 21
7.11194
 31
0.0
  0
LINE
  5
1DC1
  8
0
 10
105.337
 20
7.11194
 30
0.0
 11
105.586
 21
7.14876
 31
0.0
  0
LINE
  5
1DC2
  8
0
 10
105.586
 20
7.14876
 30
0.0
 11
105.836
 21
7.16106
 31
0.0
  0
LINE
  5
1DC3
  8
0
 10
105.836
 20
7.16106
 30
0.0
 11
106.087
 21
7.14877
 31
0.0
  0
LINE
  5
1DC4
  8
0
 10
106.087
 20
7.14877
 30
0.0
 11
106.335
 21
7.11192
 31
0.0
  0
LINE
  5
1DC5
  8
0
 10
106.335
 20
7.11192
 30
0.0
 11
106.578
 21
7.05098
 31
0.0
  0
LINE
  5
1DC6
  8
0
 10
106.578
 20
7.05098
 30
0.0
 11
106.815
 21
6.96646
 31
0.0
  0
LINE
  5
1DC7
  8
0
 10
106.815
 20
6.96646
 30
0.0
 11
107.041
 21
6.85919
 31
0.0
  0
LINE
  5
1DC8
  8
0
 10
107.041
 20
6.85919
 30
0.0
 11
107.257
 21
6.73021
 31
0.0
  0
LINE
  5
1DC9
  8
0
 10
107.257
 20
6.73021
 30
0.0
 11
107.458
 21
6.58078
 31
0.0
  0
LINE
  5
1DCA
  8
0
 10
107.458
 20
6.58078
 30
0.0
 11
107.644
 21
6.41229
 31
0.0
  0
LINE
  5
1DCB
  8
0
 10
107.644
 20
6.41229
 30
0.0
 11
107.812
 21
6.22639
 31
0.0
  0
LINE
  5
1DCC
  8
0
 10
107.812
 20
6.22639
 30
0.0
 11
107.962
 21
6.02487
 31
0.0
  0
LINE
  5
1DCD
  8
0
 10
107.962
 20
6.02487
 30
0.0
 11
108.091
 21
5.80969
 31
0.0
  0
LINE
  5
1DCE
  8
0
 10
108.091
 20
5.80969
 30
0.0
 11
108.198
 21
5.5829
 31
0.0
  0
LINE
  5
1DCF
  8
0
 10
108.198
 20
5.5829
 30
0.0
 11
108.283
 21
5.34668
 31
0.0
  0
LINE
  5
1DD0
  8
0
 10
108.283
 20
5.34668
 30
0.0
 11
108.344
 21
5.1033
 31
0.0
  0
LINE
  5
1DD1
  8
0
 10
108.344
 20
5.1033
 30
0.0
 11
108.38
 21
4.85516
 31
0.0
  0
LINE
  5
1DD2
  8
0
 10
108.38
 20
4.85516
 30
0.0
 11
108.393
 21
4.60457
 31
0.0
  0
LINE
  5
1DD3
  8
0
 10
108.393
 20
4.60457
 30
0.0
 11
108.38
 21
4.35399
 31
0.0
  0
LINE
  5
1DD4
  8
0
 10
108.38
 20
4.35399
 30
0.0
 11
108.344
 21
4.10582
 31
0.0
  0
LINE
  5
1DD5
  8
0
 10
108.344
 20
4.10582
 30
0.0
 11
108.283
 21
3.86246
 31
0.0
  0
LINE
  5
1DD6
  8
0
 10
108.283
 20
3.86246
 30
0.0
 11
108.198
 21
3.62624
 31
0.0
  0
LINE
  5
1DD7
  8
0
 10
108.198
 20
3.62624
 30
0.0
 11
108.091
 21
3.39943
 31
0.0
  0
LINE
  5
1DD8
  8
0
 10
108.091
 20
3.39943
 30
0.0
 11
107.962
 21
3.18427
 31
0.0
  0
LINE
  5
1DD9
  8
0
 10
107.962
 20
3.18427
 30
0.0
 11
107.812
 21
2.98274
 31
0.0
  0
LINE
  5
1DDA
  8
0
 10
107.812
 20
2.98274
 30
0.0
 11
107.644
 21
2.79684
 31
0.0
  0
LINE
  5
1DDB
  8
0
 10
107.644
 20
2.79684
 30
0.0
 11
107.458
 21
2.62836
 31
0.0
  0
LINE
  5
1DDC
  8
0
 10
107.458
 20
2.62836
 30
0.0
 11
107.257
 21
2.47893
 31
0.0
  0
LINE
  5
1DDD
  8
0
 10
107.257
 20
2.47893
 30
0.0
 11
107.041
 21
2.34993
 31
0.0
  0
LINE
  5
1DDE
  8
0
 10
107.041
 20
2.34993
 30
0.0
 11
106.815
 21
2.24269
 31
0.0
  0
LINE
  5
1DDF
  8
0
 10
106.815
 20
2.24269
 30
0.0
 11
106.578
 21
2.15816
 31
0.0
  0
LINE
  5
1DE0
  8
0
 10
106.578
 20
2.15816
 30
0.0
 11
106.335
 21
2.0972
 31
0.0
  0
LINE
  5
1DE1
  8
0
 10
106.335
 20
2.0972
 30
0.0
 11
106.087
 21
2.06039
 31
0.0
  0
LINE
  5
1DE2
  8
0
 10
106.087
 20
2.06039
 30
0.0
 11
105.836
 21
2.04808
 31
0.0
  0
LINE
  5
1DE3
  8
0
 10
105.836
 20
2.04808
 30
0.0
 11
105.586
 21
2.06039
 31
0.0
  0
LINE
  5
1DE4
  8
0
 10
107.282
 20
4.60457
 30
0.0
 11
105.836
 21
6.05074
 31
0.0
  0
LINE
  5
1DE5
  8
0
 10
105.836
 20
6.05074
 30
0.0
 11
104.39
 21
4.60457
 31
0.0
  0
LINE
  5
1DE6
  8
0
 10
104.39
 20
4.60457
 30
0.0
 11
105.836
 21
3.15839
 31
0.0
  0
LINE
  5
1DE7
  8
0
 10
105.836
 20
3.15839
 30
0.0
 11
107.282
 21
4.60457
 31
0.0
  0
LINE
  5
1DE8
  8
0
 10
59.5744
 20
2.06039
 30
0.0
 11
59.3262
 21
2.0972
 31
0.0
  0
LINE
  5
1DE9
  8
0
 10
59.3262
 20
2.0972
 30
0.0
 11
59.0829
 21
2.15816
 31
0.0
  0
LINE
  5
1DEA
  8
0
 10
59.0829
 20
2.15816
 30
0.0
 11
58.8466
 21
2.24269
 31
0.0
  0
LINE
  5
1DEB
  8
0
 10
58.8466
 20
2.24269
 30
0.0
 11
58.6198
 21
2.34993
 31
0.0
  0
LINE
  5
1DEC
  8
0
 10
58.6198
 20
2.34993
 30
0.0
 11
58.4047
 21
2.47893
 31
0.0
  0
LINE
  5
1DED
  8
0
 10
58.4047
 20
2.47893
 30
0.0
 11
58.2031
 21
2.62836
 31
0.0
  0
LINE
  5
1DEE
  8
0
 10
58.2031
 20
2.62836
 30
0.0
 11
58.0173
 21
2.79684
 31
0.0
  0
LINE
  5
1DEF
  8
0
 10
58.0173
 20
2.79684
 30
0.0
 11
57.8488
 21
2.98274
 31
0.0
  0
LINE
  5
1DF0
  8
0
 10
57.8488
 20
2.98274
 30
0.0
 11
57.6993
 21
3.18427
 31
0.0
  0
LINE
  5
1DF1
  8
0
 10
57.6993
 20
3.18427
 30
0.0
 11
57.5703
 21
3.39943
 31
0.0
  0
LINE
  5
1DF2
  8
0
 10
57.5703
 20
3.39943
 30
0.0
 11
57.4631
 21
3.62624
 31
0.0
  0
LINE
  5
1DF3
  8
0
 10
57.4631
 20
3.62624
 30
0.0
 11
57.3786
 21
3.86246
 31
0.0
  0
LINE
  5
1DF4
  8
0
 10
57.3786
 20
3.86246
 30
0.0
 11
57.3176
 21
4.10582
 31
0.0
  0
LINE
  5
1DF5
  8
0
 10
57.3176
 20
4.10582
 30
0.0
 11
57.2808
 21
4.35399
 31
0.0
  0
LINE
  5
1DF6
  8
0
 10
57.2808
 20
4.35399
 30
0.0
 11
57.2685
 21
4.60457
 31
0.0
  0
LINE
  5
1DF7
  8
0
 10
57.2685
 20
4.60457
 30
0.0
 11
57.2808
 21
4.85516
 31
0.0
  0
LINE
  5
1DF8
  8
0
 10
57.2808
 20
4.85516
 30
0.0
 11
57.3176
 21
5.1033
 31
0.0
  0
LINE
  5
1DF9
  8
0
 10
57.3176
 20
5.1033
 30
0.0
 11
57.3786
 21
5.34668
 31
0.0
  0
LINE
  5
1DFA
  8
0
 10
57.3786
 20
5.34668
 30
0.0
 11
57.4631
 21
5.5829
 31
0.0
  0
LINE
  5
1DFB
  8
0
 10
57.4631
 20
5.5829
 30
0.0
 11
57.5703
 21
5.80969
 31
0.0
  0
LINE
  5
1DFC
  8
0
 10
57.5703
 20
5.80969
 30
0.0
 11
57.6993
 21
6.02487
 31
0.0
  0
LINE
  5
1DFD
  8
0
 10
57.6993
 20
6.02487
 30
0.0
 11
57.8488
 21
6.22639
 31
0.0
  0
LINE
  5
1DFE
  8
0
 10
57.8488
 20
6.22639
 30
0.0
 11
58.0173
 21
6.41229
 31
0.0
  0
LINE
  5
1DFF
  8
0
 10
58.0173
 20
6.41229
 30
0.0
 11
58.2032
 21
6.58078
 31
0.0
  0
LINE
  5
1E00
  8
0
 10
58.2032
 20
6.58078
 30
0.0
 11
58.4047
 21
6.73021
 31
0.0
  0
LINE
  5
1E01
  8
0
 10
58.4047
 20
6.73021
 30
0.0
 11
58.6198
 21
6.85919
 31
0.0
  0
LINE
  5
1E02
  8
0
 10
58.6198
 20
6.85919
 30
0.0
 11
58.8466
 21
6.96646
 31
0.0
  0
LINE
  5
1E03
  8
0
 10
58.8466
 20
6.96646
 30
0.0
 11
59.0829
 21
7.05098
 31
0.0
  0
LINE
  5
1E04
  8
0
 10
59.0829
 20
7.05098
 30
0.0
 11
59.3262
 21
7.11192
 31
0.0
  0
LINE
  5
1E05
  8
0
 10
59.3262
 20
7.11192
 30
0.0
 11
59.5744
 21
7.14877
 31
0.0
  0
LINE
  5
1E06
  8
0
 10
59.5744
 20
7.14877
 30
0.0
 11
59.825
 21
7.16106
 31
0.0
  0
LINE
  5
1E07
  8
0
 10
59.825
 20
7.16106
 30
0.0
 11
60.0756
 21
7.14876
 31
0.0
  0
LINE
  5
1E08
  8
0
 10
60.0756
 20
7.14876
 30
0.0
 11
60.3237
 21
7.11194
 31
0.0
  0
LINE
  5
1E09
  8
0
 10
60.3237
 20
7.11194
 30
0.0
 11
60.5671
 21
7.05098
 31
0.0
  0
LINE
  5
1E0A
  8
0
 10
60.5671
 20
7.05098
 30
0.0
 11
60.8033
 21
6.96646
 31
0.0
  0
LINE
  5
1E0B
  8
0
 10
60.8033
 20
6.96646
 30
0.0
 11
60.9326
 21
6.9053
 31
0.0
  0
LINE
  5
1E0C
  8
0
 10
60.9326
 20
6.9053
 30
0.0
 11
61.7578
 21
7.73047
 31
0.0
  0
LINE
  5
1E0D
  8
0
 10
61.7578
 20
7.73047
 30
0.0
 11
62.9509
 21
6.53738
 31
0.0
  0
LINE
  5
1E0E
  8
0
 10
62.9509
 20
6.53738
 30
0.0
 11
62.1257
 21
5.71222
 31
0.0
  0
LINE
  5
1E0F
  8
0
 10
62.1257
 20
5.71222
 30
0.0
 11
62.1869
 21
5.58292
 31
0.0
  0
LINE
  5
1E10
  8
0
 10
62.1869
 20
5.58292
 30
0.0
 11
62.2714
 21
5.34669
 31
0.0
  0
LINE
  5
1E11
  8
0
 10
62.2714
 20
5.34669
 30
0.0
 11
62.3323
 21
5.10333
 31
0.0
  0
LINE
  5
1E12
  8
0
 10
62.3323
 20
5.10333
 30
0.0
 11
62.3692
 21
4.85518
 31
0.0
  0
LINE
  5
1E13
  8
0
 10
62.3692
 20
4.85518
 30
0.0
 11
62.3815
 21
4.60458
 31
0.0
  0
LINE
  5
1E14
  8
0
 10
62.3815
 20
4.60458
 30
0.0
 11
62.3692
 21
4.354
 31
0.0
  0
LINE
  5
1E15
  8
0
 10
62.3692
 20
4.354
 30
0.0
 11
62.3323
 21
4.10582
 31
0.0
  0
LINE
  5
1E16
  8
0
 10
62.3323
 20
4.10582
 30
0.0
 11
62.2714
 21
3.86247
 31
0.0
  0
LINE
  5
1E17
  8
0
 10
62.2714
 20
3.86247
 30
0.0
 11
62.1869
 21
3.62625
 31
0.0
  0
LINE
  5
1E18
  8
0
 10
62.1869
 20
3.62625
 30
0.0
 11
62.0796
 21
3.39944
 31
0.0
  0
LINE
  5
1E19
  8
0
 10
62.0796
 20
3.39944
 30
0.0
 11
61.9506
 21
3.18427
 31
0.0
  0
LINE
  5
1E1A
  8
0
 10
61.9506
 20
3.18427
 30
0.0
 11
61.8012
 21
2.98276
 31
0.0
  0
LINE
  5
1E1B
  8
0
 10
61.8012
 20
2.98276
 30
0.0
 11
61.6327
 21
2.79684
 31
0.0
  0
LINE
  5
1E1C
  8
0
 10
61.6327
 20
2.79684
 30
0.0
 11
61.4468
 21
2.62836
 31
0.0
  0
LINE
  5
1E1D
  8
0
 10
61.4468
 20
2.62836
 30
0.0
 11
61.2453
 21
2.47893
 31
0.0
  0
LINE
  5
1E1E
  8
0
 10
61.2453
 20
2.47893
 30
0.0
 11
61.0301
 21
2.34993
 31
0.0
  0
LINE
  5
1E1F
  8
0
 10
61.0301
 20
2.34993
 30
0.0
 11
60.8033
 21
2.24269
 31
0.0
  0
LINE
  5
1E20
  8
0
 10
60.8033
 20
2.24269
 30
0.0
 11
60.5671
 21
2.15816
 31
0.0
  0
LINE
  5
1E21
  8
0
 10
60.5671
 20
2.15816
 30
0.0
 11
60.3237
 21
2.0972
 31
0.0
  0
LINE
  5
1E22
  8
0
 10
60.3237
 20
2.0972
 30
0.0
 11
60.0756
 21
2.06039
 31
0.0
  0
LINE
  5
1E23
  8
0
 10
60.0756
 20
2.06039
 30
0.0
 11
59.825
 21
2.04808
 31
0.0
  0
LINE
  5
1E24
  8
0
 10
59.825
 20
2.04808
 30
0.0
 11
59.5744
 21
2.06039
 31
0.0
  0
LINE
  5
1E25
  8
0
 10
61.2711
 20
4.60457
 30
0.0
 11
59.825
 21
6.05074
 31
0.0
  0
LINE
  5
1E26
  8
0
 10
59.825
 20
6.05074
 30
0.0
 11
58.3788
 21
4.60457
 31
0.0
  0
LINE
  5
1E27
  8
0
 10
58.3788
 20
4.60457
 30
0.0
 11
59.825
 21
3.15839
 31
0.0
  0
LINE
  5
1E28
  8
0
 10
59.825
 20
3.15839
 30
0.0
 11
61.2711
 21
4.60457
 31
0.0
  0
LINE
  5
1E29
  8
0
 10
50.3652
 20
2.06039
 30
0.0
 11
50.1171
 21
2.0972
 31
0.0
  0
LINE
  5
1E2A
  8
0
 10
50.1171
 20
2.0972
 30
0.0
 11
49.8737
 21
2.15816
 31
0.0
  0
LINE
  5
1E2B
  8
0
 10
49.8737
 20
2.15816
 30
0.0
 11
49.6375
 21
2.24269
 31
0.0
  0
LINE
  5
1E2C
  8
0
 10
49.6375
 20
2.24269
 30
0.0
 11
49.4107
 21
2.34993
 31
0.0
  0
LINE
  5
1E2D
  8
0
 10
49.4107
 20
2.34993
 30
0.0
 11
49.1955
 21
2.47893
 31
0.0
  0
LINE
  5
1E2E
  8
0
 10
49.1955
 20
2.47893
 30
0.0
 11
48.994
 21
2.62836
 31
0.0
  0
LINE
  5
1E2F
  8
0
 10
48.994
 20
2.62836
 30
0.0
 11
48.8081
 21
2.79684
 31
0.0
  0
LINE
  5
1E30
  8
0
 10
48.8081
 20
2.79684
 30
0.0
 11
48.6396
 21
2.98276
 31
0.0
  0
LINE
  5
1E31
  8
0
 10
48.6396
 20
2.98276
 30
0.0
 11
48.4902
 21
3.18427
 31
0.0
  0
LINE
  5
1E32
  8
0
 10
48.4902
 20
3.18427
 30
0.0
 11
48.3612
 21
3.39944
 31
0.0
  0
LINE
  5
1E33
  8
0
 10
48.3612
 20
3.39944
 30
0.0
 11
48.2539
 21
3.62625
 31
0.0
  0
LINE
  5
1E34
  8
0
 10
48.2539
 20
3.62625
 30
0.0
 11
48.1694
 21
3.86247
 31
0.0
  0
LINE
  5
1E35
  8
0
 10
48.1694
 20
3.86247
 30
0.0
 11
48.1085
 21
4.10582
 31
0.0
  0
LINE
  5
1E36
  8
0
 10
48.1085
 20
4.10582
 30
0.0
 11
48.0716
 21
4.354
 31
0.0
  0
LINE
  5
1E37
  8
0
 10
48.0716
 20
4.354
 30
0.0
 11
48.0593
 21
4.60458
 31
0.0
  0
LINE
  5
1E38
  8
0
 10
48.0593
 20
4.60458
 30
0.0
 11
48.0716
 21
4.85518
 31
0.0
  0
LINE
  5
1E39
  8
0
 10
48.0716
 20
4.85518
 30
0.0
 11
48.1084
 21
5.10333
 31
0.0
  0
LINE
  5
1E3A
  8
0
 10
48.1084
 20
5.10333
 30
0.0
 11
48.1694
 21
5.34669
 31
0.0
  0
LINE
  5
1E3B
  8
0
 10
48.1694
 20
5.34669
 30
0.0
 11
48.2539
 21
5.58292
 31
0.0
  0
LINE
  5
1E3C
  8
0
 10
48.2539
 20
5.58292
 30
0.0
 11
48.3151
 21
5.71222
 31
0.0
  0
LINE
  5
1E3D
  8
0
 10
48.3151
 20
5.71222
 30
0.0
 11
47.4899
 21
6.53738
 31
0.0
  0
LINE
  5
1E3E
  8
0
 10
47.4899
 20
6.53738
 30
0.0
 11
48.683
 21
7.73047
 31
0.0
  0
LINE
  5
1E3F
  8
0
 10
48.683
 20
7.73047
 30
0.0
 11
49.5082
 21
6.9053
 31
0.0
  0
LINE
  5
1E40
  8
0
 10
49.5082
 20
6.9053
 30
0.0
 11
49.6375
 21
6.96646
 31
0.0
  0
LINE
  5
1E41
  8
0
 10
49.6375
 20
6.96646
 30
0.0
 11
49.8737
 21
7.05098
 31
0.0
  0
LINE
  5
1E42
  8
0
 10
49.8737
 20
7.05098
 30
0.0
 11
50.1171
 21
7.11194
 31
0.0
  0
LINE
  5
1E43
  8
0
 10
50.1171
 20
7.11194
 30
0.0
 11
50.3652
 21
7.14876
 31
0.0
  0
LINE
  5
1E44
  8
0
 10
50.3652
 20
7.14876
 30
0.0
 11
50.6158
 21
7.16106
 31
0.0
  0
LINE
  5
1E45
  8
0
 10
50.6158
 20
7.16106
 30
0.0
 11
50.8664
 21
7.14877
 31
0.0
  0
LINE
  5
1E46
  8
0
 10
50.8664
 20
7.14877
 30
0.0
 11
51.1146
 21
7.11192
 31
0.0
  0
LINE
  5
1E47
  8
0
 10
51.1146
 20
7.11192
 30
0.0
 11
51.3579
 21
7.05098
 31
0.0
  0
LINE
  5
1E48
  8
0
 10
51.3579
 20
7.05098
 30
0.0
 11
51.5941
 21
6.96646
 31
0.0
  0
LINE
  5
1E49
  8
0
 10
51.5941
 20
6.96646
 30
0.0
 11
51.8209
 21
6.85919
 31
0.0
  0
LINE
  5
1E4A
  8
0
 10
51.8209
 20
6.85919
 30
0.0
 11
52.0361
 21
6.73021
 31
0.0
  0
LINE
  5
1E4B
  8
0
 10
52.0361
 20
6.73021
 30
0.0
 11
52.2376
 21
6.58078
 31
0.0
  0
LINE
  5
1E4C
  8
0
 10
52.2376
 20
6.58078
 30
0.0
 11
52.4235
 21
6.41229
 31
0.0
  0
LINE
  5
1E4D
  8
0
 10
52.4235
 20
6.41229
 30
0.0
 11
52.592
 21
6.22639
 31
0.0
  0
LINE
  5
1E4E
  8
0
 10
52.592
 20
6.22639
 30
0.0
 11
52.7415
 21
6.02487
 31
0.0
  0
LINE
  5
1E4F
  8
0
 10
52.7415
 20
6.02487
 30
0.0
 11
52.8705
 21
5.80969
 31
0.0
  0
LINE
  5
1E50
  8
0
 10
52.8705
 20
5.80969
 30
0.0
 11
52.9777
 21
5.5829
 31
0.0
  0
LINE
  5
1E51
  8
0
 10
52.9777
 20
5.5829
 30
0.0
 11
53.0622
 21
5.34668
 31
0.0
  0
LINE
  5
1E52
  8
0
 10
53.0622
 20
5.34668
 30
0.0
 11
53.1232
 21
5.1033
 31
0.0
  0
LINE
  5
1E53
  8
0
 10
53.1232
 20
5.1033
 30
0.0
 11
53.16
 21
4.85516
 31
0.0
  0
LINE
  5
1E54
  8
0
 10
53.16
 20
4.85516
 30
0.0
 11
53.1723
 21
4.60457
 31
0.0
  0
LINE
  5
1E55
  8
0
 10
53.1723
 20
4.60457
 30
0.0
 11
53.16
 21
4.35399
 31
0.0
  0
LINE
  5
1E56
  8
0
 10
53.16
 20
4.35399
 30
0.0
 11
53.1232
 21
4.10582
 31
0.0
  0
LINE
  5
1E57
  8
0
 10
53.1232
 20
4.10582
 30
0.0
 11
53.0622
 21
3.86246
 31
0.0
  0
LINE
  5
1E58
  8
0
 10
53.0622
 20
3.86246
 30
0.0
 11
52.9777
 21
3.62624
 31
0.0
  0
LINE
  5
1E59
  8
0
 10
52.9777
 20
3.62624
 30
0.0
 11
52.8705
 21
3.39943
 31
0.0
  0
LINE
  5
1E5A
  8
0
 10
52.8705
 20
3.39943
 30
0.0
 11
52.7415
 21
3.18427
 31
0.0
  0
LINE
  5
1E5B
  8
0
 10
52.7415
 20
3.18427
 30
0.0
 11
52.592
 21
2.98274
 31
0.0
  0
LINE
  5
1E5C
  8
0
 10
52.592
 20
2.98274
 30
0.0
 11
52.4235
 21
2.79684
 31
0.0
  0
LINE
  5
1E5D
  8
0
 10
52.4235
 20
2.79684
 30
0.0
 11
52.2376
 21
2.62836
 31
0.0
  0
LINE
  5
1E5E
  8
0
 10
52.2376
 20
2.62836
 30
0.0
 11
52.0361
 21
2.47893
 31
0.0
  0
LINE
  5
1E5F
  8
0
 10
52.0361
 20
2.47893
 30
0.0
 11
51.821
 21
2.34993
 31
0.0
  0
LINE
  5
1E60
  8
0
 10
51.821
 20
2.34993
 30
0.0
 11
51.5941
 21
2.24269
 31
0.0
  0
LINE
  5
1E61
  8
0
 10
51.5941
 20
2.24269
 30
0.0
 11
51.3579
 21
2.15816
 31
0.0
  0
LINE
  5
1E62
  8
0
 10
51.3579
 20
2.15816
 30
0.0
 11
51.1146
 21
2.0972
 31
0.0
  0
LINE
  5
1E63
  8
0
 10
51.1146
 20
2.0972
 30
0.0
 11
50.8664
 21
2.06039
 31
0.0
  0
LINE
  5
1E64
  8
0
 10
50.8664
 20
2.06039
 30
0.0
 11
50.6158
 21
2.04808
 31
0.0
  0
LINE
  5
1E65
  8
0
 10
50.6158
 20
2.04808
 30
0.0
 11
50.3652
 21
2.06039
 31
0.0
  0
LINE
  5
1E66
  8
0
 10
52.062
 20
4.60457
 30
0.0
 11
50.6158
 21
6.05074
 31
0.0
  0
LINE
  5
1E67
  8
0
 10
50.6158
 20
6.05074
 30
0.0
 11
49.1696
 21
4.60457
 31
0.0
  0
LINE
  5
1E68
  8
0
 10
49.1696
 20
4.60457
 30
0.0
 11
50.6158
 21
3.15839
 31
0.0
  0
LINE
  5
1E69
  8
0
 10
50.6158
 20
3.15839
 30
0.0
 11
52.062
 21
4.60457
 31
0.0
  0
LINE
  5
1E6A
  8
0
 10
13.5516
 20
2.06039
 30
0.0
 11
13.3035
 21
2.0972
 31
0.0
  0
LINE
  5
1E6B
  8
0
 10
13.3035
 20
2.0972
 30
0.0
 11
13.0601
 21
2.15816
 31
0.0
  0
LINE
  5
1E6C
  8
0
 10
13.0601
 20
2.15816
 30
0.0
 11
12.8239
 21
2.24269
 31
0.0
  0
LINE
  5
1E6D
  8
0
 10
12.8239
 20
2.24269
 30
0.0
 11
12.5971
 21
2.34993
 31
0.0
  0
LINE
  5
1E6E
  8
0
 10
12.5971
 20
2.34993
 30
0.0
 11
12.3819
 21
2.47893
 31
0.0
  0
LINE
  5
1E6F
  8
0
 10
12.3819
 20
2.47893
 30
0.0
 11
12.1804
 21
2.62836
 31
0.0
  0
LINE
  5
1E70
  8
0
 10
12.1804
 20
2.62836
 30
0.0
 11
11.9945
 21
2.79684
 31
0.0
  0
LINE
  5
1E71
  8
0
 10
11.9945
 20
2.79684
 30
0.0
 11
11.826
 21
2.98276
 31
0.0
  0
LINE
  5
1E72
  8
0
 10
11.826
 20
2.98276
 30
0.0
 11
11.6766
 21
3.18427
 31
0.0
  0
LINE
  5
1E73
  8
0
 10
11.6766
 20
3.18427
 30
0.0
 11
11.5476
 21
3.39944
 31
0.0
  0
LINE
  5
1E74
  8
0
 10
11.5476
 20
3.39944
 30
0.0
 11
11.4403
 21
3.62625
 31
0.0
  0
LINE
  5
1E75
  8
0
 10
11.4403
 20
3.62625
 30
0.0
 11
11.3558
 21
3.86247
 31
0.0
  0
LINE
  5
1E76
  8
0
 10
11.3558
 20
3.86247
 30
0.0
 11
11.2949
 21
4.10582
 31
0.0
  0
LINE
  5
1E77
  8
0
 10
11.2949
 20
4.10582
 30
0.0
 11
11.258
 21
4.354
 31
0.0
  0
LINE
  5
1E78
  8
0
 10
11.258
 20
4.354
 30
0.0
 11
11.2457
 21
4.60458
 31
0.0
  0
LINE
  5
1E79
  8
0
 10
11.2457
 20
4.60458
 30
0.0
 11
11.258
 21
4.85518
 31
0.0
  0
LINE
  5
1E7A
  8
0
 10
11.258
 20
4.85518
 30
0.0
 11
11.2948
 21
5.10333
 31
0.0
  0
LINE
  5
1E7B
  8
0
 10
11.2948
 20
5.10333
 30
0.0
 11
11.3558
 21
5.34669
 31
0.0
  0
LINE
  5
1E7C
  8
0
 10
11.3558
 20
5.34669
 30
0.0
 11
11.4403
 21
5.58292
 31
0.0
  0
LINE
  5
1E7D
  8
0
 10
11.4403
 20
5.58292
 30
0.0
 11
11.5015
 21
5.71222
 31
0.0
  0
LINE
  5
1E7E
  8
0
 10
11.5015
 20
5.71222
 30
0.0
 11
10.6763
 21
6.53738
 31
0.0
  0
LINE
  5
1E7F
  8
0
 10
10.6763
 20
6.53738
 30
0.0
 11
11.8694
 21
7.73047
 31
0.0
  0
LINE
  5
1E80
  8
0
 10
11.8694
 20
7.73047
 30
0.0
 11
12.6946
 21
6.9053
 31
0.0
  0
LINE
  5
1E81
  8
0
 10
12.6946
 20
6.9053
 30
0.0
 11
12.8239
 21
6.96646
 31
0.0
  0
LINE
  5
1E82
  8
0
 10
12.8239
 20
6.96646
 30
0.0
 11
13.0601
 21
7.05098
 31
0.0
  0
LINE
  5
1E83
  8
0
 10
13.0601
 20
7.05098
 30
0.0
 11
13.3035
 21
7.11194
 31
0.0
  0
LINE
  5
1E84
  8
0
 10
13.3035
 20
7.11194
 30
0.0
 11
13.5516
 21
7.14876
 31
0.0
  0
LINE
  5
1E85
  8
0
 10
13.5516
 20
7.14876
 30
0.0
 11
13.8022
 21
7.16106
 31
0.0
  0
LINE
  5
1E86
  8
0
 10
13.8022
 20
7.16106
 30
0.0
 11
14.0528
 21
7.14877
 31
0.0
  0
LINE
  5
1E87
  8
0
 10
14.0528
 20
7.14877
 30
0.0
 11
14.301
 21
7.11192
 31
0.0
  0
LINE
  5
1E88
  8
0
 10
14.301
 20
7.11192
 30
0.0
 11
14.5443
 21
7.05098
 31
0.0
  0
LINE
  5
1E89
  8
0
 10
14.5443
 20
7.05098
 30
0.0
 11
14.7805
 21
6.96646
 31
0.0
  0
LINE
  5
1E8A
  8
0
 10
14.7805
 20
6.96646
 30
0.0
 11
15.0073
 21
6.85919
 31
0.0
  0
LINE
  5
1E8B
  8
0
 10
15.0073
 20
6.85919
 30
0.0
 11
15.2225
 21
6.73021
 31
0.0
  0
LINE
  5
1E8C
  8
0
 10
15.2225
 20
6.73021
 30
0.0
 11
15.424
 21
6.58078
 31
0.0
  0
LINE
  5
1E8D
  8
0
 10
15.424
 20
6.58078
 30
0.0
 11
15.6099
 21
6.41229
 31
0.0
  0
LINE
  5
1E8E
  8
0
 10
15.6099
 20
6.41229
 30
0.0
 11
15.7784
 21
6.22639
 31
0.0
  0
LINE
  5
1E8F
  8
0
 10
15.7784
 20
6.22639
 30
0.0
 11
15.9279
 21
6.02487
 31
0.0
  0
LINE
  5
1E90
  8
0
 10
15.9279
 20
6.02487
 30
0.0
 11
16.0569
 21
5.80969
 31
0.0
  0
LINE
  5
1E91
  8
0
 10
16.0569
 20
5.80969
 30
0.0
 11
16.1641
 21
5.5829
 31
0.0
  0
LINE
  5
1E92
  8
0
 10
16.1641
 20
5.5829
 30
0.0
 11
16.2486
 21
5.34668
 31
0.0
  0
LINE
  5
1E93
  8
0
 10
16.2486
 20
5.34668
 30
0.0
 11
16.3096
 21
5.1033
 31
0.0
  0
LINE
  5
1E94
  8
0
 10
16.3096
 20
5.1033
 30
0.0
 11
16.3464
 21
4.85516
 31
0.0
  0
LINE
  5
1E95
  8
0
 10
16.3464
 20
4.85516
 30
0.0
 11
16.3587
 21
4.60457
 31
0.0
  0
LINE
  5
1E96
  8
0
 10
16.3587
 20
4.60457
 30
0.0
 11
16.3464
 21
4.35399
 31
0.0
  0
LINE
  5
1E97
  8
0
 10
16.3464
 20
4.35399
 30
0.0
 11
16.3096
 21
4.10582
 31
0.0
  0
LINE
  5
1E98
  8
0
 10
16.3096
 20
4.10582
 30
0.0
 11
16.2486
 21
3.86246
 31
0.0
  0
LINE
  5
1E99
  8
0
 10
16.2486
 20
3.86246
 30
0.0
 11
16.1641
 21
3.62624
 31
0.0
  0
LINE
  5
1E9A
  8
0
 10
16.1641
 20
3.62624
 30
0.0
 11
16.0569
 21
3.39943
 31
0.0
  0
LINE
  5
1E9B
  8
0
 10
16.0569
 20
3.39943
 30
0.0
 11
15.9279
 21
3.18427
 31
0.0
  0
LINE
  5
1E9C
  8
0
 10
15.9279
 20
3.18427
 30
0.0
 11
15.7784
 21
2.98274
 31
0.0
  0
LINE
  5
1E9D
  8
0
 10
15.7784
 20
2.98274
 30
0.0
 11
15.6099
 21
2.79684
 31
0.0
  0
LINE
  5
1E9E
  8
0
 10
15.6099
 20
2.79684
 30
0.0
 11
15.424
 21
2.62836
 31
0.0
  0
LINE
  5
1E9F
  8
0
 10
15.424
 20
2.62836
 30
0.0
 11
15.2225
 21
2.47893
 31
0.0
  0
LINE
  5
1EA0
  8
0
 10
15.2225
 20
2.47893
 30
0.0
 11
15.0074
 21
2.34993
 31
0.0
  0
LINE
  5
1EA1
  8
0
 10
15.0074
 20
2.34993
 30
0.0
 11
14.7805
 21
2.24269
 31
0.0
  0
LINE
  5
1EA2
  8
0
 10
14.7805
 20
2.24269
 30
0.0
 11
14.5443
 21
2.15816
 31
0.0
  0
LINE
  5
1EA3
  8
0
 10
14.5443
 20
2.15816
 30
0.0
 11
14.301
 21
2.0972
 31
0.0
  0
LINE
  5
1EA4
  8
0
 10
14.301
 20
2.0972
 30
0.0
 11
14.0528
 21
2.06039
 31
0.0
  0
LINE
  5
1EA5
  8
0
 10
14.0528
 20
2.06039
 30
0.0
 11
13.8022
 21
2.04808
 31
0.0
  0
LINE
  5
1EA6
  8
0
 10
13.8022
 20
2.04808
 30
0.0
 11
13.5516
 21
2.06039
 31
0.0
  0
LINE
  5
1EA7
  8
0
 10
15.2484
 20
4.60457
 30
0.0
 11
13.8022
 21
6.05074
 31
0.0
  0
LINE
  5
1EA8
  8
0
 10
13.8022
 20
6.05074
 30
0.0
 11
12.356
 21
4.60457
 31
0.0
  0
LINE
  5
1EA9
  8
0
 10
12.356
 20
4.60457
 30
0.0
 11
13.8022
 21
3.15839
 31
0.0
  0
LINE
  5
1EAA
  8
0
 10
13.8022
 20
3.15839
 30
0.0
 11
15.2484
 21
4.60457
 31
0.0
  0
LINE
  5
1EAB
  8
0
 10
68.772
 20
2.06039
 30
0.0
 11
68.5239
 21
2.0972
 31
0.0
  0
LINE
  5
1EAC
  8
0
 10
68.5239
 20
2.0972
 30
0.0
 11
68.2805
 21
2.15816
 31
0.0
  0
LINE
  5
1EAD
  8
0
 10
68.2805
 20
2.15816
 30
0.0
 11
68.0443
 21
2.24269
 31
0.0
  0
LINE
  5
1EAE
  8
0
 10
68.0443
 20
2.24269
 30
0.0
 11
67.8175
 21
2.34993
 31
0.0
  0
LINE
  5
1EAF
  8
0
 10
67.8175
 20
2.34993
 30
0.0
 11
67.6023
 21
2.47893
 31
0.0
  0
LINE
  5
1EB0
  8
0
 10
67.6023
 20
2.47893
 30
0.0
 11
67.4008
 21
2.62836
 31
0.0
  0
LINE
  5
1EB1
  8
0
 10
67.4008
 20
2.62836
 30
0.0
 11
67.2149
 21
2.79684
 31
0.0
  0
LINE
  5
1EB2
  8
0
 10
67.2149
 20
2.79684
 30
0.0
 11
67.0464
 21
2.98276
 31
0.0
  0
LINE
  5
1EB3
  8
0
 10
67.0464
 20
2.98276
 30
0.0
 11
66.897
 21
3.18427
 31
0.0
  0
LINE
  5
1EB4
  8
0
 10
66.897
 20
3.18427
 30
0.0
 11
66.768
 21
3.39944
 31
0.0
  0
LINE
  5
1EB5
  8
0
 10
66.768
 20
3.39944
 30
0.0
 11
66.6607
 21
3.62625
 31
0.0
  0
LINE
  5
1EB6
  8
0
 10
66.6607
 20
3.62625
 30
0.0
 11
66.5762
 21
3.86247
 31
0.0
  0
LINE
  5
1EB7
  8
0
 10
66.5762
 20
3.86247
 30
0.0
 11
66.5153
 21
4.10582
 31
0.0
  0
LINE
  5
1EB8
  8
0
 10
66.5153
 20
4.10582
 30
0.0
 11
66.4784
 21
4.354
 31
0.0
  0
LINE
  5
1EB9
  8
0
 10
66.4784
 20
4.354
 30
0.0
 11
66.4661
 21
4.60458
 31
0.0
  0
LINE
  5
1EBA
  8
0
 10
66.4661
 20
4.60458
 30
0.0
 11
66.4784
 21
4.85518
 31
0.0
  0
LINE
  5
1EBB
  8
0
 10
66.4784
 20
4.85518
 30
0.0
 11
66.5152
 21
5.10333
 31
0.0
  0
LINE
  5
1EBC
  8
0
 10
66.5152
 20
5.10333
 30
0.0
 11
66.5762
 21
5.34669
 31
0.0
  0
LINE
  5
1EBD
  8
0
 10
66.5762
 20
5.34669
 30
0.0
 11
66.6607
 21
5.58292
 31
0.0
  0
LINE
  5
1EBE
  8
0
 10
66.6607
 20
5.58292
 30
0.0
 11
66.7219
 21
5.71222
 31
0.0
  0
LINE
  5
1EBF
  8
0
 10
66.7219
 20
5.71222
 30
0.0
 11
65.8967
 21
6.53738
 31
0.0
  0
LINE
  5
1EC0
  8
0
 10
65.8967
 20
6.53738
 30
0.0
 11
67.0898
 21
7.73047
 31
0.0
  0
LINE
  5
1EC1
  8
0
 10
67.0898
 20
7.73047
 30
0.0
 11
67.915
 21
6.9053
 31
0.0
  0
LINE
  5
1EC2
  8
0
 10
67.915
 20
6.9053
 30
0.0
 11
68.0443
 21
6.96646
 31
0.0
  0
LINE
  5
1EC3
  8
0
 10
68.0443
 20
6.96646
 30
0.0
 11
68.2805
 21
7.05098
 31
0.0
  0
LINE
  5
1EC4
  8
0
 10
68.2805
 20
7.05098
 30
0.0
 11
68.5238
 21
7.11194
 31
0.0
  0
LINE
  5
1EC5
  8
0
 10
68.5238
 20
7.11194
 30
0.0
 11
68.772
 21
7.14876
 31
0.0
  0
LINE
  5
1EC6
  8
0
 10
68.772
 20
7.14876
 30
0.0
 11
69.0226
 21
7.16106
 31
0.0
  0
LINE
  5
1EC7
  8
0
 10
69.0226
 20
7.16106
 30
0.0
 11
69.2732
 21
7.14877
 31
0.0
  0
LINE
  5
1EC8
  8
0
 10
69.2732
 20
7.14877
 30
0.0
 11
69.5214
 21
7.11192
 31
0.0
  0
LINE
  5
1EC9
  8
0
 10
69.5214
 20
7.11192
 30
0.0
 11
69.7647
 21
7.05098
 31
0.0
  0
LINE
  5
1ECA
  8
0
 10
69.7647
 20
7.05098
 30
0.0
 11
70.0009
 21
6.96646
 31
0.0
  0
LINE
  5
1ECB
  8
0
 10
70.0009
 20
6.96646
 30
0.0
 11
70.2277
 21
6.85919
 31
0.0
  0
LINE
  5
1ECC
  8
0
 10
70.2277
 20
6.85919
 30
0.0
 11
70.4429
 21
6.73021
 31
0.0
  0
LINE
  5
1ECD
  8
0
 10
70.4429
 20
6.73021
 30
0.0
 11
70.6444
 21
6.58078
 31
0.0
  0
LINE
  5
1ECE
  8
0
 10
70.6444
 20
6.58078
 30
0.0
 11
70.8303
 21
6.41229
 31
0.0
  0
LINE
  5
1ECF
  8
0
 10
70.8303
 20
6.41229
 30
0.0
 11
70.9988
 21
6.22639
 31
0.0
  0
LINE
  5
1ED0
  8
0
 10
70.9988
 20
6.22639
 30
0.0
 11
71.1483
 21
6.02487
 31
0.0
  0
LINE
  5
1ED1
  8
0
 10
71.1483
 20
6.02487
 30
0.0
 11
71.2773
 21
5.80969
 31
0.0
  0
LINE
  5
1ED2
  8
0
 10
71.2773
 20
5.80969
 30
0.0
 11
71.3845
 21
5.5829
 31
0.0
  0
LINE
  5
1ED3
  8
0
 10
71.3845
 20
5.5829
 30
0.0
 11
71.469
 21
5.34668
 31
0.0
  0
LINE
  5
1ED4
  8
0
 10
71.469
 20
5.34668
 30
0.0
 11
71.53
 21
5.1033
 31
0.0
  0
LINE
  5
1ED5
  8
0
 10
71.53
 20
5.1033
 30
0.0
 11
71.5668
 21
4.85516
 31
0.0
  0
LINE
  5
1ED6
  8
0
 10
71.5668
 20
4.85516
 30
0.0
 11
71.5791
 21
4.60457
 31
0.0
  0
LINE
  5
1ED7
  8
0
 10
71.5791
 20
4.60457
 30
0.0
 11
71.5668
 21
4.35399
 31
0.0
  0
LINE
  5
1ED8
  8
0
 10
71.5668
 20
4.35399
 30
0.0
 11
71.53
 21
4.10582
 31
0.0
  0
LINE
  5
1ED9
  8
0
 10
71.53
 20
4.10582
 30
0.0
 11
71.469
 21
3.86246
 31
0.0
  0
LINE
  5
1EDA
  8
0
 10
71.469
 20
3.86246
 30
0.0
 11
71.3845
 21
3.62624
 31
0.0
  0
LINE
  5
1EDB
  8
0
 10
71.3845
 20
3.62624
 30
0.0
 11
71.2773
 21
3.39943
 31
0.0
  0
LINE
  5
1EDC
  8
0
 10
71.2773
 20
3.39943
 30
0.0
 11
71.1483
 21
3.18427
 31
0.0
  0
LINE
  5
1EDD
  8
0
 10
71.1483
 20
3.18427
 30
0.0
 11
70.9988
 21
2.98274
 31
0.0
  0
LINE
  5
1EDE
  8
0
 10
70.9988
 20
2.98274
 30
0.0
 11
70.8303
 21
2.79684
 31
0.0
  0
LINE
  5
1EDF
  8
0
 10
70.8303
 20
2.79684
 30
0.0
 11
70.6445
 21
2.62836
 31
0.0
  0
LINE
  5
1EE0
  8
0
 10
70.6445
 20
2.62836
 30
0.0
 11
70.4429
 21
2.47893
 31
0.0
  0
LINE
  5
1EE1
  8
0
 10
70.4429
 20
2.47893
 30
0.0
 11
70.2278
 21
2.34993
 31
0.0
  0
LINE
  5
1EE2
  8
0
 10
70.2278
 20
2.34993
 30
0.0
 11
70.001
 21
2.24269
 31
0.0
  0
LINE
  5
1EE3
  8
0
 10
70.001
 20
2.24269
 30
0.0
 11
69.7647
 21
2.15816
 31
0.0
  0
LINE
  5
1EE4
  8
0
 10
69.7647
 20
2.15816
 30
0.0
 11
69.5214
 21
2.0972
 31
0.0
  0
LINE
  5
1EE5
  8
0
 10
69.5214
 20
2.0972
 30
0.0
 11
69.2732
 21
2.06039
 31
0.0
  0
LINE
  5
1EE6
  8
0
 10
69.2732
 20
2.06039
 30
0.0
 11
69.0226
 21
2.04808
 31
0.0
  0
LINE
  5
1EE7
  8
0
 10
69.0226
 20
2.04808
 30
0.0
 11
68.772
 21
2.06039
 31
0.0
  0
LINE
  5
1EE8
  8
0
 10
70.4688
 20
4.60457
 30
0.0
 11
69.0226
 21
6.05074
 31
0.0
  0
LINE
  5
1EE9
  8
0
 10
69.0226
 20
6.05074
 30
0.0
 11
67.5764
 21
4.60457
 31
0.0
  0
LINE
  5
1EEA
  8
0
 10
67.5764
 20
4.60457
 30
0.0
 11
69.0226
 21
3.15839
 31
0.0
  0
LINE
  5
1EEB
  8
0
 10
69.0226
 20
3.15839
 30
0.0
 11
70.4688
 21
4.60457
 31
0.0
  0
LINE
  5
1EEC
  8
0
 10
77.9812
 20
2.06039
 30
0.0
 11
77.733
 21
2.0972
 31
0.0
  0
LINE
  5
1EED
  8
0
 10
77.733
 20
2.0972
 30
0.0
 11
77.4897
 21
2.15816
 31
0.0
  0
LINE
  5
1EEE
  8
0
 10
77.4897
 20
2.15816
 30
0.0
 11
77.2534
 21
2.24269
 31
0.0
  0
LINE
  5
1EEF
  8
0
 10
77.2534
 20
2.24269
 30
0.0
 11
77.0266
 21
2.34993
 31
0.0
  0
LINE
  5
1EF0
  8
0
 10
77.0266
 20
2.34993
 30
0.0
 11
76.8115
 21
2.47893
 31
0.0
  0
LINE
  5
1EF1
  8
0
 10
76.8115
 20
2.47893
 30
0.0
 11
76.6099
 21
2.62836
 31
0.0
  0
LINE
  5
1EF2
  8
0
 10
76.6099
 20
2.62836
 30
0.0
 11
76.4241
 21
2.79684
 31
0.0
  0
LINE
  5
1EF3
  8
0
 10
76.4241
 20
2.79684
 30
0.0
 11
76.2556
 21
2.98274
 31
0.0
  0
LINE
  5
1EF4
  8
0
 10
76.2556
 20
2.98274
 30
0.0
 11
76.1061
 21
3.18427
 31
0.0
  0
LINE
  5
1EF5
  8
0
 10
76.1061
 20
3.18427
 30
0.0
 11
75.9771
 21
3.39943
 31
0.0
  0
LINE
  5
1EF6
  8
0
 10
75.9771
 20
3.39943
 30
0.0
 11
75.8699
 21
3.62624
 31
0.0
  0
LINE
  5
1EF7
  8
0
 10
75.8699
 20
3.62624
 30
0.0
 11
75.7854
 21
3.86246
 31
0.0
  0
LINE
  5
1EF8
  8
0
 10
75.7854
 20
3.86246
 30
0.0
 11
75.7244
 21
4.10582
 31
0.0
  0
LINE
  5
1EF9
  8
0
 10
75.7244
 20
4.10582
 30
0.0
 11
75.6876
 21
4.35399
 31
0.0
  0
LINE
  5
1EFA
  8
0
 10
75.6876
 20
4.35399
 30
0.0
 11
75.6753
 21
4.60457
 31
0.0
  0
LINE
  5
1EFB
  8
0
 10
75.6753
 20
4.60457
 30
0.0
 11
75.6876
 21
4.85516
 31
0.0
  0
LINE
  5
1EFC
  8
0
 10
75.6876
 20
4.85516
 30
0.0
 11
75.7244
 21
5.1033
 31
0.0
  0
LINE
  5
1EFD
  8
0
 10
75.7244
 20
5.1033
 30
0.0
 11
75.7854
 21
5.34668
 31
0.0
  0
LINE
  5
1EFE
  8
0
 10
75.7854
 20
5.34668
 30
0.0
 11
75.8699
 21
5.5829
 31
0.0
  0
LINE
  5
1EFF
  8
0
 10
75.8699
 20
5.5829
 30
0.0
 11
75.9771
 21
5.80969
 31
0.0
  0
LINE
  5
1F00
  8
0
 10
75.9771
 20
5.80969
 30
0.0
 11
76.1061
 21
6.02487
 31
0.0
  0
LINE
  5
1F01
  8
0
 10
76.1061
 20
6.02487
 30
0.0
 11
76.2556
 21
6.22639
 31
0.0
  0
LINE
  5
1F02
  8
0
 10
76.2556
 20
6.22639
 30
0.0
 11
76.4241
 21
6.41229
 31
0.0
  0
LINE
  5
1F03
  8
0
 10
76.4241
 20
6.41229
 30
0.0
 11
76.61
 21
6.58078
 31
0.0
  0
LINE
  5
1F04
  8
0
 10
76.61
 20
6.58078
 30
0.0
 11
76.8115
 21
6.73021
 31
0.0
  0
LINE
  5
1F05
  8
0
 10
76.8115
 20
6.73021
 30
0.0
 11
77.0266
 21
6.85919
 31
0.0
  0
LINE
  5
1F06
  8
0
 10
77.0266
 20
6.85919
 30
0.0
 11
77.2534
 21
6.96646
 31
0.0
  0
LINE
  5
1F07
  8
0
 10
77.2534
 20
6.96646
 30
0.0
 11
77.4897
 21
7.05098
 31
0.0
  0
LINE
  5
1F08
  8
0
 10
77.4897
 20
7.05098
 30
0.0
 11
77.733
 21
7.11192
 31
0.0
  0
LINE
  5
1F09
  8
0
 10
77.733
 20
7.11192
 30
0.0
 11
77.9812
 21
7.14877
 31
0.0
  0
LINE
  5
1F0A
  8
0
 10
77.9812
 20
7.14877
 30
0.0
 11
78.2318
 21
7.16106
 31
0.0
  0
LINE
  5
1F0B
  8
0
 10
78.2318
 20
7.16106
 30
0.0
 11
78.4824
 21
7.14876
 31
0.0
  0
LINE
  5
1F0C
  8
0
 10
78.4824
 20
7.14876
 30
0.0
 11
78.7305
 21
7.11194
 31
0.0
  0
LINE
  5
1F0D
  8
0
 10
78.7305
 20
7.11194
 30
0.0
 11
78.9739
 21
7.05098
 31
0.0
  0
LINE
  5
1F0E
  8
0
 10
78.9739
 20
7.05098
 30
0.0
 11
79.2101
 21
6.96646
 31
0.0
  0
LINE
  5
1F0F
  8
0
 10
79.2101
 20
6.96646
 30
0.0
 11
79.3394
 21
6.9053
 31
0.0
  0
LINE
  5
1F10
  8
0
 10
79.3394
 20
6.9053
 30
0.0
 11
80.1646
 21
7.73047
 31
0.0
  0
LINE
  5
1F11
  8
0
 10
80.1646
 20
7.73047
 30
0.0
 11
81.3577
 21
6.53738
 31
0.0
  0
LINE
  5
1F12
  8
0
 10
81.3577
 20
6.53738
 30
0.0
 11
80.5325
 21
5.71222
 31
0.0
  0
LINE
  5
1F13
  8
0
 10
80.5325
 20
5.71222
 30
0.0
 11
80.5937
 21
5.58292
 31
0.0
  0
LINE
  5
1F14
  8
0
 10
80.5937
 20
5.58292
 30
0.0
 11
80.6782
 21
5.34669
 31
0.0
  0
LINE
  5
1F15
  8
0
 10
80.6782
 20
5.34669
 30
0.0
 11
80.7391
 21
5.10333
 31
0.0
  0
LINE
  5
1F16
  8
0
 10
80.7391
 20
5.10333
 30
0.0
 11
80.776
 21
4.85518
 31
0.0
  0
LINE
  5
1F17
  8
0
 10
80.776
 20
4.85518
 30
0.0
 11
80.7883
 21
4.60458
 31
0.0
  0
LINE
  5
1F18
  8
0
 10
80.7883
 20
4.60458
 30
0.0
 11
80.776
 21
4.354
 31
0.0
  0
LINE
  5
1F19
  8
0
 10
80.776
 20
4.354
 30
0.0
 11
80.7391
 21
4.10582
 31
0.0
  0
LINE
  5
1F1A
  8
0
 10
80.7391
 20
4.10582
 30
0.0
 11
80.6782
 21
3.86247
 31
0.0
  0
LINE
  5
1F1B
  8
0
 10
80.6782
 20
3.86247
 30
0.0
 11
80.5937
 21
3.62625
 31
0.0
  0
LINE
  5
1F1C
  8
0
 10
80.5937
 20
3.62625
 30
0.0
 11
80.4864
 21
3.39944
 31
0.0
  0
LINE
  5
1F1D
  8
0
 10
80.4864
 20
3.39944
 30
0.0
 11
80.3574
 21
3.18427
 31
0.0
  0
LINE
  5
1F1E
  8
0
 10
80.3574
 20
3.18427
 30
0.0
 11
80.208
 21
2.98276
 31
0.0
  0
LINE
  5
1F1F
  8
0
 10
80.208
 20
2.98276
 30
0.0
 11
80.0395
 21
2.79684
 31
0.0
  0
LINE
  5
1F20
  8
0
 10
80.0395
 20
2.79684
 30
0.0
 11
79.8536
 21
2.62836
 31
0.0
  0
LINE
  5
1F21
  8
0
 10
79.8536
 20
2.62836
 30
0.0
 11
79.6521
 21
2.47893
 31
0.0
  0
LINE
  5
1F22
  8
0
 10
79.6521
 20
2.47893
 30
0.0
 11
79.4369
 21
2.34993
 31
0.0
  0
LINE
  5
1F23
  8
0
 10
79.4369
 20
2.34993
 30
0.0
 11
79.2101
 21
2.24269
 31
0.0
  0
LINE
  5
1F24
  8
0
 10
79.2101
 20
2.24269
 30
0.0
 11
78.9739
 21
2.15816
 31
0.0
  0
LINE
  5
1F25
  8
0
 10
78.9739
 20
2.15816
 30
0.0
 11
78.7305
 21
2.0972
 31
0.0
  0
LINE
  5
1F26
  8
0
 10
78.7305
 20
2.0972
 30
0.0
 11
78.4824
 21
2.06039
 31
0.0
  0
LINE
  5
1F27
  8
0
 10
78.4824
 20
2.06039
 30
0.0
 11
78.2318
 21
2.04808
 31
0.0
  0
LINE
  5
1F28
  8
0
 10
78.2318
 20
2.04808
 30
0.0
 11
77.9812
 21
2.06039
 31
0.0
  0
LINE
  5
1F29
  8
0
 10
79.6779
 20
4.60457
 30
0.0
 11
78.2318
 21
6.05074
 31
0.0
  0
LINE
  5
1F2A
  8
0
 10
78.2318
 20
6.05074
 30
0.0
 11
76.7856
 21
4.60457
 31
0.0
  0
LINE
  5
1F2B
  8
0
 10
76.7856
 20
4.60457
 30
0.0
 11
78.2318
 21
3.15839
 31
0.0
  0
LINE
  5
1F2C
  8
0
 10
78.2318
 20
3.15839
 30
0.0
 11
79.6779
 21
4.60457
 31
0.0
  0
LINE
  5
1F2D
  8
0
 10
54.3256
 20
-6.83862
 30
0.0
 11
54.3256
 21
-6.77472
 31
0.0
  0
LINE
  5
1F2E
  8
0
 10
54.3256
 20
-6.77472
 30
0.0
 11
55.0926
 21
-6.77472
 31
0.0
  0
LINE
  5
1F2F
  8
0
 10
55.0926
 20
-6.77472
 30
0.0
 11
55.0926
 21
-6.00777
 31
0.0
  0
LINE
  5
1F30
  8
0
 10
55.0926
 20
-6.00777
 30
0.0
 11
55.1565
 21
-6.00777
 31
0.0
  0
LINE
  5
1F31
  8
0
 10
55.1565
 20
-6.00777
 30
0.0
 11
55.1565
 21
-6.83862
 31
0.0
  0
LINE
  5
1F32
  8
0
 10
55.1565
 20
-6.83862
 30
0.0
 11
54.3256
 21
-6.83862
 31
0.0
  0
LINE
  5
1F33
  8
0
 10
55.2843
 20
-6.83862
 30
0.0
 11
55.2843
 21
-6.00777
 31
0.0
  0
LINE
  5
1F34
  8
0
 10
55.2843
 20
-6.00777
 30
0.0
 11
55.3482
 21
-6.00777
 31
0.0
  0
LINE
  5
1F35
  8
0
 10
55.3482
 20
-6.00777
 30
0.0
 11
55.3482
 21
-6.77472
 31
0.0
  0
LINE
  5
1F36
  8
0
 10
55.3482
 20
-6.77472
 30
0.0
 11
56.1152
 21
-6.77472
 31
0.0
  0
LINE
  5
1F37
  8
0
 10
56.1152
 20
-6.77472
 30
0.0
 11
56.1152
 21
-6.83862
 31
0.0
  0
LINE
  5
1F38
  8
0
 10
56.1152
 20
-6.83862
 30
0.0
 11
55.2843
 21
-6.83862
 31
0.0
  0
LINE
  5
1F39
  8
0
 10
55.2843
 20
-7.79732
 30
0.0
 11
55.2843
 21
-6.96646
 31
0.0
  0
LINE
  5
1F3A
  8
0
 10
55.2843
 20
-6.96646
 30
0.0
 11
56.1152
 21
-6.96646
 31
0.0
  0
LINE
  5
1F3B
  8
0
 10
56.1152
 20
-6.96646
 30
0.0
 11
56.1152
 21
-7.03036
 31
0.0
  0
LINE
  5
1F3C
  8
0
 10
56.1152
 20
-7.03036
 30
0.0
 11
55.3482
 21
-7.03036
 31
0.0
  0
LINE
  5
1F3D
  8
0
 10
55.3482
 20
-7.03036
 30
0.0
 11
55.3482
 21
-7.79732
 31
0.0
  0
LINE
  5
1F3E
  8
0
 10
55.3482
 20
-7.79732
 30
0.0
 11
55.2843
 21
-7.79732
 31
0.0
  0
LINE
  5
1F3F
  8
0
 10
55.0926
 20
-7.79732
 30
0.0
 11
55.0926
 21
-7.03036
 31
0.0
  0
LINE
  5
1F40
  8
0
 10
55.0926
 20
-7.03036
 30
0.0
 11
54.3256
 21
-7.03036
 31
0.0
  0
LINE
  5
1F41
  8
0
 10
54.3256
 20
-7.03036
 30
0.0
 11
54.3256
 21
-6.96646
 31
0.0
  0
LINE
  5
1F42
  8
0
 10
54.3256
 20
-6.96646
 30
0.0
 11
55.1565
 21
-6.96646
 31
0.0
  0
LINE
  5
1F43
  8
0
 10
55.1565
 20
-6.96646
 30
0.0
 11
55.1565
 21
-7.79732
 31
0.0
  0
LINE
  5
1F44
  8
0
 10
55.1565
 20
-7.79732
 30
0.0
 11
55.0926
 21
-7.79732
 31
0.0
  0
ENDSEC
  0
EOF
